43  210  0000  0.566  0.540   -65  -174  -0.03654  0.28317  7  70
43  248  0001  0.530  0.540  -173  -174  -0.03654  0.28317  7  70
43  210  0002  0.518  0.540   158  -174  -0.03654  0.28317  7  70
43  210  0003  0.606  0.540   -12  -174  -0.03654  0.28317  7  70
43  210  0004  0.558  0.540    -2  -174  -0.03654  0.28317  7  71
43  210  0005  0.562  0.540   157  -174  -0.03654  0.28317  7  71
43  210  0006  0.560  0.540   -30  -174  -0.03654  0.28317  7  70
43  208  0007  0.624  0.540   -42  -174  -0.03654  0.28317  7  70
43  211  0008  0.514  0.540    30  -174  -0.03654  0.28317  7  70
43  210  0009  0.536  0.540    39  -174  -0.03654  0.28317  7  70
43  210  0010  0.550  0.540    21  -174  -0.03654  0.28317  7  71
43  207  0011  0.576  0.540  -121  -174  -0.03654  0.28317  7  70
43  208  0012  0.567  0.540    28  -174  -0.03654  0.28317  7  70
43  210  0013  0.541  0.540  -107  -174  -0.03654  0.28317  7  70
43  208  0014  0.565  0.540    48  -174  -0.03654  0.28317  7  70
43  208  0015  0.597  0.540   -50  -174  -0.03654  0.28317  7  70
43  210  0016  0.571  0.540   -40  -174  -0.03654  0.28317  7  70
43  208  0017  0.536  0.540  -127  -174  -0.03654  0.28317  7  70
43  209  0018  0.528  0.540   -61  -174  -0.03654  0.28317  6  70
43  227  0019  0.592  0.551  -176  -174  -0.03654  0.28917  7  70
43  209  0020  0.604  0.540   168  -174  -0.03654  0.28317  7  71
43  208  0021  0.612  0.540    57  -174  -0.03654  0.28317  6  70
43  210  0022  0.577  0.540    -9  -174  -0.03654  0.28317  7  71
43  240  0023  0.539  0.540  -176  -174  -0.03054  0.28317  7  70
43  211  0024  0.579  0.540    57  -174  -0.03654  0.28317  7  70
43  209  0025  0.512  0.540    80  -174  -0.03654  0.28317  6  70
43  213  0026  0.587  0.551  -171  -174  -0.03654  0.28917  7  70
43  210  0027  0.625  0.540    13  -174  -0.03654  0.28317  7  70
43  210  0028  0.613  0.540   132  -174  -0.03654  0.28317  7  70
43  207  0029  0.514  0.540   121  -174  -0.03654  0.28317  7  70
43  207  0030  0.551  0.540    72  -174  -0.03654  0.28317  7  70
43  248  0031  0.542  0.551  -175  -174  -0.03654  0.28917  6  70
43  211  0032  0.555  0.540    13  -174  -0.03654  0.28317  7  71
43  210  0033  0.556  0.540  -139  -174  -0.03654  0.28317  7  71
43  208  0034  0.583  0.540   166  -174  -0.03654  0.28317  7  71
43  210  0035  0.622  0.540  -111  -174  -0.03654  0.28317  7  70
43  210  0036  0.567  0.540   -81  -174  -0.03654  0.28317  7  70
43  211  0037  0.587  0.540  -108  -174  -0.03654  0.28317  6  70
43  210  0038  0.569  0.540   -31  -174  -0.03654  0.28317  7  70
43  207  0039  0.528  0.540   -78  -174  -0.03654  0.28317  7  70
43  208  0040  0.606  0.540    92  -174  -0.03654  0.28317  7  70
43  210  0041  0.512  0.540   149  -174  -0.03654  0.28317  7  70
43  210  0042  0.543  0.540  -147  -174  -0.03654  0.28317  7  70
43  211  0043  0.628  0.540   -33  -174  -0.03654  0.28317  7  70
43  227  0044  0.627  0.637    29    28  0.28746  -0.31083  7  71
43  210  0045  0.546  0.540    32  -174  -0.03654  0.28317  7  70
43  207  0046  0.515  0.540  -137  -174  -0.03654  0.28317  7  70
43  207  0047  0.531  0.540     1  -174  -0.03654  0.28317  7  70
43  209  0048  0.536  0.540   -92  -174  -0.03654  0.28317  6  70
43  207  0049  0.534  0.540    50  -174  -0.03654  0.28317  7  70
86  210  0000  0.573  0.540   131  -174  -0.03654  0.28317  7  70
86  210  0001  0.580  0.540   151  -174  -0.03654  0.28317  7  70
86  211  0002  0.576  0.540   105  -174  -0.03654  0.28317  7  70
86  209  0003  0.573  0.540   -41  -174  -0.03654  0.28317  7  70
86  259  0004  0.511  0.552    55   170  0.11346  0.27717  7  71
86  210  0005  0.547  0.540    49  -174  -0.03654  0.28317  7  71
86  257  0006  0.627  0.490  -148    11  0.07746  -0.25683  7  71
86  209  0007  0.576  0.540  -104  -174  -0.03654  0.28317  7  71
86  226  0008  0.529  0.567   -21  -165  -0.12654  0.29517  7  71
86  208  0009  0.585  0.540  -117  -174  -0.03654  0.28317  6  70
86  250  0010  0.510  0.556    84   179  0.02346  0.28917  7  71
86  210  0011  0.595  0.540   172  -174  -0.03654  0.28317  7  70
86  209  0012  0.516  0.540    97  -174  -0.03654  0.28317  7  71
86  210  0013  0.595  0.540   -27  -174  -0.03654  0.28317  7  71
86  209  0014  0.586  0.540  -156  -174  -0.03654  0.28317  7  70
86  209  0015  0.624  0.540   -46  -174  -0.03654  0.28317  7  70
86  207  0016  0.579  0.540    27  -174  -0.03654  0.28317  7  71
86  247  0017  0.594  0.610     8   151  0.31146  0.25917  7  71
86  210  0018  0.533  0.540   173  -174  -0.03654  0.28317  7  71
86  211  0019  0.514  0.540   -92  -174  -0.03654  0.28317  7  70
86  210  0020  0.530  0.540    -2  -174  -0.03654  0.28317  7  71
86  210  0021  0.546  0.543  -153   169  0.11946  0.27117  7  71
86  208  0022  0.550  0.540    -4  -174  -0.03654  0.28317  7  71
86  211  0023  0.510  0.540   158  -174  -0.03654  0.28317  7  71
86  215  0024  0.587  0.572    33   171  0.10146  0.28917  7  71
86  209  0025  0.629  0.540   -63  -174  -0.03654  0.28317  7  70
86  209  0026  0.521  0.540    53  -174  -0.03654  0.28317  7  71
86  214  0027  0.525  0.586   130   164  0.17946  0.28317  7  71
86  210  0028  0.595  0.540   -42  -174  -0.03654  0.28317  7  70
86  209  0029  0.587  0.540    24  -174  -0.03654  0.28317  7  71
86  210  0030  0.563  0.540   -47  -174  -0.03654  0.28317  7  70
86  210  0031  0.510  0.540    56  -174  -0.03654  0.28317  7  71
86  209  0032  0.583  0.540    67  -174  -0.03654  0.28317  7  70
86  208  0033  0.542  0.540  -115  -174  -0.03654  0.28317  7  70
86  225  0034  0.532  0.551   171  -173  -0.04254  0.28917  7  71
86  209  0035  0.595  0.540    85  -174  -0.03654  0.28317  7  70
86  210  0036  0.599  0.540  -174  -174  -0.03654  0.28317  6  70
86  207  0037  0.594  0.540    -6  -174  -0.03654  0.28317  6  70
86  207  0038  0.568  0.540    55  -174  -0.03654  0.28317  6  70
86  209  0039  0.536  0.540   141  -174  -0.03654  0.28317  7  70
86  207  0040  0.553  0.540    80  -174  -0.03654  0.28317  7  71
86  208  0041  0.577  0.540    31  -174  -0.03654  0.28317  7  71
86  209  0042  0.630  0.540  -146  -174  -0.03654  0.28317  7  70
86  237  0043  0.583  0.608   -18   157  0.25146  0.27717  7  71
86  260  0044  0.620  0.615   -74   138  0.42546  0.21117  7  71
86  210  0045  0.569  0.540  -146  -174  -0.03654  0.28317  6  70
86  208  0046  0.514  0.540  -168  -174  -0.03654  0.28317  7  71
86  210  0047  0.519  0.540   104  -174  -0.03654  0.28317  7  71
86  210  0048  0.626  0.540   -26  -174  -0.03654  0.28317  7  71
86  209  0049  0.541  0.540   129  -174  -0.03654  0.28317  7  70
129  206  0000  0.625  0.540   -76  -174  -0.03654  0.28317  6  70
129  208  0001  0.532  0.540    -6  -174  -0.03654  0.28317  7  70
129  323  0002  0.600  0.551    10  -174  -0.03654  0.28917  7  71
129  210  0003  0.539  0.540   -42  -174  -0.03654  0.28317  7  70
129  209  0004  0.577  0.540   -67  -174  -0.03654  0.28317  6  70
129  209  0005  0.527  0.540    50  -174  -0.03654  0.28317  6  71
129  210  0006  0.594  0.540   146  -174  -0.03654  0.28317  7  71
129  246  0007  0.611  0.536   -32    87  0.53346  -0.04683  6  71
129  207  0008  0.588  0.540   158  -174  -0.03654  0.28317  7  71
129  207  0009  0.546  0.540    34  -174  -0.03654  0.28317  7  71
129  209  0010  0.629  0.540   -95  -174  -0.03654  0.28317  7  71
129  209  0011  0.596  0.540  -127  -174  -0.03654  0.28317  7  71
129  210  0012  0.521  0.540   -64  -174  -0.03654  0.28317  7  71
129  275  0013  0.614  0.623    81   151  0.31746  0.26517  6  71
129  209  0014  0.538  0.540    52  -174  -0.03654  0.28317  7  71
129  207  0015  0.624  0.540     6  -174  -0.03654  0.28317  7  70
129  209  0016  0.626  0.540    -5  -174  -0.03654  0.28317  7  71
129  242  0017  0.562  0.593   139   151  0.29946  0.25317  7  71
129  209  0018  0.512  0.540   -48  -174  -0.03654  0.28317  7  71
129  209  0019  0.564  0.540    -9  -174  -0.03654  0.28317  7  70
129  210  0020  0.547  0.540    91  -174  -0.03654  0.28317  7  70
129  209  0021  0.523  0.540  -167  -174  -0.03654  0.28317  6  69
129  209  0022  0.521  0.540   -79  -174  -0.03654  0.28317  6  70
129  228  0023  0.559  0.499    -4    18  0.14346  -0.25683  7  71
129  208  0024  0.623  0.540   174  -174  -0.03654  0.28317  7  70
129  209  0025  0.511  0.540   144  -174  -0.03654  0.28317  7  71
129  209  0026  0.567  0.540   -14  -174  -0.03654  0.28317  7  71
129  253  0027  0.543  0.557   -78  -164  -0.13254  0.28917  7  71
129  209  0028  0.546  0.540    82  -174  -0.03654  0.28317  7  70
129  265  0029  0.520  0.582     8   177  0.04746  0.30117  7  71
129  207  0030  0.627  0.540  -154  -174  -0.03654  0.28317  7  70
129  208  0031  0.542  0.540   -31  -174  -0.03654  0.28317  7  70
129  209  0032  0.542  0.540    18  -174  -0.03654  0.28317  7  71
129  246  0033  0.563  0.619    58   137  0.43146  0.21117  7  71
129  208  0034  0.524  0.540    55  -174  -0.03654  0.28317  7  71
129  245  0035  0.588  0.588   -78   161  0.20946  0.27717  7  71
129  208  0036  0.547  0.540    32  -174  -0.03654  0.28317  7  70
129  208  0037  0.550  0.540   127  -174  -0.03654  0.28317  6  70
129  209  0038  0.550  0.540   179  -174  -0.03654  0.28317  7  71
129  295  0039  0.542  0.616   115   152  0.30546  0.26517  6  71
129  207  0040  0.551  0.540  -123  -174  -0.03654  0.28317  7  70
129  209  0041  0.526  0.540  -109  -174  -0.03654  0.28317  7  71
129  210  0042  0.605  0.540   -82  -174  -0.03654  0.28317  7  70
129  208  0043  0.521  0.540    -8  -174  -0.03654  0.28317  7  70
129  208  0044  0.545  0.540   -42  -174  -0.03654  0.28317  7  70
129  210  0045  0.563  0.540  -128  -174  -0.03654  0.28317  7  71
129  210  0046  0.578  0.540    -8  -174  -0.03654  0.28317  6  70
129  293  0047  0.618  0.564  -178   170  0.11346  0.28317  7  71
129  210  0048  0.554  0.540  -106  -174  -0.03654  0.28317  6  70
129  210  0049  0.589  0.540   129  -174  -0.03654  0.28317  6  71
172  207  0000  0.541  0.540   164  -174  -0.03654  0.28317  7  70
172  210  0001  0.589  0.540    81  -174  -0.03654  0.28317  6  71
172  360  0002  0.567  0.540   150  -174  -0.03054  0.28317  7  71
172  295  0003  0.510  0.631     2   -61  -0.56454  -0.11883  6  71
172  245  0004  0.570  0.625  -110    54  0.49746  -0.22083  7  71
172  211  0005  0.560  0.632   169   -64  -0.57654  -0.10683  6  70
172  206  0006  0.628  0.540   -46  -174  -0.03654  0.28317  7  70
172  210  0007  0.542  0.540   -67  -174  -0.03654  0.28317  7  71
172  209  0008  0.588  0.540   132  -174  -0.03654  0.28317  6  69
172  209  0009  0.565  0.540   125  -174  -0.03654  0.28317  6  70
172  209  0010  0.624  0.540    65  -174  -0.03654  0.28317  6  70
172  211  0011  0.593  0.540  -109  -174  -0.03654  0.28317  6  70
172  279  0012  0.531  0.605  -104   -33  -0.35454  -0.23883  7  71
172  208  0013  0.542  0.540   106  -174  -0.03654  0.28317  7  71
172  208  0014  0.519  0.540    99  -174  -0.03654  0.28317  6  71
172  208  0015  0.563  0.540   -52  -174  -0.03654  0.28317  7  71
172  249  0016  0.548  0.631    22    30  0.29946  -0.30483  7  71
172  244  0017  0.561  0.500   -45   124  0.41946  0.12117  7  72
172  209  0018  0.531  0.540     6  -174  -0.03654  0.28317  7  71
172  271  0019  0.550  0.531   177    86  0.52746  -0.05283  6  71
172  207  0020  0.630  0.540   -54  -174  -0.03654  0.28317  7  72
172  209  0021  0.579  0.540   -19  -174  -0.03654  0.28317  7  71
172  207  0022  0.524  0.540   173  -174  -0.03654  0.28317  7  71
172  232  0023  0.541  0.602   124   137  0.41946  0.20517  7  71
172  207  0024  0.604  0.540   -39  -174  -0.03654  0.28317  7  70
172  207  0025  0.586  0.540     4  -174  -0.03654  0.28317  7  71
172  320  0026  0.556  0.580   152   179  0.02946  0.30117  7  71
172  250  0027  0.572  0.589  -112    -2  -0.04254  -0.30483  7  72
172  238  0028  0.573  0.606    40   138  0.41346  0.21117  7  71
172  225  0029  0.611  0.491   -29    11  0.08346  -0.25683  7  72
172  204  0030  0.568  0.540   -57  -174  -0.03654  0.28317  7  71
172  291  0031  0.543  0.613   -93   -34  -0.36654  -0.23883  7  71
172  209  0032  0.602  0.540  -172  -174  -0.03654  0.28317  7  71
172  332  0033  0.546  0.540  -169  -176  -0.01854  0.28317  7  71
172  209  0034  0.589  0.540  -103  -174  -0.03654  0.28317  6  70
172  211  0035  0.558  0.636    35   -21  -0.25254  -0.29283  7  72
172  262  0036  0.527  0.536  -147  -163  -0.13854  0.27717  7  71
172  289  0037  0.545  0.557  -169   172  0.08946  0.28317  7  72
172  217  0038  0.512  0.621    -7   -35  -0.37854  -0.23883  7  71
172  210  0039  0.542  0.540   133  -174  -0.03654  0.28317  7  69
172  205  0040  0.593  0.540    58  -174  -0.03654  0.28317  6  69
172  207  0041  0.630  0.532  -113    85  0.52746  -0.05883  6  71
172  206  0042  0.539  0.551    81  -174  -0.03654  0.28917  7  71
172  206  0043  0.518  0.540   116  -174  -0.03654  0.28317  7  71
172  206  0044  0.597  0.540   -87  -174  -0.03654  0.28317  6  71
172  207  0045  0.596  0.540   -62  -174  -0.03654  0.28317  6  70
172  207  0046  0.551  0.540   -59  -174  -0.03654  0.28317  6  70
172  265  0047  0.556  0.616    69     4  0.02946  -0.32283  7  71
172  209  0048  0.612  0.540    91  -174  -0.03654  0.28317  7  71
172  220  0049  0.540  0.613    55   -43  -0.43854  -0.20283  7  71
215  311  0000  0.553  0.529  -151    88  0.52746  -0.04083  6  71
215  218  0001  0.563  0.656   165    80  0.64146  -0.10083  7  69
215  210  0002  0.584  0.540  -153  -174  -0.03654  0.28317  6  70
215  283  0003  0.597  0.560   -36  -153  -0.23454  0.27717  7  72
215  226  0004  0.545  0.609  -133    54  0.48546  -0.21483  7  71
215  255  0005  0.591  0.599  -175   -35  -0.36054  -0.23283  7  71
215  321  0006  0.589  0.537    83    86  0.53346  -0.05283  6  71
215  209  0007  0.601  0.540   -23  -174  -0.03654  0.28317  6  70
215  203  0008  0.539  0.540   118  -174  -0.03654  0.28317  7  71
215  210  0009  0.604  0.540    18  -174  -0.03654  0.28317  6  70
215  207  0010  0.558  0.540   -20  -174  -0.03654  0.28317  6  70
215  206  0011  0.531  0.540    31  -174  -0.03654  0.28317  6  71
215  229  0012  0.543  0.559    55  -142  -0.32454  0.25317  7  72
215  223  0013  0.554  0.630   106    64  0.55746  -0.17883  7  71
215  209  0014  0.568  0.540    11  -174  -0.03654  0.28317  6  70
215  205  0015  0.549  0.530   -81   109  0.50346  0.06117  7  71
215  233  0016  0.603  0.576   -68    39  0.34746  -0.25683  7  71
215  229  0017  0.589  0.627   119  -113  -0.56454  0.16917  6  72
215  251  0018  0.614  0.517    26  -145  -0.27654  0.24117  7  72
215  209  0019  0.612  0.540    13  -174  -0.03654  0.28317  6  71
215  262  0020  0.552  0.612   -26   -17  -0.19854  -0.29283  7  71
215  250  0021  0.539  0.620   132  -120  -0.52254  0.19917  6  71
215  204  0022  0.553  0.540   -74  -174  -0.03654  0.28317  6  70
215  290  0023  0.630  0.597  -107     0  -0.02454  -0.31083  7  72
215  277  0024  0.571  0.590    72   179  0.02346  0.30717  7  72
215  300  0025  0.628  0.608   165    -6  -0.08454  -0.31083  7  72
215  257  0026  0.617  0.547   128    82  0.53946  -0.07083  6  71
215  328  0027  0.598  0.627    -8   -33  -0.36054  -0.25083  6  71
215  206  0028  0.595  0.540   -88  -174  -0.03654  0.28317  6  71
215  210  0029  0.579  0.540   -89  -174  -0.03654  0.28317  6  70
215  205  0030  0.586  0.540  -166  -174  -0.03654  0.28317  7  71
215  262  0031  0.616  0.542    77    51  0.41346  -0.20283  7  71
215  231  0032  0.603  0.566   -50   139  0.38346  0.19917  7  72
215  209  0033  0.545  0.541   129    88  0.53946  -0.04083  6  70
215  270  0034  0.513  0.546  -103  -153  -0.22254  0.27117  7  72
215  326  0035  0.597  0.626    56   -34  -0.37254  -0.24483  6  71
215  208  0036  0.528  0.540  -160  -174  -0.03654  0.28317  7  71
215  205  0037  0.577  0.540   -70  -174  -0.03654  0.28317  7  72
215  272  0038  0.551  0.523   -18    53  0.40746  -0.19083  7  72
215  205  0039  0.597  0.540  -125  -174  -0.03654  0.28317  6  71
215  254  0040  0.581  0.548    64    87  0.54546  -0.04683  6  71
215  330  0041  0.627  0.513    11     9  0.07146  -0.26883  7  72
215  207  0042  0.544  0.540   -75  -174  -0.03654  0.28317  6  71
215  280  0043  0.574  0.590   -94   126  0.48546  0.15117  6  71
215  261  0044  0.590  0.634    12   -35  -0.38454  -0.24483  6  71
215  292  0045  0.568  0.628  -107    11  0.10146  -0.32883  7  71
215  288  0046  0.586  0.582   -70    -4  -0.06654  -0.29883  7  72
215  282  0047  0.618  0.577   119   149  0.30546  0.24117  6  72
215  337  0048  0.598  0.555  -155  -166  -0.11454  0.28917  7  72
215  237  0049  0.588  0.574  -172   -19  -0.21054  -0.26883  7  71
258  380  0000  0.630  0.502   106    11  0.08346  -0.26283  7  72
258  264  0001  0.617  0.563    84   -81  -0.55854  -0.00483  6  71
258  217  0002  0.554  0.626   179   117  0.56346  0.11517  6  71
258  216  0003  0.538  0.524  -167  -103  -0.50454  0.09717  6  71
258  245  0004  0.510  0.608  -135  -117  -0.52854  0.18117  6  71
258  297  0005  0.536  0.630  -175   -59  -0.55254  -0.13083  6  72
258  219  0006  0.622  0.509  -151   121  0.44346  0.10917  6  72
258  204  0007  0.604  0.540    56  -174  -0.03654  0.28317  7  72
258  209  0008  0.547  0.540     4  -174  -0.03654  0.28317  6  71
258  338  0009  0.531  0.606   117    -4  -0.07254  -0.31083  7  72
258  221  0010  0.572  0.582   177   -34  -0.34854  -0.22683  7  72
258  406  0011  0.601  0.594    31   177  0.04746  0.30717  7  72
258  218  0012  0.615  0.572  -154   -85  -0.57054  0.01317  6  71
258  220  0013  0.534  0.530   -18  -100  -0.51654  0.08517  6  70
258  318  0014  0.629  0.612   152  -166  -0.12054  0.31917  7  72
258  208  0015  0.559  0.540   -27  -174  -0.03654  0.28317  6  69
258  379  0016  0.549  0.622   148    28  0.27546  -0.30483  7  71
258  316  0017  0.631  0.610    40   -44  -0.44454  -0.19683  6  71
258  205  0018  0.585  0.540    76  -174  -0.03654  0.28317  6  70
258  221  0019  0.618  0.554   113    69  0.50946  -0.13683  6  71
258  265  0020  0.554  0.555  -108   -84  -0.55254  0.00717  6  70
258  376  0021  0.584  0.555   115  -166  -0.11454  0.28917  7  72
258  303  0022  0.528  0.567   -19  -151  -0.25254  0.27717  7  72
258  310  0023  0.603  0.550   121    85  0.54546  -0.05883  5  70
258  288  0024  0.566  0.521    73  -147  -0.26454  0.24717  7  72
258  316  0025  0.552  0.561  -109   161  0.19746  0.26517  7  71
258  205  0026  0.539  0.540   161  -174  -0.03654  0.28317  6  71
258  224  0027  0.550  0.576   113    59  0.48546  -0.18483  7  71
258  344  0028  0.548  0.607   177   -15  -0.18654  -0.29283  7  72
258  211  0029  0.580  0.556   104    85  0.55146  -0.05883  6  70
258  295  0030  0.555  0.584   -80   126  0.47946  0.15117  6  71
258  302  0031  0.627  0.580    93   -15  -0.17454  -0.28083  7  72
258  267  0032  0.545  0.482   174     0  -0.01854  -0.25083  8  73
258  257  0033  0.510  0.633   -67   -41  -0.43254  -0.22083  6  72
258  245  0034  0.510  0.617    21    29  0.28746  -0.29883  7  71
258  262  0035  0.566  0.628  -165  -111  -0.57654  0.15717  6  72
258  323  0036  0.525  0.616   117   136  0.43746  0.20517  6  72
258  329  0037  0.544  0.582    21   129  0.46146  0.16317  6  72
258  287  0038  0.548  0.575     3  -144  -0.31854  0.26517  7  72
258  202  0039  0.623  0.540   128  -174  -0.03654  0.28317  6  70
258  331  0040  0.540  0.537    59  -162  -0.14454  0.27717  7  72
258  351  0041  0.620  0.599   137    -1  -0.03654  -0.31083  7  72
258  369  0042  0.547  0.502   113    11  0.08346  -0.26283  7  72
258  314  0043  0.569  0.541    47    82  0.53346  -0.07083  6  71
258  370  0044  0.616  0.533   -69  -133  -0.37254  0.21717  6  72
258  234  0045  0.623  0.601    40    94  0.59946  -0.01683  7  70
258  273  0046  0.586  0.598   104  -147  -0.30654  0.28317  7  72
258  208  0047  0.579  0.549  -170   111  0.51546  0.07317  6  71
258  252  0048  0.550  0.600   -55   -46  -0.45054  -0.18483  6  71
258  399  0049  0.589  0.525  -107   167  0.13146  0.25917  7  72
301  381  0000  0.579  0.531    84    86  0.52746  -0.05283  5  71
301  430  0001  0.581  0.546    83  -163  -0.13254  0.28317  7  72
301  326  0002  0.532  0.613   152  -110  -0.56454  0.15117  6  72
301  353  0003  0.545  0.619  -105    20  0.19146  -0.31683  7  72
301  290  0004  0.617  0.625    99  -130  -0.46254  0.24117  6  72
301  288  0005  0.606  0.599    33   -41  -0.40854  -0.20883  6  72
301  291  0006  0.512  0.508   123  -159  -0.16254  0.25917  7  72
301  339  0007  0.618  0.569     6   -27  -0.28254  -0.24483  7  72
301  360  0008  0.582  0.545   176    -8  -0.10254  -0.27483  7  72
301  417  0009  0.578  0.593    42   151  0.29946  0.25317  6  72
301  425  0010  0.594  0.570  -160   172  0.09546  0.28917  7  72
301  289  0011  0.622  0.621    66  -124  -0.49854  0.21717  6  72
301  346  0012  0.538  0.623   -46    53  0.48546  -0.22683  6  71
301  239  0013  0.612  0.604   -76    66  0.54546  -0.16083  6  71
301  207  0014  0.552  0.540   -74  -174  -0.03654  0.28317  6  70
301  384  0015  0.625  0.594    66     3  0.01146  -0.31083  7  72
301  289  0016  0.527  0.558    44   -58  -0.48654  -0.11883  6  71
301  246  0017  0.618  0.529   154   107  0.50946  0.04917  6  71
301  336  0018  0.512  0.630  -177    -9  -0.12654  -0.31683  7  72
301  322  0019  0.518  0.562   -25   138  0.38946  0.19317  6  72
301  276  0020  0.523  0.579   -98  -126  -0.45054  0.21117  7  71
301  305  0021  0.569  0.536  -164  -118  -0.46254  0.16317  6  71
301  340  0022  0.592  0.551    -5   -81  -0.54654  -0.00483  6  70
301  228  0023  0.578  0.644  -142   -86  -0.64254  0.01917  6  71
301  394  0024  0.557  0.505    68   124  0.42546  0.12117  6  72
301  202  0025  0.596  0.540   166  -174  -0.03654  0.28317  6  72
301  248  0026  0.594  0.587   103  -103  -0.56454  0.10917  6  71
301  371  0027  0.528  0.607    -2     1  -0.00654  -0.31683  7  72
301  286  0028  0.541  0.531   -25   -61  -0.47454  -0.10083  6  71
301  275  0029  0.574  0.647   -35    78  0.62946  -0.10683  6  70
301  315  0030  0.605  0.621   144  -139  -0.39054  0.27117  7  72
301  301  0031  0.602  0.553    62  -143  -0.31254  0.25317  7  72
301  218  0032  0.522  0.581   114   113  0.53946  0.08517  6  71
301  471  0033  0.521  0.552  -125   170  0.11346  0.27717  7  72
301  470  0034  0.578  0.615     1   138  0.42546  0.21117  6  71
301  266  0035  0.590  0.531    59   141  0.34746  0.19317  7  72
301  324  0036  0.550  0.566   113  -145  -0.30054  0.26517  7  72
301  314  0037  0.547  0.633    26  -113  -0.57054  0.16917  6  72
301  316  0038  0.586  0.530    25   -34  -0.31254  -0.20883  7  72
301  292  0039  0.590  0.516   -85    57  0.42546  -0.17283  6  71
301  230  0040  0.570  0.529   -82   107  0.50946  0.04917  6  71
301  381  0041  0.537  0.603   165   -35  -0.36654  -0.23283  6  71
301  308  0042  0.567  0.572   122     1  -0.00654  -0.29883  7  73
301  461  0043  0.561  0.625  -174    28  0.28146  -0.30483  6  71
301  369  0044  0.622  0.618  -155   176  0.05346  0.31917  7  72
301  321  0045  0.624  0.542    53   -79  -0.53454  -0.01683  6  70
301  346  0046  0.569  0.603   -87    22  0.21546  -0.30483  7  72
301  308  0047  0.541  0.573    41   -46  -0.42654  -0.17883  6  71
301  256  0048  0.612  0.602  -119  -113  -0.54054  0.16317  6  71
301  272  0049  0.556  0.633   -52    41  0.40146  -0.27483  7  71
344  212  0000  0.577  0.540  -115  -174  -0.03654  0.28317  6  70
344  237  0001  0.542  0.633   100   -84  -0.63054  0.00717  6  71
344  420  0002  0.519  0.582    11   168  0.13746  0.28917  7  73
344  414  0003  0.603  0.630   107    -5  -0.07854  -0.32283  7  72
344  461  0004  0.535  0.628   -92    11  0.10746  -0.32883  7  72
344  453  0005  0.557  0.641     0   -59  -0.56454  -0.13083  5  72
344  321  0006  0.557  0.553  -100   142  0.35346  0.20517  6  73
344  266  0007  0.542  0.649   -71  -101  -0.63054  0.10917  6  71
344  384  0008  0.547  0.592   169  -151  -0.26454  0.28917  7  72
344  298  0009  0.613  0.616    25  -108  -0.57654  0.13917  6  72
344  244  0010  0.514  0.528    10    74  0.50346  -0.10683  6  71
344  372  0011  0.532  0.588    -6  -137  -0.37854  0.25317  7  73
344  371  0012  0.561  0.546   -67     8  0.05946  -0.28683  7  73
344  243  0013  0.602  0.570  -177    92  0.56946  -0.02283  6  71
344  267  0014  0.620  0.605   169    69  0.55746  -0.14883  6  71
344  358  0015  0.563  0.618  -106  -139  -0.38454  0.27117  6  72
344  211  0016  0.553  0.564  -104   -67  -0.52854  -0.07683  6  71
344  378  0017  0.592  0.582    18    37  0.34146  -0.26283  7  72
344  239  0018  0.610  0.621    63    70  0.57546  -0.14883  6  71
344  405  0019  0.627  0.608   -31   167  0.14946  0.30117  7  73
344  295  0020  0.540  0.615    66    68  0.56346  -0.15483  6  71
344  489  0021  0.589  0.637   -27   -63  -0.57654  -0.11283  5  72
344  238  0022  0.551  0.613   -67    72  0.57546  -0.13683  6  70
344  280  0023  0.550  0.569  -106  -129  -0.42654  0.21717  7  72
344  416  0024  0.514  0.632    47   117  0.56946  0.11517  5  72
344  295  0025  0.595  0.527  -158    29  0.23946  -0.25683  7  73
344  313  0026  0.599  0.604    83    54  0.47946  -0.21483  6  71
344  418  0027  0.543  0.624  -105   -14  -0.17454  -0.30483  6  72
344  225  0028  0.535  0.519  -109    97  0.51546  0.00117  5  71
344  331  0029  0.574  0.593    18    58  0.49146  -0.19683  6  71
344  399  0030  0.613  0.532  -178    85  0.52746  -0.05883  5  71
344  221  0031  0.554  0.548     3   119  0.48546  0.10917  6  72
344  248  0032  0.547  0.630  -144   -72  -0.60654  -0.05883  6  71
344  321  0033  0.598  0.509   120    41  0.32346  -0.22083  7  72
344  382  0034  0.595  0.599  -113   -10  -0.13254  -0.29883  7  72
344  277  0035  0.511  0.558    86  -102  -0.54054  0.09717  6  71
344  366  0036  0.620  0.645   118    79  0.62946  -0.10083  6  69
344  358  0037  0.602  0.571  -132     3  0.01146  -0.29883  7  73
344  263  0038  0.592  0.582    -7   -98  -0.57054  0.08517  6  71
344  410  0039  0.597  0.642  -117  -172  -0.06654  0.33717  7  73
344  428  0040  0.535  0.614  -120    -8  -0.10854  -0.31083  7  72
344  224  0041  0.545  0.602   -42    75  0.57546  -0.11883  6  70
344  374  0042  0.563  0.524    40  -146  -0.27054  0.24717  7  73
344  487  0043  0.530  0.632    72   157  0.25746  0.28917  6  72
344  324  0044  0.575  0.545   154    46  0.38346  -0.22083  7  72
344  341  0045  0.589  0.600   153    57  0.49146  -0.20283  6  71
344  479  0046  0.604  0.600  -180   150  0.31146  0.25317  6  73
344  216  0047  0.524  0.654  -146    81  0.64146  -0.09483  7  70
344  329  0048  0.561  0.614  -101   113  0.56946  0.09117  5  72
344  346  0049  0.535  0.517   -25  -119  -0.43854  0.16317  6  72
387  321  0000  0.573  0.630   -88    66  0.56946  -0.16683  6  71
387  409  0001  0.570  0.577  -115  -155  -0.22254  0.28917  7  72
387  425  0002  0.568  0.628   133   -44  -0.45654  -0.20283  6  72
387  443  0003  0.630  0.532    90    85  0.52746  -0.05883  5  72
387  417  0004  0.533  0.515   105    13  0.10146  -0.26883  7  74
387  453  0005  0.553  0.602   -30   148  0.32946  0.24717  6  73
387  357  0006  0.517  0.525  -147   -35  -0.31854  -0.20283  6  73
387  383  0007  0.610  0.576  -152   144  0.34746  0.22317  6  73
387  402  0008  0.601  0.624   164  -118  -0.53454  0.19317  5  72
387  312  0009  0.600  0.565    37   109  0.53946  0.06117  5  71
387  467  0010  0.525  0.533   110  -131  -0.38454  0.21117  6  72
387  360  0011  0.573  0.598    87    44  0.40146  -0.25083  7  72
387  365  0012  0.527  0.617   132   -28  -0.31254  -0.26283  6  73
387  411  0013  0.563  0.616   148    10  0.09546  -0.32283  7  73
387  367  0014  0.510  0.602  -139    34  0.32346  -0.28083  7  72
387  504  0015  0.606  0.628   -88     3  0.01146  -0.32883  7  72
387  405  0016  0.625  0.601  -139  -146  -0.31254  0.28317  7  73
387  398  0017  0.544  0.607   -94  -112  -0.55254  0.15717  5  72
387  440  0018  0.609  0.619   -72  -171  -0.06654  0.32517  7  73
387  357  0019  0.617  0.642    -2   -45  -0.47454  -0.20283  6  72
387  336  0020  0.627  0.544    34  -101  -0.52854  0.09117  6  71
387  390  0021  0.622  0.552   -44    21  0.18546  -0.28083  7  73
387  407  0022  0.545  0.609   -47  -109  -0.56454  0.14517  6  72
387  380  0023  0.624  0.528   -47    83  0.52146  -0.06483  5  72
387  558  0024  0.524  0.535    93   178  0.03546  0.27717  7  73
387  441  0025  0.523  0.545   -20    -8  -0.10254  -0.27483  7  73
387  520  0026  0.617  0.574   133  -174  -0.03054  0.30117  7  73
387  371  0027  0.527  0.550  -178  -144  -0.30654  0.25317  7  73
387  428  0028  0.573  0.618  -142   162  0.20346  0.29517  6  72
387  302  0029  0.548  0.621  -164    48  0.44946  -0.24483  6  72
387  377  0030  0.548  0.590   -50   -28  -0.30054  -0.25083  6  73
387  426  0031  0.551  0.577   -66   129  0.45546  0.16317  6  73
387  362  0032  0.555  0.529   142  -121  -0.43854  0.17517  6  72
387  250  0033  0.585  0.587  -168    78  0.56946  -0.10083  6  70
387  347  0034  0.625  0.538    69   -49  -0.42054  -0.15483  6  72
387  395  0035  0.569  0.557  -164  -132  -0.39654  0.22317  6  73
387  468  0036  0.622  0.597   -69   138  0.41346  0.20517  6  72
387  288  0037  0.559  0.641    43  -108  -0.60054  0.14517  6  72
387  316  0038  0.620  0.530  -167   113  0.49146  0.07917  6  71
387  278  0039  0.591  0.620   -95   -50  -0.49254  -0.17283  6  72
387  404  0040  0.567  0.539  -124   -81  -0.53454  -0.00483  5  70
387  306  0041  0.515  0.571    58   108  0.54546  0.06117  6  71
387  469  0042  0.582  0.620   139   171  0.11346  0.31317  7  72
387  273  0043  0.510  0.609    24   101  0.59946  0.02517  6  71
387  382  0044  0.579  0.541   167  -130  -0.39654  0.21117  6  72
387  444  0045  0.522  0.549    25  -133  -0.38454  0.22317  6  73
387  430  0046  0.578  0.588  -113   148  0.32346  0.24117  6  73
387  289  0047  0.582  0.600   106   -80  -0.59454  -0.01083  6  71
387  328  0048  0.547  0.571  -133   -88  -0.57054  0.03117  6  71
387  396  0049  0.532  0.619   -23    65  0.55146  -0.17283  6  71
429  405  0000  0.530  0.579    80   -43  -0.41454  -0.19083  6  72
429  364  0001  0.517  0.584   151   -90  -0.58254  0.04317  6  72
429  349  0002  0.554  0.533   -99  -124  -0.42654  0.18717  6  73
429  579  0003  0.578  0.539   124   170  0.10746  0.27117  7  73
429  435  0004  0.538  0.542  -153   -79  -0.53454  -0.01683  5  70
429  576  0005  0.516  0.573  -108   171  0.10746  0.28917  7  74
429  453  0006  0.593  0.617  -121   146  0.35346  0.24717  6  73
429  387  0007  0.537  0.580   -57   -58  -0.50454  -0.12483  6  72
429  333  0008  0.515  0.606   -88   -52  -0.49254  -0.16083  6  72
429  418  0009  0.530  0.504    74    32  0.25746  -0.23883  7  72
429  549  0010  0.624  0.574   167  -175  -0.02454  0.30117  7  73
429  447  0011  0.556  0.545    63   -81  -0.54054  -0.00483  5  70
429  435  0012  0.589  0.647  -112   -25  -0.29454  -0.28683  6  73
429  372  0013  0.521  0.539   140   -27  -0.26454  -0.23283  7  72
429  354  0014  0.512  0.595  -121    60  0.50946  -0.18483  6  72
429  279  0015  0.532  0.615    -1    73  0.58146  -0.13083  6  71
429  379  0016  0.629  0.559    24   -56  -0.47454  -0.13083  6  72
429  348  0017  0.624  0.539  -171   -99  -0.52854  0.07917  5  70
429  419  0018  0.587  0.553    22   140  0.36546  0.19917  6  73
429  350  0019  0.511  0.629  -133   111  0.59346  0.07917  5  72
429  291  0020  0.530  0.611  -140    74  0.58146  -0.12483  6  70
429  323  0021  0.525  0.609   -11    73  0.57546  -0.13083  6  70
429  366  0022  0.590  0.638  -149   -68  -0.60054  -0.08283  5  72
429  407  0023  0.564  0.573    76    46  0.40146  -0.23283  7  72
429  389  0024  0.617  0.524    23   136  0.37146  0.17517  6  73
429  257  0025  0.511  0.620   178    73  0.58746  -0.13083  6  71
429  566  0026  0.562  0.595   -19   164  0.17346  0.28917  7  73
429  342  0027  0.535  0.577   144    94  0.57546  -0.01683  5  71
429  606  0028  0.618  0.532   -30  -179  0.01746  0.27717  7  74
429  506  0029  0.559  0.624    90  -142  -0.36054  0.28317  6  73
429  351  0030  0.524  0.615    95   119  0.54546  0.12117  5  72
429  399  0031  0.587  0.536    66   109  0.50946  0.06117  5  71
429  324  0032  0.524  0.600  -170   -95  -0.59454  0.06717  6  72
429  553  0033  0.593  0.612   -45    28  0.27546  -0.29883  6  72
429  397  0034  0.599  0.525    55  -113  -0.47454  0.13917  6  72
429  433  0035  0.524  0.613  -136  -118  -0.52854  0.18717  5  72
429  435  0036  0.574  0.534   -32    83  0.52746  -0.06483  5  72
429  472  0037  0.599  0.599   -61   -36  -0.37254  -0.22683  6  73
429  391  0038  0.573  0.569   -25   131  0.43746  0.16917  6  74
429  459  0039  0.528  0.548  -162  -146  -0.28254  0.25917  7  73
429  502  0040  0.570  0.626   150   166  0.16746  0.30717  6  73
429  247  0041  0.529  0.544   128   -74  -0.52854  -0.04083  6  71
429  454  0042  0.542  0.605    92   141  0.38946  0.22317  6  73
429  432  0043  0.617  0.563    95   -20  -0.21054  -0.26283  7  72
429  463  0044  0.574  0.617    61  -162  -0.16254  0.31917  7  73
429  371  0045  0.514  0.540   114    29  0.24546  -0.26283  7  73
429  369  0046  0.568  0.536  -125    72  0.50346  -0.11883  6  71
429  337  0047  0.551  0.609   -34   119  0.53946  0.12117  6  72
429  446  0048  0.594  0.617   -43   115  0.56346  0.10317  5  72
429  352  0049  0.560  0.555  -153    53  0.43146  -0.20283  6  72
472  363  0000  0.544  0.600  -127    73  0.56946  -0.12483  5  71
472  510  0001  0.556  0.633  -169  -160  -0.18654  0.32517  6  73
472  533  0002  0.598  0.595  -171   168  0.14346  0.29517  7  75
472  605  0003  0.584  0.626    88   152  0.30546  0.27117  6  73
472  611  0004  0.539  0.622   138    28  0.27546  -0.30483  6  72
472  510  0005  0.573  0.630  -123    52  0.48546  -0.23283  5  72
472  613  0006  0.630  0.574   -77  -174  -0.03054  0.30117  7  74
472  518  0007  0.598  0.551    22   -31  -0.30054  -0.22683  6  73
472  648  0008  0.570  0.532   -98  -179  0.01746  0.27717  7  74
472  408  0009  0.572  0.633    90    15  0.14946  -0.32883  7  72
472  282  0010  0.582  0.607  -175    90  0.60546  -0.03483  6  70
472  413  0011  0.623  0.638   -93     8  0.07146  -0.33483  7  73
472  477  0012  0.597  0.575     3   143  0.35946  0.21717  6  73
472  533  0013  0.546  0.573   -37    -5  -0.07854  -0.29283  7  74
472  430  0014  0.585  0.614   -37   -57  -0.52854  -0.13683  5  73
472  532  0015  0.588  0.535   -52  -153  -0.22254  0.26517  7  73
472  371  0016  0.575  0.577    98    89  0.57546  -0.04083  5  71
472  576  0017  0.523  0.617  -168   177  0.04746  0.31917  7  73
472  521  0018  0.522  0.562    54  -152  -0.24054  0.27717  7  73
472  424  0019  0.606  0.553   110  -155  -0.21054  0.27717  7  73
472  499  0020  0.557  0.528   -37    21  0.17346  -0.26883  7  74
472  391  0021  0.588  0.503    77    35  0.27546  -0.23283  7  72
472  475  0022  0.525  0.534    26   -80  -0.52854  -0.01083  4  70
472  333  0023  0.550  0.635   162  -103  -0.61254  0.11517  5  72
472  521  0024  0.579  0.582  -149  -163  -0.15054  0.30117  7  74
472  528  0025  0.574  0.587    12  -142  -0.34254  0.26517  6  74
472  502  0026  0.630  0.605   -82  -163  -0.15654  0.31317  7  73
472  429  0027  0.591  0.617    64  -158  -0.21054  0.31317  6  73
472  494  0028  0.526  0.582   -54   132  0.44346  0.17517  5  74
472  395  0029  0.568  0.596  -177    42  0.38346  -0.25683  6  73
472  429  0030  0.527  0.534   -74    70  0.49746  -0.12483  5  71
472  397  0031  0.630  0.549   -46   -84  -0.54654  0.00717  5  71
472  390  0032  0.596  0.556    72    78  0.53946  -0.09483  5  71
472  418  0033  0.586  0.604   -71    66  0.54546  -0.16083  5  71
472  446  0034  0.538  0.638    27  -116  -0.55854  0.18717  5  73
472  359  0035  0.549  0.589   174   108  0.56346  0.06117  5  72
472  448  0036  0.514  0.619    73  -150  -0.28254  0.30117  7  73
472  224  0037  0.524  0.594  -118    80  0.58146  -0.08883  6  70
472  481  0038  0.582  0.630   -67  -128  -0.48054  0.23517  5  72
472  523  0039  0.629  0.610    -3   161  0.20946  0.28917  6  73
472  357  0040  0.563  0.637   179   103  0.62346  0.03717  5  72
472  504  0041  0.577  0.612     7    33  0.32346  -0.28683  6  73
472  447  0042  0.590  0.613   162  -122  -0.50454  0.20517  6  73
472  425  0043  0.547  0.604   -91   112  0.56346  0.08517  5  72
472  583  0044  0.589  0.565   -28   163  0.17946  0.27117  6  73
472  285  0045  0.539  0.545   158    99  0.53946  0.01317  5  71
472  500  0046  0.526  0.561  -132  -147  -0.28854  0.26517  7  74
472  440  0047  0.609  0.518  -130   -15  -0.15654  -0.25083  7  73
472  429  0048  0.550  0.613   156   -58  -0.53454  -0.13083  5  73
472  411  0049  0.573  0.557    21   -98  -0.54654  0.07917  5  70
515  443  0000  0.546  0.640  -172  -133  -0.45054  0.25917  6  73
515  559  0001  0.573  0.630   143    34  0.34146  -0.29283  6  72
515  528  0002  0.550  0.613  -114  -146  -0.31854  0.28917  6  74
515  385  0003  0.617  0.612    47   -94  -0.60654  0.06717  5  72
515  477  0004  0.543  0.626  -117   131  0.47946  0.18717  5  73
515  499  0005  0.593  0.641  -116  -148  -0.31254  0.30717  6  73
515  496  0006  0.611  0.575  -121   -57  -0.49254  -0.13083  6  72
515  474  0007  0.586  0.575   -38   -58  -0.49854  -0.12483  5  72
515  531  0008  0.540  0.622   178  -160  -0.18654  0.31917  6  73
515  545  0009  0.590  0.555   -63    22  0.19746  -0.28083  7  75
515  555  0010  0.512  0.532   -65    17  0.14346  -0.27483  7  74
515  584  0011  0.615  0.614   -38   169  0.13146  0.30717  7  75
515  430  0012  0.580  0.565    54   109  0.53946  0.06117  5  71
515  582  0013  0.555  0.573   130  -153  -0.24054  0.28317  7  73
515  629  0014  0.585  0.584    44   171  0.10746  0.29517  7  74
515  426  0015  0.601  0.594  -150    67  0.53946  -0.15483  5  72
515  371  0016  0.600  0.556   -77  -112  -0.50454  0.14517  5  72
515  416  0017  0.628  0.597  -179  -122  -0.49254  0.19917  6  73
515  441  0018  0.575  0.525  -109   -59  -0.46254  -0.10683  5  72
515  416  0019  0.567  0.610    13   -75  -0.59454  -0.04083  5  72
515  477  0020  0.513  0.549    39   124  0.46146  0.13317  5  74
515  534  0021  0.593  0.563   -16    14  0.12546  -0.29283  7  74
515  637  0022  0.600  0.613   108   152  0.29946  0.26517  6  74
515  515  0023  0.585  0.625   -54  -128  -0.47454  0.23517  5  73
515  472  0024  0.586  0.528   -86   -80  -0.52254  -0.01083  4  70
515  471  0025  0.605  0.589  -112  -134  -0.40854  0.24117  6  73
515  512  0026  0.593  0.583    72   -44  -0.42054  -0.19083  5  73
515  366  0027  0.513  0.630   138   -80  -0.62454  -0.01083  5  72
515  561  0028  0.555  0.586   165    21  0.19146  -0.29883  7  74
515  539  0029  0.545  0.518    34    46  0.36546  -0.20883  6  74
515  623  0030  0.555  0.580    86   151  0.29346  0.24717  5  74
515  408  0031  0.542  0.601   -15    49  0.44346  -0.23283  6  73
515  499  0032  0.528  0.518   119   -21  -0.20454  -0.23883  7  73
515  650  0033  0.530  0.557   -55   172  0.08946  0.28317  7  74
515  568  0034  0.559  0.633  -168  -168  -0.10854  0.33117  6  73
515  612  0035  0.564  0.538  -103  -135  -0.36654  0.22317  6  74
515  474  0036  0.518  0.542   -87   -60  -0.48054  -0.10683  5  72
515  410  0037  0.593  0.559   116    53  0.43746  -0.20283  6  72
515  658  0038  0.533  0.579  -151   179  0.02346  0.30117  7  75
515  575  0039  0.592  0.514  -106    12  0.09546  -0.26883  7  75
515  521  0040  0.557  0.577   177   146  0.33546  0.22917  6  74
515  565  0041  0.553  0.541    38   -31  -0.30054  -0.22083  6  73
515  587  0042  0.599  0.634   -81    52  0.49146  -0.23283  5  72
515  436  0043  0.577  0.525   103  -106  -0.49854  0.10917  5  72
515  492  0044  0.557  0.638   110  -111  -0.58254  0.16317  5  73
515  394  0045  0.541  0.568   176    76  0.54546  -0.10683  5  71
515  665  0046  0.587  0.523  -136   168  0.12546  0.25917  7  73
515  546  0047  0.532  0.613   171    55  0.49146  -0.21483  5  72
515  565  0048  0.598  0.574  -176   -17  -0.18654  -0.27483  7  74
515  567  0049  0.614  0.574  -127   127  0.46746  0.15117  5  73
558  610  0000  0.561  0.527   -48  -152  -0.22854  0.25917  7  74
558  600  0001  0.570  0.510  -111    47  0.36546  -0.20283  6  74
558  579  0002  0.530  0.512   137   126  0.41946  0.13317  5  75
558  470  0003  0.556  0.555   -37   111  0.52146  0.07317  5  72
558  559  0004  0.611  0.536   152    -5  -0.06654  -0.27483  7  74
558  661  0005  0.630  0.628   -36    11  0.10146  -0.32883  6  73
558  616  0006  0.571  0.506    53   125  0.41946  0.12717  4  75
558  628  0007  0.595  0.605   144    -8  -0.11454  -0.30483  7  74
558  618  0008  0.618  0.608   -65    20  0.19146  -0.31083  6  73
558  531  0009  0.565  0.611    17    31  0.29946  -0.29283  6  73
558  538  0010  0.623  0.616   148    56  0.50346  -0.20883  5  72
558  636  0011  0.534  0.562     2   167  0.14346  0.27717  7  75
558  508  0012  0.531  0.534   -27    70  0.49746  -0.12483  5  72
558  638  0013  0.531  0.624   -53   164  0.19146  0.30117  6  74
558  620  0014  0.616  0.570   -20    23  0.20946  -0.28683  7  74
558  643  0015  0.574  0.604    18     4  0.02946  -0.31683  7  73
558  390  0016  0.627  0.605   -22    76  0.58146  -0.11283  5  71
558  607  0017  0.610  0.522   -54    51  0.39546  -0.19683  6  74
558  395  0018  0.580  0.567    51    72  0.53346  -0.12483  5  72
558  668  0019  0.602  0.604  -129   165  0.16746  0.29517  6  75
558  679  0020  0.614  0.613  -115   152  0.29946  0.26517  5  75
558  618  0021  0.574  0.531  -138    86  0.52746  -0.05283  3  73
558  539  0022  0.619  0.551     5    52  0.42546  -0.20283  6  72
558  469  0023  0.541  0.584  -134   110  0.55146  0.07317  5  72
558  599  0024  0.529  0.557   -50  -138  -0.35454  0.24117  6  75
558  431  0025  0.615  0.644   -56    96  0.64146  -0.00483  5  73
558  669  0026  0.567  0.626   168   -63  -0.57054  -0.10683  3  73
558  513  0027  0.512  0.604   166   112  0.56346  0.08517  4  73
558  496  0028  0.546  0.610    48   112  0.56946  0.08517  4  73
558  455  0029  0.603  0.530  -153   -70  -0.50454  -0.05883  4  72
558  550  0030  0.519  0.590   -24   -26  -0.28254  -0.25683  6  74
558  491  0031  0.527  0.567  -134  -123  -0.46254  0.19317  5  73
558  564  0032  0.557  0.540    14    25  0.21546  -0.26883  7  74
558  417  0033  0.558  0.568    68   105  0.55146  0.04317  5  71
558  738  0034  0.555  0.540   140  -174  -0.03054  0.28317  6  75
558  613  0035  0.556  0.611    81  -167  -0.11454  0.31917  6  74
558  651  0036  0.552  0.605     0     3  0.01146  -0.31683  7  73
558  599  0037  0.536  0.595   -40     1  -0.00654  -0.31083  7  74
558  556  0038  0.607  0.595  -143  -136  -0.39054  0.25317  6  75
558  659  0039  0.619  0.596     0   159  0.22746  0.27717  6  75
558  472  0040  0.518  0.631   159  -108  -0.58854  0.14517  5  73
558  512  0041  0.510  0.507   -19    33  0.26346  -0.23883  7  73
558  430  0042  0.572  0.525  -170   -57  -0.45054  -0.11883  5  73
558  457  0043  0.525  0.527  -177    67  0.47946  -0.13683  5  72
558  452  0044  0.605  0.586   113    31  0.28746  -0.28083  7  74
558  395  0045  0.610  0.595   -77    89  0.59346  -0.04083  5  70
558  598  0046  0.626  0.526  -129   -33  -0.30654  -0.20883  6  73
558  439  0047  0.592  0.539    -8   115  0.49146  0.09117  5  73
558  456  0048  0.542  0.582   -37   -80  -0.57654  -0.01083  5  72
558  643  0049  0.578  0.597   106  -173  -0.04254  0.31317  7  75
601  533  0000  0.618  0.597  -103    33  0.31146  -0.28083  7  74
601  523  0001  0.532  0.503    55    35  0.27546  -0.23283  7  73
601  453  0002  0.594  0.597    91   101  0.58746  0.02517  5  72
601  488  0003  0.617  0.564   130    69  0.52146  -0.13683  5  72
601  590  0004  0.620  0.621   100  -128  -0.46854  0.23517  5  73
601  514  0005  0.622  0.529  -100   -51  -0.42654  -0.14283  5  73
601  696  0006  0.623  0.626   163   -63  -0.57054  -0.10683  3  73
601  629  0007  0.573  0.626    74   -43  -0.44454  -0.20883  5  73
601  634  0008  0.523  0.590   174   126  0.48546  0.15117  5  73
601  476  0009  0.589  0.550   154   105  0.53346  0.04317  4  71
601  655  0010  0.625  0.588   -48   129  0.46746  0.16317  5  74
601  554  0011  0.515  0.637    68  -135  -0.43254  0.26517  5  73
601  439  0012  0.603  0.633   145    77  0.61146  -0.11283  5  71
601  657  0013  0.584  0.616   -13    -8  -0.11454  -0.31083  6  74
601  649  0014  0.556  0.592  -144   -18  -0.20454  -0.28083  6  74
601  767  0015  0.567  0.562    10   170  0.10746  0.28317  7  75
601  767  0016  0.556  0.521    53   179  0.02346  0.27117  6  75
601  618  0017  0.560  0.525    82    55  0.41946  -0.18483  6  73
601  440  0018  0.517  0.531  -101   102  0.52146  0.02517  4  72
601  437  0019  0.609  0.550  -169   -93  -0.54654  0.05517  4  71
601  674  0020  0.585  0.599    91  -167  -0.10854  0.31317  6  75
601  655  0021  0.605  0.601  -131   -33  -0.34854  -0.23883  5  74
601  620  0022  0.545  0.620   -11   128  0.49746  0.16917  5  73
601  622  0023  0.627  0.529    67    -7  -0.08454  -0.26883  7  75
601  680  0024  0.582  0.617    84     2  0.00546  -0.32283  6  74
601  543  0025  0.550  0.520   132   -36  -0.32454  -0.19683  6  74
601  580  0026  0.587  0.553    53   -47  -0.42054  -0.16683  5  73
601  615  0027  0.630  0.536  -156   156  0.23346  0.24117  6  75
601  620  0028  0.562  0.606    -7   -32  -0.34254  -0.24483  5  74
601  665  0029  0.571  0.614  -156   169  0.13146  0.30717  6  76
601  435  0030  0.563  0.578    78   104  0.56346  0.03717  5  72
601  585  0031  0.543  0.608  -120  -147  -0.30654  0.28917  6  75
601  603  0032  0.537  0.611   116   145  0.35946  0.24117  6  75
601  485  0033  0.541  0.616    73   -75  -0.60054  -0.04083  4  73
601  381  0034  0.582  0.542   -93   -86  -0.54054  0.01917  4  71
601  308  0035  0.529  0.623    99    81  0.61146  -0.08883  5  70
601  627  0036  0.597  0.574   -80  -142  -0.33654  0.25917  6  75
601  557  0037  0.542  0.519   137  -159  -0.16254  0.26517  7  74
601  564  0038  0.567  0.547   104   -58  -0.47454  -0.11883  5  72
601  663  0039  0.613  0.583  -134    -5  -0.07254  -0.29883  7  75
601  476  0040  0.631  0.530   -85   104  0.51546  0.03717  4  72
601  687  0041  0.571  0.545  -147  -134  -0.37854  0.22317  6  74
601  473  0042  0.525  0.644  -134  -103  -0.61854  0.12117  5  72
601  590  0043  0.623  0.562  -126   -83  -0.55854  0.00117  4  71
601  642  0044  0.587  0.549    17   164  0.16746  0.26517  7  75
601  491  0045  0.610  0.533    53  -108  -0.49854  0.12117  5  72
601  542  0046  0.591  0.569   107    30  0.26946  -0.27483  7  74
601  552  0047  0.553  0.527   112   139  0.35346  0.18717  6  75
601  494  0048  0.533  0.547   -82   -67  -0.51054  -0.07683  5  72
601  647  0049  0.525  0.566    41    22  0.19746  -0.28683  7  75
43  210  0000  0.547  0.540   -32  -174  -0.03654  0.28317  9  73
43  210  0001  0.540  0.543   168   169  0.11946  0.27117  9  73
43  210  0002  0.526  0.540    87  -174  -0.03654  0.28317  9  73
43  210  0003  0.616  0.540    22  -174  -0.03654  0.28317  9  73
43  207  0004  0.541  0.540   -92  -174  -0.03654  0.28317  9  72
43  210  0005  0.612  0.540   -40  -174  -0.03654  0.28317  9  73
43  208  0006  0.526  0.540    18  -174  -0.03654  0.28317  10  73
43  207  0007  0.540  0.540   -91  -174  -0.03654  0.28317  9  72
43  209  0008  0.580  0.540   146  -174  -0.03654  0.28317  9  73
43  210  0009  0.551  0.540   139  -174  -0.03654  0.28317  9  73
43  210  0010  0.519  0.540  -114  -174  -0.03654  0.28317  9  73
43  208  0011  0.544  0.540  -157  -174  -0.03654  0.28317  10  73
43  211  0012  0.589  0.540  -112  -174  -0.03654  0.28317  9  73
43  208  0013  0.593  0.540  -115  -174  -0.03654  0.28317  9  72
43  210  0014  0.569  0.540   101  -174  -0.03654  0.28317  9  72
43  210  0015  0.578  0.540    74  -174  -0.03654  0.28317  9  72
43  210  0016  0.566  0.540    56  -174  -0.03654  0.28317  9  72
43  207  0017  0.520  0.540   138  -174  -0.03654  0.28317  9  73
43  209  0018  0.579  0.540  -124  -174  -0.03654  0.28317  9  73
43  210  0019  0.569  0.540  -142  -174  -0.03654  0.28317  10  73
43  221  0020  0.593  0.615   135   138  0.42546  0.21117  10  73
43  210  0021  0.590  0.540   -82  -174  -0.03654  0.28317  9  72
43  210  0022  0.592  0.540    99  -174  -0.03654  0.28317  9  72
43  210  0023  0.523  0.540   134  -174  -0.03654  0.28317  10  73
43  232  0024  0.558  0.551  -172  -174  -0.03654  0.28917  9  73
43  210  0025  0.545  0.540   146  -174  -0.03654  0.28317  10  73
43  219  0026  0.617  0.557  -180   178  0.02946  0.28917  9  73
43  208  0027  0.528  0.540    15  -174  -0.03654  0.28317  10  73
43  211  0028  0.592  0.540  -109  -174  -0.03654  0.28317  9  73
43  210  0029  0.587  0.540  -163  -174  -0.03654  0.28317  9  73
43  210  0030  0.532  0.540    92  -174  -0.03654  0.28317  9  73
43  210  0031  0.528  0.540   -74  -174  -0.03654  0.28317  9  72
43  211  0032  0.602  0.540   111  -174  -0.03654  0.28317  9  72
43  208  0033  0.619  0.540   -19  -174  -0.03654  0.28317  10  73
43  208  0034  0.561  0.540   132  -174  -0.03654  0.28317  9  73
43  211  0035  0.582  0.540  -164  -174  -0.03654  0.28317  10  73
43  210  0036  0.582  0.540   -13  -174  -0.03654  0.28317  10  73
43  208  0037  0.603  0.540    26  -174  -0.03654  0.28317  10  73
43  210  0038  0.613  0.540    22  -174  -0.03654  0.28317  9  73
43  208  0039  0.567  0.540     2  -174  -0.03654  0.28317  10  73
43  210  0040  0.559  0.540  -152  -174  -0.03654  0.28317  10  73
43  207  0041  0.542  0.540   -63  -174  -0.03654  0.28317  9  72
43  210  0042  0.559  0.540    26  -174  -0.03654  0.28317  10  73
43  210  0043  0.560  0.540   128  -174  -0.03654  0.28317  10  73
43  208  0044  0.571  0.540    -5  -174  -0.03654  0.28317  10  73
43  208  0045  0.574  0.540   -15  -174  -0.03654  0.28317  10  73
43  208  0046  0.603  0.540   -63  -174  -0.03654  0.28317  9  73
43  210  0047  0.529  0.540   161  -174  -0.03654  0.28317  10  73
43  209  0048  0.557  0.540  -118  -174  -0.03654  0.28317  9  72
43  208  0049  0.570  0.540    98  -174  -0.03654  0.28317  9  72
86  207  0000  0.536  0.540     1  -174  -0.03654  0.28317  10  73
86  210  0001  0.626  0.540  -131  -174  -0.03654  0.28317  9  73
86  209  0002  0.539  0.540  -106  -174  -0.03654  0.28317  9  72
86  206  0003  0.535  0.540    75  -174  -0.03654  0.28317  9  72
86  255  0004  0.521  0.551   171   170  0.10746  0.27717  9  73
86  209  0005  0.568  0.540   -47  -174  -0.03654  0.28317  9  73
86  211  0006  0.588  0.540  -106  -174  -0.03654  0.28317  9  73
86  210  0007  0.586  0.540  -142  -174  -0.03654  0.28317  10  74
86  219  0008  0.588  0.623   148   151  0.31746  0.26517  10  74
86  209  0009  0.572  0.540   124  -174  -0.03654  0.28317  9  73
86  208  0010  0.520  0.540    97  -174  -0.03654  0.28317  9  72
86  206  0011  0.623  0.540  -169  -174  -0.03654  0.28317  10  73
86  210  0012  0.582  0.540  -125  -174  -0.03654  0.28317  9  73
86  209  0013  0.585  0.540  -112  -174  -0.03654  0.28317  9  73
86  208  0014  0.580  0.540   -56  -174  -0.03654  0.28317  9  73
86  209  0015  0.557  0.540   147  -174  -0.03654  0.28317  9  74
86  209  0016  0.588  0.540   -16  -174  -0.03654  0.28317  10  74
86  208  0017  0.518  0.540    94  -174  -0.03654  0.28317  9  73
86  208  0018  0.525  0.540   123  -174  -0.03654  0.28317  9  73
86  208  0019  0.596  0.540  -128  -174  -0.03654  0.28317  9  73
86  211  0020  0.629  0.540    17  -174  -0.03654  0.28317  10  73
86  210  0021  0.588  0.540    10  -174  -0.03654  0.28317  10  73
86  210  0022  0.531  0.533  -134  -133  -0.37254  0.21717  10  74
86  209  0023  0.577  0.540    86  -174  -0.03654  0.28317  9  72
86  210  0024  0.623  0.540  -107  -174  -0.03654  0.28317  9  72
86  207  0025  0.609  0.540  -161  -174  -0.03654  0.28317  10  73
86  210  0026  0.616  0.540   -97  -174  -0.03654  0.28317  9  72
86  205  0027  0.615  0.545  -170   178  0.02946  0.28317  9  73
86  210  0028  0.583  0.540   -78  -174  -0.03654  0.28317  9  72
86  206  0029  0.514  0.540   122  -174  -0.03654  0.28317  9  73
86  207  0030  0.526  0.540    60  -174  -0.03654  0.28317  9  72
86  213  0031  0.607  0.551  -171  -174  -0.03654  0.28917  9  73
86  209  0032  0.555  0.540   -39  -174  -0.03654  0.28317  9  73
86  206  0033  0.569  0.540  -120  -174  -0.03654  0.28317  9  72
86  209  0034  0.558  0.540    83  -174  -0.03654  0.28317  9  73
86  232  0035  0.599  0.551  -177  -174  -0.03054  0.28917  9  73
86  208  0036  0.582  0.540    37  -174  -0.03654  0.28317  10  73
86  208  0037  0.624  0.540   -98  -174  -0.03654  0.28317  9  72
86  209  0038  0.567  0.540    86  -174  -0.03654  0.28317  9  72
86  210  0039  0.531  0.540    25  -174  -0.03654  0.28317  10  73
86  210  0040  0.611  0.540    63  -174  -0.03654  0.28317  9  73
86  245  0041  0.629  0.623   142   138  0.42546  0.21717  10  74
86  264  0042  0.616  0.625    29    28  0.28146  -0.30483  10  73
86  284  0043  0.561  0.557   179   178  0.02946  0.28917  9  73
86  210  0044  0.588  0.540   -95  -174  -0.03654  0.28317  9  72
86  239  0045  0.571  0.615   134   138  0.42546  0.21117  10  74
86  217  0046  0.599  0.564   169   170  0.11346  0.28317  9  74
86  210  0047  0.554  0.540   -77  -174  -0.03654  0.28317  9  72
86  209  0048  0.526  0.540    73  -174  -0.03654  0.28317  9  72
86  206  0049  0.552  0.540  -116  -174  -0.03654  0.28317  9  72
129  231  0000  0.549  0.513    12    10  0.07746  -0.26883  11  75
129  246  0001  0.562  0.593   153   153  0.28146  0.25917  9  74
129  206  0002  0.537  0.540   -56  -174  -0.03654  0.28317  9  73
129  208  0003  0.564  0.540  -124  -174  -0.03654  0.28317  9  73
129  236  0004  0.615  0.618   143   139  0.41946  0.21717  10  74
129  209  0005  0.575  0.540  -102  -174  -0.03654  0.28317  9  72
129  291  0006  0.581  0.589   164   163  0.18546  0.28317  9  74
129  242  0007  0.616  0.584   173   171  0.10746  0.29517  9  73
129  208  0008  0.526  0.540  -128  -174  -0.03654  0.28317  9  73
129  208  0009  0.545  0.540    35  -174  -0.03654  0.28317  10  72
129  208  0010  0.558  0.540  -114  -174  -0.03654  0.28317  9  72
129  209  0011  0.566  0.540   -53  -174  -0.03654  0.28317  9  73
129  234  0012  0.596  0.628    11    11  0.10746  -0.32883  10  74
129  207  0013  0.535  0.540  -123  -174  -0.03654  0.28317  9  73
129  211  0014  0.587  0.540    43  -174  -0.03654  0.28317  9  73
129  211  0015  0.623  0.540   -21  -174  -0.03654  0.28317  10  73
129  207  0016  0.522  0.540   111  -174  -0.03654  0.28317  9  72
129  211  0017  0.599  0.540   -21  -174  -0.03654  0.28317  10  73
129  207  0018  0.547  0.540   -54  -174  -0.03654  0.28317  9  73
129  209  0019  0.616  0.540   -99  -174  -0.03654  0.28317  9  72
129  208  0020  0.591  0.540  -114  -174  -0.03654  0.28317  9  73
129  210  0021  0.587  0.540   -97  -174  -0.03654  0.28317  9  72
129  258  0022  0.626  0.611   164   164  0.18546  0.29517  10  74
129  209  0023  0.609  0.540   101  -174  -0.03654  0.28317  9  72
129  206  0024  0.516  0.540    96  -174  -0.03654  0.28317  9  73
129  209  0025  0.590  0.540    18  -174  -0.03654  0.28317  10  73
129  232  0026  0.522  0.538    84    85  0.53346  -0.05883  9  74
129  217  0027  0.606  0.614    -9    -8  -0.10854  -0.31083  10  74
129  210  0028  0.604  0.540     9  -174  -0.03654  0.28317  10  74
129  209  0029  0.571  0.540  -154  -174  -0.03654  0.28317  10  74
129  280  0030  0.551  0.544  -178  -179  0.01746  0.28317  9  74
129  209  0031  0.583  0.540   -49  -174  -0.03654  0.28317  9  73
129  209  0032  0.543  0.540   -18  -174  -0.03654  0.28317  10  74
129  209  0033  0.570  0.540  -140  -174  -0.03654  0.28317  10  75
129  281  0034  0.615  0.592   179   178  0.03546  0.30717  9  73
129  209  0035  0.565  0.540    43  -174  -0.03654  0.28317  10  73
129  221  0036  0.610  0.617     1     2  0.00546  -0.32283  10  74
129  221  0037  0.588  0.593   129   128  0.47346  0.16317  9  74
129  208  0038  0.538  0.540   -19  -174  -0.03654  0.28317  10  74
129  262  0039  0.542  0.513    10     9  0.07146  -0.26883  10  74
129  209  0040  0.512  0.540   -35  -174  -0.03654  0.28317  10  73
129  203  0041  0.577  0.540  -116  -174  -0.03654  0.28317  9  72
129  312  0042  0.562  0.551  -173  -173  -0.04254  0.28917  9  74
129  215  0043  0.571  0.591   126   127  0.47946  0.15717  9  74
129  212  0044  0.614  0.540   125  -174  -0.03654  0.28317  9  73
129  209  0045  0.527  0.540    22  -174  -0.03654  0.28317  10  74
129  210  0046  0.583  0.540   -92  -174  -0.03654  0.28317  9  73
129  294  0047  0.601  0.611   157   157  0.25746  0.27717  9  74
129  206  0048  0.619  0.540  -160  -174  -0.03654  0.28317  10  73
129  204  0049  0.576  0.540  -137  -174  -0.03654  0.28317  10  74
172  208  0000  0.619  0.540  -111  -174  -0.03654  0.28317  9  73
172  207  0001  0.553  0.540    63  -174  -0.03654  0.28317  9  73
172  210  0002  0.578  0.540  -108  -174  -0.03654  0.28317  9  73
172  257  0003  0.581  0.608   -38   -35  -0.37254  -0.23283  9  74
172  223  0004  0.526  0.580   153   155  0.25746  0.25917  9  75
172  204  0005  0.524  0.540   -87  -174  -0.03654  0.28317  9  71
172  296  0006  0.519  0.544  -166  -165  -0.12054  0.28317  9  74
172  207  0007  0.535  0.540    66  -174  -0.03654  0.28317  9  73
172  209  0008  0.620  0.540   -71  -174  -0.03654  0.28317  10  72
172  205  0009  0.550  0.540   -62  -174  -0.03654  0.28317  8  73
172  261  0010  0.599  0.624  -145  -144  -0.34254  0.28917  10  75
172  212  0011  0.556  0.568  -148  -148  -0.28254  0.27117  10  75
172  305  0012  0.604  0.626   -65   -63  -0.57054  -0.10683  9  73
172  206  0013  0.567  0.540    62  -174  -0.03654  0.28317  9  73
172  206  0014  0.592  0.540   104  -174  -0.03654  0.28317  9  72
172  206  0015  0.624  0.540   -28  -174  -0.03654  0.28317  9  74
172  272  0016  0.515  0.530    88    87  0.52746  -0.04683  9  74
172  279  0017  0.549  0.587   149   150  0.30546  0.24717  9  74
172  244  0018  0.627  0.627   119   116  0.56946  0.10917  10  74
172  209  0019  0.613  0.540  -158  -174  -0.03654  0.28317  10  73
172  209  0020  0.598  0.540    99  -174  -0.03654  0.28317  9  72
172  309  0021  0.593  0.607   155   155  0.26946  0.27117  9  74
172  204  0022  0.515  0.540   103  -174  -0.03654  0.28317  9  72
172  206  0023  0.571  0.540    64  -174  -0.03654  0.28317  9  73
172  209  0024  0.574  0.540   -96  -174  -0.03654  0.28317  9  73
172  357  0025  0.574  0.568   179   178  0.02946  0.29517  9  74
172  208  0026  0.526  0.540   -53  -174  -0.03654  0.28317  9  73
172  324  0027  0.559  0.589   163   163  0.18546  0.28317  9  74
172  260  0028  0.518  0.578   162   163  0.18546  0.27717  9  74
172  247  0029  0.598  0.620    55    54  0.49146  -0.22083  9  74
172  210  0030  0.606  0.540    79  -174  -0.03654  0.28317  9  70
172  268  0031  0.597  0.607   -16   -15  -0.18654  -0.29283  10  74
172  209  0032  0.569  0.540   -95  -174  -0.03654  0.28317  8  73
172  220  0033  0.575  0.581  -139  -138  -0.36654  0.25317  10  75
172  248  0034  0.623  0.618    -5    -5  -0.07854  -0.31683  10  74
172  219  0035  0.566  0.569   -27   -27  -0.28254  -0.24483  10  74
172  206  0036  0.559  0.540  -106  -174  -0.03654  0.28317  9  72
172  290  0037  0.592  0.611   134   136  0.43146  0.20517  9  75
172  210  0038  0.578  0.540    97  -174  -0.03654  0.28317  9  72
172  209  0039  0.564  0.540   105  -174  -0.03654  0.28317  8  72
172  338  0040  0.629  0.623   139   138  0.42546  0.21717  9  74
172  247  0041  0.612  0.604   168   165  0.16746  0.29517  10  75
172  209  0042  0.589  0.540   -29  -174  -0.03654  0.28317  10  74
172  232  0043  0.540  0.534    50    50  0.40146  -0.20283  10  74
172  226  0044  0.549  0.606   131   137  0.42546  0.20517  9  75
172  259  0045  0.537  0.578   157   158  0.23346  0.26517  9  75
172  206  0046  0.563  0.540   -53  -174  -0.03654  0.28317  9  73
172  240  0047  0.576  0.600   -14   -14  -0.16854  -0.29283  10  75
172  203  0048  0.541  0.540    76  -174  -0.03654  0.28317  9  73
172  207  0049  0.587  0.540    82  -174  -0.03654  0.28317  9  70
215  237  0000  0.537  0.594   133   136  0.41946  0.19917  9  75
215  207  0001  0.602  0.540   102  -174  -0.03654  0.28317  9  73
215  408  0002  0.529  0.539  -173  -173  -0.04254  0.28317  9  74
215  209  0003  0.536  0.599   -39   -35  -0.36054  -0.23283  10  74
215  207  0004  0.511  0.540  -125  -174  -0.03654  0.28317  9  74
215  290  0005  0.529  0.510    17    18  0.14346  -0.26283  10  75
215  206  0006  0.559  0.540   118  -174  -0.03654  0.28317  8  73
215  319  0007  0.578  0.609   -36   -34  -0.36054  -0.23883  9  74
215  278  0008  0.523  0.538   -32   -31  -0.29454  -0.22083  10  74
215  222  0009  0.553  0.570   142   142  0.36546  0.21117  9  75
215  250  0010  0.550  0.595    13    12  0.10746  -0.31083  10  75
215  209  0011  0.592  0.540   -98  -174  -0.03654  0.28317  9  73
215  232  0012  0.599  0.593  -149  -148  -0.29454  0.28317  10  75
215  209  0013  0.580  0.540    62  -174  -0.03654  0.28317  9  74
215  245  0014  0.560  0.573   -46   -46  -0.42654  -0.17883  9  74
215  209  0015  0.523  0.545   -86   -81  -0.54054  -0.00483  9  72
215  237  0016  0.561  0.586    20    21  0.19146  -0.29883  10  75
215  224  0017  0.588  0.607  -113  -112  -0.55254  0.15717  9  74
215  208  0018  0.563  0.540   109  -174  -0.03654  0.28317  8  73
215  235  0019  0.625  0.625   -11   -11  -0.14454  -0.31083  10  74
215  218  0020  0.551  0.579   -22   -20  -0.22254  -0.26883  10  74
215  208  0021  0.628  0.540   -96  -174  -0.03654  0.28317  10  72
215  209  0022  0.621  0.540  -108  -174  -0.03654  0.28317  9  73
215  220  0023  0.585  0.602  -127  -127  -0.46254  0.22317  9  74
215  210  0024  0.550  0.558   -59   -58  -0.48654  -0.11883  9  74
215  223  0025  0.590  0.595    39    37  0.34746  -0.26883  10  74
215  209  0026  0.617  0.540  -101  -174  -0.03654  0.28317  9  72
215  383  0027  0.595  0.615   137   138  0.42546  0.21117  9  74
215  209  0028  0.598  0.540   -98  -174  -0.03654  0.28317  9  73
215  207  0029  0.548  0.576   144   144  0.34746  0.22317  9  75
215  207  0030  0.562  0.540    99  -174  -0.03654  0.28317  8  72
215  202  0031  0.525  0.545   -69   178  0.02946  0.28317  8  73
215  205  0032  0.556  0.540  -110  -174  -0.03654  0.28317  9  73
215  363  0033  0.571  0.555  -179  -179  0.01746  0.28917  9  75
215  271  0034  0.519  0.534   -31   -30  -0.28854  -0.22083  10  74
215  256  0035  0.599  0.625   -60   -60  -0.55254  -0.12483  9  74
215  295  0036  0.611  0.617    -5    -4  -0.07254  -0.31683  10  75
215  273  0037  0.526  0.520    16    17  0.13746  -0.26883  10  75
215  208  0038  0.609  0.540  -133  -174  -0.03654  0.28317  9  73
215  242  0039  0.579  0.566  -136  -135  -0.38454  0.23517  9  75
215  264  0040  0.539  0.545  -139  -138  -0.34854  0.23517  10  75
215  209  0041  0.610  0.540    99  -174  -0.03654  0.28317  9  73
215  271  0042  0.545  0.547   -31   -30  -0.29454  -0.22683  10  75
215  350  0043  0.615  0.622   -34   -34  -0.36654  -0.24483  9  74
215  210  0044  0.613  0.540   107  -174  -0.03654  0.28317  9  73
215  205  0045  0.543  0.540  -109  -174  -0.03654  0.28317  9  72
215  210  0046  0.541  0.576   -22   -20  -0.21654  -0.26883  10  74
215  204  0047  0.540  0.540   -69  -174  -0.03654  0.28317  8  72
215  252  0048  0.551  0.564  -146  -146  -0.29454  0.26517  10  75
215  332  0049  0.606  0.622    27    28  0.27546  -0.30483  10  74
258  339  0000  0.511  0.510    17    18  0.14346  -0.26283  10  75
258  330  0001  0.540  0.560   -10    -9  -0.11454  -0.28083  9  75
258  292  0002  0.575  0.578  -149  -148  -0.28254  0.27717  10  75
258  293  0003  0.574  0.576  -147  -146  -0.30054  0.27117  10  75
258  286  0004  0.611  0.612  -152  -152  -0.26454  0.30117  10  75
258  243  0005  0.519  0.531   -76   -78  -0.52254  -0.02283  8  74
258  248  0006  0.516  0.531   -77   -78  -0.52254  -0.02283  8  74
258  265  0007  0.629  0.628  -113  -112  -0.57054  0.16317  10  74
258  218  0008  0.518  0.536   -52   -50  -0.42654  -0.14883  9  74
258  254  0009  0.524  0.533  -128  -129  -0.39654  0.20517  9  75
258  241  0010  0.534  0.547   -58   -58  -0.47454  -0.11883  8  74
258  201  0011  0.523  0.540   -95  -174  -0.03654  0.28317  9  71
258  439  0012  0.511  0.534   179   178  0.02946  0.27717  9  74
258  211  0013  0.514  0.521   -47   -46  -0.39054  -0.16083  10  74
258  210  0014  0.584  0.540   -92  -174  -0.03654  0.28317  8  74
258  236  0015  0.599  0.618    46    44  0.41946  -0.25683  10  75
258  208  0016  0.569  0.540   110  -174  -0.03654  0.28317  8  74
258  401  0017  0.630  0.621   158   157  0.25746  0.28317  9  74
258  334  0018  0.617  0.618     1     1  -0.00654  -0.32283  10  75
258  256  0019  0.583  0.598  -128  -128  -0.45654  0.22317  9  75
258  414  0020  0.613  0.618   140   139  0.41946  0.21717  9  74
258  286  0021  0.565  0.567  -156  -154  -0.22254  0.28317  10  75
258  262  0022  0.630  0.627     7     5  0.03546  -0.32883  10  74
258  281  0023  0.510  0.511    43    43  0.34146  -0.21483  11  75
258  205  0024  0.552  0.540    71  -174  -0.03654  0.28317  9  73
258  276  0025  0.524  0.558   147   148  0.30546  0.22917  9  75
258  248  0026  0.543  0.564   145   146  0.32946  0.22317  9  76
258  260  0027  0.539  0.572     1     1  -0.00654  -0.29883  10  75
258  379  0028  0.516  0.527   166   166  0.13746  0.25917  10  75
258  233  0029  0.560  0.564   -55   -56  -0.48054  -0.13083  9  74
258  208  0030  0.627  0.540    59  -174  -0.03654  0.28317  9  74
258  211  0031  0.616  0.540   -79  -174  -0.03654  0.28317  9  73
258  257  0032  0.592  0.614    67    66  0.55146  -0.16683  9  74
258  240  0033  0.581  0.602  -113  -113  -0.54054  0.16317  9  74
258  318  0034  0.603  0.608  -172  -172  -0.06054  0.31917  10  75
258  324  0035  0.531  0.537  -161  -162  -0.14454  0.27717  10  74
258  298  0036  0.528  0.564   148   149  0.29946  0.23517  9  75
258  303  0037  0.546  0.575    -1    -1  -0.03054  -0.29883  10  75
258  226  0038  0.535  0.543    77    81  0.53346  -0.07683  8  74
258  296  0039  0.565  0.571  -148  -147  -0.28854  0.27117  10  75
258  273  0040  0.513  0.539   150   151  0.27546  0.22917  9  75
258  209  0041  0.582  0.540   -73  -174  -0.03654  0.28317  9  73
258  203  0042  0.512  0.533    68    67  0.48546  -0.13683  9  74
258  318  0043  0.606  0.604  -155  -154  -0.24054  0.30117  10  74
258  212  0044  0.618  0.540    72  -174  -0.03654  0.28317  10  72
258  215  0045  0.538  0.544   107   108  0.52146  0.05517  8  74
258  243  0046  0.612  0.625  -131  -130  -0.46254  0.24117  9  74
258  273  0047  0.531  0.541    79    82  0.53346  -0.07083  8  74
258  279  0048  0.543  0.565  -141  -141  -0.33654  0.25317  10  76
258  209  0049  0.604  0.540    86  -174  -0.03654  0.28317  9  70
301  350  0000  0.549  0.554   -12   -11  -0.13254  -0.27483  10  76
301  314  0001  0.608  0.625  -138  -138  -0.39654  0.27117  10  75
301  210  0002  0.622  0.540    93  -174  -0.03654  0.28317  9  72
301  379  0003  0.564  0.594     3     3  0.01146  -0.31083  10  75
301  446  0004  0.518  0.525   167   167  0.13146  0.25917  10  76
301  230  0005  0.544  0.546   116   114  0.50346  0.08517  7  75
301  232  0006  0.524  0.529  -108  -107  -0.49854  0.11517  9  74
301  311  0007  0.593  0.607  -113  -112  -0.55254  0.15717  8  74
301  208  0008  0.593  0.540    82  -174  -0.03654  0.28317  9  70
301  354  0009  0.535  0.550  -152  -152  -0.23454  0.27117  9  75
301  222  0010  0.590  0.599   -78   -77  -0.58854  -0.02883  8  74
301  210  0011  0.616  0.540    84  -174  -0.03654  0.28317  9  69
301  290  0012  0.583  0.587    16    15  0.13746  -0.30483  10  75
301  302  0013  0.568  0.583   -44   -44  -0.42054  -0.19083  8  75
301  300  0014  0.605  0.619   111   113  0.57546  0.09117  8  74
301  379  0015  0.591  0.598   -17   -16  -0.19254  -0.28683  9  75
301  257  0016  0.576  0.575   -81   -81  -0.57054  -0.00483  7  74
301  229  0017  0.625  0.631  -108  -108  -0.58854  0.14517  10  74
301  371  0018  0.619  0.630    14    12  0.11946  -0.32883  10  74
301  333  0019  0.555  0.566  -149  -148  -0.27654  0.27117  9  76
301  212  0020  0.625  0.540    73  -174  -0.03654  0.28317  10  72
301  371  0021  0.523  0.530  -168  -167  -0.09654  0.27717  9  76
301  344  0022  0.561  0.595    13    12  0.10746  -0.31083  9  76
301  306  0023  0.553  0.579    38    37  0.33546  -0.26283  10  74
301  428  0024  0.606  0.618   -34   -33  -0.36054  -0.24483  8  74
301  316  0025  0.542  0.556  -141  -140  -0.33654  0.24717  9  76
301  427  0026  0.599  0.606   154   153  0.28746  0.26517  9  75
301  271  0027  0.571  0.588  -125  -125  -0.46254  0.21117  9  75
301  241  0028  0.539  0.553    62    62  0.47946  -0.16683  9  74
301  202  0029  0.552  0.540  -112  -174  -0.03654  0.28317  9  74
301  273  0030  0.582  0.597  -105  -106  -0.56454  0.12717  8  74
301  391  0031  0.619  0.630   -36   -35  -0.37854  -0.24483  9  75
301  281  0032  0.538  0.544    71    69  0.50346  -0.13083  8  74
301  403  0033  0.575  0.597   138   138  0.41346  0.20517  8  75
301  225  0034  0.512  0.530    79    82  0.52146  -0.07083  8  74
301  282  0035  0.570  0.559    82    83  0.55146  -0.07083  8  72
301  352  0036  0.536  0.552   -12   -11  -0.12654  -0.27483  10  76
301  353  0037  0.553  0.575    -1    -1  -0.03054  -0.29883  9  76
301  354  0038  0.539  0.524    19    19  0.15546  -0.26883  10  76
301  305  0039  0.532  0.547  -144  -144  -0.30054  0.25317  10  76
301  253  0040  0.596  0.622    51    51  0.47346  -0.23283  9  74
301  274  0041  0.527  0.518   143   142  0.32946  0.19317  10  76
301  316  0042  0.544  0.561    26    24  0.21546  -0.28083  10  75
301  352  0043  0.547  0.561    -6    -6  -0.07854  -0.28683  9  76
301  345  0044  0.510  0.526   -11   -10  -0.11454  -0.26283  10  75
301  375  0045  0.574  0.599    21    21  0.19746  -0.30483  10  75
301  201  0046  0.540  0.540   -91  -174  -0.03654  0.28317  8  73
301  206  0047  0.623  0.545  -100   178  0.02946  0.28317  9  72
301  262  0048  0.532  0.542  -100  -100  -0.52854  0.08517  8  73
301  445  0049  0.515  0.538   171   171  0.10146  0.27117  9  75
344  295  0000  0.548  0.553  -100   -99  -0.54054  0.08517  8  73
344  486  0001  0.609  0.618   140   139  0.41946  0.21717  8  75
344  241  0002  0.594  0.603   -84   -84  -0.60054  0.00717  7  75
344  450  0003  0.627  0.616   178   178  0.04146  0.31917  9  74
344  287  0004  0.547  0.547   114   113  0.50946  0.07917  7  75
344  507  0005  0.525  0.532   169   168  0.11946  0.26517  9  76
344  425  0006  0.542  0.569   159   159  0.21546  0.26517  8  76
344  261  0007  0.567  0.581   109   109  0.55146  0.06717  7  74
344  270  0008  0.581  0.589  -132  -132  -0.42054  0.23517  8  75
344  468  0009  0.596  0.584   172   171  0.10746  0.29517  9  75
344  327  0010  0.529  0.543    40    40  0.33546  -0.23883  10  75
344  364  0011  0.550  0.567   137   137  0.39546  0.19317  8  76
344  257  0012  0.541  0.543    74    73  0.51546  -0.11283  8  75
344  355  0013  0.617  0.625  -139  -138  -0.39654  0.27117  9  75
344  388  0014  0.568  0.587   -14   -14  -0.16254  -0.28683  9  76
344  365  0015  0.541  0.571     3     3  0.01146  -0.29883  10  75
344  218  0016  0.580  0.601   -74   -74  -0.58254  -0.04683  8  74
344  208  0017  0.580  0.592   105   105  0.57546  0.04317  8  74
344  422  0018  0.596  0.586  -177  -176  -0.01854  0.30717  9  76
344  528  0019  0.532  0.546   178   178  0.03546  0.28317  9  75
344  242  0020  0.524  0.526   -25   -25  -0.24054  -0.23283  10  75
344  377  0021  0.558  0.573    14    14  0.11946  -0.29883  9  76
344  296  0022  0.613  0.616  -132  -130  -0.45054  0.24117  9  74
344  245  0023  0.560  0.562   116   115  0.51546  0.09117  7  75
344  337  0024  0.551  0.537    20    20  0.16746  -0.27483  10  77
344  439  0025  0.578  0.568   174   172  0.08946  0.28917  9  77
344  396  0026  0.602  0.603   -18   -17  -0.20454  -0.28683  9  75
344  211  0027  0.629  0.540   -77  -174  -0.03654  0.28317  9  73
344  286  0028  0.546  0.553   -55   -56  -0.46854  -0.13083  8  75
344  259  0029  0.552  0.558  -104  -102  -0.54054  0.09717  8  74
344  331  0030  0.529  0.543    67    67  0.49146  -0.14283  8  74
344  382  0031  0.598  0.619   -61   -61  -0.55254  -0.11883  8  75
344  261  0032  0.605  0.627   106   106  0.60546  0.05517  9  74
344  309  0033  0.542  0.541    55    54  0.43146  -0.19083  8  74
344  427  0034  0.597  0.607   -16   -15  -0.18654  -0.29283  9  75
344  228  0035  0.587  0.601   107   108  0.57546  0.06117  8  74
344  410  0036  0.622  0.627   -20   -20  -0.23454  -0.29283  10  74
344  320  0037  0.582  0.569     8     7  0.05946  -0.29883  10  76
344  428  0038  0.531  0.513    12    11  0.08346  -0.26883  10  77
344  433  0039  0.574  0.576  -168  -167  -0.10854  0.30117  9  76
344  351  0040  0.543  0.563   -21   -20  -0.21054  -0.26283  9  75
344  215  0041  0.584  0.595   106   106  0.57546  0.04917  8  74
344  352  0042  0.530  0.547  -140  -139  -0.33654  0.24117  10  76
344  281  0043  0.521  0.528   -66   -65  -0.48654  -0.08283  7  75
344  258  0044  0.563  0.571   108   108  0.54546  0.06117  7  74
344  209  0045  0.627  0.540    99  -174  -0.03654  0.28317  9  73
344  434  0046  0.594  0.602   167   166  0.16146  0.29517  9  76
344  450  0047  0.610  0.628   -66   -64  -0.57654  -0.10083  9  74
344  310  0048  0.535  0.536  -124  -122  -0.43854  0.18117  8  75
344  411  0049  0.595  0.598   129   128  0.47946  0.16317  8  75
387  357  0000  0.586  0.602  -115  -115  -0.53454  0.16917  8  74
387  383  0001  0.534  0.534    93    91  0.53346  -0.02883  6  75
387  393  0002  0.514  0.524     6     6  0.04146  -0.27483  10  76
387  375  0003  0.606  0.616   -40   -39  -0.40854  -0.22083  8  76
387  385  0004  0.595  0.602   -31   -32  -0.33654  -0.24483  8  76
387  308  0005  0.528  0.532   121   121  0.46146  0.11517  7  76
387  211  0006  0.630  0.540    97  -174  -0.03654  0.28317  9  73
387  309  0007  0.595  0.600    90    91  0.59946  -0.02883  7  73
387  330  0008  0.593  0.610   110   112  0.56946  0.08517  7  75
387  579  0009  0.548  0.551  -175  -174  -0.03054  0.28917  8  76
387  483  0010  0.536  0.533  -134  -133  -0.37254  0.21717  9  76
387  561  0011  0.510  0.528  -173  -173  -0.04254  0.27717  9  76
387  313  0012  0.600  0.602    98    96  0.59946  -0.00483  7  75
387  474  0013  0.615  0.621   -36   -35  -0.37854  -0.23883  8  75
387  322  0014  0.533  0.536  -104  -103  -0.51654  0.09717  7  74
387  469  0015  0.617  0.602  -180   179  0.02946  0.31317  8  75
387  442  0016  0.565  0.578   -15   -15  -0.16854  -0.28083  9  76
387  240  0017  0.630  0.630  -106  -105  -0.60054  0.12717  10  73
387  347  0018  0.589  0.609    65    64  0.53946  -0.17283  8  75
387  318  0019  0.529  0.546   -53   -51  -0.43854  -0.14883  8  75
387  338  0020  0.519  0.537   -85   -83  -0.53454  0.00117  7  72
387  272  0021  0.592  0.603   102   101  0.59346  0.02517  7  74
387  366  0022  0.571  0.579  -127  -126  -0.45054  0.21117  8  76
387  293  0023  0.584  0.587  -101  -101  -0.57054  0.09717  8  75
387  389  0024  0.612  0.617  -115  -114  -0.55254  0.16917  8  75
387  415  0025  0.584  0.591   -12   -12  -0.14454  -0.29283  9  76
387  364  0026  0.605  0.611   124   125  0.50946  0.15117  8  75
387  292  0027  0.519  0.523   -25   -24  -0.23454  -0.23283  10  75
387  467  0028  0.534  0.541  -132  -132  -0.38454  0.21717  8  76
387  428  0029  0.539  0.541    90    88  0.53946  -0.04083  6  75
387  464  0030  0.614  0.615    -4    -3  -0.06054  -0.31683  10  75
387  213  0031  0.596  0.601    87    89  0.59946  -0.04083  8  72
387  420  0032  0.523  0.534    82    83  0.52746  -0.06483  6  75
387  245  0033  0.579  0.611   -72   -68  -0.57654  -0.07683  8  74
387  442  0034  0.584  0.593    24    23  0.21546  -0.29883  9  75
387  488  0035  0.609  0.622    21    21  0.20346  -0.31683  9  75
387  434  0036  0.578  0.597   140   139  0.40146  0.21117  8  76
387  459  0037  0.517  0.514    13    12  0.08946  -0.26883  10  77
387  374  0038  0.542  0.553   141   140  0.36546  0.19917  9  76
387  367  0039  0.539  0.539    43    43  0.35946  -0.22683  9  76
387  292  0040  0.597  0.605   -94   -93  -0.60054  0.06117  7  75
387  457  0041  0.577  0.588   129   129  0.46746  0.16317  7  76
387  424  0042  0.625  0.630    51    52  0.48546  -0.23283  9  74
387  456  0043  0.602  0.622  -145  -145  -0.33654  0.28917  9  76
387  416  0044  0.553  0.568  -141  -140  -0.34254  0.25317  9  77
387  370  0045  0.600  0.619  -125  -126  -0.48654  0.22317  8  75
387  312  0046  0.575  0.578   -86   -85  -0.57654  0.01317  6  75
387  363  0047  0.585  0.595    94    94  0.59346  -0.01683  6  74
387  357  0048  0.564  0.588   -23   -22  -0.24054  -0.26883  9  76
387  503  0049  0.578  0.586   159   159  0.22746  0.27117  8  76
429  412  0000  0.550  0.553    90    89  0.55146  -0.04083  5  75
429  453  0001  0.518  0.548   161   161  0.19146  0.25917  8  76
429  395  0002  0.570  0.578    45    45  0.39546  -0.23883  8  76
429  439  0003  0.533  0.547  -140  -139  -0.33654  0.24117  9  77
429  357  0004  0.626  0.629  -109  -110  -0.58254  0.15117  10  74
429  385  0005  0.514  0.527   108   108  0.50346  0.05517  6  74
429  426  0006  0.609  0.628  -125  -125  -0.49854  0.22317  8  76
429  377  0007  0.519  0.536   -52   -50  -0.42654  -0.14883  8  75
429  484  0008  0.630  0.627    53    53  0.49146  -0.22683  8  74
429  375  0009  0.522  0.530  -104  -103  -0.51054  0.09717  7  74
429  399  0010  0.548  0.575   132   134  0.42546  0.18117  8  79
429  235  0011  0.626  0.630    90    92  0.62946  -0.02883  10  73
429  566  0012  0.513  0.512     9     9  0.06546  -0.26883  10  76
429  454  0013  0.556  0.569  -145  -145  -0.30654  0.26517  9  77
429  301  0014  0.584  0.597   102   101  0.58746  0.02517  7  74
429  505  0015  0.542  0.559   159   159  0.21546  0.25917  8  77
429  294  0016  0.628  0.626   -86   -86  -0.62454  0.01917  10  73
429  482  0017  0.616  0.605   173   172  0.10146  0.30717  9  75
429  411  0018  0.550  0.565   -35   -34  -0.33654  -0.22083  8  77
429  373  0019  0.510  0.526   -83   -81  -0.52254  -0.00483  8  73
429  456  0020  0.556  0.574  -142  -142  -0.33654  0.25917  9  78
429  391  0021  0.609  0.622   -48   -47  -0.46854  -0.19083  8  75
429  367  0022  0.510  0.518   -67   -66  -0.48054  -0.07683  7  75
429  460  0023  0.523  0.526  -120  -119  -0.45054  0.16317  7  75
429  465  0024  0.520  0.529  -151  -151  -0.23454  0.25917  10  76
429  423  0025  0.593  0.609  -128  -128  -0.46254  0.22917  8  75
429  368  0026  0.622  0.626     8     7  0.06546  -0.32883  10  75
429  478  0027  0.579  0.587  -140  -140  -0.36054  0.25917  8  77
429  536  0028  0.524  0.533  -133  -133  -0.37254  0.21717  9  76
429  370  0029  0.588  0.589    17    16  0.14946  -0.30483  9  76
429  519  0030  0.629  0.627   -32   -33  -0.36054  -0.25083  8  74
429  427  0031  0.629  0.626    23    22  0.22146  -0.31683  9  75
429  411  0032  0.592  0.623  -159  -160  -0.19254  0.31917  10  76
429  484  0033  0.585  0.600   -14   -14  -0.16854  -0.29283  9  77
429  441  0034  0.517  0.523   -14   -13  -0.13854  -0.25683  10  77
429  398  0035  0.516  0.523    28    27  0.22746  -0.25683  10  76
429  458  0036  0.604  0.612   126   126  0.50346  0.15717  7  75
429  405  0037  0.545  0.573   -37   -35  -0.34854  -0.22083  8  76
429  313  0038  0.554  0.558    94    92  0.55746  -0.02283  6  75
429  316  0039  0.568  0.589    55    54  0.46746  -0.20883  8  75
429  524  0040  0.630  0.626   -34   -34  -0.37254  -0.24483  8  75
429  405  0041  0.532  0.536   -60   -60  -0.47454  -0.10683  6  75
429  408  0042  0.524  0.525   -36   -35  -0.31854  -0.20283  9  76
429  441  0043  0.580  0.592   143   143  0.37146  0.22317  8  77
429  426  0044  0.510  0.543   162   162  0.17946  0.25917  9  76
429  578  0045  0.545  0.556  -165  -164  -0.12654  0.28917  8  76
429  411  0046  0.598  0.610    44    43  0.40746  -0.25683  9  75
429  517  0047  0.621  0.629     2     2  0.00546  -0.32883  9  76
429  307  0048  0.556  0.562   105   105  0.54546  0.04317  6  74
429  462  0049  0.533  0.548    25    24  0.20946  -0.27483  9  76
472  469  0000  0.544  0.548   -78   -79  -0.54054  -0.01683  5  74
472  350  0001  0.536  0.544   118   117  0.49146  0.09717  6  77
472  524  0002  0.624  0.630    14    13  0.12546  -0.32883  10  75
472  535  0003  0.553  0.570    24    23  0.20946  -0.28683  9  77
472  366  0004  0.590  0.604   119   118  0.53946  0.11517  7  76
472  418  0005  0.595  0.601    92    93  0.59946  -0.02283  6  74
472  382  0006  0.568  0.575   110   110  0.54546  0.06717  6  75
472  517  0007  0.595  0.616   -66   -64  -0.56454  -0.10083  7  74
472  333  0008  0.533  0.548   -89   -86  -0.54654  0.01917  6  74
472  418  0009  0.621  0.627   -53   -53  -0.51654  -0.16083  8  75
472  291  0010  0.574  0.586   -74   -75  -0.57054  -0.04083  7  75
472  470  0011  0.530  0.552   -18   -17  -0.18654  -0.26283  9  76
472  447  0012  0.552  0.563    64    64  0.49746  -0.16083  6  75
472  323  0013  0.612  0.627  -102  -102  -0.60654  0.10917  9  75
472  514  0014  0.526  0.530    16    16  0.13146  -0.27483  9  77
472  500  0015  0.602  0.618    19    19  0.18546  -0.31683  9  76
472  454  0016  0.538  0.553   -48   -47  -0.42054  -0.16683  7  76
472  385  0017  0.590  0.611   -71   -68  -0.57654  -0.07683  7  75
472  417  0018  0.548  0.566   122   123  0.47946  0.13317  5  77
472  577  0019  0.620  0.628   -65   -64  -0.57654  -0.10083  8  74
472  405  0020  0.580  0.590    97    96  0.58746  -0.00483  5  74
472  447  0021  0.577  0.583   -25   -25  -0.27054  -0.25683  9  76
472  550  0022  0.572  0.570  -163  -163  -0.14454  0.29517  8  76
472  472  0023  0.516  0.530   150   150  0.27546  0.22317  8  78
472  405  0024  0.539  0.561   -23   -22  -0.22854  -0.25683  9  76
472  529  0025  0.524  0.530    50    50  0.39546  -0.20283  8  76
472  350  0026  0.540  0.544   118   117  0.49146  0.09717  5  77
472  493  0027  0.593  0.612    34    33  0.32346  -0.28683  9  75
472  478  0028  0.603  0.608    15    14  0.13146  -0.31683  9  76
472  326  0029  0.611  0.619   -99   -99  -0.60654  0.09117  9  75
472  281  0030  0.565  0.586   -70   -67  -0.54654  -0.08283  7  75
472  498  0031  0.583  0.591  -146  -146  -0.31254  0.27717  9  77
472  382  0032  0.580  0.587  -101  -101  -0.57054  0.09717  7  75
472  614  0033  0.510  0.528  -172  -172  -0.04854  0.27717  9  77
472  400  0034  0.628  0.630    67    66  0.56946  -0.16683  9  74
472  408  0035  0.540  0.551   -98   -98  -0.54054  0.07917  6  73
472  535  0036  0.625  0.621    -6    -6  -0.09054  -0.31683  10  76
472  474  0037  0.597  0.613  -138  -138  -0.39054  0.26517  8  77
472  492  0038  0.626  0.621  -161  -161  -0.18054  0.31917  9  74
472  513  0039  0.524  0.534    83    83  0.52746  -0.06483  5  75
472  473  0040  0.570  0.583   -33   -33  -0.33654  -0.23283  8  77
472  449  0041  0.621  0.628  -117  -117  -0.54654  0.18717  8  75
472  507  0042  0.592  0.595   -13   -13  -0.15654  -0.29283  9  77
472  334  0043  0.590  0.601   107   108  0.57546  0.06117  6  75
472  357  0044  0.530  0.540    60    59  0.45546  -0.17283  7  75
472  493  0045  0.587  0.608    27    27  0.26346  -0.29883  9  76
472  429  0046  0.519  0.527   133   133  0.39546  0.16317  8  77
472  430  0047  0.609  0.622   -48   -47  -0.46854  -0.19083  8  75
472  498  0048  0.587  0.590  -156  -155  -0.22854  0.29517  9  76
472  380  0049  0.560  0.558  -120  -119  -0.47454  0.17517  7  77
515  690  0000  0.514  0.528  -175  -174  -0.03054  0.27717  9  78
515  548  0001  0.513  0.519  -155  -154  -0.20454  0.25917  10  76
515  598  0002  0.598  0.602    -3    -3  -0.05454  -0.31083  9  76
515  523  0003  0.541  0.549    13    12  0.10146  -0.28683  9  78
515  464  0004  0.555  0.560    43    42  0.36546  -0.23883  9  78
515  460  0005  0.518  0.528   -46   -45  -0.39054  -0.16683  8  76
515  395  0006  0.621  0.626   -85   -85  -0.62454  0.01317  9  74
515  520  0007  0.625  0.625  -121  -120  -0.52854  0.19917  8  74
515  496  0008  0.517  0.526   -20   -20  -0.19854  -0.24483  10  77
515  437  0009  0.605  0.616   -72   -71  -0.58854  -0.06483  7  75
515  531  0010  0.557  0.564   -31   -30  -0.30654  -0.23283  8  77
515  438  0011  0.583  0.589    41    41  0.37146  -0.25683  9  77
515  383  0012  0.526  0.541   -95   -96  -0.53454  0.06717  6  73
515  564  0013  0.577  0.593  -143  -143  -0.33654  0.27117  9  78
515  596  0014  0.609  0.628   -66   -64  -0.57654  -0.10083  8  75
515  501  0015  0.567  0.575    26    25  0.22746  -0.28683  9  77
515  360  0016  0.578  0.586   105   105  0.56946  0.04317  6  75
515  435  0017  0.622  0.629   111   111  0.59346  0.07917  9  75
515  603  0018  0.582  0.605     3     3  0.01146  -0.31683  10  78
515  561  0019  0.534  0.541    82    82  0.53346  -0.07083  5  76
515  367  0020  0.589  0.599    77    76  0.57546  -0.11283  8  73
515  495  0021  0.600  0.610    44    43  0.40746  -0.25683  8  76
515  347  0022  0.629  0.628   -76   -75  -0.61254  -0.04083  10  74
515  408  0023  0.541  0.549   -54   -54  -0.45654  -0.13683  6  77
515  500  0024  0.572  0.573  -134  -134  -0.39654  0.23517  7  78
515  475  0025  0.570  0.574    62    62  0.49746  -0.17283  6  76
515  375  0026  0.582  0.605   -71   -68  -0.57054  -0.07683  6  75
515  469  0027  0.547  0.548    54    54  0.43146  -0.19683  7  76
515  440  0028  0.574  0.592   -63   -62  -0.53454  -0.10683  5  76
515  405  0029  0.552  0.549   -75   -78  -0.54054  -0.02283  5  75
515  407  0030  0.602  0.608   -51   -51  -0.48654  -0.16683  7  75
515  301  0031  0.597  0.605    79    78  0.58746  -0.10083  8  72
515  588  0032  0.582  0.599    21    21  0.19746  -0.30483  9  77
515  397  0033  0.554  0.560   118   117  0.50346  0.10317  5  77
515  482  0034  0.538  0.540  -116  -116  -0.47454  0.15717  6  76
515  544  0035  0.545  0.548    88    87  0.54546  -0.04683  4  76
515  607  0036  0.543  0.540  -171  -171  -0.06054  0.28317  8  79
515  313  0037  0.557  0.554   -73   -75  -0.54054  -0.03483  6  76
515  546  0038  0.627  0.624    33    33  0.32946  -0.29283  9  75
515  413  0039  0.554  0.569   -94   -94  -0.56454  0.06117  5  75
515  498  0040  0.583  0.609    34    33  0.31746  -0.28683  9  76
515  578  0041  0.593  0.601   -33   -33  -0.34854  -0.23883  7  76
515  541  0042  0.590  0.600   147   147  0.34146  0.24117  7  77
515  515  0043  0.613  0.619    65    65  0.55146  -0.17283  8  74
515  655  0044  0.598  0.592   179   178  0.03546  0.30717  8  77
515  493  0045  0.550  0.554   -78   -79  -0.54654  -0.01683  5  74
515  391  0046  0.567  0.573    75    76  0.55146  -0.10683  7  75
515  446  0047  0.559  0.562  -129  -128  -0.42654  0.21117  7  77
515  539  0048  0.577  0.606    32    30  0.28746  -0.29283  10  75
515  456  0049  0.538  0.543   130   129  0.43146  0.15117  7  80
558  493  0000  0.534  0.540    29    29  0.24546  -0.26283  9  78
558  433  0001  0.589  0.596   -85   -85  -0.59454  0.01317  4  77
558  411  0002  0.617  0.627  -100   -99  -0.61254  0.09717  9  74
558  571  0003  0.564  0.592    31    29  0.27546  -0.28683  9  76
558  557  0004  0.527  0.535   -79   -79  -0.52854  -0.01683  5  74
558  612  0005  0.573  0.589   -15   -14  -0.16854  -0.28683  9  78
558  653  0006  0.582  0.583   176   176  0.05346  0.30117  8  78
558  392  0007  0.551  0.560   103   104  0.54546  0.03717  5  75
558  441  0008  0.510  0.517    63    62  0.44946  -0.15483  8  75
558  526  0009  0.523  0.530    40    40  0.32946  -0.23283  10  76
558  584  0010  0.592  0.597   132   131  0.46146  0.17517  6  78
558  584  0011  0.547  0.559  -140  -140  -0.34254  0.24717  9  80
558  445  0012  0.592  0.600   -95   -95  -0.59454  0.06717  6  76
558  576  0013  0.549  0.565   147   147  0.31746  0.22917  7  80
558  529  0014  0.520  0.531   -78   -78  -0.52254  -0.02283  5  74
558  655  0015  0.558  0.572   159   159  0.22146  0.26517  7  79
558  504  0016  0.613  0.625    46    45  0.43146  -0.25683  8  76
558  690  0017  0.575  0.584   165   164  0.17346  0.28317  8  78
558  606  0018  0.623  0.622  -168  -167  -0.10854  0.32517  9  76
558  604  0019  0.615  0.610   162   161  0.20946  0.28917  8  76
558  447  0020  0.567  0.576   119   119  0.50946  0.11517  5  78
558  540  0021  0.569  0.577    26    25  0.23346  -0.28683  8  78
558  627  0022  0.529  0.537    86    86  0.53346  -0.05283  4  76
558  641  0023  0.542  0.545  -134  -134  -0.37854  0.22317  7  78
558  556  0024  0.599  0.619    53    52  0.47946  -0.22683  7  76
558  406  0025  0.613  0.628    80    79  0.61146  -0.10083  9  71
558  622  0026  0.552  0.573   154   154  0.26346  0.25317  7  80
558  618  0027  0.548  0.564   149   149  0.29946  0.23517  7  79
558  322  0028  0.621  0.625    89    90  0.62346  -0.04083  9  72
558  471  0029  0.529  0.525  -158  -157  -0.18654  0.26517  10  78
558  574  0030  0.526  0.528    15    15  0.11946  -0.27483  9  79
558  618  0031  0.514  0.525  -130  -130  -0.38454  0.20517  8  76
558  576  0032  0.603  0.622  -160  -160  -0.18654  0.31917  9  76
558  549  0033  0.620  0.630  -119  -119  -0.53454  0.19917  8  76
558  517  0034  0.545  0.548    54    54  0.43146  -0.19683  7  76
558  530  0035  0.598  0.616   117   116  0.55746  0.10917  6  76
558  484  0036  0.584  0.590    62    61  0.50946  -0.17883  6  77
558  659  0037  0.529  0.546   173   172  0.08946  0.27717  9  79
558  629  0038  0.558  0.566    -8    -7  -0.09654  -0.28683  9  78
558  600  0039  0.541  0.559   154   154  0.25746  0.24717  7  79
558  469  0040  0.511  0.528    69    69  0.48546  -0.13083  6  74
558  559  0041  0.536  0.558     4     4  0.02346  -0.29283  9  77
558  487  0042  0.526  0.536  -103  -103  -0.51654  0.09717  5  74
558  583  0043  0.629  0.625   -19   -19  -0.22854  -0.29283  8  75
558  451  0044  0.533  0.535    96    93  0.53346  -0.01683  4  76
558  633  0045  0.554  0.565  -168  -167  -0.10254  0.29517  8  79
558  707  0046  0.516  0.531  -179  -179  0.01146  0.27717  9  78
558  528  0047  0.522  0.527   143   143  0.32946  0.19917  8  78
558  443  0048  0.511  0.526   105   106  0.50946  0.04317  6  75
558  608  0049  0.522  0.531    52    52  0.40746  -0.19683  8  76
601  495  0000  0.580  0.602   -68   -66  -0.55854  -0.08883  5  76
601  618  0001  0.586  0.593   -45   -44  -0.43254  -0.19083  6  76
601  366  0002  0.630  0.627    98    97  0.62346  0.00117  9  74
601  548  0003  0.607  0.616  -108  -108  -0.57654  0.13917  7  76
601  532  0004  0.614  0.620    38    37  0.35946  -0.28083  8  76
601  620  0005  0.617  0.628  -122  -122  -0.51654  0.21117  7  76
601  575  0006  0.609  0.630  -135  -136  -0.42054  0.26517  8  77
601  570  0007  0.550  0.569   -22   -21  -0.22254  -0.26283  8  77
601  586  0008  0.534  0.542   -78   -79  -0.53454  -0.01683  4  75
601  700  0009  0.581  0.577  -179  -179  0.01146  0.30117  8  78
601  651  0010  0.557  0.573    -6    -5  -0.07854  -0.29283  9  79
601  653  0011  0.546  0.558  -154  -153  -0.22854  0.27717  8  77
601  480  0012  0.582  0.590   -79   -79  -0.58254  -0.01683  4  77
601  478  0013  0.595  0.605   -94   -93  -0.60054  0.06117  5  77
601  493  0014  0.549  0.556   116   115  0.50946  0.09117  3  78
601  661  0015  0.536  0.544   165   165  0.15546  0.26517  9  81
601  487  0016  0.587  0.598   120   121  0.52146  0.12717  5  78
601  425  0017  0.579  0.575    85    84  0.56946  -0.06483  5  73
601  535  0018  0.579  0.592   -63   -62  -0.53454  -0.10683  4  77
601  432  0019  0.562  0.563   -75   -77  -0.55254  -0.02883  5  76
601  518  0020  0.572  0.582    93    92  0.58146  -0.02283  3  75
601  486  0021  0.597  0.605   -50   -49  -0.47454  -0.17283  6  76
601  615  0022  0.567  0.570   -30   -29  -0.30054  -0.23883  7  79
601  600  0023  0.562  0.558     9     9  0.07146  -0.29283  9  79
601  548  0024  0.537  0.548    64    64  0.48546  -0.15483  5  76
601  498  0025  0.558  0.565   113   112  0.52746  0.07917  4  77
601  485  0026  0.512  0.522   -70   -69  -0.49254  -0.06483  5  76
601  575  0027  0.625  0.624   132   130  0.48546  0.18117  7  75
601  535  0028  0.514  0.524   -52   -51  -0.42054  -0.14283  7  76
601  520  0029  0.513  0.519  -101  -101  -0.50454  0.08517  5  74
601  711  0030  0.593  0.586  -175  -175  -0.03054  0.30717  8  77
601  512  0031  0.529  0.536   115   113  0.49746  0.07917  4  77
601  672  0032  0.550  0.566   151   151  0.28746  0.24117  7  80
601  573  0033  0.595  0.598    25    24  0.23346  -0.29883  8  77
601  643  0034  0.628  0.628   137   136  0.44346  0.21117  8  76
601  644  0035  0.534  0.545  -138  -138  -0.34854  0.23517  8  79
601  400  0036  0.579  0.598   -72   -70  -0.57054  -0.06483  5  77
601  629  0037  0.526  0.534   -13   -13  -0.13854  -0.26283  9  79
601  548  0038  0.533  0.542   109   109  0.51546  0.06117  3  76
601  557  0039  0.567  0.573    50    49  0.42546  -0.22083  7  78
601  595  0040  0.614  0.602   174   173  0.08946  0.30717  9  77
601  574  0041  0.554  0.558    52    51  0.42546  -0.20883  6  77
601  635  0042  0.530  0.535    90    88  0.53346  -0.04083  3  77
601  581  0043  0.534  0.535    43    43  0.35346  -0.22683  9  78
601  507  0044  0.575  0.581   -81   -81  -0.57654  -0.00483  4  77
601  527  0045  0.529  0.539   -99   -99  -0.52854  0.07917  5  74
601  493  0046  0.610  0.620   121   120  0.54546  0.12717  7  76
601  768  0047  0.512  0.528  -175  -174  -0.03054  0.27717  9  78
601  458  0048  0.548  0.551   -70   -69  -0.52254  -0.06483  4  77
601  640  0049  0.578  0.590   126   126  0.48546  0.15117  5  77
43  210  0000  0.534  0.540    23  -174  -0.03654  0.28317  10  73
43  210  0001  0.625  0.540  -110  -174  -0.03654  0.28317  9  73
43  208  0002  0.579  0.540    67  -174  -0.03654  0.28317  9  72
43  208  0003  0.564  0.540   110  -174  -0.03654  0.28317  9  72
43  210  0004  0.540  0.540   113  -174  -0.03654  0.28317  9  72
43  210  0005  0.544  0.540    55  -174  -0.03654  0.28317  10  72
43  210  0006  0.523  0.540    93  -174  -0.03654  0.28317  9  73
43  210  0007  0.564  0.540   -78  -174  -0.03654  0.28317  9  72
43  235  0008  0.542  0.545   177   178  0.02946  0.28317  9  73
43  211  0009  0.581  0.540   -92  -174  -0.03654  0.28317  9  73
43  210  0010  0.556  0.540   128  -174  -0.03654  0.28317  10  73
43  209  0011  0.557  0.540   168  -174  -0.03654  0.28317  10  74
43  207  0012  0.526  0.540   139  -174  -0.03654  0.28317  9  73
43  208  0013  0.629  0.540   -38  -174  -0.03654  0.28317  9  73
43  210  0014  0.564  0.540  -138  -174  -0.03654  0.28317  10  73
43  208  0015  0.620  0.540    40  -174  -0.03654  0.28317  9  72
43  210  0016  0.562  0.540    25  -174  -0.03654  0.28317  10  73
43  210  0017  0.545  0.540    94  -174  -0.03654  0.28317  9  72
43  211  0018  0.573  0.540    45  -174  -0.03654  0.28317  9  73
43  210  0019  0.621  0.540  -134  -174  -0.03654  0.28317  9  72
43  210  0020  0.573  0.540   -40  -174  -0.03654  0.28317  9  73
43  210  0021  0.550  0.540   -53  -174  -0.03654  0.28317  9  72
43  210  0022  0.536  0.540   122  -174  -0.03654  0.28317  9  73
43  208  0023  0.582  0.540  -150  -174  -0.03654  0.28317  10  73
43  207  0024  0.549  0.540  -131  -174  -0.03654  0.28317  9  73
43  211  0025  0.589  0.540   -40  -174  -0.03654  0.28317  9  73
43  210  0026  0.529  0.540  -143  -174  -0.03654  0.28317  10  73
43  210  0027  0.579  0.540   -75  -174  -0.03654  0.28317  9  72
43  210  0028  0.612  0.540   159  -174  -0.03654  0.28317  9  73
43  209  0029  0.516  0.540  -119  -174  -0.03654  0.28317  9  73
43  208  0030  0.577  0.540  -167  -174  -0.03654  0.28317  10  73
43  210  0031  0.569  0.540    12  -174  -0.03654  0.28317  10  73
43  210  0032  0.533  0.540   -34  -174  -0.03654  0.28317  9  73
43  211  0033  0.559  0.540    27  -174  -0.03654  0.28317  10  73
43  251  0034  0.538  0.540  -174  -174  -0.03654  0.28317  9  73
43  208  0035  0.531  0.540  -128  -174  -0.03654  0.28317  9  73
43  221  0036  0.533  0.551   171   170  0.10746  0.27717  9  73
43  211  0037  0.629  0.540   125  -174  -0.03654  0.28317  9  72
43  211  0038  0.573  0.540   -95  -174  -0.03654  0.28317  9  72
43  210  0039  0.516  0.540  -111  -174  -0.03654  0.28317  9  72
43  210  0040  0.543  0.540   132  -174  -0.03654  0.28317  10  73
43  208  0041  0.561  0.540     4  -174  -0.03654  0.28317  10  73
43  209  0042  0.612  0.540    -4  -174  -0.03654  0.28317  10  73
43  210  0043  0.554  0.540    93  -174  -0.03654  0.28317  9  72
43  210  0044  0.605  0.540    61  -174  -0.03654  0.28317  9  73
43  233  0045  0.518  0.544  -179   179  0.02346  0.28317  9  73
43  208  0046  0.530  0.540  -125  -174  -0.03654  0.28317  9  72
43  208  0047  0.520  0.540  -150  -174  -0.03654  0.28317  10  73
43  210  0048  0.601  0.540   -10  -174  -0.03654  0.28317  10  73
43  210  0049  0.530  0.540   -48  -174  -0.03654  0.28317  9  73
86  207  0000  0.588  0.540    -7  -174  -0.03654  0.28317  10  74
86  210  0001  0.576  0.540   142  -174  -0.03654  0.28317  9  73
86  208  0002  0.593  0.540   -87  -174  -0.03654  0.28317  9  72
86  208  0003  0.573  0.540   -89  -174  -0.03654  0.28317  9  73
86  209  0004  0.527  0.540    70  -174  -0.03654  0.28317  9  72
86  207  0005  0.519  0.540    14  -174  -0.03654  0.28317  10  73
86  207  0006  0.530  0.540   -93  -174  -0.03654  0.28317  9  71
86  209  0007  0.583  0.540    49  -174  -0.03654  0.28317  9  73
86  210  0008  0.590  0.540   -99  -174  -0.03654  0.28317  9  72
86  210  0009  0.607  0.540     7  -174  -0.03654  0.28317  10  73
86  209  0010  0.532  0.540   154  -174  -0.03654  0.28317  10  74
86  242  0011  0.601  0.551  -173  -174  -0.03654  0.28917  9  73
86  210  0012  0.517  0.540    -4  -174  -0.03654  0.28317  10  73
86  211  0013  0.587  0.540  -134  -174  -0.03654  0.28317  9  73
86  274  0014  0.570  0.557  -180   178  0.02946  0.28917  9  73
86  210  0015  0.537  0.540  -153  -174  -0.03654  0.28317  10  73
86  208  0016  0.519  0.540   -47  -174  -0.03654  0.28317  9  73
86  210  0017  0.603  0.540  -148  -174  -0.03654  0.28317  10  73
86  208  0018  0.515  0.540   108  -174  -0.03654  0.28317  9  72
86  209  0019  0.558  0.540    90  -174  -0.03654  0.28317  9  73
86  209  0020  0.562  0.540   -68  -174  -0.03654  0.28317  9  72
86  257  0021  0.598  0.568  -180   178  0.02946  0.29517  9  73
86  210  0022  0.538  0.540    40  -174  -0.03654  0.28317  10  73
86  208  0023  0.565  0.540    72  -174  -0.03654  0.28317  9  72
86  205  0024  0.583  0.540  -168  -174  -0.03654  0.28317  10  74
86  208  0025  0.525  0.540   -85  -174  -0.03654  0.28317  9  72
86  211  0026  0.614  0.540   -31  -174  -0.03654  0.28317  9  73
86  207  0027  0.528  0.540  -152  -174  -0.03654  0.28317  10  73
86  209  0028  0.522  0.540    75  -174  -0.03654  0.28317  9  72
86  207  0029  0.578  0.540   114  -174  -0.03654  0.28317  9  73
86  230  0030  0.623  0.631   -60   -61  -0.56454  -0.11883  10  74
86  206  0031  0.623  0.551  -171  -174  -0.03654  0.28917  9  73
86  211  0032  0.627  0.540    54  -174  -0.03654  0.28317  9  73
86  210  0033  0.595  0.540  -125  -174  -0.03654  0.28317  9  73
86  210  0034  0.556  0.540    19  -174  -0.03654  0.28317  10  73
86  210  0035  0.531  0.540  -147  -174  -0.03654  0.28317  10  73
86  209  0036  0.549  0.540   125  -174  -0.03654  0.28317  9  73
86  208  0037  0.583  0.540    66  -174  -0.03654  0.28317  9  72
86  209  0038  0.629  0.540    65  -174  -0.03654  0.28317  9  72
86  210  0039  0.522  0.540   -29  -174  -0.03654  0.28317  10  73
86  220  0040  0.623  0.626   -66   -63  -0.57054  -0.10683  10  74
86  207  0041  0.522  0.540   -91  -174  -0.03654  0.28317  9  71
86  209  0042  0.566  0.540   -25  -174  -0.03654  0.28317  10  73
86  215  0043  0.620  0.581   176   177  0.04146  0.30117  9  73
86  209  0044  0.531  0.540  -161  -174  -0.03654  0.28317  10  73
86  210  0045  0.602  0.540    14  -174  -0.03654  0.28317  10  73
86  210  0046  0.620  0.540    51  -174  -0.03654  0.28317  9  73
86  210  0047  0.594  0.540   -41  -174  -0.03654  0.28317  9  73
86  211  0048  0.624  0.540   105  -174  -0.03654  0.28317  9  72
86  207  0049  0.575  0.540  -138  -174  -0.03654  0.28317  10  74
129  256  0000  0.612  0.616     5     4  0.02346  -0.32283  10  74
129  209  0001  0.541  0.540     0  -174  -0.03654  0.28317  10  74
129  282  0002  0.562  0.570   176   177  0.04146  0.29517  9  74
129  315  0003  0.547  0.551  -176  -174  -0.03054  0.28917  9  74
129  218  0004  0.620  0.615    -4    -3  -0.06054  -0.31683  10  74
129  211  0005  0.625  0.540  -119  -174  -0.03654  0.28317  9  73
129  210  0006  0.523  0.540    33  -174  -0.03654  0.28317  10  72
129  240  0007  0.624  0.615   161   158  0.24546  0.28317  10  74
129  207  0008  0.523  0.540  -158  -174  -0.03654  0.28317  10  73
129  209  0009  0.618  0.540    74  -174  -0.03654  0.28317  9  71
129  205  0010  0.534  0.540   129  -174  -0.03654  0.28317  9  74
129  209  0011  0.615  0.540    59  -174  -0.03654  0.28317  9  73
129  231  0012  0.539  0.577   159   160  0.20946  0.27117  9  74
129  211  0013  0.630  0.540  -139  -174  -0.03654  0.28317  9  73
129  219  0014  0.569  0.593   -16   -15  -0.18054  -0.28683  10  74
129  307  0015  0.596  0.615   138   138  0.42546  0.21117  9  74
129  211  0016  0.617  0.540   -80  -174  -0.03654  0.28317  9  72
129  256  0017  0.630  0.627   150   150  0.32346  0.26517  10  73
129  210  0018  0.551  0.547  -161  -163  -0.13854  0.28317  10  74
129  209  0019  0.570  0.540   109  -174  -0.03654  0.28317  9  72
129  207  0020  0.532  0.540  -122  -174  -0.03654  0.28317  9  73
129  210  0021  0.612  0.540  -106  -174  -0.03654  0.28317  9  72
129  273  0022  0.594  0.594   162   162  0.19746  0.28317  9  74
129  208  0023  0.555  0.540    71  -174  -0.03654  0.28317  9  72
129  207  0024  0.559  0.540   -19  -174  -0.03654  0.28317  10  74
129  210  0025  0.596  0.540    88  -174  -0.03654  0.28317  9  71
129  210  0026  0.630  0.540   119  -174  -0.03654  0.28317  9  73
129  209  0027  0.557  0.540     6  -174  -0.03654  0.28317  10  74
129  234  0028  0.615  0.563  -177  -174  -0.03054  0.29517  9  73
129  207  0029  0.513  0.540   -87  -174  -0.03654  0.28317  9  71
129  209  0030  0.565  0.540    60  -174  -0.03654  0.28317  9  73
129  210  0031  0.550  0.540    45  -174  -0.03654  0.28317  10  74
129  216  0032  0.589  0.604    -5    -4  -0.06654  -0.31083  10  74
129  210  0033  0.550  0.540  -149  -174  -0.03654  0.28317  10  74
129  211  0034  0.603  0.540  -111  -174  -0.03654  0.28317  9  73
129  210  0035  0.578  0.540    57  -174  -0.03654  0.28317  9  73
129  207  0036  0.528  0.540   125  -174  -0.03654  0.28317  9  74
129  208  0037  0.562  0.540   -27  -174  -0.03654  0.28317  10  74
129  208  0038  0.576  0.540    26  -174  -0.03654  0.28317  10  74
129  207  0039  0.558  0.540   103  -174  -0.03654  0.28317  9  71
129  208  0040  0.520  0.540  -126  -174  -0.03654  0.28317  9  73
129  270  0041  0.618  0.626   -65   -63  -0.57054  -0.10683  10  74
129  209  0042  0.565  0.540  -155  -174  -0.03654  0.28317  10  74
129  209  0043  0.580  0.540  -110  -174  -0.03654  0.28317  9  73
129  238  0044  0.544  0.513    12    10  0.07746  -0.26883  11  75
129  209  0045  0.602  0.540  -104  -174  -0.03654  0.28317  9  72
129  250  0046  0.594  0.588   161   161  0.20946  0.27717  9  74
129  207  0047  0.543  0.540   122  -174  -0.03654  0.28317  9  73
129  209  0048  0.570  0.540  -160  -174  -0.03654  0.28317  10  73
129  210  0049  0.622  0.540    98  -174  -0.03654  0.28317  9  72
172  208  0000  0.538  0.540   -27  -174  -0.03654  0.28317  10  74
172  210  0001  0.614  0.540    45  -174  -0.03654  0.28317  9  73
172  218  0002  0.569  0.607    15    13  0.11946  -0.31683  10  75
172  252  0003  0.592  0.601   127   127  0.49146  0.15717  9  74
172  232  0004  0.541  0.551   -81   -81  -0.54654  -0.00483  9  73
172  303  0005  0.579  0.563  -177  -175  -0.02454  0.29517  9  74
172  205  0006  0.519  0.540   101  -174  -0.03654  0.28317  9  72
172  209  0007  0.624  0.540  -109  -174  -0.03654  0.28317  9  73
172  213  0008  0.549  0.520    16    17  0.13746  -0.26883  10  75
172  227  0009  0.540  0.570    25    23  0.20946  -0.28683  10  75
172  277  0010  0.519  0.513    13    11  0.08346  -0.26883  10  75
172  209  0011  0.594  0.540    42  -174  -0.03654  0.28317  9  73
172  357  0012  0.513  0.533  -180   179  0.02346  0.27717  9  74
172  342  0013  0.523  0.541   170   169  0.11346  0.27117  9  74
172  303  0014  0.573  0.600   155   156  0.25746  0.27117  9  75
172  211  0015  0.598  0.540    75  -174  -0.03654  0.28317  9  71
172  308  0016  0.606  0.618   -34   -33  -0.36054  -0.24483  9  74
172  318  0017  0.522  0.531  -178  -179  0.01146  0.27717  9  74
172  206  0018  0.534  0.540   -54  -174  -0.03654  0.28317  9  73
172  211  0019  0.614  0.540  -117  -174  -0.03654  0.28317  9  73
172  239  0020  0.579  0.595   125   126  0.49146  0.15117  9  74
172  213  0021  0.529  0.520  -117  -116  -0.45654  0.15117  9  74
172  210  0022  0.607  0.540     8  -174  -0.03654  0.28317  10  74
172  208  0023  0.607  0.540   -79  -174  -0.03654  0.28317  9  72
172  215  0024  0.560  0.581  -143  -143  -0.33054  0.26517  10  75
172  216  0025  0.592  0.618    58    55  0.49746  -0.21483  9  74
172  209  0026  0.583  0.540    90  -174  -0.03654  0.28317  8  72
172  218  0027  0.619  0.620   -12   -13  -0.16254  -0.30483  10  74
172  207  0028  0.544  0.569  -150  -150  -0.25854  0.27717  10  75
172  238  0029  0.547  0.553   -29   -29  -0.28854  -0.23283  10  74
172  340  0030  0.558  0.552   170   170  0.11346  0.27717  9  74
172  208  0031  0.585  0.540   101  -174  -0.03654  0.28317  9  72
172  207  0032  0.537  0.540    60  -174  -0.03654  0.28317  9  72
172  207  0033  0.529  0.540    73  -174  -0.03654  0.28317  9  73
172  206  0034  0.601  0.540  -159  -174  -0.03654  0.28317  10  73
172  206  0035  0.524  0.540   111  -174  -0.03654  0.28317  9  73
172  206  0036  0.538  0.540    73  -174  -0.03654  0.28317  9  73
172  210  0037  0.591  0.540    47  -174  -0.03654  0.28317  9  73
172  278  0038  0.607  0.611    -2    -2  -0.04254  -0.31683  10  74
172  210  0039  0.596  0.540  -102  -174  -0.03654  0.28317  9  72
172  211  0040  0.600  0.540   -75  -174  -0.03654  0.28317  9  72
172  248  0041  0.618  0.630   -58   -60  -0.55854  -0.12483  10  74
172  260  0042  0.533  0.513    19    19  0.15546  -0.26283  11  75
172  208  0043  0.522  0.535   -79   -79  -0.52854  -0.01683  9  73
172  271  0044  0.620  0.574  -175  -174  -0.03054  0.30117  9  73
172  282  0045  0.535  0.544    85    85  0.53946  -0.05883  8  74
172  210  0046  0.562  0.550    87    85  0.54546  -0.05883  8  73
172  208  0047  0.611  0.540  -110  -174  -0.03654  0.28317  9  74
172  281  0048  0.616  0.627   149   150  0.32346  0.26517  9  74
172  211  0049  0.583  0.595   -48   -46  -0.44454  -0.18483  9  74
215  262  0000  0.555  0.571  -140  -140  -0.34854  0.25317  9  75
215  206  0001  0.572  0.540   -74  -174  -0.03654  0.28317  9  72
215  201  0002  0.513  0.540    68  -174  -0.03654  0.28317  9  73
215  202  0003  0.511  0.540   110  -174  -0.03654  0.28317  9  73
215  263  0004  0.623  0.627   130   129  0.49746  0.17517  9  74
215  301  0005  0.563  0.594     3     3  0.01146  -0.31083  10  75
215  258  0006  0.592  0.592  -156  -154  -0.23454  0.29517  10  74
215  209  0007  0.619  0.540  -101  -174  -0.03654  0.28317  9  72
215  290  0008  0.525  0.542  -168  -167  -0.10254  0.28317  9  75
215  222  0009  0.524  0.520    42    43  0.34146  -0.22083  10  74
215  230  0010  0.581  0.607   -40   -37  -0.38454  -0.22683  9  75
215  253  0011  0.515  0.517  -146  -145  -0.27654  0.24117  10  75
215  211  0012  0.526  0.546   135   136  0.38946  0.18117  10  75
215  236  0013  0.550  0.574   -21   -19  -0.21054  -0.26883  10  74
215  288  0014  0.609  0.630   -21   -20  -0.24054  -0.29283  10  74
215  206  0015  0.557  0.540   -60  -174  -0.03654  0.28317  9  74
215  357  0016  0.608  0.619   136   137  0.43146  0.21117  9  74
215  297  0017  0.546  0.541  -133  -132  -0.38454  0.21717  9  74
215  252  0018  0.574  0.598    36    36  0.33546  -0.27483  10  74
215  344  0019  0.518  0.535  -163  -163  -0.13254  0.27717  9  74
215  205  0020  0.535  0.540   102  -174  -0.03654  0.28317  8  72
215  265  0021  0.537  0.546   -79   -80  -0.54054  -0.01083  8  73
215  246  0022  0.581  0.586  -150  -149  -0.27654  0.28317  10  75
215  247  0023  0.540  0.602   134   137  0.41946  0.20517  9  75
215  293  0024  0.562  0.614    32    29  0.28146  -0.29883  10  73
215  209  0025  0.594  0.540    75  -174  -0.03654  0.28317  9  72
215  209  0026  0.606  0.540   -93  -174  -0.03654  0.28317  9  73
215  301  0027  0.593  0.626   -67   -63  -0.57054  -0.10683  9  73
215  259  0028  0.611  0.627  -120  -121  -0.52254  0.20517  10  74
215  263  0029  0.568  0.551  -170  -172  -0.05454  0.28917  10  76
215  342  0030  0.553  0.583   161   162  0.19746  0.27717  9  75
215  201  0031  0.518  0.545   -60   178  0.02946  0.28317  9  73
215  283  0032  0.601  0.620    56    54  0.49146  -0.22083  9  74
215  276  0033  0.521  0.519    16    16  0.13146  -0.26883  10  75
215  269  0034  0.546  0.547   -31   -30  -0.29454  -0.22683  10  75
215  289  0035  0.583  0.629    33    29  0.29346  -0.30483  10  74
215  294  0036  0.630  0.627    53    53  0.49146  -0.22683  10  74
215  208  0037  0.578  0.540  -124  -174  -0.03654  0.28317  9  74
215  207  0038  0.563  0.540    66  -174  -0.03654  0.28317  9  74
215  274  0039  0.571  0.595     1     1  -0.00654  -0.31083  10  75
215  265  0040  0.619  0.586  -177  -176  -0.01854  0.30717  9  74
215  330  0041  0.612  0.630  -143  -143  -0.35454  0.28917  10  75
215  275  0042  0.552  0.614    31    29  0.28146  -0.29883  10  74
215  212  0043  0.627  0.626   -25   -26  -0.29454  -0.27483  10  74
215  207  0044  0.577  0.540  -116  -174  -0.03654  0.28317  9  73
215  251  0045  0.630  0.630    50    52  0.48546  -0.23283  10  74
215  209  0046  0.621  0.540    89  -174  -0.03654  0.28317  9  71
215  269  0047  0.527  0.522    48    49  0.38346  -0.20283  10  75
215  253  0048  0.600  0.613  -112  -112  -0.55854  0.15717  9  74
215  207  0049  0.511  0.540   -38  -174  -0.03654  0.28317  10  74
258  284  0000  0.613  0.612  -152  -152  -0.26454  0.30117  10  75
258  205  0001  0.565  0.540   104  -174  -0.03654  0.28317  8  72
258  252  0002  0.568  0.572   -32   -31  -0.31854  -0.23283  9  75
258  207  0003  0.557  0.540   -71  -174  -0.03654  0.28317  8  72
258  363  0004  0.630  0.627  -145  -144  -0.34854  0.28917  10  74
258  209  0005  0.603  0.540  -102  -174  -0.03654  0.28317  9  73
258  205  0006  0.546  0.540   -72  -174  -0.03654  0.28317  8  72
258  385  0007  0.575  0.585   161   161  0.20346  0.27717  9  75
258  208  0008  0.560  0.540  -102  -174  -0.03654  0.28317  9  73
258  203  0009  0.515  0.540   -70  -174  -0.03654  0.28317  8  74
258  322  0010  0.530  0.538   -31   -31  -0.29454  -0.22083  9  75
258  290  0011  0.592  0.616    54    54  0.48546  -0.22083  9  74
258  345  0012  0.573  0.592    -4    -3  -0.06054  -0.30483  10  75
258  420  0013  0.549  0.544  -179  -179  0.01746  0.28317  9  75
258  328  0014  0.602  0.621   148   149  0.32946  0.25917  9  75
258  251  0015  0.535  0.543    40    40  0.33546  -0.23883  10  74
258  212  0016  0.631  0.540   -80  -174  -0.03654  0.28317  9  72
258  351  0017  0.575  0.612    29    28  0.27546  -0.29883  10  74
258  303  0018  0.524  0.554   157   157  0.22746  0.25317  9  75
258  208  0019  0.584  0.540   -75  -174  -0.03654  0.28317  9  73
258  319  0020  0.608  0.619  -172  -171  -0.06654  0.32517  10  75
258  269  0021  0.540  0.594   133   136  0.41946  0.19917  9  76
258  209  0022  0.605  0.540  -100  -174  -0.03654  0.28317  9  73
258  338  0023  0.624  0.624   -14   -14  -0.17454  -0.30483  10  75
258  210  0024  0.589  0.540   -95  -174  -0.03654  0.28317  8  74
258  202  0025  0.532  0.545   -69   178  0.02946  0.28317  8  73
258  206  0026  0.562  0.540   -53  -174  -0.03654  0.28317  9  75
258  251  0027  0.521  0.509   121   121  0.44346  0.10917  9  75
258  315  0028  0.544  0.562  -152  -152  -0.24054  0.27717  10  75
258  207  0029  0.559  0.540  -106  -174  -0.03654  0.28317  9  73
258  243  0030  0.574  0.590   -41   -40  -0.39654  -0.20883  9  75
258  202  0031  0.511  0.551   -58  -174  -0.03654  0.28917  9  73
258  364  0032  0.530  0.547  -162  -163  -0.13854  0.28317  9  74
258  324  0033  0.588  0.612   -38   -36  -0.37854  -0.23283  9  75
258  324  0034  0.571  0.587  -152  -152  -0.25254  0.28917  9  75
258  302  0035  0.572  0.587   -20   -19  -0.21654  -0.27483  9  75
258  376  0036  0.627  0.622   -33   -34  -0.36654  -0.24483  9  74
258  221  0037  0.624  0.629  -134  -134  -0.43254  0.25917  9  74
258  268  0038  0.613  0.630   -57   -57  -0.54054  -0.14283  9  75
258  337  0039  0.549  0.569    -9    -9  -0.10854  -0.28683  9  75
258  262  0040  0.541  0.535  -118  -116  -0.46854  0.15717  9  74
258  209  0041  0.610  0.540    83  -174  -0.03654  0.28317  9  69
258  325  0042  0.585  0.596   126   127  0.48546  0.15717  8  74
258  258  0043  0.533  0.527    43    44  0.35346  -0.22083  10  75
258  295  0044  0.570  0.573  -147  -147  -0.29454  0.27117  10  75
258  215  0045  0.578  0.569  -133  -132  -0.40254  0.22917  9  75
258  375  0046  0.587  0.605     4     3  0.01746  -0.31683  10  75
258  206  0047  0.621  0.540   -52  -174  -0.03654  0.28317  9  73
258  323  0048  0.525  0.530    50    50  0.39546  -0.20283  9  75
258  321  0049  0.614  0.614    23    22  0.21546  -0.31083  10  74
301  387  0000  0.526  0.538    84    85  0.53346  -0.05883  7  74
301  321  0001  0.594  0.619   -61   -61  -0.55254  -0.11883  8  75
301  249  0002  0.576  0.567    81    82  0.55746  -0.07683  8  72
301  204  0003  0.579  0.540   105  -174  -0.03654  0.28317  8  73
301  345  0004  0.614  0.610  -153  -152  -0.25854  0.30117  9  75
301  338  0005  0.536  0.554  -151  -151  -0.24654  0.27117  9  75
301  262  0006  0.592  0.593   -53   -54  -0.49254  -0.14883  9  74
301  352  0007  0.570  0.595     1     1  -0.00654  -0.31083  10  76
301  289  0008  0.541  0.565   129   129  0.44946  0.15717  8  77
301  322  0009  0.630  0.630  -141  -141  -0.37254  0.28317  9  75
301  372  0010  0.623  0.627   169   169  0.13746  0.31317  10  76
301  264  0011  0.573  0.570   -80   -80  -0.56454  -0.01083  8  74
301  372  0012  0.586  0.598  -153  -152  -0.25254  0.29517  9  75
301  399  0013  0.518  0.546   173   172  0.08946  0.27717  9  75
301  215  0014  0.630  0.540   124  -174  -0.03654  0.28317  9  73
301  208  0015  0.603  0.622   103   104  0.60546  0.04317  9  74
301  207  0016  0.622  0.540   -99  -174  -0.03654  0.28317  9  72
301  210  0017  0.610  0.540   -50  -174  -0.03654  0.28317  9  74
301  272  0018  0.513  0.533   -84   -81  -0.52854  -0.00483  8  73
301  392  0019  0.558  0.579   166   165  0.16146  0.28317  9  76
301  372  0020  0.597  0.606  -154  -153  -0.24654  0.30117  9  75
301  356  0021  0.522  0.534   -31   -30  -0.28854  -0.22083  9  74
301  369  0022  0.550  0.550    85    85  0.54546  -0.05883  7  73
301  344  0023  0.517  0.559   161   161  0.19146  0.26517  9  75
301  273  0024  0.620  0.626   -54   -54  -0.52254  -0.15483  9  74
301  294  0025  0.582  0.598  -128  -128  -0.45654  0.22317  9  75
301  287  0026  0.578  0.616   -68   -64  -0.56454  -0.10083  8  73
301  262  0027  0.599  0.615    70    68  0.56346  -0.15483  9  73
301  239  0028  0.541  0.548   -63   -62  -0.49254  -0.10083  7  75
301  313  0029  0.608  0.625  -138  -138  -0.39654  0.27117  10  75
301  278  0030  0.514  0.537   136   137  0.37746  0.18117  9  75
301  354  0031  0.610  0.625   148   149  0.33546  0.25917  9  75
301  403  0032  0.607  0.612   170   170  0.12546  0.30717  10  76
301  205  0033  0.539  0.540    59  -174  -0.03654  0.28317  9  74
301  205  0034  0.527  0.545    36   178  0.02946  0.28317  10  73
301  331  0035  0.562  0.575  -144  -144  -0.31854  0.26517  9  76
301  422  0036  0.625  0.628    12    11  0.10746  -0.32883  10  74
301  292  0037  0.614  0.618    25    27  0.26346  -0.30483  10  75
301  453  0038  0.552  0.556  -165  -164  -0.12654  0.28917  8  75
301  355  0039  0.519  0.535   -10    -9  -0.10854  -0.26883  10  75
301  426  0040  0.584  0.574  -173  -173  -0.04254  0.30117  8  75
301  279  0041  0.564  0.565  -157  -155  -0.21654  0.28317  10  75
301  311  0042  0.602  0.624   -59   -59  -0.54654  -0.13083  8  75
301  412  0043  0.575  0.568  -164  -164  -0.13254  0.29517  9  75
301  294  0044  0.621  0.611   134   132  0.46146  0.18717  9  75
301  329  0045  0.554  0.550    50    50  0.41346  -0.20883  9  75
301  285  0046  0.629  0.630   -55   -57  -0.54054  -0.14283  10  74
301  351  0047  0.584  0.600   -20   -19  -0.22254  -0.28083  9  75
301  203  0048  0.559  0.540    73  -174  -0.03654  0.28317  8  74
301  351  0049  0.569  0.584   125   126  0.47946  0.15117  7  75
344  311  0000  0.613  0.629  -134  -134  -0.43254  0.25917  9  75
344  343  0001  0.548  0.547    91    89  0.54546  -0.04083  6  74
344  403  0002  0.521  0.526    52    51  0.40146  -0.19683  9  75
344  452  0003  0.626  0.621   165   164  0.18546  0.30117  9  74
344  249  0004  0.549  0.553   -68   -67  -0.51654  -0.07683  7  74
344  399  0005  0.521  0.531    53    52  0.40746  -0.19683  9  74
344  348  0006  0.579  0.593   -32   -32  -0.33654  -0.23883  8  76
344  478  0007  0.609  0.615   159   158  0.24546  0.28317  9  76
344  348  0008  0.522  0.535   -78   -79  -0.52854  -0.01683  7  73
344  212  0009  0.611  0.540    75  -174  -0.03654  0.28317  9  72
344  272  0010  0.563  0.577   -65   -64  -0.52854  -0.09483  7  75
344  205  0011  0.551  0.548  -107  -105  -0.52254  0.10917  8  75
344  262  0012  0.561  0.576    93    92  0.57546  -0.02283  7  74
344  355  0013  0.511  0.545   158   159  0.20946  0.25317  9  75
344  382  0014  0.519  0.518    46    46  0.36546  -0.20883  10  75
344  364  0015  0.517  0.515   122   122  0.44346  0.11517  8  76
344  397  0016  0.543  0.567    -3    -2  -0.04854  -0.29283  10  76
344  407  0017  0.622  0.630   -21   -20  -0.24054  -0.29283  10  74
344  241  0018  0.529  0.539   -25   -25  -0.24654  -0.23883  10  75
344  311  0019  0.527  0.543   -27   -27  -0.27054  -0.23283  9  75
344  430  0020  0.626  0.630   -59   -60  -0.55854  -0.12483  9  74
344  407  0021  0.532  0.535  -154  -153  -0.22254  0.26517  10  75
344  414  0022  0.542  0.556    -9    -8  -0.10254  -0.28083  9  76
344  374  0023  0.579  0.573   -28   -28  -0.28854  -0.24483  9  76
344  424  0024  0.622  0.614  -180   179  0.02946  0.31917  9  75
344  308  0025  0.552  0.551    43    43  0.36546  -0.23283  9  76
344  370  0026  0.626  0.625   129   128  0.50346  0.16917  9  74
344  300  0027  0.592  0.610    70    68  0.55746  -0.15483  8  74
344  209  0028  0.601  0.540    88  -174  -0.03654  0.28317  8  71
344  399  0029  0.605  0.619  -172  -171  -0.06654  0.32517  10  76
344  344  0030  0.570  0.583   -44   -44  -0.42054  -0.19083  8  75
344  210  0031  0.606  0.540    80  -174  -0.03654  0.28317  9  70
344  420  0032  0.620  0.627   117   116  0.56946  0.10917  9  74
344  380  0033  0.601  0.618    19    19  0.18546  -0.31683  10  75
344  343  0034  0.628  0.629   -38   -37  -0.40254  -0.23283  9  75
344  383  0035  0.564  0.594   -38   -36  -0.36654  -0.22683  8  75
344  365  0036  0.515  0.532  -138  -137  -0.34254  0.22917  10  76
344  326  0037  0.520  0.531   -62   -61  -0.47454  -0.10083  7  74
344  305  0038  0.517  0.535    80    82  0.52746  -0.07083  7  74
344  296  0039  0.588  0.594    91    91  0.59346  -0.02883  7  73
344  362  0040  0.619  0.624   127   127  0.50946  0.16317  9  74
344  493  0041  0.555  0.556  -165  -164  -0.12654  0.28917  8  76
344  393  0042  0.608  0.598  -177  -176  -0.01854  0.31317  9  75
344  298  0043  0.531  0.538   107   108  0.51546  0.05517  7  74
344  214  0044  0.529  0.617    35    29  0.28746  -0.29883  11  74
344  318  0045  0.514  0.519   -45   -45  -0.37854  -0.16683  9  75
344  420  0046  0.579  0.591   -15   -15  -0.17454  -0.28683  9  75
344  486  0047  0.626  0.630   153   152  0.31146  0.27117  9  75
344  366  0048  0.586  0.586  -150  -149  -0.27654  0.28317  9  76
344  376  0049  0.608  0.626    52    52  0.47946  -0.23283  9  74
387  521  0000  0.579  0.597   151   151  0.30546  0.25317  8  76
387  369  0001  0.540  0.561   124   125  0.46746  0.13917  7  77
387  278  0002  0.558  0.555    71    70  0.51546  -0.13083  8  75
387  415  0003  0.542  0.564    -1    -1  -0.03054  -0.29283  10  76
387  382  0004  0.522  0.539   -83   -81  -0.53454  -0.00483  7  73
387  232  0005  0.629  0.630   -80   -80  -0.62454  -0.01083  10  74
387  421  0006  0.570  0.566  -136  -135  -0.38454  0.23517  8  77
387  345  0007  0.556  0.558    44    44  0.37746  -0.23283  9  76
387  482  0008  0.593  0.590  -166  -165  -0.12654  0.30717  8  75
387  284  0009  0.615  0.620   -77   -76  -0.60654  -0.03483  9  74
387  383  0010  0.610  0.617  -116  -115  -0.54654  0.17517  8  75
387  345  0011  0.570  0.594  -108  -109  -0.55254  0.13917  8  75
387  377  0012  0.545  0.548   -77   -79  -0.54054  -0.01683  6  73
387  210  0013  0.626  0.540    88  -174  -0.03654  0.28317  9  71
387  495  0014  0.625  0.630  -144  -143  -0.35454  0.28917  9  75
387  320  0015  0.552  0.550  -116  -115  -0.48654  0.15717  8  75
387  381  0016  0.544  0.561   124   125  0.46746  0.13917  7  76
387  289  0017  0.587  0.596   -86   -86  -0.59454  0.01917  6  75
387  292  0018  0.564  0.587  -116  -117  -0.51054  0.17517  8  75
387  353  0019  0.598  0.614   -58   -57  -0.52854  -0.13683  7  76
387  408  0020  0.550  0.563    15    14  0.12546  -0.29283  9  76
387  315  0021  0.609  0.627   106   106  0.60546  0.05517  9  74
387  427  0022  0.599  0.626    33    31  0.31146  -0.29883  10  75
387  332  0023  0.607  0.620   120   119  0.55146  0.12117  8  75
387  423  0024  0.588  0.606   -21   -20  -0.23454  -0.28083  9  75
387  398  0025  0.629  0.629    18    19  0.18546  -0.32283  9  74
387  248  0026  0.625  0.621    70    70  0.57546  -0.14883  10  74
387  407  0027  0.587  0.591  -149  -148  -0.28854  0.28317  9  76
387  458  0028  0.568  0.582   -16   -16  -0.18054  -0.28083  9  76
387  388  0029  0.569  0.589   123   125  0.49146  0.14517  7  75
387  384  0030  0.532  0.530    44    44  0.35946  -0.22083  10  76
387  395  0031  0.563  0.589    37    36  0.33546  -0.26883  10  75
387  472  0032  0.551  0.574   156   156  0.24546  0.25917  8  77
387  392  0033  0.612  0.624    66    65  0.55746  -0.17283  9  74
387  487  0034  0.567  0.590   149   150  0.31146  0.24717  8  77
387  414  0035  0.553  0.573   125   126  0.47346  0.14517  7  76
387  401  0036  0.559  0.576   -21   -20  -0.21654  -0.26883  9  75
387  302  0037  0.608  0.615    61    62  0.53346  -0.18483  8  76
387  414  0038  0.563  0.584   139   139  0.39546  0.20517  8  77
387  467  0039  0.593  0.607   -16   -15  -0.18654  -0.29283  9  76
387  443  0040  0.547  0.553   -29   -29  -0.28854  -0.23283  9  75
387  486  0041  0.584  0.606   139   138  0.41346  0.21117  8  76
387  339  0042  0.521  0.533   -49   -49  -0.41454  -0.15483  9  75
387  311  0043  0.592  0.597    99    97  0.59346  0.00117  7  75
387  511  0044  0.612  0.608   165   164  0.17946  0.29517  9  75
387  360  0045  0.596  0.605   123   124  0.50946  0.14517  7  75
387  422  0046  0.515  0.521    55    54  0.41346  -0.18483  9  74
387  452  0047  0.589  0.602   148   148  0.32946  0.24717  8  76
387  408  0048  0.534  0.540    15    15  0.12546  -0.28083  9  76
387  479  0049  0.609  0.617   -36   -35  -0.37254  -0.23883  8  75
429  394  0000  0.594  0.604     9     9  0.07746  -0.31683  10  77
429  505  0001  0.568  0.598   135   136  0.42546  0.19917  7  77
429  426  0002  0.542  0.560     2     1  -0.00054  -0.29283  10  76
429  458  0003  0.617  0.623    36    35  0.34746  -0.28683  9  75
429  290  0004  0.629  0.626   -91   -90  -0.62454  0.04317  10  73
429  587  0005  0.522  0.532   169   168  0.11946  0.26517  9  77
429  472  0006  0.622  0.622   168   167  0.15546  0.30717  10  76
429  420  0007  0.535  0.543    67    67  0.49146  -0.14283  7  75
429  467  0008  0.595  0.602   -46   -45  -0.44454  -0.19083  7  75
429  499  0009  0.588  0.605  -143  -143  -0.34254  0.27717  9  77
429  439  0010  0.625  0.623  -153  -152  -0.26454  0.30717  9  75
429  311  0011  0.564  0.586  -112  -113  -0.52854  0.15717  7  75
429  330  0012  0.592  0.604    73    72  0.56946  -0.13083  8  74
429  485  0013  0.518  0.522   -33   -33  -0.30054  -0.20883  9  76
429  476  0014  0.618  0.619   176   176  0.05946  0.31917  10  76
429  469  0015  0.534  0.541    81    82  0.53346  -0.07083  6  75
429  297  0016  0.577  0.578    87    88  0.57546  -0.04683  6  73
429  427  0017  0.541  0.548    67    67  0.49746  -0.14283  7  75
429  237  0018  0.595  0.599    79    78  0.58146  -0.10083  9  72
429  577  0019  0.527  0.534   168   168  0.12546  0.26517  9  78
429  321  0020  0.542  0.538   -73   -74  -0.52254  -0.04083  6  74
429  343  0021  0.594  0.600    90    91  0.59946  -0.02883  6  73
429  344  0022  0.569  0.582   112   112  0.54546  0.07917  6  75
429  541  0023  0.610  0.626   -64   -63  -0.57054  -0.10683  8  74
429  250  0024  0.539  0.543    35    35  0.29946  -0.25083  11  76
429  455  0025  0.548  0.549    88    86  0.54546  -0.05283  5  75
429  508  0026  0.601  0.603    -4    -3  -0.06054  -0.31083  10  76
429  451  0027  0.587  0.607    57    56  0.49146  -0.20883  7  75
429  306  0028  0.628  0.625    58    57  0.51546  -0.20883  9  75
429  400  0029  0.551  0.553    42    41  0.35346  -0.23883  9  76
429  284  0030  0.616  0.630    77    78  0.61146  -0.10683  10  72
429  395  0031  0.575  0.586   -58   -57  -0.50454  -0.13083  6  76
429  321  0032  0.587  0.596   -85   -85  -0.59454  0.01317  6  76
429  371  0033  0.510  0.516  -103  -102  -0.49854  0.09117  7  73
429  408  0034  0.524  0.525     3     2  0.00546  -0.27483  11  78
429  378  0035  0.513  0.530    81    82  0.52146  -0.07083  6  75
429  383  0036  0.520  0.519  -159  -159  -0.16254  0.26517  10  76
429  578  0037  0.549  0.554  -179  -179  0.01146  0.28917  8  77
429  364  0038  0.631  0.629    48    49  0.46146  -0.24483  9  74
429  483  0039  0.607  0.606  -154  -153  -0.24654  0.30117  9  75
429  570  0040  0.550  0.557  -164  -164  -0.13254  0.28917  8  76
429  289  0041  0.618  0.627  -102  -102  -0.60654  0.10917  10  74
429  478  0042  0.543  0.552  -152  -152  -0.24054  0.27117  9  77
429  524  0043  0.606  0.626   -63   -62  -0.56454  -0.11283  8  75
429  544  0044  0.545  0.561   176   176  0.05346  0.28917  9  77
429  436  0045  0.550  0.561  -161  -161  -0.15654  0.28917  9  76
429  318  0046  0.586  0.597    51    50  0.44946  -0.22683  8  75
429  463  0047  0.526  0.532    54    54  0.41946  -0.19083  8  75
429  348  0048  0.566  0.576   -63   -63  -0.52254  -0.10083  6  76
429  498  0049  0.607  0.609     0     0  -0.02454  -0.31683  9  76
472  543  0000  0.548  0.549  -134  -133  -0.38454  0.22317  8  77
472  425  0001  0.617  0.630    41    40  0.39546  -0.27483  9  75
472  504  0002  0.519  0.529    92    89  0.52746  -0.03483  6  75
472  531  0003  0.604  0.618  -141  -141  -0.36654  0.27717  9  77
472  520  0004  0.532  0.541    82    82  0.53346  -0.07083  5  75
472  408  0005  0.626  0.630    40    40  0.39546  -0.27483  9  75
472  641  0006  0.514  0.532  -180  -179  0.01746  0.27717  9  77
472  360  0007  0.597  0.608   -86   -86  -0.60654  0.01917  6  76
472  432  0008  0.518  0.531   139   139  0.35946  0.18717  8  76
472  352  0009  0.543  0.541  -111  -110  -0.49854  0.13317  7  76
472  426  0010  0.544  0.579    31    29  0.26946  -0.28083  10  76
472  361  0011  0.600  0.604   -93   -92  -0.60054  0.05517  7  75
472  290  0012  0.577  0.601   -73   -72  -0.57654  -0.05883  7  75
472  435  0013  0.546  0.546  -118  -117  -0.47454  0.16317  7  76
472  448  0014  0.603  0.610  -108  -108  -0.57054  0.13917  8  75
472  526  0015  0.522  0.514    13    12  0.09546  -0.26883  10  78
472  511  0016  0.571  0.573   -28   -28  -0.28854  -0.24483  8  76
472  220  0017  0.629  0.629    85    84  0.62346  -0.07083  11  71
472  408  0018  0.554  0.552  -119  -118  -0.47454  0.16917  7  77
472  378  0019  0.553  0.560   -64   -63  -0.51054  -0.09483  5  76
472  367  0020  0.547  0.550   117   115  0.50346  0.09117  5  76
472  506  0021  0.618  0.628   114   115  0.57546  0.10317  8  75
472  436  0022  0.549  0.546    44    44  0.37146  -0.22683  9  77
472  595  0023  0.610  0.615   159   158  0.24546  0.28317  8  76
472  636  0024  0.539  0.551  -176  -175  -0.02454  0.28917  8  77
472  309  0025  0.612  0.629    83    81  0.61746  -0.08883  9  70
472  609  0026  0.558  0.578   163   163  0.18546  0.27717  8  78
472  542  0027  0.569  0.576    -7    -7  -0.09054  -0.29283  9  77
472  528  0028  0.569  0.587  -152  -152  -0.25254  0.28917  9  77
472  355  0029  0.515  0.531    78    78  0.51546  -0.08883  6  76
472  466  0030  0.573  0.576    16    15  0.13746  -0.29883  9  77
472  513  0031  0.579  0.592   140   139  0.39546  0.21117  7  77
472  505  0032  0.565  0.579   147   147  0.32346  0.23517  8  78
472  405  0033  0.566  0.569  -131  -131  -0.41454  0.22317  8  77
472  403  0034  0.572  0.567    82    82  0.55746  -0.07683  6  72
472  650  0035  0.521  0.540  -175  -174  -0.03054  0.28317  8  76
472  246  0036  0.589  0.576    83    83  0.56946  -0.07083  8  72
472  441  0037  0.555  0.554    45    45  0.38346  -0.22683  8  77
472  620  0038  0.521  0.536   177   177  0.04146  0.27717  9  77
472  363  0039  0.518  0.531    77    75  0.50946  -0.10083  6  76
472  552  0040  0.551  0.566   151   151  0.28746  0.24117  8  78
472  409  0041  0.516  0.528   -49   -48  -0.40854  -0.15483  8  75
472  500  0042  0.566  0.578  -144  -143  -0.32454  0.26517  9  78
472  516  0043  0.551  0.554   -12   -11  -0.13254  -0.27483  9  78
472  503  0044  0.554  0.576   128   128  0.46146  0.15717  6  79
472  338  0045  0.581  0.592   107   107  0.56946  0.05517  6  75
472  413  0046  0.511  0.516   -66   -65  -0.47454  -0.08283  6  76
472  516  0047  0.529  0.536   -33   -32  -0.30654  -0.21483  8  76
472  443  0048  0.518  0.521    58    58  0.43146  -0.17283  8  75
472  404  0049  0.581  0.604    68    66  0.54546  -0.16083  7  75
515  432  0000  0.580  0.599    69    67  0.54546  -0.15483  7  75
515  511  0001  0.601  0.615   -39   -38  -0.39654  -0.22683  7  77
515  503  0002  0.612  0.619  -110  -110  -0.57054  0.15117  8  75
515  566  0003  0.606  0.617    35    34  0.33546  -0.28683  9  75
515  544  0004  0.521  0.516   126   125  0.43146  0.12717  7  78
515  557  0005  0.535  0.537    49    49  0.39546  -0.20883  8  77
515  476  0006  0.599  0.609    59    57  0.50346  -0.20283  7  76
515  472  0007  0.621  0.629  -158  -157  -0.21654  0.31917  9  76
515  545  0008  0.570  0.587  -144  -144  -0.32454  0.27117  9  78
515  565  0009  0.611  0.607   176   176  0.05946  0.31317  9  76
515  530  0010  0.518  0.538   158   158  0.21546  0.24717  8  77
515  541  0011  0.548  0.553    49    49  0.40746  -0.21483  8  77
515  595  0012  0.605  0.597  -174  -173  -0.04254  0.31317  9  76
515  466  0013  0.623  0.619    24    24  0.23346  -0.31083  8  75
515  376  0014  0.534  0.546   -94   -95  -0.54054  0.06117  6  74
515  535  0015  0.526  0.543   155   155  0.24546  0.24117  8  79
515  379  0016  0.548  0.548    57    57  0.44946  -0.18483  7  76
515  428  0017  0.526  0.529  -108  -107  -0.49854  0.11517  6  75
515  491  0018  0.594  0.607  -116  -116  -0.53454  0.17517  7  75
515  485  0019  0.548  0.558   -57   -57  -0.48054  -0.12483  5  76
515  615  0020  0.519  0.527   166   166  0.13746  0.25917  9  79
515  393  0021  0.523  0.537   -87   -84  -0.53454  0.00717  6  73
515  494  0022  0.591  0.593   -29   -29  -0.30654  -0.25083  7  77
515  579  0023  0.612  0.615    -4    -3  -0.06054  -0.31683  10  76
515  414  0024  0.592  0.600    90    91  0.59946  -0.02883  5  73
515  663  0025  0.578  0.586   164   164  0.17946  0.28317  8  77
515  406  0026  0.590  0.604    73    72  0.56946  -0.13083  7  74
515  498  0027  0.539  0.555   -50   -49  -0.43254  -0.16083  7  76
515  567  0028  0.617  0.627   -20   -20  -0.23454  -0.29283  9  76
515  562  0029  0.555  0.574   -17   -17  -0.18654  -0.27483  9  77
515  646  0030  0.605  0.619   137   137  0.43146  0.21117  7  77
515  558  0031  0.624  0.628   149   148  0.34146  0.25917  8  76
515  605  0032  0.611  0.623   170   170  0.12546  0.31317  10  78
515  557  0033  0.562  0.581     6     5  0.03546  -0.30483  9  78
515  565  0034  0.527  0.545    -9    -8  -0.10254  -0.27483  10  77
515  535  0035  0.599  0.611    57    56  0.49746  -0.20883  7  75
515  514  0036  0.623  0.625  -139  -138  -0.39654  0.27117  8  76
515  588  0037  0.610  0.624  -142  -142  -0.36054  0.28317  9  77
515  452  0038  0.530  0.536   114   113  0.49746  0.07917  5  76
515  467  0039  0.618  0.630    41    40  0.39546  -0.27483  9  75
515  453  0040  0.536  0.542   114   113  0.50346  0.07917  4  76
515  421  0041  0.556  0.559    70    69  0.51546  -0.13683  6  76
515  401  0042  0.590  0.595  -102  -102  -0.57654  0.10317  7  76
515  496  0043  0.584  0.602  -127  -127  -0.46254  0.22317  7  76
515  399  0044  0.521  0.528    62    61  0.45546  -0.16083  7  75
515  563  0045  0.555  0.577   -18   -17  -0.19254  -0.27483  8  77
515  507  0046  0.545  0.545    46    46  0.38346  -0.22083  8  77
515  539  0047  0.521  0.526  -120  -119  -0.45054  0.16317  7  76
515  548  0048  0.528  0.535    91    90  0.53346  -0.03483  5  76
515  538  0049  0.598  0.616    54    54  0.48546  -0.22083  7  75
558  594  0000  0.543  0.544  -155  -154  -0.21654  0.27117  9  77
558  519  0001  0.581  0.581    47    47  0.41346  -0.23283  7  77
558  589  0002  0.562  0.573    14    14  0.11946  -0.29883  8  78
558  617  0003  0.610  0.618     1     1  -0.00654  -0.32283  9  77
558  620  0004  0.624  0.627   142   141  0.40746  0.22917  8  76
558  638  0005  0.561  0.577   149   149  0.30546  0.24117  7  79
558  519  0006  0.579  0.587   -55   -55  -0.49254  -0.14283  5  76
558  536  0007  0.607  0.616  -149  -148  -0.30054  0.29517  9  77
558  535  0008  0.615  0.624  -110  -110  -0.57654  0.15117  8  76
558  566  0009  0.576  0.578  -136  -135  -0.39054  0.24117  7  79
558  573  0010  0.589  0.595    38    37  0.34746  -0.26883  8  76
558  503  0011  0.522  0.530   -42   -42  -0.37254  -0.17883  8  77
558  574  0012  0.531  0.532    54    54  0.41946  -0.19083  7  76
558  442  0013  0.596  0.600    90    91  0.59946  -0.02883  5  74
558  477  0014  0.591  0.615   -70   -67  -0.57654  -0.08283  6  76
558  572  0015  0.573  0.580   -45   -45  -0.42654  -0.18483  6  77
558  582  0016  0.617  0.612  -179  -179  0.01746  0.31917  9  77
558  459  0017  0.589  0.600   -50   -49  -0.46854  -0.17283  6  76
558  434  0018  0.600  0.605   -94   -93  -0.60054  0.06117  6  76
558  614  0019  0.619  0.627   117   116  0.56946  0.10917  8  75
558  563  0020  0.564  0.570    11    11  0.08946  -0.29883  9  78
558  642  0021  0.564  0.581   149   149  0.31146  0.24117  7  79
558  495  0022  0.519  0.525   -59   -59  -0.46254  -0.10683  6  76
558  728  0023  0.512  0.528  -175  -174  -0.03054  0.27717  9  78
558  627  0024  0.607  0.620    27    27  0.26946  -0.30483  9  76
558  422  0025  0.545  0.547  -111  -110  -0.50454  0.13317  6  77
558  554  0026  0.546  0.553  -131  -131  -0.40254  0.21717  7  78
558  449  0027  0.555  0.562   107   107  0.53946  0.05517  5  75
558  610  0028  0.603  0.618  -141  -141  -0.36654  0.27717  9  78
558  582  0029  0.536  0.541    90    88  0.53946  -0.04083  4  76
558  453  0030  0.559  0.561  -117  -116  -0.49254  0.16317  6  78
558  648  0031  0.515  0.532  -166  -165  -0.11454  0.27717  9  78
558  530  0032  0.541  0.549   -85   -83  -0.54654  0.00117  4  75
558  512  0033  0.564  0.574   -43   -43  -0.40854  -0.19083  7  79
558  472  0034  0.566  0.575   -61   -60  -0.51054  -0.11283  5  78
558  509  0035  0.517  0.530   109   109  0.50346  0.06117  5  75
558  504  0036  0.623  0.628  -132  -131  -0.45654  0.24717  8  75
558  504  0037  0.535  0.539  -157  -156  -0.19854  0.27117  9  77
558  517  0038  0.630  0.627  -115  -113  -0.56454  0.16917  8  75
558  671  0039  0.605  0.604   163   162  0.19746  0.28917  8  77
558  467  0040  0.585  0.596   110   110  0.56346  0.07317  5  76
558  526  0041  0.611  0.620    63    63  0.54546  -0.17883  8  75
558  459  0042  0.517  0.523   -25   -24  -0.23454  -0.23283  9  77
558  572  0043  0.588  0.606    27    27  0.25746  -0.29883  9  76
558  606  0044  0.540  0.547    82    82  0.53946  -0.07083  4  76
558  570  0045  0.552  0.560    12    11  0.09546  -0.29283  8  78
558  682  0046  0.541  0.547   168   168  0.13146  0.27117  8  79
558  713  0047  0.524  0.540  -176  -175  -0.02454  0.28317  8  78
558  525  0048  0.603  0.610  -108  -108  -0.57054  0.13917  7  76
558  656  0049  0.621  0.630  -144  -143  -0.35454  0.28917  9  76
601  735  0000  0.599  0.600   164   163  0.18546  0.28917  8  77
601  671  0001  0.539  0.536    10    10  0.07746  -0.28083  9  79
601  553  0002  0.559  0.568   -42   -41  -0.39054  -0.19683  7  80
601  675  0003  0.554  0.566   151   151  0.28746  0.24117  7  81
601  641  0004  0.600  0.608  -171  -171  -0.07254  0.31917  9  79
601  505  0005  0.557  0.564   -62   -61  -0.50454  -0.10683  4  78
601  705  0006  0.621  0.627     4     4  0.02346  -0.32883  10  76
601  635  0007  0.587  0.598    36    36  0.33546  -0.27483  8  76
601  407  0008  0.582  0.576    83    83  0.56946  -0.07083  6  73
601  555  0009  0.613  0.620  -109  -109  -0.57654  0.14517  8  76
601  558  0010  0.597  0.616   117   116  0.55746  0.10917  6  77
601  703  0011  0.529  0.533  -134  -133  -0.37254  0.21717  8  79
601  776  0012  0.531  0.546   178   178  0.03546  0.28317  8  78
601  747  0013  0.613  0.625    29    28  0.28146  -0.30483  8  75
601  596  0014  0.609  0.617   126   126  0.50946  0.15717  6  76
601  703  0015  0.622  0.628     3     3  0.01146  -0.32883  9  76
601  490  0016  0.520  0.529   116   115  0.48546  0.08517  4  77
601  591  0017  0.535  0.551     0     0  -0.01854  -0.28683  10  79
601  586  0018  0.576  0.584   -30   -29  -0.30654  -0.24483  7  78
601  526  0019  0.591  0.602   -59   -58  -0.52254  -0.13083  5  78
601  552  0020  0.625  0.626  -150  -149  -0.30054  0.30117  9  76
601  536  0021  0.622  0.627   -53   -53  -0.51654  -0.16083  8  75
601  474  0022  0.560  0.566   117   116  0.51546  0.09717  4  78
601  491  0023  0.579  0.600    70    68  0.55146  -0.14883  6  76
601  628  0024  0.539  0.542    52    51  0.41346  -0.20283  6  77
601  526  0025  0.572  0.581    42    41  0.37146  -0.25083  8  79
601  615  0026  0.556  0.564   -31   -30  -0.30654  -0.23283  7  78
601  625  0027  0.525  0.535    91    90  0.53346  -0.03483  4  77
601  559  0028  0.582  0.590    45    44  0.40146  -0.24483  7  77
601  464  0029  0.519  0.511    36    37  0.29346  -0.23283  11  77
601  629  0030  0.618  0.623   -44   -44  -0.45054  -0.20283  7  75
601  450  0031  0.619  0.629   -98   -97  -0.61854  0.08517  9  74
601  531  0032  0.585  0.602   114   113  0.55746  0.09117  5  77
601  709  0033  0.548  0.569   162   162  0.19146  0.27117  8  79
601  444  0034  0.570  0.582   100    99  0.57546  0.01317  4  76
601  546  0035  0.543  0.568   -38   -36  -0.35454  -0.21483  7  78
601  583  0036  0.562  0.573  -161  -161  -0.16254  0.29517  8  78
601  583  0037  0.605  0.606   -27   -27  -0.29454  -0.26283  7  76
601  584  0038  0.556  0.592    31    29  0.27546  -0.28683  9  77
601  463  0039  0.564  0.582  -112  -112  -0.52854  0.15117  6  77
601  591  0040  0.616  0.626   -26   -26  -0.29454  -0.27483  8  77
601  563  0041  0.550  0.551    53    52  0.42546  -0.20283  6  77
601  561  0042  0.529  0.536  -123  -122  -0.43854  0.18117  6  77
601  724  0043  0.543  0.547   168   168  0.13146  0.27117  8  80
601  584  0044  0.511  0.525   147   147  0.29946  0.21117  8  78
601  504  0045  0.529  0.537   -68   -68  -0.50454  -0.07083  3  77
601  715  0046  0.585  0.586  -176  -175  -0.02454  0.30717  8  79
601  471  0047  0.543  0.551    59    59  0.46146  -0.17883  6  77
601  517  0048  0.597  0.609  -133  -133  -0.42654  0.24717  7  77
601  559  0049  0.549  0.577    30    29  0.26346  -0.28083  9  77
43  208  0000  0.540  0.540    16  -174  -0.03654  0.28317  9  73
43  211  0001  0.597  0.540   142  -174  -0.03654  0.28317  9  73
43  210  0002  0.532  0.540    34  -174  -0.03654  0.28317  10  72
43  220  0003  0.567  0.562   171   170  0.10746  0.28317  9  73
43  210  0004  0.559  0.540   -11  -174  -0.03654  0.28317  10  73
43  209  0005  0.512  0.540  -166  -174  -0.03654  0.28317  9  73
43  210  0006  0.549  0.540    76  -174  -0.03654  0.28317  9  72
43  210  0007  0.547  0.540  -147  -174  -0.03654  0.28317  9  73
43  210  0008  0.575  0.540    22  -174  -0.03654  0.28317  10  73
43  207  0009  0.524  0.540   -46  -174  -0.03654  0.28317  9  72
43  210  0010  0.540  0.540  -113  -174  -0.03654  0.28317  9  72
43  209  0011  0.530  0.540    67  -174  -0.03654  0.28317  9  72
43  211  0012  0.588  0.540   121  -174  -0.03654  0.28317  9  72
43  210  0013  0.628  0.540   -65  -174  -0.03654  0.28317  9  73
43  210  0014  0.527  0.540    -1  -174  -0.03654  0.28317  10  73
43  210  0015  0.541  0.540   158  -174  -0.03654  0.28317  10  73
43  210  0016  0.534  0.540   -24  -174  -0.03654  0.28317  10  73
43  210  0017  0.537  0.540     8  -174  -0.03654  0.28317  10  73
43  210  0018  0.615  0.540   -84  -174  -0.03654  0.28317  9  72
43  217  0019  0.602  0.551  -177  -174  -0.03054  0.28917  9  73
43  228  0020  0.594  0.569   178   178  0.03546  0.29517  9  73
43  209  0021  0.542  0.540  -115  -174  -0.03654  0.28317  9  72
43  210  0022  0.554  0.540   -46  -174  -0.03654  0.28317  9  73
43  245  0023  0.552  0.551  -173  -174  -0.03654  0.28917  9  73
43  210  0024  0.550  0.540  -152  -174  -0.03654  0.28317  10  73
43  240  0025  0.580  0.551  -175  -174  -0.03654  0.28917  9  73
43  211  0026  0.630  0.540   129  -174  -0.03654  0.28317  10  73
43  210  0027  0.586  0.540    79  -174  -0.03654  0.28317  9  72
43  207  0028  0.550  0.540   101  -174  -0.03654  0.28317  9  72
43  207  0029  0.524  0.540     1  -174  -0.03654  0.28317  10  73
43  210  0030  0.557  0.540   -30  -174  -0.03654  0.28317  10  73
43  210  0031  0.515  0.540  -127  -174  -0.03654  0.28317  9  73
43  210  0032  0.616  0.540   -35  -174  -0.03654  0.28317  9  73
43  210  0033  0.609  0.540   168  -174  -0.03654  0.28317  10  73
43  208  0034  0.628  0.540  -168  -174  -0.03654  0.28317  9  73
43  210  0035  0.535  0.540    85  -174  -0.03654  0.28317  9  73
43  210  0036  0.526  0.540  -134  -174  -0.03654  0.28317  10  73
43  210  0037  0.514  0.540  -109  -174  -0.03654  0.28317  9  72
43  210  0038  0.597  0.540  -130  -174  -0.03654  0.28317  9  73
43  211  0039  0.521  0.540    -9  -174  -0.03654  0.28317  10  73
43  208  0040  0.604  0.540   -59  -174  -0.03654  0.28317  9  73
43  208  0041  0.560  0.540     0  -174  -0.03654  0.28317  10  73
43  215  0042  0.570  0.615   134   138  0.42546  0.21117  10  74
43  208  0043  0.547  0.540    19  -174  -0.03654  0.28317  10  73
43  210  0044  0.537  0.540   -97  -174  -0.03654  0.28317  9  72
43  210  0045  0.556  0.540    -2  -174  -0.03654  0.28317  10  73
43  208  0046  0.566  0.540  -158  -174  -0.03654  0.28317  10  73
43  207  0047  0.581  0.540  -160  -174  -0.03654  0.28317  9  73
43  209  0048  0.593  0.540   -43  -174  -0.03654  0.28317  9  73
43  210  0049  0.571  0.540    -9  -174  -0.03654  0.28317  10  73
86  209  0000  0.558  0.540    84  -174  -0.03654  0.28317  9  73
86  208  0001  0.603  0.540   -86  -174  -0.03654  0.28317  9  72
86  213  0002  0.519  0.589   162   163  0.18546  0.28317  10  74
86  209  0003  0.571  0.540  -124  -174  -0.03654  0.28317  9  73
86  208  0004  0.609  0.540   -41  -174  -0.03654  0.28317  9  73
86  228  0005  0.624  0.551  -175  -174  -0.03654  0.28917  9  73
86  207  0006  0.611  0.540  -132  -174  -0.03654  0.28317  9  73
86  209  0007  0.527  0.540  -135  -174  -0.03654  0.28317  10  74
86  209  0008  0.535  0.540  -114  -174  -0.03654  0.28317  9  72
86  283  0009  0.542  0.545   178   178  0.02946  0.28317  9  73
86  259  0010  0.601  0.627    30    29  0.28746  -0.30483  10  73
86  211  0011  0.613  0.540  -166  -174  -0.03654  0.28317  10  74
86  207  0012  0.536  0.540   -93  -174  -0.03654  0.28317  9  71
86  208  0013  0.529  0.540  -141  -174  -0.03654  0.28317  10  73
86  211  0014  0.593  0.540   113  -174  -0.03654  0.28317  9  73
86  232  0015  0.561  0.615   136   138  0.42546  0.21117  10  74
86  216  0016  0.620  0.597   167   164  0.17946  0.28917  10  73
86  229  0017  0.574  0.615   133   138  0.42546  0.21117  10  74
86  210  0018  0.618  0.540    61  -174  -0.03654  0.28317  9  73
86  209  0019  0.526  0.540    54  -174  -0.03654  0.28317  9  73
86  207  0020  0.560  0.540  -136  -174  -0.03654  0.28317  10  74
86  207  0021  0.538  0.540  -150  -174  -0.03654  0.28317  10  74
86  220  0022  0.587  0.609   -35   -34  -0.36054  -0.23883  10  74
86  208  0023  0.531  0.540   -95  -174  -0.03654  0.28317  9  71
86  209  0024  0.546  0.540  -108  -174  -0.03654  0.28317  9  72
86  209  0025  0.568  0.540  -128  -174  -0.03654  0.28317  9  73
86  211  0026  0.621  0.540   -85  -174  -0.03654  0.28317  10  72
86  210  0027  0.618  0.540    64  -174  -0.03654  0.28317  9  73
86  233  0028  0.574  0.556  -165  -164  -0.12654  0.28917  9  74
86  209  0029  0.565  0.540    75  -174  -0.03654  0.28317  9  72
86  209  0030  0.570  0.540    -7  -174  -0.03654  0.28317  10  74
86  210  0031  0.591  0.540  -105  -174  -0.03654  0.28317  9  72
86  252  0032  0.582  0.615   135   138  0.42546  0.21117  10  74
86  209  0033  0.526  0.540   -48  -174  -0.03654  0.28317  9  73
86  211  0034  0.629  0.540   -80  -174  -0.03654  0.28317  9  72
86  233  0035  0.594  0.619   134   137  0.43146  0.21117  10  74
86  209  0036  0.517  0.540   116  -174  -0.03654  0.28317  9  72
86  210  0037  0.561  0.540    21  -174  -0.03654  0.28317  10  73
86  210  0038  0.604  0.540   -32  -174  -0.03654  0.28317  9  73
86  211  0039  0.596  0.540    44  -174  -0.03654  0.28317  9  73
86  210  0040  0.554  0.540    21  -174  -0.03654  0.28317  10  73
86  222  0041  0.532  0.580   161   162  0.19146  0.27717  9  74
86  209  0042  0.561  0.540  -152  -174  -0.03654  0.28317  10  74
86  210  0043  0.541  0.540   145  -174  -0.03654  0.28317  10  73
86  210  0044  0.622  0.540   -55  -174  -0.03654  0.28317  9  73
86  209  0045  0.553  0.540   -26  -174  -0.03654  0.28317  10  73
86  209  0046  0.538  0.540   -35  -174  -0.03654  0.28317  10  73
86  210  0047  0.606  0.540    67  -174  -0.03654  0.28317  9  72
86  210  0048  0.572  0.605     4     3  0.01746  -0.31683  10  74
86  211  0049  0.602  0.540    90  -174  -0.03654  0.28317  9  72
129  207  0000  0.523  0.540   117  -174  -0.03654  0.28317  9  73
129  301  0001  0.572  0.570   177   177  0.04146  0.29517  9  73
129  325  0002  0.523  0.545   179   178  0.02946  0.28317  9  73
129  207  0003  0.579  0.540  -119  -174  -0.03654  0.28317  9  73
129  213  0004  0.555  0.609   -36   -34  -0.36054  -0.23883  10  74
129  207  0005  0.535  0.540   130  -174  -0.03654  0.28317  9  74
129  236  0006  0.621  0.562  -173  -174  -0.03654  0.29517  9  73
129  209  0007  0.560  0.540    61  -174  -0.03654  0.28317  9  73
129  214  0008  0.591  0.609     0     0  -0.02454  -0.31683  10  74
129  210  0009  0.594  0.540    93  -174  -0.03654  0.28317  9  72
129  210  0010  0.584  0.540    56  -174  -0.03654  0.28317  9  73
129  209  0011  0.528  0.540    61  -174  -0.03654  0.28317  9  72
129  288  0012  0.586  0.563  -176  -174  -0.03054  0.29517  9  73
129  208  0013  0.624  0.540   -29  -174  -0.03654  0.28317  9  73
129  209  0014  0.630  0.540  -116  -174  -0.03654  0.28317  9  73
129  240  0015  0.627  0.628     2     3  0.01146  -0.32883  10  74
129  219  0016  0.621  0.627   118   116  0.56946  0.10917  10  74
129  263  0017  0.628  0.626   -64   -63  -0.57054  -0.10683  10  74
129  211  0018  0.609  0.540    71  -174  -0.03654  0.28317  9  72
129  211  0019  0.617  0.540   105  -174  -0.03654  0.28317  9  72
129  209  0020  0.575  0.540    74  -174  -0.03654  0.28317  9  72
129  224  0021  0.587  0.600    -7    -7  -0.09654  -0.30483  10  74
129  209  0022  0.593  0.540  -156  -174  -0.03654  0.28317  10  74
129  208  0023  0.552  0.540   -29  -174  -0.03654  0.28317  10  74
129  237  0024  0.542  0.597   149   151  0.30546  0.25317  9  74
129  210  0025  0.569  0.540   -39  -174  -0.03654  0.28317  9  74
129  209  0026  0.628  0.540    59  -174  -0.03654  0.28317  9  73
129  209  0027  0.553  0.540    49  -174  -0.03654  0.28317  10  74
129  208  0028  0.538  0.540   108  -174  -0.03654  0.28317  9  72
129  203  0029  0.567  0.540   144  -174  -0.03654  0.28317  10  74
129  207  0030  0.578  0.540   116  -174  -0.03654  0.28317  9  73
129  209  0031  0.516  0.540   -29  -174  -0.03654  0.28317  10  73
129  245  0032  0.531  0.533  -133  -133  -0.37254  0.21717  10  74
129  208  0033  0.608  0.540   -83  -174  -0.03654  0.28317  9  72
129  207  0034  0.514  0.540    38  -174  -0.03654  0.28317  10  72
129  211  0035  0.590  0.540   124  -174  -0.03654  0.28317  9  73
129  310  0036  0.564  0.551  -173  -173  -0.04254  0.28917  9  74
129  210  0037  0.618  0.540   108  -174  -0.03654  0.28317  9  72
129  209  0038  0.514  0.540   -34  -174  -0.03654  0.28317  10  74
129  244  0039  0.619  0.610   171   170  0.11946  0.30717  10  74
129  291  0040  0.596  0.600   164   163  0.18546  0.28917  9  74
129  206  0041  0.545  0.540  -143  -174  -0.03654  0.28317  10  74
129  208  0042  0.575  0.540    70  -174  -0.03654  0.28317  9  72
129  210  0043  0.623  0.540  -125  -174  -0.03654  0.28317  9  73
129  208  0044  0.519  0.540   -18  -174  -0.03654  0.28317  10  74
129  209  0045  0.583  0.540    55  -174  -0.03654  0.28317  9  73
129  211  0046  0.553  0.540    28  -174  -0.03654  0.28317  10  73
129  209  0047  0.613  0.540    48  -174  -0.03654  0.28317  9  73
129  243  0048  0.536  0.544    84    85  0.53946  -0.05883  9  74
129  286  0049  0.604  0.600   164   163  0.18546  0.28917  9  74
172  252  0000  0.622  0.630    52    52  0.48546  -0.23283  10  74
172  208  0001  0.563  0.540   -75  -174  -0.03654  0.28317  9  72
172  210  0002  0.626  0.540  -104  -174  -0.03654  0.28317  9  72
172  207  0003  0.548  0.540    70  -174  -0.03654  0.28317  9  73
172  211  0004  0.597  0.540    88  -174  -0.03654  0.28317  9  71
172  205  0005  0.519  0.540   -38  -174  -0.03654  0.28317  10  73
172  221  0006  0.528  0.510   124   122  0.43746  0.11517  10  75
172  209  0007  0.526  0.540  -158  -174  -0.03654  0.28317  10  73
172  214  0008  0.564  0.599    20    21  0.19746  -0.30483  10  75
172  210  0009  0.604  0.540   109  -174  -0.03654  0.28317  9  73
172  249  0010  0.612  0.624  -141  -142  -0.36054  0.28317  10  75
172  221  0011  0.536  0.547    79    82  0.53946  -0.07083  9  73
172  210  0012  0.601  0.540   -89  -174  -0.03654  0.28317  9  73
172  238  0013  0.515  0.515    22    20  0.16746  -0.26283  10  75
172  244  0014  0.630  0.630    -5    -5  -0.07854  -0.32283  10  74
172  209  0015  0.589  0.540    99  -174  -0.03654  0.28317  9  72
172  206  0016  0.582  0.540    83  -174  -0.03654  0.28317  9  71
172  212  0017  0.625  0.540   -73  -174  -0.03654  0.28317  9  72
172  217  0018  0.536  0.510   126   124  0.43146  0.12117  10  75
172  219  0019  0.569  0.569   -27   -27  -0.28254  -0.24483  10  74
172  222  0020  0.524  0.537  -160  -162  -0.14454  0.27717  10  74
172  207  0021  0.595  0.540   102  -174  -0.03654  0.28317  9  72
172  210  0022  0.620  0.540  -113  -174  -0.03654  0.28317  9  74
172  209  0023  0.571  0.540   -61  -174  -0.03654  0.28317  9  74
172  335  0024  0.534  0.549   172   171  0.10146  0.27717  9  74
172  314  0025  0.629  0.626   154   152  0.30546  0.27117  9  74
172  209  0026  0.616  0.540  -102  -174  -0.03654  0.28317  9  72
172  347  0027  0.585  0.580   178   178  0.03546  0.30117  9  74
172  224  0028  0.587  0.622    26    28  0.27546  -0.30483  11  75
172  207  0029  0.536  0.540    68  -174  -0.03654  0.28317  9  73
172  211  0030  0.520  0.540    31  -174  -0.03654  0.28317  10  73
172  247  0031  0.589  0.593   -10    -9  -0.11454  -0.29883  10  74
172  224  0032  0.608  0.629  -147  -146  -0.33054  0.29517  10  75
172  269  0033  0.588  0.588  -168  -167  -0.10854  0.30717  9  74
172  209  0034  0.526  0.540   145  -174  -0.03654  0.28317  10  75
172  229  0035  0.530  0.569   152   152  0.27546  0.24717  9  74
172  259  0036  0.603  0.599  -168  -167  -0.10854  0.31317  9  74
172  330  0037  0.613  0.623   151   151  0.31746  0.26517  9  74
172  216  0038  0.631  0.620   -12   -13  -0.16254  -0.30483  10  74
172  237  0039  0.592  0.628    10    11  0.10146  -0.32883  10  75
172  207  0040  0.550  0.540   -96  -174  -0.03654  0.28317  9  72
172  205  0041  0.573  0.540    63  -174  -0.03654  0.28317  9  73
172  207  0042  0.528  0.540   -24  -174  -0.03654  0.28317  10  73
172  209  0043  0.568  0.540    43  -174  -0.03654  0.28317  10  74
172  210  0044  0.580  0.540   -43  -174  -0.03654  0.28317  10  74
172  210  0045  0.605  0.628     9    10  0.09546  -0.32883  11  75
172  207  0046  0.584  0.540  -159  -174  -0.03654  0.28317  10  73
172  206  0047  0.562  0.540    95  -174  -0.03654  0.28317  8  73
172  212  0048  0.598  0.540   144  -174  -0.03654  0.28317  9  75
172  206  0049  0.555  0.540   -85  -174  -0.03654  0.28317  8  73
215  207  0000  0.552  0.540   -44  -174  -0.03654  0.28317  9  75
215  238  0001  0.562  0.563   -81   -81  -0.55854  -0.00483  8  74
215  205  0002  0.530  0.540   115  -174  -0.03654  0.28317  8  73
215  202  0003  0.537  0.540   -57  -174  -0.03654  0.28317  9  74
215  205  0004  0.533  0.540   114  -174  -0.03654  0.28317  8  73
215  366  0005  0.607  0.613   153   152  0.29946  0.26517  9  74
215  237  0006  0.630  0.614  -165  -164  -0.13854  0.31917  10  74
215  350  0007  0.597  0.574  -174  -174  -0.03654  0.30117  9  74
215  206  0008  0.514  0.540  -105  -174  -0.03654  0.28317  9  72
215  208  0009  0.559  0.557    77    80  0.54546  -0.08283  9  73
215  379  0010  0.602  0.625    29    28  0.28146  -0.30483  10  73
215  225  0011  0.591  0.614  -127  -128  -0.46854  0.22917  9  74
215  297  0012  0.568  0.599   -37   -35  -0.36054  -0.23283  9  74
215  287  0013  0.519  0.569   161   162  0.19146  0.27117  9  75
215  206  0014  0.577  0.540   105  -174  -0.03654  0.28317  8  72
215  204  0015  0.537  0.540   -71  -174  -0.03654  0.28317  8  72
215  208  0016  0.602  0.540  -133  -174  -0.03654  0.28317  9  74
215  282  0017  0.569  0.576  -169  -167  -0.10254  0.30117  9  75
215  294  0018  0.597  0.607     1     1  -0.00654  -0.31683  10  75
215  288  0019  0.590  0.612   -38   -36  -0.37854  -0.23283  9  74
215  210  0020  0.510  0.516    97    92  0.51546  -0.02283  9  73
215  207  0021  0.576  0.540   -62  -174  -0.03654  0.28317  8  74
215  213  0022  0.587  0.619    53    52  0.47946  -0.22683  9  74
215  248  0023  0.622  0.624   145   144  0.37746  0.24117  9  75
215  223  0024  0.532  0.606   132   137  0.42546  0.20517  10  75
215  210  0025  0.603  0.540    47  -174  -0.03654  0.28317  9  74
215  207  0026  0.565  0.540   -66  -174  -0.03654  0.28317  9  73
215  207  0027  0.532  0.540   144  -174  -0.03654  0.28317  10  76
215  354  0028  0.549  0.545   168   168  0.12546  0.27117  9  75
215  399  0029  0.574  0.568   179   178  0.02946  0.29517  9  74
215  260  0030  0.546  0.542    51    51  0.41346  -0.20283  9  74
215  300  0031  0.563  0.594     3     3  0.01146  -0.31083  10  75
215  230  0032  0.558  0.555    78    81  0.54546  -0.07683  9  73
215  209  0033  0.586  0.540    63  -174  -0.03654  0.28317  9  74
215  310  0034  0.592  0.618  -143  -143  -0.34854  0.28317  10  75
215  335  0035  0.545  0.555  -167  -166  -0.11454  0.28917  9  75
215  210  0036  0.561  0.548    90    87  0.54546  -0.04683  8  73
215  206  0037  0.531  0.540    35  -174  -0.03654  0.28317  10  72
215  289  0038  0.581  0.590   -18   -17  -0.19854  -0.28083  10  75
215  227  0039  0.513  0.514   131   128  0.41346  0.13917  10  75
215  287  0040  0.545  0.566    -8    -7  -0.09654  -0.28683  10  75
215  243  0041  0.561  0.581     7     6  0.04146  -0.30483  10  75
215  373  0042  0.547  0.554   169   169  0.11946  0.27717  9  75
215  321  0043  0.611  0.612   170   170  0.12546  0.30717  10  75
215  253  0044  0.524  0.532    55    54  0.41946  -0.19083  9  74
215  295  0045  0.585  0.596   127   127  0.48546  0.15717  9  74
215  211  0046  0.626  0.540   -48  -174  -0.03654  0.28317  9  73
215  206  0047  0.537  0.540  -109  -174  -0.03654  0.28317  9  72
215  209  0048  0.521  0.540    28  -174  -0.03654  0.28317  10  74
215  260  0049  0.599  0.609   -43   -43  -0.43254  -0.20283  9  74
258  232  0000  0.510  0.515    29    28  0.23346  -0.25083  11  75
258  284  0001  0.520  0.534  -150  -150  -0.24654  0.25917  10  75
258  254  0002  0.513  0.512   -37   -35  -0.31254  -0.19683  10  75
258  232  0003  0.516  0.534    72    70  0.49746  -0.12483  9  74
258  305  0004  0.517  0.529  -151  -151  -0.23454  0.25917  10  75
258  204  0005  0.538  0.540    37  -174  -0.03654  0.28317  11  74
258  302  0006  0.563  0.551  -170  -171  -0.06654  0.28917  9  76
258  246  0007  0.552  0.544    53    53  0.42546  -0.19683  9  74
258  320  0008  0.528  0.529  -169  -168  -0.08454  0.27717  10  76
258  217  0009  0.572  0.572   -86   -85  -0.57054  0.01317  8  75
258  347  0010  0.528  0.544   174   173  0.08346  0.27717  9  76
258  206  0011  0.530  0.540    60  -174  -0.03654  0.28317  9  73
258  273  0012  0.531  0.535   -77   -79  -0.52854  -0.01683  8  73
258  212  0013  0.630  0.540   -88  -174  -0.03654  0.28317  10  72
258  334  0014  0.536  0.562   158   158  0.22146  0.25917  9  75
258  333  0015  0.576  0.574   175   175  0.06546  0.29517  9  76
258  273  0016  0.553  0.573    26    24  0.22146  -0.28683  10  75
258  205  0017  0.547  0.540   -64  -174  -0.03654  0.28317  8  74
258  202  0018  0.544  0.540    96  -174  -0.03654  0.28317  8  73
258  331  0019  0.526  0.561   160   161  0.19746  0.26517  9  75
258  352  0020  0.545  0.548  -162  -162  -0.14454  0.28317  9  74
258  212  0021  0.626  0.540    68  -174  -0.03654  0.28317  9  73
258  425  0022  0.554  0.558   177   177  0.04146  0.28917  9  75
258  344  0023  0.561  0.594   135   136  0.41946  0.19917  8  75
258  206  0024  0.572  0.540  -121  -174  -0.03654  0.28317  9  75
258  211  0025  0.622  0.540   -81  -174  -0.03654  0.28317  9  73
258  290  0026  0.533  0.532    54    54  0.41946  -0.19083  9  74
258  402  0027  0.525  0.547   172   171  0.09546  0.27717  9  75
258  279  0028  0.605  0.618  -139  -139  -0.38454  0.27117  10  75
258  296  0029  0.546  0.569     6     5  0.03546  -0.29883  10  75
258  221  0030  0.516  0.526   113   112  0.49146  0.07317  8  74
258  204  0031  0.517  0.540  -126  -174  -0.03654  0.28317  9  75
258  367  0032  0.630  0.628    11    11  0.10146  -0.32883  10  74
258  307  0033  0.609  0.605   131   129  0.47946  0.16917  9  75
258  351  0034  0.585  0.610    28    28  0.26946  -0.29883  10  74
258  273  0035  0.524  0.516     1     0  -0.01254  -0.26883  11  76
258  208  0036  0.609  0.540   101  -174  -0.03654  0.28317  9  73
258  209  0037  0.514  0.526  -126  -128  -0.39654  0.19917  10  75
258  248  0038  0.526  0.536   110   109  0.50946  0.06117  8  74
258  210  0039  0.616  0.540    80  -174  -0.03654  0.28317  9  70
258  335  0040  0.533  0.567   159   160  0.20946  0.26517  9  75
258  330  0041  0.586  0.604     6     4  0.02946  -0.31683  10  75
258  215  0042  0.545  0.557   -98   -98  -0.54654  0.07917  8  73
258  235  0043  0.595  0.606    46    45  0.41346  -0.25083  10  75
258  318  0044  0.541  0.566   153   153  0.26946  0.24717  9  75
258  207  0045  0.581  0.540   -78  -174  -0.03654  0.28317  8  73
258  347  0046  0.613  0.614    -8    -8  -0.10854  -0.31083  10  75
258  302  0047  0.630  0.619  -173  -172  -0.05454  0.32517  10  74
258  241  0048  0.597  0.601    95    94  0.59946  -0.01683  8  74
258  314  0049  0.592  0.595   -19   -18  -0.21054  -0.28083  9  75
301  310  0000  0.614  0.619    64    65  0.55146  -0.17283  9  74
301  280  0001  0.586  0.602    45    44  0.40746  -0.25083  9  75
301  439  0002  0.627  0.627   141   139  0.41946  0.22317  9  74
301  456  0003  0.577  0.586   164   164  0.17946  0.28317  9  75
301  340  0004  0.525  0.542  -151  -151  -0.24054  0.26517  10  75
301  406  0005  0.589  0.579  -165  -164  -0.13254  0.30117  9  75
301  395  0006  0.604  0.586  -176  -175  -0.02454  0.30717  9  74
301  409  0007  0.563  0.583   159   159  0.22146  0.27117  8  76
301  309  0008  0.552  0.567   -50   -48  -0.43854  -0.16683  8  75
301  240  0009  0.585  0.581    49    49  0.42546  -0.22683  9  75
301  318  0010  0.612  0.623  -137  -136  -0.40854  0.26517  9  75
301  240  0011  0.630  0.627   -52   -53  -0.51654  -0.16083  10  74
301  229  0012  0.520  0.511    38    39  0.31146  -0.22683  11  74
301  272  0013  0.577  0.604    55    54  0.47946  -0.21483  9  74
301  398  0014  0.612  0.620    20    20  0.19746  -0.31683  10  74
301  310  0015  0.624  0.625   -46   -45  -0.46254  -0.19683  9  74
301  244  0016  0.629  0.627     8     9  0.07746  -0.32883  10  74
301  276  0017  0.625  0.619  -151  -150  -0.28254  0.30117  10  75
301  289  0018  0.585  0.611    54    53  0.47946  -0.22083  9  74
301  465  0019  0.538  0.547   177   177  0.04146  0.28317  9  75
301  240  0020  0.540  0.548   -63   -62  -0.49254  -0.10083  7  75
301  329  0021  0.575  0.579  -156  -154  -0.22854  0.28917  9  75
301  345  0022  0.599  0.618    57    55  0.49746  -0.21483  8  74
301  383  0023  0.599  0.621   -37   -35  -0.37854  -0.23883  9  75
301  430  0024  0.604  0.602   163   163  0.19146  0.28917  9  75
301  242  0025  0.601  0.601    91    93  0.59946  -0.02283  8  73
301  447  0026  0.529  0.547   172   171  0.09546  0.27717  9  75
301  313  0027  0.564  0.583   123   125  0.48546  0.14517  7  75
301  311  0028  0.599  0.598  -150  -149  -0.28254  0.28917  10  75
301  354  0029  0.622  0.630    35    34  0.34146  -0.29283  10  74
301  447  0030  0.517  0.513    11    10  0.07746  -0.26883  10  75
301  206  0031  0.596  0.540   -83  -174  -0.03654  0.28317  8  75
301  353  0032  0.600  0.616   -38   -36  -0.38454  -0.23283  9  75
301  336  0033  0.625  0.628   -45   -44  -0.45654  -0.20283  9  74
301  199  0034  0.552  0.540  -113  -174  -0.03654  0.28317  9  74
301  280  0035  0.587  0.594  -135  -135  -0.40254  0.24717  9  75
301  413  0036  0.513  0.525  -132  -132  -0.37254  0.21117  9  75
301  249  0037  0.610  0.629    49    49  0.46146  -0.24483  9  74
301  320  0038  0.549  0.562   138   138  0.38946  0.19317  9  76
301  332  0039  0.548  0.549  -161  -162  -0.15054  0.28317  9  75
301  357  0040  0.553  0.553    82    83  0.54546  -0.07083  7  73
301  286  0041  0.598  0.621  -124  -124  -0.49854  0.21717  9  75
301  416  0042  0.524  0.543  -166  -165  -0.11454  0.28317  9  75
301  241  0043  0.514  0.518   -48   -48  -0.39654  -0.15483  10  75
301  355  0044  0.598  0.588  -178  -177  -0.00054  0.30717  9  75
301  260  0045  0.615  0.620  -108  -109  -0.57654  0.14517  9  74
301  349  0046  0.630  0.624    33    33  0.32946  -0.29283  10  74
301  363  0047  0.510  0.522    52    51  0.39546  -0.19683  9  74
301  416  0048  0.542  0.575   163   163  0.17946  0.27717  9  75
301  279  0049  0.579  0.595    94    94  0.59346  -0.01683  7  74
344  259  0000  0.622  0.625    69    67  0.56946  -0.16083  10  74
344  253  0001  0.568  0.581   119   120  0.50946  0.12117  8  75
344  390  0002  0.627  0.624    33    33  0.32946  -0.29283  9  75
344  301  0003  0.562  0.582    59    58  0.48546  -0.19083  8  75
344  293  0004  0.621  0.626    17    18  0.17346  -0.32283  10  75
344  310  0005  0.593  0.603   -57   -57  -0.51654  -0.13683  8  75
344  369  0006  0.519  0.514    45    46  0.35946  -0.20883  10  75
344  391  0007  0.557  0.566  -139  -139  -0.35454  0.24717  9  77
344  382  0008  0.586  0.605   147   148  0.33546  0.24717  9  76
344  305  0009  0.571  0.582   -54   -54  -0.48654  -0.14283  8  75
344  278  0010  0.582  0.594    90    91  0.59346  -0.02883  7  73
344  398  0011  0.616  0.620   168   167  0.14946  0.30717  10  76
344  331  0012  0.595  0.619   -70   -66  -0.57654  -0.08883  8  73
344  306  0013  0.553  0.554    69    69  0.50946  -0.13683  8  74
344  277  0014  0.584  0.592  -103  -103  -0.57054  0.10917  8  75
344  347  0015  0.527  0.516     0     0  -0.01854  -0.26883  11  77
344  419  0016  0.593  0.615  -144  -144  -0.34254  0.28317  10  76
344  492  0017  0.513  0.513    11    10  0.07746  -0.26883  10  76
344  316  0018  0.565  0.575   -59   -58  -0.49854  -0.12483  7  75
344  446  0019  0.610  0.610   160   159  0.23346  0.28317  9  76
344  339  0020  0.541  0.567   124   126  0.46746  0.14517  7  76
344  359  0021  0.517  0.536   156   156  0.23346  0.24117  9  76
344  347  0022  0.534  0.543    69    68  0.49746  -0.13683  8  74
344  304  0023  0.573  0.589    94    94  0.58746  -0.01683  7  74
344  388  0024  0.603  0.616   -38   -36  -0.38454  -0.23283  8  75
344  324  0025  0.530  0.542   -61   -60  -0.48054  -0.10683  7  75
344  208  0026  0.630  0.540    99  -174  -0.03654  0.28317  9  72
344  266  0027  0.518  0.525   -68   -67  -0.49254  -0.07083  7  75
344  381  0028  0.516  0.515    14    13  0.10146  -0.26883  10  76
344  211  0029  0.626  0.540   -80  -174  -0.03654  0.28317  9  73
344  249  0030  0.587  0.591   -84   -84  -0.58854  0.00717  7  75
344  466  0031  0.603  0.610   155   155  0.27546  0.27117  8  76
344  368  0032  0.590  0.616    10    10  0.09546  -0.32283  10  77
344  323  0033  0.588  0.598    16    15  0.13746  -0.31083  10  76
344  272  0034  0.611  0.626   121   118  0.55746  0.12117  9  75
344  448  0035  0.577  0.569  -164  -163  -0.13854  0.29517  8  75
344  443  0036  0.548  0.551  -171  -171  -0.06054  0.28917  9  76
344  373  0037  0.618  0.614  -165  -164  -0.13854  0.31917  9  75
344  483  0038  0.586  0.606   137   137  0.42546  0.20517  8  75
344  316  0039  0.531  0.544   141   141  0.35346  0.19917  9  76
344  462  0040  0.554  0.558  -163  -163  -0.13854  0.28917  8  75
344  386  0041  0.529  0.529    48    48  0.38346  -0.20883  9  75
344  330  0042  0.597  0.610    44    43  0.40746  -0.25683  9  75
344  403  0043  0.519  0.510   126   124  0.43146  0.12117  9  76
344  210  0044  0.629  0.540    86  -174  -0.03654  0.28317  10  70
344  482  0045  0.524  0.529  -177  -176  -0.01254  0.27717  9  77
344  484  0046  0.556  0.554   169   169  0.11946  0.27717  9  76
344  359  0047  0.573  0.588   143   143  0.36546  0.22317  8  76
344  388  0048  0.552  0.550    86    85  0.54546  -0.05883  6  74
344  337  0049  0.569  0.575    26    25  0.22746  -0.28683  10  76
387  539  0000  0.523  0.536   177   177  0.04146  0.27717  9  76
387  508  0001  0.606  0.616     4     4  0.02346  -0.32283  10  75
387  273  0002  0.613  0.622   -83   -83  -0.61854  0.00117  8  74
387  278  0003  0.565  0.569   115   113  0.52746  0.08517  7  75
387  348  0004  0.548  0.544    54    53  0.42546  -0.19683  8  75
387  285  0005  0.576  0.589   116   115  0.53946  0.09717  7  75
387  398  0006  0.512  0.522    94    92  0.52146  -0.02283  7  74
387  372  0007  0.556  0.582   -22   -21  -0.22854  -0.26883  9  75
387  313  0008  0.596  0.595    40    39  0.36546  -0.26283  9  75
387  441  0009  0.572  0.588   139   138  0.40146  0.20517  8  76
387  385  0010  0.518  0.535   147   147  0.29946  0.21717  9  76
387  271  0011  0.620  0.628  -106  -106  -0.59454  0.13317  10  74
387  517  0012  0.621  0.627   151   150  0.32346  0.26517  8  75
387  403  0013  0.612  0.612  -152  -152  -0.26454  0.30117  10  75
387  374  0014  0.588  0.608   113   113  0.56346  0.09117  7  75
387  429  0015  0.603  0.628    10    10  0.09546  -0.32883  10  77
387  377  0016  0.559  0.555    87    86  0.55146  -0.05283  6  73
387  252  0017  0.624  0.631  -100   -98  -0.61854  0.09117  10  73
387  349  0018  0.539  0.547   -43   -42  -0.38454  -0.18483  9  76
387  429  0019  0.622  0.623   -44   -44  -0.45054  -0.20283  9  74
387  301  0020  0.612  0.626    40    40  0.38946  -0.27483  9  75
387  409  0021  0.569  0.590   -21   -20  -0.22254  -0.27483  9  75
387  408  0022  0.606  0.625   -69   -67  -0.58254  -0.08883  9  74
387  381  0023  0.604  0.612  -116  -115  -0.54054  0.17517  8  74
387  308  0024  0.523  0.536   -57   -57  -0.46254  -0.11883  8  75
387  422  0025  0.561  0.573   -14   -13  -0.15654  -0.28083  9  76
387  279  0026  0.627  0.630   -72   -72  -0.60654  -0.05883  10  74
387  400  0027  0.601  0.618    26    27  0.26346  -0.30483  10  75
387  354  0028  0.585  0.602  -115  -115  -0.53454  0.16917  8  74
387  291  0029  0.585  0.590   -86   -86  -0.58854  0.01917  6  75
387  295  0030  0.569  0.579   -52   -52  -0.46854  -0.15483  8  76
387  483  0031  0.620  0.617   177   177  0.04746  0.31917  9  75
387  435  0032  0.515  0.527  -137  -136  -0.34854  0.22317  9  76
387  533  0033  0.619  0.627   138   138  0.43146  0.21717  8  75
387  350  0034  0.620  0.628  -158  -158  -0.21054  0.31917  10  75
387  292  0035  0.518  0.523   -25   -24  -0.23454  -0.23283  10  75
387  315  0036  0.518  0.537   -86   -83  -0.53454  0.00117  8  72
387  278  0037  0.568  0.573    75    76  0.55146  -0.10683  8  74
387  246  0038  0.628  0.631  -100   -98  -0.61854  0.09117  10  73
387  362  0039  0.525  0.514   131   128  0.41346  0.13917  9  78
387  316  0040  0.545  0.550  -103  -101  -0.53454  0.09117  7  74
387  525  0041  0.581  0.594   162   162  0.19746  0.28317  8  76
387  461  0042  0.600  0.609     0     0  -0.02454  -0.31683  9  76
387  310  0043  0.527  0.533   -69   -69  -0.50454  -0.06483  6  75
387  410  0044  0.570  0.590   -21   -20  -0.22254  -0.27483  9  75
387  345  0045  0.581  0.591    61    60  0.50346  -0.18483  8  75
387  408  0046  0.611  0.613  -156  -155  -0.23454  0.30717  9  75
387  384  0047  0.560  0.572  -161  -162  -0.15654  0.29517  9  75
387  470  0048  0.609  0.625   -61   -61  -0.55854  -0.11883  8  75
387  360  0049  0.552  0.553    68    67  0.50346  -0.14283  7  75
429  431  0000  0.538  0.544    54    53  0.42546  -0.19683  7  75
429  459  0001  0.530  0.550   149   149  0.29346  0.22917  8  77
429  405  0002  0.627  0.628  -118  -117  -0.54654  0.18717  9  74
429  424  0003  0.539  0.557   -49   -48  -0.42654  -0.16683  8  75
429  422  0004  0.532  0.546   136   136  0.38946  0.18117  8  77
429  381  0005  0.559  0.570  -128  -127  -0.43854  0.21117  8  76
429  584  0006  0.541  0.543   169   169  0.11946  0.27117  9  78
429  396  0007  0.624  0.630  -135  -136  -0.42054  0.26517  9  74
429  483  0008  0.615  0.619  -173  -172  -0.05454  0.32517  9  76
429  440  0009  0.628  0.630  -141  -141  -0.37254  0.28317  9  75
429  481  0010  0.549  0.551    83    84  0.54546  -0.06483  5  74
429  288  0011  0.626  0.630   -78   -77  -0.61854  -0.02883  10  74
429  487  0012  0.584  0.587   175   174  0.07146  0.30117  9  78
429  336  0013  0.608  0.608    97    96  0.60546  -0.00483  7  75
429  448  0014  0.584  0.595  -162  -162  -0.16254  0.30717  9  76
429  420  0015  0.627  0.627     9    10  0.08946  -0.32883  10  75
429  519  0016  0.576  0.590    -3    -2  -0.04854  -0.30483  10  76
429  406  0017  0.528  0.539    71    69  0.49746  -0.13083  7  75
429  333  0018  0.576  0.612   -69   -65  -0.56454  -0.09483  7  74
429  330  0019  0.567  0.591  -113  -114  -0.52854  0.16317  7  75
429  444  0020  0.602  0.619   -60   -60  -0.54654  -0.12483  7  76
429  364  0021  0.569  0.577   -89   -88  -0.57654  0.03117  6  76
429  430  0022  0.556  0.558   -80   -80  -0.55254  -0.01083  5  74
429  417  0023  0.627  0.629  -119  -118  -0.54054  0.19317  9  75
429  365  0024  0.521  0.525   -47   -47  -0.39654  -0.16083  9  76
429  337  0025  0.612  0.618   -51   -51  -0.49854  -0.16683  9  74
429  513  0026  0.589  0.598    -1     0  -0.03054  -0.31083  9  76
429  349  0027  0.532  0.539   -70   -69  -0.51054  -0.06483  6  75
429  494  0028  0.624  0.626   -15   -14  -0.18054  -0.30483  10  75
429  417  0029  0.548  0.566   142   142  0.35946  0.21117  8  77
429  496  0030  0.630  0.625    -3    -3  -0.05454  -0.32283  10  75
429  463  0031  0.526  0.542  -151  -151  -0.24054  0.26517  9  76
429  447  0032  0.533  0.540   -34   -33  -0.31254  -0.21483  9  76
429  482  0033  0.562  0.559  -137  -136  -0.37254  0.23517  8  78
429  346  0034  0.584  0.593   -95   -94  -0.58854  0.06117  7  75
429  359  0035  0.562  0.567  -101  -100  -0.55254  0.09117  7  74
429  383  0036  0.564  0.568    66    65  0.50946  -0.15483  7  75
429  309  0037  0.543  0.560   -91   -91  -0.55854  0.04317  6  74
429  491  0038  0.607  0.612   135   135  0.44346  0.19917  8  76
429  503  0039  0.621  0.623    22    21  0.20946  -0.31683  9  75
429  395  0040  0.582  0.595    94    94  0.59346  -0.01683  5  74
429  372  0041  0.595  0.604   122   123  0.51546  0.13917  7  75
429  348  0042  0.532  0.525  -158  -157  -0.18654  0.26517  11  77
429  513  0043  0.522  0.531  -167  -166  -0.10254  0.27717  9  77
429  423  0044  0.565  0.575    26    25  0.22746  -0.28683  9  76
429  312  0045  0.532  0.542    37    37  0.31746  -0.24483  10  75
429  387  0046  0.543  0.551  -160  -160  -0.16254  0.28317  9  76
429  369  0047  0.581  0.590   -50   -48  -0.45654  -0.17283  7  75
429  477  0048  0.552  0.560   -28   -28  -0.28254  -0.23883  9  76
429  457  0049  0.551  0.574   126   127  0.46746  0.15117  6  77
472  485  0000  0.574  0.595    36    35  0.32946  -0.27483  9  75
472  397  0001  0.607  0.612   -52   -52  -0.49854  -0.16083  8  75
472  409  0002  0.568  0.565    78    79  0.55146  -0.08883  7  74
472  486  0003  0.538  0.562   147   148  0.31146  0.22917  8  78
472  547  0004  0.600  0.607   -16   -15  -0.18654  -0.29283  9  76
472  332  0005  0.571  0.596   -69   -66  -0.55254  -0.08883  6  74
472  354  0006  0.564  0.587  -111  -112  -0.53454  0.15117  7  76
472  513  0007  0.602  0.608   -19   -18  -0.21654  -0.28683  9  75
472  372  0008  0.566  0.577  -118  -118  -0.49854  0.17517  7  77
472  502  0009  0.628  0.619  -173  -172  -0.05454  0.32517  9  75
472  352  0010  0.574  0.578    88    88  0.57546  -0.04683  6  74
472  629  0011  0.572  0.574  -174  -174  -0.03654  0.30117  8  76
472  484  0012  0.548  0.574     0     0  -0.01854  -0.29883  9  77
472  382  0013  0.543  0.547    73    72  0.51546  -0.11883  6  75
472  418  0014  0.521  0.536   -52   -50  -0.42654  -0.14883  8  75
472  512  0015  0.511  0.517   -35   -34  -0.30654  -0.20283  9  76
472  374  0016  0.516  0.532    66    66  0.47946  -0.14283  7  75
472  368  0017  0.567  0.577   108   108  0.55146  0.06117  6  75
472  518  0018  0.525  0.532   -33   -32  -0.30054  -0.21483  9  76
472  376  0019  0.556  0.561   -65   -65  -0.51654  -0.08883  6  76
472  408  0020  0.540  0.548    77    79  0.53346  -0.08883  6  76
472  504  0021  0.552  0.553    83    83  0.54546  -0.07083  5  74
472  357  0022  0.599  0.608   -85   -85  -0.60654  0.01317  6  76
472  415  0023  0.522  0.530   -75   -75  -0.51654  -0.03483  6  74
472  475  0024  0.553  0.553    47    47  0.39546  -0.22083  8  77
472  521  0025  0.560  0.564  -138  -137  -0.36654  0.24117  8  79
472  324  0026  0.542  0.586    34    31  0.28746  -0.28083  10  76
472  541  0027  0.585  0.594  -154  -154  -0.24054  0.29517  9  77
472  422  0028  0.523  0.532   133   132  0.40146  0.16317  8  78
472  507  0029  0.615  0.626   -43   -43  -0.44454  -0.20883  8  76
472  412  0030  0.564  0.572   -87   -86  -0.57054  0.01917  5  76
472  568  0031  0.601  0.618    13    12  0.11346  -0.32283  10  76
472  461  0032  0.611  0.617  -116  -115  -0.54654  0.17517  8  75
472  647  0033  0.541  0.551  -173  -173  -0.04254  0.28917  8  77
472  593  0034  0.605  0.612   159   158  0.23946  0.28317  8  77
472  429  0035  0.516  0.531   139   139  0.35946  0.18717  9  76
472  368  0036  0.542  0.584    33    30  0.28146  -0.28083  10  75
472  600  0037  0.602  0.614   156   156  0.26346  0.27717  8  78
472  328  0038  0.621  0.628    80    79  0.61146  -0.10083  10  70
472  490  0039  0.584  0.594   146   146  0.34746  0.23517  7  77
472  526  0040  0.625  0.614  -180   179  0.02946  0.31917  9  75
472  532  0041  0.608  0.621  -169  -169  -0.09654  0.32517  10  77
472  578  0042  0.606  0.613   -35   -34  -0.36654  -0.23883  7  75
472  548  0043  0.598  0.599  -168  -167  -0.10854  0.31317  9  76
472  477  0044  0.604  0.609  -110  -109  -0.56454  0.14517  7  75
472  405  0045  0.587  0.594    91    91  0.59346  -0.02883  5  74
472  518  0046  0.555  0.557   -30   -30  -0.29454  -0.23283  8  77
472  494  0047  0.589  0.607    57    56  0.49146  -0.20883  7  75
472  459  0048  0.519  0.528   -21   -20  -0.20454  -0.24483  10  76
472  467  0049  0.527  0.541    -1    -1  -0.03054  -0.28083  10  77
515  627  0000  0.593  0.593   166   165  0.16746  0.28917  8  77
515  596  0001  0.553  0.562   167   167  0.14346  0.27717  8  79
515  446  0002  0.617  0.631   106   105  0.61146  0.04917  9  74
515  544  0003  0.565  0.582   -35   -34  -0.34854  -0.22683  7  77
515  642  0004  0.569  0.567  -165  -165  -0.12654  0.29517  8  77
515  599  0005  0.589  0.603   -36   -35  -0.36654  -0.23283  7  76
515  510  0006  0.616  0.625    64    64  0.55146  -0.17883  8  75
515  524  0007  0.513  0.530   -30   -30  -0.28254  -0.22083  9  75
515  494  0008  0.594  0.599  -157  -156  -0.22254  0.30117  9  76
515  566  0009  0.574  0.590  -141  -141  -0.34854  0.26517  8  79
515  483  0010  0.521  0.537  -143  -143  -0.30054  0.24717  9  77
515  378  0011  0.547  0.554   104   104  0.53946  0.03717  5  74
515  646  0012  0.549  0.557   173   172  0.08946  0.28317  9  79
515  495  0013  0.608  0.616  -149  -148  -0.30054  0.29517  9  77
515  533  0014  0.539  0.554    22    22  0.19146  -0.28083  9  77
515  450  0015  0.621  0.626     8     7  0.06546  -0.32883  10  76
515  595  0016  0.613  0.624  -145  -144  -0.34254  0.28917  9  76
515  465  0017  0.515  0.529    71    70  0.49146  -0.12483  6  74
515  506  0018  0.529  0.527   125   124  0.44346  0.12717  7  79
515  677  0019  0.569  0.567  -180   179  0.02346  0.29517  8  78
515  585  0020  0.604  0.620   -63   -62  -0.55854  -0.11283  7  75
515  425  0021  0.532  0.537   -68   -68  -0.50454  -0.07083  4  76
515  437  0022  0.573  0.580   -93   -93  -0.57654  0.05517  5  76
515  389  0023  0.608  0.618   -81   -80  -0.61254  -0.01083  7  75
515  640  0024  0.624  0.621   158   157  0.25746  0.28317  8  76
515  604  0025  0.623  0.622    21    21  0.20346  -0.31683  8  75
515  495  0026  0.523  0.539   -83   -81  -0.53454  -0.00483  5  73
515  623  0027  0.538  0.538   167   167  0.13746  0.26517  9  80
515  486  0028  0.591  0.613  -159  -159  -0.19254  0.31317  10  77
515  507  0029  0.601  0.603  -149  -148  -0.29454  0.28917  9  77
515  510  0030  0.532  0.537    55    54  0.42546  -0.19083  7  75
515  391  0031  0.583  0.593    76    75  0.56946  -0.11283  7  74
515  506  0032  0.529  0.534   -35   -34  -0.31854  -0.20883  8  77
515  414  0033  0.548  0.556   116   115  0.50946  0.09117  5  77
515  415  0034  0.574  0.571    83    83  0.56346  -0.07083  6  72
515  433  0035  0.534  0.542    77    79  0.52746  -0.08883  5  76
515  621  0036  0.583  0.578  -166  -165  -0.12054  0.30117  8  76
515  365  0037  0.590  0.601   106   106  0.58146  0.04917  6  75
515  494  0038  0.559  0.562    86    85  0.55746  -0.05883  5  75
515  522  0039  0.567  0.579   141   141  0.37746  0.21117  7  79
515  579  0040  0.560  0.570    24    23  0.20946  -0.28683  8  77
515  531  0041  0.581  0.588  -149  -149  -0.28254  0.28317  9  78
515  541  0042  0.604  0.616    10    10  0.08946  -0.32283  10  77
515  443  0043  0.581  0.593   121   122  0.50946  0.13317  6  77
515  573  0044  0.627  0.630    -5    -5  -0.07854  -0.32283  10  76
515  410  0045  0.519  0.531    78    78  0.51546  -0.08883  5  76
515  565  0046  0.554  0.563   -29   -28  -0.28854  -0.23883  8  77
515  499  0047  0.570  0.573    48    48  0.41346  -0.22683  7  77
515  607  0048  0.511  0.525  -162  -162  -0.13854  0.27117  9  76
515  345  0049  0.610  0.629    82    81  0.61746  -0.08883  9  70
558  472  0000  0.625  0.631    61    61  0.54546  -0.19083  8  75
558  496  0001  0.596  0.613  -134  -134  -0.42054  0.25317  7  77
558  515  0002  0.566  0.567    81    82  0.55746  -0.07683  5  74
558  590  0003  0.606  0.619    33    32  0.31746  -0.29283  9  76
558  599  0004  0.616  0.618   161   160  0.22746  0.28917  8  77
558  618  0005  0.513  0.518  -169  -169  -0.07854  0.27117  9  80
558  622  0006  0.536  0.553   160   160  0.20346  0.25917  8  79
558  543  0007  0.535  0.543    40    40  0.33546  -0.23883  9  76
558  518  0008  0.517  0.519    30    30  0.24546  -0.25083  10  77
558  599  0009  0.511  0.517   -34   -34  -0.30654  -0.20283  9  77
558  441  0010  0.610  0.620   -86   -86  -0.61854  0.01917  7  75
558  653  0011  0.629  0.631    27    27  0.26946  -0.31083  8  74
558  530  0012  0.575  0.581   -56   -56  -0.49254  -0.13683  5  77
558  612  0013  0.563  0.574   -11   -10  -0.12654  -0.28683  9  78
558  536  0014  0.511  0.531   148   148  0.29346  0.21717  8  78
558  410  0015  0.615  0.628    80    79  0.61146  -0.10083  9  70
558  487  0016  0.583  0.596   114   114  0.55146  0.09117  5  76
558  693  0017  0.599  0.610   151   151  0.31146  0.25917  7  77
558  534  0018  0.630  0.629   132   130  0.49146  0.18117  8  75
558  687  0019  0.582  0.588   170   170  0.11946  0.29517  8  79
558  401  0020  0.589  0.598   105   105  0.58146  0.04317  6  76
558  632  0021  0.622  0.623   -32   -32  -0.35454  -0.25083  7  75
558  472  0022  0.559  0.568   -98   -98  -0.55854  0.07917  5  75
558  581  0023  0.528  0.537  -130  -131  -0.39054  0.21117  7  77
558  557  0024  0.546  0.555    40    40  0.34146  -0.24483  9  76
558  545  0025  0.551  0.567   -50   -48  -0.43854  -0.16683  6  77
558  663  0026  0.596  0.596   162   161  0.20346  0.28317  8  77
558  624  0027  0.585  0.598   -17   -16  -0.19254  -0.28683  8  77
558  471  0028  0.587  0.593    49    48  0.43146  -0.23283  7  77
558  566  0029  0.621  0.630  -120  -119  -0.53454  0.19917  8  75
558  662  0030  0.568  0.586   152   152  0.28746  0.25317  7  79
558  486  0031  0.526  0.537    65    65  0.47946  -0.14883  6  75
558  492  0032  0.559  0.575  -160  -160  -0.16854  0.29517  9  78
558  646  0033  0.554  0.572   159   159  0.22146  0.26517  7  79
558  449  0034  0.570  0.584   -67   -65  -0.54054  -0.08883  5  76
558  472  0035  0.623  0.629   111   111  0.59346  0.07917  9  75
558  519  0036  0.584  0.581     9     9  0.07146  -0.30483  9  78
558  610  0037  0.589  0.593   129   128  0.47346  0.16317  5  77
558  464  0038  0.596  0.603    98    97  0.59946  0.00117  5  76
558  459  0039  0.586  0.589   -52   -52  -0.48054  -0.15483  6  76
558  611  0040  0.541  0.557   157   157  0.23346  0.25317  7  79
558  535  0041  0.554  0.577    30    29  0.26346  -0.28083  9  77
558  554  0042  0.558  0.573   -46   -46  -0.42654  -0.17883  6  78
558  455  0043  0.527  0.536    76    76  0.51546  -0.10083  5  77
558  691  0044  0.615  0.618   158   157  0.25146  0.28317  8  77
558  495  0045  0.537  0.534    56    55  0.43146  -0.18483  7  76
558  539  0046  0.531  0.539   125   125  0.44946  0.13317  6  79
558  468  0047  0.576  0.581   -95   -94  -0.57654  0.06117  5  76
558  566  0048  0.572  0.585    20    20  0.18546  -0.29883  8  78
558  525  0049  0.587  0.595   -31   -31  -0.32454  -0.24483  7  77
601  614  0000  0.554  0.572   137   137  0.40146  0.19317  6  80
601  523  0001  0.541  0.550  -102  -101  -0.53454  0.09117  5  75
601  646  0002  0.516  0.527  -161  -161  -0.15054  0.27117  9  77
601  631  0003  0.551  0.551   -31   -31  -0.30054  -0.22683  8  79
601  690  0004  0.600  0.617    12    12  0.10746  -0.32283  9  78
601  647  0005  0.539  0.557   157   157  0.23346  0.25317  7  79
601  392  0006  0.575  0.599   -71   -68  -0.56454  -0.07683  5  77
601  525  0007  0.557  0.555    53    53  0.43146  -0.20283  6  78
601  537  0008  0.538  0.543   130   129  0.43146  0.15117  6  81
601  654  0009  0.593  0.592  -164  -163  -0.14454  0.30717  8  77
601  536  0010  0.551  0.547  -120  -118  -0.46854  0.16917  6  79
601  521  0011  0.524  0.534   -99   -99  -0.52254  0.07917  5  74
601  655  0012  0.605  0.609  -169  -168  -0.09654  0.31917  9  78
601  450  0013  0.620  0.629  -103  -103  -0.60654  0.11517  9  74
601  542  0014  0.517  0.531   -51   -50  -0.42054  -0.14883  7  76
601  641  0015  0.542  0.551   -31   -31  -0.30054  -0.22683  7  78
601  617  0016  0.552  0.564   128   127  0.45546  0.15117  5  81
601  662  0017  0.521  0.531   165   165  0.14946  0.25917  9  80
601  609  0018  0.554  0.562  -144  -144  -0.31254  0.25917  9  80
601  568  0019  0.529  0.524   129   127  0.42546  0.13917  7  82
601  640  0020  0.625  0.627   117   116  0.56946  0.10917  8  75
601  561  0021  0.560  0.569    62    61  0.49146  -0.17283  6  77
601  550  0022  0.512  0.526   135   135  0.38346  0.16917  8  77
601  634  0023  0.592  0.601   127   127  0.49146  0.15717  5  77
601  608  0024  0.539  0.550   -20   -19  -0.20454  -0.25683  8  78
601  503  0025  0.558  0.572   -90   -89  -0.57054  0.03717  4  77
601  480  0026  0.596  0.603   -51   -50  -0.48054  -0.16683  6  76
601  677  0027  0.590  0.599    21    21  0.19746  -0.30483  8  77
601  642  0028  0.610  0.625   -37   -36  -0.38454  -0.23883  7  78
601  743  0029  0.617  0.623   139   138  0.42546  0.21717  7  76
601  655  0030  0.561  0.570    -5    -4  -0.06654  -0.29283  9  79
601  650  0031  0.565  0.574   127   127  0.46746  0.15117  5  79
601  626  0032  0.618  0.628   -45   -44  -0.45654  -0.20283  8  76
601  474  0033  0.548  0.555   -69   -68  -0.52254  -0.07083  4  77
601  715  0034  0.572  0.587   156   156  0.25146  0.26517  7  80
601  648  0035  0.587  0.600   -14   -14  -0.16854  -0.29283  9  78
601  634  0036  0.606  0.621  -161  -161  -0.18054  0.31917  9  77
601  450  0037  0.596  0.601    89    90  0.59946  -0.03483  5  73
601  737  0038  0.549  0.557  -164  -164  -0.13254  0.28917  7  78
601  704  0039  0.625  0.627     4     4  0.02346  -0.32883  9  76
601  469  0040  0.607  0.615   -92   -91  -0.61254  0.04917  6  76
601  635  0041  0.526  0.529    48    48  0.38346  -0.20883  8  78
601  579  0042  0.596  0.605  -129  -128  -0.45654  0.22917  7  76
601  561  0043  0.523  0.530  -128  -128  -0.40254  0.19917  8  78
601  589  0044  0.521  0.528  -160  -160  -0.15654  0.27117  9  77
601  337  0045  0.620  0.625    88    88  0.62346  -0.04683  9  72
601  556  0046  0.517  0.523    95    93  0.52146  -0.01683  5  77
601  533  0047  0.534  0.542    64    64  0.47946  -0.15483  5  76
601  595  0048  0.550  0.557   140   140  0.37146  0.19917  7  80
601  601  0049  0.550  0.567   125   126  0.46746  0.14517  5  80
43  211  0000  0.613  0.540  -118  -174  -0.03654  0.28317  9  73
43  210  0001  0.519  0.540    54  -174  -0.03654  0.28317  9  73
43  210  0002  0.596  0.540   -28  -174  -0.03654  0.28317  9  73
43  208  0003  0.620  0.540    66  -174  -0.03654  0.28317  9  72
43  208  0004  0.624  0.540    55  -174  -0.03654  0.28317  9  73
43  210  0005  0.521  0.540   -31  -174  -0.03654  0.28317  9  73
43  211  0006  0.616  0.540    68  -174  -0.03654  0.28317  9  72
43  210  0007  0.556  0.540   117  -174  -0.03654  0.28317  9  72
43  211  0008  0.547  0.540    29  -174  -0.03654  0.28317  10  73
43  208  0009  0.604  0.540  -116  -174  -0.03654  0.28317  9  73
43  208  0010  0.601  0.540    41  -174  -0.03654  0.28317  9  72
43  209  0011  0.554  0.540   174  -174  -0.03654  0.28317  10  73
43  211  0012  0.597  0.540     2  -174  -0.03654  0.28317  10  73
43  209  0013  0.540  0.540  -115  -174  -0.03654  0.28317  9  72
43  210  0014  0.517  0.540    36  -174  -0.03654  0.28317  10  72
43  210  0015  0.533  0.540   -32  -174  -0.03654  0.28317  10  73
43  210  0016  0.510  0.540  -130  -174  -0.03654  0.28317  10  73
43  211  0017  0.626  0.540    34  -174  -0.03654  0.28317  9  73
43  208  0018  0.624  0.540   -48  -174  -0.03654  0.28317  9  72
43  218  0019  0.536  0.552   169   170  0.11346  0.27717  9  73
43  210  0020  0.557  0.615   134   138  0.42546  0.21117  10  74
43  209  0021  0.512  0.540   -60  -174  -0.03654  0.28317  9  72
43  208  0022  0.609  0.540   -72  -174  -0.03654  0.28317  9  72
43  210  0023  0.546  0.540   -25  -174  -0.03654  0.28317  9  73
43  210  0024  0.571  0.540   -51  -174  -0.03654  0.28317  9  73
43  210  0025  0.564  0.540    60  -174  -0.03654  0.28317  9  73
43  211  0026  0.619  0.540    12  -174  -0.03654  0.28317  9  73
43  210  0027  0.604  0.540    53  -174  -0.03654  0.28317  9  72
43  210  0028  0.565  0.540   -47  -174  -0.03654  0.28317  9  73
43  210  0029  0.621  0.540   130  -174  -0.03654  0.28317  10  73
43  210  0030  0.627  0.540   -46  -174  -0.03654  0.28317  9  73
43  210  0031  0.550  0.540   -37  -174  -0.03654  0.28317  10  73
43  210  0032  0.600  0.540   -90  -174  -0.03654  0.28317  9  72
43  210  0033  0.581  0.540   -30  -174  -0.03654  0.28317  9  73
43  209  0034  0.523  0.540   101  -174  -0.03654  0.28317  9  72
43  210  0035  0.620  0.540    93  -174  -0.03654  0.28317  9  72
43  211  0036  0.626  0.540   129  -174  -0.03654  0.28317  10  73
43  210  0037  0.564  0.540  -137  -174  -0.03654  0.28317  10  73
43  206  0038  0.521  0.540  -163  -174  -0.03654  0.28317  9  73
43  210  0039  0.533  0.540   -95  -174  -0.03654  0.28317  9  72
43  208  0040  0.556  0.540    98  -174  -0.03654  0.28317  9  72
43  207  0041  0.537  0.540   -67  -174  -0.03654  0.28317  9  72
43  211  0042  0.572  0.540   -98  -174  -0.03654  0.28317  9  72
43  211  0043  0.630  0.540    92  -174  -0.03654  0.28317  9  72
43  210  0044  0.620  0.540   -83  -174  -0.03654  0.28317  9  72
43  211  0045  0.592  0.540   110  -174  -0.03654  0.28317  9  73
43  211  0046  0.588  0.540  -163  -174  -0.03654  0.28317  10  73
43  210  0047  0.549  0.540   161  -174  -0.03654  0.28317  10  73
43  210  0048  0.608  0.540    51  -174  -0.03654  0.28317  9  72
43  210  0049  0.528  0.540    86  -174  -0.03654  0.28317  9  73
86  210  0000  0.516  0.540  -108  -174  -0.03654  0.28317  9  72
86  209  0001  0.570  0.540  -114  -174  -0.03654  0.28317  9  72
86  211  0002  0.599  0.540   132  -174  -0.03654  0.28317  9  74
86  211  0003  0.630  0.540  -129  -174  -0.03654  0.28317  9  73
86  207  0004  0.597  0.540   128  -174  -0.03654  0.28317  9  73
86  208  0005  0.535  0.540   -98  -174  -0.03654  0.28317  9  72
86  206  0006  0.555  0.540    52  -174  -0.03654  0.28317  10  72
86  209  0007  0.557  0.540   103  -174  -0.03654  0.28317  9  72
86  210  0008  0.511  0.540  -110  -174  -0.03654  0.28317  9  72
86  209  0009  0.592  0.540    -9  -174  -0.03654  0.28317  10  74
86  231  0010  0.625  0.626   -64   -63  -0.57054  -0.10683  10  74
86  227  0011  0.515  0.546  -163  -163  -0.13254  0.28317  9  74
86  212  0012  0.598  0.567  -165  -165  -0.12654  0.29517  9  74
86  211  0013  0.523  0.540    -7  -174  -0.03654  0.28317  10  74
86  208  0014  0.509  0.540   -67  -174  -0.03654  0.28317  9  73
86  218  0015  0.609  0.575   170   170  0.11346  0.28917  9  73
86  232  0016  0.624  0.626   -64   -63  -0.57054  -0.10683  10  74
86  207  0017  0.546  0.540     1  -174  -0.03654  0.28317  10  73
86  208  0018  0.574  0.540   -16  -174  -0.03654  0.28317  10  74
86  207  0019  0.564  0.540  -131  -174  -0.03654  0.28317  9  73
86  210  0020  0.586  0.540   -49  -174  -0.03654  0.28317  9  73
86  209  0021  0.564  0.540   120  -174  -0.03654  0.28317  9  72
86  210  0022  0.589  0.540    71  -174  -0.03654  0.28317  9  72
86  209  0023  0.543  0.540    23  -174  -0.03654  0.28317  10  74
86  213  0024  0.559  0.625    29    28  0.28146  -0.30483  10  73
86  206  0025  0.529  0.540    51  -174  -0.03654  0.28317  10  73
86  210  0026  0.559  0.540   -82  -174  -0.03654  0.28317  9  72
86  209  0027  0.572  0.540     7  -174  -0.03654  0.28317  10  73
86  210  0028  0.596  0.540  -125  -174  -0.03654  0.28317  9  73
86  210  0029  0.592  0.540   -96  -174  -0.03654  0.28317  9  72
86  209  0030  0.628  0.540    49  -174  -0.03654  0.28317  9  72
86  209  0031  0.561  0.540    23  -174  -0.03654  0.28317  10  74
86  209  0032  0.570  0.540   -50  -174  -0.03654  0.28317  9  73
86  205  0033  0.582  0.540  -168  -174  -0.03654  0.28317  10  74
86  210  0034  0.601  0.540   103  -174  -0.03654  0.28317  9  72
86  209  0035  0.542  0.540  -145  -174  -0.03654  0.28317  10  73
86  230  0036  0.596  0.556  -178   179  0.02346  0.28917  9  73
86  210  0037  0.558  0.540    45  -174  -0.03654  0.28317  9  73
86  208  0038  0.545  0.540   141  -174  -0.03654  0.28317  9  73
86  210  0039  0.630  0.540    76  -174  -0.03654  0.28317  10  72
86  246  0040  0.580  0.560   173   171  0.10146  0.28317  9  73
86  207  0041  0.627  0.540  -168  -174  -0.03654  0.28317  10  73
86  220  0042  0.628  0.568  -179   178  0.02946  0.29517  9  73
86  209  0043  0.529  0.540   -25  -174  -0.03654  0.28317  10  73
86  210  0044  0.624  0.540   -88  -174  -0.03654  0.28317  9  72
86  210  0045  0.578  0.540   -41  -174  -0.03654  0.28317  9  73
86  223  0046  0.554  0.597   155   157  0.25146  0.27117  9  74
86  206  0047  0.554  0.540   -97  -174  -0.03654  0.28317  9  72
86  210  0048  0.628  0.540    76  -174  -0.03654  0.28317  9  72
86  254  0049  0.605  0.625    28    28  0.28146  -0.30483  10  73
129  208  0000  0.567  0.540     7  -174  -0.03654  0.28317  10  74
129  246  0001  0.593  0.626   -65   -62  -0.56454  -0.11283  9  73
129  208  0002  0.630  0.540   -68  -174  -0.03654  0.28317  10  73
129  210  0003  0.626  0.540   -17  -174  -0.03654  0.28317  10  74
129  207  0004  0.540  0.540  -120  -174  -0.03654  0.28317  9  73
129  205  0005  0.518  0.540   105  -174  -0.03654  0.28317  9  72
129  206  0006  0.529  0.540   -56  -174  -0.03654  0.28317  9  73
129  243  0007  0.584  0.609   -34   -34  -0.36054  -0.23883  9  74
129  234  0008  0.523  0.527   165   166  0.13746  0.25917  10  75
129  270  0009  0.549  0.586   164   164  0.17946  0.28317  9  74
129  208  0010  0.558  0.540    73  -174  -0.03654  0.28317  9  72
129  205  0011  0.531  0.540   -59  -174  -0.03654  0.28317  9  73
129  210  0012  0.609  0.540    25  -174  -0.03654  0.28317  10  73
129  211  0013  0.624  0.540  -120  -174  -0.03654  0.28317  9  73
129  207  0014  0.557  0.540   103  -174  -0.03654  0.28317  9  71
129  222  0015  0.624  0.627   117   116  0.56946  0.10917  10  74
129  208  0016  0.521  0.540    45  -174  -0.03654  0.28317  10  73
129  206  0017  0.518  0.540    63  -174  -0.03654  0.28317  9  72
129  209  0018  0.630  0.540   175  -174  -0.03654  0.28317  10  74
129  206  0019  0.552  0.540   -91  -174  -0.03654  0.28317  8  72
129  208  0020  0.584  0.540   -25  -174  -0.03654  0.28317  10  73
129  260  0021  0.557  0.597   156   157  0.25146  0.27117  9  74
129  234  0022  0.622  0.619   135   137  0.43146  0.21117  10  74
129  231  0023  0.586  0.565   168   169  0.11946  0.28317  9  74
129  210  0024  0.586  0.540    78  -174  -0.03654  0.28317  9  71
129  206  0025  0.531  0.540   -71  -174  -0.03654  0.28317  9  72
129  209  0026  0.611  0.540   -95  -174  -0.03654  0.28317  9  72
129  207  0027  0.558  0.540   -60  -174  -0.03654  0.28317  9  73
129  209  0028  0.537  0.540  -111  -174  -0.03654  0.28317  9  72
129  206  0029  0.619  0.540    37  -174  -0.03654  0.28317  9  73
129  216  0030  0.514  0.527   164   166  0.13746  0.25917  10  75
129  207  0031  0.552  0.540     1  -174  -0.03654  0.28317  10  74
129  208  0032  0.541  0.540    40  -174  -0.03654  0.28317  10  73
129  257  0033  0.621  0.593   177   177  0.04146  0.30717  9  73
129  276  0034  0.593  0.618   140   139  0.41946  0.21717  9  74
129  211  0035  0.559  0.605   -35   -33  -0.35454  -0.23883  10  74
129  210  0036  0.629  0.540   120  -174  -0.03654  0.28317  9  73
129  217  0037  0.586  0.596   127   127  0.48546  0.15717  9  74
129  210  0038  0.606  0.540   -72  -174  -0.03654  0.28317  9  72
129  206  0039  0.576  0.540   102  -174  -0.03654  0.28317  9  72
129  250  0040  0.615  0.629    13    12  0.11346  -0.32883  10  74
129  210  0041  0.596  0.540  -108  -174  -0.03654  0.28317  9  73
129  204  0042  0.613  0.545   -26   178  0.02946  0.28317  9  73
129  208  0043  0.546  0.540  -103  -174  -0.03654  0.28317  9  72
129  206  0044  0.513  0.540    62  -174  -0.03654  0.28317  9  72
129  208  0045  0.545  0.540  -128  -174  -0.03654  0.28317  9  73
129  323  0046  0.553  0.558   178   178  0.03546  0.28917  9  73
129  236  0047  0.560  0.513    10    10  0.07746  -0.26883  11  75
129  205  0048  0.547  0.540   109  -174  -0.03654  0.28317  8  72
129  206  0049  0.582  0.540    40  -174  -0.03654  0.28317  10  73
172  270  0000  0.579  0.591    23    22  0.20946  -0.29883  10  74
172  304  0001  0.579  0.563  -177  -175  -0.02454  0.29517  9  74
172  208  0002  0.529  0.540    58  -174  -0.03654  0.28317  9  72
172  207  0003  0.610  0.540    94  -174  -0.03654  0.28317  9  72
172  207  0004  0.538  0.540   -76  -174  -0.03654  0.28317  9  72
172  259  0005  0.592  0.598   -17   -16  -0.19254  -0.28683  10  74
172  210  0006  0.566  0.569  -156  -154  -0.22854  0.28317  10  74
172  205  0007  0.544  0.540   -67  -174  -0.03654  0.28317  8  72
172  280  0008  0.511  0.525  -131  -132  -0.37254  0.21117  10  74
172  210  0009  0.575  0.540    93  -174  -0.03654  0.28317  8  72
172  238  0010  0.620  0.630  -162  -162  -0.16854  0.32517  10  74
172  213  0011  0.510  0.530   -13   -11  -0.12654  -0.26283  10  75
172  210  0012  0.511  0.540    25  -174  -0.03654  0.28317  10  74
172  217  0013  0.612  0.628  -123  -122  -0.51654  0.21117  10  74
172  238  0014  0.610  0.620  -171  -170  -0.07854  0.32517  10  75
172  210  0015  0.587  0.540    79  -174  -0.03654  0.28317  9  71
172  216  0016  0.556  0.557   -80   -81  -0.55254  -0.00483  9  73
172  210  0017  0.622  0.540    71  -174  -0.03654  0.28317  10  72
172  208  0018  0.563  0.540   -41  -174  -0.03654  0.28317  9  74
172  210  0019  0.616  0.540    86  -174  -0.03654  0.28317  9  70
172  248  0020  0.609  0.630   -21   -20  -0.24054  -0.29283  10  74
172  208  0021  0.561  0.540   -44  -174  -0.03654  0.28317  9  74
172  204  0022  0.517  0.540   -75  -174  -0.03654  0.28317  9  72
172  226  0023  0.570  0.563   -28   -28  -0.28854  -0.23883  10  75
172  302  0024  0.540  0.578   162   163  0.18546  0.27717  9  74
172  204  0025  0.554  0.540   -21  -174  -0.03654  0.28317  10  74
172  229  0026  0.549  0.600   146   150  0.31146  0.25317  10  75
172  208  0027  0.610  0.540   -29  -174  -0.03654  0.28317  9  74
172  240  0028  0.570  0.513    10    10  0.07746  -0.26883  11  75
172  207  0029  0.530  0.540   -53  -174  -0.03654  0.28317  9  73
172  231  0030  0.520  0.562   157   158  0.22146  0.25917  9  74
172  225  0031  0.620  0.618   -10    -9  -0.12054  -0.31083  10  74
172  205  0032  0.546  0.540   143  -174  -0.03654  0.28317  10  75
172  205  0033  0.517  0.540   -57  -174  -0.03654  0.28317  9  73
172  317  0034  0.628  0.624   157   156  0.26346  0.28317  9  74
172  205  0035  0.601  0.540  -131  -174  -0.03654  0.28317  9  73
172  207  0036  0.566  0.540   112  -174  -0.03654  0.28317  8  73
172  210  0037  0.609  0.540  -111  -174  -0.03654  0.28317  9  74
172  211  0038  0.602  0.540    73  -174  -0.03654  0.28317  9  72
172  209  0039  0.580  0.540   -98  -174  -0.03654  0.28317  9  73
172  207  0040  0.546  0.540   -64  -174  -0.03654  0.28317  8  73
172  207  0041  0.539  0.540    38  -174  -0.03654  0.28317  10  73
172  209  0042  0.607  0.540    62  -174  -0.03654  0.28317  9  73
172  205  0043  0.570  0.540   101  -174  -0.03654  0.28317  8  72
172  207  0044  0.521  0.540    56  -174  -0.03654  0.28317  10  73
172  248  0045  0.568  0.617    12    12  0.10746  -0.32283  10  75
172  208  0046  0.575  0.540   107  -174  -0.03654  0.28317  9  72
172  336  0047  0.623  0.627   138   138  0.43146  0.21717  9  74
172  321  0048  0.541  0.558   176   177  0.04146  0.28917  9  74
172  239  0049  0.529  0.514    21    20  0.16146  -0.26283  11  75
215  344  0000  0.580  0.582   176   177  0.04746  0.30117  9  74
215  217  0001  0.606  0.616   -40   -39  -0.40854  -0.22083  9  75
215  309  0002  0.510  0.510   125   124  0.43146  0.12117  10  74
215  250  0003  0.627  0.628     9    10  0.09546  -0.32883  10  74
215  327  0004  0.628  0.628    11    11  0.10146  -0.32883  10  74
215  205  0005  0.533  0.540   -45  -174  -0.03654  0.28317  10  74
215  210  0006  0.583  0.540    18  -174  -0.03654  0.28317  10  75
215  207  0007  0.572  0.540  -126  -174  -0.03654  0.28317  9  74
215  238  0008  0.531  0.550    26    25  0.21546  -0.27483  10  75
215  228  0009  0.514  0.545    -4    -3  -0.05454  -0.28083  10  75
215  209  0010  0.602  0.540  -134  -174  -0.03654  0.28317  9  74
215  209  0011  0.591  0.540  -103  -174  -0.03654  0.28317  9  73
215  272  0012  0.582  0.592   132   131  0.45546  0.17517  9  75
215  252  0013  0.536  0.542   -78   -79  -0.53454  -0.01683  9  73
215  270  0014  0.579  0.608   132   135  0.43746  0.19917  9  76
215  299  0015  0.573  0.599    -1    -1  -0.03654  -0.31083  10  75
215  232  0016  0.614  0.619    64    65  0.55146  -0.17283  10  74
215  242  0017  0.538  0.532  -156  -154  -0.21054  0.26517  10  75
215  210  0018  0.583  0.540    17  -174  -0.03654  0.28317  10  75
215  266  0019  0.530  0.566   154   155  0.25146  0.25317  9  75
215  333  0020  0.599  0.617   149   150  0.32346  0.25917  9  74
215  263  0021  0.619  0.610   131   129  0.48546  0.16917  9  74
215  295  0022  0.548  0.560   -10    -9  -0.11454  -0.28083  10  75
215  307  0023  0.509  0.521  -130  -131  -0.37854  0.20517  10  74
215  210  0024  0.604  0.540    73  -174  -0.03654  0.28317  9  72
215  209  0025  0.589  0.540    78  -174  -0.03654  0.28317  9  71
215  356  0026  0.617  0.618   141   139  0.41946  0.21717  9  74
215  210  0027  0.584  0.540   -73  -174  -0.03654  0.28317  9  72
215  296  0028  0.607  0.630   -60   -60  -0.55854  -0.12483  9  74
215  205  0029  0.562  0.540   -94  -174  -0.03654  0.28317  8  73
215  207  0030  0.530  0.537   -75   -78  -0.52854  -0.02283  9  73
215  293  0031  0.618  0.618     1     1  -0.00654  -0.32283  10  74
215  304  0032  0.617  0.610    -1    -1  -0.03654  -0.31683  10  74
215  207  0033  0.555  0.540   -69  -174  -0.03654  0.28317  8  72
215  321  0034  0.555  0.572   159   159  0.22146  0.26517  9  75
215  205  0035  0.519  0.540   -46  -174  -0.03654  0.28317  10  74
215  215  0036  0.626  0.624   134   137  0.43746  0.21117  10  75
215  284  0037  0.544  0.561   -11   -10  -0.12054  -0.28083  10  75
215  324  0038  0.530  0.512     8     9  0.06546  -0.26883  10  75
215  236  0039  0.533  0.550  -140  -139  -0.34254  0.24117  10  75
215  224  0040  0.562  0.555   -32   -31  -0.30654  -0.22683  9  75
215  210  0041  0.595  0.540    79  -174  -0.03654  0.28317  9  70
215  210  0042  0.624  0.540    86  -174  -0.03654  0.28317  10  70
215  206  0043  0.553  0.540   -64  -174  -0.03654  0.28317  8  74
215  356  0044  0.562  0.567  -166  -165  -0.12054  0.29517  9  74
215  259  0045  0.551  0.557   -83   -81  -0.55254  -0.00483  8  73
215  239  0046  0.556  0.578   123   125  0.47946  0.14517  8  74
215  246  0047  0.593  0.601  -147  -146  -0.31254  0.28317  10  75
215  208  0048  0.576  0.540  -100  -174  -0.03654  0.28317  9  73
215  209  0049  0.627  0.540    59  -174  -0.03654  0.28317  9  73
258  201  0000  0.523  0.540   -71  -174  -0.03654  0.28317  8  74
258  209  0001  0.623  0.540   -96  -174  -0.03654  0.28317  9  72
258  329  0002  0.535  0.522    18    18  0.14946  -0.26883  10  75
258  209  0003  0.609  0.540    91  -174  -0.03654  0.28317  9  72
258  219  0004  0.510  0.534  -140  -139  -0.33054  0.23517  10  75
258  212  0005  0.547  0.550  -102  -101  -0.53454  0.09117  9  73
258  260  0006  0.588  0.598  -128  -128  -0.45654  0.22317  9  75
258  287  0007  0.619  0.628   -46   -44  -0.45654  -0.20283  9  74
258  209  0008  0.613  0.540   -87  -174  -0.03654  0.28317  9  73
258  261  0009  0.563  0.580   -50   -48  -0.44454  -0.17283  9  74
258  239  0010  0.589  0.592   -54   -55  -0.49854  -0.14283  9  74
258  300  0011  0.564  0.577   -47   -46  -0.43254  -0.17883  9  74
258  414  0012  0.514  0.535   177   178  0.03546  0.27717  9  75
258  258  0013  0.624  0.627  -116  -114  -0.55854  0.17517  9  74
258  223  0014  0.552  0.544    54    53  0.42546  -0.19683  9  74
258  247  0015  0.540  0.566   -22   -20  -0.21654  -0.26283  10  74
258  292  0016  0.583  0.596    15    14  0.12546  -0.31083  10  75
258  242  0017  0.590  0.617  -122  -122  -0.51054  0.20517  9  75
258  241  0018  0.556  0.549  -131  -131  -0.39654  0.21717  9  75
258  373  0019  0.561  0.577   160   160  0.20946  0.27117  9  75
258  309  0020  0.615  0.606  -155  -153  -0.24654  0.30117  9  74
258  317  0021  0.584  0.600  -152  -152  -0.25854  0.29517  10  75
258  264  0022  0.554  0.570   142   142  0.36546  0.21117  9  76
258  299  0023  0.548  0.548  -161  -162  -0.14454  0.28317  9  74
258  247  0024  0.520  0.530   110   109  0.50346  0.06117  8  74
258  286  0025  0.619  0.628   -46   -44  -0.45654  -0.20283  9  74
258  349  0026  0.602  0.604   -15   -15  -0.18054  -0.29283  10  75
258  264  0027  0.514  0.529   -79   -79  -0.52254  -0.01683  9  73
258  227  0028  0.600  0.617   -49   -46  -0.46254  -0.19083  9  74
258  209  0029  0.593  0.540    74  -174  -0.03654  0.28317  9  72
258  254  0030  0.625  0.623    43    43  0.41346  -0.26283  10  74
258  220  0031  0.549  0.541    94    90  0.53946  -0.03483  8  74
258  295  0032  0.524  0.521    46    47  0.37146  -0.20883  10  75
258  221  0033  0.551  0.627    35    29  0.28746  -0.30483  11  74
258  255  0034  0.515  0.529    27    26  0.21546  -0.26283  10  75
258  230  0035  0.551  0.549  -123  -121  -0.45654  0.18117  9  75
258  301  0036  0.607  0.622  -160  -160  -0.18654  0.31917  10  74
258  212  0037  0.589  0.594    90    91  0.59346  -0.02883  8  73
258  307  0038  0.510  0.517  -151  -151  -0.22854  0.25317  10  75
258  209  0039  0.587  0.540    74  -174  -0.03654  0.28317  9  72
258  307  0040  0.621  0.630    51    52  0.48546  -0.23283  9  74
258  211  0041  0.628  0.540   -48  -174  -0.03654  0.28317  9  73
258  291  0042  0.581  0.583  -148  -147  -0.29454  0.27717  10  75
258  263  0043  0.616  0.619  -110  -110  -0.57054  0.15117  9  74
258  227  0044  0.572  0.568   -84   -83  -0.56454  0.00117  8  74
258  281  0045  0.528  0.512   130   126  0.41946  0.13317  10  76
258  215  0046  0.527  0.542   -99  -100  -0.52854  0.08517  9  73
258  283  0047  0.590  0.616    54    54  0.48546  -0.22083  9  74
258  334  0048  0.586  0.597     0     0  -0.02454  -0.31083  10  75
258  217  0049  0.602  0.625   -72   -67  -0.58254  -0.08883  10  74
301  399  0000  0.607  0.621   149   149  0.32946  0.25917  9  75
301  298  0001  0.620  0.630  -135  -136  -0.42054  0.26517  9  74
301  270  0002  0.585  0.598    44    44  0.40146  -0.25083  9  75
301  397  0003  0.626  0.617   177   177  0.04746  0.31917  10  74
301  364  0004  0.540  0.548  -138  -137  -0.35454  0.23517  9  76
301  209  0005  0.598  0.540   -97  -174  -0.03654  0.28317  9  74
301  454  0006  0.588  0.600   164   163  0.18546  0.28917  9  75
301  206  0007  0.568  0.540   106  -174  -0.03654  0.28317  8  73
301  247  0008  0.583  0.608  -122  -122  -0.49854  0.20517  9  75
301  417  0009  0.599  0.596   162   161  0.20346  0.28317  9  75
301  311  0010  0.622  0.628   -23   -22  -0.25854  -0.28683  10  74
301  247  0011  0.568  0.583    95    94  0.58146  -0.01683  7  74
301  415  0012  0.524  0.533  -134  -133  -0.37254  0.21717  9  75
301  356  0013  0.580  0.596  -140  -140  -0.36054  0.26517  9  76
301  248  0014  0.578  0.584   -91   -90  -0.58254  0.04317  8  75
301  403  0015  0.579  0.614    31    29  0.28146  -0.29883  10  74
301  319  0016  0.580  0.588   142   141  0.37746  0.21717  8  76
301  347  0017  0.596  0.601    37    36  0.34146  -0.27483  10  74
301  232  0018  0.531  0.538   -65   -64  -0.49254  -0.08883  7  75
301  301  0019  0.613  0.623    44    43  0.41346  -0.26283  9  74
301  397  0020  0.575  0.614    31    29  0.28146  -0.29883  10  73
301  338  0021  0.526  0.540    -7    -7  -0.08454  -0.27483  10  76
301  284  0022  0.512  0.520   -63   -62  -0.46854  -0.09483  8  74
301  335  0023  0.623  0.630  -124  -123  -0.51054  0.21717  10  74
301  484  0024  0.517  0.528  -173  -173  -0.04254  0.27717  9  75
301  289  0025  0.579  0.604   -64   -63  -0.54654  -0.10683  8  74
301  205  0026  0.600  0.540   102  -174  -0.03654  0.28317  9  74
301  377  0027  0.579  0.586   128   127  0.47346  0.15717  7  75
301  237  0028  0.620  0.629   110   111  0.59346  0.07917  10  74
301  337  0029  0.625  0.628   114   115  0.57546  0.10317  10  74
301  205  0030  0.590  0.593  -101  -101  -0.57654  0.09717  9  74
301  318  0031  0.531  0.541  -145  -145  -0.28854  0.25317  10  76
301  240  0032  0.601  0.617   109   111  0.58146  0.07917  9  74
301  494  0033  0.527  0.540  -175  -174  -0.03054  0.28317  9  75
301  206  0034  0.608  0.540   -82  -174  -0.03654  0.28317  9  74
301  199  0035  0.529  0.540   -93  -174  -0.03654  0.28317  8  72
301  256  0036  0.627  0.625    67    66  0.56346  -0.16683  10  74
301  237  0037  0.589  0.595   -52   -53  -0.48654  -0.15483  8  75
301  292  0038  0.529  0.530  -114  -114  -0.47454  0.14517  8  74
301  293  0039  0.544  0.604    32    29  0.28146  -0.29283  10  74
301  370  0040  0.528  0.521    17    17  0.14346  -0.26883  10  75
301  348  0041  0.530  0.557   156   157  0.23346  0.25317  9  76
301  309  0042  0.551  0.567   -50   -48  -0.43854  -0.16683  8  75
301  246  0043  0.610  0.615   123   123  0.52146  0.14517  9  74
301  201  0044  0.516  0.551    63  -174  -0.03654  0.28917  9  73
301  361  0045  0.607  0.624    34    33  0.32946  -0.29283  10  75
301  203  0046  0.545  0.540  -106  -174  -0.03654  0.28317  8  74
301  382  0047  0.599  0.606    -5    -4  -0.07254  -0.31083  10  75
301  359  0048  0.548  0.568    -4    -3  -0.05454  -0.29283  10  76
301  355  0049  0.609  0.623   -45   -44  -0.45054  -0.20283  9  74
344  348  0000  0.559  0.550    50    50  0.41346  -0.20883  8  75
344  223  0001  0.620  0.630  -101  -100  -0.61254  0.10317  10  73
344  252  0002  0.594  0.602   -87   -87  -0.60054  0.02517  7  75
344  345  0003  0.600  0.611   124   125  0.50946  0.15117  8  74
344  240  0004  0.611  0.615   -50   -50  -0.48654  -0.17283  9  74
344  403  0005  0.562  0.574   -11   -10  -0.12654  -0.28683  9  76
344  409  0006  0.620  0.627    -9    -8  -0.11454  -0.31683  10  75
344  208  0007  0.600  0.540    82  -174  -0.03654  0.28317  9  70
344  238  0008  0.516  0.514    37    37  0.29946  -0.23283  11  74
344  407  0009  0.571  0.590   -18   -17  -0.19854  -0.28083  9  75
344  274  0010  0.513  0.513    61    60  0.43746  -0.16083  9  74
344  248  0011  0.605  0.612    72    70  0.56946  -0.14283  9  73
344  248  0012  0.602  0.616   104   104  0.59946  0.04317  8  74
344  296  0013  0.575  0.616   -68   -64  -0.56454  -0.10083  8  73
344  375  0014  0.533  0.556    -4    -3  -0.05454  -0.28683  10  76
344  413  0015  0.588  0.601   -33   -33  -0.34854  -0.23883  8  75
344  359  0016  0.551  0.573   124   126  0.47346  0.14517  7  76
344  388  0017  0.530  0.514    13    12  0.08946  -0.26883  10  77
344  438  0018  0.541  0.545  -134  -134  -0.37854  0.22317  8  76
344  356  0019  0.615  0.623  -111  -111  -0.57054  0.15717  9  75
344  321  0020  0.583  0.594  -129  -128  -0.45054  0.22317  8  75
344  337  0021  0.586  0.601  -107  -107  -0.56454  0.13317  8  74
344  287  0022  0.583  0.581    49    49  0.42546  -0.22683  9  75
344  322  0023  0.549  0.560   -51   -49  -0.43854  -0.16083  8  75
344  421  0024  0.571  0.594   148   149  0.31746  0.24717  8  76
344  356  0025  0.628  0.626   120   117  0.56346  0.11517  9  74
344  396  0026  0.607  0.598  -177  -176  -0.01854  0.31317  9  75
344  397  0027  0.535  0.534    50    50  0.40146  -0.20283  9  75
344  288  0028  0.570  0.593   -65   -63  -0.54054  -0.10083  7  74
344  281  0029  0.546  0.559    61    61  0.47946  -0.17283  8  74
344  370  0030  0.519  0.514    45    46  0.35946  -0.20883  10  75
344  379  0031  0.574  0.571  -162  -162  -0.15054  0.29517  9  75
344  416  0032  0.614  0.627   169   169  0.13746  0.31317  10  77
344  348  0033  0.598  0.619   -60   -60  -0.54654  -0.12483  8  75
344  206  0034  0.573  0.540   -74  -174  -0.03654  0.28317  8  74
344  276  0035  0.538  0.553    62    62  0.47946  -0.16683  8  74
344  381  0036  0.611  0.622  -160  -160  -0.18654  0.31917  10  74
344  391  0037  0.548  0.535     8     8  0.05946  -0.28083  10  76
344  288  0038  0.572  0.581  -130  -129  -0.43254  0.22317  8  75
344  218  0039  0.554  0.545   -73   -77  -0.53454  -0.02883  8  74
344  333  0040  0.570  0.575   -57   -57  -0.49254  -0.13083  7  75
344  380  0041  0.528  0.532    54    54  0.41946  -0.19083  9  74
344  334  0042  0.592  0.605   123   124  0.50946  0.14517  7  75
344  221  0043  0.528  0.530    99    96  0.52746  -0.00483  7  74
344  251  0044  0.541  0.545    75    75  0.52146  -0.10683  8  75
344  503  0045  0.528  0.531  -179  -179  0.01146  0.27717  9  76
344  464  0046  0.565  0.572   176   176  0.05346  0.29517  9  76
344  323  0047  0.586  0.604   -49   -47  -0.45654  -0.18483  8  75
344  292  0048  0.575  0.574   -83   -83  -0.57054  0.00117  7  75
344  411  0049  0.594  0.614  -141  -142  -0.36054  0.27717  9  76
387  320  0000  0.583  0.605   116   116  0.55146  0.10317  7  75
387  384  0001  0.585  0.587  -136  -136  -0.39054  0.24717  8  76
387  463  0002  0.547  0.566   151   151  0.28746  0.24117  8  77
387  398  0003  0.569  0.597    28    28  0.26346  -0.29283  10  75
387  346  0004  0.518  0.531  -142  -142  -0.30654  0.24117  10  76
387  387  0005  0.529  0.552   -18   -17  -0.18654  -0.26283  9  75
387  270  0006  0.559  0.568   -68   -66  -0.52854  -0.08283  7  74
387  385  0007  0.558  0.554    51    51  0.41946  -0.20883  8  75
387  471  0008  0.581  0.592    -4    -3  -0.06054  -0.30483  10  76
387  399  0009  0.596  0.611    58    56  0.49746  -0.20883  8  75
387  356  0010  0.516  0.518   141   140  0.34146  0.18717  10  76
387  365  0011  0.615  0.626   120   118  0.55746  0.12117  9  75
387  551  0012  0.528  0.541   170   169  0.11346  0.27117  9  76
387  432  0013  0.582  0.597    20    20  0.19146  -0.30483  9  76
387  346  0014  0.582  0.594    92    93  0.59346  -0.02283  6  74
387  360  0015  0.528  0.540   140   140  0.35946  0.19317  9  76
387  420  0016  0.570  0.566  -136  -135  -0.38454  0.23517  8  77
387  394  0017  0.526  0.535   -78   -79  -0.52854  -0.01683  7  73
387  440  0018  0.583  0.602  -144  -144  -0.33654  0.27717  9  76
387  529  0019  0.509  0.525   167   167  0.13146  0.25917  10  76
387  366  0020  0.545  0.569   -36   -35  -0.34254  -0.22083  9  76
387  424  0021  0.617  0.627  -122  -121  -0.52254  0.20517  9  74
387  460  0022  0.540  0.543    87    86  0.53946  -0.05283  6  74
387  392  0023  0.615  0.622  -114  -113  -0.55854  0.16917  8  75
387  344  0024  0.601  0.612    42    42  0.39546  -0.26283  9  75
387  353  0025  0.625  0.624    41    42  0.40146  -0.26883  9  74
387  479  0026  0.630  0.627     5     4  0.02946  -0.32883  10  74
387  354  0027  0.536  0.542   109   109  0.51546  0.06117  6  74
387  301  0028  0.535  0.544   -65   -64  -0.49854  -0.08883  6  75
387  337  0029  0.577  0.593   121   122  0.50946  0.13317  7  75
387  358  0030  0.548  0.542  -120  -119  -0.46254  0.16917  8  76
387  407  0031  0.533  0.546  -150  -150  -0.25254  0.26517  9  76
387  437  0032  0.612  0.630    19    19  0.19146  -0.32283  9  75
387  318  0033  0.611  0.627   107   106  0.60546  0.05517  9  74
387  439  0034  0.578  0.581  -155  -154  -0.23454  0.28917  9  75
387  428  0035  0.610  0.617   -18   -18  -0.21054  -0.29283  9  75
387  393  0036  0.618  0.623  -148  -147  -0.31854  0.29517  9  75
387  274  0037  0.618  0.628  -106  -106  -0.59454  0.13317  10  74
387  383  0038  0.608  0.623    44    43  0.41346  -0.26283  9  75
387  337  0039  0.601  0.607    95    94  0.60546  -0.01683  7  74
387  403  0040  0.560  0.561    81    82  0.55146  -0.07683  7  73
387  476  0041  0.606  0.613    -3    -3  -0.05454  -0.31683  10  76
387  459  0042  0.584  0.610    28    28  0.26946  -0.29883  10  75
387  303  0043  0.521  0.511    38    39  0.31146  -0.22683  11  75
387  477  0044  0.573  0.568   174   172  0.08946  0.28917  9  77
387  378  0045  0.576  0.594   -40   -39  -0.39054  -0.21483  8  76
387  359  0046  0.580  0.570     9     9  0.07146  -0.29883  9  77
387  232  0047  0.518  0.537   -94   -97  -0.52854  0.07317  8  72
387  461  0048  0.574  0.585   -17   -16  -0.18654  -0.28083  9  76
387  400  0049  0.578  0.578  -136  -135  -0.39054  0.24117  8  77
429  363  0000  0.547  0.559    61    61  0.47946  -0.17283  7  75
429  411  0001  0.629  0.628  -114  -112  -0.57054  0.16317  9  75
429  489  0002  0.618  0.630   -59   -59  -0.55254  -0.13083  8  75
429  336  0003  0.551  0.563   -94   -94  -0.55854  0.06117  6  74
429  335  0004  0.541  0.543  -159  -159  -0.17454  0.27717  10  77
429  581  0005  0.511  0.520  -179  -179  0.01146  0.27117  9  77
429  314  0006  0.545  0.573    36    36  0.32346  -0.26283  10  75
429  398  0007  0.514  0.521   -64   -63  -0.47454  -0.08883  7  75
429  386  0008  0.529  0.538   -42   -41  -0.37254  -0.18483  9  76
429  560  0009  0.582  0.574  -176  -175  -0.02454  0.30117  8  76
429  447  0010  0.553  0.568  -143  -143  -0.32454  0.25917  9  77
429  376  0011  0.548  0.551   111   110  0.52146  0.06717  6  75
429  436  0012  0.526  0.539   -82   -81  -0.53454  -0.00483  6  73
429  452  0013  0.556  0.568  -143  -143  -0.32454  0.25917  9  77
429  423  0014  0.554  0.571   143   143  0.35346  0.21717  8  78
429  415  0015  0.525  0.540   138   138  0.37146  0.18717  8  76
429  353  0016  0.573  0.584   111   110  0.55146  0.07317  6  75
429  521  0017  0.607  0.628    11    11  0.10146  -0.32883  10  76
429  584  0018  0.529  0.547   177   177  0.04146  0.28317  9  76
429  469  0019  0.513  0.522    92    91  0.52146  -0.02883  7  75
429  370  0020  0.575  0.592   -63   -62  -0.53454  -0.10683  6  75
429  505  0021  0.566  0.580    -4    -4  -0.06054  -0.29883  9  77
429  247  0022  0.627  0.630   100    99  0.62346  0.01317  10  74
429  418  0023  0.563  0.554    17    16  0.14346  -0.28683  9  77
429  395  0024  0.630  0.630    65    65  0.56346  -0.17283  9  74
429  494  0025  0.630  0.624    -7    -7  -0.10254  -0.31683  10  75
429  514  0026  0.528  0.537    86    86  0.53346  -0.05283  5  75
429  534  0027  0.595  0.609   -35   -34  -0.36054  -0.23883  8  75
429  566  0028  0.530  0.546  -164  -163  -0.13254  0.28317  8  76
429  335  0029  0.534  0.554   -24   -23  -0.23454  -0.25083  9  76
429  470  0030  0.595  0.608  -140  -140  -0.36654  0.27117  9  77
429  463  0031  0.572  0.582   -13   -13  -0.15054  -0.28683  9  77
429  456  0032  0.514  0.530    -8    -7  -0.09054  -0.26883  10  77
429  451  0033  0.510  0.513    25    24  0.19746  -0.25683  10  76
429  418  0034  0.574  0.587   -49   -47  -0.44454  -0.17883  7  75
429  351  0035  0.567  0.579  -100  -100  -0.56454  0.09117  7  74
429  407  0036  0.574  0.573    48    48  0.41346  -0.22683  8  76
429  517  0037  0.536  0.567   162   162  0.18546  0.27117  8  77
429  606  0038  0.568  0.569   178   178  0.03546  0.29517  8  77
429  448  0039  0.512  0.515    44    44  0.34746  -0.21483  10  76
429  434  0040  0.547  0.572     1     1  -0.00654  -0.29883  10  77
429  280  0041  0.618  0.629    83    81  0.61746  -0.08883  10  70
429  346  0042  0.526  0.536   -70   -70  -0.51054  -0.05883  6  75
429  434  0043  0.590  0.586   -28   -28  -0.29454  -0.25083  8  76
429  489  0044  0.580  0.588   130   129  0.46746  0.16317  7  77
429  531  0045  0.532  0.538  -135  -135  -0.36654  0.22317  9  77
429  326  0046  0.538  0.535    96    93  0.53346  -0.01683  6  75
429  347  0047  0.576  0.584   -97   -96  -0.57654  0.07317  7  75
429  521  0048  0.527  0.534  -136  -135  -0.36054  0.22317  9  77
429  494  0049  0.593  0.617    11    11  0.10146  -0.32283  10  77
472  612  0000  0.596  0.610   151   151  0.31146  0.25917  8  77
472  386  0001  0.532  0.525  -158  -157  -0.18654  0.26517  11  77
472  384  0002  0.538  0.549   -96   -97  -0.54054  0.07317  6  73
472  611  0003  0.601  0.600   164   163  0.18546  0.28917  8  76
472  459  0004  0.569  0.569    47    47  0.40746  -0.22683  8  77
472  552  0005  0.611  0.620    20    20  0.19746  -0.31683  9  76
472  516  0006  0.622  0.620  -170  -169  -0.09054  0.32517  10  76
472  524  0007  0.550  0.557   -30   -30  -0.29454  -0.23283  8  76
472  439  0008  0.562  0.579    27    26  0.23946  -0.28683  9  77
472  411  0009  0.523  0.527   -23   -23  -0.22254  -0.23883  10  77
472  435  0010  0.578  0.597  -111  -111  -0.54654  0.15117  7  75
472  355  0011  0.620  0.625   -50   -51  -0.49854  -0.17283  9  74
472  540  0012  0.516  0.515    21    20  0.16746  -0.26283  10  77
472  376  0013  0.617  0.626   -90   -89  -0.62454  0.03717  9  74
472  528  0014  0.562  0.575    -1    -1  -0.03054  -0.29883  9  77
472  400  0015  0.628  0.631   106   105  0.61146  0.04917  10  73
472  422  0016  0.512  0.519  -142  -142  -0.30054  0.23517  10  77
472  438  0017  0.553  0.560   -86   -85  -0.55854  0.01317  5  75
472  427  0018  0.629  0.630   113   114  0.58146  0.09717  9  75
472  577  0019  0.537  0.540  -171  -171  -0.06054  0.28317  8  78
472  255  0020  0.621  0.625    89    91  0.62346  -0.03483  9  72
472  441  0021  0.552  0.572   -40   -38  -0.37254  -0.20883  8  77
472  438  0022  0.582  0.587   -55   -55  -0.49254  -0.14283  6  76
472  479  0023  0.586  0.593   -32   -32  -0.33654  -0.23883  8  76
472  415  0024  0.551  0.559   -55   -56  -0.47454  -0.13083  6  76
472  471  0025  0.619  0.623  -148  -147  -0.31854  0.29517  9  76
472  504  0026  0.572  0.571  -137  -136  -0.37854  0.24117  8  78
472  437  0027  0.584  0.597   -24   -23  -0.25854  -0.26883  9  76
472  386  0028  0.512  0.520   -68   -67  -0.48654  -0.07083  6  75
472  521  0029  0.540  0.542    88    87  0.53946  -0.04683  5  76
472  305  0030  0.628  0.631   -98   -98  -0.61854  0.09117  10  73
472  571  0031  0.612  0.629    13    12  0.11346  -0.32883  10  76
472  662  0032  0.554  0.557   179   178  0.02946  0.28917  8  77
472  489  0033  0.616  0.630  -124  -123  -0.51054  0.21717  8  75
472  400  0034  0.572  0.583    95    95  0.58146  -0.01083  5  74
472  420  0035  0.530  0.533   -75   -76  -0.52254  -0.02883  6  74
472  443  0036  0.524  0.535  -113  -113  -0.48054  0.14517  7  75
472  507  0037  0.580  0.587   -20   -19  -0.21654  -0.27483  9  76
472  398  0038  0.518  0.531   -85   -83  -0.52854  0.00117  7  73
472  296  0039  0.623  0.630   100    99  0.62346  0.01317  9  74
472  357  0040  0.621  0.627   -74   -73  -0.60654  -0.05283  9  74
472  418  0041  0.591  0.610  -134  -135  -0.41454  0.25317  8  77
472  476  0042  0.545  0.559  -144  -144  -0.30654  0.25917  9  78
472  366  0043  0.580  0.596    71    70  0.55146  -0.14283  7  75
472  531  0044  0.577  0.591   127   127  0.47946  0.15717  6  77
472  550  0045  0.616  0.630   -60   -60  -0.55854  -0.12483  8  75
472  616  0046  0.554  0.554  -179  -179  0.01146  0.28917  8  78
472  344  0047  0.583  0.598   -75   -75  -0.58254  -0.04083  7  75
472  445  0048  0.582  0.595   -42   -42  -0.41454  -0.20283  7  77
472  471  0049  0.565  0.581   -39   -38  -0.37254  -0.21483  8  77
515  525  0000  0.552  0.572     1     1  -0.00654  -0.29883  9  78
515  682  0001  0.559  0.556  -180   179  0.02346  0.28917  8  79
515  556  0002  0.561  0.558  -135  -134  -0.38454  0.22917  8  79
515  645  0003  0.525  0.534  -164  -164  -0.12654  0.27717  8  77
515  409  0004  0.591  0.604    73    72  0.56946  -0.13083  7  74
515  535  0005  0.525  0.539   155   155  0.23946  0.24117  8  79
515  605  0006  0.628  0.630    13    12  0.11946  -0.32883  10  75
515  318  0007  0.622  0.628    74    74  0.59946  -0.12483  10  73
515  503  0008  0.619  0.628    43    42  0.40746  -0.26883  9  75
515  444  0009  0.617  0.627   107   106  0.60546  0.05517  9  74
515  522  0010  0.510  0.517    -1     0  -0.02454  -0.26883  11  78
515  543  0011  0.564  0.582   -35   -34  -0.34854  -0.22683  7  77
515  625  0012  0.518  0.528  -171  -171  -0.06054  0.27717  9  78
515  491  0013  0.551  0.567   144   144  0.34746  0.21717  7  79
515  464  0014  0.521  0.531   -51   -50  -0.42054  -0.14883  8  76
515  487  0015  0.611  0.616   125   125  0.51546  0.15117  7  75
515  546  0016  0.590  0.603   -38   -37  -0.37854  -0.22683  7  77
515  502  0017  0.558  0.581   -39   -38  -0.37254  -0.21483  7  77
515  579  0018  0.543  0.562   158   158  0.22146  0.25917  8  79
515  536  0019  0.573  0.606    32    30  0.28746  -0.29283  10  76
515  520  0020  0.547  0.572     2     1  -0.00054  -0.29883  9  77
515  444  0021  0.553  0.551  -118  -117  -0.48054  0.16317  7  77
515  459  0022  0.512  0.519    60    59  0.43746  -0.16683  8  75
515  471  0023  0.595  0.617  -124  -124  -0.49254  0.21717  7  77
515  614  0024  0.575  0.580  -164  -164  -0.13854  0.30117  8  77
515  413  0025  0.614  0.617    39    39  0.37146  -0.27483  8  75
515  564  0026  0.597  0.605   134   134  0.44346  0.19317  7  77
515  432  0027  0.603  0.612    71    70  0.56946  -0.14283  7  74
515  580  0028  0.512  0.533   173   172  0.08346  0.27117  9  77
515  613  0029  0.616  0.622   171   170  0.11946  0.31317  9  77
515  363  0030  0.619  0.625    92    93  0.62346  -0.02283  9  74
515  497  0031  0.573  0.580   -49   -48  -0.44454  -0.17283  6  76
515  524  0032  0.615  0.624   127   127  0.50946  0.16317  7  75
515  502  0033  0.620  0.629    50    50  0.47346  -0.23883  8  75
515  530  0034  0.609  0.620   -38   -37  -0.39054  -0.23283  7  77
515  510  0035  0.539  0.545   138   138  0.37746  0.18717  8  78
515  419  0036  0.538  0.549   -96   -97  -0.54054  0.07317  6  73
515  421  0037  0.559  0.566   -64   -64  -0.51654  -0.09483  5  77
515  294  0038  0.588  0.586    82    81  0.57546  -0.08283  7  72
515  474  0039  0.606  0.621   119   117  0.55746  0.11517  8  76
515  479  0040  0.623  0.629  -151  -151  -0.28254  0.30717  10  76
515  527  0041  0.550  0.543    17    17  0.14346  -0.28083  9  78
515  538  0042  0.603  0.615   -46   -45  -0.45054  -0.19683  7  75
515  499  0043  0.616  0.617    37    37  0.35346  -0.28083  9  75
515  582  0044  0.540  0.559   159   159  0.21546  0.25917  8  78
515  513  0045  0.521  0.514     2     1  -0.00054  -0.26883  11  79
515  473  0046  0.584  0.603  -117  -117  -0.52254  0.18117  7  76
515  485  0047  0.608  0.624    42    42  0.40146  -0.26883  9  76
515  389  0048  0.572  0.589    70    68  0.53946  -0.14883  6  76
515  548  0049  0.620  0.623   -44   -44  -0.45054  -0.20283  8  75
558  600  0000  0.626  0.629    -9    -9  -0.12054  -0.31683  10  76
558  440  0001  0.596  0.608   -88   -88  -0.60654  0.03117  5  77
558  678  0002  0.534  0.543  -166  -165  -0.11454  0.28317  8  78
558  484  0003  0.519  0.526  -110  -110  -0.48654  0.12717  6  75
558  461  0004  0.523  0.532   105   106  0.51546  0.04317  5  75
558  690  0005  0.586  0.595   165   164  0.17346  0.28917  8  78
558  608  0006  0.578  0.597     0     0  -0.01854  -0.31083  9  78
558  559  0007  0.515  0.515   122   122  0.44346  0.11517  7  78
558  456  0008  0.543  0.547   -67   -67  -0.51054  -0.07683  4  77
558  591  0009  0.549  0.568   -19   -18  -0.19854  -0.26883  8  77
558  503  0010  0.536  0.539  -157  -156  -0.19854  0.27117  9  77
558  508  0011  0.529  0.528  -157  -155  -0.19854  0.26517  10  78
558  435  0012  0.520  0.515    35    35  0.28146  -0.23883  11  76
558  476  0013  0.586  0.603    53    52  0.46746  -0.22083  7  76
558  603  0014  0.596  0.609  -170  -170  -0.08454  0.31917  9  80
558  564  0015  0.600  0.618   114   114  0.56946  0.09717  6  76
558  462  0016  0.528  0.539    77    77  0.52146  -0.09483  5  77
558  550  0017  0.606  0.622  -127  -127  -0.48054  0.22917  7  76
558  557  0018  0.551  0.555  -156  -155  -0.21654  0.27717  9  77
558  429  0019  0.555  0.591    34    32  0.29946  -0.28083  10  77
558  461  0020  0.576  0.578   -85   -85  -0.57654  0.01317  4  77
558  578  0021  0.537  0.549  -161  -162  -0.15054  0.28317  9  77
558  530  0022  0.619  0.625    63    64  0.55146  -0.17883  8  75
558  429  0023  0.600  0.613   106   105  0.59346  0.04917  6  76
558  598  0024  0.544  0.556    -4    -3  -0.05454  -0.28683  9  79
558  577  0025  0.538  0.558     5     5  0.02946  -0.29283  9  77
558  469  0026  0.573  0.572    82    82  0.56346  -0.07683  6  73
558  335  0027  0.513  0.531   -88   -84  -0.52854  0.00717  7  73
558  467  0028  0.596  0.600    61    61  0.51546  -0.18483  6  77
558  601  0029  0.624  0.620     0     0  -0.02454  -0.32283  9  76
558  578  0030  0.510  0.519  -145  -145  -0.28254  0.24117  10  77
558  584  0031  0.593  0.607   -38   -37  -0.38454  -0.22683  7  77
558  732  0032  0.571  0.568   179   178  0.02946  0.29517  8  78
558  698  0033  0.548  0.554   169   169  0.11946  0.27717  8  79
558  611  0034  0.555  0.571   148   148  0.31146  0.23517  7  79
558  608  0035  0.598  0.601   -17   -17  -0.19854  -0.28683  8  76
558  561  0036  0.538  0.540    21    21  0.17946  -0.27483  9  79
558  554  0037  0.614  0.630   -27   -26  -0.30054  -0.27483  9  77
558  504  0038  0.595  0.604    18    18  0.17346  -0.31083  9  77
558  519  0039  0.512  0.516    95    93  0.51546  -0.01683  6  76
558  572  0040  0.571  0.590   -21   -20  -0.22254  -0.27483  8  77
558  555  0041  0.625  0.627  -137  -136  -0.41454  0.26517  8  75
558  625  0042  0.535  0.543  -137  -136  -0.36054  0.22917  8  79
558  496  0043  0.588  0.605  -158  -158  -0.20454  0.30717  9  77
558  534  0044  0.577  0.611    33    31  0.29946  -0.29283  10  77
558  517  0045  0.580  0.592   -57   -56  -0.50454  -0.13683  5  77
558  598  0046  0.554  0.565   -12   -11  -0.13254  -0.28083  9  78
558  479  0047  0.546  0.559    61    61  0.47946  -0.17283  6  77
558  644  0048  0.595  0.610    28    28  0.26946  -0.29883  9  75
558  451  0049  0.533  0.536  -106  -105  -0.51054  0.10917  5  76
601  705  0000  0.624  0.631   -62   -61  -0.56454  -0.11883  7  75
601  613  0001  0.537  0.537    20    20  0.16746  -0.27483  9  79
601  568  0002  0.543  0.544    54    53  0.42546  -0.19683  6  77
601  573  0003  0.605  0.609  -157  -156  -0.22254  0.30717  8  76
601  562  0004  0.542  0.540  -117  -116  -0.47454  0.15717  6  78
601  476  0005  0.587  0.594   -81   -80  -0.58854  -0.01083  4  77
601  696  0006  0.589  0.612    29    28  0.27546  -0.29883  9  75
601  441  0007  0.624  0.629   -98   -97  -0.61854  0.08517  9  74
601  561  0008  0.584  0.581     8     7  0.05946  -0.30483  9  78
601  535  0009  0.560  0.560   -78   -79  -0.55254  -0.01683  4  76
601  440  0010  0.613  0.615    98    97  0.61146  0.00117  7  75
601  576  0011  0.616  0.627     9     9  0.08346  -0.32883  10  77
601  639  0012  0.607  0.614   -20   -19  -0.22854  -0.28683  8  76
601  654  0013  0.612  0.610   162   161  0.20946  0.28917  8  77
601  591  0014  0.584  0.586   -26   -26  -0.27654  -0.25683  8  77
601  765  0015  0.558  0.556  -180   179  0.02346  0.28917  8  80
601  621  0016  0.550  0.556  -148  -148  -0.27654  0.26517  9  79
601  561  0017  0.545  0.549  -122  -121  -0.45654  0.18117  6  78
601  590  0018  0.555  0.563   -82   -81  -0.55854  -0.00483  3  76
601  539  0019  0.569  0.576   -54   -54  -0.48054  -0.14283  5  78
601  621  0020  0.612  0.619   148   148  0.34146  0.25317  7  77
601  530  0021  0.510  0.524   110   110  0.49746  0.06117  5  75
601  627  0022  0.589  0.599   -11   -10  -0.13254  -0.29883  9  78
601  319  0023  0.610  0.629    86    84  0.62346  -0.07083  8  73
601  576  0024  0.513  0.518  -122  -121  -0.43254  0.16917  7  77
601  534  0025  0.529  0.540    29    29  0.24546  -0.26283  9  78
601  588  0026  0.522  0.534   -81   -80  -0.52854  -0.01083  5  74
601  664  0027  0.593  0.606    -5    -4  -0.07254  -0.31083  9  78
601  433  0028  0.510  0.525   -86   -83  -0.52254  0.00117  7  73
601  645  0029  0.568  0.581     6     5  0.03546  -0.30483  9  78
601  516  0030  0.574  0.583  -158  -157  -0.20454  0.29517  9  78
601  654  0031  0.609  0.621  -169  -169  -0.09654  0.32517  9  78
601  645  0032  0.617  0.620   136   136  0.44346  0.20517  7  76
601  545  0033  0.542  0.553    63    63  0.48546  -0.16083  5  77
601  495  0034  0.569  0.582   112   112  0.54546  0.07917  4  77
601  568  0035  0.554  0.558   -57   -57  -0.48054  -0.12483  5  78
601  781  0036  0.560  0.563  -175  -174  -0.03054  0.29517  7  78
601  589  0037  0.542  0.556  -143  -142  -0.31854  0.25317  8  80
601  530  0038  0.539  0.555   -39   -38  -0.36054  -0.20283  7  78
601  551  0039  0.591  0.592     8     7  0.05946  -0.31083  9  78
601  484  0040  0.586  0.590   -97   -96  -0.58254  0.07317  6  77
601  675  0041  0.550  0.563   175   175  0.06546  0.28917  8  80
601  703  0042  0.563  0.565  -178  -177  -0.00054  0.29517  8  80
601  761  0043  0.530  0.541   170   169  0.11346  0.27117  9  79
601  677  0044  0.544  0.552   175   175  0.06546  0.28317  9  81
601  602  0045  0.560  0.574   131   131  0.44346  0.16917  6  82
601  624  0046  0.517  0.516    14    14  0.10746  -0.26883  10  79
601  727  0047  0.528  0.546  -164  -163  -0.13254  0.28317  8  77
601  619  0048  0.522  0.551   160   160  0.19746  0.25917  8  78
601  510  0049  0.550  0.553    92    90  0.55146  -0.03483  3  77
43  211  0000  0.552  0.540   148  -174  -0.03654  0.28317  10  73
43  211  0001  0.511  0.540   -11  -174  -0.03654  0.28317  10  73
43  210  0002  0.543  0.540   165  -174  -0.03654  0.28317  10  73
43  210  0003  0.624  0.540   -44  -174  -0.03654  0.28317  9  73
43  210  0004  0.612  0.540   170  -174  -0.03654  0.28317  10  73
43  208  0005  0.512  0.540     4  -174  -0.03654  0.28317  10  73
43  210  0006  0.614  0.540    97  -174  -0.03654  0.28317  9  72
43  210  0007  0.612  0.540     5  -174  -0.03654  0.28317  10  73
43  208  0008  0.558  0.540   -85  -174  -0.03654  0.28317  9  73
43  210  0009  0.510  0.540   -38  -174  -0.03654  0.28317  10  73
43  211  0010  0.630  0.540  -155  -174  -0.03654  0.28317  10  73
43  210  0011  0.589  0.540   -33  -174  -0.03654  0.28317  9  73
43  210  0012  0.573  0.540   -80  -174  -0.03654  0.28317  9  72
43  210  0013  0.534  0.540   -35  -174  -0.03654  0.28317  10  73
43  209  0014  0.515  0.540   -60  -174  -0.03654  0.28317  9  72
43  208  0015  0.524  0.540   -26  -174  -0.03654  0.28317  10  72
43  211  0016  0.614  0.540  -119  -174  -0.03654  0.28317  9  73
43  207  0017  0.528  0.540   110  -174  -0.03654  0.28317  9  72
43  208  0018  0.610  0.540   -29  -174  -0.03654  0.28317  9  73
43  210  0019  0.574  0.540   -58  -174  -0.03654  0.28317  9  73
43  210  0020  0.553  0.540  -144  -174  -0.03654  0.28317  10  73
43  207  0021  0.516  0.540   -70  -174  -0.03654  0.28317  9  72
43  207  0022  0.512  0.540   153  -174  -0.03654  0.28317  9  73
43  207  0023  0.571  0.540   115  -174  -0.03654  0.28317  9  72
43  211  0024  0.609  0.540    54  -174  -0.03654  0.28317  9  73
43  210  0025  0.532  0.540  -134  -174  -0.03654  0.28317  10  73
43  210  0026  0.592  0.540    16  -174  -0.03654  0.28317  10  73
43  208  0027  0.563  0.540   -20  -174  -0.03654  0.28317  10  73
43  207  0028  0.556  0.540   113  -174  -0.03654  0.28317  9  72
43  210  0029  0.532  0.540    61  -174  -0.03654  0.28317  9  72
43  208  0030  0.561  0.540  -102  -174  -0.03654  0.28317  9  72
43  210  0031  0.538  0.540   134  -174  -0.03654  0.28317  9  73
43  210  0032  0.534  0.540    97  -174  -0.03654  0.28317  9  72
43  214  0033  0.611  0.620   152   151  0.31146  0.26517  10  73
43  209  0034  0.550  0.540   120  -174  -0.03654  0.28317  9  72
43  210  0035  0.578  0.540   119  -174  -0.03654  0.28317  9  72
43  210  0036  0.536  0.540  -165  -174  -0.03654  0.28317  10  73
43  211  0037  0.622  0.540   -81  -174  -0.03654  0.28317  10  72
43  210  0038  0.607  0.540   162  -174  -0.03654  0.28317  10  73
43  211  0039  0.592  0.540   -93  -174  -0.03654  0.28317  9  72
43  208  0040  0.619  0.540   -43  -174  -0.03654  0.28317  9  73
43  211  0041  0.606  0.540   118  -174  -0.03654  0.28317  9  73
43  231  0042  0.596  0.615   137   138  0.42546  0.21117  10  73
43  210  0043  0.535  0.540   161  -174  -0.03654  0.28317  10  73
43  210  0044  0.515  0.540   123  -174  -0.03654  0.28317  10  73
43  210  0045  0.545  0.540   135  -174  -0.03654  0.28317  9  73
43  209  0046  0.583  0.540   147  -174  -0.03654  0.28317  10  73
43  210  0047  0.563  0.540    -1  -174  -0.03654  0.28317  10  73
43  210  0048  0.529  0.540   118  -174  -0.03654  0.28317  9  72
43  210  0049  0.532  0.540    34  -174  -0.03654  0.28317  10  72
86  208  0000  0.598  0.540    21  -174  -0.03654  0.28317  10  73
86  212  0001  0.622  0.540    -5  -174  -0.03654  0.28317  10  73
86  210  0002  0.596  0.540  -102  -174  -0.03654  0.28317  9  72
86  206  0003  0.622  0.540  -160  -174  -0.03654  0.28317  9  73
86  209  0004  0.539  0.540  -131  -174  -0.03654  0.28317  10  73
86  210  0005  0.562  0.540   -32  -174  -0.03654  0.28317  9  73
86  209  0006  0.549  0.540   126  -174  -0.03654  0.28317  10  73
86  210  0007  0.593  0.540   -98  -174  -0.03654  0.28317  9  72
86  209  0008  0.622  0.540   -54  -174  -0.03654  0.28317  9  73
86  210  0009  0.586  0.540   -76  -174  -0.03654  0.28317  9  72
86  203  0010  0.567  0.540  -117  -174  -0.03654  0.28317  9  72
86  210  0011  0.550  0.540   -10  -174  -0.03654  0.28317  10  74
86  251  0012  0.621  0.619   137   137  0.43146  0.21117  10  74
86  210  0013  0.591  0.540    86  -174  -0.03654  0.28317  9  71
86  210  0014  0.516  0.540  -147  -174  -0.03654  0.28317  10  73
86  207  0015  0.562  0.540     2  -174  -0.03654  0.28317  10  74
86  210  0016  0.596  0.540    63  -174  -0.03654  0.28317  9  73
86  207  0017  0.576  0.540   -54  -174  -0.03654  0.28317  9  72
86  208  0018  0.604  0.540   -77  -174  -0.03654  0.28317  9  72
86  230  0019  0.609  0.627    32    29  0.28746  -0.30483  10  74
86  210  0020  0.570  0.540    74  -174  -0.03654  0.28317  9  72
86  209  0021  0.629  0.540   -52  -174  -0.03654  0.28317  9  72
86  207  0022  0.561  0.540  -106  -174  -0.03654  0.28317  9  72
86  240  0023  0.566  0.615   136   138  0.42546  0.21117  10  74
86  210  0024  0.615  0.540   -96  -174  -0.03654  0.28317  9  72
86  207  0025  0.559  0.540   -22  -174  -0.03654  0.28317  10  73
86  211  0026  0.614  0.540  -118  -174  -0.03654  0.28317  9  73
86  210  0027  0.619  0.540    98  -174  -0.03654  0.28317  9  72
86  207  0028  0.525  0.540  -150  -174  -0.03654  0.28317  10  74
86  208  0029  0.540  0.540  -152  -174  -0.03654  0.28317  10  74
86  211  0030  0.620  0.540   145  -174  -0.03654  0.28317  9  73
86  210  0031  0.572  0.540    90  -174  -0.03654  0.28317  9  72
86  211  0032  0.616  0.540    43  -174  -0.03654  0.28317  9  72
86  211  0033  0.595  0.540   117  -174  -0.03654  0.28317  9  73
86  211  0034  0.618  0.540   -84  -174  -0.03654  0.28317  9  72
86  208  0035  0.608  0.540   -42  -174  -0.03654  0.28317  9  73
86  222  0036  0.588  0.618   141   139  0.41946  0.21717  10  74
86  205  0037  0.595  0.540   -58  -174  -0.03654  0.28317  9  73
86  222  0038  0.603  0.618   -33   -33  -0.36054  -0.24483  10  74
86  210  0039  0.598  0.540   -32  -174  -0.03654  0.28317  9  73
86  213  0040  0.547  0.546  -162  -163  -0.13254  0.28317  10  74
86  210  0041  0.589  0.540  -123  -174  -0.03654  0.28317  9  73
86  210  0042  0.554  0.540  -149  -174  -0.03654  0.28317  10  73
86  225  0043  0.606  0.616     4     3  0.01746  -0.32283  10  74
86  209  0044  0.532  0.540   -18  -174  -0.03654  0.28317  10  73
86  238  0045  0.620  0.619   136   137  0.43146  0.21117  10  74
86  209  0046  0.547  0.540    86  -174  -0.03654  0.28317  9  73
86  216  0047  0.594  0.616     5     4  0.02346  -0.32283  10  74
86  206  0048  0.546  0.540   -87  -174  -0.03654  0.28317  9  72
86  211  0049  0.593  0.540  -114  -174  -0.03654  0.28317  9  73
129  210  0000  0.618  0.540  -107  -174  -0.03654  0.28317  9  72
129  222  0001  0.518  0.586   164   164  0.17946  0.28317  10  75
129  234  0002  0.513  0.536  -161  -163  -0.13854  0.27717  10  74
129  207  0003  0.534  0.540  -123  -174  -0.03654  0.28317  9  73
129  217  0004  0.515  0.529    92    88  0.52746  -0.04083  9  74
129  206  0005  0.583  0.540    38  -174  -0.03654  0.28317  10  73
129  207  0006  0.554  0.540  -103  -174  -0.03654  0.28317  9  72
129  208  0007  0.584  0.540   -60  -174  -0.03654  0.28317  9  73
129  211  0008  0.628  0.540   -79  -174  -0.03654  0.28317  9  72
129  210  0009  0.519  0.540  -144  -174  -0.03654  0.28317  10  74
129  207  0010  0.570  0.540   114  -174  -0.03654  0.28317  8  73
129  210  0011  0.578  0.540    75  -174  -0.03654  0.28317  9  72
129  272  0012  0.569  0.606   135   137  0.42546  0.20517  9  74
129  209  0013  0.550  0.540   -48  -174  -0.03654  0.28317  9  73
129  209  0014  0.528  0.540  -148  -174  -0.03654  0.28317  10  74
129  207  0015  0.550  0.540    72  -174  -0.03654  0.28317  9  72
129  214  0016  0.562  0.599    -1    -1  -0.03654  -0.31083  10  74
129  209  0017  0.568  0.540   -78  -174  -0.03654  0.28317  9  72
129  210  0018  0.590  0.540   -91  -174  -0.03654  0.28317  9  73
129  239  0019  0.594  0.611    21    21  0.20346  -0.31083  10  74
129  209  0020  0.520  0.540   -33  -174  -0.03654  0.28317  10  74
129  287  0021  0.596  0.611   156   157  0.25746  0.27717  9  74
129  210  0022  0.621  0.540  -103  -174  -0.03654  0.28317  9  72
129  208  0023  0.615  0.540    44  -174  -0.03654  0.28317  9  73
129  207  0024  0.589  0.540   -55  -174  -0.03654  0.28317  9  73
129  209  0025  0.587  0.540    68  -174  -0.03654  0.28317  9  72
129  233  0026  0.536  0.536    89    87  0.53346  -0.04683  9  74
129  207  0027  0.525  0.540  -123  -174  -0.03654  0.28317  9  73
129  207  0028  0.543  0.540  -151  -174  -0.03654  0.28317  10  74
129  257  0029  0.614  0.613   155   154  0.28146  0.27117  9  74
129  260  0030  0.577  0.610   139   138  0.41946  0.21117  9  74
129  209  0031  0.530  0.540   -52  -174  -0.03654  0.28317  9  73
129  209  0032  0.552  0.540  -149  -174  -0.03654  0.28317  10  74
129  208  0033  0.593  0.540    41  -174  -0.03654  0.28317  9  73
129  302  0034  0.554  0.544  -179   179  0.02346  0.28317  9  74
129  205  0035  0.528  0.540    53  -174  -0.03654  0.28317  10  73
129  222  0036  0.567  0.580    -9    -8  -0.10854  -0.29283  10  74
129  208  0037  0.567  0.540   -64  -174  -0.03654  0.28317  9  73
129  204  0038  0.625  0.540   -94  -174  -0.03654  0.28317  9  72
129  211  0039  0.606  0.540  -154  -174  -0.03654  0.28317  10  74
129  209  0040  0.533  0.540    50  -174  -0.03654  0.28317  10  74
129  210  0041  0.624  0.540    67  -174  -0.03654  0.28317  9  72
129  211  0042  0.527  0.540   147  -174  -0.03654  0.28317  10  74
129  209  0043  0.538  0.540    38  -174  -0.03654  0.28317  10  73
129  263  0044  0.630  0.611   165   164  0.18546  0.29517  10  73
129  222  0045  0.584  0.593   129   128  0.47346  0.16317  9  74
129  207  0046  0.549  0.540   112  -174  -0.03654  0.28317  8  72
129  211  0047  0.630  0.540     9  -174  -0.03654  0.28317  10  73
129  207  0048  0.523  0.540   158  -174  -0.03654  0.28317  10  75
129  219  0049  0.589  0.618   142   139  0.41946  0.21717  10  74
172  258  0000  0.561  0.610   138   138  0.41946  0.21117  9  75
172  286  0001  0.619  0.627  -145  -144  -0.34854  0.28917  10  74
172  206  0002  0.550  0.540   122  -174  -0.03654  0.28317  9  74
172  204  0003  0.512  0.540   -93  -174  -0.03654  0.28317  9  71
172  328  0004  0.555  0.554   169   169  0.11946  0.27717  9  74
172  222  0005  0.630  0.590  -166  -165  -0.12654  0.30717  9  74
172  213  0006  0.545  0.553  -140  -138  -0.34854  0.24117  10  75
172  235  0007  0.553  0.599   -38   -35  -0.36054  -0.23283  9  74
172  206  0008  0.614  0.540   -25  -174  -0.03654  0.28317  10  74
172  231  0009  0.528  0.573   151   152  0.28146  0.24717  9  74
172  208  0010  0.614  0.540   111  -174  -0.03654  0.28317  9  73
172  279  0011  0.550  0.569   159   159  0.21546  0.26517  9  75
172  207  0012  0.534  0.540    35  -174  -0.03654  0.28317  10  72
172  208  0013  0.569  0.540    46  -174  -0.03654  0.28317  10  74
172  209  0014  0.569  0.540    72  -174  -0.03654  0.28317  9  72
172  249  0015  0.533  0.510    17    18  0.14346  -0.26283  10  75
172  205  0016  0.557  0.540  -120  -174  -0.03654  0.28317  9  73
172  207  0017  0.548  0.540   -34  -174  -0.03654  0.28317  10  75
172  208  0018  0.517  0.540    43  -174  -0.03654  0.28317  10  74
172  207  0019  0.602  0.540    51  -174  -0.03654  0.28317  9  73
172  207  0020  0.545  0.540    55  -174  -0.03654  0.28317  9  73
172  210  0021  0.619  0.540  -149  -174  -0.03654  0.28317  10  74
172  212  0022  0.627  0.540   100  -174  -0.03654  0.28317  9  72
172  231  0023  0.597  0.610   -46   -44  -0.44454  -0.19683  9  74
172  272  0024  0.572  0.590    -3    -2  -0.04854  -0.30483  10  75
172  223  0025  0.616  0.628  -123  -122  -0.51654  0.21117  10  74
172  253  0026  0.602  0.628   -69   -64  -0.57654  -0.10083  10  73
172  211  0027  0.551  0.564  -146  -146  -0.29454  0.26517  10  75
172  360  0028  0.519  0.533  -180   179  0.02346  0.27717  9  74
172  213  0029  0.573  0.576   -12   -11  -0.13254  -0.28683  10  75
172  240  0030  0.602  0.598  -153  -152  -0.25254  0.29517  10  74
172  211  0031  0.628  0.540    63  -174  -0.03654  0.28317  9  73
172  206  0032  0.534  0.540  -141  -174  -0.03654  0.28317  10  75
172  208  0033  0.533  0.540    40  -174  -0.03654  0.28317  10  74
172  212  0034  0.623  0.540    70  -174  -0.03654  0.28317  10  72
172  207  0035  0.567  0.551    83    84  0.54546  -0.06483  9  72
172  210  0036  0.582  0.540  -134  -174  -0.03654  0.28317  9  74
172  224  0037  0.583  0.600   124   125  0.49746  0.15117  9  74
172  256  0038  0.586  0.618    14    12  0.11346  -0.32283  10  75
172  210  0039  0.585  0.540   -91  -174  -0.03654  0.28317  8  73
172  207  0040  0.560  0.540   143  -174  -0.03654  0.28317  10  75
172  218  0041  0.582  0.592  -156  -154  -0.23454  0.29517  10  74
172  209  0042  0.570  0.540  -131  -174  -0.03654  0.28317  10  73
172  210  0043  0.590  0.540  -136  -174  -0.03654  0.28317  9  74
172  208  0044  0.557  0.540   -72  -174  -0.03654  0.28317  9  71
172  207  0045  0.544  0.540   -97  -174  -0.03654  0.28317  9  72
172  208  0046  0.559  0.540   -33  -174  -0.03654  0.28317  10  75
172  207  0047  0.617  0.540   -91  -174  -0.03654  0.28317  9  72
172  209  0048  0.560  0.540  -104  -174  -0.03654  0.28317  9  73
172  211  0049  0.585  0.540   122  -174  -0.03654  0.28317  9  73
215  204  0000  0.515  0.551    62  -174  -0.03654  0.28917  9  72
215  255  0001  0.622  0.630  -124  -123  -0.51054  0.21717  10  74
215  205  0002  0.513  0.520   -63   -62  -0.46854  -0.09483  9  74
215  255  0003  0.549  0.542    51    51  0.41346  -0.20283  9  74
215  243  0004  0.530  0.518    45    46  0.36546  -0.20883  10  75
215  338  0005  0.561  0.554  -178  -179  0.01146  0.28917  9  75
215  206  0006  0.559  0.540    67  -174  -0.03654  0.28317  9  73
215  245  0007  0.602  0.615  -139  -139  -0.37854  0.27117  10  75
215  249  0008  0.616  0.625  -119  -120  -0.52854  0.19917  10  74
215  225  0009  0.560  0.549    89    86  0.54546  -0.05283  8  73
215  263  0010  0.589  0.601   -44   -44  -0.43254  -0.19683  9  74
215  377  0011  0.580  0.581   177   177  0.04146  0.30117  9  74
215  203  0012  0.512  0.540   106  -174  -0.03654  0.28317  8  73
215  220  0013  0.608  0.623   -28   -27  -0.30654  -0.26883  10  75
215  278  0014  0.576  0.589   -14   -14  -0.16854  -0.28683  10  75
215  209  0015  0.599  0.540   -91  -174  -0.03654  0.28317  9  73
215  211  0016  0.562  0.575   -58   -57  -0.49254  -0.13083  9  74
215  303  0017  0.624  0.613    -3    -3  -0.05454  -0.31683  10  74
215  288  0018  0.590  0.612   -38   -36  -0.37854  -0.23283  9  74
215  203  0019  0.516  0.540   -69  -174  -0.03654  0.28317  8  73
215  246  0020  0.541  0.549   -85   -83  -0.54654  0.00117  8  73
215  287  0021  0.562  0.599   -37   -35  -0.36054  -0.23283  9  74
215  231  0022  0.586  0.617   115   115  0.56346  0.10317  9  74
215  207  0023  0.614  0.540    49  -174  -0.03654  0.28317  9  73
215  205  0024  0.541  0.540   121  -174  -0.03654  0.28317  8  74
215  208  0025  0.586  0.540   -84  -174  -0.03654  0.28317  8  74
215  220  0026  0.621  0.625    63    64  0.55146  -0.17883  10  74
215  207  0027  0.627  0.540  -132  -174  -0.03654  0.28317  9  73
215  208  0028  0.564  0.540    75  -174  -0.03654  0.28317  9  73
215  231  0029  0.598  0.626    52    52  0.47946  -0.23283  10  74
215  209  0030  0.623  0.540    61  -174  -0.03654  0.28317  9  73
215  382  0031  0.532  0.539  -172  -172  -0.04854  0.28317  9  74
215  268  0032  0.613  0.629  -147  -146  -0.33054  0.29517  10  75
215  352  0033  0.568  0.565   169   169  0.11946  0.28317  9  75
215  255  0034  0.579  0.610   141   139  0.40746  0.21717  9  75
215  210  0035  0.547  0.556   -26   -27  -0.27654  -0.23883  10  75
215  303  0036  0.543  0.576   151   151  0.28746  0.24717  9  75
215  238  0037  0.582  0.592   142   141  0.38346  0.21717  9  75
215  278  0038  0.569  0.601   -34   -33  -0.34854  -0.23883  9  74
215  328  0039  0.554  0.577   160   160  0.20946  0.27117  9  75
215  205  0040  0.565  0.540   104  -174  -0.03654  0.28317  8  72
215  292  0041  0.621  0.618   176   176  0.05346  0.31917  10  74
215  307  0042  0.629  0.624  -146  -144  -0.34254  0.28917  10  74
215  209  0043  0.623  0.540    89  -174  -0.03654  0.28317  9  71
215  251  0044  0.627  0.629  -148  -146  -0.33054  0.29517  10  74
215  282  0045  0.567  0.594   147   149  0.31746  0.24717  9  75
215  207  0046  0.512  0.540  -141  -174  -0.03654  0.28317  10  75
215  212  0047  0.541  0.547    65    66  0.49146  -0.14883  9  74
215  247  0048  0.589  0.589  -147  -146  -0.30654  0.27717  10  75
215  363  0049  0.550  0.557  -164  -164  -0.13254  0.28917  9  74
258  251  0000  0.584  0.584   -30   -29  -0.30654  -0.24483  9  75
258  281  0001  0.547  0.556   -85   -83  -0.55254  0.00117  7  74
258  296  0002  0.572  0.592    38    37  0.34146  -0.26883  10  74
258  206  0003  0.596  0.540    50  -174  -0.03654  0.28317  9  74
258  297  0004  0.571  0.578   -12   -11  -0.13854  -0.28683  10  75
258  207  0005  0.566  0.540    76  -174  -0.03654  0.28317  9  73
258  321  0006  0.512  0.527  -152  -152  -0.22854  0.25917  10  75
258  241  0007  0.531  0.540    72    71  0.50346  -0.12483  9  74
258  283  0008  0.546  0.546   -78   -80  -0.54054  -0.01083  8  73
258  208  0009  0.525  0.539   -98   -99  -0.52854  0.07917  9  72
258  339  0010  0.574  0.588    -7    -7  -0.09654  -0.29883  10  75
258  364  0011  0.554  0.584   156   157  0.24546  0.26517  9  75
258  353  0012  0.619  0.630   -36   -35  -0.37854  -0.24483  9  74
258  206  0013  0.548  0.540    59  -174  -0.03654  0.28317  9  74
258  354  0014  0.608  0.629    32    29  0.29346  -0.30483  10  74
258  365  0015  0.551  0.571   165   164  0.16746  0.27717  9  75
258  322  0016  0.558  0.587    -1    -1  -0.03054  -0.30483  10  75
258  217  0017  0.510  0.533   -85   -81  -0.52854  -0.00483  9  72
258  211  0018  0.593  0.540   120  -174  -0.03654  0.28317  9  74
258  292  0019  0.612  0.604  -156  -154  -0.24054  0.30117  10  74
258  336  0020  0.630  0.614  -180   179  0.02946  0.31917  9  74
258  346  0021  0.534  0.541  -132  -132  -0.38454  0.21717  9  75
258  360  0022  0.600  0.591   161   160  0.21546  0.27717  9  75
258  278  0023  0.615  0.628   -23   -22  -0.25854  -0.28683  10  74
258  209  0024  0.612  0.540   -85  -174  -0.03654  0.28317  9  73
258  318  0025  0.516  0.518    48    48  0.37746  -0.20283  10  75
258  288  0026  0.581  0.586  -150  -149  -0.27654  0.28317  9  75
258  325  0027  0.603  0.608   128   127  0.49146  0.16317  8  74
258  246  0028  0.537  0.547   -58   -58  -0.47454  -0.11883  8  74
258  352  0029  0.587  0.580   174   173  0.08946  0.29517  9  75
258  244  0030  0.521  0.537  -143  -143  -0.30054  0.24717  10  75
258  289  0031  0.551  0.542    51    51  0.41346  -0.20283  9  74
258  317  0032  0.554  0.570    -5    -4  -0.06654  -0.29283  10  75
258  229  0033  0.568  0.601   -24   -22  -0.24654  -0.27483  10  75
258  209  0034  0.630  0.540    99  -174  -0.03654  0.28317  9  72
258  305  0035  0.592  0.616    55    54  0.48546  -0.22083  9  74
258  285  0036  0.553  0.522    18    18  0.14946  -0.26883  10  75
258  293  0037  0.630  0.627  -122  -121  -0.52254  0.20517  10  74
258  304  0038  0.580  0.593   -45   -44  -0.43254  -0.19083  9  74
258  332  0039  0.539  0.570   150   150  0.29346  0.24117  9  75
258  288  0040  0.610  0.612  -152  -152  -0.26454  0.30117  10  75
258  334  0041  0.517  0.537  -161  -162  -0.14454  0.27717  10  74
258  391  0042  0.572  0.597   150   151  0.30546  0.25317  9  75
258  337  0043  0.569  0.581   128   128  0.46746  0.15717  8  75
258  201  0044  0.514  0.545   -72   178  0.02946  0.28317  8  73
258  249  0045  0.537  0.541  -129  -130  -0.39654  0.21117  9  75
258  208  0046  0.593  0.540   -86  -174  -0.03654  0.28317  8  74
258  323  0047  0.603  0.618   142   140  0.40746  0.22317  9  75
258  277  0048  0.547  0.561    26    24  0.21546  -0.28083  10  75
258  204  0049  0.534  0.540  -106  -174  -0.03654  0.28317  8  73
301  312  0000  0.616  0.609   175   175  0.06546  0.31317  10  75
301  302  0001  0.619  0.628    25    26  0.26346  -0.31083  10  75
301  262  0002  0.612  0.616   -53   -54  -0.51054  -0.15483  9  74
301  210  0003  0.613  0.540    77  -174  -0.03654  0.28317  9  71
301  318  0004  0.510  0.553   159   160  0.20346  0.25917  9  75
301  417  0005  0.558  0.584   165   164  0.17346  0.28317  9  76
301  363  0006  0.513  0.527  -152  -152  -0.22854  0.25917  10  75
301  305  0007  0.518  0.544   147   148  0.29946  0.22317  9  75
301  443  0008  0.558  0.559   173   172  0.09546  0.28317  9  76
301  380  0009  0.562  0.571   -10    -9  -0.11454  -0.28683  9  76
301  296  0010  0.514  0.529    27    26  0.21546  -0.26283  10  75
301  255  0011  0.520  0.528   -46   -45  -0.39054  -0.16683  10  75
301  287  0012  0.586  0.595    95    94  0.59346  -0.01683  8  74
301  208  0013  0.618  0.540    98  -174  -0.03654  0.28317  9  73
301  324  0014  0.535  0.570     4     4  0.02346  -0.29883  10  75
301  376  0015  0.618  0.628   115   115  0.57546  0.10317  9  74
301  312  0016  0.530  0.570     4     4  0.02346  -0.29883  10  75
301  310  0017  0.615  0.627     9    10  0.08946  -0.32883  10  75
301  354  0018  0.556  0.584   147   149  0.31746  0.24117  9  76
301  361  0019  0.600  0.605   130   129  0.47946  0.16917  8  75
301  351  0020  0.591  0.622   -67   -64  -0.57054  -0.10083  9  73
301  367  0021  0.566  0.587   -18   -17  -0.19254  -0.28083  9  75
301  248  0022  0.606  0.604     8     7  0.05946  -0.31683  10  75
301  294  0023  0.546  0.573   123   126  0.47346  0.14517  7  75
301  314  0024  0.562  0.561    48    48  0.40746  -0.22083  9  75
301  348  0025  0.556  0.571    25    24  0.21546  -0.28683  9  75
301  345  0026  0.525  0.511   128   125  0.42546  0.12717  9  77
301  230  0027  0.520  0.530   -70   -70  -0.50454  -0.05883  8  74
301  216  0028  0.626  0.540   124  -174  -0.03654  0.28317  9  73
301  318  0029  0.577  0.588   143   143  0.36546  0.22317  9  76
301  316  0030  0.627  0.625   -11   -11  -0.14454  -0.31083  10  75
301  328  0031  0.604  0.619  -119  -119  -0.52854  0.19317  9  74
301  332  0032  0.510  0.515  -114  -115  -0.45654  0.14517  9  74
301  359  0033  0.596  0.588  -178  -177  -0.00054  0.30717  9  75
301  284  0034  0.598  0.603   -29   -28  -0.30654  -0.25683  9  75
301  277  0035  0.514  0.516  -157  -156  -0.19254  0.25917  11  75
301  351  0036  0.535  0.542    52    51  0.41346  -0.20283  9  74
301  209  0037  0.598  0.540    84  -174  -0.03654  0.28317  8  70
301  286  0038  0.530  0.536   110   109  0.50946  0.06117  7  74
301  317  0039  0.586  0.616    55    54  0.48546  -0.22083  9  74
301  376  0040  0.513  0.511   127   125  0.42546  0.12717  9  75
301  425  0041  0.603  0.606   166   165  0.17346  0.29517  9  75
301  334  0042  0.603  0.622  -121  -121  -0.51654  0.20517  9  74
301  375  0043  0.523  0.520    17    17  0.13746  -0.26883  10  75
301  280  0044  0.609  0.625   -56   -55  -0.52854  -0.14883  9  75
301  265  0045  0.554  0.549  -123  -121  -0.45654  0.18117  8  75
301  332  0046  0.599  0.613  -112  -112  -0.55854  0.15717  8  74
301  388  0047  0.594  0.586  -177  -176  -0.01854  0.30717  9  75
301  277  0048  0.554  0.560   -87   -85  -0.55854  0.01317  7  74
301  269  0049  0.593  0.619   -71   -66  -0.57654  -0.08883  9  73
344  291  0000  0.568  0.580   -60   -58  -0.50454  -0.12483  7  76
344  398  0001  0.613  0.627  -141  -142  -0.36654  0.28317  9  76
344  394  0002  0.521  0.532    83    85  0.52746  -0.05883  7  74
344  248  0003  0.580  0.592   119   120  0.52146  0.12117  8  75
344  373  0004  0.615  0.593   174   172  0.09546  0.30117  9  75
344  407  0005  0.534  0.535  -154  -153  -0.22254  0.26517  10  76
344  466  0006  0.578  0.566  -179  -179  0.01746  0.29517  8  76
344  248  0007  0.511  0.526   104   106  0.50946  0.04317  8  74
344  199  0008  0.517  0.545   -91   178  0.02946  0.28317  8  71
344  445  0009  0.582  0.612    29    28  0.27546  -0.29883  10  74
344  383  0010  0.579  0.593   -45   -44  -0.43254  -0.19083  8  75
344  411  0011  0.511  0.522  -136  -135  -0.35454  0.21717  10  75
344  361  0012  0.521  0.534   -14   -13  -0.13854  -0.26283  10  76
344  401  0013  0.601  0.608  -172  -172  -0.06054  0.31917  10  76
344  246  0014  0.615  0.617  -106  -107  -0.58254  0.13317  9  74
344  451  0015  0.585  0.606   139   138  0.41346  0.21117  8  76
344  338  0016  0.603  0.621  -124  -124  -0.49854  0.21717  9  75
344  254  0017  0.586  0.605   118   117  0.54546  0.10917  8  75
344  309  0018  0.564  0.569   -25   -25  -0.26454  -0.25083  9  75
344  318  0019  0.581  0.570     9     9  0.07146  -0.29883  10  76
344  350  0020  0.612  0.619  -110  -110  -0.57054  0.15117  9  75
344  357  0021  0.620  0.622  -178  -177  -0.00054  0.32517  10  76
344  432  0022  0.586  0.606     2     2  0.00546  -0.31683  10  76
344  291  0023  0.520  0.526   114   112  0.49146  0.07317  7  74
344  342  0024  0.617  0.624   -39   -38  -0.40854  -0.22683  9  75
344  251  0025  0.556  0.552   116   114  0.50946  0.08517  7  75
344  205  0026  0.553  0.540   100  -174  -0.03654  0.28317  7  73
344  222  0027  0.626  0.627   -83   -84  -0.62454  0.00717  10  74
344  229  0028  0.552  0.552    73    73  0.52146  -0.11883  8  75
344  351  0029  0.541  0.537    46    47  0.38346  -0.21483  9  76
344  265  0030  0.595  0.605    41    41  0.38346  -0.26283  9  75
344  259  0031  0.540  0.553   -95   -96  -0.54654  0.06717  8  73
344  409  0032  0.598  0.609  -169  -168  -0.09654  0.31917  10  76
344  296  0033  0.613  0.616  -132  -130  -0.45054  0.24117  9  74
344  290  0034  0.529  0.536   -74   -75  -0.52254  -0.03483  7  74
344  287  0035  0.622  0.627     8     8  0.07146  -0.32883  10  75
344  254  0036  0.606  0.608  -105  -106  -0.57654  0.12717  9  74
344  431  0037  0.580  0.601   139   139  0.40746  0.21117  8  76
344  356  0038  0.540  0.542  -156  -155  -0.21054  0.27117  10  75
344  265  0039  0.530  0.543   -96   -97  -0.53454  0.07317  8  72
344  211  0040  0.610  0.540    77  -174  -0.03654  0.28317  9  71
344  472  0041  0.621  0.627   141   139  0.41946  0.22317  9  75
344  482  0042  0.594  0.604   156   156  0.26346  0.27117  9  76
344  400  0043  0.608  0.608   168   167  0.14946  0.30117  9  76
344  506  0044  0.531  0.549   171   171  0.10146  0.27717  9  76
344  371  0045  0.549  0.563  -149  -149  -0.27054  0.27117  9  76
344  200  0046  0.518  0.545   -91   178  0.02946  0.28317  8  71
344  329  0047  0.577  0.598  -110  -110  -0.55254  0.14517  8  74
344  390  0048  0.602  0.616   -38   -36  -0.38454  -0.23283  8  75
344  357  0049  0.547  0.562   138   138  0.38946  0.19317  8  76
387  417  0000  0.605  0.614    37    36  0.34746  -0.28083  9  74
387  373  0001  0.530  0.543   -85   -83  -0.54054  0.00117  7  73
387  361  0002  0.584  0.602  -113  -113  -0.54054  0.16317  8  74
387  493  0003  0.511  0.512     8     8  0.05946  -0.26883  10  76
387  369  0004  0.551  0.569   -22   -21  -0.22254  -0.26283  9  75
387  520  0005  0.541  0.542  -178  -177  -0.00054  0.28317  9  77
387  392  0006  0.605  0.606  -151  -150  -0.27654  0.29517  9  76
387  384  0007  0.552  0.578   -35   -34  -0.34254  -0.22683  9  76
387  465  0008  0.548  0.553   166   166  0.14946  0.27117  9  77
387  360  0009  0.586  0.602    45    44  0.40746  -0.25083  9  76
387  246  0010  0.582  0.569    84    84  0.56346  -0.06483  8  71
387  405  0011  0.559  0.561    81    82  0.55146  -0.07683  7  73
387  441  0012  0.520  0.528   -32   -31  -0.29454  -0.21483  9  75
387  298  0013  0.626  0.629   -51   -52  -0.51054  -0.16683  10  74
387  444  0014  0.514  0.516  -119  -118  -0.44454  0.15717  8  75
387  392  0015  0.545  0.553   139   138  0.37746  0.19317  8  77
387  493  0016  0.514  0.525  -133  -132  -0.37254  0.21117  9  75
387  351  0017  0.578  0.610   -67   -64  -0.55854  -0.10083  7  73
387  302  0018  0.594  0.597   -92   -91  -0.59454  0.04917  7  75
387  358  0019  0.560  0.572  -126  -125  -0.45054  0.20517  8  76
387  369  0020  0.599  0.619   -59   -59  -0.54054  -0.13083  7  76
387  443  0021  0.598  0.606   168   168  0.14346  0.30117  9  77
387  290  0022  0.589  0.601    50    49  0.44346  -0.23283  8  75
387  287  0023  0.614  0.627   -92   -91  -0.62454  0.04917  9  74
387  283  0024  0.558  0.565   106   106  0.54546  0.04917  7  74
387  374  0025  0.597  0.615  -126  -126  -0.48054  0.22317  8  75
387  323  0026  0.592  0.600    42    42  0.38946  -0.25683  9  75
387  441  0027  0.536  0.538    51    51  0.40746  -0.20283  8  75
387  456  0028  0.609  0.611  -167  -167  -0.11454  0.31917  9  76
387  317  0029  0.524  0.533  -125  -124  -0.42654  0.18717  8  76
387  309  0030  0.579  0.582   -80   -80  -0.57654  -0.01083  7  75
387  390  0031  0.560  0.563   -82   -81  -0.55854  -0.00483  6  74
387  491  0032  0.615  0.617   177   177  0.04746  0.31917  9  75
387  383  0033  0.547  0.560   -47   -46  -0.42054  -0.17283  8  76
387  446  0034  0.573  0.584   126   126  0.47946  0.15117  7  76
387  382  0035  0.617  0.617   126   126  0.50946  0.15717  8  74
387  417  0036  0.565  0.573  -150  -149  -0.27054  0.27717  9  77
387  447  0037  0.610  0.623    53    53  0.48546  -0.22683  8  74
387  461  0038  0.548  0.558    -9    -9  -0.10854  -0.28083  9  76
387  394  0039  0.562  0.561    81    82  0.55146  -0.07683  7  73
387  381  0040  0.582  0.609    34    33  0.31746  -0.28683  10  75
387  454  0041  0.608  0.627    54    53  0.49146  -0.22683  8  74
387  255  0042  0.527  0.541   -94   -96  -0.53454  0.06717  8  73
387  367  0043  0.588  0.602  -114  -113  -0.54054  0.16317  8  74
387  581  0044  0.536  0.545   179   178  0.02946  0.28317  8  76
387  398  0045  0.528  0.511   128   125  0.42546  0.12717  9  79
387  444  0046  0.565  0.579   126   127  0.47346  0.15117  7  76
387  460  0047  0.512  0.511   126   125  0.42546  0.12717  9  76
387  220  0048  0.627  0.630    91    92  0.62946  -0.02883  10  73
387  458  0049  0.531  0.559   161   161  0.19146  0.26517  8  76
429  470  0000  0.621  0.623   -44   -44  -0.45054  -0.20283  8  75
429  296  0001  0.519  0.527   102   103  0.51546  0.03117  7  74
429  404  0002  0.550  0.569   131   131  0.43746  0.16917  7  79
429  351  0003  0.574  0.572    82    82  0.56346  -0.07683  7  72
429  573  0004  0.624  0.629    30    29  0.29346  -0.30483  9  74
429  408  0005  0.600  0.606   -25   -25  -0.27654  -0.26883  9  75
429  320  0006  0.624  0.623    39    40  0.38346  -0.27483  9  75
429  450  0007  0.585  0.594   146   146  0.34746  0.23517  8  77
429  526  0008  0.510  0.513    20    19  0.15546  -0.26283  10  76
429  384  0009  0.589  0.613  -122  -122  -0.50454  0.20517  8  76
429  508  0010  0.546  0.552   175   175  0.06546  0.28317  9  78
429  365  0011  0.589  0.595    61    60  0.50946  -0.18483  7  76
429  532  0012  0.612  0.629    13    12  0.11346  -0.32883  10  76
429  364  0013  0.537  0.542    77    79  0.52746  -0.08883  6  75
429  487  0014  0.607  0.620  -170  -170  -0.08454  0.32517  10  77
429  547  0015  0.601  0.622    28    28  0.27546  -0.30483  9  74
429  546  0016  0.595  0.586  -175  -175  -0.03054  0.30717  9  75
429  387  0017  0.543  0.549  -125  -124  -0.43854  0.19317  7  76
429  415  0018  0.609  0.621   119   117  0.55746  0.11517  8  75
429  449  0019  0.522  0.516    14    14  0.10746  -0.26883  10  78
429  371  0020  0.556  0.570    60    60  0.48546  -0.17883  7  75
429  497  0021  0.531  0.542  -168  -167  -0.09654  0.28317  9  77
429  417  0022  0.621  0.620    15    14  0.13146  -0.32283  10  75
429  343  0023  0.596  0.608    72    71  0.56946  -0.13683  8  74
429  275  0024  0.555  0.578  -109  -110  -0.53454  0.13917  7  75
429  514  0025  0.589  0.603    -4    -3  -0.06054  -0.31083  10  76
429  394  0026  0.567  0.582    59    58  0.48546  -0.19083  7  75
429  484  0027  0.621  0.621  -169  -169  -0.09654  0.32517  10  75
429  525  0028  0.548  0.567   160   160  0.20946  0.26517  8  77
429  412  0029  0.574  0.602    35    34  0.32346  -0.28083  10  75
429  466  0030  0.615  0.627  -121  -121  -0.52254  0.20517  8  75
429  590  0031  0.557  0.563  -176  -175  -0.02454  0.29517  8  76
429  466  0032  0.598  0.600   131   129  0.47346  0.16917  7  76
429  290  0033  0.558  0.582  -110  -111  -0.53454  0.14517  7  75
429  376  0034  0.523  0.529    96    93  0.52746  -0.01683  6  75
429  342  0035  0.557  0.566   -64   -64  -0.51654  -0.09483  6  76
429  347  0036  0.590  0.594    90    91  0.59346  -0.02883  6  73
429  614  0037  0.550  0.558   178   178  0.03546  0.28917  8  76
429  513  0038  0.584  0.592    -4    -3  -0.06054  -0.30483  9  76
429  353  0039  0.588  0.594    63    63  0.52146  -0.17283  7  76
429  564  0040  0.589  0.579  -180   179  0.02346  0.30117  8  76
429  416  0041  0.576  0.592   -49   -47  -0.45054  -0.17883  7  75
429  389  0042  0.608  0.621    46    45  0.42546  -0.25683  9  75
429  459  0043  0.540  0.549  -161  -162  -0.15054  0.28317  9  76
429  343  0044  0.519  0.530   -70   -70  -0.50454  -0.05883  6  75
429  305  0045  0.625  0.631   -75   -74  -0.61254  -0.04683  9  74
429  393  0046  0.579  0.589  -129  -128  -0.44454  0.22317  7  75
429  352  0047  0.562  0.565  -122  -121  -0.46854  0.18717  7  77
429  365  0048  0.593  0.600    91    91  0.59946  -0.02883  6  73
429  372  0049  0.614  0.625   -71   -70  -0.59454  -0.07083  8  74
472  402  0000  0.519  0.532    74    73  0.50346  -0.11283  6  75
472  354  0001  0.517  0.527   -55   -54  -0.43854  -0.13083  8  76
472  457  0002  0.623  0.626   120   117  0.56346  0.11517  9  74
472  361  0003  0.564  0.581  -114  -115  -0.51654  0.16317  7  76
472  508  0004  0.511  0.514    46    46  0.35946  -0.20883  10  76
472  563  0005  0.597  0.600    -2    -2  -0.04254  -0.31083  9  76
472  348  0006  0.604  0.617   102   102  0.60546  0.03117  7  75
472  541  0007  0.511  0.511   126   125  0.42546  0.12717  8  77
472  367  0008  0.588  0.596   -87   -87  -0.59454  0.02517  5  76
472  472  0009  0.626  0.625   -41   -41  -0.43254  -0.21483  8  75
472  347  0010  0.606  0.609    73    73  0.57546  -0.13083  8  73
472  619  0011  0.573  0.589   163   163  0.18546  0.28317  8  77
472  486  0012  0.554  0.565   -47   -47  -0.42654  -0.17283  7  76
472  355  0013  0.540  0.541    58    58  0.44946  -0.17883  8  76
472  542  0014  0.540  0.559   159   159  0.21546  0.25917  8  78
472  592  0015  0.560  0.575   161   161  0.20346  0.27117  8  78
472  369  0016  0.534  0.549   -25   -24  -0.24654  -0.24483  9  76
472  566  0017  0.525  0.529   166   166  0.14346  0.25917  9  79
472  558  0018  0.571  0.580    -9    -8  -0.10854  -0.29283  9  77
472  328  0019  0.614  0.630  -101  -100  -0.61254  0.10317  9  74
472  387  0020  0.545  0.553   107   106  0.53346  0.04917  5  74
472  538  0021  0.589  0.605  -143  -143  -0.34254  0.27717  9  77
472  498  0022  0.580  0.592    38    37  0.34146  -0.26883  9  75
472  405  0023  0.528  0.532    58    57  0.43746  -0.17883  8  75
472  479  0024  0.618  0.630  -119  -119  -0.53454  0.19917  8  75
472  531  0025  0.596  0.598  -153  -152  -0.25254  0.29517  9  76
472  501  0026  0.536  0.539    53    53  0.41946  -0.19683  7  75
472  309  0027  0.585  0.580    81    81  0.56946  -0.08283  7  72
472  423  0028  0.530  0.542    65    65  0.48546  -0.14883  6  75
472  421  0029  0.547  0.547    92    90  0.54546  -0.03483  5  75
472  467  0030  0.514  0.519    -2    -2  -0.03654  -0.26883  11  77
472  341  0031  0.609  0.610    99    98  0.60546  0.00717  7  75
472  543  0032  0.578  0.585  -153  -153  -0.24654  0.28917  8  77
472  432  0033  0.594  0.610   111   112  0.56946  0.08517  7  75
472  357  0034  0.614  0.619    95    94  0.61746  -0.01683  8  75
472  571  0035  0.592  0.591   161   160  0.21546  0.27717  8  77
472  473  0036  0.612  0.617   126   126  0.50946  0.15717  7  75
472  537  0037  0.522  0.531   165   165  0.14946  0.25917  9  78
472  410  0038  0.538  0.554    30    29  0.25746  -0.26883  10  76
472  338  0039  0.628  0.630   -73   -72  -0.60654  -0.05883  10  74
472  531  0040  0.561  0.577   -18   -17  -0.19254  -0.27483  9  76
472  558  0041  0.612  0.621   -36   -35  -0.37854  -0.23883  8  76
472  320  0042  0.627  0.630  -101  -100  -0.61254  0.10317  10  73
472  401  0043  0.569  0.577   -88   -87  -0.57654  0.02517  5  76
472  478  0044  0.542  0.554   137   137  0.38946  0.18717  8  78
472  525  0045  0.594  0.606   -10    -9  -0.12054  -0.30483  10  77
472  497  0046  0.580  0.589   -12   -11  -0.13854  -0.29283  9  77
472  394  0047  0.560  0.565  -122  -121  -0.46854  0.18717  7  77
472  401  0048  0.531  0.537   -64   -63  -0.48654  -0.09483  5  76
472  399  0049  0.577  0.594  -158  -157  -0.20454  0.30117  9  76
515  499  0000  0.518  0.518   143   142  0.32946  0.19317  9  78
515  660  0001  0.552  0.554  -179  -179  0.01146  0.28917  8  79
515  654  0002  0.561  0.567  -165  -165  -0.12654  0.29517  7  77
515  616  0003  0.593  0.605     3     3  0.01146  -0.31683  9  76
515  478  0004  0.545  0.573   -37   -35  -0.34854  -0.22083  8  77
515  479  0005  0.566  0.588   -23   -22  -0.24054  -0.26883  9  77
515  540  0006  0.576  0.578  -149  -148  -0.28254  0.27717  9  78
515  619  0007  0.581  0.588  -167  -166  -0.11454  0.30717  8  77
515  396  0008  0.535  0.534  -108  -107  -0.50454  0.11517  6  76
515  416  0009  0.512  0.528   -98   -99  -0.51654  0.07917  6  73
515  547  0010  0.584  0.595   -13   -13  -0.15654  -0.29283  9  78
515  557  0011  0.545  0.559    -5    -4  -0.06654  -0.28683  9  78
515  523  0012  0.579  0.593   144   144  0.35946  0.22917  7  78
515  561  0013  0.516  0.526   -34   -33  -0.30654  -0.20883  8  76
515  379  0014  0.618  0.625    93    93  0.62346  -0.02283  8  74
515  597  0015  0.615  0.617     2     2  0.00546  -0.32283  9  76
515  437  0016  0.574  0.598  -117  -118  -0.51654  0.18117  7  76
515  540  0017  0.626  0.628   115   115  0.57546  0.10317  9  75
515  629  0018  0.585  0.598   136   136  0.42546  0.19917  6  77
515  375  0019  0.627  0.626   -88   -88  -0.62454  0.03117  9  73
515  539  0020  0.538  0.551  -146  -146  -0.28854  0.25917  9  78
515  523  0021  0.603  0.605    24    23  0.22146  -0.30483  8  76
515  340  0022  0.598  0.601    88    89  0.59946  -0.04083  6  73
515  538  0023  0.546  0.554  -146  -145  -0.29454  0.25917  9  78
515  565  0024  0.574  0.574  -171  -171  -0.06654  0.30117  8  78
515  449  0025  0.587  0.614    53    52  0.47346  -0.22683  7  76
515  702  0026  0.533  0.540  -175  -174  -0.03054  0.28317  8  78
515  424  0027  0.540  0.553   -25   -25  -0.25254  -0.24483  9  77
515  451  0028  0.624  0.625    17    17  0.16746  -0.32283  9  75
515  491  0029  0.610  0.630   -29   -28  -0.31854  -0.26883  9  78
515  470  0030  0.629  0.621   175   175  0.07146  0.31917  10  76
515  523  0031  0.530  0.535  -117  -116  -0.46854  0.15717  6  76
515  652  0032  0.534  0.544  -165  -165  -0.12054  0.28317  8  77
515  506  0033  0.547  0.558    41    40  0.34746  -0.24483  9  76
515  581  0034  0.579  0.594    -5    -5  -0.07254  -0.30483  10  78
515  538  0035  0.600  0.616    33    32  0.31146  -0.29283  9  76
515  558  0036  0.625  0.630   -21   -20  -0.24054  -0.29283  9  75
515  471  0037  0.600  0.609   -56   -56  -0.51654  -0.14283  7  76
515  329  0038  0.570  0.597   -70   -67  -0.55854  -0.08283  6  75
515  585  0039  0.629  0.629   177   177  0.05346  0.32517  10  76
515  480  0040  0.536  0.544    71    69  0.50346  -0.13083  6  75
515  512  0041  0.612  0.622  -114  -113  -0.55854  0.16917  8  75
515  428  0042  0.525  0.534   -66   -65  -0.49254  -0.08283  5  76
515  615  0043  0.540  0.554  -167  -166  -0.10854  0.28917  8  78
515  406  0044  0.519  0.522   117   116  0.47346  0.09117  6  77
515  485  0045  0.590  0.602    45    44  0.40746  -0.25083  8  76
515  568  0046  0.557  0.560  -162  -162  -0.15054  0.28917  8  77
515  593  0047  0.630  0.630   166   165  0.17946  0.30717  9  76
515  554  0048  0.622  0.627   118   116  0.56946  0.10917  8  75
515  609  0049  0.630  0.630  -144  -143  -0.35454  0.28917  9  75
558  502  0000  0.513  0.516   -65   -65  -0.47454  -0.08283  6  76
558  423  0001  0.535  0.538   118   117  0.48546  0.09717  4  78
558  476  0002  0.573  0.587  -103  -103  -0.56454  0.10917  6  76
558  571  0003  0.537  0.551  -149  -149  -0.26454  0.26517  9  78
558  650  0004  0.567  0.567   174   173  0.08346  0.28917  9  80
558  629  0005  0.539  0.560   164   164  0.16746  0.27117  8  79
558  531  0006  0.585  0.593   123   123  0.50346  0.13917  5  76
558  393  0007  0.532  0.536    36    36  0.30546  -0.24483  10  76
558  563  0008  0.623  0.629   131   130  0.49146  0.18117  8  76
558  446  0009  0.594  0.604   120   119  0.53346  0.12117  6  77
558  273  0010  0.607  0.615    86    86  0.61146  -0.05883  8  72
558  731  0011  0.548  0.556  -180   179  0.02346  0.28917  8  79
558  413  0012  0.621  0.625    94    94  0.62346  -0.01683  8  74
558  551  0013  0.538  0.544   -34   -33  -0.31854  -0.21483  8  78
558  507  0014  0.630  0.629    56    55  0.50346  -0.22083  8  75
558  472  0015  0.525  0.531  -106  -105  -0.50454  0.10917  5  75
558  630  0016  0.596  0.600    -7    -7  -0.09654  -0.30483  9  77
558  647  0017  0.595  0.604     5     4  0.02946  -0.31683  9  76
558  486  0018  0.575  0.573    50    49  0.42546  -0.22083  7  77
558  442  0019  0.590  0.602   -88   -88  -0.60054  0.03117  5  77
558  568  0020  0.553  0.562  -144  -144  -0.31254  0.25917  9  79
558  319  0021  0.599  0.616    80    79  0.59946  -0.10083  8  72
558  484  0022  0.571  0.589  -159  -159  -0.18654  0.30117  9  78
558  565  0023  0.619  0.627  -140  -140  -0.38454  0.27717  8  77
558  537  0024  0.613  0.627   -30   -29  -0.33054  -0.26283  8  77
558  601  0025  0.573  0.600    29    28  0.26946  -0.29283  9  76
558  713  0026  0.560  0.560   172   171  0.10146  0.28317  8  79
558  705  0027  0.567  0.563  -176  -175  -0.02454  0.29517  8  78
558  463  0028  0.532  0.527    32    32  0.26346  -0.25083  11  78
558  429  0029  0.593  0.597   -98   -97  -0.58854  0.07917  7  76
558  578  0030  0.509  0.514   129   128  0.41346  0.13917  9  78
558  559  0031  0.564  0.579   141   141  0.37746  0.21117  7  79
558  481  0032  0.528  0.543   -86   -84  -0.54054  0.00717  5  74
558  477  0033  0.579  0.588    66    65  0.52746  -0.16083  6  76
558  522  0034  0.523  0.536   139   138  0.36546  0.18717  8  77
558  692  0035  0.594  0.605   158   157  0.24546  0.27717  8  78
558  557  0036  0.551  0.565   -47   -47  -0.42654  -0.17283  6  77
558  511  0037  0.548  0.558   -45   -45  -0.40854  -0.17883  7  78
558  490  0038  0.525  0.530   -58   -58  -0.46254  -0.11283  6  76
558  524  0039  0.522  0.540   138   138  0.37146  0.18717  8  77
558  425  0040  0.529  0.532   118   117  0.47946  0.09717  5  78
558  393  0041  0.548  0.557   103   103  0.54546  0.03117  5  75
558  623  0042  0.564  0.573  -153  -153  -0.24054  0.28317  8  78
558  695  0043  0.605  0.618   139   139  0.41946  0.21717  7  77
558  697  0044  0.583  0.586   171   170  0.11346  0.29517  8  78
558  546  0045  0.529  0.547  -140  -139  -0.33654  0.24117  9  79
558  630  0046  0.609  0.622    -7    -6  -0.09654  -0.31683  10  78
558  352  0047  0.629  0.626    96    95  0.62346  -0.01083  9  74
558  588  0048  0.533  0.541    90    88  0.53946  -0.04083  4  76
558  712  0049  0.561  0.560   172   171  0.10146  0.28317  8  79
601  531  0000  0.523  0.530  -101  -100  -0.51654  0.08517  5  74
601  433  0001  0.628  0.626   -89   -89  -0.62454  0.03717  9  73
601  571  0002  0.605  0.614    68    67  0.55746  -0.16083  7  75
601  517  0003  0.614  0.629    47    46  0.43746  -0.25683  8  76
601  575  0004  0.520  0.518   143   142  0.32946  0.19317  9  79
601  629  0005  0.610  0.618    19    19  0.18546  -0.31683  9  77
601  563  0006  0.601  0.619  -125  -126  -0.48654  0.22317  7  77
601  619  0007  0.560  0.573   125   126  0.47346  0.14517  5  79
601  450  0008  0.617  0.628    80    79  0.61146  -0.10083  9  70
601  721  0009  0.522  0.536   172   171  0.09546  0.27117  9  79
601  482  0010  0.556  0.562   107   107  0.53946  0.05517  4  76
601  484  0011  0.572  0.579    76    76  0.55746  -0.10683  6  75
601  451  0012  0.617  0.628   -79   -78  -0.61854  -0.02283  8  75
601  699  0013  0.524  0.537   176   176  0.04746  0.27717  9  80
601  547  0014  0.594  0.604   -55   -54  -0.50454  -0.14883  6  77
601  498  0015  0.571  0.569    84    84  0.56346  -0.06483  5  74
601  790  0016  0.548  0.557   179   178  0.02946  0.28917  8  79
601  432  0017  0.622  0.631    92    93  0.62946  -0.02283  9  74
601  502  0018  0.520  0.521    38    38  0.31146  -0.23283  11  76
601  634  0019  0.512  0.530   -12   -11  -0.12654  -0.26283  9  78
601  579  0020  0.577  0.587    16    15  0.13746  -0.30483  9  78
601  546  0021  0.533  0.540  -113  -113  -0.48654  0.14517  5  77
601  400  0022  0.541  0.545   100    99  0.53946  0.01317  4  76
601  608  0023  0.606  0.620   145   145  0.37146  0.24117  8  78
601  349  0024  0.518  0.536   -89   -86  -0.53454  0.01917  6  74
601  656  0025  0.575  0.582    24    23  0.21546  -0.29283  8  77
601  634  0026  0.627  0.622  -168  -167  -0.10854  0.32517  9  76
601  543  0027  0.521  0.532   108   108  0.50946  0.05517  4  75
601  573  0028  0.536  0.550   -50   -48  -0.42654  -0.16083  6  77
601  548  0029  0.546  0.558   -45   -45  -0.40854  -0.17883  6  78
601  570  0030  0.559  0.566    51    50  0.42546  -0.21483  7  78
601  650  0031  0.604  0.618  -141  -141  -0.36654  0.27717  8  78
601  598  0032  0.622  0.625   -11   -11  -0.14454  -0.31083  9  77
601  480  0033  0.610  0.620   -89   -89  -0.61854  0.03717  7  76
601  571  0034  0.608  0.615     7     6  0.04746  -0.32283  10  77
601  466  0035  0.529  0.541   -95   -96  -0.53454  0.06717  5  74
601  679  0036  0.535  0.540   166   166  0.14346  0.26517  9  81
601  517  0037  0.620  0.626    40    40  0.38946  -0.27483  8  75
601  553  0038  0.554  0.565   -51   -49  -0.44454  -0.16083  6  78
601  636  0039  0.621  0.620   -16   -16  -0.19254  -0.29883  9  76
601  554  0040  0.535  0.542  -124  -123  -0.43854  0.18717  6  78
601  472  0041  0.519  0.527    63    63  0.46146  -0.15483  6  76
601  608  0042  0.598  0.622  -160  -160  -0.18654  0.31917  10  77
601  527  0043  0.548  0.560   -87   -85  -0.55854  0.01317  4  76
601  369  0044  0.629  0.629    83    81  0.61746  -0.08883  10  71
601  571  0045  0.552  0.561   -85   -84  -0.55854  0.00717  3  76
601  365  0046  0.621  0.629    85    84  0.62346  -0.07083  9  71
601  512  0047  0.516  0.532    80    81  0.52146  -0.07683  4  77
601  504  0048  0.561  0.572   -97   -96  -0.56454  0.07317  5  75
601  443  0049  0.609  0.617   -98   -98  -0.60654  0.08517  8  75
43  210  0000  0.561  0.540   152  -174  -0.03654  0.28317  9  73
43  208  0001  0.575  0.540  -150  -174  -0.03654  0.28317  10  73
43  211  0002  0.614  0.540  -136  -174  -0.03654  0.28317  9  73
43  211  0003  0.623  0.540  -103  -174  -0.03654  0.28317  9  72
43  210  0004  0.541  0.540    -3  -174  -0.03654  0.28317  10  73
43  223  0005  0.577  0.615   136   138  0.42546  0.21117  10  73
43  210  0006  0.526  0.540   -43  -174  -0.03654  0.28317  9  73
43  210  0007  0.532  0.540   167  -174  -0.03654  0.28317  10  73
43  207  0008  0.538  0.540   -21  -174  -0.03654  0.28317  10  73
43  210  0009  0.587  0.540   158  -174  -0.03654  0.28317  10  73
43  210  0010  0.549  0.540    48  -174  -0.03654  0.28317  9  73
43  208  0011  0.614  0.540    91  -174  -0.03654  0.28317  9  72
43  208  0012  0.581  0.540   -54  -174  -0.03654  0.28317  9  72
43  207  0013  0.515  0.540    60  -174  -0.03654  0.28317  9  72
43  210  0014  0.527  0.540     5  -174  -0.03654  0.28317  10  73
43  210  0015  0.581  0.540    81  -174  -0.03654  0.28317  9  72
43  208  0016  0.510  0.540  -168  -174  -0.03654  0.28317  9  73
43  211  0017  0.590  0.540   -43  -174  -0.03654  0.28317  9  73
43  209  0018  0.519  0.540    55  -174  -0.03654  0.28317  9  73
43  210  0019  0.571  0.540   -29  -174  -0.03654  0.28317  9  73
43  209  0020  0.625  0.540   -57  -174  -0.03654  0.28317  9  73
43  208  0021  0.625  0.540   -91  -174  -0.03654  0.28317  9  72
43  211  0022  0.523  0.540  -158  -174  -0.03654  0.28317  10  72
43  211  0023  0.612  0.540    21  -174  -0.03654  0.28317  9  73
43  208  0024  0.546  0.540   -22  -174  -0.03654  0.28317  10  73
43  210  0025  0.564  0.540   -74  -174  -0.03654  0.28317  9  72
43  208  0026  0.600  0.540    58  -174  -0.03654  0.28317  9  73
43  210  0027  0.545  0.540  -144  -174  -0.03654  0.28317  10  73
43  210  0028  0.532  0.540   137  -174  -0.03654  0.28317  9  73
43  247  0029  0.539  0.540  -173  -174  -0.03654  0.28317  9  73
43  210  0030  0.520  0.540   121  -174  -0.03654  0.28317  9  73
43  211  0031  0.626  0.540    82  -174  -0.03654  0.28317  9  72
43  211  0032  0.625  0.540    21  -174  -0.03654  0.28317  9  73
43  209  0033  0.527  0.540   -65  -174  -0.03654  0.28317  9  73
43  210  0034  0.602  0.540  -132  -174  -0.03654  0.28317  9  73
43  210  0035  0.520  0.540   159  -174  -0.03654  0.28317  10  73
43  210  0036  0.556  0.540   103  -174  -0.03654  0.28317  9  72
43  209  0037  0.591  0.616   152   152  0.30546  0.26517  10  73
43  211  0038  0.620  0.540   -34  -174  -0.03654  0.28317  9  73
43  209  0039  0.519  0.540  -130  -174  -0.03654  0.28317  10  73
43  209  0040  0.560  0.540  -156  -174  -0.03654  0.28317  10  73
43  208  0041  0.581  0.540   161  -174  -0.03654  0.28317  10  73
43  210  0042  0.553  0.540   -14  -174  -0.03654  0.28317  10  73
43  211  0043  0.576  0.540   143  -174  -0.03654  0.28317  9  73
43  208  0044  0.620  0.540   -64  -174  -0.03654  0.28317  9  73
43  210  0045  0.598  0.540  -158  -174  -0.03654  0.28317  10  73
43  237  0046  0.529  0.545   177   178  0.02946  0.28317  9  73
43  211  0047  0.549  0.540   -13  -174  -0.03654  0.28317  10  73
43  210  0048  0.546  0.540    60  -174  -0.03654  0.28317  9  72
43  210  0049  0.592  0.540   -38  -174  -0.03654  0.28317  9  73
86  209  0000  0.575  0.540   101  -174  -0.03654  0.28317  9  72
86  208  0001  0.562  0.540  -101  -174  -0.03654  0.28317  9  72
86  207  0002  0.540  0.540     1  -174  -0.03654  0.28317  10  73
86  210  0003  0.577  0.540   -96  -174  -0.03654  0.28317  9  72
86  207  0004  0.523  0.540  -142  -174  -0.03654  0.28317  10  73
86  211  0005  0.533  0.540   147  -174  -0.03654  0.28317  10  74
86  209  0006  0.514  0.540   141  -174  -0.03654  0.28317  9  73
86  208  0007  0.617  0.540    -9  -174  -0.03654  0.28317  10  73
86  207  0008  0.565  0.540   -93  -174  -0.03654  0.28317  9  72
86  209  0009  0.561  0.540    60  -174  -0.03654  0.28317  9  73
86  209  0010  0.541  0.540   141  -174  -0.03654  0.28317  9  73
86  209  0011  0.621  0.540  -138  -174  -0.03654  0.28317  9  73
86  208  0012  0.572  0.540   -73  -174  -0.03654  0.28317  9  72
86  209  0013  0.530  0.540    88  -174  -0.03654  0.28317  9  73
86  209  0014  0.541  0.540   100  -174  -0.03654  0.28317  9  72
86  212  0015  0.584  0.615   132   138  0.42546  0.21117  10  74
86  248  0016  0.605  0.600   164   163  0.18546  0.28917  10  73
86  209  0017  0.564  0.540   -25  -174  -0.03654  0.28317  10  73
86  209  0018  0.550  0.540  -155  -174  -0.03654  0.28317  10  73
86  226  0019  0.629  0.626   -64   -63  -0.57054  -0.10683  10  74
86  239  0020  0.552  0.543   168   169  0.11946  0.27117  9  74
86  260  0021  0.606  0.618   140   139  0.41946  0.21717  10  74
86  210  0022  0.526  0.540    23  -174  -0.03654  0.28317  10  73
86  219  0023  0.566  0.627    33    29  0.28746  -0.30483  10  73
86  210  0024  0.603  0.540   -90  -174  -0.03654  0.28317  9  72
86  206  0025  0.543  0.540   -64  -174  -0.03654  0.28317  9  72
86  242  0026  0.559  0.556  -165  -164  -0.12654  0.28917  9  74
86  208  0027  0.617  0.540   129  -174  -0.03654  0.28317  9  73
86  210  0028  0.580  0.540   -80  -174  -0.03654  0.28317  9  72
86  208  0029  0.598  0.540    -6  -174  -0.03654  0.28317  10  74
86  251  0030  0.510  0.532   168   168  0.11946  0.26517  10  73
86  208  0031  0.532  0.540   -99  -174  -0.03654  0.28317  9  72
86  209  0032  0.533  0.540   139  -174  -0.03654  0.28317  9  73
86  209  0033  0.606  0.540   -69  -174  -0.03654  0.28317  9  72
86  237  0034  0.585  0.627    32    29  0.28746  -0.30483  10  73
86  206  0035  0.524  0.540   -67  -174  -0.03654  0.28317  9  72
86  209  0036  0.558  0.540  -111  -174  -0.03654  0.28317  9  72
86  207  0037  0.528  0.540   -26  -174  -0.03654  0.28317  10  73
86  211  0038  0.614  0.540  -136  -174  -0.03654  0.28317  9  73
86  208  0039  0.610  0.540   -84  -174  -0.03654  0.28317  9  72
86  208  0040  0.597  0.540   -52  -174  -0.03654  0.28317  9  72
86  207  0041  0.612  0.540   -92  -174  -0.03654  0.28317  9  72
86  210  0042  0.594  0.540  -147  -174  -0.03654  0.28317  10  73
86  211  0043  0.625  0.540   -74  -174  -0.03654  0.28317  9  72
86  208  0044  0.519  0.540     5  -174  -0.03654  0.28317  10  73
86  210  0045  0.576  0.540    78  -174  -0.03654  0.28317  9  72
86  207  0046  0.582  0.540    41  -174  -0.03654  0.28317  9  73
86  207  0047  0.555  0.540   -86  -174  -0.03654  0.28317  9  73
86  208  0048  0.527  0.540   101  -174  -0.03654  0.28317  9  72
86  210  0049  0.606  0.540  -148  -174  -0.03654  0.28317  10  73
129  209  0000  0.574  0.540   -52  -174  -0.03654  0.28317  9  73
129  210  0001  0.514  0.540  -157  -174  -0.03654  0.28317  10  73
129  207  0002  0.535  0.540  -103  -174  -0.03654  0.28317  9  72
129  209  0003  0.577  0.540  -147  -174  -0.03654  0.28317  10  74
129  210  0004  0.574  0.540   -58  -174  -0.03654  0.28317  9  73
129  208  0005  0.603  0.540   -13  -174  -0.03654  0.28317  10  74
129  209  0006  0.574  0.540   -99  -174  -0.03654  0.28317  9  72
129  208  0007  0.533  0.540   136  -174  -0.03654  0.28317  10  74
129  204  0008  0.538  0.540   -88  -174  -0.03654  0.28317  9  72
129  210  0009  0.605  0.540    96  -174  -0.03654  0.28317  9  72
129  210  0010  0.613  0.540  -130  -174  -0.03654  0.28317  9  73
129  252  0011  0.531  0.539  -170  -172  -0.04854  0.28317  9  74
129  277  0012  0.564  0.556  -165  -164  -0.12654  0.28917  9  74
129  234  0013  0.584  0.622    27    28  0.27546  -0.30483  10  74
129  249  0014  0.610  0.630  -143  -143  -0.35454  0.28917  10  74
129  210  0015  0.582  0.540   -43  -174  -0.03654  0.28317  9  74
129  210  0016  0.564  0.540   -43  -174  -0.03654  0.28317  9  74
129  210  0017  0.587  0.540   -51  -174  -0.03654  0.28317  9  73
129  245  0018  0.554  0.513    10    10  0.07746  -0.26883  10  75
129  207  0019  0.531  0.540   -22  -174  -0.03654  0.28317  10  73
129  208  0020  0.565  0.540    19  -174  -0.03654  0.28317  10  74
129  208  0021  0.590  0.540   -54  -174  -0.03654  0.28317  9  73
129  212  0022  0.605  0.540    45  -174  -0.03654  0.28317  10  73
129  207  0023  0.543  0.540    37  -174  -0.03654  0.28317  10  72
129  208  0024  0.540  0.540    99  -174  -0.03654  0.28317  9  72
129  209  0025  0.582  0.540  -123  -174  -0.03654  0.28317  9  73
129  221  0026  0.614  0.627   148   150  0.32346  0.26517  10  74
129  210  0027  0.604  0.540  -118  -174  -0.03654  0.28317  9  73
129  211  0028  0.593  0.540   -93  -174  -0.03654  0.28317  9  73
129  208  0029  0.514  0.540    48  -174  -0.03654  0.28317  10  74
129  209  0030  0.510  0.540   -16  -174  -0.03654  0.28317  10  73
129  244  0031  0.621  0.618   143   139  0.41946  0.21717  10  74
129  242  0032  0.535  0.572   160   161  0.19746  0.27117  9  74
129  206  0033  0.568  0.540   -83  -174  -0.03654  0.28317  9  73
129  210  0034  0.524  0.540   -11  -174  -0.03654  0.28317  10  74
129  208  0035  0.547  0.540   -39  -174  -0.03654  0.28317  9  73
129  209  0036  0.596  0.540   -86  -174  -0.03654  0.28317  9  73
129  207  0037  0.575  0.540  -130  -174  -0.03654  0.28317  9  73
129  275  0038  0.528  0.513     9     9  0.07146  -0.26883  10  74
129  216  0039  0.568  0.596   -17   -16  -0.18654  -0.28683  10  74
129  209  0040  0.517  0.540   -11  -174  -0.03654  0.28317  10  74
129  255  0041  0.620  0.610   155   153  0.29346  0.26517  9  74
129  206  0042  0.550  0.540   -88  -174  -0.03654  0.28317  9  72
129  209  0043  0.607  0.540   -97  -174  -0.03654  0.28317  9  72
129  262  0044  0.568  0.559   174   172  0.09546  0.28317  9  74
129  207  0045  0.573  0.540   -20  -174  -0.03654  0.28317  10  74
129  290  0046  0.590  0.607   151   151  0.30546  0.25917  9  74
129  208  0047  0.585  0.540   116  -174  -0.03654  0.28317  9  73
129  209  0048  0.533  0.540    -4  -174  -0.03654  0.28317  10  74
129  239  0049  0.590  0.601    -3    -2  -0.04854  -0.31083  10  74
172  207  0000  0.569  0.540   -60  -174  -0.03654  0.28317  9  74
172  266  0001  0.628  0.619   136   137  0.43146  0.21117  10  74
172  206  0002  0.532  0.540  -141  -174  -0.03654  0.28317  10  75
172  207  0003  0.535  0.540    70  -174  -0.03654  0.28317  9  73
172  252  0004  0.593  0.602   -14   -14  -0.17454  -0.29283  10  75
172  208  0005  0.533  0.540  -111  -174  -0.03654  0.28317  9  72
172  304  0006  0.601  0.622   -35   -34  -0.36654  -0.24483  9  74
172  219  0007  0.521  0.566   150   151  0.28746  0.24117  9  74
172  307  0008  0.567  0.557  -164  -164  -0.13254  0.28917  9  74
172  208  0009  0.611  0.540   -89  -174  -0.03654  0.28317  9  72
172  247  0010  0.553  0.546  -138  -135  -0.36654  0.22917  10  75
172  206  0011  0.547  0.540    37  -174  -0.03654  0.28317  10  73
172  235  0012  0.555  0.579   125   127  0.47346  0.15117  9  74
172  208  0013  0.568  0.540    90  -174  -0.03654  0.28317  8  73
172  236  0014  0.569  0.554  -136  -134  -0.37854  0.22917  9  75
172  207  0015  0.596  0.540    67  -174  -0.03654  0.28317  9  73
172  205  0016  0.522  0.540   108  -174  -0.03654  0.28317  9  73
172  331  0017  0.577  0.589   164   163  0.18546  0.28317  9  74
172  210  0018  0.601  0.540    87  -174  -0.03654  0.28317  9  70
172  208  0019  0.548  0.540   108  -174  -0.03654  0.28317  8  72
172  290  0020  0.592  0.616     5     4  0.02346  -0.32283  10  74
172  210  0021  0.569  0.608   -40   -35  -0.37254  -0.23283  10  75
172  264  0022  0.517  0.546   174   172  0.08946  0.27717  10  75
172  209  0023  0.555  0.540    27  -174  -0.03654  0.28317  10  74
172  206  0024  0.529  0.540   -22  -174  -0.03654  0.28317  10  74
172  206  0025  0.538  0.540   -53  -174  -0.03654  0.28317  9  73
172  205  0026  0.558  0.540   -91  -174  -0.03654  0.28317  8  73
172  219  0027  0.535  0.510   128   124  0.43146  0.12117  10  75
172  204  0028  0.613  0.545   -26   178  0.02946  0.28317  9  73
172  253  0029  0.549  0.560   -10    -9  -0.11454  -0.28083  10  75
172  320  0030  0.625  0.624   157   156  0.26346  0.28317  9  74
172  207  0031  0.540  0.540    60  -174  -0.03654  0.28317  9  73
172  206  0032  0.538  0.540    37  -174  -0.03654  0.28317  10  73
172  209  0033  0.523  0.540   -14  -174  -0.03654  0.28317  10  75
172  257  0034  0.629  0.627    53    53  0.49146  -0.22683  10  74
172  286  0035  0.613  0.628    11    11  0.10146  -0.32883  10  74
172  269  0036  0.601  0.613    -8    -7  -0.10254  -0.31083  10  74
172  291  0037  0.538  0.580   161   162  0.19146  0.27717  9  74
172  204  0038  0.558  0.540   -26  -174  -0.03654  0.28317  10  74
172  207  0039  0.575  0.540    88  -174  -0.03654  0.28317  8  72
172  209  0040  0.520  0.540    24  -174  -0.03654  0.28317  10  75
172  252  0041  0.622  0.618     1     1  -0.00054  -0.32283  10  74
172  210  0042  0.574  0.540    76  -174  -0.03654  0.28317  9  72
172  209  0043  0.603  0.540   -95  -174  -0.03654  0.28317  9  72
172  208  0044  0.565  0.540   -64  -174  -0.03654  0.28317  9  73
172  246  0045  0.587  0.595   131   130  0.46746  0.16917  9  75
172  208  0046  0.522  0.540  -111  -174  -0.03654  0.28317  9  73
172  206  0047  0.550  0.540  -121  -174  -0.03654  0.28317  9  74
172  309  0048  0.592  0.595   166   164  0.17346  0.28917  9  74
172  210  0049  0.601  0.540  -127  -174  -0.03654  0.28317  9  74
215  235  0000  0.571  0.588   -44   -44  -0.42654  -0.19083  9  75
215  210  0001  0.600  0.540    17  -174  -0.03654  0.28317  10  74
215  305  0002  0.546  0.554  -168  -166  -0.10854  0.28917  9  75
215  210  0003  0.626  0.540    88  -174  -0.03654  0.28317  10  71
215  283  0004  0.610  0.611   168   167  0.15546  0.30117  9  75
215  292  0005  0.558  0.513    10    10  0.07746  -0.26883  10  76
215  266  0006  0.583  0.601    37    36  0.34146  -0.27483  10  74
215  242  0007  0.579  0.594   123   124  0.49746  0.14517  8  74
215  319  0008  0.612  0.586  -175  -175  -0.03054  0.30717  9  73
215  210  0009  0.584  0.540    74  -174  -0.03654  0.28317  9  72
215  206  0010  0.522  0.540   142  -174  -0.03654  0.28317  10  75
215  373  0011  0.584  0.562  -174  -174  -0.03654  0.29517  9  74
215  338  0012  0.565  0.590   152   152  0.29346  0.25317  9  75
215  215  0013  0.544  0.541    94    90  0.53946  -0.03483  8  73
215  209  0014  0.566  0.540   -70  -174  -0.03654  0.28317  8  72
215  372  0015  0.571  0.586   164   164  0.17946  0.28317  9  75
215  263  0016  0.511  0.511  -121  -118  -0.43854  0.15717  10  74
215  204  0017  0.526  0.551   -64  -174  -0.03654  0.28917  8  74
215  208  0018  0.553  0.540  -103  -174  -0.03654  0.28317  9  73
215  208  0019  0.595  0.540   -82  -174  -0.03654  0.28317  9  73
215  302  0020  0.546  0.545    83    84  0.53946  -0.06483  8  73
215  213  0021  0.553  0.553    67    67  0.50346  -0.14283  9  74
215  281  0022  0.567  0.576  -169  -167  -0.10254  0.30117  9  75
215  235  0023  0.510  0.527  -138  -136  -0.34854  0.22317  10  74
215  207  0024  0.562  0.540   106  -174  -0.03654  0.28317  8  72
215  219  0025  0.516  0.509   142   141  0.32946  0.18717  10  75
215  242  0026  0.560  0.581     7     6  0.04146  -0.30483  10  75
215  208  0027  0.592  0.540  -158  -174  -0.03654  0.28317  10  74
215  334  0028  0.623  0.619   166   165  0.17946  0.30117  10  74
215  245  0029  0.562  0.575   -49   -47  -0.43854  -0.17283  9  74
215  293  0030  0.550  0.550    86    85  0.54546  -0.05883  8  73
215  239  0031  0.614  0.623  -111  -111  -0.57054  0.15717  9  74
215  206  0032  0.562  0.540   -89  -174  -0.03654  0.28317  8  74
215  210  0033  0.601  0.540   -49  -174  -0.03654  0.28317  9  74
215  257  0034  0.518  0.512   130   126  0.41946  0.13317  10  75
215  209  0035  0.515  0.558     5     5  0.02946  -0.29283  10  75
215  209  0036  0.621  0.540  -150  -174  -0.03654  0.28317  10  74
215  208  0037  0.572  0.540  -110  -174  -0.03654  0.28317  9  73
215  210  0038  0.597  0.540   -50  -174  -0.03654  0.28317  9  73
215  209  0039  0.599  0.540   -98  -174  -0.03654  0.28317  9  73
215  274  0040  0.617  0.630  -163  -162  -0.16854  0.32517  10  75
215  216  0041  0.587  0.606  -126  -127  -0.46854  0.22317  9  75
215  234  0042  0.617  0.614    37    36  0.34746  -0.28083  10  74
215  207  0043  0.595  0.540    63  -174  -0.03654  0.28317  9  74
215  240  0044  0.520  0.537    -6    -5  -0.07254  -0.27483  10  75
215  382  0045  0.514  0.540  -176  -175  -0.02454  0.28317  9  74
215  204  0046  0.535  0.540   100  -174  -0.03654  0.28317  8  72
215  220  0047  0.620  0.627   -28   -27  -0.31254  -0.26883  10  75
215  209  0048  0.560  0.540  -157  -174  -0.03654  0.28317  10  75
215  288  0049  0.563  0.573  -153  -153  -0.24054  0.28317  10  75
258  208  0000  0.550  0.549    71    70  0.50946  -0.13083  9  74
258  347  0001  0.555  0.565  -168  -166  -0.10854  0.29517  9  75
258  290  0002  0.628  0.622   131   129  0.49146  0.17517  9  74
258  349  0003  0.540  0.537  -133  -133  -0.37854  0.21717  9  75
258  204  0004  0.512  0.533    68    67  0.48546  -0.13683  9  74
258  260  0005  0.533  0.516     1     0  -0.01254  -0.26883  11  76
258  234  0006  0.572  0.569    45    46  0.39546  -0.23283  9  75
258  426  0007  0.609  0.623   139   138  0.42546  0.21717  9  74
258  224  0008  0.517  0.535    79    82  0.52746  -0.07083  8  74
258  205  0009  0.586  0.540   106  -174  -0.03654  0.28317  8  73
258  370  0010  0.605  0.616     5     4  0.02346  -0.32283  10  74
258  284  0011  0.531  0.546  -150  -150  -0.25254  0.26517  10  75
258  301  0012  0.621  0.628   148   148  0.34146  0.25917  9  75
258  287  0013  0.578  0.606   -22   -20  -0.23454  -0.28083  10  75
258  380  0014  0.614  0.618   -33   -33  -0.36054  -0.24483  9  74
258  208  0015  0.612  0.540   -93  -174  -0.03654  0.28317  9  73
258  231  0016  0.524  0.540    73    71  0.50346  -0.12483  8  74
258  204  0017  0.553  0.540   -53  -174  -0.03654  0.28317  9  75
258  206  0018  0.595  0.540    40  -174  -0.03654  0.28317  10  75
258  276  0019  0.533  0.558   -20   -18  -0.19854  -0.26283  9  75
258  240  0020  0.513  0.542   -19   -18  -0.18654  -0.25683  10  75
258  409  0021  0.591  0.597   165   164  0.17946  0.28917  9  75
258  267  0022  0.521  0.510   145   143  0.31746  0.19317  10  76
258  284  0023  0.555  0.558     7     6  0.04746  -0.29283  10  75
258  384  0024  0.577  0.585   161   161  0.20346  0.27717  9  75
258  276  0025  0.625  0.625   -11   -11  -0.14454  -0.31083  10  74
258  228  0026  0.593  0.608   -58   -57  -0.52254  -0.13683  8  75
258  310  0027  0.615  0.623   -45   -44  -0.45054  -0.20283  9  74
258  290  0028  0.604  0.624   112   114  0.57546  0.09717  9  74
258  349  0029  0.538  0.545    83    84  0.53946  -0.06483  8  74
258  228  0030  0.537  0.540    72    71  0.50346  -0.12483  9  74
258  203  0031  0.546  0.540   100  -174  -0.03654  0.28317  7  72
258  205  0032  0.524  0.540    63  -174  -0.03654  0.28317  9  73
258  209  0033  0.619  0.540   -81  -174  -0.03654  0.28317  9  73
258  323  0034  0.567  0.591   -15   -15  -0.17454  -0.28683  10  75
258  291  0035  0.526  0.540   -82   -80  -0.53454  -0.01083  8  73
258  356  0036  0.611  0.612    22    22  0.20946  -0.31083  9  74
258  206  0037  0.554  0.540    98  -174  -0.03654  0.28317  8  73
258  206  0038  0.561  0.540   119  -174  -0.03654  0.28317  8  74
258  452  0039  0.541  0.551  -174  -174  -0.03654  0.28917  8  74
258  295  0040  0.524  0.540    -7    -7  -0.08454  -0.27483  10  75
258  300  0041  0.550  0.598   133   136  0.42546  0.19917  9  76
258  375  0042  0.569  0.580   160   160  0.21546  0.27117  9  75
258  262  0043  0.599  0.600  -157  -155  -0.22854  0.30117  10  75
258  209  0044  0.587  0.540   -97  -174  -0.03654  0.28317  9  74
258  240  0045  0.563  0.610    27    28  0.26946  -0.29883  11  76
258  365  0046  0.511  0.536  -162  -163  -0.13854  0.27717  9  74
258  205  0047  0.570  0.598  -116  -118  -0.51654  0.18117  9  74
258  338  0048  0.548  0.550    85    85  0.54546  -0.05883  7  73
258  314  0049  0.511  0.511  -120  -118  -0.43854  0.15717  10  74
301  292  0000  0.515  0.534    81    83  0.52746  -0.06483  7  74
301  328  0001  0.528  0.533  -148  -147  -0.27054  0.25317  10  76
301  401  0002  0.603  0.616   135   136  0.43746  0.20517  8  75
301  250  0003  0.521  0.524  -105  -103  -0.50454  0.09717  9  73
301  397  0004  0.594  0.606     2     2  0.00546  -0.31683  9  75
301  204  0005  0.555  0.540  -111  -174  -0.03654  0.28317  9  74
301  332  0006  0.556  0.584     1     1  -0.00654  -0.30483  10  76
301  320  0007  0.586  0.622   -68   -64  -0.57054  -0.10083  8  73
301  436  0008  0.555  0.580   162   162  0.19146  0.27717  9  76
301  419  0009  0.597  0.617     3     3  0.01146  -0.32283  10  75
301  214  0010  0.579  0.592   108   109  0.56346  0.06717  8  74
301  221  0011  0.611  0.617    40    41  0.38946  -0.26883  9  75
301  297  0012  0.551  0.571   143   143  0.35346  0.21717  9  76
301  279  0013  0.576  0.591  -106  -106  -0.55854  0.12717  8  74
301  442  0014  0.581  0.574  -176  -175  -0.02454  0.30117  8  74
301  207  0015  0.584  0.596   -76   -76  -0.58254  -0.03483  8  74
301  304  0016  0.602  0.611   124   125  0.50946  0.15117  8  74
301  360  0017  0.610  0.620  -171  -170  -0.07854  0.32517  10  76
301  374  0018  0.589  0.593   129   128  0.47346  0.16317  8  75
301  328  0019  0.555  0.602    30    29  0.27546  -0.29283  10  74
301  236  0020  0.517  0.532    75    73  0.50346  -0.11283  8  74
301  226  0021  0.613  0.630    40    40  0.39546  -0.27483  10  75
301  355  0022  0.596  0.608   -19   -18  -0.21654  -0.28683  9  75
301  306  0023  0.587  0.617   -69   -65  -0.57054  -0.09483  8  73
301  352  0024  0.533  0.556   150   150  0.28746  0.23517  8  76
301  314  0025  0.609  0.625   -47   -45  -0.46254  -0.19683  9  74
301  389  0026  0.517  0.530    87    87  0.52746  -0.04683  7  74
301  360  0027  0.512  0.517    22    21  0.17346  -0.26283  10  75
301  220  0028  0.560  0.583    94    94  0.58146  -0.01683  7  74
301  269  0029  0.606  0.621    46    45  0.42546  -0.25683  9  75
301  279  0030  0.574  0.598  -110  -110  -0.55254  0.14517  8  74
301  360  0031  0.591  0.594  -155  -154  -0.24054  0.29517  9  75
301  245  0032  0.594  0.611    71    69  0.56346  -0.14883  9  73
301  282  0033  0.552  0.567   -51   -48  -0.43854  -0.16683  9  75
301  207  0034  0.612  0.540   101  -174  -0.03654  0.28317  9  73
301  201  0035  0.530  0.540   101  -174  -0.03654  0.28317  8  73
301  336  0036  0.515  0.510   122   122  0.43746  0.11517  9  75
301  350  0037  0.545  0.548    89    87  0.54546  -0.04683  7  74
301  242  0038  0.516  0.529   -53   -51  -0.42654  -0.14283  9  74
301  266  0039  0.539  0.543   -42   -42  -0.37854  -0.18483  9  75
301  219  0040  0.565  0.592  -115  -117  -0.51654  0.17517  9  74
301  282  0041  0.577  0.585    46    46  0.40746  -0.23883  9  75
301  410  0042  0.610  0.620    27    27  0.26946  -0.30483  10  74
301  210  0043  0.599  0.606   -81   -80  -0.60054  -0.01083  8  75
301  301  0044  0.532  0.535  -115  -115  -0.47454  0.15117  8  74
301  205  0045  0.570  0.540   -75  -174  -0.03654  0.28317  8  73
301  332  0046  0.559  0.577   -47   -46  -0.43254  -0.17883  8  75
301  246  0047  0.562  0.572   -90   -89  -0.57054  0.03717  7  74
301  273  0048  0.516  0.545   -17   -16  -0.16854  -0.26283  10  75
301  331  0049  0.620  0.630   113   114  0.58146  0.09717  9  74
344  403  0000  0.514  0.526    50    49  0.38946  -0.20283  9  75
344  400  0001  0.571  0.617    32    29  0.28746  -0.29883  10  74
344  205  0002  0.555  0.540   103  -174  -0.03654  0.28317  7  73
344  217  0003  0.624  0.621    70    70  0.57546  -0.14883  10  74
344  410  0004  0.541  0.571   156   157  0.23946  0.25917  8  76
344  348  0005  0.543  0.565  -143  -143  -0.31854  0.25917  9  76
344  209  0006  0.606  0.545    84   178  0.02946  0.28317  9  69
344  275  0007  0.624  0.629    47    47  0.44946  -0.25083  9  74
344  375  0008  0.620  0.630   147   147  0.35946  0.25317  9  75
344  295  0009  0.549  0.547    93    90  0.54546  -0.03483  6  74
344  402  0010  0.626  0.630   -21   -20  -0.24054  -0.29283  10  74
344  476  0011  0.589  0.600   150   150  0.31146  0.25317  8  75
344  348  0012  0.630  0.627     9    10  0.08946  -0.32883  10  74
344  245  0013  0.582  0.592   119   120  0.52146  0.12117  8  75
344  337  0014  0.525  0.552   -18   -17  -0.18654  -0.26283  9  75
344  328  0015  0.626  0.627   -29   -29  -0.33054  -0.26283  9  75
344  339  0016  0.531  0.543    68    68  0.49746  -0.13683  8  74
344  374  0017  0.557  0.575   138   138  0.39546  0.19917  8  76
344  310  0018  0.568  0.611    34    31  0.29946  -0.29283  10  75
344  208  0019  0.581  0.590   104   104  0.57546  0.03717  8  74
344  385  0020  0.532  0.533    48    48  0.38946  -0.20883  9  75
344  323  0021  0.593  0.614    65    64  0.54546  -0.17283  9  75
344  246  0022  0.600  0.606   -81   -80  -0.60054  -0.01083  8  75
344  406  0023  0.583  0.581  -163  -163  -0.14454  0.30117  9  75
344  466  0024  0.546  0.547  -163  -163  -0.13854  0.28317  9  75
344  372  0025  0.587  0.595    38    37  0.34746  -0.26883  9  74
344  501  0026  0.598  0.615   138   138  0.42546  0.21117  8  75
344  405  0027  0.548  0.558  -154  -153  -0.22854  0.27717  9  75
344  430  0028  0.612  0.621   149   149  0.32946  0.25917  9  75
344  222  0029  0.618  0.624   -81   -80  -0.61854  -0.01083  9  74
344  382  0030  0.597  0.609   142   141  0.39546  0.22317  8  76
344  239  0031  0.598  0.613   106   105  0.59346  0.04917  8  74
344  374  0032  0.564  0.578  -144  -143  -0.32454  0.26517  9  76
344  300  0033  0.568  0.594   -24   -23  -0.25254  -0.26883  10  75
344  353  0034  0.609  0.625   -47   -45  -0.46254  -0.19683  9  75
344  243  0035  0.591  0.598   -83   -83  -0.59454  0.00117  7  75
344  347  0036  0.518  0.534   -80   -80  -0.52854  -0.01083  8  73
344  396  0037  0.538  0.563   151   151  0.28146  0.24117  8  76
344  260  0038  0.551  0.561   -65   -65  -0.51654  -0.08883  7  75
344  310  0039  0.549  0.572   122   124  0.47946  0.13917  7  76
344  279  0040  0.576  0.600  -120  -120  -0.50454  0.19317  8  75
344  294  0041  0.602  0.607    93    93  0.60546  -0.02283  8  73
344  338  0042  0.542  0.541  -130  -130  -0.39654  0.21117  8  75
344  376  0043  0.621  0.630   147   147  0.35946  0.25317  9  75
344  408  0044  0.594  0.604     6     5  0.03546  -0.31683  10  75
344  409  0045  0.548  0.551    83    84  0.54546  -0.06483  6  74
344  320  0046  0.526  0.540    72    71  0.50346  -0.12483  8  74
344  359  0047  0.553  0.549  -132  -131  -0.39654  0.21717  8  76
344  239  0048  0.556  0.580    57    56  0.47346  -0.19683  9  75
344  280  0049  0.533  0.545   -97   -98  -0.53454  0.07917  8  72
387  306  0000  0.517  0.525   -68   -67  -0.49254  -0.07083  7  75
387  363  0001  0.536  0.529   129   127  0.43146  0.13917  8  78
387  328  0002  0.510  0.518   -67   -66  -0.48054  -0.07683  7  75
387  462  0003  0.604  0.621    32    30  0.29946  -0.29883  9  75
387  320  0004  0.622  0.625    61    62  0.54546  -0.18483  9  75
387  348  0005  0.521  0.538   -50   -49  -0.42054  -0.15483  8  75
387  370  0006  0.625  0.623   -25   -25  -0.28854  -0.27483  9  74
387  424  0007  0.619  0.622   -17   -16  -0.19854  -0.29883  9  75
387  343  0008  0.520  0.530   -59   -60  -0.46854  -0.10683  7  75
387  401  0009  0.523  0.545    -4    -3  -0.05454  -0.28083  10  76
387  325  0010  0.567  0.571   -88   -87  -0.57054  0.02517  6  75
387  365  0011  0.524  0.531   -62   -61  -0.47454  -0.10083  7  75
387  369  0012  0.594  0.601  -107  -107  -0.56454  0.13317  8  75
387  253  0013  0.582  0.593   103   102  0.58146  0.03117  7  74
387  317  0014  0.513  0.526  -109  -110  -0.48654  0.12717  8  74
387  530  0015  0.590  0.610   138   138  0.41946  0.21117  8  76
387  458  0016  0.575  0.598   148   149  0.32346  0.24717  8  77
387  288  0017  0.611  0.626   -91   -90  -0.62454  0.04317  9  74
387  330  0018  0.542  0.550  -102  -101  -0.53454  0.09117  7  74
387  315  0019  0.626  0.622    16    15  0.14946  -0.32283  10  75
387  456  0020  0.563  0.580    24    23  0.20946  -0.29283  9  76
387  351  0021  0.626  0.629  -135  -134  -0.43254  0.25917  9  74
387  430  0022  0.551  0.568   -19   -18  -0.19854  -0.26883  9  76
387  350  0023  0.537  0.548    64    64  0.48546  -0.15483  8  75
387  491  0024  0.517  0.532  -166  -165  -0.11454  0.27717  9  76
387  538  0025  0.613  0.627    30    29  0.28746  -0.30483  9  74
387  390  0026  0.542  0.563   -21   -20  -0.21054  -0.26283  9  75
387  434  0027  0.603  0.603   -18   -17  -0.20454  -0.28683  9  75
387  418  0028  0.594  0.619  -162  -162  -0.16854  0.31917  10  76
387  427  0029  0.629  0.624    33    33  0.32946  -0.29283  9  75
387  348  0030  0.586  0.602   -61   -60  -0.53454  -0.11883  7  75
387  379  0031  0.595  0.614    67    66  0.55146  -0.16683  8  74
387  499  0032  0.527  0.512     9     9  0.06546  -0.26883  10  77
387  355  0033  0.517  0.534  -140  -139  -0.33054  0.23517  10  76
387  414  0034  0.551  0.563  -149  -149  -0.27054  0.27117  9  77
387  422  0035  0.629  0.620  -171  -170  -0.07854  0.32517  10  75
387  417  0036  0.540  0.545    48    48  0.39546  -0.21483  8  76
387  479  0037  0.593  0.618    13    12  0.11346  -0.32283  10  76
387  470  0038  0.606  0.610    -1    -1  -0.03654  -0.31683  10  76
387  488  0039  0.575  0.574  -172  -172  -0.05454  0.30117  8  76
387  301  0040  0.535  0.544   -65   -64  -0.49854  -0.08883  6  75
387  360  0041  0.513  0.514   -44   -44  -0.37254  -0.16683  10  75
387  325  0042  0.598  0.608    60    59  0.50946  -0.19683  8  75
387  226  0043  0.551  0.551  -108  -106  -0.52254  0.11517  8  75
387  406  0044  0.613  0.613  -156  -155  -0.23454  0.30717  9  75
387  263  0045  0.510  0.526   -96   -98  -0.51654  0.07317  8  72
387  423  0046  0.571  0.587  -144  -144  -0.32454  0.27117  9  77
387  426  0047  0.527  0.535    92    90  0.53346  -0.03483  6  74
387  348  0048  0.589  0.599   122   123  0.50946  0.13917  7  75
387  487  0049  0.594  0.607   149   149  0.32346  0.25317  8  76
429  607  0000  0.517  0.528  -175  -174  -0.03054  0.27717  9  77
429  314  0001  0.527  0.529    98    94  0.52746  -0.01083  6  75
429  445  0002  0.525  0.518   128   126  0.42546  0.13317  8  78
429  534  0003  0.597  0.585  -174  -173  -0.04254  0.30717  8  75
429  456  0004  0.603  0.602  -156  -155  -0.23454  0.30117  9  75
429  317  0005  0.582  0.579    78    79  0.56346  -0.09483  8  73
429  319  0006  0.536  0.538  -109  -108  -0.50454  0.12117  7  75
429  610  0007  0.560  0.563  -175  -174  -0.03054  0.29517  8  76
429  521  0008  0.527  0.534  -136  -135  -0.36054  0.22317  9  77
429  450  0009  0.615  0.630   147   147  0.35946  0.25317  9  76
429  399  0010  0.597  0.622    52    51  0.47346  -0.23283  8  75
429  532  0011  0.529  0.538  -135  -135  -0.36654  0.22317  9  76
429  393  0012  0.589  0.593     9     9  0.07746  -0.31083  10  77
429  449  0013  0.547  0.565  -141  -141  -0.33654  0.25317  9  78
429  495  0014  0.560  0.581     4     4  0.02346  -0.30483  9  76
429  320  0015  0.510  0.516   -39   -37  -0.33054  -0.19083  10  76
429  572  0016  0.538  0.545  -165  -164  -0.12654  0.28317  8  76
429  210  0017  0.595  0.545    83   178  0.02946  0.28317  8  71
429  319  0018  0.579  0.597    72    71  0.55746  -0.13683  8  74
429  404  0019  0.528  0.534   111   111  0.50346  0.06717  6  75
429  322  0020  0.581  0.592   100    98  0.58746  0.00717  6  74
429  491  0021  0.526  0.520    17    17  0.13746  -0.26883  10  77
429  335  0022  0.594  0.599   -94   -94  -0.59454  0.06117  7  75
429  421  0023  0.550  0.553  -131  -131  -0.40254  0.21717  8  77
429  515  0024  0.555  0.577   149   149  0.30546  0.24117  8  77
429  313  0025  0.572  0.584   116   115  0.53346  0.09717  6  76
429  318  0026  0.525  0.529    98    94  0.52746  -0.01083  7  75
429  380  0027  0.532  0.542  -100  -100  -0.52854  0.08517  7  73
429  332  0028  0.579  0.600   116   116  0.54546  0.10317  6  76
429  436  0029  0.549  0.565   129   129  0.44946  0.15717  7  78
429  496  0030  0.613  0.630   -60   -60  -0.55854  -0.12483  8  75
429  436  0031  0.515  0.520    43    43  0.34146  -0.22083  10  75
429  392  0032  0.554  0.568   -42   -41  -0.39054  -0.19683  8  77
429  287  0033  0.583  0.596   104   104  0.58146  0.03717  7  75
429  585  0034  0.619  0.623   139   138  0.42546  0.21717  8  75
429  296  0035  0.565  0.574   105   105  0.55746  0.04317  7  74
429  448  0036  0.614  0.624  -140  -140  -0.37854  0.27717  9  76
429  340  0037  0.522  0.539   -97   -99  -0.52854  0.07917  7  72
429  523  0038  0.609  0.610   160   159  0.23346  0.28317  9  76
429  448  0039  0.510  0.515    44    44  0.34746  -0.21483  10  75
429  425  0040  0.622  0.604   174   172  0.09546  0.30717  10  75
429  446  0041  0.612  0.618  -112  -111  -0.56454  0.15717  8  75
429  399  0042  0.527  0.540    72    71  0.50346  -0.12483  7  75
429  357  0043  0.539  0.553    62    62  0.47946  -0.16683  7  75
429  362  0044  0.599  0.609  -132  -131  -0.43854  0.24117  8  75
429  491  0045  0.616  0.607   161   159  0.22746  0.28317  8  76
429  529  0046  0.546  0.573   164   164  0.17346  0.27717  8  77
429  287  0047  0.546  0.548  -107  -105  -0.52254  0.10917  7  75
429  482  0048  0.616  0.619  -173  -172  -0.05454  0.32517  9  76
429  513  0049  0.592  0.603    -4    -3  -0.06054  -0.31083  10  76
472  358  0000  0.619  0.621    70    70  0.57546  -0.14883  9  74
472  402  0001  0.607  0.620   120   119  0.55146  0.12117  8  75
472  542  0002  0.529  0.539   175   175  0.05946  0.27717  9  79
472  469  0003  0.606  0.608  -148  -147  -0.30654  0.28917  9  76
472  599  0004  0.587  0.602   137   137  0.41946  0.20517  7  77
472  533  0005  0.570  0.595   134   135  0.43146  0.19317  7  78
472  228  0006  0.613  0.629    86    84  0.62346  -0.07083  10  71
472  544  0007  0.532  0.538    84    85  0.53346  -0.05883  5  75
472  344  0008  0.530  0.542   103   104  0.52746  0.03717  6  75
472  412  0009  0.567  0.572   -86   -85  -0.57054  0.01317  5  76
472  495  0010  0.510  0.524   -31   -31  -0.28854  -0.21483  9  75
472  456  0011  0.600  0.614    68    67  0.55746  -0.16083  8  74
472  552  0012  0.565  0.579    -8    -8  -0.10254  -0.29283  9  77
472  486  0013  0.570  0.594    11    11  0.09546  -0.31083  9  78
472  382  0014  0.559  0.567   112   111  0.53346  0.07317  5  76
472  604  0015  0.554  0.557   173   172  0.08946  0.28317  9  78
472  492  0016  0.577  0.583  -137  -136  -0.38454  0.24717  8  78
472  496  0017  0.550  0.563  -149  -149  -0.27054  0.27117  9  78
472  401  0018  0.516  0.516   -24   -23  -0.22254  -0.23283  10  76
472  554  0019  0.579  0.592    -4    -3  -0.06054  -0.30483  9  77
472  504  0020  0.563  0.574   -20   -19  -0.21054  -0.26883  9  76
472  491  0021  0.531  0.540   -81   -80  -0.53454  -0.01083  5  74
472  388  0022  0.558  0.573   -92   -92  -0.57054  0.04917  6  75
472  567  0023  0.595  0.604     5     4  0.02946  -0.31683  9  75
472  491  0024  0.564  0.573   -46   -46  -0.42654  -0.17883  7  76
472  452  0025  0.540  0.538  -122  -121  -0.45054  0.17517  7  76
472  494  0026  0.553  0.562   -14   -14  -0.15654  -0.27483  9  78
472  457  0027  0.515  0.521    41    41  0.32946  -0.22683  10  75
472  418  0028  0.514  0.511  -158  -158  -0.17454  0.25917  11  76
472  264  0029  0.630  0.629    83    81  0.61746  -0.08883  11  71
472  514  0030  0.539  0.555    23    22  0.19746  -0.28083  9  76
472  447  0031  0.536  0.540    93    91  0.53946  -0.02883  5  75
472  525  0032  0.624  0.615   163   163  0.19746  0.29517  9  75
472  441  0033  0.565  0.572  -126  -125  -0.45054  0.20517  7  76
472  315  0034  0.584  0.580    81    81  0.56946  -0.08283  7  72
472  445  0035  0.590  0.613  -159  -159  -0.19254  0.31317  10  76
472  483  0036  0.592  0.601   144   143  0.37146  0.22917  8  77
472  336  0037  0.522  0.537   -95   -97  -0.52854  0.07317  7  73
472  381  0038  0.567  0.583    96    95  0.58146  -0.01083  5  74
472  453  0039  0.524  0.534  -140  -139  -0.33054  0.23517  9  77
472  371  0040  0.595  0.604   120   119  0.53346  0.12117  7  76
472  473  0041  0.612  0.614   134   134  0.45546  0.19317  8  76
472  437  0042  0.528  0.534   -43   -43  -0.37854  -0.17883  9  76
472  644  0043  0.518  0.535   178   178  0.03546  0.27717  9  77
472  490  0044  0.540  0.549  -150  -149  -0.25854  0.26517  9  78
472  320  0045  0.569  0.584    73    73  0.55146  -0.12483  7  75
472  374  0046  0.581  0.592   109   109  0.56346  0.06717  6  75
472  513  0047  0.626  0.630  -163  -162  -0.16854  0.32517  10  76
472  433  0048  0.566  0.568    64    64  0.50346  -0.16083  7  76
472  466  0049  0.589  0.609   -63   -62  -0.54654  -0.11283  6  75
515  479  0000  0.545  0.554    78    79  0.53946  -0.08883  5  75
515  454  0001  0.563  0.569   -60   -59  -0.49854  -0.11883  5  77
515  509  0002  0.575  0.574   -30   -30  -0.30654  -0.23883  8  78
515  417  0003  0.570  0.579   -52   -52  -0.46854  -0.15483  6  77
515  542  0004  0.604  0.618   114   114  0.56946  0.09717  7  75
515  435  0005  0.559  0.571   -89   -88  -0.57054  0.03117  5  76
515  471  0006  0.578  0.578    17    16  0.14946  -0.29883  9  77
515  479  0007  0.589  0.602  -116  -116  -0.52854  0.17517  7  75
515  535  0008  0.584  0.588  -138  -137  -0.37854  0.25317  8  78
515  678  0009  0.582  0.580   179   179  0.02946  0.30117  8  77
515  489  0010  0.572  0.573    46    46  0.40146  -0.23283  8  77
515  430  0011  0.602  0.609   122   122  0.52146  0.13917  7  76
515  458  0012  0.563  0.574  -124  -124  -0.46254  0.19917  7  77
515  647  0013  0.609  0.623   151   151  0.31746  0.26517  8  77
515  528  0014  0.564  0.573    39    38  0.34146  -0.25683  9  76
515  475  0015  0.587  0.612   -68   -65  -0.56454  -0.09483  6  74
515  521  0016  0.518  0.514     2     1  -0.00054  -0.26883  11  78
515  585  0017  0.547  0.553  -168  -167  -0.10254  0.28917  8  79
515  542  0018  0.594  0.615   -65   -63  -0.55854  -0.10683  6  75
515  480  0019  0.518  0.528   138   138  0.36546  0.18117  8  77
515  571  0020  0.535  0.544   -30   -30  -0.28854  -0.22683  8  76
515  446  0021  0.588  0.601  -131  -131  -0.43854  0.23517  7  76
515  518  0022  0.539  0.551   -15   -14  -0.15654  -0.26883  9  77
515  490  0023  0.627  0.631  -149  -148  -0.31254  0.30117  9  76
515  545  0024  0.571  0.587   -34   -33  -0.34254  -0.23283  7  77
515  514  0025  0.512  0.523   156   156  0.22746  0.23517  9  78
515  560  0026  0.571  0.594   -37   -36  -0.36654  -0.22683  7  76
515  541  0027  0.581  0.595   125   126  0.49146  0.15117  5  76
515  507  0028  0.582  0.602    57    55  0.48546  -0.20883  7  75
515  431  0029  0.559  0.566   -97   -97  -0.55854  0.07317  6  74
515  644  0030  0.565  0.566  -179  -179  0.01146  0.29517  8  78
515  481  0031  0.572  0.580   -25   -25  -0.26454  -0.25683  8  77
515  529  0032  0.576  0.583   141   140  0.38346  0.21117  7  78
515  514  0033  0.521  0.523    43    43  0.34746  -0.22083  10  76
515  605  0034  0.626  0.621   165   164  0.18546  0.30117  9  75
515  483  0035  0.609  0.625   -57   -56  -0.53454  -0.14283  7  77
515  607  0036  0.580  0.580  -164  -164  -0.13854  0.30117  8  77
515  457  0037  0.611  0.615    69    68  0.56346  -0.15483  8  74
515  508  0038  0.521  0.530  -114  -114  -0.47454  0.14517  6  75
515  519  0039  0.629  0.628   115   115  0.57546  0.10317  9  75
515  549  0040  0.604  0.610   -45   -44  -0.44454  -0.19683  7  75
515  515  0041  0.589  0.604  -110  -110  -0.55854  0.14517  6  75
515  278  0042  0.595  0.595    86    88  0.59346  -0.04683  7  72
515  533  0043  0.541  0.558     6     5  0.03546  -0.29283  9  77
515  520  0044  0.525  0.527   125   124  0.44346  0.12717  7  78
515  448  0045  0.559  0.571    59    59  0.47946  -0.18483  7  76
515  458  0046  0.515  0.533    70    69  0.49146  -0.13083  6  74
515  424  0047  0.554  0.556    76    78  0.53946  -0.09483  6  76
515  406  0048  0.618  0.624   -73   -72  -0.60054  -0.05883  8  74
515  523  0049  0.596  0.607    19    19  0.18546  -0.31083  9  76
558  680  0000  0.581  0.600   156   156  0.25746  0.27117  8  80
558  623  0001  0.531  0.540   175   174  0.06546  0.27717  9  80
558  446  0002  0.560  0.570    93    92  0.56946  -0.02283  4  76
558  529  0003  0.523  0.538   135   135  0.38946  0.17517  8  78
558  514  0004  0.547  0.553    63    63  0.48546  -0.16083  6  76
558  658  0005  0.604  0.613   -35   -34  -0.36654  -0.23883  7  76
558  574  0006  0.528  0.547    -5    -5  -0.06654  -0.28083  9  78
558  457  0007  0.604  0.613   -74   -74  -0.59454  -0.04683  7  75
558  652  0008  0.566  0.579   166   165  0.16146  0.28317  8  80
558  360  0009  0.611  0.613    89    90  0.61146  -0.03483  7  73
558  717  0010  0.589  0.593   178   177  0.04146  0.30717  8  78
558  580  0011  0.528  0.543   155   155  0.24546  0.24117  8  79
558  642  0012  0.575  0.576  -178  -177  -0.00054  0.30117  8  79
558  571  0013  0.532  0.532    54    54  0.41946  -0.19083  7  76
558  340  0014  0.556  0.553   -72   -73  -0.53454  -0.04683  5  76
558  460  0015  0.541  0.547   -67   -67  -0.51054  -0.07683  4  77
558  633  0016  0.627  0.627   155   154  0.28746  0.27717  8  76
558  599  0017  0.565  0.569  -155  -154  -0.22854  0.28317  8  77
558  592  0018  0.621  0.628    26    26  0.26346  -0.31083  9  75
558  488  0019  0.560  0.571    59    59  0.47946  -0.18483  6  77
558  569  0020  0.583  0.586   -28   -28  -0.29454  -0.25083  8  77
558  519  0021  0.628  0.630    65    65  0.56346  -0.17283  9  74
558  504  0022  0.528  0.538   108   108  0.51546  0.05517  4  75
558  377  0023  0.626  0.630    76    76  0.60546  -0.11883  10  72
558  471  0024  0.521  0.533  -125  -124  -0.42654  0.18717  7  77
558  613  0025  0.548  0.558  -154  -153  -0.22854  0.27717  8  77
558  445  0026  0.611  0.626   -87   -87  -0.62454  0.02517  7  76
558  678  0027  0.588  0.606   137   137  0.42546  0.20517  6  78
558  615  0028  0.538  0.540  -170  -170  -0.07254  0.28317  8  80
558  510  0029  0.552  0.555    44    44  0.37146  -0.23283  8  78
558  549  0030  0.518  0.524   146   145  0.31146  0.20517  9  79
558  561  0031  0.512  0.520    43    43  0.34146  -0.22083  10  76
558  569  0032  0.544  0.560   -14   -13  -0.15054  -0.27483  9  78
558  651  0033  0.566  0.580   155   155  0.25746  0.25917  7  80
558  654  0034  0.618  0.613   164   163  0.19146  0.29517  9  76
558  550  0035  0.549  0.565   -47   -47  -0.42654  -0.17283  6  78
558  550  0036  0.611  0.614   132   131  0.47346  0.18117  7  76
558  458  0037  0.537  0.540    95    92  0.53946  -0.02283  4  76
558  432  0038  0.521  0.517    37    38  0.30546  -0.23283  11  76
558  676  0039  0.529  0.536  -163  -163  -0.13854  0.27717  8  78
558  539  0040  0.579  0.611    33    31  0.29946  -0.29283  9  77
558  460  0041  0.554  0.566   -90   -89  -0.56454  0.03717  4  76
558  515  0042  0.519  0.516  -157  -156  -0.19254  0.25917  10  77
558  665  0043  0.579  0.590   154   154  0.27546  0.25917  7  79
558  503  0044  0.615  0.625    46    45  0.43146  -0.25683  8  76
558  570  0045  0.549  0.548    12    12  0.09546  -0.28683  9  79
558  425  0046  0.591  0.601   101   100  0.59346  0.01917  5  76
558  581  0047  0.586  0.603   -21   -20  -0.22854  -0.28083  9  77
558  635  0048  0.574  0.594     3     3  0.01146  -0.31083  9  78
558  437  0049  0.600  0.608   -87   -87  -0.60654  0.02517  5  76
601  537  0000  0.575  0.577    41    41  0.36546  -0.25083  8  78
601  487  0001  0.572  0.579  -121  -120  -0.48654  0.18717  6  79
601  636  0002  0.568  0.577   130   129  0.45546  0.16317  5  81
601  513  0003  0.573  0.580   -93   -93  -0.57654  0.05517  4  77
601  426  0004  0.525  0.541   -94   -96  -0.53454  0.06717  5  74
601  762  0005  0.582  0.580   179   179  0.02946  0.30117  7  78
601  570  0006  0.615  0.616  -149  -148  -0.30054  0.29517  9  77
601  731  0007  0.582  0.597   157   157  0.25146  0.27117  7  80
601  679  0008  0.594  0.617    31    29  0.28746  -0.29883  8  76
601  711  0009  0.511  0.513    12    11  0.08346  -0.26883  10  78
601  621  0010  0.518  0.530   -30   -30  -0.28254  -0.22083  8  76
601  611  0011  0.554  0.560    12    11  0.09546  -0.29283  8  79
601  625  0012  0.570  0.578  -149  -148  -0.28254  0.27717  9  79
601  590  0013  0.546  0.561    39    38  0.33546  -0.25083  9  77
601  552  0014  0.564  0.574  -157  -156  -0.21054  0.28917  9  78
601  551  0015  0.575  0.594  -109  -109  -0.55254  0.13917  6  76
601  558  0016  0.622  0.630    45    44  0.42546  -0.26283  8  75
601  564  0017  0.581  0.597    56    55  0.47946  -0.20883  6  76
601  485  0018  0.628  0.629   111   111  0.59346  0.07917  9  75
601  425  0019  0.619  0.630    76    76  0.60546  -0.11883  9  72
601  565  0020  0.611  0.620    63    63  0.54546  -0.17883  7  76
601  582  0021  0.533  0.530    44    44  0.35946  -0.22083  9  78
601  634  0022  0.538  0.555    23    22  0.19746  -0.28083  8  77
601  620  0023  0.547  0.571     3     3  0.01146  -0.29883  9  78
601  540  0024  0.558  0.566  -128  -128  -0.43254  0.21117  6  78
601  666  0025  0.597  0.596   176   176  0.05946  0.30717  9  78
601  507  0026  0.541  0.548   -55   -55  -0.46254  -0.13083  5  78
601  638  0027  0.555  0.556  -155  -154  -0.22254  0.27717  8  78
601  540  0028  0.598  0.604   -54   -54  -0.50454  -0.14883  6  76
601  596  0029  0.555  0.572   130   130  0.44946  0.16317  6  82
601  490  0030  0.610  0.619   -74   -74  -0.60054  -0.04683  7  75
601  641  0031  0.578  0.585  -171  -171  -0.06654  0.30717  8  80
601  603  0032  0.571  0.589   124   125  0.49146  0.14517  5  78
601  504  0033  0.512  0.522   -99   -99  -0.51054  0.07917  5  73
601  506  0034  0.541  0.553   -25   -25  -0.25254  -0.24483  8  78
601  555  0035  0.623  0.630    45    44  0.42546  -0.26283  8  75
601  627  0036  0.541  0.554  -151  -151  -0.24654  0.27117  8  78
601  490  0037  0.596  0.605   -78   -77  -0.59454  -0.02883  5  76
601  620  0038  0.595  0.597   132   131  0.46146  0.17517  6  78
601  436  0039  0.582  0.595   -74   -74  -0.57654  -0.04683  6  77
601  708  0040  0.555  0.572   161   161  0.19746  0.27117  8  80
601  448  0041  0.605  0.606    90    92  0.60546  -0.02883  6  74
601  742  0042  0.578  0.574  -174  -174  -0.03654  0.30117  7  78
601  479  0043  0.583  0.591   -78   -78  -0.58254  -0.02283  5  76
601  569  0044  0.570  0.581    27    27  0.24546  -0.28683  9  78
601  562  0045  0.569  0.580   -25   -25  -0.26454  -0.25683  8  78
601  747  0046  0.573  0.586   164   164  0.17946  0.28317  8  79
601  578  0047  0.535  0.543   -84   -83  -0.54054  0.00117  4  75
601  614  0048  0.557  0.575    21    21  0.19146  -0.29283  8  79
601  555  0049  0.553  0.554    89    87  0.55146  -0.04683  3  76
43  210  0000  0.566  0.540   -12  -174  -0.03654  0.28317  10  73
43  208  0001  0.619  0.540   132  -174  -0.03654  0.28317  9  73
43  210  0002  0.628  0.540    59  -174  -0.03654  0.28317  9  73
43  208  0003  0.619  0.540   -65  -174  -0.03654  0.28317  9  73
43  210  0004  0.545  0.540  -109  -174  -0.03654  0.28317  9  72
43  211  0005  0.533  0.540   -16  -174  -0.03654  0.28317  10  73
43  211  0006  0.624  0.540  -126  -174  -0.03654  0.28317  9  73
43  215  0007  0.603  0.623   141   138  0.42546  0.21717  10  73
43  210  0008  0.516  0.540   126  -174  -0.03654  0.28317  9  73
43  210  0009  0.526  0.540   126  -174  -0.03654  0.28317  9  73
43  207  0010  0.526  0.540     0  -174  -0.03654  0.28317  10  73
43  208  0011  0.605  0.540   -73  -174  -0.03654  0.28317  9  72
43  210  0012  0.583  0.540   -82  -174  -0.03654  0.28317  9  72
43  207  0013  0.574  0.540    40  -174  -0.03654  0.28317  10  73
43  208  0014  0.613  0.540    59  -174  -0.03654  0.28317  9  73
43  208  0015  0.572  0.540    42  -174  -0.03654  0.28317  10  72
43  207  0016  0.520  0.540    13  -174  -0.03654  0.28317  9  73
43  210  0017  0.599  0.540   131  -174  -0.03654  0.28317  10  73
43  210  0018  0.513  0.540     8  -174  -0.03654  0.28317  10  73
43  211  0019  0.625  0.540   173  -174  -0.03654  0.28317  10  73
43  210  0020  0.558  0.540   -80  -174  -0.03654  0.28317  9  72
43  211  0021  0.627  0.540    98  -174  -0.03654  0.28317  9  72
43  210  0022  0.607  0.540   155  -174  -0.03654  0.28317  10  73
43  210  0023  0.569  0.540   -43  -174  -0.03654  0.28317  9  73
43  208  0024  0.589  0.540    41  -174  -0.03654  0.28317  10  72
43  208  0025  0.582  0.540    38  -174  -0.03654  0.28317  10  73
43  208  0026  0.590  0.540   -59  -174  -0.03654  0.28317  9  73
43  208  0027  0.559  0.540   -19  -174  -0.03654  0.28317  10  73
43  209  0028  0.609  0.540   123  -174  -0.03654  0.28317  9  72
43  226  0029  0.527  0.544  -178   179  0.02346  0.28317  9  73
43  208  0030  0.513  0.540   143  -174  -0.03654  0.28317  10  73
43  210  0031  0.531  0.540     8  -174  -0.03654  0.28317  10  73
43  208  0032  0.538  0.540   145  -174  -0.03654  0.28317  10  73
43  211  0033  0.542  0.540   146  -174  -0.03654  0.28317  10  73
43  210  0034  0.586  0.540   -31  -174  -0.03654  0.28317  9  73
43  210  0035  0.610  0.540    62  -174  -0.03654  0.28317  9  73
43  209  0036  0.624  0.540   109  -174  -0.03654  0.28317  10  72
43  208  0037  0.624  0.540   -89  -174  -0.03654  0.28317  9  72
43  210  0038  0.623  0.540    16  -174  -0.03654  0.28317  9  73
43  213  0039  0.602  0.620   152   151  0.31146  0.26517  10  73
43  223  0040  0.586  0.551  -172  -174  -0.03654  0.28917  9  73
43  208  0041  0.546  0.540  -169  -174  -0.03654  0.28317  9  73
43  208  0042  0.513  0.540  -152  -174  -0.03654  0.28317  9  73
43  219  0043  0.578  0.558   176   178  0.03546  0.28917  9  73
43  208  0044  0.577  0.540   132  -174  -0.03654  0.28317  9  73
43  210  0045  0.540  0.540    57  -174  -0.03654  0.28317  9  72
43  210  0046  0.585  0.540   -10  -174  -0.03654  0.28317  10  73
43  208  0047  0.575  0.551  -170  -174  -0.03654  0.28917  9  73
43  210  0048  0.627  0.540   -35  -174  -0.03654  0.28317  9  73
43  209  0049  0.519  0.540   -76  -174  -0.03654  0.28317  9  72
86  212  0000  0.625  0.540   124  -174  -0.03654  0.28317  9  72
86  210  0001  0.628  0.540  -145  -174  -0.03654  0.28317  10  73
86  208  0002  0.615  0.540   110  -174  -0.03654  0.28317  9  72
86  209  0003  0.570  0.540    71  -174  -0.03654  0.28317  9  72
86  212  0004  0.606  0.540   145  -174  -0.03654  0.28317  9  73
86  211  0005  0.587  0.540   -92  -174  -0.03654  0.28317  9  73
86  208  0006  0.544  0.540    13  -174  -0.03654  0.28317  10  74
86  208  0007  0.516  0.540   -88  -174  -0.03654  0.28317  9  71
86  209  0008  0.560  0.540   118  -174  -0.03654  0.28317  9  72
86  207  0009  0.549  0.540   -16  -174  -0.03654  0.28317  10  73
86  206  0010  0.529  0.540   -67  -174  -0.03654  0.28317  9  72
86  208  0011  0.593  0.540   -45  -174  -0.03654  0.28317  10  73
86  208  0012  0.544  0.540   -65  -174  -0.03654  0.28317  9  72
86  207  0013  0.542  0.540   -84  -174  -0.03654  0.28317  9  72
86  210  0014  0.616  0.540   -47  -174  -0.03654  0.28317  9  73
86  209  0015  0.570  0.540  -127  -174  -0.03654  0.28317  9  73
86  209  0016  0.561  0.540   118  -174  -0.03654  0.28317  9  72
86  211  0017  0.618  0.540   127  -174  -0.03654  0.28317  9  73
86  215  0018  0.556  0.600   154   156  0.25746  0.27117  9  74
86  207  0019  0.564  0.540    65  -174  -0.03654  0.28317  9  73
86  208  0020  0.530  0.540   -60  -174  -0.03654  0.28317  9  73
86  209  0021  0.582  0.540   -13  -174  -0.03654  0.28317  10  74
86  211  0022  0.608  0.540  -135  -174  -0.03654  0.28317  9  73
86  209  0023  0.540  0.540   -21  -174  -0.03654  0.28317  10  73
86  211  0024  0.608  0.540    35  -174  -0.03654  0.28317  10  73
86  230  0025  0.576  0.615   133   138  0.42546  0.21117  10  74
86  211  0026  0.588  0.540   132  -174  -0.03654  0.28317  9  74
86  209  0027  0.576  0.540    85  -174  -0.03654  0.28317  9  72
86  210  0028  0.583  0.540   -92  -174  -0.03654  0.28317  9  73
86  206  0029  0.540  0.540    53  -174  -0.03654  0.28317  9  73
86  210  0030  0.518  0.540   -32  -174  -0.03654  0.28317  10  73
86  207  0031  0.620  0.540  -161  -174  -0.03654  0.28317  9  73
86  212  0032  0.602  0.540  -113  -174  -0.03654  0.28317  9  73
86  208  0033  0.510  0.540   106  -174  -0.03654  0.28317  9  72
86  207  0034  0.624  0.540   -94  -174  -0.03654  0.28317  9  72
86  212  0035  0.626  0.540   123  -174  -0.03654  0.28317  9  72
86  210  0036  0.593  0.540  -153  -174  -0.03654  0.28317  10  73
86  209  0037  0.540  0.540    94  -174  -0.03654  0.28317  9  73
86  211  0038  0.608  0.540   112  -174  -0.03654  0.28317  9  73
86  235  0039  0.563  0.586   165   164  0.17946  0.28317  9  74
86  249  0040  0.594  0.611   156   157  0.25746  0.27717  10  74
86  210  0041  0.577  0.540     0  -174  -0.03654  0.28317  10  74
86  210  0042  0.599  0.540    97  -174  -0.03654  0.28317  9  72
86  210  0043  0.618  0.540  -101  -174  -0.03654  0.28317  9  72
86  212  0044  0.626  0.540   123  -174  -0.03654  0.28317  9  72
86  208  0045  0.515  0.540   -24  -174  -0.03654  0.28317  9  72
86  207  0046  0.572  0.540   -13  -174  -0.03654  0.28317  10  74
86  208  0047  0.561  0.540    15  -174  -0.03654  0.28317  10  73
86  213  0048  0.550  0.539  -169  -173  -0.04254  0.28317  10  74
86  210  0049  0.629  0.540   -91  -174  -0.03654  0.28317  10  72
129  209  0000  0.543  0.540   -13  -174  -0.03654  0.28317  10  74
129  238  0001  0.552  0.615   135   138  0.42546  0.21117  10  74
129  210  0002  0.516  0.540  -157  -174  -0.03654  0.28317  10  73
129  239  0003  0.535  0.530  -136  -134  -0.36654  0.21717  10  75
129  251  0004  0.606  0.594   176   177  0.04746  0.30717  10  74
129  211  0005  0.579  0.606     1     2  0.00546  -0.31683  10  74
129  206  0006  0.554  0.540   -25  -174  -0.03654  0.28317  10  73
129  207  0007  0.556  0.540    88  -174  -0.03654  0.28317  9  73
129  208  0008  0.596  0.540    37  -174  -0.03654  0.28317  10  73
129  210  0009  0.570  0.540   -22  -174  -0.03654  0.28317  10  73
129  208  0010  0.540  0.540  -128  -174  -0.03654  0.28317  9  73
129  210  0011  0.598  0.540   -39  -174  -0.03654  0.28317  9  74
129  228  0012  0.629  0.628    10    11  0.10146  -0.32883  10  74
129  284  0013  0.555  0.559   173   172  0.09546  0.28317  9  74
129  207  0014  0.537  0.540   -96  -174  -0.03654  0.28317  9  71
129  210  0015  0.585  0.540    17  -174  -0.03654  0.28317  10  73
129  219  0016  0.517  0.586   164   164  0.17946  0.28317  10  74
129  206  0017  0.547  0.540   -23  -174  -0.03654  0.28317  10  73
129  210  0018  0.577  0.540    15  -174  -0.03654  0.28317  10  74
129  205  0019  0.544  0.540  -118  -174  -0.03654  0.28317  9  73
129  208  0020  0.604  0.540   -27  -174  -0.03654  0.28317  9  73
129  209  0021  0.621  0.540   111  -174  -0.03654  0.28317  9  73
129  207  0022  0.579  0.540  -113  -174  -0.03654  0.28317  9  72
129  211  0023  0.594  0.540   144  -174  -0.03654  0.28317  9  74
129  210  0024  0.554  0.540    19  -174  -0.03654  0.28317  10  74
129  218  0025  0.559  0.615   131   138  0.42546  0.21117  10  75
129  210  0026  0.580  0.540    97  -174  -0.03654  0.28317  9  72
129  264  0027  0.582  0.567  -165  -165  -0.12654  0.29517  9  74
129  205  0028  0.540  0.540   -86  -174  -0.03654  0.28317  9  72
129  222  0029  0.560  0.589    -2    -2  -0.04254  -0.30483  10  74
129  206  0030  0.535  0.540   -55  -174  -0.03654  0.28317  9  73
129  225  0031  0.543  0.586   152   152  0.28746  0.25317  9  74
129  211  0032  0.608  0.540  -126  -174  -0.03654  0.28317  9  73
129  214  0033  0.563  0.582   -10    -9  -0.11454  -0.29283  10  74
129  209  0034  0.511  0.540    42  -174  -0.03654  0.28317  10  73
129  210  0035  0.609  0.540   -48  -174  -0.03654  0.28317  9  73
129  209  0036  0.567  0.540  -133  -174  -0.03654  0.28317  9  74
129  209  0037  0.586  0.540    60  -174  -0.03654  0.28317  9  73
129  208  0038  0.587  0.540  -113  -174  -0.03654  0.28317  9  73
129  279  0039  0.625  0.625    27    28  0.28146  -0.30483  10  73
129  321  0040  0.542  0.539  -173  -173  -0.04254  0.28317  9  74
129  211  0041  0.617  0.540   -79  -174  -0.03654  0.28317  9  72
129  206  0042  0.566  0.540    64  -174  -0.03654  0.28317  9  73
129  209  0043  0.559  0.540  -150  -174  -0.03654  0.28317  10  74
129  212  0044  0.611  0.540   145  -174  -0.03654  0.28317  9  74
129  207  0045  0.540  0.540   117  -174  -0.03654  0.28317  9  72
129  209  0046  0.597  0.540   109  -174  -0.03654  0.28317  9  73
129  263  0047  0.604  0.616     3     3  0.01746  -0.32283  10  74
129  207  0048  0.531  0.540   125  -174  -0.03654  0.28317  9  74
129  220  0049  0.614  0.629    33    29  0.29346  -0.30483  10  74
172  217  0000  0.629  0.620   -12   -13  -0.16254  -0.30483  10  74
172  209  0001  0.613  0.540   110  -174  -0.03654  0.28317  9  73
172  208  0002  0.535  0.540   -27  -174  -0.03654  0.28317  10  74
172  251  0003  0.628  0.624  -142  -142  -0.36054  0.28317  10  74
172  210  0004  0.546  0.588    21    21  0.19746  -0.29883  10  75
172  206  0005  0.536  0.540   -70  -174  -0.03654  0.28317  9  72
172  206  0006  0.519  0.551   138  -174  -0.03654  0.28917  10  74
172  207  0007  0.554  0.540   -72  -174  -0.03654  0.28317  9  71
172  207  0008  0.534  0.540  -107  -174  -0.03654  0.28317  9  72
172  222  0009  0.526  0.516  -121  -118  -0.44454  0.15717  10  74
172  211  0010  0.622  0.540    73  -174  -0.03654  0.28317  9  72
172  206  0011  0.610  0.540   -52  -174  -0.03654  0.28317  9  73
172  206  0012  0.511  0.540    38  -174  -0.03654  0.28317  10  72
172  209  0013  0.561  0.540    75  -174  -0.03654  0.28317  9  72
172  208  0014  0.550  0.540    43  -174  -0.03654  0.28317  10  74
172  229  0015  0.532  0.533  -155  -154  -0.21654  0.26517  10  74
172  209  0016  0.583  0.540    61  -174  -0.03654  0.28317  9  74
172  293  0017  0.614  0.616     5     4  0.02346  -0.32283  10  74
172  209  0018  0.623  0.540   -50  -174  -0.03654  0.28317  9  72
172  211  0019  0.623  0.540    46  -174  -0.03654  0.28317  9  73
172  225  0020  0.618  0.622   -22   -21  -0.24654  -0.28683  10  74
172  211  0021  0.624  0.540  -117  -174  -0.03654  0.28317  9  73
172  206  0022  0.542  0.540  -104  -174  -0.03654  0.28317  9  72
172  242  0023  0.607  0.617    35    34  0.33546  -0.28683  10  74
172  218  0024  0.627  0.629  -148  -146  -0.33054  0.29517  10  74
172  210  0025  0.618  0.540    83  -174  -0.03654  0.28317  9  70
172  208  0026  0.568  0.540   111  -174  -0.03654  0.28317  8  73
172  210  0027  0.518  0.540    -4  -174  -0.03654  0.28317  10  75
172  308  0028  0.611  0.631   -62   -61  -0.56454  -0.11883  9  74
172  240  0029  0.531  0.534    51    50  0.40146  -0.20283  10  74
172  207  0030  0.592  0.540    62  -174  -0.03654  0.28317  9  73
172  253  0031  0.610  0.630   -59   -60  -0.55854  -0.12483  9  74
172  206  0032  0.512  0.540   -21  -174  -0.03654  0.28317  10  74
172  272  0033  0.555  0.565  -168  -166  -0.10854  0.29517  9  75
172  208  0034  0.577  0.540  -129  -174  -0.03654  0.28317  9  73
172  236  0035  0.605  0.624    34    33  0.32946  -0.29283  10  74
172  204  0036  0.530  0.540    63  -174  -0.03654  0.28317  9  73
172  207  0037  0.604  0.540    17  -174  -0.03654  0.28317  10  73
172  210  0038  0.614  0.540   -56  -174  -0.03654  0.28317  9  74
172  289  0039  0.622  0.628    11    11  0.10746  -0.32883  10  74
172  210  0040  0.591  0.540   -94  -174  -0.03654  0.28317  9  73
172  207  0041  0.521  0.540    74  -174  -0.03654  0.28317  9  73
172  210  0042  0.514  0.540    -3  -174  -0.03654  0.28317  10  75
172  204  0043  0.529  0.540   -61  -174  -0.03654  0.28317  9  73
172  207  0044  0.530  0.540   -24  -174  -0.03654  0.28317  10  73
172  278  0045  0.538  0.543    86    86  0.53946  -0.05283  8  73
172  212  0046  0.624  0.540  -129  -174  -0.03654  0.28317  9  73
172  208  0047  0.514  0.540   153  -174  -0.03654  0.28317  10  75
172  224  0048  0.581  0.595   124   126  0.49146  0.15117  9  74
172  245  0049  0.562  0.587   -18   -17  -0.19254  -0.28083  10  74
215  229  0000  0.599  0.612   -48   -46  -0.45654  -0.19083  9  74
215  206  0001  0.566  0.600    59    57  0.49146  -0.20283  9  74
215  207  0002  0.569  0.540   -62  -174  -0.03654  0.28317  8  74
215  243  0003  0.526  0.545   -84   -81  -0.54054  -0.00483  9  73
215  211  0004  0.623  0.629   -47   -46  -0.46854  -0.19683  10  74
215  279  0005  0.590  0.593    24    23  0.21546  -0.29883  9  74
215  205  0006  0.560  0.540  -123  -174  -0.03654  0.28317  9  74
215  366  0007  0.583  0.606   136   137  0.42546  0.20517  9  74
215  209  0008  0.593  0.540   -30  -174  -0.03654  0.28317  10  75
215  286  0009  0.620  0.590  -179   179  0.02346  0.30717  9  73
215  205  0010  0.520  0.540   -40  -174  -0.03654  0.28317  10  73
215  259  0011  0.577  0.622    27    28  0.27546  -0.30483  11  75
215  206  0012  0.521  0.540  -124  -174  -0.03654  0.28317  9  74
215  298  0013  0.613  0.627   117   116  0.56946  0.10917  9  74
215  266  0014  0.542  0.548  -139  -137  -0.35454  0.23517  10  75
215  210  0015  0.624  0.540    78  -174  -0.03654  0.28317  10  70
215  257  0016  0.584  0.615    35    34  0.32946  -0.28683  10  74
215  320  0017  0.576  0.605     3     3  0.01746  -0.31683  10  74
215  206  0018  0.562  0.540  -123  -174  -0.03654  0.28317  9  74
215  212  0019  0.627  0.540    71  -174  -0.03654  0.28317  9  72
215  215  0020  0.523  0.525    41    41  0.33546  -0.22683  10  74
215  285  0021  0.563  0.550  -137  -135  -0.37254  0.22917  9  75
215  207  0022  0.546  0.540   -98  -174  -0.03654  0.28317  9  72
215  309  0023  0.598  0.611    -7    -7  -0.09654  -0.31083  10  75
215  207  0024  0.554  0.540    75  -174  -0.03654  0.28317  9  73
215  283  0025  0.528  0.534    51    50  0.40146  -0.20283  9  74
215  286  0026  0.587  0.601   126   127  0.49146  0.15717  8  74
215  214  0027  0.608  0.628   -24   -22  -0.25854  -0.28683  10  75
215  281  0028  0.532  0.544   -30   -30  -0.28854  -0.22683  10  74
215  205  0029  0.548  0.540  -108  -174  -0.03654  0.28317  8  73
215  206  0030  0.529  0.540   143  -174  -0.03654  0.28317  10  75
215  272  0031  0.606  0.630  -162  -162  -0.16854  0.32517  10  75
215  226  0032  0.534  0.560   -21   -19  -0.20454  -0.26283  10  74
215  209  0033  0.596  0.540  -106  -174  -0.03654  0.28317  9  74
215  295  0034  0.611  0.616     6     4  0.02946  -0.32283  10  74
215  294  0035  0.530  0.542   165   165  0.14946  0.26517  10  75
215  252  0036  0.600  0.615   145   145  0.36546  0.24117  9  75
215  254  0037  0.538  0.593     3     3  0.01746  -0.31083  10  75
215  207  0038  0.610  0.540   -89  -174  -0.03654  0.28317  9  73
215  279  0039  0.601  0.628    10    11  0.10146  -0.32883  10  75
215  313  0040  0.613  0.574  -174  -174  -0.03654  0.30117  9  73
215  207  0041  0.576  0.540    54  -174  -0.03654  0.28317  9  73
215  207  0042  0.542  0.540    56  -174  -0.03654  0.28317  9  73
215  206  0043  0.562  0.540   -90  -174  -0.03654  0.28317  8  73
215  206  0044  0.618  0.545    38   178  0.02946  0.28317  9  73
215  202  0045  0.511  0.540   110  -174  -0.03654  0.28317  9  73
215  206  0046  0.573  0.540    43  -174  -0.03654  0.28317  10  74
215  304  0047  0.509  0.514    21    20  0.16146  -0.26283  10  75
215  343  0048  0.620  0.626   -65   -63  -0.57054  -0.10683  9  74
215  347  0049  0.625  0.626   -63   -63  -0.57054  -0.10683  9  74
258  208  0000  0.616  0.540    95  -174  -0.03654  0.28317  9  73
258  413  0001  0.578  0.586   164   164  0.17946  0.28317  9  75
258  278  0002  0.613  0.627  -136  -136  -0.41454  0.26517  10  74
258  334  0003  0.617  0.594   173   172  0.10146  0.30117  9  74
258  312  0004  0.529  0.515    21    20  0.16746  -0.26283  10  76
258  210  0005  0.598  0.540   -74  -174  -0.03654  0.28317  9  73
258  288  0006  0.549  0.535     7     7  0.05346  -0.28083  10  76
258  205  0007  0.579  0.540   -84  -174  -0.03654  0.28317  8  74
258  324  0008  0.612  0.621  -169  -169  -0.09654  0.32517  10  75
258  441  0009  0.513  0.534   179   178  0.02946  0.27717  9  74
258  227  0010  0.543  0.545  -129  -130  -0.40254  0.21117  9  75
258  210  0011  0.625  0.540    46  -174  -0.03654  0.28317  9  73
258  206  0012  0.547  0.540   -97  -174  -0.03654  0.28317  8  73
258  244  0013  0.535  0.542   -61   -60  -0.48054  -0.10683  8  74
258  250  0014  0.548  0.553   -58   -58  -0.48054  -0.11883  8  74
258  204  0015  0.534  0.540   103  -174  -0.03654  0.28317  8  72
258  226  0016  0.570  0.609   -65   -63  -0.55254  -0.10683  8  74
258  207  0017  0.617  0.540   -96  -174  -0.03654  0.28317  9  72
258  366  0018  0.540  0.513    10     9  0.07146  -0.26883  10  76
258  297  0019  0.607  0.602  -156  -155  -0.23454  0.30117  10  74
258  251  0020  0.536  0.541  -129  -130  -0.39654  0.21117  9  75
258  256  0021  0.629  0.619   175   176  0.05946  0.31917  10  75
258  284  0022  0.582  0.613    57    55  0.49146  -0.21483  9  74
258  280  0023  0.558  0.553    48    49  0.40746  -0.21483  9  75
258  248  0024  0.576  0.581   -55   -56  -0.49254  -0.13683  9  74
258  205  0025  0.579  0.540    53  -174  -0.03654  0.28317  9  74
258  281  0026  0.611  0.617  -114  -113  -0.55854  0.16317  9  74
258  207  0027  0.597  0.540   107  -174  -0.03654  0.28317  9  73
258  392  0028  0.520  0.547   172   171  0.09546  0.27717  9  75
258  372  0029  0.585  0.579  -165  -164  -0.13254  0.30117  9  75
258  239  0030  0.515  0.528   111   111  0.49746  0.06717  9  74
258  212  0031  0.540  0.534    96    91  0.53346  -0.02883  8  73
258  367  0032  0.581  0.612    29    28  0.27546  -0.29883  10  74
258  237  0033  0.551  0.558   -60   -58  -0.48654  -0.11883  8  75
258  277  0034  0.604  0.615     7     5  0.03546  -0.32283  10  75
258  393  0035  0.604  0.602   163   163  0.19146  0.28917  9  74
258  209  0036  0.571  0.540   -88  -174  -0.03654  0.28317  8  75
258  382  0037  0.629  0.631   -62   -61  -0.56454  -0.11883  9  74
258  241  0038  0.510  0.529   -78   -79  -0.52254  -0.01683  9  73
258  205  0039  0.575  0.540   100  -174  -0.03654  0.28317  8  73
258  220  0040  0.619  0.627    17    18  0.17946  -0.32283  10  74
258  208  0041  0.617  0.540   -95  -174  -0.03654  0.28317  9  72
258  305  0042  0.537  0.514    13    12  0.08946  -0.26883  11  76
258  242  0043  0.576  0.595  -106  -108  -0.55854  0.13317  9  74
258  279  0044  0.615  0.612  -152  -152  -0.26454  0.30117  10  75
258  200  0045  0.512  0.540    67  -174  -0.03654  0.28317  8  73
258  288  0046  0.600  0.613  -110  -110  -0.56454  0.15117  9  74
258  282  0047  0.584  0.592   142   141  0.38346  0.21717  9  75
258  278  0048  0.530  0.550    26    25  0.21546  -0.27483  10  75
258  203  0049  0.542  0.540   103  -174  -0.03654  0.28317  8  72
301  305  0000  0.608  0.614  -109  -109  -0.57054  0.14517  9  74
301  372  0001  0.571  0.588   129   129  0.46746  0.16317  8  76
301  210  0002  0.545  0.553   105   106  0.53346  0.04917  8  73
301  227  0003  0.544  0.528  -158  -155  -0.19854  0.26517  11  76
301  206  0004  0.592  0.540  -101  -174  -0.03654  0.28317  9  74
301  327  0005  0.622  0.628   144   144  0.38346  0.24117  9  76
301  210  0006  0.598  0.606   -81   -80  -0.60054  -0.01083  8  75
301  440  0007  0.595  0.625    29    28  0.28146  -0.30483  10  74
301  396  0008  0.568  0.569  -163  -163  -0.13854  0.29517  9  75
301  319  0009  0.551  0.582   -36   -34  -0.34854  -0.22683  9  75
301  341  0010  0.569  0.567   -29   -29  -0.29454  -0.23883  9  75
301  320  0011  0.587  0.621  -160  -161  -0.18054  0.31917  10  75
301  205  0012  0.553  0.540   -71  -174  -0.03654  0.28317  8  73
301  349  0013  0.592  0.608  -171  -171  -0.07254  0.31917  10  76
301  340  0014  0.558  0.559    83    83  0.55146  -0.07083  7  73
301  220  0015  0.513  0.524   -71   -70  -0.49854  -0.05883  8  74
301  260  0016  0.531  0.535    28    27  0.23346  -0.26283  10  75
301  332  0017  0.538  0.571   147   148  0.31146  0.23517  9  76
301  408  0018  0.591  0.578  -179  -179  0.01746  0.30117  8  75
301  203  0019  0.538  0.540   119  -174  -0.03654  0.28317  8  75
301  209  0020  0.588  0.540   119  -174  -0.03654  0.28317  8  75
301  421  0021  0.578  0.567  -165  -165  -0.12654  0.29517  8  75
301  401  0022  0.588  0.601    -3    -2  -0.04854  -0.31083  10  75
301  305  0023  0.591  0.607  -113  -112  -0.55254  0.15717  8  74
301  309  0024  0.608  0.625   -70   -67  -0.58254  -0.08883  9  74
301  337  0025  0.534  0.541    80    82  0.53346  -0.07083  7  74
301  284  0026  0.573  0.576  -157  -155  -0.21654  0.28917  10  75
301  357  0027  0.522  0.535   -10    -9  -0.10854  -0.26883  10  75
301  352  0028  0.514  0.532    84    85  0.52746  -0.05883  7  74
301  296  0029  0.630  0.631  -149  -148  -0.31254  0.30117  10  75
301  360  0030  0.619  0.612  -167  -166  -0.12054  0.31917  9  75
301  351  0031  0.621  0.621  -161  -161  -0.18054  0.31917  10  74
301  389  0032  0.621  0.623    -2    -1  -0.04254  -0.32283  10  75
301  426  0033  0.568  0.593   151   151  0.29946  0.25317  8  76
301  358  0034  0.556  0.587    -1    -1  -0.03054  -0.30483  10  76
301  439  0035  0.595  0.625    29    28  0.28146  -0.30483  10  74
301  356  0036  0.550  0.562  -152  -152  -0.24054  0.27717  9  75
301  415  0037  0.613  0.628   -66   -64  -0.57654  -0.10083  9  74
301  228  0038  0.527  0.530   116   113  0.49146  0.07917  8  75
301  275  0039  0.578  0.604   -24   -22  -0.25254  -0.27483  10  75
301  312  0040  0.615  0.630   112   114  0.58146  0.09717  9  74
301  218  0041  0.590  0.596   -80   -79  -0.58854  -0.01683  8  74
301  238  0042  0.574  0.566    51    50  0.42546  -0.21483  9  75
301  205  0043  0.549  0.540    57  -174  -0.03654  0.28317  9  74
301  257  0044  0.560  0.566   -88   -86  -0.56454  0.01917  7  74
301  250  0045  0.547  0.543   114   112  0.50946  0.07317  7  75
301  321  0046  0.550  0.562   138   138  0.38946  0.19317  8  76
301  410  0047  0.615  0.612   160   158  0.23946  0.28317  9  75
301  286  0048  0.602  0.621   -24   -23  -0.26454  -0.28083  10  75
301  295  0049  0.511  0.526    82    84  0.52146  -0.05883  7  74
344  393  0000  0.602  0.608   -19   -18  -0.21654  -0.28683  9  75
344  498  0001  0.514  0.528  -172  -172  -0.04854  0.27717  9  76
344  327  0002  0.601  0.606   -25   -25  -0.27654  -0.26883  9  75
344  351  0003  0.563  0.565    16    16  0.13746  -0.29283  9  76
344  495  0004  0.614  0.618   158   157  0.25146  0.28317  9  75
344  209  0005  0.595  0.540    87  -174  -0.03654  0.28317  8  71
344  339  0006  0.533  0.543    67    67  0.49146  -0.14283  8  74
344  231  0007  0.585  0.579    78    79  0.56346  -0.09483  9  72
344  396  0008  0.600  0.607   127   126  0.49746  0.15717  8  74
344  317  0009  0.541  0.577   -38   -36  -0.35454  -0.22083  9  75
344  250  0010  0.592  0.594    89    91  0.59346  -0.02883  8  73
344  322  0011  0.584  0.612   113   114  0.56346  0.09717  7  75
344  406  0012  0.534  0.562   158   158  0.22146  0.25917  8  76
344  440  0013  0.511  0.521  -131  -131  -0.37854  0.20517  9  75
344  486  0014  0.589  0.605   158   157  0.24546  0.27717  9  76
344  390  0015  0.569  0.587   -14   -14  -0.16254  -0.28683  9  76
344  375  0016  0.520  0.534    82    83  0.52746  -0.06483  7  74
344  360  0017  0.552  0.533    18    18  0.14946  -0.27483  10  76
344  386  0018  0.524  0.534    82    83  0.52746  -0.06483  7  74
344  283  0019  0.554  0.565   -52   -49  -0.44454  -0.16083  8  75
344  246  0020  0.592  0.600   101    99  0.59346  0.01317  8  74
344  411  0021  0.586  0.607     1     1  -0.00654  -0.31683  10  76
344  254  0022  0.564  0.571   108   108  0.54546  0.06117  7  74
344  374  0023  0.542  0.554    22    22  0.19146  -0.28083  9  76
344  349  0024  0.610  0.620   -41   -41  -0.42654  -0.21483  9  75
344  313  0025  0.532  0.534    95    92  0.53346  -0.02283  7  74
344  336  0026  0.550  0.585   -39   -36  -0.36654  -0.22083  8  75
344  278  0027  0.567  0.575   -95   -94  -0.57054  0.06117  7  74
344  500  0028  0.527  0.547   177   177  0.04146  0.28317  9  75
344  219  0029  0.509  0.527    65    64  0.46746  -0.14883  9  74
344  361  0030  0.533  0.547   -14   -13  -0.14454  -0.26883  10  76
344  356  0031  0.614  0.621  -139  -139  -0.39054  0.27117  9  75
344  310  0032  0.565  0.558    51    51  0.42546  -0.20883  9  75
344  452  0033  0.624  0.627   156   156  0.26946  0.28317  9  76
344  309  0034  0.512  0.510   140   139  0.34146  0.18117  10  76
344  233  0035  0.550  0.573    58    57  0.47346  -0.19083  9  75
344  374  0036  0.623  0.621   -42   -43  -0.43854  -0.20883  9  74
344  409  0037  0.589  0.596   127   127  0.48546  0.15717  7  75
344  243  0038  0.586  0.600    74    73  0.56946  -0.12483  9  73
344  354  0039  0.618  0.623  -148  -147  -0.31854  0.29517  10  75
344  407  0040  0.512  0.518    51    50  0.38946  -0.19683  9  75
344  418  0041  0.630  0.624  -143  -142  -0.36054  0.28317  9  74
344  272  0042  0.572  0.573    77    78  0.55746  -0.09483  8  73
344  226  0043  0.531  0.532   119   118  0.47346  0.10317  7  76
344  394  0044  0.583  0.608   -38   -35  -0.37254  -0.23283  9  75
344  256  0045  0.549  0.560   -64   -63  -0.51054  -0.09483  7  75
344  273  0046  0.516  0.527  -126  -127  -0.40854  0.19317  9  75
344  300  0047  0.527  0.539    39    39  0.32946  -0.23883  10  74
344  425  0048  0.521  0.514    20    20  0.16146  -0.26283  10  76
344  404  0049  0.559  0.594   135   136  0.41946  0.19917  8  76
387  348  0000  0.546  0.555   -87   -84  -0.55254  0.00717  6  74
387  433  0001  0.601  0.592  -164  -163  -0.14454  0.30717  9  75
387  358  0002  0.564  0.575  -127  -127  -0.44454  0.21117  8  76
387  369  0003  0.565  0.561    46    46  0.39546  -0.22683  8  76
387  379  0004  0.550  0.558    65    65  0.49746  -0.15483  7  75
387  293  0005  0.571  0.562    52    52  0.43146  -0.20883  8  76
387  523  0006  0.595  0.604   156   156  0.26346  0.27117  8  76
387  387  0007  0.608  0.625  -159  -159  -0.19854  0.31917  10  75
387  452  0008  0.572  0.582    24    23  0.21546  -0.29283  9  76
387  286  0009  0.542  0.538   -73   -74  -0.52254  -0.04083  7  74
387  452  0010  0.628  0.630    -5    -5  -0.07854  -0.32283  10  75
387  385  0011  0.532  0.530  -116  -115  -0.46854  0.15117  7  75
387  437  0012  0.570  0.586     0     0  -0.02454  -0.30483  10  76
387  309  0013  0.586  0.590   -90   -89  -0.58854  0.03717  7  75
387  469  0014  0.609  0.614    -8    -8  -0.10854  -0.31083  10  75
387  419  0015  0.548  0.569     6     5  0.03546  -0.29883  10  76
387  397  0016  0.546  0.562  -144  -144  -0.31254  0.25917  9  77
387  340  0017  0.567  0.565  -132  -131  -0.40854  0.22317  8  76
387  384  0018  0.624  0.628   -23   -22  -0.25854  -0.28683  10  75
387  501  0019  0.576  0.602   137   137  0.41946  0.20517  8  76
387  391  0020  0.515  0.523    57    56  0.42546  -0.17883  9  74
387  223  0021  0.533  0.554   -91   -91  -0.55254  0.04317  8  73
387  376  0022  0.592  0.614   112   113  0.56946  0.09117  7  75
387  300  0023  0.594  0.613   -73   -72  -0.58854  -0.05883  8  74
387  440  0024  0.615  0.630    52    52  0.48546  -0.23283  8  74
387  304  0025  0.590  0.593    41    41  0.37746  -0.25683  9  75
387  536  0026  0.583  0.574  -175  -174  -0.03054  0.30117  8  75
387  432  0027  0.541  0.566   153   153  0.26946  0.24717  8  77
387  434  0028  0.518  0.516   124   123  0.43746  0.12117  8  76
387  313  0029  0.607  0.618   -73   -72  -0.59454  -0.05883  8  74
387  305  0030  0.533  0.538   -65   -64  -0.49254  -0.08883  6  75
387  215  0031  0.511  0.531   -94   -98  -0.52254  0.07317  8  72
387  249  0032  0.580  0.578    87    88  0.57546  -0.04683  7  72
387  431  0033  0.590  0.602   -46   -45  -0.44454  -0.19083  8  75
387  380  0034  0.530  0.539    70    69  0.49746  -0.13083  7  74
387  388  0035  0.513  0.533    -4    -3  -0.05454  -0.27483  10  76
387  450  0036  0.586  0.602  -141  -141  -0.35454  0.27117  9  77
387  407  0037  0.605  0.619  -119  -119  -0.52854  0.19317  8  74
387  365  0038  0.538  0.540  -123  -122  -0.44454  0.18117  7  76
387  326  0039  0.585  0.596  -104  -104  -0.57054  0.11517  8  75
387  257  0040  0.602  0.607  -102  -101  -0.58854  0.10317  9  75
387  461  0041  0.564  0.580    -4    -4  -0.06054  -0.29883  9  76
387  417  0042  0.540  0.546   -28   -28  -0.27654  -0.23283  9  75
387  462  0043  0.606  0.600  -167  -166  -0.11454  0.31317  9  75
387  368  0044  0.514  0.512    31    31  0.25146  -0.24483  11  75
387  286  0045  0.520  0.522   117   116  0.47346  0.09117  7  76
387  423  0046  0.542  0.545   -32   -32  -0.30654  -0.22083  9  76
387  367  0047  0.538  0.556   124   125  0.46146  0.13917  7  76
387  279  0048  0.620  0.620   123   122  0.53346  0.13917  9  74
387  435  0049  0.579  0.610    28    28  0.26946  -0.29883  10  75
429  401  0000  0.614  0.620  -109  -109  -0.57654  0.14517  8  75
429  483  0001  0.546  0.553   -29   -29  -0.28854  -0.23283  9  76
429  599  0002  0.542  0.551   171   170  0.10746  0.27717  9  77
429  479  0003  0.524  0.526    49    49  0.38946  -0.20283  9  76
429  380  0004  0.543  0.545   112   110  0.51546  0.06717  5  75
429  352  0005  0.545  0.550    76    78  0.53346  -0.09483  7  75
429  299  0006  0.618  0.626   -80   -79  -0.61854  -0.01683  9  74
429  515  0007  0.625  0.627   -32   -33  -0.36054  -0.25083  8  75
429  325  0008  0.544  0.557   -94   -94  -0.55254  0.06117  6  73
429  289  0009  0.625  0.630  -105  -105  -0.60054  0.12717  10  73
429  449  0010  0.559  0.571   139   138  0.38946  0.19917  8  77
429  386  0011  0.593  0.603   -57   -57  -0.51654  -0.13683  7  76
429  364  0012  0.555  0.565   -99   -99  -0.55254  0.08517  7  74
429  406  0013  0.540  0.544    70    69  0.50346  -0.13083  7  75
429  354  0014  0.621  0.629    47    47  0.44946  -0.25083  9  75
429  349  0015  0.576  0.578   -79   -79  -0.57054  -0.01683  6  75
429  519  0016  0.625  0.627   155   154  0.28746  0.27717  8  75
429  422  0017  0.602  0.603   -26   -26  -0.28854  -0.26283  9  75
429  302  0018  0.627  0.626   -91   -90  -0.62454  0.04317  10  73
429  449  0019  0.543  0.552    15    15  0.12546  -0.28683  9  77
429  434  0020  0.553  0.553    47    47  0.39546  -0.22083  8  76
429  456  0021  0.578  0.589   -12   -11  -0.13854  -0.29283  9  77
429  344  0022  0.578  0.587  -101  -101  -0.57054  0.09717  8  75
429  417  0023  0.591  0.604    26    26  0.25146  -0.29883  9  76
429  461  0024  0.596  0.620  -161  -161  -0.17454  0.31917  10  76
429  400  0025  0.513  0.519   -45   -45  -0.37854  -0.16683  9  75
429  612  0026  0.553  0.558   178   178  0.03546  0.28917  8  77
429  383  0027  0.521  0.518   132   130  0.40146  0.15117  9  78
429  397  0028  0.525  0.540   140   140  0.35946  0.19317  9  76
429  376  0029  0.589  0.593   -53   -54  -0.49254  -0.14883  7  75
429  428  0030  0.554  0.568   -46   -45  -0.42054  -0.17883  7  76
429  309  0031  0.595  0.599   -99   -98  -0.58854  0.08517  8  75
429  534  0032  0.571  0.579   166   165  0.16146  0.28317  8  77
429  312  0033  0.610  0.619  -105  -105  -0.58854  0.12717  9  75
429  452  0034  0.589  0.609    56    54  0.48546  -0.21483  7  74
429  490  0035  0.591  0.600   -14   -14  -0.16854  -0.29283  9  76
429  458  0036  0.518  0.551   160   160  0.19746  0.25917  8  76
429  455  0037  0.524  0.536  -147  -146  -0.27654  0.25317  9  77
429  417  0038  0.527  0.539   -21   -20  -0.20454  -0.25083  9  76
429  367  0039  0.609  0.625  -133  -133  -0.43854  0.25317  8  75
429  371  0040  0.571  0.565    83    83  0.55746  -0.07083  6  72
429  468  0041  0.598  0.612  -140  -140  -0.37254  0.27117  9  77
429  498  0042  0.561  0.581     4     4  0.02346  -0.30483  9  76
429  571  0043  0.609  0.621   157   157  0.25746  0.28317  9  77
429  568  0044  0.587  0.586   171   170  0.11346  0.29517  8  76
429  426  0045  0.525  0.527  -122  -120  -0.44454  0.16917  8  76
429  376  0046  0.533  0.526   131   128  0.41946  0.14517  8  79
429  467  0047  0.554  0.553  -133  -133  -0.39054  0.22317  8  77
429  353  0048  0.579  0.577    50    50  0.43146  -0.22083  8  76
429  537  0049  0.576  0.602   137   137  0.41946  0.20517  7  77
472  435  0000  0.570  0.589    58    57  0.48546  -0.19683  7  75
472  450  0001  0.573  0.577    47    46  0.40746  -0.23283  8  76
472  378  0002  0.610  0.619   -74   -74  -0.60054  -0.04683  8  74
472  484  0003  0.552  0.563    21    21  0.18546  -0.28683  9  77
472  418  0004  0.522  0.531  -111  -111  -0.48654  0.13317  7  75
472  486  0005  0.528  0.538  -149  -149  -0.25854  0.25917  9  77
472  286  0006  0.589  0.591    80    79  0.57546  -0.09483  8  72
472  416  0007  0.522  0.537   -85   -83  -0.53454  0.00117  6  73
472  406  0008  0.551  0.554    70    69  0.50946  -0.13683  6  75
472  452  0009  0.628  0.629  -119  -118  -0.54054  0.19317  9  75
472  367  0010  0.552  0.556  -114  -114  -0.49854  0.15117  7  76
472  474  0011  0.597  0.611    58    56  0.49746  -0.20883  7  75
472  411  0012  0.585  0.596    97    96  0.59346  -0.00483  5  75
472  414  0013  0.519  0.529   -37   -35  -0.32454  -0.20283  9  76
472  548  0014  0.608  0.615   -15   -15  -0.18054  -0.29883  9  76
472  512  0015  0.589  0.594   133   132  0.44946  0.18117  7  78
472  426  0016  0.564  0.582    59    58  0.48546  -0.19083  7  75
472  509  0017  0.562  0.575    21    21  0.19146  -0.29283  9  77
472  559  0018  0.549  0.571   165   164  0.16746  0.27717  8  78
472  352  0019  0.546  0.551   -70   -69  -0.52254  -0.06483  6  75
472  323  0020  0.625  0.630   -81   -80  -0.62454  -0.01083  10  74
472  581  0021  0.582  0.597   138   138  0.41346  0.20517  7  76
472  500  0022  0.603  0.616    10    10  0.09546  -0.32283  10  77
472  448  0023  0.536  0.540    93    91  0.53946  -0.02883  5  75
472  489  0024  0.613  0.616   -12   -12  -0.15054  -0.30483  9  76
472  521  0025  0.589  0.596   127   127  0.48546  0.15717  6  75
472  566  0026  0.549  0.556   174   173  0.08346  0.28317  9  79
472  533  0027  0.544  0.550   -11   -10  -0.12054  -0.27483  9  77
472  432  0028  0.565  0.576    60    59  0.48546  -0.18483  7  76
472  589  0029  0.578  0.593   155   155  0.26346  0.26517  8  78
472  479  0030  0.549  0.563    21    21  0.18546  -0.28683  9  77
472  445  0031  0.617  0.623  -150  -149  -0.29454  0.30117  9  76
472  512  0032  0.552  0.569   -16   -15  -0.17454  -0.27483  9  77
472  411  0033  0.599  0.617    51    51  0.46746  -0.23283  8  75
472  437  0034  0.513  0.529   -79   -79  -0.52254  -0.01683  7  74
472  448  0035  0.533  0.547    66    66  0.49146  -0.14883  6  75
472  468  0036  0.610  0.625  -159  -159  -0.19854  0.31917  10  76
472  461  0037  0.567  0.573    48    48  0.41346  -0.22683  8  77
472  617  0038  0.548  0.554   169   169  0.11946  0.27717  9  78
472  519  0039  0.521  0.527  -161  -161  -0.15054  0.27117  9  76
472  439  0040  0.538  0.540  -115  -115  -0.48054  0.15117  7  75
472  519  0041  0.517  0.526   -34   -33  -0.30654  -0.20883  9  76
472  510  0042  0.587  0.603   -38   -37  -0.37854  -0.22683  7  76
472  537  0043  0.598  0.612   -37   -36  -0.37854  -0.23283  7  76
472  523  0044  0.558  0.582     3     3  0.01146  -0.30483  9  77
472  523  0045  0.611  0.619  -146  -145  -0.33054  0.28917  9  76
472  464  0046  0.622  0.628   -23   -22  -0.25854  -0.28683  9  75
472  577  0047  0.627  0.631    27    27  0.26946  -0.31083  9  74
472  451  0048  0.619  0.630  -135  -136  -0.42054  0.26517  8  75
472  586  0049  0.528  0.513    10     9  0.07146  -0.26883  10  78
515  512  0000  0.607  0.619  -110  -110  -0.57054  0.15117  7  76
515  604  0001  0.530  0.537  -162  -162  -0.14454  0.27717  9  77
515  388  0002  0.511  0.528   -97   -99  -0.51654  0.07917  6  73
515  474  0003  0.537  0.540  -160  -160  -0.16254  0.27717  9  77
515  459  0004  0.598  0.601    94    94  0.59946  -0.01683  5  75
515  455  0005  0.547  0.550  -116  -115  -0.48654  0.15717  6  76
515  561  0006  0.514  0.517   -34   -34  -0.30654  -0.20283  9  77
515  413  0007  0.614  0.619    59    58  0.51546  -0.20283  8  76
515  588  0008  0.609  0.614    -8    -8  -0.10854  -0.31083  9  76
515  575  0009  0.615  0.617    -5    -4  -0.07254  -0.31683  10  77
515  592  0010  0.551  0.563   175   175  0.06546  0.28917  9  79
515  545  0011  0.538  0.545  -139  -138  -0.34854  0.23517  9  79
515  553  0012  0.623  0.625   -19   -19  -0.22854  -0.29283  9  75
515  356  0013  0.570  0.583   101   100  0.57546  0.01917  5  75
515  237  0014  0.628  0.629    86    84  0.62346  -0.07083  11  72
515  391  0015  0.598  0.607   101   100  0.59946  0.01917  6  75
515  535  0016  0.627  0.630   -10    -9  -0.12654  -0.31683  10  76
515  393  0017  0.513  0.524   104   104  0.50946  0.03717  6  75
515  423  0018  0.630  0.622    16    15  0.14946  -0.32283  9  75
515  485  0019  0.511  0.516    95    93  0.51546  -0.01683  6  76
515  497  0020  0.514  0.519    27    26  0.21546  -0.25683  10  77
515  584  0021  0.588  0.610    28    28  0.26946  -0.29883  9  75
515  437  0022  0.574  0.584   -90   -89  -0.58254  0.03717  5  76
515  603  0023  0.600  0.617   -36   -35  -0.37254  -0.23883  7  76
515  561  0024  0.619  0.620  -171  -170  -0.07854  0.32517  10  76
515  348  0025  0.550  0.547   -72   -73  -0.52854  -0.04683  6  75
515  625  0026  0.580  0.586   159   159  0.22746  0.27117  8  78
515  436  0027  0.548  0.560   -88   -86  -0.55854  0.01917  5  75
515  520  0028  0.547  0.567   125   126  0.46746  0.14517  5  78
515  653  0029  0.584  0.586   171   170  0.11346  0.29517  8  77
515  390  0030  0.549  0.560   118   117  0.50346  0.10317  5  77
515  430  0031  0.574  0.571    79    79  0.55746  -0.08883  7  73
515  373  0032  0.535  0.548   -89   -86  -0.54654  0.01917  6  75
515  486  0033  0.524  0.530    40    40  0.32946  -0.23283  10  75
515  550  0034  0.532  0.525    20    19  0.16146  -0.26883  10  78
515  471  0035  0.590  0.593     9     9  0.07746  -0.31083  9  77
515  536  0036  0.613  0.612   135   135  0.44346  0.19917  7  76
515  486  0037  0.623  0.630   -29   -28  -0.31854  -0.26883  9  77
515  502  0038  0.599  0.604     7     6  0.04746  -0.31683  10  77
515  500  0039  0.514  0.515   121   121  0.44946  0.10917  7  77
515  528  0040  0.548  0.557  -145  -145  -0.30054  0.25917  9  78
515  565  0041  0.554  0.570     5     4  0.02946  -0.29883  9  77
515  365  0042  0.622  0.630   -81   -80  -0.62454  -0.01083  9  74
515  545  0043  0.519  0.521  -120  -119  -0.44454  0.16317  7  76
515  533  0044  0.567  0.574    15    14  0.12546  -0.29883  9  77
515  484  0045  0.587  0.595   -31   -31  -0.32454  -0.24483  7  77
515  594  0046  0.525  0.514    12    12  0.08946  -0.26883  10  79
515  510  0047  0.601  0.614    66    66  0.55146  -0.16683  7  75
515  517  0048  0.599  0.614  -119  -119  -0.52254  0.19317  7  75
515  463  0049  0.559  0.569   -25   -25  -0.26454  -0.25083  9  77
558  517  0000  0.538  0.545   143   143  0.34146  0.20517  8  79
558  551  0001  0.549  0.547    19    19  0.16146  -0.28083  9  78
558  588  0002  0.610  0.620    36    35  0.34146  -0.28683  9  75
558  519  0003  0.586  0.592   -55   -55  -0.49854  -0.14283  5  76
558  564  0004  0.523  0.535     6     6  0.04146  -0.28083  10  78
558  434  0005  0.607  0.614  -105  -106  -0.58254  0.12717  8  76
558  411  0006  0.620  0.631    93    93  0.62946  -0.02283  9  74
558  448  0007  0.593  0.603   120   120  0.52746  0.12717  6  77
558  441  0008  0.615  0.626   -85   -85  -0.62454  0.01317  8  75
558  572  0009  0.595  0.609   -22   -21  -0.24054  -0.28083  9  77
558  661  0010  0.530  0.533  -134  -133  -0.37254  0.21717  8  78
558  489  0011  0.569  0.582  -106  -106  -0.55254  0.12117  6  76
558  514  0012  0.523  0.531   141   141  0.34746  0.19317  8  78
558  528  0013  0.577  0.585   -49   -48  -0.45054  -0.17283  6  76
558  469  0014  0.570  0.579  -100  -100  -0.56454  0.09117  6  75
558  501  0015  0.516  0.530  -127  -128  -0.40254  0.19917  8  77
558  518  0016  0.567  0.575    61    60  0.49146  -0.17883  6  77
558  631  0017  0.548  0.563   175   175  0.06546  0.28917  9  80
558  499  0018  0.555  0.556  -123  -122  -0.45654  0.18717  6  78
558  467  0019  0.518  0.530   -58   -58  -0.46254  -0.11283  6  76
558  499  0020  0.580  0.582   -54   -54  -0.48654  -0.14283  6  77
558  478  0021  0.528  0.536  -104  -103  -0.51654  0.09717  5  75
558  602  0022  0.630  0.629   169   168  0.14346  0.31317  10  77
558  533  0023  0.578  0.593    59    58  0.49146  -0.19683  6  76
558  437  0024  0.607  0.619   103   103  0.60546  0.03717  7  75
558  704  0025  0.576  0.591   163   163  0.19146  0.28317  8  78
558  668  0026  0.583  0.585  -173  -173  -0.04854  0.30717  8  78
558  604  0027  0.578  0.592     6     5  0.03546  -0.31083  9  78
558  349  0028  0.530  0.548   -91   -91  -0.54654  0.04317  6  75
558  473  0029  0.570  0.578   -87   -86  -0.57654  0.01917  4  77
558  519  0030  0.549  0.558  -124  -124  -0.45054  0.19317  6  78
558  470  0031  0.520  0.529   -73   -73  -0.51054  -0.04683  5  75
558  473  0032  0.629  0.629   -47   -46  -0.46854  -0.19683  9  75
558  533  0033  0.557  0.564   -58   -57  -0.48654  -0.12483  5  77
558  445  0034  0.517  0.522   117   116  0.47346  0.09117  6  77
558  576  0035  0.533  0.543  -148  -148  -0.27054  0.25917  9  78
558  594  0036  0.545  0.553  -139  -138  -0.34854  0.24117  8  80
558  521  0037  0.543  0.554   144   143  0.34146  0.21117  7  79
558  608  0038  0.594  0.607    14    13  0.11946  -0.31683  9  77
558  403  0039  0.530  0.546   -94   -95  -0.54054  0.06117  6  74
558  548  0040  0.561  0.561    50    50  0.41946  -0.21483  7  77
558  456  0041  0.570  0.584    68    66  0.52746  -0.15483  6  76
558  636  0042  0.586  0.603   -36   -35  -0.36654  -0.23283  7  76
558  582  0043  0.612  0.621   -43   -43  -0.43854  -0.20883  7  76
558  539  0044  0.586  0.599  -108  -109  -0.55854  0.13917  6  76
558  595  0045  0.597  0.603   128   128  0.48546  0.16317  6  76
558  374  0046  0.557  0.567    98    97  0.56346  0.00117  5  76
558  559  0047  0.513  0.514   143   142  0.32346  0.19317  9  78
558  303  0048  0.591  0.592    82    81  0.58146  -0.08283  7  72
558  604  0049  0.627  0.629   -15   -15  -0.18654  -0.30483  9  76
601  569  0000  0.522  0.537   -17   -17  -0.17454  -0.25683  9  78
601  476  0001  0.595  0.608   -80   -79  -0.60054  -0.01683  5  77
601  552  0002  0.544  0.548   -77   -79  -0.54054  -0.01683  4  75
601  545  0003  0.551  0.567    37    37  0.32946  -0.25683  9  77
601  675  0004  0.591  0.606    13    12  0.11346  -0.31683  9  78
601  691  0005  0.524  0.529   166   166  0.14346  0.25917  9  80
601  580  0006  0.537  0.550     1     0  -0.01254  -0.28683  10  79
601  656  0007  0.565  0.582   -16   -16  -0.18054  -0.28083  8  78
601  501  0008  0.611  0.627   107   106  0.60546  0.05517  7  76
601  670  0009  0.537  0.543  -137  -136  -0.36054  0.22917  8  80
601  474  0010  0.557  0.566   118   117  0.50946  0.10317  4  78
601  680  0011  0.603  0.614   -33   -33  -0.35454  -0.24483  7  76
601  563  0012  0.549  0.556    27    26  0.23346  -0.27483  9  78
601  677  0013  0.552  0.566   151   151  0.28746  0.24117  7  80
601  580  0014  0.592  0.602  -113  -112  -0.54654  0.15717  6  76
601  641  0015  0.613  0.619   176   176  0.05946  0.31917  10  78
601  582  0016  0.538  0.550   -49   -48  -0.42654  -0.16083  6  77
601  533  0017  0.628  0.630   113   114  0.58146  0.09717  9  75
601  636  0018  0.564  0.574  -142  -142  -0.33654  0.25917  8  80
601  612  0019  0.603  0.613   147   147  0.34746  0.24717  7  78
601  592  0020  0.555  0.556    86    85  0.55146  -0.05883  4  75
601  630  0021  0.613  0.620  -162  -161  -0.17454  0.31917  9  76
601  510  0022  0.556  0.565   -89   -88  -0.56454  0.03117  4  77
601  604  0023  0.572  0.590   146   146  0.34146  0.23517  7  80
601  490  0024  0.576  0.583    90    90  0.58146  -0.03483  4  75
601  653  0025  0.614  0.630   -60   -60  -0.55854  -0.12483  7  77
601  604  0026  0.607  0.622  -122  -121  -0.51654  0.20517  7  76
601  639  0027  0.602  0.617    35    34  0.33546  -0.28683  9  76
601  483  0028  0.542  0.553   -95   -96  -0.54654  0.06717  5  75
601  646  0029  0.619  0.628    10    10  0.09546  -0.32883  10  77
601  629  0030  0.542  0.545   -32   -32  -0.30654  -0.22083  8  78
601  479  0031  0.551  0.567   -92   -92  -0.56454  0.04917  4  76
601  542  0032  0.558  0.563    43    43  0.37146  -0.23883  8  79
601  624  0033  0.565  0.576  -149  -149  -0.27654  0.27717  8  79
601  646  0034  0.590  0.592  -155  -154  -0.23454  0.29517  8  77
601  606  0035  0.542  0.554   -15   -15  -0.16254  -0.26883  9  79
601  539  0036  0.586  0.602   114   113  0.55746  0.09117  5  77
601  359  0037  0.558  0.556   -72   -72  -0.53454  -0.05283  5  77
601  600  0038  0.624  0.628   145   144  0.38346  0.24117  8  77
601  580  0039  0.534  0.545   126   126  0.44946  0.13917  5  80
601  630  0040  0.604  0.621  -161  -161  -0.18054  0.31917  9  77
601  590  0041  0.553  0.562   -83   -83  -0.55854  0.00117  3  76
601  522  0042  0.560  0.562    77    78  0.54546  -0.09483  5  76
601  498  0043  0.530  0.540    75    75  0.51546  -0.10683  5  77
601  724  0044  0.605  0.619   137   137  0.43146  0.21117  7  78
601  541  0045  0.535  0.537   113   112  0.50346  0.07317  3  77
601  621  0046  0.613  0.626   118   117  0.56346  0.11517  7  76
601  647  0047  0.580  0.592  -155  -154  -0.23454  0.29517  8  78
601  655  0048  0.590  0.605   134   134  0.44346  0.19317  6  79
601  502  0049  0.546  0.560   -88   -86  -0.55854  0.01917  4  76
43  208  0000  0.557  0.540   -16  -174  -0.03654  0.28317  10  73
43  211  0001  0.557  0.540    44  -174  -0.03654  0.28317  9  73
43  210  0002  0.576  0.540    42  -174  -0.03654  0.28317  9  73
43  210  0003  0.523  0.540  -115  -174  -0.03654  0.28317  9  73
43  208  0004  0.530  0.540   -28  -174  -0.03654  0.28317  10  73
43  210  0005  0.567  0.540   -80  -174  -0.03654  0.28317  9  72
43  208  0006  0.585  0.540  -112  -174  -0.03654  0.28317  10  72
43  210  0007  0.555  0.540  -142  -174  -0.03654  0.28317  10  73
43  209  0008  0.527  0.540   -60  -174  -0.03654  0.28317  9  72
43  210  0009  0.566  0.540   -75  -174  -0.03654  0.28317  9  72
43  207  0010  0.593  0.540  -169  -174  -0.03654  0.28317  10  73
43  211  0011  0.608  0.540   125  -174  -0.03654  0.28317  9  73
43  210  0012  0.550  0.540    44  -174  -0.03654  0.28317  9  73
43  209  0013  0.514  0.540   103  -174  -0.03654  0.28317  9  72
43  210  0014  0.519  0.540   154  -174  -0.03654  0.28317  9  73
43  210  0015  0.550  0.540    85  -174  -0.03654  0.28317  9  73
43  208  0016  0.575  0.540  -105  -174  -0.03654  0.28317  9  72
43  207  0017  0.565  0.540   -53  -174  -0.03654  0.28317  9  72
43  210  0018  0.532  0.540  -118  -174  -0.03654  0.28317  9  73
43  208  0019  0.608  0.540   -44  -174  -0.03654  0.28317  9  73
43  210  0020  0.551  0.540    -9  -174  -0.03654  0.28317  10  73
43  208  0021  0.620  0.540   -92  -174  -0.03654  0.28317  9  72
43  208  0022  0.620  0.540   -31  -174  -0.03654  0.28317  9  73
43  210  0023  0.550  0.540  -146  -174  -0.03654  0.28317  10  73
43  210  0024  0.548  0.540  -108  -174  -0.03654  0.28317  9  72
43  208  0025  0.617  0.540    49  -174  -0.03654  0.28317  9  73
43  212  0026  0.562  0.540  -170  -174  -0.03654  0.28317  9  73
43  209  0027  0.520  0.540    68  -174  -0.03654  0.28317  9  73
43  210  0028  0.521  0.540    56  -174  -0.03654  0.28317  9  73
43  210  0029  0.594  0.540   155  -174  -0.03654  0.28317  10  73
43  210  0030  0.580  0.540    12  -174  -0.03654  0.28317  10  73
43  210  0031  0.620  0.540  -157  -174  -0.03654  0.28317  10  73
43  208  0032  0.564  0.540  -105  -174  -0.03654  0.28317  9  72
43  210  0033  0.586  0.540  -125  -174  -0.03654  0.28317  9  73
43  210  0034  0.554  0.540   151  -174  -0.03654  0.28317  10  73
43  210  0035  0.590  0.540   -32  -174  -0.03654  0.28317  9  73
43  211  0036  0.625  0.540   117  -174  -0.03654  0.28317  9  73
43  207  0037  0.533  0.540   -75  -174  -0.03654  0.28317  9  72
43  211  0038  0.584  0.540    76  -174  -0.03654  0.28317  9  72
43  210  0039  0.617  0.540   -35  -174  -0.03654  0.28317  9  73
43  210  0040  0.570  0.540     0  -174  -0.03654  0.28317  10  73
43  209  0041  0.623  0.540   108  -174  -0.03654  0.28317  9  72
43  208  0042  0.591  0.540    37  -174  -0.03654  0.28317  10  73
43  210  0043  0.542  0.540  -118  -174  -0.03654  0.28317  9  72
43  210  0044  0.590  0.540   162  -174  -0.03654  0.28317  10  73
43  209  0045  0.601  0.540   168  -174  -0.03654  0.28317  10  73
43  207  0046  0.554  0.540   -97  -174  -0.03654  0.28317  9  72
43  209  0047  0.528  0.540   118  -174  -0.03654  0.28317  9  72
43  210  0048  0.578  0.540   -13  -174  -0.03654  0.28317  10  73
43  208  0049  0.610  0.540    57  -174  -0.03654  0.28317  9  73
86  209  0000  0.549  0.540   -40  -174  -0.03654  0.28317  9  73
86  211  0001  0.622  0.540    18  -174  -0.03654  0.28317  10  73
86  215  0002  0.600  0.564   169   170  0.11346  0.28317  9  74
86  208  0003  0.513  0.540   -51  -174  -0.03654  0.28317  9  72
86  210  0004  0.552  0.540    44  -174  -0.03654  0.28317  9  73
86  209  0005  0.528  0.540    60  -174  -0.03654  0.28317  9  72
86  205  0006  0.583  0.540  -168  -174  -0.03654  0.28317  10  74
86  207  0007  0.531  0.540   144  -174  -0.03654  0.28317  10  73
86  207  0008  0.551  0.540  -131  -174  -0.03654  0.28317  9  73
86  208  0009  0.514  0.540   -78  -174  -0.03654  0.28317  9  72
86  210  0010  0.550  0.540    25  -174  -0.03654  0.28317  10  73
86  210  0011  0.579  0.540    42  -174  -0.03654  0.28317  10  73
86  227  0012  0.601  0.619   134   137  0.43146  0.21117  10  74
86  209  0013  0.543  0.540   -50  -174  -0.03654  0.28317  9  73
86  209  0014  0.547  0.540    58  -174  -0.03654  0.28317  9  72
86  208  0015  0.554  0.540    92  -174  -0.03654  0.28317  9  73
86  211  0016  0.604  0.540    74  -174  -0.03654  0.28317  9  72
86  209  0017  0.536  0.540   -99  -174  -0.03654  0.28317  9  72
86  208  0018  0.578  0.540   -66  -174  -0.03654  0.28317  9  72
86  207  0019  0.529  0.540    58  -174  -0.03654  0.28317  9  72
86  211  0020  0.619  0.540   116  -174  -0.03654  0.28317  9  73
86  210  0021  0.517  0.540   -12  -174  -0.03654  0.28317  10  73
86  207  0022  0.562  0.540  -128  -174  -0.03654  0.28317  9  73
86  210  0023  0.565  0.540   -80  -174  -0.03654  0.28317  9  72
86  209  0024  0.591  0.540   107  -174  -0.03654  0.28317  9  72
86  210  0025  0.578  0.540   108  -174  -0.03654  0.28317  9  72
86  210  0026  0.588  0.540    -3  -174  -0.03654  0.28317  10  74
86  210  0027  0.569  0.540   -74  -174  -0.03654  0.28317  9  72
86  212  0028  0.602  0.631   -61   -61  -0.56454  -0.11883  10  74
86  224  0029  0.612  0.623   149   151  0.31746  0.26517  10  73
86  205  0030  0.547  0.540   -95  -174  -0.03654  0.28317  9  72
86  209  0031  0.550  0.540   -30  -174  -0.03654  0.28317  10  73
86  208  0032  0.624  0.540   111  -174  -0.03654  0.28317  10  72
86  207  0033  0.557  0.540    41  -174  -0.03654  0.28317  10  73
86  210  0034  0.589  0.540    34  -174  -0.03654  0.28317  9  73
86  219  0035  0.615  0.625    26    28  0.28146  -0.30483  10  74
86  242  0036  0.579  0.625    31    28  0.28146  -0.30483  10  73
86  209  0037  0.536  0.540  -129  -174  -0.03654  0.28317  9  73
86  208  0038  0.525  0.540   118  -174  -0.03654  0.28317  9  72
86  247  0039  0.564  0.589   163   163  0.18546  0.28317  9  74
86  210  0040  0.518  0.540    24  -174  -0.03654  0.28317  10  73
86  230  0041  0.596  0.556  -178   179  0.02346  0.28917  9  73
86  236  0042  0.528  0.545  -164  -164  -0.12654  0.28317  9  74
86  207  0043  0.589  0.540  -139  -174  -0.03654  0.28317  10  74
86  209  0044  0.570  0.540  -161  -174  -0.03654  0.28317  10  73
86  210  0045  0.519  0.540    39  -174  -0.03654  0.28317  10  72
86  211  0046  0.596  0.540   121  -174  -0.03654  0.28317  9  73
86  208  0047  0.534  0.540   123  -174  -0.03654  0.28317  9  73
86  216  0048  0.611  0.628    12    11  0.10746  -0.32883  10  74
86  211  0049  0.612  0.540   106  -174  -0.03654  0.28317  9  72
129  273  0000  0.613  0.622    27    28  0.27546  -0.30483  10  74
129  222  0001  0.599  0.624  -141  -142  -0.36054  0.28317  10  75
129  207  0002  0.568  0.540   -87  -174  -0.03654  0.28317  8  73
129  248  0003  0.550  0.513    11    10  0.07746  -0.26883  11  75
129  208  0004  0.527  0.540    75  -174  -0.03654  0.28317  9  72
129  235  0005  0.591  0.551  -171  -173  -0.04254  0.28917  9  74
129  222  0006  0.618  0.614    -8    -8  -0.10854  -0.31083  10  74
129  209  0007  0.624  0.540    84  -174  -0.03654  0.28317  9  71
129  210  0008  0.582  0.540   -44  -174  -0.03654  0.28317  9  74
129  220  0009  0.559  0.627    34    29  0.28746  -0.30483  11  73
129  224  0010  0.576  0.592    -9    -8  -0.10854  -0.29883  10  74
129  281  0011  0.629  0.618   159   157  0.25146  0.28317  9  74
129  294  0012  0.523  0.540  -177  -175  -0.02454  0.28317  9  74
129  240  0013  0.591  0.626   -65   -62  -0.56454  -0.11283  9  73
129  211  0014  0.528  0.540    27  -174  -0.03654  0.28317  10  73
129  207  0015  0.587  0.540  -136  -174  -0.03654  0.28317  9  74
129  210  0016  0.598  0.540  -163  -174  -0.03654  0.28317  10  74
129  208  0017  0.543  0.540  -113  -174  -0.03654  0.28317  9  72
129  214  0018  0.602  0.603   129   128  0.48546  0.16317  9  74
129  208  0019  0.573  0.540    94  -174  -0.03654  0.28317  9  72
129  206  0020  0.523  0.540   -91  -174  -0.03654  0.28317  9  71
129  210  0021  0.568  0.540  -102  -174  -0.03654  0.28317  9  72
129  227  0022  0.588  0.617   -38   -35  -0.37254  -0.23883  10  74
129  209  0023  0.546  0.540   106  -174  -0.03654  0.28317  9  72
129  238  0024  0.620  0.620    20    20  0.19746  -0.31683  10  74
129  210  0025  0.596  0.540  -156  -174  -0.03654  0.28317  10  74
129  231  0026  0.589  0.618  -143  -143  -0.34854  0.28317  10  75
129  209  0027  0.545  0.540    16  -174  -0.03654  0.28317  10  74
129  212  0028  0.628  0.540  -155  -174  -0.03654  0.28317  9  73
129  209  0029  0.577  0.540   -48  -174  -0.03654  0.28317  9  73
129  209  0030  0.534  0.540    -4  -174  -0.03654  0.28317  10  74
129  210  0031  0.601  0.540  -113  -174  -0.03654  0.28317  9  73
129  208  0032  0.587  0.576  -169  -167  -0.10854  0.30117  9  74
129  211  0033  0.601  0.540   111  -174  -0.03654  0.28317  9  73
129  211  0034  0.613  0.540  -128  -174  -0.03654  0.28317  9  73
129  210  0035  0.536  0.540   -16  -174  -0.03654  0.28317  10  74
129  208  0036  0.555  0.540    58  -174  -0.03654  0.28317  9  72
129  210  0037  0.565  0.540    15  -174  -0.03654  0.28317  10  74
129  207  0038  0.547  0.540    15  -174  -0.03654  0.28317  10  74
129  237  0039  0.599  0.621  -142  -143  -0.35454  0.28317  10  74
129  210  0040  0.614  0.540   103  -174  -0.03654  0.28317  9  72
129  210  0041  0.574  0.540    76  -174  -0.03654  0.28317  9  72
129  209  0042  0.549  0.540    -5  -174  -0.03654  0.28317  10  75
129  209  0043  0.523  0.540  -107  -174  -0.03654  0.28317  9  72
129  211  0044  0.626  0.540   146  -174  -0.03654  0.28317  9  73
129  274  0045  0.583  0.625    29    28  0.28146  -0.30483  10  73
129  209  0046  0.588  0.540   -70  -174  -0.03654  0.28317  9  72
129  222  0047  0.612  0.629    33    29  0.29346  -0.30483  10  74
129  209  0048  0.563  0.540    76  -174  -0.03654  0.28317  9  72
129  209  0049  0.544  0.540   138  -174  -0.03654  0.28317  9  74
172  207  0000  0.598  0.540   -25  -174  -0.03654  0.28317  10  74
172  206  0001  0.555  0.540  -108  -174  -0.03654  0.28317  8  72
172  204  0002  0.512  0.540   -83  -174  -0.03654  0.28317  9  72
172  208  0003  0.631  0.540  -160  -174  -0.03654  0.28317  10  73
172  213  0004  0.612  0.617   147   146  0.35346  0.24717  10  74
172  208  0005  0.606  0.540   -89  -174  -0.03654  0.28317  9  73
172  211  0006  0.624  0.540   122  -174  -0.03654  0.28317  9  73
172  208  0007  0.584  0.540   -78  -174  -0.03654  0.28317  9  73
172  214  0008  0.512  0.532   -13   -12  -0.13254  -0.26283  10  75
172  210  0009  0.628  0.540    47  -174  -0.03654  0.28317  9  73
172  209  0010  0.607  0.540   -91  -174  -0.03654  0.28317  9  72
172  303  0011  0.604  0.626   -64   -62  -0.56454  -0.11283  9  73
172  221  0012  0.561  0.565   -12   -11  -0.13254  -0.28083  10  75
172  211  0013  0.607  0.540   -50  -174  -0.03654  0.28317  9  73
172  207  0014  0.551  0.540    55  -174  -0.03654  0.28317  9  73
172  206  0015  0.576  0.540    83  -174  -0.03654  0.28317  9  71
172  204  0016  0.514  0.540   -71  -174  -0.03654  0.28317  9  73
172  203  0017  0.514  0.540   -74  -174  -0.03654  0.28317  9  73
172  213  0018  0.553  0.556   -84   -83  -0.55254  0.00117  9  73
172  209  0019  0.616  0.540  -116  -174  -0.03654  0.28317  9  73
172  225  0020  0.619  0.613   128   127  0.49746  0.16317  9  74
172  227  0021  0.515  0.517   -35   -34  -0.30654  -0.20283  10  74
172  209  0022  0.611  0.540   -56  -174  -0.03654  0.28317  9  74
172  206  0023  0.618  0.551    37  -174  -0.03654  0.28917  9  73
172  237  0024  0.577  0.605  -140  -141  -0.36054  0.27117  10  75
172  316  0025  0.615  0.626   -64   -63  -0.57054  -0.10683  9  74
172  279  0026  0.595  0.617     2     3  0.01146  -0.32283  10  74
172  229  0027  0.545  0.588    -1    -1  -0.03654  -0.30483  10  75
172  210  0028  0.586  0.540    73  -174  -0.03654  0.28317  9  72
172  207  0029  0.564  0.540  -125  -174  -0.03654  0.28317  9  74
172  283  0030  0.599  0.611    22    21  0.20346  -0.31083  10  74
172  206  0031  0.529  0.540    78  -174  -0.03654  0.28317  9  73
172  255  0032  0.549  0.569    -9    -9  -0.10854  -0.28683  10  75
172  207  0033  0.623  0.540    41  -174  -0.03654  0.28317  9  73
172  249  0034  0.563  0.605   -35   -33  -0.35454  -0.23883  9  74
172  277  0035  0.514  0.510    18    18  0.14346  -0.26283  10  74
172  207  0036  0.523  0.540   134  -174  -0.03654  0.28317  10  74
172  360  0037  0.560  0.558   178   178  0.03546  0.28917  9  74
172  221  0038  0.618  0.610  -153  -152  -0.25854  0.30117  10  74
172  212  0039  0.596  0.540   122  -174  -0.03654  0.28317  9  73
172  218  0040  0.617  0.604  -156  -154  -0.24054  0.30117  10  74
172  271  0041  0.573  0.609   -35   -34  -0.36054  -0.23883  9  74
172  230  0042  0.620  0.620   129   128  0.49746  0.16917  9  74
172  309  0043  0.617  0.631   -61   -61  -0.56454  -0.11883  9  74
172  206  0044  0.546  0.540   105  -174  -0.03654  0.28317  8  72
172  228  0045  0.533  0.533  -130  -131  -0.38454  0.21117  9  74
172  210  0046  0.512  0.540    26  -174  -0.03654  0.28317  10  74
172  209  0047  0.572  0.540  -160  -174  -0.03654  0.28317  10  74
172  207  0048  0.520  0.540   -23  -174  -0.03654  0.28317  10  73
172  210  0049  0.603  0.540    86  -174  -0.03654  0.28317  9  70
215  350  0000  0.592  0.594   162   162  0.19746  0.28317  9  75
215  264  0001  0.532  0.535    93    90  0.53346  -0.03483  8  73
215  214  0002  0.602  0.540   122  -174  -0.03654  0.28317  9  74
215  206  0003  0.613  0.614    38    36  0.34746  -0.28083  10  74
215  205  0004  0.599  0.540    39  -174  -0.03654  0.28317  10  74
215  253  0005  0.517  0.517  -146  -145  -0.27654  0.24117  10  75
215  348  0006  0.595  0.595   166   164  0.17346  0.28917  9  75
215  206  0007  0.541  0.540   -53  -174  -0.03654  0.28317  9  74
215  259  0008  0.525  0.573   148   150  0.29946  0.24117  9  75
215  289  0009  0.563  0.599   -37   -35  -0.36054  -0.23283  9  74
215  212  0010  0.524  0.545   -86   -81  -0.54054  -0.00483  9  73
215  331  0011  0.595  0.579  -179   179  0.02346  0.30117  9  74
215  354  0012  0.587  0.600   153   152  0.29346  0.25917  9  75
215  220  0013  0.604  0.614  -108  -109  -0.57054  0.14517  9  74
215  295  0014  0.622  0.630    14    12  0.11946  -0.32883  10  74
215  206  0015  0.535  0.540   -39  -174  -0.03654  0.28317  10  74
215  234  0016  0.541  0.531  -120  -118  -0.45654  0.16317  9  74
215  270  0017  0.528  0.511   128   125  0.42546  0.12717  10  76
215  204  0018  0.524  0.540   -98  -174  -0.03654  0.28317  9  72
215  248  0019  0.554  0.552   -79   -80  -0.54654  -0.01083  8  73
215  331  0020  0.609  0.584   172   171  0.10746  0.29517  9  74
215  261  0021  0.625  0.624   135   137  0.43746  0.21117  10  74
215  294  0022  0.614  0.617    -5    -4  -0.07254  -0.31683  10  75
215  207  0023  0.567  0.540  -124  -174  -0.03654  0.28317  9  74
215  296  0024  0.517  0.511   127   125  0.42546  0.12717  10  75
215  263  0025  0.577  0.608   -39   -35  -0.37254  -0.23283  9  75
215  308  0026  0.621  0.623    22    21  0.20946  -0.31683  10  74
215  206  0027  0.516  0.540  -105  -174  -0.03654  0.28317  9  72
215  254  0028  0.563  0.610    28    28  0.26946  -0.29883  10  74
215  213  0029  0.610  0.540   121  -174  -0.03654  0.28317  9  73
215  210  0030  0.613  0.540    85  -174  -0.03654  0.28317  9  70
215  211  0031  0.526  0.546   135   136  0.38946  0.18117  10  75
215  263  0032  0.509  0.537   -11   -10  -0.11454  -0.26883  10  75
215  398  0033  0.510  0.534   179   178  0.02946  0.27717  9  74
215  356  0034  0.563  0.567  -166  -165  -0.12054  0.29517  9  74
215  315  0035  0.528  0.536    89    87  0.53346  -0.04683  8  74
215  223  0036  0.566  0.589   122   125  0.49146  0.14517  8  74
215  296  0037  0.564  0.571   -10    -9  -0.11454  -0.28683  10  75
215  284  0038  0.620  0.622   -13   -13  -0.16854  -0.30483  10  75
215  206  0039  0.557  0.540   117  -174  -0.03654  0.28317  8  73
215  269  0040  0.627  0.612  -167  -166  -0.12054  0.31917  10  74
215  267  0041  0.595  0.623    54    53  0.48546  -0.22683  9  74
215  209  0042  0.572  0.540    96  -174  -0.03654  0.28317  8  73
215  296  0043  0.583  0.588   130   129  0.46746  0.16317  9  75
215  224  0044  0.586  0.578  -136  -135  -0.39054  0.24117  9  75
215  205  0045  0.562  0.540   -94  -174  -0.03654  0.28317  8  73
215  306  0046  0.574  0.580    -9    -8  -0.10854  -0.29283  10  75
215  202  0047  0.543  0.545   -56   178  0.02946  0.28317  9  73
215  243  0048  0.548  0.584     1     1  -0.00654  -0.30483  10  75
215  271  0049  0.543  0.553  -169  -167  -0.09654  0.28917  9  76
258  332  0000  0.562  0.614    31    29  0.28146  -0.29883  10  74
258  313  0001  0.626  0.620  -171  -170  -0.07854  0.32517  10  74
258  206  0002  0.547  0.540   106  -174  -0.03654  0.28317  8  73
258  235  0003  0.524  0.543   -51   -49  -0.42654  -0.15483  9  74
258  318  0004  0.609  0.629    33    32  0.31746  -0.29883  10  74
258  384  0005  0.583  0.611   135   136  0.43146  0.20517  9  75
258  340  0006  0.592  0.574  -172  -173  -0.04854  0.30117  9  75
258  233  0007  0.534  0.540  -124  -122  -0.44454  0.18117  9  75
258  261  0008  0.614  0.622  -116  -115  -0.55254  0.17517  9  74
258  287  0009  0.611  0.607   175   176  0.05946  0.31317  10  75
258  309  0010  0.547  0.547    80    82  0.53946  -0.07083  8  73
258  294  0011  0.551  0.552   -80   -80  -0.54654  -0.01083  8  73
258  206  0012  0.513  0.540  -109  -174  -0.03654  0.28317  9  73
258  288  0013  0.509  0.510   144   143  0.31746  0.19317  10  75
258  294  0014  0.543  0.556   -13   -12  -0.13854  -0.27483  10  75
258  212  0015  0.617  0.540    72  -174  -0.03654  0.28317  10  72
258  369  0016  0.621  0.629    13    12  0.11346  -0.32883  10  74
258  220  0017  0.533  0.536   -63   -61  -0.48054  -0.10083  8  74
258  298  0018  0.543  0.524     7     8  0.05946  -0.27483  10  76
258  283  0019  0.623  0.630  -125  -123  -0.51054  0.21717  10  74
258  250  0020  0.590  0.595    94    94  0.59346  -0.01683  8  74
258  298  0021  0.525  0.532   -13   -12  -0.13254  -0.26283  10  75
258  354  0022  0.606  0.586  -176  -175  -0.02454  0.30717  9  74
258  209  0023  0.593  0.540    90  -174  -0.03654  0.28317  8  72
258  334  0024  0.583  0.594  -154  -154  -0.24054  0.29517  9  75
258  325  0025  0.553  0.551  -138  -137  -0.36054  0.23517  9  76
258  356  0026  0.629  0.622    21    21  0.20346  -0.31683  10  74
258  314  0027  0.624  0.612  -167  -166  -0.12054  0.31917  10  74
258  211  0028  0.628  0.540    75  -174  -0.03654  0.28317  9  71
258  413  0029  0.528  0.534   168   168  0.12546  0.26517  9  75
258  338  0030  0.602  0.606    -5    -4  -0.07254  -0.31083  10  75
258  281  0031  0.526  0.558   147   148  0.30546  0.22917  9  75
258  204  0032  0.542  0.540   101  -174  -0.03654  0.28317  7  72
258  300  0033  0.596  0.609   147   147  0.34146  0.24717  9  75
258  242  0034  0.517  0.533   135   135  0.38346  0.17517  10  75
258  215  0035  0.527  0.536    74    72  0.50346  -0.11883  9  74
258  357  0036  0.584  0.562  -172  -173  -0.04854  0.29517  9  75
258  316  0037  0.567  0.582   130   129  0.46146  0.16317  8  76
258  334  0038  0.576  0.582   -10    -9  -0.11454  -0.29283  10  75
258  207  0039  0.574  0.540  -123  -174  -0.03654  0.28317  9  75
258  261  0040  0.586  0.602  -127  -127  -0.46254  0.22317  9  75
258  270  0041  0.512  0.539   150   151  0.27546  0.22917  9  75
258  234  0042  0.540  0.559   144   144  0.33546  0.21717  9  76
258  326  0043  0.557  0.581     5     4  0.02946  -0.30483  10  75
258  286  0044  0.598  0.620  -120  -120  -0.52254  0.19917  9  74
258  283  0045  0.603  0.609   -42   -43  -0.43254  -0.20283  9  75
258  441  0046  0.561  0.563  -175  -174  -0.03054  0.29517  8  74
258  292  0047  0.515  0.548   158   158  0.21546  0.25317  9  75
258  329  0048  0.513  0.510  -119  -117  -0.44454  0.15117  10  74
258  204  0049  0.523  0.532   -73   -74  -0.51654  -0.04083  8  74
301  223  0000  0.521  0.534    76    74  0.50946  -0.10683  8  75
301  327  0001  0.582  0.594  -162  -162  -0.15654  0.30717  9  75
301  317  0002  0.510  0.526    83    84  0.52146  -0.05883  7  74
301  201  0003  0.540  0.540   -92  -174  -0.03654  0.28317  8  73
301  362  0004  0.603  0.623   115   115  0.56946  0.10317  8  75
301  352  0005  0.523  0.511   127   125  0.42546  0.12717  9  76
301  267  0006  0.562  0.566   -87   -85  -0.56454  0.01317  7  74
301  342  0007  0.586  0.595   -47   -46  -0.44454  -0.18483  8  74
301  494  0008  0.529  0.545   179   178  0.02946  0.28317  9  75
301  261  0009  0.597  0.604   122   123  0.51546  0.13917  8  75
301  250  0010  0.522  0.526    59    58  0.43746  -0.17283  9  74
301  229  0011  0.557  0.550  -117  -115  -0.48654  0.15717  9  75
301  316  0012  0.626  0.628  -138  -138  -0.40254  0.27117  9  74
301  367  0013  0.622  0.626    32    31  0.31146  -0.29883  10  74
301  315  0014  0.553  0.591   -35   -34  -0.34854  -0.23283  9  75
301  333  0015  0.550  0.556   -13   -12  -0.13854  -0.27483  10  76
301  443  0016  0.583  0.572   172   171  0.10146  0.28917  9  75
301  319  0017  0.611  0.619    15    13  0.12546  -0.32283  10  75
301  274  0018  0.569  0.564   -79   -80  -0.55854  -0.01083  7  74
301  337  0019  0.590  0.590  -156  -155  -0.22854  0.29517  9  75
301  268  0020  0.593  0.608   -58   -57  -0.52254  -0.13683  8  75
301  428  0021  0.588  0.607   155   155  0.26946  0.27117  9  76
301  374  0022  0.621  0.627   169   169  0.13746  0.31317  10  76
301  344  0023  0.553  0.569     6     5  0.03546  -0.29883  10  76
301  289  0024  0.530  0.556  -142  -142  -0.31854  0.25317  10  76
301  201  0025  0.560  0.540    72  -174  -0.03654  0.28317  8  74
301  222  0026  0.511  0.524  -125  -125  -0.41454  0.18717  9  75
301  285  0027  0.585  0.594  -129  -128  -0.45054  0.22317  9  75
301  367  0028  0.542  0.550   -11   -10  -0.12054  -0.27483  10  76
301  438  0029  0.525  0.544  -165  -165  -0.12054  0.28317  9  75
301  247  0030  0.553  0.554   110   109  0.52746  0.06117  7  74
301  369  0031  0.554  0.570    24    23  0.20946  -0.28683  9  75
301  275  0032  0.542  0.530  -157  -155  -0.20454  0.26517  11  75
301  280  0033  0.573  0.586  -128  -127  -0.45054  0.21717  9  75
301  458  0034  0.514  0.528  -172  -172  -0.04854  0.27717  9  75
301  209  0035  0.582  0.540    74  -174  -0.03654  0.28317  9  73
301  286  0036  0.614  0.624   -24   -23  -0.27054  -0.28083  10  75
301  357  0037  0.570  0.574   -11   -10  -0.12654  -0.28683  10  76
301  210  0038  0.613  0.540    80  -174  -0.03654  0.28317  9  69
301  352  0039  0.608  0.623   -45   -44  -0.45054  -0.20283  9  74
301  440  0040  0.616  0.615   159   158  0.24546  0.28317  9  75
301  367  0041  0.606  0.618  -141  -141  -0.36654  0.27717  9  75
301  389  0042  0.615  0.624  -142  -142  -0.36054  0.28317  9  75
301  420  0043  0.510  0.528  -171  -172  -0.05454  0.27717  9  75
301  310  0044  0.512  0.522    95    92  0.52146  -0.02283  8  74
301  266  0045  0.514  0.528   112   111  0.49746  0.06717  8  74
301  276  0046  0.550  0.541  -119  -117  -0.46854  0.16317  8  75
301  324  0047  0.562  0.587   -34   -33  -0.34254  -0.23283  9  75
301  273  0048  0.566  0.569    45    46  0.39546  -0.23283  9  75
301  355  0049  0.620  0.630    35    34  0.34146  -0.29283  10  74
344  368  0000  0.523  0.549   151   151  0.27546  0.23517  9  76
344  234  0001  0.613  0.620   -80   -79  -0.61254  -0.01683  9  74
344  277  0002  0.592  0.600    90    91  0.59946  -0.02883  7  73
344  349  0003  0.549  0.582   -36   -34  -0.34854  -0.22683  9  75
344  237  0004  0.543  0.556   -93   -93  -0.55254  0.05517  8  73
344  260  0005  0.514  0.512   -25   -25  -0.23454  -0.22683  10  75
344  262  0006  0.601  0.603    99    97  0.59946  0.00117  8  74
344  289  0007  0.528  0.535   106   107  0.51546  0.04917  7  74
344  498  0008  0.520  0.534   168   168  0.12546  0.26517  9  76
344  282  0009  0.586  0.590    62    61  0.50946  -0.17883  8  75
344  325  0010  0.628  0.620   175   175  0.06546  0.31917  10  75
344  257  0011  0.523  0.540   -54   -52  -0.43854  -0.14283  9  75
344  360  0012  0.529  0.541  -145  -145  -0.28854  0.25317  10  76
344  232  0013  0.628  0.630   -73   -72  -0.60654  -0.05883  10  74
344  467  0014  0.569  0.594   157   157  0.24546  0.27117  8  77
344  277  0015  0.591  0.604   121   122  0.52146  0.13317  8  75
344  324  0016  0.612  0.620    68    67  0.56346  -0.16083  9  73
344  492  0017  0.533  0.547   172   171  0.09546  0.27717  9  76
344  329  0018  0.591  0.609    66    65  0.54546  -0.16683  8  74
344  382  0019  0.564  0.594   -38   -36  -0.36654  -0.22683  8  75
344  294  0020  0.591  0.615   -71   -67  -0.57654  -0.08283  8  74
344  504  0021  0.561  0.570   177   177  0.04146  0.29517  9  76
344  364  0022  0.619  0.623   -11   -10  -0.13854  -0.31083  10  75
344  367  0023  0.562  0.573   -46   -46  -0.42654  -0.17883  8  75
344  318  0024  0.519  0.523    96    93  0.52146  -0.01683  8  74
344  344  0025  0.608  0.614    64    64  0.54546  -0.17283  9  74
344  481  0026  0.521  0.530  -178  -177  -0.00054  0.27717  9  77
344  271  0027  0.560  0.569   -95   -94  -0.56454  0.06117  7  73
344  198  0028  0.530  0.545   -92   178  0.02946  0.28317  8  72
344  251  0029  0.630  0.628   125   125  0.52146  0.15717  9  74
344  316  0030  0.520  0.538   134   135  0.38946  0.17517  9  76
344  223  0031  0.527  0.543   -89   -84  -0.54054  0.00717  8  73
344  497  0032  0.589  0.600   164   163  0.18546  0.28917  9  75
344  471  0033  0.612  0.626   -64   -63  -0.57054  -0.10683  9  74
344  412  0034  0.575  0.585    -6    -6  -0.08454  -0.29883  10  76
344  373  0035  0.570  0.589    37    36  0.33546  -0.26883  9  74
344  210  0036  0.597  0.540    79  -174  -0.03654  0.28317  9  71
344  397  0037  0.630  0.629  -147  -146  -0.33054  0.29517  9  74
344  384  0038  0.559  0.586     0     0  -0.02454  -0.30483  10  76
344  298  0039  0.572  0.589    95    94  0.58746  -0.01683  7  74
344  391  0040  0.534  0.514    20    20  0.16146  -0.26283  10  77
344  239  0041  0.572  0.580   107   107  0.55746  0.05517  8  74
344  280  0042  0.552  0.547    93    90  0.54546  -0.03483  6  74
344  387  0043  0.612  0.627  -121  -121  -0.52254  0.20517  9  74
344  374  0044  0.623  0.621   -42   -43  -0.43854  -0.20883  9  74
344  342  0045  0.591  0.599   -42   -42  -0.42054  -0.20283  8  76
344  397  0046  0.597  0.614   -20   -19  -0.22854  -0.28683  9  75
344  341  0047  0.536  0.546    41    40  0.34146  -0.23883  10  75
344  332  0048  0.575  0.590  -127  -127  -0.45654  0.21717  8  75
344  268  0049  0.601  0.615   120   119  0.54546  0.12117  9  75
387  432  0000  0.586  0.598    36    36  0.33546  -0.27483  9  74
387  435  0001  0.618  0.629   -68   -66  -0.58254  -0.09483  9  74
387  345  0002  0.544  0.547    93    90  0.54546  -0.03483  6  74
387  354  0003  0.556  0.572   -51   -49  -0.44454  -0.16683  8  76
387  399  0004  0.620  0.627  -127  -126  -0.48654  0.22917  9  75
387  377  0005  0.527  0.543    69    68  0.49746  -0.13683  7  74
387  344  0006  0.521  0.527   133   133  0.39546  0.16317  9  77
387  329  0007  0.536  0.568   -38   -36  -0.35454  -0.21483  9  76
387  361  0008  0.526  0.531   -62   -61  -0.47454  -0.10083  7  75
387  360  0009  0.629  0.626   133   131  0.47946  0.18717  9  75
387  430  0010  0.602  0.619  -146  -145  -0.33054  0.28917  10  76
387  292  0011  0.586  0.599   -78   -77  -0.58854  -0.02883  7  75
387  383  0012  0.541  0.555   -50   -49  -0.43254  -0.16083  8  75
387  449  0013  0.536  0.562   158   158  0.22146  0.25917  8  77
387  219  0014  0.559  0.571   101   100  0.56346  0.01917  7  74
387  305  0015  0.536  0.526  -158  -156  -0.19254  0.26517  11  76
387  315  0016  0.532  0.545   -97   -98  -0.53454  0.07917  7  73
387  360  0017  0.579  0.570     9     9  0.07146  -0.29883  9  77
387  382  0018  0.558  0.576   144   144  0.34746  0.22317  8  77
387  379  0019  0.574  0.589   -40   -38  -0.38454  -0.21483  8  76
387  397  0020  0.622  0.630   113   114  0.58146  0.09717  9  75
387  487  0021  0.589  0.578  -179  -179  0.01746  0.30117  8  76
387  306  0022  0.579  0.604    70    67  0.55146  -0.15483  8  74
387  327  0023  0.576  0.585   -92   -92  -0.58254  0.04917  7  75
387  403  0024  0.627  0.629   131   130  0.49146  0.18117  9  75
387  311  0025  0.539  0.551   -53   -51  -0.44454  -0.14883  8  75
387  410  0026  0.526  0.537    -6    -5  -0.07254  -0.27483  10  77
387  389  0027  0.513  0.533    -4    -3  -0.05454  -0.27483  10  76
387  305  0028  0.582  0.589   -52   -52  -0.48054  -0.15483  8  75
387  304  0029  0.601  0.610   -76   -75  -0.59454  -0.04083  8  74
387  444  0030  0.557  0.575  -152  -152  -0.24654  0.28317  9  76
387  429  0031  0.520  0.518    22    22  0.17946  -0.26283  10  77
387  218  0032  0.629  0.626    97    96  0.62346  -0.00483  10  74
387  453  0033  0.529  0.542   165   165  0.14946  0.26517  9  77
387  342  0034  0.513  0.523   133   133  0.38946  0.16317  9  76
387  497  0035  0.593  0.604     4     4  0.02346  -0.31683  10  75
387  438  0036  0.605  0.611    36    36  0.34146  -0.28083  9  74
387  433  0037  0.595  0.614   -20   -19  -0.22854  -0.28683  9  75
387  512  0038  0.541  0.557   173   172  0.08946  0.28317  9  77
387  299  0039  0.591  0.598  -103  -103  -0.57654  0.10917  8  75
387  250  0040  0.544  0.544  -109  -107  -0.51054  0.12117  7  75
387  397  0041  0.528  0.535   -78   -79  -0.52854  -0.01683  7  73
387  258  0042  0.582  0.607   -73   -72  -0.58254  -0.05883  8  74
387  466  0043  0.574  0.593   -16   -15  -0.18054  -0.28683  9  76
387  410  0044  0.593  0.594  -151  -150  -0.27054  0.28917  9  76
387  229  0045  0.582  0.578    86    87  0.57546  -0.05283  7  72
387  317  0046  0.582  0.592   -93   -93  -0.58854  0.05517  7  75
387  344  0047  0.584  0.597  -130  -129  -0.44454  0.22917  8  75
387  298  0048  0.513  0.517   116   115  0.47346  0.08517  7  75
387  282  0049  0.616  0.626   -84   -85  -0.62454  0.01317  9  74
429  445  0000  0.516  0.548   161   161  0.19146  0.25917  9  76
429  218  0001  0.522  0.542   -90   -85  -0.54054  0.01317  7  73
429  400  0002  0.556  0.554    89    87  0.55146  -0.04683  5  74
429  450  0003  0.529  0.531    22    22  0.18546  -0.26883  9  77
429  452  0004  0.600  0.605    24    23  0.22146  -0.30483  9  76
429  417  0005  0.554  0.563   -26   -26  -0.27054  -0.24483  9  76
429  392  0006  0.609  0.616  -108  -108  -0.57654  0.13917  8  75
429  365  0007  0.630  0.629    48    49  0.46146  -0.24483  9  74
429  446  0008  0.582  0.594   124   124  0.49746  0.14517  6  75
429  350  0009  0.548  0.543   -75   -78  -0.53454  -0.02283  6  74
429  552  0010  0.566  0.567   169   169  0.12546  0.28317  8  77
429  527  0011  0.617  0.622   171   170  0.11946  0.31317  9  76
429  457  0012  0.592  0.590  -156  -155  -0.22854  0.29517  9  75
429  505  0013  0.594  0.587  -177  -176  -0.01254  0.30717  8  76
429  422  0014  0.561  0.554    17    16  0.14346  -0.28683  9  77
429  359  0015  0.628  0.631   107   105  0.61146  0.04917  10  74
429  329  0016  0.560  0.568   107   107  0.54546  0.05517  6  74
429  478  0017  0.539  0.542    89    87  0.53946  -0.04683  5  75
429  475  0018  0.592  0.587   175   174  0.07146  0.30117  9  77
429  337  0019  0.582  0.586   -83   -83  -0.58254  0.00117  6  75
429  509  0020  0.546  0.553   166   166  0.14946  0.27117  9  78
429  365  0021  0.586  0.596  -104  -104  -0.57054  0.11517  7  75
429  551  0022  0.596  0.590  -180   179  0.02346  0.30717  8  76
429  479  0023  0.512  0.517   -34   -34  -0.30654  -0.20283  9  76
429  436  0024  0.549  0.547    52    52  0.41946  -0.20283  8  75
429  471  0025  0.610  0.615   129   128  0.49146  0.16917  7  75
429  307  0026  0.621  0.623    59    58  0.52146  -0.20283  9  75
429  396  0027  0.550  0.565   -51   -49  -0.44454  -0.16083  7  76
429  519  0028  0.576  0.589    22    22  0.20346  -0.29883  9  76
429  409  0029  0.546  0.551    78    80  0.53946  -0.08283  6  74
429  540  0030  0.521  0.525  -133  -132  -0.37254  0.21117  9  76
429  455  0031  0.554  0.563  -149  -149  -0.27054  0.27117  9  77
429  437  0032  0.614  0.631   -69   -67  -0.58854  -0.08883  9  74
429  437  0033  0.590  0.603  -111  -111  -0.55254  0.15117  7  75
429  520  0034  0.591  0.579  -165  -164  -0.13254  0.30117  8  76
429  284  0035  0.537  0.596    34    30  0.28746  -0.28683  11  75
429  435  0036  0.558  0.584   132   133  0.43746  0.18117  7  78
429  346  0037  0.536  0.541   -67   -67  -0.50454  -0.07683  6  75
429  424  0038  0.537  0.546    41    40  0.34146  -0.23883  9  75
429  522  0039  0.602  0.597  -174  -173  -0.04254  0.31317  9  76
429  388  0040  0.613  0.621   111   112  0.58146  0.08517  8  75
429  403  0041  0.532  0.539   111   110  0.50946  0.06717  5  75
429  469  0042  0.515  0.516  -120  -118  -0.44454  0.15717  8  75
429  404  0043  0.538  0.554    27    26  0.22746  -0.27483  9  76
429  537  0044  0.570  0.593   155   155  0.26346  0.26517  8  78
429  383  0045  0.583  0.605  -120  -120  -0.51054  0.19317  7  76
429  549  0046  0.627  0.624   157   156  0.26346  0.28317  9  76
429  470  0047  0.571  0.579  -151  -151  -0.25854  0.28317  9  77
429  597  0048  0.530  0.540  -176  -175  -0.02454  0.28317  8  77
429  508  0049  0.554  0.580   155   155  0.25746  0.25917  8  78
472  395  0000  0.510  0.524    81    82  0.51546  -0.07083  6  75
472  444  0001  0.603  0.616     9     9  0.08346  -0.32283  10  77
472  528  0002  0.588  0.607    14    13  0.11946  -0.31683  10  77
472  532  0003  0.538  0.562   158   158  0.22146  0.25917  8  78
472  535  0004  0.581  0.586   128   127  0.47346  0.15717  6  77
472  546  0005  0.604  0.624  -142  -142  -0.36054  0.28317  9  77
472  394  0006  0.575  0.580   -94   -93  -0.57654  0.05517  6  75
472  554  0007  0.588  0.588  -168  -167  -0.10854  0.30717  9  77
472  592  0008  0.522  0.535  -163  -163  -0.13254  0.27717  8  76
472  614  0009  0.607  0.618   158   157  0.25146  0.28317  8  77
472  372  0010  0.604  0.611   -78   -77  -0.60054  -0.02883  7  75
472  442  0011  0.529  0.529  -123  -121  -0.43854  0.17517  7  76
472  342  0012  0.598  0.605   -99   -98  -0.59454  0.08517  8  75
472  456  0013  0.597  0.613   -60   -59  -0.54054  -0.12483  6  76
472  514  0014  0.601  0.603   129   128  0.48546  0.16317  7  75
472  612  0015  0.594  0.605   158   157  0.24546  0.27717  8  77
472  530  0016  0.555  0.573  -153  -153  -0.24054  0.28317  9  77
472  356  0017  0.566  0.567   -76   -78  -0.55854  -0.02283  6  75
472  399  0018  0.626  0.628  -133  -132  -0.44454  0.25317  8  75
472  402  0019  0.574  0.586   -60   -58  -0.51054  -0.12483  6  77
472  524  0020  0.527  0.535   -10    -9  -0.10854  -0.26883  10  77
472  405  0021  0.608  0.614    59    58  0.50946  -0.20283  8  75
472  436  0022  0.514  0.519    30    30  0.24546  -0.25083  10  76
472  561  0023  0.628  0.627     5     4  0.02946  -0.32883  10  75
472  397  0024  0.584  0.593    49    48  0.43146  -0.23283  8  76
472  441  0025  0.598  0.617  -124  -124  -0.49254  0.21717  8  76
472  542  0026  0.571  0.576   175   174  0.07146  0.29517  9  79
472  373  0027  0.585  0.596   109   110  0.56346  0.07317  6  75
472  518  0028  0.593  0.608    36    35  0.33546  -0.28083  9  75
472  241  0029  0.625  0.629    85    84  0.62346  -0.07083  11  71
472  433  0030  0.577  0.586   -58   -57  -0.50454  -0.13083  6  76
472  419  0031  0.593  0.609   -49   -47  -0.46254  -0.18483  7  76
472  403  0032  0.604  0.607    95    94  0.60546  -0.01683  6  75
472  525  0033  0.615  0.619  -173  -172  -0.05454  0.32517  9  77
472  485  0034  0.519  0.529  -145  -145  -0.28254  0.24717  10  77
472  542  0035  0.619  0.626   167   166  0.16746  0.30717  10  77
472  404  0036  0.574  0.597  -112  -112  -0.54054  0.15717  7  75
472  438  0037  0.511  0.513   -23   -23  -0.21654  -0.23283  10  76
472  443  0038  0.599  0.619  -125  -126  -0.48654  0.22317  8  76
472  374  0039  0.548  0.548  -158  -157  -0.19254  0.27717  10  77
472  555  0040  0.588  0.605   -34   -33  -0.35454  -0.23883  8  76
472  419  0041  0.570  0.591    57    56  0.47946  -0.20283  7  75
472  413  0042  0.590  0.599  -105  -105  -0.57054  0.12117  7  75
472  471  0043  0.520  0.517    -1     0  -0.02454  -0.26883  11  78
472  573  0044  0.588  0.588  -167  -166  -0.11454  0.30717  8  76
472  597  0045  0.599  0.605   177   177  0.04746  0.31317  9  77
472  496  0046  0.611  0.615  -164  -163  -0.15054  0.31917  9  76
472  476  0047  0.518  0.519  -156  -154  -0.20454  0.25917  10  76
472  359  0048  0.571  0.600   -68   -65  -0.55254  -0.09483  6  74
472  433  0049  0.545  0.555   -42   -41  -0.38454  -0.19083  8  77
515  433  0000  0.548  0.558   -62   -61  -0.49854  -0.10683  5  77
515  520  0001  0.571  0.579   143   142  0.36546  0.21717  7  79
515  466  0002  0.573  0.578  -129  -128  -0.43854  0.21717  7  77
515  484  0003  0.554  0.576    37    36  0.32946  -0.26283  9  76
515  431  0004  0.535  0.543   -97   -97  -0.53454  0.07317  6  73
515  532  0005  0.539  0.552   -18   -17  -0.18654  -0.26283  9  77
515  557  0006  0.598  0.608  -171  -171  -0.07254  0.31917  9  79
515  570  0007  0.578  0.582    24    23  0.21546  -0.29283  8  76
515  512  0008  0.620  0.624   127   127  0.50946  0.16317  8  75
515  541  0009  0.551  0.555    81    81  0.54546  -0.07683  5  74
515  558  0010  0.522  0.529  -130  -130  -0.39054  0.20517  8  77
515  627  0011  0.604  0.614   140   139  0.41346  0.21717  7  76
515  437  0012  0.515  0.524   -75   -75  -0.51054  -0.03483  6  75
515  521  0013  0.534  0.552   147   147  0.31146  0.22317  8  78
515  344  0014  0.630  0.627   -93   -92  -0.62454  0.05517  10  73
515  345  0015  0.513  0.531   -95   -98  -0.52254  0.07317  7  73
515  452  0016  0.512  0.524   -52   -51  -0.42054  -0.14283  8  75
515  475  0017  0.522  0.529  -123  -121  -0.43854  0.17517  7  76
515  403  0018  0.520  0.530   104   104  0.51546  0.03717  6  75
515  456  0019  0.624  0.625    67    66  0.56346  -0.16683  9  74
515  528  0020  0.586  0.606    27    27  0.25746  -0.29883  9  76
515  425  0021  0.594  0.600   -52   -53  -0.49254  -0.15483  7  76
515  576  0022  0.527  0.542   165   165  0.14946  0.26517  9  79
515  493  0023  0.629  0.626   120   117  0.56346  0.11517  9  74
515  557  0024  0.615  0.629   -37   -36  -0.39054  -0.23883  8  77
515  486  0025  0.527  0.536   -61   -60  -0.47454  -0.10683  5  76
515  477  0026  0.516  0.530   134   134  0.38946  0.16917  8  77
515  583  0027  0.548  0.549  -134  -133  -0.38454  0.22317  7  78
515  500  0028  0.550  0.573   -36   -35  -0.34854  -0.22083  8  77
515  645  0029  0.621  0.627   140   139  0.41946  0.22317  8  76
515  409  0030  0.574  0.585    98    97  0.58146  0.00117  5  75
515  501  0031  0.522  0.523   144   143  0.32346  0.19917  9  78
515  556  0032  0.515  0.528   -11   -11  -0.12054  -0.26283  10  77
515  573  0033  0.628  0.624    -7    -7  -0.10254  -0.31683  10  76
515  530  0034  0.519  0.512   129   126  0.41946  0.13317  9  79
515  496  0035  0.523  0.531    27    26  0.22146  -0.26283  10  77
515  569  0036  0.513  0.523    89    88  0.52146  -0.04083  5  76
515  494  0037  0.605  0.614    68    67  0.55746  -0.16083  7  74
515  407  0038  0.593  0.600   -95   -95  -0.59454  0.06717  6  76
515  528  0039  0.568  0.589    37    36  0.33546  -0.26883  9  76
515  495  0040  0.565  0.581   -40   -39  -0.38454  -0.20883  7  78
515  459  0041  0.592  0.601    96    95  0.59946  -0.01083  5  75
515  649  0042  0.616  0.622    28    28  0.27546  -0.30483  8  74
515  502  0043  0.521  0.535     5     5  0.02946  -0.28083  10  77
515  467  0044  0.530  0.535    28    27  0.23346  -0.26283  10  77
515  476  0045  0.574  0.578    45    45  0.39546  -0.23883  8  77
515  474  0046  0.585  0.598    44    44  0.40146  -0.25083  8  76
515  533  0047  0.615  0.615  -164  -163  -0.15054  0.31917  9  76
515  648  0048  0.566  0.583   162   162  0.19746  0.27717  8  78
515  486  0049  0.532  0.540    79    80  0.52746  -0.08283  5  76
558  390  0000  0.602  0.608    76    75  0.58146  -0.11883  8  73
558  610  0001  0.531  0.553   160   160  0.20346  0.25917  8  78
558  480  0002  0.597  0.613   -71   -70  -0.58254  -0.07083  6  75
558  557  0003  0.575  0.576   -26   -26  -0.27654  -0.25083  8  77
558  673  0004  0.589  0.599   159   158  0.23346  0.27717  8  78
558  433  0005  0.593  0.596   -97   -96  -0.58854  0.07317  6  76
558  477  0006  0.557  0.586    33    31  0.28746  -0.28083  9  76
558  582  0007  0.571  0.582   -47   -46  -0.43854  -0.17883  6  76
558  521  0008  0.578  0.590    45    44  0.40146  -0.24483  8  77
558  507  0009  0.604  0.609   -55   -55  -0.51054  -0.14883  7  76
558  572  0010  0.606  0.617   147   146  0.35346  0.24717  8  77
558  546  0011  0.600  0.616    26    26  0.25746  -0.30483  9  77
558  395  0012  0.622  0.626    97    96  0.62346  -0.00483  8  75
558  394  0013  0.605  0.611    75    74  0.58146  -0.12483  8  73
558  646  0014  0.590  0.609   -35   -34  -0.36054  -0.23883  7  77
558  528  0015  0.518  0.532   -16   -15  -0.16254  -0.25683  10  77
558  658  0016  0.629  0.631   -61   -61  -0.56454  -0.11883  8  75
558  503  0017  0.555  0.571   122   123  0.48546  0.13317  5  78
558  544  0018  0.564  0.565    47    47  0.40146  -0.22683  7  78
558  702  0019  0.606  0.615   138   138  0.42546  0.21117  7  76
558  568  0020  0.622  0.621  -177  -176  -0.01254  0.32517  9  77
558  567  0021  0.542  0.562   147   148  0.31146  0.22917  7  79
558  665  0022  0.536  0.549   176   176  0.05346  0.28317  9  79
558  586  0023  0.623  0.627     6     5  0.03546  -0.32883  10  76
558  446  0024  0.590  0.600   -95   -95  -0.59454  0.06717  6  76
558  389  0025  0.581  0.576    83    83  0.56946  -0.07083  6  73
558  482  0026  0.569  0.584  -104  -104  -0.55854  0.11517  6  76
558  605  0027  0.522  0.515    21    20  0.16746  -0.26283  10  79
558  513  0028  0.515  0.519  -159  -159  -0.16254  0.26517  10  77
558  638  0029  0.575  0.590    -8    -8  -0.10254  -0.29883  9  78
558  564  0030  0.532  0.547     5     5  0.02946  -0.28683  9  78
558  611  0031  0.608  0.607   176   176  0.05946  0.31317  9  77
558  468  0032  0.512  0.526   -84   -81  -0.52254  -0.00483  7  73
558  446  0033  0.610  0.613    95    94  0.61146  -0.01683  6  75
558  584  0034  0.620  0.630  -141  -141  -0.37254  0.28317  9  77
558  521  0035  0.628  0.626  -159  -158  -0.20454  0.31917  9  75
558  524  0036  0.604  0.606   -25   -25  -0.27654  -0.26883  8  76
558  630  0037  0.519  0.529  -170  -170  -0.07254  0.27717  9  79
558  444  0038  0.552  0.559   106   106  0.53946  0.04917  5  75
558  546  0039  0.511  0.530   150   150  0.27546  0.22317  8  78
558  545  0040  0.544  0.560   146   146  0.32346  0.22317  7  79
558  546  0041  0.548  0.565   129   129  0.44946  0.15717  6  80
558  585  0042  0.542  0.543    17    17  0.14346  -0.28083  9  78
558  656  0043  0.609  0.616   154   154  0.28746  0.27117  8  78
558  610  0044  0.627  0.624    31    31  0.30546  -0.29883  8  75
558  425  0045  0.539  0.553   -89   -87  -0.55254  0.02517  5  75
558  681  0046  0.536  0.547  -163  -163  -0.13854  0.28317  8  77
558  632  0047  0.583  0.595   -35   -34  -0.35454  -0.23283  7  76
558  501  0048  0.613  0.621    41    41  0.39546  -0.26883  8  76
558  741  0049  0.559  0.568   179   178  0.02946  0.29517  8  78
601  600  0000  0.604  0.613  -112  -112  -0.55854  0.15717  6  76
601  424  0001  0.615  0.622    99    98  0.61746  0.00717  7  75
601  538  0002  0.552  0.554    69    69  0.50946  -0.13683  5  77
601  537  0003  0.544  0.553   -61   -59  -0.48654  -0.11283  3  78
601  632  0004  0.543  0.558   148   148  0.30546  0.22917  7  80
601  400  0005  0.560  0.557   -74   -77  -0.54654  -0.02883  5  77
601  711  0006  0.523  0.524     9     9  0.06546  -0.27483  9  78
601  487  0007  0.582  0.596    71    70  0.55146  -0.14283  6  76
601  607  0008  0.530  0.542    -2    -1  -0.03654  -0.28083  10  79
601  609  0009  0.589  0.609   -22   -21  -0.24054  -0.28083  9  78
601  563  0010  0.561  0.568    27    26  0.23946  -0.28083  9  79
601  628  0011  0.608  0.614   142   141  0.40146  0.22317  7  78
601  467  0012  0.599  0.607   -96   -96  -0.60054  0.07317  6  76
601  536  0013  0.511  0.529   -28   -28  -0.26454  -0.22683  9  76
601  592  0014  0.598  0.596  -148  -147  -0.30054  0.28317  8  77
601  663  0015  0.608  0.615    -4    -3  -0.06054  -0.31683  10  78
601  552  0016  0.611  0.612    25    25  0.24546  -0.30483  8  76
601  463  0017  0.587  0.601   -74   -74  -0.58254  -0.04683  5  76
601  620  0018  0.611  0.622   -22   -21  -0.24654  -0.28683  9  76
601  488  0019  0.565  0.572  -119  -118  -0.49254  0.17517  6  79
601  593  0020  0.539  0.552   -21   -20  -0.21054  -0.25683  8  77
601  619  0021  0.577  0.589   125   125  0.49146  0.14517  5  78
601  651  0022  0.549  0.568    23    23  0.20346  -0.28683  8  78
601  467  0023  0.602  0.611   103   102  0.59946  0.03117  6  76
601  525  0024  0.514  0.522  -105  -104  -0.49854  0.10317  5  75
601  534  0025  0.602  0.625  -134  -134  -0.42654  0.25917  8  78
601  655  0026  0.564  0.580    24    23  0.20946  -0.29283  8  78
601  537  0027  0.577  0.581  -133  -133  -0.40854  0.23517  7  78
601  650  0028  0.540  0.557   157   157  0.23346  0.25317  7  80
601  614  0029  0.599  0.600  -156  -155  -0.22854  0.30117  8  76
601  455  0030  0.611  0.615    98    97  0.61146  0.00117  6  76
601  594  0031  0.595  0.603  -149  -148  -0.29454  0.28917  9  78
601  749  0032  0.590  0.592   179   178  0.03546  0.30717  8  79
601  575  0033  0.556  0.576    37    36  0.32946  -0.26283  9  77
601  641  0034  0.628  0.625  -180   179  0.02346  0.32517  9  76
601  498  0035  0.572  0.576    77    77  0.55746  -0.10083  6  75
601  499  0036  0.605  0.611    40    40  0.37746  -0.26883  8  76
601  416  0037  0.630  0.626   -91   -90  -0.62454  0.04317  9  73
601  537  0038  0.543  0.545   111   110  0.51546  0.06717  3  76
601  613  0039  0.615  0.628  -123  -122  -0.51654  0.21117  8  76
601  464  0040  0.577  0.572    82    82  0.56346  -0.07683  6  73
601  585  0041  0.554  0.562   143   142  0.35346  0.21117  7  80
601  459  0042  0.559  0.561    55    55  0.44946  -0.19683  6  78
601  540  0043  0.567  0.574   -83   -83  -0.57054  0.00117  3  77
601  636  0044  0.588  0.593  -163  -163  -0.15054  0.30717  8  77
601  608  0045  0.602  0.611   146   145  0.35946  0.24117  7  78
601  534  0046  0.548  0.558   -61   -60  -0.49254  -0.11283  4  78
601  634  0047  0.538  0.555    -3    -3  -0.04854  -0.28683  9  79
601  504  0048  0.619  0.628   104   104  0.61146  0.04317  8  75
601  742  0049  0.582  0.582   177   177  0.04746  0.30117  8  78
43  210  0000  0.549  0.540   -96  -174  -0.03654  0.28317  9  72
43  208  0001  0.591  0.540  -108  -174  -0.03654  0.28317  9  72
43  207  0002  0.560  0.540    95  -174  -0.03654  0.28317  9  72
43  208  0003  0.609  0.540  -113  -174  -0.03654  0.28317  9  73
43  209  0004  0.529  0.540  -163  -174  -0.03654  0.28317  9  73
43  210  0005  0.621  0.540    11  -174  -0.03654  0.28317  9  73
43  211  0006  0.619  0.540  -117  -174  -0.03654  0.28317  9  73
43  211  0007  0.626  0.540   103  -174  -0.03654  0.28317  9  72
43  208  0008  0.547  0.540   -80  -174  -0.03654  0.28317  9  72
43  210  0009  0.576  0.540   -29  -174  -0.03654  0.28317  9  73
43  211  0010  0.583  0.540   -98  -174  -0.03654  0.28317  9  72
43  208  0011  0.625  0.540   -30  -174  -0.03654  0.28317  9  73
43  208  0012  0.582  0.540   -21  -174  -0.03654  0.28317  10  73
43  210  0013  0.521  0.540    73  -174  -0.03654  0.28317  9  72
43  210  0014  0.621  0.540   159  -174  -0.03654  0.28317  9  73
43  211  0015  0.585  0.540   143  -174  -0.03654  0.28317  9  73
43  209  0016  0.605  0.540   -74  -174  -0.03654  0.28317  9  72
43  210  0017  0.529  0.540   126  -174  -0.03654  0.28317  10  73
43  210  0018  0.542  0.540  -111  -174  -0.03654  0.28317  9  72
43  211  0019  0.619  0.540   104  -174  -0.03654  0.28317  9  72
43  208  0020  0.582  0.540    -6  -174  -0.03654  0.28317  10  73
43  210  0021  0.583  0.540   -24  -174  -0.03654  0.28317  10  73
43  211  0022  0.601  0.540   142  -174  -0.03654  0.28317  9  73
43  210  0023  0.566  0.540  -111  -174  -0.03654  0.28317  9  72
43  211  0024  0.566  0.540    45  -174  -0.03654  0.28317  9  73
43  211  0025  0.586  0.540    74  -174  -0.03654  0.28317  9  72
43  208  0026  0.559  0.540    18  -174  -0.03654  0.28317  10  73
43  210  0027  0.585  0.540   -14  -174  -0.03654  0.28317  9  73
43  208  0028  0.599  0.540    65  -174  -0.03654  0.28317  9  72
43  211  0029  0.600  0.540    56  -174  -0.03654  0.28317  9  73
43  210  0030  0.621  0.540   -15  -174  -0.03654  0.28317  9  73
43  211  0031  0.586  0.540   -97  -174  -0.03654  0.28317  9  72
43  210  0032  0.573  0.540    82  -174  -0.03654  0.28317  9  72
43  210  0033  0.590  0.540  -131  -174  -0.03654  0.28317  9  73
43  210  0034  0.522  0.540  -135  -174  -0.03654  0.28317  10  73
43  211  0035  0.593  0.540  -109  -174  -0.03654  0.28317  9  73
43  208  0036  0.572  0.540    99  -174  -0.03654  0.28317  9  72
43  210  0037  0.556  0.540    89  -174  -0.03654  0.28317  9  73
43  210  0038  0.582  0.540    57  -174  -0.03654  0.28317  9  73
43  211  0039  0.625  0.540     3  -174  -0.03654  0.28317  10  73
43  210  0040  0.519  0.540    49  -174  -0.03654  0.28317  9  73
43  208  0041  0.581  0.540    95  -174  -0.03654  0.28317  9  72
43  210  0042  0.584  0.540   -73  -174  -0.03654  0.28317  9  72
43  208  0043  0.589  0.540   -86  -174  -0.03654  0.28317  9  72
43  207  0044  0.582  0.540    61  -174  -0.03654  0.28317  9  73
43  210  0045  0.606  0.540    99  -174  -0.03654  0.28317  9  72
43  210  0046  0.514  0.540   123  -174  -0.03654  0.28317  10  73
43  210  0047  0.582  0.540   102  -174  -0.03654  0.28317  9  72
43  228  0048  0.619  0.623   138   138  0.42546  0.21717  10  73
43  210  0049  0.560  0.540   156  -174  -0.03654  0.28317  9  73
86  235  0000  0.557  0.555  -166  -165  -0.12054  0.28917  9  74
86  207  0001  0.546  0.540   -69  -174  -0.03654  0.28317  9  72
86  261  0002  0.630  0.625    28    28  0.28146  -0.30483  10  74
86  208  0003  0.598  0.540    -7  -174  -0.03654  0.28317  10  74
86  252  0004  0.573  0.551  -172  -173  -0.04254  0.28917  9  73
86  209  0005  0.583  0.540   108  -174  -0.03654  0.28317  9  72
86  272  0006  0.539  0.544  -179   179  0.02346  0.28317  9  73
86  209  0007  0.513  0.540  -130  -174  -0.03654  0.28317  10  73
86  208  0008  0.578  0.540   104  -174  -0.03654  0.28317  9  72
86  209  0009  0.519  0.540  -132  -174  -0.03654  0.28317  10  74
86  210  0010  0.619  0.540   -39  -174  -0.03654  0.28317  9  73
86  221  0011  0.606  0.575   170   170  0.11346  0.28917  9  73
86  209  0012  0.523  0.540   111  -174  -0.03654  0.28317  9  72
86  209  0013  0.555  0.540   142  -174  -0.03654  0.28317  9  73
86  214  0014  0.592  0.626   -67   -63  -0.57054  -0.10683  10  73
86  231  0015  0.558  0.560   174   171  0.10146  0.28317  9  74
86  209  0016  0.545  0.540  -108  -174  -0.03654  0.28317  9  72
86  207  0017  0.534  0.540   -68  -174  -0.03654  0.28317  9  72
86  209  0018  0.555  0.540    99  -174  -0.03654  0.28317  9  72
86  251  0019  0.540  0.539  -171  -173  -0.04254  0.28317  9  74
86  209  0020  0.567  0.540    42  -174  -0.03654  0.28317  10  73
86  226  0021  0.599  0.626   -65   -63  -0.57054  -0.10683  10  73
86  210  0022  0.522  0.540   -50  -174  -0.03654  0.28317  9  73
86  209  0023  0.609  0.540  -113  -174  -0.03654  0.28317  9  73
86  209  0024  0.543  0.540  -161  -174  -0.03654  0.28317  10  73
86  210  0025  0.558  0.540   -70  -174  -0.03654  0.28317  9  72
86  206  0026  0.546  0.540   129  -174  -0.03654  0.28317  10  73
86  208  0027  0.524  0.540     3  -174  -0.03654  0.28317  10  73
86  211  0028  0.585  0.540   112  -174  -0.03654  0.28317  9  73
86  210  0029  0.604  0.540  -109  -174  -0.03654  0.28317  9  73
86  222  0030  0.527  0.546  -162  -163  -0.13254  0.28317  10  73
86  226  0031  0.557  0.615   136   138  0.42546  0.21117  10  74
86  210  0032  0.576  0.540  -158  -174  -0.03654  0.28317  10  73
86  208  0033  0.579  0.540  -104  -174  -0.03654  0.28317  9  72
86  208  0034  0.586  0.540    61  -174  -0.03654  0.28317  9  73
86  208  0035  0.615  0.540   128  -174  -0.03654  0.28317  9  73
86  208  0036  0.587  0.540   -81  -174  -0.03654  0.28317  9  72
86  210  0037  0.544  0.540   -30  -174  -0.03654  0.28317  10  73
86  207  0038  0.530  0.540   -28  -174  -0.03654  0.28317  10  73
86  210  0039  0.564  0.540   -71  -174  -0.03654  0.28317  9  72
86  211  0040  0.582  0.540  -103  -174  -0.03654  0.28317  9  72
86  209  0041  0.525  0.540    86  -174  -0.03654  0.28317  9  74
86  209  0042  0.544  0.540  -137  -174  -0.03654  0.28317  10  74
86  208  0043  0.528  0.540   -42  -174  -0.03654  0.28317  9  73
86  210  0044  0.597  0.540    54  -174  -0.03654  0.28317  9  73
86  210  0045  0.540  0.540    25  -174  -0.03654  0.28317  10  73
86  208  0046  0.616  0.540    -9  -174  -0.03654  0.28317  10  73
86  210  0047  0.528  0.540  -146  -174  -0.03654  0.28317  10  73
86  211  0048  0.621  0.540   107  -174  -0.03654  0.28317  10  72
86  209  0049  0.587  0.540  -111  -174  -0.03654  0.28317  9  73
129  212  0000  0.604  0.540   114  -174  -0.03654  0.28317  9  73
129  242  0001  0.601  0.611    21    21  0.20346  -0.31083  10  74
129  207  0002  0.543  0.540   -37  -174  -0.03654  0.28317  10  73
129  208  0003  0.575  0.540    70  -174  -0.03654  0.28317  9  72
129  222  0004  0.546  0.606   132   137  0.42546  0.20517  9  74
129  210  0005  0.575  0.540   119  -174  -0.03654  0.28317  9  73
129  211  0006  0.616  0.540   144  -174  -0.03654  0.28317  9  74
129  210  0007  0.606  0.540   -46  -174  -0.03654  0.28317  9  73
129  205  0008  0.549  0.540  -117  -174  -0.03654  0.28317  9  73
129  208  0009  0.551  0.540  -156  -174  -0.03654  0.28317  10  74
129  209  0010  0.556  0.540   -43  -174  -0.03654  0.28317  9  74
129  246  0011  0.581  0.604     5     4  0.02346  -0.31683  10  74
129  257  0012  0.601  0.594   176   177  0.04746  0.30717  9  74
129  209  0013  0.624  0.540  -133  -174  -0.03654  0.28317  9  73
129  221  0014  0.540  0.545    81    84  0.53946  -0.06483  9  73
129  207  0015  0.560  0.540   -25  -174  -0.03654  0.28317  10  73
129  209  0016  0.605  0.540  -153  -174  -0.03654  0.28317  10  74
129  211  0017  0.600  0.540  -155  -174  -0.03654  0.28317  10  74
129  207  0018  0.537  0.540   -94  -174  -0.03654  0.28317  9  71
129  206  0019  0.528  0.540    43  -174  -0.03654  0.28317  10  73
129  204  0020  0.515  0.540    66  -174  -0.03654  0.28317  9  72
129  205  0021  0.549  0.540  -119  -174  -0.03654  0.28317  9  73
129  209  0022  0.556  0.540     0  -174  -0.03654  0.28317  10  74
129  211  0023  0.629  0.540  -128  -174  -0.03654  0.28317  9  73
129  209  0024  0.550  0.540   -31  -174  -0.03654  0.28317  10  74
129  250  0025  0.621  0.628    11    11  0.10746  -0.32883  10  74
129  210  0026  0.572  0.540    75  -174  -0.03654  0.28317  9  72
129  208  0027  0.551  0.540   100  -174  -0.03654  0.28317  9  71
129  210  0028  0.527  0.580   150   151  0.29346  0.24717  9  74
129  265  0029  0.575  0.606   134   137  0.42546  0.20517  9  74
129  214  0030  0.566  0.582   -10    -9  -0.11454  -0.29283  10  74
129  241  0031  0.623  0.610   171   170  0.11946  0.30717  10  74
129  226  0032  0.597  0.618    14    12  0.11346  -0.32283  10  74
129  211  0033  0.602  0.540   -72  -174  -0.03654  0.28317  9  72
129  209  0034  0.627  0.540   -24  -174  -0.03654  0.28317  9  73
129  208  0035  0.547  0.540   -45  -174  -0.03654  0.28317  9  73
129  209  0036  0.579  0.540   -63  -174  -0.03654  0.28317  9  73
129  211  0037  0.622  0.540    73  -174  -0.03654  0.28317  9  72
129  209  0038  0.558  0.540   -80  -174  -0.03654  0.28317  9  72
129  212  0039  0.569  0.539  -169  -173  -0.04254  0.28317  10  75
129  256  0040  0.610  0.563  -176  -174  -0.03054  0.29517  9  73
129  208  0041  0.543  0.540    70  -174  -0.03654  0.28317  9  72
129  208  0042  0.572  0.540   -69  -174  -0.03654  0.28317  9  72
129  207  0043  0.566  0.540  -109  -174  -0.03654  0.28317  9  72
129  209  0044  0.570  0.540    69  -174  -0.03654  0.28317  9  72
129  209  0045  0.596  0.540    54  -174  -0.03654  0.28317  9  73
129  210  0046  0.567  0.540   -72  -174  -0.03654  0.28317  9  71
129  208  0047  0.568  0.540    68  -174  -0.03654  0.28317  9  72
129  206  0048  0.558  0.540  -143  -174  -0.03654  0.28317  10  74
129  209  0049  0.512  0.540  -110  -174  -0.03654  0.28317  9  72
172  248  0000  0.513  0.578   162   163  0.18546  0.27717  9  74
172  209  0001  0.575  0.540   -97  -174  -0.03654  0.28317  9  73
172  227  0002  0.513  0.536  -160  -163  -0.13854  0.27717  10  74
172  219  0003  0.591  0.623   113   115  0.56946  0.10317  9  74
172  211  0004  0.595  0.622   -23   -21  -0.24654  -0.28683  10  74
172  210  0005  0.598  0.540   109  -174  -0.03654  0.28317  9  73
172  275  0006  0.599  0.628    11    11  0.10146  -0.32883  10  75
172  312  0007  0.571  0.567  -165  -165  -0.12654  0.29517  9  74
172  203  0008  0.556  0.540    93  -174  -0.03654  0.28317  8  73
172  288  0009  0.624  0.628   -66   -64  -0.57654  -0.10083  10  74
172  207  0010  0.628  0.540  -133  -174  -0.03654  0.28317  9  73
172  285  0011  0.557  0.586   152   152  0.28746  0.25317  9  74
172  207  0012  0.549  0.540   -34  -174  -0.03654  0.28317  10  75
172  236  0013  0.607  0.630  -162  -162  -0.16854  0.32517  10  74
172  205  0014  0.549  0.540    53  -174  -0.03654  0.28317  10  73
172  243  0015  0.551  0.606   132   137  0.42546  0.20517  9  75
172  304  0016  0.624  0.627     4     4  0.02346  -0.32883  10  74
172  209  0017  0.517  0.540  -149  -174  -0.03654  0.28317  10  75
172  210  0018  0.599  0.540    93  -174  -0.03654  0.28317  9  72
172  206  0019  0.523  0.540  -100  -174  -0.03654  0.28317  9  72
172  273  0020  0.599  0.579  -165  -164  -0.13254  0.30117  9  74
172  225  0021  0.592  0.623   114   115  0.56946  0.10317  9  74
172  211  0022  0.611  0.540    70  -174  -0.03654  0.28317  9  72
172  206  0023  0.564  0.540    73  -174  -0.03654  0.28317  9  72
172  204  0024  0.518  0.540    97  -174  -0.03654  0.28317  9  73
172  204  0025  0.529  0.540   -61  -174  -0.03654  0.28317  9  73
172  207  0026  0.553  0.540   -54  -174  -0.03654  0.28317  9  73
172  230  0027  0.521  0.517    22    21  0.17346  -0.26283  10  75
172  327  0028  0.537  0.534   168   168  0.12546  0.26517  10  75
172  206  0029  0.563  0.540   103  -174  -0.03654  0.28317  8  71
172  209  0030  0.574  0.540   107  -174  -0.03654  0.28317  8  72
172  258  0031  0.611  0.627   117   116  0.56946  0.10917  10  74
172  284  0032  0.618  0.628   -67   -64  -0.57654  -0.10083  10  73
172  247  0033  0.599  0.628    10    11  0.10146  -0.32883  10  75
172  244  0034  0.595  0.605   -10    -8  -0.11454  -0.30483  10  75
172  210  0035  0.614  0.540    45  -174  -0.03654  0.28317  9  73
172  210  0036  0.603  0.540     8  -174  -0.03654  0.28317  10  74
172  271  0037  0.616  0.622    22    21  0.20346  -0.31683  10  74
172  206  0038  0.581  0.540   101  -174  -0.03654  0.28317  9  72
172  268  0039  0.577  0.622    28    28  0.27546  -0.30483  10  74
172  263  0040  0.568  0.579    -8    -8  -0.10254  -0.29283  10  75
172  245  0041  0.536  0.558   -10    -9  -0.10854  -0.28083  10  75
172  211  0042  0.610  0.540   120  -174  -0.03654  0.28317  9  73
172  273  0043  0.546  0.575   158   158  0.22746  0.26517  9  75
172  207  0044  0.568  0.540    94  -174  -0.03654  0.28317  8  72
172  208  0045  0.591  0.540   -53  -174  -0.03654  0.28317  9  73
172  211  0046  0.615  0.540  -117  -174  -0.03654  0.28317  9  73
172  205  0047  0.607  0.540   107  -174  -0.03654  0.28317  9  72
172  207  0048  0.581  0.540   115  -174  -0.03654  0.28317  9  73
172  209  0049  0.588  0.540    67  -174  -0.03654  0.28317  9  73
215  300  0000  0.618  0.610   161   159  0.23346  0.28317  9  74
215  239  0001  0.610  0.620    25    27  0.26946  -0.30483  10  75
215  206  0002  0.611  0.540   -54  -174  -0.03654  0.28317  9  74
215  268  0003  0.563  0.577   130   129  0.45546  0.16317  9  76
215  300  0004  0.524  0.514    13    12  0.08946  -0.26883  10  75
215  207  0005  0.572  0.540    55  -174  -0.03654  0.28317  9  73
215  219  0006  0.581  0.513     8     9  0.07146  -0.26883  11  76
215  315  0007  0.624  0.629     2     2  0.00546  -0.32883  10  74
215  209  0008  0.573  0.540    97  -174  -0.03654  0.28317  8  73
215  271  0009  0.519  0.514    47    48  0.37146  -0.20283  10  75
215  214  0010  0.553  0.553    67    67  0.50346  -0.14283  9  74
215  208  0011  0.580  0.540   -52  -174  -0.03654  0.28317  9  74
215  208  0012  0.566  0.540    41  -174  -0.03654  0.28317  10  75
215  257  0013  0.586  0.600   124   125  0.49746  0.15117  9  74
215  207  0014  0.559  0.540    56  -174  -0.03654  0.28317  9  73
215  295  0015  0.527  0.514    13    12  0.08946  -0.26883  10  75
215  271  0016  0.519  0.534   -31   -30  -0.28854  -0.22083  10  74
215  282  0017  0.555  0.614    32    29  0.28146  -0.29883  10  73
215  315  0018  0.575  0.604   148   150  0.31746  0.25317  9  75
215  252  0019  0.533  0.510   126   124  0.43146  0.12117  10  76
215  291  0020  0.616  0.630   -21   -20  -0.24054  -0.29283  10  74
215  206  0021  0.554  0.540    70  -174  -0.03654  0.28317  9  73
215  279  0022  0.537  0.533  -131  -131  -0.38454  0.21117  9  74
215  215  0023  0.560  0.622    27    28  0.27546  -0.30483  11  75
215  404  0024  0.520  0.540  -175  -174  -0.03054  0.28317  9  74
215  209  0025  0.588  0.540    61  -174  -0.03654  0.28317  9  74
215  241  0026  0.537  0.525  -119  -117  -0.45654  0.15717  9  74
215  368  0027  0.586  0.608   157   157  0.25146  0.27717  9  75
215  203  0028  0.520  0.540   -87  -174  -0.03654  0.28317  9  72
215  313  0029  0.586  0.606     2     2  0.00546  -0.31683  10  75
215  290  0030  0.629  0.630   -20   -20  -0.24054  -0.29283  10  74
215  373  0031  0.583  0.589   164   163  0.18546  0.28317  9  74
215  209  0032  0.601  0.540  -105  -174  -0.03654  0.28317  9  73
215  405  0033  0.541  0.544  -180   179  0.02346  0.28317  9  74
215  348  0034  0.547  0.580   162   162  0.19146  0.27717  9  75
215  248  0035  0.599  0.622  -121  -121  -0.51654  0.20517  9  74
215  275  0036  0.627  0.630  -163  -162  -0.16854  0.32517  10  74
215  209  0037  0.596  0.540    45  -174  -0.03654  0.28317  10  74
215  210  0038  0.613  0.540    59  -174  -0.03654  0.28317  9  74
215  320  0039  0.556  0.586   152   152  0.28746  0.25317  9  75
215  328  0040  0.617  0.630  -143  -143  -0.35454  0.28917  10  75
215  216  0041  0.622  0.629  -131  -129  -0.46854  0.24117  10  74
215  333  0042  0.584  0.567  -165  -165  -0.12654  0.29517  9  74
215  210  0043  0.565  0.540    45  -174  -0.03654  0.28317  10  75
215  400  0044  0.516  0.533  -180   179  0.02346  0.27717  9  74
215  205  0045  0.570  0.540   104  -174  -0.03654  0.28317  8  72
215  321  0046  0.595  0.618    13    12  0.11346  -0.32283  10  75
215  204  0047  0.541  0.540    97  -174  -0.03654  0.28317  8  73
215  252  0048  0.543  0.541    92    88  0.53946  -0.04083  8  73
215  205  0049  0.555  0.540   -97  -174  -0.03654  0.28317  9  72
258  224  0000  0.533  0.539   -44   -43  -0.38454  -0.17883  9  75
258  260  0001  0.569  0.572  -161  -162  -0.15654  0.29517  9  75
258  386  0002  0.609  0.622   -34   -34  -0.36654  -0.24483  9  74
258  232  0003  0.573  0.582   -54   -54  -0.48654  -0.14283  9  74
258  204  0004  0.516  0.545    37   178  0.02946  0.28317  10  72
258  288  0005  0.579  0.586  -150  -149  -0.27654  0.28317  10  75
258  234  0006  0.550  0.544    54    53  0.42546  -0.19683  9  74
258  268  0007  0.606  0.606  -151  -150  -0.27654  0.29517  10  75
258  339  0008  0.604  0.625   -61   -61  -0.55854  -0.11883  9  74
258  205  0009  0.545  0.540    75  -174  -0.03654  0.28317  9  74
258  212  0010  0.552  0.566  -128  -128  -0.43254  0.21117  9  75
258  215  0011  0.549  0.553  -101   -99  -0.54054  0.08517  9  73
258  266  0012  0.537  0.557   126   126  0.45546  0.14517  8  76
258  204  0013  0.553  0.540    74  -174  -0.03654  0.28317  8  73
258  308  0014  0.600  0.621  -161  -161  -0.18054  0.31917  10  75
258  256  0015  0.624  0.629  -131  -129  -0.46854  0.24117  9  74
258  419  0016  0.604  0.627    30    29  0.28746  -0.30483  10  74
258  203  0017  0.530  0.540   104  -174  -0.03654  0.28317  8  73
258  388  0018  0.613  0.631   -62   -61  -0.56454  -0.11883  9  74
258  358  0019  0.566  0.598   135   136  0.42546  0.19917  8  75
258  229  0020  0.593  0.601    97    95  0.59946  -0.01083  8  74
258  275  0021  0.594  0.583   -27   -27  -0.28854  -0.25083  9  75
258  215  0022  0.522  0.534   -23   -21  -0.21654  -0.24483  10  74
258  406  0023  0.562  0.578   163   163  0.18546  0.27717  9  75
258  347  0024  0.544  0.561   175   176  0.05346  0.28917  9  76
258  421  0025  0.521  0.541   170   169  0.11346  0.27117  9  75
258  212  0026  0.542  0.572   121   124  0.47946  0.13917  8  75
258  204  0027  0.534  0.540   120  -174  -0.03654  0.28317  8  75
258  202  0028  0.546  0.540   101  -174  -0.03654  0.28317  7  72
258  409  0029  0.529  0.547   172   171  0.09546  0.27717  9  75
258  311  0030  0.555  0.557   -30   -30  -0.29454  -0.23283  9  75
258  211  0031  0.627  0.630    40    40  0.39546  -0.27483  10  74
258  273  0032  0.529  0.563   -18   -17  -0.18654  -0.26883  10  75
258  354  0033  0.588  0.617    12    12  0.10746  -0.32283  10  75
258  338  0034  0.619  0.627   116   116  0.56946  0.10917  9  74
258  318  0035  0.614  0.630  -162  -162  -0.16854  0.32517  10  74
258  321  0036  0.603  0.614   -20   -19  -0.22854  -0.28683  10  74
258  205  0037  0.512  0.540  -109  -174  -0.03654  0.28317  9  73
258  344  0038  0.590  0.603    -9    -8  -0.10854  -0.30483  10  75
258  244  0039  0.589  0.595    96    95  0.59346  -0.01083  8  74
258  265  0040  0.552  0.549   -33   -32  -0.31254  -0.22083  9  75
258  207  0041  0.597  0.540    41  -174  -0.03654  0.28317  10  74
258  408  0042  0.625  0.627   138   138  0.43146  0.21717  9  74
258  234  0043  0.594  0.609   -57   -56  -0.51654  -0.14283  8  75
258  333  0044  0.524  0.537  -161  -162  -0.14454  0.27717  10  74
258  343  0045  0.597  0.626   -63   -62  -0.56454  -0.11283  9  74
258  238  0046  0.580  0.612   114   114  0.56346  0.09717  8  74
258  352  0047  0.590  0.590   167   166  0.16146  0.28917  9  75
258  205  0048  0.592  0.540   106  -174  -0.03654  0.28317  8  73
258  392  0049  0.615  0.629    31    29  0.29346  -0.30483  10  74
301  293  0000  0.591  0.623   -70   -65  -0.57654  -0.09483  9  73
301  324  0001  0.591  0.605   143   143  0.37746  0.22917  9  76
301  268  0002  0.534  0.549   -87   -84  -0.54654  0.00717  8  73
301  366  0003  0.543  0.542    88    87  0.53946  -0.04683  7  74
301  359  0004  0.601  0.607   127   126  0.49746  0.15717  8  74
301  311  0005  0.547  0.586   -37   -35  -0.35454  -0.22683  9  75
301  289  0006  0.606  0.610   -25   -25  -0.28254  -0.26883  10  75
301  345  0007  0.575  0.590   -47   -46  -0.43854  -0.18483  8  74
301  330  0008  0.606  0.610   -11   -10  -0.13254  -0.30483  10  75
301  342  0009  0.566  0.582    25    23  0.21546  -0.29283  10  75
301  354  0010  0.554  0.560   -28   -28  -0.28254  -0.23883  9  75
301  367  0011  0.602  0.581   174   172  0.09546  0.29517  9  75
301  301  0012  0.614  0.627   -28   -27  -0.31254  -0.26883  10  75
301  204  0013  0.516  0.545    36   178  0.02946  0.28317  10  73
301  374  0014  0.562  0.577    22    22  0.19746  -0.29283  9  75
301  387  0015  0.543  0.571   165   164  0.16746  0.27717  9  76
301  319  0016  0.558  0.553    48    49  0.40746  -0.21483  9  75
301  265  0017  0.591  0.581     8     7  0.05946  -0.30483  10  75
301  387  0018  0.552  0.566   166   166  0.15546  0.27717  9  76
301  228  0019  0.560  0.567   112   111  0.53346  0.07317  7  74
301  370  0020  0.586  0.602  -141  -141  -0.35454  0.27117  9  76
301  293  0021  0.578  0.576    16    15  0.13746  -0.29883  9  75
301  263  0022  0.592  0.610    70    68  0.55746  -0.15483  9  74
301  251  0023  0.524  0.527   -65   -64  -0.48054  -0.08883  7  75
301  350  0024  0.623  0.629   -37   -36  -0.39054  -0.23883  9  75
301  353  0025  0.571  0.593  -143  -143  -0.33654  0.27117  9  76
301  312  0026  0.542  0.537    46    47  0.38346  -0.21483  9  75
301  293  0027  0.614  0.629    50    50  0.47346  -0.23883  9  74
301  207  0028  0.600  0.540   -96  -174  -0.03654  0.28317  9  74
301  331  0029  0.583  0.606   -22   -20  -0.23454  -0.28083  10  75
301  318  0030  0.612  0.619    15    13  0.12546  -0.32283  10  74
301  255  0031  0.520  0.537   -86   -83  -0.53454  0.00117  8  72
301  329  0032  0.530  0.518    22    22  0.17946  -0.26283  10  76
301  347  0033  0.615  0.626   -43   -43  -0.44454  -0.20883  9  75
301  384  0034  0.550  0.559  -162  -163  -0.14454  0.28917  9  75
301  270  0035  0.571  0.591  -106  -106  -0.55854  0.12717  8  74
301  342  0036  0.549  0.574   126   127  0.46746  0.15117  8  76
301  297  0037  0.526  0.543    69    68  0.49746  -0.13683  8  74
301  249  0038  0.582  0.599    65    65  0.53346  -0.16683  9  75
301  230  0039  0.559  0.551  -118  -117  -0.48054  0.16317  9  75
301  343  0040  0.619  0.626   119   117  0.56346  0.11517  9  74
301  367  0041  0.581  0.600   133   135  0.43746  0.19317  8  76
301  270  0042  0.591  0.603    60    58  0.50346  -0.19683  8  75
301  328  0043  0.526  0.540   -82   -80  -0.53454  -0.01083  7  73
301  303  0044  0.512  0.541   148   149  0.29346  0.22317  9  75
301  480  0045  0.572  0.569   178   178  0.03546  0.29517  8  75
301  222  0046  0.602  0.606   -51   -52  -0.49254  -0.16083  9  74
301  365  0047  0.528  0.534    51    50  0.40146  -0.20283  9  75
301  226  0048  0.565  0.572  -158  -157  -0.20454  0.28917  10  75
301  204  0049  0.604  0.540   -83  -174  -0.03654  0.28317  8  74
344  221  0000  0.538  0.548   103   104  0.53346  0.03717  7  73
344  293  0001  0.523  0.536    74    72  0.50346  -0.11883  8  74
344  367  0002  0.541  0.571     3     3  0.01146  -0.29883  10  76
344  305  0003  0.583  0.602   -61   -60  -0.53454  -0.11883  7  75
344  202  0004  0.553  0.540  -111  -174  -0.03654  0.28317  8  75
344  247  0005  0.572  0.585    99    97  0.58146  0.00117  7  74
344  341  0006  0.617  0.630  -135  -136  -0.42054  0.26517  9  74
344  275  0007  0.521  0.527  -109  -108  -0.49254  0.12117  8  74
344  409  0008  0.629  0.627    53    53  0.49146  -0.22683  9  74
344  469  0009  0.601  0.622    28    28  0.27546  -0.30483  10  74
344  359  0010  0.605  0.612  -114  -113  -0.55254  0.16317  8  74
344  362  0011  0.590  0.591  -149  -148  -0.28854  0.28317  9  76
344  404  0012  0.560  0.573    -6    -5  -0.07854  -0.29283  10  76
344  337  0013  0.510  0.512   -37   -35  -0.31254  -0.19683  10  75
344  362  0014  0.517  0.526   153   153  0.25146  0.22917  9  77
344  205  0015  0.558  0.540    98  -174  -0.03654  0.28317  7  74
344  326  0016  0.572  0.587   -43   -43  -0.41454  -0.19683  8  76
344  482  0017  0.567  0.570   173   172  0.09546  0.28917  9  76
344  400  0018  0.527  0.556   159   159  0.20946  0.25917  9  76
344  298  0019  0.561  0.582    59    58  0.48546  -0.19083  8  75
344  335  0020  0.628  0.630   -28   -28  -0.31854  -0.26883  9  75
344  327  0021  0.619  0.619  -151  -150  -0.28254  0.30117  10  75
344  452  0022  0.541  0.567   162   162  0.18546  0.27117  8  76
344  347  0023  0.619  0.622  -115  -113  -0.55854  0.16917  9  74
344  352  0024  0.538  0.551   -15   -14  -0.15654  -0.26883  10  76
344  237  0025  0.597  0.613   107   108  0.58746  0.06117  8  74
344  357  0026  0.523  0.541  -139  -138  -0.34254  0.23517  10  76
344  358  0027  0.584  0.600   -48   -46  -0.45054  -0.18483  8  75
344  376  0028  0.616  0.617   131   129  0.48546  0.17517  8  75
344  428  0029  0.601  0.604   -15   -15  -0.18054  -0.29283  9  75
344  421  0030  0.570  0.593   138   138  0.40746  0.20517  8  76
344  286  0031  0.526  0.517    32    32  0.26346  -0.24483  11  75
344  337  0032  0.608  0.627     9    10  0.08946  -0.32883  10  76
344  278  0033  0.526  0.536   -57   -57  -0.46254  -0.11883  8  75
344  338  0034  0.617  0.626    44    44  0.41946  -0.26283  9  74
344  377  0035  0.601  0.602  -156  -155  -0.23454  0.30117  9  75
344  356  0036  0.514  0.515   145   144  0.31146  0.19917  10  76
344  265  0037  0.580  0.587  -101  -101  -0.57054  0.09717  8  74
344  332  0038  0.601  0.619    44    43  0.40746  -0.26283  9  75
344  363  0039  0.625  0.630  -125  -123  -0.51054  0.21717  9  74
344  422  0040  0.581  0.598   148   149  0.32346  0.24717  8  76
344  307  0041  0.571  0.570   -80   -80  -0.56454  -0.01083  7  74
344  305  0042  0.622  0.629  -134  -134  -0.43254  0.25917  9  74
344  355  0043  0.544  0.562    26    25  0.22146  -0.28083  9  76
344  343  0044  0.600  0.612  -115  -114  -0.54654  0.16917  8  74
344  280  0045  0.627  0.627   -52   -53  -0.51654  -0.16083  10  74
344  387  0046  0.563  0.591   -35   -34  -0.34854  -0.23283  8  75
344  392  0047  0.591  0.621   -65   -63  -0.56454  -0.10683  8  74
344  211  0048  0.606  0.540    87  -174  -0.03654  0.28317  9  70
344  383  0049  0.574  0.576  -138  -137  -0.37254  0.24717  9  77
387  261  0000  0.559  0.578    97    96  0.57546  -0.00483  6  74
387  424  0001  0.548  0.567  -151  -151  -0.25254  0.27717  9  76
387  371  0002  0.559  0.571    41    40  0.35346  -0.25083  9  76
387  473  0003  0.587  0.601    -8    -7  -0.10254  -0.30483  10  76
387  460  0004  0.609  0.617    -5    -4  -0.07254  -0.31683  10  76
387  502  0005  0.551  0.572   161   161  0.19746  0.27117  8  77
387  249  0006  0.598  0.601    88    90  0.59946  -0.03483  8  72
387  525  0007  0.517  0.529  -177  -176  -0.01254  0.27717  9  77
387  274  0008  0.563  0.564    70    69  0.52146  -0.13683  7  75
387  428  0009  0.535  0.559   152   152  0.27546  0.24117  8  77
387  371  0010  0.562  0.569   -58   -58  -0.49254  -0.12483  7  75
387  334  0011  0.566  0.572   -87   -86  -0.57054  0.01917  6  75
387  350  0012  0.625  0.629    49    50  0.47346  -0.23883  9  74
387  411  0013  0.544  0.571     3     3  0.01146  -0.29883  9  76
387  516  0014  0.613  0.604   178   178  0.04146  0.31317  9  74
387  402  0015  0.551  0.570   -48   -47  -0.43254  -0.17283  8  75
387  484  0016  0.629  0.630   156   156  0.27546  0.28317  9  76
387  315  0017  0.569  0.577   -96   -95  -0.57054  0.06717  7  74
387  313  0018  0.575  0.578   -86   -85  -0.57654  0.01317  6  75
387  334  0019  0.564  0.589    58    57  0.48546  -0.19683  8  75
387  434  0020  0.597  0.615    35    34  0.32946  -0.28683  10  75
387  534  0021  0.589  0.608   157   157  0.25146  0.27717  8  77
387  514  0022  0.594  0.590  -180   179  0.02346  0.30717  8  76
387  312  0023  0.529  0.532   -65   -64  -0.48654  -0.08883  6  75
387  394  0024  0.627  0.630   128   127  0.50946  0.16917  9  74
387  290  0025  0.610  0.620   -86   -86  -0.61854  0.01917  8  74
387  542  0026  0.514  0.532   169   168  0.11946  0.26517  9  76
387  424  0027  0.520  0.532   -13   -12  -0.13254  -0.26283  10  76
387  416  0028  0.574  0.579   -27   -27  -0.28254  -0.25083  9  76
387  468  0029  0.626  0.630  -143  -143  -0.35454  0.28917  9  75
387  291  0030  0.552  0.559   106   106  0.53946  0.04917  7  74
387  419  0031  0.521  0.536  -138  -137  -0.34854  0.22917  9  76
387  502  0032  0.567  0.562  -172  -172  -0.05454  0.29517  8  76
387  443  0033  0.627  0.627   117   116  0.56946  0.10917  9  74
387  468  0034  0.585  0.600   134   135  0.43746  0.19317  8  76
387  251  0035  0.624  0.631   -98   -98  -0.61854  0.09117  10  73
387  421  0036  0.558  0.574     0     0  -0.02454  -0.29883  9  77
387  311  0037  0.510  0.514   -68   -67  -0.48054  -0.07083  7  75
387  335  0038  0.518  0.537   -85   -83  -0.53454  0.00117  7  72
387  462  0039  0.545  0.524    10    10  0.07746  -0.27483  10  77
387  415  0040  0.612  0.612   131   130  0.47946  0.17517  8  75
387  263  0041  0.544  0.546    58    58  0.45546  -0.17883  8  75
387  318  0042  0.606  0.607    93    93  0.60546  -0.02283  8  74
387  344  0043  0.581  0.586    44    44  0.39546  -0.24483  9  75
387  352  0044  0.534  0.537   113   112  0.50346  0.07317  6  75
387  370  0045  0.624  0.623   -25   -25  -0.28854  -0.27483  9  74
387  295  0046  0.514  0.532    79    81  0.52146  -0.07683  7  75
387  379  0047  0.584  0.607    19    19  0.18546  -0.31083  10  76
387  428  0048  0.548  0.566   -18   -17  -0.19254  -0.26883  9  76
387  339  0049  0.611  0.616   -53   -54  -0.51054  -0.15483  8  74
429  296  0000  0.539  0.548   103   104  0.53346  0.03717  6  74
429  428  0001  0.610  0.630   -27   -26  -0.30054  -0.27483  9  76
429  518  0002  0.626  0.628   -65   -64  -0.57654  -0.10083  9  74
429  327  0003  0.597  0.608   -87   -87  -0.60654  0.02517  6  76
429  484  0004  0.565  0.578   -15   -15  -0.16854  -0.28083  9  76
429  374  0005  0.533  0.542  -101  -100  -0.52854  0.08517  6  73
429  483  0006  0.571  0.582   130   129  0.46146  0.16317  7  78
429  510  0007  0.608  0.611    -7    -7  -0.09654  -0.31083  9  76
429  283  0008  0.627  0.629    81    81  0.61746  -0.08883  11  71
429  250  0009  0.606  0.629    83    81  0.61746  -0.08883  9  71
429  421  0010  0.582  0.610  -160  -160  -0.18054  0.31317  10  76
429  402  0011  0.601  0.616     9     9  0.08346  -0.32283  10  77
429  461  0012  0.562  0.581  -143  -143  -0.33054  0.26517  9  77
429  388  0013  0.580  0.587   -54   -55  -0.49254  -0.14283  7  75
429  489  0014  0.521  0.515    21    20  0.16746  -0.26283  10  77
429  394  0015  0.606  0.615   -55   -55  -0.51654  -0.14883  8  75
429  519  0016  0.583  0.580  -164  -164  -0.13854  0.30117  8  76
429  362  0017  0.577  0.588   112   112  0.55146  0.07917  6  75
429  494  0018  0.542  0.545    83    84  0.53946  -0.06483  5  74
429  439  0019  0.620  0.622  -178  -177  -0.00054  0.32517  10  76
429  462  0020  0.578  0.582   -13   -13  -0.15054  -0.28683  9  77
429  356  0021  0.520  0.527  -106  -104  -0.50454  0.10317  7  74
429  455  0022  0.590  0.613    56    55  0.49146  -0.21483  8  75
429  395  0023  0.522  0.530   134   134  0.38946  0.16917  9  77
429  409  0024  0.531  0.543    79    81  0.53346  -0.07683  6  75
429  474  0025  0.530  0.551   158   158  0.22146  0.25317  8  77
429  545  0026  0.589  0.586  -176  -175  -0.02454  0.30717  9  76
429  344  0027  0.565  0.573   111   111  0.53946  0.07317  6  75
429  555  0028  0.596  0.614   150   150  0.31746  0.25917  8  77
429  437  0029  0.536  0.541    92    90  0.53946  -0.03483  5  75
429  496  0030  0.616  0.627   117   116  0.56946  0.10917  8  75
429  536  0031  0.603  0.617    12    12  0.10746  -0.32283  10  76
429  448  0032  0.539  0.540    15    15  0.12546  -0.28083  9  77
429  398  0033  0.538  0.549   -86   -84  -0.54654  0.00717  6  74
429  312  0034  0.520  0.524    99    96  0.52146  -0.00483  7  75
429  564  0035  0.574  0.574  -173  -173  -0.04854  0.30117  8  76
429  547  0036  0.613  0.613   164   163  0.19146  0.29517  9  75
429  463  0037  0.619  0.619   -10    -9  -0.12654  -0.31083  9  75
429  459  0038  0.603  0.620   -38   -37  -0.39054  -0.23283  8  76
429  353  0039  0.565  0.575   -61   -60  -0.51054  -0.11283  6  76
429  311  0040  0.606  0.609    73    73  0.57546  -0.13083  9  73
429  495  0041  0.535  0.548   -10   -10  -0.11454  -0.27483  9  77
429  308  0042  0.540  0.536  -107  -105  -0.51054  0.10917  7  75
429  365  0043  0.573  0.589    96    95  0.58746  -0.01083  6  74
429  475  0044  0.595  0.595   131   130  0.46746  0.16917  7  76
429  255  0045  0.538  0.537    99    97  0.53346  0.00117  6  75
429  415  0046  0.616  0.630   -29   -28  -0.31854  -0.26883  9  77
429  429  0047  0.556  0.561  -161  -161  -0.15654  0.28917  9  76
429  416  0048  0.566  0.572   -32   -31  -0.31854  -0.23283  8  77
429  521  0049  0.535  0.548  -162  -162  -0.14454  0.28317  9  75
472  414  0000  0.589  0.599  -105  -105  -0.57054  0.12117  7  75
472  393  0001  0.610  0.615   123   123  0.52146  0.14517  8  75
472  533  0002  0.585  0.598  -169  -168  -0.09654  0.31317  9  78
472  448  0003  0.528  0.528    94    92  0.52746  -0.02283  6  75
472  535  0004  0.605  0.620    55    54  0.49146  -0.22083  7  75
472  473  0005  0.597  0.603  -149  -148  -0.29454  0.28917  9  77
472  395  0006  0.584  0.599    64    63  0.52746  -0.17283  7  76
472  355  0007  0.600  0.616   104   104  0.59946  0.04317  7  75
472  454  0008  0.594  0.623  -159  -160  -0.19254  0.31917  10  77
472  501  0009  0.542  0.545    48    48  0.39546  -0.21483  8  76
472  380  0010  0.568  0.587  -117  -117  -0.51054  0.17517  7  76
472  431  0011  0.522  0.523    28    27  0.22746  -0.25683  10  77
472  455  0012  0.629  0.630   -28   -28  -0.31854  -0.26883  9  76
472  425  0013  0.532  0.538   108   108  0.51546  0.05517  5  75
472  409  0014  0.511  0.529    71    70  0.49146  -0.12483  7  74
472  467  0015  0.522  0.528  -160  -160  -0.15654  0.27117  9  76
472  386  0016  0.576  0.583   -87   -87  -0.58254  0.02517  5  76
472  416  0017  0.537  0.545    28    27  0.23346  -0.26883  9  77
472  525  0018  0.603  0.620  -170  -170  -0.08454  0.32517  10  78
472  596  0019  0.545  0.547   168   168  0.13146  0.27117  9  78
472  452  0020  0.557  0.594    32    30  0.28146  -0.28683  10  75
472  454  0021  0.579  0.593    59    58  0.49146  -0.19683  7  75
472  545  0022  0.550  0.566   166   166  0.15546  0.27717  8  78
472  516  0023  0.610  0.618   -44   -44  -0.44454  -0.20283  8  75
472  408  0024  0.530  0.532    30    30  0.25146  -0.25683  10  77
472  444  0025  0.600  0.613  -130  -129  -0.45654  0.23517  7  75
472  551  0026  0.613  0.623    22    21  0.20946  -0.31683  9  76
472  439  0027  0.597  0.615    43    42  0.40146  -0.26283  9  76
472  532  0028  0.538  0.562   158   158  0.22146  0.25917  8  78
472  601  0029  0.571  0.570   173   172  0.09546  0.28917  9  78
472  477  0030  0.597  0.598  -150  -149  -0.28254  0.28917  9  76
472  501  0031  0.597  0.614   -62   -62  -0.55254  -0.11283  7  75
472  334  0032  0.573  0.591    72    71  0.55146  -0.13683  7  75
472  321  0033  0.515  0.531   -95   -98  -0.52254  0.07317  7  72
472  576  0034  0.574  0.569  -164  -163  -0.13854  0.29517  8  77
472  546  0035  0.596  0.605    -9    -8  -0.11454  -0.30483  9  77
472  521  0036  0.623  0.621  -169  -169  -0.09654  0.32517  10  75
472  621  0037  0.580  0.579  -180   179  0.02346  0.30117  8  77
472  424  0038  0.550  0.551  -157  -156  -0.20454  0.27717  10  77
472  481  0039  0.618  0.630  -136  -136  -0.42054  0.26517  8  75
472  617  0040  0.568  0.586   164   164  0.17946  0.28317  8  78
472  521  0041  0.530  0.541   -12   -11  -0.12654  -0.26883  9  77
472  564  0042  0.606  0.621  -143  -143  -0.35454  0.28317  9  77
472  499  0043  0.621  0.630   114   114  0.58146  0.09717  9  75
472  367  0044  0.623  0.627   124   124  0.52746  0.15117  9  75
472  515  0045  0.624  0.630  -163  -162  -0.16854  0.32517  10  76
472  410  0046  0.544  0.546    93    91  0.54546  -0.02883  5  75
472  360  0047  0.584  0.595    74    73  0.56346  -0.12483  7  74
472  404  0048  0.582  0.590    97    96  0.58746  -0.00483  5  74
472  424  0049  0.581  0.606   -67   -65  -0.55854  -0.09483  6  74
515  604  0000  0.625  0.626   179   178  0.03546  0.32517  9  76
515  480  0001  0.614  0.625    50    50  0.46746  -0.23883  8  75
515  422  0002  0.583  0.603    53    52  0.46746  -0.22083  7  76
515  483  0003  0.544  0.560   -51   -49  -0.43854  -0.16083  7  77
515  574  0004  0.538  0.556    -9    -8  -0.10254  -0.28083  9  77
515  510  0005  0.540  0.550   138   137  0.38346  0.18717  7  78
515  436  0006  0.577  0.588   112   112  0.55146  0.07917  5  76
515  555  0007  0.532  0.535    90    88  0.53346  -0.04083  5  76
515  538  0008  0.607  0.615  -140  -139  -0.37854  0.27117  8  77
515  489  0009  0.550  0.564   -58   -57  -0.48654  -0.12483  5  76
515  500  0010  0.528  0.526     2     1  -0.00054  -0.27483  11  79
515  469  0011  0.592  0.610    69    68  0.55746  -0.15483  7  75
515  541  0012  0.607  0.610   130   129  0.48546  0.16917  7  76
515  646  0013  0.580  0.574  -176  -175  -0.02454  0.30117  8  77
515  560  0014  0.603  0.614   -20   -19  -0.22854  -0.28683  8  76
515  478  0015  0.518  0.518    40    40  0.32346  -0.22683  10  76
515  544  0016  0.569  0.582   -13   -13  -0.15054  -0.28683  9  78
515  570  0017  0.559  0.570    -5    -4  -0.06654  -0.29283  9  78
515  578  0018  0.551  0.573   154   154  0.26346  0.25317  7  79
515  516  0019  0.523  0.540    26    25  0.21546  -0.26883  9  76
515  563  0020  0.612  0.619   176   176  0.05946  0.31917  10  78
515  487  0021  0.590  0.605  -120  -120  -0.51054  0.19317  7  76
515  550  0022  0.626  0.625   -19   -19  -0.22854  -0.29283  9  75
515  455  0023  0.562  0.563    67    66  0.50946  -0.14883  6  76
515  475  0024  0.589  0.604    67    66  0.54546  -0.16083  7  75
515  381  0025  0.626  0.631   -74   -74  -0.61254  -0.04683  9  74
515  553  0026  0.565  0.574  -142  -142  -0.33654  0.25917  9  79
515  536  0027  0.535  0.554   148   149  0.29946  0.22917  8  79
515  549  0028  0.614  0.612   -17   -17  -0.19854  -0.29283  9  75
515  447  0029  0.541  0.569    31    30  0.26946  -0.27483  10  76
515  240  0030  0.597  0.629    83    81  0.61746  -0.08883  9  72
515  483  0031  0.620  0.627    57    56  0.50946  -0.21483  8  75
515  419  0032  0.524  0.532   -26   -26  -0.25254  -0.23283  9  77
515  535  0033  0.622  0.627   130   129  0.49746  0.17517  8  75
515  440  0034  0.595  0.599  -105  -105  -0.57054  0.12117  7  76
515  566  0035  0.511  0.522  -136  -135  -0.35454  0.21717  9  77
515  531  0036  0.518  0.522    45    45  0.35946  -0.21483  10  76
515  582  0037  0.585  0.594  -154  -154  -0.24054  0.29517  9  77
515  504  0038  0.540  0.556   146   147  0.31746  0.22317  8  78
515  472  0039  0.561  0.586    36    36  0.32946  -0.26883  9  76
515  467  0040  0.593  0.599   -54   -54  -0.49854  -0.14883  6  76
515  541  0041  0.517  0.521   -35   -34  -0.31254  -0.20283  9  77
515  430  0042  0.517  0.521   -41   -41  -0.36054  -0.17883  9  77
515  394  0043  0.629  0.626    39    40  0.38946  -0.27483  9  75
515  396  0044  0.554  0.560   118   117  0.50346  0.10317  5  77
515  522  0045  0.511  0.519   152   152  0.25746  0.22317  9  79
515  399  0046  0.575  0.595    70    68  0.54546  -0.14883  7  76
515  417  0047  0.608  0.621   107   106  0.59946  0.05517  8  75
515  393  0048  0.581  0.594   100    99  0.58746  0.01317  5  75
515  504  0049  0.624  0.628    42    42  0.40746  -0.26883  8  74
558  537  0000  0.552  0.567   144   144  0.34746  0.21717  7  79
558  605  0001  0.535  0.538    51    51  0.40746  -0.20283  7  77
558  562  0002  0.569  0.583   124   125  0.48546  0.14517  5  77
558  431  0003  0.549  0.550  -105  -103  -0.52854  0.10317  6  76
558  587  0004  0.621  0.619   176   176  0.05946  0.31917  10  77
558  526  0005  0.526  0.540  -141  -141  -0.32454  0.24117  9  78
558  470  0006  0.516  0.526  -109  -110  -0.48654  0.12717  6  75
558  532  0007  0.521  0.536     4     3  0.01746  -0.28083  10  78
558  472  0008  0.526  0.534   -53   -52  -0.43254  -0.14283  7  77
558  518  0009  0.515  0.526   135   135  0.38346  0.16917  8  77
558  534  0010  0.568  0.573    46    46  0.40146  -0.23283  8  78
558  606  0011  0.619  0.625    55    54  0.49746  -0.22083  7  75
558  451  0012  0.557  0.559    54    53  0.43746  -0.20283  7  78
558  637  0013  0.567  0.579    -8    -8  -0.10254  -0.29283  9  78
558  588  0014  0.543  0.565    -2    -1  -0.03654  -0.29283  9  78
558  431  0015  0.556  0.568    57    57  0.46746  -0.19083  7  77
558  518  0016  0.628  0.628   -23   -22  -0.25854  -0.28683  9  75
558  521  0017  0.584  0.594   -41   -40  -0.40254  -0.20883  7  78
558  659  0018  0.581  0.577  -179  -179  0.01146  0.30117  8  78
558  620  0019  0.589  0.580   174   173  0.08946  0.29517  9  78
558  466  0020  0.560  0.573    58    57  0.47346  -0.19083  6  77
558  590  0021  0.521  0.521    47    47  0.37146  -0.20883  9  77
558  542  0022  0.559  0.563   -82   -81  -0.55854  -0.00483  3  76
558  654  0023  0.525  0.533  -133  -133  -0.37254  0.21717  8  77
558  470  0024  0.588  0.593  -132  -131  -0.42654  0.23517  7  77
558  489  0025  0.596  0.605   -53   -53  -0.49854  -0.15483  7  76
558  427  0026  0.551  0.551  -113  -112  -0.49854  0.14517  6  77
558  628  0027  0.550  0.566   166   166  0.15546  0.27717  8  79
558  454  0028  0.512  0.518    98    96  0.51546  -0.00483  6  76
558  359  0029  0.627  0.628    71    71  0.58746  -0.14283  9  74
558  555  0030  0.610  0.626  -124  -124  -0.50454  0.21717  8  76
558  718  0031  0.583  0.580   179   179  0.02946  0.30117  8  77
558  548  0032  0.625  0.625  -156  -155  -0.24054  0.31317  9  75
558  498  0033  0.586  0.606  -121  -121  -0.50454  0.19917  7  77
558  535  0034  0.595  0.598    25    24  0.23346  -0.29883  8  76
558  674  0035  0.573  0.587   156   156  0.25146  0.26517  7  79
558  582  0036  0.564  0.577   -47   -46  -0.43254  -0.17883  6  77
558  532  0037  0.554  0.563    64    64  0.49746  -0.16083  5  76
558  409  0038  0.607  0.615   -97   -96  -0.60654  0.07917  8  75
558  583  0039  0.555  0.566  -146  -145  -0.30054  0.26517  9  79
558  555  0040  0.512  0.525    -5    -5  -0.06654  -0.26883  10  78
558  462  0041  0.553  0.559    92    90  0.55746  -0.03483  4  76
558  424  0042  0.546  0.548    57    57  0.44946  -0.18483  7  77
558  623  0043  0.526  0.537    87    86  0.53346  -0.05283  4  76
558  427  0044  0.573  0.586    99    98  0.58146  0.00717  5  75
558  430  0045  0.548  0.554   118   117  0.49746  0.10317  4  78
558  564  0046  0.594  0.617   -67   -65  -0.57054  -0.09483  6  75
558  419  0047  0.528  0.522    34    33  0.27546  -0.24483  11  77
558  573  0048  0.545  0.551   -82   -81  -0.54654  -0.00483  4  75
558  626  0049  0.573  0.576   175   174  0.07146  0.29517  9  80
601  544  0000  0.522  0.536   -59   -59  -0.46854  -0.11283  5  76
601  557  0001  0.550  0.554    78    79  0.53946  -0.08883  5  76
601  628  0002  0.620  0.626   118   117  0.56346  0.11517  8  75
601  619  0003  0.530  0.532    54    54  0.41946  -0.19083  7  76
601  466  0004  0.601  0.611   103   102  0.59946  0.03117  6  76
601  586  0005  0.523  0.530  -114  -114  -0.47454  0.14517  6  76
601  495  0006  0.529  0.536   -56   -56  -0.45654  -0.12483  6  77
601  631  0007  0.617  0.626   118   117  0.56346  0.11517  7  76
601  495  0008  0.543  0.553   -96   -96  -0.54654  0.06717  5  74
601  534  0009  0.629  0.629    49    50  0.47346  -0.23883  8  75
601  566  0010  0.622  0.627   -24   -24  -0.27654  -0.28083  8  76
601  477  0011  0.562  0.584  -108  -108  -0.54654  0.13317  6  77
601  559  0012  0.530  0.539   -27   -27  -0.26454  -0.23283  8  77
601  624  0013  0.545  0.550    51    50  0.41346  -0.20883  7  77
601  460  0014  0.619  0.629   102   102  0.61746  0.03117  8  75
601  661  0015  0.536  0.544   165   165  0.15546  0.26517  9  81
601  674  0016  0.601  0.617     2     2  0.00546  -0.32283  9  78
601  561  0017  0.548  0.563   -40   -39  -0.37254  -0.20283  7  79
601  508  0018  0.558  0.557  -119  -118  -0.48054  0.16917  6  79
601  495  0019  0.576  0.586   -98   -97  -0.57654  0.07917  5  77
601  515  0020  0.586  0.605   116   116  0.55146  0.10317  5  77
601  579  0021  0.536  0.543    67    67  0.49146  -0.14283  5  76
601  494  0022  0.560  0.565   113   112  0.52746  0.07917  4  77
601  572  0023  0.510  0.514    32    32  0.25746  -0.24483  11  76
601  620  0024  0.526  0.538    25    24  0.20946  -0.26883  9  77
601  656  0025  0.586  0.595   -10    -9  -0.12054  -0.29883  9  78
601  595  0026  0.537  0.541    91    90  0.53946  -0.03483  3  77
601  714  0027  0.609  0.617   156   156  0.26946  0.27717  8  78
601  437  0028  0.583  0.604   -72   -71  -0.57654  -0.06483  6  77
601  531  0029  0.512  0.515   119   119  0.45546  0.10317  6  78
601  593  0030  0.594  0.607  -112  -112  -0.55254  0.15717  6  76
601  599  0031  0.535  0.543    80    81  0.53346  -0.07683  4  77
601  637  0032  0.565  0.580   138   138  0.40146  0.19917  6  80
601  675  0033  0.540  0.552   175   175  0.06546  0.28317  9  81
601  598  0034  0.515  0.515   145   144  0.31146  0.19917  9  80
601  489  0035  0.527  0.542   -39   -38  -0.35454  -0.19683  8  78
601  534  0036  0.512  0.525  -141  -141  -0.31254  0.23517  10  78
601  628  0037  0.604  0.619    33    32  0.31746  -0.29283  9  76
601  650  0038  0.525  0.535   -10    -9  -0.10854  -0.26883  9  79
601  611  0039  0.529  0.531  -119  -118  -0.45654  0.16317  6  77
601  625  0040  0.553  0.558  -148  -147  -0.28254  0.26517  9  79
601  650  0041  0.520  0.522    51    51  0.39546  -0.19683  8  77
601  503  0042  0.627  0.627   112   112  0.58746  0.08517  9  75
601  649  0043  0.597  0.606   168   168  0.14346  0.30117  9  80
601  511  0044  0.519  0.523  -108  -107  -0.49254  0.11517  6  76
601  546  0045  0.595  0.617  -124  -124  -0.49254  0.21717  7  78
601  774  0046  0.519  0.532  -180  -179  0.01746  0.27717  9  79
601  624  0047  0.571  0.583  -162  -162  -0.15654  0.30117  8  78
601  522  0048  0.546  0.566   122   123  0.47946  0.13317  4  79
601  696  0049  0.617  0.628    11    11  0.10146  -0.32883  10  77
