89  335  0000  0.228  0.456    24     8  0.40120  -0.14679  25  388
89  337  0001  0.235  0.456    38     8  0.40120  -0.14679  25  388
89  341  0002  0.312  0.456    22     8  0.40120  -0.14679  25  388
89  337  0003  0.366  0.456    40     8  0.40120  -0.14679  25  388
89  337  0004  0.339  0.456    45     8  0.40120  -0.14679  25  388
89  335  0005  0.256  0.456    26     8  0.40120  -0.14679  25  388
89  337  0006  0.350  0.456    48     8  0.40120  -0.14679  25  388
89  337  0007  0.362  0.456    43     8  0.40120  -0.14679  25  388
89  338  0008  0.321  0.456    48     8  0.40120  -0.14679  25  388
89  341  0009  0.339  0.456    23     8  0.40120  -0.14679  25  388
89  336  0010  0.223  0.456    29     8  0.40120  -0.14679  25  388
89  338  0011  0.320  0.456    29     8  0.40120  -0.14679  25  388
89  337  0012  0.377  0.456    38     8  0.40120  -0.14679  25  388
89  336  0013  0.265  0.456    30     8  0.40120  -0.14679  25  388
89  335  0014  0.258  0.456    25     8  0.40120  -0.14679  25  388
89  338  0015  0.378  0.456    50     8  0.40120  -0.14679  25  388
89  340  0016  0.355  0.456    26     8  0.40120  -0.14679  25  388
89  335  0017  0.254  0.456    25     8  0.40120  -0.14679  25  388
89  336  0018  0.275  0.456    29     8  0.40120  -0.14679  25  388
89  337  0019  0.358  0.456    38     8  0.40120  -0.14679  25  388
89  339  0020  0.264  0.456    48     8  0.40120  -0.14679  25  388
89  337  0021  0.262  0.456    39     8  0.40120  -0.14679  25  388
89  337  0022  0.304  0.456    44     8  0.40120  -0.14679  25  388
89  341  0023  0.348  0.456    24     8  0.40120  -0.14679  25  388
89  337  0024  0.261  0.456    36     8  0.40120  -0.14679  25  388
89  338  0025  0.321  0.456    40     8  0.40120  -0.14679  25  388
89  337  0026  0.352  0.456    37     8  0.40120  -0.14679  25  388
89  336  0027  0.241  0.456    31     8  0.40120  -0.14679  25  388
89  339  0028  0.310  0.456    25     8  0.40120  -0.14679  25  388
89  338  0029  0.252  0.456    44     8  0.40120  -0.14679  25  388
89  336  0030  0.233  0.456    26     8  0.40120  -0.14679  25  388
89  337  0031  0.370  0.456    43     8  0.40120  -0.14679  25  388
89  336  0032  0.281  0.456    27     8  0.40120  -0.14679  25  388
89  337  0033  0.297  0.456    40     8  0.40120  -0.14679  25  388
89  338  0034  0.265  0.456    48     8  0.40120  -0.14679  25  388
89  337  0035  0.345  0.456    31     8  0.40120  -0.14679  25  388
89  337  0036  0.303  0.456    32     8  0.40120  -0.14679  25  388
89  341  0037  0.308  0.456    21     8  0.40120  -0.14679  25  388
89  337  0038  0.359  0.456    37     8  0.40120  -0.14679  25  388
89  337  0039  0.270  0.456    34     8  0.40120  -0.14679  25  388
89  339  0040  0.243  0.456    50     8  0.40120  -0.14679  25  388
89  338  0041  0.323  0.456    37     8  0.40120  -0.14679  25  388
89  337  0042  0.247  0.456    41     8  0.40120  -0.14679  25  388
89  338  0043  0.342  0.456    50     8  0.40120  -0.14679  25  388
89  337  0044  0.327  0.456    37     8  0.40120  -0.14679  25  388
89  337  0045  0.304  0.456    34     8  0.40120  -0.14679  25  388
89  337  0046  0.294  0.456    41     8  0.40120  -0.14679  25  388
89  336  0047  0.279  0.456    22     8  0.40120  -0.14679  25  388
89  337  0048  0.252  0.456    41     8  0.40120  -0.14679  25  388
89  337  0049  0.286  0.456    39     8  0.40120  -0.14679  25  388
134  337  0000  0.348  0.456    30     8  0.40120  -0.14679  25  388
134  341  0001  0.226  0.456    49     8  0.40120  -0.14679  25  389
134  340  0002  0.248  0.456    49     8  0.40120  -0.14679  25  388
134  339  0003  0.299  0.456    23     8  0.40120  -0.14679  25  387
134  341  0004  0.342  0.456    21     8  0.40120  -0.14679  25  388
134  334  0005  0.250  0.456    26     8  0.40120  -0.14679  25  388
134  337  0006  0.328  0.456    37     8  0.40120  -0.14679  25  388
134  336  0007  0.255  0.456    33     8  0.40120  -0.14679  25  388
134  337  0008  0.314  0.456    31     8  0.40120  -0.14679  25  387
134  336  0009  0.336  0.456    34     8  0.40120  -0.14679  25  388
134  342  0010  0.336  0.456    27     8  0.40120  -0.14679  25  388
134  343  0011  0.316  0.456    21     8  0.40120  -0.14679  25  387
134  337  0012  0.367  0.456    47     8  0.40120  -0.14679  25  388
134  337  0013  0.249  0.456    43     8  0.40120  -0.14679  25  388
134  337  0014  0.377  0.456    39     8  0.40120  -0.14679  25  388
134  340  0015  0.281  0.456    50     8  0.40120  -0.14679  25  388
134  337  0016  0.290  0.456    45     8  0.40120  -0.14679  25  388
134  336  0017  0.340  0.456    32     8  0.40120  -0.14679  25  388
134  337  0018  0.320  0.456    35     8  0.40120  -0.14679  25  388
134  338  0019  0.275  0.456    47     8  0.40120  -0.14679  25  388
134  338  0020  0.349  0.456    50     8  0.40120  -0.14679  25  388
134  337  0021  0.358  0.456    38     8  0.40120  -0.14679  25  388
134  340  0022  0.221  0.456    44     8  0.40120  -0.14679  25  388
134  338  0023  0.305  0.456    37     8  0.40120  -0.14679  25  388
134  337  0024  0.358  0.456    43     8  0.40120  -0.14679  25  388
134  338  0025  0.299  0.456    24     8  0.40120  -0.14679  25  387
134  339  0026  0.276  0.456    48     8  0.40120  -0.14679  25  388
134  338  0027  0.353  0.456    50     8  0.40120  -0.14679  25  388
134  337  0028  0.376  0.456    29     8  0.40120  -0.14679  25  388
134  339  0029  0.250  0.456    47     8  0.40120  -0.14679  25  388
134  336  0030  0.346  0.456    36     8  0.40120  -0.14679  25  388
134  340  0031  0.262  0.456    50     8  0.40120  -0.14679  25  388
134  337  0032  0.253  0.456    37     8  0.40120  -0.14679  25  388
134  338  0033  0.330  0.456    49     8  0.40120  -0.14679  25  388
134  336  0034  0.240  0.456    34     8  0.40120  -0.14679  25  388
134  337  0035  0.321  0.456    35     8  0.40120  -0.14679  25  388
134  338  0036  0.319  0.456    30     8  0.40120  -0.14679  25  388
134  337  0037  0.248  0.456    42     8  0.40120  -0.14679  25  388
134  339  0038  0.285  0.456    49     8  0.40120  -0.14679  25  388
134  336  0039  0.295  0.456    28     8  0.40120  -0.14679  25  387
134  337  0040  0.305  0.456    36     8  0.40120  -0.14679  25  388
134  339  0041  0.228  0.456    45     8  0.40120  -0.14679  25  388
134  336  0042  0.363  0.456    32     8  0.40120  -0.14679  25  388
134  341  0043  0.309  0.456    24     8  0.40120  -0.14679  25  387
134  336  0044  0.345  0.456    34     8  0.40120  -0.14679  25  388
134  335  0045  0.281  0.456    24     8  0.40120  -0.14679  25  387
134  337  0046  0.251  0.456    34     8  0.40120  -0.14679  25  388
134  337  0047  0.280  0.456    46     8  0.40120  -0.14679  25  388
134  337  0048  0.313  0.456    44     8  0.40120  -0.14679  25  388
134  339  0049  0.303  0.456    49     8  0.40120  -0.14679  25  388
179  341  0000  0.242  0.456    49     8  0.40120  -0.14679  25  389
179  334  0001  0.244  0.456    30     8  0.40120  -0.14679  25  388
179  335  0002  0.257  0.456    32     8  0.40120  -0.14679  25  388
179  337  0003  0.313  0.456    30     8  0.40120  -0.14679  25  387
179  338  0004  0.342  0.456    49     8  0.40120  -0.14679  25  388
179  334  0005  0.272  0.456    21     8  0.40120  -0.14679  25  387
179  336  0006  0.304  0.456    32     8  0.40120  -0.14679  25  387
179  342  0007  0.314  0.456    25     8  0.40120  -0.14679  25  387
179  337  0008  0.368  0.456    45     8  0.40120  -0.14679  25  388
179  338  0009  0.307  0.456    48     8  0.40120  -0.14679  25  388
179  338  0010  0.335  0.456    50     8  0.40120  -0.14679  25  388
179  339  0011  0.222  0.456    41     8  0.40120  -0.14679  25  389
179  345  0012  0.332  0.456    24     8  0.40120  -0.14679  25  387
179  337  0013  0.266  0.456    43     8  0.40120  -0.14679  25  388
179  342  0014  0.234  0.456    50     8  0.40120  -0.14679  25  389
179  335  0015  0.338  0.456    34     8  0.40120  -0.14679  25  388
179  335  0016  0.293  0.456    27     8  0.40120  -0.14679  25  387
179  338  0017  0.310  0.456    38     8  0.40120  -0.14679  25  388
179  338  0018  0.328  0.456    42     8  0.40120  -0.14679  25  388
179  339  0019  0.283  0.456    49     8  0.40120  -0.14679  25  388
179  344  0020  0.337  0.456    25     8  0.40120  -0.14679  25  388
179  338  0021  0.342  0.456    40     8  0.40120  -0.14679  25  388
179  339  0022  0.260  0.456    47     8  0.40120  -0.14679  25  388
179  339  0023  0.315  0.456    50     8  0.40120  -0.14679  25  388
179  337  0024  0.311  0.456    42     8  0.40120  -0.14679  25  388
179  334  0025  0.374  0.456    33     8  0.40120  -0.14679  25  388
179  336  0026  0.314  0.456    33     8  0.40120  -0.14679  25  387
179  338  0027  0.245  0.456    45     8  0.40120  -0.14679  25  388
179  338  0028  0.324  0.456    41     8  0.40120  -0.14679  25  388
179  335  0029  0.223  0.456    29     8  0.40120  -0.14679  25  388
179  339  0030  0.292  0.456    49     8  0.40120  -0.14679  25  388
179  338  0031  0.360  0.456    50     8  0.40120  -0.14679  25  388
179  337  0032  0.256  0.456    38     8  0.40120  -0.14679  25  388
179  340  0033  0.357  0.456    22     8  0.40120  -0.14679  25  388
179  336  0034  0.250  0.456    34     8  0.40120  -0.14679  25  388
179  334  0035  0.362  0.456    34     8  0.40120  -0.14679  25  388
179  335  0036  0.256  0.456    32     8  0.40120  -0.14679  25  388
179  335  0037  0.282  0.456    31     8  0.40120  -0.14679  25  387
179  337  0038  0.253  0.456    40     8  0.40120  -0.14679  25  388
179  337  0039  0.343  0.456    46     8  0.40120  -0.14679  25  388
179  343  0040  0.314  0.456    24     8  0.40120  -0.14679  25  387
179  336  0041  0.289  0.456    24     8  0.40120  -0.14679  25  387
179  341  0042  0.359  0.456    27     8  0.40120  -0.14679  25  388
179  340  0043  0.343  0.456    29     8  0.40120  -0.14679  25  388
179  332  0044  0.261  0.456    22     8  0.40120  -0.14679  25  387
179  337  0045  0.311  0.456    36     8  0.40120  -0.14679  25  387
179  337  0046  0.310  0.456    35     8  0.40120  -0.14679  25  387
179  340  0047  0.367  0.456    24     8  0.40120  -0.14679  25  388
179  337  0048  0.350  0.456    44     8  0.40120  -0.14679  25  388
179  339  0049  0.243  0.456    46     8  0.40120  -0.14679  25  389
223  336  0000  0.298  0.456    44     8  0.40120  -0.14679  25  388
223  332  0001  0.223  0.456    22     8  0.40120  -0.14679  25  388
223  331  0002  0.246  0.456    24     8  0.40120  -0.14679  25  387
223  337  0003  0.363  0.456    42     8  0.40120  -0.14679  25  388
223  338  0004  0.341  0.456    42     8  0.40120  -0.14679  25  388
223  333  0005  0.257  0.456    29     8  0.40120  -0.14679  25  387
223  336  0006  0.232  0.456    35     8  0.40120  -0.14679  25  388
223  339  0007  0.256  0.456    47     8  0.40120  -0.14679  25  389
223  338  0008  0.289  0.456    47     8  0.40120  -0.14679  25  388
223  337  0009  0.310  0.456    36     8  0.40120  -0.14679  25  387
223  337  0010  0.309  0.456    41     8  0.40120  -0.14679  25  388
223  337  0011  0.306  0.456    41     8  0.40120  -0.14679  25  388
223  336  0012  0.303  0.456    33     8  0.40120  -0.14679  25  387
223  333  0013  0.281  0.456    27     8  0.40120  -0.14679  25  387
223  332  0014  0.273  0.456    27     8  0.40120  -0.14679  25  387
223  347  0015  0.331  0.456    23     8  0.40120  -0.14679  25  387
223  341  0016  0.322  0.456    28     8  0.40120  -0.14679  25  387
223  337  0017  0.276  0.456    45     8  0.40120  -0.14679  25  388
223  334  0018  0.246  0.456    30     8  0.40120  -0.14679  25  388
223  337  0019  0.335  0.456    46     8  0.40120  -0.14679  25  388
223  336  0020  0.316  0.456    32     8  0.40120  -0.14679  25  387
223  334  0021  0.246  0.456    30     8  0.40120  -0.14679  25  388
223  337  0022  0.366  0.456    43     8  0.40120  -0.14679  25  388
223  346  0023  0.322  0.456    23     8  0.40120  -0.14679  25  387
223  335  0024  0.288  0.456    25     8  0.40120  -0.14679  25  387
223  335  0025  0.333  0.456    34     8  0.40120  -0.14679  25  388
223  336  0026  0.332  0.456    36     8  0.40120  -0.14679  25  388
223  337  0027  0.295  0.456    42     8  0.40120  -0.14679  25  388
223  336  0028  0.268  0.456    35     8  0.40120  -0.14679  25  388
223  335  0029  0.297  0.456    30     8  0.40120  -0.14679  25  387
223  337  0030  0.290  0.456    47     8  0.40120  -0.14679  25  388
223  346  0031  0.330  0.456    21     8  0.40120  -0.14679  25  387
223  333  0032  0.274  0.456    21     8  0.40120  -0.14679  25  387
223  336  0033  0.252  0.456    35     8  0.40120  -0.14679  25  388
223  333  0034  0.378  0.456    33     8  0.40120  -0.14679  25  389
223  337  0035  0.242  0.456    41     8  0.40120  -0.14679  25  388
223  337  0036  0.325  0.456    44     8  0.40120  -0.14679  25  388
223  336  0037  0.365  0.456    45     8  0.40120  -0.14679  25  388
223  340  0038  0.273  0.456    49     8  0.40120  -0.14679  25  389
223  334  0039  0.373  0.456    35     8  0.40120  -0.14679  25  388
223  337  0040  0.256  0.456    44     8  0.40120  -0.14679  25  388
223  331  0041  0.236  0.456    22     8  0.40120  -0.14679  25  388
223  338  0042  0.351  0.456    42     8  0.40120  -0.14679  25  388
223  331  0043  0.251  0.456    24     8  0.40120  -0.14679  25  387
223  333  0044  0.279  0.456    29     8  0.40120  -0.14679  25  387
223  347  0045  0.332  0.456    22     8  0.40120  -0.14679  25  387
223  338  0046  0.370  0.456    49     8  0.40120  -0.14679  25  388
223  337  0047  0.292  0.456    24     8  0.40120  -0.14679  25  387
223  339  0048  0.364  0.456    29     8  0.40120  -0.14679  25  388
223  332  0049  0.235  0.456    23     8  0.40120  -0.14679  25  388
268  366  0000  0.369  0.397    28    28  0.37720  0.00921  24  389
268  337  0001  0.314  0.456    43     8  0.40120  -0.14679  25  388
268  337  0002  0.274  0.456    38     8  0.40120  -0.14679  25  388
268  378  0003  0.222  0.217    47    47  0.19720  0.07521  24  389
268  337  0004  0.294  0.456    37     8  0.40120  -0.14679  25  387
268  337  0005  0.227  0.456    38     8  0.40120  -0.14679  25  389
268  338  0006  0.320  0.456    41     8  0.40120  -0.14679  25  388
268  357  0007  0.228  0.222    43    45  0.20320  0.06921  24  389
268  336  0008  0.291  0.456    42     8  0.40120  -0.14679  25  388
268  339  0009  0.375  0.393    37    36  0.37120  0.06321  24  389
268  337  0010  0.334  0.456    43     8  0.40120  -0.14679  25  388
268  338  0011  0.258  0.456    45     8  0.40120  -0.14679  25  389
268  331  0012  0.238  0.456    26     8  0.40120  -0.14679  25  388
268  337  0013  0.320  0.456    37     8  0.40120  -0.14679  25  387
268  331  0014  0.224  0.456    23     8  0.40120  -0.14679  25  388
268  329  0015  0.247  0.456    23     8  0.40120  -0.14679  25  387
268  334  0016  0.243  0.456    30     8  0.40120  -0.14679  25  388
268  335  0017  0.248  0.456    33     8  0.40120  -0.14679  25  388
268  336  0018  0.288  0.456    23     8  0.40120  -0.14679  25  387
268  332  0019  0.277  0.456    24     8  0.40120  -0.14679  25  387
268  338  0020  0.342  0.456    50     8  0.40120  -0.14679  25  388
268  335  0021  0.311  0.456    33     8  0.40120  -0.14679  25  387
268  336  0022  0.278  0.456    43     8  0.40120  -0.14679  25  388
268  338  0023  0.253  0.456    44     8  0.40120  -0.14679  25  389
268  337  0024  0.301  0.456    36     8  0.40120  -0.14679  25  387
268  347  0025  0.365  0.397    29    29  0.37720  0.01521  24  389
268  340  0026  0.359  0.456    22     8  0.40120  -0.14679  25  388
268  350  0027  0.233  0.222    44    45  0.20320  0.06921  24  389
268  348  0028  0.319  0.456    23     8  0.40120  -0.14679  25  387
268  366  0029  0.378  0.402    45    44  0.37120  0.11721  24  389
268  342  0030  0.328  0.456    28     8  0.40120  -0.14679  25  387
268  337  0031  0.300  0.456    36     8  0.40120  -0.14679  25  387
268  336  0032  0.284  0.456    44     8  0.40120  -0.14679  25  388
268  342  0033  0.348  0.456    21     8  0.40120  -0.14679  25  388
268  348  0034  0.240  0.233    47    49  0.20920  0.08721  24  389
268  336  0035  0.314  0.456    35     8  0.40120  -0.14679  25  387
268  338  0036  0.335  0.456    39     8  0.40120  -0.14679  25  388
268  338  0037  0.314  0.456    40     8  0.40120  -0.14679  25  388
268  332  0038  0.227  0.456    27     8  0.40120  -0.14679  25  388
268  336  0039  0.362  0.456    46     8  0.40120  -0.14679  25  388
268  337  0040  0.229  0.456    39     8  0.40120  -0.14679  25  389
268  340  0041  0.347  0.456    29     8  0.40120  -0.14679  25  388
268  336  0042  0.245  0.456    35     8  0.40120  -0.14679  25  388
268  336  0043  0.288  0.456    34     8  0.40120  -0.14679  25  387
268  347  0044  0.348  0.456    24     8  0.40120  -0.14679  25  388
268  336  0045  0.265  0.456    41     8  0.40120  -0.14679  25  388
268  336  0046  0.278  0.456    41     8  0.40120  -0.14679  25  388
268  337  0047  0.331  0.456    47     8  0.40120  -0.14679  25  388
268  346  0048  0.328  0.456    26     8  0.40120  -0.14679  25  387
268  337  0049  0.288  0.456    37     8  0.40120  -0.14679  25  387
313  389  0000  0.236  0.229    45    46  0.20920  0.07521  24  389
313  341  0001  0.290  0.456    50     8  0.40120  -0.14679  25  389
313  330  0002  0.245  0.456    27     8  0.40120  -0.14679  25  388
313  337  0003  0.291  0.456    23     8  0.40120  -0.14679  25  387
313  332  0004  0.236  0.456    28     8  0.40120  -0.14679  25  388
313  338  0005  0.345  0.456    40     8  0.40120  -0.14679  25  388
313  338  0006  0.321  0.456    48     8  0.40120  -0.14679  25  388
313  337  0007  0.319  0.456    36     8  0.40120  -0.14679  25  387
313  345  0008  0.346  0.456    22     8  0.40120  -0.14679  25  388
313  328  0009  0.247  0.456    25     8  0.40120  -0.14679  25  387
313  346  0010  0.341  0.456    21     8  0.40120  -0.14679  25  387
313  338  0011  0.334  0.456    40     8  0.40120  -0.14679  25  388
313  343  0012  0.305  0.456    24     8  0.40120  -0.14679  25  387
313  381  0013  0.249  0.241    48    50  0.21520  0.09321  24  389
313  360  0014  0.369  0.394    39    38  0.37120  0.07521  24  389
313  336  0015  0.250  0.456    39     8  0.40120  -0.14679  25  388
313  330  0016  0.273  0.456    23     8  0.40120  -0.14679  25  387
313  371  0017  0.264  0.257    49    51  0.22720  0.10521  24  389
313  329  0018  0.225  0.456    21     8  0.40120  -0.14679  25  388
313  338  0019  0.317  0.456    37     8  0.40120  -0.14679  25  387
313  333  0020  0.227  0.456    29     8  0.40120  -0.14679  25  388
313  337  0021  0.290  0.456    37     8  0.40120  -0.14679  25  387
313  336  0022  0.264  0.456    35     8  0.40120  -0.14679  25  388
313  343  0023  0.348  0.456    28     8  0.40120  -0.14679  25  388
313  337  0024  0.311  0.456    36     8  0.40120  -0.14679  25  387
313  335  0025  0.352  0.456    31     8  0.40120  -0.14679  25  388
313  335  0026  0.324  0.456    32     8  0.40120  -0.14679  25  387
313  332  0027  0.222  0.456    27     8  0.40120  -0.14679  25  388
313  350  0028  0.340  0.456    24     8  0.40120  -0.14679  25  387
313  364  0029  0.369  0.393    37    36  0.37120  0.06321  24  389
313  338  0030  0.345  0.456    30     8  0.40120  -0.14679  25  388
313  351  0031  0.228  0.217    38    41  0.20320  0.05121  24  389
313  338  0032  0.307  0.456    39     8  0.40120  -0.14679  25  387
313  336  0033  0.332  0.456    46     8  0.40120  -0.14679  25  388
313  400  0034  0.238  0.235    48    51  0.20920  0.09321  24  389
313  354  0035  0.366  0.401    44    43  0.37120  0.11121  24  389
313  333  0036  0.264  0.456    32     8  0.40120  -0.14679  25  387
313  329  0037  0.267  0.456    22     8  0.40120  -0.14679  25  387
313  361  0038  0.368  0.393    36    36  0.37120  0.06321  24  389
313  350  0039  0.338  0.456    24     8  0.40120  -0.14679  25  387
313  340  0040  0.330  0.456    50     8  0.40120  -0.14679  25  389
313  349  0041  0.330  0.456    25     8  0.40120  -0.14679  25  387
313  338  0042  0.309  0.456    28     8  0.40120  -0.14679  25  387
313  349  0043  0.256  0.247    46    49  0.22120  0.09321  24  389
313  334  0044  0.237  0.456    31     8  0.40120  -0.14679  25  388
313  335  0045  0.226  0.456    33     8  0.40120  -0.14679  25  388
313  339  0046  0.283  0.456    47     8  0.40120  -0.14679  25  389
313  333  0047  0.291  0.456    28     8  0.40120  -0.14679  25  387
313  337  0048  0.347  0.456    44     8  0.40120  -0.14679  25  388
313  389  0049  0.246  0.241    48    50  0.21520  0.09321  24  389
357  337  0000  0.302  0.456    27     8  0.40120  -0.14679  25  387
357  417  0001  0.250  0.247    48    49  0.22120  0.09321  24  389
357  427  0002  0.255  0.251    49    52  0.22120  0.10521  24  389
357  337  0003  0.309  0.456    46     8  0.40120  -0.14679  25  388
357  347  0004  0.325  0.456    26     8  0.40120  -0.14679  25  387
357  338  0005  0.324  0.456    39     8  0.40120  -0.14679  25  388
357  378  0006  0.243  0.232    41    43  0.21520  0.06321  24  389
357  400  0007  0.359  0.391    27    27  0.37120  0.00321  24  389
357  334  0008  0.304  0.456    30     8  0.40120  -0.14679  25  387
357  335  0009  0.298  0.456    34     8  0.40120  -0.14679  25  387
357  337  0010  0.330  0.456    38     8  0.40120  -0.14679  25  388
357  334  0011  0.342  0.456    35     8  0.40120  -0.14679  25  388
357  326  0012  0.256  0.456    24     8  0.40120  -0.14679  25  387
357  349  0013  0.349  0.456    24     8  0.40120  -0.14679  25  388
357  338  0014  0.341  0.456    43     8  0.40120  -0.14679  25  388
357  336  0015  0.294  0.456    46     8  0.40120  -0.14679  25  388
357  419  0016  0.261  0.257    49    51  0.22720  0.10521  24  389
357  336  0017  0.248  0.456    38     8  0.40120  -0.14679  25  389
357  336  0018  0.258  0.456    41     8  0.40120  -0.14679  25  388
357  329  0019  0.277  0.456    26     8  0.40120  -0.14679  25  387
357  336  0020  0.257  0.456    39     8  0.40120  -0.14679  25  388
357  332  0021  0.282  0.456    31     8  0.40120  -0.14679  25  387
357  337  0022  0.293  0.456    24     8  0.40120  -0.14679  25  386
357  331  0023  0.284  0.456    30     8  0.40120  -0.14679  25  387
357  339  0024  0.329  0.456    50     8  0.40120  -0.14679  25  389
357  377  0025  0.358  0.390    31    31  0.37120  0.02721  24  389
357  341  0026  0.294  0.456    21     8  0.40120  -0.14679  25  386
357  413  0027  0.363  0.392    25    26  0.37120  -0.00879  24  389
357  326  0028  0.254  0.456    23     8  0.40120  -0.14679  25  387
357  345  0029  0.347  0.456    21     8  0.40120  -0.14679  25  388
357  353  0030  0.330  0.456    23     8  0.40120  -0.14679  25  387
357  351  0031  0.341  0.456    25     8  0.40120  -0.14679  25  387
357  406  0032  0.249  0.239    46    49  0.21520  0.08721  24  389
357  335  0033  0.235  0.456    34     8  0.40120  -0.14679  25  388
357  378  0034  0.255  0.245    45    48  0.22120  0.08721  24  389
357  336  0035  0.267  0.456    37     8  0.40120  -0.14679  25  388
357  335  0036  0.316  0.456    33     8  0.40120  -0.14679  25  387
357  341  0037  0.345  0.456    29     8  0.40120  -0.14679  25  388
357  348  0038  0.348  0.456    27     8  0.40120  -0.14679  25  388
357  333  0039  0.248  0.456    32     8  0.40120  -0.14679  25  388
357  339  0040  0.331  0.456    40     8  0.40120  -0.14679  25  388
357  327  0041  0.250  0.456    25     8  0.40120  -0.14679  25  387
357  336  0042  0.353  0.456    46     8  0.40120  -0.14679  25  389
357  332  0043  0.263  0.456    31     8  0.40120  -0.14679  25  387
357  381  0044  0.238  0.225    39    42  0.20920  0.05721  24  389
357  335  0045  0.260  0.456    35     8  0.40120  -0.14679  25  388
357  332  0046  0.350  0.456    34     8  0.40120  -0.14679  25  388
357  413  0047  0.368  0.391    32    32  0.37120  0.03321  24  389
357  365  0048  0.242  0.231    39    41  0.21520  0.05721  24  389
357  332  0049  0.286  0.456    30     8  0.40120  -0.14679  25  387
402  331  0000  0.279  0.456    22     8  0.40120  -0.14679  25  386
402  335  0001  0.338  0.456    31     8  0.40120  -0.14679  25  388
402  500  0002  0.231  0.229    50    51  0.20320  0.09321  23  390
402  326  0003  0.271  0.456    26     8  0.40120  -0.14679  25  387
402  338  0004  0.335  0.456    42     8  0.40120  -0.14679  25  388
402  335  0005  0.319  0.456    31     8  0.40120  -0.14679  25  387
402  335  0006  0.321  0.456    31     8  0.40120  -0.14679  25  387
402  332  0007  0.293  0.456    31     8  0.40120  -0.14679  25  387
402  443  0008  0.245  0.237    45    47  0.21520  0.08121  24  389
402  474  0009  0.367  0.391    27    27  0.37120  0.00321  24  389
402  334  0010  0.295  0.456    27     8  0.40120  -0.14679  25  386
402  342  0011  0.311  0.456    50     8  0.40120  -0.14679  25  389
402  336  0012  0.316  0.456    44     8  0.40120  -0.14679  25  388
402  333  0013  0.288  0.456    33     8  0.40120  -0.14679  25  387
402  455  0014  0.255  0.249    48    51  0.22120  0.09921  24  390
402  420  0015  0.239  0.231    40    41  0.21520  0.05721  24  389
402  414  0016  0.265  0.260    47    50  0.23320  0.09921  24  389
402  336  0017  0.293  0.456    41     8  0.40120  -0.14679  25  388
402  337  0018  0.345  0.456    44     8  0.40120  -0.14679  25  389
402  423  0019  0.357  0.385    26    26  0.36520  -0.00279  24  388
402  447  0020  0.371  0.393    38    37  0.37120  0.06921  24  389
402  337  0021  0.323  0.456    43     8  0.40120  -0.14679  25  388
402  335  0022  0.282  0.456    34     8  0.40120  -0.14679  25  387
402  334  0023  0.314  0.456    32     8  0.40120  -0.14679  25  387
402  338  0024  0.326  0.456    39     8  0.40120  -0.14679  25  388
402  337  0025  0.282  0.456    39     8  0.40120  -0.14679  25  388
402  333  0026  0.344  0.456    35     8  0.40120  -0.14679  25  388
402  344  0027  0.320  0.456    27     8  0.40120  -0.14679  25  387
402  336  0028  0.350  0.456    46     8  0.40120  -0.14679  25  389
402  334  0029  0.264  0.456    33     8  0.40120  -0.14679  25  388
402  337  0030  0.323  0.456    42     8  0.40120  -0.14679  25  388
402  470  0031  0.236  0.229    45    46  0.20920  0.07521  24  390
402  339  0032  0.334  0.456    40     8  0.40120  -0.14679  25  388
402  363  0033  0.346  0.384    29    28  0.36520  0.00921  24  388
402  337  0034  0.308  0.456    42     8  0.40120  -0.14679  25  388
402  337  0035  0.281  0.456    38     8  0.40120  -0.14679  25  388
402  349  0036  0.307  0.456    22     8  0.40120  -0.14679  25  386
402  333  0037  0.289  0.456    32     8  0.40120  -0.14679  25  387
402  335  0038  0.274  0.456    35     8  0.40120  -0.14679  25  387
402  436  0039  0.233  0.225    40    42  0.20920  0.05721  24  389
402  389  0040  0.356  0.380    36    36  0.35920  0.05721  24  389
402  351  0041  0.318  0.456    24     8  0.40120  -0.14679  25  387
402  329  0042  0.256  0.456    29     8  0.40120  -0.14679  25  387
402  334  0043  0.242  0.456    33     8  0.40120  -0.14679  25  388
402  438  0044  0.262  0.254    48    50  0.22720  0.09921  24  389
402  406  0045  0.282  0.270    49    52  0.23920  0.11121  24  389
402  336  0046  0.302  0.456    41     8  0.40120  -0.14679  25  388
402  338  0047  0.329  0.456    38     8  0.40120  -0.14679  25  388
402  348  0048  0.313  0.456    24     8  0.40120  -0.14679  25  387
402  398  0049  0.362  0.383    48    48  0.34720  0.13521  24  389
446  376  0000  0.347  0.380    23    25  0.35920  -0.01479  24  388
446  480  0001  0.370  0.390    40    40  0.36520  0.08721  24  389
446  325  0002  0.253  0.456    27     8  0.40120  -0.14679  25  387
446  465  0003  0.358  0.384    28    28  0.36520  0.00921  24  389
446  332  0004  0.337  0.456    34     8  0.40120  -0.14679  25  388
446  483  0005  0.369  0.387    38    37  0.36520  0.06921  24  389
446  337  0006  0.323  0.456    43     8  0.40120  -0.14679  25  388
446  338  0007  0.321  0.456    41     8  0.40120  -0.14679  25  388
446  335  0008  0.311  0.456    30     8  0.40120  -0.14679  25  387
446  357  0009  0.349  0.386    43    42  0.35920  0.09921  24  389
446  339  0010  0.339  0.456    41     8  0.40120  -0.14679  25  388
446  420  0011  0.351  0.362    50    50  0.32320  0.14121  24  389
446  325  0012  0.234  0.456    21     8  0.40120  -0.14679  25  388
446  326  0013  0.240  0.456    25     8  0.40120  -0.14679  25  388
446  351  0014  0.348  0.385    42    41  0.35920  0.09321  24  389
446  463  0015  0.363  0.386    36    35  0.36520  0.05721  24  389
446  457  0016  0.356  0.385    26    26  0.36520  -0.00279  24  388
446  359  0017  0.288  0.278    46    48  0.25120  0.09921  24  389
446  510  0018  0.366  0.391    28    27  0.37120  0.00321  24  389
446  335  0019  0.279  0.456    41     8  0.40120  -0.14679  25  388
446  409  0020  0.224  0.221    33    36  0.20920  0.03321  24  389
446  333  0021  0.286  0.456    33     8  0.40120  -0.14679  25  387
446  329  0022  0.239  0.456    28     8  0.40120  -0.14679  25  388
446  337  0023  0.300  0.456    37     8  0.40120  -0.14679  25  387
446  346  0024  0.298  0.456    21     8  0.40120  -0.14679  25  386
446  336  0025  0.340  0.456    46     8  0.40120  -0.14679  25  389
446  469  0026  0.369  0.393    22    24  0.37120  -0.02079  24  389
446  332  0027  0.288  0.456    25     8  0.40120  -0.14679  25  386
446  333  0028  0.335  0.456    32     8  0.40120  -0.14679  25  388
446  356  0029  0.335  0.456    22     8  0.40120  -0.14679  25  387
446  496  0030  0.373  0.393    43    43  0.36520  0.10521  24  389
446  348  0031  0.301  0.456    21     8  0.40120  -0.14679  25  386
446  335  0032  0.309  0.456    34     8  0.40120  -0.14679  25  387
446  371  0033  0.225  0.227    31    32  0.21520  0.02121  24  389
446  380  0034  0.267  0.255    43    46  0.23320  0.08121  24  389
446  449  0035  0.359  0.385    33    33  0.36520  0.03921  24  389
446  345  0036  0.310  0.456    25     8  0.40120  -0.14679  25  386
446  478  0037  0.364  0.390    31    31  0.37120  0.02721  24  389
446  323  0038  0.263  0.456    24     8  0.40120  -0.14679  25  387
446  343  0039  0.297  0.456    22     8  0.40120  -0.14679  25  386
446  336  0040  0.278  0.456    36     8  0.40120  -0.14679  25  388
446  354  0041  0.328  0.456    25     8  0.40120  -0.14679  25  387
446  327  0042  0.236  0.456    25     8  0.40120  -0.14679  25  388
446  487  0043  0.369  0.386    36    35  0.36520  0.05721  24  389
446  337  0044  0.316  0.456    47     8  0.40120  -0.14679  25  389
446  326  0045  0.263  0.456    28     8  0.40120  -0.14679  25  387
446  460  0046  0.366  0.391    41    41  0.36520  0.09321  24  389
446  336  0047  0.312  0.456    46     8  0.40120  -0.14679  25  389
446  381  0048  0.270  0.256    44    47  0.23320  0.08721  24  389
446  371  0049  0.262  0.244    40    42  0.22720  0.06321  24  389
491  349  0000  0.291  0.282    44    46  0.25720  0.09321  25  389
491  337  0001  0.338  0.456    43     8  0.40120  -0.14679  25  389
491  494  0002  0.245  0.232    41    43  0.21520  0.06321  24  389
491  353  0003  0.254  0.245    30    32  0.23320  0.02121  24  388
491  404  0004  0.308  0.303    49    51  0.26920  0.12321  24  390
491  337  0005  0.342  0.456    43     8  0.40120  -0.14679  25  389
491  322  0006  0.251  0.456    24     8  0.40120  -0.14679  25  387
491  564  0007  0.377  0.397    32    32  0.37720  0.03321  23  389
491  355  0008  0.318  0.456    23     8  0.40120  -0.14679  25  387
491  364  0009  0.339  0.373    37    36  0.35320  0.05721  24  388
491  546  0010  0.244  0.239    47    49  0.21520  0.08721  23  390
491  358  0011  0.322  0.456    21     8  0.40120  -0.14679  25  387
491  449  0012  0.352  0.366    48    49  0.32920  0.13521  24  389
491  481  0013  0.364  0.387    22    23  0.36520  -0.02679  24  389
491  445  0014  0.350  0.379    25    25  0.35920  -0.00879  24  388
491  578  0015  0.224  0.222    44    45  0.20320  0.06921  23  390
491  588  0016  0.376  0.397    29    28  0.37720  0.00921  23  389
491  579  0017  0.223  0.222    44    45  0.20320  0.06921  23  390
491  465  0018  0.223  0.222    34    37  0.20920  0.03921  24  389
491  344  0019  0.312  0.456    26     8  0.40120  -0.14679  25  387
491  411  0020  0.237  0.233    32    34  0.22120  0.02721  24  389
491  581  0021  0.225  0.223    46    47  0.20320  0.07521  23  390
491  330  0022  0.280  0.456    22     8  0.40120  -0.14679  25  386
491  551  0023  0.367  0.391    27    27  0.37120  0.00321  23  389
491  586  0024  0.224  0.223    47    47  0.20320  0.07521  23  390
491  495  0025  0.365  0.390    40    40  0.36520  0.08721  24  389
491  352  0026  0.330  0.456    26     8  0.40120  -0.14679  25  387
491  489  0027  0.244  0.232    41    43  0.21520  0.06321  24  389
491  334  0028  0.307  0.456    34     8  0.40120  -0.14679  25  387
491  541  0029  0.373  0.396    45    44  0.36520  0.11721  23  389
491  352  0030  0.315  0.456    24     8  0.40120  -0.14679  25  387
491  403  0031  0.227  0.227    30    32  0.21520  0.02121  24  389
491  352  0032  0.314  0.456    24     8  0.40120  -0.14679  25  387
491  329  0033  0.279  0.456    30     8  0.40120  -0.14679  25  387
491  380  0034  0.228  0.226    28    29  0.21520  0.00921  24  389
491  344  0035  0.316  0.456    27     8  0.40120  -0.14679  25  387
491  353  0036  0.327  0.456    26     8  0.40120  -0.14679  25  387
491  323  0037  0.260  0.456    26     8  0.40120  -0.14679  25  387
491  337  0038  0.294  0.456    40     8  0.40120  -0.14679  25  388
491  402  0039  0.348  0.368    46    47  0.33520  0.12321  24  389
491  337  0040  0.294  0.456    38     8  0.40120  -0.14679  25  388
491  327  0041  0.239  0.234    22    23  0.22120  -0.01479  25  388
491  384  0042  0.339  0.372    26    26  0.35320  -0.00279  24  388
491  353  0043  0.257  0.252    32    33  0.23920  0.02721  24  388
491  353  0044  0.314  0.456    24     8  0.40120  -0.14679  25  386
491  383  0045  0.249  0.246    32    33  0.23320  0.02721  24  388
491  404  0046  0.242  0.239    33    33  0.22720  0.02721  24  389
491  449  0047  0.270  0.264    45    48  0.23920  0.09321  24  389
491  552  0048  0.378  0.397    41    41  0.37120  0.09321  24  389
491  339  0049  0.319  0.456    39     8  0.40120  -0.14679  25  388
536  567  0000  0.237  0.232    42    43  0.21520  0.06321  23  390
536  330  0001  0.279  0.456    21     8  0.40120  -0.14679  25  386
536  403  0002  0.238  0.239    27    29  0.22720  0.00921  24  388
536  594  0003  0.369  0.392    25    26  0.37120  -0.00879  23  389
536  511  0004  0.361  0.386    46    46  0.35320  0.12321  24  390
536  344  0005  0.249  0.247    23    23  0.23320  -0.01479  25  388
536  337  0006  0.310  0.456    29     8  0.40120  -0.14679  25  387
536  393  0007  0.227  0.223    22    21  0.20920  -0.02079  25  388
536  347  0008  0.331  0.365    32    32  0.34720  0.03321  24  388
536  338  0009  0.310  0.307    45    46  0.28120  0.09921  25  389
536  334  0010  0.306  0.456    34     8  0.40120  -0.14679  25  387
536  603  0011  0.237  0.231    47    48  0.20920  0.08121  23  390
536  341  0012  0.277  0.266    36    37  0.25120  0.04521  24  388
536  490  0013  0.278  0.272    47    49  0.24520  0.09921  24  390
536  536  0014  0.284  0.278    50    52  0.24520  0.11721  24  390
536  337  0015  0.318  0.456    42     8  0.40120  -0.14679  25  388
536  481  0016  0.342  0.356    50    51  0.31720  0.14121  24  390
536  341  0017  0.246  0.241    21    22  0.22720  -0.02079  25  388
536  363  0018  0.258  0.252    28    29  0.23920  0.00921  24  388
536  344  0019  0.319  0.456    28     8  0.40120  -0.14679  25  387
536  420  0020  0.341  0.372    33    32  0.35320  0.03321  24  388
536  587  0021  0.371  0.392    24    25  0.37120  -0.01479  23  389
536  533  0022  0.243  0.232    41    43  0.21520  0.06321  23  390
536  553  0023  0.230  0.224    38    40  0.20920  0.05121  23  390
536  334  0024  0.328  0.456    32     8  0.40120  -0.14679  25  388
536  324  0025  0.276  0.456    25     8  0.40120  -0.14679  25  387
536  535  0026  0.365  0.383    48    48  0.34720  0.13521  23  390
536  364  0027  0.241  0.241    23    23  0.22720  -0.01479  25  388
536  565  0028  0.238  0.232    42    43  0.21520  0.06321  23  390
536  320  0029  0.258  0.456    23     8  0.40120  -0.14679  25  387
536  412  0030  0.343  0.376    39    39  0.35320  0.07521  24  389
536  500  0031  0.357  0.380    23    24  0.35920  -0.02079  24  389
536  338  0032  0.314  0.456    41     8  0.40120  -0.14679  25  388
536  432  0033  0.334  0.346    48    49  0.31120  0.12921  24  390
536  365  0034  0.290  0.280    43    45  0.25720  0.08721  25  389
536  394  0035  0.249  0.245    29    29  0.23320  0.00921  24  388
536  331  0036  0.295  0.456    31     8  0.40120  -0.14679  25  387
536  579  0037  0.375  0.397    41    41  0.37120  0.09321  23  389
536  475  0038  0.255  0.244    40    42  0.22720  0.06321  24  389
536  514  0039  0.362  0.384    45    45  0.35320  0.11721  24  389
536  489  0040  0.257  0.246    42    43  0.22720  0.06921  24  389
536  346  0041  0.264  0.258    29    29  0.24520  0.00921  25  388
536  591  0042  0.371  0.390    31    30  0.37120  0.02121  23  389
536  567  0043  0.362  0.385    26    26  0.36520  -0.00279  23  389
536  522  0044  0.223  0.222    35    37  0.20920  0.03921  24  389
536  380  0045  0.249  0.246    27    28  0.23320  0.00321  24  388
536  503  0046  0.357  0.372    48    48  0.33520  0.13521  24  390
536  330  0047  0.286  0.456    25     8  0.40120  -0.14679  25  386
536  434  0048  0.269  0.259    42    44  0.23920  0.07521  24  389
536  322  0049  0.266  0.456    22     8  0.40120  -0.14679  25  387
580  428  0000  0.265  0.259    35    36  0.24520  0.03921  24  388
580  338  0001  0.318  0.456    38     8  0.40120  -0.14679  25  388
580  626  0002  0.375  0.392    46    45  0.35920  0.12321  23  390
580  377  0003  0.267  0.258    29    29  0.24520  0.00921  24  388
580  421  0004  0.314  0.311    47    48  0.28120  0.11121  24  390
580  484  0005  0.222  0.226    30    31  0.21520  0.01521  24  389
580  459  0006  0.282  0.274    44    46  0.25120  0.08721  24  389
580  664  0007  0.232  0.233    49    49  0.20920  0.08721  23  390
580  641  0008  0.369  0.391    28    27  0.37120  0.00321  23  389
580  593  0009  0.261  0.260    47    50  0.23320  0.09921  23  390
580  420  0010  0.232  0.229    21    22  0.21520  -0.02079  25  388
580  608  0011  0.369  0.387    37    37  0.36520  0.06921  23  389
580  322  0012  0.272  0.456    24     8  0.40120  -0.14679  25  387
580  661  0013  0.238  0.235    50    51  0.20920  0.09321  23  390
580  482  0014  0.258  0.248    38    39  0.23320  0.05121  24  389
580  624  0015  0.366  0.385    27    26  0.36520  -0.00279  23  389
580  328  0016  0.289  0.456    28     8  0.40120  -0.14679  25  387
580  425  0017  0.337  0.365    32    31  0.34720  0.02721  24  388
580  362  0018  0.325  0.456    21     8  0.40120  -0.14679  25  387
580  550  0019  0.250  0.238    41    42  0.22120  0.06321  23  390
580  407  0020  0.244  0.240    24    25  0.22720  -0.00879  24  388
580  333  0021  0.319  0.456    33     8  0.40120  -0.14679  25  387
580  369  0022  0.287  0.282    40    41  0.26320  0.06921  25  389
580  337  0023  0.314  0.456    37     8  0.40120  -0.14679  25  388
580  631  0024  0.242  0.239    47    49  0.21520  0.08721  23  390
580  537  0025  0.354  0.378    33    33  0.35920  0.03921  24  389
580  447  0026  0.236  0.233    27    28  0.22120  0.00321  24  389
580  415  0027  0.335  0.366    25    25  0.34720  -0.00879  24  388
580  602  0028  0.366  0.385    35    35  0.36520  0.05121  23  389
580  675  0029  0.377  0.398    26    26  0.37720  -0.00279  23  390
580  468  0030  0.239  0.239    30    31  0.22720  0.01521  24  389
580  485  0031  0.343  0.372    29    28  0.35320  0.00921  24  388
580  425  0032  0.331  0.344    46    48  0.31120  0.12321  24  390
580  344  0033  0.309  0.456    26     8  0.40120  -0.14679  25  387
580  450  0034  0.271  0.264    41    42  0.24520  0.06921  24  389
580  443  0035  0.345  0.371    45    45  0.34120  0.11121  24  389
580  587  0036  0.367  0.390    40    40  0.36520  0.08721  23  389
580  566  0037  0.254  0.249    44    46  0.22720  0.08121  23  390
580  654  0038  0.378  0.397    32    32  0.37720  0.03321  23  390
580  604  0039  0.238  0.232    42    43  0.21520  0.06321  23  390
580  585  0040  0.372  0.381    50    50  0.34120  0.14721  23  390
580  447  0041  0.223  0.221    25    25  0.20920  -0.00879  24  389
580  438  0042  0.259  0.252    33    35  0.23920  0.03321  24  388
580  543  0043  0.241  0.235    37    38  0.22120  0.04521  24  389
580  488  0044  0.240  0.239    32    33  0.22720  0.02721  24  389
580  407  0045  0.249  0.246    25    26  0.23320  -0.00279  24  388
580  436  0046  0.232  0.233    25    26  0.22120  -0.00279  24  388
580  360  0047  0.328  0.360    34    34  0.34120  0.04521  24  388
580  358  0048  0.324  0.456    25     8  0.40120  -0.14679  25  387
580  500  0049  0.340  0.354    49    50  0.31720  0.13521  24  390
625  334  0000  0.316  0.456    31     8  0.40120  -0.14679  25  387
625  333  0001  0.317  0.456    33     8  0.40120  -0.14679  25  387
625  494  0002  0.239  0.239    28    29  0.22720  0.00921  24  389
625  415  0003  0.292  0.285    42    44  0.26320  0.08121  24  389
625  613  0004  0.370  0.388    21    22  0.36520  -0.03279  23  389
625  687  0005  0.379  0.392    35    35  0.37120  0.05721  23  390
625  575  0006  0.359  0.378    45    45  0.34720  0.11721  23  390
625  457  0007  0.342  0.365    45    45  0.33520  0.11121  24  390
625  452  0008  0.302  0.296    45    47  0.26920  0.09921  24  389
625  682  0009  0.228  0.226    42    43  0.20920  0.06321  23  390
625  512  0010  0.325  0.335    49    50  0.29920  0.12921  24  390
625  705  0011  0.226  0.223    46    47  0.20320  0.07521  23  391
625  588  0012  0.286  0.282    49    50  0.25120  0.11121  24  390
625  576  0013  0.360  0.386    43    42  0.35920  0.09921  23  390
625  618  0014  0.284  0.278    50    52  0.24520  0.11721  24  390
625  630  0015  0.373  0.381    50    50  0.34120  0.14721  23  390
625  359  0016  0.318  0.456    24     8  0.40120  -0.14679  25  387
625  564  0017  0.229  0.227    33    35  0.21520  0.03321  24  389
625  334  0018  0.291  0.456    34     8  0.40120  -0.14679  25  387
625  557  0019  0.259  0.252    42    43  0.23320  0.06921  24  390
625  432  0020  0.285  0.277    41    43  0.25720  0.07521  24  389
625  521  0021  0.251  0.246    34    35  0.23320  0.03321  24  389
625  367  0022  0.330  0.353    41    41  0.32920  0.08721  25  389
625  338  0023  0.316  0.456    38     8  0.40120  -0.14679  25  388
625  524  0024  0.244  0.239    32    33  0.22720  0.02721  24  389
625  679  0025  0.376  0.393    36    36  0.37120  0.06321  23  390
625  529  0026  0.330  0.342    49    50  0.30520  0.13521  24  390
625  504  0027  0.260  0.254    37    37  0.23920  0.04521  24  389
625  470  0028  0.279  0.271    42    43  0.25120  0.07521  24  389
625  339  0029  0.313  0.456    29     8  0.40120  -0.14679  25  387
625  369  0030  0.317  0.318    43    44  0.29320  0.09321  25  389
625  334  0031  0.316  0.456    31     8  0.40120  -0.14679  25  387
625  461  0032  0.296  0.290    45    47  0.26320  0.09921  24  389
625  475  0033  0.342  0.368    23    24  0.34720  -0.02079  24  388
625  404  0034  0.257  0.253    23    23  0.23920  -0.01479  24  388
625  703  0035  0.230  0.231    47    48  0.20920  0.08121  23  391
625  334  0036  0.308  0.456    34     8  0.40120  -0.14679  25  387
625  488  0037  0.259  0.253    34    36  0.23920  0.03921  24  389
625  401  0038  0.284  0.274    38    39  0.25720  0.05721  24  388
625  385  0039  0.326  0.359    29    28  0.34120  0.00921  24  388
625  518  0040  0.300  0.293    48    49  0.26320  0.11121  24  390
625  604  0041  0.230  0.228    36    37  0.21520  0.03921  23  390
625  427  0042  0.292  0.285    42    44  0.26320  0.08121  24  389
625  346  0043  0.311  0.456    26     8  0.40120  -0.14679  25  387
625  504  0044  0.262  0.254    38    39  0.23920  0.05121  24  389
625  363  0045  0.328  0.456    21     8  0.40120  -0.14679  25  387
625  554  0046  0.356  0.378    41    40  0.35320  0.08721  24  389
625  334  0047  0.321  0.456    31     8  0.40120  -0.14679  25  387
625  402  0048  0.335  0.359    41    41  0.33520  0.08721  24  389
625  475  0049  0.337  0.365    30    29  0.34720  0.01521  24  388
89  336  0000  0.276  0.456    32     8  0.40120  -0.14679  25  388
89  335  0001  0.243  0.456    21     8  0.40120  -0.14679  25  388
89  337  0002  0.232  0.456    31     8  0.40120  -0.14679  25  388
89  336  0003  0.285  0.456    29     8  0.40120  -0.14679  25  388
89  338  0004  0.376  0.456    27     8  0.40120  -0.14679  25  388
89  337  0005  0.287  0.456    38     8  0.40120  -0.14679  25  388
89  337  0006  0.312  0.456    33     8  0.40120  -0.14679  25  388
89  337  0007  0.351  0.456    49     8  0.40120  -0.14679  25  388
89  337  0008  0.288  0.456    22     8  0.40120  -0.14679  25  388
89  337  0009  0.328  0.456    47     8  0.40120  -0.14679  25  388
89  339  0010  0.269  0.456    50     8  0.40120  -0.14679  25  388
89  337  0011  0.232  0.456    35     8  0.40120  -0.14679  25  388
89  338  0012  0.243  0.456    42     8  0.40120  -0.14679  25  388
89  335  0013  0.274  0.456    26     8  0.40120  -0.14679  25  388
89  337  0014  0.254  0.456    40     8  0.40120  -0.14679  25  388
89  338  0015  0.349  0.456    49     8  0.40120  -0.14679  25  388
89  337  0016  0.290  0.456    45     8  0.40120  -0.14679  25  388
89  337  0017  0.323  0.456    46     8  0.40120  -0.14679  25  388
89  336  0018  0.373  0.456    33     8  0.40120  -0.14679  25  388
89  338  0019  0.226  0.456    39     8  0.40120  -0.14679  25  388
89  337  0020  0.307  0.456    33     8  0.40120  -0.14679  25  388
89  337  0021  0.281  0.456    21     8  0.40120  -0.14679  25  388
89  336  0022  0.229  0.456    29     8  0.40120  -0.14679  25  388
89  338  0023  0.324  0.456    39     8  0.40120  -0.14679  25  388
89  338  0024  0.304  0.456    27     8  0.40120  -0.14679  25  388
89  335  0025  0.252  0.456    24     8  0.40120  -0.14679  25  388
89  337  0026  0.305  0.456    45     8  0.40120  -0.14679  25  388
89  338  0027  0.334  0.456    40     8  0.40120  -0.14679  25  388
89  338  0028  0.355  0.456    29     8  0.40120  -0.14679  25  388
89  337  0029  0.346  0.456    36     8  0.40120  -0.14679  25  388
89  340  0030  0.320  0.456    25     8  0.40120  -0.14679  25  388
89  335  0031  0.259  0.456    27     8  0.40120  -0.14679  25  388
89  335  0032  0.228  0.456    24     8  0.40120  -0.14679  25  388
89  335  0033  0.263  0.456    26     8  0.40120  -0.14679  25  388
89  337  0034  0.317  0.456    47     8  0.40120  -0.14679  25  388
89  338  0035  0.379  0.456    50     8  0.40120  -0.14679  25  388
89  337  0036  0.323  0.456    43     8  0.40120  -0.14679  25  388
89  337  0037  0.315  0.456    46     8  0.40120  -0.14679  25  388
89  337  0038  0.276  0.456    39     8  0.40120  -0.14679  25  388
89  338  0039  0.378  0.456    28     8  0.40120  -0.14679  25  388
89  338  0040  0.297  0.456    38     8  0.40120  -0.14679  25  388
89  337  0041  0.302  0.456    29     8  0.40120  -0.14679  25  388
89  339  0042  0.350  0.456    28     8  0.40120  -0.14679  25  388
89  337  0043  0.344  0.456    47     8  0.40120  -0.14679  25  388
89  337  0044  0.249  0.456    35     8  0.40120  -0.14679  25  388
89  337  0045  0.292  0.456    32     8  0.40120  -0.14679  25  388
89  339  0046  0.351  0.456    28     8  0.40120  -0.14679  25  388
89  341  0047  0.325  0.456    21     8  0.40120  -0.14679  25  388
89  340  0048  0.231  0.456    49     8  0.40120  -0.14679  25  388
89  338  0049  0.357  0.456    50     8  0.40120  -0.14679  25  388
134  338  0000  0.245  0.456    45     8  0.40120  -0.14679  25  388
134  339  0001  0.259  0.456    48     8  0.40120  -0.14679  25  388
134  342  0002  0.312  0.456    23     8  0.40120  -0.14679  25  387
134  337  0003  0.302  0.456    34     8  0.40120  -0.14679  25  388
134  338  0004  0.304  0.456    38     8  0.40120  -0.14679  25  388
134  338  0005  0.326  0.456    39     8  0.40120  -0.14679  25  388
134  337  0006  0.328  0.456    31     8  0.40120  -0.14679  25  388
134  338  0007  0.358  0.456    42     8  0.40120  -0.14679  25  388
134  337  0008  0.302  0.456    36     8  0.40120  -0.14679  25  388
134  338  0009  0.356  0.456    50     8  0.40120  -0.14679  25  388
134  334  0010  0.267  0.456    22     8  0.40120  -0.14679  25  387
134  339  0011  0.322  0.456    28     8  0.40120  -0.14679  25  388
134  337  0012  0.230  0.456    39     8  0.40120  -0.14679  25  388
134  337  0013  0.330  0.456    35     8  0.40120  -0.14679  25  388
134  337  0014  0.290  0.456    42     8  0.40120  -0.14679  25  388
134  337  0015  0.321  0.456    44     8  0.40120  -0.14679  25  388
134  334  0016  0.257  0.456    25     8  0.40120  -0.14679  25  388
134  336  0017  0.227  0.456    31     8  0.40120  -0.14679  25  388
134  334  0018  0.279  0.456    27     8  0.40120  -0.14679  25  387
134  340  0019  0.298  0.456    50     8  0.40120  -0.14679  25  388
134  340  0020  0.247  0.456    50     8  0.40120  -0.14679  25  389
134  337  0021  0.267  0.456    43     8  0.40120  -0.14679  25  388
134  338  0022  0.277  0.456    46     8  0.40120  -0.14679  25  388
134  337  0023  0.255  0.456    37     8  0.40120  -0.14679  25  388
134  335  0024  0.364  0.456    34     8  0.40120  -0.14679  25  388
134  337  0025  0.251  0.456    42     8  0.40120  -0.14679  25  388
134  337  0026  0.253  0.456    36     8  0.40120  -0.14679  25  388
134  337  0027  0.358  0.456    31     8  0.40120  -0.14679  25  388
134  338  0028  0.350  0.456    40     8  0.40120  -0.14679  25  388
134  337  0029  0.263  0.456    38     8  0.40120  -0.14679  25  388
134  335  0030  0.375  0.456    33     8  0.40120  -0.14679  25  388
134  338  0031  0.316  0.456    38     8  0.40120  -0.14679  25  388
134  342  0032  0.345  0.456    26     8  0.40120  -0.14679  25  388
134  337  0033  0.253  0.456    43     8  0.40120  -0.14679  25  388
134  334  0034  0.229  0.456    24     8  0.40120  -0.14679  25  388
134  338  0035  0.325  0.456    49     8  0.40120  -0.14679  25  388
134  337  0036  0.259  0.456    42     8  0.40120  -0.14679  25  388
134  337  0037  0.266  0.456    39     8  0.40120  -0.14679  25  388
134  337  0038  0.339  0.456    44     8  0.40120  -0.14679  25  388
134  337  0039  0.371  0.456    39     8  0.40120  -0.14679  25  388
134  337  0040  0.334  0.456    46     8  0.40120  -0.14679  25  388
134  338  0041  0.361  0.456    22     8  0.40120  -0.14679  25  388
134  341  0042  0.337  0.456    27     8  0.40120  -0.14679  25  388
134  337  0043  0.338  0.456    37     8  0.40120  -0.14679  25  388
134  337  0044  0.282  0.456    44     8  0.40120  -0.14679  25  388
134  335  0045  0.281  0.456    24     8  0.40120  -0.14679  25  387
134  337  0046  0.364  0.456    48     8  0.40120  -0.14679  25  388
134  338  0047  0.326  0.456    49     8  0.40120  -0.14679  25  388
134  337  0048  0.294  0.456    34     8  0.40120  -0.14679  25  388
134  335  0049  0.269  0.456    29     8  0.40120  -0.14679  25  388
179  337  0000  0.314  0.456    43     8  0.40120  -0.14679  25  388
179  336  0001  0.249  0.456    34     8  0.40120  -0.14679  25  388
179  341  0002  0.226  0.456    45     8  0.40120  -0.14679  25  389
179  335  0003  0.230  0.456    30     8  0.40120  -0.14679  25  388
179  337  0004  0.251  0.456    39     8  0.40120  -0.14679  25  388
179  338  0005  0.313  0.456    38     8  0.40120  -0.14679  25  388
179  338  0006  0.327  0.456    42     8  0.40120  -0.14679  25  388
179  337  0007  0.370  0.456    42     8  0.40120  -0.14679  25  388
179  337  0008  0.335  0.456    47     8  0.40120  -0.14679  25  388
179  337  0009  0.354  0.456    48     8  0.40120  -0.14679  25  388
179  337  0010  0.363  0.456    39     8  0.40120  -0.14679  25  388
179  336  0011  0.334  0.456    34     8  0.40120  -0.14679  25  388
179  342  0012  0.225  0.456    49     8  0.40120  -0.14679  25  389
179  342  0013  0.229  0.456    50     8  0.40120  -0.14679  25  389
179  343  0014  0.347  0.456    27     8  0.40120  -0.14679  25  388
179  335  0015  0.371  0.456    35     8  0.40120  -0.14679  25  388
179  335  0016  0.358  0.456    34     8  0.40120  -0.14679  25  388
179  336  0017  0.258  0.456    36     8  0.40120  -0.14679  25  388
179  333  0018  0.235  0.456    24     8  0.40120  -0.14679  25  388
179  336  0019  0.308  0.456    32     8  0.40120  -0.14679  25  387
179  335  0020  0.368  0.456    36     8  0.40120  -0.14679  25  388
179  334  0021  0.371  0.456    34     8  0.40120  -0.14679  25  388
179  337  0022  0.298  0.456    39     8  0.40120  -0.14679  25  388
179  341  0023  0.360  0.456    27     8  0.40120  -0.14679  25  388
179  336  0024  0.245  0.456    35     8  0.40120  -0.14679  25  388
179  336  0025  0.277  0.456    33     8  0.40120  -0.14679  25  387
179  338  0026  0.244  0.456    43     8  0.40120  -0.14679  25  388
179  335  0027  0.240  0.456    29     8  0.40120  -0.14679  25  388
179  338  0028  0.320  0.456    41     8  0.40120  -0.14679  25  388
179  336  0029  0.374  0.456    44     8  0.40120  -0.14679  25  388
179  337  0030  0.261  0.456    40     8  0.40120  -0.14679  25  388
179  333  0031  0.241  0.456    25     8  0.40120  -0.14679  25  388
179  337  0032  0.287  0.456    35     8  0.40120  -0.14679  25  387
179  336  0033  0.278  0.456    43     8  0.40120  -0.14679  25  388
179  337  0034  0.260  0.456    44     8  0.40120  -0.14679  25  388
179  336  0035  0.233  0.456    32     8  0.40120  -0.14679  25  388
179  343  0036  0.349  0.456    27     8  0.40120  -0.14679  25  388
179  337  0037  0.317  0.456    46     8  0.40120  -0.14679  25  388
179  339  0038  0.229  0.456    43     8  0.40120  -0.14679  25  389
179  337  0039  0.366  0.456    47     8  0.40120  -0.14679  25  388
179  332  0040  0.265  0.456    21     8  0.40120  -0.14679  25  387
179  335  0041  0.350  0.456    32     8  0.40120  -0.14679  25  388
179  333  0042  0.225  0.456    24     8  0.40120  -0.14679  25  388
179  337  0043  0.283  0.456    46     8  0.40120  -0.14679  25  388
179  333  0044  0.237  0.456    26     8  0.40120  -0.14679  25  388
179  336  0045  0.373  0.456    45     8  0.40120  -0.14679  25  388
179  337  0046  0.294  0.456    44     8  0.40120  -0.14679  25  388
179  337  0047  0.278  0.456    36     8  0.40120  -0.14679  25  388
179  334  0048  0.263  0.456    29     8  0.40120  -0.14679  25  387
179  338  0049  0.289  0.456    22     8  0.40120  -0.14679  25  387
223  333  0000  0.280  0.456    24     8  0.40120  -0.14679  25  387
223  334  0001  0.366  0.456    33     8  0.40120  -0.14679  25  388
223  338  0002  0.286  0.456    47     8  0.40120  -0.14679  25  388
223  346  0003  0.314  0.456    22     8  0.40120  -0.14679  25  387
223  352  0004  0.377  0.404    26    26  0.38320  -0.00279  24  389
223  337  0005  0.378  0.456    48     8  0.40120  -0.14679  25  389
223  338  0006  0.223  0.456    39     8  0.40120  -0.14679  25  389
223  335  0007  0.377  0.456    35     8  0.40120  -0.14679  25  389
223  336  0008  0.253  0.456    38     8  0.40120  -0.14679  25  388
223  337  0009  0.246  0.456    42     8  0.40120  -0.14679  25  388
223  334  0010  0.252  0.456    31     8  0.40120  -0.14679  25  388
223  341  0011  0.266  0.456    50     8  0.40120  -0.14679  25  389
223  337  0012  0.343  0.456    44     8  0.40120  -0.14679  25  388
223  337  0013  0.246  0.456    39     8  0.40120  -0.14679  25  388
223  340  0014  0.292  0.456    20     8  0.40120  -0.14679  25  387
223  337  0015  0.353  0.456    30     8  0.40120  -0.14679  25  388
223  337  0016  0.302  0.456    42     8  0.40120  -0.14679  25  388
223  336  0017  0.259  0.456    36     8  0.40120  -0.14679  25  388
223  330  0018  0.244  0.456    21     8  0.40120  -0.14679  25  387
223  336  0019  0.377  0.409    31    30  0.38920  0.02121  24  389
223  336  0020  0.343  0.456    37     8  0.40120  -0.14679  25  388
223  337  0021  0.348  0.456    48     8  0.40120  -0.14679  25  388
223  344  0022  0.350  0.456    26     8  0.40120  -0.14679  25  388
223  335  0023  0.255  0.456    33     8  0.40120  -0.14679  25  388
223  337  0024  0.317  0.456    36     8  0.40120  -0.14679  25  387
223  339  0025  0.238  0.456    45     8  0.40120  -0.14679  25  389
223  337  0026  0.242  0.456    41     8  0.40120  -0.14679  25  388
223  342  0027  0.302  0.456    22     8  0.40120  -0.14679  25  387
223  336  0028  0.266  0.456    42     8  0.40120  -0.14679  25  388
223  331  0029  0.271  0.456    26     8  0.40120  -0.14679  25  387
223  336  0030  0.237  0.456    34     8  0.40120  -0.14679  25  388
223  332  0031  0.240  0.456    27     8  0.40120  -0.14679  25  388
223  331  0032  0.235  0.456    22     8  0.40120  -0.14679  25  388
223  337  0033  0.236  0.456    37     8  0.40120  -0.14679  25  388
223  336  0034  0.299  0.456    34     8  0.40120  -0.14679  25  387
223  338  0035  0.354  0.456    41     8  0.40120  -0.14679  25  388
223  346  0036  0.341  0.456    24     8  0.40120  -0.14679  25  388
223  330  0037  0.257  0.456    24     8  0.40120  -0.14679  25  387
223  339  0038  0.310  0.456    27     8  0.40120  -0.14679  25  387
223  336  0039  0.253  0.456    39     8  0.40120  -0.14679  25  388
223  337  0040  0.340  0.456    45     8  0.40120  -0.14679  25  388
223  337  0041  0.286  0.456    37     8  0.40120  -0.14679  25  387
223  337  0042  0.338  0.456    43     8  0.40120  -0.14679  25  388
223  343  0043  0.226  0.456    50     8  0.40120  -0.14679  25  389
223  334  0044  0.377  0.456    34     8  0.40120  -0.14679  25  389
223  347  0045  0.323  0.456    22     8  0.40120  -0.14679  25  387
223  338  0046  0.287  0.456    21     8  0.40120  -0.14679  25  387
223  343  0047  0.223  0.456    48     8  0.40120  -0.14679  25  389
223  337  0048  0.290  0.456    38     8  0.40120  -0.14679  25  388
223  337  0049  0.361  0.456    47     8  0.40120  -0.14679  25  388
268  334  0000  0.351  0.456    35     8  0.40120  -0.14679  25  388
268  337  0001  0.289  0.456    37     8  0.40120  -0.14679  25  387
268  329  0002  0.251  0.456    21     8  0.40120  -0.14679  25  387
268  338  0003  0.305  0.456    39     8  0.40120  -0.14679  25  387
268  334  0004  0.291  0.456    26     8  0.40120  -0.14679  25  387
268  347  0005  0.375  0.400    42    42  0.37120  0.10521  24  389
268  336  0006  0.266  0.456    34     8  0.40120  -0.14679  25  388
268  331  0007  0.247  0.456    27     8  0.40120  -0.14679  25  387
268  395  0008  0.377  0.404    27    27  0.38320  0.00321  24  389
268  349  0009  0.320  0.456    22     8  0.40120  -0.14679  25  387
268  368  0010  0.223  0.216    44    46  0.19720  0.06921  24  389
268  333  0011  0.352  0.456    34     8  0.40120  -0.14679  25  388
268  354  0012  0.247  0.243    49    51  0.21520  0.09921  24  389
268  338  0013  0.338  0.456    50     8  0.40120  -0.14679  25  388
268  333  0014  0.358  0.456    34     8  0.40120  -0.14679  25  388
268  336  0015  0.223  0.456    35     8  0.40120  -0.14679  25  388
268  338  0016  0.304  0.456    39     8  0.40120  -0.14679  25  387
268  335  0017  0.320  0.456    33     8  0.40120  -0.14679  25  387
268  337  0018  0.300  0.456    47     8  0.40120  -0.14679  25  388
268  338  0019  0.327  0.456    38     8  0.40120  -0.14679  25  388
268  343  0020  0.345  0.456    28     8  0.40120  -0.14679  25  388
268  339  0021  0.348  0.456    30     8  0.40120  -0.14679  25  388
268  338  0022  0.343  0.456    42     8  0.40120  -0.14679  25  388
268  334  0023  0.283  0.456    32     8  0.40120  -0.14679  25  387
268  346  0024  0.365  0.398    25    26  0.37720  -0.00879  24  389
268  337  0025  0.313  0.456    46     8  0.40120  -0.14679  25  388
268  385  0026  0.375  0.404    26    26  0.38320  -0.00279  24  389
268  338  0027  0.321  0.456    39     8  0.40120  -0.14679  25  388
268  341  0028  0.238  0.229    44    46  0.20920  0.07521  24  389
268  338  0029  0.358  0.456    41     8  0.40120  -0.14679  25  388
268  340  0030  0.325  0.456    50     8  0.40120  -0.14679  25  388
268  337  0031  0.367  0.456    42     8  0.40120  -0.14679  25  388
268  337  0032  0.328  0.456    45     8  0.40120  -0.14679  25  388
268  336  0033  0.308  0.456    44     8  0.40120  -0.14679  25  388
268  338  0034  0.343  0.456    40     8  0.40120  -0.14679  25  388
268  345  0035  0.355  0.456    24     8  0.40120  -0.14679  25  388
268  336  0036  0.271  0.456    41     8  0.40120  -0.14679  25  388
268  347  0037  0.242  0.233    47    49  0.20920  0.08721  24  389
268  348  0038  0.344  0.456    23     8  0.40120  -0.14679  25  388
268  338  0039  0.309  0.456    48     8  0.40120  -0.14679  25  388
268  329  0040  0.259  0.456    22     8  0.40120  -0.14679  25  387
268  337  0041  0.230  0.456    38     8  0.40120  -0.14679  25  389
268  330  0042  0.265  0.456    25     8  0.40120  -0.14679  25  387
268  337  0043  0.280  0.456    39     8  0.40120  -0.14679  25  388
268  367  0044  0.238  0.237    50    52  0.20920  0.09921  24  389
268  334  0045  0.260  0.456    32     8  0.40120  -0.14679  25  388
268  336  0046  0.313  0.456    35     8  0.40120  -0.14679  25  387
268  335  0047  0.337  0.456    33     8  0.40120  -0.14679  25  388
268  337  0048  0.279  0.456    37     8  0.40120  -0.14679  25  388
268  338  0049  0.329  0.456    40     8  0.40120  -0.14679  25  388
313  340  0000  0.278  0.456    48     8  0.40120  -0.14679  25  389
313  333  0001  0.236  0.456    30     8  0.40120  -0.14679  25  388
313  345  0002  0.301  0.456    21     8  0.40120  -0.14679  25  387
313  328  0003  0.267  0.456    24     8  0.40120  -0.14679  25  387
313  330  0004  0.237  0.456    25     8  0.40120  -0.14679  25  388
313  336  0005  0.316  0.456    30     8  0.40120  -0.14679  25  387
313  343  0006  0.300  0.456    22     8  0.40120  -0.14679  25  387
313  407  0007  0.233  0.227    49    50  0.20320  0.08721  24  389
313  336  0008  0.329  0.456    46     8  0.40120  -0.14679  25  388
313  337  0009  0.288  0.456    37     8  0.40120  -0.14679  25  387
313  336  0010  0.272  0.456    36     8  0.40120  -0.14679  25  388
313  338  0011  0.315  0.456    29     8  0.40120  -0.14679  25  387
313  328  0012  0.259  0.456    22     8  0.40120  -0.14679  25  387
313  346  0013  0.361  0.392    23    25  0.37120  -0.01479  24  388
313  346  0014  0.304  0.456    21     8  0.40120  -0.14679  25  387
313  348  0015  0.355  0.391    28    27  0.37120  0.00321  24  388
313  336  0016  0.360  0.456    45     8  0.40120  -0.14679  25  389
313  335  0017  0.307  0.456    31     8  0.40120  -0.14679  25  387
313  349  0018  0.330  0.456    25     8  0.40120  -0.14679  25  387
313  397  0019  0.377  0.397    33    33  0.37720  0.03921  24  389
313  338  0020  0.295  0.456    24     8  0.40120  -0.14679  25  387
313  351  0021  0.231  0.219    38    42  0.20320  0.05721  24  389
313  336  0022  0.314  0.456    30     8  0.40120  -0.14679  25  387
313  339  0023  0.366  0.399    22    24  0.37720  -0.02079  24  389
313  360  0024  0.367  0.392    35    34  0.37120  0.05121  24  389
313  333  0025  0.352  0.456    33     8  0.40120  -0.14679  25  388
313  381  0026  0.262  0.259    50    53  0.22720  0.11121  24  389
313  373  0027  0.241  0.229    44    46  0.20920  0.07521  24  389
313  338  0028  0.283  0.456    47     8  0.40120  -0.14679  25  389
313  338  0029  0.302  0.456    38     8  0.40120  -0.14679  25  387
313  335  0030  0.349  0.456    36     8  0.40120  -0.14679  25  388
313  350  0031  0.366  0.394    38    38  0.37120  0.07521  24  389
313  372  0032  0.373  0.396    40    40  0.37120  0.08721  24  389
313  329  0033  0.234  0.456    21     8  0.40120  -0.14679  25  388
313  338  0034  0.352  0.456    40     8  0.40120  -0.14679  25  388
313  335  0035  0.319  0.456    33     8  0.40120  -0.14679  25  387
313  330  0036  0.274  0.456    28     8  0.40120  -0.14679  25  387
313  330  0037  0.270  0.456    28     8  0.40120  -0.14679  25  387
313  332  0038  0.358  0.456    34     8  0.40120  -0.14679  25  388
313  408  0039  0.230  0.225    47    48  0.20320  0.08121  24  389
313  329  0040  0.255  0.456    27     8  0.40120  -0.14679  25  387
313  334  0041  0.345  0.456    36     8  0.40120  -0.14679  25  388
313  384  0042  0.376  0.397    40    41  0.37120  0.09321  24  389
313  336  0043  0.259  0.456    35     8  0.40120  -0.14679  25  388
313  335  0044  0.348  0.456    37     8  0.40120  -0.14679  25  388
313  332  0045  0.261  0.456    30     8  0.40120  -0.14679  25  387
313  336  0046  0.266  0.456    40     8  0.40120  -0.14679  25  388
313  336  0047  0.295  0.456    45     8  0.40120  -0.14679  25  388
313  424  0048  0.376  0.398    25    26  0.37720  -0.00879  24  389
313  335  0049  0.245  0.456    35     8  0.40120  -0.14679  25  388
357  415  0000  0.228  0.219    40    42  0.20320  0.05721  24  389
357  336  0001  0.257  0.456    38     8  0.40120  -0.14679  25  388
357  339  0002  0.289  0.456    48     8  0.40120  -0.14679  25  389
357  442  0003  0.371  0.398    25    26  0.37720  -0.00879  24  389
357  425  0004  0.369  0.397    31    30  0.37720  0.02121  24  389
357  336  0005  0.333  0.456    31     8  0.40120  -0.14679  25  387
357  336  0006  0.255  0.456    41     8  0.40120  -0.14679  25  389
357  331  0007  0.280  0.456    23     8  0.40120  -0.14679  25  387
357  338  0008  0.304  0.456    48     8  0.40120  -0.14679  25  389
357  385  0009  0.223  0.217    37    41  0.20320  0.05121  24  389
357  335  0010  0.349  0.456    31     8  0.40120  -0.14679  25  388
357  372  0011  0.370  0.394    21    22  0.37120  -0.03279  24  389
357  335  0012  0.328  0.456    36     8  0.40120  -0.14679  25  387
357  330  0013  0.226  0.456    25     8  0.40120  -0.14679  25  388
357  335  0014  0.281  0.456    44     8  0.40120  -0.14679  25  388
357  367  0015  0.244  0.232    40    43  0.21520  0.06321  24  389
357  340  0016  0.307  0.456    49     8  0.40120  -0.14679  25  389
357  421  0017  0.223  0.219    40    42  0.20320  0.05721  24  389
357  369  0018  0.258  0.245    45    48  0.22120  0.08721  24  389
357  338  0019  0.327  0.456    40     8  0.40120  -0.14679  25  388
357  332  0020  0.291  0.456    29     8  0.40120  -0.14679  25  387
357  336  0021  0.297  0.456    45     8  0.40120  -0.14679  25  388
357  361  0022  0.253  0.241    43    45  0.22120  0.07521  24  389
357  338  0023  0.325  0.456    39     8  0.40120  -0.14679  25  388
357  338  0024  0.313  0.456    39     8  0.40120  -0.14679  25  387
357  338  0025  0.356  0.456    41     8  0.40120  -0.14679  25  388
357  374  0026  0.230  0.224    37    40  0.20920  0.05121  24  389
357  335  0027  0.286  0.456    23     8  0.40120  -0.14679  25  386
357  336  0028  0.347  0.456    31     8  0.40120  -0.14679  25  388
357  333  0029  0.222  0.456    30     8  0.40120  -0.14679  25  388
357  363  0030  0.265  0.252    46    49  0.22720  0.09321  24  389
357  337  0031  0.350  0.456    39     8  0.40120  -0.14679  25  388
357  338  0032  0.339  0.456    39     8  0.40120  -0.14679  25  388
357  334  0033  0.237  0.456    32     8  0.40120  -0.14679  25  388
357  337  0034  0.347  0.456    44     8  0.40120  -0.14679  25  388
357  338  0035  0.315  0.456    38     8  0.40120  -0.14679  25  387
357  334  0036  0.331  0.456    32     8  0.40120  -0.14679  25  387
357  336  0037  0.264  0.456    36     8  0.40120  -0.14679  25  388
357  333  0038  0.295  0.456    29     8  0.40120  -0.14679  25  387
357  335  0039  0.287  0.456    23     8  0.40120  -0.14679  25  386
357  381  0040  0.253  0.245    45    48  0.22120  0.08721  24  389
357  336  0041  0.270  0.456    45     8  0.40120  -0.14679  25  389
357  338  0042  0.328  0.456    41     8  0.40120  -0.14679  25  388
357  334  0043  0.323  0.456    33     8  0.40120  -0.14679  25  387
357  404  0044  0.369  0.398    46    45  0.36520  0.12321  24  389
357  335  0045  0.280  0.456    43     8  0.40120  -0.14679  25  388
357  355  0046  0.355  0.384    33    32  0.36520  0.03321  24  389
357  402  0047  0.372  0.393    47    46  0.35920  0.12921  24  389
357  366  0048  0.224  0.216    35    39  0.20320  0.04521  24  389
357  444  0049  0.227  0.222    44    45  0.20320  0.06921  24  389
402  336  0000  0.276  0.456    38     8  0.40120  -0.14679  25  388
402  345  0001  0.345  0.378    32    31  0.35920  0.02721  24  388
402  332  0002  0.239  0.456    30     8  0.40120  -0.14679  25  388
402  329  0003  0.230  0.456    27     8  0.40120  -0.14679  25  388
402  334  0004  0.309  0.456    32     8  0.40120  -0.14679  25  387
402  335  0005  0.260  0.456    35     8  0.40120  -0.14679  25  388
402  402  0006  0.352  0.385    28    27  0.36520  0.00321  24  388
402  336  0007  0.299  0.456    42     8  0.40120  -0.14679  25  388
402  329  0008  0.230  0.456    26     8  0.40120  -0.14679  25  388
402  492  0009  0.372  0.397    28    28  0.37720  0.00921  24  389
402  369  0010  0.349  0.384    30    30  0.36520  0.02121  24  388
402  468  0011  0.369  0.392    25    26  0.37120  -0.00879  24  389
402  411  0012  0.273  0.262    48    51  0.23320  0.10521  24  389
402  336  0013  0.267  0.253    42    44  0.23320  0.07521  24  389
402  445  0014  0.261  0.254    48    50  0.22720  0.09921  24  389
402  416  0015  0.364  0.396    45    44  0.36520  0.11721  24  389
402  335  0016  0.262  0.456    40     8  0.40120  -0.14679  25  389
402  341  0017  0.242  0.234    34    37  0.22120  0.03921  24  389
402  331  0018  0.242  0.456    30     8  0.40120  -0.14679  25  388
402  337  0019  0.290  0.456    38     8  0.40120  -0.14679  25  388
402  436  0020  0.254  0.247    47    49  0.22120  0.09321  24  389
402  335  0021  0.255  0.456    37     8  0.40120  -0.14679  25  388
402  459  0022  0.232  0.226    42    43  0.20920  0.06321  24  389
402  331  0023  0.244  0.456    30     8  0.40120  -0.14679  25  388
402  326  0024  0.268  0.456    22     8  0.40120  -0.14679  25  387
402  465  0025  0.366  0.391    26    26  0.37120  -0.00279  24  389
402  326  0026  0.263  0.456    21     8  0.40120  -0.14679  25  387
402  334  0027  0.300  0.456    33     8  0.40120  -0.14679  25  387
402  344  0028  0.299  0.456    22     8  0.40120  -0.14679  25  386
402  433  0029  0.224  0.217    38    41  0.20320  0.05121  24  389
402  338  0030  0.325  0.456    39     8  0.40120  -0.14679  25  388
402  337  0031  0.324  0.456    37     8  0.40120  -0.14679  25  387
402  361  0032  0.349  0.379    35    35  0.35920  0.05121  24  388
402  396  0033  0.360  0.395    44    43  0.36520  0.11121  24  389
402  334  0034  0.290  0.456    34     8  0.40120  -0.14679  25  387
402  340  0035  0.305  0.456    26     8  0.40120  -0.14679  25  386
402  336  0036  0.269  0.456    37     8  0.40120  -0.14679  25  388
402  329  0037  0.233  0.456    26     8  0.40120  -0.14679  25  388
402  415  0038  0.228  0.223    37    39  0.20920  0.04521  24  389
402  326  0039  0.256  0.456    26     8  0.40120  -0.14679  25  387
402  337  0040  0.297  0.456    41     8  0.40120  -0.14679  25  388
402  353  0041  0.342  0.456    25     8  0.40120  -0.14679  25  388
402  457  0042  0.368  0.392    24    25  0.37120  -0.01479  24  389
402  338  0043  0.348  0.456    41     8  0.40120  -0.14679  25  388
402  463  0044  0.365  0.391    28    28  0.37120  0.00921  24  389
402  331  0045  0.228  0.456    29     8  0.40120  -0.14679  25  388
402  335  0046  0.307  0.456    34     8  0.40120  -0.14679  25  387
402  424  0047  0.279  0.270    50    52  0.23920  0.11121  24  389
402  335  0048  0.318  0.456    31     8  0.40120  -0.14679  25  387
402  336  0049  0.288  0.456    45     8  0.40120  -0.14679  25  389
446  544  0000  0.224  0.225    48    48  0.20320  0.08121  23  390
446  459  0001  0.365  0.393    43    43  0.36520  0.10521  24  389
446  345  0002  0.262  0.248    38    39  0.23320  0.05121  24  389
446  382  0003  0.353  0.386    42    42  0.35920  0.09921  24  389
446  333  0004  0.289  0.456    32     8  0.40120  -0.14679  25  387
446  334  0005  0.314  0.456    33     8  0.40120  -0.14679  25  387
446  546  0006  0.226  0.229    50    51  0.20320  0.09321  23  390
446  359  0007  0.275  0.262    44    47  0.23920  0.08721  24  389
446  385  0008  0.348  0.380    36    36  0.35920  0.05721  24  388
446  331  0009  0.279  0.456    22     8  0.40120  -0.14679  25  386
446  324  0010  0.259  0.456    25     8  0.40120  -0.14679  25  387
446  489  0011  0.371  0.396    45    44  0.36520  0.11721  24  389
446  428  0012  0.360  0.391    42    41  0.36520  0.09321  24  389
446  333  0013  0.333  0.456    35     8  0.40120  -0.14679  25  388
446  332  0014  0.293  0.456    28     8  0.40120  -0.14679  25  386
446  388  0015  0.352  0.383    40    39  0.35920  0.08121  24  389
446  356  0016  0.332  0.456    22     8  0.40120  -0.14679  25  387
446  331  0017  0.278  0.456    21     8  0.40120  -0.14679  25  386
446  343  0018  0.304  0.456    25     8  0.40120  -0.14679  25  386
446  498  0019  0.260  0.257    49    51  0.22720  0.10521  24  390
446  339  0020  0.344  0.456    40     8  0.40120  -0.14679  25  388
446  336  0021  0.286  0.456    40     8  0.40120  -0.14679  25  388
446  336  0022  0.313  0.456    46     8  0.40120  -0.14679  25  389
446  474  0023  0.362  0.390    30    29  0.37120  0.01521  24  389
446  446  0024  0.269  0.260    47    50  0.23320  0.09921  24  389
446  337  0025  0.305  0.456    40     8  0.40120  -0.14679  25  388
446  337  0026  0.295  0.456    25     8  0.40120  -0.14679  25  386
446  337  0027  0.331  0.456    38     8  0.40120  -0.14679  25  388
446  354  0028  0.332  0.456    21     8  0.40120  -0.14679  25  387
446  548  0029  0.222  0.219    49    49  0.19720  0.08121  23  390
446  545  0030  0.224  0.227    49    50  0.20320  0.08721  23  390
446  339  0031  0.315  0.456    29     8  0.40120  -0.14679  25  387
446  387  0032  0.353  0.385    42    41  0.35920  0.09321  24  389
446  336  0033  0.343  0.456    45     8  0.40120  -0.14679  25  389
446  331  0034  0.289  0.456    27     8  0.40120  -0.14679  25  386
446  457  0035  0.361  0.385    34    34  0.36520  0.04521  24  389
446  329  0036  0.274  0.456    30     8  0.40120  -0.14679  25  387
446  351  0037  0.331  0.456    26     8  0.40120  -0.14679  25  387
446  336  0038  0.287  0.456    40     8  0.40120  -0.14679  25  388
446  387  0039  0.295  0.282    48    50  0.25120  0.11121  24  389
446  473  0040  0.240  0.232    41    43  0.21520  0.06321  24  389
446  381  0041  0.239  0.234    33    35  0.22120  0.03321  24  389
446  413  0042  0.362  0.388    21    22  0.36520  -0.03279  24  389
446  442  0043  0.358  0.385    33    33  0.36520  0.03921  24  389
446  485  0044  0.249  0.245    46    48  0.22120  0.08721  24  390
446  336  0045  0.302  0.456    27     8  0.40120  -0.14679  25  386
446  336  0046  0.312  0.456    46     8  0.40120  -0.14679  25  389
446  505  0047  0.366  0.391    29    28  0.37120  0.00921  24  389
446  408  0048  0.347  0.378    27    27  0.35920  0.00321  24  388
446  351  0049  0.343  0.456    22     8  0.40120  -0.14679  25  388
491  338  0000  0.302  0.456    39     8  0.40120  -0.14679  25  388
491  337  0001  0.313  0.456    42     8  0.40120  -0.14679  25  388
491  339  0002  0.322  0.456    39     8  0.40120  -0.14679  25  388
491  506  0003  0.366  0.393    23    24  0.37120  -0.02079  23  389
491  338  0004  0.315  0.456    39     8  0.40120  -0.14679  25  388
491  416  0005  0.280  0.272    45    49  0.24520  0.09921  24  389
491  394  0006  0.251  0.240    34    36  0.22720  0.03921  24  389
491  339  0007  0.338  0.456    40     8  0.40120  -0.14679  25  388
491  530  0008  0.243  0.235    45    46  0.21520  0.07521  23  390
491  335  0009  0.286  0.456    22     8  0.40120  -0.14679  25  386
491  529  0010  0.227  0.224    39    40  0.20920  0.05121  24  390
491  517  0011  0.376  0.394    21    22  0.37120  -0.03279  23  389
491  352  0012  0.227  0.223    22    21  0.20920  -0.02079  25  388
491  543  0013  0.374  0.393    36    36  0.37120  0.06321  24  389
491  495  0014  0.241  0.231    40    41  0.21520  0.05721  24  389
491  369  0015  0.346  0.381    43    43  0.35320  0.10521  24  389
491  335  0016  0.318  0.456    45     8  0.40120  -0.14679  25  389
491  450  0017  0.227  0.221    34    36  0.20920  0.03321  24  389
491  469  0018  0.360  0.386    22    24  0.36520  -0.02079  24  389
491  322  0019  0.259  0.456    22     8  0.40120  -0.14679  25  387
491  456  0020  0.359  0.386    43    42  0.35920  0.09921  24  389
491  406  0021  0.260  0.249    39    40  0.23320  0.05721  24  389
491  493  0022  0.227  0.223    36    39  0.20920  0.04521  24  389
491  380  0023  0.320  0.321    49    50  0.28720  0.12321  24  389
491  334  0024  0.271  0.456    34     8  0.40120  -0.14679  25  388
491  358  0025  0.334  0.456    23     8  0.40120  -0.14679  25  387
491  391  0026  0.244  0.239    32    33  0.22720  0.02721  24  389
491  326  0027  0.264  0.456    28     8  0.40120  -0.14679  25  387
491  344  0028  0.230  0.228    22    23  0.21520  -0.01479  25  388
491  337  0029  0.292  0.456    38     8  0.40120  -0.14679  25  388
491  344  0030  0.232  0.228    23    23  0.21520  -0.01479  25  388
491  357  0031  0.337  0.456    23     8  0.40120  -0.14679  25  387
491  478  0032  0.281  0.276    49    51  0.24520  0.11121  24  390
491  325  0033  0.272  0.456    23     8  0.40120  -0.14679  25  387
491  333  0034  0.289  0.456    33     8  0.40120  -0.14679  25  387
491  583  0035  0.375  0.398    26    26  0.37720  -0.00279  23  389
491  329  0036  0.284  0.456    25     8  0.40120  -0.14679  25  386
491  569  0037  0.227  0.222    44    45  0.20320  0.06921  23  390
491  400  0038  0.341  0.372    27    27  0.35320  0.00321  24  388
491  364  0039  0.297  0.291    46    48  0.26320  0.10521  25  389
491  324  0040  0.264  0.456    27     8  0.40120  -0.14679  25  387
491  442  0041  0.236  0.228    35    37  0.21520  0.03921  24  389
491  337  0042  0.316  0.456    30     8  0.40120  -0.14679  25  387
491  337  0043  0.330  0.456    37     8  0.40120  -0.14679  25  388
491  361  0044  0.222  0.222    23    23  0.20920  -0.01479  25  389
491  558  0045  0.371  0.390    30    30  0.37120  0.02121  23  389
491  336  0046  0.287  0.456    36     8  0.40120  -0.14679  25  387
491  336  0047  0.284  0.456    40     8  0.40120  -0.14679  25  388
491  489  0048  0.233  0.224    37    40  0.20920  0.05121  24  389
491  405  0049  0.342  0.378    29    28  0.35920  0.00921  24  388
536  334  0000  0.307  0.456    30     8  0.40120  -0.14679  25  387
536  393  0001  0.307  0.305    47    49  0.27520  0.11121  24  389
536  335  0002  0.299  0.456    35     8  0.40120  -0.14679  25  387
536  531  0003  0.250  0.241    43    45  0.22120  0.07521  24  390
536  343  0004  0.300  0.456    24     8  0.40120  -0.14679  25  386
536  512  0005  0.225  0.222    35    37  0.20920  0.03921  24  389
536  427  0006  0.305  0.301    48    50  0.26920  0.11721  24  390
536  340  0007  0.307  0.456    27     8  0.40120  -0.14679  25  387
536  441  0008  0.349  0.374    46    46  0.34120  0.12321  24  389
536  554  0009  0.369  0.395    43    43  0.36520  0.11121  23  389
536  553  0010  0.362  0.384    30    30  0.36520  0.02121  24  389
536  337  0011  0.314  0.456    37     8  0.40120  -0.14679  25  388
536  592  0012  0.377  0.396    40    40  0.37120  0.08721  23  389
536  324  0013  0.274  0.456    25     8  0.40120  -0.14679  25  387
536  336  0014  0.334  0.456    44     8  0.40120  -0.14679  25  389
536  358  0015  0.249  0.246    24    25  0.23320  -0.00879  25  388
536  370  0016  0.317  0.317    46    48  0.28720  0.11121  25  389
536  334  0017  0.294  0.456    34     8  0.40120  -0.14679  25  387
536  336  0018  0.311  0.456    43     8  0.40120  -0.14679  25  389
536  578  0019  0.377  0.395    48    47  0.35920  0.13521  23  390
536  325  0020  0.278  0.456    25     8  0.40120  -0.14679  25  387
536  569  0021  0.243  0.235    44    46  0.21520  0.07521  23  390
536  354  0022  0.310  0.456    22     8  0.40120  -0.14679  25  386
536  548  0023  0.363  0.385    33    33  0.36520  0.03921  24  389
536  352  0024  0.280  0.269    39    41  0.25120  0.06321  24  389
536  478  0025  0.256  0.244    41    42  0.22720  0.06321  24  389
536  577  0026  0.371  0.391    34    34  0.37120  0.04521  24  389
536  406  0027  0.267  0.255    38    40  0.23920  0.05721  24  389
536  575  0028  0.376  0.394    22    23  0.37120  -0.02679  23  389
536  349  0029  0.311  0.456    25     8  0.40120  -0.14679  25  387
536  587  0030  0.246  0.239    47    49  0.21520  0.08721  23  390
536  333  0031  0.278  0.456    34     8  0.40120  -0.14679  25  387
536  480  0032  0.341  0.356    50    51  0.31720  0.14121  24  390
536  333  0033  0.271  0.258    31    32  0.24520  0.02121  24  388
536  335  0034  0.322  0.456    45     8  0.40120  -0.14679  25  389
536  614  0035  0.223  0.220    43    44  0.20320  0.06321  23  390
536  580  0036  0.243  0.237    46    47  0.21520  0.08121  23  390
536  333  0037  0.322  0.456    32     8  0.40120  -0.14679  25  387
536  496  0038  0.363  0.388    21    22  0.36520  -0.03279  23  389
536  340  0039  0.308  0.456    27     8  0.40120  -0.14679  25  387
536  424  0040  0.343  0.374    37    37  0.35320  0.06321  24  389
536  337  0041  0.305  0.456    37     8  0.40120  -0.14679  25  387
536  428  0042  0.278  0.268    44    46  0.24520  0.08721  24  389
536  327  0043  0.272  0.456    30     8  0.40120  -0.14679  25  387
536  470  0044  0.259  0.246    41    43  0.22720  0.06921  24  389
536  351  0045  0.329  0.456    27     8  0.40120  -0.14679  25  387
536  411  0046  0.232  0.233    27    29  0.22120  0.00921  24  389
536  336  0047  0.309  0.456    36     8  0.40120  -0.14679  25  387
536  594  0048  0.374  0.391    33    33  0.37120  0.03921  23  390
536  333  0049  0.299  0.456    33     8  0.40120  -0.14679  25  387
580  608  0000  0.373  0.393    47    46  0.35920  0.12921  23  390
580  524  0001  0.291  0.282    49    50  0.25120  0.11121  24  390
580  503  0002  0.346  0.372    29    28  0.35320  0.00921  24  388
580  448  0003  0.340  0.366    34    34  0.34720  0.04521  24  388
580  353  0004  0.308  0.456    23     8  0.40120  -0.14679  25  386
580  381  0005  0.329  0.360    27    26  0.34120  -0.00279  24  388
580  415  0006  0.286  0.279    43    44  0.25720  0.08121  24  389
580  391  0007  0.297  0.294    44    46  0.26920  0.09321  25  389
580  652  0008  0.373  0.392    25    26  0.37120  -0.00879  23  389
580  479  0009  0.328  0.335    49    50  0.29920  0.12921  24  390
580  636  0010  0.236  0.229    45    46  0.20920  0.07521  23  390
580  607  0011  0.370  0.389    39    39  0.36520  0.08121  23  389
580  415  0012  0.339  0.354    45    46  0.32320  0.11721  24  389
580  568  0013  0.365  0.385    42    41  0.35920  0.09321  24  389
580  337  0014  0.315  0.456    42     8  0.40120  -0.14679  25  389
580  559  0015  0.370  0.389    21    21  0.36520  -0.03879  23  389
580  375  0016  0.330  0.365    31    30  0.34720  0.02121  24  388
580  336  0017  0.321  0.456    36     8  0.40120  -0.14679  25  388
580  470  0018  0.292  0.286    46    49  0.25720  0.10521  24  390
580  576  0019  0.247  0.240    42    44  0.22120  0.06921  23  390
580  481  0020  0.222  0.220    29    31  0.20920  0.01521  24  389
580  335  0021  0.289  0.456    35     8  0.40120  -0.14679  25  387
580  327  0022  0.283  0.456    25     8  0.40120  -0.14679  25  387
580  526  0023  0.350  0.378    30    30  0.35920  0.02121  24  389
580  471  0024  0.238  0.239    30    31  0.22720  0.01521  24  389
580  440  0025  0.267  0.254    38    39  0.23920  0.05121  24  389
580  411  0026  0.274  0.268    38    39  0.25120  0.05721  24  389
580  324  0027  0.279  0.456    25     8  0.40120  -0.14679  25  387
580  652  0028  0.374  0.390    30    30  0.37120  0.02121  23  390
580  515  0029  0.229  0.227    33    34  0.21520  0.02721  24  389
580  443  0030  0.299  0.291    46    48  0.26320  0.10521  24  389
580  567  0031  0.361  0.374    49    49  0.33520  0.14121  23  390
580  540  0032  0.355  0.380    37    36  0.35920  0.05721  24  389
580  454  0033  0.232  0.233    27    28  0.22120  0.00321  24  389
580  424  0034  0.232  0.229    22    22  0.21520  -0.02079  24  388
580  348  0035  0.325  0.456    28     8  0.40120  -0.14679  25  387
580  474  0036  0.309  0.309    49    51  0.27520  0.12321  24  390
580  350  0037  0.288  0.281    38    40  0.26320  0.06321  25  388
580  366  0038  0.329  0.360    36    35  0.34120  0.05121  24  388
580  573  0039  0.366  0.392    42    42  0.36520  0.09921  23  389
580  417  0040  0.235  0.234    22    23  0.22120  -0.01479  24  388
580  518  0041  0.352  0.370    48    48  0.33520  0.12921  24  390
580  464  0042  0.312  0.315    49    50  0.28120  0.12321  24  390
580  580  0043  0.367  0.379    49    49  0.34120  0.14121  23  390
580  580  0044  0.359  0.384    30    29  0.36520  0.01521  23  389
580  532  0045  0.358  0.384    41    40  0.35920  0.08721  24  389
580  527  0046  0.231  0.227    34    35  0.21520  0.03321  24  389
580  327  0047  0.277  0.456    22     8  0.40120  -0.14679  25  387
580  517  0048  0.357  0.386    42    42  0.35920  0.09921  24  389
580  450  0049  0.341  0.356    46    47  0.32320  0.12321  24  390
625  333  0000  0.317  0.456    34     8  0.40120  -0.14679  25  388
625  424  0001  0.333  0.361    37    36  0.34120  0.05721  24  388
625  544  0002  0.348  0.364    47    48  0.32920  0.12921  24  390
625  494  0003  0.223  0.221    26    26  0.20920  -0.00279  24  389
625  578  0004  0.355  0.380    37    37  0.35920  0.06321  24  389
625  330  0005  0.283  0.456    23     8  0.40120  -0.14679  25  386
625  499  0006  0.341  0.372    30    29  0.35320  0.01521  24  388
625  628  0007  0.372  0.381    50    50  0.34120  0.14721  23  390
625  376  0008  0.272  0.264    27    28  0.25120  0.00321  24  387
625  587  0009  0.246  0.237    39    41  0.22120  0.05721  23  390
625  541  0010  0.262  0.252    42    43  0.23320  0.06921  24  390
625  540  0011  0.264  0.259    42    44  0.23920  0.07521  24  390
625  670  0012  0.376  0.395    39    39  0.37120  0.08121  23  390
625  336  0013  0.321  0.456    36     8  0.40120  -0.14679  25  388
625  678  0014  0.247  0.247    48    49  0.22120  0.09321  23  390
625  360  0015  0.311  0.456    21     8  0.40120  -0.14679  25  386
625  544  0016  0.228  0.227    32    34  0.21520  0.02721  24  389
625  362  0017  0.318  0.456    22     8  0.40120  -0.14679  25  387
625  632  0018  0.369  0.387    43    43  0.35920  0.10521  23  390
625  340  0019  0.307  0.456    27     8  0.40120  -0.14679  25  387
625  659  0020  0.364  0.384    28    28  0.36520  0.00921  23  389
625  425  0021  0.300  0.294    44    46  0.26920  0.09321  24  389
625  591  0022  0.229  0.228    35    37  0.21520  0.03921  23  390
625  629  0023  0.359  0.385    28    27  0.36520  0.00321  23  389
625  341  0024  0.295  0.456    23     8  0.40120  -0.14679  25  386
625  352  0025  0.274  0.265    25    26  0.25120  -0.00279  25  387
625  526  0026  0.247  0.240    33    35  0.22720  0.03321  24  389
625  418  0027  0.271  0.264    31    31  0.25120  0.02121  24  388
625  332  0028  0.314  0.456    33     8  0.40120  -0.14679  25  387
625  539  0029  0.311  0.311    51    52  0.27520  0.12921  24  390
625  560  0030  0.246  0.241    37    38  0.22720  0.04521  24  389
625  418  0031  0.294  0.291    42    43  0.26920  0.08121  24  389
625  637  0032  0.367  0.387    37    37  0.36520  0.06921  23  389
625  636  0033  0.360  0.385    27    26  0.36520  -0.00279  23  389
625  348  0034  0.304  0.456    24     8  0.40120  -0.14679  25  386
625  542  0035  0.235  0.233    32    34  0.22120  0.02721  24  389
625  552  0036  0.351  0.373    24    25  0.35320  -0.01479  23  388
625  658  0037  0.267  0.265    50    52  0.23320  0.11121  23  390
625  332  0038  0.306  0.456    31     8  0.40120  -0.14679  25  387
625  511  0039  0.258  0.254    37    37  0.23920  0.04521  24  389
625  551  0040  0.349  0.372    33    33  0.35320  0.03921  24  389
625  547  0041  0.292  0.288    48    50  0.25720  0.11121  24  390
625  541  0042  0.296  0.293    48    49  0.26320  0.11121  24  390
625  427  0043  0.334  0.361    37    36  0.34120  0.05721  24  389
625  442  0044  0.269  0.259    33    34  0.24520  0.03321  24  388
625  478  0045  0.278  0.271    42    43  0.25120  0.07521  24  389
625  617  0046  0.366  0.386    46    46  0.35320  0.12321  23  390
625  683  0047  0.377  0.396    44    44  0.36520  0.11721  23  390
625  588  0048  0.236  0.229    36    38  0.21520  0.04521  23  389
625  666  0049  0.230  0.226    41    43  0.20920  0.06321  23  390
89  336  0000  0.288  0.456    25     8  0.40120  -0.14679  25  388
89  337  0001  0.287  0.456    42     8  0.40120  -0.14679  25  388
89  338  0002  0.263  0.456    46     8  0.40120  -0.14679  25  388
89  338  0003  0.376  0.456    28     8  0.40120  -0.14679  25  388
89  337  0004  0.227  0.456    32     8  0.40120  -0.14679  25  388
89  337  0005  0.268  0.456    35     8  0.40120  -0.14679  25  388
89  337  0006  0.304  0.456    30     8  0.40120  -0.14679  25  388
89  337  0007  0.284  0.456    42     8  0.40120  -0.14679  25  388
89  339  0008  0.274  0.456    50     8  0.40120  -0.14679  25  388
89  337  0009  0.296  0.456    46     8  0.40120  -0.14679  25  388
89  339  0010  0.287  0.456    50     8  0.40120  -0.14679  25  388
89  335  0011  0.277  0.456    25     8  0.40120  -0.14679  25  388
89  338  0012  0.346  0.456    30     8  0.40120  -0.14679  25  388
89  337  0013  0.361  0.456    47     8  0.40120  -0.14679  25  388
89  338  0014  0.313  0.456    28     8  0.40120  -0.14679  25  388
89  338  0015  0.277  0.456    47     8  0.40120  -0.14679  25  388
89  338  0016  0.339  0.456    49     8  0.40120  -0.14679  25  388
89  338  0017  0.344  0.456    50     8  0.40120  -0.14679  25  388
89  337  0018  0.357  0.456    45     8  0.40120  -0.14679  25  388
89  337  0019  0.273  0.456    44     8  0.40120  -0.14679  25  388
89  338  0020  0.377  0.456    49     8  0.40120  -0.14679  25  388
89  338  0021  0.228  0.456    43     8  0.40120  -0.14679  25  388
89  335  0022  0.270  0.456    21     8  0.40120  -0.14679  25  388
89  337  0023  0.250  0.456    42     8  0.40120  -0.14679  25  388
89  338  0024  0.323  0.456    49     8  0.40120  -0.14679  25  388
89  340  0025  0.346  0.456    22     8  0.40120  -0.14679  25  388
89  337  0026  0.266  0.456    34     8  0.40120  -0.14679  25  388
89  337  0027  0.335  0.456    37     8  0.40120  -0.14679  25  388
89  338  0028  0.334  0.456    43     8  0.40120  -0.14679  25  388
89  336  0029  0.372  0.456    31     8  0.40120  -0.14679  25  388
89  338  0030  0.244  0.456    45     8  0.40120  -0.14679  25  388
89  337  0031  0.271  0.456    43     8  0.40120  -0.14679  25  388
89  335  0032  0.241  0.456    26     8  0.40120  -0.14679  25  388
89  336  0033  0.227  0.456    29     8  0.40120  -0.14679  25  388
89  339  0034  0.306  0.456    24     8  0.40120  -0.14679  25  388
89  337  0035  0.268  0.456    42     8  0.40120  -0.14679  25  388
89  336  0036  0.374  0.456    33     8  0.40120  -0.14679  25  388
89  341  0037  0.331  0.456    25     8  0.40120  -0.14679  25  388
89  336  0038  0.228  0.456    27     8  0.40120  -0.14679  25  388
89  337  0039  0.376  0.456    38     8  0.40120  -0.14679  25  388
89  341  0040  0.335  0.456    24     8  0.40120  -0.14679  25  388
89  336  0041  0.232  0.456    26     8  0.40120  -0.14679  25  388
89  338  0042  0.378  0.456    24     8  0.40120  -0.14679  25  388
89  335  0043  0.251  0.456    21     8  0.40120  -0.14679  25  388
89  340  0044  0.337  0.456    27     8  0.40120  -0.14679  25  388
89  336  0045  0.376  0.456    33     8  0.40120  -0.14679  25  388
89  336  0046  0.233  0.456    30     8  0.40120  -0.14679  25  388
89  337  0047  0.332  0.456    32     8  0.40120  -0.14679  25  388
89  338  0048  0.303  0.456    39     8  0.40120  -0.14679  25  388
89  335  0049  0.250  0.456    25     8  0.40120  -0.14679  25  388
134  337  0000  0.330  0.456    35     8  0.40120  -0.14679  25  388
134  339  0001  0.373  0.456    27     8  0.40120  -0.14679  25  388
134  337  0002  0.312  0.456    42     8  0.40120  -0.14679  25  388
134  336  0003  0.342  0.456    36     8  0.40120  -0.14679  25  388
134  341  0004  0.356  0.456    25     8  0.40120  -0.14679  25  388
134  336  0005  0.359  0.456    36     8  0.40120  -0.14679  25  388
134  337  0006  0.346  0.456    46     8  0.40120  -0.14679  25  388
134  338  0007  0.317  0.456    48     8  0.40120  -0.14679  25  388
134  336  0008  0.372  0.456    36     8  0.40120  -0.14679  25  388
134  335  0009  0.257  0.456    31     8  0.40120  -0.14679  25  388
134  337  0010  0.296  0.456    45     8  0.40120  -0.14679  25  388
134  333  0011  0.255  0.456    22     8  0.40120  -0.14679  25  388
134  338  0012  0.378  0.456    28     8  0.40120  -0.14679  25  388
134  338  0013  0.237  0.456    42     8  0.40120  -0.14679  25  388
134  337  0014  0.349  0.456    47     8  0.40120  -0.14679  25  388
134  338  0015  0.365  0.456    50     8  0.40120  -0.14679  25  388
134  336  0016  0.288  0.456    31     8  0.40120  -0.14679  25  387
134  338  0017  0.224  0.456    38     8  0.40120  -0.14679  25  388
134  334  0018  0.250  0.456    25     8  0.40120  -0.14679  25  388
134  341  0019  0.232  0.456    50     8  0.40120  -0.14679  25  389
134  338  0020  0.283  0.456    48     8  0.40120  -0.14679  25  388
134  336  0021  0.350  0.456    33     8  0.40120  -0.14679  25  388
134  337  0022  0.286  0.456    37     8  0.40120  -0.14679  25  388
134  340  0023  0.239  0.456    50     8  0.40120  -0.14679  25  389
134  338  0024  0.331  0.456    39     8  0.40120  -0.14679  25  388
134  342  0025  0.306  0.456    21     8  0.40120  -0.14679  25  387
134  334  0026  0.240  0.456    25     8  0.40120  -0.14679  25  388
134  337  0027  0.257  0.456    40     8  0.40120  -0.14679  25  388
134  337  0028  0.323  0.456    32     8  0.40120  -0.14679  25  388
134  340  0029  0.256  0.456    50     8  0.40120  -0.14679  25  388
134  337  0030  0.332  0.456    46     8  0.40120  -0.14679  25  388
134  336  0031  0.297  0.456    31     8  0.40120  -0.14679  25  387
134  337  0032  0.275  0.456    37     8  0.40120  -0.14679  25  388
134  337  0033  0.314  0.456    36     8  0.40120  -0.14679  25  388
134  339  0034  0.239  0.456    46     8  0.40120  -0.14679  25  388
134  337  0035  0.230  0.456    38     8  0.40120  -0.14679  25  388
134  336  0036  0.322  0.456    33     8  0.40120  -0.14679  25  388
134  337  0037  0.265  0.456    40     8  0.40120  -0.14679  25  388
134  336  0038  0.370  0.456    31     8  0.40120  -0.14679  25  388
134  338  0039  0.328  0.456    41     8  0.40120  -0.14679  25  388
134  338  0040  0.369  0.456    49     8  0.40120  -0.14679  25  388
134  338  0041  0.339  0.456    40     8  0.40120  -0.14679  25  388
134  338  0042  0.286  0.456    48     8  0.40120  -0.14679  25  388
134  337  0043  0.317  0.456    37     8  0.40120  -0.14679  25  388
134  337  0044  0.351  0.456    43     8  0.40120  -0.14679  25  388
134  337  0045  0.349  0.456    44     8  0.40120  -0.14679  25  388
134  338  0046  0.271  0.456    46     8  0.40120  -0.14679  25  388
134  338  0047  0.327  0.456    50     8  0.40120  -0.14679  25  388
134  339  0048  0.340  0.456    29     8  0.40120  -0.14679  25  388
134  337  0049  0.376  0.456    44     8  0.40120  -0.14679  25  388
179  344  0000  0.336  0.456    26     8  0.40120  -0.14679  25  388
179  336  0001  0.224  0.456    34     8  0.40120  -0.14679  25  388
179  338  0002  0.314  0.456    39     8  0.40120  -0.14679  25  388
179  338  0003  0.351  0.456    42     8  0.40120  -0.14679  25  388
179  336  0004  0.286  0.456    23     8  0.40120  -0.14679  25  387
179  338  0005  0.358  0.456    22     8  0.40120  -0.14679  25  388
179  337  0006  0.248  0.456    41     8  0.40120  -0.14679  25  388
179  343  0007  0.324  0.456    26     8  0.40120  -0.14679  25  387
179  336  0008  0.316  0.456    32     8  0.40120  -0.14679  25  387
179  337  0009  0.369  0.456    44     8  0.40120  -0.14679  25  388
179  337  0010  0.295  0.456    36     8  0.40120  -0.14679  25  387
179  335  0011  0.280  0.456    23     8  0.40120  -0.14679  25  387
179  333  0012  0.236  0.456    26     8  0.40120  -0.14679  25  388
179  336  0013  0.306  0.456    33     8  0.40120  -0.14679  25  387
179  341  0014  0.260  0.456    50     8  0.40120  -0.14679  25  389
179  336  0015  0.238  0.456    35     8  0.40120  -0.14679  25  388
179  333  0016  0.242  0.456    26     8  0.40120  -0.14679  25  388
179  337  0017  0.304  0.456    42     8  0.40120  -0.14679  25  388
179  339  0018  0.331  0.456    29     8  0.40120  -0.14679  25  387
179  341  0019  0.283  0.456    50     8  0.40120  -0.14679  25  388
179  335  0020  0.274  0.456    32     8  0.40120  -0.14679  25  387
179  337  0021  0.298  0.456    26     8  0.40120  -0.14679  25  387
179  335  0022  0.298  0.456    30     8  0.40120  -0.14679  25  387
179  337  0023  0.351  0.456    47     8  0.40120  -0.14679  25  388
179  337  0024  0.330  0.456    31     8  0.40120  -0.14679  25  388
179  340  0025  0.319  0.456    28     8  0.40120  -0.14679  25  387
179  337  0026  0.304  0.456    41     8  0.40120  -0.14679  25  388
179  338  0027  0.340  0.456    43     8  0.40120  -0.14679  25  388
179  340  0028  0.303  0.456    50     8  0.40120  -0.14679  25  388
179  336  0029  0.260  0.456    34     8  0.40120  -0.14679  25  388
179  336  0030  0.226  0.456    34     8  0.40120  -0.14679  25  388
179  337  0031  0.345  0.456    31     8  0.40120  -0.14679  25  388
179  338  0032  0.320  0.456    41     8  0.40120  -0.14679  25  388
179  339  0033  0.317  0.456    50     8  0.40120  -0.14679  25  388
179  332  0034  0.251  0.456    23     8  0.40120  -0.14679  25  387
179  336  0035  0.282  0.456    34     8  0.40120  -0.14679  25  387
179  334  0036  0.228  0.456    26     8  0.40120  -0.14679  25  388
179  335  0037  0.377  0.456    36     8  0.40120  -0.14679  25  388
179  336  0038  0.296  0.456    29     8  0.40120  -0.14679  25  387
179  337  0039  0.350  0.456    30     8  0.40120  -0.14679  25  388
179  338  0040  0.293  0.456    23     8  0.40120  -0.14679  25  387
179  333  0041  0.274  0.456    26     8  0.40120  -0.14679  25  387
179  336  0042  0.330  0.456    32     8  0.40120  -0.14679  25  388
179  338  0043  0.356  0.456    40     8  0.40120  -0.14679  25  388
179  336  0044  0.291  0.456    43     8  0.40120  -0.14679  25  388
179  337  0045  0.230  0.456    37     8  0.40120  -0.14679  25  388
179  338  0046  0.332  0.456    41     8  0.40120  -0.14679  25  388
179  337  0047  0.372  0.456    42     8  0.40120  -0.14679  25  388
179  336  0048  0.268  0.456    33     8  0.40120  -0.14679  25  388
179  337  0049  0.247  0.456    43     8  0.40120  -0.14679  25  388
223  338  0000  0.346  0.456    43     8  0.40120  -0.14679  25  388
223  337  0001  0.353  0.456    38     8  0.40120  -0.14679  25  388
223  336  0002  0.247  0.456    35     8  0.40120  -0.14679  25  388
223  336  0003  0.368  0.456    45     8  0.40120  -0.14679  25  388
223  337  0004  0.317  0.456    44     8  0.40120  -0.14679  25  388
223  337  0005  0.332  0.456    48     8  0.40120  -0.14679  25  388
223  338  0006  0.325  0.456    42     8  0.40120  -0.14679  25  388
223  333  0007  0.259  0.456    29     8  0.40120  -0.14679  25  387
223  337  0008  0.357  0.456    45     8  0.40120  -0.14679  25  388
223  335  0009  0.375  0.456    36     8  0.40120  -0.14679  25  388
223  348  0010  0.374  0.403    29    28  0.38320  0.00921  24  389
223  333  0011  0.242  0.456    28     8  0.40120  -0.14679  25  388
223  337  0012  0.334  0.456    37     8  0.40120  -0.14679  25  388
223  337  0013  0.340  0.456    48     8  0.40120  -0.14679  25  388
223  337  0014  0.296  0.456    37     8  0.40120  -0.14679  25  387
223  346  0015  0.343  0.456    23     8  0.40120  -0.14679  25  388
223  335  0016  0.353  0.456    32     8  0.40120  -0.14679  25  388
223  338  0017  0.356  0.456    42     8  0.40120  -0.14679  25  388
223  337  0018  0.295  0.456    25     8  0.40120  -0.14679  25  387
223  341  0019  0.373  0.404    26    26  0.38320  -0.00279  24  389
223  337  0020  0.362  0.456    39     8  0.40120  -0.14679  25  388
223  335  0021  0.304  0.456    31     8  0.40120  -0.14679  25  387
223  335  0022  0.250  0.456    31     8  0.40120  -0.14679  25  388
223  338  0023  0.320  0.456    39     8  0.40120  -0.14679  25  388
223  335  0024  0.273  0.456    32     8  0.40120  -0.14679  25  387
223  335  0025  0.235  0.456    31     8  0.40120  -0.14679  25  388
223  336  0026  0.291  0.456    33     8  0.40120  -0.14679  25  387
223  340  0027  0.337  0.456    29     8  0.40120  -0.14679  25  388
223  340  0028  0.241  0.456    47     8  0.40120  -0.14679  25  389
223  337  0029  0.226  0.456    37     8  0.40120  -0.14679  25  388
223  344  0030  0.356  0.456    25     8  0.40120  -0.14679  25  388
223  336  0031  0.327  0.456    35     8  0.40120  -0.14679  25  387
223  338  0032  0.250  0.456    44     8  0.40120  -0.14679  25  388
223  341  0033  0.255  0.456    49     8  0.40120  -0.14679  25  389
223  337  0034  0.241  0.456    42     8  0.40120  -0.14679  25  388
223  334  0035  0.363  0.456    33     8  0.40120  -0.14679  25  388
223  338  0036  0.366  0.456    49     8  0.40120  -0.14679  25  388
223  336  0037  0.249  0.456    35     8  0.40120  -0.14679  25  388
223  333  0038  0.272  0.456    21     8  0.40120  -0.14679  25  387
223  341  0039  0.336  0.456    28     8  0.40120  -0.14679  25  388
223  336  0040  0.359  0.456    37     8  0.40120  -0.14679  25  388
223  337  0041  0.295  0.456    41     8  0.40120  -0.14679  25  388
223  340  0042  0.233  0.456    45     8  0.40120  -0.14679  25  389
223  337  0043  0.370  0.456    48     8  0.40120  -0.14679  25  388
223  331  0044  0.266  0.456    23     8  0.40120  -0.14679  25  387
223  336  0045  0.368  0.456    30     8  0.40120  -0.14679  25  388
223  338  0046  0.338  0.456    49     8  0.40120  -0.14679  25  388
223  335  0047  0.336  0.456    33     8  0.40120  -0.14679  25  388
223  342  0048  0.323  0.456    27     8  0.40120  -0.14679  25  387
223  336  0049  0.240  0.456    38     8  0.40120  -0.14679  25  388
268  337  0000  0.316  0.456    37     8  0.40120  -0.14679  25  387
268  337  0001  0.276  0.456    45     8  0.40120  -0.14679  25  388
268  348  0002  0.325  0.456    24     8  0.40120  -0.14679  25  387
268  337  0003  0.243  0.456    40     8  0.40120  -0.14679  25  388
268  338  0004  0.252  0.456    45     8  0.40120  -0.14679  25  389
268  373  0005  0.225  0.217    46    47  0.19720  0.07521  24  389
268  338  0006  0.344  0.456    40     8  0.40120  -0.14679  25  388
268  331  0007  0.273  0.456    22     8  0.40120  -0.14679  25  387
268  337  0008  0.288  0.456    37     8  0.40120  -0.14679  25  387
268  339  0009  0.371  0.397    33    33  0.37720  0.03921  24  389
268  338  0010  0.349  0.456    42     8  0.40120  -0.14679  25  388
268  336  0011  0.303  0.456    44     8  0.40120  -0.14679  25  388
268  337  0012  0.364  0.456    41     8  0.40120  -0.14679  25  388
268  340  0013  0.328  0.456    29     8  0.40120  -0.14679  25  387
268  336  0014  0.268  0.456    35     8  0.40120  -0.14679  25  388
268  330  0015  0.267  0.456    24     8  0.40120  -0.14679  25  387
268  337  0016  0.231  0.456    37     8  0.40120  -0.14679  25  388
268  336  0017  0.311  0.456    35     8  0.40120  -0.14679  25  387
268  348  0018  0.335  0.456    22     8  0.40120  -0.14679  25  387
268  336  0019  0.279  0.456    41     8  0.40120  -0.14679  25  388
268  336  0020  0.313  0.456    44     8  0.40120  -0.14679  25  388
268  337  0021  0.357  0.456    39     8  0.40120  -0.14679  25  388
268  336  0022  0.281  0.456    43     8  0.40120  -0.14679  25  388
268  343  0023  0.342  0.456    28     8  0.40120  -0.14679  25  388
268  332  0024  0.234  0.456    27     8  0.40120  -0.14679  25  388
268  337  0025  0.375  0.456    48     8  0.40120  -0.14679  25  389
268  336  0026  0.309  0.456    46     8  0.40120  -0.14679  25  388
268  338  0027  0.338  0.456    41     8  0.40120  -0.14679  25  388
268  340  0028  0.252  0.456    47     8  0.40120  -0.14679  25  389
268  345  0029  0.372  0.402    45    44  0.37120  0.11721  24  389
268  330  0030  0.238  0.456    21     8  0.40120  -0.14679  25  387
268  347  0031  0.331  0.456    25     8  0.40120  -0.14679  25  387
268  339  0032  0.335  0.456    50     8  0.40120  -0.14679  25  388
268  343  0033  0.362  0.456    25     8  0.40120  -0.14679  25  388
268  330  0034  0.238  0.456    21     8  0.40120  -0.14679  25  387
268  336  0035  0.287  0.456    44     8  0.40120  -0.14679  25  388
268  348  0036  0.343  0.456    25     8  0.40120  -0.14679  25  388
268  337  0037  0.303  0.456    28     8  0.40120  -0.14679  25  387
268  337  0038  0.369  0.456    48     8  0.40120  -0.14679  25  389
268  335  0039  0.262  0.456    34     8  0.40120  -0.14679  25  388
268  338  0040  0.335  0.456    39     8  0.40120  -0.14679  25  388
268  346  0041  0.375  0.400    42    42  0.37120  0.10521  24  389
268  338  0042  0.351  0.456    30     8  0.40120  -0.14679  25  388
268  336  0043  0.274  0.456    45     8  0.40120  -0.14679  25  388
268  375  0044  0.224  0.217    46    47  0.19720  0.07521  24  389
268  337  0045  0.326  0.456    31     8  0.40120  -0.14679  25  387
268  341  0046  0.260  0.456    49     8  0.40120  -0.14679  25  389
268  337  0047  0.317  0.456    44     8  0.40120  -0.14679  25  388
268  347  0048  0.346  0.456    24     8  0.40120  -0.14679  25  388
268  330  0049  0.239  0.456    23     8  0.40120  -0.14679  25  388
313  345  0000  0.372  0.400    21    23  0.37720  -0.02679  24  389
313  336  0001  0.263  0.456    43     8  0.40120  -0.14679  25  388
313  337  0002  0.346  0.456    49     8  0.40120  -0.14679  25  389
313  337  0003  0.278  0.456    46     8  0.40120  -0.14679  25  388
313  350  0004  0.333  0.456    24     8  0.40120  -0.14679  25  387
313  333  0005  0.291  0.456    28     8  0.40120  -0.14679  25  387
313  372  0006  0.371  0.391    34    34  0.37120  0.04521  24  389
313  336  0007  0.269  0.456    42     8  0.40120  -0.14679  25  388
313  334  0008  0.258  0.456    33     8  0.40120  -0.14679  25  388
313  336  0009  0.362  0.456    46     8  0.40120  -0.14679  25  389
313  335  0010  0.334  0.456    32     8  0.40120  -0.14679  25  387
313  336  0011  0.256  0.456    42     8  0.40120  -0.14679  25  389
313  336  0012  0.242  0.456    36     8  0.40120  -0.14679  25  388
313  330  0013  0.239  0.456    25     8  0.40120  -0.14679  25  388
313  331  0014  0.237  0.456    27     8  0.40120  -0.14679  25  388
313  333  0015  0.288  0.456    31     8  0.40120  -0.14679  25  387
313  336  0016  0.301  0.456    43     8  0.40120  -0.14679  25  388
313  351  0017  0.321  0.456    22     8  0.40120  -0.14679  25  387
313  333  0018  0.342  0.456    34     8  0.40120  -0.14679  25  388
313  335  0019  0.231  0.456    34     8  0.40120  -0.14679  25  388
313  338  0020  0.362  0.387    38    37  0.36520  0.06921  24  389
313  334  0021  0.349  0.456    36     8  0.40120  -0.14679  25  388
313  338  0022  0.338  0.456    30     8  0.40120  -0.14679  25  388
313  333  0023  0.348  0.456    33     8  0.40120  -0.14679  25  388
313  336  0024  0.328  0.456    31     8  0.40120  -0.14679  25  387
313  336  0025  0.322  0.456    46     8  0.40120  -0.14679  25  388
313  336  0026  0.304  0.456    35     8  0.40120  -0.14679  25  387
313  340  0027  0.308  0.456    49     8  0.40120  -0.14679  25  389
313  359  0028  0.261  0.254    48    50  0.22720  0.09921  24  389
313  330  0029  0.222  0.456    23     8  0.40120  -0.14679  25  388
313  338  0030  0.309  0.456    39     8  0.40120  -0.14679  25  387
313  390  0031  0.376  0.397    34    33  0.37720  0.04521  24  389
313  347  0032  0.312  0.456    23     8  0.40120  -0.14679  25  387
313  350  0033  0.324  0.456    23     8  0.40120  -0.14679  25  387
313  394  0034  0.224  0.220    42    44  0.20320  0.06321  24  389
313  341  0035  0.316  0.456    27     8  0.40120  -0.14679  25  387
313  336  0036  0.327  0.456    46     8  0.40120  -0.14679  25  388
313  337  0037  0.330  0.456    47     8  0.40120  -0.14679  25  388
313  337  0038  0.332  0.456    47     8  0.40120  -0.14679  25  388
313  347  0039  0.355  0.456    25     8  0.40120  -0.14679  25  388
313  338  0040  0.354  0.456    21     8  0.40120  -0.14679  25  388
313  338  0041  0.319  0.456    39     8  0.40120  -0.14679  25  387
313  339  0042  0.305  0.456    48     8  0.40120  -0.14679  25  388
313  337  0043  0.323  0.456    31     8  0.40120  -0.14679  25  387
313  345  0044  0.303  0.456    22     8  0.40120  -0.14679  25  387
313  340  0045  0.273  0.456    48     8  0.40120  -0.14679  25  389
313  337  0046  0.356  0.456    39     8  0.40120  -0.14679  25  388
313  419  0047  0.223  0.217    47    47  0.19720  0.07521  24  389
313  331  0048  0.267  0.456    29     8  0.40120  -0.14679  25  387
313  349  0049  0.347  0.456    25     8  0.40120  -0.14679  25  388
357  329  0000  0.253  0.456    28     8  0.40120  -0.14679  25  387
357  426  0001  0.367  0.397    30    29  0.37720  0.01521  24  389
357  335  0002  0.311  0.456    33     8  0.40120  -0.14679  25  387
357  331  0003  0.230  0.456    28     8  0.40120  -0.14679  25  388
357  335  0004  0.247  0.456    34     8  0.40120  -0.14679  25  388
357  447  0005  0.229  0.223    46    47  0.20320  0.07521  24  389
357  336  0006  0.341  0.456    37     8  0.40120  -0.14679  25  388
357  380  0007  0.365  0.390    40    40  0.36520  0.08721  24  389
357  344  0008  0.287  0.276    49    51  0.24520  0.11121  24  389
357  336  0009  0.320  0.456    46     8  0.40120  -0.14679  25  388
357  336  0010  0.252  0.456    38     8  0.40120  -0.14679  25  388
357  336  0011  0.300  0.456    35     8  0.40120  -0.14679  25  387
357  367  0012  0.222  0.216    35    39  0.20320  0.04521  24  389
357  336  0013  0.316  0.456    45     8  0.40120  -0.14679  25  388
357  407  0014  0.370  0.396    45    44  0.36520  0.11721  24  389
357  337  0015  0.342  0.456    43     8  0.40120  -0.14679  25  388
357  335  0016  0.294  0.456    44     8  0.40120  -0.14679  25  388
357  368  0017  0.238  0.224    38    40  0.20920  0.05121  24  389
357  353  0018  0.325  0.456    22     8  0.40120  -0.14679  25  387
357  332  0019  0.274  0.456    31     8  0.40120  -0.14679  25  387
357  440  0020  0.370  0.397    29    29  0.37720  0.01521  24  389
357  340  0021  0.289  0.456    49     8  0.40120  -0.14679  25  389
357  336  0022  0.264  0.456    42     8  0.40120  -0.14679  25  388
357  336  0023  0.340  0.456    37     8  0.40120  -0.14679  25  388
357  333  0024  0.288  0.456    32     8  0.40120  -0.14679  25  387
357  336  0025  0.283  0.456    41     8  0.40120  -0.14679  25  388
357  364  0026  0.365  0.379    49    49  0.34120  0.14121  24  389
357  338  0027  0.304  0.456    40     8  0.40120  -0.14679  25  388
357  338  0028  0.331  0.456    42     8  0.40120  -0.14679  25  388
357  336  0029  0.318  0.456    44     8  0.40120  -0.14679  25  388
357  338  0030  0.341  0.456    39     8  0.40120  -0.14679  25  388
357  439  0031  0.233  0.223    46    47  0.20320  0.07521  24  389
357  397  0032  0.369  0.396    40    40  0.37120  0.08721  24  389
357  350  0033  0.334  0.456    26     8  0.40120  -0.14679  25  387
357  433  0034  0.241  0.233    48    49  0.20920  0.08721  24  389
357  336  0035  0.258  0.456    38     8  0.40120  -0.14679  25  388
357  368  0036  0.362  0.395    43    43  0.36520  0.11121  24  389
357  348  0037  0.272  0.260    46    50  0.23320  0.09921  24  389
357  346  0038  0.306  0.456    23     8  0.40120  -0.14679  25  386
357  337  0039  0.322  0.456    44     8  0.40120  -0.14679  25  388
357  333  0040  0.350  0.456    35     8  0.40120  -0.14679  25  388
357  336  0041  0.279  0.456    35     8  0.40120  -0.14679  25  387
357  397  0042  0.275  0.265    50    52  0.23320  0.11121  24  389
357  397  0043  0.227  0.217    38    41  0.20320  0.05121  24  389
357  328  0044  0.258  0.456    27     8  0.40120  -0.14679  25  387
357  423  0045  0.238  0.229    45    46  0.20920  0.07521  24  389
357  336  0046  0.317  0.456    44     8  0.40120  -0.14679  25  388
357  329  0047  0.275  0.456    23     8  0.40120  -0.14679  25  387
357  332  0048  0.268  0.456    31     8  0.40120  -0.14679  25  387
357  336  0049  0.341  0.456    46     8  0.40120  -0.14679  25  388
402  337  0000  0.286  0.456    39     8  0.40120  -0.14679  25  388
402  328  0001  0.270  0.456    28     8  0.40120  -0.14679  25  387
402  328  0002  0.278  0.456    27     8  0.40120  -0.14679  25  387
402  405  0003  0.367  0.376    50    50  0.33520  0.14721  24  389
402  336  0004  0.349  0.456    46     8  0.40120  -0.14679  25  389
402  336  0005  0.289  0.456    45     8  0.40120  -0.14679  25  389
402  353  0006  0.350  0.381    39    37  0.35920  0.06921  24  389
402  461  0007  0.267  0.265    50    52  0.23320  0.11121  24  390
402  334  0008  0.322  0.456    33     8  0.40120  -0.14679  25  387
402  335  0009  0.315  0.456    35     8  0.40120  -0.14679  25  387
402  417  0010  0.361  0.385    35    35  0.36520  0.05121  24  389
402  324  0011  0.253  0.456    23     8  0.40120  -0.14679  25  387
402  467  0012  0.375  0.396    45    44  0.36520  0.11721  24  389
402  334  0013  0.315  0.456    33     8  0.40120  -0.14679  25  387
402  413  0014  0.364  0.392    46    45  0.35920  0.12321  24  389
402  384  0015  0.266  0.258    45    48  0.23320  0.09321  24  389
402  383  0016  0.231  0.223    35    39  0.20920  0.04521  24  389
402  336  0017  0.294  0.456    45     8  0.40120  -0.14679  25  388
402  452  0018  0.373  0.396    40    40  0.37120  0.08721  24  389
402  456  0019  0.240  0.229    45    46  0.20920  0.07521  24  389
402  335  0020  0.304  0.456    29     8  0.40120  -0.14679  25  387
402  355  0021  0.228  0.221    33    36  0.20920  0.03321  24  389
402  404  0022  0.253  0.241    44    45  0.22120  0.07521  24  389
402  335  0023  0.286  0.456    34     8  0.40120  -0.14679  25  387
402  471  0024  0.370  0.397    30    30  0.37720  0.02121  24  389
402  345  0025  0.345  0.456    21     8  0.40120  -0.14679  25  388
402  382  0026  0.354  0.380    36    36  0.35920  0.05721  24  389
402  451  0027  0.372  0.397    41    41  0.37120  0.09321  24  389
402  452  0028  0.369  0.391    33    32  0.37120  0.03321  24  389
402  336  0029  0.332  0.456    47     8  0.40120  -0.14679  25  389
402  368  0030  0.347  0.385    27    27  0.36520  0.00321  24  388
402  331  0031  0.274  0.456    31     8  0.40120  -0.14679  25  387
402  335  0032  0.282  0.456    34     8  0.40120  -0.14679  25  387
402  336  0033  0.307  0.456    44     8  0.40120  -0.14679  25  388
402  336  0034  0.317  0.456    36     8  0.40120  -0.14679  25  387
402  443  0035  0.372  0.393    47    46  0.35920  0.12921  24  389
402  336  0036  0.322  0.456    46     8  0.40120  -0.14679  25  388
402  353  0037  0.350  0.381    38    37  0.35920  0.06921  24  389
402  464  0038  0.374  0.391    34    34  0.37120  0.04521  24  389
402  356  0039  0.276  0.266    45    49  0.23920  0.09921  24  389
402  337  0040  0.286  0.456    36     8  0.40120  -0.14679  25  387
402  366  0041  0.267  0.256    44    47  0.23320  0.08721  24  389
402  334  0042  0.305  0.456    32     8  0.40120  -0.14679  25  387
402  325  0043  0.246  0.456    23     8  0.40120  -0.14679  25  387
402  336  0044  0.318  0.456    31     8  0.40120  -0.14679  25  387
402  353  0045  0.340  0.456    25     8  0.40120  -0.14679  25  388
402  418  0046  0.276  0.270    49    52  0.23920  0.11121  24  389
402  334  0047  0.309  0.456    32     8  0.40120  -0.14679  25  387
402  328  0048  0.276  0.456    26     8  0.40120  -0.14679  25  387
402  457  0049  0.236  0.228    43    45  0.20920  0.06921  24  389
446  381  0000  0.250  0.241    36    38  0.22720  0.04521  24  389
446  343  0001  0.297  0.456    22     8  0.40120  -0.14679  25  386
446  433  0002  0.250  0.240    41    44  0.22120  0.06921  24  389
446  343  0003  0.309  0.301    48    50  0.26920  0.11721  25  389
446  457  0004  0.245  0.234    42    44  0.21520  0.06921  24  389
446  422  0005  0.359  0.392    42    42  0.36520  0.09921  24  389
446  441  0006  0.362  0.386    46    46  0.35320  0.12321  24  389
446  542  0007  0.225  0.225    47    48  0.20320  0.08121  23  390
446  339  0008  0.326  0.456    40     8  0.40120  -0.14679  25  388
446  331  0009  0.250  0.456    31     8  0.40120  -0.14679  25  388
446  338  0010  0.282  0.270    44    47  0.24520  0.09321  24  389
446  398  0011  0.349  0.379    35    35  0.35920  0.05121  24  388
446  468  0012  0.364  0.385    35    35  0.36520  0.05121  24  389
446  358  0013  0.343  0.378    33    32  0.35920  0.03321  24  388
446  326  0014  0.276  0.456    26     8  0.40120  -0.14679  25  387
446  446  0015  0.359  0.386    36    35  0.36520  0.05721  24  389
446  349  0016  0.240  0.239    31    32  0.22720  0.02121  24  389
446  376  0017  0.302  0.296    49    51  0.26320  0.11721  24  389
446  455  0018  0.364  0.389    39    39  0.36520  0.08121  24  389
446  336  0019  0.334  0.456    45     8  0.40120  -0.14679  25  389
446  326  0020  0.225  0.456    21     8  0.40120  -0.14679  25  388
446  333  0021  0.257  0.456    33     8  0.40120  -0.14679  25  388
446  339  0022  0.318  0.456    48     8  0.40120  -0.14679  25  389
446  352  0023  0.332  0.456    26     8  0.40120  -0.14679  25  387
446  445  0024  0.277  0.268    48    50  0.23920  0.10521  24  389
446  408  0025  0.351  0.366    49    49  0.32920  0.13521  24  389
446  408  0026  0.360  0.387    21    23  0.36520  -0.02679  24  388
446  533  0027  0.375  0.398    25    26  0.37720  -0.00879  23  389
446  374  0028  0.346  0.380    37    37  0.35920  0.06321  24  388
446  529  0029  0.235  0.233    48    49  0.20920  0.08721  23  390
446  329  0030  0.278  0.456    22     8  0.40120  -0.14679  25  386
446  497  0031  0.373  0.393    37    37  0.37120  0.06921  24  389
446  327  0032  0.224  0.456    23     8  0.40120  -0.14679  25  388
446  355  0033  0.331  0.456    25     8  0.40120  -0.14679  25  387
446  470  0034  0.371  0.389    48    47  0.35320  0.13521  24  389
446  515  0035  0.378  0.398    41    41  0.37120  0.09921  24  389
446  521  0036  0.248  0.249    49    51  0.22120  0.09921  24  390
446  339  0037  0.334  0.456    40     8  0.40120  -0.14679  25  388
446  355  0038  0.318  0.456    22     8  0.40120  -0.14679  25  387
446  354  0039  0.260  0.248    38    39  0.23320  0.05121  24  389
446  325  0040  0.256  0.456    27     8  0.40120  -0.14679  25  387
446  488  0041  0.225  0.217    39    41  0.20320  0.05121  24  389
446  355  0042  0.335  0.456    25     8  0.40120  -0.14679  25  387
446  424  0043  0.229  0.222    35    37  0.20920  0.03921  24  389
446  391  0044  0.352  0.383    40    39  0.35920  0.08121  24  389
446  336  0045  0.273  0.456    38     8  0.40120  -0.14679  25  388
446  336  0046  0.291  0.456    24     8  0.40120  -0.14679  25  386
446  355  0047  0.332  0.456    21     8  0.40120  -0.14679  25  387
446  353  0048  0.309  0.456    21     8  0.40120  -0.14679  25  386
446  335  0049  0.243  0.239    30    32  0.22720  0.02121  24  388
491  498  0000  0.272  0.268    48    50  0.23920  0.10521  24  390
491  524  0001  0.370  0.395    44    43  0.36520  0.11121  24  389
491  462  0002  0.353  0.378    31    31  0.35920  0.02721  24  389
491  334  0003  0.276  0.456    34     8  0.40120  -0.14679  25  387
491  370  0004  0.337  0.372    27    27  0.35320  0.00321  24  388
491  325  0005  0.275  0.456    24     8  0.40120  -0.14679  25  387
491  344  0006  0.241  0.240    26    26  0.22720  -0.00279  25  388
491  404  0007  0.298  0.288    48    50  0.25720  0.11121  24  389
491  449  0008  0.234  0.228    34    37  0.21520  0.03921  24  389
491  324  0009  0.269  0.456    22     8  0.40120  -0.14679  25  387
491  477  0010  0.358  0.380    36    36  0.35920  0.05721  24  389
491  503  0011  0.364  0.386    37    36  0.36520  0.06321  24  389
491  354  0012  0.273  0.263    40    41  0.24520  0.06321  24  389
491  423  0013  0.345  0.379    26    26  0.35920  -0.00279  24  388
491  553  0014  0.367  0.391    26    26  0.37120  -0.00279  23  389
491  458  0015  0.353  0.378    33    33  0.35920  0.03921  24  389
491  494  0016  0.259  0.250    46    48  0.22720  0.08721  24  390
491  509  0017  0.240  0.232    41    43  0.21520  0.06321  24  389
491  449  0018  0.351  0.378    31    30  0.35920  0.02121  24  389
491  588  0019  0.221  0.217    47    47  0.19720  0.07521  23  390
491  412  0020  0.341  0.354    48    50  0.31720  0.13521  24  389
491  537  0021  0.235  0.226    42    43  0.20920  0.06321  23  390
491  336  0022  0.315  0.456    46     8  0.40120  -0.14679  25  389
491  397  0023  0.350  0.383    44    44  0.35320  0.11121  24  389
491  374  0024  0.250  0.246    32    33  0.23320  0.02721  24  388
491  570  0025  0.373  0.392    25    26  0.37120  -0.00879  23  389
491  421  0026  0.223  0.221    31    34  0.20920  0.02721  24  389
491  322  0027  0.256  0.456    24     8  0.40120  -0.14679  25  387
491  554  0028  0.376  0.396    45    44  0.36520  0.11721  23  389
491  487  0029  0.262  0.258    46    48  0.23320  0.09321  24  390
491  337  0030  0.289  0.456    39     8  0.40120  -0.14679  25  388
491  441  0031  0.348  0.379    25    25  0.35920  -0.00879  24  388
491  547  0032  0.375  0.396    45    44  0.36520  0.11721  23  389
491  382  0033  0.261  0.248    37    39  0.23320  0.05121  24  389
491  472  0034  0.356  0.368    50    50  0.32920  0.14121  24  390
491  337  0035  0.307  0.456    41     8  0.40120  -0.14679  25  388
491  349  0036  0.256  0.252    31    32  0.23920  0.02121  24  388
491  335  0037  0.313  0.456    31     8  0.40120  -0.14679  25  387
491  338  0038  0.324  0.456    39     8  0.40120  -0.14679  25  388
491  335  0039  0.289  0.456    35     8  0.40120  -0.14679  25  387
491  328  0040  0.279  0.456    30     8  0.40120  -0.14679  25  387
491  339  0041  0.338  0.456    41     8  0.40120  -0.14679  25  388
491  337  0042  0.336  0.456    38     8  0.40120  -0.14679  25  388
491  454  0043  0.295  0.284    50    52  0.25120  0.11721  24  390
491  331  0044  0.286  0.456    24     8  0.40120  -0.14679  25  386
491  431  0045  0.351  0.370    47    48  0.33520  0.12921  24  389
491  336  0046  0.340  0.456    44     8  0.40120  -0.14679  25  389
491  561  0047  0.378  0.401    44    43  0.37120  0.11121  23  389
491  338  0048  0.326  0.456    41     8  0.40120  -0.14679  25  388
491  358  0049  0.240  0.239    27    29  0.22720  0.00921  25  388
536  407  0000  0.237  0.239    28    29  0.22720  0.00921  24  388
536  333  0001  0.308  0.456    32     8  0.40120  -0.14679  25  387
536  388  0002  0.341  0.369    40    39  0.34720  0.07521  24  389
536  384  0003  0.282  0.273    42    44  0.25120  0.08121  24  389
536  459  0004  0.300  0.296    49    51  0.26320  0.11721  24  390
536  446  0005  0.248  0.240    34    36  0.22720  0.03921  24  389
536  608  0006  0.226  0.222    44    45  0.20320  0.06921  23  390
536  600  0007  0.233  0.229    45    46  0.20920  0.07521  23  390
536  336  0008  0.308  0.456    42     8  0.40120  -0.14679  25  388
536  331  0009  0.294  0.456    31     8  0.40120  -0.14679  25  387
536  345  0010  0.289  0.279    42    44  0.25720  0.08121  25  389
536  327  0011  0.281  0.456    29     8  0.40120  -0.14679  25  387
536  471  0012  0.355  0.384    41    40  0.35920  0.08721  24  389
536  333  0013  0.312  0.456    33     8  0.40120  -0.14679  25  387
536  586  0014  0.234  0.228    43    45  0.20920  0.06921  23  390
536  475  0015  0.223  0.221    32    34  0.20920  0.02721  24  389
536  333  0016  0.291  0.456    25     8  0.40120  -0.14679  25  386
536  584  0017  0.371  0.391    32    32  0.37120  0.03321  23  389
536  336  0018  0.301  0.456    41     8  0.40120  -0.14679  25  388
536  462  0019  0.235  0.233    33    34  0.22120  0.02721  24  389
536  335  0020  0.278  0.456    36     8  0.40120  -0.14679  25  388
536  381  0021  0.336  0.367    36    35  0.34720  0.05121  24  388
536  581  0022  0.227  0.225    40    42  0.20920  0.05721  23  390
536  357  0023  0.332  0.456    20     8  0.40120  -0.14679  25  387
536  417  0024  0.333  0.346    48    49  0.31120  0.12921  24  390
536  334  0025  0.296  0.456    26     8  0.40120  -0.14679  25  386
536  321  0026  0.263  0.456    25     8  0.40120  -0.14679  25  387
536  332  0027  0.292  0.456    33     8  0.40120  -0.14679  25  387
536  445  0028  0.254  0.247    37    38  0.23320  0.04521  24  389
536  428  0029  0.345  0.374    23    24  0.35320  -0.02079  24  388
536  507  0030  0.360  0.383    40    39  0.35920  0.08121  24  389
536  598  0031  0.374  0.391    32    32  0.37120  0.03321  23  390
536  402  0032  0.229  0.227    26    26  0.21520  -0.00279  24  389
536  432  0033  0.350  0.380    43    42  0.35320  0.09921  24  389
536  337  0034  0.246  0.241    21    22  0.22720  -0.02079  25  388
536  477  0035  0.225  0.227    32    34  0.21520  0.02721  24  389
536  462  0036  0.334  0.342    50    50  0.30520  0.13521  24  390
536  331  0037  0.298  0.456    30     8  0.40120  -0.14679  25  387
536  622  0038  0.226  0.223    46    47  0.20320  0.07521  23  390
536  336  0039  0.296  0.456    41     8  0.40120  -0.14679  25  388
536  334  0040  0.324  0.456    31     8  0.40120  -0.14679  25  387
536  438  0041  0.270  0.259    42    44  0.23920  0.07521  24  389
536  369  0042  0.335  0.367    24    24  0.34720  -0.01479  24  388
536  601  0043  0.232  0.229    45    46  0.20920  0.07521  23  390
536  335  0044  0.299  0.456    27     8  0.40120  -0.14679  25  386
536  329  0045  0.289  0.456    30     8  0.40120  -0.14679  25  387
536  335  0046  0.308  0.456    43     8  0.40120  -0.14679  25  389
536  404  0047  0.330  0.338    47    49  0.30520  0.12321  24  389
536  358  0048  0.264  0.258    30    30  0.24520  0.01521  24  388
536  558  0049  0.375  0.389    49    47  0.35320  0.13521  23  390
580  629  0000  0.236  0.228    44    45  0.20920  0.06921  23  390
580  542  0001  0.255  0.246    42    43  0.22720  0.06921  24  390
580  442  0002  0.225  0.223    21    21  0.20920  -0.02079  24  389
580  542  0003  0.348  0.356    50    51  0.31720  0.14121  23  390
580  464  0004  0.259  0.254    37    37  0.23920  0.04521  24  389
580  448  0005  0.242  0.239    28    29  0.22720  0.00921  24  388
580  333  0006  0.320  0.456    33     8  0.40120  -0.14679  25  387
580  663  0007  0.233  0.235    49    51  0.20920  0.09321  23  390
580  417  0008  0.290  0.280    44    45  0.25720  0.08721  24  389
580  607  0009  0.371  0.390    40    40  0.36520  0.08721  23  389
580  442  0010  0.344  0.370    40    40  0.34720  0.08121  24  389
580  383  0011  0.319  0.323    45    47  0.29320  0.11121  25  389
580  336  0012  0.318  0.456    43     8  0.40120  -0.14679  25  389
580  670  0013  0.231  0.235    50    51  0.20920  0.09321  23  391
580  511  0014  0.259  0.252    41    43  0.23320  0.06921  24  389
580  574  0015  0.357  0.378    28    28  0.35920  0.00921  23  389
580  524  0016  0.255  0.244    41    42  0.22720  0.06321  24  389
580  484  0017  0.346  0.373    37    36  0.35320  0.05721  24  389
580  637  0018  0.368  0.391    28    27  0.37120  0.00321  23  389
580  627  0019  0.376  0.392    42    42  0.36520  0.09921  23  390
580  335  0020  0.290  0.456    35     8  0.40120  -0.14679  25  387
580  663  0021  0.374  0.391    27    27  0.37120  0.00321  23  390
580  564  0022  0.364  0.389    44    44  0.35920  0.11121  23  390
580  559  0023  0.356  0.378    31    30  0.35920  0.02121  24  389
580  593  0024  0.362  0.384    30    30  0.36520  0.02121  23  389
580  322  0025  0.274  0.456    25     8  0.40120  -0.14679  25  387
580  431  0026  0.291  0.282    44    46  0.25720  0.09321  24  389
580  548  0027  0.244  0.236    38    40  0.22120  0.05121  24  389
580  597  0028  0.237  0.231    41    41  0.21520  0.05721  23  390
580  403  0029  0.269  0.259    34    34  0.24520  0.03321  24  388
580  337  0030  0.310  0.456    41     8  0.40120  -0.14679  25  388
580  401  0031  0.260  0.252    29    30  0.23920  0.01521  24  388
580  459  0032  0.341  0.356    47    47  0.32320  0.12321  24  390
580  479  0033  0.229  0.233    30    31  0.22120  0.01521  24  389
580  335  0034  0.311  0.456    35     8  0.40120  -0.14679  25  387
580  647  0035  0.236  0.231    47    48  0.20920  0.08121  23  390
580  652  0036  0.241  0.241    49    50  0.21520  0.09321  23  390
580  455  0037  0.268  0.257    40    41  0.23920  0.06321  24  389
580  322  0038  0.273  0.456    25     8  0.40120  -0.14679  25  387
580  370  0039  0.254  0.247    23    23  0.23320  -0.01479  25  388
580  407  0040  0.334  0.366    33    33  0.34720  0.03921  24  388
580  406  0041  0.316  0.317    46    48  0.28720  0.11121  24  389
580  427  0042  0.248  0.246    27    28  0.23320  0.00321  24  388
580  423  0043  0.235  0.234    23    25  0.22120  -0.00879  24  388
580  330  0044  0.293  0.456    28     8  0.40120  -0.14679  25  387
580  327  0045  0.281  0.456    30     8  0.40120  -0.14679  25  387
580  357  0046  0.302  0.298    42    44  0.27520  0.08721  25  389
580  415  0047  0.323  0.331    46    48  0.29920  0.11721  24  390
580  407  0048  0.334  0.365    32    32  0.34720  0.03321  24  388
580  542  0049  0.240  0.235    37    38  0.22120  0.04521  24  389
625  656  0000  0.370  0.385    35    35  0.36520  0.05121  23  390
625  338  0001  0.304  0.456    38     8  0.40120  -0.14679  25  388
625  354  0002  0.283  0.271    31    31  0.25720  0.02121  24  388
625  624  0003  0.362  0.385    33    33  0.36520  0.03921  23  389
625  553  0004  0.255  0.243    40    41  0.22720  0.05721  24  389
625  410  0005  0.296  0.291    42    43  0.26920  0.08121  24  389
625  354  0006  0.296  0.293    38    39  0.27520  0.06321  25  388
625  327  0007  0.283  0.456    24     8  0.40120  -0.14679  25  387
625  460  0008  0.335  0.365    29    28  0.34720  0.00921  24  388
625  621  0009  0.369  0.387    22    23  0.36520  -0.02679  23  389
625  530  0010  0.265  0.258    42    43  0.23920  0.06921  24  389
625  490  0011  0.234  0.233    27    28  0.22120  0.00321  24  389
625  332  0012  0.303  0.456    32     8  0.40120  -0.14679  25  387
625  610  0013  0.360  0.378    33    33  0.35920  0.03921  23  389
625  463  0014  0.306  0.303    46    47  0.27520  0.10521  24  390
625  512  0015  0.351  0.379    42    41  0.35320  0.09321  24  389
625  679  0016  0.243  0.239    48    49  0.21520  0.08721  23  390
625  364  0017  0.320  0.456    21     8  0.40120  -0.14679  25  387
625  425  0018  0.334  0.361    23    23  0.34120  -0.02079  24  388
625  488  0019  0.253  0.246    32    33  0.23320  0.02721  24  388
625  368  0020  0.259  0.255    20    21  0.23920  -0.02679  25  388
625  505  0021  0.343  0.367    36    36  0.34720  0.05721  24  389
625  338  0022  0.312  0.456    38     8  0.40120  -0.14679  25  388
625  506  0023  0.232  0.233    28    29  0.22120  0.00921  24  389
625  406  0024  0.276  0.265    34    34  0.25120  0.03321  24  388
625  351  0025  0.279  0.271    28    29  0.25720  0.00921  24  387
625  666  0026  0.264  0.262    50    51  0.23320  0.10521  23  390
625  514  0027  0.312  0.315    49    50  0.28120  0.12321  24  390
625  586  0028  0.356  0.372    48    48  0.33520  0.13521  23  390
625  546  0029  0.352  0.368    47    47  0.33520  0.12321  23  390
625  330  0030  0.280  0.271    26    26  0.25720  -0.00279  25  387
625  330  0031  0.294  0.456    27     8  0.40120  -0.14679  25  387
625  566  0032  0.353  0.380    24    25  0.35920  -0.01479  23  389
625  645  0033  0.373  0.389    48    47  0.35320  0.13521  23  390
625  328  0034  0.288  0.456    26     8  0.40120  -0.14679  25  387
625  572  0035  0.352  0.366    48    49  0.32920  0.13521  23  390
625  674  0036  0.367  0.385    27    27  0.36520  0.00321  23  389
625  332  0037  0.319  0.456    33     8  0.40120  -0.14679  25  388
625  399  0038  0.334  0.362    22    23  0.34120  -0.02679  24  388
625  374  0039  0.326  0.355    37    36  0.33520  0.05721  25  388
625  548  0040  0.306  0.303    50    51  0.26920  0.12321  24  390
625  372  0041  0.275  0.264    28    29  0.25120  0.00921  24  387
625  348  0042  0.314  0.456    26     8  0.40120  -0.14679  25  387
625  326  0043  0.285  0.456    27     8  0.40120  -0.14679  25  387
625  522  0044  0.240  0.239    31    32  0.22720  0.02121  24  389
625  350  0045  0.323  0.353    34    33  0.33520  0.03921  25  388
625  582  0046  0.290  0.284    50    52  0.25120  0.11721  24  390
625  409  0047  0.252  0.248    22    22  0.23320  -0.02079  24  388
625  616  0048  0.249  0.241    43    45  0.22120  0.07521  23  390
625  671  0049  0.241  0.237    46    47  0.21520  0.08121  23  390
89  335  0000  0.250  0.456    24     8  0.40120  -0.14679  25  388
89  339  0001  0.235  0.456    46     8  0.40120  -0.14679  25  388
89  339  0002  0.295  0.456    21     8  0.40120  -0.14679  25  388
89  337  0003  0.244  0.456    37     8  0.40120  -0.14679  25  388
89  338  0004  0.353  0.456    42     8  0.40120  -0.14679  25  388
89  337  0005  0.285  0.456    46     8  0.40120  -0.14679  25  388
89  337  0006  0.250  0.456    36     8  0.40120  -0.14679  25  388
89  337  0007  0.290  0.456    25     8  0.40120  -0.14679  25  388
89  339  0008  0.247  0.456    48     8  0.40120  -0.14679  25  388
89  337  0009  0.294  0.456    45     8  0.40120  -0.14679  25  388
89  337  0010  0.333  0.456    31     8  0.40120  -0.14679  25  388
89  335  0011  0.262  0.456    29     8  0.40120  -0.14679  25  388
89  337  0012  0.300  0.456    29     8  0.40120  -0.14679  25  388
89  338  0013  0.308  0.456    38     8  0.40120  -0.14679  25  388
89  336  0014  0.350  0.456    35     8  0.40120  -0.14679  25  388
89  337  0015  0.300  0.456    42     8  0.40120  -0.14679  25  388
89  338  0016  0.351  0.456    50     8  0.40120  -0.14679  25  388
89  337  0017  0.316  0.456    32     8  0.40120  -0.14679  25  388
89  335  0018  0.233  0.456    24     8  0.40120  -0.14679  25  388
89  338  0019  0.343  0.456    40     8  0.40120  -0.14679  25  388
89  337  0020  0.257  0.456    44     8  0.40120  -0.14679  25  388
89  340  0021  0.338  0.456    27     8  0.40120  -0.14679  25  388
89  337  0022  0.329  0.456    35     8  0.40120  -0.14679  25  388
89  336  0023  0.280  0.456    26     8  0.40120  -0.14679  25  388
89  337  0024  0.300  0.456    27     8  0.40120  -0.14679  25  388
89  337  0025  0.343  0.456    37     8  0.40120  -0.14679  25  388
89  337  0026  0.277  0.456    33     8  0.40120  -0.14679  25  388
89  336  0027  0.361  0.456    36     8  0.40120  -0.14679  25  388
89  335  0028  0.262  0.456    24     8  0.40120  -0.14679  25  388
89  335  0029  0.236  0.456    25     8  0.40120  -0.14679  25  388
89  336  0030  0.348  0.456    34     8  0.40120  -0.14679  25  388
89  337  0031  0.250  0.456    34     8  0.40120  -0.14679  25  388
89  337  0032  0.341  0.456    47     8  0.40120  -0.14679  25  388
89  338  0033  0.272  0.456    47     8  0.40120  -0.14679  25  388
89  336  0034  0.286  0.456    30     8  0.40120  -0.14679  25  388
89  335  0035  0.247  0.456    25     8  0.40120  -0.14679  25  388
89  339  0036  0.311  0.456    26     8  0.40120  -0.14679  25  388
89  338  0037  0.301  0.456    38     8  0.40120  -0.14679  25  388
89  335  0038  0.230  0.456    21     8  0.40120  -0.14679  25  388
89  337  0039  0.343  0.456    31     8  0.40120  -0.14679  25  388
89  336  0040  0.279  0.456    30     8  0.40120  -0.14679  25  388
89  339  0041  0.238  0.456    47     8  0.40120  -0.14679  25  388
89  337  0042  0.344  0.456    47     8  0.40120  -0.14679  25  388
89  339  0043  0.362  0.456    23     8  0.40120  -0.14679  25  388
89  338  0044  0.267  0.456    48     8  0.40120  -0.14679  25  388
89  338  0045  0.358  0.456    41     8  0.40120  -0.14679  25  388
89  337  0046  0.374  0.456    45     8  0.40120  -0.14679  25  388
89  336  0047  0.232  0.456    27     8  0.40120  -0.14679  25  388
89  337  0048  0.377  0.456    37     8  0.40120  -0.14679  25  388
89  340  0049  0.349  0.456    23     8  0.40120  -0.14679  25  388
134  338  0000  0.241  0.456    43     8  0.40120  -0.14679  25  388
134  337  0001  0.265  0.456    40     8  0.40120  -0.14679  25  388
134  337  0002  0.281  0.456    41     8  0.40120  -0.14679  25  388
134  334  0003  0.222  0.456    23     8  0.40120  -0.14679  25  388
134  334  0004  0.247  0.456    27     8  0.40120  -0.14679  25  388
134  337  0005  0.225  0.456    35     8  0.40120  -0.14679  25  388
134  340  0006  0.352  0.456    28     8  0.40120  -0.14679  25  388
134  341  0007  0.308  0.456    23     8  0.40120  -0.14679  25  387
134  335  0008  0.259  0.456    31     8  0.40120  -0.14679  25  388
134  337  0009  0.325  0.456    35     8  0.40120  -0.14679  25  388
134  335  0010  0.350  0.456    33     8  0.40120  -0.14679  25  388
134  339  0011  0.261  0.456    47     8  0.40120  -0.14679  25  388
134  337  0012  0.303  0.456    44     8  0.40120  -0.14679  25  388
134  341  0013  0.362  0.456    25     8  0.40120  -0.14679  25  388
134  336  0014  0.359  0.456    32     8  0.40120  -0.14679  25  388
134  337  0015  0.280  0.456    35     8  0.40120  -0.14679  25  388
134  338  0016  0.255  0.456    46     8  0.40120  -0.14679  25  388
134  335  0017  0.283  0.456    28     8  0.40120  -0.14679  25  387
134  338  0018  0.350  0.456    39     8  0.40120  -0.14679  25  388
134  337  0019  0.268  0.456    36     8  0.40120  -0.14679  25  388
134  335  0020  0.251  0.456    29     8  0.40120  -0.14679  25  388
134  342  0021  0.347  0.456    26     8  0.40120  -0.14679  25  388
134  336  0022  0.264  0.456    32     8  0.40120  -0.14679  25  388
134  337  0023  0.271  0.456    40     8  0.40120  -0.14679  25  388
134  341  0024  0.318  0.456    26     8  0.40120  -0.14679  25  387
134  340  0025  0.337  0.456    28     8  0.40120  -0.14679  25  388
134  340  0026  0.361  0.456    27     8  0.40120  -0.14679  25  388
134  339  0027  0.306  0.456    26     8  0.40120  -0.14679  25  387
134  334  0028  0.231  0.456    22     8  0.40120  -0.14679  25  388
134  333  0029  0.261  0.456    22     8  0.40120  -0.14679  25  388
134  343  0030  0.344  0.456    24     8  0.40120  -0.14679  25  388
134  338  0031  0.315  0.456    48     8  0.40120  -0.14679  25  388
134  337  0032  0.297  0.456    35     8  0.40120  -0.14679  25  388
134  336  0033  0.258  0.456    34     8  0.40120  -0.14679  25  388
134  337  0034  0.303  0.456    46     8  0.40120  -0.14679  25  388
134  335  0035  0.283  0.456    26     8  0.40120  -0.14679  25  387
134  336  0036  0.245  0.456    32     8  0.40120  -0.14679  25  388
134  342  0037  0.319  0.456    25     8  0.40120  -0.14679  25  387
134  338  0038  0.340  0.456    49     8  0.40120  -0.14679  25  388
134  341  0039  0.307  0.456    23     8  0.40120  -0.14679  25  387
134  335  0040  0.226  0.456    26     8  0.40120  -0.14679  25  388
134  334  0041  0.234  0.456    25     8  0.40120  -0.14679  25  388
134  339  0042  0.246  0.456    46     8  0.40120  -0.14679  25  388
134  336  0043  0.232  0.456    31     8  0.40120  -0.14679  25  388
134  337  0044  0.362  0.456    48     8  0.40120  -0.14679  25  388
134  343  0045  0.344  0.456    25     8  0.40120  -0.14679  25  388
134  337  0046  0.255  0.456    42     8  0.40120  -0.14679  25  388
134  336  0047  0.369  0.456    36     8  0.40120  -0.14679  25  388
134  335  0048  0.255  0.456    29     8  0.40120  -0.14679  25  388
134  333  0049  0.241  0.456    22     8  0.40120  -0.14679  25  388
179  332  0000  0.258  0.456    22     8  0.40120  -0.14679  25  387
179  336  0001  0.271  0.456    33     8  0.40120  -0.14679  25  388
179  336  0002  0.284  0.456    22     8  0.40120  -0.14679  25  387
179  335  0003  0.362  0.456    36     8  0.40120  -0.14679  25  388
179  337  0004  0.289  0.456    39     8  0.40120  -0.14679  25  388
179  338  0005  0.319  0.456    39     8  0.40120  -0.14679  25  388
179  336  0006  0.376  0.456    37     8  0.40120  -0.14679  25  388
179  333  0007  0.254  0.456    27     8  0.40120  -0.14679  25  388
179  344  0008  0.312  0.456    21     8  0.40120  -0.14679  25  387
179  333  0009  0.270  0.456    22     8  0.40120  -0.14679  25  387
179  338  0010  0.327  0.456    40     8  0.40120  -0.14679  25  388
179  333  0011  0.229  0.456    23     8  0.40120  -0.14679  25  388
179  339  0012  0.374  0.456    25     8  0.40120  -0.14679  25  388
179  340  0013  0.287  0.456    49     8  0.40120  -0.14679  25  388
179  337  0014  0.256  0.456    40     8  0.40120  -0.14679  25  388
179  338  0015  0.353  0.456    50     8  0.40120  -0.14679  25  388
179  337  0016  0.275  0.456    37     8  0.40120  -0.14679  25  388
179  339  0017  0.303  0.456    26     8  0.40120  -0.14679  25  387
179  336  0018  0.348  0.456    37     8  0.40120  -0.14679  25  388
179  332  0019  0.265  0.456    23     8  0.40120  -0.14679  25  387
179  345  0020  0.337  0.456    25     8  0.40120  -0.14679  25  388
179  337  0021  0.365  0.456    48     8  0.40120  -0.14679  25  388
179  335  0022  0.279  0.456    32     8  0.40120  -0.14679  25  387
179  337  0023  0.251  0.456    43     8  0.40120  -0.14679  25  388
179  340  0024  0.235  0.456    47     8  0.40120  -0.14679  25  389
179  335  0025  0.259  0.456    31     8  0.40120  -0.14679  25  388
179  337  0026  0.331  0.456    37     8  0.40120  -0.14679  25  388
179  334  0027  0.222  0.456    25     8  0.40120  -0.14679  25  388
179  337  0028  0.340  0.456    37     8  0.40120  -0.14679  25  388
179  336  0029  0.311  0.456    33     8  0.40120  -0.14679  25  387
179  342  0030  0.311  0.456    24     8  0.40120  -0.14679  25  387
179  337  0031  0.353  0.456    43     8  0.40120  -0.14679  25  388
179  338  0032  0.314  0.456    28     8  0.40120  -0.14679  25  387
179  337  0033  0.359  0.456    43     8  0.40120  -0.14679  25  388
179  336  0034  0.270  0.456    35     8  0.40120  -0.14679  25  388
179  343  0035  0.338  0.456    26     8  0.40120  -0.14679  25  388
179  340  0036  0.299  0.456    22     8  0.40120  -0.14679  25  387
179  337  0037  0.368  0.456    49     8  0.40120  -0.14679  25  388
179  338  0038  0.342  0.456    43     8  0.40120  -0.14679  25  388
179  338  0039  0.361  0.456    41     8  0.40120  -0.14679  25  388
179  337  0040  0.310  0.456    36     8  0.40120  -0.14679  25  387
179  338  0041  0.329  0.456    42     8  0.40120  -0.14679  25  388
179  337  0042  0.266  0.456    35     8  0.40120  -0.14679  25  388
179  335  0043  0.375  0.456    35     8  0.40120  -0.14679  25  388
179  337  0044  0.301  0.456    27     8  0.40120  -0.14679  25  387
179  338  0045  0.351  0.456    50     8  0.40120  -0.14679  25  388
179  343  0046  0.321  0.456    25     8  0.40120  -0.14679  25  387
179  336  0047  0.255  0.456    35     8  0.40120  -0.14679  25  388
179  338  0048  0.356  0.456    50     8  0.40120  -0.14679  25  388
179  337  0049  0.306  0.456    47     8  0.40120  -0.14679  25  388
223  338  0000  0.369  0.456    49     8  0.40120  -0.14679  25  388
223  336  0001  0.271  0.456    44     8  0.40120  -0.14679  25  388
223  340  0002  0.276  0.456    49     8  0.40120  -0.14679  25  388
223  337  0003  0.263  0.456    45     8  0.40120  -0.14679  25  388
223  335  0004  0.341  0.456    32     8  0.40120  -0.14679  25  388
223  337  0005  0.265  0.456    38     8  0.40120  -0.14679  25  388
223  336  0006  0.285  0.456    44     8  0.40120  -0.14679  25  388
223  335  0007  0.292  0.456    33     8  0.40120  -0.14679  25  387
223  336  0008  0.228  0.456    35     8  0.40120  -0.14679  25  388
223  338  0009  0.319  0.456    29     8  0.40120  -0.14679  25  387
223  336  0010  0.371  0.456    44     8  0.40120  -0.14679  25  388
223  337  0011  0.283  0.456    37     8  0.40120  -0.14679  25  387
223  346  0012  0.339  0.456    24     8  0.40120  -0.14679  25  387
223  334  0013  0.239  0.456    30     8  0.40120  -0.14679  25  388
223  327  0014  0.378  0.456    21     8  0.40120  -0.14679  25  388
223  341  0015  0.360  0.456    28     8  0.40120  -0.14679  25  388
223  336  0016  0.368  0.456    46     8  0.40120  -0.14679  25  388
223  332  0017  0.273  0.456    24     8  0.40120  -0.14679  25  387
223  336  0018  0.352  0.456    31     8  0.40120  -0.14679  25  388
223  334  0019  0.361  0.456    35     8  0.40120  -0.14679  25  388
223  330  0020  0.253  0.456    23     8  0.40120  -0.14679  25  387
223  338  0021  0.324  0.456    41     8  0.40120  -0.14679  25  388
223  337  0022  0.266  0.456    37     8  0.40120  -0.14679  25  388
223  336  0023  0.336  0.456    32     8  0.40120  -0.14679  25  388
223  336  0024  0.340  0.456    36     8  0.40120  -0.14679  25  388
223  336  0025  0.239  0.456    37     8  0.40120  -0.14679  25  388
223  338  0026  0.346  0.456    43     8  0.40120  -0.14679  25  388
223  335  0027  0.338  0.456    34     8  0.40120  -0.14679  25  388
223  336  0028  0.306  0.456    34     8  0.40120  -0.14679  25  387
223  338  0029  0.313  0.456    39     8  0.40120  -0.14679  25  388
223  337  0030  0.265  0.456    38     8  0.40120  -0.14679  25  388
223  341  0031  0.237  0.456    47     8  0.40120  -0.14679  25  389
223  337  0032  0.253  0.456    44     8  0.40120  -0.14679  25  388
223  336  0033  0.374  0.456    37     8  0.40120  -0.14679  25  388
223  334  0034  0.368  0.456    32     8  0.40120  -0.14679  25  388
223  337  0035  0.277  0.456    39     8  0.40120  -0.14679  25  388
223  336  0036  0.287  0.456    43     8  0.40120  -0.14679  25  388
223  337  0037  0.365  0.456    38     8  0.40120  -0.14679  25  388
223  335  0038  0.375  0.456    37     8  0.40120  -0.14679  25  388
223  338  0039  0.335  0.456    38     8  0.40120  -0.14679  25  388
223  333  0040  0.272  0.456    30     8  0.40120  -0.14679  25  387
223  341  0041  0.310  0.456    26     8  0.40120  -0.14679  25  387
223  338  0042  0.310  0.456    28     8  0.40120  -0.14679  25  387
223  334  0043  0.267  0.456    31     8  0.40120  -0.14679  25  387
223  331  0044  0.250  0.456    24     8  0.40120  -0.14679  25  387
223  335  0045  0.230  0.456    30     8  0.40120  -0.14679  25  388
223  336  0046  0.286  0.456    35     8  0.40120  -0.14679  25  387
223  335  0047  0.357  0.456    32     8  0.40120  -0.14679  25  388
223  352  0048  0.376  0.403    28    28  0.38320  0.00921  24  389
223  336  0049  0.305  0.456    44     8  0.40120  -0.14679  25  388
268  337  0000  0.342  0.456    38     8  0.40120  -0.14679  25  388
268  336  0001  0.266  0.456    38     8  0.40120  -0.14679  25  388
268  336  0002  0.347  0.456    45     8  0.40120  -0.14679  25  388
268  370  0003  0.373  0.403    30    29  0.38320  0.01521  24  389
268  338  0004  0.378  0.456    48     8  0.40120  -0.14679  25  389
268  337  0005  0.315  0.456    36     8  0.40120  -0.14679  25  387
268  332  0006  0.284  0.456    27     8  0.40120  -0.14679  25  387
268  330  0007  0.268  0.456    25     8  0.40120  -0.14679  25  387
268  337  0008  0.281  0.456    39     8  0.40120  -0.14679  25  388
268  334  0009  0.280  0.456    32     8  0.40120  -0.14679  25  387
268  333  0010  0.359  0.456    35     8  0.40120  -0.14679  25  388
268  360  0011  0.375  0.403    32    31  0.38320  0.02721  24  389
268  330  0012  0.273  0.456    25     8  0.40120  -0.14679  25  387
268  337  0013  0.280  0.456    36     8  0.40120  -0.14679  25  387
268  345  0014  0.349  0.456    27     8  0.40120  -0.14679  25  388
268  335  0015  0.291  0.456    33     8  0.40120  -0.14679  25  387
268  339  0016  0.319  0.456    29     8  0.40120  -0.14679  25  387
268  338  0017  0.363  0.456    50     8  0.40120  -0.14679  25  389
268  336  0018  0.234  0.456    36     8  0.40120  -0.14679  25  388
268  333  0019  0.286  0.456    28     8  0.40120  -0.14679  25  387
268  336  0020  0.374  0.393    38    37  0.37120  0.06921  24  389
268  347  0021  0.375  0.400    42    42  0.37120  0.10521  24  389
268  336  0022  0.290  0.456    34     8  0.40120  -0.14679  25  387
268  336  0023  0.318  0.456    45     8  0.40120  -0.14679  25  388
268  329  0024  0.266  0.456    24     8  0.40120  -0.14679  25  387
268  348  0025  0.337  0.456    25     8  0.40120  -0.14679  25  387
268  376  0026  0.377  0.403    31    30  0.38320  0.02121  24  389
268  333  0027  0.285  0.456    28     8  0.40120  -0.14679  25  387
268  372  0028  0.374  0.403    30    29  0.38320  0.01521  24  389
268  337  0029  0.367  0.456    41     8  0.40120  -0.14679  25  388
268  337  0030  0.289  0.456    35     8  0.40120  -0.14679  25  387
268  339  0031  0.314  0.456    49     8  0.40120  -0.14679  25  388
268  333  0032  0.277  0.456    21     8  0.40120  -0.14679  25  387
268  336  0033  0.230  0.456    35     8  0.40120  -0.14679  25  388
268  336  0034  0.276  0.456    36     8  0.40120  -0.14679  25  387
268  358  0035  0.370  0.397    31    30  0.37720  0.02121  24  389
268  359  0036  0.243  0.243    49    51  0.21520  0.09921  24  389
268  348  0037  0.321  0.456    23     8  0.40120  -0.14679  25  387
268  335  0038  0.236  0.456    34     8  0.40120  -0.14679  25  388
268  333  0039  0.287  0.456    28     8  0.40120  -0.14679  25  387
268  341  0040  0.226  0.220    41    44  0.20320  0.06321  24  389
268  387  0041  0.374  0.404    28    27  0.38320  0.00321  24  389
268  334  0042  0.353  0.456    33     8  0.40120  -0.14679  25  388
268  334  0043  0.345  0.456    34     8  0.40120  -0.14679  25  388
268  340  0044  0.313  0.456    49     8  0.40120  -0.14679  25  388
268  335  0045  0.264  0.456    33     8  0.40120  -0.14679  25  388
268  332  0046  0.241  0.456    27     8  0.40120  -0.14679  25  388
268  338  0047  0.350  0.456    40     8  0.40120  -0.14679  25  388
268  339  0048  0.244  0.456    45     8  0.40120  -0.14679  25  389
268  337  0049  0.308  0.456    42     8  0.40120  -0.14679  25  388
313  336  0000  0.301  0.456    27     8  0.40120  -0.14679  25  387
313  338  0001  0.354  0.456    42     8  0.40120  -0.14679  25  388
313  337  0002  0.338  0.456    38     8  0.40120  -0.14679  25  388
313  338  0003  0.264  0.456    46     8  0.40120  -0.14679  25  389
313  335  0004  0.334  0.456    35     8  0.40120  -0.14679  25  388
313  408  0005  0.233  0.227    49    50  0.20320  0.08721  24  389
313  328  0006  0.244  0.456    22     8  0.40120  -0.14679  25  387
313  336  0007  0.259  0.456    37     8  0.40120  -0.14679  25  388
313  330  0008  0.252  0.456    28     8  0.40120  -0.14679  25  387
313  339  0009  0.361  0.386    36    35  0.36520  0.05721  24  389
313  335  0010  0.336  0.456    35     8  0.40120  -0.14679  25  388
313  348  0011  0.224  0.217    37    41  0.20320  0.05121  24  389
313  417  0012  0.372  0.398    26    26  0.37720  -0.00279  24  389
313  336  0013  0.231  0.456    35     8  0.40120  -0.14679  25  388
313  388  0014  0.260  0.259    50    53  0.22720  0.11121  24  389
313  336  0015  0.349  0.456    47     8  0.40120  -0.14679  25  389
313  337  0016  0.296  0.456    39     8  0.40120  -0.14679  25  387
313  336  0017  0.323  0.456    31     8  0.40120  -0.14679  25  387
313  330  0018  0.258  0.456    28     8  0.40120  -0.14679  25  387
313  329  0019  0.235  0.456    23     8  0.40120  -0.14679  25  388
313  411  0020  0.229  0.225    48    48  0.20320  0.08121  24  389
313  336  0021  0.275  0.456    44     8  0.40120  -0.14679  25  388
313  359  0022  0.367  0.392    36    35  0.37120  0.05721  24  389
313  328  0023  0.253  0.456    26     8  0.40120  -0.14679  25  387
313  431  0024  0.378  0.403    29    29  0.38320  0.01521  24  389
313  336  0025  0.299  0.456    35     8  0.40120  -0.14679  25  387
313  328  0026  0.262  0.456    26     8  0.40120  -0.14679  25  387
313  380  0027  0.235  0.228    43    45  0.20920  0.06921  24  389
313  337  0028  0.332  0.456    43     8  0.40120  -0.14679  25  388
313  336  0029  0.353  0.456    46     8  0.40120  -0.14679  25  389
313  335  0030  0.356  0.456    36     8  0.40120  -0.14679  25  388
313  338  0031  0.341  0.456    49     8  0.40120  -0.14679  25  389
313  396  0032  0.369  0.397    30    29  0.37720  0.01521  24  389
313  390  0033  0.225  0.220    41    44  0.20320  0.06321  24  389
313  375  0034  0.372  0.398    46    45  0.36520  0.12321  24  389
313  333  0035  0.256  0.456    31     8  0.40120  -0.14679  25  388
313  335  0036  0.318  0.456    32     8  0.40120  -0.14679  25  387
313  331  0037  0.239  0.456    27     8  0.40120  -0.14679  25  388
313  329  0038  0.241  0.456    24     8  0.40120  -0.14679  25  387
313  335  0039  0.299  0.456    32     8  0.40120  -0.14679  25  387
313  336  0040  0.261  0.456    42     8  0.40120  -0.14679  25  388
313  338  0041  0.343  0.456    41     8  0.40120  -0.14679  25  388
313  336  0042  0.255  0.456    36     8  0.40120  -0.14679  25  388
313  339  0043  0.229  0.217    37    41  0.20320  0.05121  24  389
313  397  0044  0.367  0.398    26    26  0.37720  -0.00279  24  389
313  331  0045  0.234  0.456    27     8  0.40120  -0.14679  25  388
313  330  0046  0.276  0.456    26     8  0.40120  -0.14679  25  387
313  416  0047  0.225  0.219    49    49  0.19720  0.08121  24  389
313  332  0048  0.358  0.456    34     8  0.40120  -0.14679  25  388
313  328  0049  0.255  0.456    25     8  0.40120  -0.14679  25  387
357  338  0000  0.339  0.456    42     8  0.40120  -0.14679  25  388
357  331  0001  0.239  0.456    28     8  0.40120  -0.14679  25  388
357  330  0002  0.274  0.456    21     8  0.40120  -0.14679  25  387
357  341  0003  0.319  0.456    50     8  0.40120  -0.14679  25  389
357  442  0004  0.379  0.397    33    33  0.37720  0.03921  24  389
357  337  0005  0.323  0.456    43     8  0.40120  -0.14679  25  388
357  405  0006  0.369  0.401    44    43  0.37120  0.11121  24  389
357  335  0007  0.233  0.456    34     8  0.40120  -0.14679  25  388
357  335  0008  0.306  0.456    30     8  0.40120  -0.14679  25  387
357  331  0009  0.225  0.456    27     8  0.40120  -0.14679  25  388
357  408  0010  0.227  0.219    39    42  0.20320  0.05721  24  389
357  330  0011  0.253  0.456    29     8  0.40120  -0.14679  25  387
357  411  0012  0.232  0.226    41    43  0.20920  0.06321  24  389
357  339  0013  0.314  0.456    28     8  0.40120  -0.14679  25  387
357  356  0014  0.362  0.379    49    49  0.34120  0.14121  24  389
357  423  0015  0.375  0.393    36    36  0.37120  0.06321  24  389
357  348  0016  0.267  0.252    46    49  0.22720  0.09321  24  389
357  327  0017  0.270  0.456    24     8  0.40120  -0.14679  25  387
357  332  0018  0.234  0.456    29     8  0.40120  -0.14679  25  388
357  337  0019  0.292  0.456    23     8  0.40120  -0.14679  25  386
357  358  0020  0.353  0.384    30    30  0.36520  0.02121  24  388
357  378  0021  0.368  0.394    22    23  0.37120  -0.02679  24  389
357  336  0022  0.291  0.456    45     8  0.40120  -0.14679  25  388
357  336  0023  0.306  0.456    44     8  0.40120  -0.14679  25  388
357  334  0024  0.233  0.456    33     8  0.40120  -0.14679  25  388
357  336  0025  0.256  0.456    39     8  0.40120  -0.14679  25  388
357  420  0026  0.374  0.398    42    41  0.37120  0.09921  24  389
357  424  0027  0.236  0.229    44    46  0.20920  0.07521  24  389
357  333  0028  0.342  0.456    35     8  0.40120  -0.14679  25  388
357  369  0029  0.375  0.387    50    50  0.34720  0.14721  24  389
357  421  0030  0.373  0.402    45    44  0.37120  0.11721  24  389
357  336  0031  0.281  0.456    36     8  0.40120  -0.14679  25  387
357  362  0032  0.364  0.379    49    49  0.34120  0.14121  24  389
357  331  0033  0.261  0.456    30     8  0.40120  -0.14679  25  387
357  336  0034  0.283  0.456    21     8  0.40120  -0.14679  25  386
357  338  0035  0.354  0.456    40     8  0.40120  -0.14679  25  388
357  349  0036  0.338  0.456    26     8  0.40120  -0.14679  25  387
357  338  0037  0.356  0.377    49    48  0.34120  0.13521  24  389
357  341  0038  0.289  0.456    49     8  0.40120  -0.14679  25  389
357  330  0039  0.248  0.456    28     8  0.40120  -0.14679  25  388
357  338  0040  0.311  0.456    37     8  0.40120  -0.14679  25  387
357  335  0041  0.322  0.456    31     8  0.40120  -0.14679  25  387
357  342  0042  0.303  0.456    24     8  0.40120  -0.14679  25  386
357  398  0043  0.359  0.391    29    28  0.37120  0.00921  24  389
357  342  0044  0.355  0.456    22     8  0.40120  -0.14679  25  388
357  337  0045  0.297  0.456    39     8  0.40120  -0.14679  25  388
357  333  0046  0.267  0.456    32     8  0.40120  -0.14679  25  387
357  336  0047  0.310  0.456    34     8  0.40120  -0.14679  25  387
357  336  0048  0.275  0.456    41     8  0.40120  -0.14679  25  388
357  337  0049  0.277  0.456    46     8  0.40120  -0.14679  25  389
402  338  0000  0.307  0.456    40     8  0.40120  -0.14679  25  388
402  336  0001  0.328  0.456    46     8  0.40120  -0.14679  25  388
402  337  0002  0.308  0.456    47     8  0.40120  -0.14679  25  389
402  336  0003  0.295  0.456    25     8  0.40120  -0.14679  25  386
402  334  0004  0.325  0.456    34     8  0.40120  -0.14679  25  387
402  344  0005  0.352  0.386    43    42  0.35920  0.09921  24  389
402  334  0006  0.255  0.456    34     8  0.40120  -0.14679  25  388
402  334  0007  0.291  0.456    25     8  0.40120  -0.14679  25  386
402  338  0008  0.302  0.456    47     8  0.40120  -0.14679  25  389
402  340  0009  0.351  0.386    42    42  0.35920  0.09921  24  389
402  339  0010  0.330  0.456    40     8  0.40120  -0.14679  25  388
402  337  0011  0.330  0.456    38     8  0.40120  -0.14679  25  388
402  335  0012  0.288  0.456    42     8  0.40120  -0.14679  25  388
402  338  0013  0.312  0.456    38     8  0.40120  -0.14679  25  387
402  342  0014  0.342  0.456    29     8  0.40120  -0.14679  25  388
402  336  0015  0.294  0.456    36     8  0.40120  -0.14679  25  387
402  334  0016  0.299  0.456    33     8  0.40120  -0.14679  25  387
402  386  0017  0.264  0.250    45    48  0.22720  0.08721  24  389
402  362  0018  0.354  0.386    46    46  0.35320  0.12321  24  389
402  338  0019  0.308  0.456    48     8  0.40120  -0.14679  25  389
402  346  0020  0.285  0.274    46    50  0.24520  0.10521  24  389
402  336  0021  0.293  0.456    42     8  0.40120  -0.14679  25  388
402  335  0022  0.254  0.456    35     8  0.40120  -0.14679  25  388
402  337  0023  0.315  0.456    36     8  0.40120  -0.14679  25  387
402  335  0024  0.290  0.456    43     8  0.40120  -0.14679  25  388
402  335  0025  0.304  0.456    29     8  0.40120  -0.14679  25  387
402  337  0026  0.294  0.456    24     8  0.40120  -0.14679  25  386
402  343  0027  0.240  0.234    34    37  0.22120  0.03921  24  389
402  330  0028  0.241  0.456    29     8  0.40120  -0.14679  25  388
402  477  0029  0.240  0.241    48    50  0.21520  0.09321  24  390
402  334  0030  0.344  0.378    32    31  0.35920  0.02721  24  388
402  339  0031  0.326  0.456    30     8  0.40120  -0.14679  25  387
402  345  0032  0.344  0.378    30    29  0.35920  0.01521  24  388
402  335  0033  0.328  0.456    36     8  0.40120  -0.14679  25  387
402  335  0034  0.310  0.456    34     8  0.40120  -0.14679  25  387
402  331  0035  0.275  0.456    31     8  0.40120  -0.14679  25  387
402  331  0036  0.237  0.456    29     8  0.40120  -0.14679  25  388
402  353  0037  0.332  0.456    21     8  0.40120  -0.14679  25  387
402  380  0038  0.293  0.284    50    52  0.25120  0.11721  24  389
402  432  0039  0.248  0.237    45    47  0.21520  0.08121  24  389
402  345  0040  0.300  0.456    22     8  0.40120  -0.14679  25  386
402  445  0041  0.223  0.217    38    41  0.20320  0.05121  24  389
402  336  0042  0.278  0.456    39     8  0.40120  -0.14679  25  388
402  456  0043  0.374  0.395    39    39  0.37120  0.08121  24  389
402  327  0044  0.228  0.456    21     8  0.40120  -0.14679  25  388
402  337  0045  0.332  0.456    38     8  0.40120  -0.14679  25  388
402  335  0046  0.283  0.456    21     8  0.40120  -0.14679  25  386
402  335  0047  0.285  0.456    22     8  0.40120  -0.14679  25  386
402  343  0048  0.294  0.456    21     8  0.40120  -0.14679  25  386
402  337  0049  0.293  0.456    40     8  0.40120  -0.14679  25  388
446  438  0000  0.281  0.276    49    51  0.24520  0.11121  24  389
446  334  0001  0.303  0.456    34     8  0.40120  -0.14679  25  387
446  382  0002  0.343  0.378    28    27  0.35920  0.00321  24  388
446  362  0003  0.317  0.317    50    51  0.28120  0.12921  24  389
446  348  0004  0.337  0.456    28     8  0.40120  -0.14679  25  388
446  335  0005  0.319  0.456    31     8  0.40120  -0.14679  25  387
446  381  0006  0.350  0.382    39    38  0.35920  0.07521  24  389
446  370  0007  0.350  0.384    46    45  0.35320  0.11721  24  389
446  355  0008  0.332  0.456    25     8  0.40120  -0.14679  25  387
446  328  0009  0.236  0.456    26     8  0.40120  -0.14679  25  388
446  507  0010  0.378  0.399    47    46  0.36520  0.12921  23  389
446  338  0011  0.316  0.456    29     8  0.40120  -0.14679  25  387
446  457  0012  0.240  0.231    40    41  0.21520  0.05721  24  389
446  424  0013  0.223  0.222    34    37  0.20920  0.03921  24  389
446  363  0014  0.341  0.378    29    28  0.35920  0.00921  24  388
446  525  0015  0.370  0.391    27    27  0.37120  0.00321  24  389
446  417  0016  0.260  0.249    43    46  0.22720  0.08121  24  389
446  333  0017  0.299  0.456    30     8  0.40120  -0.14679  25  387
446  325  0018  0.238  0.456    23     8  0.40120  -0.14679  25  388
446  357  0019  0.347  0.380    22    24  0.35920  -0.02079  24  388
446  323  0020  0.254  0.456    21     8  0.40120  -0.14679  25  387
446  451  0021  0.365  0.393    22    24  0.37120  -0.02079  24  389
446  486  0022  0.369  0.385    35    35  0.36520  0.05121  24  389
446  497  0023  0.239  0.235    45    46  0.21520  0.07521  24  390
446  327  0024  0.246  0.456    27     8  0.40120  -0.14679  25  388
446  336  0025  0.274  0.456    38     8  0.40120  -0.14679  25  388
446  419  0026  0.351  0.379    25    25  0.35920  -0.00879  24  388
446  328  0027  0.281  0.456    28     8  0.40120  -0.14679  25  387
446  355  0028  0.341  0.456    23     8  0.40120  -0.14679  25  388
446  377  0029  0.258  0.243    39    41  0.22720  0.05721  24  389
446  440  0030  0.266  0.258    46    48  0.23320  0.09321  24  389
446  336  0031  0.319  0.456    46     8  0.40120  -0.14679  25  389
446  438  0032  0.245  0.231    40    41  0.21520  0.05721  24  389
446  336  0033  0.273  0.456    39     8  0.40120  -0.14679  25  388
446  373  0034  0.251  0.241    36    38  0.22720  0.04521  24  389
446  335  0035  0.280  0.456    42     8  0.40120  -0.14679  25  388
446  356  0036  0.328  0.456    23     8  0.40120  -0.14679  25  387
446  326  0037  0.276  0.456    25     8  0.40120  -0.14679  25  387
446  457  0038  0.365  0.392    42    42  0.36520  0.09921  24  389
446  427  0039  0.356  0.380    37    37  0.35920  0.06321  24  389
446  324  0040  0.248  0.456    24     8  0.40120  -0.14679  25  387
446  522  0041  0.226  0.220    43    44  0.20320  0.06321  24  390
446  336  0042  0.286  0.456    35     8  0.40120  -0.14679  25  387
446  336  0043  0.280  0.456    38     8  0.40120  -0.14679  25  388
446  404  0044  0.298  0.292    50    52  0.25720  0.12321  24  389
446  396  0045  0.290  0.282    48    50  0.25120  0.11121  24  389
446  342  0046  0.305  0.456    25     8  0.40120  -0.14679  25  386
446  396  0047  0.239  0.234    35    37  0.22120  0.03921  24  389
446  408  0048  0.348  0.379    26    26  0.35920  -0.00279  24  388
446  355  0049  0.341  0.456    24     8  0.40120  -0.14679  25  388
491  492  0000  0.278  0.270    49    52  0.23920  0.11121  24  390
491  515  0001  0.242  0.234    43    44  0.21520  0.06921  24  390
491  562  0002  0.245  0.243    49    51  0.21520  0.09921  23  390
491  412  0003  0.345  0.378    32    31  0.35920  0.02721  24  388
491  418  0004  0.241  0.234    34    35  0.22120  0.03321  24  389
491  471  0005  0.354  0.378    30    30  0.35920  0.02121  24  389
491  328  0006  0.280  0.456    24     8  0.40120  -0.14679  25  386
491  409  0007  0.337  0.348    49    50  0.31120  0.13521  24  389
491  336  0008  0.282  0.456    39     8  0.40120  -0.14679  25  388
491  537  0009  0.244  0.237    46    47  0.21520  0.08121  23  390
491  339  0010  0.298  0.456    25     8  0.40120  -0.14679  25  386
491  468  0011  0.234  0.229    36    38  0.21520  0.04521  24  389
491  336  0012  0.283  0.456    40     8  0.40120  -0.14679  25  388
491  335  0013  0.302  0.456    44     8  0.40120  -0.14679  25  389
491  356  0014  0.319  0.327    48    49  0.29320  0.12321  25  389
491  335  0015  0.243  0.240    25    26  0.22720  -0.00279  25  388
491  344  0016  0.315  0.456    27     8  0.40120  -0.14679  25  387
491  550  0017  0.367  0.391    27    26  0.37120  -0.00279  23  389
491  332  0018  0.294  0.456    27     8  0.40120  -0.14679  25  386
491  555  0019  0.369  0.392    25    26  0.37120  -0.00879  23  389
491  399  0020  0.261  0.249    39    40  0.23320  0.05721  24  389
491  445  0021  0.263  0.255    44    46  0.23320  0.08121  24  389
491  503  0022  0.367  0.393    22    24  0.37120  -0.02079  23  389
491  358  0023  0.332  0.456    24     8  0.40120  -0.14679  25  387
491  441  0024  0.264  0.255    44    46  0.23320  0.08121  24  389
491  360  0025  0.345  0.377    44    44  0.34720  0.11121  24  389
491  358  0026  0.326  0.456    22     8  0.40120  -0.14679  25  387
491  505  0027  0.271  0.262    49    51  0.23320  0.10521  24  390
491  559  0028  0.373  0.390    31    31  0.37120  0.02721  23  389
491  419  0029  0.252  0.242    37    39  0.22720  0.05121  24  389
491  334  0030  0.279  0.456    34     8  0.40120  -0.14679  25  387
491  350  0031  0.342  0.456    21     8  0.40120  -0.14679  25  388
491  489  0032  0.284  0.278    50    52  0.24520  0.11721  24  390
491  382  0033  0.266  0.257    40    41  0.23920  0.06321  24  389
491  338  0034  0.326  0.456    42     8  0.40120  -0.14679  25  388
491  369  0035  0.341  0.374    38    37  0.35320  0.06321  24  388
491  323  0036  0.267  0.456    26     8  0.40120  -0.14679  25  387
491  466  0037  0.238  0.229    36    38  0.21520  0.04521  24  389
491  526  0038  0.368  0.385    34    34  0.36520  0.04521  24  389
491  575  0039  0.236  0.235    49    51  0.20920  0.09321  23  390
491  505  0040  0.277  0.270    50    52  0.23920  0.11121  24  390
491  427  0041  0.340  0.354    49    50  0.31720  0.13521  24  389
491  535  0042  0.377  0.394    22    23  0.37120  -0.02679  23  389
491  515  0043  0.369  0.392    46    45  0.35920  0.12321  23  389
491  425  0044  0.355  0.381    22    23  0.35920  -0.02679  24  388
491  357  0045  0.318  0.456    22     8  0.40120  -0.14679  25  387
491  357  0046  0.345  0.375    21    23  0.35320  -0.02679  24  388
491  324  0047  0.269  0.456    23     8  0.40120  -0.14679  25  387
491  331  0048  0.268  0.456    32     8  0.40120  -0.14679  25  388
491  399  0049  0.236  0.233    31    32  0.22120  0.02121  24  389
536  398  0000  0.346  0.375    43    43  0.34720  0.10521  24  389
536  539  0001  0.360  0.386    24    25  0.36520  -0.01479  23  389
536  500  0002  0.253  0.246    41    43  0.22720  0.06921  24  389
536  428  0003  0.330  0.340    48    49  0.30520  0.12921  24  390
536  352  0004  0.264  0.258    29    30  0.24520  0.01521  24  388
536  455  0005  0.239  0.233    33    34  0.22120  0.02721  24  389
536  466  0006  0.347  0.378    31    30  0.35920  0.02121  24  388
536  571  0007  0.364  0.385    26    26  0.36520  -0.00279  23  389
536  621  0008  0.374  0.391    28    28  0.37120  0.00921  23  389
536  361  0009  0.332  0.366    25    25  0.34720  -0.00879  24  388
536  424  0010  0.350  0.381    21    23  0.35920  -0.02679  24  388
536  352  0011  0.304  0.456    21     8  0.40120  -0.14679  25  386
536  334  0012  0.278  0.456    34     8  0.40120  -0.14679  25  388
536  376  0013  0.333  0.366    27    27  0.34720  0.00321  24  388
536  539  0014  0.366  0.383    48    48  0.34720  0.13521  23  390
536  457  0015  0.263  0.252    42    43  0.23320  0.06921  24  389
536  336  0016  0.298  0.456    41     8  0.40120  -0.14679  25  388
536  598  0017  0.229  0.226    43    43  0.20920  0.06321  23  390
536  620  0018  0.373  0.391    27    27  0.37120  0.00321  23  389
536  503  0019  0.252  0.238    41    42  0.22120  0.06321  24  389
536  584  0020  0.225  0.219    40    42  0.20320  0.05721  23  390
536  471  0021  0.230  0.227    33    34  0.21520  0.02721  24  389
536  497  0022  0.263  0.256    44    47  0.23320  0.08721  24  390
536  396  0023  0.237  0.239    26    28  0.22720  0.00321  24  388
536  567  0024  0.226  0.224    39    40  0.20920  0.05121  23  390
536  359  0025  0.335  0.348    45    47  0.31720  0.11721  24  389
536  464  0026  0.354  0.380    22    24  0.35920  -0.02079  24  388
536  335  0027  0.303  0.456    28     8  0.40120  -0.14679  25  387
536  332  0028  0.282  0.456    22     8  0.40120  -0.14679  25  386
536  577  0029  0.367  0.390    31    30  0.37120  0.02121  23  389
536  566  0030  0.368  0.386    37    36  0.36520  0.06321  24  389
536  436  0031  0.290  0.286    46    49  0.25720  0.10521  24  389
536  320  0032  0.259  0.456    23     8  0.40120  -0.14679  25  387
536  448  0033  0.332  0.342    49    50  0.30520  0.13521  24  390
536  616  0034  0.243  0.243    50    51  0.21520  0.09921  23  390
536  493  0035  0.249  0.237    39    41  0.22120  0.05721  24  389
536  339  0036  0.329  0.456    39     8  0.40120  -0.14679  25  388
536  380  0037  0.232  0.229    21    22  0.21520  -0.02079  25  388
536  504  0038  0.352  0.362    50    50  0.32320  0.14121  24  390
536  359  0039  0.297  0.288    44    46  0.26320  0.09321  25  389
536  368  0040  0.334  0.367    35    35  0.34720  0.05121  24  388
536  605  0041  0.242  0.241    48    50  0.21520  0.09321  23  390
536  451  0042  0.346  0.372    33    33  0.35320  0.03921  24  388
536  338  0043  0.312  0.456    40     8  0.40120  -0.14679  25  388
536  601  0044  0.378  0.392    35    35  0.37120  0.05721  23  390
536  332  0045  0.297  0.456    32     8  0.40120  -0.14679  25  387
536  603  0046  0.222  0.219    41    42  0.20320  0.05721  23  390
536  424  0047  0.349  0.379    42    41  0.35320  0.09321  24  389
536  332  0048  0.293  0.456    33     8  0.40120  -0.14679  25  387
536  336  0049  0.316  0.456    43     8  0.40120  -0.14679  25  389
580  422  0000  0.289  0.280    44    45  0.25720  0.08721  24  389
580  562  0001  0.228  0.228    36    37  0.21520  0.03921  24  389
580  333  0002  0.316  0.456    32     8  0.40120  -0.14679  25  387
580  668  0003  0.222  0.222    46    45  0.20320  0.06921  23  390
580  476  0004  0.348  0.368    46    47  0.33520  0.12321  24  390
580  520  0005  0.348  0.360    48    49  0.32320  0.13521  24  390
580  337  0006  0.315  0.456    42     8  0.40120  -0.14679  25  388
580  500  0007  0.332  0.342    50    50  0.30520  0.13521  24  390
580  462  0008  0.247  0.245    31    32  0.23320  0.02121  24  389
580  338  0009  0.292  0.456    23     8  0.40120  -0.14679  25  386
580  572  0010  0.363  0.374    50    49  0.33520  0.14121  23  390
580  503  0011  0.306  0.303    50    51  0.26920  0.12321  24  390
580  610  0012  0.378  0.389    48    47  0.35320  0.13521  23  390
580  511  0013  0.356  0.383    44    44  0.35320  0.11121  24  389
580  596  0014  0.369  0.390    45    45  0.35920  0.11721  23  390
580  626  0015  0.249  0.247    48    49  0.22120  0.09321  23  390
580  593  0016  0.359  0.385    27    27  0.36520  0.00321  23  389
580  660  0017  0.245  0.243    50    51  0.21520  0.09921  23  390
580  477  0018  0.342  0.372    26    26  0.35320  -0.00279  24  388
580  339  0019  0.283  0.272    35    37  0.25720  0.04521  24  388
580  338  0020  0.318  0.456    41     8  0.40120  -0.14679  25  388
580  331  0021  0.295  0.456    31     8  0.40120  -0.14679  25  387
580  365  0022  0.260  0.253    24    25  0.23920  -0.00879  25  388
580  668  0023  0.223  0.223    46    47  0.20320  0.07521  23  390
580  334  0024  0.314  0.456    35     8  0.40120  -0.14679  25  387
580  525  0025  0.360  0.381    22    23  0.35920  -0.02679  23  389
580  338  0026  0.301  0.456    39     8  0.40120  -0.14679  25  388
580  557  0027  0.233  0.229    36    38  0.21520  0.04521  24  389
580  662  0028  0.227  0.223    47    47  0.20320  0.07521  23  390
580  578  0029  0.270  0.268    48    50  0.23920  0.10521  24  390
580  336  0030  0.313  0.456    36     8  0.40120  -0.14679  25  387
580  429  0031  0.335  0.366    27    27  0.34720  0.00321  24  388
580  368  0032  0.328  0.360    26    26  0.34120  -0.00279  24  388
580  591  0033  0.244  0.240    43    44  0.22120  0.06921  23  390
580  367  0034  0.269  0.258    29    29  0.24520  0.00921  24  388
580  424  0035  0.323  0.331    47    48  0.29920  0.11721  24  390
580  332  0036  0.290  0.456    33     8  0.40120  -0.14679  25  387
580  375  0037  0.280  0.273    37    38  0.25720  0.05121  24  388
580  421  0038  0.299  0.296    45    47  0.26920  0.09921  24  389
580  400  0039  0.288  0.279    42    44  0.25720  0.08121  24  389
580  331  0040  0.281  0.456    21     8  0.40120  -0.14679  25  386
580  535  0041  0.253  0.244    41    42  0.22720  0.06321  24  390
580  521  0042  0.351  0.373    36    36  0.35320  0.05721  24  389
580  484  0043  0.291  0.286    47    49  0.25720  0.10521  24  390
580  475  0044  0.242  0.239    31    32  0.22720  0.02121  24  389
580  348  0045  0.256  0.248    21    22  0.23320  -0.02079  25  388
580  625  0046  0.236  0.228    44    45  0.20920  0.06921  23  390
580  380  0047  0.324  0.329    45    47  0.29920  0.11121  25  389
580  627  0048  0.371  0.390    32    31  0.37120  0.02721  23  390
580  493  0049  0.347  0.364    47    48  0.32920  0.12921  24  390
625  465  0000  0.240  0.240    25    26  0.22720  -0.00279  24  388
625  526  0001  0.281  0.276    45    47  0.25120  0.09321  24  390
625  483  0002  0.226  0.227    24    25  0.21520  -0.00879  24  389
625  552  0003  0.348  0.373    25    25  0.35320  -0.00879  23  388
625  611  0004  0.363  0.386    23    24  0.36520  -0.02079  23  389
625  615  0005  0.262  0.258    46    48  0.23320  0.09321  23  390
625  510  0006  0.344  0.362    46    47  0.32920  0.12321  24  390
625  679  0007  0.375  0.391    34    34  0.37120  0.04521  23  390
625  532  0008  0.313  0.317    50    51  0.28120  0.12921  24  390
625  345  0009  0.284  0.271    30    31  0.25720  0.02121  24  387
625  456  0010  0.335  0.365    30    29  0.34720  0.01521  24  388
625  395  0011  0.328  0.359    31    31  0.34120  0.02721  24  388
625  688  0012  0.244  0.241    49    50  0.21520  0.09321  23  391
625  557  0013  0.354  0.380    23    24  0.35920  -0.02079  23  389
625  432  0014  0.333  0.365    32    32  0.34720  0.03321  24  388
625  543  0015  0.288  0.280    47    49  0.25120  0.10521  24  390
625  653  0016  0.372  0.389    40    39  0.36520  0.08121  23  390
625  426  0017  0.300  0.294    44    46  0.26920  0.09321  24  389
625  484  0018  0.241  0.239    28    28  0.22720  0.00321  24  388
625  335  0019  0.311  0.456    36     8  0.40120  -0.14679  25  388
625  604  0020  0.364  0.386    23    24  0.36520  -0.02079  23  389
625  344  0021  0.313  0.456    27     8  0.40120  -0.14679  25  387
625  575  0022  0.229  0.227    34    35  0.21520  0.03321  24  389
625  467  0023  0.251  0.245    28    29  0.23320  0.00921  24  388
625  360  0024  0.320  0.456    24     8  0.40120  -0.14679  25  387
625  412  0025  0.274  0.265    33    33  0.25120  0.02721  24  388
625  412  0026  0.276  0.265    34    35  0.25120  0.03921  24  388
625  337  0027  0.309  0.456    29     8  0.40120  -0.14679  25  387
625  713  0028  0.377  0.392    26    26  0.37120  -0.00879  23  390
625  538  0029  0.353  0.374    22    24  0.35320  -0.02079  23  389
625  385  0030  0.275  0.264    29    30  0.25120  0.01521  24  388
625  440  0031  0.333  0.365    29    28  0.34720  0.00921  24  388
625  561  0032  0.358  0.381    43    43  0.35320  0.10521  24  390
625  530  0033  0.343  0.358    48    48  0.32320  0.12921  24  390
625  506  0034  0.286  0.282    45    46  0.25720  0.09321  24  390
625  575  0035  0.351  0.378    28    28  0.35920  0.00921  23  389
625  546  0036  0.284  0.278    47    48  0.25120  0.09921  24  390
625  518  0037  0.344  0.372    32    31  0.35320  0.02721  24  389
625  466  0038  0.247  0.246    27    28  0.23320  0.00321  24  388
625  500  0039  0.330  0.340    48    49  0.30520  0.12921  24  390
625  555  0040  0.256  0.250    40    42  0.23320  0.06321  24  390
625  374  0041  0.327  0.354    23    24  0.33520  -0.01479  24  388
625  514  0042  0.342  0.358    47    48  0.32320  0.12921  24  390
625  359  0043  0.322  0.456    25     8  0.40120  -0.14679  25  387
625  367  0044  0.283  0.271    33    34  0.25720  0.03321  24  388
625  661  0045  0.371  0.392    24    25  0.37120  -0.01479  23  389
625  436  0046  0.257  0.252    26    28  0.23920  0.00321  24  388
625  541  0047  0.278  0.270    45    47  0.24520  0.09321  24  390
625  333  0048  0.307  0.456    31     8  0.40120  -0.14679  25  387
625  689  0049  0.372  0.392    25    26  0.37120  -0.00879  23  389
89  337  0000  0.342  0.456    47     8  0.40120  -0.14679  25  388
89  336  0001  0.349  0.456    34     8  0.40120  -0.14679  25  388
89  338  0002  0.239  0.456    41     8  0.40120  -0.14679  25  388
89  337  0003  0.354  0.456    45     8  0.40120  -0.14679  25  388
89  340  0004  0.344  0.456    27     8  0.40120  -0.14679  25  388
89  338  0005  0.352  0.456    40     8  0.40120  -0.14679  25  388
89  340  0006  0.331  0.456    27     8  0.40120  -0.14679  25  388
89  337  0007  0.323  0.456    37     8  0.40120  -0.14679  25  388
89  336  0008  0.280  0.456    27     8  0.40120  -0.14679  25  388
89  337  0009  0.375  0.456    46     8  0.40120  -0.14679  25  388
89  338  0010  0.247  0.456    45     8  0.40120  -0.14679  25  388
89  337  0011  0.291  0.456    41     8  0.40120  -0.14679  25  388
89  337  0012  0.318  0.456    37     8  0.40120  -0.14679  25  388
89  337  0013  0.299  0.456    34     8  0.40120  -0.14679  25  388
89  338  0014  0.348  0.456    50     8  0.40120  -0.14679  25  388
89  337  0015  0.355  0.456    47     8  0.40120  -0.14679  25  388
89  338  0016  0.322  0.456    38     8  0.40120  -0.14679  25  388
89  338  0017  0.357  0.456    41     8  0.40120  -0.14679  25  388
89  336  0018  0.249  0.456    28     8  0.40120  -0.14679  25  388
89  337  0019  0.271  0.456    38     8  0.40120  -0.14679  25  388
89  337  0020  0.299  0.456    34     8  0.40120  -0.14679  25  388
89  338  0021  0.287  0.456    48     8  0.40120  -0.14679  25  388
89  340  0022  0.303  0.456    22     8  0.40120  -0.14679  25  388
89  338  0023  0.326  0.456    38     8  0.40120  -0.14679  25  388
89  336  0024  0.232  0.456    26     8  0.40120  -0.14679  25  388
89  335  0025  0.249  0.456    27     8  0.40120  -0.14679  25  388
89  337  0026  0.285  0.456    40     8  0.40120  -0.14679  25  388
89  341  0027  0.331  0.456    23     8  0.40120  -0.14679  25  388
89  338  0028  0.269  0.456    46     8  0.40120  -0.14679  25  388
89  338  0029  0.246  0.456    45     8  0.40120  -0.14679  25  388
89  338  0030  0.322  0.456    50     8  0.40120  -0.14679  25  388
89  338  0031  0.373  0.456    49     8  0.40120  -0.14679  25  388
89  337  0032  0.347  0.456    46     8  0.40120  -0.14679  25  388
89  335  0033  0.235  0.456    25     8  0.40120  -0.14679  25  388
89  337  0034  0.351  0.456    39     8  0.40120  -0.14679  25  388
89  337  0035  0.266  0.456    39     8  0.40120  -0.14679  25  388
89  338  0036  0.323  0.456    38     8  0.40120  -0.14679  25  388
89  337  0037  0.267  0.456    37     8  0.40120  -0.14679  25  388
89  337  0038  0.294  0.456    42     8  0.40120  -0.14679  25  388
89  339  0039  0.356  0.456    23     8  0.40120  -0.14679  25  388
89  337  0040  0.295  0.456    36     8  0.40120  -0.14679  25  388
89  338  0041  0.295  0.456    22     8  0.40120  -0.14679  25  388
89  337  0042  0.295  0.456    37     8  0.40120  -0.14679  25  388
89  337  0043  0.277  0.456    42     8  0.40120  -0.14679  25  388
89  336  0044  0.231  0.456    27     8  0.40120  -0.14679  25  388
89  336  0045  0.280  0.456    29     8  0.40120  -0.14679  25  388
89  335  0046  0.245  0.456    25     8  0.40120  -0.14679  25  388
89  336  0047  0.361  0.456    35     8  0.40120  -0.14679  25  388
89  336  0048  0.351  0.456    35     8  0.40120  -0.14679  25  388
89  340  0049  0.304  0.456    22     8  0.40120  -0.14679  25  388
134  338  0000  0.363  0.456    49     8  0.40120  -0.14679  25  388
134  336  0001  0.284  0.456    22     8  0.40120  -0.14679  25  387
134  337  0002  0.352  0.456    46     8  0.40120  -0.14679  25  388
134  337  0003  0.342  0.456    49     8  0.40120  -0.14679  25  388
134  341  0004  0.355  0.456    24     8  0.40120  -0.14679  25  388
134  336  0005  0.347  0.456    36     8  0.40120  -0.14679  25  388
134  339  0006  0.322  0.456    28     8  0.40120  -0.14679  25  388
134  337  0007  0.278  0.456    35     8  0.40120  -0.14679  25  388
134  337  0008  0.288  0.456    40     8  0.40120  -0.14679  25  388
134  338  0009  0.318  0.456    48     8  0.40120  -0.14679  25  388
134  336  0010  0.295  0.456    28     8  0.40120  -0.14679  25  387
134  337  0011  0.378  0.456    48     8  0.40120  -0.14679  25  388
134  335  0012  0.278  0.456    23     8  0.40120  -0.14679  25  387
134  336  0013  0.301  0.456    31     8  0.40120  -0.14679  25  387
134  338  0014  0.316  0.456    41     8  0.40120  -0.14679  25  388
134  337  0015  0.370  0.456    48     8  0.40120  -0.14679  25  388
134  337  0016  0.320  0.456    37     8  0.40120  -0.14679  25  388
134  337  0017  0.289  0.456    36     8  0.40120  -0.14679  25  388
134  337  0018  0.343  0.456    44     8  0.40120  -0.14679  25  388
134  340  0019  0.235  0.456    48     8  0.40120  -0.14679  25  389
134  338  0020  0.330  0.456    50     8  0.40120  -0.14679  25  388
134  341  0021  0.312  0.456    23     8  0.40120  -0.14679  25  387
134  337  0022  0.278  0.456    35     8  0.40120  -0.14679  25  388
134  340  0023  0.264  0.456    50     8  0.40120  -0.14679  25  388
134  337  0024  0.352  0.456    37     8  0.40120  -0.14679  25  388
134  340  0025  0.226  0.456    47     8  0.40120  -0.14679  25  389
134  340  0026  0.299  0.456    22     8  0.40120  -0.14679  25  387
134  340  0027  0.231  0.456    46     8  0.40120  -0.14679  25  388
134  336  0028  0.282  0.456    33     8  0.40120  -0.14679  25  388
134  338  0029  0.239  0.456    43     8  0.40120  -0.14679  25  388
134  338  0030  0.292  0.456    48     8  0.40120  -0.14679  25  388
134  334  0031  0.244  0.456    24     8  0.40120  -0.14679  25  388
134  338  0032  0.252  0.456    44     8  0.40120  -0.14679  25  388
134  338  0033  0.301  0.456    48     8  0.40120  -0.14679  25  388
134  339  0034  0.232  0.456    44     8  0.40120  -0.14679  25  388
134  336  0035  0.375  0.456    36     8  0.40120  -0.14679  25  388
134  343  0036  0.322  0.456    21     8  0.40120  -0.14679  25  387
134  335  0037  0.252  0.456    30     8  0.40120  -0.14679  25  388
134  337  0038  0.290  0.456    23     8  0.40120  -0.14679  25  387
134  341  0039  0.357  0.456    26     8  0.40120  -0.14679  25  388
134  339  0040  0.375  0.456    26     8  0.40120  -0.14679  25  388
134  338  0041  0.224  0.456    40     8  0.40120  -0.14679  25  388
134  339  0042  0.242  0.456    46     8  0.40120  -0.14679  25  388
134  337  0043  0.277  0.456    44     8  0.40120  -0.14679  25  388
134  337  0044  0.265  0.456    37     8  0.40120  -0.14679  25  388
134  336  0045  0.270  0.456    34     8  0.40120  -0.14679  25  388
134  337  0046  0.270  0.456    35     8  0.40120  -0.14679  25  388
134  337  0047  0.360  0.456    48     8  0.40120  -0.14679  25  388
134  337  0048  0.261  0.456    38     8  0.40120  -0.14679  25  388
134  335  0049  0.256  0.456    29     8  0.40120  -0.14679  25  388
179  340  0000  0.307  0.456    50     8  0.40120  -0.14679  25  388
179  337  0001  0.261  0.456    39     8  0.40120  -0.14679  25  388
179  342  0002  0.312  0.456    25     8  0.40120  -0.14679  25  387
179  335  0003  0.352  0.456    33     8  0.40120  -0.14679  25  388
179  339  0004  0.351  0.456    29     8  0.40120  -0.14679  25  388
179  334  0005  0.241  0.456    28     8  0.40120  -0.14679  25  388
179  344  0006  0.342  0.456    23     8  0.40120  -0.14679  25  388
179  335  0007  0.255  0.456    31     8  0.40120  -0.14679  25  388
179  337  0008  0.274  0.456    44     8  0.40120  -0.14679  25  388
179  332  0009  0.264  0.456    23     8  0.40120  -0.14679  25  387
179  337  0010  0.262  0.456    42     8  0.40120  -0.14679  25  388
179  333  0011  0.231  0.456    24     8  0.40120  -0.14679  25  388
179  339  0012  0.350  0.456    29     8  0.40120  -0.14679  25  388
179  337  0013  0.309  0.456    44     8  0.40120  -0.14679  25  388
179  337  0014  0.343  0.456    46     8  0.40120  -0.14679  25  388
179  345  0015  0.335  0.456    23     8  0.40120  -0.14679  25  387
179  342  0016  0.357  0.456    26     8  0.40120  -0.14679  25  388
179  337  0017  0.280  0.456    45     8  0.40120  -0.14679  25  388
179  337  0018  0.324  0.456    46     8  0.40120  -0.14679  25  388
179  332  0019  0.259  0.456    21     8  0.40120  -0.14679  25  387
179  332  0020  0.262  0.456    26     8  0.40120  -0.14679  25  387
179  337  0021  0.325  0.456    30     8  0.40120  -0.14679  25  387
179  338  0022  0.289  0.456    21     8  0.40120  -0.14679  25  387
179  336  0023  0.331  0.456    35     8  0.40120  -0.14679  25  388
179  335  0024  0.297  0.456    29     8  0.40120  -0.14679  25  387
179  340  0025  0.261  0.456    49     8  0.40120  -0.14679  25  389
179  334  0026  0.369  0.456    32     8  0.40120  -0.14679  25  388
179  337  0027  0.305  0.456    42     8  0.40120  -0.14679  25  388
179  337  0028  0.334  0.456    38     8  0.40120  -0.14679  25  388
179  342  0029  0.359  0.456    26     8  0.40120  -0.14679  25  388
179  336  0030  0.323  0.456    34     8  0.40120  -0.14679  25  387
179  337  0031  0.334  0.456    47     8  0.40120  -0.14679  25  388
179  338  0032  0.324  0.456    30     8  0.40120  -0.14679  25  387
179  338  0033  0.299  0.456    47     8  0.40120  -0.14679  25  388
179  333  0034  0.241  0.456    25     8  0.40120  -0.14679  25  388
179  337  0035  0.285  0.456    21     8  0.40120  -0.14679  25  387
179  335  0036  0.243  0.456    31     8  0.40120  -0.14679  25  388
179  337  0037  0.344  0.456    48     8  0.40120  -0.14679  25  388
179  338  0038  0.314  0.456    40     8  0.40120  -0.14679  25  388
179  336  0039  0.317  0.456    33     8  0.40120  -0.14679  25  387
179  337  0040  0.355  0.456    30     8  0.40120  -0.14679  25  388
179  337  0041  0.343  0.456    48     8  0.40120  -0.14679  25  388
179  339  0042  0.351  0.456    21     8  0.40120  -0.14679  25  388
179  342  0043  0.354  0.456    23     8  0.40120  -0.14679  25  388
179  337  0044  0.283  0.456    42     8  0.40120  -0.14679  25  388
179  337  0045  0.273  0.456    38     8  0.40120  -0.14679  25  388
179  334  0046  0.284  0.456    29     8  0.40120  -0.14679  25  387
179  337  0047  0.320  0.456    44     8  0.40120  -0.14679  25  388
179  337  0048  0.289  0.456    23     8  0.40120  -0.14679  25  387
179  335  0049  0.275  0.456    31     8  0.40120  -0.14679  25  387
223  336  0000  0.310  0.456    44     8  0.40120  -0.14679  25  388
223  332  0001  0.275  0.456    28     8  0.40120  -0.14679  25  387
223  336  0002  0.267  0.456    39     8  0.40120  -0.14679  25  388
223  337  0003  0.266  0.456    39     8  0.40120  -0.14679  25  388
223  334  0004  0.361  0.456    34     8  0.40120  -0.14679  25  388
223  331  0005  0.266  0.456    23     8  0.40120  -0.14679  25  387
223  335  0006  0.370  0.456    31     8  0.40120  -0.14679  25  388
223  339  0007  0.234  0.456    43     8  0.40120  -0.14679  25  389
223  341  0008  0.227  0.456    45     8  0.40120  -0.14679  25  389
223  336  0009  0.254  0.456    38     8  0.40120  -0.14679  25  388
223  336  0010  0.294  0.456    33     8  0.40120  -0.14679  25  387
223  338  0011  0.226  0.456    40     8  0.40120  -0.14679  25  389
223  347  0012  0.321  0.456    22     8  0.40120  -0.14679  25  387
223  331  0013  0.241  0.456    23     8  0.40120  -0.14679  25  388
223  331  0014  0.244  0.456    25     8  0.40120  -0.14679  25  388
223  336  0015  0.371  0.456    45     8  0.40120  -0.14679  25  388
223  331  0016  0.261  0.456    26     8  0.40120  -0.14679  25  387
223  337  0017  0.374  0.456    39     8  0.40120  -0.14679  25  388
223  340  0018  0.313  0.456    50     8  0.40120  -0.14679  25  388
223  359  0019  0.378  0.404    26    26  0.38320  -0.00279  24  389
223  334  0020  0.240  0.456    30     8  0.40120  -0.14679  25  388
223  335  0021  0.288  0.456    32     8  0.40120  -0.14679  25  387
223  336  0022  0.241  0.456    37     8  0.40120  -0.14679  25  388
223  338  0023  0.371  0.456    50     8  0.40120  -0.14679  25  388
223  336  0024  0.264  0.456    39     8  0.40120  -0.14679  25  388
223  337  0025  0.317  0.456    42     8  0.40120  -0.14679  25  388
223  338  0026  0.302  0.456    39     8  0.40120  -0.14679  25  388
223  335  0027  0.241  0.456    32     8  0.40120  -0.14679  25  388
223  345  0028  0.314  0.456    24     8  0.40120  -0.14679  25  387
223  336  0029  0.243  0.456    37     8  0.40120  -0.14679  25  388
223  335  0030  0.371  0.456    31     8  0.40120  -0.14679  25  389
223  337  0031  0.288  0.456    22     8  0.40120  -0.14679  25  387
223  338  0032  0.354  0.456    39     8  0.40120  -0.14679  25  388
223  337  0033  0.280  0.456    35     8  0.40120  -0.14679  25  387
223  337  0034  0.302  0.456    27     8  0.40120  -0.14679  25  387
223  338  0035  0.296  0.456    24     8  0.40120  -0.14679  25  387
223  336  0036  0.299  0.456    33     8  0.40120  -0.14679  25  387
223  337  0037  0.295  0.456    47     8  0.40120  -0.14679  25  388
223  337  0038  0.333  0.456    45     8  0.40120  -0.14679  25  388
223  335  0039  0.285  0.456    24     8  0.40120  -0.14679  25  387
223  336  0040  0.285  0.456    45     8  0.40120  -0.14679  25  388
223  337  0041  0.279  0.456    36     8  0.40120  -0.14679  25  387
223  339  0042  0.273  0.456    48     8  0.40120  -0.14679  25  388
223  337  0043  0.295  0.456    46     8  0.40120  -0.14679  25  388
223  337  0044  0.292  0.456    47     8  0.40120  -0.14679  25  388
223  336  0045  0.367  0.456    46     8  0.40120  -0.14679  25  388
223  336  0046  0.275  0.456    33     8  0.40120  -0.14679  25  387
223  336  0047  0.368  0.456    30     8  0.40120  -0.14679  25  388
223  338  0048  0.238  0.456    42     8  0.40120  -0.14679  25  389
223  338  0049  0.371  0.456    49     8  0.40120  -0.14679  25  388
268  339  0000  0.293  0.456    48     8  0.40120  -0.14679  25  388
268  337  0001  0.259  0.456    44     8  0.40120  -0.14679  25  389
268  358  0002  0.236  0.233    48    49  0.20920  0.08721  24  389
268  334  0003  0.293  0.456    27     8  0.40120  -0.14679  25  387
268  336  0004  0.335  0.456    36     8  0.40120  -0.14679  25  388
268  338  0005  0.327  0.456    38     8  0.40120  -0.14679  25  388
268  336  0006  0.321  0.456    32     8  0.40120  -0.14679  25  387
268  334  0007  0.249  0.456    32     8  0.40120  -0.14679  25  388
268  333  0008  0.238  0.456    29     8  0.40120  -0.14679  25  388
268  333  0009  0.283  0.456    25     8  0.40120  -0.14679  25  387
268  342  0010  0.298  0.456    22     8  0.40120  -0.14679  25  387
268  336  0011  0.236  0.456    37     8  0.40120  -0.14679  25  388
268  336  0012  0.269  0.456    35     8  0.40120  -0.14679  25  388
268  337  0013  0.315  0.456    30     8  0.40120  -0.14679  25  387
268  342  0014  0.337  0.456    28     8  0.40120  -0.14679  25  387
268  337  0015  0.246  0.456    42     8  0.40120  -0.14679  25  389
268  331  0016  0.266  0.456    28     8  0.40120  -0.14679  25  387
268  335  0017  0.318  0.456    32     8  0.40120  -0.14679  25  387
268  336  0018  0.271  0.456    34     8  0.40120  -0.14679  25  387
268  336  0019  0.295  0.456    44     8  0.40120  -0.14679  25  388
268  348  0020  0.225  0.220    41    44  0.20320  0.06321  24  389
268  394  0021  0.377  0.404    28    27  0.38320  0.00321  24  389
268  337  0022  0.331  0.456    31     8  0.40120  -0.14679  25  387
268  337  0023  0.356  0.456    44     8  0.40120  -0.14679  25  388
268  337  0024  0.301  0.456    41     8  0.40120  -0.14679  25  388
268  330  0025  0.370  0.456    21     8  0.40120  -0.14679  25  388
268  333  0026  0.350  0.456    34     8  0.40120  -0.14679  25  388
268  348  0027  0.314  0.456    22     8  0.40120  -0.14679  25  387
268  340  0028  0.295  0.456    49     8  0.40120  -0.14679  25  388
268  335  0029  0.287  0.456    33     8  0.40120  -0.14679  25  387
268  364  0030  0.371  0.398    25    26  0.37720  -0.00879  24  389
268  338  0031  0.318  0.456    40     8  0.40120  -0.14679  25  388
268  335  0032  0.329  0.456    32     8  0.40120  -0.14679  25  387
268  332  0033  0.281  0.456    28     8  0.40120  -0.14679  25  387
268  338  0034  0.352  0.456    43     8  0.40120  -0.14679  25  388
268  354  0035  0.374  0.402    44    44  0.37120  0.11721  24  389
268  343  0036  0.357  0.456    27     8  0.40120  -0.14679  25  388
268  337  0037  0.347  0.456    49     8  0.40120  -0.14679  25  388
268  330  0038  0.231  0.456    21     8  0.40120  -0.14679  25  388
268  334  0039  0.347  0.456    33     8  0.40120  -0.14679  25  388
268  340  0040  0.237  0.229    44    46  0.20920  0.07521  24  389
268  330  0041  0.267  0.456    23     8  0.40120  -0.14679  25  387
268  336  0042  0.362  0.456    46     8  0.40120  -0.14679  25  389
268  339  0043  0.272  0.456    48     8  0.40120  -0.14679  25  389
268  347  0044  0.320  0.456    24     8  0.40120  -0.14679  25  387
268  335  0045  0.341  0.456    36     8  0.40120  -0.14679  25  388
268  337  0046  0.226  0.456    36     8  0.40120  -0.14679  25  388
268  331  0047  0.258  0.456    27     8  0.40120  -0.14679  25  387
268  336  0048  0.265  0.456    40     8  0.40120  -0.14679  25  388
268  337  0049  0.311  0.456    47     8  0.40120  -0.14679  25  388
313  351  0000  0.320  0.456    21     8  0.40120  -0.14679  25  387
313  336  0001  0.340  0.456    37     8  0.40120  -0.14679  25  388
313  336  0002  0.271  0.456    43     8  0.40120  -0.14679  25  388
313  334  0003  0.349  0.456    36     8  0.40120  -0.14679  25  388
313  366  0004  0.256  0.249    48    51  0.22120  0.09921  24  389
313  337  0005  0.320  0.456    47     8  0.40120  -0.14679  25  388
313  331  0006  0.284  0.456    27     8  0.40120  -0.14679  25  387
313  333  0007  0.348  0.456    33     8  0.40120  -0.14679  25  388
313  365  0008  0.369  0.400    42    42  0.37120  0.10521  24  389
313  383  0009  0.370  0.399    23    25  0.37720  -0.01479  24  389
313  383  0010  0.366  0.397    30    29  0.37720  0.01521  24  389
313  330  0011  0.225  0.456    21     8  0.40120  -0.14679  25  388
313  371  0012  0.361  0.391    26    26  0.37120  -0.00279  24  389
313  343  0013  0.352  0.456    22     8  0.40120  -0.14679  25  388
313  336  0014  0.250  0.456    41     8  0.40120  -0.14679  25  389
313  373  0015  0.370  0.402    45    44  0.37120  0.11721  24  389
313  409  0016  0.232  0.227    49    50  0.20320  0.08721  24  389
313  335  0017  0.305  0.456    31     8  0.40120  -0.14679  25  387
313  338  0018  0.317  0.456    41     8  0.40120  -0.14679  25  388
313  337  0019  0.294  0.456    35     8  0.40120  -0.14679  25  387
313  338  0020  0.327  0.456    39     8  0.40120  -0.14679  25  388
313  349  0021  0.342  0.456    23     8  0.40120  -0.14679  25  387
313  370  0022  0.254  0.249    48    51  0.22120  0.09921  24  389
313  343  0023  0.314  0.456    26     8  0.40120  -0.14679  25  387
313  338  0024  0.272  0.456    46     8  0.40120  -0.14679  25  389
313  336  0025  0.240  0.456    37     8  0.40120  -0.14679  25  388
313  334  0026  0.238  0.456    32     8  0.40120  -0.14679  25  388
313  342  0027  0.334  0.456    29     8  0.40120  -0.14679  25  387
313  330  0028  0.228  0.456    24     8  0.40120  -0.14679  25  388
313  338  0029  0.343  0.456    43     8  0.40120  -0.14679  25  388
313  346  0030  0.363  0.392    35    34  0.37120  0.05121  24  389
313  336  0031  0.340  0.456    47     8  0.40120  -0.14679  25  388
313  351  0032  0.243  0.228    42    45  0.20920  0.06921  24  389
313  336  0033  0.263  0.456    41     8  0.40120  -0.14679  25  388
313  390  0034  0.374  0.399    23    25  0.37720  -0.01479  24  389
313  350  0035  0.321  0.456    23     8  0.40120  -0.14679  25  387
313  342  0036  0.287  0.456    50     8  0.40120  -0.14679  25  389
313  337  0037  0.246  0.456    42     8  0.40120  -0.14679  25  389
313  337  0038  0.328  0.456    48     8  0.40120  -0.14679  25  388
313  337  0039  0.311  0.456    42     8  0.40120  -0.14679  25  388
313  338  0040  0.312  0.456    28     8  0.40120  -0.14679  25  387
313  338  0041  0.309  0.456    38     8  0.40120  -0.14679  25  387
313  337  0042  0.342  0.456    31     8  0.40120  -0.14679  25  388
313  337  0043  0.319  0.456    43     8  0.40120  -0.14679  25  388
313  336  0044  0.285  0.456    42     8  0.40120  -0.14679  25  388
313  382  0045  0.243  0.239    47    49  0.21520  0.08721  24  389
313  334  0046  0.248  0.456    32     8  0.40120  -0.14679  25  388
313  340  0047  0.371  0.401    21    22  0.37720  -0.03279  24  389
313  335  0048  0.353  0.456    37     8  0.40120  -0.14679  25  388
313  336  0049  0.255  0.456    37     8  0.40120  -0.14679  25  388
357  350  0000  0.319  0.456    24     8  0.40120  -0.14679  25  387
357  335  0001  0.325  0.456    35     8  0.40120  -0.14679  25  387
357  367  0002  0.355  0.385    25    25  0.36520  -0.00879  24  388
357  331  0003  0.227  0.456    26     8  0.40120  -0.14679  25  388
357  393  0004  0.368  0.388    39    38  0.36520  0.07521  24  389
357  455  0005  0.223  0.216    45    46  0.19720  0.06921  24  389
357  337  0006  0.292  0.456    37     8  0.40120  -0.14679  25  387
357  340  0007  0.298  0.456    24     8  0.40120  -0.14679  25  386
357  338  0008  0.333  0.456    41     8  0.40120  -0.14679  25  388
357  458  0009  0.226  0.225    48    48  0.20320  0.08121  24  390
357  337  0010  0.318  0.456    37     8  0.40120  -0.14679  25  387
357  435  0011  0.250  0.249    49    51  0.22120  0.09921  24  389
357  327  0012  0.265  0.456    23     8  0.40120  -0.14679  25  387
357  330  0013  0.277  0.456    23     8  0.40120  -0.14679  25  387
357  344  0014  0.325  0.456    27     8  0.40120  -0.14679  25  387
357  355  0015  0.361  0.383    49    48  0.34720  0.13521  24  389
357  373  0016  0.246  0.232    41    43  0.21520  0.06321  24  389
357  326  0017  0.249  0.456    21     8  0.40120  -0.14679  25  387
357  338  0018  0.327  0.456    39     8  0.40120  -0.14679  25  388
357  346  0019  0.348  0.385    28    27  0.36520  0.00321  24  388
357  349  0020  0.246  0.231    39    41  0.21520  0.05721  24  389
357  335  0021  0.287  0.456    23     8  0.40120  -0.14679  25  386
357  350  0022  0.358  0.389    39    39  0.36520  0.08121  24  389
357  333  0023  0.238  0.456    31     8  0.40120  -0.14679  25  388
357  348  0024  0.311  0.456    23     8  0.40120  -0.14679  25  387
357  344  0025  0.317  0.456    27     8  0.40120  -0.14679  25  387
357  424  0026  0.367  0.397    30    29  0.37720  0.01521  24  389
357  439  0027  0.378  0.404    46    45  0.37120  0.12321  24  389
357  350  0028  0.347  0.456    25     8  0.40120  -0.14679  25  388
357  337  0029  0.343  0.456    43     8  0.40120  -0.14679  25  388
357  351  0030  0.340  0.456    23     8  0.40120  -0.14679  25  387
357  336  0031  0.290  0.456    35     8  0.40120  -0.14679  25  387
357  336  0032  0.329  0.456    31     8  0.40120  -0.14679  25  387
357  439  0033  0.232  0.223    46    47  0.20320  0.07521  24  389
357  343  0034  0.308  0.456    25     8  0.40120  -0.14679  25  387
357  405  0035  0.370  0.394    38    38  0.37120  0.07521  24  389
357  363  0036  0.357  0.392    23    25  0.37120  -0.01479  24  388
357  445  0037  0.223  0.220    43    44  0.20320  0.06321  24  389
357  337  0038  0.290  0.456    39     8  0.40120  -0.14679  25  388
357  336  0039  0.265  0.456    36     8  0.40120  -0.14679  25  388
357  327  0040  0.270  0.456    24     8  0.40120  -0.14679  25  387
357  339  0041  0.301  0.456    25     8  0.40120  -0.14679  25  386
357  338  0042  0.317  0.456    38     8  0.40120  -0.14679  25  387
357  352  0043  0.258  0.243    44    47  0.22120  0.08121  24  389
357  352  0044  0.360  0.374    49    49  0.33520  0.14121  24  389
357  396  0045  0.373  0.395    48    47  0.35920  0.13521  24  389
357  455  0046  0.223  0.223    46    47  0.20320  0.07521  24  390
357  336  0047  0.328  0.456    31     8  0.40120  -0.14679  25  387
357  458  0048  0.231  0.229    50    51  0.20320  0.09321  24  390
357  328  0049  0.270  0.456    22     8  0.40120  -0.14679  25  387
402  418  0000  0.362  0.386    37    36  0.36520  0.06321  24  389
402  352  0001  0.345  0.456    25     8  0.40120  -0.14679  25  388
402  406  0002  0.363  0.392    42    42  0.36520  0.09921  24  389
402  451  0003  0.224  0.217    39    41  0.20320  0.05121  24  389
402  336  0004  0.288  0.456    41     8  0.40120  -0.14679  25  388
402  334  0005  0.326  0.456    34     8  0.40120  -0.14679  25  387
402  492  0006  0.236  0.235    49    51  0.20920  0.09321  23  390
402  452  0007  0.373  0.397    40    41  0.37120  0.09321  24  389
402  335  0008  0.292  0.456    43     8  0.40120  -0.14679  25  388
402  462  0009  0.253  0.249    48    51  0.22120  0.09921  24  390
402  334  0010  0.327  0.456    35     8  0.40120  -0.14679  25  387
402  328  0011  0.225  0.456    23     8  0.40120  -0.14679  25  388
402  337  0012  0.327  0.456    44     8  0.40120  -0.14679  25  388
402  330  0013  0.224  0.456    27     8  0.40120  -0.14679  25  388
402  460  0014  0.247  0.247    48    49  0.22120  0.09321  24  390
402  331  0015  0.232  0.456    29     8  0.40120  -0.14679  25  388
402  337  0016  0.332  0.456    43     8  0.40120  -0.14679  25  388
402  342  0017  0.347  0.366    48    49  0.32920  0.13521  24  389
402  336  0018  0.318  0.456    44     8  0.40120  -0.14679  25  388
402  351  0019  0.342  0.456    26     8  0.40120  -0.14679  25  388
402  324  0020  0.257  0.456    23     8  0.40120  -0.14679  25  387
402  336  0021  0.310  0.456    46     8  0.40120  -0.14679  25  388
402  329  0022  0.282  0.456    28     8  0.40120  -0.14679  25  387
402  335  0023  0.266  0.456    40     8  0.40120  -0.14679  25  388
402  326  0024  0.256  0.456    26     8  0.40120  -0.14679  25  387
402  334  0025  0.302  0.456    32     8  0.40120  -0.14679  25  387
402  334  0026  0.272  0.456    33     8  0.40120  -0.14679  25  387
402  409  0027  0.359  0.385    35    35  0.36520  0.05121  24  389
402  396  0028  0.357  0.386    36    35  0.36520  0.05721  24  389
402  338  0029  0.316  0.456    39     8  0.40120  -0.14679  25  388
402  345  0030  0.304  0.298    50    52  0.26320  0.12321  24  389
402  411  0031  0.272  0.262    48    51  0.23320  0.10521  24  389
402  335  0032  0.297  0.456    43     8  0.40120  -0.14679  25  388
402  328  0033  0.245  0.456    27     8  0.40120  -0.14679  25  388
402  358  0034  0.270  0.256    45    47  0.23320  0.08721  24  389
402  325  0035  0.250  0.456    24     8  0.40120  -0.14679  25  387
402  336  0036  0.295  0.456    45     8  0.40120  -0.14679  25  388
402  497  0037  0.228  0.225    48    48  0.20320  0.08121  23  390
402  335  0038  0.297  0.456    34     8  0.40120  -0.14679  25  387
402  353  0039  0.332  0.456    21     8  0.40120  -0.14679  25  387
402  352  0040  0.312  0.456    22     8  0.40120  -0.14679  25  386
402  467  0041  0.366  0.391    26    26  0.37120  -0.00279  24  389
402  419  0042  0.364  0.388    39    38  0.36520  0.07521  24  389
402  337  0043  0.286  0.456    36     8  0.40120  -0.14679  25  387
402  329  0044  0.224  0.456    24     8  0.40120  -0.14679  25  388
402  352  0045  0.269  0.256    44    47  0.23320  0.08721  24  389
402  469  0046  0.378  0.396    40    40  0.37120  0.08721  24  389
402  351  0047  0.343  0.456    26     8  0.40120  -0.14679  25  388
402  355  0048  0.328  0.456    22     8  0.40120  -0.14679  25  387
402  373  0049  0.240  0.229    36    38  0.21520  0.04521  24  389
446  327  0000  0.280  0.456    26     8  0.40120  -0.14679  25  387
446  334  0001  0.305  0.456    33     8  0.40120  -0.14679  25  387
446  504  0002  0.365  0.391    28    28  0.37120  0.00921  24  389
446  442  0003  0.233  0.223    37    39  0.20920  0.04521  24  389
446  335  0004  0.303  0.456    29     8  0.40120  -0.14679  25  387
446  356  0005  0.285  0.272    45    49  0.24520  0.09921  24  389
446  437  0006  0.362  0.388    47    47  0.35320  0.12921  24  389
446  388  0007  0.352  0.383    40    39  0.35920  0.08121  24  389
446  346  0008  0.340  0.372    33    33  0.35320  0.03921  24  388
446  336  0009  0.334  0.456    37     8  0.40120  -0.14679  25  388
446  357  0010  0.342  0.378    33    32  0.35920  0.03321  24  388
446  327  0011  0.270  0.456    29     8  0.40120  -0.14679  25  387
446  336  0012  0.311  0.456    29     8  0.40120  -0.14679  25  387
446  487  0013  0.363  0.392    25    26  0.37120  -0.00879  24  389
446  337  0014  0.343  0.456    43     8  0.40120  -0.14679  25  389
446  336  0015  0.332  0.456    47     8  0.40120  -0.14679  25  389
446  329  0016  0.283  0.456    26     8  0.40120  -0.14679  25  387
446  337  0017  0.261  0.247    36    38  0.23320  0.04521  24  388
446  336  0018  0.275  0.456    36     8  0.40120  -0.14679  25  388
446  334  0019  0.309  0.456    31     8  0.40120  -0.14679  25  387
446  483  0020  0.371  0.391    41    41  0.36520  0.09321  24  389
446  332  0021  0.255  0.456    32     8  0.40120  -0.14679  25  388
446  470  0022  0.360  0.385    25    25  0.36520  -0.00879  24  389
446  336  0023  0.300  0.456    46     8  0.40120  -0.14679  25  389
446  336  0024  0.265  0.456    37     8  0.40120  -0.14679  25  388
446  437  0025  0.362  0.390    44    45  0.35920  0.11721  24  389
446  438  0026  0.353  0.385    26    26  0.36520  -0.00279  24  388
446  471  0027  0.369  0.393    47    46  0.35920  0.12921  24  389
446  434  0028  0.354  0.385    25    25  0.36520  -0.00879  24  388
446  331  0029  0.289  0.456    27     8  0.40120  -0.14679  25  386
446  335  0030  0.274  0.456    40     8  0.40120  -0.14679  25  388
446  324  0031  0.256  0.456    25     8  0.40120  -0.14679  25  387
446  337  0032  0.321  0.456    30     8  0.40120  -0.14679  25  387
446  337  0033  0.306  0.456    36     8  0.40120  -0.14679  25  387
446  336  0034  0.266  0.456    37     8  0.40120  -0.14679  25  388
446  357  0035  0.328  0.456    22     8  0.40120  -0.14679  25  387
446  338  0036  0.328  0.456    38     8  0.40120  -0.14679  25  388
446  514  0037  0.236  0.231    46    48  0.20920  0.08121  23  390
446  360  0038  0.227  0.227    30    32  0.21520  0.02121  24  389
446  497  0039  0.226  0.219    40    42  0.20320  0.05721  24  389
446  337  0040  0.238  0.233    29    31  0.22120  0.01521  24  388
446  450  0041  0.226  0.223    36    39  0.20920  0.04521  24  389
446  438  0042  0.362  0.382    48    47  0.34720  0.12921  24  389
446  494  0043  0.373  0.394    39    38  0.37120  0.07521  24  389
446  356  0044  0.334  0.456    24     8  0.40120  -0.14679  25  387
446  498  0045  0.369  0.392    24    25  0.37120  -0.01479  24  389
446  336  0046  0.301  0.456    46     8  0.40120  -0.14679  25  389
446  438  0047  0.287  0.278    50    52  0.24520  0.11721  24  389
446  423  0048  0.357  0.381    39    37  0.35920  0.06921  24  389
446  337  0049  0.318  0.456    43     8  0.40120  -0.14679  25  388
491  549  0000  0.369  0.390    30    30  0.37120  0.02121  24  389
491  336  0001  0.314  0.456    46     8  0.40120  -0.14679  25  389
491  349  0002  0.280  0.267    42    45  0.24520  0.08121  24  389
491  328  0003  0.279  0.456    30     8  0.40120  -0.14679  25  387
491  487  0004  0.359  0.385    33    33  0.36520  0.03921  24  389
491  337  0005  0.333  0.456    38     8  0.40120  -0.14679  25  388
491  456  0006  0.353  0.379    35    35  0.35920  0.05121  24  389
491  342  0007  0.294  0.456    22     8  0.40120  -0.14679  25  386
491  334  0008  0.269  0.456    34     8  0.40120  -0.14679  25  388
491  544  0009  0.235  0.228    43    45  0.20920  0.06921  23  390
491  335  0010  0.309  0.456    45     8  0.40120  -0.14679  25  389
491  515  0011  0.369  0.390    40    40  0.36520  0.08721  24  389
491  331  0012  0.241  0.240    24    25  0.22720  -0.00879  25  388
491  333  0013  0.282  0.456    21     8  0.40120  -0.14679  25  386
491  469  0014  0.274  0.266    47    49  0.23920  0.09921  24  390
491  335  0015  0.312  0.456    34     8  0.40120  -0.14679  25  387
491  322  0016  0.256  0.456    21     8  0.40120  -0.14679  25  387
491  527  0017  0.371  0.395    43    43  0.36520  0.11121  24  389
491  515  0018  0.360  0.385    26    26  0.36520  -0.00279  24  389
491  418  0019  0.353  0.386    42    42  0.35920  0.09921  24  389
491  497  0020  0.364  0.388    38    38  0.36520  0.07521  24  389
491  514  0021  0.375  0.391    49    48  0.35320  0.14121  23  390
491  382  0022  0.347  0.378    41    40  0.35320  0.08721  24  389
491  338  0023  0.317  0.456    29     8  0.40120  -0.14679  25  387
491  413  0024  0.266  0.253    42    44  0.23320  0.07521  24  389
491  541  0025  0.371  0.391    33    33  0.37120  0.03921  24  389
491  356  0026  0.339  0.456    23     8  0.40120  -0.14679  25  387
491  470  0027  0.245  0.237    39    41  0.22120  0.05721  24  389
491  334  0028  0.316  0.456    33     8  0.40120  -0.14679  25  387
491  336  0029  0.310  0.456    43     8  0.40120  -0.14679  25  388
491  495  0030  0.367  0.379    49    49  0.34120  0.14121  23  390
491  339  0031  0.317  0.456    29     8  0.40120  -0.14679  25  387
491  336  0032  0.296  0.456    36     8  0.40120  -0.14679  25  387
491  525  0033  0.269  0.265    50    52  0.23320  0.11121  24  390
491  527  0034  0.369  0.386    37    36  0.36520  0.06321  24  389
491  518  0035  0.364  0.384    31    31  0.36520  0.02721  24  389
491  334  0036  0.309  0.456    33     8  0.40120  -0.14679  25  387
491  408  0037  0.269  0.261    43    45  0.23920  0.08121  24  389
491  346  0038  0.255  0.252    30    30  0.23920  0.01521  24  388
491  454  0039  0.356  0.382    39    38  0.35920  0.07521  24  389
491  337  0040  0.326  0.456    43     8  0.40120  -0.14679  25  388
491  498  0041  0.363  0.387    38    37  0.36520  0.06921  24  389
491  522  0042  0.269  0.262    49    51  0.23320  0.10521  24  390
491  323  0043  0.261  0.456    26     8  0.40120  -0.14679  25  387
491  346  0044  0.258  0.252    31    32  0.23920  0.02121  24  388
491  336  0045  0.309  0.456    42     8  0.40120  -0.14679  25  388
491  359  0046  0.336  0.372    30    29  0.35320  0.01521  24  388
491  461  0047  0.354  0.379    34    34  0.35920  0.04521  24  389
491  479  0048  0.231  0.223    36    39  0.20920  0.04521  24  389
491  564  0049  0.247  0.249    49    51  0.22120  0.09921  23  390
536  366  0000  0.238  0.235    21    22  0.22120  -0.02079  25  388
536  352  0001  0.298  0.294    44    46  0.26920  0.09321  25  389
536  434  0002  0.341  0.372    27    27  0.35320  0.00321  24  388
536  360  0003  0.323  0.456    21     8  0.40120  -0.14679  25  387
536  468  0004  0.348  0.364    48    48  0.32920  0.12921  24  390
536  333  0005  0.312  0.456    33     8  0.40120  -0.14679  25  387
536  431  0006  0.310  0.309    49    51  0.27520  0.12321  24  390
536  335  0007  0.305  0.456    43     8  0.40120  -0.14679  25  389
536  335  0008  0.303  0.456    35     8  0.40120  -0.14679  25  387
536  328  0009  0.273  0.456    30     8  0.40120  -0.14679  25  387
536  446  0010  0.251  0.240    35    36  0.22720  0.03921  24  389
536  420  0011  0.238  0.239    29    31  0.22720  0.01521  24  389
536  337  0012  0.301  0.456    26     8  0.40120  -0.14679  25  386
536  470  0013  0.234  0.234    33    35  0.22120  0.03321  24  389
536  402  0014  0.262  0.253    35    36  0.23920  0.03921  24  388
536  451  0015  0.346  0.372    32    32  0.35320  0.03321  24  388
536  326  0016  0.272  0.456    29     8  0.40120  -0.14679  25  387
536  560  0017  0.265  0.262    49    51  0.23320  0.10521  24  390
536  452  0018  0.335  0.348    49    50  0.31120  0.13521  24  390
536  560  0019  0.275  0.270    50    52  0.23920  0.11121  24  390
536  337  0020  0.315  0.456    37     8  0.40120  -0.14679  25  387
536  449  0021  0.293  0.286    47    49  0.25720  0.10521  24  390
536  477  0022  0.355  0.380    46    46  0.34720  0.12321  24  389
536  428  0023  0.279  0.268    44    46  0.24520  0.08721  24  389
536  590  0024  0.369  0.392    25    26  0.37120  -0.00879  23  389
536  402  0025  0.227  0.227    25    26  0.21520  -0.00279  24  389
536  514  0026  0.353  0.378    29    28  0.35920  0.00921  24  389
536  334  0027  0.313  0.456    34     8  0.40120  -0.14679  25  387
536  347  0028  0.312  0.456    26     8  0.40120  -0.14679  25  387
536  376  0029  0.316  0.319    47    49  0.28720  0.11721  25  389
536  572  0030  0.371  0.388    39    38  0.36520  0.07521  24  389
536  362  0031  0.246  0.240    24    25  0.22720  -0.00879  25  388
536  593  0032  0.223  0.219    41    42  0.20320  0.05721  23  390
536  334  0033  0.280  0.456    34     8  0.40120  -0.14679  25  387
536  476  0034  0.268  0.262    44    47  0.23920  0.08721  24  389
536  335  0035  0.308  0.456    35     8  0.40120  -0.14679  25  387
536  379  0036  0.334  0.366    27    26  0.34720  -0.00279  24  388
536  332  0037  0.250  0.247    22    23  0.23320  -0.01479  25  388
536  335  0038  0.310  0.456    44     8  0.40120  -0.14679  25  389
536  498  0039  0.359  0.384    41    40  0.35920  0.08721  24  389
536  419  0040  0.227  0.226    28    29  0.21520  0.00921  24  389
536  500  0041  0.288  0.282    49    50  0.25120  0.11121  24  390
536  400  0042  0.227  0.227    25    25  0.21520  -0.00879  25  389
536  511  0043  0.352  0.378    27    27  0.35920  0.00321  24  389
536  333  0044  0.316  0.456    34     8  0.40120  -0.14679  25  387
536  554  0045  0.233  0.225    39    42  0.20920  0.05721  23  390
536  334  0046  0.288  0.456    23     8  0.40120  -0.14679  25  386
536  322  0047  0.263  0.456    21     8  0.40120  -0.14679  25  387
536  335  0048  0.295  0.456    35     8  0.40120  -0.14679  25  387
536  426  0049  0.323  0.329    49    50  0.29320  0.12921  24  390
580  324  0000  0.279  0.456    25     8  0.40120  -0.14679  25  387
580  518  0001  0.350  0.378    31    31  0.35920  0.02721  24  389
580  439  0002  0.277  0.265    42    44  0.24520  0.07521  24  389
580  600  0003  0.361  0.385    26    26  0.36520  -0.00279  23  389
580  523  0004  0.285  0.280    47    49  0.25120  0.10521  24  390
580  345  0005  0.273  0.264    29    29  0.25120  0.00921  25  387
580  585  0006  0.371  0.379    50    49  0.34120  0.14121  23  390
580  546  0007  0.351  0.362    50    50  0.32320  0.14121  23  390
580  471  0008  0.347  0.376    39    39  0.35320  0.07521  24  389
580  616  0009  0.371  0.386    37    36  0.36520  0.06321  23  389
580  576  0010  0.250  0.241    44    45  0.22120  0.07521  23  390
580  556  0011  0.358  0.380    37    37  0.35920  0.06321  24  389
580  451  0012  0.340  0.372    32    32  0.35320  0.03321  24  388
580  441  0013  0.342  0.360    46    46  0.32920  0.11721  24  390
580  469  0014  0.266  0.257    40    41  0.23920  0.06321  24  389
580  617  0015  0.250  0.247    47    49  0.22120  0.09321  23  390
580  563  0016  0.273  0.268    48    50  0.23920  0.10521  24  390
580  461  0017  0.342  0.367    35    35  0.34720  0.05121  24  389
580  351  0018  0.306  0.456    23     8  0.40120  -0.14679  25  386
580  543  0019  0.290  0.284    50    52  0.25120  0.11721  24  390
580  619  0020  0.258  0.254    49    50  0.22720  0.09921  23  390
580  410  0021  0.334  0.365    30    29  0.34720  0.01521  24  388
580  544  0022  0.355  0.379    34    34  0.35920  0.04521  24  389
580  530  0023  0.268  0.262    45    47  0.23920  0.08721  24  390
580  335  0024  0.318  0.456    35     8  0.40120  -0.14679  25  388
580  559  0025  0.284  0.276    49    51  0.24520  0.11121  24  390
580  511  0026  0.347  0.372    26    26  0.35320  -0.00279  24  388
580  360  0027  0.314  0.456    21     8  0.40120  -0.14679  25  386
580  386  0028  0.255  0.252    25    26  0.23920  -0.00279  24  388
580  400  0029  0.333  0.365    31    30  0.34720  0.02121  24  388
580  457  0030  0.303  0.299    47    49  0.26920  0.11121  24  390
580  502  0031  0.259  0.250    40    42  0.23320  0.06321  24  389
580  358  0032  0.328  0.359    32    32  0.34120  0.03321  24  388
580  377  0033  0.271  0.258    32    33  0.24520  0.02721  24  388
580  337  0034  0.299  0.456    26     8  0.40120  -0.14679  25  386
580  530  0035  0.225  0.221    33    36  0.20920  0.03321  24  389
580  389  0036  0.247  0.241    23    23  0.22720  -0.01479  25  388
580  392  0037  0.252  0.246    25    26  0.23320  -0.00279  24  388
580  337  0038  0.300  0.456    39     8  0.40120  -0.14679  25  388
580  436  0039  0.305  0.299    47    49  0.26920  0.11121  24  390
580  475  0040  0.348  0.376    40    39  0.35320  0.07521  24  389
580  501  0041  0.348  0.373    36    36  0.35320  0.05721  24  389
580  597  0042  0.242  0.234    43    44  0.21520  0.06921  23  390
580  465  0043  0.244  0.239    31    32  0.22720  0.02121  24  389
580  334  0044  0.294  0.456    34     8  0.40120  -0.14679  25  387
580  602  0045  0.367  0.386    37    36  0.36520  0.06321  23  389
580  620  0046  0.246  0.245    46    48  0.22120  0.08721  23  390
580  337  0047  0.295  0.456    37     8  0.40120  -0.14679  25  388
580  532  0048  0.357  0.383    40    39  0.35920  0.08121  24  389
580  336  0049  0.308  0.456    29     8  0.40120  -0.14679  25  387
625  680  0000  0.371  0.392    25    26  0.37120  -0.00879  23  389
625  437  0001  0.283  0.276    41    42  0.25720  0.06921  24  389
625  557  0002  0.349  0.373    26    25  0.35320  -0.00879  23  388
625  523  0003  0.254  0.247    36    38  0.23320  0.04521  24  389
625  719  0004  0.377  0.397    28    27  0.37720  0.00321  23  390
625  338  0005  0.313  0.456    40     8  0.40120  -0.14679  25  388
625  518  0006  0.264  0.257    41    41  0.23920  0.06321  24  389
625  680  0007  0.371  0.390    30    30  0.37120  0.02121  23  390
625  468  0008  0.266  0.259    35    36  0.24520  0.03921  24  389
625  427  0009  0.331  0.359    28    27  0.34120  0.00321  24  388
625  617  0010  0.366  0.385    41    41  0.35920  0.09321  23  390
625  397  0011  0.259  0.253    23    23  0.23920  -0.01479  24  388
625  440  0012  0.262  0.258    29    30  0.24520  0.01521  24  388
625  549  0013  0.242  0.240    34    35  0.22720  0.03321  24  389
625  629  0014  0.366  0.387    38    37  0.36520  0.06921  23  389
625  531  0015  0.250  0.247    35    36  0.23320  0.03921  24  389
625  438  0016  0.340  0.363    44    44  0.33520  0.10521  24  389
625  325  0017  0.284  0.456    27     8  0.40120  -0.14679  25  387
625  526  0018  0.244  0.239    33    33  0.22720  0.02721  24  389
625  447  0019  0.262  0.258    30    30  0.24520  0.01521  24  388
625  624  0020  0.375  0.395    21    21  0.37120  -0.03879  23  389
625  409  0021  0.297  0.291    42    43  0.26920  0.08121  24  389
625  631  0022  0.273  0.268    49    50  0.23920  0.10521  23  390
625  590  0023  0.351  0.362    50    50  0.32320  0.14121  23  390
625  402  0024  0.293  0.290    41    42  0.26920  0.07521  24  389
625  689  0025  0.370  0.391    27    27  0.37120  0.00321  23  390
625  506  0026  0.243  0.239    31    32  0.22720  0.02121  24  389
625  685  0027  0.376  0.391    33    33  0.37120  0.03921  23  390
625  534  0028  0.345  0.372    29    28  0.35320  0.00921  24  388
625  434  0029  0.278  0.268    38    39  0.25120  0.05721  24  389
625  384  0030  0.286  0.280    37    39  0.26320  0.05721  24  388
625  489  0031  0.270  0.263    40    41  0.24520  0.06321  24  389
625  532  0032  0.244  0.240    33    35  0.22720  0.03321  24  389
625  332  0033  0.318  0.456    33     8  0.40120  -0.14679  25  387
625  629  0034  0.362  0.384    31    31  0.36520  0.02721  23  389
625  619  0035  0.279  0.276    49    51  0.24520  0.11121  24  390
625  546  0036  0.304  0.303    50    51  0.26920  0.12321  24  390
625  491  0037  0.235  0.233    27    28  0.22120  0.00321  24  389
625  399  0038  0.327  0.360    26    26  0.34120  -0.00279  24  388
625  337  0039  0.306  0.456    36     8  0.40120  -0.14679  25  388
625  544  0040  0.228  0.227    31    32  0.21520  0.02121  24  389
625  583  0041  0.361  0.383    44    44  0.35320  0.11121  23  390
625  360  0042  0.315  0.456    23     8  0.40120  -0.14679  25  387
625  661  0043  0.238  0.234    44    44  0.21520  0.06921  23  390
625  443  0044  0.335  0.365    33    32  0.34720  0.03321  24  388
625  582  0045  0.251  0.244    41    42  0.22720  0.06321  23  390
625  560  0046  0.258  0.252    42    43  0.23320  0.06921  24  390
625  625  0047  0.359  0.378    28    27  0.35920  0.00321  23  389
625  330  0048  0.293  0.456    27     8  0.40120  -0.14679  25  387
625  497  0049  0.349  0.374    43    42  0.34720  0.09921  24  389
