54 192 0 0.7475 0.7007 10.955 15.649 -0.35934 -0.28616 1 62
54 182 1 0.7059 0.7007 8.015 15.649 -0.35934 -0.28616 1 62
54 183 2 0.8347 0.7007 17.719 15.649 -0.35934 -0.28616 1 62
54 182 3 0.8092 0.7007 8.076 15.649 -0.35934 -0.28616 1 62
54 184 4 0.7896 0.7007 19.204 15.649 -0.35934 -0.28616 1 62
54 212 5 0.748 0.7007 14.003 15.649 -0.35934 -0.28616 1 62
54 183 6 0.811 0.7007 5.618 15.649 -0.35934 -0.28616 1 62
54 185 7 0.7566 0.7007 9.689 15.649 -0.35934 -0.28616 1 62
54 182 8 0.7039 0.7007 5.945 15.649 -0.35934 -0.28616 1 61
54 194 9 0.7264 0.6969 10.608 15.241 -0.35934 -0.28016 0 62
54 182 10 0.7384 0.7007 4.417 15.649 -0.35934 -0.28616 1 62
54 192 11 0.7447 0.6969 10.912 15.241 -0.35934 -0.28016 1 62
54 183 12 0.8006 0.7007 7.623 15.649 -0.35934 -0.28616 1 62
54 181 13 0.8456 0.7007 11.785 15.649 -0.35934 -0.28616 1 62
54 183 14 0.8375 0.7007 15.582 15.649 -0.35934 -0.28616 1 62
54 183 15 0.8131 0.7007 6.743 15.649 -0.35934 -0.28616 1 62
54 189 16 0.7917 0.7007 16.573 15.649 -0.35934 -0.28616 1 62
54 188 17 0.7931 0.7007 16.198 15.649 -0.35934 -0.28616 0 62
54 181 18 0.829 0.7007 11.092 15.649 -0.35934 -0.28616 1 62
54 210 19 0.7017 0.6969 11.893 15.241 -0.35934 -0.28016 0 62
54 183 20 0.7818 0.7007 7.079 15.649 -0.35934 -0.28616 1 62
54 201 21 0.7283 0.6969 11.463 15.241 -0.35934 -0.28016 0 62
54 183 22 0.7882 0.7007 5.97 15.649 -0.35934 -0.28616 1 62
54 182 23 0.7681 0.7007 5.432 15.649 -0.35934 -0.28616 1 62
54 232 24 0.7004 0.6969 14.216 15.241 -0.35934 -0.28016 0 62
54 190 25 0.7816 0.7007 13.386 15.649 -0.35934 -0.28616 1 62
54 204 26 0.7308 0.6969 12.024 15.241 -0.35934 -0.28016 0 62
54 183 27 0.7518 0.7007 8.377 15.649 -0.35934 -0.28616 1 62
54 191 28 0.785 0.7007 16.991 15.649 -0.35934 -0.28616 1 62
54 182 29 0.7858 0.7007 4.442 15.649 -0.35934 -0.28616 1 62
54 182 30 0.8351 0.7007 9.628 15.649 -0.35934 -0.28616 1 62
54 199 31 0.7412 0.7046 19.096 16.052 -0.35934 -0.29216 1 62
54 186 32 0.7826 0.7007 19.189 15.649 -0.35934 -0.28616 1 62
54 183 33 0.845 0.7007 18.52 15.649 -0.35934 -0.28616 1 62
54 182 34 0.8236 0.7007 13.835 15.649 -0.35934 -0.28616 1 62
54 182 35 0.7699 0.7007 4.344 15.649 -0.35934 -0.28616 0 62
54 223 36 0.7377 0.7007 15.036 15.649 -0.35934 -0.28616 1 62
54 183 37 0.8282 0.7007 8.99 15.649 -0.35934 -0.28616 1 62
54 191 38 0.6968 0.6969 9.846 15.241 -0.35934 -0.28016 1 62
54 183 39 0.8448 0.7007 19.135 15.649 -0.35934 -0.28616 1 62
54 182 40 0.7894 0.7007 4.643 15.649 -0.35934 -0.28616 0 62
54 209 41 0.7391 0.7046 18.013 16.052 -0.35934 -0.29216 0 62
54 204 42 0.7276 0.6969 11.818 15.241 -0.35934 -0.28016 0 62
54 187 43 0.7843 0.7007 18.82 15.649 -0.35934 -0.28616 1 62
54 203 44 0.7422 0.6969 12.264 15.241 -0.35934 -0.28016 1 62
54 224 45 0.693 0.6969 13.178 15.241 -0.35934 -0.28016 0 62
54 184 46 0.8037 0.7007 6.502 15.649 -0.35934 -0.28616 1 62
54 183 47 0.7744 0.7007 7.587 15.649 -0.35934 -0.28616 1 62
54 182 48 0.8473 0.7007 10.341 15.649 -0.35934 -0.28616 0 62
54 183 49 0.8481 0.7007 16.856 15.649 -0.35934 -0.28616 1 62
109 203 0 0.7458 0.6969 11.134 15.241 -0.35934 -0.28016 1 62
109 284 1 0.7079 0.7007 16.196 15.649 -0.35934 -0.28616 0 62
109 213 2 0.7606 0.7046 18.155 16.052 -0.35934 -0.29216 1 62
109 182 3 0.7624 0.7007 5.052 15.649 -0.35934 -0.28616 1 62
109 256 4 0.7409 0.7046 16.55 16.052 -0.35934 -0.29216 0 62
109 260 5 0.737 0.7046 16.747 16.052 -0.35934 -0.29216 1 62
109 182 6 0.7243 0.6969 8.073 15.241 -0.35934 -0.28016 1 62
109 288 7 0.6991 0.7007 16.13 15.649 -0.35934 -0.28616 0 62
109 207 8 0.7593 0.7046 18.836 16.052 -0.35934 -0.29216 1 62
109 187 9 0.711 0.6969 8.919 15.241 -0.35934 -0.28016 1 62
109 185 10 0.7975 0.7007 18.482 15.649 -0.35934 -0.28616 1 62
109 180 11 0.7009 0.7007 7.166 15.649 -0.35934 -0.28616 1 62
109 181 12 0.8457 0.7007 10.871 15.649 -0.35934 -0.28616 1 62
109 223 13 0.7671 0.7132 15.577 15.73 -0.36534 -0.29216 0 62
109 181 14 0.6982 0.6969 7.789 15.241 -0.35934 -0.28016 1 62
109 244 15 0.7518 0.7046 16.286 16.052 -0.35934 -0.29216 1 62
109 248 16 0.7456 0.7046 16.79 16.052 -0.35934 -0.29216 0 62
109 181 17 0.7299 0.7007 5.267 15.649 -0.35934 -0.28616 1 62
109 193 18 0.7498 0.6969 10.337 15.241 -0.35934 -0.28016 0 62
109 184 19 0.8251 0.7007 8.4 15.649 -0.35934 -0.28616 1 62
109 231 20 0.7311 0.7055 12.061 14.926 -0.36534 -0.28016 0 62
109 184 21 0.7917 0.7007 6.219 15.649 -0.35934 -0.28616 1 62
109 201 22 0.7845 0.7007 15.86 15.649 -0.35934 -0.28616 1 62
109 184 23 0.8086 0.7007 13.729 15.649 -0.35934 -0.28616 1 62
109 288 24 0.6996 0.7007 16.11 15.649 -0.35934 -0.28616 0 62
109 202 25 0.7442 0.6969 10.802 15.241 -0.35934 -0.28016 0 62
109 185 26 0.8215 0.7007 6.578 15.649 -0.35934 -0.28616 1 62
109 182 27 0.8401 0.7007 19.071 15.649 -0.35934 -0.28616 1 62
109 256 28 0.7401 0.7093 14.307 15.33 -0.36534 -0.28616 0 62
109 256 29 0.6904 0.6931 12.673 14.829 -0.35934 -0.27416 0 62
109 181 30 0.7369 0.7007 6.24 15.649 -0.35934 -0.28616 1 62
109 251 31 0.7306 0.7085 17.922 16.451 -0.35934 -0.29816 0 62
109 184 32 0.8289 0.7007 8.078 15.649 -0.35934 -0.28616 1 62
109 206 33 0.7786 0.7007 14.938 15.649 -0.35934 -0.28616 0 62
109 184 34 0.822 0.7007 15.933 15.649 -0.35934 -0.28616 1 62
109 216 35 0.7712 0.7007 15.171 15.649 -0.35934 -0.28616 0 62
109 185 36 0.848 0.7007 16.111 15.649 -0.35934 -0.28616 1 62
109 206 37 0.7794 0.7007 15.884 15.649 -0.35934 -0.28616 1 62
109 276 38 0.7172 0.7046 16.967 16.052 -0.35934 -0.29216 0 62
109 184 39 0.8238 0.7007 17.368 15.649 -0.35934 -0.28616 1 62
109 188 40 0.7913 0.7007 13.048 15.649 -0.35934 -0.28616 0 62
109 240 41 0.7359 0.7055 12.831 14.926 -0.36534 -0.28016 0 62
109 203 42 0.7739 0.7046 17.745 16.052 -0.35934 -0.29216 1 62
109 182 43 0.7677 0.7007 5.599 15.649 -0.35934 -0.28616 1 62
109 194 44 0.6944 0.6969 9.435 15.241 -0.35934 -0.28016 0 62
109 205 45 0.7022 0.6931 10.209 14.829 -0.35934 -0.27416 0 62
109 180 46 0.7162 0.7007 6.893 15.649 -0.35934 -0.28616 1 62
109 181 47 0.8472 0.7007 10.861 15.649 -0.35934 -0.28616 1 62
109 182 48 0.7352 0.7007 4.763 15.649 -0.35934 -0.28616 1 62
109 287 49 0.7108 0.7007 15.673 15.649 -0.35934 -0.28616 0 62
163 222 0 0.7298 0.7349 6.293 6.344 -0.41934 -0.19016 0 62
163 184 1 0.8468 0.8589 10.527 10.902 -0.46734 -0.28616 1 62
163 189 2 0.7921 0.7808 8.741 8.223 -0.43734 -0.22616 1 62
163 193 3 0.7502 0.6969 9.675 15.241 -0.35934 -0.28016 1 62
163 310 4 0.7276 0.7085 17.273 16.451 -0.35934 -0.29816 0 62
163 194 5 0.7086 0.7288 7.579 6.974 -0.41334 -0.19616 0 62
163 194 6 0.7933 0.7779 4.856 5.016 -0.44934 -0.18416 0 62
163 193 7 0.734 0.6969 9.294 15.241 -0.35934 -0.28016 0 62
163 183 8 0.8227 0.7007 12.492 15.649 -0.35934 -0.28616 1 62
163 183 9 0.8308 0.7007 10.223 15.649 -0.35934 -0.28616 1 62
163 226 10 0.7454 0.7471 7.062 6.575 -0.42534 -0.19616 0 62
163 199 11 0.7848 0.7686 8.38 8.028 -0.43134 -0.22016 1 62
163 291 12 0.7347 0.7055 13.411 14.926 -0.36534 -0.28016 0 62
163 329 13 0.6934 0.6969 14.094 15.241 -0.35934 -0.28016 0 62
163 184 14 0.8467 0.7007 7.157 15.649 -0.35934 -0.28616 1 62
163 213 15 0.7419 0.7441 8.165 7.619 -0.41934 -0.20816 0 62
163 206 16 0.7419 0.7441 8.59 7.619 -0.41934 -0.20816 1 62
163 315 17 0.7063 0.7085 17.747 16.451 -0.35934 -0.29816 0 62
163 178 18 0.6906 0.7007 5.35 15.649 -0.35934 -0.28616 1 62
163 183 19 0.8382 0.7007 11.822 15.649 -0.35934 -0.28616 1 62
163 197 20 0.7918 0.7007 17.01 15.649 -0.35934 -0.28616 1 62
163 187 21 0.833 0.7007 15.472 15.649 -0.35934 -0.28616 1 62
163 215 22 0.7591 0.7595 4.599 5.361 -0.43734 -0.18416 0 62
163 234 23 0.7396 0.7017 11.436 14.517 -0.36534 -0.27416 0 62
163 242 24 0.7132 0.7017 10.88 14.517 -0.36534 -0.27416 0 62
163 205 25 0.717 0.7288 7.462 6.974 -0.41334 -0.19616 1 62
163 194 26 0.7038 0.7258 6.933 6.541 -0.41334 -0.19016 1 62
163 188 27 0.8139 0.7007 14.701 15.649 -0.35934 -0.28616 1 62
163 211 28 0.7779 0.7624 5.145 5.78 -0.43734 -0.19016 0 62
163 183 29 0.832 0.7007 10.424 15.649 -0.35934 -0.28616 1 62
163 188 30 0.8423 0.7007 13.038 15.649 -0.35934 -0.28616 1 62
163 294 31 0.7245 0.7055 13.006 14.926 -0.36534 -0.28016 0 62
163 219 32 0.778 0.7577 19.038 18.803 -0.37134 -0.34616 0 62
163 212 33 0.7798 0.7714 7.564 7.016 -0.43734 -0.20816 0 62
163 268 34 0.7261 0.7124 19.107 16.846 -0.35934 -0.30416 0 62
163 191 35 0.802 0.7007 14.382 15.649 -0.35934 -0.28616 1 62
163 224 36 0.7408 0.7017 11.109 14.517 -0.36534 -0.27416 0 62
163 219 37 0.7276 0.7017 10.382 14.517 -0.36534 -0.27416 1 62
163 188 38 0.8479 0.7007 14.267 15.649 -0.35934 -0.28616 1 62
163 310 39 0.6984 0.6931 13.158 14.829 -0.35934 -0.27416 0 62
163 215 40 0.74 0.741 7.894 7.197 -0.41934 -0.20216 1 62
163 212 41 0.7248 0.7411 5.172 5.724 -0.42534 -0.18416 0 62
163 252 42 0.7597 0.7093 13.848 15.33 -0.36534 -0.28616 0 62
163 189 43 0.7648 0.7007 10.091 15.649 -0.35934 -0.28616 1 62
163 194 44 0.7985 0.7775 6.31 6.42 -0.44334 -0.20216 0 62
163 183 45 0.8178 0.7007 7.119 15.649 -0.35934 -0.28616 1 62
163 184 46 0.8337 0.7007 7.137 15.649 -0.35934 -0.28616 1 62
163 219 47 0.7276 0.7319 5.803 5.912 -0.41934 -0.18416 0 62
163 188 48 0.8389 0.7007 14.06 15.649 -0.35934 -0.28616 1 62
163 277 49 0.7412 0.7055 13.247 14.926 -0.36534 -0.28016 0 62
218 193 0 0.806 0.7007 15.75 15.649 -0.35934 -0.28616 1 62
218 227 1 0.6935 0.7136 6.782 6.303 -0.40734 -0.18416 1 62
218 192 2 0.8145 0.8269 12.809 12.16 -0.44334 -0.29216 1 62
218 239 3 0.7324 0.7382 9.179 8.251 -0.41334 -0.21416 0 62
218 266 4 0.7242 0.7319 5.318 5.912 -0.41934 -0.18416 0 62
218 390 5 0.7064 0.7046 16.463 16.052 -0.35934 -0.29216 0 62
218 387 6 0.7095 0.7046 16.528 16.052 -0.35934 -0.29216 0 62
218 201 7 0.7922 0.7093 13.401 15.33 -0.36534 -0.28616 0 62
218 272 8 0.7455 0.7474 4.85 5.114 -0.43134 -0.17816 0 62
218 270 9 0.7511 0.7532 7.987 7.413 -0.42534 -0.20816 0 62
218 232 10 0.8414 0.8706 18.433 18.079 -0.43134 -0.38816 1 62
218 271 11 0.7486 0.7105 12.34 14.212 -0.37134 -0.27416 1 62
218 276 12 0.7701 0.7414 17.038 17.338 -0.37134 -0.32216 0 63
218 298 13 0.7597 0.7454 17.966 17.71 -0.37134 -0.32816 0 63
218 255 14 0.7874 0.7716 5.276 5.601 -0.44334 -0.19016 0 62
218 258 15 0.7848 0.762 17.872 18.115 -0.37734 -0.34016 0 63
218 198 16 0.8339 0.8585 16.363 17.12 -0.43134 -0.37016 1 62
218 250 17 0.7821 0.7718 8.863 8.431 -0.43134 -0.22616 0 62
218 285 18 0.7635 0.7257 15.122 15.809 -0.37134 -0.29816 0 62
218 236 19 0.8443 0.8706 18.647 18.079 -0.43134 -0.38816 1 62
218 330 20 0.7399 0.7249 17.716 16.905 -0.36534 -0.31016 0 63
218 251 21 0.7939 0.7775 6.462 6.42 -0.44334 -0.20216 0 62
218 249 22 0.7788 0.7499 16.167 17.017 -0.37734 -0.32216 0 62
218 250 23 0.7915 0.7808 5.267 5.426 -0.44934 -0.19016 0 62
218 203 24 0.7937 0.7093 13.838 15.33 -0.36534 -0.28616 0 62
218 216 25 0.8374 0.8622 18.955 18.366 -0.42534 -0.38816 1 62
218 231 26 0.7973 0.7745 17.534 18.15 -0.38334 -0.34616 1 62
218 220 27 0.6972 0.7197 7.951 7.182 -0.40734 -0.19616 0 62
218 354 28 0.7264 0.7124 17.501 16.846 -0.35934 -0.30416 0 63
218 216 29 0.8162 0.8287 11.275 11.207 -0.44934 -0.28016 1 62
218 192 30 0.8085 0.8233 12.437 11.799 -0.44334 -0.28616 1 62
218 229 31 0.7051 0.7197 8.219 7.182 -0.40734 -0.19616 0 62
218 222 32 0.6916 0.7136 6.936 6.303 -0.40734 -0.18416 1 62
218 314 33 0.7541 0.721 16.708 16.518 -0.36534 -0.30416 0 63
218 296 34 0.7405 0.7411 19.297 18.412 -0.36534 -0.33416 0 63
218 279 35 0.7087 0.698 11.009 14.104 -0.36534 -0.26816 0 62
218 353 36 0.7273 0.7124 17.476 16.846 -0.35934 -0.30416 0 63
218 378 37 0.7221 0.7046 16.316 16.052 -0.35934 -0.29216 0 62
218 208 38 0.8135 0.8062 9.845 9.948 -0.44334 -0.25616 1 62
218 353 39 0.6944 0.698 13.002 14.104 -0.36534 -0.26816 0 62
218 249 40 0.7072 0.7258 6.725 6.541 -0.41334 -0.19016 0 62
218 274 41 0.7676 0.7257 15.479 15.809 -0.37134 -0.29816 0 62
218 350 42 0.7402 0.7171 16.15 16.126 -0.36534 -0.29816 0 62
218 258 43 0.7748 0.7686 8.556 8.028 -0.43134 -0.22016 0 62
218 217 44 0.8282 0.8342 10.235 10.622 -0.45534 -0.27416 1 62
218 210 45 0.811 0.8164 11.201 11.068 -0.44334 -0.27416 1 62
218 326 46 0.742 0.7289 17.803 17.288 -0.36534 -0.31616 0 63
218 254 47 0.712 0.7258 7.037 6.541 -0.41334 -0.19016 0 62
218 239 48 0.7361 0.7473 9.264 8.036 -0.41934 -0.21416 0 62
218 223 49 0.707 0.7228 8.727 7.615 -0.40734 -0.20216 0 62
272 323 0 0.7614 0.7566 4.681 4.94 -0.43734 -0.17816 0 62
272 214 1 0.7888 0.7986 12.663 11.534 -0.43134 -0.27416 1 63
272 268 2 0.7803 0.7726 10.522 9.843 -0.42534 -0.24416 0 63
272 289 3 0.6989 0.7136 6.223 6.303 -0.40734 -0.18416 0 62
272 196 4 0.8062 0.8216 13.92 12.76 -0.43734 -0.29816 1 63
272 255 5 0.8185 0.8121 18.043 18.248 -0.40134 -0.36416 1 63
272 306 6 0.7825 0.7777 8.278 7.824 -0.43734 -0.22016 0 63
272 275 7 0.704 0.6994 10.277 12.97 -0.37134 -0.25616 0 62
272 292 8 0.7665 0.718 13.886 15.019 -0.37134 -0.28616 0 63
272 299 9 0.7758 0.7718 9.135 8.431 -0.43134 -0.22616 0 63
272 371 10 0.7491 0.721 16.659 16.518 -0.36534 -0.30416 0 63
272 308 11 0.7875 0.7745 5.784 6.012 -0.44334 -0.19616 0 63
272 280 12 0.7207 0.7291 9.14 8.472 -0.40734 -0.21416 0 63
272 252 13 0.8244 0.829 17.528 17.649 -0.41334 -0.36416 1 63
272 196 14 0.8058 0.7007 14.96 15.649 -0.35934 -0.28616 1 63
272 292 15 0.7949 0.7777 8.154 7.824 -0.43734 -0.22016 0 63
272 278 16 0.777 0.7421 15.326 16.266 -0.37734 -0.31016 0 63
272 218 17 0.8438 0.8297 5.098 4.997 -0.47934 -0.19616 0 62
272 273 18 0.8403 0.8581 18.675 18.047 -0.42534 -0.38216 1 62
272 358 19 0.7009 0.7079 19.296 17.574 -0.35334 -0.31016 0 63
272 279 20 0.8414 0.8665 17.839 17.762 -0.43134 -0.38216 1 62
272 299 21 0.7916 0.7744 18.951 19.178 -0.37734 -0.35816 0 63
272 231 22 0.7749 0.7738 11.994 11.252 -0.41934 -0.26216 0 63
272 343 23 0.7615 0.7374 16.636 16.962 -0.37134 -0.31616 0 63
272 269 24 0.7323 0.7067 10.742 13.802 -0.37134 -0.26816 0 63
272 257 25 0.7997 0.8006 11.008 10.549 -0.43734 -0.26216 0 63
272 203 26 0.8423 0.8389 8.018 8.746 -0.46734 -0.25016 0 63
272 316 27 0.7228 0.7288 7.194 6.974 -0.41334 -0.19616 0 62
272 442 28 0.6991 0.6969 14.815 15.241 -0.35934 -0.28016 0 63
272 325 29 0.75 0.7532 7.806 7.413 -0.42534 -0.20816 0 63
272 297 30 0.7956 0.7836 7.373 7.226 -0.44334 -0.21416 0 63
272 204 31 0.808 0.8006 15.393 16.227 -0.40734 -0.33416 1 63
272 285 32 0.7784 0.7782 9.819 9.226 -0.43134 -0.23816 0 63
272 247 33 0.7959 0.804 11.477 10.925 -0.43734 -0.26816 0 63
272 311 34 0.7111 0.7031 10.989 13.388 -0.37134 -0.26216 0 63
272 320 35 0.7218 0.7319 6.149 5.912 -0.41934 -0.18416 0 62
272 362 36 0.7231 0.7067 12.376 13.802 -0.37134 -0.26816 0 63
272 287 37 0.793 0.784 9.078 8.618 -0.43734 -0.23216 0 63
272 273 38 0.8327 0.8357 12.275 11.926 -0.44934 -0.29216 1 62
272 348 39 0.7381 0.7105 12.815 14.212 -0.37134 -0.27416 0 63
272 442 40 0.6989 0.7007 16.263 15.649 -0.35934 -0.28616 0 63
272 295 41 0.7333 0.7067 11.321 13.802 -0.37134 -0.26816 0 63
272 377 42 0.699 0.7039 18.861 17.182 -0.35334 -0.30416 0 63
272 208 43 0.8067 0.8216 13.593 12.76 -0.43734 -0.29816 1 63
272 251 44 0.7995 0.804 11.47 10.925 -0.43734 -0.26816 0 63
272 282 45 0.8031 0.79 5.291 5.255 -0.45534 -0.19016 0 62
272 258 46 0.8124 0.7953 19.225 18.873 -0.38934 -0.36416 1 63
272 210 47 0.8088 0.8216 13.658 12.76 -0.43734 -0.29816 1 63
272 248 48 0.8113 0.8233 12.338 11.799 -0.44334 -0.28616 0 63
272 378 49 0.6942 0.698 12.319 14.104 -0.36534 -0.26816 0 62
327 374 0 0.7783 0.7714 7.064 7.016 -0.43734 -0.20816 0 63
327 405 1 0.7573 0.7414 17.215 17.338 -0.37134 -0.32216 0 63
327 466 2 0.7002 0.6999 17.762 16.784 -0.35334 -0.29816 0 64
327 363 3 0.7174 0.729 5.543 5.477 -0.41934 -0.17816 0 62
327 308 4 0.8141 0.8121 18.004 18.248 -0.40134 -0.36416 0 63
327 462 5 0.7332 0.7132 15.569 15.73 -0.36534 -0.29216 0 63
327 278 6 0.8463 0.8592 15.364 16.194 -0.43734 -0.35816 1 63
327 263 7 0.8401 0.8263 5.999 5.93 -0.47334 -0.20816 0 63
327 335 8 0.8426 0.8446 11.614 11.696 -0.45534 -0.29216 0 63
327 344 9 0.7732 0.766 9.6 9.047 -0.42534 -0.23216 0 63
327 342 10 0.7901 0.7745 17.505 18.15 -0.38334 -0.34616 0 63
327 406 11 0.7561 0.7374 16.723 16.962 -0.37134 -0.31616 0 63
327 317 12 0.7663 0.7267 13.536 14.715 -0.37734 -0.28616 0 63
327 409 13 0.7503 0.737 18.204 18.041 -0.36534 -0.32816 0 64
327 380 14 0.7703 0.7684 6.848 6.607 -0.43734 -0.20216 0 63
327 332 15 0.753 0.7569 10.166 9.269 -0.41934 -0.23216 0 63
327 315 16 0.8067 0.8129 10.927 10.698 -0.44334 -0.26816 0 63
327 305 17 0.7517 0.7243 11.824 13.222 -0.38334 -0.26816 0 64
327 369 18 0.7624 0.7595 8.34 8.237 -0.42534 -0.22016 0 63
327 316 19 0.8049 0.8095 10.342 10.325 -0.44334 -0.26216 0 63
327 495 20 0.6925 0.7007 15.661 15.649 -0.35934 -0.28616 0 63
327 245 21 0.8155 0.8178 15.075 15.662 -0.41934 -0.33416 0 63
327 349 22 0.7149 0.7197 7.787 7.182 -0.40734 -0.19616 0 63
327 334 23 0.8022 0.7899 8.122 8.019 -0.44334 -0.22616 0 63
327 368 24 0.7203 0.7319 5.966 5.912 -0.41934 -0.18416 0 62
327 318 25 0.8048 0.8028 9.806 9.569 -0.44334 -0.25016 0 63
327 341 26 0.7434 0.7446 9.547 9.085 -0.41334 -0.22616 0 63
327 305 27 0.8372 0.846 16.573 17.073 -0.42534 -0.36416 1 63
327 309 28 0.6955 0.7106 8.245 7.394 -0.40134 -0.19616 0 62
327 348 29 0.7044 0.7136 6.204 6.303 -0.40734 -0.18416 0 62
327 358 30 0.7889 0.7745 6.039 6.012 -0.44334 -0.19616 -0 63
327 387 31 0.7574 0.7532 6.049 5.963 -0.43134 -0.19016 0 63
327 360 32 0.784 0.7808 5.171 5.426 -0.44934 -0.19016 -0 63
327 384 33 0.7359 0.7441 6.012 6.151 -0.42534 -0.19016 0 63
327 281 34 0.8282 0.811 6.624 6.666 -0.46134 -0.21416 0 63
327 338 35 0.7087 0.7228 8.044 7.615 -0.40734 -0.20216 0 62
327 387 36 0.7658 0.758 17.658 17.753 -0.37734 -0.33416 0 63
327 340 37 0.7991 0.7867 7.871 7.624 -0.44334 -0.22016 0 63
327 337 38 0.8459 0.8665 17.678 17.762 -0.43134 -0.38216 0 63
327 318 39 0.8465 0.8585 16.461 17.12 -0.43134 -0.37016 0 63
327 360 40 0.7895 0.7775 6.306 6.42 -0.44334 -0.20216 0 63
327 460 41 0.7315 0.7093 15 15.33 -0.36534 -0.28616 0 63
327 447 42 0.7133 0.7017 13.081 14.517 -0.36534 -0.27416 0 63
327 332 43 0.7128 0.7259 8.59 8.045 -0.40734 -0.20816 0 63
327 297 44 0.8323 0.8393 13.214 12.28 -0.44934 -0.29816 0 63
327 410 45 0.7217 0.7067 12.381 13.802 -0.37134 -0.26816 0 63
327 258 46 0.8449 0.8326 5.859 5.381 -0.47934 -0.20216 0 63
327 284 47 0.829 0.8142 6.046 5.712 -0.46734 -0.20216 0 63
327 417 48 0.74 0.737 18.466 18.041 -0.36534 -0.32816 0 64
327 273 49 0.8317 0.811 6.718 6.666 -0.46134 -0.21416 0 63
381 307 0 0.8081 0.8128 13.698 13.007 -0.43134 -0.29816 0 64
381 507 1 0.7201 0.7105 13.727 14.212 -0.37134 -0.27416 0 64
381 473 2 0.7494 0.7374 16.759 16.962 -0.37134 -0.31616 0 64
381 415 3 0.7182 0.729 5.335 5.477 -0.41934 -0.17816 0 63
381 353 4 0.8203 0.808 6.355 6.276 -0.46134 -0.20816 0 63
381 421 5 0.7466 0.7473 8.33 8.036 -0.41934 -0.21416 0 63
381 493 6 0.7121 0.7079 18.264 17.574 -0.35334 -0.31016 -0 64
381 379 7 0.8076 0.7992 4.991 5.088 -0.46134 -0.19016 0 63
381 371 8 0.7161 0.7233 9.352 9.125 -0.40134 -0.22016 0 63
381 490 9 0.6983 0.698 12.68 14.104 -0.36534 -0.26816 0 63
381 402 10 0.7697 0.766 9.44 9.047 -0.42534 -0.23216 0 63
381 306 11 0.7824 0.7844 12.836 12.401 -0.41934 -0.28016 0 64
381 331 12 0.8376 0.8377 13.791 13.224 -0.44334 -0.31016 0 63
381 368 13 0.8071 0.8129 10.926 10.698 -0.44334 -0.26816 0 63
381 421 14 0.7237 0.7288 7.346 6.974 -0.41334 -0.19616 -0 63
381 399 15 0.7017 0.6994 10.995 12.97 -0.37134 -0.25616 0 63
381 464 16 0.7293 0.7245 18.882 18.003 -0.35934 -0.32216 0 64
381 315 17 0.7723 0.7441 13.147 14.129 -0.38934 -0.28616 0 64
381 333 18 0.6921 0.7078 9.137 8.494 -0.39534 -0.20816 0 63
381 452 19 0.7209 0.7245 19.27 18.003 -0.35934 -0.32216 0 64
381 533 20 0.6967 0.7017 14.157 14.517 -0.36534 -0.27416 0 63
381 473 21 0.731 0.7105 13.327 14.212 -0.37134 -0.27416 0 64
381 319 22 0.8334 0.8235 8.035 8.197 -0.46134 -0.23816 0 63
381 494 23 0.6905 0.698 12.868 14.104 -0.36534 -0.26816 0 63
381 440 24 0.7622 0.7592 6.824 6.799 -0.43134 -0.20216 -0 63
381 356 25 0.788 0.7917 11.209 10.778 -0.43134 -0.26216 0 64
381 348 26 0.6941 0.7046 8.664 8.055 -0.39534 -0.20216 0 63
381 343 27 0.8258 0.8335 16.629 17.025 -0.41934 -0.35816 1 63
381 306 28 0.8233 0.8326 14.285 13.822 -0.43734 -0.31616 0 64
381 532 29 0.7103 0.7055 14.1 14.926 -0.36534 -0.28016 0 63
381 381 30 0.8345 0.8342 10.468 10.622 -0.45534 -0.27416 0 63
381 393 31 0.799 0.7867 7.726 7.624 -0.44334 -0.22016 0 63
381 384 32 0.841 0.8466 10.495 10.764 -0.46134 -0.28016 0 63
381 344 33 0.8369 0.8429 13.414 12.632 -0.44934 -0.30416 0 63
381 377 34 0.7659 0.7343 14.453 15.499 -0.37734 -0.29816 0 64
381 366 35 0.8301 0.8371 18.267 18.309 -0.41334 -0.37616 0 63
381 335 36 0.7656 0.7649 12.032 11.498 -0.41334 -0.26216 0 64
381 416 37 0.783 0.7777 7.956 7.824 -0.43734 -0.22016 0 63
381 352 38 0.8259 0.825 17.06 17.314 -0.41334 -0.35816 0 63
381 388 39 0.7514 0.7279 12.849 13.625 -0.38334 -0.27416 0 64
381 426 40 0.7783 0.7745 5.945 6.012 -0.44334 -0.19616 -0 63
381 429 41 0.7743 0.7716 5.604 5.601 -0.44334 -0.19016 -0 63
381 372 42 0.807 0.7963 8.886 8.801 -0.44334 -0.23816 0 63
381 351 43 0.8202 0.808 6.581 6.276 -0.46134 -0.20816 0 63
381 328 44 0.7872 0.7671 15.201 16.397 -0.38934 -0.32216 0 64
381 292 45 0.7872 0.7728 14.246 14.703 -0.40134 -0.30416 0 64
381 429 46 0.7665 0.7654 7.715 7.621 -0.43134 -0.21416 0 63
381 488 47 0.6968 0.7039 18.444 17.182 -0.35334 -0.30416 0 64
381 360 48 0.7782 0.7793 11.083 10.626 -0.42534 -0.25616 0 64
381 365 49 0.7291 0.7278 10.678 11.046 -0.39534 -0.24416 0 64
436 465 0 0.7657 0.746 15.992 16.644 -0.37734 -0.31616 0 65
436 433 1 0.7661 0.7636 10.303 10.073 -0.41934 -0.24416 0 64
436 376 2 0.8405 0.8297 5.277 4.997 -0.47934 -0.19616 0 63
436 450 3 0.7955 0.79 5.226 5.255 -0.45534 -0.19016 -0 64
436 428 4 0.8408 0.85 17.4 17.401 -0.42534 -0.37016 0 64
436 461 5 0.7888 0.7827 18.939 18.85 -0.38334 -0.35816 0 64
436 456 6 0.7442 0.7504 9.048 8.451 -0.41934 -0.22016 -0 64
436 418 7 0.7586 0.7546 10.884 10.307 -0.41334 -0.24416 0 64
436 410 8 0.845 0.8546 16.33 16.794 -0.43134 -0.36416 1 64
436 451 9 0.7977 0.7897 6.594 6.637 -0.44934 -0.20816 -0 64
436 421 10 0.7019 0.7011 10.573 11.842 -0.37734 -0.24416 0 64
436 484 11 0.7464 0.7501 7.535 6.996 -0.42534 -0.20216 -0 64
436 441 12 0.7078 0.7197 7.81 7.182 -0.40734 -0.19616 -0 63
436 410 13 0.7487 0.7383 11.836 12.269 -0.39534 -0.26216 0 65
436 387 14 0.8326 0.8381 16.018 16.409 -0.42534 -0.35216 0 64
436 369 15 0.7693 0.7492 12.976 13.457 -0.39534 -0.28016 0 65
436 547 16 0.7263 0.7142 13.733 14.618 -0.37134 -0.28016 -0 64
436 405 17 0.693 0.7015 8.203 7.612 -0.39534 -0.19616 0 63
436 418 18 0.725 0.7244 10.558 10.631 -0.39534 -0.23816 0 64
436 516 19 0.7515 0.7454 17.94 17.71 -0.37134 -0.32816 0 65
436 559 20 0.7112 0.7124 17.854 16.846 -0.35934 -0.30416 -0 65
436 359 21 0.8386 0.8325 7.93 8.004 -0.46734 -0.23816 0 64
436 470 22 0.7164 0.7258 6.602 6.541 -0.41334 -0.19016 -0 63
436 362 23 0.8451 0.8326 5.737 5.381 -0.47934 -0.20216 0 64
436 473 24 0.7093 0.7082 11.516 12.684 -0.37734 -0.25616 0 64
436 464 25 0.7716 0.7625 16.637 17.071 -0.38334 -0.32816 0 65
436 472 26 0.7295 0.7382 4.812 5.293 -0.42534 -0.17816 -0 63
436 372 27 0.7762 0.7516 14.121 14.9 -0.38934 -0.29816 0 65
436 513 28 0.7554 0.7454 17.778 17.71 -0.37134 -0.32816 0 65
436 571 29 0.7238 0.7093 14.578 15.33 -0.36534 -0.28616 0 64
436 416 30 0.8156 0.8152 9.451 9.732 -0.44934 -0.25616 0 64
436 430 31 0.8266 0.8322 11.524 11.568 -0.44934 -0.28616 0 64
436 428 32 0.7933 0.779 17.091 17.48 -0.38934 -0.34016 0 64
436 560 33 0.696 0.698 13.167 14.104 -0.36534 -0.26816 -0 64
436 457 34 0.7925 0.7837 5.61 5.833 -0.44934 -0.19616 -0 64
436 426 35 0.8396 0.85 17.397 17.401 -0.42534 -0.37016 0 64
436 419 36 0.8147 0.8185 9.861 10.106 -0.44934 -0.26216 0 64
436 378 37 0.8219 0.8256 16.105 16.35 -0.41934 -0.34616 1 64
436 532 38 0.7386 0.7329 18.123 17.667 -0.36534 -0.32216 -0 65
436 410 39 0.8138 0.8078 19.219 18.894 -0.39534 -0.37016 0 64
436 491 40 0.7582 0.7592 7.095 6.799 -0.43134 -0.20216 -0 64
436 353 41 0.7993 0.7929 15.113 15.516 -0.40734 -0.32216 0 64
436 386 42 0.6953 0.7053 9.773 9.603 -0.38934 -0.22016 0 64
436 410 43 0.7506 0.7383 12.086 12.269 -0.39534 -0.26216 0 65
436 443 44 0.7985 0.7899 8.124 8.019 -0.44334 -0.22616 0 64
436 374 45 0.7981 0.8056 12.763 12.277 -0.43134 -0.28616 0 64
436 488 46 0.7358 0.7411 5.504 5.724 -0.42534 -0.18416 -0 64
436 439 47 0.8394 0.8377 11.007 10.983 -0.45534 -0.28016 0 64
436 479 48 0.7303 0.7382 5.222 5.293 -0.42534 -0.17816 -0 63
436 440 49 0.7985 0.7911 18.771 18.53 -0.38934 -0.35816 0 64
490 650 0 0.7143 0.7093 15.505 15.33 -0.36534 -0.28616 -0 65
490 552 1 0.7605 0.7539 17.142 17.387 -0.37734 -0.32816 -0 65
490 464 2 0.7116 0.712 10.178 10.462 -0.38934 -0.23216 -0 65
490 454 3 0.7021 0.7031 10.134 10.719 -0.38334 -0.23216 -0 64
490 635 4 0.7062 0.7085 17.195 16.451 -0.35934 -0.29816 -0 65
490 426 5 0.837 0.8413 14.088 13.572 -0.44334 -0.31616 0 65
490 538 6 0.7437 0.7474 5.14 5.114 -0.43134 -0.17816 -0 64
490 394 7 0.8013 0.7977 14.642 14.877 -0.41334 -0.31616 0 65
490 645 8 0.7114 0.7085 16.868 16.451 -0.35934 -0.29816 -0 65
490 529 9 0.7802 0.7702 18.985 18.827 -0.37734 -0.35216 0 65
490 553 10 0.7587 0.7577 19.166 18.803 -0.37134 -0.34616 -0 65
490 535 11 0.7329 0.7382 5.388 5.293 -0.42534 -0.17816 -0 64
490 567 12 0.7543 0.7454 17.82 17.71 -0.37134 -0.32816 -0 65
490 502 13 0.7026 0.7136 6.435 6.303 -0.40734 -0.18416 0 63
490 573 14 0.7515 0.7414 17.133 17.338 -0.37134 -0.32216 -0 65
490 439 15 0.8415 0.8377 13.672 13.224 -0.44334 -0.31016 0 64
490 507 16 0.7925 0.79 5.07 5.255 -0.45534 -0.19016 -0 64
490 395 17 0.793 0.7952 13.726 13.518 -0.41934 -0.29816 0 65
490 517 18 0.787 0.7786 18.628 18.502 -0.38334 -0.35216 0 65
490 408 19 0.8079 0.8164 13.763 13.367 -0.43134 -0.30416 0 65
490 464 20 0.8142 0.8049 7.471 7.239 -0.45534 -0.22016 -0 64
490 438 21 0.8148 0.8085 16.45 16.925 -0.40734 -0.34616 0 65
490 485 22 0.7045 0.7011 10.825 11.842 -0.37734 -0.24416 -0 64
490 475 23 0.7668 0.7468 14.773 15.579 -0.38334 -0.30416 0 65
490 465 24 0.8161 0.8113 5.56 5.32 -0.46734 -0.19616 -0 64
490 539 25 0.766 0.7623 7.502 7.212 -0.43134 -0.20816 -0 64
490 453 26 0.7013 0.7087 10.04 10.034 -0.38934 -0.22616 -0 64
490 567 27 0.6968 0.6994 18.885 17.922 -0.34734 -0.31016 -0 66
490 468 28 0.8271 0.829 17.479 17.649 -0.41334 -0.36416 0 64
490 471 29 0.7185 0.7266 9.826 9.548 -0.40134 -0.22616 -0 65
490 489 30 0.7684 0.7507 15.462 15.957 -0.38334 -0.31016 -0 65
490 430 31 0.7669 0.7492 13.234 13.457 -0.39534 -0.28016 0 65
490 539 32 0.7411 0.741 7.432 7.197 -0.41934 -0.20216 -0 64
490 492 33 0.8446 0.85 10.889 11.119 -0.46134 -0.28616 0 64
490 467 34 0.814 0.8086 8.968 8.977 -0.44934 -0.24416 0 64
490 481 35 0.8054 0.7958 7.74 7.429 -0.44934 -0.22016 -0 64
490 437 36 0.7862 0.7862 12.026 11.395 -0.42534 -0.26816 0 65
490 488 37 0.8034 0.7992 5.243 5.088 -0.46134 -0.19016 -0 64
490 640 38 0.7076 0.7085 17.023 16.451 -0.35934 -0.29816 -0 65
490 474 39 0.7996 0.8006 10.668 10.549 -0.43734 -0.26216 0 64
490 442 40 0.7775 0.7593 14.934 15.656 -0.38934 -0.31016 0 65
490 422 41 0.8032 0.8092 13.147 12.644 -0.43134 -0.29216 0 65
490 647 42 0.7167 0.7093 15.413 15.33 -0.36534 -0.28616 -0 65
490 528 43 0.7214 0.7228 6.012 6.105 -0.41334 -0.18416 -0 64
490 543 44 0.7706 0.762 18.142 18.115 -0.37734 -0.34016 0 65
490 636 45 0.7156 0.7085 16.968 16.451 -0.35934 -0.29816 -0 65
490 471 46 0.7798 0.7671 15.939 16.397 -0.38934 -0.32216 0 65
490 538 47 0.7737 0.7702 19.051 18.827 -0.37734 -0.35216 0 65
490 481 48 0.7944 0.7939 10.184 9.786 -0.43734 -0.25016 0 65
490 520 49 0.7818 0.7808 5.183 5.426 -0.44934 -0.19016 -0 64
544 627 0 0.7422 0.7257 15.134 15.809 -0.37134 -0.29816 -0 66
544 476 1 0.7767 0.7641 14.457 14.988 -0.39534 -0.30416 0 66
544 522 2 0.7825 0.7793 10.877 10.626 -0.42534 -0.25616 0 65
544 464 3 0.7838 0.7844 12.794 12.401 -0.41934 -0.28016 0 66
544 701 4 0.7177 0.7132 15.542 15.73 -0.36534 -0.29216 -0 66
544 500 5 0.8178 0.8269 12.798 12.16 -0.44334 -0.29216 0 65
544 699 6 0.6914 0.6931 14.542 14.829 -0.35934 -0.27416 -0 65
544 524 7 0.8093 0.7996 8.961 9.186 -0.44334 -0.24416 -0 65
544 634 8 0.7176 0.7204 18.551 17.621 -0.35934 -0.31616 -0 67
544 524 9 0.8261 0.8269 12.462 12.16 -0.44334 -0.29216 0 65
544 505 10 0.7044 0.7087 9.691 10.034 -0.38934 -0.22616 -0 65
544 477 11 0.8358 0.8263 6.198 5.93 -0.47334 -0.20816 -0 65
544 451 12 0.7894 0.7916 13.418 13.149 -0.41934 -0.29216 0 66
544 631 13 0.7336 0.7142 13.97 14.618 -0.37134 -0.28016 -0 66
544 532 14 0.8061 0.8062 9.904 9.948 -0.44334 -0.25616 0 65
544 622 15 0.6951 0.6943 12.435 13.686 -0.36534 -0.26216 -0 65
544 579 16 0.7721 0.7658 4.697 4.769 -0.44334 -0.17816 -1 65
544 509 17 0.705 0.7087 10.03 10.034 -0.38934 -0.22616 -0 65
544 448 18 0.8094 0.8151 14.586 14.338 -0.42534 -0.31616 0 66
544 604 19 0.752 0.7382 15.666 15.884 -0.37734 -0.30416 -0 66
544 610 20 0.7613 0.7577 18.816 18.803 -0.37134 -0.34616 -0 66
544 454 21 0.8125 0.8151 14.434 14.338 -0.42534 -0.31616 0 66
544 543 22 0.7832 0.775 16.677 17.122 -0.38934 -0.33416 0 66
544 504 23 0.6985 0.7078 8.979 8.494 -0.39534 -0.20816 -0 64
544 565 24 0.7126 0.7166 7.118 6.744 -0.40734 -0.19016 -0 64
544 602 25 0.76 0.7577 19.25 18.803 -0.37134 -0.34616 -0 66
544 489 26 0.8478 0.8501 13.742 13.327 -0.44934 -0.31616 0 65
544 543 27 0.7261 0.7171 11.418 12.404 -0.38334 -0.25616 -0 66
544 501 28 0.8141 0.8125 16.746 17.268 -0.40734 -0.35216 0 65
544 676 29 0.7286 0.721 16.579 16.518 -0.36534 -0.30416 -0 66
544 512 30 0.6955 0.6976 10.477 11.414 -0.37734 -0.23816 -0 65
544 514 31 0.7979 0.804 11.238 10.925 -0.43734 -0.26816 0 65
544 646 32 0.7202 0.7204 18.337 17.621 -0.35934 -0.31616 -0 66
544 557 33 0.7723 0.7625 16.375 17.071 -0.38334 -0.32816 0 66
544 558 34 0.7825 0.7705 17.32 17.794 -0.38334 -0.34016 -0 66
544 536 35 0.7268 0.7224 11.2 11.72 -0.38934 -0.25016 -0 66
544 595 36 0.7335 0.7192 12.946 13.915 -0.37734 -0.27416 -0 66
544 518 37 0.816 0.8162 18.741 18.583 -0.40134 -0.37016 0 65
544 585 38 0.7308 0.7382 5.164 5.293 -0.42534 -0.17816 -0 65
544 488 39 0.8398 0.836 4.778 4.457 -0.48534 -0.19016 -0 64
544 587 40 0.7006 0.6994 11.73 12.97 -0.37134 -0.25616 -0 65
544 531 41 0.7984 0.7915 17.284 17.524 -0.39534 -0.34616 0 65
544 645 42 0.7055 0.7067 12.877 13.802 -0.37134 -0.26816 -0 65
544 703 43 0.7057 0.7055 14.856 14.926 -0.36534 -0.28016 -0 65
544 457 44 0.8473 0.8385 6.14 6.142 -0.47934 -0.21416 -0 65
544 677 45 0.7057 0.7017 13.634 14.517 -0.36534 -0.27416 -0 65
544 574 46 0.7629 0.746 16.059 16.644 -0.37734 -0.31616 -0 66
544 511 47 0.833 0.8335 16.75 17.025 -0.41934 -0.35816 0 65
544 518 48 0.751 0.7491 11.072 10.952 -0.40734 -0.25016 -0 66
544 484 49 0.8353 0.8342 15.72 16.072 -0.42534 -0.34616 0 65
599 616 0 0.7514 0.7537 9.243 8.861 -0.41934 -0.22616 -0 66
599 579 1 0.8232 0.8185 9.952 10.106 -0.44934 -0.26216 -0 66
599 599 2 0.7042 0.7106 7.637 7.394 -0.40134 -0.19616 -0 65
599 600 3 0.7077 0.7169 4.781 5.221 -0.41334 -0.17216 -0 65
599 595 4 0.7969 0.7963 8.845 8.801 -0.44334 -0.23816 -0 66
599 756 5 0.6932 0.6969 14.77 15.241 -0.35934 -0.28016 -0 66
599 558 6 0.7036 0.7143 9.504 9.361 -0.39534 -0.22016 -0 65
599 537 7 0.8369 0.8326 5.588 5.381 -0.47934 -0.20216 -0 65
599 617 8 0.7413 0.7414 8.811 8.67 -0.41334 -0.22016 -0 66
599 558 9 0.7693 0.7554 14.641 15.28 -0.38934 -0.30416 -0 67
599 556 10 0.8161 0.8125 16.839 17.268 -0.40734 -0.35216 0 66
599 637 11 0.7639 0.7654 7.992 7.621 -0.43134 -0.21416 -0 66
599 664 12 0.7515 0.7421 16.057 16.266 -0.37734 -0.31016 -0 67
599 598 13 0.8017 0.7928 7.237 7.035 -0.44934 -0.21416 -0 66
599 519 14 0.7845 0.7804 14.879 15.44 -0.40134 -0.31616 0 67
599 750 15 0.7095 0.7085 16.833 16.451 -0.35934 -0.29816 -0 67
599 668 16 0.7567 0.7495 17.958 18.079 -0.37134 -0.33416 -0 67
599 505 17 0.8427 0.8385 7.357 7.444 -0.47334 -0.23216 -0 66
599 623 18 0.7158 0.7166 7.022 6.744 -0.40734 -0.19016 -0 65
599 578 19 0.848 0.8546 16.637 16.794 -0.43134 -0.36416 0 66
599 595 20 0.7508 0.7513 10.231 9.903 -0.41334 -0.23816 -0 66
599 502 21 0.8056 0.8114 14.215 13.982 -0.42534 -0.31016 0 66
599 643 22 0.7644 0.7654 7.735 7.621 -0.43134 -0.21416 -0 66
599 556 23 0.8247 0.8205 5.47 5.157 -0.47334 -0.19616 -0 65
599 642 24 0.7678 0.7687 5.238 5.187 -0.44334 -0.18416 -0 65
599 600 25 0.7974 0.7953 18.941 18.873 -0.38934 -0.36416 0 66
599 532 26 0.7697 0.7684 12.36 11.887 -0.41334 -0.26816 0 67
599 558 27 0.6977 0.7078 8.875 8.494 -0.39534 -0.20816 -0 65
599 529 28 0.8482 0.8481 4.886 4.688 -0.49134 -0.19616 -0 65
599 604 29 0.7569 0.7569 9.8 9.269 -0.41934 -0.23216 -0 66
599 718 30 0.723 0.7164 17.565 17.236 -0.35934 -0.31016 -0 67
599 566 31 0.785 0.7827 11.159 11.012 -0.42534 -0.26216 0 66
599 508 32 0.8441 0.8448 7.931 8.185 -0.47334 -0.24416 -0 66
599 532 33 0.7967 0.8056 12.567 12.277 -0.43134 -0.28616 0 66
599 518 34 0.7742 0.7653 13.834 13.951 -0.40134 -0.29216 0 67
599 590 35 0.8476 0.8496 18.554 18.338 -0.41934 -0.38216 0 65
599 569 36 0.8413 0.8429 13.032 12.632 -0.44934 -0.30416 0 65
599 504 37 0.7961 0.804 13.51 13.26 -0.42534 -0.29816 0 67
599 561 38 0.807 0.8 16.903 17.221 -0.40134 -0.34616 0 66
599 549 39 0.8432 0.8467 15.934 16.134 -0.43134 -0.35216 0 66
599 568 40 0.8351 0.8393 12.909 12.28 -0.44934 -0.29816 0 66
599 650 41 0.7633 0.7539 17.076 17.387 -0.37734 -0.32816 -0 67
599 518 42 0.8138 0.8201 13.899 13.724 -0.43134 -0.31016 0 66
599 629 43 0.7717 0.7718 8.574 8.431 -0.43134 -0.22616 -0 66
599 623 44 0.7821 0.7808 8.271 8.223 -0.43734 -0.22616 -0 66
599 564 45 0.8158 0.8081 7.774 7.627 -0.45534 -0.22616 -0 66
599 585 46 0.7262 0.7224 11.051 11.72 -0.38934 -0.25016 -0 66
599 496 47 0.7904 0.7902 13.972 14.151 -0.41334 -0.30416 0 67
599 640 48 0.7733 0.7716 5.369 5.601 -0.44334 -0.19016 -1 65
599 536 49 0.8309 0.8263 6.286 5.93 -0.47334 -0.20816 -0 66
653 586 0 0.8463 0.8389 4.769 4.841 -0.48534 -0.19616 -0 65
653 650 1 0.7537 0.7354 13.953 14.418 -0.38334 -0.28616 -0 68
653 791 2 0.7001 0.7017 13.815 14.517 -0.36534 -0.27416 -0 67
653 595 3 0.8401 0.836 4.714 4.457 -0.48534 -0.19016 -0 65
653 623 4 0.7123 0.712 10.126 10.462 -0.38934 -0.23216 -0 67
653 602 5 0.8414 0.8377 13.553 13.224 -0.44334 -0.31016 0 66
653 727 6 0.7048 0.7119 18.794 17.963 -0.35334 -0.31616 -0 68
653 695 7 0.7741 0.7716 5.642 5.601 -0.44334 -0.19016 -1 66
653 701 8 0.7371 0.7349 6.237 6.344 -0.41934 -0.19016 -1 66
653 782 9 0.7201 0.7142 14.25 14.618 -0.37134 -0.28016 -0 67
653 629 10 0.7785 0.7671 16.041 16.397 -0.38934 -0.32216 -0 67
653 759 11 0.7229 0.7204 18.07 17.621 -0.35934 -0.31616 -0 68
653 629 12 0.7302 0.7278 10.74 11.046 -0.39534 -0.24416 -0 67
653 672 13 0.7164 0.7198 5.155 5.665 -0.41334 -0.17816 -0 66
653 693 14 0.7493 0.7474 4.683 5.114 -0.43134 -0.17816 -1 66
653 711 15 0.7536 0.746 16.238 16.644 -0.37734 -0.31616 -0 68
653 675 16 0.7841 0.7786 18.17 18.502 -0.38334 -0.35216 -0 67
653 714 17 0.7512 0.7421 15.92 16.266 -0.37734 -0.31016 -0 68
653 692 18 0.7729 0.7687 5.273 5.187 -0.44334 -0.18416 -1 66
653 640 19 0.8407 0.8456 17.898 18.014 -0.41934 -0.37616 0 66
653 645 20 0.7105 0.714 4.361 4.773 -0.41334 -0.16616 -0 66
653 705 21 0.7414 0.7411 5.794 5.724 -0.42534 -0.18416 -1 66
653 626 22 0.8419 0.8412 18.972 18.634 -0.41334 -0.38216 0 66
653 703 23 0.7387 0.7411 5.858 5.724 -0.42534 -0.18416 -1 66
653 564 24 0.8118 0.814 15.162 15.313 -0.41934 -0.32816 0 67
653 675 25 0.7765 0.775 8.948 8.83 -0.43134 -0.23216 -0 66
653 604 26 0.8289 0.8234 5.478 5.545 -0.47334 -0.20216 -0 66
653 570 27 0.7766 0.769 14.236 14.328 -0.40134 -0.29816 0 68
653 609 28 0.8248 0.8205 5.42 5.157 -0.47334 -0.19616 -0 66
653 713 29 0.7164 0.7201 19.231 18.727 -0.35334 -0.32816 -0 68
653 721 30 0.7404 0.7267 14.29 14.715 -0.37734 -0.28616 -0 68
653 596 31 0.8117 0.818 12.936 12.399 -0.43734 -0.29216 0 67
653 767 32 0.733 0.7218 15.26 15.416 -0.37134 -0.29216 -0 68
653 575 33 0.7876 0.7804 15.117 15.44 -0.40134 -0.31616 -0 67
653 595 34 0.8078 0.8145 12.66 12.035 -0.43734 -0.28616 0 67
653 689 35 0.7795 0.7745 7.631 7.421 -0.43734 -0.21416 -0 66
653 640 36 0.8437 0.8496 18.333 18.338 -0.41934 -0.38216 0 66
653 653 37 0.7409 0.7331 12.544 12.942 -0.38934 -0.26816 -0 68
653 595 38 0.6918 0.6988 8.842 8.728 -0.38934 -0.20816 -0 65
653 600 39 0.8225 0.8172 7.493 7.437 -0.46134 -0.22616 -0 66
653 664 40 0.7858 0.783 17.73 17.833 -0.38934 -0.34616 -0 67
653 788 41 0.7213 0.721 16.731 16.518 -0.36534 -0.30416 -1 68
653 573 42 0.8349 0.8263 7.39 7.252 -0.46734 -0.22616 -0 67
653 669 43 0.7809 0.775 8.913 8.83 -0.43134 -0.23216 -0 67
653 705 44 0.7502 0.7501 6.89 6.996 -0.42534 -0.20216 -1 66
653 700 45 0.7702 0.762 17.988 18.115 -0.37734 -0.34016 -0 67
653 710 46 0.7631 0.7536 18.501 18.443 -0.37134 -0.34016 -0 68
653 718 47 0.743 0.7305 14.743 15.109 -0.37734 -0.29216 -0 68
653 702 48 0.7647 0.7623 7.05 7.212 -0.43134 -0.20816 -0 66
653 713 49 0.7558 0.7577 19.157 18.803 -0.37134 -0.34616 -0 68
708 667 0 0.6919 0.7015 7.966 7.612 -0.39534 -0.19616 -0 66
708 679 1 0.8439 0.846 16.679 17.073 -0.42534 -0.36416 0 67
708 694 2 0.8071 0.7992 5.204 5.088 -0.46134 -0.19016 -1 67
708 799 3 0.7372 0.7329 18.005 17.667 -0.36534 -0.32216 -0 69
708 720 4 0.7161 0.7228 7.78 7.615 -0.40734 -0.20216 -1 66
708 663 5 0.7907 0.7835 16.235 16.818 -0.39534 -0.33416 -0 68
708 728 6 0.7493 0.7504 8.873 8.451 -0.41934 -0.22016 -1 67
708 719 7 0.7092 0.7166 7.007 6.744 -0.40734 -0.19016 -1 66
708 683 8 0.8049 0.804 11.041 10.925 -0.43734 -0.26816 -0 67
708 766 9 0.7524 0.7421 16.08 16.266 -0.37734 -0.31016 -0 69
708 844 10 0.708 0.7017 13.977 14.517 -0.36534 -0.27416 -1 68
708 757 11 0.7647 0.7623 7.206 7.212 -0.43134 -0.20816 -1 67
708 760 12 0.7187 0.7119 12.352 13.098 -0.37734 -0.26216 -0 68
708 685 13 0.7991 0.7915 17.182 17.524 -0.39534 -0.34616 -0 68
708 737 14 0.7822 0.7808 5.33 5.426 -0.44934 -0.19016 -1 67
708 611 15 0.7923 0.789 14.784 15.156 -0.40734 -0.31616 -0 68
708 669 16 0.8245 0.8205 5.164 5.157 -0.47334 -0.19616 -1 67
708 609 17 0.8133 0.8189 14.785 14.692 -0.42534 -0.32216 0 68
708 732 18 0.7752 0.7718 8.664 8.431 -0.43134 -0.22616 -1 67
708 846 19 0.7131 0.7124 17.236 16.846 -0.35934 -0.30416 -0 69
708 738 20 0.7429 0.7473 8.184 8.036 -0.41934 -0.21416 -1 67
708 761 21 0.7591 0.7499 16.967 17.017 -0.37734 -0.32216 -0 68
708 756 22 0.7579 0.7595 5.249 5.361 -0.43734 -0.18416 -1 67
708 825 23 0.731 0.7218 15.471 15.416 -0.37134 -0.29216 -1 69
708 705 24 0.8441 0.8411 11.307 11.341 -0.45534 -0.28616 -0 67
708 770 25 0.7295 0.7326 19.221 18.753 -0.35934 -0.33416 -0 69
708 797 26 0.7395 0.737 18.053 18.041 -0.36534 -0.32816 -0 69
708 676 27 0.8226 0.829 17.516 17.649 -0.41334 -0.36416 0 67
708 671 28 0.7018 0.7031 10.362 10.719 -0.38334 -0.23216 -0 67
708 734 29 0.7854 0.7836 7.197 7.226 -0.44334 -0.21416 -1 67
708 789 30 0.7462 0.7454 17.634 17.71 -0.37134 -0.32816 -0 69
708 731 31 0.7552 0.7382 15.369 15.884 -0.37734 -0.30416 -0 68
708 677 32 0.7586 0.7441 13.831 14.129 -0.38934 -0.28616 -0 69
708 818 33 0.6986 0.698 13.215 14.104 -0.36534 -0.26816 -0 67
708 740 34 0.7217 0.7258 6.345 6.541 -0.41334 -0.19016 -1 66
708 771 35 0.7403 0.7452 19.09 18.779 -0.36534 -0.34016 -0 69
708 691 36 0.7841 0.7849 10.405 10.009 -0.43134 -0.25016 -0 68
708 675 37 0.7573 0.7441 13.601 14.129 -0.38934 -0.28616 -0 69
708 810 38 0.6973 0.7039 18.009 17.182 -0.35334 -0.30416 -0 69
708 690 39 0.8019 0.7972 10.169 10.169 -0.43734 -0.25616 -0 67
708 699 40 0.7165 0.7189 11.011 11.305 -0.38934 -0.24416 -0 68
708 693 41 0.819 0.8219 10.651 10.476 -0.44934 -0.26816 0 67
708 688 42 0.8332 0.8331 17.931 17.98 -0.41334 -0.37016 0 67
708 645 43 0.8354 0.8299 8.588 8.945 -0.46134 -0.25016 -0 67
708 723 44 0.7257 0.7261 4.522 5.038 -0.41934 -0.17216 -1 67
708 664 45 0.8145 0.818 12.597 12.399 -0.43734 -0.29216 0 67
708 777 46 0.7552 0.7536 18.341 18.443 -0.37134 -0.34016 -0 69
708 669 47 0.7535 0.7525 11.388 11.352 -0.40734 -0.25616 -0 68
708 678 48 0.8032 0.804 17.242 17.567 -0.40134 -0.35216 -0 68
708 857 49 0.6951 0.696 16.277 16.382 -0.35334 -0.29216 -0 68
762 871 0 0.694 0.698 13.27 14.104 -0.36534 -0.26816 -1 68
762 850 1 0.742 0.7296 16.047 16.197 -0.37134 -0.30416 -1 70
762 798 2 0.7303 0.7379 6.786 6.772 -0.41934 -0.19616 -1 67
762 737 3 0.8121 0.8164 11.349 11.068 -0.44334 -0.27416 -0 68
762 747 4 0.8251 0.8322 11.674 11.568 -0.44934 -0.28616 -0 68
762 801 5 0.7653 0.7539 17.213 17.387 -0.37734 -0.32816 -0 69
762 861 6 0.7002 0.7039 18.055 17.182 -0.35334 -0.30416 -0 70
762 838 7 0.7133 0.716 18.746 18.347 -0.35334 -0.32216 -0 70
762 761 8 0.7966 0.7953 18.999 18.873 -0.38934 -0.36416 0 69
762 850 9 0.7429 0.7414 17.278 17.338 -0.37134 -0.32216 -1 70
762 715 10 0.7804 0.7756 15.726 16.097 -0.39534 -0.32216 -0 69
762 926 11 0.698 0.7007 15.905 15.649 -0.35934 -0.28616 -1 69
762 747 12 0.7787 0.7759 10.362 10.236 -0.42534 -0.25016 -0 68
762 836 13 0.7523 0.7495 18.123 18.079 -0.37134 -0.33416 -0 70
762 680 14 0.7778 0.7728 14.551 14.703 -0.40134 -0.30416 -0 69
762 800 15 0.7275 0.7349 6.443 6.344 -0.41934 -0.19016 -1 67
762 699 16 0.7844 0.7756 15.521 16.097 -0.39534 -0.32216 -0 69
762 798 17 0.7409 0.7441 7.783 7.619 -0.41934 -0.20816 -1 68
762 736 18 0.8029 0.804 11.048 10.925 -0.43734 -0.26816 -0 68
762 721 19 0.7063 0.7143 9.586 9.361 -0.39534 -0.22016 -1 68
762 721 20 0.7038 0.712 10.234 10.462 -0.38934 -0.23216 -0 68
762 798 21 0.7234 0.7258 6.696 6.541 -0.41334 -0.19016 -1 67
762 855 22 0.724 0.7105 13.709 14.212 -0.37134 -0.27416 -1 69
762 838 23 0.7003 0.7031 12.563 13.388 -0.37134 -0.26216 -1 68
762 760 24 0.8018 0.7958 6.043 6.058 -0.45534 -0.20216 -1 68
762 659 25 0.8458 0.8416 7.658 7.816 -0.47334 -0.23816 -1 68
762 742 26 0.8236 0.8322 11.622 11.568 -0.44934 -0.28616 -0 68
762 741 27 0.8113 0.805 5.813 5.883 -0.46134 -0.20216 -1 68
762 715 28 0.827 0.8296 16.712 16.689 -0.41934 -0.35216 -0 68
762 741 29 0.7007 0.7048 4.794 4.956 -0.40734 -0.16616 -0 67
762 732 30 0.7903 0.7835 16.597 16.818 -0.39534 -0.33416 -0 69
762 835 31 0.7484 0.7374 16.588 16.962 -0.37134 -0.31616 -0 70
762 729 32 0.7069 0.712 10.264 10.462 -0.38934 -0.23216 -1 68
762 749 33 0.8447 0.8481 12.192 12.048 -0.45534 -0.29816 -0 67
762 681 34 0.77 0.7667 12.935 12.917 -0.40734 -0.28016 -0 70
762 786 35 0.7833 0.7744 19.244 19.178 -0.37734 -0.35816 -0 69
762 747 36 0.8183 0.8219 10.45 10.476 -0.44934 -0.26816 -0 68
762 822 37 0.758 0.7539 17.328 17.387 -0.37734 -0.32816 -0 69
762 739 38 0.8256 0.8269 12.355 12.16 -0.44334 -0.29216 -0 68
762 786 39 0.7074 0.7047 11.627 12.265 -0.37734 -0.25016 -1 68
762 914 40 0.7122 0.7046 16.15 16.052 -0.35934 -0.29216 -1 69
762 839 41 0.7235 0.7155 13.155 13.509 -0.37734 -0.26816 -1 69
762 743 42 0.8376 0.8415 17.658 17.688 -0.41934 -0.37016 -0 68
762 747 43 0.6954 0.7045 6.535 6.506 -0.40134 -0.18416 -1 66
762 657 44 0.7845 0.7865 13.725 13.782 -0.41334 -0.29816 -0 69
762 804 45 0.7344 0.7382 5.199 5.293 -0.42534 -0.17816 -1 67
762 829 46 0.7493 0.7421 16.273 16.266 -0.37734 -0.31016 -0 70
762 887 47 0.7193 0.7142 14.197 14.618 -0.37134 -0.28016 -1 69
762 700 48 0.8203 0.8252 13.395 13.117 -0.43734 -0.30416 -0 68
762 789 49 0.7826 0.7777 7.803 7.824 -0.43734 -0.22016 -1 68
54 183 0 0.8161 0.7007 17.235 15.649 -0.35934 -0.28616 1 62
54 191 1 0.7876 0.7007 15.424 15.649 -0.35934 -0.28616 0 62
54 195 2 0.7713 0.7007 17.384 15.649 -0.35934 -0.28616 1 62
54 184 3 0.8098 0.7007 12.829 15.649 -0.35934 -0.28616 1 62
54 183 4 0.7956 0.7007 7.059 15.649 -0.35934 -0.28616 1 62
54 233 5 0.6976 0.6969 14.3 15.241 -0.35934 -0.28016 0 62
54 183 6 0.7871 0.7007 6.101 15.649 -0.35934 -0.28616 1 62
54 196 7 0.7331 0.6969 11.066 15.241 -0.35934 -0.28016 0 62
54 182 8 0.7088 0.7007 8.15 15.649 -0.35934 -0.28616 1 62
54 186 9 0.7434 0.7007 9.68 15.649 -0.35934 -0.28616 1 62
54 180 10 0.7932 0.7007 10.183 15.649 -0.35934 -0.28616 1 62
54 181 11 0.8079 0.7007 10.34 15.649 -0.35934 -0.28616 1 62
54 234 12 0.7131 0.7007 16.055 15.649 -0.35934 -0.28616 0 62
54 184 13 0.8321 0.7007 4.932 15.649 -0.35934 -0.28616 0 61
54 234 14 0.7042 0.7007 16.417 15.649 -0.35934 -0.28616 0 62
54 182 15 0.7809 0.7007 9.046 15.649 -0.35934 -0.28616 1 62
54 191 16 0.7742 0.7007 17.935 15.649 -0.35934 -0.28616 0 62
54 182 17 0.7672 0.7007 8.645 15.649 -0.35934 -0.28616 1 62
54 182 18 0.8155 0.7007 13.235 15.649 -0.35934 -0.28616 1 61
54 196 19 0.758 0.7007 18.472 15.649 -0.35934 -0.28616 1 62
54 181 20 0.71 0.7007 6.411 15.649 -0.35934 -0.28616 1 62
54 190 21 0.7824 0.7007 13.341 15.649 -0.35934 -0.28616 1 62
54 183 22 0.8092 0.7007 18.502 15.649 -0.35934 -0.28616 1 62
54 216 23 0.7231 0.6969 12.869 15.241 -0.35934 -0.28016 0 62
54 181 24 0.8309 0.7007 11.544 15.649 -0.35934 -0.28616 1 62
54 229 25 0.6989 0.7007 17.28 15.649 -0.35934 -0.28616 0 62
54 183 26 0.7847 0.7007 5.999 15.649 -0.35934 -0.28616 1 62
54 185 27 0.8003 0.7007 17.762 15.649 -0.35934 -0.28616 1 62
54 182 28 0.8376 0.7007 18.217 15.649 -0.35934 -0.28616 1 62
54 183 29 0.8404 0.7007 16.168 15.649 -0.35934 -0.28616 1 62
54 204 30 0.7653 0.7007 15.562 15.649 -0.35934 -0.28616 0 62
54 183 31 0.8288 0.7007 13.252 15.649 -0.35934 -0.28616 1 62
54 196 32 0.7674 0.7007 13.177 15.649 -0.35934 -0.28616 1 62
54 182 33 0.8003 0.7007 19.32 15.649 -0.35934 -0.28616 1 62
54 186 34 0.7197 0.6969 9.378 15.241 -0.35934 -0.28016 1 62
54 210 35 0.755 0.7007 16.395 15.649 -0.35934 -0.28616 1 62
54 204 36 0.7522 0.7007 13.112 15.649 -0.35934 -0.28616 1 62
54 180 37 0.7858 0.7007 9.83 15.649 -0.35934 -0.28616 1 62
54 183 38 0.7809 0.7007 4.711 15.649 -0.35934 -0.28616 1 62
54 183 39 0.8268 0.7007 15.888 15.649 -0.35934 -0.28616 1 62
54 183 40 0.8415 0.7007 11.558 15.649 -0.35934 -0.28616 1 62
54 182 41 0.816 0.7007 8.57 15.649 -0.35934 -0.28616 1 62
54 183 42 0.7862 0.7007 5.749 15.649 -0.35934 -0.28616 1 62
54 183 43 0.8391 0.7007 19.251 15.649 -0.35934 -0.28616 1 62
54 186 44 0.7568 0.7007 10.394 15.649 -0.35934 -0.28616 1 62
54 183 45 0.7984 0.7007 18.932 15.649 -0.35934 -0.28616 1 62
54 183 46 0.7996 0.7007 12.934 15.649 -0.35934 -0.28616 1 62
54 183 47 0.8357 0.7007 18.904 15.649 -0.35934 -0.28616 1 62
54 180 48 0.7958 0.7007 9.706 15.649 -0.35934 -0.28616 1 62
54 183 49 0.8189 0.7007 7.392 15.649 -0.35934 -0.28616 0 62
109 183 0 0.7761 0.7007 4.945 15.649 -0.35934 -0.28616 1 62
109 249 1 0.7487 0.7132 15.911 15.73 -0.36534 -0.29216 0 62
109 240 2 0.7361 0.7085 18.277 16.451 -0.35934 -0.29816 0 62
109 183 3 0.7536 0.7007 7.449 15.649 -0.35934 -0.28616 1 62
109 208 4 0.7546 0.7046 19.04 16.052 -0.35934 -0.29216 1 62
109 286 5 0.7116 0.7007 15.741 15.649 -0.35934 -0.28616 0 62
109 197 6 0.784 0.7007 17.122 15.649 -0.35934 -0.28616 1 62
109 182 7 0.7508 0.7007 4.597 15.649 -0.35934 -0.28616 1 62
109 242 8 0.7158 0.7085 18.921 16.451 -0.35934 -0.29816 0 62
109 184 9 0.7955 0.7007 8.7 15.649 -0.35934 -0.28616 1 62
109 265 10 0.7142 0.6969 13.371 15.241 -0.35934 -0.28016 0 62
109 187 11 0.7235 0.6969 9.082 15.241 -0.35934 -0.28016 1 62
109 184 12 0.8298 0.7007 15.518 15.649 -0.35934 -0.28616 1 62
109 182 13 0.8091 0.7007 19.285 15.649 -0.35934 -0.28616 1 62
109 260 14 0.7358 0.7046 16.841 16.052 -0.35934 -0.29216 1 62
109 250 15 0.7301 0.7085 18.065 16.451 -0.35934 -0.29816 0 62
109 181 16 0.7352 0.7007 7.171 15.649 -0.35934 -0.28616 1 62
109 184 17 0.8383 0.7007 15.686 15.649 -0.35934 -0.28616 1 62
109 184 18 0.8472 0.7007 15.611 15.649 -0.35934 -0.28616 1 62
109 182 19 0.7582 0.7007 6.772 15.649 -0.35934 -0.28616 1 62
109 239 20 0.7363 0.7055 12.786 14.926 -0.36534 -0.28016 0 62
109 185 21 0.8136 0.7007 13.785 15.649 -0.35934 -0.28616 1 62
109 278 22 0.7236 0.7046 16.057 16.052 -0.35934 -0.29216 0 62
109 192 23 0.7569 0.6969 10.655 15.241 -0.35934 -0.28016 0 62
109 185 24 0.8444 0.7007 14.966 15.649 -0.35934 -0.28616 1 62
109 211 25 0.768 0.7093 13.516 15.33 -0.36534 -0.28616 0 62
109 185 26 0.8184 0.7007 16.217 15.649 -0.35934 -0.28616 1 62
109 183 27 0.8077 0.7007 11.924 15.649 -0.35934 -0.28616 1 62
109 196 28 0.7861 0.7007 14.201 15.649 -0.35934 -0.28616 0 62
109 181 29 0.8311 0.7007 10.627 15.649 -0.35934 -0.28616 1 62
109 183 30 0.8009 0.7007 11.41 15.649 -0.35934 -0.28616 1 62
109 274 31 0.7258 0.7046 16.386 16.052 -0.35934 -0.29216 0 62
109 266 32 0.7341 0.7046 16.292 16.052 -0.35934 -0.29216 0 62
109 182 33 0.7526 0.7007 7.492 15.649 -0.35934 -0.28616 1 62
109 210 34 0.7363 0.6969 11.101 15.241 -0.35934 -0.28016 1 62
109 181 35 0.6987 0.7007 4.624 15.649 -0.35934 -0.28616 1 61
109 248 36 0.6956 0.696 18.893 16.382 -0.35334 -0.29216 0 62
109 180 37 0.7022 0.7007 4.798 15.649 -0.35934 -0.28616 0 62
109 210 38 0.7028 0.6931 10.518 14.829 -0.35934 -0.27416 0 62
109 225 39 0.7421 0.7085 18.755 16.451 -0.35934 -0.29816 0 62
109 182 40 0.7497 0.7007 7.325 15.649 -0.35934 -0.28616 1 62
109 180 41 0.7087 0.7007 5.615 15.649 -0.35934 -0.28616 1 62
109 184 42 0.8277 0.7007 15.537 15.649 -0.35934 -0.28616 1 62
109 228 43 0.763 0.7132 15.895 15.73 -0.36534 -0.29216 0 62
109 183 44 0.8037 0.7007 5.423 15.649 -0.35934 -0.28616 0 62
109 182 45 0.7344 0.7007 4.963 15.649 -0.35934 -0.28616 1 62
109 185 46 0.7826 0.7007 11.181 15.649 -0.35934 -0.28616 0 62
109 182 47 0.7923 0.7007 9.979 15.649 -0.35934 -0.28616 1 62
109 180 48 0.6964 0.7007 6.837 15.649 -0.35934 -0.28616 1 62
109 216 49 0.723 0.7017 11.019 14.517 -0.36534 -0.27416 0 62
163 184 0 0.7927 0.7808 9.12 8.223 -0.43734 -0.22616 1 62
163 184 1 0.8345 0.7007 6.548 15.649 -0.35934 -0.28616 1 62
163 198 2 0.7925 0.7093 14.071 15.33 -0.36534 -0.28616 0 62
163 318 3 0.7297 0.7046 16.229 16.052 -0.35934 -0.29216 0 62
163 253 4 0.7378 0.7204 19.231 17.621 -0.35934 -0.31616 0 62
163 212 5 0.7816 0.7171 16.806 16.126 -0.36534 -0.29816 0 62
163 208 6 0.7858 0.7684 6.241 6.607 -0.43734 -0.20216 0 62
163 184 7 0.8311 0.7007 9.772 15.649 -0.35934 -0.28616 1 62
163 297 8 0.7322 0.7085 17.624 16.451 -0.35934 -0.29816 0 62
163 187 9 0.8324 0.7007 15.366 15.649 -0.35934 -0.28616 1 62
163 201 10 0.7886 0.7716 4.948 5.601 -0.44334 -0.19016 0 62
163 294 11 0.7453 0.7171 16.242 16.126 -0.36534 -0.29816 0 62
163 183 12 0.8324 0.7007 10.616 15.649 -0.35934 -0.28616 1 62
163 183 13 0.7852 0.7007 9.887 15.649 -0.35934 -0.28616 1 62
163 183 14 0.8114 0.7007 18.958 15.649 -0.35934 -0.28616 1 62
163 335 15 0.7154 0.7007 15.221 15.649 -0.35934 -0.28616 0 62
163 187 16 0.7981 0.7007 12.499 15.649 -0.35934 -0.28616 1 62
163 227 17 0.7574 0.7562 6.769 6.383 -0.43134 -0.19616 0 62
163 188 18 0.7791 0.7718 9.558 8.431 -0.43134 -0.22616 0 62
163 212 19 0.7498 0.7055 10.942 14.926 -0.36534 -0.28016 1 62
163 188 20 0.6945 0.6969 8.49 15.241 -0.35934 -0.28016 1 62
163 330 21 0.6998 0.7046 16.978 16.052 -0.35934 -0.29216 0 62
163 262 22 0.7594 0.721 16.724 16.518 -0.36534 -0.30416 0 62
163 201 23 0.7137 0.7288 7.544 6.974 -0.41334 -0.19616 1 62
163 184 24 0.6987 0.7198 5.092 5.665 -0.41334 -0.17816 1 62
163 195 25 0.8451 0.875 17.122 17.483 -0.43734 -0.38216 1 62
163 182 26 0.811 0.7007 9.526 15.649 -0.35934 -0.28616 1 62
163 267 27 0.7542 0.721 17.321 16.518 -0.36534 -0.30416 0 62
163 213 28 0.7514 0.7055 11.143 14.926 -0.36534 -0.28016 0 62
163 184 29 0.8357 0.7007 8.626 15.649 -0.35934 -0.28616 1 62
163 326 30 0.7072 0.6969 14.092 15.241 -0.35934 -0.28016 0 62
163 301 31 0.7065 0.7017 12.718 14.517 -0.36534 -0.27416 0 62
163 219 32 0.763 0.7055 12.197 14.926 -0.36534 -0.28016 1 62
163 185 33 0.8439 0.7007 4.963 15.649 -0.35934 -0.28616 0 62
163 184 34 0.8271 0.7007 18.202 15.649 -0.35934 -0.28616 1 62
163 239 35 0.7233 0.7017 10.976 14.517 -0.36534 -0.27416 0 62
163 287 36 0.6977 0.6999 18.984 16.784 -0.35334 -0.29816 0 62
163 200 37 0.794 0.7745 6.03 6.012 -0.44334 -0.19616 1 62
163 187 38 0.7046 0.729 4.623 5.477 -0.41934 -0.17816 0 62
163 235 39 0.7635 0.7093 13.3 15.33 -0.36534 -0.28616 0 62
163 206 40 0.7125 0.7258 6.286 6.541 -0.41334 -0.19016 0 62
163 225 41 0.7421 0.7471 7.106 6.575 -0.42534 -0.19616 0 62
163 188 42 0.6948 0.6969 8.48 15.241 -0.35934 -0.28016 1 62
163 226 43 0.7453 0.7471 7.103 6.575 -0.42534 -0.19616 0 62
163 210 44 0.7853 0.7661 18.774 18.473 -0.37734 -0.34616 0 62
163 184 45 0.8242 0.7007 5.67 15.649 -0.35934 -0.28616 0 62
163 243 46 0.7596 0.7495 18.315 18.079 -0.37134 -0.33416 0 62
163 196 47 0.7961 0.7806 7.033 6.824 -0.44334 -0.20816 0 62
163 184 48 0.8028 0.7007 8.412 15.649 -0.35934 -0.28616 1 62
163 184 49 0.8317 0.7007 11.824 15.649 -0.35934 -0.28616 1 62
218 227 0 0.8038 0.7827 18.566 18.85 -0.38334 -0.35816 1 62
218 352 1 0.7191 0.7017 13.292 14.517 -0.36534 -0.27416 0 62
218 198 2 0.7796 0.7759 11.398 10.236 -0.42534 -0.25016 1 63
218 245 3 0.7899 0.7779 4.468 5.016 -0.44934 -0.18416 0 62
218 241 4 0.7019 0.7166 6.924 6.744 -0.40734 -0.19016 0 62
218 188 5 0.8141 0.7007 14.68 15.649 -0.35934 -0.28616 1 62
218 275 6 0.7691 0.7624 5.808 5.78 -0.43734 -0.19016 0 62
218 272 7 0.7626 0.718 13.72 15.019 -0.37134 -0.28616 0 62
218 290 8 0.7332 0.7105 11.965 14.212 -0.37134 -0.27416 0 62
218 316 9 0.7284 0.7204 18.926 17.621 -0.35934 -0.31616 0 63
218 226 10 0.739 0.7017 10.459 14.517 -0.36534 -0.27416 1 63
218 195 11 0.827 0.8393 13.203 12.28 -0.44934 -0.29816 1 62
218 362 12 0.7321 0.7171 16.452 16.126 -0.36534 -0.29816 0 63
218 386 13 0.7007 0.7046 16.715 16.052 -0.35934 -0.29216 0 62
218 250 14 0.7627 0.7142 12.751 14.618 -0.37134 -0.28016 0 62
218 267 15 0.7365 0.741 7.842 7.197 -0.41934 -0.20216 0 62
218 227 16 0.7687 0.7055 12.378 14.926 -0.36534 -0.28016 0 63
218 251 17 0.7284 0.7017 10.799 14.517 -0.36534 -0.27416 0 63
218 228 18 0.8423 0.8535 11.914 11.472 -0.46134 -0.29216 1 62
218 183 19 0.8449 0.7007 6.3 15.649 -0.35934 -0.28616 1 62
218 280 20 0.7598 0.7592 6.811 6.799 -0.43134 -0.20216 0 62
218 236 21 0.848 0.8535 11.814 11.472 -0.46134 -0.29216 1 62
218 273 22 0.7606 0.7623 7.681 7.212 -0.43134 -0.20816 0 62
218 281 23 0.7595 0.7562 6.621 6.383 -0.43134 -0.19616 0 62
218 261 24 0.7018 0.698 10.565 14.104 -0.36534 -0.26816 0 62
218 233 25 0.7173 0.698 10.05 14.104 -0.36534 -0.26816 0 62
218 332 26 0.7257 0.7017 12.941 14.517 -0.36534 -0.27416 0 62
218 226 27 0.7373 0.7017 10.4 14.517 -0.36534 -0.27416 0 63
218 190 28 0.8115 0.7007 15.863 15.649 -0.35934 -0.28616 1 62
218 284 29 0.768 0.7414 17.16 17.338 -0.37134 -0.32216 0 63
218 189 30 0.8125 0.7007 16.792 15.649 -0.35934 -0.28616 1 63
218 280 31 0.7581 0.7592 6.941 6.799 -0.43134 -0.20216 0 62
218 205 32 0.7023 0.698 9.183 14.104 -0.36534 -0.26816 1 62
218 206 33 0.7707 0.7055 11.379 14.926 -0.36534 -0.28016 1 63
218 276 34 0.7616 0.7595 5.345 5.361 -0.43734 -0.18416 0 62
218 216 35 0.807 0.7963 9.083 8.801 -0.44334 -0.23816 1 62
218 201 36 0.82 0.7992 4.847 5.088 -0.46134 -0.19016 0 62
218 206 37 0.795 0.7972 10.813 10.169 -0.43734 -0.25616 0 62
218 251 38 0.7872 0.762 17.676 18.115 -0.37734 -0.34016 1 63
218 239 39 0.8463 0.8665 17.327 17.762 -0.43134 -0.38216 0 62
218 365 40 0.7026 0.6999 17.732 16.784 -0.35334 -0.29816 0 63
218 283 41 0.7585 0.7562 6.34 6.383 -0.43134 -0.19616 0 62
218 196 42 0.8005 0.7007 15.636 15.649 -0.35934 -0.28616 1 62
218 297 43 0.7517 0.718 13.588 15.019 -0.37134 -0.28616 0 62
218 184 44 0.8473 0.7007 5.923 15.649 -0.35934 -0.28616 1 62
218 199 45 0.845 0.8521 9.04 10.195 -0.46734 -0.27416 1 62
218 240 46 0.7488 0.7537 9.668 8.861 -0.41934 -0.22616 0 62
218 314 47 0.7276 0.7204 19.013 17.621 -0.35934 -0.31616 0 63
218 197 48 0.8139 0.8233 12.533 11.799 -0.44334 -0.28616 1 62
218 221 49 0.78 0.7093 13.204 15.33 -0.36534 -0.28616 0 62
272 228 0 0.8286 0.8421 16.028 16.742 -0.42534 -0.35816 1 63
272 346 1 0.7221 0.7067 11.943 13.802 -0.37134 -0.26816 0 63
272 203 2 0.8382 0.8141 7.216 7.053 -0.46134 -0.22016 0 63
272 244 3 0.6998 0.711 9.376 8.93 -0.39534 -0.21416 0 62
272 199 4 0.8017 0.7093 14.077 15.33 -0.36534 -0.28616 1 63
272 311 5 0.72 0.7288 7.366 6.974 -0.41334 -0.19616 0 62
272 278 6 0.7836 0.7815 10.041 9.619 -0.43134 -0.24416 0 63
272 214 7 0.8229 0.834 14.004 12.872 -0.44334 -0.30416 1 63
272 240 8 0.79 0.7585 15.372 16.703 -0.38334 -0.32216 0 63
272 333 9 0.7497 0.7503 5.376 5.54 -0.43134 -0.18416 0 62
272 280 10 0.8455 0.8446 12.134 11.696 -0.45534 -0.29216 1 62
272 327 11 0.7443 0.7501 7.441 6.996 -0.42534 -0.20216 0 63
272 350 12 0.7566 0.7495 18.114 18.079 -0.37134 -0.33416 0 63
272 236 13 0.8308 0.8205 5.196 5.157 -0.47334 -0.19616 0 62
272 303 14 0.7886 0.7808 5.14 5.426 -0.44934 -0.19016 0 63
272 257 15 0.826 0.8331 17.97 17.98 -0.41334 -0.37016 1 63
272 316 16 0.7766 0.7687 4.837 5.187 -0.44334 -0.18416 0 63
272 326 17 0.7642 0.7595 4.931 5.361 -0.43734 -0.18416 0 63
272 270 18 0.6983 0.7169 4.482 5.221 -0.41334 -0.17216 0 62
272 331 19 0.7314 0.7067 12.021 13.802 -0.37134 -0.26816 0 63
272 209 20 0.8376 0.8428 15.099 15.799 -0.43134 -0.34616 1 63
272 249 21 0.8221 0.8152 9.172 9.732 -0.44934 -0.25616 0 63
272 250 22 0.755 0.7105 11.424 14.212 -0.37134 -0.27416 1 63
272 317 23 0.7498 0.7142 12.843 14.618 -0.37134 -0.28016 0 63
272 268 24 0.8093 0.7867 7.871 7.624 -0.44334 -0.22016 0 63
272 263 25 0.7814 0.7759 10.685 10.236 -0.42534 -0.25016 0 63
272 408 26 0.7358 0.7171 16.275 16.126 -0.36534 -0.29816 0 63
272 275 27 0.8086 0.7958 6.284 6.058 -0.45534 -0.20216 0 62
272 272 28 0.8246 0.8287 11.311 11.207 -0.44934 -0.28016 0 63
272 241 29 0.7686 0.7142 12.253 14.618 -0.37134 -0.28016 0 63
272 300 30 0.7726 0.746 15.775 16.644 -0.37734 -0.31616 0 63
272 224 31 0.8313 0.811 6.874 6.666 -0.46134 -0.21416 0 63
272 335 32 0.7459 0.7441 6.064 6.151 -0.42534 -0.19016 0 62
272 286 33 0.783 0.7782 9.725 9.226 -0.43134 -0.23816 0 63
272 279 34 0.8063 0.7897 6.842 6.637 -0.44934 -0.20816 0 63
272 324 35 0.7759 0.7661 18.802 18.473 -0.37734 -0.34616 0 63
272 274 36 0.8374 0.8581 18.018 18.047 -0.42534 -0.38216 1 63
272 361 37 0.7343 0.7245 18.795 18.003 -0.35934 -0.32216 0 63
272 345 38 0.7529 0.718 14.173 15.019 -0.37134 -0.28616 0 63
272 312 39 0.7746 0.7686 8.411 8.028 -0.43134 -0.22016 0 63
272 261 40 0.8101 0.7996 17.87 18.216 -0.39534 -0.35816 1 63
272 398 41 0.7268 0.7124 17.696 16.846 -0.35934 -0.30416 0 63
272 224 42 0.7874 0.7986 12.289 11.534 -0.43134 -0.27416 1 63
272 275 43 0.8327 0.8446 11.965 11.696 -0.45534 -0.29216 0 62
272 264 44 0.8075 0.7996 9.452 9.186 -0.44334 -0.24416 0 63
272 335 45 0.7107 0.7031 11.45 13.388 -0.37134 -0.26216 0 63
272 229 46 0.8324 0.8142 5.85 5.712 -0.46734 -0.20216 0 62
272 274 47 0.7007 0.7169 4.435 5.221 -0.41334 -0.17216 0 62
272 429 48 0.7225 0.7132 16.048 15.73 -0.36534 -0.29216 0 63
272 262 49 0.6916 0.7077 4.662 5.409 -0.40734 -0.17216 0 62
327 439 0 0.7314 0.7289 17.777 17.288 -0.36534 -0.31616 0 64
327 265 1 0.8032 0.8092 13.189 12.644 -0.43134 -0.29216 0 63
327 269 2 0.8235 0.8256 15.818 16.35 -0.41934 -0.34616 1 63
327 307 3 0.8181 0.8021 5.665 5.487 -0.46134 -0.19616 0 63
327 368 4 0.7388 0.7445 4.414 4.685 -0.43134 -0.17216 0 63
327 370 5 0.7454 0.7441 8.14 7.619 -0.41934 -0.20816 0 63
327 293 6 0.8286 0.8335 16.606 17.025 -0.41934 -0.35816 1 63
327 295 7 0.8126 0.804 16.916 17.567 -0.40134 -0.35216 1 63
327 258 8 0.8344 0.839 15.091 15.461 -0.43134 -0.34016 1 63
327 414 9 0.694 0.7039 18.966 17.182 -0.35334 -0.30416 0 64
327 301 10 0.7014 0.7169 9.11 8.267 -0.40134 -0.20816 0 63
327 401 11 0.7325 0.7285 19.299 18.38 -0.35934 -0.32816 0 64
327 359 12 0.711 0.7228 5.814 6.105 -0.41334 -0.18416 0 62
327 327 13 0.6981 0.7077 4.877 5.409 -0.40734 -0.17216 0 62
327 271 14 0.8394 0.8326 5.569 5.381 -0.47934 -0.20216 0 63
327 318 15 0.7682 0.7305 13.902 15.109 -0.37734 -0.29216 0 63
327 383 16 0.7732 0.7661 18.418 18.473 -0.37734 -0.34616 0 63
327 250 17 0.8024 0.7881 15.179 16.163 -0.40134 -0.32816 0 63
327 347 18 0.7142 0.7228 7.964 7.615 -0.40734 -0.20216 0 63
327 340 19 0.848 0.8581 18.323 18.047 -0.42534 -0.38216 1 63
327 299 20 0.8183 0.799 7.689 7.821 -0.44934 -0.22616 0 63
327 425 21 0.7424 0.718 14.491 15.019 -0.37134 -0.28616 0 63
327 379 22 0.7456 0.7474 4.735 5.114 -0.43134 -0.17816 0 63
327 329 23 0.7718 0.7726 10.304 9.843 -0.42534 -0.24416 0 63
327 245 24 0.8137 0.8201 14.349 13.724 -0.43134 -0.31016 1 63
327 335 25 0.7242 0.7291 9.102 8.472 -0.40734 -0.21416 0 63
327 291 26 0.8295 0.8176 4.701 4.766 -0.47334 -0.19016 0 63
327 285 27 0.8337 0.8268 4.546 4.61 -0.47934 -0.19016 0 62
327 291 28 0.8283 0.8176 4.73 4.766 -0.47334 -0.19016 0 63
327 318 29 0.8284 0.8357 12.397 11.926 -0.44934 -0.29216 0 63
327 487 30 0.6963 0.7046 16.614 16.052 -0.35934 -0.29216 0 63
327 359 31 0.7845 0.7779 5.09 5.016 -0.44934 -0.18416 -0 63
327 489 32 0.7014 0.6969 14.472 15.241 -0.35934 -0.28016 0 63
327 287 33 0.8233 0.8112 8.11 8.012 -0.45534 -0.23216 0 63
327 369 34 0.7307 0.741 7.587 7.197 -0.41934 -0.20216 0 63
327 340 35 0.7582 0.7229 13.314 14.317 -0.37734 -0.28016 0 63
327 319 36 0.6973 0.7106 8.057 7.394 -0.40134 -0.19616 0 62
327 475 37 0.7265 0.7132 15.234 15.73 -0.36534 -0.29216 0 63
327 273 38 0.8408 0.8297 5.204 4.997 -0.47934 -0.19616 0 63
327 261 39 0.8357 0.8202 6.94 6.487 -0.46734 -0.21416 0 63
327 344 40 0.7985 0.7836 7.162 7.226 -0.44334 -0.21416 0 63
327 377 41 0.733 0.7411 5.324 5.724 -0.42534 -0.18416 0 63
327 277 42 0.7705 0.7229 12.861 14.317 -0.37734 -0.28016 0 63
327 316 43 0.7386 0.7423 10.616 10.14 -0.40734 -0.23816 0 63
327 300 44 0.8189 0.8269 12.726 12.16 -0.44334 -0.29216 1 63
327 387 45 0.7439 0.7142 13.207 14.618 -0.37134 -0.28016 0 63
327 325 46 0.7949 0.783 17.113 17.833 -0.38934 -0.34616 0 63
327 267 47 0.8177 0.817 15.838 16.634 -0.41334 -0.34616 1 63
327 321 48 0.824 0.8322 11.812 11.568 -0.44934 -0.28616 0 63
327 326 49 0.8049 0.7931 8.331 8.412 -0.44334 -0.23216 0 63
381 374 0 0.7343 0.7389 10.11 9.729 -0.40734 -0.23216 -0 64
381 455 1 0.7575 0.7495 18.323 18.079 -0.37134 -0.33416 0 64
381 358 2 0.8141 0.8233 12.214 11.799 -0.44334 -0.28616 1 63
381 431 3 0.7567 0.7343 15.146 15.499 -0.37734 -0.29816 0 64
381 458 4 0.7566 0.7454 17.452 17.71 -0.37134 -0.32816 0 64
381 344 5 0.8391 0.8421 16.156 16.742 -0.42534 -0.35816 0 63
381 428 6 0.7743 0.7716 5.747 5.601 -0.44334 -0.19016 -0 63
381 407 7 0.7091 0.7136 6.245 6.303 -0.40734 -0.18416 0 63
381 419 8 0.7822 0.7745 7.629 7.421 -0.43734 -0.21416 0 63
381 472 9 0.7476 0.7414 17.533 17.338 -0.37134 -0.32216 0 64
381 454 10 0.7567 0.7536 18.466 18.443 -0.37134 -0.34016 0 64
381 367 11 0.839 0.8496 18.881 18.338 -0.41934 -0.38216 0 63
381 522 12 0.6993 0.6999 17.545 16.784 -0.35334 -0.29816 0 64
381 352 13 0.8206 0.805 6.129 5.883 -0.46134 -0.20216 0 63
381 528 14 0.7182 0.7055 14.34 14.926 -0.36534 -0.28016 0 64
381 409 15 0.7582 0.7305 14.342 15.109 -0.37734 -0.29216 0 64
381 400 16 0.709 0.7082 11.077 12.684 -0.37734 -0.25616 0 63
381 412 17 0.7848 0.7777 8.123 7.824 -0.43734 -0.22016 -0 63
381 375 18 0.8003 0.7939 9.85 9.786 -0.43734 -0.25016 0 63
381 396 19 0.7933 0.7808 8.46 8.223 -0.43734 -0.22616 0 63
381 407 20 0.7849 0.7808 8.451 8.223 -0.43734 -0.22616 0 63
381 407 21 0.7876 0.7745 18.016 18.15 -0.38334 -0.34616 0 64
381 335 22 0.7698 0.7649 11.993 11.498 -0.41334 -0.26216 0 64
381 341 23 0.8341 0.8365 8.962 9.681 -0.46134 -0.26216 0 64
381 361 24 0.8191 0.8205 18.028 17.945 -0.40734 -0.36416 0 63
381 405 25 0.7077 0.7136 6.211 6.303 -0.40734 -0.18416 0 63
381 497 26 0.7381 0.7249 16.884 16.905 -0.36534 -0.31016 0 64
381 422 27 0.7433 0.7192 12.957 13.915 -0.37734 -0.27416 0 64
381 458 28 0.724 0.7245 19.171 18.003 -0.35934 -0.32216 0 64
381 551 29 0.7064 0.7046 16.167 16.052 -0.35934 -0.29216 0 64
381 545 30 0.6905 0.7007 15.985 15.649 -0.35934 -0.28616 0 64
381 341 31 0.8339 0.8421 16.211 16.742 -0.42534 -0.35816 0 63
381 440 32 0.7609 0.7592 6.673 6.799 -0.43134 -0.20216 0 63
381 372 33 0.8377 0.8456 18.387 18.014 -0.41934 -0.37616 0 63
381 307 34 0.8348 0.8351 14.837 15.12 -0.43134 -0.33416 1 64
381 341 35 0.8482 0.8465 13.577 12.981 -0.44934 -0.31016 0 63
381 530 36 0.726 0.7132 15.517 15.73 -0.36534 -0.29216 0 64
381 527 37 0.7267 0.7171 16.085 16.126 -0.36534 -0.29816 -0 64
381 540 38 0.703 0.7046 16.788 16.052 -0.35934 -0.29216 0 64
381 388 39 0.7464 0.7479 9.738 9.496 -0.41334 -0.23216 0 64
381 537 40 0.7166 0.7085 16.49 16.451 -0.35934 -0.29816 0 64
381 375 41 0.8441 0.8481 12.535 12.048 -0.45534 -0.29816 0 63
381 440 42 0.7613 0.7562 6.477 6.383 -0.43134 -0.19616 -0 63
381 362 43 0.8299 0.8308 9.61 10.258 -0.45534 -0.26816 0 63
381 290 44 0.7841 0.7828 13.522 13.41 -0.41334 -0.29216 0 64
381 351 45 0.7735 0.7429 14.487 15.196 -0.38334 -0.29816 0 64
381 441 46 0.7539 0.7562 6.584 6.383 -0.43134 -0.19616 0 63
381 299 47 0.8062 0.8164 13.88 13.367 -0.43134 -0.30416 0 64
381 347 48 0.7578 0.7331 12.419 12.942 -0.38934 -0.26816 0 64
381 351 49 0.7847 0.7827 11.323 11.012 -0.42534 -0.26216 0 64
436 431 0 0.7789 0.7726 10.288 9.843 -0.42534 -0.24416 0 64
436 445 1 0.7059 0.7169 5.082 5.221 -0.41334 -0.17216 0 63
436 446 2 0.738 0.7414 9.318 8.67 -0.41334 -0.22016 -0 64
436 464 3 0.7897 0.7837 5.684 5.833 -0.44934 -0.19616 -0 64
436 479 4 0.6931 0.6994 11.585 12.97 -0.37134 -0.25616 0 63
436 391 5 0.8237 0.8112 7.976 8.012 -0.45534 -0.23216 0 64
436 520 6 0.727 0.7105 13.062 14.212 -0.37134 -0.27416 -0 64
436 392 7 0.7948 0.7835 16.003 16.818 -0.39534 -0.33416 0 64
436 485 8 0.7487 0.7532 7.675 7.413 -0.42534 -0.20816 -0 64
436 442 9 0.7876 0.7873 9.399 9.011 -0.43734 -0.23816 0 64
436 343 10 0.8452 0.8385 7.348 7.444 -0.47334 -0.23216 0 64
436 409 11 0.7478 0.7437 11.674 11.606 -0.40134 -0.25616 0 65
436 406 12 0.8043 0.8075 11.824 11.299 -0.43734 -0.27416 0 64
436 372 13 0.7881 0.7756 15.159 16.097 -0.39534 -0.32216 0 64
436 403 14 0.8392 0.8365 9.252 9.681 -0.46134 -0.26216 0 64
436 355 15 0.7862 0.7844 12.934 12.401 -0.41934 -0.28016 0 64
436 482 16 0.7758 0.7661 18.614 18.473 -0.37734 -0.34616 0 64
436 436 17 0.8021 0.7911 18.388 18.53 -0.38934 -0.35816 0 64
436 507 18 0.7379 0.7229 13.572 14.317 -0.37734 -0.28016 -0 64
436 415 19 0.8172 0.8113 5.354 5.32 -0.46734 -0.19616 -0 64
436 472 20 0.7508 0.7563 8.363 7.826 -0.42534 -0.21416 -0 64
436 408 21 0.8248 0.8304 12.783 12.517 -0.44334 -0.29816 0 64
436 470 22 0.7857 0.7806 6.758 6.824 -0.44334 -0.20816 -0 64
436 401 23 0.8186 0.8053 8.349 8.595 -0.44934 -0.23816 0 64
436 464 24 0.751 0.7267 13.724 14.715 -0.37734 -0.28616 0 65
436 430 25 0.8406 0.8432 10.232 10.406 -0.46134 -0.27416 0 64
436 347 26 0.8428 0.8294 7.564 7.629 -0.46734 -0.23216 0 64
436 425 27 0.8118 0.8095 10.33 10.325 -0.44334 -0.26216 0 64
436 505 28 0.7541 0.7335 16.193 16.582 -0.37134 -0.31016 0 65
436 511 29 0.7459 0.7452 18.983 18.779 -0.36534 -0.34016 0 65
436 342 30 0.7998 0.7977 14.75 14.877 -0.41334 -0.31616 0 64
436 453 31 0.7499 0.7537 9.425 8.861 -0.41934 -0.22616 0 64
436 425 32 0.8083 0.799 7.78 7.821 -0.44934 -0.22616 0 64
436 442 33 0.8019 0.7929 5.704 5.658 -0.45534 -0.19616 -0 64
436 435 34 0.722 0.7291 9.143 8.472 -0.40734 -0.21416 -0 64
436 353 35 0.8216 0.8276 14.492 14.428 -0.43134 -0.32216 0 64
436 424 36 0.8029 0.7939 9.896 9.786 -0.43734 -0.25016 0 64
436 539 37 0.7158 0.7067 12.946 13.802 -0.37134 -0.26816 -0 64
436 421 38 0.8315 0.8331 17.987 17.98 -0.41334 -0.37016 0 64
436 496 39 0.7569 0.7562 6.396 6.383 -0.43134 -0.19616 -0 64
436 552 40 0.7341 0.7218 14.887 15.416 -0.37134 -0.29216 -0 64
436 424 41 0.8041 0.8062 10.082 9.948 -0.44334 -0.25616 0 64
436 364 42 0.7728 0.7528 13.353 13.846 -0.39534 -0.28616 0 65
436 467 43 0.7686 0.7686 8.62 8.028 -0.43134 -0.22016 -0 64
436 421 44 0.8089 0.7996 8.987 9.186 -0.44334 -0.24416 0 64
436 419 45 0.832 0.8371 18.28 18.309 -0.41334 -0.37616 0 64
436 484 46 0.7671 0.7539 16.969 17.387 -0.37734 -0.32816 0 65
436 597 47 0.7083 0.7055 14.933 14.926 -0.36534 -0.28016 -0 64
436 398 48 0.8282 0.8242 8.946 9.521 -0.45534 -0.25616 0 64
436 430 49 0.7583 0.7602 10.467 9.672 -0.41934 -0.23816 0 64
490 615 0 0.728 0.7249 17.119 16.905 -0.36534 -0.31016 -0 65
490 539 1 0.7722 0.7684 6.649 6.607 -0.43734 -0.20216 -0 64
490 659 2 0.7051 0.7007 15.593 15.649 -0.35934 -0.28616 -0 65
490 450 3 0.697 0.7078 8.931 8.494 -0.39534 -0.20816 0 64
490 481 4 0.8302 0.8357 12.072 11.926 -0.44934 -0.29216 0 64
490 543 5 0.745 0.7503 5.492 5.54 -0.43134 -0.18416 -0 64
490 499 6 0.7907 0.783 17.632 17.833 -0.38934 -0.34616 0 65
490 532 7 0.7678 0.7658 4.618 4.769 -0.44334 -0.17816 -0 64
490 524 8 0.7278 0.729 4.918 5.477 -0.41934 -0.17816 -0 64
490 518 9 0.7289 0.7353 4.356 4.859 -0.42534 -0.17216 -0 64
490 502 10 0.7939 0.7827 18.535 18.85 -0.38334 -0.35816 0 65
490 563 11 0.7534 0.7374 16.817 16.962 -0.37134 -0.31616 -0 65
490 468 12 0.816 0.8113 5.316 5.32 -0.46734 -0.19616 -0 64
490 538 13 0.7369 0.7382 5.162 5.293 -0.42534 -0.17816 -0 64
490 458 14 0.7809 0.7827 11.369 11.012 -0.42534 -0.26216 0 65
490 524 15 0.7571 0.7382 15.188 15.884 -0.37734 -0.30416 -0 65
490 411 16 0.8325 0.8313 14.806 14.775 -0.43134 -0.32816 0 65
490 478 17 0.8079 0.799 7.976 7.821 -0.44934 -0.22616 -0 64
490 467 18 0.7703 0.767 11.027 10.469 -0.41934 -0.25016 0 65
490 514 19 0.7527 0.7537 9.098 8.861 -0.41934 -0.22616 -0 65
490 501 20 0.7787 0.7782 9.551 9.226 -0.43134 -0.23816 0 65
490 449 21 0.8177 0.821 16.797 16.976 -0.41334 -0.35216 0 65
490 489 22 0.8031 0.7958 7.454 7.429 -0.44934 -0.22016 -0 64
490 656 23 0.6935 0.6969 15.337 15.241 -0.35934 -0.28016 -0 65
490 635 24 0.7247 0.7171 16.196 16.126 -0.36534 -0.29816 -0 65
490 459 25 0.7835 0.771 15.873 16.761 -0.38934 -0.32816 0 65
490 436 26 0.8146 0.8216 13.194 12.76 -0.43734 -0.29816 0 65
490 411 27 0.829 0.8363 14.469 14.17 -0.43734 -0.32216 0 65
490 564 28 0.7312 0.7192 13.191 13.915 -0.37734 -0.27416 -0 65
490 456 29 0.8341 0.8335 16.632 17.025 -0.41934 -0.35816 0 65
490 510 30 0.7605 0.7382 15.183 15.884 -0.37734 -0.30416 -0 65
490 435 31 0.8365 0.8297 5.274 4.997 -0.47934 -0.19616 -0 64
490 613 32 0.7207 0.7105 13.872 14.212 -0.37134 -0.27416 -0 65
490 646 33 0.7006 0.7046 16.677 16.052 -0.35934 -0.29216 -0 65
490 477 34 0.8015 0.7972 10.293 10.169 -0.43734 -0.25616 0 65
490 520 35 0.7643 0.7627 8.805 8.643 -0.42534 -0.22616 -0 65
490 466 36 0.8135 0.808 17.648 17.909 -0.40134 -0.35816 0 65
490 505 37 0.7889 0.784 8.65 8.618 -0.43734 -0.23216 0 64
490 545 38 0.7501 0.7532 6.203 5.963 -0.43134 -0.19016 -0 64
490 576 39 0.7473 0.7296 16.079 16.197 -0.37134 -0.30416 -0 65
490 450 40 0.8224 0.821 16.787 16.976 -0.41334 -0.35216 0 65
490 456 41 0.8204 0.808 6.361 6.276 -0.46134 -0.20816 -0 64
490 506 42 0.7748 0.775 9.318 8.83 -0.43134 -0.23216 -0 65
490 458 43 0.7515 0.7383 12.067 12.269 -0.39534 -0.26216 0 65
490 505 44 0.7062 0.7166 6.941 6.744 -0.40734 -0.19016 0 63
490 490 45 0.7367 0.7446 9.592 9.085 -0.41334 -0.22616 -0 65
490 495 46 0.7631 0.7602 10.081 9.672 -0.41934 -0.23816 0 65
490 530 47 0.7813 0.7745 5.968 6.012 -0.44334 -0.19616 -0 64
490 532 48 0.758 0.7421 15.649 16.266 -0.37734 -0.31016 0 65
490 439 49 0.8309 0.8234 5.793 5.545 -0.47334 -0.20216 -0 64
544 671 0 0.6981 0.698 13.328 14.104 -0.36534 -0.26816 -0 65
544 522 1 0.8441 0.8537 19.108 18.658 -0.41934 -0.38816 0 65
544 529 2 0.7875 0.7882 10.531 10.395 -0.43134 -0.25616 0 65
544 508 3 0.8169 0.8112 8.009 8.012 -0.45534 -0.23216 -0 65
544 600 4 0.7484 0.7471 6.597 6.575 -0.42534 -0.19616 -0 65
544 531 5 0.7902 0.7882 10.572 10.395 -0.43134 -0.25616 0 65
544 500 6 0.822 0.811 6.513 6.666 -0.46134 -0.21416 -0 65
544 459 7 0.7869 0.7766 14.754 15.073 -0.40134 -0.31016 0 66
544 687 8 0.7132 0.7124 17.239 16.846 -0.35934 -0.30416 -0 66
544 613 9 0.7426 0.7305 14.596 15.109 -0.37734 -0.29216 -0 66
544 481 10 0.7794 0.7679 14.824 15.361 -0.39534 -0.31016 0 66
544 527 11 0.7872 0.7882 10.693 10.395 -0.43134 -0.25616 0 65
544 533 12 0.7954 0.7915 17.202 17.524 -0.39534 -0.34616 0 65
544 476 13 0.8054 0.8006 15.834 16.227 -0.40734 -0.33416 0 66
544 596 14 0.7636 0.7562 6.474 6.383 -0.43134 -0.19616 -0 65
544 484 15 0.7934 0.7881 15.686 16.163 -0.40134 -0.32816 0 66
544 478 16 0.7825 0.7808 12.276 12.021 -0.41934 -0.27416 0 66
544 587 17 0.7699 0.7654 7.777 7.621 -0.43134 -0.21416 -0 65
544 527 18 0.8133 0.8121 18.169 18.248 -0.40134 -0.36416 0 65
544 466 19 0.8187 0.8201 14.014 13.724 -0.43134 -0.31016 0 65
544 449 20 0.7824 0.7792 13.422 13.035 -0.41334 -0.28616 0 66
544 446 21 0.8011 0.8026 14.145 14.246 -0.41934 -0.31016 0 66
544 484 22 0.8267 0.8289 13.748 13.471 -0.43734 -0.31016 0 65
544 513 23 0.8105 0.811 11.947 11.669 -0.43734 -0.28016 0 65
544 537 24 0.7072 0.714 4.352 4.773 -0.41334 -0.16616 -0 64
544 462 25 0.826 0.8313 14.833 14.775 -0.43134 -0.32816 0 65
544 482 26 0.7953 0.7881 15.668 16.163 -0.40134 -0.32816 0 66
544 513 27 0.795 0.7951 11.265 11.158 -0.43134 -0.26816 0 65
544 519 28 0.7121 0.712 10.247 10.462 -0.38934 -0.23216 -0 65
544 688 29 0.7224 0.7171 16.412 16.126 -0.36534 -0.29816 -0 66
544 578 30 0.7753 0.7686 8.027 8.028 -0.43134 -0.22016 -0 65
544 510 31 0.8421 0.8429 13.182 12.632 -0.44934 -0.30416 0 65
544 449 32 0.8045 0.8015 14.824 15.235 -0.41334 -0.32216 0 66
544 609 33 0.7579 0.7539 17.252 17.387 -0.37734 -0.32816 -0 66
544 508 34 0.8215 0.825 16.957 17.314 -0.41334 -0.35816 0 65
544 498 35 0.8296 0.8205 5.343 5.157 -0.47334 -0.19616 -0 65
544 705 36 0.6922 0.7007 15.808 15.649 -0.35934 -0.28616 -0 66
544 657 37 0.6943 0.698 13.083 14.104 -0.36534 -0.26816 -0 65
544 613 38 0.748 0.7382 15.579 15.884 -0.37734 -0.30416 -0 66
544 534 39 0.8338 0.8342 10.215 10.622 -0.45534 -0.27416 -0 65
544 602 40 0.7628 0.758 17.48 17.753 -0.37734 -0.33416 -0 66
544 562 41 0.7949 0.7867 6.179 6.236 -0.44934 -0.20216 -0 65
544 525 42 0.8146 0.8152 9.801 9.732 -0.44934 -0.25616 0 65
544 583 43 0.7583 0.7595 8.307 8.237 -0.42534 -0.22016 -0 65
544 532 44 0.8089 0.7992 4.935 5.088 -0.46134 -0.19016 -0 64
544 518 45 0.8394 0.846 16.737 17.073 -0.42534 -0.36416 0 65
544 599 46 0.7551 0.7562 6.695 6.383 -0.43134 -0.19616 -0 65
544 452 47 0.7856 0.788 13.299 12.776 -0.41934 -0.28616 0 66
544 622 48 0.7511 0.7374 16.66 16.962 -0.37134 -0.31616 -0 66
544 516 49 0.8093 0.804 17.222 17.567 -0.40134 -0.35216 0 65
599 601 0 0.7689 0.7692 9.978 9.447 -0.42534 -0.23816 -0 66
599 573 1 0.7141 0.712 10.283 10.462 -0.38934 -0.23216 -0 66
599 523 2 0.8362 0.8363 14.446 14.17 -0.43734 -0.32216 0 66
599 651 3 0.7407 0.7411 5.579 5.724 -0.42534 -0.18416 -1 65
599 573 4 0.8333 0.8371 18.728 18.309 -0.41334 -0.37616 0 66
599 583 5 0.7101 0.71 10.702 11.57 -0.38334 -0.24416 -0 66
599 571 6 0.824 0.8269 12.543 12.16 -0.44334 -0.29216 0 66
599 634 7 0.6988 0.6994 11.692 12.97 -0.37134 -0.25616 -0 65
599 595 8 0.7366 0.7295 12.007 12.539 -0.38934 -0.26216 -0 67
599 695 9 0.7423 0.7335 16.264 16.582 -0.37134 -0.31016 -0 67
599 634 10 0.7359 0.7353 4.679 4.859 -0.42534 -0.17216 -0 65
599 536 11 0.7906 0.7881 15.613 16.163 -0.40134 -0.32816 0 67
599 557 12 0.8266 0.8335 16.778 17.025 -0.41934 -0.35816 0 66
599 611 13 0.7517 0.7354 13.982 14.418 -0.38334 -0.28616 -0 67
599 649 14 0.7358 0.7411 5.626 5.724 -0.42534 -0.18416 -0 65
599 534 15 0.8341 0.8267 8.279 8.572 -0.46134 -0.24416 -0 66
599 575 16 0.6966 0.7048 4.752 4.956 -0.40734 -0.16616 -0 64
599 611 17 0.7959 0.7867 6.174 6.236 -0.44934 -0.20216 -0 65
599 674 18 0.7414 0.7305 14.8 15.109 -0.37734 -0.29216 -0 67
599 576 19 0.7334 0.7333 10.711 10.382 -0.40134 -0.23816 -0 66
599 686 20 0.7117 0.7067 12.759 13.802 -0.37134 -0.26816 -0 66
599 687 21 0.7355 0.718 14.419 15.019 -0.37134 -0.28616 -0 67
599 581 22 0.7674 0.767 10.778 10.469 -0.41934 -0.25016 -0 66
599 597 23 0.8444 0.8411 11.47 11.341 -0.45534 -0.28616 -0 65
599 581 24 0.8384 0.8415 17.405 17.688 -0.41934 -0.37016 0 66
599 518 25 0.803 0.7967 15.522 15.874 -0.40734 -0.32816 0 66
599 567 26 0.7689 0.7704 11.147 10.862 -0.41934 -0.25616 -0 66
599 616 27 0.7536 0.7391 14.496 14.809 -0.38334 -0.29216 -0 67
599 570 28 0.8068 0.804 17.197 17.567 -0.40134 -0.35216 0 66
599 584 29 0.8152 0.8198 11.382 11.435 -0.44334 -0.28016 0 66
599 600 30 0.7025 0.7075 7.128 6.952 -0.40134 -0.19016 -0 64
599 587 31 0.8247 0.8322 11.74 11.568 -0.44934 -0.28616 -0 66
599 609 32 0.7886 0.783 17.646 17.833 -0.38934 -0.34616 0 66
599 502 33 0.8051 0.8114 14.188 13.982 -0.42534 -0.31016 0 66
599 584 34 0.7033 0.714 4.533 4.773 -0.41334 -0.16616 -0 65
599 559 35 0.767 0.7704 11.39 10.862 -0.41934 -0.25616 -0 67
599 584 36 0.7949 0.7972 10.377 10.169 -0.43734 -0.25616 0 66
599 591 37 0.7254 0.7224 11.196 11.72 -0.38934 -0.25016 -0 66
599 708 38 0.7252 0.7204 17.83 17.621 -0.35934 -0.31616 -0 67
599 555 39 0.7661 0.7478 14.161 14.516 -0.38934 -0.29216 -0 67
599 578 40 0.7432 0.7423 10.596 10.14 -0.40734 -0.23816 -0 66
599 587 41 0.6986 0.7077 4.944 5.409 -0.40734 -0.17216 -0 64
599 642 42 0.7173 0.7119 12.034 13.098 -0.37734 -0.26216 -0 66
599 559 43 0.8231 0.8142 5.582 5.712 -0.46734 -0.20216 -0 65
599 579 44 0.8295 0.8331 18.017 17.98 -0.41334 -0.37016 0 66
599 587 45 0.8058 0.799 7.803 7.821 -0.44934 -0.22616 -0 66
599 740 46 0.7187 0.7124 16.831 16.846 -0.35934 -0.30416 -0 67
599 585 47 0.8175 0.8253 10.814 10.843 -0.44934 -0.27416 0 66
599 748 48 0.7142 0.7055 14.795 14.926 -0.36534 -0.28016 -0 66
599 712 49 0.7103 0.7079 17.974 17.574 -0.35334 -0.31016 -0 67
653 652 0 0.6966 0.7011 11.161 11.842 -0.37734 -0.24416 -0 66
653 698 1 0.7433 0.7501 7.069 6.996 -0.42534 -0.20216 -1 66
653 665 2 0.7206 0.7261 4.462 5.038 -0.41934 -0.17216 -1 66
653 675 3 0.7155 0.7197 7.161 7.182 -0.40734 -0.19616 -0 66
653 705 4 0.7394 0.7411 5.707 5.724 -0.42534 -0.18416 -1 66
653 693 5 0.7535 0.7563 8.056 7.826 -0.42534 -0.21416 -0 66
653 605 6 0.8234 0.8304 13.091 12.517 -0.44334 -0.29816 0 67
653 821 7 0.7007 0.7007 15.716 15.649 -0.35934 -0.28616 -0 67
653 704 8 0.7629 0.7624 5.615 5.78 -0.43734 -0.19016 -1 66
653 599 9 0.7963 0.8021 12.175 11.907 -0.43134 -0.28016 0 67
653 565 10 0.7869 0.788 12.942 12.776 -0.41934 -0.28616 0 67
653 737 11 0.7464 0.7335 16.578 16.582 -0.37134 -0.31016 -0 68
653 550 12 0.793 0.7902 14.156 14.151 -0.41334 -0.30416 0 67
653 818 13 0.7032 0.7007 15.624 15.649 -0.35934 -0.28616 -0 67
653 788 14 0.7056 0.7017 13.781 14.517 -0.36534 -0.27416 -0 67
653 704 15 0.756 0.7562 6.664 6.383 -0.43134 -0.19616 -1 66
653 692 16 0.725 0.7258 6.646 6.541 -0.41334 -0.19016 -1 66
653 572 17 0.8155 0.8178 15.628 15.662 -0.41934 -0.33416 0 67
653 729 18 0.7458 0.7296 15.906 16.197 -0.37134 -0.30416 -0 68
653 805 19 0.691 0.6921 16.144 15.976 -0.35334 -0.28616 -0 67
653 716 20 0.7274 0.7326 19.177 18.753 -0.35934 -0.33416 -0 68
653 725 21 0.7124 0.7031 12.527 13.388 -0.37134 -0.26216 -0 67
653 767 22 0.7324 0.7249 17.161 16.905 -0.36534 -0.31016 -0 68
653 570 23 0.8281 0.8313 14.661 14.775 -0.43134 -0.32816 0 67
653 579 24 0.786 0.7804 15.208 15.44 -0.40134 -0.31616 -0 67
653 694 25 0.7336 0.7382 5.022 5.293 -0.42534 -0.17816 -1 66
653 694 26 0.7737 0.7716 5.486 5.601 -0.44334 -0.19016 -1 66
653 649 27 0.7416 0.7331 12.469 12.942 -0.38934 -0.26816 -0 68
653 767 28 0.7128 0.7164 17.846 17.236 -0.35934 -0.31016 -0 68
653 760 29 0.7032 0.7079 18.079 17.574 -0.35334 -0.31016 -0 68
653 777 30 0.7222 0.7164 17.326 17.236 -0.35934 -0.31016 -0 68
653 655 31 0.7952 0.7931 8.543 8.412 -0.44334 -0.23216 -0 66
653 675 32 0.7115 0.7166 6.863 6.744 -0.40734 -0.19016 -0 65
653 621 33 0.7108 0.7176 9.707 9.788 -0.39534 -0.22616 -0 66
653 652 34 0.8399 0.8411 11.199 11.341 -0.45534 -0.28616 -0 66
653 770 35 0.6918 0.6999 17.578 16.784 -0.35334 -0.29816 -0 68
653 632 36 0.8264 0.8275 9.842 9.891 -0.45534 -0.26216 -0 66
653 671 37 0.741 0.7414 8.735 8.67 -0.41334 -0.22016 -0 66
653 637 38 0.8122 0.8129 10.464 10.698 -0.44334 -0.26816 0 66
653 576 39 0.7774 0.7641 14.472 14.988 -0.39534 -0.30416 -0 68
653 611 40 0.759 0.7404 13.447 13.737 -0.38934 -0.28016 -0 68
653 667 41 0.7579 0.7569 9.416 9.269 -0.41934 -0.23216 -0 67
653 658 42 0.7022 0.7106 5.559 5.858 -0.40734 -0.17816 -0 65
653 695 43 0.7344 0.7382 5.002 5.293 -0.42534 -0.17816 -1 66
653 629 44 0.8374 0.8398 9.743 10.045 -0.46134 -0.26816 -0 66
653 708 45 0.7429 0.7441 6.111 6.151 -0.42534 -0.19016 -1 66
653 668 46 0.7536 0.7391 14.529 14.809 -0.38334 -0.29216 -0 68
653 705 47 0.7387 0.7411 5.701 5.724 -0.42534 -0.18416 -1 66
653 641 48 0.6967 0.7045 6.895 6.506 -0.40134 -0.18416 -0 65
653 735 49 0.7049 0.7079 18.62 17.574 -0.35334 -0.31016 -0 68
708 691 0 0.8418 0.85 17.421 17.401 -0.42534 -0.37016 0 67
708 842 1 0.6918 0.698 14.068 14.104 -0.36534 -0.26816 -1 67
708 695 2 0.8045 0.8019 6.827 6.848 -0.45534 -0.21416 -1 67
708 755 3 0.7601 0.7624 5.986 5.78 -0.43734 -0.19016 -1 67
708 703 4 0.8027 0.7929 5.538 5.658 -0.45534 -0.19616 -1 67
708 721 5 0.7075 0.7136 6.142 6.303 -0.40734 -0.18416 -0 66
708 745 6 0.7458 0.7441 7.887 7.619 -0.41934 -0.20816 -1 67
708 660 7 0.7542 0.7507 12.315 12.402 -0.40134 -0.26816 -0 69
708 658 8 0.6979 0.702 9.144 9.167 -0.38934 -0.21416 -0 66
708 606 9 0.7983 0.7989 14.022 13.884 -0.41934 -0.30416 0 68
708 729 10 0.7168 0.7166 6.937 6.744 -0.40734 -0.19016 -1 66
708 752 11 0.7667 0.758 17.428 17.753 -0.37734 -0.33416 -0 68
708 834 12 0.7215 0.7142 14.602 14.618 -0.37134 -0.28016 -1 68
708 684 13 0.799 0.8006 10.799 10.549 -0.43734 -0.26216 -0 67
708 751 14 0.7316 0.7319 6.035 5.912 -0.41934 -0.18416 -1 67
708 719 15 0.6981 0.7047 11.489 12.265 -0.37734 -0.25016 -0 67
708 620 16 0.8139 0.814 15.291 15.313 -0.41934 -0.32816 -0 68
708 707 17 0.7237 0.7291 8.761 8.472 -0.40734 -0.21416 -0 67
708 707 18 0.7175 0.7259 8.376 8.045 -0.40734 -0.20816 -0 67
708 809 19 0.6915 0.6914 17.768 17.126 -0.34734 -0.29816 -0 69
708 674 20 0.7941 0.7951 11.199 11.158 -0.43134 -0.26816 -0 68
708 696 21 0.8482 0.854 18.052 17.726 -0.42534 -0.37616 0 67
708 767 22 0.7196 0.7119 12.532 13.098 -0.37734 -0.26216 -0 68
708 683 23 0.6948 0.6984 7.469 7.165 -0.39534 -0.19016 -0 66
708 661 24 0.8063 0.8 16.721 17.221 -0.40134 -0.34616 0 68
708 739 25 0.7795 0.7745 18.2 18.15 -0.38334 -0.34616 -0 68
708 813 26 0.725 0.7142 13.975 14.618 -0.37134 -0.28016 -1 68
708 685 27 0.725 0.7244 10.715 10.631 -0.39534 -0.23816 -0 68
708 678 28 0.8276 0.8304 12.668 12.517 -0.44334 -0.29816 0 67
708 690 29 0.8082 0.8019 7.044 6.848 -0.45534 -0.21416 -0 67
708 725 30 0.7926 0.7867 6.35 6.236 -0.44934 -0.20216 -1 67
708 808 31 0.7018 0.7079 18.141 17.574 -0.35334 -0.31016 -0 69
708 612 32 0.7921 0.789 14.818 15.156 -0.40734 -0.31616 0 68
708 622 33 0.8356 0.8263 7.075 7.252 -0.46734 -0.22616 -0 67
708 814 34 0.7357 0.7249 16.953 16.905 -0.36534 -0.31016 -0 69
708 712 35 0.7814 0.779 17.173 17.48 -0.38934 -0.34016 -0 68
708 644 36 0.8273 0.8203 7.937 7.818 -0.46134 -0.23216 -0 67
708 740 37 0.7741 0.762 17.968 18.115 -0.37734 -0.34016 -0 68
708 701 38 0.8289 0.8287 11.025 11.207 -0.44934 -0.28016 -0 67
708 663 39 0.6986 0.7078 8.851 8.494 -0.39534 -0.20816 -0 66
708 687 40 0.7987 0.7915 17.181 17.524 -0.39534 -0.34616 0 68
708 837 41 0.7203 0.7142 14.578 14.618 -0.37134 -0.28016 -1 68
708 649 42 0.6911 0.6956 8.535 8.284 -0.38934 -0.20216 -0 66
708 743 43 0.7787 0.7775 6.262 6.42 -0.44334 -0.20216 -1 67
708 663 44 0.8031 0.811 11.961 11.669 -0.43734 -0.28016 -0 68
708 697 45 0.6984 0.7075 6.949 6.952 -0.40134 -0.19016 -0 66
708 867 46 0.7067 0.7046 16.284 16.052 -0.35934 -0.29216 -0 68
708 698 47 0.8298 0.8322 11.884 11.568 -0.44934 -0.28616 -0 67
708 839 48 0.7116 0.7017 14.066 14.517 -0.36534 -0.27416 -1 68
708 860 49 0.6923 0.6931 14.757 14.829 -0.35934 -0.27416 -0 68
762 838 0 0.7418 0.7411 18.645 18.412 -0.36534 -0.33416 -1 70
762 747 1 0.7625 0.7636 10.479 10.073 -0.41934 -0.24416 -0 69
762 795 2 0.6982 0.6994 11.868 12.97 -0.37134 -0.25616 -0 68
762 771 3 0.7934 0.7867 5.93 6.236 -0.44934 -0.20216 -1 68
762 785 4 0.7854 0.7775 6.538 6.42 -0.44334 -0.20216 -1 68
762 759 5 0.7234 0.7291 8.86 8.472 -0.40734 -0.21416 -1 68
762 810 6 0.7684 0.762 17.969 18.115 -0.37734 -0.34016 -0 69
762 835 7 0.7507 0.7414 17.276 17.338 -0.37134 -0.32216 -1 70
762 753 8 0.8476 0.8411 11.348 11.341 -0.45534 -0.28616 -0 68
762 796 9 0.7566 0.7563 8.228 7.826 -0.42534 -0.21416 -1 68
762 776 10 0.7912 0.7837 5.556 5.833 -0.44934 -0.19616 -1 68
762 921 11 0.7049 0.7046 16.252 16.052 -0.35934 -0.29216 -1 69
762 711 12 0.8324 0.8332 9.013 9.315 -0.46134 -0.25616 -0 68
762 762 13 0.7454 0.7479 9.717 9.496 -0.41334 -0.23216 -1 68
762 707 14 0.8257 0.8252 13.266 13.117 -0.43734 -0.30416 -0 68
762 820 15 0.7404 0.7368 19.228 19.122 -0.35934 -0.34016 -0 70
762 719 16 0.7018 0.711 9.11 8.93 -0.39534 -0.21416 -0 67
762 763 17 0.7966 0.7899 8.11 8.019 -0.44334 -0.22616 -0 68
762 766 18 0.7936 0.7899 8.285 8.019 -0.44334 -0.22616 -1 68
762 692 19 0.8292 0.8235 7.893 8.197 -0.46134 -0.23816 -0 68
762 748 20 0.7762 0.7759 10.396 10.236 -0.42534 -0.25016 -0 69
762 734 21 0.8267 0.8287 18.615 18.609 -0.40734 -0.37616 0 68
762 664 22 0.8416 0.8354 6.953 7.07 -0.47334 -0.22616 -0 68
762 740 23 0.7613 0.7636 10.605 10.073 -0.41934 -0.24416 -0 69
762 781 24 0.7264 0.7319 7.856 7.404 -0.41334 -0.20216 -1 68
762 893 25 0.6907 0.698 14.065 14.104 -0.36534 -0.26816 -1 68
762 866 26 0.7267 0.7204 17.769 17.621 -0.35934 -0.31616 -1 70
762 821 27 0.7045 0.7035 18.962 18.313 -0.34734 -0.31616 -0 70
762 741 28 0.8049 0.8095 10.394 10.325 -0.44334 -0.26216 -0 68
762 673 29 0.8187 0.8238 14.273 14.078 -0.43134 -0.31616 -0 69
762 837 30 0.7513 0.7454 17.613 17.71 -0.37134 -0.32816 -0 70
762 813 31 0.7597 0.7562 6.471 6.383 -0.43134 -0.19616 -1 68
762 916 32 0.7139 0.7132 15.846 15.73 -0.36534 -0.29216 -1 69
762 779 33 0.7927 0.7867 6.156 6.236 -0.44934 -0.20216 -1 68
762 660 34 0.7849 0.7828 13.585 13.41 -0.41334 -0.29216 -0 69
762 751 35 0.7559 0.7391 14.318 14.809 -0.38334 -0.29216 -0 70
762 795 36 0.7361 0.741 7.574 7.197 -0.41934 -0.20216 -1 68
762 721 37 0.7057 0.7087 9.796 10.034 -0.38934 -0.22616 -0 68
762 736 38 0.6971 0.6984 7.46 7.165 -0.39534 -0.19016 -0 66
762 712 39 0.7946 0.792 16.235 16.519 -0.40134 -0.33416 -0 69
762 808 40 0.7065 0.7082 12.044 12.684 -0.37734 -0.25616 -0 68
762 809 41 0.7391 0.7441 5.985 6.151 -0.42534 -0.19016 -1 67
762 671 42 0.7915 0.7968 12.997 12.524 -0.42534 -0.28616 -0 69
762 736 43 0.7823 0.7793 10.788 10.626 -0.42534 -0.25616 -0 69
762 710 44 0.7575 0.7507 12.349 12.402 -0.40134 -0.26816 -0 70
762 728 45 0.8476 0.8488 9.556 9.837 -0.46734 -0.26816 -0 68
762 832 46 0.6937 0.6994 18.593 17.922 -0.34734 -0.31016 -1 70
762 688 47 0.7973 0.7968 12.683 12.524 -0.42534 -0.28616 -0 69
762 727 48 0.747 0.7437 11.5 11.606 -0.40134 -0.25616 -0 69
762 761 49 0.7382 0.7331 12.49 12.942 -0.38934 -0.26816 -0 69
54 182 0 0.8396 0.7007 10.28 15.649 -0.35934 -0.28616 1 62
54 185 1 0.8059 0.7007 15.015 15.649 -0.35934 -0.28616 1 62
54 183 2 0.8132 0.7007 9.005 15.649 -0.35934 -0.28616 1 62
54 222 3 0.7307 0.7007 16.913 15.649 -0.35934 -0.28616 0 62
54 182 4 0.7538 0.7007 5.96 15.649 -0.35934 -0.28616 1 62
54 182 5 0.7904 0.7007 8.773 15.649 -0.35934 -0.28616 1 62
54 183 6 0.8296 0.7007 15.837 15.649 -0.35934 -0.28616 1 62
54 220 7 0.7051 0.7046 18.189 16.052 -0.35934 -0.29216 0 62
54 184 8 0.7927 0.7007 6.032 15.649 -0.35934 -0.28616 1 62
54 181 9 0.8207 0.7007 9.9 15.649 -0.35934 -0.28616 1 62
54 184 10 0.8036 0.7007 17.426 15.649 -0.35934 -0.28616 0 62
54 183 11 0.8325 0.7007 14.934 15.649 -0.35934 -0.28616 1 62
54 186 12 0.7117 0.6969 9.411 15.241 -0.35934 -0.28016 1 62
54 226 13 0.7252 0.7007 14.442 15.649 -0.35934 -0.28616 0 62
54 213 14 0.6946 0.7007 18.864 15.649 -0.35934 -0.28616 1 62
54 215 15 0.7022 0.7046 18.613 16.052 -0.35934 -0.29216 0 62
54 194 16 0.6957 0.6969 10.443 15.241 -0.35934 -0.28016 1 62
54 183 17 0.8172 0.7007 13.019 15.649 -0.35934 -0.28616 1 62
54 201 18 0.7232 0.6969 11.442 15.241 -0.35934 -0.28016 0 62
54 204 19 0.7143 0.6969 11.467 15.241 -0.35934 -0.28016 0 62
54 181 20 0.7183 0.7007 7.116 15.649 -0.35934 -0.28616 1 62
54 182 21 0.8053 0.7007 11.651 15.649 -0.35934 -0.28616 0 62
54 182 22 0.7582 0.7007 6.372 15.649 -0.35934 -0.28616 1 62
54 188 23 0.7302 0.6969 10.059 15.241 -0.35934 -0.28016 1 62
54 181 24 0.6927 0.7007 7.642 15.649 -0.35934 -0.28616 1 61
54 184 25 0.8206 0.7007 6.375 15.649 -0.35934 -0.28616 1 62
54 226 26 0.71 0.7007 17.477 15.649 -0.35934 -0.28616 0 62
54 203 27 0.766 0.7007 16.124 15.649 -0.35934 -0.28616 1 62
54 181 28 0.8087 0.7007 11.026 15.649 -0.35934 -0.28616 1 62
54 187 29 0.792 0.7007 13.752 15.649 -0.35934 -0.28616 1 62
54 227 30 0.7211 0.7007 16.968 15.649 -0.35934 -0.28616 0 62
54 205 31 0.7623 0.7007 14.843 15.649 -0.35934 -0.28616 0 62
54 182 32 0.8397 0.7007 18.51 15.649 -0.35934 -0.28616 1 62
54 182 33 0.8323 0.7007 11.748 15.649 -0.35934 -0.28616 1 62
54 234 34 0.7047 0.7007 14.804 15.649 -0.35934 -0.28616 0 62
54 183 35 0.8226 0.7007 5.219 15.649 -0.35934 -0.28616 0 62
54 181 36 0.8355 0.7007 11.141 15.649 -0.35934 -0.28616 1 62
54 193 37 0.7644 0.7007 18.5 15.649 -0.35934 -0.28616 0 62
54 185 38 0.8117 0.7007 16.62 15.649 -0.35934 -0.28616 1 62
54 184 39 0.846 0.7007 5.874 15.649 -0.35934 -0.28616 1 61
54 182 40 0.8084 0.7007 12.989 15.649 -0.35934 -0.28616 1 61
54 189 41 0.7282 0.6969 10.102 15.241 -0.35934 -0.28016 1 62
54 212 42 0.7521 0.7007 14.768 15.649 -0.35934 -0.28616 1 62
54 212 43 0.75 0.7007 16.45 15.649 -0.35934 -0.28616 1 62
54 183 44 0.7673 0.7007 5.696 15.649 -0.35934 -0.28616 1 62
54 183 45 0.8062 0.7007 13.457 15.649 -0.35934 -0.28616 0 62
54 184 46 0.8463 0.7007 6.297 15.649 -0.35934 -0.28616 1 61
54 182 47 0.7817 0.7007 10.343 15.649 -0.35934 -0.28616 1 62
54 183 48 0.8271 0.7007 4.873 15.649 -0.35934 -0.28616 1 61
54 199 49 0.7696 0.7007 14.305 15.649 -0.35934 -0.28616 1 62
109 202 0 0.718 0.6969 10.151 15.241 -0.35934 -0.28016 1 62
109 180 1 0.6942 0.7007 5.259 15.649 -0.35934 -0.28616 1 61
109 183 2 0.8327 0.7007 9.159 15.649 -0.35934 -0.28616 1 62
109 211 3 0.7723 0.7046 16.722 16.052 -0.35934 -0.29216 0 62
109 182 4 0.7715 0.7007 5.576 15.649 -0.35934 -0.28616 1 62
109 182 5 0.723 0.7007 4.553 15.649 -0.35934 -0.28616 1 62
109 269 6 0.6977 0.6969 13.323 15.241 -0.35934 -0.28016 0 62
109 202 7 0.7701 0.7046 18.278 16.052 -0.35934 -0.29216 1 62
109 184 8 0.8303 0.7007 7.279 15.649 -0.35934 -0.28616 1 62
109 183 9 0.8239 0.7007 7.653 15.649 -0.35934 -0.28616 0 62
109 184 10 0.809 0.7007 5.86 15.649 -0.35934 -0.28616 1 62
109 192 11 0.7791 0.7007 18.505 15.649 -0.35934 -0.28616 1 62
109 248 12 0.709 0.7017 12.366 14.517 -0.36534 -0.27416 0 62
109 187 13 0.8066 0.7007 17.122 15.649 -0.35934 -0.28616 1 62
109 183 14 0.8033 0.7007 11.426 15.649 -0.35934 -0.28616 1 62
109 267 15 0.7348 0.7007 15.339 15.649 -0.35934 -0.28616 0 62
109 184 16 0.8238 0.7007 18.115 15.649 -0.35934 -0.28616 1 62
109 182 17 0.838 0.7007 9.982 15.649 -0.35934 -0.28616 1 62
109 185 18 0.8386 0.7007 4.878 15.649 -0.35934 -0.28616 0 62
109 257 19 0.6961 0.696 18.423 16.382 -0.35334 -0.29216 0 62
109 191 20 0.7002 0.6969 9.136 15.241 -0.35934 -0.28016 0 62
109 182 21 0.807 0.7007 10.359 15.649 -0.35934 -0.28616 1 62
109 197 22 0.7515 0.6969 10.848 15.241 -0.35934 -0.28016 0 62
109 229 23 0.7439 0.7055 12.59 14.926 -0.36534 -0.28016 0 62
109 201 24 0.6994 0.6969 9.948 15.241 -0.35934 -0.28016 1 62
109 183 25 0.8213 0.7007 12.615 15.649 -0.35934 -0.28616 1 62
109 187 26 0.7614 0.7007 10.009 15.649 -0.35934 -0.28616 0 62
109 188 27 0.7908 0.7007 12.933 15.649 -0.35934 -0.28616 0 62
109 184 28 0.8371 0.7007 15.499 15.649 -0.35934 -0.28616 1 62
109 286 29 0.7091 0.7007 15.141 15.649 -0.35934 -0.28616 0 62
109 262 30 0.7346 0.7046 16.847 16.052 -0.35934 -0.29216 1 62
109 211 31 0.7697 0.7093 13.687 15.33 -0.36534 -0.28616 0 62
109 182 32 0.7964 0.7007 11.301 15.649 -0.35934 -0.28616 0 62
109 243 33 0.7219 0.7085 18.772 16.451 -0.35934 -0.29816 1 62
109 252 34 0.7338 0.7055 13.485 14.926 -0.36534 -0.28016 0 62
109 182 35 0.7871 0.7007 5.012 15.649 -0.35934 -0.28616 1 62
109 270 36 0.7174 0.6969 13.898 15.241 -0.35934 -0.28016 0 62
109 236 37 0.7232 0.7085 19.07 16.451 -0.35934 -0.29816 1 62
109 188 38 0.7946 0.7007 12.858 15.649 -0.35934 -0.28616 0 62
109 228 39 0.7604 0.7046 16.492 16.052 -0.35934 -0.29216 1 62
109 259 40 0.7415 0.7132 15.418 15.73 -0.36534 -0.29216 0 62
109 184 41 0.8414 0.7007 16.692 15.649 -0.35934 -0.28616 1 62
109 186 42 0.8481 0.7007 13.997 15.649 -0.35934 -0.28616 1 62
109 182 43 0.8263 0.7007 11.7 15.649 -0.35934 -0.28616 1 62
109 182 44 0.7289 0.7007 5.75 15.649 -0.35934 -0.28616 1 62
109 218 45 0.7688 0.7093 14.521 15.33 -0.36534 -0.28616 0 62
109 186 46 0.7096 0.6969 8.727 15.241 -0.35934 -0.28016 1 62
109 194 47 0.7238 0.6969 9.622 15.241 -0.35934 -0.28016 1 62
109 195 48 0.7865 0.7007 17.073 15.649 -0.35934 -0.28616 1 62
109 183 49 0.822 0.7007 9.841 15.649 -0.35934 -0.28616 1 62
163 205 0 0.7604 0.7055 11.125 14.926 -0.36534 -0.28016 1 62
163 182 1 0.8067 0.7007 9.204 15.649 -0.35934 -0.28616 1 62
163 249 2 0.7615 0.7249 17.472 16.905 -0.36534 -0.31016 0 62
163 182 3 0.7965 0.7007 9.778 15.649 -0.35934 -0.28616 1 62
163 180 4 0.6931 0.6969 7.435 15.241 -0.35934 -0.28016 1 62
163 195 5 0.7975 0.7745 5.826 6.012 -0.44334 -0.19616 0 62
163 222 6 0.7645 0.7592 7.389 6.799 -0.43134 -0.20216 0 62
163 185 7 0.8039 0.7007 11.971 15.649 -0.35934 -0.28616 1 62
163 192 8 0.6927 0.6969 8.945 15.241 -0.35934 -0.28016 1 62
163 211 9 0.7686 0.7654 8.316 7.621 -0.43134 -0.21416 0 62
163 222 10 0.7314 0.7441 6.058 6.151 -0.42534 -0.19016 0 62
163 264 11 0.7365 0.7164 18.876 17.236 -0.35934 -0.31016 0 62
163 184 12 0.8083 0.7007 6.469 15.649 -0.35934 -0.28616 1 62
163 299 13 0.73 0.7055 13.524 14.926 -0.36534 -0.28016 0 62
163 184 14 0.8476 0.7007 8.347 15.649 -0.35934 -0.28616 1 62
163 222 15 0.7704 0.7624 5.563 5.78 -0.43734 -0.19016 0 62
163 250 16 0.7555 0.7289 18.18 17.288 -0.36534 -0.31616 0 62
163 206 17 0.7867 0.7132 15.135 15.73 -0.36534 -0.29216 0 62
163 219 18 0.7295 0.7017 10.411 14.517 -0.36534 -0.27416 0 62
163 197 19 0.7926 0.762 17.711 18.115 -0.37734 -0.34016 1 62
163 208 20 0.7141 0.7319 5.838 5.912 -0.41934 -0.18416 0 62
163 208 21 0.7795 0.7093 13.196 15.33 -0.36534 -0.28616 0 62
163 185 22 0.8106 0.7007 18.393 15.649 -0.35934 -0.28616 1 62
163 196 23 0.7932 0.7745 8.006 7.421 -0.43734 -0.21416 1 62
163 222 24 0.745 0.7501 7.561 6.996 -0.42534 -0.20216 0 62
163 234 25 0.7694 0.7093 14.086 15.33 -0.36534 -0.28616 0 62
163 276 26 0.7551 0.7132 15.343 15.73 -0.36534 -0.29216 0 62
163 284 27 0.6999 0.6999 19.058 16.784 -0.35334 -0.29816 0 62
163 216 28 0.7215 0.7319 5.861 5.912 -0.41934 -0.18416 0 62
163 218 29 0.7076 0.7017 10.074 14.517 -0.36534 -0.27416 1 62
163 240 30 0.7077 0.698 10.74 14.104 -0.36534 -0.26816 0 62
163 225 31 0.7608 0.7055 12.309 14.926 -0.36534 -0.28016 1 62
163 222 32 0.763 0.7624 5.264 5.78 -0.43734 -0.19016 0 62
163 253 33 0.7416 0.7055 12.217 14.926 -0.36534 -0.28016 0 62
163 272 34 0.7161 0.7017 11.825 14.517 -0.36534 -0.27416 0 62
163 248 35 0.7248 0.7017 11.306 14.517 -0.36534 -0.27416 0 62
163 321 36 0.7225 0.7046 16.839 16.052 -0.35934 -0.29216 0 62
163 221 37 0.7304 0.7411 5.71 5.724 -0.42534 -0.18416 0 62
163 212 38 0.7695 0.7055 12.431 14.926 -0.36534 -0.28016 0 62
163 232 39 0.7739 0.7171 16.539 16.126 -0.36534 -0.29816 1 62
163 184 40 0.8254 0.7007 5.821 15.649 -0.35934 -0.28616 0 62
163 195 41 0.7071 0.7198 5.257 5.665 -0.41334 -0.17816 1 62
163 226 42 0.7749 0.7495 17.897 18.079 -0.37134 -0.33416 0 62
163 243 43 0.7256 0.7017 11.168 14.517 -0.36534 -0.27416 0 62
163 184 44 0.8086 0.7007 8.279 15.649 -0.35934 -0.28616 1 62
163 186 45 0.8414 0.7007 4.638 15.649 -0.35934 -0.28616 1 62
163 188 46 0.7827 0.7007 10.946 15.649 -0.35934 -0.28616 0 62
163 199 47 0.7861 0.7687 4.542 5.187 -0.44334 -0.18416 0 62
163 191 48 0.7231 0.6969 8.893 15.241 -0.35934 -0.28016 1 62
163 205 49 0.7059 0.6931 9.586 14.829 -0.35934 -0.27416 0 62
218 251 0 0.7143 0.729 4.765 5.477 -0.41934 -0.17816 0 62
218 255 1 0.711 0.7258 6.724 6.541 -0.41334 -0.19016 0 62
218 292 2 0.764 0.7374 16.899 16.962 -0.37134 -0.31616 0 63
218 283 3 0.767 0.7335 16.331 16.582 -0.37134 -0.31016 0 62
218 236 4 0.774 0.7093 13.418 15.33 -0.36534 -0.28616 0 62
218 184 5 0.8406 0.7007 5.893 15.649 -0.35934 -0.28616 0 62
218 321 6 0.6961 0.7039 19.188 17.182 -0.35334 -0.30416 0 63
218 394 7 0.7056 0.7007 15.881 15.649 -0.35934 -0.28616 0 62
218 348 8 0.713 0.7017 12.894 14.517 -0.36534 -0.27416 0 62
218 276 9 0.751 0.7142 12.646 14.618 -0.37134 -0.28016 0 62
218 196 10 0.8179 0.808 17.37 17.909 -0.40134 -0.35816 1 62
218 254 11 0.7872 0.7661 17.969 18.473 -0.37734 -0.34616 1 62
218 377 12 0.718 0.7085 16.805 16.451 -0.35934 -0.29816 0 63
218 260 13 0.7716 0.7686 8.531 8.028 -0.43134 -0.22016 0 62
218 189 14 0.8351 0.8429 13.526 12.632 -0.44934 -0.30416 1 62
218 281 15 0.7446 0.7471 6.524 6.575 -0.42534 -0.19616 0 62
218 274 16 0.7728 0.7684 6.765 6.607 -0.43734 -0.20216 0 62
218 203 17 0.8155 0.7953 19.107 18.873 -0.38934 -0.36416 1 62
218 300 18 0.7009 0.698 11.441 14.104 -0.36534 -0.26816 0 62
218 186 19 0.8177 0.7007 13.547 15.649 -0.35934 -0.28616 1 62
218 222 20 0.7822 0.7093 13.572 15.33 -0.36534 -0.28616 0 62
218 347 21 0.7422 0.7132 15.59 15.73 -0.36534 -0.29216 0 62
218 257 22 0.7842 0.7745 7.975 7.421 -0.43734 -0.21416 0 62
218 225 23 0.8027 0.784 8.853 8.618 -0.43734 -0.23216 0 62
218 250 24 0.7756 0.7718 9.094 8.431 -0.43134 -0.22616 0 62
218 262 25 0.784 0.7714 6.877 7.016 -0.43734 -0.20816 0 62
218 349 26 0.712 0.7017 12.867 14.517 -0.36534 -0.27416 0 62
218 324 27 0.7467 0.7249 17.478 16.905 -0.36534 -0.31016 0 63
218 229 28 0.8335 0.8411 11.528 11.341 -0.45534 -0.28616 1 62
218 202 29 0.8192 0.8037 18.611 18.557 -0.39534 -0.36416 1 62
218 378 30 0.7166 0.7085 16.858 16.451 -0.35934 -0.29816 0 63
218 225 31 0.6915 0.7136 6.59 6.303 -0.40734 -0.18416 0 62
218 248 32 0.79 0.7777 8.328 7.824 -0.43734 -0.22016 0 62
218 254 33 0.722 0.7319 7.991 7.404 -0.41334 -0.20216 0 62
218 222 34 0.7062 0.698 9.66 14.104 -0.36534 -0.26816 0 62
218 222 35 0.7124 0.7259 9.103 8.045 -0.40734 -0.20816 0 62
218 248 36 0.7793 0.7718 9.089 8.431 -0.43134 -0.22616 0 62
218 223 37 0.8425 0.8481 12.51 12.048 -0.45534 -0.29816 1 62
218 187 38 0.8415 0.8488 8.799 9.837 -0.46734 -0.26816 1 62
218 266 39 0.7199 0.7319 5.903 5.912 -0.41934 -0.18416 0 62
218 270 40 0.7747 0.758 17.367 17.753 -0.37734 -0.33416 0 63
218 387 41 0.7066 0.7046 16.668 16.052 -0.35934 -0.29216 0 62
218 216 42 0.7876 0.7132 14.451 15.73 -0.36534 -0.29216 0 62
218 212 43 0.7878 0.7093 14.219 15.33 -0.36534 -0.28616 0 62
218 220 44 0.7308 0.7017 9.976 14.517 -0.36534 -0.27416 1 63
218 203 45 0.8035 0.8129 11.11 10.698 -0.44334 -0.26816 0 62
218 238 46 0.706 0.7197 7.699 7.182 -0.40734 -0.19616 0 62
218 279 47 0.7426 0.7441 5.635 6.151 -0.42534 -0.19016 0 62
218 220 48 0.6919 0.698 9.57 14.104 -0.36534 -0.26816 1 62
218 215 49 0.8098 0.7931 8.669 8.412 -0.44334 -0.23216 1 62
272 310 0 0.7595 0.718 13.616 15.019 -0.37134 -0.28616 0 63
272 269 1 0.8116 0.7958 6.338 6.058 -0.45534 -0.20216 0 62
272 282 2 0.7898 0.7873 9.436 9.011 -0.43734 -0.23816 0 63
272 392 3 0.7411 0.721 16.804 16.518 -0.36534 -0.30416 0 63
272 256 4 0.8252 0.8331 18.054 17.98 -0.41334 -0.37016 1 63
272 314 5 0.7215 0.7288 6.98 6.974 -0.41334 -0.19616 0 62
272 250 6 0.8208 0.8055 4.541 4.527 -0.46734 -0.18416 0 62
272 290 7 0.7951 0.7808 4.909 5.426 -0.44934 -0.19016 0 62
272 300 8 0.7902 0.7777 8.187 7.824 -0.43734 -0.22016 0 63
272 246 9 0.8198 0.8021 8.338 8.209 -0.44934 -0.23216 0 63
272 284 10 0.7791 0.7499 15.95 17.017 -0.37734 -0.32216 0 63
272 271 11 0.697 0.7106 7.842 7.394 -0.40134 -0.19616 0 62
272 238 12 0.7836 0.7218 14.02 15.416 -0.37134 -0.29216 0 63
272 295 13 0.7648 0.766 9.639 9.047 -0.42534 -0.23216 0 63
272 231 14 0.8213 0.8304 13.416 12.517 -0.44334 -0.29816 1 63
272 371 15 0.7463 0.7289 17.523 17.288 -0.36534 -0.31616 0 63
272 406 16 0.7359 0.7132 15.249 15.73 -0.36534 -0.29216 0 63
272 260 17 0.813 0.8062 9.683 9.948 -0.44334 -0.25616 0 63
272 370 18 0.7487 0.7257 15.296 15.809 -0.37134 -0.29816 0 63
272 321 19 0.7456 0.7105 12.657 14.212 -0.37134 -0.27416 0 63
272 389 20 0.7438 0.7171 16.101 16.126 -0.36534 -0.29816 0 63
272 223 21 0.8417 0.836 4.627 4.457 -0.48534 -0.19016 0 62
272 308 22 0.7846 0.7777 7.97 7.824 -0.43734 -0.22016 0 63
272 261 23 0.8108 0.7996 9.171 9.186 -0.44334 -0.24416 0 63
272 258 24 0.8342 0.85 16.898 17.401 -0.42534 -0.37016 1 63
272 224 25 0.8312 0.811 6.95 6.666 -0.46134 -0.21416 0 63
272 241 26 0.8095 0.7915 16.71 17.524 -0.39534 -0.34616 0 63
272 292 27 0.7278 0.7382 8.92 8.251 -0.41334 -0.21416 0 63
272 335 28 0.766 0.7577 19.221 18.803 -0.37134 -0.34616 0 63
272 295 29 0.7083 0.7197 7.554 7.182 -0.40734 -0.19616 0 62
272 267 30 0.7712 0.718 13.495 15.019 -0.37134 -0.28616 0 63
272 319 31 0.7433 0.7105 12.387 14.212 -0.37134 -0.27416 0 63
272 266 32 0.789 0.7849 10.534 10.009 -0.43134 -0.25016 0 63
272 250 33 0.8365 0.846 16.461 17.073 -0.42534 -0.36416 1 63
272 357 34 0.7231 0.7067 12.253 13.802 -0.37134 -0.26816 0 63
272 390 35 0.7415 0.721 16.813 16.518 -0.36534 -0.30416 0 63
272 227 36 0.8432 0.8631 15.405 16.521 -0.43734 -0.36416 1 63
272 437 37 0.697 0.7046 16.538 16.052 -0.35934 -0.29216 0 63
272 215 38 0.8449 0.8297 5.273 4.997 -0.47934 -0.19616 0 62
272 236 39 0.8126 0.8269 12.958 12.16 -0.44334 -0.29216 1 63
272 231 40 0.8343 0.8268 4.555 4.61 -0.47934 -0.19016 0 62
272 362 41 0.7299 0.7105 12.683 14.212 -0.37134 -0.27416 0 63
272 334 42 0.7404 0.7441 6.14 6.151 -0.42534 -0.19016 0 62
272 445 43 0.6996 0.6969 15.178 15.241 -0.35934 -0.28016 0 63
272 245 44 0.7621 0.758 11.57 10.708 -0.41334 -0.25016 0 63
272 242 45 0.8284 0.8412 19.279 18.634 -0.41334 -0.38216 1 63
272 184 46 0.8481 0.8323 6.999 6.693 -0.47334 -0.22016 0 63
272 255 47 0.8286 0.8371 18.702 18.309 -0.41334 -0.37616 1 63
272 282 48 0.6965 0.7106 5.413 5.858 -0.40734 -0.17816 0 62
272 326 49 0.7311 0.7319 5.789 5.912 -0.41934 -0.18416 0 62
327 318 0 0.8094 0.7953 18.73 18.873 -0.38934 -0.36416 1 63
327 288 1 0.8232 0.8081 7.817 7.627 -0.45534 -0.22616 0 63
327 308 2 0.7152 0.721 10.047 10.211 -0.39534 -0.23216 0 63
327 305 3 0.8193 0.8084 5.122 4.925 -0.46734 -0.19016 0 63
327 305 4 0.822 0.8269 12.615 12.16 -0.44334 -0.29216 1 63
327 363 5 0.7885 0.7775 6.344 6.42 -0.44334 -0.20216 0 63
327 323 6 0.8069 0.7963 4.481 4.687 -0.46134 -0.18416 -0 63
327 388 7 0.7475 0.7441 6.293 6.151 -0.42534 -0.19016 0 63
327 253 8 0.8356 0.839 14.899 15.461 -0.43134 -0.34016 1 63
327 289 9 0.8463 0.8465 13.581 12.981 -0.44934 -0.31016 0 63
327 288 10 0.8396 0.8506 15.927 16.465 -0.43134 -0.35816 0 63
327 346 11 0.7138 0.7228 7.985 7.615 -0.40734 -0.20216 0 63
327 369 12 0.6996 0.6994 11.22 12.97 -0.37134 -0.25616 0 63
327 262 13 0.8348 0.8141 7.119 7.053 -0.46134 -0.22016 0 63
327 344 14 0.8482 0.8665 17.843 17.762 -0.43134 -0.38216 0 63
327 365 15 0.7845 0.7775 6.755 6.42 -0.44334 -0.20216 -0 63
327 383 16 0.7447 0.7501 7.083 6.996 -0.42534 -0.20216 0 63
327 324 17 0.7645 0.7267 13.569 14.715 -0.37734 -0.28616 0 63
327 331 18 0.7987 0.787 17.754 18.183 -0.38934 -0.35216 0 63
327 290 19 0.8254 0.808 6.298 6.276 -0.46134 -0.20816 0 63
327 316 20 0.7482 0.7243 11.83 13.222 -0.38334 -0.26816 0 63
327 251 21 0.8119 0.8092 15.39 15.942 -0.41334 -0.33416 0 63
327 366 22 0.7796 0.7687 5.021 5.187 -0.44334 -0.18416 -0 63
327 314 23 0.8023 0.7955 17.277 17.872 -0.39534 -0.35216 0 63
327 364 24 0.7857 0.7806 6.812 6.824 -0.44334 -0.20816 0 63
327 335 25 0.6998 0.7166 7.166 6.744 -0.40734 -0.19016 0 62
327 247 26 0.8259 0.8313 14.722 14.775 -0.43134 -0.32816 1 63
327 313 27 0.8313 0.8415 17.678 17.688 -0.41934 -0.37016 1 63
327 271 28 0.7719 0.7229 12.815 14.317 -0.37734 -0.28016 0 63
327 324 29 0.806 0.7953 18.831 18.873 -0.38934 -0.36416 0 63
327 335 30 0.6967 0.6994 10.646 12.97 -0.37134 -0.25616 0 63
327 354 31 0.7097 0.7166 6.81 6.744 -0.40734 -0.19016 0 62
327 238 32 0.8107 0.8102 14.774 14.961 -0.41934 -0.32216 1 63
327 338 33 0.7732 0.7692 9.928 9.447 -0.42534 -0.23816 0 63
327 268 34 0.8322 0.8141 7.29 7.053 -0.46134 -0.22016 0 63
327 309 35 0.8016 0.804 11.087 10.925 -0.43734 -0.26816 0 63
327 253 36 0.8277 0.8303 15.189 15.731 -0.42534 -0.34016 1 63
327 364 37 0.7878 0.7775 6.455 6.42 -0.44334 -0.20216 0 63
327 316 38 0.8108 0.8062 9.968 9.948 -0.44334 -0.25616 0 63
327 236 39 0.8473 0.8354 7.14 7.07 -0.47334 -0.22616 0 63
327 254 40 0.8025 0.8092 13.496 12.644 -0.43134 -0.29216 0 63
327 412 41 0.7244 0.7067 12.587 13.802 -0.37134 -0.26816 0 63
327 382 42 0.7361 0.7379 6.807 6.772 -0.41934 -0.19616 0 63
327 337 43 0.7413 0.7446 9.69 9.085 -0.41334 -0.22616 0 63
327 459 44 0.7221 0.7055 13.876 14.926 -0.36534 -0.28016 0 63
327 410 45 0.7532 0.7454 17.623 17.71 -0.37134 -0.32816 0 64
327 346 46 0.7895 0.7745 17.616 18.15 -0.38334 -0.34616 0 63
327 346 47 0.7691 0.766 9.668 9.047 -0.42534 -0.23216 0 63
327 311 48 0.8059 0.8129 11.129 10.698 -0.44334 -0.26816 0 63
327 317 49 0.8111 0.8164 11.127 11.068 -0.44334 -0.27416 0 63
381 301 0 0.7903 0.7718 14.723 15.731 -0.39534 -0.31616 0 64
381 367 1 0.8091 0.7994 19.177 19.212 -0.38934 -0.37016 0 64
381 437 2 0.7541 0.7343 15.076 15.499 -0.37734 -0.29816 0 64
381 326 3 0.7714 0.7354 13.413 14.418 -0.38334 -0.28616 0 64
381 396 4 0.7853 0.775 9.204 8.83 -0.43134 -0.23216 0 63
381 411 5 0.7321 0.7155 11.991 13.509 -0.37734 -0.26816 0 64
381 332 6 0.8071 0.8145 12.797 12.035 -0.43734 -0.28616 0 64
381 389 7 0.8011 0.7929 5.879 5.658 -0.45534 -0.19616 -0 63
381 398 8 0.7933 0.7786 18.32 18.502 -0.38334 -0.35216 0 64
381 475 9 0.7163 0.7204 18.719 17.621 -0.35934 -0.31616 -0 64
381 371 10 0.8157 0.8219 10.471 10.476 -0.44934 -0.26816 0 63
381 407 11 0.758 0.7627 9.102 8.643 -0.42534 -0.22616 0 64
381 285 12 0.7931 0.7902 14.02 14.151 -0.41334 -0.30416 0 64
381 466 13 0.7501 0.7454 17.855 17.71 -0.37134 -0.32816 0 64
381 430 14 0.7719 0.7654 5.831 6.195 -0.43734 -0.19616 -0 63
381 381 15 0.784 0.7815 10.154 9.619 -0.43134 -0.24416 0 63
381 424 16 0.7317 0.741 7.52 7.197 -0.41934 -0.20216 -0 63
381 349 17 0.8204 0.8086 8.727 8.977 -0.44934 -0.24416 0 63
381 521 18 0.7295 0.7171 15.896 16.126 -0.36534 -0.29816 -0 64
381 455 19 0.7508 0.7257 15.34 15.809 -0.37134 -0.29816 0 64
381 418 20 0.7738 0.7686 8.433 8.028 -0.43134 -0.22016 0 63
381 333 21 0.8468 0.8455 8.759 9.476 -0.46734 -0.26216 0 63
381 551 22 0.6961 0.7007 15.738 15.649 -0.35934 -0.28616 0 64
381 354 23 0.7496 0.7437 11.618 11.606 -0.40134 -0.25616 0 64
381 497 24 0.7201 0.7105 13.317 14.212 -0.37134 -0.27416 0 64
381 375 25 0.8464 0.8481 12.59 12.048 -0.45534 -0.29816 0 63
381 297 26 0.7825 0.7844 13.165 12.401 -0.41934 -0.28016 0 64
381 550 27 0.6979 0.6969 15.139 15.241 -0.35934 -0.28016 0 64
381 362 28 0.7565 0.7546 11.077 10.307 -0.41334 -0.24416 0 64
381 316 29 0.8447 0.845 14.335 13.918 -0.44334 -0.32216 0 64
381 450 30 0.7537 0.7452 19.026 18.779 -0.36534 -0.34016 0 64
381 491 31 0.7263 0.7204 18.084 17.621 -0.35934 -0.31616 0 64
381 429 32 0.7712 0.7624 5.433 5.78 -0.43734 -0.19016 -0 63
381 430 33 0.7713 0.7624 5.698 5.78 -0.43734 -0.19016 -0 63
381 417 34 0.7846 0.7745 5.707 6.012 -0.44334 -0.19616 -0 63
381 384 35 0.8006 0.7871 4.618 4.849 -0.45534 -0.18416 -0 63
381 412 36 0.7775 0.775 4.338 4.603 -0.44934 -0.17816 -0 63
381 360 37 0.8141 0.8053 8.581 8.595 -0.44934 -0.23816 0 63
381 324 38 0.839 0.8326 5.519 5.381 -0.47934 -0.20216 0 63
381 430 39 0.7259 0.7319 5.866 5.912 -0.41934 -0.18416 0 63
381 424 40 0.7268 0.729 5.253 5.477 -0.41934 -0.17816 0 63
381 358 41 0.7119 0.7176 9.853 9.788 -0.39534 -0.22616 0 63
381 362 42 0.8272 0.829 17.711 17.649 -0.41334 -0.36416 0 63
381 396 43 0.703 0.7106 5.914 5.858 -0.40734 -0.17816 0 63
381 346 44 0.7838 0.7827 11.576 11.012 -0.42534 -0.26216 0 64
381 385 45 0.6986 0.7075 7.147 6.952 -0.40134 -0.19016 0 62
381 403 46 0.7076 0.7166 6.78 6.744 -0.40734 -0.19016 0 63
381 405 47 0.6986 0.6994 11.111 12.97 -0.37134 -0.25616 0 63
381 475 48 0.7417 0.7329 18.176 17.667 -0.36534 -0.32216 0 64
381 390 49 0.7312 0.7414 9.17 8.67 -0.41334 -0.22016 0 63
436 455 0 0.7191 0.7082 11.384 12.684 -0.37734 -0.25616 -0 64
436 477 1 0.7638 0.7658 4.528 4.769 -0.44334 -0.17816 -0 64
436 497 2 0.7372 0.7192 13.172 13.915 -0.37734 -0.27416 0 64
436 338 3 0.7889 0.7865 13.786 13.782 -0.41334 -0.29816 0 65
436 467 4 0.7785 0.7686 8.295 8.028 -0.43134 -0.22016 0 64
436 496 5 0.7444 0.7441 6.268 6.151 -0.42534 -0.19016 -0 64
436 417 6 0.7141 0.7233 9.528 9.125 -0.40134 -0.22016 -0 64
436 473 7 0.7798 0.7661 18.255 18.473 -0.37734 -0.34616 0 64
436 449 8 0.7966 0.79 5.15 5.255 -0.45534 -0.19016 -0 64
436 384 9 0.8184 0.8216 13.233 12.76 -0.43734 -0.29816 0 64
436 411 10 0.7471 0.7348 11.668 11.865 -0.39534 -0.25616 0 65
436 593 11 0.6921 0.6931 14.624 14.829 -0.35934 -0.27416 -0 64
436 486 12 0.7554 0.7382 15.344 15.884 -0.37734 -0.30416 0 64
436 442 13 0.7625 0.7429 14.644 15.196 -0.38334 -0.29816 0 65
436 468 14 0.7814 0.7716 5.247 5.601 -0.44334 -0.19016 -0 64
436 410 15 0.7104 0.7176 9.814 9.788 -0.39534 -0.22616 -0 64
436 440 16 0.6989 0.7045 6.722 6.506 -0.40134 -0.18416 0 63
436 548 17 0.7027 0.7039 18.276 17.182 -0.35334 -0.30416 0 65
436 390 18 0.8324 0.8332 8.867 9.315 -0.46134 -0.25616 0 64
436 471 19 0.7651 0.7595 8.498 8.237 -0.42534 -0.22016 -0 64
436 456 20 0.7886 0.7808 8.419 8.223 -0.43734 -0.22616 0 64
436 410 21 0.8191 0.8113 5.447 5.32 -0.46734 -0.19616 -0 64
436 430 22 0.694 0.7045 6.76 6.506 -0.40134 -0.18416 0 63
436 409 23 0.7809 0.7671 15.657 16.397 -0.38934 -0.32216 0 64
436 410 24 0.7494 0.7437 11.683 11.606 -0.40134 -0.25616 0 65
436 369 25 0.8209 0.8217 15.714 16.008 -0.41934 -0.34016 0 64
436 424 26 0.7636 0.7391 14.1 14.809 -0.38334 -0.29216 0 65
436 421 27 0.7986 0.7915 17.047 17.524 -0.39534 -0.34616 0 64
436 599 28 0.7121 0.7093 15.285 15.33 -0.36534 -0.28616 -0 64
436 359 29 0.8368 0.8263 7.452 7.252 -0.46734 -0.22616 0 64
436 553 30 0.7363 0.7249 16.885 16.905 -0.36534 -0.31016 -0 65
436 354 31 0.8401 0.8323 6.899 6.693 -0.47334 -0.22016 0 64
436 556 32 0.6943 0.698 13.072 14.104 -0.36534 -0.26816 -0 64
436 394 33 0.7676 0.7614 11.702 11.104 -0.41334 -0.25616 0 65
436 352 34 0.7829 0.7641 14.223 14.988 -0.39534 -0.30416 0 65
436 493 35 0.7509 0.7532 6.118 5.963 -0.43134 -0.19016 -0 64
436 508 36 0.7128 0.7119 19.168 17.963 -0.35334 -0.31616 0 65
436 370 37 0.8479 0.8389 5.123 4.841 -0.48534 -0.19616 0 63
436 486 38 0.748 0.7267 14.032 14.715 -0.37734 -0.28616 -0 64
436 492 39 0.7654 0.758 17.397 17.753 -0.37734 -0.33416 0 65
436 605 40 0.6964 0.7007 15.682 15.649 -0.35934 -0.28616 -0 64
436 468 41 0.7778 0.7686 8.16 8.028 -0.43134 -0.22016 -0 64
436 411 42 0.8117 0.8198 11.944 11.435 -0.44334 -0.28016 0 64
436 435 43 0.8448 0.8466 10.367 10.764 -0.46134 -0.28016 0 64
436 419 44 0.8249 0.8308 9.868 10.258 -0.45534 -0.26816 0 64
436 437 45 0.8044 0.7958 6.16 6.058 -0.45534 -0.20216 -0 64
436 423 46 0.7978 0.7915 17.151 17.524 -0.39534 -0.34616 0 64
436 494 47 0.7584 0.7532 5.992 5.963 -0.43134 -0.19016 -0 64
436 461 48 0.7365 0.7155 12.306 13.509 -0.37734 -0.26816 0 65
436 385 49 0.7627 0.7507 12.326 12.402 -0.40134 -0.26816 0 65
490 610 0 0.7167 0.7164 17.902 17.236 -0.35934 -0.31016 -0 66
490 553 1 0.7364 0.7192 13.305 13.915 -0.37734 -0.27416 -0 65
490 511 2 0.7128 0.7197 7.355 7.182 -0.40734 -0.19616 -0 64
490 465 3 0.819 0.8205 17.638 17.945 -0.40734 -0.36416 0 65
490 561 4 0.7071 0.7031 12.14 13.388 -0.37134 -0.26216 -0 64
490 434 5 0.8424 0.8467 15.574 16.134 -0.43134 -0.35216 0 65
490 543 6 0.7566 0.7592 7.1 6.799 -0.43134 -0.20216 -0 64
490 441 7 0.786 0.7756 15.541 16.097 -0.39534 -0.32216 0 65
490 502 8 0.794 0.7899 8.149 8.019 -0.44334 -0.22616 -0 64
490 509 9 0.7544 0.7305 14.234 15.109 -0.37734 -0.29216 -0 65
490 391 10 0.7916 0.7952 13.879 13.518 -0.41934 -0.29816 0 65
490 469 11 0.6937 0.7077 4.803 5.409 -0.40734 -0.17216 0 63
490 483 12 0.7263 0.7224 11.127 11.72 -0.38934 -0.25016 -0 65
490 594 13 0.7409 0.7296 16.332 16.197 -0.37134 -0.30416 -0 65
490 486 14 0.8468 0.8481 12.108 12.048 -0.45534 -0.29816 0 64
490 412 15 0.7955 0.7968 13.025 12.524 -0.42534 -0.28616 0 65
490 495 16 0.8463 0.85 10.996 11.119 -0.46134 -0.28616 0 64
490 432 17 0.8128 0.8216 13.176 12.76 -0.43734 -0.29816 0 65
490 478 18 0.6978 0.7106 7.676 7.394 -0.40134 -0.19616 0 63
490 566 19 0.7482 0.7411 18.66 18.412 -0.36534 -0.33416 -0 66
490 542 20 0.7608 0.7623 7.322 7.212 -0.43134 -0.20816 -0 64
490 472 21 0.7186 0.721 10.19 10.211 -0.39534 -0.23216 -0 65
490 513 22 0.7909 0.7806 7.047 6.824 -0.44334 -0.20816 -0 64
490 479 23 0.8062 0.7953 18.7 18.873 -0.38934 -0.36416 0 65
490 402 24 0.8032 0.8015 15.077 15.235 -0.41334 -0.32216 0 65
490 452 25 0.8267 0.8176 4.546 4.766 -0.47334 -0.19016 -0 64
490 488 26 0.8008 0.7963 8.798 8.801 -0.44334 -0.23816 0 64
490 433 27 0.7735 0.7773 12.053 11.638 -0.41934 -0.26816 0 65
490 613 28 0.7225 0.7142 13.987 14.618 -0.37134 -0.28016 -0 65
490 414 29 0.8395 0.8293 6.488 6.313 -0.47334 -0.21416 -0 64
490 466 30 0.8262 0.8269 12.551 12.16 -0.44334 -0.29216 0 64
490 491 31 0.8423 0.8466 10.481 10.764 -0.46134 -0.28016 0 64
490 570 32 0.7138 0.7119 18.968 17.963 -0.35334 -0.31616 0 66
490 471 33 0.8041 0.804 10.928 10.925 -0.43734 -0.26816 0 64
490 450 34 0.8411 0.8365 9.175 9.681 -0.46134 -0.26216 -0 64
490 471 35 0.8393 0.846 16.929 17.073 -0.42534 -0.36416 0 64
490 611 36 0.7345 0.721 16.501 16.518 -0.36534 -0.30416 -0 65
490 462 37 0.8156 0.8049 7.275 7.239 -0.45534 -0.22016 -0 64
490 513 38 0.7555 0.7305 14.621 15.109 -0.37734 -0.29216 -0 65
490 506 39 0.7555 0.7569 9.528 9.269 -0.41934 -0.23216 -0 65
490 505 40 0.7862 0.7745 17.645 18.15 -0.38334 -0.34616 0 65
490 470 41 0.7263 0.7278 10.706 11.046 -0.39534 -0.24416 -0 65
490 473 42 0.8091 0.8164 11.288 11.068 -0.44334 -0.27416 0 64
490 493 43 0.7672 0.7507 15.471 15.957 -0.38334 -0.31016 -0 65
490 518 44 0.714 0.7228 5.774 6.105 -0.41334 -0.18416 -0 64
490 520 45 0.7537 0.7504 8.658 8.451 -0.41934 -0.22016 -0 65
490 518 46 0.7795 0.775 4.383 4.603 -0.44934 -0.17816 -0 64
490 535 47 0.7589 0.7563 7.923 7.826 -0.42534 -0.21416 -0 64
490 456 48 0.8183 0.8049 7.324 7.239 -0.45534 -0.22016 -0 64
490 507 49 0.7643 0.7421 15.66 16.266 -0.37734 -0.31016 0 65
544 688 0 0.6934 0.696 16.986 16.382 -0.35334 -0.29216 -0 66
544 568 1 0.7813 0.7808 8.481 8.223 -0.43734 -0.22616 -0 65
544 547 2 0.7994 0.79 5.034 5.255 -0.45534 -0.19016 -0 65
544 514 3 0.7596 0.7441 13.513 14.129 -0.38934 -0.28616 0 66
544 529 4 0.7464 0.7331 12.356 12.942 -0.38934 -0.26816 -0 66
544 478 5 0.8344 0.8377 13.931 13.224 -0.44334 -0.31016 0 65
544 531 6 0.8077 0.8037 18.427 18.557 -0.39534 -0.36416 0 65
544 519 7 0.8131 0.8049 7.381 7.239 -0.45534 -0.22016 -0 65
544 585 8 0.74 0.7229 13.313 14.317 -0.37734 -0.28016 -0 66
544 560 9 0.7323 0.7382 8.715 8.251 -0.41334 -0.21416 -0 65
544 532 10 0.819 0.8198 11.609 11.435 -0.44334 -0.28016 0 65
544 566 11 0.7264 0.7207 11.94 12.815 -0.38334 -0.26216 -0 66
544 538 12 0.7977 0.7905 9.615 9.4 -0.43734 -0.24416 0 65
544 487 13 0.7826 0.7718 15.191 15.731 -0.39534 -0.31616 0 66
544 530 14 0.7255 0.7266 9.749 9.548 -0.40134 -0.22616 -0 65
544 574 15 0.7859 0.7775 6.206 6.42 -0.44334 -0.20216 -0 65
544 527 16 0.8197 0.8185 9.838 10.106 -0.44934 -0.26216 0 65
544 561 17 0.7116 0.7198 5.182 5.665 -0.41334 -0.17816 -0 64
544 531 18 0.7733 0.7759 10.634 10.236 -0.42534 -0.25016 0 65
544 616 19 0.7218 0.7155 12.686 13.509 -0.37734 -0.26816 -0 65
544 538 20 0.8477 0.85 17.214 17.401 -0.42534 -0.37016 0 65
544 566 21 0.7893 0.7867 7.68 7.624 -0.44334 -0.22016 -0 65
544 546 22 0.8421 0.8411 11.195 11.341 -0.45534 -0.28616 0 65
544 603 23 0.7611 0.7539 17.464 17.387 -0.37734 -0.32816 -0 66
544 447 24 0.8459 0.8385 7.285 7.444 -0.47334 -0.23216 -0 65
544 569 25 0.745 0.7316 13.427 14.024 -0.38334 -0.28016 -0 66
544 533 26 0.6925 0.7015 6.267 6.056 -0.40134 -0.17816 -0 63
544 487 27 0.7735 0.7773 11.983 11.638 -0.41934 -0.26816 0 66
544 512 28 0.7634 0.758 11.168 10.708 -0.41334 -0.25016 0 66
544 516 29 0.8076 0.811 11.739 11.669 -0.43734 -0.28016 0 65
544 498 30 0.7663 0.7649 11.754 11.498 -0.41334 -0.26216 0 66
544 707 31 0.7103 0.7046 16.128 16.052 -0.35934 -0.29216 -0 66
544 570 32 0.715 0.7198 5.313 5.665 -0.41334 -0.17816 -0 64
544 505 33 0.6935 0.7046 8.436 8.055 -0.39534 -0.20216 0 64
544 642 34 0.6925 0.6954 18.149 17.526 -0.34734 -0.30416 -0 66
544 596 35 0.7604 0.7595 5.263 5.361 -0.43734 -0.18416 -0 65
544 497 36 0.808 0.8145 12.559 12.035 -0.43734 -0.28616 0 65
544 615 37 0.7554 0.7536 18.716 18.443 -0.37134 -0.34016 -0 66
544 544 38 0.801 0.7958 7.616 7.429 -0.44934 -0.22016 -0 65
544 574 39 0.7787 0.775 4.578 4.603 -0.44934 -0.17816 -0 65
544 586 40 0.734 0.741 7.34 7.197 -0.41934 -0.20216 -0 65
544 526 41 0.8185 0.8185 9.813 10.106 -0.44934 -0.26216 0 65
544 673 42 0.6975 0.698 13.382 14.104 -0.36534 -0.26816 -0 65
544 626 43 0.7505 0.7454 17.636 17.71 -0.37134 -0.32816 -0 66
544 453 44 0.8072 0.8114 14.161 13.982 -0.42534 -0.31016 0 66
544 603 45 0.7666 0.762 18.164 18.115 -0.37734 -0.34016 -0 66
544 528 46 0.7659 0.7468 14.808 15.579 -0.38334 -0.30416 -0 66
544 492 47 0.8392 0.8467 15.896 16.134 -0.43134 -0.35216 0 65
544 594 48 0.7625 0.7499 16.706 17.017 -0.37734 -0.32216 -0 66
544 600 49 0.7521 0.7532 6.146 5.963 -0.43134 -0.19016 -0 65
599 632 0 0.7481 0.7473 8.403 8.036 -0.41934 -0.21416 -0 66
599 664 1 0.7443 0.7452 19.249 18.779 -0.36534 -0.34016 -0 67
599 555 2 0.8253 0.8205 5.449 5.157 -0.47334 -0.19616 -0 65
599 565 3 0.8006 0.8075 11.587 11.299 -0.43734 -0.27416 0 66
599 567 4 0.8422 0.8398 9.465 10.045 -0.46134 -0.26816 -0 66
599 522 5 0.8351 0.8351 15.129 15.12 -0.43134 -0.33416 0 66
599 562 6 0.7544 0.7455 12.693 13.065 -0.39534 -0.27416 0 67
599 724 7 0.7218 0.7164 17.376 17.236 -0.35934 -0.31016 -0 67
599 622 8 0.7743 0.7718 8.828 8.431 -0.43134 -0.22616 -0 66
599 720 9 0.7312 0.7249 16.855 16.905 -0.36534 -0.31016 -0 67
599 534 10 0.8042 0.8092 12.918 12.644 -0.43134 -0.29216 0 66
599 585 11 0.7153 0.7201 9.109 8.698 -0.40134 -0.21416 -0 66
599 600 12 0.7985 0.7911 18.288 18.53 -0.38934 -0.35816 0 66
599 580 13 0.8078 0.7996 17.891 18.216 -0.39534 -0.35816 0 66
599 556 14 0.8235 0.8172 6.162 6.101 -0.46734 -0.20816 -0 65
599 641 15 0.7576 0.7563 7.743 7.826 -0.42534 -0.21416 -0 66
599 626 16 0.7291 0.7353 4.45 4.859 -0.42534 -0.17216 -1 65
599 639 17 0.7777 0.7702 18.903 18.827 -0.37734 -0.35216 -0 66
599 573 18 0.8447 0.8429 12.859 12.632 -0.44934 -0.30416 0 65
599 547 19 0.7649 0.7649 11.921 11.498 -0.41334 -0.26216 0 67
599 569 20 0.8145 0.8019 6.795 6.848 -0.45534 -0.21416 -0 66
599 646 21 0.7315 0.7319 5.991 5.912 -0.41934 -0.18416 -0 65
599 617 22 0.7417 0.7414 8.731 8.67 -0.41334 -0.22016 -0 66
599 587 23 0.7297 0.7356 9.74 9.313 -0.40734 -0.22616 -0 66
599 615 24 0.7086 0.7166 6.915 6.744 -0.40734 -0.19016 -0 65
599 636 25 0.7427 0.7445 4.409 4.685 -0.43134 -0.17216 -1 65
599 505 26 0.8014 0.8015 14.928 15.235 -0.41334 -0.32216 0 66
599 571 27 0.746 0.7437 11.688 11.606 -0.40134 -0.25616 -0 67
599 611 28 0.7234 0.7171 11.624 12.404 -0.38334 -0.25616 -0 66
599 524 29 0.8433 0.8418 5.546 5.222 -0.48534 -0.20216 -0 65
599 648 30 0.77 0.762 17.964 18.115 -0.37734 -0.34016 -0 67
599 612 31 0.7436 0.7414 9.042 8.67 -0.41334 -0.22016 -0 66
599 634 32 0.7733 0.7705 17.614 17.794 -0.38334 -0.34016 -0 67
599 641 33 0.7452 0.7441 7.681 7.619 -0.41934 -0.20816 -0 66
599 641 34 0.7466 0.7441 7.722 7.619 -0.41934 -0.20816 -0 66
599 595 35 0.8478 0.8535 11.497 11.472 -0.46134 -0.29216 -0 65
599 625 36 0.7859 0.7836 7.165 7.226 -0.44334 -0.21416 -0 66
599 520 37 0.8064 0.8128 13.453 13.007 -0.43134 -0.29816 0 66
599 716 38 0.7332 0.721 16.676 16.518 -0.36534 -0.30416 -0 67
599 670 39 0.734 0.7229 13.579 14.317 -0.37734 -0.28016 -0 67
599 604 40 0.7926 0.784 8.803 8.618 -0.43734 -0.23216 -0 66
599 727 41 0.7135 0.7105 13.79 14.212 -0.37134 -0.27416 -0 66
599 568 42 0.8257 0.8242 9.329 9.521 -0.45534 -0.25616 -0 66
599 593 43 0.7972 0.7905 9.51 9.4 -0.43734 -0.24416 -0 66
599 651 44 0.7642 0.758 17.368 17.753 -0.37734 -0.33416 -0 67
599 508 45 0.8057 0.8054 15.123 15.59 -0.41334 -0.32816 0 66
599 697 46 0.6923 0.6954 18.055 17.526 -0.34734 -0.30416 -0 67
599 586 47 0.7968 0.7972 10.369 10.169 -0.43734 -0.25616 0 66
599 605 48 0.798 0.7928 7.036 7.035 -0.44934 -0.21416 -0 66
599 668 49 0.7256 0.7155 12.887 13.509 -0.37734 -0.26816 -0 66
653 630 0 0.7065 0.7169 8.646 8.267 -0.40134 -0.20816 -0 66
653 679 1 0.7794 0.7745 17.771 18.15 -0.38334 -0.34616 -0 67
653 630 2 0.6941 0.6976 10.83 11.414 -0.37734 -0.23816 -0 66
653 621 3 0.8181 0.8176 4.64 4.766 -0.47334 -0.19016 -0 66
653 675 4 0.7876 0.7827 18.989 18.85 -0.38334 -0.35816 0 67
653 563 5 0.811 0.8114 13.962 13.982 -0.42534 -0.31016 0 67
653 707 6 0.7108 0.7082 12.13 12.684 -0.37734 -0.25616 -0 67
653 625 7 0.7493 0.7457 10.921 10.548 -0.40734 -0.24416 -0 67
653 587 8 0.7809 0.7718 15.068 15.731 -0.39534 -0.31616 -0 68
653 591 9 0.7985 0.792 15.964 16.519 -0.40134 -0.33416 0 67
653 595 10 0.8261 0.8256 16.133 16.35 -0.41934 -0.34616 0 67
653 805 11 0.7056 0.7085 16.748 16.451 -0.35934 -0.29816 -0 68
653 692 12 0.7386 0.741 7.593 7.197 -0.41934 -0.20216 -1 66
653 626 13 0.7046 0.7078 8.723 8.494 -0.39534 -0.20816 -0 66
653 675 14 0.7822 0.7808 8.44 8.223 -0.43734 -0.22616 -0 67
653 804 15 0.7031 0.7055 14.552 14.926 -0.36534 -0.28016 -1 67
653 630 16 0.7821 0.7793 10.635 10.626 -0.42534 -0.25616 -0 67
653 665 17 0.7229 0.7259 8.356 8.045 -0.40734 -0.20816 -0 66
653 632 18 0.7676 0.7593 15.245 15.656 -0.38934 -0.31016 -0 68
653 682 19 0.7267 0.7319 7.73 7.404 -0.41334 -0.20216 -1 66
653 733 20 0.6951 0.6943 12.635 13.686 -0.36534 -0.26216 -0 66
653 697 21 0.7712 0.7714 6.913 7.016 -0.43734 -0.20816 -0 66
653 589 22 0.767 0.7528 13.678 13.846 -0.39534 -0.28616 -0 68
653 686 23 0.7778 0.7661 18.342 18.473 -0.37734 -0.34616 -0 67
653 658 24 0.7976 0.7867 6.341 6.236 -0.44934 -0.20216 -1 66
653 606 25 0.8286 0.8296 16.536 16.689 -0.41934 -0.35216 0 67
653 684 26 0.7645 0.7595 8.399 8.237 -0.42534 -0.22016 -0 66
653 601 27 0.7874 0.7796 15.789 16.459 -0.39534 -0.32816 -0 67
653 588 28 0.7958 0.7881 15.81 16.163 -0.40134 -0.32816 0 67
653 605 29 0.7923 0.7986 11.793 11.534 -0.43134 -0.27416 0 67
653 645 30 0.7933 0.7939 9.847 9.786 -0.43734 -0.25016 -0 67
653 717 31 0.7601 0.7536 18.385 18.443 -0.37134 -0.34016 -0 68
653 628 32 0.8267 0.829 17.778 17.649 -0.41334 -0.36416 0 66
653 702 33 0.7692 0.7684 6.643 6.607 -0.43734 -0.20216 -1 66
653 627 34 0.696 0.6976 10.726 11.414 -0.37734 -0.23816 -0 66
653 678 35 0.7143 0.7198 5.742 5.665 -0.41334 -0.17816 -0 65
653 802 36 0.7022 0.7017 14.395 14.517 -0.36534 -0.27416 -1 67
653 789 37 0.7206 0.7093 14.854 15.33 -0.36534 -0.28616 -0 67
653 666 38 0.7814 0.7705 17.389 17.794 -0.38334 -0.34016 -0 67
653 753 39 0.6943 0.7039 18.01 17.182 -0.35334 -0.30416 -0 68
653 633 40 0.8402 0.8398 9.903 10.045 -0.46134 -0.26816 -0 66
653 577 41 0.7764 0.7641 14.405 14.988 -0.39534 -0.30416 0 68
653 743 42 0.7441 0.7335 16.283 16.582 -0.37134 -0.31016 -0 68
653 647 43 0.8253 0.8287 11.212 11.207 -0.44934 -0.28016 -0 66
653 628 44 0.8251 0.8246 18.009 18.279 -0.40734 -0.37016 0 66
653 725 45 0.7481 0.7452 18.829 18.779 -0.36534 -0.34016 -0 68
653 589 46 0.7678 0.7684 12.25 11.887 -0.41334 -0.26816 -0 68
653 588 47 0.8349 0.8263 5.96 5.93 -0.47334 -0.20816 -0 66
653 678 48 0.7867 0.7806 7.045 6.824 -0.44334 -0.20816 -1 66
653 590 49 0.8166 0.8216 13.312 12.76 -0.43734 -0.29816 0 67
708 831 0 0.6928 0.698 13.493 14.104 -0.36534 -0.26816 -0 67
708 728 1 0.7902 0.7837 5.804 5.833 -0.44934 -0.19616 -1 67
708 675 2 0.8155 0.8119 19.169 19.228 -0.39534 -0.37616 0 68
708 762 3 0.7564 0.746 16.498 16.644 -0.37734 -0.31616 -0 68
708 655 4 0.7639 0.7649 11.804 11.498 -0.41334 -0.26216 -0 68
708 680 5 0.8391 0.846 16.958 17.073 -0.42534 -0.36416 0 67
708 809 6 0.7386 0.7296 15.953 16.197 -0.37134 -0.30416 -1 69
708 679 7 0.7152 0.7154 10.339 10.885 -0.38934 -0.23816 -0 68
708 651 8 0.8247 0.8144 8.229 8.394 -0.45534 -0.23816 -0 67
708 812 9 0.7367 0.7249 16.874 16.905 -0.36534 -0.31016 -1 69
708 688 10 0.767 0.767 10.634 10.469 -0.41934 -0.25016 -0 68
708 748 11 0.7627 0.7654 7.706 7.621 -0.43134 -0.21416 -1 67
708 712 12 0.7236 0.7291 8.558 8.472 -0.40734 -0.21416 -1 67
708 654 13 0.7802 0.7718 15.44 15.731 -0.39534 -0.31616 -0 68
708 650 14 0.8346 0.8299 8.792 8.945 -0.46134 -0.25016 -0 67
708 756 15 0.765 0.7624 5.913 5.78 -0.43734 -0.19016 -1 67
708 661 16 0.7979 0.7986 11.862 11.534 -0.43134 -0.27416 -0 68
708 681 17 0.7235 0.721 10.152 10.211 -0.39534 -0.23216 -0 68
708 709 18 0.7314 0.7324 9.093 8.894 -0.40734 -0.22016 -0 67
708 636 19 0.8332 0.8303 15.536 15.731 -0.42534 -0.34016 0 68
708 672 20 0.6939 0.7048 4.891 4.956 -0.40734 -0.16616 -0 66
708 739 21 0.7774 0.7661 18.433 18.473 -0.37734 -0.34616 -0 68
708 662 22 0.8196 0.811 6.858 6.666 -0.46134 -0.21416 -0 67
708 627 23 0.8361 0.8351 14.916 15.12 -0.43134 -0.33416 0 68
708 756 24 0.7696 0.7654 6.254 6.195 -0.43734 -0.19616 -1 67
708 771 25 0.758 0.7577 18.841 18.803 -0.37134 -0.34616 -0 69
708 664 26 0.8262 0.8205 5.319 5.157 -0.47334 -0.19616 -1 67
708 809 27 0.7236 0.7204 18.102 17.621 -0.35934 -0.31616 -1 69
708 684 28 0.7188 0.7154 10.527 10.885 -0.38934 -0.23816 -0 68
708 742 29 0.7686 0.7686 8.232 8.028 -0.43134 -0.22016 -1 67
708 698 30 0.7834 0.7815 10.081 9.619 -0.43134 -0.24416 -0 67
708 725 31 0.7332 0.7382 8.473 8.251 -0.41334 -0.21416 -1 67
708 643 32 0.8151 0.817 16.2 16.634 -0.41334 -0.34616 0 68
708 733 33 0.784 0.7745 5.988 6.012 -0.44334 -0.19616 -1 67
708 693 34 0.7778 0.7759 10.447 10.236 -0.42534 -0.25016 -0 68
708 683 35 0.806 0.808 17.748 17.909 -0.40134 -0.35816 -0 68
708 657 36 0.8232 0.8172 6.391 6.101 -0.46734 -0.20816 -0 67
708 699 37 0.8059 0.8021 5.411 5.487 -0.46134 -0.19616 -1 67
708 632 38 0.7904 0.7932 12.61 12.151 -0.42534 -0.28016 -0 68
708 863 39 0.7054 0.7055 14.861 14.926 -0.36534 -0.28016 -1 68
708 625 40 0.8381 0.8438 14.841 14.857 -0.43734 -0.33416 0 67
708 701 41 0.8019 0.7928 6.85 7.035 -0.44934 -0.21416 -0 67
708 681 42 0.7567 0.758 10.979 10.708 -0.41334 -0.25016 -0 68
708 757 43 0.7454 0.7471 6.848 6.575 -0.42534 -0.19616 -1 67
708 725 44 0.7173 0.7135 11.676 11.989 -0.38334 -0.25016 -0 68
708 689 45 0.7171 0.7154 10.658 10.885 -0.38934 -0.23816 -0 68
708 631 46 0.8412 0.8438 14.906 14.857 -0.43734 -0.33416 0 67
708 656 47 0.7966 0.792 16.243 16.519 -0.40134 -0.33416 -0 68
708 684 48 0.7424 0.7348 11.784 11.865 -0.39534 -0.25616 -0 68
708 683 49 0.7903 0.7882 10.76 10.395 -0.43134 -0.25616 -0 68
762 848 0 0.738 0.737 18.242 18.041 -0.36534 -0.32816 -1 70
762 739 1 0.7186 0.7154 10.554 10.885 -0.38934 -0.23816 -0 69
762 733 2 0.8046 0.8075 11.332 11.299 -0.43734 -0.27416 -0 68
762 798 3 0.7431 0.7441 7.928 7.619 -0.41934 -0.20816 -1 68
762 738 4 0.751 0.7546 10.7 10.307 -0.41334 -0.24416 -1 69
762 826 5 0.7522 0.7499 16.812 17.017 -0.37734 -0.32216 -0 70
762 799 6 0.7704 0.762 17.749 18.115 -0.37734 -0.34016 -0 69
762 729 7 0.8114 0.811 11.76 11.669 -0.43734 -0.28016 -0 68
762 810 8 0.771 0.7661 18.349 18.473 -0.37734 -0.34616 -0 69
762 812 9 0.7525 0.7562 6.531 6.383 -0.43134 -0.19616 -1 68
762 889 10 0.7236 0.718 14.769 15.019 -0.37134 -0.28616 -1 69
762 681 11 0.8333 0.8294 7.721 7.629 -0.46734 -0.23216 -0 68
762 676 12 0.78 0.7844 12.657 12.401 -0.41934 -0.28016 -0 69
762 875 13 0.7316 0.7249 17.181 16.905 -0.36534 -0.31016 -1 70
762 675 14 0.8379 0.8323 6.892 6.693 -0.47334 -0.22016 -0 68
762 715 15 0.8298 0.8296 16.498 16.689 -0.41934 -0.35216 0 68
762 724 16 0.8227 0.825 17.092 17.314 -0.41334 -0.35816 0 68
762 752 17 0.8017 0.7953 18.681 18.873 -0.38934 -0.36416 0 68
762 807 18 0.7321 0.7349 6.239 6.344 -0.41934 -0.19016 -1 67
762 809 19 0.7356 0.7349 6.26 6.344 -0.41934 -0.19016 -1 67
762 849 20 0.7448 0.7414 17.271 17.338 -0.37134 -0.32216 -1 70
762 736 21 0.8251 0.829 17.641 17.649 -0.41334 -0.36416 -0 68
762 655 22 0.7899 0.7852 14.361 14.791 -0.40734 -0.31016 -0 69
762 921 23 0.6943 0.7007 15.853 15.649 -0.35934 -0.28616 -0 69
762 722 24 0.6979 0.7048 4.336 4.956 -0.40734 -0.16616 -0 67
762 793 25 0.7584 0.746 16.065 16.644 -0.37734 -0.31616 -0 70
762 857 26 0.7012 0.7031 12.944 13.388 -0.37134 -0.26216 -1 68
762 666 27 0.802 0.8015 15.232 15.235 -0.41334 -0.32216 -0 69
762 817 28 0.763 0.758 17.675 17.753 -0.37734 -0.33416 -0 69
762 734 29 0.7463 0.7419 12.417 12.669 -0.39534 -0.26816 -0 69
762 903 30 0.7226 0.7171 16.205 16.126 -0.36534 -0.29816 -1 70
762 750 31 0.8031 0.7996 9.23 9.186 -0.44334 -0.24416 -0 68
762 730 32 0.766 0.767 10.965 10.469 -0.41934 -0.25016 -0 69
762 734 33 0.8134 0.8121 18.506 18.248 -0.40134 -0.36416 -0 68
762 850 34 0.7384 0.737 18.141 18.041 -0.36534 -0.32816 -1 70
762 802 35 0.709 0.7082 11.922 12.684 -0.37734 -0.25616 -1 68
762 797 36 0.7436 0.7445 4.454 4.685 -0.43134 -0.17216 -1 68
762 832 37 0.7434 0.7343 15.247 15.499 -0.37734 -0.29816 -0 69
762 730 38 0.818 0.8148 4.37 4.372 -0.47334 -0.18416 -1 67
762 706 39 0.8163 0.817 16.419 16.634 -0.41334 -0.34616 -0 68
762 722 40 0.8395 0.8453 19.18 18.956 -0.41334 -0.38816 0 68
762 728 41 0.8164 0.8119 19.257 19.228 -0.39534 -0.37616 0 68
762 776 42 0.7716 0.775 8.992 8.83 -0.43134 -0.23216 -1 68
762 759 43 0.7929 0.7905 9.386 9.4 -0.43734 -0.24416 -0 68
762 738 44 0.7259 0.73 10.028 9.967 -0.40134 -0.23216 -0 68
762 847 45 0.7424 0.7296 15.892 16.197 -0.37134 -0.30416 -1 70
762 739 46 0.8448 0.8432 9.96 10.406 -0.46134 -0.27416 -0 68
762 721 47 0.8323 0.8328 19.289 18.936 -0.40734 -0.38216 0 68
762 746 48 0.7832 0.775 16.594 17.122 -0.38934 -0.33416 -0 69
762 768 49 0.7414 0.7446 9.29 9.085 -0.41334 -0.22616 -1 68
54 198 0 0.761 0.7007 18.206 15.649 -0.35934 -0.28616 1 62
54 187 1 0.7827 0.7007 18.973 15.649 -0.35934 -0.28616 1 62
54 183 2 0.8233 0.7007 14.144 15.649 -0.35934 -0.28616 1 61
54 194 3 0.7568 0.7007 12.086 15.649 -0.35934 -0.28616 0 62
54 211 4 0.7521 0.7007 14.618 15.649 -0.35934 -0.28616 1 62
54 182 5 0.7106 0.7007 4.48 15.649 -0.35934 -0.28616 1 61
54 183 6 0.8325 0.7007 5.73 15.649 -0.35934 -0.28616 1 61
54 199 7 0.774 0.7007 14.882 15.649 -0.35934 -0.28616 0 62
54 182 8 0.8355 0.7007 12.327 15.649 -0.35934 -0.28616 1 62
54 190 9 0.7761 0.7007 18.353 15.649 -0.35934 -0.28616 1 62
54 213 10 0.7321 0.6969 12.925 15.241 -0.35934 -0.28016 1 62
54 182 11 0.8256 0.7007 13.595 15.649 -0.35934 -0.28616 1 61
54 212 12 0.7096 0.6969 12.119 15.241 -0.35934 -0.28016 0 62
54 181 13 0.8356 0.7007 10.237 15.649 -0.35934 -0.28616 1 62
54 231 14 0.7224 0.7007 15.805 15.649 -0.35934 -0.28616 0 62
54 182 15 0.7355 0.7007 7.602 15.649 -0.35934 -0.28616 1 62
54 183 16 0.7632 0.7007 6.285 15.649 -0.35934 -0.28616 1 62
54 185 17 0.7685 0.7007 10.537 15.649 -0.35934 -0.28616 1 62
54 218 18 0.7437 0.7007 14.783 15.649 -0.35934 -0.28616 0 62
54 181 19 0.7217 0.7007 6.052 15.649 -0.35934 -0.28616 1 62
54 194 20 0.7633 0.7007 12.507 15.649 -0.35934 -0.28616 1 62
54 202 21 0.7334 0.6969 11.929 15.241 -0.35934 -0.28016 0 62
54 182 22 0.7254 0.7007 5.087 15.649 -0.35934 -0.28616 0 62
54 184 23 0.841 0.7007 5.209 15.649 -0.35934 -0.28616 0 61
54 182 24 0.8451 0.7007 7.571 15.649 -0.35934 -0.28616 1 62
54 197 25 0.7358 0.6969 11.325 15.241 -0.35934 -0.28016 0 62
54 181 26 0.7054 0.7007 5.371 15.649 -0.35934 -0.28616 1 62
54 184 27 0.7588 0.7007 9.407 15.649 -0.35934 -0.28616 1 62
54 195 28 0.713 0.6969 10.643 15.241 -0.35934 -0.28016 0 62
54 201 29 0.7687 0.7007 14.504 15.649 -0.35934 -0.28616 1 62
54 182 30 0.8414 0.7007 12.53 15.649 -0.35934 -0.28616 1 62
54 215 31 0.7209 0.7046 18.294 16.052 -0.35934 -0.29216 0 62
54 183 32 0.8368 0.7007 6.832 15.649 -0.35934 -0.28616 1 62
54 198 33 0.7717 0.7007 16.506 15.649 -0.35934 -0.28616 1 62
54 182 34 0.844 0.7007 9.561 15.649 -0.35934 -0.28616 1 62
54 183 35 0.8174 0.7007 5.192 15.649 -0.35934 -0.28616 0 62
54 236 36 0.7091 0.7007 15.749 15.649 -0.35934 -0.28616 0 62
54 183 37 0.8323 0.7007 14.98 15.649 -0.35934 -0.28616 1 62
54 184 38 0.7645 0.7007 10.114 15.649 -0.35934 -0.28616 1 62
54 200 39 0.7524 0.7007 18.494 15.649 -0.35934 -0.28616 1 62
54 181 40 0.7247 0.7007 7.062 15.649 -0.35934 -0.28616 1 62
54 208 41 0.7589 0.7007 15.513 15.649 -0.35934 -0.28616 1 62
54 182 42 0.7858 0.7007 8.667 15.649 -0.35934 -0.28616 1 62
54 189 43 0.7616 0.7007 11.45 15.649 -0.35934 -0.28616 1 62
54 182 44 0.8202 0.7007 9.789 15.649 -0.35934 -0.28616 1 62
54 227 45 0.7222 0.7007 16.818 15.649 -0.35934 -0.28616 0 62
54 182 46 0.7391 0.7007 7.228 15.649 -0.35934 -0.28616 1 62
54 222 47 0.6964 0.6969 12.979 15.241 -0.35934 -0.28016 0 62
54 182 48 0.7847 0.7007 11.145 15.649 -0.35934 -0.28616 1 62
54 182 49 0.7556 0.7007 7.898 15.649 -0.35934 -0.28616 1 62
109 185 0 0.7882 0.7007 6.515 15.649 -0.35934 -0.28616 1 62
109 185 1 0.8387 0.7007 16.497 15.649 -0.35934 -0.28616 1 62
109 243 2 0.7384 0.7055 13.059 14.926 -0.36534 -0.28016 0 62
109 182 3 0.8312 0.7007 19.067 15.649 -0.35934 -0.28616 1 62
109 184 4 0.8133 0.7007 14.024 15.649 -0.35934 -0.28616 1 62
109 183 5 0.8346 0.7007 8.551 15.649 -0.35934 -0.28616 1 62
109 182 6 0.8232 0.7007 11.725 15.649 -0.35934 -0.28616 1 62
109 253 7 0.7104 0.6969 12.661 15.241 -0.35934 -0.28016 0 62
109 287 8 0.6999 0.7007 15.189 15.649 -0.35934 -0.28616 0 62
109 211 9 0.7547 0.7055 12.176 14.926 -0.36534 -0.28016 0 62
109 190 10 0.6945 0.6969 9.144 15.241 -0.35934 -0.28016 0 62
109 182 11 0.8352 0.7007 19.106 15.649 -0.35934 -0.28616 1 62
109 190 12 0.7632 0.7007 10.787 15.649 -0.35934 -0.28616 0 62
109 261 13 0.7035 0.7046 18.199 16.052 -0.35934 -0.29216 0 62
109 188 14 0.7972 0.7007 13.793 15.649 -0.35934 -0.28616 1 62
109 191 15 0.7894 0.7007 13.489 15.649 -0.35934 -0.28616 1 62
109 224 16 0.7447 0.7085 18.656 16.451 -0.35934 -0.29816 0 62
109 182 17 0.7598 0.7007 7.426 15.649 -0.35934 -0.28616 1 62
109 200 18 0.7725 0.7046 18.333 16.052 -0.35934 -0.29216 1 62
109 185 19 0.8073 0.7007 5.808 15.649 -0.35934 -0.28616 1 62
109 189 20 0.785 0.7007 12.14 15.649 -0.35934 -0.28616 0 62
109 242 21 0.7375 0.7055 13.02 14.926 -0.36534 -0.28016 0 62
109 183 22 0.8198 0.7007 14.312 15.649 -0.35934 -0.28616 1 62
109 183 23 0.8022 0.7007 5.743 15.649 -0.35934 -0.28616 1 62
109 233 24 0.755 0.7093 13.869 15.33 -0.36534 -0.28616 0 62
109 184 25 0.8043 0.7007 9.224 15.649 -0.35934 -0.28616 1 62
109 249 26 0.738 0.7055 13.494 14.926 -0.36534 -0.28016 1 62
109 184 27 0.8455 0.7007 12.4 15.649 -0.35934 -0.28616 1 62
109 231 28 0.7612 0.7132 15.978 15.73 -0.36534 -0.29216 0 62
109 184 29 0.7505 0.7007 8.594 15.649 -0.35934 -0.28616 1 62
109 184 30 0.783 0.7007 6.839 15.649 -0.35934 -0.28616 1 62
109 211 31 0.74 0.7055 11.293 14.926 -0.36534 -0.28016 1 62
109 182 32 0.8201 0.7007 12.078 15.649 -0.35934 -0.28616 1 62
109 184 33 0.8278 0.7007 13.993 15.649 -0.35934 -0.28616 1 62
109 183 34 0.8053 0.7007 5.572 15.649 -0.35934 -0.28616 0 62
109 180 35 0.7051 0.7007 4.36 15.649 -0.35934 -0.28616 1 62
109 273 36 0.7293 0.7007 15.208 15.649 -0.35934 -0.28616 0 62
109 196 37 0.7244 0.6969 9.846 15.241 -0.35934 -0.28016 1 62
109 194 38 0.7901 0.7007 14.307 15.649 -0.35934 -0.28616 1 62
109 181 39 0.716 0.7007 5.122 15.649 -0.35934 -0.28616 1 62
109 235 40 0.7429 0.7055 12.869 14.926 -0.36534 -0.28016 0 62
109 181 41 0.7501 0.7007 5.33 15.649 -0.35934 -0.28616 1 62
109 180 42 0.7125 0.7007 7.551 15.649 -0.35934 -0.28616 1 62
109 185 43 0.8015 0.7007 17.828 15.649 -0.35934 -0.28616 1 62
109 261 44 0.7253 0.7055 13.572 14.926 -0.36534 -0.28016 0 62
109 252 45 0.7263 0.7085 18.158 16.451 -0.35934 -0.29816 0 62
109 192 46 0.7932 0.7007 14.474 15.649 -0.35934 -0.28616 1 62
109 181 47 0.743 0.7007 7.317 15.649 -0.35934 -0.28616 1 62
109 184 48 0.7975 0.7007 19.15 15.649 -0.35934 -0.28616 1 62
109 185 49 0.8335 0.7007 14.405 15.649 -0.35934 -0.28616 1 62
163 202 0 0.846 0.8791 17.955 17.798 -0.43734 -0.38816 1 62
163 196 1 0.8458 0.8831 18.642 18.11 -0.43734 -0.39416 1 62
163 200 2 0.7816 0.7093 12.606 15.33 -0.36534 -0.28616 1 62
163 186 3 0.8384 0.7007 17.152 15.649 -0.35934 -0.28616 1 62
163 214 4 0.7785 0.7714 7.416 7.016 -0.43734 -0.20816 0 62
163 186 5 0.8019 0.7007 18.483 15.649 -0.35934 -0.28616 1 62
163 208 6 0.7864 0.7702 19.073 18.827 -0.37734 -0.35216 0 62
163 192 7 0.7956 0.7007 13.781 15.649 -0.35934 -0.28616 1 62
163 319 8 0.6997 0.696 17.577 16.382 -0.35334 -0.29216 0 62
163 193 9 0.7999 0.7007 15.098 15.649 -0.35934 -0.28616 1 62
163 203 10 0.7238 0.7017 9.707 14.517 -0.36534 -0.27416 1 62
163 184 11 0.7917 0.7007 10.502 15.649 -0.35934 -0.28616 1 62
163 182 12 0.8247 0.7007 10.931 15.649 -0.35934 -0.28616 1 62
163 187 13 0.8395 0.8791 17.755 17.798 -0.43734 -0.38816 1 62
163 184 14 0.8396 0.7007 5.453 15.649 -0.35934 -0.28616 1 62
163 184 15 0.8158 0.7007 13.348 15.649 -0.35934 -0.28616 1 62
163 186 16 0.8424 0.7007 4.966 15.649 -0.35934 -0.28616 0 62
163 190 17 0.7687 0.7007 10.485 15.649 -0.35934 -0.28616 1 62
163 183 18 0.8188 0.7007 11.616 15.649 -0.35934 -0.28616 1 62
163 262 19 0.7206 0.7017 11.651 14.517 -0.36534 -0.27416 0 62
163 183 20 0.8397 0.7007 7.648 15.649 -0.35934 -0.28616 1 62
163 182 21 0.8175 0.7007 11.341 15.649 -0.35934 -0.28616 1 62
163 201 22 0.7879 0.7046 17.006 16.052 -0.35934 -0.29216 1 62
163 197 23 0.7942 0.7007 15.433 15.649 -0.35934 -0.28616 1 62
163 187 24 0.8476 0.7007 15.063 15.649 -0.35934 -0.28616 1 62
163 307 25 0.7359 0.7171 16.392 16.126 -0.36534 -0.29816 0 62
163 185 26 0.8224 0.7007 9.531 15.649 -0.35934 -0.28616 1 62
163 197 27 0.7227 0.6969 9.337 15.241 -0.35934 -0.28016 1 62
163 188 28 0.8114 0.7007 14.623 15.649 -0.35934 -0.28616 1 62
163 272 29 0.7407 0.7124 18.15 16.846 -0.35934 -0.30416 0 62
163 193 30 0.7005 0.6969 8.889 15.241 -0.35934 -0.28016 1 62
163 341 31 0.7029 0.7007 15.273 15.649 -0.35934 -0.28616 0 62
163 186 32 0.6952 0.6969 8.233 15.241 -0.35934 -0.28016 1 62
163 185 33 0.829 0.7007 12.949 15.649 -0.35934 -0.28616 1 62
163 247 34 0.7672 0.7132 15.25 15.73 -0.36534 -0.29216 0 62
163 240 35 0.7667 0.7454 17.566 17.71 -0.37134 -0.32816 0 62
163 182 36 0.8002 0.7007 9.823 15.649 -0.35934 -0.28616 1 62
163 279 37 0.7421 0.7055 13.42 14.926 -0.36534 -0.28016 0 62
163 184 38 0.8107 0.7007 7.894 15.649 -0.35934 -0.28616 0 62
163 269 39 0.737 0.7164 18.649 17.236 -0.35934 -0.31016 0 62
163 184 40 0.8469 0.7007 8.609 15.649 -0.35934 -0.28616 1 62
163 234 41 0.7656 0.7536 18.878 18.443 -0.37134 -0.34016 1 62
163 223 42 0.7771 0.7132 14.699 15.73 -0.36534 -0.29216 0 62
163 326 43 0.6954 0.696 17.141 16.382 -0.35334 -0.29216 0 62
163 202 44 0.7895 0.7132 15.488 15.73 -0.36534 -0.29216 1 62
163 183 45 0.803 0.7007 9.336 15.649 -0.35934 -0.28616 1 62
163 225 46 0.7344 0.7441 6.18 6.151 -0.42534 -0.19016 0 62
163 187 47 0.699 0.7258 6.875 6.541 -0.41334 -0.19016 1 62
163 221 48 0.7742 0.7093 13.696 15.33 -0.36534 -0.28616 0 62
163 209 49 0.7776 0.7687 4.78 5.187 -0.44334 -0.18416 0 62
218 396 0 0.7016 0.7007 15.551 15.649 -0.35934 -0.28616 0 62
218 184 1 0.834 0.7007 6.29 15.649 -0.35934 -0.28616 1 62
218 195 2 0.822 0.8162 18.999 18.583 -0.40134 -0.37016 1 62
218 276 3 0.7731 0.762 17.765 18.115 -0.37734 -0.34016 0 63
218 323 4 0.7444 0.7289 17.85 17.288 -0.36534 -0.31616 0 63
218 244 5 0.7395 0.7017 11.03 14.517 -0.36534 -0.27416 0 63
218 369 6 0.6991 0.7017 13.636 14.517 -0.36534 -0.27416 0 62
218 294 7 0.7573 0.718 14.296 15.019 -0.37134 -0.28616 0 62
218 236 8 0.7015 0.7166 7.349 6.744 -0.40734 -0.19016 0 62
218 272 9 0.7262 0.7349 6.509 6.344 -0.41934 -0.19016 0 62
218 280 10 0.7712 0.7495 17.793 18.079 -0.37134 -0.33416 0 63
218 236 11 0.6978 0.7136 6.623 6.303 -0.40734 -0.18416 0 62
218 222 12 0.7425 0.7017 10.457 14.517 -0.36534 -0.27416 0 63
218 190 13 0.8071 0.7007 13.742 15.649 -0.35934 -0.28616 1 62
218 329 14 0.7234 0.7017 12.704 14.517 -0.36534 -0.27416 0 62
218 191 15 0.8091 0.7007 16.122 15.649 -0.35934 -0.28616 1 63
218 191 16 0.7922 0.7007 11.885 15.649 -0.35934 -0.28616 1 63
218 276 17 0.7335 0.7349 6.437 6.344 -0.41934 -0.19016 0 62
218 225 18 0.7341 0.7446 9.917 9.085 -0.41334 -0.22616 0 63
218 277 19 0.7704 0.7454 17.388 17.71 -0.37134 -0.32816 0 63
218 260 20 0.7858 0.7745 5.684 6.012 -0.44334 -0.19616 0 62
218 209 21 0.8058 0.7939 9.979 9.786 -0.43734 -0.25016 1 62
218 209 22 0.8401 0.871 16.302 17.165 -0.43734 -0.37616 1 62
218 304 23 0.7584 0.7335 16.389 16.582 -0.37134 -0.31016 0 63
218 363 24 0.7289 0.7171 16.654 16.126 -0.36534 -0.29816 0 63
218 210 25 0.7855 0.7849 10.818 10.009 -0.43134 -0.25016 0 62
218 198 26 0.8412 0.8671 15.849 16.844 -0.43734 -0.37016 1 62
218 220 27 0.8093 0.7899 8.098 8.019 -0.44334 -0.22616 0 62
218 225 28 0.8028 0.784 8.737 8.618 -0.43734 -0.23216 0 62
218 275 29 0.7014 0.698 10.848 14.104 -0.36534 -0.26816 0 62
218 256 30 0.7887 0.7745 7.445 7.421 -0.43734 -0.21416 0 62
218 371 31 0.7203 0.7055 14.163 14.926 -0.36534 -0.28016 0 62
218 194 32 0.8217 0.8357 13.017 11.926 -0.44934 -0.29216 1 62
218 200 33 0.7977 0.804 11.463 10.925 -0.43734 -0.26816 1 62
218 264 34 0.7445 0.7441 8.248 7.619 -0.41934 -0.20816 0 62
218 208 35 0.6914 0.7106 8.162 7.394 -0.40134 -0.19616 0 62
218 218 36 0.6908 0.698 9.533 14.104 -0.36534 -0.26816 1 62
218 215 37 0.8012 0.7939 10.078 9.786 -0.43734 -0.25016 0 62
218 231 38 0.7421 0.7446 9.782 9.085 -0.41334 -0.22616 0 63
218 224 39 0.7238 0.7382 9.536 8.251 -0.41334 -0.21416 0 62
218 185 40 0.832 0.7007 5.283 15.649 -0.35934 -0.28616 1 62
218 355 41 0.705 0.7017 12.974 14.517 -0.36534 -0.27416 0 62
218 235 42 0.8416 0.85 11.134 11.119 -0.46134 -0.28616 0 62
218 217 43 0.7761 0.7093 12.529 15.33 -0.36534 -0.28616 0 62
218 281 44 0.7586 0.7562 6.089 6.383 -0.43134 -0.19616 0 62
218 318 45 0.7123 0.7039 19.081 17.182 -0.35334 -0.30416 0 63
218 250 46 0.7352 0.7017 11.042 14.517 -0.36534 -0.27416 0 63
218 259 47 0.714 0.7228 6.266 6.105 -0.41334 -0.18416 0 62
218 306 48 0.6961 0.698 11.597 14.104 -0.36534 -0.26816 0 62
218 202 49 0.8084 0.783 17.056 17.833 -0.38934 -0.34616 1 62
272 212 0 0.8453 0.8297 5.429 4.997 -0.47934 -0.19616 0 62
272 407 1 0.698 0.6999 18.033 16.784 -0.35334 -0.29816 0 63
272 311 2 0.7482 0.7473 8.572 8.036 -0.41934 -0.21416 0 63
272 208 3 0.826 0.8342 15.433 16.072 -0.42534 -0.34616 1 63
272 259 4 0.8049 0.8129 11.107 10.698 -0.44334 -0.26816 1 63
272 314 5 0.7691 0.7686 8.4 8.028 -0.43134 -0.22016 0 63
272 281 6 0.8057 0.7929 5.552 5.658 -0.45534 -0.19616 0 62
272 247 7 0.782 0.7218 14.413 15.416 -0.37134 -0.29216 0 63
272 267 8 0.7656 0.7142 12.817 14.618 -0.37134 -0.28016 0 63
272 224 9 0.8292 0.8421 15.871 16.742 -0.42534 -0.35816 1 63
272 290 10 0.7606 0.7142 13.021 14.618 -0.37134 -0.28016 0 63
272 324 11 0.7575 0.7566 4.723 4.94 -0.43734 -0.17816 0 63
272 323 12 0.7648 0.7296 15.6 16.197 -0.37134 -0.30416 0 63
272 261 13 0.7621 0.7636 11.029 10.073 -0.41934 -0.24416 0 63
272 281 14 0.7051 0.7197 8.047 7.182 -0.40734 -0.19616 0 62
272 411 15 0.7311 0.7093 14.716 15.33 -0.36534 -0.28616 0 63
272 253 16 0.8146 0.8233 12.338 11.799 -0.44334 -0.28616 0 63
272 258 17 0.8346 0.85 16.889 17.401 -0.42534 -0.37016 1 63
272 327 18 0.731 0.7379 6.877 6.772 -0.41934 -0.19616 0 62
272 347 19 0.7586 0.7495 18.427 18.079 -0.37134 -0.33416 0 63
272 272 20 0.8253 0.8287 11.369 11.207 -0.44934 -0.28016 0 63
272 324 21 0.6946 0.6943 11.184 13.686 -0.36534 -0.26216 0 62
272 191 22 0.8157 0.7007 14.937 15.649 -0.35934 -0.28616 1 63
272 299 23 0.7102 0.7166 7.241 6.744 -0.40734 -0.19016 0 62
272 348 24 0.6946 0.6943 11.648 13.686 -0.36534 -0.26216 0 62
272 375 25 0.7387 0.7289 18.029 17.288 -0.36534 -0.31616 0 63
272 272 26 0.6921 0.7075 7.086 6.952 -0.40134 -0.19016 0 62
272 226 27 0.8284 0.8081 7.551 7.627 -0.45534 -0.22616 0 63
272 429 28 0.7239 0.7132 15.731 15.73 -0.36534 -0.29216 0 63
272 354 29 0.7513 0.7218 14.572 15.416 -0.37134 -0.29216 0 63
272 258 30 0.8003 0.783 16.819 17.833 -0.38934 -0.34616 0 63
272 249 31 0.7802 0.7793 11.397 10.626 -0.42534 -0.25616 0 63
272 344 32 0.7619 0.7495 18.017 18.079 -0.37134 -0.33416 0 63
272 329 33 0.7692 0.7654 6.419 6.195 -0.43734 -0.19616 0 63
272 294 34 0.7111 0.7197 7.798 7.182 -0.40734 -0.19616 0 62
272 323 35 0.7337 0.7379 7.307 6.772 -0.41934 -0.19616 0 62
272 288 36 0.7003 0.7166 6.98 6.744 -0.40734 -0.19016 0 62
272 281 37 0.8426 0.8665 17.641 17.762 -0.43134 -0.38216 0 62
272 236 38 0.8247 0.8053 8.283 8.595 -0.44934 -0.23816 0 63
272 287 39 0.7003 0.7106 5.485 5.858 -0.40734 -0.17816 0 62
272 318 40 0.7806 0.7684 6.544 6.607 -0.43734 -0.20216 0 63
272 207 41 0.8439 0.845 14.52 13.918 -0.44334 -0.32216 0 63
272 276 42 0.8084 0.7897 6.759 6.637 -0.44934 -0.20816 0 63
272 211 43 0.8324 0.8377 14.266 13.224 -0.44334 -0.31016 1 63
272 369 44 0.7291 0.7105 12.845 14.212 -0.37134 -0.27416 0 63
272 267 45 0.804 0.787 17.572 18.183 -0.38934 -0.35216 0 63
272 267 46 0.8132 0.7958 6.293 6.058 -0.45534 -0.20216 0 62
272 268 47 0.8469 0.8555 9.733 10.55 -0.46734 -0.28016 0 63
272 278 48 0.8371 0.8466 10.655 10.764 -0.46134 -0.28016 0 62
272 217 49 0.7904 0.7986 12.582 11.534 -0.43134 -0.27416 0 63
327 301 0 0.8312 0.8412 19.011 18.634 -0.41334 -0.38216 1 63
327 314 1 0.8311 0.8357 12.671 11.926 -0.44934 -0.29216 0 63
327 341 2 0.7127 0.7261 4.386 5.038 -0.41934 -0.17216 0 62
327 316 3 0.8252 0.8308 9.975 10.258 -0.45534 -0.26816 0 63
327 309 4 0.8139 0.7928 7.239 7.035 -0.44934 -0.21416 0 63
327 334 5 0.8426 0.8446 11.887 11.696 -0.45534 -0.29216 0 63
327 328 6 0.7358 0.7446 9.795 9.085 -0.41334 -0.22616 0 63
327 244 7 0.7831 0.7844 13.236 12.401 -0.41934 -0.28016 0 64
327 467 8 0.7016 0.7017 13.375 14.517 -0.36534 -0.27416 0 63
327 335 9 0.7233 0.7082 10.977 12.684 -0.37734 -0.25616 0 63
327 350 10 0.7741 0.775 9.267 8.83 -0.43134 -0.23216 0 63
327 268 11 0.8194 0.817 15.898 16.634 -0.41334 -0.34616 0 63
327 328 12 0.6933 0.7106 5.789 5.858 -0.40734 -0.17816 0 62
327 376 13 0.7356 0.7382 4.924 5.293 -0.42534 -0.17816 0 63
327 280 14 0.7776 0.7305 13.829 15.109 -0.37734 -0.29216 0 63
327 269 15 0.8238 0.8256 15.782 16.35 -0.41934 -0.34616 1 63
327 419 16 0.7177 0.7067 12.489 13.802 -0.37134 -0.26816 0 63
327 394 17 0.7649 0.7536 18.434 18.443 -0.37134 -0.34016 0 64
327 311 18 0.8311 0.8415 17.41 17.688 -0.41934 -0.37016 0 63
327 314 19 0.7263 0.73 10.151 9.967 -0.40134 -0.23216 0 63
327 363 20 0.7444 0.7192 12.64 13.915 -0.37734 -0.27416 0 63
327 393 21 0.7594 0.7577 19.178 18.803 -0.37134 -0.34616 0 64
327 303 22 0.7015 0.7169 9.01 8.267 -0.40134 -0.20816 0 63
327 337 23 0.7915 0.7873 9.343 9.011 -0.43734 -0.23816 0 63
327 319 24 0.7568 0.7602 10.677 9.672 -0.41934 -0.23816 0 63
327 388 25 0.754 0.7562 6.51 6.383 -0.43134 -0.19616 0 63
327 434 26 0.7359 0.7142 14.04 14.618 -0.37134 -0.28016 0 63
327 280 27 0.8114 0.8085 16.363 16.925 -0.40734 -0.34616 0 63
327 336 28 0.7092 0.7169 4.45 5.221 -0.41334 -0.17216 0 62
327 403 29 0.7318 0.7285 19.234 18.38 -0.35934 -0.32816 0 64
327 246 30 0.8415 0.8263 7.327 7.252 -0.46734 -0.22616 0 63
327 345 31 0.7029 0.7136 5.943 6.303 -0.40734 -0.18416 0 62
327 346 32 0.7613 0.7267 13.956 14.715 -0.37734 -0.28616 0 63
327 312 33 0.6963 0.6958 10.279 12.547 -0.37134 -0.25016 0 63
327 329 34 0.6939 0.7045 6.745 6.506 -0.40134 -0.18416 0 62
327 380 35 0.7314 0.7349 6.069 6.344 -0.41934 -0.19016 0 63
327 336 36 0.8015 0.7867 7.796 7.624 -0.44334 -0.22016 0 63
327 325 37 0.7785 0.7726 10.358 9.843 -0.42534 -0.24416 0 63
327 340 38 0.7945 0.7842 4.371 4.441 -0.45534 -0.17816 -0 63
327 317 39 0.8286 0.8357 12.471 11.926 -0.44934 -0.29216 0 63
327 329 40 0.8033 0.7911 18.678 18.53 -0.38934 -0.35816 0 63
327 266 41 0.8125 0.8216 13.558 12.76 -0.43734 -0.29816 0 63
327 329 42 0.8028 0.7911 18.709 18.53 -0.38934 -0.35816 0 63
327 254 43 0.8264 0.8326 14.391 13.822 -0.43734 -0.31616 1 63
327 350 44 0.7915 0.7827 19.039 18.85 -0.38334 -0.35816 0 63
327 316 45 0.8097 0.8129 10.939 10.698 -0.44334 -0.26816 0 63
327 340 46 0.7925 0.7745 17.673 18.15 -0.38334 -0.34616 0 63
327 390 47 0.7673 0.7577 18.807 18.803 -0.37134 -0.34616 0 63
327 338 48 0.7615 0.7267 13.66 14.715 -0.37734 -0.28616 0 63
327 300 49 0.7979 0.804 11.54 10.925 -0.43734 -0.26816 0 63
381 374 0 0.8172 0.8253 10.981 10.843 -0.44934 -0.27416 0 63
381 387 1 0.8473 0.8466 10.522 10.764 -0.46134 -0.28016 0 63
381 346 2 0.7562 0.7383 12.122 12.269 -0.39534 -0.26216 0 64
381 461 3 0.7004 0.7079 19.054 17.574 -0.35334 -0.31016 0 64
381 376 4 0.7779 0.7726 10.432 9.843 -0.42534 -0.24416 0 64
381 314 5 0.8319 0.8326 14.159 13.822 -0.43734 -0.31616 0 64
381 320 6 0.8042 0.792 15.795 16.519 -0.40134 -0.33416 0 64
381 362 7 0.8306 0.8371 18.635 18.309 -0.41334 -0.37616 0 63
381 405 8 0.7375 0.7382 8.741 8.251 -0.41334 -0.21416 -0 63
381 316 9 0.7767 0.7773 12.485 11.638 -0.41934 -0.26816 0 64
381 378 10 0.8264 0.8253 10.658 10.843 -0.44934 -0.27416 0 63
381 399 11 0.7947 0.7827 18.769 18.85 -0.38334 -0.35816 0 64
381 413 12 0.7765 0.7686 8.467 8.028 -0.43134 -0.22016 0 63
381 352 13 0.7812 0.7671 15.46 16.397 -0.38934 -0.32216 0 64
381 427 14 0.7241 0.7319 5.844 5.912 -0.41934 -0.18416 0 63
381 462 15 0.7515 0.7296 16.044 16.197 -0.37134 -0.30416 0 64
381 377 16 0.7071 0.7137 8.431 7.832 -0.40134 -0.20216 0 63
381 376 17 0.8095 0.7958 5.976 6.058 -0.45534 -0.20216 0 63
381 401 18 0.707 0.7198 5.508 5.665 -0.41334 -0.17816 0 63
381 375 19 0.8377 0.8432 10.141 10.406 -0.46134 -0.27416 0 63
381 513 20 0.7052 0.7039 17.786 17.182 -0.35334 -0.30416 -0 64
381 370 21 0.8111 0.7988 6.793 6.454 -0.45534 -0.20816 0 63
381 534 22 0.7233 0.7132 15.352 15.73 -0.36534 -0.29216 0 64
381 362 23 0.8316 0.8375 17.172 17.358 -0.41934 -0.36416 0 63
381 473 24 0.7101 0.7067 12.437 13.802 -0.37134 -0.26816 -0 63
381 369 25 0.7991 0.7972 10.585 10.169 -0.43734 -0.25616 0 63
381 312 26 0.7933 0.7756 15.17 16.097 -0.39534 -0.32216 0 64
381 480 27 0.7305 0.7204 18.267 17.621 -0.35934 -0.31616 0 64
381 405 28 0.791 0.7827 18.77 18.85 -0.38334 -0.35816 0 64
381 311 29 0.8206 0.8217 15.532 16.008 -0.41934 -0.34016 0 64
381 442 30 0.7446 0.7229 13.636 14.317 -0.37734 -0.28016 0 64
381 424 31 0.7368 0.7155 12.518 13.509 -0.37734 -0.26816 0 64
381 361 32 0.7653 0.767 11.129 10.469 -0.41934 -0.25016 0 64
381 453 33 0.7361 0.7326 19.237 18.753 -0.35934 -0.33416 0 64
381 536 34 0.6943 0.696 16.888 16.382 -0.35334 -0.29216 -0 64
381 368 35 0.7833 0.771 16.066 16.761 -0.38934 -0.32816 0 64
381 402 36 0.7228 0.735 8.236 7.829 -0.41334 -0.20816 0 63
381 389 37 0.7625 0.7305 14.23 15.109 -0.37734 -0.29216 0 64
381 357 38 0.8153 0.799 7.826 7.821 -0.44934 -0.22616 0 63
381 413 39 0.7068 0.6994 11.284 12.97 -0.37134 -0.25616 0 63
381 408 40 0.7862 0.7808 8.348 8.223 -0.43734 -0.22616 0 63
381 361 41 0.8062 0.8164 11.233 11.068 -0.44334 -0.27416 0 63
381 312 42 0.7896 0.7932 12.773 12.151 -0.42534 -0.28016 0 64
381 386 43 0.777 0.7692 9.976 9.447 -0.42534 -0.23816 0 64
381 436 44 0.7356 0.7379 6.658 6.772 -0.41934 -0.19616 -0 63
381 319 45 0.846 0.8389 5.192 4.841 -0.48534 -0.19616 0 63
381 479 46 0.7465 0.7335 16.561 16.582 -0.37134 -0.31016 0 64
381 380 47 0.7212 0.7135 10.899 11.989 -0.38334 -0.25016 0 64
381 299 48 0.7997 0.7967 15.063 15.874 -0.40734 -0.32816 0 64
381 331 49 0.79 0.7986 12.154 11.534 -0.43134 -0.27416 0 64
436 493 0 0.7503 0.7503 5.383 5.54 -0.43134 -0.18416 -0 64
436 461 1 0.7295 0.7207 11.878 12.815 -0.38334 -0.26216 0 64
436 370 2 0.8331 0.8326 14.081 13.822 -0.43734 -0.31616 0 64
436 483 3 0.7272 0.7319 5.849 5.912 -0.41934 -0.18416 -0 63
436 440 4 0.715 0.7259 8.443 8.045 -0.40734 -0.20816 -0 64
436 587 5 0.7165 0.7085 16.705 16.451 -0.35934 -0.29816 -0 65
436 345 6 0.8113 0.8102 14.892 14.961 -0.41934 -0.32216 0 64
436 485 7 0.7652 0.7539 16.845 17.387 -0.37734 -0.32816 0 65
436 533 8 0.7216 0.7204 18.506 17.621 -0.35934 -0.31616 -0 65
436 542 9 0.7375 0.7218 14.857 15.416 -0.37134 -0.29216 0 64
436 563 10 0.7192 0.7105 13.84 14.212 -0.37134 -0.27416 0 64
436 423 11 0.7016 0.7137 8.191 7.832 -0.40134 -0.20216 0 63
436 478 12 0.7673 0.7658 4.63 4.769 -0.44334 -0.17816 -0 64
436 494 13 0.763 0.7539 17.063 17.387 -0.37734 -0.32816 0 65
436 419 14 0.8462 0.8521 9.713 10.195 -0.46734 -0.27416 0 64
436 482 15 0.7533 0.7566 4.585 4.94 -0.43734 -0.17816 -0 64
436 406 16 0.8263 0.8304 12.89 12.517 -0.44334 -0.29816 0 64
436 463 17 0.7583 0.7343 14.831 15.499 -0.37734 -0.29816 -0 64
436 421 18 0.8091 0.7996 17.986 18.216 -0.39534 -0.35816 0 64
436 358 19 0.8181 0.8201 14.125 13.724 -0.43134 -0.31016 0 64
436 415 20 0.8092 0.8164 11.48 11.068 -0.44334 -0.27416 0 64
436 535 21 0.696 0.6943 12.623 13.686 -0.36534 -0.26216 0 64
436 433 22 0.7808 0.7625 16.369 17.071 -0.38334 -0.32816 0 64
436 535 23 0.7223 0.7105 13.12 14.212 -0.37134 -0.27416 0 64
436 551 24 0.6974 0.698 12.979 14.104 -0.36534 -0.26816 -0 64
436 442 25 0.7307 0.7324 9.079 8.894 -0.40734 -0.22016 -0 64
436 486 26 0.7399 0.741 7.358 7.197 -0.41934 -0.20216 -0 64
436 369 27 0.8424 0.8389 8.345 8.746 -0.46734 -0.25016 0 64
436 438 28 0.6974 0.7106 5.913 5.858 -0.40734 -0.17816 0 63
436 564 29 0.7095 0.7124 17.728 16.846 -0.35934 -0.30416 -0 65
436 522 30 0.7027 0.7079 18.824 17.574 -0.35334 -0.31016 -0 65
436 471 31 0.7366 0.7445 4.474 4.685 -0.43134 -0.17216 -0 64
436 458 32 0.7808 0.7705 17.207 17.794 -0.38334 -0.34016 0 64
436 388 33 0.8322 0.8234 5.574 5.545 -0.47334 -0.20216 0 64
436 429 34 0.755 0.7513 10.448 9.903 -0.41334 -0.23816 0 64
436 563 35 0.732 0.7132 15.667 15.73 -0.36534 -0.29216 -0 65
436 471 36 0.7829 0.7745 7.29 7.421 -0.43734 -0.21416 -0 64
436 385 37 0.8341 0.8381 15.897 16.409 -0.42534 -0.35216 0 64
436 437 38 0.745 0.7479 9.939 9.496 -0.41334 -0.23216 -0 64
436 557 39 0.6927 0.6999 17.861 16.784 -0.35334 -0.29816 -0 65
436 482 40 0.7642 0.7654 7.733 7.621 -0.43134 -0.21416 -0 64
436 418 41 0.8186 0.8185 9.733 10.106 -0.44934 -0.26216 0 64
436 412 42 0.8157 0.808 6.434 6.276 -0.46134 -0.20816 -0 64
436 435 43 0.8301 0.8322 11.582 11.568 -0.44934 -0.28616 0 64
436 355 44 0.7869 0.7932 12.946 12.151 -0.42534 -0.28016 0 65
436 469 45 0.7326 0.735 7.989 7.829 -0.41334 -0.20816 -0 64
436 436 46 0.7178 0.7259 8.801 8.045 -0.40734 -0.20816 -0 64
436 460 47 0.7249 0.7119 11.659 13.098 -0.37734 -0.26216 0 64
436 390 48 0.7925 0.7986 12.006 11.534 -0.43134 -0.27416 0 64
436 367 49 0.8005 0.8092 13.075 12.644 -0.43134 -0.29216 0 64
490 498 0 0.7996 0.7867 6.115 6.236 -0.44934 -0.20216 -0 64
490 536 1 0.7682 0.7687 5.231 5.187 -0.44334 -0.18416 -0 64
490 541 2 0.7346 0.7349 6.459 6.344 -0.41934 -0.19016 -0 64
490 561 3 0.743 0.7267 14.465 14.715 -0.37734 -0.28616 -0 65
490 562 4 0.6958 0.6943 12.235 13.686 -0.36534 -0.26216 -0 64
490 495 5 0.7824 0.775 16.866 17.122 -0.38934 -0.33416 0 65
490 587 6 0.7429 0.7296 15.764 16.197 -0.37134 -0.30416 -0 65
490 466 7 0.7986 0.804 11.091 10.925 -0.43734 -0.26816 0 65
490 507 8 0.715 0.7261 4.831 5.038 -0.41934 -0.17216 -0 64
490 517 9 0.7892 0.7836 7.323 7.226 -0.44334 -0.21416 -0 64
490 538 10 0.7047 0.6994 11.778 12.97 -0.37134 -0.25616 -0 64
490 466 11 0.8216 0.8152 9.54 9.732 -0.44934 -0.25616 -0 64
490 411 12 0.8249 0.8265 15.209 15.388 -0.42534 -0.33416 0 65
490 481 13 0.8046 0.7963 8.691 8.801 -0.44334 -0.23816 -0 64
490 533 14 0.7732 0.7716 5.318 5.601 -0.44334 -0.19016 -0 64
490 541 15 0.7599 0.7623 7.425 7.212 -0.43134 -0.20816 -0 64
490 564 16 0.748 0.7452 18.911 18.779 -0.36534 -0.34016 -0 66
490 559 17 0.7186 0.716 19.208 18.347 -0.35334 -0.32216 0 66
490 408 18 0.8164 0.8178 15.314 15.662 -0.41934 -0.33416 0 65
490 470 19 0.7192 0.7244 10.467 10.631 -0.39534 -0.23816 -0 65
490 395 20 0.7941 0.7952 13.65 13.518 -0.41934 -0.29816 0 65
490 547 21 0.7573 0.746 16.235 16.644 -0.37734 -0.31616 -0 65
490 449 22 0.6984 0.7031 10.072 10.719 -0.38334 -0.23216 0 64
490 483 23 0.8062 0.7992 4.791 5.088 -0.46134 -0.19016 -0 64
490 544 24 0.7385 0.7411 5.575 5.724 -0.42534 -0.18416 -0 64
490 543 25 0.7684 0.758 17.607 17.753 -0.37734 -0.33416 0 65
490 481 26 0.8046 0.7963 8.654 8.801 -0.44334 -0.23816 0 64
490 462 27 0.82 0.8176 4.639 4.766 -0.47334 -0.19016 -0 64
490 432 28 0.8027 0.8056 12.729 12.277 -0.43134 -0.28616 0 65
490 476 29 0.8331 0.8308 9.941 10.258 -0.45534 -0.26816 0 64
490 416 30 0.8424 0.8438 14.703 14.857 -0.43734 -0.33416 0 65
490 480 31 0.8055 0.7931 8.328 8.412 -0.44334 -0.23216 0 64
490 493 32 0.7858 0.7815 9.755 9.619 -0.43134 -0.24416 0 65
490 484 33 0.8228 0.8287 11.058 11.207 -0.44934 -0.28016 0 64
490 499 34 0.7808 0.7782 9.656 9.226 -0.43134 -0.23816 0 65
490 511 35 0.7192 0.7228 7.639 7.615 -0.40734 -0.20216 -0 64
490 461 36 0.8362 0.8412 19.147 18.634 -0.41334 -0.38216 0 64
490 457 37 0.7549 0.7419 12.577 12.669 -0.39534 -0.26816 0 65
490 622 38 0.7243 0.721 16.984 16.518 -0.36534 -0.30416 -0 65
490 493 39 0.7048 0.7106 7.435 7.394 -0.40134 -0.19616 -0 64
490 534 40 0.6965 0.6994 11.666 12.97 -0.37134 -0.25616 0 64
490 477 41 0.8363 0.8393 12.534 12.28 -0.44934 -0.29816 0 64
490 483 42 0.7582 0.7354 13.861 14.418 -0.38334 -0.28616 0 65
490 540 43 0.7503 0.7532 7.483 7.413 -0.42534 -0.20816 -0 64
490 537 44 0.7427 0.7474 4.891 5.114 -0.43134 -0.17816 -0 64
490 572 45 0.7303 0.7192 13.429 13.915 -0.37734 -0.27416 -0 65
490 617 46 0.7197 0.7164 17.579 17.236 -0.35934 -0.31016 -0 66
490 499 47 0.7982 0.79 5.081 5.255 -0.45534 -0.19016 -0 64
490 571 48 0.7523 0.7414 17.266 17.338 -0.37134 -0.32216 0 65
490 593 49 0.7149 0.7067 13.019 13.802 -0.37134 -0.26816 -0 65
544 628 0 0.7116 0.7119 18.816 17.963 -0.35334 -0.31616 -0 66
544 599 1 0.691 0.6994 19.087 17.922 -0.34734 -0.31016 -0 66
544 476 2 0.8454 0.845 14.227 13.918 -0.44334 -0.32216 0 65
544 556 3 0.7936 0.7869 19.078 19.195 -0.38334 -0.36416 0 66
544 484 4 0.6911 0.702 9.212 9.167 -0.38934 -0.21416 0 64
544 668 5 0.7271 0.718 14.587 15.019 -0.37134 -0.28616 -0 66
544 692 6 0.7018 0.7017 14.012 14.517 -0.36534 -0.27416 -0 65
544 512 7 0.8346 0.8335 16.763 17.025 -0.41934 -0.35816 0 65
544 464 8 0.7986 0.8004 13.144 12.893 -0.42534 -0.29216 0 66
544 513 9 0.8335 0.8412 19.038 18.634 -0.41334 -0.38216 0 65
544 596 10 0.7705 0.7661 18.238 18.473 -0.37734 -0.34616 -0 66
544 469 11 0.8183 0.8201 13.898 13.724 -0.43134 -0.31016 0 65
544 566 12 0.7645 0.7546 15.938 16.332 -0.38334 -0.31616 0 66
544 544 13 0.8402 0.8377 10.746 10.983 -0.45534 -0.28016 0 65
544 650 14 0.7366 0.7218 15.058 15.416 -0.37134 -0.29216 -0 66
544 527 15 0.8126 0.8084 4.944 4.925 -0.46734 -0.19016 -0 64
544 484 16 0.8322 0.8263 6.169 5.93 -0.47334 -0.20816 -0 65
544 502 17 0.7772 0.7738 11.532 11.252 -0.41934 -0.26216 0 66
544 487 18 0.7925 0.7881 15.748 16.163 -0.40134 -0.32816 0 66
544 523 19 0.7383 0.7313 11.178 11.458 -0.39534 -0.25016 -0 66
544 607 20 0.7547 0.746 16.332 16.644 -0.37734 -0.31616 -0 66
544 469 21 0.8347 0.8235 7.949 8.197 -0.46134 -0.23816 -0 65
544 586 22 0.7766 0.7714 7.206 7.016 -0.43734 -0.20816 -0 65
544 596 23 0.7285 0.7155 12.582 13.509 -0.37734 -0.26816 -0 66
544 535 24 0.8063 0.7928 7.066 7.035 -0.44934 -0.21416 -0 65
544 641 25 0.7074 0.7067 12.786 13.802 -0.37134 -0.26816 -0 65
544 557 26 0.7974 0.7897 6.617 6.637 -0.44934 -0.20816 -0 65
544 538 27 0.7155 0.71 10.939 11.57 -0.38334 -0.24416 -0 65
544 636 28 0.696 0.7039 18.392 17.182 -0.35334 -0.30416 -0 66
544 653 29 0.7163 0.7105 13.309 14.212 -0.37134 -0.27416 -0 66
544 538 30 0.8269 0.8322 11.542 11.568 -0.44934 -0.28616 0 65
544 452 31 0.8009 0.804 13.757 13.26 -0.42534 -0.29816 0 66
544 544 32 0.8428 0.8446 11.698 11.696 -0.45534 -0.29216 -0 65
544 526 33 0.781 0.7759 10.673 10.236 -0.42534 -0.25016 0 65
544 634 34 0.7097 0.7067 12.708 13.802 -0.37134 -0.26816 -0 65
544 687 35 0.7234 0.7132 15.283 15.73 -0.36534 -0.29216 -0 66
544 542 36 0.7728 0.7726 10.27 9.843 -0.42534 -0.24416 -0 65
544 553 37 0.7716 0.7692 9.821 9.447 -0.42534 -0.23816 -0 65
544 512 38 0.6913 0.6976 10.551 11.414 -0.37734 -0.23816 0 64
544 563 39 0.792 0.7836 7.494 7.226 -0.44334 -0.21416 -0 65
544 484 40 0.8207 0.8252 13.543 13.117 -0.43734 -0.30416 0 65
544 574 41 0.77 0.7718 8.553 8.431 -0.43134 -0.22616 -0 65
544 544 42 0.7156 0.7259 8.488 8.045 -0.40734 -0.20816 -0 65
544 538 43 0.8282 0.8253 10.748 10.843 -0.44934 -0.27416 0 65
544 651 44 0.7063 0.7067 13.034 13.802 -0.37134 -0.26816 -0 65
544 596 45 0.756 0.7532 5.561 5.963 -0.43134 -0.19016 -0 65
544 586 46 0.7345 0.741 7.395 7.197 -0.41934 -0.20216 -0 65
544 706 47 0.7095 0.7007 15.695 15.649 -0.35934 -0.28616 -0 66
544 566 48 0.7777 0.775 8.921 8.83 -0.43134 -0.23216 -0 65
544 519 49 0.8137 0.8019 6.656 6.848 -0.45534 -0.21416 -0 65
599 628 0 0.7855 0.7808 5.374 5.426 -0.44934 -0.19016 -1 65
599 587 1 0.8003 0.7996 9.476 9.186 -0.44334 -0.24416 -0 66
599 660 2 0.7508 0.7382 15.769 15.884 -0.37734 -0.30416 -0 67
599 563 3 0.7853 0.7827 11.345 11.012 -0.42534 -0.26216 0 66
599 718 4 0.698 0.7039 17.783 17.182 -0.35334 -0.30416 -0 67
599 578 5 0.7481 0.7457 10.554 10.548 -0.40734 -0.24416 -0 66
599 584 6 0.8412 0.85 17.423 17.401 -0.42534 -0.37016 0 65
599 554 7 0.82 0.8112 7.838 8.012 -0.45534 -0.23216 -0 66
599 507 8 0.7793 0.7792 13.128 13.035 -0.41334 -0.28616 0 67
599 552 9 0.8303 0.8242 8.964 9.521 -0.45534 -0.25616 -0 66
599 581 10 0.848 0.8537 18.985 18.658 -0.41934 -0.38816 0 65
599 671 11 0.7169 0.7067 12.671 13.802 -0.37134 -0.26816 -0 66
599 580 12 0.7304 0.7278 11.109 11.046 -0.39534 -0.24416 -0 66
599 514 13 0.8148 0.8178 15.371 15.662 -0.41934 -0.33416 0 66
599 639 14 0.7513 0.7566 4.713 4.94 -0.43734 -0.17816 -1 65
599 611 15 0.7058 0.7106 5.607 5.858 -0.40734 -0.17816 -0 65
599 665 16 0.736 0.7326 19.112 18.753 -0.35934 -0.33416 -0 67
599 703 17 0.7219 0.7204 18.156 17.621 -0.35934 -0.31616 -0 67
599 694 18 0.6983 0.6943 12.824 13.686 -0.36534 -0.26216 -0 66
599 756 19 0.7099 0.7093 15.098 15.33 -0.36534 -0.28616 -0 66
599 656 20 0.7402 0.7229 13.908 14.317 -0.37734 -0.28016 -0 67
599 598 21 0.7496 0.7479 9.971 9.496 -0.41334 -0.23216 -0 66
599 631 22 0.7439 0.7473 8.342 8.036 -0.41934 -0.21416 -0 66
599 612 23 0.7226 0.7171 11.592 12.404 -0.38334 -0.25616 -0 66
599 662 24 0.7565 0.7577 18.98 18.803 -0.37134 -0.34616 -0 67
599 684 25 0.7233 0.7245 18.667 18.003 -0.35934 -0.32216 -0 67
599 586 26 0.8317 0.8308 10.089 10.258 -0.45534 -0.26816 -0 66
599 755 27 0.7116 0.7093 15.625 15.33 -0.36534 -0.28616 -0 67
599 588 28 0.6942 0.7045 6.377 6.506 -0.40134 -0.18416 -0 64
599 531 29 0.7798 0.7808 12.277 12.021 -0.41934 -0.27416 0 67
599 585 30 0.7204 0.7233 9.511 9.125 -0.40134 -0.22016 -0 66
599 597 31 0.7032 0.7106 7.437 7.394 -0.40134 -0.19616 -0 65
599 499 32 0.792 0.7852 14.502 14.791 -0.40734 -0.31016 0 67
599 564 33 0.8153 0.8165 17.228 17.608 -0.40734 -0.35816 0 66
599 652 34 0.7488 0.7532 6.032 5.963 -0.43134 -0.19016 -1 65
599 523 35 0.8445 0.84 14.551 14.515 -0.43734 -0.32816 0 66
599 559 36 0.8212 0.8176 8.711 8.772 -0.45534 -0.24416 -0 66
599 705 37 0.714 0.7067 13.191 13.802 -0.37134 -0.26816 -0 66
599 694 38 0.7251 0.7245 18.355 18.003 -0.35934 -0.32216 -0 67
599 590 39 0.7371 0.7389 9.937 9.729 -0.40734 -0.23216 -0 66
599 623 40 0.7052 0.7047 11.481 12.265 -0.37734 -0.25016 -0 66
599 607 41 0.7936 0.7911 18.468 18.53 -0.38934 -0.35816 0 66
599 642 42 0.7332 0.7382 5.37 5.293 -0.42534 -0.17816 -1 65
599 554 43 0.831 0.834 13.358 12.872 -0.44334 -0.30416 0 66
599 531 44 0.8399 0.8389 8.509 8.746 -0.46734 -0.25016 -0 66
599 617 45 0.7174 0.7228 7.773 7.615 -0.40734 -0.20216 -0 65
599 620 46 0.7895 0.7808 5.346 5.426 -0.44934 -0.19016 -1 65
599 521 47 0.8436 0.8355 5.977 5.763 -0.47934 -0.20816 -0 65
599 638 48 0.778 0.7745 6.215 6.012 -0.44334 -0.19616 -0 66
599 508 49 0.8149 0.8151 14.509 14.338 -0.42534 -0.31616 0 66
653 664 0 0.791 0.787 18.228 18.183 -0.38934 -0.35216 -0 67
653 605 1 0.8417 0.8377 13.41 13.224 -0.44334 -0.31016 0 66
653 636 2 0.7048 0.714 4.341 4.773 -0.41334 -0.16616 -0 65
653 606 3 0.8329 0.8332 9.005 9.315 -0.46134 -0.25616 -0 67
653 643 4 0.8063 0.8021 5.284 5.487 -0.46134 -0.19616 -1 66
653 792 5 0.7247 0.7132 15.621 15.73 -0.36534 -0.29216 -0 68
653 626 6 0.8283 0.8275 9.536 9.891 -0.45534 -0.26216 -0 66
653 815 7 0.6983 0.6969 15.116 15.241 -0.35934 -0.28016 -0 67
653 775 8 0.7206 0.7142 14.053 14.618 -0.37134 -0.28016 -0 67
653 580 9 0.8469 0.8422 8.583 9.112 -0.46734 -0.25616 -0 67
653 661 10 0.7986 0.7929 5.595 5.658 -0.45534 -0.19616 -1 66
653 601 11 0.7792 0.7718 15.304 15.731 -0.39534 -0.31616 -0 67
653 566 12 0.8016 0.804 13.292 13.26 -0.42534 -0.29816 0 67
653 701 13 0.7662 0.7684 6.703 6.607 -0.43734 -0.20216 -1 66
653 639 14 0.8005 0.8028 9.52 9.569 -0.44334 -0.25016 -0 67
653 606 15 0.7609 0.7614 11.605 11.104 -0.41334 -0.25616 -0 68
653 623 16 0.8171 0.8165 17.423 17.608 -0.40734 -0.35816 0 67
653 609 17 0.7695 0.7554 14.669 15.28 -0.38934 -0.30416 -0 68
653 753 18 0.6985 0.698 13.009 14.104 -0.36534 -0.26816 -0 66
653 605 19 0.8194 0.8141 7.336 7.053 -0.46134 -0.22016 -0 66
653 645 20 0.7934 0.7939 9.869 9.786 -0.43734 -0.25016 -0 67
653 684 21 0.7428 0.7473 8.268 8.036 -0.41934 -0.21416 -0 66
653 556 22 0.7961 0.7952 13.642 13.518 -0.41934 -0.29816 0 67
653 619 23 0.7103 0.7176 9.977 9.788 -0.39534 -0.22616 -0 66
653 676 24 0.7831 0.7808 8.221 8.223 -0.43734 -0.22616 -0 66
653 628 25 0.8269 0.829 17.468 17.649 -0.41334 -0.36416 0 66
653 727 26 0.7009 0.6994 18.687 17.922 -0.34734 -0.31016 -0 68
653 628 27 0.819 0.8162 18.615 18.583 -0.40134 -0.37016 0 67
653 702 28 0.6943 0.6994 19.079 17.922 -0.34734 -0.31016 -0 68
653 628 29 0.8031 0.804 11.168 10.925 -0.43734 -0.26816 -0 67
653 617 30 0.706 0.7087 10.014 10.034 -0.38934 -0.22616 -0 66
653 628 31 0.8374 0.8412 18.876 18.634 -0.41334 -0.38216 0 66
653 663 32 0.7951 0.7929 5.468 5.658 -0.45534 -0.19616 -1 66
653 700 33 0.7575 0.7595 5.561 5.361 -0.43734 -0.18416 -1 66
653 751 34 0.7379 0.7329 17.582 17.667 -0.36534 -0.32216 -0 68
653 762 35 0.7374 0.7296 16.106 16.197 -0.37134 -0.30416 -0 68
653 613 36 0.7523 0.7472 11.87 12.006 -0.40134 -0.26216 -0 68
653 567 37 0.8257 0.8265 14.993 15.388 -0.42534 -0.33416 0 67
653 674 38 0.7121 0.7136 6.221 6.303 -0.40734 -0.18416 -0 65
653 783 39 0.7203 0.7142 14.302 14.618 -0.37134 -0.28016 -0 67
653 667 40 0.7943 0.7867 6.068 6.236 -0.44934 -0.20216 -1 66
653 604 41 0.6902 0.6942 10.448 10.982 -0.37734 -0.23216 0 66
653 630 42 0.8116 0.808 6.344 6.276 -0.46134 -0.20816 -1 66
653 778 43 0.7214 0.7142 14.182 14.618 -0.37134 -0.28016 -0 67
653 758 44 0.711 0.7079 18.186 17.574 -0.35334 -0.31016 -0 68
653 648 45 0.6974 0.7015 5.872 6.056 -0.40134 -0.17816 -0 65
653 689 46 0.7801 0.7745 5.804 6.012 -0.44334 -0.19616 -1 66
653 685 47 0.7839 0.7806 6.853 6.824 -0.44334 -0.20816 -1 66
653 625 48 0.7473 0.7383 12.114 12.269 -0.39534 -0.26216 -0 68
653 583 49 0.7654 0.7543 12.908 12.795 -0.40134 -0.27416 -0 68
708 716 0 0.782 0.7782 9.283 9.226 -0.43134 -0.23816 -0 67
708 643 1 0.7704 0.7603 14.228 14.611 -0.39534 -0.29816 -0 69
708 715 2 0.7271 0.7291 8.597 8.472 -0.40734 -0.21416 -1 67
708 641 3 0.8467 0.8453 4.47 4.308 -0.49134 -0.19016 -0 66
708 687 4 0.7266 0.73 9.92 9.967 -0.40134 -0.23216 -0 68
708 866 5 0.7012 0.6969 15.152 15.241 -0.35934 -0.28016 -1 68
708 817 6 0.725 0.7204 17.631 17.621 -0.35934 -0.31616 -1 69
708 739 7 0.7365 0.741 7.669 7.197 -0.41934 -0.20216 -1 67
708 765 8 0.7108 0.716 19.152 18.347 -0.35334 -0.32216 -0 69
708 733 9 0.7159 0.7228 6.34 6.105 -0.41334 -0.18416 -1 66
708 771 10 0.7596 0.7577 18.712 18.803 -0.37134 -0.34616 -0 69
708 751 11 0.7473 0.7305 14.853 15.109 -0.37734 -0.29216 -0 69
708 784 12 0.7238 0.7155 13.121 13.509 -0.37734 -0.26816 -0 68
708 690 13 0.7226 0.7266 9.831 9.548 -0.40134 -0.22616 -0 67
708 831 14 0.7284 0.7218 15.436 15.416 -0.37134 -0.29216 -1 69
708 703 15 0.7627 0.7507 15.287 15.957 -0.38334 -0.31016 -0 69
708 747 16 0.7294 0.7319 5.558 5.912 -0.41934 -0.18416 -1 67
708 756 17 0.7607 0.7499 16.88 17.017 -0.37734 -0.32216 -0 68
708 698 18 0.7483 0.7367 13.121 13.342 -0.38934 -0.27416 -0 69
708 820 19 0.7337 0.7257 15.563 15.809 -0.37134 -0.29816 -0 69
708 728 20 0.7646 0.7585 16.236 16.703 -0.38334 -0.32216 -0 69
708 726 21 0.7123 0.7198 5.511 5.665 -0.41334 -0.17816 -1 66
708 858 22 0.7139 0.7085 16.254 16.451 -0.35934 -0.29816 -0 69
708 769 23 0.7559 0.7499 16.972 17.017 -0.37734 -0.32216 -0 69
708 705 24 0.7214 0.7291 8.747 8.472 -0.40734 -0.21416 -0 67
708 866 25 0.7078 0.7007 15.687 15.649 -0.35934 -0.28616 -1 68
708 737 26 0.7631 0.7595 8.507 8.237 -0.42534 -0.22016 -1 67
708 807 27 0.7396 0.7335 16.687 16.582 -0.37134 -0.31016 -0 69
708 744 28 0.7268 0.7288 6.955 6.974 -0.41334 -0.19616 -1 66
708 754 29 0.7353 0.7411 5.693 5.724 -0.42534 -0.18416 -1 67
708 694 30 0.8055 0.799 7.89 7.821 -0.44934 -0.22616 -0 67
708 696 31 0.8021 0.7996 9.258 9.186 -0.44334 -0.24416 -0 67
708 644 32 0.8267 0.8232 6.85 6.871 -0.46734 -0.22016 -0 67
708 666 33 0.7757 0.7738 11.395 11.252 -0.41934 -0.26216 -0 68
708 698 34 0.8304 0.8342 10.441 10.622 -0.45534 -0.27416 -0 67
708 700 35 0.6992 0.7106 5.513 5.858 -0.40734 -0.17816 -0 66
708 740 36 0.767 0.7625 16.847 17.071 -0.38334 -0.32816 -0 69
708 644 37 0.8431 0.8389 4.736 4.841 -0.48534 -0.19616 -0 66
708 774 38 0.7366 0.7326 19.014 18.753 -0.35934 -0.33416 -0 69
708 875 39 0.7008 0.7007 15.657 15.649 -0.35934 -0.28616 -0 68
708 679 40 0.7989 0.7915 17.019 17.524 -0.39534 -0.34616 -0 68
708 733 41 0.7864 0.7808 5.467 5.426 -0.44934 -0.19016 -1 67
708 627 42 0.8385 0.8351 14.919 15.12 -0.43134 -0.33416 0 68
708 626 43 0.8367 0.8325 8.027 8.004 -0.46734 -0.23816 -0 67
708 744 44 0.7506 0.7537 4.477 4.515 -0.43734 -0.17216 -1 67
708 748 45 0.7594 0.7563 7.831 7.826 -0.42534 -0.21416 -1 67
708 754 46 0.7661 0.758 17.508 17.753 -0.37734 -0.33416 -0 68
708 757 47 0.7513 0.7382 15.585 15.884 -0.37734 -0.30416 -0 68
708 869 48 0.705 0.7007 15.807 15.649 -0.35934 -0.28616 -0 68
708 753 49 0.7496 0.7532 7.409 7.413 -0.42534 -0.20816 -1 67
762 749 0 0.7827 0.7849 10.253 10.009 -0.43134 -0.25016 -0 68
762 717 1 0.8259 0.8176 4.792 4.766 -0.47334 -0.19016 -1 67
762 661 2 0.8469 0.8415 6.596 6.519 -0.47934 -0.22016 -0 68
762 874 3 0.727 0.7249 17.387 16.905 -0.36534 -0.31016 -1 70
762 703 4 0.8215 0.8252 13.355 13.117 -0.43734 -0.30416 -0 68
762 781 5 0.7758 0.7664 17.25 17.434 -0.38334 -0.33416 -0 69
762 666 6 0.7914 0.7916 13.226 13.149 -0.41934 -0.29216 -0 69
762 720 7 0.7567 0.7525 11.287 11.352 -0.40734 -0.25616 -0 69
762 832 8 0.725 0.7285 18.923 18.38 -0.35934 -0.32816 -1 70
762 860 9 0.7358 0.7329 17.585 17.667 -0.36534 -0.32216 -1 70
762 706 10 0.7872 0.7796 15.823 16.459 -0.39534 -0.32816 -0 69
762 789 11 0.7767 0.7777 8.099 7.824 -0.43734 -0.22016 -1 68
762 691 12 0.7653 0.7579 13.087 13.184 -0.40134 -0.28016 -0 70
762 734 13 0.734 0.7278 11.008 11.046 -0.39534 -0.24416 -0 69
762 733 14 0.7119 0.7143 9.375 9.361 -0.39534 -0.22016 -1 68
762 782 15 0.7193 0.7197 7.243 7.182 -0.40734 -0.19616 -1 67
762 733 16 0.8162 0.8113 5.313 5.32 -0.46734 -0.19616 -1 67
762 878 17 0.7306 0.7218 15.51 15.416 -0.37134 -0.29216 -1 70
762 702 18 0.76 0.7543 12.974 12.795 -0.40134 -0.27416 -0 70
762 783 19 0.7293 0.7207 12.296 12.815 -0.38334 -0.26216 -0 69
762 709 20 0.7579 0.7455 12.827 13.065 -0.39534 -0.27416 -0 70
762 808 21 0.7591 0.7623 7.181 7.212 -0.43134 -0.20816 -1 68
762 911 22 0.7002 0.7017 14.566 14.517 -0.36534 -0.27416 -1 69
762 827 23 0.7501 0.7421 16.255 16.266 -0.37734 -0.31016 -0 70
762 745 24 0.8054 0.7963 4.592 4.687 -0.46134 -0.18416 -1 67
762 682 25 0.7789 0.7808 12.473 12.021 -0.41934 -0.27416 -0 69
762 765 26 0.7563 0.7569 9.706 9.269 -0.41934 -0.23216 -1 68
762 780 27 0.7167 0.7198 5.247 5.665 -0.41334 -0.17816 -1 67
762 721 28 0.8289 0.8242 9.19 9.521 -0.45534 -0.25616 -0 68
762 753 29 0.7194 0.7189 11.164 11.305 -0.38934 -0.24416 -0 69
762 781 30 0.7123 0.7082 11.671 12.684 -0.37734 -0.25616 -1 69
762 749 31 0.8272 0.8322 11.803 11.568 -0.44934 -0.28616 -0 68
762 864 32 0.7113 0.7067 13.177 13.802 -0.37134 -0.26816 -1 68
762 697 33 0.7844 0.7897 12.049 11.775 -0.42534 -0.27416 -0 69
762 660 34 0.7801 0.774 13.484 13.677 -0.40734 -0.29216 -0 69
762 767 35 0.7937 0.7899 8.259 8.019 -0.44334 -0.22616 -0 68
762 803 36 0.7297 0.7319 5.68 5.912 -0.41934 -0.18416 -1 67
762 749 37 0.7992 0.7955 17.637 17.872 -0.39534 -0.35216 -0 69
762 798 38 0.7542 0.7537 4.547 4.515 -0.43734 -0.17216 -1 68
762 762 39 0.7221 0.7259 8.572 8.045 -0.40734 -0.20816 -1 68
762 882 40 0.7296 0.7171 16.02 16.126 -0.36534 -0.29816 -1 70
762 693 41 0.8332 0.8263 6.232 5.93 -0.47334 -0.20816 -0 68
762 744 42 0.8133 0.8095 10.428 10.325 -0.44334 -0.26216 -0 68
762 761 43 0.7947 0.7931 8.663 8.412 -0.44334 -0.23216 -0 68
762 708 44 0.8343 0.8332 8.952 9.315 -0.46134 -0.25616 -0 68
762 915 45 0.7101 0.7085 16.455 16.451 -0.35934 -0.29816 -1 70
762 751 46 0.8029 0.7963 4.501 4.687 -0.46134 -0.18416 -1 67
762 837 47 0.7208 0.7245 18.743 18.003 -0.35934 -0.32216 -0 70
762 796 48 0.7745 0.7687 5.186 5.187 -0.44334 -0.18416 -1 68
762 758 49 0.7064 0.71 11.1 11.57 -0.38334 -0.24416 -1 68
54 201 0 0.7688 0.7007 16.309 15.649 -0.35934 -0.28616 1 62
54 182 1 0.7795 0.7007 8.706 15.649 -0.35934 -0.28616 1 62
54 180 2 0.7943 0.7007 9.683 15.649 -0.35934 -0.28616 0 62
54 186 3 0.7705 0.7007 11.191 15.649 -0.35934 -0.28616 1 62
54 205 4 0.7637 0.7007 15.308 15.649 -0.35934 -0.28616 1 62
54 190 5 0.7558 0.7007 11.1 15.649 -0.35934 -0.28616 1 62
54 182 6 0.8201 0.7007 12.11 15.649 -0.35934 -0.28616 0 62
54 182 7 0.7477 0.7007 5.043 15.649 -0.35934 -0.28616 1 62
54 183 8 0.8293 0.7007 17.258 15.649 -0.35934 -0.28616 0 62
54 183 9 0.7771 0.7007 6.876 15.649 -0.35934 -0.28616 1 62
54 208 10 0.7344 0.6969 12.471 15.241 -0.35934 -0.28016 0 62
54 182 11 0.7457 0.7007 6.614 15.649 -0.35934 -0.28616 1 62
54 183 12 0.843 0.7007 11.648 15.649 -0.35934 -0.28616 1 62
54 220 13 0.691 0.7007 18.102 15.649 -0.35934 -0.28616 0 62
54 198 14 0.7473 0.7007 19.141 15.649 -0.35934 -0.28616 1 62
54 183 15 0.8305 0.7007 15.651 15.649 -0.35934 -0.28616 1 62
54 180 16 0.8269 0.7007 11.014 15.649 -0.35934 -0.28616 1 62
54 187 17 0.7715 0.7007 11.561 15.649 -0.35934 -0.28616 1 62
54 186 18 0.7998 0.7007 14.709 15.649 -0.35934 -0.28616 1 62
54 181 19 0.6937 0.7007 6.109 15.649 -0.35934 -0.28616 1 61
54 181 20 0.7138 0.7007 6.269 15.649 -0.35934 -0.28616 1 62
54 182 21 0.8452 0.7007 12.151 15.649 -0.35934 -0.28616 1 62
54 186 22 0.8064 0.7007 17.077 15.649 -0.35934 -0.28616 1 62
54 190 23 0.7908 0.7007 15.841 15.649 -0.35934 -0.28616 0 62
54 184 24 0.7586 0.7007 9.741 15.649 -0.35934 -0.28616 1 62
54 184 25 0.8308 0.7007 8.46 15.649 -0.35934 -0.28616 1 62
54 204 26 0.7517 0.7007 13.085 15.649 -0.35934 -0.28616 1 62
54 235 27 0.6932 0.7007 15.397 15.649 -0.35934 -0.28616 0 62
54 221 28 0.7208 0.6969 13.473 15.241 -0.35934 -0.28016 0 62
54 229 29 0.7242 0.7007 16.419 15.649 -0.35934 -0.28616 0 62
54 193 30 0.7615 0.7007 18.91 15.649 -0.35934 -0.28616 1 62
54 236 31 0.6951 0.7007 15.727 15.649 -0.35934 -0.28616 0 62
54 183 32 0.8254 0.7007 15.583 15.649 -0.35934 -0.28616 1 62
54 182 33 0.7467 0.7007 6.258 15.649 -0.35934 -0.28616 1 62
54 183 34 0.6982 0.6969 8.667 15.241 -0.35934 -0.28016 0 62
54 191 35 0.7864 0.7007 16.952 15.649 -0.35934 -0.28616 1 62
54 182 36 0.8058 0.7007 11.312 15.649 -0.35934 -0.28616 1 62
54 183 37 0.8085 0.7007 18.588 15.649 -0.35934 -0.28616 1 62
54 205 38 0.7329 0.7046 18.866 16.052 -0.35934 -0.29216 0 62
54 209 39 0.7298 0.7046 18.647 16.052 -0.35934 -0.29216 0 62
54 226 40 0.6901 0.7007 17.576 15.649 -0.35934 -0.28616 0 62
54 234 41 0.7105 0.7007 14.784 15.649 -0.35934 -0.28616 0 62
54 184 42 0.8164 0.7007 14.772 15.649 -0.35934 -0.28616 1 61
54 183 43 0.8283 0.7007 17.089 15.649 -0.35934 -0.28616 0 62
54 190 44 0.7742 0.7007 12.561 15.649 -0.35934 -0.28616 1 62
54 191 45 0.7867 0.7007 16.934 15.649 -0.35934 -0.28616 1 62
54 210 46 0.7564 0.7007 15.809 15.649 -0.35934 -0.28616 1 62
54 195 47 0.7699 0.7007 17.631 15.649 -0.35934 -0.28616 1 62
54 232 48 0.7176 0.7007 15.483 15.649 -0.35934 -0.28616 0 62
54 192 49 0.7746 0.7007 13.07 15.649 -0.35934 -0.28616 1 62
109 283 0 0.7181 0.7007 15.522 15.649 -0.35934 -0.28616 0 62
109 188 1 0.789 0.7007 19.03 15.649 -0.35934 -0.28616 1 62
109 183 2 0.8295 0.7007 4.829 15.649 -0.35934 -0.28616 0 62
109 220 3 0.7361 0.7055 11.668 14.926 -0.36534 -0.28016 0 62
109 185 4 0.809 0.7007 13.568 15.649 -0.35934 -0.28616 1 62
109 225 5 0.7476 0.7055 12.664 14.926 -0.36534 -0.28016 0 62
109 193 6 0.7732 0.7046 19.002 16.052 -0.35934 -0.29216 1 62
109 183 7 0.7789 0.7007 6.769 15.649 -0.35934 -0.28616 1 62
109 216 8 0.7709 0.7093 14.737 15.33 -0.36534 -0.28616 0 62
109 183 9 0.7853 0.7007 5.768 15.649 -0.35934 -0.28616 1 62
109 282 10 0.7093 0.7046 16.635 16.052 -0.35934 -0.29216 0 62
109 185 11 0.8464 0.7007 6.451 15.649 -0.35934 -0.28616 1 62
109 241 12 0.7034 0.6931 11.924 14.829 -0.35934 -0.27416 0 62
109 187 13 0.7927 0.7007 12.271 15.649 -0.35934 -0.28616 0 62
109 184 14 0.7909 0.7007 6.199 15.649 -0.35934 -0.28616 1 62
109 271 15 0.7168 0.7046 17.375 16.052 -0.35934 -0.29216 0 62
109 183 16 0.8363 0.7007 8.562 15.649 -0.35934 -0.28616 1 62
109 194 17 0.7781 0.7046 18.345 16.052 -0.35934 -0.29216 1 62
109 182 18 0.8481 0.7007 10.958 15.649 -0.35934 -0.28616 1 62
109 178 19 0.6948 0.7007 7.335 15.649 -0.35934 -0.28616 1 62
109 186 20 0.7852 0.7007 11.585 15.649 -0.35934 -0.28616 0 62
109 187 21 0.7208 0.6969 8.989 15.241 -0.35934 -0.28016 1 62
109 183 22 0.7714 0.7007 6.047 15.649 -0.35934 -0.28616 1 62
109 183 23 0.8307 0.7007 18.177 15.649 -0.35934 -0.28616 1 62
109 239 24 0.6932 0.6931 11.751 14.829 -0.35934 -0.27416 0 62
109 192 25 0.798 0.7007 15.681 15.649 -0.35934 -0.28616 1 62
109 190 26 0.6926 0.6969 9.109 15.241 -0.35934 -0.28016 1 61
109 189 27 0.79 0.7007 12.599 15.649 -0.35934 -0.28616 0 62
109 218 28 0.7407 0.7085 19.259 16.451 -0.35934 -0.29816 0 62
109 185 29 0.7891 0.7007 6.46 15.649 -0.35934 -0.28616 1 62
109 183 30 0.7401 0.7007 8.255 15.649 -0.35934 -0.28616 1 62
109 180 31 0.6967 0.7007 7.16 15.649 -0.35934 -0.28616 1 62
109 187 32 0.7878 0.7007 12.257 15.649 -0.35934 -0.28616 0 62
109 288 33 0.7088 0.7007 15.709 15.649 -0.35934 -0.28616 0 62
109 206 34 0.7724 0.7093 13.578 15.33 -0.36534 -0.28616 0 62
109 181 35 0.8436 0.7007 10.816 15.649 -0.35934 -0.28616 1 62
109 191 36 0.7794 0.7007 18.947 15.649 -0.35934 -0.28616 1 62
109 274 37 0.7137 0.6969 13.905 15.241 -0.35934 -0.28016 0 62
109 188 38 0.7961 0.7007 12.969 15.649 -0.35934 -0.28616 1 62
109 192 39 0.7825 0.7007 12.598 15.649 -0.35934 -0.28616 1 62
109 181 40 0.7947 0.7007 10 15.649 -0.35934 -0.28616 1 62
109 227 41 0.7184 0.7017 11.464 14.517 -0.36534 -0.27416 0 62
109 183 42 0.7886 0.7007 7.422 15.649 -0.35934 -0.28616 1 62
109 182 43 0.794 0.7007 7.957 15.649 -0.35934 -0.28616 1 62
109 183 44 0.7678 0.7007 6.56 15.649 -0.35934 -0.28616 1 62
109 193 45 0.7814 0.7007 12.538 15.649 -0.35934 -0.28616 0 62
109 183 46 0.8375 0.7007 18.384 15.649 -0.35934 -0.28616 1 62
109 282 47 0.7076 0.6969 14.402 15.241 -0.35934 -0.28016 0 62
109 203 48 0.704 0.6969 10.108 15.241 -0.35934 -0.28016 1 62
109 185 49 0.8463 0.7007 13.599 15.649 -0.35934 -0.28616 1 62
163 185 0 0.8413 0.7007 6.088 15.649 -0.35934 -0.28616 1 62
163 205 1 0.7874 0.7093 14.719 15.33 -0.36534 -0.28616 0 62
163 184 2 0.8327 0.7007 18.529 15.649 -0.35934 -0.28616 1 62
163 269 3 0.735 0.7164 18.771 17.236 -0.35934 -0.31016 0 62
163 318 4 0.7316 0.7132 15.536 15.73 -0.36534 -0.29216 0 62
163 185 5 0.7946 0.7007 11.221 15.649 -0.35934 -0.28616 0 62
163 285 6 0.7448 0.721 17.166 16.518 -0.36534 -0.30416 0 62
163 220 7 0.733 0.7411 5.169 5.724 -0.42534 -0.18416 0 62
163 181 8 0.694 0.6969 7.636 15.241 -0.35934 -0.28016 1 62
163 182 9 0.8044 0.7808 5.247 5.426 -0.44934 -0.19016 0 62
163 225 10 0.7355 0.7441 5.842 6.151 -0.42534 -0.19016 0 62
163 199 11 0.7897 0.7093 13.76 15.33 -0.36534 -0.28616 0 62
163 183 12 0.8195 0.7007 9.57 15.649 -0.35934 -0.28616 1 62
163 245 13 0.7609 0.7454 18.019 17.71 -0.37134 -0.32816 0 62
163 184 14 0.8237 0.7007 18.159 15.649 -0.35934 -0.28616 1 62
163 274 15 0.7161 0.7124 19.167 16.846 -0.35934 -0.30416 0 62
163 216 16 0.7401 0.7474 4.556 5.114 -0.43134 -0.17816 0 62
163 192 17 0.8003 0.7806 7.002 6.824 -0.44334 -0.20816 0 62
163 184 18 0.8329 0.7007 10.324 15.649 -0.35934 -0.28616 1 62
163 194 19 0.7889 0.7779 4.407 5.016 -0.44934 -0.18416 0 62
163 299 20 0.7316 0.7055 13.567 14.926 -0.36534 -0.28016 0 62
163 184 21 0.8389 0.7007 8.445 15.649 -0.35934 -0.28616 1 62
163 199 22 0.7848 0.7093 13.006 15.33 -0.36534 -0.28616 1 62
163 295 23 0.6972 0.7017 12.574 14.517 -0.36534 -0.27416 0 62
163 221 24 0.7717 0.7093 13.239 15.33 -0.36534 -0.28616 0 62
163 191 25 0.8015 0.7007 17.266 15.649 -0.35934 -0.28616 1 62
163 185 26 0.8306 0.7007 16.974 15.649 -0.35934 -0.28616 1 62
163 285 27 0.7225 0.7017 12.534 14.517 -0.36534 -0.27416 0 62
163 185 28 0.8267 0.7007 12.431 15.649 -0.35934 -0.28616 1 62
163 215 29 0.7208 0.7319 6.016 5.912 -0.41934 -0.18416 0 62
163 210 30 0.7303 0.7382 4.437 5.293 -0.42534 -0.17816 0 62
163 185 31 0.8367 0.7007 17.262 15.649 -0.35934 -0.28616 1 62
163 209 32 0.7767 0.7687 4.662 5.187 -0.44334 -0.18416 0 62
163 188 33 0.8138 0.7007 16.664 15.649 -0.35934 -0.28616 1 62
163 179 34 0.6937 0.7007 5.105 15.649 -0.35934 -0.28616 1 62
163 183 35 0.8344 0.7007 10.692 15.649 -0.35934 -0.28616 1 62
163 331 36 0.7062 0.6969 14.26 15.241 -0.35934 -0.28016 0 62
163 187 37 0.8114 0.7007 13.884 15.649 -0.35934 -0.28616 1 62
163 304 38 0.6986 0.7017 12.92 14.517 -0.36534 -0.27416 0 62
163 207 39 0.7427 0.7441 8.549 7.619 -0.41934 -0.20816 1 62
163 184 40 0.818 0.7007 5.781 15.649 -0.35934 -0.28616 1 62
163 183 41 0.8094 0.7007 19.276 15.649 -0.35934 -0.28616 1 62
163 200 42 0.7081 0.7258 7.001 6.541 -0.41334 -0.19016 1 62
163 303 43 0.7304 0.7085 17.49 16.451 -0.35934 -0.29816 0 62
163 185 44 0.8274 0.7007 14.031 15.649 -0.35934 -0.28616 1 62
163 195 45 0.793 0.762 17.561 18.115 -0.37734 -0.34016 1 62
163 220 46 0.7573 0.7532 7.724 7.413 -0.42534 -0.20816 0 62
163 184 47 0.8408 0.7007 7.208 15.649 -0.35934 -0.28616 0 62
163 244 48 0.7294 0.7017 11.353 14.517 -0.36534 -0.27416 0 62
163 196 49 0.7117 0.729 4.584 5.477 -0.41934 -0.17816 1 62
218 263 0 0.7293 0.7382 4.63 5.293 -0.42534 -0.17816 0 62
218 183 1 0.8449 0.7007 8.532 15.649 -0.35934 -0.28616 1 63
218 374 2 0.7047 0.7055 13.979 14.926 -0.36534 -0.28016 0 62
218 187 3 0.8265 0.8119 8.81 9.356 -0.44934 -0.25016 1 62
218 293 4 0.7485 0.7452 19.281 18.779 -0.36534 -0.34016 0 63
218 307 5 0.7289 0.7204 19.213 17.621 -0.35934 -0.31616 0 63
218 237 6 0.7736 0.7093 13.409 15.33 -0.36534 -0.28616 0 62
218 228 7 0.8039 0.7827 18.622 18.85 -0.38334 -0.35816 1 62
218 249 8 0.78 0.7539 16.439 17.387 -0.37734 -0.32816 0 62
218 275 9 0.774 0.762 17.802 18.115 -0.37734 -0.34016 0 63
218 239 10 0.7959 0.7779 4.755 5.016 -0.44934 -0.18416 0 62
218 219 11 0.7015 0.698 9.536 14.104 -0.36534 -0.26816 1 62
218 336 12 0.6926 0.698 12.42 14.104 -0.36534 -0.26816 0 62
218 279 13 0.7577 0.7532 5.515 5.963 -0.43134 -0.19016 0 62
218 249 14 0.7411 0.7017 11.257 14.517 -0.36534 -0.27416 0 63
218 209 15 0.787 0.7849 10.855 10.009 -0.43134 -0.25016 0 62
218 338 16 0.7156 0.7124 18.512 16.846 -0.35934 -0.30416 0 63
218 263 17 0.7292 0.741 7.735 7.197 -0.41934 -0.20216 0 62
218 311 18 0.7437 0.7329 18.489 17.667 -0.36534 -0.32216 0 63
218 278 19 0.7433 0.7471 7.024 6.575 -0.42534 -0.19616 0 62
218 368 20 0.7261 0.7046 16.452 16.052 -0.35934 -0.29216 0 63
218 214 21 0.7892 0.7132 15.486 15.73 -0.36534 -0.29216 1 62
218 188 22 0.8098 0.7007 13.485 15.649 -0.35934 -0.28616 1 62
218 264 23 0.776 0.7654 7.976 7.621 -0.43134 -0.21416 0 62
218 214 24 0.8437 0.871 16.196 17.165 -0.43734 -0.37616 1 62
218 245 25 0.7768 0.7257 15.218 15.809 -0.37134 -0.29816 0 62
218 393 26 0.7054 0.7007 16.035 15.649 -0.35934 -0.28616 0 62
218 237 27 0.7227 0.7017 10.297 14.517 -0.36534 -0.27416 0 63
218 293 28 0.763 0.7374 16.629 16.962 -0.37134 -0.31616 0 62
218 270 29 0.7342 0.741 7.471 7.197 -0.41934 -0.20216 0 62
218 273 30 0.7303 0.7411 5.603 5.724 -0.42534 -0.18416 0 62
218 279 31 0.749 0.7501 7.194 6.996 -0.42534 -0.20216 0 62
218 257 32 0.7249 0.7017 10.835 14.517 -0.36534 -0.27416 0 62
218 252 33 0.7634 0.7627 9.178 8.643 -0.42534 -0.22616 0 62
218 365 34 0.7314 0.7093 14.972 15.33 -0.36534 -0.28616 0 62
218 204 35 0.7864 0.7093 12.855 15.33 -0.36534 -0.28616 1 62
218 246 36 0.7087 0.7258 7.269 6.541 -0.41334 -0.19016 0 62
218 266 37 0.7712 0.7654 8.077 7.621 -0.43134 -0.21416 0 62
218 188 38 0.8269 0.846 16.457 17.073 -0.42534 -0.36416 1 62
218 187 39 0.8162 0.7007 14.446 15.649 -0.35934 -0.28616 1 62
218 238 40 0.7121 0.7228 8.207 7.615 -0.40734 -0.20216 0 62
218 269 41 0.7231 0.7319 5.825 5.912 -0.41934 -0.18416 0 62
218 327 42 0.7189 0.7164 18.769 17.236 -0.35934 -0.31016 0 63
218 338 43 0.7372 0.7093 14.009 15.33 -0.36534 -0.28616 0 62
218 253 44 0.7331 0.7441 8.578 7.619 -0.41934 -0.20816 0 62
218 185 45 0.8295 0.7007 8.416 15.649 -0.35934 -0.28616 1 63
218 265 46 0.7333 0.741 7.829 7.197 -0.41934 -0.20216 0 62
218 248 47 0.7912 0.7661 18.313 18.473 -0.37734 -0.34616 0 62
218 198 48 0.8376 0.8585 16.085 17.12 -0.43134 -0.37016 1 62
218 219 49 0.8073 0.7911 18.238 18.53 -0.38934 -0.35816 1 62
272 324 0 0.7251 0.7349 6.35 6.344 -0.41934 -0.19016 0 62
272 269 1 0.8115 0.7897 6.706 6.637 -0.44934 -0.20816 0 62
272 229 2 0.8289 0.834 13.709 12.872 -0.44334 -0.30416 1 63
272 267 3 0.7339 0.7389 10.323 9.729 -0.40734 -0.23216 0 63
272 272 4 0.8051 0.7963 4.346 4.687 -0.46134 -0.18416 0 62
272 253 5 0.761 0.7636 11.253 10.073 -0.41934 -0.24416 0 63
272 238 6 0.8303 0.8176 4.874 4.766 -0.47334 -0.19016 0 62
272 272 7 0.8201 0.8253 10.756 10.843 -0.44934 -0.27416 1 63
272 273 8 0.826 0.8322 11.795 11.568 -0.44934 -0.28616 0 63
272 385 9 0.743 0.7249 17.024 16.905 -0.36534 -0.31016 0 63
272 291 10 0.7969 0.7827 18.985 18.85 -0.38334 -0.35816 0 63
272 264 11 0.8096 0.7996 18.086 18.216 -0.39534 -0.35816 1 63
272 355 12 0.7563 0.7454 17.829 17.71 -0.37134 -0.32816 0 63
272 243 13 0.8231 0.7988 6.531 6.454 -0.45534 -0.20816 0 63
272 354 14 0.7348 0.7285 19.062 18.38 -0.35934 -0.32816 0 63
272 278 15 0.8354 0.8411 11.659 11.341 -0.45534 -0.28616 0 62
272 290 16 0.8458 0.8665 17.656 17.762 -0.43134 -0.38216 0 62
272 312 17 0.7849 0.7775 6.645 6.42 -0.44334 -0.20216 0 63
272 249 18 0.7871 0.7585 15.433 16.703 -0.38334 -0.32216 0 63
272 191 19 0.8107 0.7007 14.624 15.649 -0.35934 -0.28616 1 63
272 350 20 0.7388 0.7105 12.935 14.212 -0.37134 -0.27416 0 63
272 423 21 0.7241 0.7171 16.429 16.126 -0.36534 -0.29816 0 63
272 263 22 0.7281 0.7356 10.16 9.313 -0.40734 -0.22616 0 63
272 288 23 0.7972 0.7808 8.195 8.223 -0.43734 -0.22616 0 63
272 264 24 0.8165 0.8287 11.425 11.207 -0.44934 -0.28016 1 63
272 308 25 0.7224 0.7319 7.857 7.404 -0.41334 -0.20216 0 62
272 320 26 0.7702 0.7687 5.041 5.187 -0.44334 -0.18416 0 63
272 424 27 0.728 0.7132 15.674 15.73 -0.36534 -0.29216 0 63
272 258 28 0.8156 0.8037 18.65 18.557 -0.39534 -0.36416 1 63
272 433 29 0.7169 0.7093 14.741 15.33 -0.36534 -0.28616 0 63
272 279 30 0.7882 0.7782 9.871 9.226 -0.43134 -0.23816 0 63
272 264 31 0.8198 0.8219 10.098 10.476 -0.44934 -0.26816 0 63
272 238 32 0.8274 0.8113 5.581 5.32 -0.46734 -0.19616 0 62
272 327 33 0.73 0.7349 6.057 6.344 -0.41934 -0.19016 0 62
272 262 34 0.8137 0.7992 5.035 5.088 -0.46134 -0.19016 0 62
272 270 35 0.8466 0.8481 12.705 12.048 -0.45534 -0.29816 1 62
272 333 36 0.7461 0.7471 6.911 6.575 -0.42534 -0.19616 0 63
272 262 37 0.8299 0.8357 12.636 11.926 -0.44934 -0.29216 1 62
272 312 38 0.7245 0.7319 7.63 7.404 -0.41334 -0.20216 0 62
272 263 39 0.8157 0.8198 11.598 11.435 -0.44334 -0.28016 1 63
272 446 40 0.7006 0.7007 16.013 15.649 -0.35934 -0.28616 0 63
272 296 41 0.7766 0.7499 16.147 17.017 -0.37734 -0.32216 0 63
272 213 42 0.8381 0.8172 6.23 6.101 -0.46734 -0.20816 0 63
272 277 43 0.8021 0.787 18.018 18.183 -0.38934 -0.35216 1 63
272 229 44 0.7898 0.7986 12.156 11.534 -0.43134 -0.27416 0 63
272 247 45 0.8445 0.8671 15.883 16.844 -0.43734 -0.37016 1 63
272 417 46 0.7064 0.7085 17.571 16.451 -0.35934 -0.29816 0 63
272 391 47 0.7045 0.7039 18.51 17.182 -0.35334 -0.30416 0 63
272 375 48 0.7105 0.7079 18.867 17.574 -0.35334 -0.31016 0 63
272 246 49 0.7635 0.767 11.486 10.469 -0.41934 -0.25016 0 63
327 496 0 0.7017 0.7046 16.236 16.052 -0.35934 -0.29216 0 63
327 385 1 0.7445 0.7441 5.8 6.151 -0.42534 -0.19016 0 63
327 398 2 0.6912 0.6954 19.275 17.526 -0.34734 -0.30416 0 64
327 312 3 0.7187 0.721 10.162 10.211 -0.39534 -0.23216 0 63
327 395 4 0.7589 0.7374 16.471 16.962 -0.37134 -0.31616 0 63
327 383 5 0.7595 0.7624 5.59 5.78 -0.43734 -0.19016 0 63
327 299 6 0.8231 0.8084 4.937 4.925 -0.46734 -0.19016 0 63
327 436 7 0.7403 0.7218 14.85 15.416 -0.37134 -0.29216 0 63
327 411 8 0.7474 0.7411 18.529 18.412 -0.36534 -0.33416 0 64
327 353 9 0.708 0.7228 6.049 6.105 -0.41334 -0.18416 0 62
327 339 10 0.7986 0.7867 8.032 7.624 -0.44334 -0.22016 0 63
327 250 11 0.8155 0.8201 14.169 13.724 -0.43134 -0.31016 0 63
327 337 12 0.8034 0.7897 6.75 6.637 -0.44934 -0.20816 0 63
327 379 13 0.7641 0.7595 5.024 5.361 -0.43734 -0.18416 -0 63
327 320 14 0.8386 0.8432 9.94 10.406 -0.46134 -0.27416 0 63
327 335 15 0.7745 0.746 15.773 16.644 -0.37734 -0.31616 0 63
327 276 16 0.8292 0.8141 7.23 7.053 -0.46134 -0.22016 0 63
327 327 17 0.7433 0.7479 10.229 9.496 -0.41334 -0.23216 0 63
327 285 18 0.8342 0.824 4.326 4.22 -0.47934 -0.18416 0 62
327 319 19 0.8067 0.7996 9.088 9.186 -0.44334 -0.24416 0 63
327 359 20 0.7496 0.7229 12.962 14.317 -0.37734 -0.28016 0 63
327 387 21 0.7416 0.7441 6.013 6.151 -0.42534 -0.19016 0 63
327 277 22 0.8014 0.8145 12.646 12.035 -0.43734 -0.28616 0 63
327 346 23 0.7697 0.7421 15.48 16.266 -0.37734 -0.31016 0 63
327 457 24 0.7089 0.7124 17.915 16.846 -0.35934 -0.30416 0 64
327 319 25 0.7716 0.7343 14.521 15.499 -0.37734 -0.29816 0 63
327 304 26 0.8203 0.8113 5.434 5.32 -0.46734 -0.19616 0 63
327 325 27 0.7789 0.7726 10.373 9.843 -0.42534 -0.24416 0 63
327 437 28 0.6979 0.698 12.568 14.104 -0.36534 -0.26816 0 63
327 339 29 0.7414 0.7446 9.614 9.085 -0.41334 -0.22616 0 63
327 389 30 0.7595 0.7335 16.021 16.582 -0.37134 -0.31016 0 63
327 312 31 0.8106 0.7994 19.223 19.212 -0.38934 -0.37016 0 63
327 330 32 0.8417 0.8446 12.108 11.696 -0.45534 -0.29216 0 63
327 317 33 0.8325 0.8308 9.952 10.258 -0.45534 -0.26816 0 63
327 323 34 0.702 0.7137 8.247 7.832 -0.40134 -0.20216 0 62
327 388 35 0.7675 0.762 18.002 18.115 -0.37734 -0.34016 0 63
327 413 36 0.7516 0.7414 17.51 17.338 -0.37134 -0.32216 0 64
327 377 37 0.755 0.7532 7.875 7.413 -0.42534 -0.20816 0 63
327 339 38 0.7753 0.7692 9.826 9.447 -0.42534 -0.23816 0 63
327 312 39 0.8302 0.8371 18.253 18.309 -0.41334 -0.37616 0 63
327 444 40 0.7144 0.7017 13.043 14.517 -0.36534 -0.27416 0 63
327 385 41 0.6925 0.6943 11.538 13.686 -0.36534 -0.26216 0 63
327 266 42 0.805 0.818 13.27 12.399 -0.43734 -0.29216 0 63
327 286 43 0.8268 0.808 6.202 6.276 -0.46134 -0.20816 0 63
327 263 44 0.7738 0.7229 12.816 14.317 -0.37734 -0.28016 0 64
327 373 45 0.7599 0.7257 15.136 15.809 -0.37134 -0.29816 0 63
327 371 46 0.7681 0.7658 4.54 4.769 -0.44334 -0.17816 0 63
327 260 47 0.8322 0.8413 14.268 13.572 -0.44334 -0.31616 0 63
327 495 48 0.7107 0.7046 16.223 16.052 -0.35934 -0.29216 0 63
327 448 49 0.7342 0.718 14.491 15.019 -0.37134 -0.28616 0 63
381 367 0 0.8065 0.7955 17.558 17.872 -0.39534 -0.35216 0 64
381 351 1 0.7885 0.771 15.883 16.761 -0.38934 -0.32816 0 64
381 389 2 0.7929 0.783 17.535 17.833 -0.38934 -0.34616 0 64
381 388 3 0.7637 0.7343 14.473 15.499 -0.37734 -0.29816 0 64
381 407 4 0.7072 0.6994 11.186 12.97 -0.37134 -0.25616 0 63
381 315 5 0.8345 0.8232 7.026 6.871 -0.46734 -0.22016 0 63
381 366 6 0.8133 0.7992 4.938 5.088 -0.46134 -0.19016 -0 63
381 414 7 0.7843 0.7786 18.398 18.502 -0.38334 -0.35216 0 64
381 339 8 0.7735 0.7429 14.074 15.196 -0.38334 -0.29816 0 64
381 466 9 0.7356 0.737 18.618 18.041 -0.36534 -0.32816 0 64
381 551 10 0.7017 0.7046 16.164 16.052 -0.35934 -0.29216 0 64
381 426 11 0.7572 0.7563 8.217 7.826 -0.42534 -0.21416 0 63
381 338 12 0.833 0.8268 4.881 4.61 -0.47934 -0.19016 0 63
381 361 13 0.6958 0.7048 4.409 4.956 -0.40734 -0.16616 0 63
381 368 14 0.8246 0.8322 12.151 11.568 -0.44934 -0.28616 0 63
381 415 15 0.7806 0.7716 5.091 5.601 -0.44334 -0.19016 -0 63
381 549 16 0.7002 0.6969 15.096 15.241 -0.35934 -0.28016 -0 64
381 311 17 0.8084 0.8128 13.589 13.007 -0.43134 -0.29816 0 64
381 375 18 0.7564 0.7602 10.555 9.672 -0.41934 -0.23816 0 64
381 358 19 0.8181 0.8113 5.511 5.32 -0.46734 -0.19616 0 63
381 543 20 0.7096 0.7055 14.942 14.926 -0.36534 -0.28016 0 64
381 349 21 0.8218 0.825 16.971 17.314 -0.41334 -0.35816 0 64
381 314 22 0.7949 0.8056 12.879 12.277 -0.43134 -0.28616 0 64
381 409 23 0.7913 0.7806 6.756 6.824 -0.44334 -0.20816 -0 63
381 531 24 0.6972 0.696 17.108 16.382 -0.35334 -0.29216 -0 64
381 409 25 0.7225 0.7261 4.612 5.038 -0.41934 -0.17216 0 63
381 337 26 0.8055 0.8145 12.578 12.035 -0.43734 -0.28616 0 64
381 529 27 0.7017 0.6999 17.323 16.784 -0.35334 -0.29816 0 64
381 343 28 0.823 0.8176 8.539 8.772 -0.45534 -0.24416 0 63
381 367 29 0.8388 0.8393 12.746 12.28 -0.44934 -0.29816 0 63
381 320 30 0.8173 0.8252 13.683 13.117 -0.43734 -0.30416 0 64
381 402 31 0.7651 0.766 9.538 9.047 -0.42534 -0.23216 0 64
381 396 32 0.7655 0.7382 15.106 15.884 -0.37734 -0.30416 0 64
381 368 33 0.8382 0.85 17.091 17.401 -0.42534 -0.37016 0 63
381 310 34 0.8148 0.8252 13.855 13.117 -0.43734 -0.30416 0 64
381 395 35 0.793 0.7842 4.385 4.441 -0.45534 -0.17816 -0 63
381 334 36 0.8438 0.8455 8.778 9.476 -0.46734 -0.26216 0 63
381 477 37 0.694 0.7039 18.612 17.182 -0.35334 -0.30416 0 64
381 420 38 0.7783 0.762 17.794 18.115 -0.37734 -0.34016 0 64
381 358 39 0.8176 0.8205 17.882 17.945 -0.40734 -0.36416 0 63
381 508 40 0.7105 0.7124 17.901 16.846 -0.35934 -0.30416 -0 64
381 320 41 0.7717 0.7684 12.475 11.887 -0.41334 -0.26816 0 64
381 336 42 0.8324 0.8205 5.28 5.157 -0.47334 -0.19616 0 63
381 326 43 0.8325 0.8381 15.749 16.409 -0.42534 -0.35216 1 64
381 340 44 0.8181 0.821 16.691 16.976 -0.41334 -0.35216 0 64
381 354 45 0.822 0.829 17.359 17.649 -0.41334 -0.36416 1 63
381 310 46 0.7967 0.8056 13.088 12.277 -0.43134 -0.28616 0 64
381 465 47 0.7513 0.7414 17.562 17.338 -0.37134 -0.32216 0 64
381 367 48 0.8142 0.8185 10.03 10.106 -0.44934 -0.26216 0 63
381 372 49 0.7847 0.775 16.314 17.122 -0.38934 -0.33416 0 64
436 579 0 0.7269 0.7132 15.532 15.73 -0.36534 -0.29216 -0 64
436 364 1 0.8344 0.8263 7.362 7.252 -0.46734 -0.22616 0 64
436 482 2 0.7499 0.7474 4.652 5.114 -0.43134 -0.17816 -0 64
436 518 3 0.7501 0.7335 16.179 16.582 -0.37134 -0.31016 0 65
436 343 4 0.8053 0.8114 14.242 13.982 -0.42534 -0.31016 0 64
436 407 5 0.7483 0.7402 11.437 11.202 -0.40134 -0.25016 0 65
436 375 6 0.8394 0.8422 8.55 9.112 -0.46734 -0.25616 0 64
436 413 7 0.7041 0.7169 8.833 8.267 -0.40134 -0.20816 0 63
436 418 8 0.705 0.7169 8.748 8.267 -0.40134 -0.20816 0 63
436 585 9 0.6958 0.696 17.05 16.382 -0.35334 -0.29216 -0 65
436 492 10 0.767 0.758 17.686 17.753 -0.37734 -0.33416 0 65
436 504 11 0.6933 0.6943 12.055 13.686 -0.36534 -0.26216 0 64
436 502 12 0.7045 0.7031 11.953 13.388 -0.37134 -0.26216 -0 64
436 347 13 0.8459 0.8448 7.774 8.185 -0.47334 -0.24416 0 64
436 489 14 0.7716 0.7661 18.741 18.473 -0.37734 -0.34616 0 65
436 550 15 0.734 0.7249 17.388 16.905 -0.36534 -0.31016 -0 65
436 375 16 0.831 0.8202 6.835 6.487 -0.46734 -0.21416 0 64
436 567 17 0.7312 0.721 16.486 16.518 -0.36534 -0.30416 -0 65
436 368 18 0.8296 0.8326 14.077 13.822 -0.43734 -0.31616 0 64
436 444 19 0.7945 0.7842 4.324 4.441 -0.45534 -0.17816 -0 64
436 424 20 0.809 0.8095 10.509 10.325 -0.44334 -0.26216 0 64
436 430 21 0.8446 0.8432 10.185 10.406 -0.46134 -0.27416 0 64
436 446 22 0.7851 0.7782 9.366 9.226 -0.43134 -0.23816 0 64
436 465 23 0.717 0.7198 5.272 5.665 -0.41334 -0.17816 0 63
436 542 24 0.7367 0.718 14.674 15.019 -0.37134 -0.28616 0 65
436 508 25 0.7571 0.7454 17.514 17.71 -0.37134 -0.32816 0 65
436 401 26 0.7038 0.7143 9.55 9.361 -0.39534 -0.22016 -0 64
436 415 27 0.8402 0.8496 19.012 18.338 -0.41934 -0.38216 0 64
436 361 28 0.8217 0.8289 14.147 13.471 -0.43734 -0.31016 0 64
436 526 29 0.7418 0.7218 14.754 15.416 -0.37134 -0.29216 -0 65
436 355 30 0.7751 0.7667 13.131 12.917 -0.40734 -0.28016 0 65
436 430 31 0.7833 0.775 16.441 17.122 -0.38934 -0.33416 0 64
436 418 32 0.6998 0.714 4.425 4.773 -0.41334 -0.16616 0 63
436 395 33 0.8236 0.8304 13.181 12.517 -0.44334 -0.29816 0 64
436 483 34 0.742 0.7474 4.838 5.114 -0.43134 -0.17816 -0 64
436 484 35 0.7279 0.7319 6.075 5.912 -0.41934 -0.18416 -0 63
436 474 36 0.7399 0.7192 12.851 13.915 -0.37734 -0.27416 0 64
436 374 37 0.7971 0.8056 12.642 12.277 -0.43134 -0.28616 0 64
436 374 38 0.8102 0.8216 13.233 12.76 -0.43734 -0.29816 0 64
436 355 39 0.8177 0.8178 15.209 15.662 -0.41934 -0.33416 0 64
436 363 40 0.7811 0.7641 14.405 14.988 -0.39534 -0.30416 0 65
436 497 41 0.7001 0.6994 11.872 12.97 -0.37134 -0.25616 0 64
436 361 42 0.7747 0.7566 13.569 14.23 -0.39534 -0.29216 0 65
436 484 43 0.7693 0.7684 6.951 6.607 -0.43734 -0.20216 -0 64
436 450 44 0.7428 0.7446 9.238 9.085 -0.41334 -0.22616 0 64
436 476 45 0.7589 0.7595 8.421 8.237 -0.42534 -0.22016 -0 64
436 484 46 0.7597 0.7421 15.965 16.266 -0.37734 -0.31016 0 65
436 437 47 0.7366 0.7446 9.607 9.085 -0.41334 -0.22616 -0 64
436 412 48 0.8181 0.8084 5.039 4.925 -0.46734 -0.19016 -0 63
436 410 49 0.8395 0.846 16.596 17.073 -0.42534 -0.36416 0 64
490 527 0 0.7774 0.7687 5.07 5.187 -0.44334 -0.18416 -0 64
490 473 1 0.8297 0.8331 17.945 17.98 -0.41334 -0.37016 0 64
490 624 2 0.6989 0.6999 17.589 16.784 -0.35334 -0.29816 -0 65
490 499 3 0.7697 0.7546 15.87 16.332 -0.38334 -0.31616 0 65
490 533 4 0.7756 0.7661 18.157 18.473 -0.37734 -0.34616 0 65
490 533 5 0.7361 0.7382 4.846 5.293 -0.42534 -0.17816 -0 64
490 617 6 0.7098 0.7124 17.72 16.846 -0.35934 -0.30416 -0 66
490 458 7 0.6933 0.6976 10.435 11.414 -0.37734 -0.23816 0 64
490 591 8 0.7152 0.7204 18.32 17.621 -0.35934 -0.31616 -0 66
490 403 9 0.7884 0.788 13.246 12.776 -0.41934 -0.28616 0 65
490 633 10 0.6932 0.6931 14.022 14.829 -0.35934 -0.27416 -0 64
490 502 11 0.748 0.7316 13.175 14.024 -0.38334 -0.28016 -0 65
490 528 12 0.7817 0.7775 6.52 6.42 -0.44334 -0.20216 -0 64
490 433 13 0.8262 0.8256 16.058 16.35 -0.41934 -0.34616 0 65
490 398 14 0.8023 0.8077 13.934 13.623 -0.42534 -0.30416 0 65
490 484 15 0.7652 0.7636 10.498 10.073 -0.41934 -0.24416 0 65
490 446 16 0.8214 0.8081 7.7 7.627 -0.45534 -0.22616 -0 64
490 464 17 0.8465 0.8546 16.365 16.794 -0.43134 -0.36416 0 64
490 604 18 0.7102 0.7067 13.198 13.802 -0.37134 -0.26816 -0 65
490 557 19 0.7549 0.7536 18.899 18.443 -0.37134 -0.34016 -0 66
490 491 20 0.7092 0.7137 8.13 7.832 -0.40134 -0.20216 -0 64
490 397 21 0.8456 0.8415 6.744 6.519 -0.47934 -0.22016 -0 64
490 479 22 0.806 0.7963 4.353 4.687 -0.46134 -0.18416 -0 64
490 421 23 0.8319 0.8203 7.582 7.818 -0.46134 -0.23216 -0 64
490 521 24 0.7151 0.7228 6.375 6.105 -0.41334 -0.18416 -0 64
490 526 25 0.7681 0.7686 8.434 8.028 -0.43134 -0.22016 -0 64
490 531 26 0.7423 0.7445 4.565 4.685 -0.43134 -0.17216 -0 64
490 489 27 0.7012 0.7075 7.395 6.952 -0.40134 -0.19016 0 63
490 495 28 0.7243 0.7291 8.97 8.472 -0.40734 -0.21416 -0 64
490 431 29 0.7778 0.7593 14.729 15.656 -0.38934 -0.31016 0 65
490 523 30 0.7675 0.7499 16.563 17.017 -0.37734 -0.32216 0 65
490 461 31 0.8384 0.8398 9.447 10.045 -0.46134 -0.26816 -0 64
490 486 32 0.7999 0.787 17.97 18.183 -0.38934 -0.35216 0 65
490 521 33 0.7794 0.7705 17.642 17.794 -0.38334 -0.34016 0 65
490 463 34 0.7481 0.7437 11.528 11.606 -0.40134 -0.25616 -0 65
490 440 35 0.8006 0.796 16.166 16.872 -0.40134 -0.34016 0 65
490 526 36 0.7795 0.7702 18.453 18.827 -0.37734 -0.35216 0 65
490 460 37 0.8153 0.8021 8.308 8.209 -0.44934 -0.23216 -0 64
490 424 38 0.7682 0.7492 13.137 13.457 -0.39534 -0.28016 0 65
490 481 39 0.6931 0.7045 6.705 6.506 -0.40134 -0.18416 0 63
490 459 40 0.7948 0.7875 16.457 17.173 -0.39534 -0.34016 0 65
490 531 41 0.7743 0.7687 4.937 5.187 -0.44334 -0.18416 -0 64
490 636 42 0.6913 0.6931 14.082 14.829 -0.35934 -0.27416 -0 64
490 485 43 0.8043 0.7992 4.84 5.088 -0.46134 -0.19016 -0 64
490 467 44 0.8124 0.8021 8.102 8.209 -0.44934 -0.23216 -0 64
490 452 45 0.7565 0.7419 12.439 12.669 -0.39534 -0.26816 0 65
490 470 46 0.7566 0.7546 10.917 10.307 -0.41334 -0.24416 0 65
490 597 47 0.7053 0.7067 12.951 13.802 -0.37134 -0.26816 -0 64
490 478 48 0.8148 0.8129 10.587 10.698 -0.44334 -0.26816 0 64
490 416 49 0.8431 0.8389 8.237 8.746 -0.46734 -0.25016 0 65
544 558 0 0.7486 0.7316 13.437 14.024 -0.38334 -0.28016 -0 66
544 517 1 0.8143 0.8019 6.785 6.848 -0.45534 -0.21416 -0 65
544 699 2 0.7142 0.7085 16.477 16.451 -0.35934 -0.29816 -0 66
544 518 3 0.8477 0.8488 9.587 9.837 -0.46734 -0.26816 -0 65
544 565 4 0.6914 0.6958 11.412 12.547 -0.37134 -0.25016 0 65
544 572 5 0.7304 0.7353 4.349 4.859 -0.42534 -0.17216 -0 65
544 462 6 0.8265 0.8276 14.679 14.428 -0.43134 -0.32216 0 65
544 551 7 0.7026 0.7047 11.112 12.265 -0.37734 -0.25016 -0 65
544 610 8 0.7542 0.746 16.525 16.644 -0.37734 -0.31616 -0 66
544 528 9 0.8091 0.8129 10.871 10.698 -0.44334 -0.26816 0 65
544 524 10 0.809 0.8053 8.576 8.595 -0.44934 -0.23816 -0 65
544 549 11 0.7973 0.7869 19.125 19.195 -0.38334 -0.36416 0 65
544 478 12 0.8315 0.8235 7.947 8.197 -0.46134 -0.23816 -0 65
544 711 13 0.7056 0.7046 16.057 16.052 -0.35934 -0.29216 -0 66
544 501 14 0.8211 0.8304 12.943 12.517 -0.44334 -0.29816 0 65
544 585 15 0.7543 0.7537 4.474 4.515 -0.43734 -0.17216 -0 65
544 530 16 0.8073 0.7958 7.199 7.429 -0.44934 -0.22016 -0 65
544 537 17 0.6907 0.6958 11.03 12.547 -0.37134 -0.25016 -0 65
544 514 18 0.8412 0.8453 19.138 18.956 -0.41334 -0.38816 0 65
544 583 19 0.7341 0.7382 4.797 5.293 -0.42534 -0.17816 -0 65
544 512 20 0.6985 0.7065 10.429 11.146 -0.38334 -0.23816 -0 65
544 519 21 0.7046 0.7078 8.749 8.494 -0.39534 -0.20816 -0 64
544 526 22 0.8175 0.8233 11.907 11.799 -0.44334 -0.28616 0 65
544 577 23 0.7811 0.7786 18.389 18.502 -0.38334 -0.35216 0 66
544 456 24 0.7768 0.7704 13.469 13.299 -0.40734 -0.28616 0 66
544 579 25 0.7235 0.7288 7.262 6.974 -0.41334 -0.19616 -0 65
544 538 26 0.7359 0.7259 11.701 12.131 -0.38934 -0.25616 -0 66
544 512 27 0.8046 0.8 16.857 17.221 -0.40134 -0.34616 0 65
544 522 28 0.7389 0.7423 10.635 10.14 -0.40734 -0.23816 -0 66
544 469 29 0.8056 0.8006 15.622 16.227 -0.40734 -0.33416 0 66
544 503 30 0.7868 0.7796 15.865 16.459 -0.39534 -0.32816 0 66
544 584 31 0.7557 0.7382 15.429 15.884 -0.37734 -0.30416 -0 66
544 533 32 0.8156 0.8164 10.982 11.068 -0.44334 -0.27416 0 65
544 570 33 0.7885 0.7806 6.631 6.824 -0.44334 -0.20816 -0 65
544 583 34 0.7771 0.7745 7.403 7.421 -0.43734 -0.21416 -0 65
544 613 35 0.7569 0.7454 17.718 17.71 -0.37134 -0.32816 -0 66
544 525 36 0.735 0.7313 11.138 11.458 -0.39534 -0.25016 -0 66
544 525 37 0.8083 0.7963 8.854 8.801 -0.44334 -0.23816 -0 65
544 484 38 0.835 0.8299 8.456 8.945 -0.46134 -0.25016 -0 65
544 530 39 0.8365 0.8456 17.953 18.014 -0.41934 -0.37616 0 65
544 540 40 0.7548 0.7354 13.708 14.418 -0.38334 -0.28616 -0 66
544 581 41 0.7264 0.729 5.072 5.477 -0.41934 -0.17816 -0 64
544 684 42 0.7191 0.7124 17.003 16.846 -0.35934 -0.30416 -0 66
544 710 43 0.7052 0.7007 15.771 15.649 -0.35934 -0.28616 -0 66
544 527 44 0.8325 0.8331 18.08 17.98 -0.41334 -0.37016 0 65
544 524 45 0.8483 0.8517 12.72 12.398 -0.45534 -0.30416 0 65
544 572 46 0.7224 0.7261 4.847 5.038 -0.41934 -0.17216 -0 64
544 491 47 0.8328 0.8234 5.716 5.545 -0.47334 -0.20216 -0 65
544 498 48 0.8409 0.8506 16.088 16.465 -0.43134 -0.35816 0 65
544 546 49 0.8426 0.8446 11.854 11.696 -0.45534 -0.29216 -0 65
599 602 0 0.7668 0.7546 15.679 16.332 -0.38334 -0.31616 -0 67
599 535 1 0.812 0.8216 13.194 12.76 -0.43734 -0.29816 0 66
599 684 2 0.7318 0.7245 18.446 18.003 -0.35934 -0.32216 -0 67
599 576 3 0.7851 0.775 16.375 17.122 -0.38934 -0.33416 -0 66
599 750 4 0.6915 0.6931 14.427 14.829 -0.35934 -0.27416 -0 66
599 562 5 0.7784 0.7827 11.308 11.012 -0.42534 -0.26216 0 66
599 558 6 0.799 0.7986 11.774 11.534 -0.43134 -0.27416 0 66
599 511 7 0.7813 0.7844 12.935 12.401 -0.41934 -0.28016 0 67
599 569 8 0.747 0.7491 11.233 10.952 -0.40734 -0.25016 -0 67
599 566 9 0.8065 0.811 11.843 11.669 -0.43734 -0.28016 0 66
599 718 10 0.7009 0.7039 17.84 17.182 -0.35334 -0.30416 -0 67
599 575 11 0.7608 0.758 10.903 10.708 -0.41334 -0.25016 -0 66
599 540 12 0.8238 0.8256 16.141 16.35 -0.41934 -0.34616 0 66
599 660 13 0.7577 0.7499 17.039 17.017 -0.37734 -0.32216 -0 67
599 591 14 0.7359 0.7259 11.853 12.131 -0.38934 -0.25616 -0 67
599 663 15 0.7557 0.7499 17.085 17.017 -0.37734 -0.32216 -0 67
599 511 16 0.8412 0.8325 7.805 8.004 -0.46734 -0.23816 -0 66
599 529 17 0.7947 0.7932 12.548 12.151 -0.42534 -0.28016 0 66
599 637 18 0.7773 0.7714 7.273 7.016 -0.43734 -0.20816 -0 66
599 726 19 0.727 0.718 15.003 15.019 -0.37134 -0.28616 -0 67
599 551 20 0.7568 0.7472 12.216 12.006 -0.40134 -0.26216 0 67
599 550 21 0.7874 0.7796 15.789 16.459 -0.39534 -0.32816 0 66
599 643 22 0.7318 0.7319 5.619 5.912 -0.41934 -0.18416 -0 65
599 624 23 0.7856 0.7786 18.505 18.502 -0.38334 -0.35216 0 66
599 543 24 0.839 0.8377 13.695 13.224 -0.44334 -0.31016 0 66
599 579 25 0.8133 0.8095 10.059 10.325 -0.44334 -0.26216 0 66
599 565 26 0.8204 0.8203 19.191 18.916 -0.40134 -0.37616 0 66
599 572 27 0.8248 0.8246 18.593 18.279 -0.40734 -0.37016 0 66
599 533 28 0.691 0.6963 9.672 9.851 -0.38334 -0.22016 0 65
599 550 29 0.8294 0.8205 5.033 5.157 -0.47334 -0.19616 -0 65
599 575 30 0.8128 0.8019 6.815 6.848 -0.45534 -0.21416 -0 66
599 630 31 0.7469 0.7267 13.988 14.715 -0.37734 -0.28616 -0 67
599 701 32 0.7392 0.7296 15.864 16.197 -0.37134 -0.30416 -0 67
599 594 33 0.748 0.7367 13.001 13.342 -0.38934 -0.27416 -0 67
599 571 34 0.7779 0.7793 11.1 10.626 -0.42534 -0.25616 -0 66
599 576 35 0.811 0.8086 9.047 8.977 -0.44934 -0.24416 -0 66
599 516 36 0.8038 0.7967 15.506 15.874 -0.40734 -0.32816 0 66
599 550 37 0.8226 0.8144 8.167 8.394 -0.45534 -0.23816 -0 66
599 578 38 0.7326 0.7278 11.064 11.046 -0.39534 -0.24416 -0 66
599 554 39 0.8147 0.818 12.736 12.399 -0.43734 -0.29216 0 66
599 559 40 0.8079 0.8 16.856 17.221 -0.40134 -0.34616 0 66
599 734 41 0.6961 0.698 13.693 14.104 -0.36534 -0.26816 -0 66
599 595 42 0.8003 0.7963 4.369 4.687 -0.46134 -0.18416 -1 65
599 610 43 0.7948 0.7836 7.371 7.226 -0.44334 -0.21416 -0 66
599 721 44 0.7302 0.7218 15.337 15.416 -0.37134 -0.29216 -0 67
599 660 45 0.7589 0.7539 17.379 17.387 -0.37734 -0.32816 -0 67
599 595 46 0.8467 0.854 17.871 17.726 -0.42534 -0.37616 0 65
599 580 47 0.8264 0.8269 12.287 12.16 -0.44334 -0.29216 0 66
599 587 48 0.8431 0.8432 10.142 10.406 -0.46134 -0.27416 0 65
599 623 49 0.7876 0.7837 6.059 5.833 -0.44934 -0.19616 -0 66
653 667 0 0.7058 0.7136 6.414 6.303 -0.40734 -0.18416 -0 65
653 551 1 0.8471 0.8445 6.886 6.892 -0.47934 -0.22616 -0 66
653 691 2 0.7583 0.7563 8.201 7.826 -0.42534 -0.21416 -0 66
653 550 3 0.7899 0.7902 14.097 14.151 -0.41334 -0.30416 0 67
653 633 4 0.795 0.7972 10.495 10.169 -0.43734 -0.25616 -0 67
653 814 5 0.7095 0.7046 16.077 16.052 -0.35934 -0.29216 -0 67
653 675 6 0.7554 0.7382 15.213 15.884 -0.37734 -0.30416 -0 68
653 628 7 0.7889 0.7835 16.529 16.818 -0.39534 -0.33416 -0 67
653 711 8 0.7583 0.7499 16.799 17.017 -0.37734 -0.32216 -0 68
653 623 9 0.83 0.8275 9.486 9.891 -0.45534 -0.26216 -0 66
653 630 10 0.733 0.7278 10.921 11.046 -0.39534 -0.24416 -0 67
653 651 11 0.7367 0.7356 9.419 9.313 -0.40734 -0.22616 -0 67
653 666 12 0.7183 0.7135 11.545 11.989 -0.38334 -0.25016 -0 67
653 613 13 0.802 0.796 16.674 16.872 -0.40134 -0.34016 0 67
653 571 14 0.809 0.8164 13.599 13.367 -0.43134 -0.30416 0 67
653 654 15 0.7007 0.7045 6.591 6.506 -0.40134 -0.18416 -0 65
653 629 16 0.8253 0.8246 18.345 18.279 -0.40734 -0.37016 0 66
653 626 17 0.8078 0.8075 11.249 11.299 -0.43734 -0.27416 0 67
653 678 18 0.7868 0.7836 7.184 7.226 -0.44334 -0.21416 -1 66
653 701 19 0.7705 0.7661 18.734 18.473 -0.37734 -0.34616 -0 67
653 616 20 0.8209 0.8113 5.502 5.32 -0.46734 -0.19616 -0 66
653 557 21 0.7992 0.804 13.696 13.26 -0.42534 -0.29816 0 67
653 688 22 0.7749 0.7661 18.036 18.473 -0.37734 -0.34616 -0 67
653 706 23 0.7607 0.7592 6.708 6.799 -0.43134 -0.20216 -1 66
653 694 24 0.7615 0.7566 4.705 4.94 -0.43734 -0.17816 -1 66
653 679 25 0.7705 0.7718 8.746 8.431 -0.43134 -0.22616 -0 67
653 641 26 0.7965 0.7915 17.497 17.524 -0.39534 -0.34616 -0 67
653 637 27 0.7727 0.7759 10.567 10.236 -0.42534 -0.25016 -0 67
653 650 28 0.7623 0.7602 10.154 9.672 -0.41934 -0.23816 -0 67
653 617 29 0.8219 0.8209 9.127 9.148 -0.45534 -0.25016 -0 66
653 652 30 0.788 0.779 17.2 17.48 -0.38934 -0.34016 -0 67
653 618 31 0.8103 0.804 17.181 17.567 -0.40134 -0.35216 -0 67
653 715 32 0.7553 0.7577 19.048 18.803 -0.37134 -0.34616 -0 68
653 690 33 0.7408 0.7445 4.705 4.685 -0.43134 -0.17216 -1 66
653 687 34 0.7759 0.7687 5.031 5.187 -0.44334 -0.18416 -1 66
653 587 35 0.8448 0.8389 4.787 4.841 -0.48534 -0.19616 -0 65
653 617 36 0.8468 0.8506 16.246 16.465 -0.43134 -0.35816 0 66
653 660 37 0.7039 0.7136 6.561 6.303 -0.40734 -0.18416 -0 65
653 676 38 0.7489 0.7504 8.849 8.451 -0.41934 -0.22016 -0 67
653 592 39 0.6903 0.6997 10.064 10.287 -0.38334 -0.22616 0 66
653 598 40 0.7866 0.7756 15.695 16.097 -0.39534 -0.32216 -0 67
653 616 41 0.7568 0.7404 13.221 13.737 -0.38934 -0.28016 -0 68
653 604 42 0.8055 0.8145 12.355 12.035 -0.43734 -0.28616 0 67
653 701 43 0.7356 0.7411 5.714 5.724 -0.42534 -0.18416 -1 66
653 610 44 0.762 0.7614 11.509 11.104 -0.41334 -0.25616 -0 67
653 644 45 0.8287 0.8342 10.615 10.622 -0.45534 -0.27416 -0 66
653 596 46 0.8311 0.8299 8.566 8.945 -0.46134 -0.25016 -0 67
653 635 47 0.7333 0.7389 10.077 9.729 -0.40734 -0.23216 -0 67
653 688 48 0.7783 0.7702 18.579 18.827 -0.37734 -0.35216 -0 67
653 586 49 0.8292 0.8203 7.669 7.818 -0.46134 -0.23216 -0 66
708 684 0 0.7873 0.7835 16.545 16.818 -0.39534 -0.33416 -0 68
708 689 1 0.7495 0.7367 12.95 13.342 -0.38934 -0.27416 -0 69
708 833 2 0.7202 0.7164 17.408 17.236 -0.35934 -0.31016 -1 69
708 822 3 0.7246 0.7142 14.144 14.618 -0.37134 -0.28016 -1 68
708 784 4 0.7304 0.7192 13.568 13.915 -0.37734 -0.27416 -1 68
708 832 5 0.6925 0.6999 17.392 16.784 -0.35334 -0.29816 -0 69
708 857 6 0.7003 0.7046 16.608 16.052 -0.35934 -0.29216 -1 69
708 662 7 0.8284 0.834 13.161 12.872 -0.44334 -0.30416 0 67
708 620 8 0.8443 0.8385 6.234 6.142 -0.47934 -0.21416 -0 67
708 685 9 0.8345 0.8375 17.446 17.358 -0.41934 -0.36416 -0 67
708 726 10 0.7133 0.7198 5.364 5.665 -0.41334 -0.17816 -1 66
708 718 11 0.7482 0.7537 9.195 8.861 -0.41934 -0.22616 -1 67
708 696 12 0.8016 0.7994 19.312 19.212 -0.38934 -0.37016 0 68
708 852 13 0.7218 0.7171 15.929 16.126 -0.36534 -0.29816 -1 69
708 648 14 0.8248 0.8203 7.937 7.818 -0.46134 -0.23216 -0 67
708 737 15 0.7836 0.7808 5.356 5.426 -0.44934 -0.19016 -1 67
708 701 16 0.7692 0.7726 10.154 9.843 -0.42534 -0.24416 -0 68
708 765 17 0.762 0.758 17.761 17.753 -0.37734 -0.33416 -0 68
708 725 18 0.7135 0.7166 7.063 6.744 -0.40734 -0.19016 -1 66
708 864 19 0.7123 0.7093 15.54 15.33 -0.36534 -0.28616 -0 68
708 693 20 0.719 0.7189 10.805 11.305 -0.38934 -0.24416 -0 68
708 752 21 0.7424 0.7471 6.961 6.575 -0.42534 -0.19616 -1 67
708 717 22 0.7595 0.7468 15.349 15.579 -0.38334 -0.30416 -0 69
708 771 23 0.6949 0.6994 12.349 12.97 -0.37134 -0.25616 -0 67
708 606 24 0.8038 0.8064 14.655 14.605 -0.41934 -0.31616 0 68
708 858 25 0.7179 0.7132 15.392 15.73 -0.36534 -0.29216 -1 68
708 689 26 0.8064 0.8095 10.264 10.325 -0.44334 -0.26216 0 67
708 629 27 0.8069 0.8092 15.727 15.942 -0.41334 -0.33416 0 68
708 672 28 0.8219 0.8176 4.635 4.766 -0.47334 -0.19016 -1 66
708 825 29 0.7309 0.7218 15.184 15.416 -0.37134 -0.29216 -1 68
708 656 30 0.6958 0.7078 8.694 8.494 -0.39534 -0.20816 -0 66
708 777 31 0.7287 0.7285 19.006 18.38 -0.35934 -0.32816 -0 69
708 858 32 0.6977 0.7046 16.452 16.052 -0.35934 -0.29216 -0 68
708 792 33 0.7073 0.7031 12.667 13.388 -0.37134 -0.26216 -0 68
708 718 34 0.7462 0.7316 13.504 14.024 -0.38334 -0.28016 -0 69
708 728 35 0.7216 0.7288 7.467 6.974 -0.41334 -0.19616 -1 67
708 716 36 0.7778 0.7664 16.995 17.434 -0.38334 -0.33416 -0 68
708 690 37 0.8374 0.8415 17.597 17.688 -0.41934 -0.37016 0 67
708 658 38 0.7886 0.7862 11.704 11.395 -0.42534 -0.26816 -0 68
708 759 39 0.692 0.6994 18.912 17.922 -0.34734 -0.31016 -0 69
708 822 40 0.733 0.7249 16.86 16.905 -0.36534 -0.31016 -1 69
708 605 41 0.8025 0.8077 14.057 13.623 -0.42534 -0.30416 -0 68
708 658 42 0.7795 0.7756 15.525 16.097 -0.39534 -0.32216 -0 68
708 703 43 0.8433 0.8411 11.528 11.341 -0.45534 -0.28616 -0 67
708 797 44 0.7264 0.7192 13.737 13.915 -0.37734 -0.27416 -1 68
708 848 45 0.7171 0.7124 17.048 16.846 -0.35934 -0.30416 -0 69
708 681 46 0.7275 0.73 10.342 9.967 -0.40134 -0.23216 -0 68
708 697 47 0.7033 0.7011 10.958 11.842 -0.37734 -0.24416 -0 67
708 864 48 0.7051 0.7046 16.458 16.052 -0.35934 -0.29216 -0 68
708 856 49 0.6972 0.696 16.553 16.382 -0.35334 -0.29216 -1 68
762 668 0 0.8127 0.814 15.029 15.313 -0.41934 -0.32816 0 69
762 757 1 0.7007 0.7045 6.772 6.506 -0.40134 -0.18416 -1 66
762 666 2 0.7864 0.7852 14.693 14.791 -0.40734 -0.31016 -0 69
762 812 3 0.7472 0.7343 15.142 15.499 -0.37734 -0.29816 -0 70
762 673 4 0.8375 0.8294 7.61 7.629 -0.46734 -0.23216 -0 68
762 686 5 0.8412 0.8363 14.267 14.17 -0.43734 -0.32216 0 68
762 693 6 0.8329 0.8263 6.237 5.93 -0.47334 -0.20816 -0 68
762 708 7 0.8171 0.817 16.55 16.634 -0.41334 -0.34616 0 68
762 715 8 0.8158 0.818 12.698 12.399 -0.43734 -0.29216 -0 68
762 750 9 0.8017 0.799 8.012 7.821 -0.44934 -0.22616 -1 68
762 903 10 0.7165 0.7085 16.717 16.451 -0.35934 -0.29816 -1 70
762 674 11 0.8218 0.8265 15.176 15.388 -0.42534 -0.33416 -0 69
762 800 12 0.77 0.7654 7.533 7.621 -0.43134 -0.21416 -1 68
762 906 13 0.7208 0.7171 16.285 16.126 -0.36534 -0.29816 -1 70
762 738 14 0.8354 0.8375 17.448 17.358 -0.41934 -0.36416 -0 68
762 813 15 0.7502 0.7532 6.117 5.963 -0.43134 -0.19016 -1 68
762 688 16 0.8031 0.8092 12.937 12.644 -0.43134 -0.29216 -0 69
762 796 17 0.7577 0.746 16.089 16.644 -0.37734 -0.31616 -0 70
762 792 18 0.7814 0.7745 6.153 6.012 -0.44334 -0.19616 -1 68
762 743 19 0.7642 0.7468 15.18 15.579 -0.38334 -0.30416 -0 70
762 717 20 0.8227 0.8176 8.803 8.772 -0.45534 -0.24416 -0 68
762 732 21 0.8212 0.8205 17.619 17.945 -0.40734 -0.36416 -0 68
762 692 22 0.8441 0.845 13.982 13.918 -0.44334 -0.32216 0 68
762 767 23 0.7117 0.7197 7.508 7.182 -0.40734 -0.19616 -1 67
762 839 24 0.7399 0.7305 15.03 15.109 -0.37734 -0.29216 -1 69
762 744 25 0.6955 0.7015 5.601 6.056 -0.40134 -0.17816 -0 66
762 785 26 0.7339 0.7243 12.628 13.222 -0.38334 -0.26816 -0 69
762 780 27 0.713 0.7166 6.576 6.744 -0.40734 -0.19016 -1 67
762 806 28 0.7321 0.7319 5.805 5.912 -0.41934 -0.18416 -1 67
762 667 29 0.8395 0.8385 7.466 7.444 -0.47334 -0.23216 -0 68
762 747 30 0.8183 0.8219 10.48 10.476 -0.44934 -0.26816 -0 68
762 759 31 0.6951 0.7011 11.24 11.842 -0.37734 -0.24416 -0 68
762 759 32 0.8408 0.8411 11.217 11.341 -0.45534 -0.28616 -0 68
762 737 33 0.8121 0.8152 9.649 9.732 -0.44934 -0.25616 -0 68
762 780 34 0.757 0.7627 8.833 8.643 -0.42534 -0.22616 -1 68
762 724 35 0.8131 0.8112 8.075 8.012 -0.45534 -0.23216 -0 68
762 706 36 0.8265 0.8296 16.324 16.689 -0.41934 -0.35216 -0 68
762 740 37 0.6934 0.6985 5.513 5.602 -0.40134 -0.17216 -0 66
762 771 38 0.7451 0.7446 9.185 9.085 -0.41334 -0.22616 -1 68
762 752 39 0.7639 0.7507 15.345 15.957 -0.38334 -0.31016 -0 70
762 679 40 0.835 0.8294 7.505 7.629 -0.46734 -0.23216 -0 68
762 711 41 0.8225 0.821 16.587 16.976 -0.41334 -0.35216 0 68
762 769 42 0.7228 0.7259 8.41 8.045 -0.40734 -0.20816 -1 68
762 871 43 0.7069 0.7079 18.027 17.574 -0.35334 -0.31016 -0 70
762 717 44 0.8193 0.811 6.595 6.666 -0.46134 -0.21416 -1 68
762 730 45 0.8118 0.8021 8.282 8.209 -0.44934 -0.23216 -0 68
762 714 46 0.8198 0.808 6.43 6.276 -0.46134 -0.20816 -1 68
762 794 47 0.7398 0.7445 4.441 4.685 -0.43134 -0.17216 -1 68
762 761 48 0.7915 0.783 17.723 17.833 -0.38934 -0.34616 -0 69
762 735 49 0.8272 0.829 17.835 17.649 -0.41334 -0.36416 0 68
54 189 0 0.7225 0.6969 9.99 15.241 -0.35934 -0.28016 1 62
54 186 1 0.6991 0.6969 9.234 15.241 -0.35934 -0.28016 1 62
54 186 2 0.7878 0.7007 18.153 15.649 -0.35934 -0.28616 1 62
54 183 3 0.8467 0.7007 9.014 15.649 -0.35934 -0.28616 0 62
54 183 4 0.7801 0.7007 4.681 15.649 -0.35934 -0.28616 1 62
54 185 5 0.8099 0.7007 16.116 15.649 -0.35934 -0.28616 0 62
54 208 6 0.6994 0.6969 11.692 15.241 -0.35934 -0.28016 0 62
54 218 7 0.7425 0.7007 14.594 15.649 -0.35934 -0.28616 1 62
54 183 8 0.8006 0.7007 5.253 15.649 -0.35934 -0.28616 1 62
54 206 9 0.7154 0.6969 11.718 15.241 -0.35934 -0.28016 0 62
54 183 10 0.8433 0.7007 7.239 15.649 -0.35934 -0.28616 1 62
54 190 11 0.7779 0.7007 12.975 15.649 -0.35934 -0.28616 1 62
54 184 12 0.8223 0.7007 8.7 15.649 -0.35934 -0.28616 1 62
54 181 13 0.8372 0.7007 12.034 15.649 -0.35934 -0.28616 1 62
54 187 14 0.7868 0.7007 18.831 15.649 -0.35934 -0.28616 1 62
54 182 15 0.7883 0.7007 10.245 15.649 -0.35934 -0.28616 1 62
54 210 16 0.7524 0.7007 16.508 15.649 -0.35934 -0.28616 0 62
54 181 17 0.7164 0.7007 8.03 15.649 -0.35934 -0.28616 1 62
54 195 18 0.7799 0.7007 16.107 15.649 -0.35934 -0.28616 1 62
54 183 19 0.8208 0.7007 12.86 15.649 -0.35934 -0.28616 1 62
54 193 20 0.7269 0.6969 10.502 15.241 -0.35934 -0.28016 0 62
54 184 21 0.8331 0.7007 4.673 15.649 -0.35934 -0.28616 0 61
54 184 22 0.8389 0.7007 13.685 15.649 -0.35934 -0.28616 1 61
54 188 23 0.7849 0.7007 18.544 15.649 -0.35934 -0.28616 1 62
54 182 24 0.7939 0.7007 8.422 15.649 -0.35934 -0.28616 1 62
54 183 25 0.7965 0.7007 6.744 15.649 -0.35934 -0.28616 1 62
54 184 26 0.8312 0.7007 4.71 15.649 -0.35934 -0.28616 0 61
54 186 27 0.8051 0.7007 15.302 15.649 -0.35934 -0.28616 1 62
54 185 28 0.745 0.7007 9.47 15.649 -0.35934 -0.28616 1 62
54 183 29 0.8371 0.7007 14.04 15.649 -0.35934 -0.28616 1 61
54 183 30 0.8222 0.7007 17.807 15.649 -0.35934 -0.28616 1 62
54 185 31 0.7782 0.7007 11.893 15.649 -0.35934 -0.28616 1 62
54 181 32 0.8378 0.7007 10.283 15.649 -0.35934 -0.28616 1 62
54 181 33 0.7878 0.7007 10.968 15.649 -0.35934 -0.28616 1 62
54 182 34 0.7863 0.7007 11.034 15.649 -0.35934 -0.28616 1 62
54 184 35 0.8031 0.7007 6.327 15.649 -0.35934 -0.28616 1 62
54 184 36 0.8239 0.7007 5.472 15.649 -0.35934 -0.28616 0 62
54 211 37 0.6931 0.7007 19.01 15.649 -0.35934 -0.28616 1 62
54 184 38 0.8073 0.7007 17.915 15.649 -0.35934 -0.28616 1 62
54 218 39 0.7273 0.6969 13.384 15.241 -0.35934 -0.28016 0 62
54 183 40 0.7884 0.7007 7.841 15.649 -0.35934 -0.28616 1 62
54 187 41 0.7656 0.7007 10.851 15.649 -0.35934 -0.28616 1 62
54 192 42 0.7862 0.7007 14.947 15.649 -0.35934 -0.28616 0 62
54 221 43 0.7289 0.7007 13.766 15.649 -0.35934 -0.28616 1 62
54 230 44 0.7015 0.6969 13.933 15.241 -0.35934 -0.28016 0 62
54 183 45 0.7737 0.7007 7.121 15.649 -0.35934 -0.28616 1 62
54 182 46 0.8408 0.7007 14.269 15.649 -0.35934 -0.28616 1 62
54 183 47 0.7614 0.7007 8.492 15.649 -0.35934 -0.28616 1 62
54 196 48 0.7646 0.7007 12.794 15.649 -0.35934 -0.28616 1 62
54 181 49 0.8367 0.7007 10.133 15.649 -0.35934 -0.28616 1 62
109 184 0 0.845 0.7007 15.746 15.649 -0.35934 -0.28616 1 62
109 183 1 0.8247 0.7007 18.709 15.649 -0.35934 -0.28616 1 62
109 184 2 0.8419 0.7007 5.324 15.649 -0.35934 -0.28616 0 62
109 181 3 0.707 0.7007 5.259 15.649 -0.35934 -0.28616 1 62
109 183 4 0.8016 0.7007 9.491 15.649 -0.35934 -0.28616 1 62
109 184 5 0.8186 0.7007 8.511 15.649 -0.35934 -0.28616 1 62
109 274 6 0.7167 0.6969 14.111 15.241 -0.35934 -0.28016 0 62
109 184 7 0.8462 0.7007 5.958 15.649 -0.35934 -0.28616 1 62
109 206 8 0.7795 0.7007 16.274 15.649 -0.35934 -0.28616 1 62
109 182 9 0.7481 0.7007 6.629 15.649 -0.35934 -0.28616 1 62
109 182 10 0.7825 0.7007 9.767 15.649 -0.35934 -0.28616 1 62
109 215 11 0.7104 0.6931 10.771 14.829 -0.35934 -0.27416 1 62
109 186 12 0.7603 0.7007 9.482 15.649 -0.35934 -0.28616 1 62
109 185 13 0.8367 0.7007 15.338 15.649 -0.35934 -0.28616 1 62
109 224 14 0.7585 0.7046 17.418 16.052 -0.35934 -0.29216 0 62
109 184 15 0.8189 0.7007 14.825 15.649 -0.35934 -0.28616 1 62
109 224 16 0.7619 0.7093 14.023 15.33 -0.36534 -0.28616 0 62
109 261 17 0.7136 0.6969 13.136 15.241 -0.35934 -0.28016 0 62
109 273 18 0.7267 0.7046 16.444 16.052 -0.35934 -0.29216 0 62
109 209 19 0.7746 0.7093 14.407 15.33 -0.36534 -0.28616 0 62
109 184 20 0.822 0.7007 14.145 15.649 -0.35934 -0.28616 1 62
109 184 21 0.7876 0.7007 8.654 15.649 -0.35934 -0.28616 1 62
109 184 22 0.8158 0.7007 7.533 15.649 -0.35934 -0.28616 1 62
109 261 23 0.7394 0.7093 14.966 15.33 -0.36534 -0.28616 0 62
109 182 24 0.7666 0.7007 5.945 15.649 -0.35934 -0.28616 1 62
109 227 25 0.7347 0.7085 19.089 16.451 -0.35934 -0.29816 1 62
109 183 26 0.7717 0.7007 8.124 15.649 -0.35934 -0.28616 1 62
109 186 27 0.8041 0.7007 17.663 15.649 -0.35934 -0.28616 1 62
109 181 28 0.8342 0.7007 10.594 15.649 -0.35934 -0.28616 1 62
109 182 29 0.7236 0.7007 4.41 15.649 -0.35934 -0.28616 1 62
109 182 30 0.7684 0.7007 5.262 15.649 -0.35934 -0.28616 1 62
109 181 31 0.8054 0.7007 11.796 15.649 -0.35934 -0.28616 1 62
109 182 32 0.7669 0.7007 5.847 15.649 -0.35934 -0.28616 1 62
109 187 33 0.7906 0.7007 12.106 15.649 -0.35934 -0.28616 0 62
109 289 34 0.7011 0.7007 15.802 15.649 -0.35934 -0.28616 0 62
109 182 35 0.7398 0.7007 6.39 15.649 -0.35934 -0.28616 1 62
109 181 36 0.7274 0.7007 6.083 15.649 -0.35934 -0.28616 1 62
109 184 37 0.8307 0.7007 17.776 15.649 -0.35934 -0.28616 1 62
109 191 38 0.6914 0.6969 9.216 15.241 -0.35934 -0.28016 0 61
109 203 39 0.7648 0.7046 18.645 16.052 -0.35934 -0.29216 1 62
109 183 40 0.7781 0.7007 6.012 15.649 -0.35934 -0.28616 1 62
109 182 41 0.7993 0.7007 4.435 15.649 -0.35934 -0.28616 1 62
109 227 42 0.7474 0.7055 12.777 14.926 -0.36534 -0.28016 0 62
109 200 43 0.7869 0.7007 15.667 15.649 -0.35934 -0.28616 1 62
109 185 44 0.796 0.7007 18.667 15.649 -0.35934 -0.28616 1 62
109 271 45 0.7245 0.7046 16.968 16.052 -0.35934 -0.29216 0 62
109 260 46 0.7179 0.7055 13.191 14.926 -0.36534 -0.28016 0 62
109 183 47 0.8138 0.7007 12.314 15.649 -0.35934 -0.28616 1 62
109 184 48 0.8302 0.7007 15.517 15.649 -0.35934 -0.28616 1 62
109 189 49 0.7885 0.7007 18.316 15.649 -0.35934 -0.28616 1 62
163 341 0 0.698 0.7007 15.309 15.649 -0.35934 -0.28616 0 62
163 290 1 0.7001 0.6999 18.867 16.784 -0.35334 -0.29816 0 62
163 206 2 0.6936 0.6931 9.591 14.829 -0.35934 -0.27416 1 62
163 184 3 0.8254 0.7007 11.663 15.649 -0.35934 -0.28616 1 62
163 189 4 0.846 0.7007 14.764 15.649 -0.35934 -0.28616 1 62
163 251 5 0.7464 0.7329 18.885 17.667 -0.36534 -0.32216 0 62
163 186 6 0.8323 0.7007 14.116 15.649 -0.35934 -0.28616 1 62
163 192 7 0.8013 0.7007 14.551 15.649 -0.35934 -0.28616 1 62
163 215 8 0.7725 0.7595 5.019 5.361 -0.43734 -0.18416 0 62
163 331 9 0.6947 0.7007 16.798 15.649 -0.35934 -0.28616 0 62
163 192 10 0.8025 0.7007 15.025 15.649 -0.35934 -0.28616 1 62
163 182 11 0.7931 0.7007 9.92 15.649 -0.35934 -0.28616 1 62
163 185 12 0.8179 0.7007 5.697 15.649 -0.35934 -0.28616 1 62
163 214 13 0.7363 0.741 7.99 7.197 -0.41934 -0.20216 0 62
163 326 14 0.7255 0.7046 16.089 16.052 -0.35934 -0.29216 0 62
163 301 15 0.7345 0.7093 13.975 15.33 -0.36534 -0.28616 0 62
163 270 16 0.7388 0.7164 18.454 17.236 -0.35934 -0.31016 0 62
163 187 17 0.8315 0.7007 13.515 15.649 -0.35934 -0.28616 1 62
163 185 18 0.7881 0.7007 10.454 15.649 -0.35934 -0.28616 1 62
163 188 19 0.7696 0.7007 10.453 15.649 -0.35934 -0.28616 0 62
163 204 20 0.7905 0.7745 5.95 6.012 -0.44334 -0.19616 0 62
163 228 21 0.7434 0.7441 6.033 6.151 -0.42534 -0.19016 0 62
163 194 22 0.7608 0.6969 10.501 15.241 -0.35934 -0.28016 0 62
163 198 23 0.7133 0.6969 9.202 15.241 -0.35934 -0.28016 1 62
163 182 24 0.805 0.7007 11.325 15.649 -0.35934 -0.28616 0 62
163 303 25 0.6964 0.6999 18.356 16.784 -0.35334 -0.29816 0 62
163 183 26 0.842 0.7007 8.062 15.649 -0.35934 -0.28616 1 62
163 186 27 0.8465 0.7007 4.565 15.649 -0.35934 -0.28616 1 62
163 196 28 0.7947 0.7702 19.047 18.827 -0.37734 -0.35216 1 62
163 183 29 0.6949 0.7136 6.328 6.303 -0.40734 -0.18416 1 62
163 183 30 0.8137 0.7007 9.571 15.649 -0.35934 -0.28616 1 62
163 184 31 0.8252 0.7007 11.683 15.649 -0.35934 -0.28616 1 62
163 184 32 0.8188 0.7007 11.834 15.649 -0.35934 -0.28616 1 62
163 217 33 0.7293 0.7379 7.266 6.772 -0.41934 -0.19616 0 62
163 183 34 0.8328 0.7007 11.172 15.649 -0.35934 -0.28616 1 62
163 224 35 0.766 0.7624 5.541 5.78 -0.43734 -0.19016 0 62
163 185 36 0.814 0.7007 14.249 15.649 -0.35934 -0.28616 1 62
163 186 37 0.8383 0.7007 15.938 15.649 -0.35934 -0.28616 1 62
163 186 38 0.8447 0.7007 12.381 15.649 -0.35934 -0.28616 1 62
163 181 39 0.6949 0.6969 7.584 15.241 -0.35934 -0.28016 1 62
163 191 40 0.7789 0.7007 11.254 15.649 -0.35934 -0.28616 1 62
163 285 41 0.714 0.7017 12.24 14.517 -0.36534 -0.27416 0 62
163 201 42 0.7916 0.7007 15.631 15.649 -0.35934 -0.28616 1 62
163 204 43 0.7789 0.7093 12.787 15.33 -0.36534 -0.28616 0 62
163 223 44 0.7371 0.7017 10.884 14.517 -0.36534 -0.27416 0 62
163 306 45 0.7354 0.7093 14.386 15.33 -0.36534 -0.28616 0 62
163 272 46 0.7333 0.7055 12.524 14.926 -0.36534 -0.28016 0 62
163 221 47 0.7591 0.7592 7.524 6.799 -0.43134 -0.20216 0 62
163 184 48 0.7784 0.7007 9.926 15.649 -0.35934 -0.28616 0 62
163 246 49 0.76 0.7093 13.485 15.33 -0.36534 -0.28616 0 62
218 208 0 0.7704 0.7726 11.061 9.843 -0.42534 -0.24416 0 63
218 202 1 0.7961 0.7132 15.39 15.73 -0.36534 -0.29216 0 62
218 220 2 0.8254 0.8322 11.711 11.568 -0.44934 -0.28616 1 62
218 264 3 0.7189 0.7319 6.182 5.912 -0.41934 -0.18416 0 62
218 330 4 0.7475 0.7132 14.973 15.73 -0.36534 -0.29216 0 62
218 230 5 0.8461 0.8589 10.453 10.902 -0.46734 -0.28616 1 62
218 211 6 0.8305 0.8581 18.399 18.047 -0.42534 -0.38216 1 62
218 202 7 0.7869 0.7093 12.515 15.33 -0.36534 -0.28616 1 62
218 270 8 0.7784 0.7654 6.141 6.195 -0.43734 -0.19616 0 62
218 202 9 0.8175 0.7931 8.313 8.412 -0.44334 -0.23216 0 62
218 289 10 0.7337 0.7105 11.982 14.212 -0.37134 -0.27416 0 62
218 339 11 0.7451 0.7132 15.244 15.73 -0.36534 -0.29216 0 62
218 262 12 0.7313 0.741 7.958 7.197 -0.41934 -0.20216 0 62
218 358 13 0.7356 0.7171 16.359 16.126 -0.36534 -0.29816 0 63
218 195 14 0.8025 0.7007 15.196 15.649 -0.35934 -0.28616 1 62
218 219 15 0.8117 0.7867 6.167 6.236 -0.44934 -0.20216 0 62
218 294 16 0.759 0.7536 18.633 18.443 -0.37134 -0.34016 0 63
218 229 17 0.8418 0.8446 12.015 11.696 -0.45534 -0.29216 0 62
218 183 18 0.8477 0.7007 8.492 15.649 -0.35934 -0.28616 1 63
218 262 19 0.7701 0.7658 4.338 4.769 -0.44334 -0.17816 0 62
218 190 20 0.8266 0.8084 4.964 4.925 -0.46734 -0.19016 0 62
218 186 21 0.8234 0.7007 13.93 15.649 -0.35934 -0.28616 1 62
218 261 22 0.7733 0.7296 15.69 16.197 -0.37134 -0.30416 0 62
218 187 23 0.8246 0.7007 15.229 15.649 -0.35934 -0.28616 1 62
218 220 24 0.7619 0.7055 11.424 14.926 -0.36534 -0.28016 1 63
218 260 25 0.7843 0.7661 17.988 18.473 -0.37734 -0.34616 0 63
218 234 26 0.6964 0.7136 6.418 6.303 -0.40734 -0.18416 0 62
218 323 27 0.7303 0.7164 18.566 17.236 -0.35934 -0.31016 0 63
218 259 28 0.7445 0.7473 8.518 8.036 -0.41934 -0.21416 0 62
218 204 29 0.8267 0.8415 17.801 17.688 -0.41934 -0.37016 1 62
218 187 30 0.8341 0.7007 14.786 15.649 -0.35934 -0.28616 1 62
218 232 31 0.7977 0.7745 17.628 18.15 -0.38334 -0.34616 1 62
218 236 32 0.8029 0.7806 6.841 6.824 -0.44334 -0.20816 0 62
218 254 33 0.7694 0.7686 8.872 8.028 -0.43134 -0.22016 0 62
218 256 34 0.7114 0.698 10.484 14.104 -0.36534 -0.26816 0 62
218 184 35 0.8317 0.7007 7.986 15.649 -0.35934 -0.28616 1 62
218 195 36 0.8016 0.8075 11.746 11.299 -0.43734 -0.27416 1 62
218 255 37 0.7819 0.7686 8.249 8.028 -0.43134 -0.22016 0 62
218 213 38 0.8104 0.7963 8.948 8.801 -0.44334 -0.23816 1 62
218 274 39 0.7325 0.7379 6.997 6.772 -0.41934 -0.19616 0 62
218 302 40 0.7448 0.737 18.942 18.041 -0.36534 -0.32816 0 63
218 228 41 0.8028 0.7899 8.393 8.019 -0.44334 -0.22616 0 62
218 227 42 0.8282 0.8377 11.022 10.983 -0.45534 -0.28016 0 62
218 224 43 0.7485 0.7569 10.376 9.269 -0.41934 -0.23216 1 63
218 190 44 0.8107 0.7007 16.308 15.649 -0.35934 -0.28616 1 63
218 299 45 0.7593 0.7414 17.351 17.338 -0.37134 -0.32216 0 63
218 233 46 0.755 0.7055 11.485 14.926 -0.36534 -0.28016 1 63
218 231 47 0.8064 0.7867 6.209 6.236 -0.44934 -0.20216 0 62
218 241 48 0.7985 0.7808 5.367 5.426 -0.44934 -0.19016 0 62
218 289 49 0.7641 0.7536 18.77 18.443 -0.37134 -0.34016 0 63
272 287 0 0.698 0.6943 10.476 13.686 -0.36534 -0.26216 0 62
272 242 1 0.7837 0.7218 14.282 15.416 -0.37134 -0.29216 0 63
272 191 2 0.8195 0.8227 14.918 15.041 -0.42534 -0.32816 1 63
272 234 3 0.844 0.8631 15.524 16.521 -0.43734 -0.36416 1 63
272 267 4 0.8119 0.7928 7.3 7.035 -0.44934 -0.21416 0 63
272 273 5 0.8056 0.7963 4.399 4.687 -0.46134 -0.18416 0 62
272 413 6 0.6991 0.7017 13.308 14.517 -0.36534 -0.27416 0 62
272 447 7 0.7066 0.7007 15.787 15.649 -0.35934 -0.28616 0 63
272 277 8 0.8428 0.8466 10.249 10.764 -0.46134 -0.28016 0 62
272 400 9 0.7226 0.7124 17.855 16.846 -0.35934 -0.30416 0 63
272 276 10 0.7742 0.7692 10.301 9.447 -0.42534 -0.23816 0 63
272 278 11 0.7393 0.7446 10.016 9.085 -0.41334 -0.22616 0 63
272 328 12 0.7702 0.7624 5.723 5.78 -0.43734 -0.19016 0 63
272 320 13 0.7289 0.7382 5.095 5.293 -0.42534 -0.17816 0 62
272 319 14 0.7615 0.7563 8.206 7.826 -0.42534 -0.21416 0 63
272 292 15 0.7363 0.7067 11.361 13.802 -0.37134 -0.26816 0 63
272 294 16 0.7521 0.7537 9.629 8.861 -0.41934 -0.22616 0 63
272 340 17 0.7289 0.7067 12.071 13.802 -0.37134 -0.26816 0 63
272 255 18 0.783 0.7421 15.126 16.266 -0.37734 -0.31016 0 63
272 397 19 0.7002 0.698 12.757 14.104 -0.36534 -0.26816 0 62
272 408 20 0.7285 0.721 16.973 16.518 -0.36534 -0.30416 0 63
272 330 21 0.7514 0.7503 5.151 5.54 -0.43134 -0.18416 0 62
272 313 22 0.7166 0.7031 11.149 13.388 -0.37134 -0.26216 0 63
272 278 23 0.8458 0.8555 10.22 10.55 -0.46734 -0.28016 0 62
272 254 24 0.8201 0.8121 18.288 18.248 -0.40134 -0.36416 1 63
272 240 25 0.8454 0.8631 15.594 16.521 -0.43734 -0.36416 1 63
272 274 26 0.8386 0.8446 12.324 11.696 -0.45534 -0.29216 0 62
272 268 27 0.8091 0.7899 8.198 8.019 -0.44334 -0.22616 0 63
272 267 28 0.8211 0.8322 11.845 11.568 -0.44934 -0.28616 1 63
272 297 29 0.7065 0.7031 10.697 13.388 -0.37134 -0.26216 0 63
272 437 30 0.7172 0.7046 15.791 16.052 -0.35934 -0.29216 0 63
272 427 31 0.7185 0.7085 16.897 16.451 -0.35934 -0.29816 0 63
272 308 32 0.7655 0.7257 14.791 15.809 -0.37134 -0.29816 0 63
272 273 33 0.8058 0.7911 18.361 18.53 -0.38934 -0.35816 1 63
272 422 34 0.7242 0.7085 16.563 16.451 -0.35934 -0.29816 0 63
272 361 35 0.7396 0.737 18.653 18.041 -0.36534 -0.32816 0 63
272 358 36 0.7549 0.7374 16.926 16.962 -0.37134 -0.31616 0 63
272 431 37 0.6978 0.696 16.975 16.382 -0.35334 -0.29216 0 63
272 309 38 0.7663 0.7257 14.975 15.809 -0.37134 -0.29816 0 63
272 318 39 0.7208 0.7258 6.47 6.541 -0.41334 -0.19016 0 62
272 438 40 0.7146 0.7046 16.344 16.052 -0.35934 -0.29216 0 63
272 263 41 0.8115 0.7899 8.215 8.019 -0.44334 -0.22616 0 63
272 339 42 0.7438 0.7142 12.97 14.618 -0.37134 -0.28016 0 63
272 367 43 0.7374 0.7142 13.325 14.618 -0.37134 -0.28016 0 63
272 232 44 0.7767 0.718 12.71 15.019 -0.37134 -0.28616 1 63
272 321 45 0.7794 0.7661 18.303 18.473 -0.37734 -0.34616 0 63
272 236 46 0.829 0.8113 5.592 5.32 -0.46734 -0.19616 0 62
272 421 47 0.7168 0.7055 13.937 14.926 -0.36534 -0.28016 0 63
272 333 48 0.7487 0.7441 6.137 6.151 -0.42534 -0.19016 0 62
272 441 49 0.6932 0.7007 16.165 15.649 -0.35934 -0.28616 0 63
327 369 0 0.7189 0.7258 6.404 6.541 -0.41334 -0.19016 0 62
327 407 1 0.7552 0.7335 16.402 16.582 -0.37134 -0.31016 0 63
327 325 2 0.8374 0.8446 12.194 11.696 -0.45534 -0.29216 0 63
327 479 3 0.7202 0.7085 16.499 16.451 -0.35934 -0.29816 0 63
327 264 4 0.7722 0.7684 12.597 11.887 -0.41334 -0.26816 0 64
327 484 5 0.7082 0.7085 16.995 16.451 -0.35934 -0.29816 0 63
327 289 6 0.8457 0.8465 13.567 12.981 -0.44934 -0.31016 0 63
327 296 7 0.7844 0.7546 15.359 16.332 -0.38334 -0.31616 0 63
327 307 8 0.7454 0.7402 11.244 11.202 -0.40134 -0.25016 0 63
327 323 9 0.8063 0.7953 18.924 18.873 -0.38934 -0.36416 0 63
327 328 10 0.7949 0.7905 9.721 9.4 -0.43734 -0.24416 0 63
327 312 11 0.8333 0.8371 18.547 18.309 -0.41334 -0.37616 0 63
327 386 12 0.7638 0.7499 16.887 17.017 -0.37734 -0.32216 0 63
327 338 13 0.761 0.7267 13.596 14.715 -0.37734 -0.28616 0 63
327 313 14 0.8139 0.7988 6.672 6.454 -0.45534 -0.20816 0 63
327 326 15 0.7384 0.7446 10.015 9.085 -0.41334 -0.22616 0 63
327 280 16 0.7853 0.7862 12.143 11.395 -0.42534 -0.26816 0 63
327 301 17 0.7033 0.711 9.257 8.93 -0.39534 -0.21416 0 63
327 327 18 0.8269 0.8287 11.283 11.207 -0.44934 -0.28016 0 63
327 429 19 0.7419 0.7289 17.654 17.288 -0.36534 -0.31616 0 64
327 381 20 0.7449 0.7503 5.098 5.54 -0.43134 -0.18416 0 63
327 352 21 0.7668 0.7627 9.317 8.643 -0.42534 -0.22616 0 63
327 274 22 0.8342 0.8381 15.664 16.409 -0.42534 -0.35216 1 63
327 404 23 0.7061 0.7079 19.306 17.574 -0.35334 -0.31016 0 64
327 300 24 0.7858 0.7671 15.575 16.397 -0.38934 -0.32216 0 63
327 318 25 0.7542 0.7546 10.708 10.307 -0.41334 -0.24416 0 63
327 489 26 0.6988 0.6969 14.538 15.241 -0.35934 -0.28016 0 63
327 501 27 0.7024 0.7007 15.614 15.649 -0.35934 -0.28616 0 63
327 324 28 0.7692 0.7305 14.267 15.109 -0.37734 -0.29216 0 63
327 275 29 0.774 0.7267 13.122 14.715 -0.37734 -0.28616 0 63
327 319 30 0.8134 0.8129 10.606 10.698 -0.44334 -0.26816 0 63
327 351 31 0.7687 0.7421 15.502 16.266 -0.37734 -0.31016 0 63
327 278 32 0.8413 0.8506 15.543 16.465 -0.43134 -0.35816 1 63
327 316 33 0.6906 0.7075 7.358 6.952 -0.40134 -0.19016 0 62
327 481 34 0.699 0.696 17.011 16.382 -0.35334 -0.29216 0 63
327 275 35 0.7759 0.7738 12.197 11.252 -0.41934 -0.26216 0 63
327 363 36 0.7832 0.7716 5.217 5.601 -0.44334 -0.19016 -0 63
327 268 37 0.8041 0.818 13.084 12.399 -0.43734 -0.29216 0 63
327 488 38 0.691 0.6921 16.404 15.976 -0.35334 -0.28616 0 63
327 487 39 0.713 0.7055 14.777 14.926 -0.36534 -0.28016 0 63
327 348 40 0.7056 0.7166 7.098 6.744 -0.40734 -0.19016 0 62
327 461 41 0.7336 0.7132 15.606 15.73 -0.36534 -0.29216 0 63
327 292 42 0.8215 0.825 16.8 17.314 -0.41334 -0.35816 0 63
327 323 43 0.7949 0.783 17.049 17.833 -0.38934 -0.34616 0 63
327 336 44 0.7515 0.7192 12.553 13.915 -0.37734 -0.27416 0 63
327 487 45 0.7048 0.7055 14.367 14.926 -0.36534 -0.28016 0 63
327 305 46 0.8423 0.8429 13.089 12.632 -0.44934 -0.30416 0 63
327 364 47 0.7185 0.7258 7.042 6.541 -0.41334 -0.19016 0 63
327 343 48 0.7954 0.7786 18.406 18.502 -0.38334 -0.35216 0 63
327 290 49 0.8139 0.8125 16.692 17.268 -0.40734 -0.35216 0 63
381 372 0 0.7484 0.7243 12.152 13.222 -0.38334 -0.26816 0 64
381 537 1 0.694 0.696 16.826 16.382 -0.35334 -0.29216 -0 64
381 318 2 0.8349 0.8202 6.638 6.487 -0.46734 -0.21416 0 63
381 419 3 0.7346 0.7353 4.465 4.859 -0.42534 -0.17216 0 63
381 402 4 0.7903 0.7779 4.951 5.016 -0.44934 -0.18416 -0 63
381 507 5 0.6964 0.698 13.124 14.104 -0.36534 -0.26816 0 63
381 462 6 0.7083 0.7119 19.15 17.963 -0.35334 -0.31616 0 64
381 338 7 0.8318 0.8268 4.932 4.61 -0.47934 -0.19016 0 63
381 420 8 0.774 0.7686 8.308 8.028 -0.43134 -0.22016 0 63
381 549 9 0.7086 0.7046 15.912 16.052 -0.35934 -0.29216 0 64
381 521 10 0.6958 0.6999 17.568 16.784 -0.35334 -0.29816 0 64
381 388 11 0.8018 0.79 5.306 5.255 -0.45534 -0.19016 -0 63
381 381 12 0.6976 0.6958 10.744 12.547 -0.37134 -0.25016 0 63
381 453 13 0.7084 0.7031 12.002 13.388 -0.37134 -0.26216 0 63
381 545 14 0.7099 0.7093 15.148 15.33 -0.36534 -0.28616 0 64
381 363 15 0.8075 0.7955 17.493 17.872 -0.39534 -0.35216 0 64
381 352 16 0.822 0.829 17.328 17.649 -0.41334 -0.36416 0 63
381 513 17 0.7238 0.7124 17.355 16.846 -0.35934 -0.30416 -0 64
381 350 18 0.8234 0.8148 4.343 4.372 -0.47334 -0.18416 0 63
381 346 19 0.8209 0.8049 7.296 7.239 -0.45534 -0.22016 0 63
381 363 20 0.7587 0.7316 12.945 14.024 -0.38334 -0.28016 0 64
381 411 21 0.7186 0.7288 7.483 6.974 -0.41334 -0.19616 0 63
381 419 22 0.7341 0.7353 4.439 4.859 -0.42534 -0.17216 0 63
381 361 23 0.8302 0.8371 18.669 18.309 -0.41334 -0.37616 0 63
381 353 24 0.7724 0.7704 11.325 10.862 -0.41934 -0.25616 0 64
381 456 25 0.7284 0.7285 19.213 18.38 -0.35934 -0.32816 0 64
381 399 26 0.7901 0.7745 17.777 18.15 -0.38334 -0.34616 0 64
381 428 27 0.7336 0.741 7.36 7.197 -0.41934 -0.20216 -0 63
381 387 28 0.8 0.7911 18.558 18.53 -0.38934 -0.35816 0 64
381 350 29 0.8331 0.8365 9.188 9.681 -0.46134 -0.26216 0 63
381 338 30 0.834 0.8268 4.443 4.61 -0.47934 -0.19016 0 63
381 464 31 0.744 0.7411 18.652 18.412 -0.36534 -0.33416 0 64
381 408 32 0.7873 0.7745 18.074 18.15 -0.38334 -0.34616 0 64
381 379 33 0.806 0.7928 7.355 7.035 -0.44934 -0.21416 0 63
381 415 34 0.7301 0.7353 4.346 4.859 -0.42534 -0.17216 -0 63
381 425 35 0.7515 0.7267 13.871 14.715 -0.37734 -0.28616 0 64
381 325 36 0.779 0.7773 12.245 11.638 -0.41934 -0.26816 0 64
381 543 37 0.7152 0.7046 15.982 16.052 -0.35934 -0.29216 0 64
381 309 38 0.7927 0.7968 12.935 12.524 -0.42534 -0.28616 0 64
381 397 39 0.7495 0.7537 9.509 8.861 -0.41934 -0.22616 0 64
381 383 40 0.6951 0.7106 5.763 5.858 -0.40734 -0.17816 0 62
381 546 41 0.7115 0.7046 16.164 16.052 -0.35934 -0.29216 -0 64
381 404 42 0.7897 0.7808 8.301 8.223 -0.43734 -0.22616 0 63
381 361 43 0.7944 0.8006 10.855 10.549 -0.43734 -0.26216 0 64
381 336 44 0.8438 0.8465 13.696 12.981 -0.44934 -0.31016 0 63
381 394 45 0.7733 0.7692 9.698 9.447 -0.42534 -0.23816 0 64
381 320 46 0.8473 0.8389 4.936 4.841 -0.48534 -0.19616 0 63
381 378 47 0.8292 0.8342 10.381 10.622 -0.45534 -0.27416 0 63
381 540 48 0.6957 0.696 16.604 16.382 -0.35334 -0.29216 -0 64
381 339 49 0.8459 0.8465 13.635 12.981 -0.44934 -0.31016 0 63
436 376 0 0.8296 0.8202 6.876 6.487 -0.46734 -0.21416 0 64
436 518 1 0.7183 0.716 18.926 18.347 -0.35334 -0.32216 0 65
436 449 2 0.7698 0.7692 9.741 9.447 -0.42534 -0.23816 -0 64
436 505 3 0.7513 0.7452 19.141 18.779 -0.36534 -0.34016 0 65
436 403 4 0.6973 0.7078 8.714 8.494 -0.39534 -0.20816 0 63
436 422 5 0.7636 0.7391 14.052 14.809 -0.38334 -0.29216 0 65
436 424 6 0.808 0.8062 9.78 9.948 -0.44334 -0.25616 0 64
436 479 7 0.7596 0.7563 8.172 7.826 -0.42534 -0.21416 -0 64
436 425 8 0.7945 0.7972 10.373 10.169 -0.43734 -0.25616 0 64
436 499 9 0.7612 0.7539 17.299 17.387 -0.37734 -0.32816 0 65
436 454 10 0.7908 0.7808 8.164 8.223 -0.43734 -0.22616 0 64
436 549 11 0.7352 0.7218 14.863 15.416 -0.37134 -0.29216 -0 64
436 473 12 0.7802 0.7745 7.659 7.421 -0.43734 -0.21416 -0 64
436 491 13 0.7392 0.7441 5.957 6.151 -0.42534 -0.19016 -0 64
436 363 14 0.8332 0.8363 14.421 14.17 -0.43734 -0.32216 0 64
436 425 15 0.8063 0.8028 9.432 9.569 -0.44334 -0.25016 0 64
436 435 16 0.8352 0.8342 10.512 10.622 -0.45534 -0.27416 0 64
436 439 17 0.8461 0.8581 18.359 18.047 -0.42534 -0.38216 1 63
436 471 18 0.7252 0.7288 7.466 6.974 -0.41334 -0.19616 -0 64
436 423 19 0.8266 0.8357 12.286 11.926 -0.44934 -0.29216 0 64
436 466 20 0.7497 0.7504 8.835 8.451 -0.41934 -0.22016 -0 64
436 477 21 0.7808 0.7745 6.228 6.012 -0.44334 -0.19616 -0 64
436 433 22 0.7243 0.7324 9.344 8.894 -0.40734 -0.22016 -0 64
436 429 23 0.7194 0.7291 9.195 8.472 -0.40734 -0.21416 -0 64
436 508 24 0.7415 0.7411 19.084 18.412 -0.36534 -0.33416 0 65
436 387 25 0.8403 0.8467 15.788 16.134 -0.43134 -0.35216 0 64
436 602 26 0.7026 0.7046 16.33 16.052 -0.35934 -0.29216 -0 64
436 424 27 0.818 0.8164 11.23 11.068 -0.44334 -0.27416 0 64
436 424 28 0.8482 0.8481 12.631 12.048 -0.45534 -0.29816 0 64
436 478 29 0.7251 0.7258 6.672 6.541 -0.41334 -0.19016 -0 63
436 483 30 0.7443 0.741 7.479 7.197 -0.41934 -0.20216 -0 64
436 457 31 0.7932 0.7836 7.191 7.226 -0.44334 -0.21416 -0 64
436 446 32 0.7987 0.7929 5.526 5.658 -0.45534 -0.19616 -0 64
436 480 33 0.7411 0.7474 4.724 5.114 -0.43134 -0.17816 -0 64
436 369 34 0.827 0.8289 14.033 13.471 -0.43734 -0.31016 0 64
436 435 35 0.7111 0.7137 8.363 7.832 -0.40134 -0.20216 -0 63
436 505 36 0.7523 0.7452 18.971 18.779 -0.36534 -0.34016 0 65
436 403 37 0.7627 0.7354 13.338 14.418 -0.38334 -0.28616 0 65
436 460 38 0.7912 0.7836 7.168 7.226 -0.44334 -0.21416 -0 64
436 589 39 0.7198 0.7093 15.32 15.33 -0.36534 -0.28616 -0 64
436 445 40 0.7152 0.7228 8.266 7.615 -0.40734 -0.20216 -0 63
436 405 41 0.8176 0.8053 8.571 8.595 -0.44934 -0.23816 0 64
436 372 42 0.7959 0.7881 15.494 16.163 -0.40134 -0.32816 0 64
436 415 43 0.6961 0.7106 8.057 7.394 -0.40134 -0.19616 0 63
436 422 44 0.7909 0.7882 10.486 10.395 -0.43134 -0.25616 0 64
436 355 45 0.8273 0.8313 14.897 14.775 -0.43134 -0.32816 1 64
436 520 46 0.7498 0.7454 17.746 17.71 -0.37134 -0.32816 0 65
436 599 47 0.6903 0.6969 15.084 15.241 -0.35934 -0.28016 -0 64
436 415 48 0.8118 0.8086 8.864 8.977 -0.44934 -0.24416 -0 64
436 457 49 0.7901 0.7777 7.918 7.824 -0.43734 -0.22016 -0 64
490 489 0 0.8381 0.8446 11.764 11.696 -0.45534 -0.29216 0 64
490 488 1 0.7251 0.7324 9.281 8.894 -0.40734 -0.22016 -0 64
490 507 2 0.794 0.7836 7.474 7.226 -0.44334 -0.21416 -0 64
490 459 3 0.8369 0.8429 13.073 12.632 -0.44934 -0.30416 0 64
490 441 4 0.6969 0.7053 9.531 9.603 -0.38934 -0.22016 0 64
490 442 5 0.8237 0.8141 7.085 7.053 -0.46134 -0.22016 -0 64
490 447 6 0.8317 0.8268 4.613 4.61 -0.47934 -0.19016 -0 64
490 469 7 0.8111 0.8198 11.569 11.435 -0.44334 -0.28016 0 64
490 655 8 0.708 0.7007 15.574 15.649 -0.35934 -0.28616 -0 65
490 481 9 0.805 0.7996 18.042 18.216 -0.39534 -0.35816 0 65
490 589 10 0.7237 0.7204 18.382 17.621 -0.35934 -0.31616 -0 66
490 572 11 0.7141 0.7119 18.901 17.963 -0.35334 -0.31616 0 66
490 530 12 0.7648 0.7654 8.038 7.621 -0.43134 -0.21416 -0 64
490 420 13 0.8423 0.8355 5.815 5.763 -0.47934 -0.20816 -0 64
490 563 14 0.7552 0.7536 18.557 18.443 -0.37134 -0.34016 -0 65
490 514 15 0.7111 0.7136 6.227 6.303 -0.40734 -0.18416 -0 64
490 446 16 0.8233 0.8144 8.353 8.394 -0.45534 -0.23816 -0 64
490 541 17 0.7342 0.7379 6.681 6.772 -0.41934 -0.19616 -0 64
490 464 18 0.7734 0.7507 15.287 15.957 -0.38334 -0.31016 0 65
490 570 19 0.6985 0.6994 18.741 17.922 -0.34734 -0.31016 -0 66
490 530 20 0.7224 0.7258 6.424 6.541 -0.41334 -0.19016 -0 64
490 597 21 0.692 0.698 12.972 14.104 -0.36534 -0.26816 -0 64
490 442 22 0.8274 0.8172 6.054 6.101 -0.46734 -0.20816 -0 64
490 411 23 0.8381 0.8323 6.813 6.693 -0.47334 -0.22016 0 64
490 552 24 0.76 0.7577 19.15 18.803 -0.37134 -0.34616 0 65
490 514 25 0.7534 0.7537 9.032 8.861 -0.41934 -0.22616 -0 65
490 515 26 0.7902 0.7836 7.385 7.226 -0.44334 -0.21416 -0 64
490 636 27 0.698 0.6999 17.052 16.784 -0.35334 -0.29816 -0 65
490 457 28 0.8245 0.825 17.044 17.314 -0.41334 -0.35816 0 64
490 562 29 0.7245 0.7285 19.098 18.38 -0.35934 -0.32816 -0 66
490 577 30 0.7472 0.7414 17.541 17.338 -0.37134 -0.32216 -0 66
490 483 31 0.7871 0.7849 10.279 10.009 -0.43134 -0.25016 0 65
490 485 32 0.7944 0.7939 9.821 9.786 -0.43734 -0.25016 0 65
490 475 33 0.8056 0.8095 10.466 10.325 -0.44334 -0.26216 0 64
490 458 34 0.8173 0.8053 8.525 8.595 -0.44934 -0.23816 -0 64
490 398 35 0.8089 0.8102 14.832 14.961 -0.41934 -0.32216 0 65
490 535 36 0.7701 0.7654 7.516 7.621 -0.43134 -0.21416 -0 64
490 544 37 0.7683 0.7654 6.137 6.195 -0.43734 -0.19616 -0 64
490 563 38 0.7246 0.7155 12.761 13.509 -0.37734 -0.26816 0 65
490 562 39 0.7496 0.7452 18.917 18.779 -0.36534 -0.34016 -0 65
490 520 40 0.7834 0.7745 18.222 18.15 -0.38334 -0.34616 0 65
490 594 41 0.71 0.7067 12.907 13.802 -0.37134 -0.26816 -0 64
490 634 42 0.7209 0.7093 14.819 15.33 -0.36534 -0.28616 -0 65
490 465 43 0.8236 0.8275 9.603 9.891 -0.45534 -0.26216 -0 64
490 540 44 0.7619 0.7623 7.522 7.212 -0.43134 -0.20816 -0 64
490 473 45 0.7389 0.7313 11.359 11.458 -0.39534 -0.25016 -0 65
490 615 46 0.7307 0.7218 15.277 15.416 -0.37134 -0.29216 -0 65
490 499 47 0.7357 0.7207 12.035 12.815 -0.38334 -0.26216 -0 65
490 502 48 0.7457 0.7446 9.333 9.085 -0.41334 -0.22616 -0 65
490 482 49 0.8381 0.8357 12.286 11.926 -0.44934 -0.29216 0 64
544 502 0 0.8336 0.8421 16.483 16.742 -0.42534 -0.35816 0 65
544 593 1 0.7711 0.7702 18.895 18.827 -0.37734 -0.35216 0 66
544 594 2 0.7345 0.7379 6.823 6.772 -0.41934 -0.19616 -0 65
544 650 3 0.7045 0.7079 18.271 17.574 -0.35334 -0.31016 -0 66
544 554 4 0.794 0.787 18.099 18.183 -0.38934 -0.35216 0 65
544 592 5 0.7401 0.741 7.081 7.197 -0.41934 -0.20216 -0 65
544 528 6 0.8096 0.8055 4.643 4.527 -0.46734 -0.18416 -0 64
544 541 7 0.7879 0.779 16.949 17.48 -0.38934 -0.34016 0 66
544 527 8 0.8355 0.8456 17.975 18.014 -0.41934 -0.37616 0 65
544 569 9 0.7381 0.7382 8.463 8.251 -0.41334 -0.21416 -0 65
544 495 10 0.7738 0.7554 14.726 15.28 -0.38934 -0.30416 0 66
544 556 11 0.7977 0.7929 5.574 5.658 -0.45534 -0.19616 -0 65
544 639 12 0.7408 0.7329 17.817 17.667 -0.36534 -0.32216 -0 66
544 578 13 0.7742 0.7686 7.894 8.028 -0.43134 -0.22016 -0 65
544 502 14 0.828 0.8209 8.92 9.148 -0.45534 -0.25016 -0 65
544 584 15 0.7726 0.7654 7.642 7.621 -0.43134 -0.21416 -0 65
544 585 16 0.7764 0.7714 7.254 7.016 -0.43734 -0.20816 -0 65
544 559 17 0.7957 0.7867 6.347 6.236 -0.44934 -0.20216 -0 65
544 489 18 0.7836 0.7862 11.973 11.395 -0.42534 -0.26816 0 66
544 536 19 0.7077 0.7137 8.389 7.832 -0.40134 -0.20216 -0 64
544 463 20 0.825 0.8265 15.098 15.388 -0.42534 -0.33416 0 65
544 544 21 0.8035 0.7928 7.097 7.035 -0.44934 -0.21416 -0 65
544 490 22 0.7866 0.7756 15.502 16.097 -0.39534 -0.32216 0 66
544 533 23 0.7666 0.7468 15.134 15.579 -0.38334 -0.30416 -0 66
544 630 24 0.7476 0.7335 16.479 16.582 -0.37134 -0.31016 -0 66
544 655 25 0.7028 0.698 13.082 14.104 -0.36534 -0.26816 -0 65
544 527 26 0.7077 0.7065 10.628 11.146 -0.38334 -0.23816 -0 65
544 514 27 0.8318 0.8304 12.845 12.517 -0.44334 -0.29816 0 65
544 486 28 0.8279 0.8235 8.139 8.197 -0.46134 -0.23816 -0 65
544 527 29 0.8331 0.8331 18.023 17.98 -0.41334 -0.37016 0 65
544 483 30 0.8445 0.836 4.402 4.457 -0.48534 -0.19016 -0 64
544 534 31 0.808 0.7988 6.256 6.454 -0.45534 -0.20816 -0 65
544 617 32 0.7384 0.7229 14.014 14.317 -0.37734 -0.28016 -0 66
544 530 33 0.6945 0.7075 7.125 6.952 -0.40134 -0.19016 0 64
544 498 34 0.8235 0.8144 8.292 8.394 -0.45534 -0.23816 -0 65
544 455 35 0.8423 0.8323 6.813 6.693 -0.47334 -0.22016 -0 65
544 685 36 0.7212 0.7093 14.82 15.33 -0.36534 -0.28616 -0 66
544 549 37 0.7526 0.7354 13.71 14.418 -0.38334 -0.28616 0 66
544 527 38 0.8333 0.8331 18.045 17.98 -0.41334 -0.37016 0 65
544 496 39 0.8169 0.8216 12.947 12.76 -0.43734 -0.29816 0 65
544 611 40 0.7025 0.7035 19.03 18.313 -0.34734 -0.31616 -0 66
544 648 41 0.7049 0.7067 12.961 13.802 -0.37134 -0.26816 -0 65
544 501 42 0.7588 0.7455 12.819 13.065 -0.39534 -0.27416 0 66
544 566 43 0.7761 0.775 8.893 8.83 -0.43134 -0.23216 -0 65
544 513 44 0.8037 0.8 16.932 17.221 -0.40134 -0.34616 0 65
544 496 45 0.8169 0.821 16.615 16.976 -0.41334 -0.35216 0 65
544 520 46 0.8284 0.8287 18.619 18.609 -0.40734 -0.37616 0 65
544 507 47 0.7648 0.7614 11.387 11.104 -0.41334 -0.25616 0 66
544 626 48 0.7331 0.7229 13.733 14.317 -0.37734 -0.28016 -0 66
544 594 49 0.7562 0.7532 7.508 7.413 -0.42534 -0.20816 -0 65
599 652 0 0.7487 0.7532 5.996 5.963 -0.43134 -0.19016 -1 65
599 642 1 0.7685 0.758 17.419 17.753 -0.37734 -0.33416 -0 67
599 661 2 0.755 0.746 16.419 16.644 -0.37734 -0.31616 -0 67
599 562 3 0.7918 0.7951 11.432 11.158 -0.43134 -0.26816 0 66
599 616 4 0.7836 0.7745 17.7 18.15 -0.38334 -0.34616 0 66
599 609 5 0.7748 0.7625 16.565 17.071 -0.38334 -0.32816 0 67
599 574 6 0.7177 0.7176 9.787 9.788 -0.39534 -0.22616 -0 66
599 646 7 0.7333 0.7379 6.908 6.772 -0.41934 -0.19616 -1 65
599 503 8 0.7872 0.7852 14.46 14.791 -0.40734 -0.31016 0 67
599 687 9 0.7465 0.7374 16.737 16.962 -0.37134 -0.31616 -0 67
599 679 10 0.742 0.7411 18.591 18.412 -0.36534 -0.33416 -0 67
599 581 11 0.8405 0.8393 12.658 12.28 -0.44934 -0.29816 0 65
599 606 12 0.7924 0.7842 4.354 4.441 -0.45534 -0.17816 -1 65
599 606 13 0.7946 0.7827 18.711 18.85 -0.38334 -0.35816 0 66
599 502 14 0.7809 0.774 13.56 13.677 -0.40734 -0.29216 0 67
599 602 15 0.7064 0.7075 7.275 6.952 -0.40134 -0.19016 -0 65
599 623 16 0.7621 0.7627 8.958 8.643 -0.42534 -0.22616 -0 66
599 607 17 0.7182 0.7259 8.231 8.045 -0.40734 -0.20816 -0 65
599 530 18 0.8206 0.8217 15.745 16.008 -0.41934 -0.34016 0 66
599 582 19 0.7934 0.7972 10.434 10.169 -0.43734 -0.25616 0 66
599 538 20 0.8248 0.8256 15.924 16.35 -0.41934 -0.34616 0 66
599 611 21 0.7844 0.784 8.937 8.618 -0.43734 -0.23216 -0 66
599 540 22 0.7626 0.7543 12.768 12.795 -0.40134 -0.27416 -0 67
599 696 23 0.7399 0.7374 16.945 16.962 -0.37134 -0.31616 -0 67
599 764 24 0.7051 0.7007 15.713 15.649 -0.35934 -0.28616 -0 67
599 589 25 0.8385 0.8357 12.234 11.926 -0.44934 -0.29216 0 65
599 591 26 0.7375 0.7389 9.755 9.729 -0.40734 -0.23216 -0 66
599 701 27 0.7237 0.7204 18.196 17.621 -0.35934 -0.31616 -0 67
599 541 28 0.826 0.8172 7.324 7.437 -0.46134 -0.22616 -0 66
599 562 29 0.7941 0.7951 11.545 11.158 -0.43134 -0.26816 0 66
599 626 30 0.7838 0.7779 5.103 5.016 -0.44934 -0.18416 -1 65
599 632 31 0.7834 0.7806 6.792 6.824 -0.44334 -0.20816 -0 66
599 516 32 0.8349 0.8313 14.783 14.775 -0.43134 -0.32816 0 66
599 568 33 0.6917 0.7015 7.773 7.612 -0.39534 -0.19616 -0 64
599 527 34 0.8388 0.839 15.205 15.461 -0.43134 -0.34016 0 66
599 708 35 0.6957 0.698 13.091 14.104 -0.36534 -0.26816 -0 65
599 567 36 0.8246 0.8304 12.723 12.517 -0.44334 -0.29816 0 66
599 606 37 0.7891 0.7873 9.164 9.011 -0.43734 -0.23816 -0 66
599 578 38 0.8428 0.8398 9.859 10.045 -0.46134 -0.26816 -0 65
599 671 39 0.7526 0.7414 16.954 17.338 -0.37134 -0.32216 -0 67
599 685 40 0.7328 0.7229 14.017 14.317 -0.37734 -0.28016 -0 67
599 576 41 0.819 0.8152 9.561 9.732 -0.44934 -0.25616 0 66
599 564 42 0.7028 0.711 9.14 8.93 -0.39534 -0.21416 -0 65
599 675 43 0.7126 0.7031 12.539 13.388 -0.37134 -0.26216 -0 66
599 593 44 0.7797 0.7815 10.097 9.619 -0.43134 -0.24416 -0 66
599 657 45 0.7459 0.7305 14.819 15.109 -0.37734 -0.29216 -0 67
599 634 46 0.7791 0.7714 6.786 7.016 -0.43734 -0.20816 -0 66
599 697 47 0.7368 0.7218 14.954 15.416 -0.37134 -0.29216 -0 67
599 624 48 0.7847 0.7745 7.521 7.421 -0.43734 -0.21416 -0 66
599 538 49 0.8356 0.8377 13.829 13.224 -0.44334 -0.31016 0 66
653 602 0 0.8377 0.8381 16.022 16.409 -0.42534 -0.35216 0 67
653 562 1 0.8162 0.8189 14.677 14.692 -0.42534 -0.32216 0 67
653 709 2 0.7556 0.7532 6.063 5.963 -0.43134 -0.19016 -1 66
653 650 3 0.7993 0.7899 8.171 8.019 -0.44334 -0.22616 -0 66
653 637 4 0.7171 0.7233 9.195 9.125 -0.40134 -0.22016 -0 66
653 682 5 0.7649 0.7585 16.421 16.703 -0.38334 -0.32216 -0 68
653 706 6 0.7552 0.746 16.197 16.644 -0.37734 -0.31616 -0 68
653 622 7 0.8423 0.8412 19.051 18.634 -0.41334 -0.38216 0 66
653 784 8 0.7077 0.7017 13.763 14.517 -0.36534 -0.27416 -0 67
653 684 9 0.7776 0.7779 5.032 5.016 -0.44934 -0.18416 -1 66
653 574 10 0.8462 0.8418 5.589 5.222 -0.48534 -0.20216 -0 66
653 718 11 0.7585 0.7536 18.63 18.443 -0.37134 -0.34016 -0 68
653 664 12 0.7438 0.7446 9.097 9.085 -0.41334 -0.22616 -0 67
653 560 13 0.8473 0.8448 8.028 8.185 -0.47334 -0.24416 -0 66
653 627 14 0.7653 0.7554 14.778 15.28 -0.38934 -0.30416 -0 68
653 644 15 0.6984 0.7077 5.353 5.409 -0.40734 -0.17216 -0 65
653 693 16 0.7577 0.7563 8.14 7.826 -0.42534 -0.21416 -0 66
653 698 17 0.7307 0.7319 5.675 5.912 -0.41934 -0.18416 -1 66
653 639 18 0.7202 0.7233 9.394 9.125 -0.40134 -0.22016 -0 66
653 566 19 0.8149 0.814 15.093 15.313 -0.41934 -0.32816 0 67
653 648 20 0.8315 0.8287 11.269 11.207 -0.44934 -0.28016 -0 66
653 632 21 0.8136 0.8185 9.991 10.106 -0.44934 -0.26216 0 67
653 718 22 0.7511 0.7493 19.068 19.141 -0.36534 -0.34616 -0 68
653 553 23 0.8458 0.8385 7.469 7.444 -0.47334 -0.23216 -0 67
653 674 24 0.7768 0.775 8.98 8.83 -0.43134 -0.23216 -0 66
653 698 25 0.7636 0.7595 5.129 5.361 -0.43734 -0.18416 -1 66
653 680 26 0.7859 0.7808 5.348 5.426 -0.44934 -0.19016 -1 66
653 653 27 0.7981 0.7953 18.952 18.873 -0.38934 -0.36416 0 67
653 648 28 0.7382 0.7295 12.114 12.539 -0.38934 -0.26216 -0 67
653 677 29 0.7851 0.7779 4.947 5.016 -0.44934 -0.18416 -1 66
653 638 30 0.7157 0.7189 10.848 11.305 -0.38934 -0.24416 -0 67
653 648 31 0.6969 0.7015 5.921 6.056 -0.40134 -0.17816 -0 65
653 620 32 0.8408 0.8429 13.078 12.632 -0.44934 -0.30416 -0 66
653 607 33 0.6916 0.7015 8.161 7.612 -0.39534 -0.19616 -0 65
653 701 34 0.7401 0.7471 6.619 6.575 -0.42534 -0.19616 -1 66
653 591 35 0.694 0.702 9.522 9.167 -0.38934 -0.21416 -0 66
653 679 36 0.7452 0.7473 8.507 8.036 -0.41934 -0.21416 -0 66
653 664 37 0.7048 0.7136 6.228 6.303 -0.40734 -0.18416 -0 65
653 625 38 0.7482 0.7419 12.377 12.669 -0.39534 -0.26816 -0 68
653 652 39 0.8008 0.7897 6.48 6.637 -0.44934 -0.20816 -0 66
653 624 40 0.7097 0.7143 9.417 9.361 -0.39534 -0.22016 -0 66
653 658 41 0.7162 0.7261 4.542 5.038 -0.41934 -0.17216 -1 66
653 626 42 0.697 0.6976 10.698 11.414 -0.37734 -0.23816 -0 66
653 666 43 0.717 0.7261 4.792 5.038 -0.41934 -0.17216 -1 65
653 741 44 0.7394 0.737 18.178 18.041 -0.36534 -0.32816 -0 68
653 654 45 0.7986 0.7899 8.076 8.019 -0.44334 -0.22616 -0 66
653 740 46 0.7455 0.7414 17.193 17.338 -0.37134 -0.32216 -0 68
653 652 47 0.7972 0.7931 8.661 8.412 -0.44334 -0.23216 -0 66
653 630 48 0.7427 0.7457 10.697 10.548 -0.40734 -0.24416 -0 67
653 812 49 0.7087 0.7093 15.456 15.33 -0.36534 -0.28616 -0 67
708 676 0 0.817 0.8162 18.9 18.583 -0.40134 -0.37016 -0 67
708 710 1 0.7307 0.7324 8.97 8.894 -0.40734 -0.22016 -0 67
708 841 2 0.7005 0.698 13.756 14.104 -0.36534 -0.26816 -1 67
708 675 3 0.7823 0.771 16.157 16.761 -0.38934 -0.32816 -0 68
708 705 4 0.7417 0.7446 9.599 9.085 -0.41334 -0.22616 -1 68
708 644 5 0.7715 0.7684 12.037 11.887 -0.41334 -0.26816 -0 68
708 703 6 0.8378 0.8411 11.192 11.341 -0.45534 -0.28616 -0 67
708 746 7 0.7561 0.7421 15.884 16.266 -0.37734 -0.31016 -0 68
708 739 8 0.7656 0.7686 8.246 8.028 -0.43134 -0.22016 -1 67
708 686 9 0.8096 0.8037 18.785 18.557 -0.39534 -0.36416 0 68
708 719 10 0.789 0.7842 4.484 4.441 -0.45534 -0.17816 -1 67
708 672 11 0.8411 0.8421 16.54 16.742 -0.42534 -0.35816 -0 67
708 672 12 0.7015 0.7078 8.689 8.494 -0.39534 -0.20816 -0 66
708 660 13 0.7549 0.7507 12.234 12.402 -0.40134 -0.26816 -0 69
708 671 14 0.7552 0.7404 13.19 13.737 -0.38934 -0.28016 -0 69
708 756 15 0.7528 0.7501 7.235 6.996 -0.42534 -0.20216 -1 67
708 769 16 0.7253 0.7285 19.113 18.38 -0.35934 -0.32816 -0 69
708 833 17 0.7168 0.7164 17.532 17.236 -0.35934 -0.31016 -1 69
708 622 18 0.7938 0.7929 15.272 15.516 -0.40734 -0.32216 -0 68
708 739 19 0.7264 0.7288 7.344 6.974 -0.41334 -0.19616 -1 67
708 614 20 0.7942 0.8004 13.266 12.893 -0.42534 -0.29216 0 68
708 677 21 0.7979 0.804 11.029 10.925 -0.43734 -0.26816 -0 67
708 643 22 0.8301 0.8235 8.179 8.197 -0.46134 -0.23816 -0 67
708 695 23 0.8448 0.8456 18.256 18.014 -0.41934 -0.37616 0 67
708 843 24 0.719 0.7124 17.086 16.846 -0.35934 -0.30416 -0 69
708 681 25 0.777 0.7671 15.902 16.397 -0.38934 -0.32216 -0 68
708 668 26 0.7897 0.7951 11.333 11.158 -0.43134 -0.26816 -0 68
708 783 27 0.7526 0.7454 17.718 17.71 -0.37134 -0.32816 -0 69
708 665 28 0.6957 0.7031 10.381 10.719 -0.38334 -0.23216 -0 67
708 608 29 0.8099 0.8151 14.561 14.338 -0.42534 -0.31616 0 68
708 687 30 0.823 0.8185 10.004 10.106 -0.44934 -0.26216 -0 67
708 792 31 0.7296 0.7229 13.824 14.317 -0.37734 -0.28016 -1 68
708 690 32 0.8146 0.8129 10.527 10.698 -0.44334 -0.26816 -0 67
708 811 33 0.7102 0.7067 13.142 13.802 -0.37134 -0.26816 -0 68
708 645 34 0.8346 0.8377 13.766 13.224 -0.44334 -0.31016 -0 67
708 645 35 0.8266 0.8289 13.627 13.471 -0.43734 -0.31016 0 67
708 687 36 0.7818 0.7849 10.487 10.009 -0.43134 -0.25016 -0 68
708 848 37 0.7206 0.7093 15.148 15.33 -0.36534 -0.28616 -0 68
708 755 38 0.7646 0.7592 6.998 6.799 -0.43134 -0.20216 -1 67
708 680 39 0.8098 0.8078 19.191 18.894 -0.39534 -0.37016 0 68
708 663 40 0.8445 0.8465 13.271 12.981 -0.44934 -0.31016 0 67
708 787 41 0.7463 0.7454 17.935 17.71 -0.37134 -0.32816 -0 69
708 692 42 0.7703 0.7631 15.763 16.028 -0.38934 -0.31616 -0 68
708 752 43 0.7568 0.746 16.152 16.644 -0.37734 -0.31616 -0 68
708 611 44 0.8028 0.8077 13.856 13.623 -0.42534 -0.30416 -0 68
708 869 45 0.7043 0.7046 16.18 16.052 -0.35934 -0.29216 -1 68
708 690 46 0.8173 0.8198 11.361 11.435 -0.44334 -0.28016 -0 67
708 746 47 0.727 0.7319 6.093 5.912 -0.41934 -0.18416 -1 66
708 673 48 0.8227 0.8176 4.711 4.766 -0.47334 -0.19016 -1 66
708 736 49 0.7747 0.7705 17.431 17.794 -0.38334 -0.34016 -0 68
762 888 0 0.7216 0.7142 14.517 14.618 -0.37134 -0.28016 -1 69
762 790 1 0.7303 0.7207 12.557 12.815 -0.38334 -0.26216 -1 69
762 746 2 0.704 0.7065 10.891 11.146 -0.38334 -0.23816 -0 68
762 787 3 0.7817 0.7745 18.036 18.15 -0.38334 -0.34616 -0 69
762 869 4 0.7336 0.7218 15.339 15.416 -0.37134 -0.29216 -1 70
762 739 5 0.8048 0.8006 10.712 10.549 -0.43734 -0.26216 -0 68
762 721 6 0.8291 0.8335 16.754 17.025 -0.41934 -0.35816 0 68
762 703 7 0.824 0.8141 7.207 7.053 -0.46134 -0.22016 -0 68
762 793 8 0.7331 0.7243 12.765 13.222 -0.38334 -0.26816 -1 69
762 749 9 0.6976 0.7045 6.819 6.506 -0.40134 -0.18416 -0 66
762 793 10 0.7053 0.7047 11.776 12.265 -0.37734 -0.25016 -1 68
762 710 11 0.8288 0.8234 5.693 5.545 -0.47334 -0.20216 -1 67
762 771 12 0.7928 0.7899 8.098 8.019 -0.44334 -0.22616 -1 68
762 854 13 0.7369 0.7329 17.98 17.667 -0.36534 -0.32216 -0 70
762 795 14 0.7387 0.7441 7.659 7.619 -0.41934 -0.20816 -1 68
762 736 15 0.8402 0.846 17.099 17.073 -0.42534 -0.36416 -0 68
762 740 16 0.7586 0.7478 14.261 14.516 -0.38934 -0.29216 -0 70
762 877 17 0.7002 0.698 13.345 14.104 -0.36534 -0.26816 -1 68
762 793 18 0.7194 0.7228 6.299 6.105 -0.41334 -0.18416 -1 67
762 754 19 0.7968 0.7963 9.028 8.801 -0.44334 -0.23816 -0 68
762 903 20 0.7201 0.7093 15.234 15.33 -0.36534 -0.28616 -1 69
762 758 21 0.7104 0.71 11.079 11.57 -0.38334 -0.24416 -1 68
762 710 22 0.822 0.8141 7.095 7.053 -0.46134 -0.22016 -0 68
762 872 23 0.694 0.698 13.284 14.104 -0.36534 -0.26816 -0 68
762 731 24 0.8259 0.8275 9.514 9.891 -0.45534 -0.26216 -0 68
762 808 25 0.7362 0.7349 6.521 6.344 -0.41934 -0.19016 -1 68
762 718 26 0.7976 0.796 16.505 16.872 -0.40134 -0.34016 -0 69
762 812 27 0.7626 0.7624 5.852 5.78 -0.43734 -0.19016 -1 68
762 903 28 0.7221 0.7171 16.325 16.126 -0.36534 -0.29816 -1 70
762 742 29 0.84 0.8456 18.342 18.014 -0.41934 -0.37616 -0 68
762 804 30 0.7675 0.7623 7.111 7.212 -0.43134 -0.20816 -1 68
762 814 31 0.7152 0.7119 12.303 13.098 -0.37734 -0.26216 -1 69
762 756 32 0.7516 0.7479 9.853 9.496 -0.41334 -0.23216 -1 69
762 709 33 0.8215 0.8141 7.273 7.053 -0.46134 -0.22016 -0 68
762 826 34 0.7205 0.7201 19.104 18.727 -0.35334 -0.32816 -0 70
762 766 35 0.7845 0.7782 9.285 9.226 -0.43134 -0.23816 -0 68
762 914 36 0.7178 0.7132 15.867 15.73 -0.36534 -0.29216 -1 69
762 720 37 0.833 0.8335 16.653 17.025 -0.41934 -0.35816 -0 68
762 848 38 0.7023 0.7079 18.404 17.574 -0.35334 -0.31016 -0 70
762 712 39 0.7012 0.7053 9.431 9.603 -0.38934 -0.22016 -0 68
762 782 40 0.7866 0.7786 18.427 18.502 -0.38334 -0.35216 -0 69
762 801 41 0.7736 0.7745 5.915 6.012 -0.44334 -0.19616 -1 68
762 829 42 0.7516 0.7414 17.005 17.338 -0.37134 -0.32216 -0 70
762 740 43 0.6936 0.7015 5.701 6.056 -0.40134 -0.17816 -0 66
762 799 44 0.7778 0.7714 7.049 7.016 -0.43734 -0.20816 -1 68
762 741 45 0.7711 0.7631 15.67 16.028 -0.38934 -0.31616 -0 69
762 916 46 0.6968 0.6969 14.786 15.241 -0.35934 -0.28016 -1 69
762 796 47 0.7748 0.7745 7.665 7.421 -0.43734 -0.21416 -1 68
762 707 48 0.7778 0.7738 11.671 11.252 -0.41934 -0.26216 -0 69
762 903 49 0.7207 0.7171 16.404 16.126 -0.36534 -0.29816 -1 70
54 182 0 0.7541 0.7007 5.382 15.649 -0.35934 -0.28616 1 62
54 181 1 0.72 0.7007 7.392 15.649 -0.35934 -0.28616 1 62
54 183 2 0.8202 0.7007 7.49 15.649 -0.35934 -0.28616 0 62
54 183 3 0.8217 0.7007 5.588 15.649 -0.35934 -0.28616 0 62
54 220 4 0.7343 0.7007 16.791 15.649 -0.35934 -0.28616 0 62
54 182 5 0.8195 0.7007 9.592 15.649 -0.35934 -0.28616 1 62
54 183 6 0.7944 0.7007 4.93 15.649 -0.35934 -0.28616 1 62
54 216 7 0.7316 0.7046 17.778 16.052 -0.35934 -0.29216 0 62
54 181 8 0.6907 0.7007 5.146 15.649 -0.35934 -0.28616 1 61
54 183 9 0.8472 0.7007 18.635 15.649 -0.35934 -0.28616 1 62
54 185 10 0.7558 0.7007 9.71 15.649 -0.35934 -0.28616 1 62
54 183 11 0.8014 0.7007 9.177 15.649 -0.35934 -0.28616 1 62
54 194 12 0.7399 0.6969 11.074 15.241 -0.35934 -0.28016 1 62
54 182 13 0.8374 0.7007 8.196 15.649 -0.35934 -0.28616 0 62
54 218 14 0.699 0.6969 12.564 15.241 -0.35934 -0.28016 0 62
54 219 15 0.7319 0.7046 17.306 16.052 -0.35934 -0.29216 0 62
54 193 16 0.7699 0.7007 12.688 15.649 -0.35934 -0.28616 1 62
54 183 17 0.8323 0.7007 14.106 15.649 -0.35934 -0.28616 1 61
54 193 18 0.7794 0.7007 13.975 15.649 -0.35934 -0.28616 1 62
54 185 19 0.7954 0.7007 13.287 15.649 -0.35934 -0.28616 0 62
54 181 20 0.8461 0.7007 11.044 15.649 -0.35934 -0.28616 1 62
54 233 21 0.6901 0.7007 16.386 15.649 -0.35934 -0.28616 0 62
54 195 22 0.755 0.7007 12.092 15.649 -0.35934 -0.28616 1 62
54 182 23 0.8016 0.7007 8.869 15.649 -0.35934 -0.28616 1 62
54 184 24 0.8333 0.7007 5.303 15.649 -0.35934 -0.28616 0 61
54 182 25 0.7265 0.7007 8.481 15.649 -0.35934 -0.28616 1 62
54 181 26 0.7851 0.7007 9.787 15.649 -0.35934 -0.28616 1 62
54 232 27 0.6966 0.7007 16.728 15.649 -0.35934 -0.28616 0 62
54 188 28 0.7122 0.6969 9.679 15.241 -0.35934 -0.28016 1 62
54 183 29 0.8424 0.7007 12.873 15.649 -0.35934 -0.28616 1 62
54 210 30 0.693 0.7007 19.123 15.649 -0.35934 -0.28616 1 62
54 184 31 0.8219 0.7007 14.904 15.649 -0.35934 -0.28616 1 62
54 182 32 0.7972 0.7007 7.768 15.649 -0.35934 -0.28616 1 62
54 216 33 0.7363 0.7007 17.267 15.649 -0.35934 -0.28616 0 62
54 233 34 0.7026 0.6969 14.444 15.241 -0.35934 -0.28016 0 62
54 183 35 0.8414 0.7007 6.948 15.649 -0.35934 -0.28616 1 62
54 182 36 0.723 0.7007 8.064 15.649 -0.35934 -0.28616 1 62
54 200 37 0.7034 0.6969 10.982 15.241 -0.35934 -0.28016 0 62
54 183 38 0.8048 0.7007 18.462 15.649 -0.35934 -0.28616 1 62
54 187 39 0.7582 0.7007 10.516 15.649 -0.35934 -0.28616 1 62
54 182 40 0.7225 0.7007 8.014 15.649 -0.35934 -0.28616 1 62
54 201 41 0.7693 0.7007 16.096 15.649 -0.35934 -0.28616 1 62
54 183 42 0.8332 0.7007 11.66 15.649 -0.35934 -0.28616 1 62
54 183 43 0.7828 0.7007 6.485 15.649 -0.35934 -0.28616 1 62
54 216 44 0.7168 0.6969 12.721 15.241 -0.35934 -0.28016 0 62
54 222 45 0.7343 0.7007 16.472 15.649 -0.35934 -0.28616 0 62
54 181 46 0.6992 0.7007 7.087 15.649 -0.35934 -0.28616 1 61
54 227 47 0.731 0.7007 14.964 15.649 -0.35934 -0.28616 1 62
54 191 48 0.7536 0.7007 11.136 15.649 -0.35934 -0.28616 1 62
54 182 49 0.8237 0.7007 18.888 15.649 -0.35934 -0.28616 1 62
109 246 0 0.6995 0.6931 12.132 14.829 -0.35934 -0.27416 0 62
109 286 1 0.712 0.7007 15.21 15.649 -0.35934 -0.28616 0 62
109 211 2 0.7551 0.7046 18.738 16.052 -0.35934 -0.29216 0 62
109 194 3 0.7746 0.7007 12.117 15.649 -0.35934 -0.28616 0 62
109 182 4 0.7585 0.7007 6.481 15.649 -0.35934 -0.28616 1 62
109 183 5 0.7287 0.6969 8.021 15.241 -0.35934 -0.28016 1 62
109 183 6 0.7752 0.7007 7.957 15.649 -0.35934 -0.28616 1 62
109 249 7 0.6955 0.696 18.864 16.382 -0.35334 -0.29216 0 62
109 182 8 0.8226 0.7007 11.978 15.649 -0.35934 -0.28616 1 62
109 184 9 0.8115 0.7007 17.628 15.649 -0.35934 -0.28616 1 62
109 180 10 0.8034 0.7007 10.796 15.649 -0.35934 -0.28616 0 62
109 279 11 0.722 0.7007 15.453 15.649 -0.35934 -0.28616 0 62
109 182 12 0.7206 0.6969 8.091 15.241 -0.35934 -0.28016 1 62
109 205 13 0.7665 0.7046 18.284 16.052 -0.35934 -0.29216 1 62
109 184 14 0.776 0.7007 7.344 15.649 -0.35934 -0.28616 1 62
109 185 15 0.839 0.7007 13.651 15.649 -0.35934 -0.28616 1 62
109 248 16 0.7401 0.7055 13.617 14.926 -0.36534 -0.28016 0 62
109 189 17 0.8038 0.7007 16.454 15.649 -0.35934 -0.28616 1 62
109 211 18 0.7741 0.7007 14.934 15.649 -0.35934 -0.28616 0 62
109 193 19 0.7842 0.7007 12.976 15.649 -0.35934 -0.28616 0 62
109 186 20 0.8115 0.7007 17.019 15.649 -0.35934 -0.28616 1 62
109 180 21 0.7303 0.7007 6.151 15.649 -0.35934 -0.28616 1 62
109 196 22 0.779 0.7007 18.038 15.649 -0.35934 -0.28616 1 62
109 184 23 0.7182 0.6969 8.504 15.241 -0.35934 -0.28016 1 62
109 181 24 0.7352 0.7007 5.493 15.649 -0.35934 -0.28616 1 62
109 183 25 0.8284 0.7007 18.627 15.649 -0.35934 -0.28616 1 62
109 217 26 0.7657 0.7046 17.187 16.052 -0.35934 -0.29216 1 62
109 270 27 0.7085 0.6969 13.507 15.241 -0.35934 -0.28016 0 62
109 227 28 0.7119 0.7017 11.385 14.517 -0.36534 -0.27416 0 62
109 184 29 0.8285 0.7007 16.528 15.649 -0.35934 -0.28616 1 62
109 251 30 0.7084 0.7046 18.61 16.052 -0.35934 -0.29216 0 62
109 180 31 0.711 0.7007 7.134 15.649 -0.35934 -0.28616 1 62
109 183 32 0.8101 0.7007 12.163 15.649 -0.35934 -0.28616 1 62
109 182 33 0.8416 0.7007 11.446 15.649 -0.35934 -0.28616 1 62
109 182 34 0.8084 0.7007 10.911 15.649 -0.35934 -0.28616 0 62
109 182 35 0.7401 0.7007 5.034 15.649 -0.35934 -0.28616 1 62
109 228 36 0.7047 0.7017 11.356 14.517 -0.36534 -0.27416 0 62
109 187 37 0.7624 0.7007 9.749 15.649 -0.35934 -0.28616 0 62
109 182 38 0.8334 0.7007 19.076 15.649 -0.35934 -0.28616 1 62
109 183 39 0.8178 0.7007 13.207 15.649 -0.35934 -0.28616 1 62
109 195 40 0.7559 0.6969 10.866 15.241 -0.35934 -0.28016 0 62
109 184 41 0.802 0.7007 6.036 15.649 -0.35934 -0.28616 1 62
109 249 42 0.721 0.7085 18.487 16.451 -0.35934 -0.29816 1 62
109 186 43 0.804 0.7007 14.158 15.649 -0.35934 -0.28616 1 62
109 239 44 0.6986 0.6931 11.774 14.829 -0.35934 -0.27416 1 62
109 288 45 0.7072 0.7007 15.386 15.649 -0.35934 -0.28616 0 62
109 181 46 0.735 0.7007 5.634 15.649 -0.35934 -0.28616 1 62
109 182 47 0.7535 0.7007 6.15 15.649 -0.35934 -0.28616 1 62
109 182 48 0.7943 0.7007 9.606 15.649 -0.35934 -0.28616 1 62
109 182 49 0.8012 0.7007 10.255 15.649 -0.35934 -0.28616 1 62
163 197 0 0.7129 0.6969 9.158 15.241 -0.35934 -0.28016 1 62
163 199 1 0.7812 0.7686 8.747 8.028 -0.43134 -0.22016 0 62
163 188 2 0.7061 0.6969 8.566 15.241 -0.35934 -0.28016 1 62
163 183 3 0.7956 0.7808 8.987 8.223 -0.43734 -0.22616 1 62
163 267 4 0.7441 0.7249 18.177 16.905 -0.36534 -0.31016 0 62
163 249 5 0.7485 0.7055 12.532 14.926 -0.36534 -0.28016 0 62
163 195 6 0.7069 0.7258 7.276 6.541 -0.41334 -0.19016 0 62
163 238 7 0.7645 0.7495 18.325 18.079 -0.37134 -0.33416 0 62
163 208 8 0.7796 0.7654 8.039 7.621 -0.43134 -0.21416 0 62
163 184 9 0.8374 0.7007 7.246 15.649 -0.35934 -0.28616 1 62
163 314 10 0.7174 0.7085 17.611 16.451 -0.35934 -0.29816 0 62
163 183 11 0.8174 0.7007 13.081 15.649 -0.35934 -0.28616 1 62
163 203 12 0.7623 0.7595 8.946 8.237 -0.42534 -0.22016 0 62
163 190 13 0.8024 0.7007 14.783 15.649 -0.35934 -0.28616 1 62
163 184 14 0.791 0.7007 10.869 15.649 -0.35934 -0.28616 1 62
163 213 15 0.7385 0.7017 10.523 14.517 -0.36534 -0.27416 0 62
163 184 16 0.8149 0.7007 11.26 15.649 -0.35934 -0.28616 1 62
163 193 17 0.7026 0.7228 5.56 6.105 -0.41334 -0.18416 1 62
163 320 18 0.729 0.7132 15.942 15.73 -0.36534 -0.29216 0 62
163 218 19 0.755 0.7532 7.972 7.413 -0.42534 -0.20816 1 62
163 220 20 0.756 0.7532 7.709 7.413 -0.42534 -0.20816 1 62
163 185 21 0.836 0.7007 16.8 15.649 -0.35934 -0.28616 1 62
163 275 22 0.7556 0.7171 15.926 16.126 -0.36534 -0.29816 0 62
163 187 23 0.8062 0.7007 17.446 15.649 -0.35934 -0.28616 1 62
163 184 24 0.8479 0.7007 6.026 15.649 -0.35934 -0.28616 0 62
163 226 25 0.7512 0.7503 5.337 5.54 -0.43134 -0.18416 0 62
163 183 26 0.8083 0.7007 9.514 15.649 -0.35934 -0.28616 1 62
163 204 27 0.7829 0.7093 13.273 15.33 -0.36534 -0.28616 0 62
163 292 28 0.7369 0.7085 17.486 16.451 -0.35934 -0.29816 0 62
163 184 29 0.8125 0.7007 6.085 15.649 -0.35934 -0.28616 1 62
163 247 30 0.6986 0.698 10.928 14.104 -0.36534 -0.26816 0 62
163 208 31 0.7547 0.7055 11.028 14.926 -0.36534 -0.28016 0 62
163 197 32 0.7054 0.7258 6.757 6.541 -0.41334 -0.19016 1 62
163 190 33 0.7995 0.7007 17.582 15.649 -0.35934 -0.28616 1 62
163 330 34 0.72 0.7046 16.308 16.052 -0.35934 -0.29216 0 62
163 227 35 0.7754 0.7132 14.896 15.73 -0.36534 -0.29216 0 62
163 187 36 0.7858 0.7718 9.376 8.431 -0.43134 -0.22616 1 62
163 261 37 0.7412 0.7055 12.559 14.926 -0.36534 -0.28016 0 62
163 234 38 0.7639 0.7536 18.942 18.443 -0.37134 -0.34016 0 62
163 183 39 0.8413 0.7007 7.462 15.649 -0.35934 -0.28616 0 62
163 230 40 0.7724 0.7093 14.382 15.33 -0.36534 -0.28616 0 62
163 334 41 0.7045 0.7046 16.711 16.052 -0.35934 -0.29216 0 62
163 277 42 0.7356 0.7124 18.318 16.846 -0.35934 -0.30416 0 62
163 213 43 0.7816 0.7714 7.212 7.016 -0.43734 -0.20816 0 62
163 217 44 0.7774 0.7093 13.835 15.33 -0.36534 -0.28616 0 62
163 269 45 0.7472 0.7055 13.418 14.926 -0.36534 -0.28016 0 62
163 185 46 0.8381 0.8791 17.964 17.798 -0.43734 -0.38816 1 62
163 184 47 0.7055 0.6969 8.062 15.241 -0.35934 -0.28016 1 62
163 226 48 0.7641 0.7562 6.632 6.383 -0.43134 -0.19616 0 62
163 184 49 0.7984 0.7007 9.163 15.649 -0.35934 -0.28616 1 62
218 220 0 0.777 0.7692 10.477 9.447 -0.42534 -0.23816 0 62
218 310 1 0.7329 0.7105 12.563 14.212 -0.37134 -0.27416 0 62
218 273 2 0.7399 0.7501 7.259 6.996 -0.42534 -0.20216 0 62
218 295 3 0.751 0.7142 13.434 14.618 -0.37134 -0.28016 0 62
218 201 4 0.797 0.7093 14.784 15.33 -0.36534 -0.28616 0 62
218 198 5 0.8239 0.8415 17.473 17.688 -0.41934 -0.37016 1 62
218 221 6 0.8323 0.8377 10.393 10.983 -0.45534 -0.28016 0 62
218 306 7 0.7569 0.7257 15.381 15.809 -0.37134 -0.29816 0 62
218 259 8 0.7192 0.7288 7.41 6.974 -0.41334 -0.19616 0 62
218 394 9 0.705 0.7007 15.591 15.649 -0.35934 -0.28616 0 62
218 241 10 0.7132 0.7319 8.065 7.404 -0.41334 -0.20216 0 62
218 326 11 0.6963 0.7039 19.007 17.182 -0.35334 -0.30416 0 63
218 195 12 0.7956 0.804 11.568 10.925 -0.43734 -0.26816 1 62
218 293 13 0.7624 0.7454 17.59 17.71 -0.37134 -0.32816 0 63
218 254 14 0.7622 0.7595 8.986 8.237 -0.42534 -0.22016 0 62
218 224 15 0.6902 0.7136 6.035 6.303 -0.40734 -0.18416 0 62
218 222 16 0.8358 0.8665 17.745 17.762 -0.43134 -0.38216 1 62
218 377 17 0.724 0.7093 15.451 15.33 -0.36534 -0.28616 0 62
218 185 18 0.8452 0.7007 5.259 15.649 -0.35934 -0.28616 1 62
218 295 19 0.7591 0.7495 18.498 18.079 -0.37134 -0.33416 0 63
218 189 20 0.8148 0.7007 16.382 15.649 -0.35934 -0.28616 1 63
218 330 21 0.7341 0.7055 13.369 14.926 -0.36534 -0.28016 0 62
218 268 22 0.7303 0.7411 5.099 5.724 -0.42534 -0.18416 0 62
218 190 23 0.8445 0.7007 15.202 15.649 -0.35934 -0.28616 1 62
218 270 24 0.7088 0.698 10.829 14.104 -0.36534 -0.26816 0 62
218 373 25 0.7246 0.7046 16.349 16.052 -0.35934 -0.29216 0 62
218 267 26 0.7412 0.7441 8.009 7.619 -0.41934 -0.20816 0 62
218 259 27 0.7461 0.7105 11.768 14.212 -0.37134 -0.27416 1 63
218 243 28 0.7991 0.7806 6.845 6.824 -0.44334 -0.20816 0 62
218 206 29 0.7947 0.7972 10.841 10.169 -0.43734 -0.25616 1 62
218 281 30 0.7436 0.7441 5.98 6.151 -0.42534 -0.19016 0 62
218 270 31 0.7244 0.7319 5.932 5.912 -0.41934 -0.18416 0 62
218 226 32 0.7114 0.698 9.783 14.104 -0.36534 -0.26816 1 62
218 331 33 0.7128 0.7017 12.359 14.517 -0.36534 -0.27416 0 62
218 255 34 0.7895 0.7806 6.903 6.824 -0.44334 -0.20816 0 62
218 263 35 0.693 0.698 10.584 14.104 -0.36534 -0.26816 0 62
218 382 36 0.699 0.6969 14.247 15.241 -0.35934 -0.28016 0 62
218 272 37 0.731 0.7067 11.409 13.802 -0.37134 -0.26816 0 62
218 235 38 0.7032 0.7198 4.782 5.665 -0.41334 -0.17816 0 62
218 257 39 0.7724 0.7257 14.945 15.809 -0.37134 -0.29816 0 62
218 247 40 0.7049 0.7228 6.188 6.105 -0.41334 -0.18416 0 62
218 219 41 0.7817 0.7093 13.262 15.33 -0.36534 -0.28616 0 62
218 201 42 0.8241 0.8371 18.527 18.309 -0.41334 -0.37616 1 62
218 211 43 0.8127 0.7953 18.679 18.873 -0.38934 -0.36416 1 62
218 280 44 0.7144 0.698 11.147 14.104 -0.36534 -0.26816 0 62
218 182 45 0.8364 0.7007 7.293 15.649 -0.35934 -0.28616 1 62
218 249 46 0.6924 0.698 10.319 14.104 -0.36534 -0.26816 0 62
218 189 47 0.8386 0.8429 13.549 12.632 -0.44934 -0.30416 1 62
218 225 48 0.8031 0.7808 8.627 8.223 -0.43734 -0.22616 0 62
218 315 49 0.7078 0.698 11.872 14.104 -0.36534 -0.26816 0 62
272 298 0 0.7054 0.7136 6.292 6.303 -0.40734 -0.18416 0 62
272 269 1 0.6931 0.7077 4.917 5.409 -0.40734 -0.17216 1 62
272 261 2 0.812 0.7931 8.623 8.412 -0.44334 -0.23216 0 63
272 226 3 0.7807 0.718 12.93 15.019 -0.37134 -0.28616 0 63
272 356 4 0.7551 0.7296 15.64 16.197 -0.37134 -0.30416 0 63
272 195 5 0.8042 0.7093 14.067 15.33 -0.36534 -0.28616 1 63
272 256 6 0.7864 0.7585 15.6 16.703 -0.38334 -0.32216 0 63
272 249 7 0.776 0.7793 11.397 10.626 -0.42534 -0.25616 1 63
272 443 8 0.7115 0.7007 15.757 15.649 -0.35934 -0.28616 0 63
272 215 9 0.8468 0.8501 14.261 13.327 -0.44934 -0.31616 1 63
272 325 10 0.7486 0.7532 7.801 7.413 -0.42534 -0.20816 0 63
272 304 11 0.785 0.7705 17.605 17.794 -0.38334 -0.34016 0 63
272 213 12 0.8347 0.8377 14.209 13.224 -0.44334 -0.31016 1 63
272 196 13 0.8238 0.8265 15.033 15.388 -0.42534 -0.33416 1 63
272 267 14 0.7492 0.7513 10.74 9.903 -0.41334 -0.23816 0 63
272 321 15 0.7779 0.7684 6.745 6.607 -0.43734 -0.20216 0 63
272 215 16 0.8406 0.8234 5.854 5.545 -0.47334 -0.20216 0 62
272 333 17 0.7559 0.718 14.108 15.019 -0.37134 -0.28616 0 63
272 446 18 0.7006 0.7007 16.099 15.649 -0.35934 -0.28616 0 63
272 241 19 0.8219 0.8304 13.108 12.517 -0.44334 -0.29816 0 63
272 279 20 0.6961 0.7136 6.866 6.303 -0.40734 -0.18416 0 62
272 233 21 0.6913 0.7078 9.106 8.494 -0.39534 -0.20816 0 62
272 274 22 0.8236 0.8287 11.101 11.207 -0.44934 -0.28016 0 63
272 319 23 0.7601 0.7563 8.263 7.826 -0.42534 -0.21416 0 63
272 267 24 0.802 0.783 17.415 17.833 -0.38934 -0.34616 1 63
272 292 25 0.7736 0.766 9.617 9.047 -0.42534 -0.23216 0 63
272 302 26 0.787 0.7745 17.694 18.15 -0.38334 -0.34616 0 63
272 246 27 0.7837 0.7382 14.873 15.884 -0.37734 -0.30416 0 63
272 406 28 0.7192 0.7055 13.58 14.926 -0.36534 -0.28016 0 63
272 328 29 0.7675 0.7623 7.264 7.212 -0.43134 -0.20816 0 63
272 287 30 0.7422 0.7446 9.57 9.085 -0.41334 -0.22616 0 63
272 226 31 0.84 0.8268 4.711 4.61 -0.47934 -0.19016 0 62
272 294 32 0.8472 0.8665 17.821 17.762 -0.43134 -0.38216 1 62
272 310 33 0.7206 0.7031 11.174 13.388 -0.37134 -0.26216 0 63
272 383 34 0.7281 0.7164 18.253 17.236 -0.35934 -0.31016 0 63
272 270 35 0.7308 0.7356 9.973 9.313 -0.40734 -0.22616 0 63
272 323 36 0.7667 0.7335 16.165 16.582 -0.37134 -0.31016 0 63
272 224 37 0.7856 0.718 13.414 15.019 -0.37134 -0.28616 0 63
272 278 38 0.7696 0.7692 10.316 9.447 -0.42534 -0.23816 0 63
272 350 39 0.7564 0.7454 18.018 17.71 -0.37134 -0.32816 0 63
272 283 40 0.843 0.8665 17.767 17.762 -0.43134 -0.38216 0 62
272 206 41 0.804 0.818 13.53 12.399 -0.43734 -0.29216 1 63
272 334 42 0.7561 0.7532 5.741 5.963 -0.43134 -0.19016 0 62
272 367 43 0.7205 0.7204 19.005 17.621 -0.35934 -0.31616 0 63
272 211 44 0.8415 0.8422 8.223 9.112 -0.46734 -0.25616 0 63
272 372 45 0.7439 0.7329 17.959 17.667 -0.36534 -0.32216 0 63
272 417 46 0.7207 0.7085 17.253 16.451 -0.35934 -0.29816 0 63
272 313 47 0.7701 0.746 16.051 16.644 -0.37734 -0.31616 0 63
272 275 48 0.8059 0.79 4.871 5.255 -0.45534 -0.19016 -0 62
272 283 49 0.7318 0.7414 9.434 8.67 -0.41334 -0.22016 0 63
327 322 0 0.8102 0.7929 5.796 5.658 -0.45534 -0.19616 0 63
327 298 1 0.8005 0.8075 11.817 11.299 -0.43734 -0.27416 0 63
327 437 2 0.7218 0.7164 18.32 17.236 -0.35934 -0.31016 0 64
327 427 3 0.7405 0.718 14.239 15.019 -0.37134 -0.28616 0 63
327 278 4 0.8355 0.8332 8.614 9.315 -0.46134 -0.25616 0 63
327 286 5 0.8253 0.8304 13.411 12.517 -0.44334 -0.29816 0 63
327 389 6 0.7534 0.7562 6.3 6.383 -0.43134 -0.19616 0 63
327 290 7 0.8288 0.8176 4.637 4.766 -0.47334 -0.19016 0 63
327 281 8 0.8009 0.7835 15.995 16.818 -0.39534 -0.33416 1 63
327 290 9 0.809 0.8 16.579 17.221 -0.40134 -0.34616 0 63
327 270 10 0.8375 0.8467 15.428 16.134 -0.43134 -0.35216 1 63
327 444 11 0.7323 0.7249 17.569 16.905 -0.36534 -0.31016 0 64
327 347 12 0.7087 0.7197 7.487 7.182 -0.40734 -0.19616 0 62
327 341 13 0.7163 0.7259 8.422 8.045 -0.40734 -0.20816 0 63
327 375 14 0.7293 0.7319 5.428 5.912 -0.41934 -0.18416 0 63
327 366 15 0.7176 0.7228 5.993 6.105 -0.41334 -0.18416 0 62
327 384 16 0.7544 0.7503 5.468 5.54 -0.43134 -0.18416 0 63
327 386 17 0.7517 0.7471 6.587 6.575 -0.42534 -0.19616 0 63
327 244 18 0.8001 0.8128 13.78 13.007 -0.43134 -0.29816 0 63
327 290 19 0.8291 0.8205 5.25 5.157 -0.47334 -0.19616 0 63
327 402 20 0.7364 0.7411 19.117 18.412 -0.36534 -0.33416 0 64
327 306 21 0.8127 0.8233 12.099 11.799 -0.44334 -0.28616 0 63
327 445 22 0.7404 0.7171 15.928 16.126 -0.36534 -0.29816 0 63
327 358 23 0.7811 0.775 4.515 4.603 -0.44934 -0.17816 -0 63
327 335 24 0.7394 0.7446 9.671 9.085 -0.41334 -0.22616 0 63
327 263 25 0.8412 0.8428 15.195 15.799 -0.43134 -0.34616 1 63
327 281 26 0.8201 0.821 16.371 16.976 -0.41334 -0.35216 0 63
327 367 27 0.7577 0.7595 8.559 8.237 -0.42534 -0.22016 0 63
327 338 28 0.8005 0.79 5.238 5.255 -0.45534 -0.19016 0 63
327 417 29 0.7433 0.737 18.377 18.041 -0.36534 -0.32816 0 64
327 497 30 0.705 0.7046 16.351 16.052 -0.35934 -0.29216 0 63
327 317 31 0.7658 0.7636 10.821 10.073 -0.41934 -0.24416 0 63
327 290 32 0.8242 0.808 6.641 6.276 -0.46134 -0.20816 0 63
327 297 33 0.8242 0.8113 5.084 5.32 -0.46734 -0.19616 0 63
327 298 34 0.706 0.712 9.914 10.462 -0.38934 -0.23216 0 63
327 394 35 0.6915 0.6943 11.722 13.686 -0.36534 -0.26216 0 63
327 449 36 0.7213 0.7105 13.485 14.212 -0.37134 -0.27416 0 63
327 380 37 0.7491 0.7229 13.569 14.317 -0.37734 -0.28016 0 63
327 366 38 0.7725 0.7539 16.736 17.387 -0.37734 -0.32816 0 63
327 299 39 0.8231 0.8113 5.13 5.32 -0.46734 -0.19616 0 63
327 365 40 0.7345 0.7353 4.426 4.859 -0.42534 -0.17216 0 63
327 499 41 0.7027 0.7007 15.365 15.649 -0.35934 -0.28616 0 63
327 411 42 0.7524 0.7296 15.83 16.197 -0.37134 -0.30416 0 63
327 250 43 0.798 0.7842 14.975 15.803 -0.40134 -0.32216 0 63
327 350 44 0.7903 0.7745 18.04 18.15 -0.38334 -0.34616 0 63
327 339 45 0.6989 0.7136 6.173 6.303 -0.40734 -0.18416 0 62
327 348 46 0.7081 0.7166 7.312 6.744 -0.40734 -0.19016 0 62
327 428 47 0.6944 0.698 12.416 14.104 -0.36534 -0.26816 0 63
327 342 48 0.7073 0.7197 7.698 7.182 -0.40734 -0.19616 0 62
327 324 49 0.8424 0.8622 18.751 18.366 -0.42534 -0.38816 1 63
381 320 0 0.8444 0.8389 5.222 4.841 -0.48534 -0.19616 0 63
381 541 1 0.7104 0.7085 16.719 16.451 -0.35934 -0.29816 0 64
381 445 2 0.765 0.7577 18.606 18.803 -0.37134 -0.34616 0 64
381 433 3 0.7708 0.7684 6.791 6.607 -0.43734 -0.20216 -0 63
381 361 4 0.8147 0.8119 9.113 9.356 -0.44934 -0.25016 0 63
381 329 5 0.6911 0.7031 9.876 10.719 -0.38334 -0.23216 0 63
381 313 6 0.8411 0.8428 15.124 15.799 -0.43134 -0.34616 0 64
381 312 7 0.8424 0.8355 5.953 5.763 -0.47934 -0.20816 0 63
381 366 8 0.8089 0.7994 19.161 19.212 -0.38934 -0.37016 0 64
381 374 9 0.7163 0.7135 10.663 11.989 -0.38334 -0.25016 0 64
381 419 10 0.7416 0.7473 8.306 8.036 -0.41934 -0.21416 0 63
381 342 11 0.8275 0.8142 5.735 5.712 -0.46734 -0.20216 0 63
381 467 12 0.7457 0.7218 14.85 15.416 -0.37134 -0.29216 0 64
381 428 13 0.7311 0.7382 5.291 5.293 -0.42534 -0.17816 0 63
381 353 14 0.692 0.7015 8.254 7.612 -0.39534 -0.19616 0 63
381 407 15 0.7893 0.7827 18.953 18.85 -0.38334 -0.35816 0 64
381 348 16 0.7038 0.7087 9.86 10.034 -0.38934 -0.22616 0 63
381 438 17 0.7625 0.7562 6.136 6.383 -0.43134 -0.19616 -0 63
381 399 18 0.7643 0.7382 15.044 15.884 -0.37734 -0.30416 0 64
381 526 19 0.7044 0.6999 17.374 16.784 -0.35334 -0.29816 0 64
381 386 20 0.8423 0.8446 11.834 11.696 -0.45534 -0.29216 0 63
381 311 21 0.795 0.8056 12.955 12.277 -0.43134 -0.28616 0 64
381 307 22 0.8298 0.8363 14.466 14.17 -0.43734 -0.32216 0 64
381 379 23 0.737 0.7446 9.847 9.085 -0.41334 -0.22616 0 64
381 388 24 0.8394 0.8411 11.401 11.341 -0.45534 -0.28616 0 63
381 382 25 0.8458 0.8481 12.263 12.048 -0.45534 -0.29816 0 63
381 303 26 0.8209 0.8238 14.306 14.078 -0.43134 -0.31616 0 64
381 422 27 0.7806 0.7716 5.486 5.601 -0.44334 -0.19016 -0 63
381 358 28 0.8325 0.8275 9.459 9.891 -0.45534 -0.26216 0 63
381 470 29 0.7479 0.7414 17.629 17.338 -0.37134 -0.32216 0 64
381 403 30 0.7695 0.746 15.958 16.644 -0.37734 -0.31616 0 64
381 437 31 0.7626 0.7592 7.075 6.799 -0.43134 -0.20216 -0 63
381 303 32 0.7886 0.7968 13.023 12.524 -0.42534 -0.28616 0 64
381 335 33 0.692 0.7078 9.062 8.494 -0.39534 -0.20816 0 63
381 508 34 0.7302 0.718 14.605 15.019 -0.37134 -0.28616 0 64
381 356 35 0.7733 0.767 11.154 10.469 -0.41934 -0.25016 0 64
381 404 36 0.7896 0.7777 8.111 7.824 -0.43734 -0.22016 0 63
381 354 37 0.8296 0.8275 9.307 9.891 -0.45534 -0.26216 0 63
381 483 38 0.7187 0.7204 18.489 17.621 -0.35934 -0.31616 -0 64
381 373 39 0.8136 0.8129 10.672 10.698 -0.44334 -0.26816 0 63
381 321 40 0.8335 0.8172 6.461 6.101 -0.46734 -0.20816 0 63
381 387 41 0.7284 0.7324 9.22 8.894 -0.40734 -0.22016 0 63
381 491 42 0.7383 0.7289 17.581 17.288 -0.36534 -0.31616 0 64
381 313 43 0.7926 0.7756 15.143 16.097 -0.39534 -0.32216 0 64
381 405 44 0.7639 0.7382 15.186 15.884 -0.37734 -0.30416 0 64
381 496 45 0.6946 0.6999 18.17 16.784 -0.35334 -0.29816 0 64
381 378 46 0.8283 0.8342 10.452 10.622 -0.45534 -0.27416 0 63
381 467 47 0.7498 0.7296 15.902 16.197 -0.37134 -0.30416 -0 64
381 419 48 0.7201 0.729 5.349 5.477 -0.41934 -0.17816 0 63
381 324 49 0.8345 0.8263 6.116 5.93 -0.47334 -0.20816 0 63
436 424 0 0.8221 0.8322 11.868 11.568 -0.44934 -0.28616 0 64
436 517 1 0.7321 0.7285 18.9 18.38 -0.35934 -0.32816 0 65
436 475 2 0.7799 0.7716 5.561 5.601 -0.44334 -0.19016 -0 64
436 363 3 0.8174 0.8217 15.594 16.008 -0.41934 -0.34016 0 64
436 418 4 0.7366 0.7313 11.163 11.458 -0.39534 -0.25016 -0 64
436 461 5 0.7324 0.7207 12.025 12.815 -0.38334 -0.26216 0 64
436 453 6 0.7708 0.766 9.468 9.047 -0.42534 -0.23216 -0 64
436 444 7 0.7968 0.7911 18.508 18.53 -0.38934 -0.35816 0 64
436 398 8 0.7003 0.7031 10.046 10.719 -0.38334 -0.23216 0 64
436 505 9 0.7364 0.7192 13.378 13.915 -0.37734 -0.27416 -0 64
436 437 10 0.8029 0.79 5.288 5.255 -0.45534 -0.19016 -0 64
436 518 11 0.7512 0.7414 17.522 17.338 -0.37134 -0.32216 0 65
436 410 12 0.8151 0.8053 8.628 8.595 -0.44934 -0.23816 0 64
436 428 13 0.8396 0.8432 10.029 10.406 -0.46134 -0.27416 0 64
436 341 14 0.8076 0.8064 14.552 14.605 -0.41934 -0.31616 0 64
436 421 15 0.7338 0.7389 10.324 9.729 -0.40734 -0.23216 -0 64
436 493 16 0.7476 0.7441 6.049 6.151 -0.42534 -0.19016 -0 64
436 550 17 0.7382 0.7257 15.726 15.809 -0.37134 -0.29816 0 65
436 468 18 0.7346 0.735 8.217 7.829 -0.41334 -0.20816 -0 64
436 416 19 0.8252 0.8246 18.281 18.279 -0.40734 -0.37016 0 64
436 500 20 0.6926 0.6994 19.165 17.922 -0.34734 -0.31016 0 65
436 525 21 0.7416 0.737 18.33 18.041 -0.36534 -0.32816 0 65
436 512 22 0.7361 0.7411 18.902 18.412 -0.36534 -0.33416 0 65
436 416 23 0.7761 0.7759 10.939 10.236 -0.42534 -0.25016 0 64
436 396 24 0.7762 0.7738 11.559 11.252 -0.41934 -0.26216 0 64
436 538 25 0.7433 0.7335 16.561 16.582 -0.37134 -0.31016 0 65
436 385 26 0.7926 0.7796 15.735 16.459 -0.39534 -0.32816 0 64
436 386 27 0.8348 0.8297 5.236 4.997 -0.47934 -0.19616 -0 63
436 442 28 0.7318 0.7414 9.176 8.67 -0.41334 -0.22016 -0 64
436 415 29 0.8119 0.7996 9.118 9.186 -0.44334 -0.24416 0 64
436 351 30 0.8423 0.8323 6.868 6.693 -0.47334 -0.22016 0 64
436 450 31 0.7457 0.7537 9.261 8.861 -0.41934 -0.22616 -0 64
436 553 32 0.737 0.721 16.647 16.518 -0.36534 -0.30416 -0 65
436 466 33 0.713 0.7228 6.013 6.105 -0.41334 -0.18416 0 63
436 472 34 0.7203 0.7258 6.886 6.541 -0.41334 -0.19016 -0 63
436 471 35 0.7469 0.7473 8.476 8.036 -0.41934 -0.21416 -0 64
436 409 36 0.8176 0.8165 17.37 17.608 -0.40734 -0.35816 0 64
436 389 37 0.8327 0.834 13.544 12.872 -0.44334 -0.30416 0 64
436 364 38 0.8002 0.8092 13.137 12.644 -0.43134 -0.29216 0 64
436 378 39 0.7742 0.7516 14.056 14.9 -0.38934 -0.29816 0 65
436 426 40 0.8024 0.8028 9.723 9.569 -0.44334 -0.25016 0 64
436 425 41 0.8398 0.8496 18.652 18.338 -0.41934 -0.38216 0 64
436 399 42 0.7969 0.7986 11.712 11.534 -0.43134 -0.27416 0 64
436 578 43 0.727 0.7132 15.425 15.73 -0.36534 -0.29216 0 64
436 452 44 0.7463 0.7537 9.226 8.861 -0.41934 -0.22616 -0 64
436 412 45 0.8135 0.8078 19.12 18.894 -0.39534 -0.37016 0 64
436 403 46 0.8178 0.8269 12.656 12.16 -0.44334 -0.29216 0 64
436 406 47 0.8329 0.8275 9.351 9.891 -0.45534 -0.26216 0 64
436 361 48 0.8456 0.8418 5.703 5.222 -0.48534 -0.20216 0 64
436 441 49 0.8471 0.854 17.846 17.726 -0.42534 -0.37616 0 64
490 467 0 0.8127 0.8053 8.705 8.595 -0.44934 -0.23816 0 64
490 423 1 0.8351 0.8293 6.416 6.313 -0.47334 -0.21416 -0 64
490 424 2 0.8032 0.8006 15.774 16.227 -0.40734 -0.33416 0 65
490 608 3 0.7073 0.698 13.261 14.104 -0.36534 -0.26816 -0 65
490 572 4 0.7511 0.7374 16.849 16.962 -0.37134 -0.31616 0 65
490 489 5 0.7231 0.7291 9.109 8.472 -0.40734 -0.21416 -0 64
490 469 6 0.7901 0.7882 10.887 10.395 -0.43134 -0.25616 0 65
490 441 7 0.8342 0.8297 4.957 4.997 -0.47934 -0.19616 -0 64
490 491 8 0.6995 0.7045 6.72 6.506 -0.40134 -0.18416 0 63
490 546 9 0.7617 0.7499 16.799 17.017 -0.37734 -0.32216 0 65
490 511 10 0.7884 0.7808 8.233 8.223 -0.43734 -0.22616 -0 64
490 653 11 0.6956 0.7007 16.14 15.649 -0.35934 -0.28616 -0 65
490 525 12 0.7497 0.7267 14.033 14.715 -0.37734 -0.28616 -0 65
490 482 13 0.8421 0.854 17.624 17.726 -0.42534 -0.37616 0 64
490 499 14 0.7626 0.7468 15.101 15.579 -0.38334 -0.30416 -0 65
490 498 15 0.772 0.7585 16.043 16.703 -0.38334 -0.32216 0 65
490 460 16 0.6925 0.7015 8.014 7.612 -0.39534 -0.19616 0 63
490 437 17 0.8185 0.817 16.324 16.634 -0.41334 -0.34616 0 65
490 435 18 0.7722 0.7738 12 11.252 -0.41934 -0.26216 0 65
490 556 19 0.752 0.7421 15.934 16.266 -0.37734 -0.31016 -0 65
490 426 20 0.8463 0.836 4.686 4.457 -0.48534 -0.19016 -0 64
490 593 21 0.7404 0.7335 16.706 16.582 -0.37134 -0.31016 -0 65
490 462 22 0.7882 0.7917 11.15 10.778 -0.43134 -0.26216 0 65
490 536 23 0.7341 0.7382 5.202 5.293 -0.42534 -0.17816 -0 64
490 520 24 0.7839 0.7745 5.662 6.012 -0.44334 -0.19616 -0 64
490 469 25 0.7462 0.7383 11.948 12.269 -0.39534 -0.26216 -0 65
490 451 26 0.761 0.7614 11.606 11.104 -0.41334 -0.25616 0 65
490 538 27 0.6981 0.6994 11.728 12.97 -0.37134 -0.25616 -0 64
490 469 28 0.8116 0.799 7.946 7.821 -0.44934 -0.22616 -0 64
490 658 29 0.6994 0.6969 15.276 15.241 -0.35934 -0.28016 -0 65
490 547 30 0.7662 0.7661 18.457 18.473 -0.37734 -0.34616 0 65
490 497 31 0.714 0.7261 4.487 5.038 -0.41934 -0.17216 -0 64
490 491 32 0.7282 0.7324 9.268 8.894 -0.40734 -0.22016 -0 65
490 456 33 0.81 0.811 12.121 11.669 -0.43734 -0.28016 0 65
490 532 34 0.7669 0.7658 4.712 4.769 -0.44334 -0.17816 -0 64
490 481 35 0.8044 0.7996 18.349 18.216 -0.39534 -0.35816 0 65
490 450 36 0.8193 0.811 7.023 6.666 -0.46134 -0.21416 -0 64
490 456 37 0.818 0.8049 7.385 7.239 -0.45534 -0.22016 -0 64
490 413 38 0.8171 0.8178 15.503 15.662 -0.41934 -0.33416 0 65
490 483 39 0.7482 0.7513 10.378 9.903 -0.41334 -0.23816 -0 65
490 478 40 0.7884 0.7849 10.452 10.009 -0.43134 -0.25016 0 65
490 628 41 0.7277 0.7171 15.83 16.126 -0.36534 -0.29816 -0 65
490 447 42 0.8278 0.8209 8.813 9.148 -0.45534 -0.25016 0 64
490 432 43 0.8421 0.8422 8.667 9.112 -0.46734 -0.25616 -0 64
490 462 44 0.8385 0.8398 9.456 10.045 -0.46134 -0.26816 -0 64
490 468 45 0.8164 0.8084 4.754 4.925 -0.46734 -0.19016 -0 64
490 556 46 0.7476 0.7452 19.296 18.779 -0.36534 -0.34016 -0 66
490 629 47 0.7227 0.7093 14.775 15.33 -0.36534 -0.28616 -0 65
490 473 48 0.7468 0.7457 10.634 10.548 -0.40734 -0.24416 -0 65
490 544 49 0.7464 0.7471 6.907 6.575 -0.42534 -0.19616 -0 64
544 561 0 0.7901 0.7808 8.264 8.223 -0.43734 -0.22616 -0 65
544 532 1 0.8254 0.8219 10.319 10.476 -0.44934 -0.26816 0 65
544 520 2 0.6968 0.7015 8.056 7.612 -0.39534 -0.19616 -0 64
544 518 3 0.8237 0.829 17.454 17.649 -0.41334 -0.36416 0 65
544 527 4 0.7815 0.771 16.174 16.761 -0.38934 -0.32816 0 66
544 547 5 0.7048 0.7106 7.381 7.394 -0.40134 -0.19616 -0 64
544 488 6 0.7913 0.7897 12.154 11.775 -0.42534 -0.27416 0 65
544 702 7 0.7103 0.7085 16.478 16.451 -0.35934 -0.29816 -0 66
544 644 8 0.7383 0.7329 17.742 17.667 -0.36534 -0.32216 -0 66
544 567 9 0.7891 0.7827 18.885 18.85 -0.38334 -0.35816 0 66
544 529 10 0.727 0.7224 11.02 11.72 -0.38934 -0.25016 -0 66
544 528 11 0.8098 0.8055 4.644 4.527 -0.46734 -0.18416 -0 64
544 582 12 0.7313 0.7379 7.266 6.772 -0.41934 -0.19616 -0 65
544 525 13 0.8158 0.8152 9.753 9.732 -0.44934 -0.25616 0 65
544 534 14 0.8423 0.8456 18.328 18.014 -0.41934 -0.37616 0 65
544 480 15 0.8386 0.8326 5.659 5.381 -0.47934 -0.20216 -0 64
544 624 16 0.7266 0.7285 18.86 18.38 -0.35934 -0.32816 -0 67
544 573 17 0.7848 0.7836 7.203 7.226 -0.44334 -0.21416 -0 65
544 481 18 0.8327 0.8267 8.258 8.572 -0.46134 -0.24416 -0 65
544 686 19 0.7151 0.7055 14.32 14.926 -0.36534 -0.28016 -0 66
544 488 20 0.8442 0.8413 13.734 13.572 -0.44334 -0.31616 0 65
544 499 21 0.814 0.8125 16.711 17.268 -0.40734 -0.35216 0 65
544 581 22 0.7223 0.7319 5.75 5.912 -0.41934 -0.18416 -0 64
544 639 23 0.7034 0.7031 12.678 13.388 -0.37134 -0.26216 -0 65
544 484 24 0.8071 0.8092 12.953 12.644 -0.43134 -0.29216 0 65
544 521 25 0.7909 0.7917 10.947 10.778 -0.43134 -0.26216 0 65
544 461 26 0.823 0.8227 15.029 15.041 -0.42534 -0.32816 0 65
544 500 27 0.7916 0.7951 11.732 11.158 -0.43134 -0.26816 0 65
544 532 28 0.8144 0.8164 11.263 11.068 -0.44334 -0.27416 0 65
544 533 29 0.775 0.7759 10.564 10.236 -0.42534 -0.25016 0 65
544 475 30 0.8421 0.845 14.223 13.918 -0.44334 -0.32216 0 65
544 601 31 0.7618 0.7539 17.108 17.387 -0.37734 -0.32816 -0 66
544 597 32 0.7701 0.7661 18.63 18.473 -0.37734 -0.34616 -0 66
544 658 33 0.7307 0.718 14.493 15.019 -0.37134 -0.28616 -0 66
544 547 34 0.6994 0.7045 6.517 6.506 -0.40134 -0.18416 -0 64
544 493 35 0.7614 0.7455 12.994 13.065 -0.39534 -0.27416 0 66
544 567 36 0.7095 0.7136 6.362 6.303 -0.40734 -0.18416 -0 64
544 478 37 0.8417 0.8428 15.334 15.799 -0.43134 -0.34616 0 65
544 572 38 0.7568 0.7595 8.758 8.237 -0.42534 -0.22016 -0 65
544 475 39 0.8099 0.8128 13.373 13.007 -0.43134 -0.29816 0 65
544 583 40 0.7783 0.7775 6.569 6.42 -0.44334 -0.20216 -0 65
544 558 41 0.776 0.7625 16.692 17.071 -0.38334 -0.32816 0 66
544 527 42 0.7217 0.7244 10.516 10.631 -0.39534 -0.23816 -0 65
544 551 43 0.749 0.7479 9.596 9.496 -0.41334 -0.23216 -0 65
544 526 44 0.7162 0.7233 9.488 9.125 -0.40134 -0.22016 -0 65
544 521 45 0.7566 0.7404 13.318 13.737 -0.38934 -0.28016 0 66
544 505 46 0.8305 0.834 13.134 12.872 -0.44334 -0.30416 0 65
544 544 47 0.7188 0.7259 8.715 8.045 -0.40734 -0.20816 -0 65
544 529 48 0.6978 0.7106 7.724 7.394 -0.40134 -0.19616 0 64
544 666 49 0.6972 0.7039 17.765 17.182 -0.35334 -0.30416 -0 66
599 603 0 0.7162 0.7232 4.388 4.595 -0.41934 -0.16616 -0 65
599 691 1 0.7433 0.7296 16.147 16.197 -0.37134 -0.30416 -0 67
599 621 2 0.7696 0.7718 8.851 8.431 -0.43134 -0.22616 -0 66
599 586 3 0.8187 0.8198 11.341 11.435 -0.44334 -0.28016 0 66
599 581 4 0.7336 0.7389 10.13 9.729 -0.40734 -0.23216 -0 66
599 529 5 0.8097 0.8128 13.359 13.007 -0.43134 -0.29816 0 66
599 598 6 0.7334 0.7259 11.895 12.131 -0.38934 -0.25616 -0 67
599 574 7 0.756 0.7404 13.371 13.737 -0.38934 -0.28016 -0 67
599 697 8 0.7371 0.7329 17.805 17.667 -0.36534 -0.32216 -0 67
599 640 9 0.76 0.7563 7.78 7.826 -0.42534 -0.21416 -0 66
599 603 10 0.715 0.7261 4.516 5.038 -0.41934 -0.17216 -0 65
599 611 11 0.7534 0.7391 14.228 14.809 -0.38334 -0.29216 -0 67
599 635 12 0.777 0.7716 5.259 5.601 -0.44334 -0.19016 -0 65
599 579 13 0.7837 0.7849 10.586 10.009 -0.43134 -0.25016 0 66
599 512 14 0.775 0.7667 12.969 12.917 -0.40734 -0.28016 0 67
599 598 15 0.7496 0.7513 10.043 9.903 -0.41334 -0.23816 -0 66
599 586 16 0.6952 0.7015 5.564 6.056 -0.40134 -0.17816 -0 64
599 631 17 0.7794 0.7745 18.28 18.15 -0.38334 -0.34616 0 66
599 712 18 0.7342 0.7257 15.508 15.809 -0.37134 -0.29816 -0 67
599 640 19 0.7322 0.7382 5.116 5.293 -0.42534 -0.17816 -1 65
599 575 20 0.8124 0.8019 6.861 6.848 -0.45534 -0.21416 -0 66
599 519 21 0.7871 0.7932 12.674 12.151 -0.42534 -0.28016 0 67
599 604 22 0.7493 0.7479 9.723 9.496 -0.41334 -0.23216 -0 66
599 523 23 0.8373 0.8293 6.484 6.313 -0.47334 -0.21416 -0 66
599 563 24 0.6946 0.7048 4.371 4.956 -0.40734 -0.16616 -0 65
599 561 25 0.8213 0.8205 5.075 5.157 -0.47334 -0.19616 -0 65
599 552 26 0.8213 0.8141 7.236 7.053 -0.46134 -0.22016 -0 66
599 575 27 0.8173 0.8233 12.08 11.799 -0.44334 -0.28616 0 66
599 585 28 0.8191 0.8198 11.428 11.435 -0.44334 -0.28016 0 66
599 611 29 0.7915 0.7899 8.083 8.019 -0.44334 -0.22616 -0 66
599 583 30 0.8094 0.7988 6.625 6.454 -0.45534 -0.20816 -0 65
599 547 31 0.8426 0.8455 8.994 9.476 -0.46734 -0.26216 -0 66
599 626 32 0.775 0.7664 17.319 17.434 -0.38334 -0.33416 -0 67
599 587 33 0.7929 0.7939 10.168 9.786 -0.43734 -0.25016 -0 66
599 752 34 0.6942 0.6931 14.509 14.829 -0.35934 -0.27416 -0 66
599 664 35 0.7501 0.7493 19.286 19.141 -0.36534 -0.34616 -0 67
599 584 36 0.7759 0.7759 10.675 10.236 -0.42534 -0.25016 -0 66
599 637 37 0.7472 0.7441 7.918 7.619 -0.41934 -0.20816 -0 66
599 518 38 0.8157 0.8201 14.036 13.724 -0.43134 -0.31016 0 66
599 641 39 0.7639 0.7654 7.827 7.621 -0.43134 -0.21416 -0 66
599 643 40 0.7663 0.7654 7.792 7.621 -0.43134 -0.21416 -0 66
599 623 41 0.7591 0.7627 8.797 8.643 -0.42534 -0.22616 -0 66
599 708 42 0.7014 0.698 13.112 14.104 -0.36534 -0.26816 -0 66
599 597 43 0.8441 0.85 10.956 11.119 -0.46134 -0.28616 -0 65
599 579 44 0.7317 0.73 10.165 9.967 -0.40134 -0.23216 -0 66
599 548 45 0.7603 0.756 12.079 11.749 -0.40734 -0.26216 -0 67
599 506 46 0.7779 0.7704 13.45 13.299 -0.40734 -0.28616 0 67
599 537 47 0.8358 0.8377 13.855 13.224 -0.44334 -0.31016 0 66
599 747 48 0.7033 0.7085 16.826 16.451 -0.35934 -0.29816 -0 67
599 764 49 0.6979 0.7007 15.96 15.649 -0.35934 -0.28616 -0 67
653 704 0 0.766 0.758 17.718 17.753 -0.37734 -0.33416 -0 67
653 743 1 0.7328 0.7329 18.201 17.667 -0.36534 -0.32216 -0 68
653 574 2 0.8185 0.8201 13.947 13.724 -0.43134 -0.31016 0 67
653 638 3 0.8416 0.8415 17.533 17.688 -0.41934 -0.37016 0 66
653 694 4 0.7601 0.7623 7.637 7.212 -0.43134 -0.20816 -0 66
653 739 5 0.6959 0.6943 12.718 13.686 -0.36534 -0.26216 -0 66
653 796 6 0.6912 0.696 16.838 16.382 -0.35334 -0.29216 -0 67
653 654 7 0.7894 0.783 17.4 17.833 -0.38934 -0.34616 -0 67
653 600 8 0.829 0.8209 8.767 9.148 -0.45534 -0.25016 -0 67
653 732 9 0.7159 0.7067 12.793 13.802 -0.37134 -0.26816 -0 67
653 585 10 0.8365 0.8326 5.789 5.381 -0.47934 -0.20216 -0 66
653 626 11 0.8139 0.805 6.117 5.883 -0.46134 -0.20216 -1 66
653 694 12 0.7306 0.7349 6.677 6.344 -0.41934 -0.19016 -1 66
653 686 13 0.7278 0.729 5.059 5.477 -0.41934 -0.17816 -1 66
653 649 14 0.7148 0.7169 8.463 8.267 -0.40134 -0.20816 -0 66
653 634 15 0.8165 0.8185 9.933 10.106 -0.44934 -0.26216 -0 66
653 594 16 0.8278 0.8202 6.416 6.487 -0.46734 -0.21416 -0 66
653 647 17 0.7751 0.771 16.27 16.761 -0.38934 -0.32816 -0 68
653 639 18 0.809 0.8021 5.653 5.487 -0.46134 -0.19616 -1 66
653 606 19 0.8359 0.8332 9.02 9.315 -0.46134 -0.25616 -0 67
653 591 20 0.7819 0.7718 15.211 15.731 -0.39534 -0.31616 -0 67
653 625 21 0.8203 0.8162 18.782 18.583 -0.40134 -0.37016 0 67
653 614 22 0.8398 0.8365 9.289 9.681 -0.46134 -0.26216 -0 66
653 689 23 0.7761 0.7716 5.245 5.601 -0.44334 -0.19016 -1 66
653 697 24 0.7328 0.7319 5.659 5.912 -0.41934 -0.18416 -1 66
653 609 25 0.7554 0.7472 12.018 12.006 -0.40134 -0.26216 -0 68
653 610 26 0.7963 0.796 16.466 16.872 -0.40134 -0.34016 -0 67
653 639 27 0.8208 0.8198 11.459 11.435 -0.44334 -0.28016 -0 66
653 621 28 0.8133 0.8198 11.915 11.435 -0.44334 -0.28016 0 66
653 600 29 0.8035 0.796 16.398 16.872 -0.40134 -0.34016 -0 67
653 570 30 0.8263 0.8265 15.13 15.388 -0.42534 -0.33416 0 67
653 561 31 0.8157 0.8189 14.814 14.692 -0.42534 -0.32216 0 67
653 686 32 0.7786 0.7716 5.32 5.601 -0.44334 -0.19016 -1 66
653 600 33 0.8287 0.8209 8.728 9.148 -0.45534 -0.25016 -0 67
653 669 34 0.7173 0.7135 11.56 11.989 -0.38334 -0.25016 -0 67
653 661 35 0.7669 0.7692 9.714 9.447 -0.42534 -0.23816 -0 67
653 555 36 0.8002 0.7977 14.855 14.877 -0.41334 -0.31616 0 67
653 653 37 0.7983 0.7931 8.465 8.412 -0.44334 -0.23216 -0 66
653 683 38 0.7371 0.7441 7.901 7.619 -0.41934 -0.20816 -0 66
653 682 39 0.7829 0.7745 7.45 7.421 -0.43734 -0.21416 -0 66
653 614 40 0.8283 0.8328 19.188 18.936 -0.40734 -0.38216 0 66
653 624 41 0.8133 0.8053 8.441 8.595 -0.44934 -0.23816 -0 66
653 558 42 0.8043 0.8077 13.958 13.623 -0.42534 -0.30416 0 67
653 654 43 0.7962 0.7871 4.621 4.849 -0.45534 -0.18416 -1 66
653 682 44 0.7674 0.7686 8.434 8.028 -0.43134 -0.22016 -0 67
653 704 45 0.7672 0.7577 18.761 18.803 -0.37134 -0.34616 -0 68
653 574 46 0.8112 0.8092 15.597 15.942 -0.41334 -0.33416 0 67
653 612 47 0.8219 0.8209 8.859 9.148 -0.45534 -0.25016 -0 67
653 667 48 0.7252 0.7261 4.432 5.038 -0.41934 -0.17216 -1 66
653 633 49 0.7784 0.7759 10.686 10.236 -0.42534 -0.25016 -0 67
708 752 0 0.7382 0.741 7.161 7.197 -0.41934 -0.20216 -1 67
708 658 1 0.8337 0.8421 16.453 16.742 -0.42534 -0.35816 0 67
708 722 2 0.7921 0.79 5.207 5.255 -0.45534 -0.19016 -1 67
708 703 3 0.8428 0.8446 11.586 11.696 -0.45534 -0.29216 -0 67
708 707 4 0.8008 0.7929 5.439 5.658 -0.45534 -0.19616 -1 67
708 620 5 0.7827 0.7766 14.617 15.073 -0.40134 -0.31016 -0 68
708 699 6 0.7388 0.7389 9.946 9.729 -0.40734 -0.23216 -0 68
708 770 7 0.7172 0.7201 19.15 18.727 -0.35334 -0.32816 -0 69
708 873 8 0.6992 0.7007 15.807 15.649 -0.35934 -0.28616 -0 68
708 838 9 0.7046 0.7039 17.416 17.182 -0.35334 -0.30416 -1 69
708 857 10 0.7158 0.7093 15.011 15.33 -0.36534 -0.28616 -0 68
708 764 11 0.7625 0.762 18.067 18.115 -0.37734 -0.34016 -0 68
708 613 12 0.7789 0.7792 13.159 13.035 -0.41334 -0.28616 -0 69
708 696 13 0.7989 0.7939 9.757 9.786 -0.43734 -0.25016 -0 67
708 679 14 0.8 0.804 11.124 10.925 -0.43734 -0.26816 -0 67
708 698 15 0.7251 0.7224 11.217 11.72 -0.38934 -0.25016 -0 68
708 847 16 0.6952 0.6999 17.042 16.784 -0.35334 -0.29816 -0 68
708 654 17 0.8221 0.8172 7.516 7.437 -0.46134 -0.22616 -0 67
708 776 18 0.757 0.7536 18.458 18.443 -0.37134 -0.34016 -0 69
708 683 19 0.8421 0.8398 9.742 10.045 -0.46134 -0.26816 -0 67
708 621 20 0.8257 0.8265 15.002 15.388 -0.42534 -0.33416 0 68
708 815 21 0.7302 0.7289 17.577 17.288 -0.36534 -0.31616 -1 69
708 677 22 0.7094 0.712 10.198 10.462 -0.38934 -0.23216 -1 67
708 665 23 0.6941 0.7048 4.467 4.956 -0.40734 -0.16616 -0 66
708 702 24 0.7662 0.7692 10.021 9.447 -0.42534 -0.23816 -0 68
708 730 25 0.7176 0.7198 5.309 5.665 -0.41334 -0.17816 -1 66
708 609 26 0.8089 0.8102 14.721 14.961 -0.41934 -0.32216 -0 68
708 772 27 0.7559 0.7536 18.742 18.443 -0.37134 -0.34016 -0 69
708 684 28 0.6916 0.6985 5.495 5.602 -0.40134 -0.17216 -0 65
708 751 29 0.7307 0.7319 5.986 5.912 -0.41934 -0.18416 -1 67
708 699 30 0.7035 0.7106 7.771 7.394 -0.40134 -0.19616 -0 66
708 690 31 0.8168 0.8164 11.291 11.068 -0.44334 -0.27416 -0 67
708 717 32 0.7698 0.7692 9.62 9.447 -0.42534 -0.23816 -0 67
708 672 33 0.8151 0.8053 8.446 8.595 -0.44934 -0.23816 -0 67
708 739 34 0.7608 0.763 4.402 4.349 -0.44334 -0.17216 -1 67
708 862 35 0.6914 0.7007 15.64 15.649 -0.35934 -0.28616 -0 68
708 635 36 0.838 0.8355 5.984 5.763 -0.47934 -0.20816 -1 67
708 694 37 0.7504 0.7513 10.374 9.903 -0.41334 -0.23816 -0 68
708 677 38 0.8409 0.8398 9.572 10.045 -0.46134 -0.26816 -0 67
708 782 39 0.718 0.716 18.864 18.347 -0.35334 -0.32216 -0 69
708 783 40 0.7383 0.7305 14.663 15.109 -0.37734 -0.29216 -1 68
708 736 41 0.7777 0.7705 17.806 17.794 -0.38334 -0.34016 -0 68
708 678 42 0.6916 0.6976 10.792 11.414 -0.37734 -0.23816 -0 67
708 800 43 0.7351 0.7218 14.82 15.416 -0.37134 -0.29216 -1 69
708 683 44 0.7374 0.7367 10.694 10.794 -0.40134 -0.24416 -0 68
708 664 45 0.7847 0.7827 11.473 11.012 -0.42534 -0.26216 -0 68
708 630 46 0.8055 0.8006 15.741 16.227 -0.40734 -0.33416 0 68
708 805 47 0.6956 0.6943 12.967 13.686 -0.36534 -0.26216 -0 67
708 720 48 0.718 0.7261 4.734 5.038 -0.41934 -0.17216 -1 66
708 711 49 0.7941 0.787 18.048 18.183 -0.38934 -0.35216 -0 68
762 799 0 0.7783 0.7745 6.012 6.012 -0.44334 -0.19616 -1 68
762 732 1 0.826 0.8287 18.736 18.609 -0.40734 -0.37616 0 68
762 733 2 0.7427 0.7402 11.177 11.202 -0.40134 -0.25016 -0 69
762 683 3 0.8446 0.8438 14.927 14.857 -0.43734 -0.33416 0 68
762 759 4 0.7735 0.7726 9.933 9.843 -0.42534 -0.24416 -1 68
762 775 5 0.7637 0.766 9.299 9.047 -0.42534 -0.23216 -1 68
762 878 6 0.7313 0.7257 15.842 15.809 -0.37134 -0.29816 -1 70
762 754 7 0.712 0.714 4.447 4.773 -0.41334 -0.16616 -1 67
762 699 8 0.8218 0.8256 16.088 16.35 -0.41934 -0.34616 -0 68
762 747 9 0.8384 0.8393 12.352 12.28 -0.44934 -0.29816 -0 68
762 784 10 0.784 0.7836 7.483 7.226 -0.44334 -0.21416 -1 68
762 729 11 0.7812 0.7793 11.071 10.626 -0.42534 -0.25616 -0 69
762 804 12 0.7438 0.7305 14.431 15.109 -0.37734 -0.29216 -0 70
762 736 13 0.7941 0.7875 16.84 17.173 -0.39534 -0.34016 -0 69
762 850 14 0.7397 0.7257 15.511 15.809 -0.37134 -0.29816 -1 70
762 844 15 0.7171 0.716 18.554 18.347 -0.35334 -0.32216 -0 70
762 751 16 0.7133 0.7169 8.63 8.267 -0.40134 -0.20816 -1 68
762 726 17 0.8427 0.8398 9.537 10.045 -0.46134 -0.26816 -0 68
762 709 18 0.7614 0.756 11.882 11.749 -0.40734 -0.26216 -0 69
762 732 19 0.8367 0.8412 18.819 18.634 -0.41334 -0.38216 0 68
762 828 20 0.7507 0.7452 18.855 18.779 -0.36534 -0.34016 -0 70
762 850 21 0.7371 0.737 18.093 18.041 -0.36534 -0.32816 -1 70
762 874 22 0.7268 0.718 14.456 15.019 -0.37134 -0.28616 -1 70
762 885 23 0.6968 0.698 13.496 14.104 -0.36534 -0.26816 -1 68
762 743 24 0.7915 0.7849 10.234 10.009 -0.43134 -0.25016 -0 68
762 797 25 0.7772 0.7744 19.032 19.178 -0.37734 -0.35816 -0 69
762 884 26 0.728 0.7249 16.901 16.905 -0.36534 -0.31016 -1 70
762 742 27 0.7583 0.7478 14.311 14.516 -0.38934 -0.29216 -0 70
762 746 28 0.7251 0.7324 9.341 8.894 -0.40734 -0.22016 -1 68
762 785 29 0.7799 0.7808 8.293 8.223 -0.43734 -0.22616 -1 68
762 791 30 0.7425 0.7473 8.184 8.036 -0.41934 -0.21416 -1 68
762 701 31 0.8021 0.796 16.275 16.872 -0.40134 -0.34016 -0 69
762 723 32 0.7093 0.7143 9.724 9.361 -0.39534 -0.22016 -1 68
762 690 33 0.8281 0.8289 13.889 13.471 -0.43734 -0.31016 -0 68
762 726 34 0.7968 0.804 11.063 10.925 -0.43734 -0.26816 -0 68
762 772 35 0.7906 0.7867 7.953 7.624 -0.44334 -0.22016 -0 68
762 724 36 0.8362 0.834 13.112 12.872 -0.44334 -0.30416 -0 68
762 807 37 0.7546 0.7501 7.196 6.996 -0.42534 -0.20216 -1 68
762 750 38 0.8058 0.7988 6.374 6.454 -0.45534 -0.20816 -1 68
762 832 39 0.7468 0.7421 16.051 16.266 -0.37734 -0.31016 -1 70
762 789 40 0.751 0.7504 8.408 8.451 -0.41934 -0.22016 -1 68
762 747 41 0.8405 0.8393 12.409 12.28 -0.44934 -0.29816 -0 68
762 737 42 0.7315 0.7333 10.425 10.382 -0.40134 -0.23816 -0 69
762 729 43 0.8142 0.8165 17.487 17.608 -0.40734 -0.35816 -0 68
762 760 44 0.8397 0.8411 11.275 11.341 -0.45534 -0.28616 -0 68
762 755 45 0.799 0.7963 8.719 8.801 -0.44334 -0.23816 -0 68
762 781 46 0.7163 0.7197 7.23 7.182 -0.40734 -0.19616 -1 67
762 675 47 0.821 0.8265 15.287 15.388 -0.42534 -0.33416 -0 69
762 758 48 0.7961 0.787 18.091 18.183 -0.38934 -0.35216 -0 69
762 730 49 0.8177 0.8162 18.929 18.583 -0.40134 -0.37016 -0 68
54 182 0 0.7178 0.7007 5.015 15.649 -0.35934 -0.28616 1 62
54 183 1 0.7635 0.7007 9.121 15.649 -0.35934 -0.28616 1 62
54 181 2 0.7336 0.7007 7.404 15.649 -0.35934 -0.28616 1 62
54 214 3 0.7496 0.7007 14.927 15.649 -0.35934 -0.28616 1 62
54 186 4 0.8075 0.7007 16.964 15.649 -0.35934 -0.28616 1 62
54 185 5 0.7359 0.7007 9.547 15.649 -0.35934 -0.28616 1 62
54 193 6 0.7623 0.7007 18.7 15.649 -0.35934 -0.28616 1 62
54 218 7 0.7296 0.7046 17.6 16.052 -0.35934 -0.29216 0 62
54 181 8 0.8314 0.7007 11.714 15.649 -0.35934 -0.28616 1 62
54 180 9 0.6962 0.7007 6.865 15.649 -0.35934 -0.28616 1 61
54 200 10 0.7657 0.7007 13.768 15.649 -0.35934 -0.28616 1 62
54 183 11 0.7916 0.7007 5.781 15.649 -0.35934 -0.28616 1 62
54 183 12 0.8013 0.7007 7.565 15.649 -0.35934 -0.28616 0 62
54 181 13 0.8016 0.7007 10.453 15.649 -0.35934 -0.28616 1 62
54 184 14 0.8177 0.7007 15.733 15.649 -0.35934 -0.28616 1 62
54 182 15 0.8168 0.7007 19.071 15.649 -0.35934 -0.28616 1 62
54 185 16 0.7993 0.7007 17.881 15.649 -0.35934 -0.28616 1 62
54 184 17 0.8086 0.7007 6.593 15.649 -0.35934 -0.28616 1 62
54 199 18 0.7703 0.7007 16.613 15.649 -0.35934 -0.28616 1 62
54 182 19 0.8332 0.7007 12.534 15.649 -0.35934 -0.28616 1 62
54 183 20 0.8429 0.7007 15.215 15.649 -0.35934 -0.28616 1 62
54 183 21 0.7691 0.7007 9.71 15.649 -0.35934 -0.28616 1 62
54 183 22 0.8077 0.7007 4.522 15.649 -0.35934 -0.28616 0 62
54 228 23 0.7266 0.7007 15.807 15.649 -0.35934 -0.28616 0 62
54 202 24 0.7668 0.7007 16.027 15.649 -0.35934 -0.28616 1 62
54 183 25 0.8075 0.7007 13.852 15.649 -0.35934 -0.28616 1 62
54 208 26 0.758 0.7007 14.803 15.649 -0.35934 -0.28616 1 62
54 186 27 0.8028 0.7007 14.798 15.649 -0.35934 -0.28616 1 62
54 184 28 0.7638 0.7007 9.469 15.649 -0.35934 -0.28616 1 62
54 185 29 0.8123 0.7007 15.694 15.649 -0.35934 -0.28616 0 62
54 216 30 0.7202 0.6969 12.758 15.241 -0.35934 -0.28016 0 62
54 183 31 0.7775 0.7007 7.217 15.649 -0.35934 -0.28616 1 62
54 220 32 0.6922 0.7007 18.086 15.649 -0.35934 -0.28616 0 62
54 185 33 0.7676 0.7007 10.481 15.649 -0.35934 -0.28616 1 62
54 182 34 0.7103 0.7007 4.352 15.649 -0.35934 -0.28616 1 61
54 180 35 0.8312 0.7007 11.031 15.649 -0.35934 -0.28616 0 62
54 232 36 0.7187 0.7007 15.195 15.649 -0.35934 -0.28616 0 62
54 183 37 0.766 0.7007 5.523 15.649 -0.35934 -0.28616 1 62
54 181 38 0.717 0.7007 6.357 15.649 -0.35934 -0.28616 1 62
54 182 39 0.7987 0.7007 11.41 15.649 -0.35934 -0.28616 1 62
54 183 40 0.825 0.7007 14.589 15.649 -0.35934 -0.28616 1 61
54 182 41 0.7653 0.7007 5.33 15.649 -0.35934 -0.28616 1 62
54 181 42 0.7285 0.7007 6.929 15.649 -0.35934 -0.28616 1 62
54 192 43 0.7296 0.6969 10.384 15.241 -0.35934 -0.28016 1 62
54 183 44 0.7792 0.7007 7.644 15.649 -0.35934 -0.28616 1 62
54 182 45 0.7398 0.7007 6.289 15.649 -0.35934 -0.28616 1 62
54 183 46 0.7894 0.7007 5.032 15.649 -0.35934 -0.28616 1 62
54 182 47 0.7778 0.7007 5.074 15.649 -0.35934 -0.28616 1 62
54 182 48 0.7462 0.7007 6.921 15.649 -0.35934 -0.28616 1 62
54 218 49 0.7431 0.7007 16.129 15.649 -0.35934 -0.28616 0 62
109 181 0 0.7096 0.7007 5.234 15.649 -0.35934 -0.28616 1 62
109 270 1 0.6916 0.696 17.608 16.382 -0.35334 -0.29216 0 62
109 183 2 0.8382 0.7007 8.482 15.649 -0.35934 -0.28616 1 62
109 185 3 0.8439 0.7007 16.204 15.649 -0.35934 -0.28616 1 62
109 183 4 0.8421 0.7007 17.946 15.649 -0.35934 -0.28616 1 62
109 183 5 0.8359 0.7007 9.451 15.649 -0.35934 -0.28616 1 62
109 184 6 0.8227 0.7007 16.397 15.649 -0.35934 -0.28616 1 62
109 182 7 0.7984 0.7007 5.213 15.649 -0.35934 -0.28616 0 62
109 182 8 0.7958 0.7007 10.984 15.649 -0.35934 -0.28616 0 62
109 186 9 0.8049 0.7007 17.452 15.649 -0.35934 -0.28616 1 62
109 186 10 0.8093 0.7007 15.968 15.649 -0.35934 -0.28616 1 62
109 286 11 0.7043 0.7007 14.972 15.649 -0.35934 -0.28616 0 62
109 271 12 0.7309 0.7007 15.683 15.649 -0.35934 -0.28616 0 62
109 214 13 0.774 0.7007 15.573 15.649 -0.35934 -0.28616 1 62
109 199 14 0.7835 0.7007 16.668 15.649 -0.35934 -0.28616 1 62
109 236 15 0.7096 0.7017 11.754 14.517 -0.36534 -0.27416 0 62
109 182 16 0.7428 0.7007 6.235 15.649 -0.35934 -0.28616 1 62
109 184 17 0.8444 0.7007 8.127 15.649 -0.35934 -0.28616 1 62
109 235 18 0.7389 0.7055 12.672 14.926 -0.36534 -0.28016 0 62
109 184 19 0.8223 0.7007 14.793 15.649 -0.35934 -0.28616 1 62
109 233 20 0.7454 0.7055 12.956 14.926 -0.36534 -0.28016 0 62
109 197 21 0.784 0.7007 17.088 15.649 -0.35934 -0.28616 1 62
109 181 22 0.7302 0.7007 6.511 15.649 -0.35934 -0.28616 1 62
109 182 23 0.7481 0.7007 6.884 15.649 -0.35934 -0.28616 1 62
109 256 24 0.7435 0.7093 14.936 15.33 -0.36534 -0.28616 0 62
109 185 25 0.8477 0.7007 16.317 15.649 -0.35934 -0.28616 1 62
109 183 26 0.843 0.7007 6.163 15.649 -0.35934 -0.28616 0 62
109 184 27 0.7915 0.7007 10.715 15.649 -0.35934 -0.28616 0 62
109 185 28 0.7811 0.7007 10.918 15.649 -0.35934 -0.28616 0 62
109 183 29 0.829 0.7007 13.594 15.649 -0.35934 -0.28616 1 62
109 183 30 0.7924 0.7007 5.622 15.649 -0.35934 -0.28616 1 62
109 189 31 0.7083 0.6969 9.051 15.241 -0.35934 -0.28016 1 62
109 182 32 0.7644 0.7007 6.96 15.649 -0.35934 -0.28616 1 62
109 181 33 0.7273 0.7007 7.437 15.649 -0.35934 -0.28616 1 62
109 184 34 0.8176 0.7007 13.49 15.649 -0.35934 -0.28616 1 62
109 183 35 0.7756 0.7007 10.094 15.649 -0.35934 -0.28616 0 62
109 182 36 0.7573 0.7007 5.619 15.649 -0.35934 -0.28616 1 62
109 203 37 0.7304 0.6969 10.496 15.241 -0.35934 -0.28016 0 62
109 183 38 0.8129 0.7007 18.679 15.649 -0.35934 -0.28616 1 62
109 188 39 0.7905 0.7007 12.986 15.649 -0.35934 -0.28616 0 62
109 184 40 0.8291 0.7007 16.715 15.649 -0.35934 -0.28616 1 62
109 188 41 0.8013 0.7007 14.89 15.649 -0.35934 -0.28616 1 62
109 182 42 0.7359 0.7007 7.89 15.649 -0.35934 -0.28616 1 62
109 263 43 0.7385 0.7093 15.209 15.33 -0.36534 -0.28616 1 62
109 194 44 0.7386 0.6969 10.025 15.241 -0.35934 -0.28016 0 62
109 230 45 0.7017 0.6931 11.398 14.829 -0.35934 -0.27416 0 62
109 181 46 0.6926 0.6969 7.622 15.241 -0.35934 -0.28016 1 61
109 184 47 0.8444 0.7007 16.081 15.649 -0.35934 -0.28616 1 62
109 226 48 0.7615 0.7093 14.163 15.33 -0.36534 -0.28616 0 62
109 182 49 0.7359 0.7007 4.906 15.649 -0.35934 -0.28616 1 62
163 184 0 0.8223 0.7007 4.487 15.649 -0.35934 -0.28616 0 62
163 182 1 0.846 0.7007 9.729 15.649 -0.35934 -0.28616 1 62
163 185 2 0.816 0.7007 13.531 15.649 -0.35934 -0.28616 1 62
163 183 3 0.8191 0.7007 4.771 15.649 -0.35934 -0.28616 1 62
163 221 4 0.7462 0.7055 11.224 14.926 -0.36534 -0.28016 0 62
163 186 5 0.8182 0.7007 7.927 15.649 -0.35934 -0.28616 1 62
163 214 6 0.7212 0.7349 6.889 6.344 -0.41934 -0.19016 0 62
163 220 7 0.7624 0.7623 7.68 7.212 -0.43134 -0.20816 0 62
163 181 8 0.8244 0.7007 10.816 15.649 -0.35934 -0.28616 1 62
163 186 9 0.8214 0.7007 14.168 15.649 -0.35934 -0.28616 1 62
163 201 10 0.7892 0.7007 16.785 15.649 -0.35934 -0.28616 1 62
163 188 11 0.8358 0.7007 14.119 15.649 -0.35934 -0.28616 1 62
163 212 12 0.7837 0.7702 19.025 18.827 -0.37734 -0.35216 0 62
163 183 13 0.8323 0.7007 11.295 15.649 -0.35934 -0.28616 1 62
163 212 14 0.7825 0.7132 14.69 15.73 -0.36534 -0.29216 0 62
163 183 15 0.833 0.7007 11.138 15.649 -0.35934 -0.28616 1 62
163 219 16 0.7385 0.7411 4.969 5.724 -0.42534 -0.18416 0 62
163 331 17 0.7063 0.7046 16.95 16.052 -0.35934 -0.29216 0 62
163 319 18 0.6904 0.696 17.549 16.382 -0.35334 -0.29216 0 62
163 192 19 0.7088 0.729 4.549 5.477 -0.41934 -0.17816 1 62
163 184 20 0.8457 0.7007 11.874 15.649 -0.35934 -0.28616 1 62
163 209 21 0.7153 0.7319 6.16 5.912 -0.41934 -0.18416 1 62
163 196 22 0.7109 0.7288 7.673 6.974 -0.41334 -0.19616 1 62
163 185 23 0.8419 0.7007 4.909 15.649 -0.35934 -0.28616 0 62
163 183 24 0.82 0.7007 18.836 15.649 -0.35934 -0.28616 1 62
163 248 25 0.7572 0.7093 13.317 15.33 -0.36534 -0.28616 0 62
163 183 26 0.8196 0.7007 4.721 15.649 -0.35934 -0.28616 1 62
163 203 27 0.7911 0.7775 6.639 6.42 -0.44334 -0.20216 0 62
163 184 28 0.8346 0.7007 8.442 15.649 -0.35934 -0.28616 1 62
163 214 29 0.7816 0.7684 6.995 6.607 -0.43734 -0.20216 0 62
163 318 30 0.7174 0.7055 13.826 14.926 -0.36534 -0.28016 0 62
163 187 31 0.8304 0.7007 15.029 15.649 -0.35934 -0.28616 1 62
163 335 32 0.7048 0.6969 14.528 15.241 -0.35934 -0.28016 0 62
163 265 33 0.7143 0.7017 11.611 14.517 -0.36534 -0.27416 0 62
163 213 34 0.7836 0.7132 15.562 15.73 -0.36534 -0.29216 0 62
163 184 35 0.836 0.7007 5.732 15.649 -0.35934 -0.28616 1 62
163 212 36 0.7178 0.7349 6.14 6.344 -0.41934 -0.19016 0 62
163 184 37 0.8358 0.7007 12.451 15.649 -0.35934 -0.28616 1 62
163 201 38 0.711 0.7319 5.301 5.912 -0.41934 -0.18416 1 62
163 194 39 0.801 0.7007 16.438 15.649 -0.35934 -0.28616 1 62
163 181 40 0.7998 0.7007 10.473 15.649 -0.35934 -0.28616 1 62
163 195 41 0.7351 0.6969 9.399 15.241 -0.35934 -0.28016 1 62
163 185 42 0.8392 0.7007 8.907 15.649 -0.35934 -0.28616 1 62
163 258 43 0.7632 0.7171 16.066 16.126 -0.36534 -0.29816 0 62
163 321 44 0.6984 0.6969 13.699 15.241 -0.35934 -0.28016 0 62
163 242 45 0.7596 0.7329 18.323 17.667 -0.36534 -0.32216 0 62
163 229 46 0.7488 0.7055 11.642 14.926 -0.36534 -0.28016 0 62
163 228 47 0.7533 0.7532 6.141 5.963 -0.43134 -0.19016 0 62
163 274 48 0.7193 0.7124 19.076 16.846 -0.35934 -0.30416 0 62
163 265 49 0.7172 0.7017 11.659 14.517 -0.36534 -0.27416 0 62
218 258 0 0.7167 0.729 5.275 5.477 -0.41934 -0.17816 0 62
218 276 1 0.733 0.7349 6.363 6.344 -0.41934 -0.19016 0 62
218 262 2 0.7224 0.729 5.11 5.477 -0.41934 -0.17816 0 62
218 246 3 0.7881 0.7779 4.424 5.016 -0.44934 -0.18416 0 62
218 354 4 0.7247 0.7055 13.666 14.926 -0.36534 -0.28016 0 62
218 318 5 0.7353 0.7204 18.525 17.621 -0.35934 -0.31616 0 63
218 247 6 0.7027 0.698 10.233 14.104 -0.36534 -0.26816 0 62
218 294 7 0.753 0.7411 18.985 18.412 -0.36534 -0.33416 0 63
218 387 8 0.6992 0.7046 16.56 16.052 -0.35934 -0.29216 0 62
218 211 9 0.8408 0.871 16.317 17.165 -0.43734 -0.37616 1 62
218 308 10 0.6942 0.698 11.646 14.104 -0.36534 -0.26816 0 62
218 308 11 0.746 0.737 18.541 18.041 -0.36534 -0.32816 0 63
218 225 12 0.691 0.7136 5.988 6.303 -0.40734 -0.18416 0 62
218 226 13 0.6998 0.7169 4.502 5.221 -0.41334 -0.17216 1 62
218 380 14 0.7177 0.7093 14.726 15.33 -0.36534 -0.28616 0 62
218 231 15 0.7158 0.7259 8.745 8.045 -0.40734 -0.20816 0 62
218 219 16 0.8081 0.7871 4.665 4.849 -0.45534 -0.18416 0 62
218 216 17 0.8196 0.8253 10.882 10.843 -0.44934 -0.27416 0 62
218 278 18 0.7658 0.7592 6.745 6.799 -0.43134 -0.20216 0 62
218 245 19 0.7127 0.698 10.262 14.104 -0.36534 -0.26816 0 62
218 201 20 0.8283 0.8496 18.82 18.338 -0.41934 -0.38216 1 62
218 253 21 0.7783 0.7686 8.699 8.028 -0.43134 -0.22016 0 62
218 281 22 0.7471 0.7441 6.255 6.151 -0.42534 -0.19016 0 62
218 331 23 0.7483 0.721 16.402 16.518 -0.36534 -0.30416 0 62
218 186 24 0.8208 0.7007 14.029 15.649 -0.35934 -0.28616 1 62
218 274 25 0.7708 0.7624 5.744 5.78 -0.43734 -0.19016 0 62
218 373 26 0.6961 0.6931 13.817 14.829 -0.35934 -0.27416 0 62
218 346 27 0.7218 0.7124 18.108 16.846 -0.35934 -0.30416 0 63
218 188 28 0.8336 0.7007 14.967 15.649 -0.35934 -0.28616 1 62
218 212 29 0.7628 0.7055 11.158 14.926 -0.36534 -0.28016 1 63
218 207 30 0.8144 0.7953 18.606 18.873 -0.38934 -0.36416 1 62
218 184 31 0.8307 0.7007 6.38 15.649 -0.35934 -0.28616 1 62
218 271 32 0.7758 0.7684 6.855 6.607 -0.43734 -0.20216 0 62
218 260 33 0.7167 0.7319 5.643 5.912 -0.41934 -0.18416 0 62
218 214 34 0.7122 0.698 9.482 14.104 -0.36534 -0.26816 1 62
218 232 35 0.7042 0.7197 8.008 7.182 -0.40734 -0.19616 0 62
218 222 36 0.8042 0.784 8.731 8.618 -0.43734 -0.23216 0 62
218 205 37 0.7935 0.7132 15.474 15.73 -0.36534 -0.29216 0 62
218 223 38 0.8362 0.8665 17.981 17.762 -0.43134 -0.38216 1 62
218 228 39 0.7247 0.7382 9.352 8.251 -0.41334 -0.21416 0 62
218 258 40 0.7879 0.7714 7.04 7.016 -0.43734 -0.20816 0 62
218 355 41 0.7146 0.7017 13.228 14.517 -0.36534 -0.27416 0 62
218 240 42 0.801 0.7837 5.814 5.833 -0.44934 -0.19616 0 62
218 336 43 0.7419 0.721 17.159 16.518 -0.36534 -0.30416 0 63
218 221 44 0.8356 0.8466 10.204 10.764 -0.46134 -0.28016 1 62
218 216 45 0.8393 0.8432 9.803 10.406 -0.46134 -0.27416 1 62
218 268 46 0.728 0.7411 5.259 5.724 -0.42534 -0.18416 0 62
218 335 47 0.7005 0.698 12.337 14.104 -0.36534 -0.26816 0 62
218 266 48 0.7749 0.7623 7.608 7.212 -0.43134 -0.20816 0 62
218 277 49 0.7543 0.7142 12.962 14.618 -0.37134 -0.28016 0 62
272 257 0 0.8146 0.7996 9.235 9.186 -0.44334 -0.24416 0 63
272 265 1 0.8131 0.7928 6.986 7.035 -0.44934 -0.21416 0 63
272 214 2 0.839 0.8413 14.244 13.572 -0.44334 -0.31616 1 63
272 276 3 0.828 0.8377 10.95 10.983 -0.45534 -0.28016 0 63
272 316 4 0.7755 0.758 17.095 17.753 -0.37734 -0.33416 0 63
272 231 5 0.7833 0.718 13.467 15.019 -0.37134 -0.28616 0 63
272 295 6 0.7829 0.775 9.168 8.83 -0.43134 -0.23216 0 63
272 225 7 0.8252 0.834 13.733 12.872 -0.44334 -0.30416 1 63
272 313 8 0.738 0.7105 11.914 14.212 -0.37134 -0.27416 0 63
272 360 9 0.7426 0.737 18.621 18.041 -0.36534 -0.32816 0 63
272 373 10 0.7274 0.7204 18.66 17.621 -0.35934 -0.31616 0 63
272 284 11 0.6972 0.7106 5.457 5.858 -0.40734 -0.17816 0 62
272 246 12 0.7678 0.767 11.494 10.469 -0.41934 -0.25016 0 63
272 214 13 0.8153 0.817 15.88 16.634 -0.41334 -0.34616 1 63
272 354 14 0.7567 0.7414 17.183 17.338 -0.37134 -0.32216 0 63
272 317 15 0.7654 0.7296 15.375 16.197 -0.37134 -0.30416 0 63
272 285 16 0.7994 0.7899 8.254 8.019 -0.44334 -0.22616 0 63
272 301 17 0.7511 0.7504 9.162 8.451 -0.41934 -0.22016 0 63
272 252 18 0.8422 0.8517 13.187 12.398 -0.45534 -0.30416 0 63
272 317 19 0.7273 0.7379 7.365 6.772 -0.41934 -0.19616 0 62
272 363 20 0.7135 0.7067 12.127 13.802 -0.37134 -0.26816 0 63
272 251 21 0.7664 0.767 11.365 10.469 -0.41934 -0.25016 0 63
272 324 22 0.7364 0.741 7.439 7.197 -0.41934 -0.20216 0 62
272 331 23 0.7713 0.7577 18.833 18.803 -0.37134 -0.34616 0 63
272 286 24 0.7253 0.7382 9.007 8.251 -0.41334 -0.21416 0 63
272 276 25 0.8417 0.8625 17.314 17.443 -0.43134 -0.37616 0 62
272 250 26 0.8208 0.8162 18.867 18.583 -0.40134 -0.37016 1 63
272 264 27 0.8097 0.7996 9.165 9.186 -0.44334 -0.24416 0 63
272 340 28 0.7654 0.7495 17.734 18.079 -0.37134 -0.33416 0 63
272 228 29 0.84 0.8506 15.534 16.465 -0.43134 -0.35816 1 63
272 277 30 0.7004 0.7197 7.774 7.182 -0.40734 -0.19616 0 62
272 319 31 0.7641 0.7257 15.126 15.809 -0.37134 -0.29816 0 63
272 342 32 0.7589 0.7296 15.586 16.197 -0.37134 -0.30416 0 63
272 204 33 0.844 0.8263 6.138 5.93 -0.47334 -0.20816 0 63
272 264 34 0.8141 0.8129 10.522 10.698 -0.44334 -0.26816 0 63
272 328 35 0.7702 0.7624 5.772 5.78 -0.43734 -0.19016 0 63
272 268 36 0.7377 0.7479 10.239 9.496 -0.41334 -0.23216 0 63
272 295 37 0.697 0.6943 10.623 13.686 -0.36534 -0.26216 0 62
272 369 38 0.7459 0.7329 17.851 17.667 -0.36534 -0.32216 0 63
272 283 39 0.8481 0.8535 12.009 11.472 -0.46134 -0.29216 0 62
272 205 40 0.8378 0.8172 7.535 7.437 -0.46134 -0.22616 0 63
272 332 41 0.7521 0.7503 5.296 5.54 -0.43134 -0.18416 0 62
272 278 42 0.7858 0.7815 10.011 9.619 -0.43134 -0.24416 0 63
272 312 43 0.7524 0.7563 8.58 7.826 -0.42534 -0.21416 0 63
272 380 44 0.7422 0.718 14.491 15.019 -0.37134 -0.28616 0 63
272 295 45 0.7715 0.766 9.44 9.047 -0.42534 -0.23216 0 63
272 414 46 0.7235 0.7124 17.21 16.846 -0.35934 -0.30416 0 63
272 370 47 0.7207 0.7204 18.855 17.621 -0.35934 -0.31616 0 63
272 374 48 0.7485 0.7296 16.115 16.197 -0.37134 -0.30416 0 63
272 317 49 0.7654 0.7566 4.509 4.94 -0.43734 -0.17816 0 63
327 450 0 0.7373 0.7132 15.562 15.73 -0.36534 -0.29216 0 63
327 498 1 0.7031 0.7007 15.263 15.649 -0.35934 -0.28616 0 63
327 253 2 0.8249 0.8303 15.196 15.731 -0.42534 -0.34016 1 63
327 359 3 0.7769 0.7718 8.767 8.431 -0.43134 -0.22616 0 63
327 296 4 0.7006 0.7065 9.99 11.146 -0.38334 -0.23816 0 63
327 308 5 0.8336 0.8393 12.933 12.28 -0.44934 -0.29816 0 63
327 332 6 0.8046 0.7867 6.248 6.236 -0.44934 -0.20216 0 63
327 253 7 0.8358 0.8438 14.813 14.857 -0.43734 -0.33416 1 63
327 273 8 0.8381 0.8234 5.574 5.545 -0.47334 -0.20216 0 63
327 336 9 0.7802 0.7625 16.287 17.071 -0.38334 -0.32816 0 63
327 352 10 0.7082 0.7166 6.817 6.744 -0.40734 -0.19016 0 62
327 268 11 0.8 0.8056 12.889 12.277 -0.43134 -0.28616 0 63
327 290 12 0.8225 0.8081 7.673 7.627 -0.45534 -0.22616 0 63
327 339 13 0.6985 0.7136 6.4 6.303 -0.40734 -0.18416 0 62
327 312 14 0.789 0.7882 10.877 10.395 -0.43134 -0.25616 0 63
327 310 15 0.7631 0.7229 12.937 14.317 -0.37734 -0.28016 0 63
327 339 16 0.8007 0.7897 6.999 6.637 -0.44934 -0.20816 0 63
327 332 17 0.7698 0.7692 10.253 9.447 -0.42534 -0.23816 0 63
327 397 18 0.7453 0.7452 19.303 18.779 -0.36534 -0.34016 0 64
327 402 19 0.7572 0.7536 18.659 18.443 -0.37134 -0.34016 0 64
327 366 20 0.7331 0.7353 4.484 4.859 -0.42534 -0.17216 0 63
327 294 21 0.8264 0.8176 4.929 4.766 -0.47334 -0.19016 0 63
327 373 22 0.7559 0.7566 4.365 4.94 -0.43734 -0.17816 0 63
327 333 23 0.7954 0.783 17.671 17.833 -0.38934 -0.34616 0 63
327 270 24 0.8394 0.8413 14.081 13.572 -0.44334 -0.31616 0 63
327 251 25 0.8024 0.8128 13.618 13.007 -0.43134 -0.29816 0 63
327 480 26 0.7096 0.7085 17.179 16.451 -0.35934 -0.29816 0 63
327 310 27 0.7034 0.7169 8.877 8.267 -0.40134 -0.20816 0 63
327 363 28 0.7563 0.7595 8.778 8.237 -0.42534 -0.22016 0 63
327 321 29 0.794 0.7939 10.13 9.786 -0.43734 -0.25016 0 63
327 275 30 0.8353 0.8381 15.679 16.409 -0.42534 -0.35216 1 63
327 423 31 0.7342 0.7142 13.453 14.618 -0.37134 -0.28016 0 63
327 356 32 0.7208 0.7319 7.894 7.404 -0.41334 -0.20216 0 63
327 287 33 0.6986 0.7143 9.61 9.361 -0.39534 -0.22016 0 63
327 243 34 0.8122 0.8201 14.316 13.724 -0.43134 -0.31016 1 63
327 495 35 0.7087 0.7046 16.286 16.052 -0.35934 -0.29216 0 63
327 330 36 0.8321 0.8411 11.516 11.341 -0.45534 -0.28616 0 63
327 443 37 0.7212 0.7105 13.236 14.212 -0.37134 -0.27416 0 63
327 459 38 0.7057 0.7039 17.937 17.182 -0.35334 -0.30416 0 64
327 243 39 0.7901 0.7593 14.341 15.656 -0.38934 -0.31016 0 63
327 333 40 0.6958 0.7106 5.785 5.858 -0.40734 -0.17816 0 62
327 445 41 0.729 0.7164 17.706 17.236 -0.35934 -0.31016 0 64
327 281 42 0.8369 0.8268 4.457 4.61 -0.47934 -0.19016 0 62
327 336 43 0.8392 0.8411 11.203 11.341 -0.45534 -0.28616 0 63
327 365 44 0.7836 0.7702 19.038 18.827 -0.37734 -0.35216 0 63
327 461 45 0.7341 0.7171 16.105 16.126 -0.36534 -0.29816 0 63
327 304 46 0.8284 0.8371 18.772 18.309 -0.41334 -0.37616 0 63
327 326 47 0.8243 0.8253 10.918 10.843 -0.44934 -0.27416 0 63
327 310 48 0.8344 0.8398 9.598 10.045 -0.46134 -0.26816 0 63
327 259 49 0.8139 0.8252 13.862 13.117 -0.43734 -0.30416 0 63
381 481 0 0.7329 0.7329 18.125 17.667 -0.36534 -0.32216 0 64
381 368 1 0.8034 0.8006 10.742 10.549 -0.43734 -0.26216 0 63
381 360 2 0.7428 0.7402 11.285 11.202 -0.40134 -0.25016 0 64
381 545 3 0.7128 0.7093 15.166 15.33 -0.36534 -0.28616 0 64
381 422 4 0.7255 0.7288 7.256 6.974 -0.41334 -0.19616 -0 63
381 461 5 0.7347 0.7285 18.933 18.38 -0.35934 -0.32816 0 64
381 317 6 0.8309 0.8342 15.481 16.072 -0.42534 -0.34616 0 64
381 395 7 0.7124 0.7261 4.598 5.038 -0.41934 -0.17216 0 63
381 550 8 0.707 0.7007 15.412 15.649 -0.35934 -0.28616 0 64
381 312 9 0.8198 0.8217 15.563 16.008 -0.41934 -0.34016 0 64
381 388 10 0.839 0.8411 11.5 11.341 -0.45534 -0.28616 0 63
381 460 11 0.7525 0.7495 18.109 18.079 -0.37134 -0.33416 0 64
381 327 12 0.8102 0.818 13.151 12.399 -0.43734 -0.29216 0 64
381 426 13 0.7349 0.7382 4.782 5.293 -0.42534 -0.17816 0 63
381 354 14 0.8273 0.8287 18.998 18.609 -0.40734 -0.37616 0 63
381 433 15 0.7332 0.7411 5.441 5.724 -0.42534 -0.18416 0 63
381 482 16 0.7064 0.7079 18.71 17.574 -0.35334 -0.31016 0 64
381 472 17 0.7399 0.737 18.367 18.041 -0.36534 -0.32816 0 64
381 354 18 0.8225 0.8152 9.207 9.732 -0.44934 -0.25616 0 64
381 494 19 0.7238 0.7164 18.081 17.236 -0.35934 -0.31016 -0 64
381 337 20 0.8319 0.8205 5.254 5.157 -0.47334 -0.19616 0 63
381 306 21 0.7911 0.7718 14.903 15.731 -0.39534 -0.31616 0 64
381 404 22 0.7707 0.766 9.187 9.047 -0.42534 -0.23216 0 63
381 418 23 0.7223 0.7288 7.432 6.974 -0.41334 -0.19616 0 63
381 474 24 0.7484 0.7296 16.114 16.197 -0.37134 -0.30416 0 64
381 382 25 0.6957 0.7106 5.677 5.858 -0.40734 -0.17816 0 62
381 313 26 0.8217 0.8217 15.568 16.008 -0.41934 -0.34016 0 64
381 473 27 0.7465 0.7414 17.357 17.338 -0.37134 -0.32216 0 64
381 428 28 0.7542 0.7563 8.094 7.826 -0.42534 -0.21416 0 63
381 378 29 0.7952 0.783 17.19 17.833 -0.38934 -0.34616 0 64
381 421 30 0.7828 0.7745 5.924 6.012 -0.44334 -0.19616 -0 63
381 405 31 0.7444 0.7504 9.033 8.451 -0.41934 -0.22016 0 64
381 360 32 0.7433 0.7402 11.298 11.202 -0.40134 -0.25016 0 64
381 364 33 0.7607 0.7636 10.965 10.073 -0.41934 -0.24416 0 64
381 379 34 0.7786 0.7585 16.005 16.703 -0.38334 -0.32216 0 64
381 412 35 0.7799 0.775 4.586 4.603 -0.44934 -0.17816 -0 63
381 373 36 0.8412 0.8496 18.786 18.338 -0.41934 -0.38216 0 63
381 422 37 0.7232 0.7258 6.804 6.541 -0.41334 -0.19016 -0 63
381 373 38 0.8091 0.7928 7.104 7.035 -0.44934 -0.21416 -0 63
381 416 39 0.7771 0.7686 8.129 8.028 -0.43134 -0.22016 -0 63
381 351 40 0.7812 0.7671 15.434 16.397 -0.38934 -0.32216 0 64
381 379 41 0.7178 0.7291 9.099 8.472 -0.40734 -0.21416 0 63
381 370 42 0.7693 0.7636 10.723 10.073 -0.41934 -0.24416 0 64
381 369 43 0.8071 0.8129 10.693 10.698 -0.44334 -0.26816 0 63
381 305 44 0.823 0.8326 14.28 13.822 -0.43734 -0.31616 0 64
381 400 45 0.796 0.7837 5.817 5.833 -0.44934 -0.19616 -0 63
381 421 46 0.7572 0.7563 8.418 7.826 -0.42534 -0.21416 0 63
381 379 47 0.828 0.8377 10.752 10.983 -0.45534 -0.28016 0 63
381 434 48 0.7599 0.7421 16.036 16.266 -0.37734 -0.31016 0 64
381 372 49 0.7707 0.7726 10.668 9.843 -0.42534 -0.24416 0 64
436 584 0 0.6924 0.6931 14.117 14.829 -0.35934 -0.27416 -0 64
436 425 1 0.8176 0.8219 10.372 10.476 -0.44934 -0.26816 0 64
436 390 2 0.8033 0.796 16.322 16.872 -0.40134 -0.34016 0 64
436 471 3 0.7461 0.7473 8.481 8.036 -0.41934 -0.21416 -0 64
436 418 4 0.7327 0.7278 11.027 11.046 -0.39534 -0.24416 0 64
436 441 5 0.8439 0.85 11.211 11.119 -0.46134 -0.28616 0 64
436 495 6 0.7193 0.7119 12.145 13.098 -0.37734 -0.26216 -0 64
436 477 7 0.7421 0.7445 4.477 4.685 -0.43134 -0.17216 -0 64
436 416 8 0.696 0.7077 4.592 5.409 -0.40734 -0.17216 0 63
436 423 9 0.7242 0.7266 9.901 9.548 -0.40134 -0.22616 -0 64
436 434 10 0.7624 0.7391 14.339 14.809 -0.38334 -0.29216 0 65
436 462 11 0.7891 0.7836 7.546 7.226 -0.44334 -0.21416 -0 64
436 467 12 0.7419 0.7192 12.84 13.915 -0.37734 -0.27416 0 64
436 397 13 0.7722 0.7429 14.461 15.196 -0.38334 -0.29816 0 65
436 420 14 0.8129 0.7992 5.089 5.088 -0.46134 -0.19016 -0 64
436 454 15 0.7586 0.7305 14.559 15.109 -0.37734 -0.29216 0 64
436 470 16 0.7841 0.7744 19.181 19.178 -0.37734 -0.35816 0 64
436 471 17 0.7156 0.7228 6.196 6.105 -0.41334 -0.18416 0 63
436 470 18 0.7839 0.7808 5.382 5.426 -0.44934 -0.19016 -0 64
436 383 19 0.8277 0.8202 6.64 6.487 -0.46734 -0.21416 0 64
436 352 20 0.8211 0.8276 14.563 14.428 -0.43134 -0.32216 0 64
436 421 21 0.848 0.8481 12.756 12.048 -0.45534 -0.29816 0 64
436 417 22 0.8147 0.8021 5.665 5.487 -0.46134 -0.19616 -0 64
436 543 23 0.7078 0.7067 12.879 13.802 -0.37134 -0.26816 -0 64
436 359 24 0.7998 0.8092 13.306 12.644 -0.43134 -0.29216 0 64
436 411 25 0.7128 0.7176 10.029 9.788 -0.39534 -0.22616 -0 64
436 390 26 0.8374 0.8332 8.846 9.315 -0.46134 -0.25616 0 64
436 561 27 0.7311 0.7218 15.062 15.416 -0.37134 -0.29216 -0 64
436 440 28 0.8027 0.7958 6.019 6.058 -0.45534 -0.20216 -0 64
436 585 29 0.6908 0.696 16.92 16.382 -0.35334 -0.29216 -0 64
436 405 30 0.8222 0.8113 5.253 5.32 -0.46734 -0.19616 -0 63
436 428 31 0.7273 0.7356 9.712 9.313 -0.40734 -0.22616 -0 64
436 522 32 0.7358 0.7142 13.783 14.618 -0.37134 -0.28016 -0 64
436 544 33 0.7397 0.7296 16.338 16.197 -0.37134 -0.30416 0 65
436 440 34 0.6952 0.6958 10.951 12.547 -0.37134 -0.25016 0 64
436 405 35 0.8384 0.8365 9.279 9.681 -0.46134 -0.26216 0 64
436 412 36 0.8153 0.7988 6.519 6.454 -0.45534 -0.20816 -0 64
436 414 37 0.8325 0.8375 17.164 17.358 -0.41934 -0.36416 0 64
436 460 38 0.7874 0.7808 8.311 8.223 -0.43734 -0.22616 0 64
436 485 39 0.7338 0.7411 5.447 5.724 -0.42534 -0.18416 -0 63
436 422 40 0.835 0.8415 17.558 17.688 -0.41934 -0.37016 0 64
436 474 41 0.706 0.6994 11.508 12.97 -0.37134 -0.25616 0 64
436 437 42 0.7551 0.7316 13.418 14.024 -0.38334 -0.28016 0 65
436 354 43 0.8252 0.8313 14.706 14.775 -0.43134 -0.32816 0 64
436 415 44 0.8126 0.8198 11.814 11.435 -0.44334 -0.28016 0 64
436 424 45 0.8172 0.8219 10.252 10.476 -0.44934 -0.26816 0 64
436 398 46 0.6973 0.7078 9.007 8.494 -0.39534 -0.20816 0 63
436 445 47 0.7538 0.7316 13.551 14.024 -0.38334 -0.28016 0 65
436 409 48 0.8149 0.799 7.794 7.821 -0.44934 -0.22616 0 64
436 471 49 0.7837 0.7806 6.964 6.824 -0.44334 -0.20816 -0 64
490 511 0 0.7808 0.775 9.016 8.83 -0.43134 -0.23216 0 65
490 444 1 0.7889 0.7951 11.79 11.158 -0.43134 -0.26816 0 65
490 610 2 0.7345 0.7257 15.734 15.809 -0.37134 -0.29816 -0 65
490 471 3 0.7097 0.7201 9.027 8.698 -0.40134 -0.21416 -0 64
490 453 4 0.8441 0.8506 16.12 16.465 -0.43134 -0.35816 0 64
490 574 5 0.7218 0.7245 18.844 18.003 -0.35934 -0.32216 0 66
490 431 6 0.771 0.7684 12.211 11.887 -0.41334 -0.26816 0 65
490 507 7 0.7071 0.7106 5.918 5.858 -0.40734 -0.17816 -0 63
490 458 8 0.8169 0.8049 7.271 7.239 -0.45534 -0.22016 -0 64
490 596 9 0.718 0.7204 18.224 17.621 -0.35934 -0.31616 -0 66
490 501 10 0.7105 0.7169 4.783 5.221 -0.41334 -0.17216 -0 64
490 511 11 0.6999 0.6994 11.339 12.97 -0.37134 -0.25616 0 64
490 438 12 0.7701 0.7478 13.99 14.516 -0.38934 -0.29216 0 65
490 461 13 0.7683 0.7429 14.537 15.196 -0.38334 -0.29816 0 65
490 416 14 0.8352 0.8263 7.305 7.252 -0.46734 -0.22616 -0 64
490 540 15 0.7736 0.7661 18.627 18.473 -0.37734 -0.34616 0 65
490 468 16 0.7814 0.7793 10.941 10.626 -0.42534 -0.25616 0 65
490 512 17 0.7255 0.735 8.168 7.829 -0.41334 -0.20816 -0 64
490 478 18 0.8322 0.8308 10.013 10.258 -0.45534 -0.26816 0 64
490 494 19 0.7557 0.7354 13.809 14.418 -0.38334 -0.28616 0 65
490 488 20 0.7309 0.7356 9.48 9.313 -0.40734 -0.22616 -0 65
490 432 21 0.8396 0.8389 4.949 4.841 -0.48534 -0.19616 -0 64
490 498 22 0.7944 0.7899 8.356 8.019 -0.44334 -0.22616 -0 64
490 514 23 0.7848 0.7779 4.625 5.016 -0.44934 -0.18416 -0 64
490 616 24 0.6991 0.698 13.283 14.104 -0.36534 -0.26816 -0 64
490 475 25 0.8352 0.8415 17.887 17.688 -0.41934 -0.37016 0 64
490 469 26 0.8117 0.808 17.967 17.909 -0.40134 -0.35816 0 65
490 477 27 0.8125 0.8164 11.027 11.068 -0.44334 -0.27416 0 64
490 421 28 0.7775 0.7808 12.475 12.021 -0.41934 -0.27416 0 65
490 540 29 0.7556 0.7532 7.395 7.413 -0.42534 -0.20816 -0 64
490 538 30 0.768 0.7623 7.408 7.212 -0.43134 -0.20816 -0 64
490 502 31 0.7084 0.7169 4.926 5.221 -0.41334 -0.17216 -0 64
490 520 32 0.7867 0.7806 7.058 6.824 -0.44334 -0.20816 -0 64
490 431 33 0.8278 0.8203 7.855 7.818 -0.46134 -0.23216 -0 64
490 542 34 0.7329 0.7349 6.467 6.344 -0.41934 -0.19016 -0 64
490 562 35 0.7565 0.7536 18.459 18.443 -0.37134 -0.34016 -0 65
490 452 36 0.7932 0.7835 16.174 16.818 -0.39534 -0.33416 0 65
490 467 37 0.8056 0.804 11.249 10.925 -0.43734 -0.26816 0 64
490 510 38 0.7889 0.7808 8.25 8.223 -0.43734 -0.22616 -0 64
490 535 39 0.7328 0.7382 5.164 5.293 -0.42534 -0.17816 -0 64
490 602 40 0.7362 0.7218 15.269 15.416 -0.37134 -0.29216 -0 65
490 500 41 0.7834 0.7782 9.504 9.226 -0.43134 -0.23816 0 65
490 477 42 0.8098 0.8062 9.942 9.948 -0.44334 -0.25616 0 64
490 476 43 0.7687 0.7507 15.085 15.957 -0.38334 -0.31016 -0 65
490 406 44 0.825 0.8227 14.963 15.041 -0.42534 -0.32816 0 65
490 545 45 0.7637 0.7624 5.623 5.78 -0.43734 -0.19016 -0 64
490 610 46 0.6956 0.698 13.146 14.104 -0.36534 -0.26816 -0 64
490 421 47 0.8065 0.8128 13.255 13.007 -0.43134 -0.29816 0 65
490 415 48 0.8407 0.8438 14.746 14.857 -0.43734 -0.33416 0 65
490 498 49 0.796 0.7911 18.417 18.53 -0.38934 -0.35816 0 65
544 507 0 0.7037 0.7087 9.85 10.034 -0.38934 -0.22616 0 65
544 554 1 0.7979 0.7929 5.42 5.658 -0.45534 -0.19616 -0 65
544 485 2 0.821 0.8252 13.529 13.117 -0.43734 -0.30416 0 65
544 578 3 0.7484 0.7473 8.401 8.036 -0.41934 -0.21416 -0 65
544 587 4 0.775 0.7716 5.488 5.601 -0.44334 -0.19016 -0 65
544 582 5 0.745 0.7229 13.762 14.317 -0.37734 -0.28016 -0 66
544 546 6 0.722 0.7291 8.929 8.472 -0.40734 -0.21416 -0 65
544 538 7 0.7341 0.7259 11.594 12.131 -0.38934 -0.25616 -0 66
544 483 8 0.8279 0.8203 7.682 7.818 -0.46134 -0.23216 -0 65
544 516 9 0.8079 0.804 17.193 17.567 -0.40134 -0.35216 0 65
544 500 10 0.7599 0.7404 13.1 13.737 -0.38934 -0.28016 -0 66
544 508 11 0.811 0.8125 17.041 17.268 -0.40734 -0.35216 0 65
544 500 12 0.7581 0.756 11.956 11.749 -0.40734 -0.26216 0 66
544 483 13 0.8244 0.8256 15.931 16.35 -0.41934 -0.34616 0 65
544 485 14 0.8055 0.8045 16.098 16.578 -0.40734 -0.34016 0 65
544 462 15 0.7817 0.7844 12.858 12.401 -0.41934 -0.28016 0 66
544 684 16 0.6948 0.6999 17.239 16.784 -0.35334 -0.29816 -0 66
544 545 17 0.7937 0.783 17.652 17.833 -0.38934 -0.34616 0 65
544 486 18 0.8414 0.836 4.773 4.457 -0.48534 -0.19016 -0 64
544 619 19 0.737 0.7411 18.835 18.412 -0.36534 -0.33416 -0 66
544 524 20 0.8264 0.8269 12.469 12.16 -0.44334 -0.29216 0 65
544 644 21 0.7204 0.7105 13.26 14.212 -0.37134 -0.27416 -0 66
544 704 22 0.708 0.7046 16.489 16.052 -0.35934 -0.29216 -0 66
544 542 23 0.7961 0.7873 9.23 9.011 -0.43734 -0.23816 0 65
544 484 24 0.8306 0.8172 6.289 6.101 -0.46734 -0.20816 -0 65
544 564 25 0.7907 0.7808 5.314 5.426 -0.44934 -0.19016 -0 65
544 515 26 0.692 0.6985 4.89 5.602 -0.40134 -0.17216 0 64
544 465 27 0.8483 0.8447 5.666 5.6 -0.48534 -0.20816 -0 65
544 543 28 0.8436 0.8466 10.524 10.764 -0.46134 -0.28016 0 65
544 484 29 0.8331 0.8263 5.993 5.93 -0.47334 -0.20816 -0 65
544 557 30 0.7072 0.7166 7.07 6.744 -0.40734 -0.19016 -0 64
544 600 31 0.7424 0.7441 5.99 6.151 -0.42534 -0.19016 -0 65
544 698 32 0.7204 0.7132 15.581 15.73 -0.36534 -0.29216 -0 66
544 522 33 0.7827 0.771 16.144 16.761 -0.38934 -0.32816 -0 66
544 607 34 0.7407 0.7229 13.941 14.317 -0.37734 -0.28016 -0 66
544 636 35 0.7403 0.737 18.079 18.041 -0.36534 -0.32816 -0 66
544 467 36 0.8357 0.84 14.638 14.515 -0.43734 -0.32816 0 65
544 540 37 0.7416 0.7295 12.272 12.539 -0.38934 -0.26216 -0 66
544 517 38 0.8363 0.8375 16.888 17.358 -0.41934 -0.36416 0 65
544 577 39 0.6992 0.6994 11.583 12.97 -0.37134 -0.25616 -0 65
544 475 40 0.772 0.7684 12.444 11.887 -0.41334 -0.26816 0 66
544 668 41 0.7208 0.7164 17.633 17.236 -0.35934 -0.31016 -0 66
544 597 42 0.7382 0.7411 5.838 5.724 -0.42534 -0.18416 -0 65
544 531 43 0.6921 0.7045 6.412 6.506 -0.40134 -0.18416 0 63
544 519 44 0.7111 0.712 10.255 10.462 -0.38934 -0.23216 -0 65
544 579 45 0.7179 0.7228 5.906 6.105 -0.41334 -0.18416 -0 64
544 557 46 0.7366 0.7243 12.291 13.222 -0.38334 -0.26816 -0 66
544 563 47 0.7261 0.7171 11.855 12.404 -0.38334 -0.25616 -0 66
544 655 48 0.7369 0.7249 16.773 16.905 -0.36534 -0.31016 -0 66
544 582 49 0.7236 0.7319 5.633 5.912 -0.41934 -0.18416 -0 64
599 629 0 0.7251 0.7207 12.1 12.815 -0.38334 -0.26216 -0 66
599 618 1 0.726 0.7171 11.878 12.404 -0.38334 -0.25616 -0 66
599 514 2 0.8168 0.8178 15.248 15.662 -0.41934 -0.33416 0 66
599 497 3 0.7836 0.7777 13.745 14.052 -0.40734 -0.29816 0 67
599 699 4 0.7248 0.7204 18.208 17.621 -0.35934 -0.31616 -0 67
599 579 5 0.743 0.7423 10.591 10.14 -0.40734 -0.23816 -0 66
599 513 6 0.7816 0.7728 14.497 14.703 -0.40134 -0.30416 0 67
599 644 7 0.7725 0.7684 6.776 6.607 -0.43734 -0.20216 -1 66
599 502 8 0.8453 0.8415 6.764 6.519 -0.47934 -0.22016 -0 66
599 542 9 0.8207 0.8216 13.259 12.76 -0.43734 -0.29816 0 66
599 584 10 0.8085 0.8062 9.827 9.948 -0.44334 -0.25616 0 66
599 742 11 0.7185 0.7085 16.578 16.451 -0.35934 -0.29816 -0 67
599 580 12 0.8087 0.8021 8.072 8.209 -0.44934 -0.23216 -0 66
599 528 13 0.8143 0.8216 13.451 12.76 -0.43734 -0.29816 0 66
599 531 14 0.7988 0.8056 12.753 12.277 -0.43134 -0.28616 0 66
599 713 15 0.7325 0.7218 14.988 15.416 -0.37134 -0.29216 -0 67
599 697 16 0.6968 0.6943 12.859 13.686 -0.36534 -0.26216 -0 66
599 653 17 0.7476 0.7471 6.774 6.575 -0.42534 -0.19616 -0 65
599 591 18 0.8041 0.7958 7.663 7.429 -0.44934 -0.22016 -0 66
599 600 19 0.734 0.7414 9.211 8.67 -0.41334 -0.22016 -0 66
599 641 20 0.7448 0.7441 7.583 7.619 -0.41934 -0.20816 -0 66
599 591 21 0.7996 0.787 18.009 18.183 -0.38934 -0.35216 0 66
599 683 22 0.6933 0.6943 12.63 13.686 -0.36534 -0.26216 -0 65
599 562 23 0.825 0.8304 12.905 12.517 -0.44334 -0.29816 0 66
599 628 24 0.7741 0.7664 17.38 17.434 -0.38334 -0.33416 -0 67
599 635 25 0.7452 0.7473 8.07 8.036 -0.41934 -0.21416 -0 66
599 594 26 0.7729 0.7726 10.278 9.843 -0.42534 -0.24416 -0 66
599 581 27 0.8148 0.8185 10.117 10.106 -0.44934 -0.26216 0 66
599 688 28 0.7326 0.7329 18.256 17.667 -0.36534 -0.32216 -0 67
599 574 29 0.8322 0.8375 17.186 17.358 -0.41934 -0.36416 0 66
599 695 30 0.738 0.7218 15.12 15.416 -0.37134 -0.29216 -0 67
599 506 31 0.7776 0.7704 13.195 13.299 -0.40734 -0.28616 0 67
599 579 32 0.825 0.8308 9.963 10.258 -0.45534 -0.26816 -0 66
599 537 33 0.8285 0.8202 6.759 6.487 -0.46734 -0.21416 -0 66
599 681 34 0.7475 0.7454 17.867 17.71 -0.37134 -0.32816 -0 67
599 547 35 0.8271 0.834 13.393 12.872 -0.44334 -0.30416 0 66
599 567 36 0.8211 0.8148 4.486 4.372 -0.47334 -0.18416 -0 65
599 529 37 0.831 0.8203 7.761 7.818 -0.46134 -0.23216 -0 66
599 552 38 0.8361 0.8332 8.973 9.315 -0.46134 -0.25616 -0 66
599 536 39 0.8353 0.8299 8.495 8.945 -0.46134 -0.25016 -0 66
599 644 40 0.7275 0.7319 5.849 5.912 -0.41934 -0.18416 -0 65
599 626 41 0.75 0.7305 14.355 15.109 -0.37734 -0.29216 -0 67
599 565 42 0.8201 0.8142 5.599 5.712 -0.46734 -0.20216 -0 65
599 619 43 0.7723 0.7718 8.937 8.431 -0.43134 -0.22616 -0 66
599 753 44 0.696 0.7046 16.29 16.052 -0.35934 -0.29216 -0 67
599 679 45 0.7403 0.7411 18.566 18.412 -0.36534 -0.33416 -0 67
599 623 46 0.7678 0.7585 16.433 16.703 -0.38334 -0.32216 0 67
599 596 47 0.782 0.7815 10.012 9.619 -0.43134 -0.24416 -0 66
599 529 48 0.8417 0.8418 5.296 5.222 -0.48534 -0.20216 -0 65
599 589 49 0.7973 0.7955 17.571 17.872 -0.39534 -0.35216 0 66
653 594 0 0.7939 0.7986 12.146 11.534 -0.43134 -0.27416 0 67
653 685 1 0.7836 0.7806 6.853 6.824 -0.44334 -0.20816 -0 66
653 660 2 0.7208 0.7135 11.521 11.989 -0.38334 -0.25016 -0 67
653 556 3 0.7887 0.7852 14.495 14.791 -0.40734 -0.31016 0 67
653 701 4 0.7656 0.7592 6.712 6.799 -0.43134 -0.20216 -1 66
653 635 5 0.7958 0.7972 10.468 10.169 -0.43734 -0.25616 -0 67
653 559 6 0.8119 0.8102 14.953 14.961 -0.41934 -0.32216 0 67
653 663 7 0.7082 0.7047 11.293 12.265 -0.37734 -0.25016 -0 67
653 659 8 0.7932 0.7899 8.284 8.019 -0.44334 -0.22616 -0 66
653 667 9 0.7536 0.7391 14.624 14.809 -0.38334 -0.29216 -0 68
653 638 10 0.7541 0.7354 13.668 14.418 -0.38334 -0.28616 -0 68
653 630 11 0.8221 0.8233 12.122 11.799 -0.44334 -0.28616 0 66
653 619 12 0.8056 0.811 11.799 11.669 -0.43734 -0.28016 0 67
653 717 13 0.7083 0.7119 19.027 17.963 -0.35334 -0.31616 -0 68
653 629 14 0.7195 0.721 9.988 10.211 -0.39534 -0.23216 -0 67
653 586 15 0.8469 0.8453 4.617 4.308 -0.49134 -0.19016 -0 65
653 618 16 0.8176 0.8086 8.868 8.977 -0.44934 -0.24416 -0 66
653 636 17 0.8094 0.8019 6.841 6.848 -0.45534 -0.21416 -0 66
653 645 18 0.7874 0.7849 10.074 10.009 -0.43134 -0.25016 -0 67
653 557 19 0.813 0.8102 14.875 14.961 -0.41934 -0.32216 0 67
653 600 20 0.7929 0.7986 11.984 11.534 -0.43134 -0.27416 0 67
653 631 21 0.7337 0.7333 10.613 10.382 -0.40134 -0.23816 -0 67
653 592 22 0.7621 0.7596 12.428 12.142 -0.40734 -0.26816 -0 68
653 681 23 0.7847 0.7808 5.221 5.426 -0.44934 -0.19016 -1 66
653 686 24 0.7687 0.7658 4.415 4.769 -0.44334 -0.17816 -1 66
653 601 25 0.6939 0.7046 8.645 8.055 -0.39534 -0.20216 -0 65
653 750 26 0.729 0.7142 13.988 14.618 -0.37134 -0.28016 -0 67
653 640 27 0.8381 0.8432 10.209 10.406 -0.46134 -0.27416 -0 66
653 702 28 0.7667 0.758 17.719 17.753 -0.37734 -0.33416 -0 67
653 806 29 0.7176 0.7132 15.502 15.73 -0.36534 -0.29216 -0 67
653 731 30 0.7452 0.7411 18.643 18.412 -0.36534 -0.33416 -0 68
653 705 31 0.7406 0.7411 5.607 5.724 -0.42534 -0.18416 -1 66
653 681 32 0.7775 0.775 4.616 4.603 -0.44934 -0.17816 -1 66
653 651 33 0.7606 0.7602 10.13 9.672 -0.41934 -0.23816 -0 67
653 619 34 0.8459 0.8546 16.451 16.794 -0.43134 -0.36416 0 66
653 660 35 0.7874 0.783 17.487 17.833 -0.38934 -0.34616 -0 67
653 629 36 0.8114 0.8053 8.76 8.595 -0.44934 -0.23816 -0 66
653 686 37 0.7767 0.7687 5.122 5.187 -0.44334 -0.18416 -1 66
653 628 38 0.7459 0.7383 12.033 12.269 -0.39534 -0.26216 -0 68
653 608 39 0.8118 0.818 12.544 12.399 -0.43734 -0.29216 0 67
653 657 40 0.7947 0.7931 8.427 8.412 -0.44334 -0.23216 -0 66
653 680 41 0.734 0.735 8.182 7.829 -0.41334 -0.20816 -0 66
653 677 42 0.7847 0.7786 18.27 18.502 -0.38334 -0.35216 -0 67
653 643 43 0.7099 0.7169 8.38 8.267 -0.40134 -0.20816 -0 66
653 591 44 0.7655 0.7596 12.26 12.142 -0.40734 -0.26816 -0 68
653 631 45 0.8047 0.8006 10.723 10.549 -0.43734 -0.26216 0 67
653 641 46 0.6944 0.7015 6.306 6.056 -0.40134 -0.17816 -0 65
653 617 47 0.8261 0.8304 12.91 12.517 -0.44334 -0.29816 0 66
653 625 48 0.7829 0.771 16.205 16.761 -0.38934 -0.32816 -0 67
653 582 49 0.8279 0.8342 15.752 16.072 -0.42534 -0.34616 0 67
708 702 0 0.7748 0.7726 10.146 9.843 -0.42534 -0.24416 -0 67
708 760 1 0.7543 0.746 16.177 16.644 -0.37734 -0.31616 -0 69
708 744 2 0.763 0.7499 16.697 17.017 -0.37734 -0.32216 -0 68
708 740 3 0.7387 0.7445 4.682 4.685 -0.43134 -0.17216 -1 67
708 739 4 0.7278 0.7288 7.331 6.974 -0.41334 -0.19616 -1 67
708 663 5 0.8325 0.8332 9.133 9.315 -0.46134 -0.25616 -0 67
708 723 6 0.7097 0.7166 6.663 6.744 -0.40734 -0.19016 -1 66
708 782 7 0.7423 0.7343 15.252 15.499 -0.37734 -0.29816 -0 69
708 752 8 0.7561 0.7595 5.105 5.361 -0.43734 -0.18416 -1 67
708 736 9 0.7753 0.7687 4.817 5.187 -0.44334 -0.18416 -1 67
708 733 10 0.705 0.7047 11.603 12.265 -0.37734 -0.25016 -0 67
708 696 11 0.7232 0.7233 9.312 9.125 -0.40134 -0.22016 -0 67
708 831 12 0.7231 0.7142 14.512 14.618 -0.37134 -0.28016 -1 68
708 735 13 0.7352 0.7353 4.433 4.859 -0.42534 -0.17216 -1 67
708 691 14 0.8167 0.8219 10.596 10.476 -0.44934 -0.26816 -0 67
708 702 15 0.7996 0.7899 8.188 8.019 -0.44334 -0.22616 -0 67
708 753 16 0.7647 0.7654 6.496 6.195 -0.43734 -0.19616 -1 67
708 691 17 0.8051 0.7996 8.981 9.186 -0.44334 -0.24416 -0 67
708 659 18 0.7689 0.7704 11.502 10.862 -0.41934 -0.25616 -0 68
708 682 19 0.6964 0.7015 7.537 7.612 -0.39534 -0.19616 -0 66
708 733 20 0.7193 0.7258 6.884 6.541 -0.41334 -0.19016 -1 66
708 755 21 0.7662 0.7654 6.413 6.195 -0.43734 -0.19616 -1 67
708 698 22 0.785 0.775 16.853 17.122 -0.38934 -0.33416 -0 68
708 640 23 0.7913 0.7932 12.446 12.151 -0.42534 -0.28016 -0 68
708 719 24 0.7698 0.7585 16.385 16.703 -0.38334 -0.32216 -0 68
708 696 25 0.6941 0.7015 5.933 6.056 -0.40134 -0.17816 -0 65
708 693 26 0.798 0.7915 17.47 17.524 -0.39534 -0.34616 -0 68
708 623 27 0.7988 0.8004 13.175 12.893 -0.42534 -0.29216 0 68
708 687 28 0.8415 0.85 17.24 17.401 -0.42534 -0.37016 0 67
708 695 29 0.821 0.8253 11.017 10.843 -0.44934 -0.27416 -0 67
708 622 30 0.7802 0.7844 12.722 12.401 -0.41934 -0.28016 -0 68
708 758 31 0.7483 0.7441 6.157 6.151 -0.42534 -0.19016 -1 67
708 617 32 0.8378 0.8294 7.377 7.629 -0.46734 -0.23216 -0 67
708 678 33 0.8426 0.8398 9.627 10.045 -0.46134 -0.26816 -0 67
708 705 34 0.8473 0.85 11.221 11.119 -0.46134 -0.28616 -0 67
708 815 35 0.7275 0.7289 17.593 17.288 -0.36534 -0.31616 -1 69
708 662 36 0.8184 0.821 16.77 16.976 -0.41334 -0.35216 0 68
708 685 37 0.7411 0.7348 11.833 11.865 -0.39534 -0.25616 -0 69
708 704 38 0.8406 0.8411 11.122 11.341 -0.45534 -0.28616 -0 67
708 672 39 0.8202 0.8142 5.786 5.712 -0.46734 -0.20216 -1 67
708 684 40 0.8292 0.829 17.662 17.649 -0.41334 -0.36416 0 67
708 789 41 0.737 0.737 18.446 18.041 -0.36534 -0.32816 -1 69
708 749 42 0.7523 0.7382 15.464 15.884 -0.37734 -0.30416 -0 68
708 703 43 0.7446 0.7367 12.93 13.342 -0.38934 -0.27416 -0 69
708 774 44 0.7573 0.7536 18.352 18.443 -0.37134 -0.34016 -0 69
708 767 45 0.7313 0.7326 19.302 18.753 -0.35934 -0.33416 -0 69
708 688 46 0.7539 0.7404 13.554 13.737 -0.38934 -0.28016 -0 69
708 687 47 0.7497 0.7546 10.559 10.307 -0.41334 -0.24416 -0 68
708 624 48 0.7938 0.7929 15.368 15.516 -0.40734 -0.32216 -0 68
708 682 49 0.818 0.8152 9.5 9.732 -0.44934 -0.25616 -0 67
762 689 0 0.8417 0.8418 5.377 5.222 -0.48534 -0.20216 -1 67
762 778 1 0.7857 0.7827 19.196 18.85 -0.38334 -0.35816 -0 69
762 764 2 0.7492 0.7479 9.743 9.496 -0.41334 -0.23216 -1 68
762 736 3 0.8183 0.8162 18.606 18.583 -0.40134 -0.37016 0 68
762 740 4 0.8419 0.846 17.074 17.073 -0.42534 -0.36416 0 68
762 710 5 0.825 0.8172 6.248 6.101 -0.46734 -0.20816 -1 68
762 742 6 0.838 0.8371 18.381 18.309 -0.41334 -0.37616 0 68
762 787 7 0.7824 0.7786 18.706 18.502 -0.38334 -0.35216 -0 69
762 784 8 0.7884 0.7837 5.667 5.833 -0.44934 -0.19616 -1 68
762 808 9 0.7698 0.7661 18.724 18.473 -0.37734 -0.34616 -0 69
762 805 10 0.756 0.7566 4.965 4.94 -0.43734 -0.17816 -1 68
762 886 11 0.7276 0.7218 15.353 15.416 -0.37134 -0.29216 -1 69
762 813 12 0.7676 0.7661 18.436 18.473 -0.37734 -0.34616 -0 69
762 659 13 0.8044 0.8064 14.493 14.605 -0.41934 -0.31616 -0 69
762 755 14 0.7613 0.7468 15.117 15.579 -0.38334 -0.30416 -0 70
762 699 15 0.6924 0.6997 9.922 10.287 -0.38334 -0.22616 -0 67
762 721 16 0.815 0.8145 12.264 12.035 -0.43734 -0.28616 -0 68
762 676 17 0.7954 0.7929 15.324 15.516 -0.40734 -0.32216 -0 69
762 866 18 0.7359 0.7257 15.522 15.809 -0.37134 -0.29816 -1 70
762 785 19 0.7471 0.7504 8.638 8.451 -0.41934 -0.22016 -1 68
762 875 20 0.7259 0.7142 14.391 14.618 -0.37134 -0.28016 -1 69
762 665 21 0.8413 0.8354 6.955 7.07 -0.47334 -0.22616 -0 68
762 801 22 0.7748 0.7702 19.088 18.827 -0.37734 -0.35216 -0 69
762 756 23 0.7961 0.7963 8.933 8.801 -0.44334 -0.23816 -0 68
762 824 24 0.7569 0.7577 18.913 18.803 -0.37134 -0.34616 -0 70
762 882 25 0.7273 0.718 14.868 15.019 -0.37134 -0.28616 -1 70
762 713 26 0.7833 0.7756 15.771 16.097 -0.39534 -0.32216 -0 69
762 726 27 0.8127 0.811 11.868 11.669 -0.43734 -0.28016 -0 68
762 786 28 0.7277 0.7353 4.714 4.859 -0.42534 -0.17216 -1 67
762 783 29 0.7209 0.7261 5.017 5.038 -0.41934 -0.17216 -1 67
762 763 30 0.7736 0.7692 9.711 9.447 -0.42534 -0.23816 -1 68
762 733 31 0.6903 0.6985 5.521 5.602 -0.40134 -0.17216 -0 66
762 878 32 0.708 0.7067 13.501 13.802 -0.37134 -0.26816 -1 68
762 677 33 0.7759 0.769 14.249 14.328 -0.40134 -0.29816 -0 69
762 763 34 0.7507 0.7354 13.928 14.418 -0.38334 -0.28616 -0 70
762 730 35 0.8462 0.8488 9.717 9.837 -0.46734 -0.26816 -0 68
762 747 36 0.7679 0.7636 10.39 10.073 -0.41934 -0.24416 -0 69
762 732 37 0.7765 0.7793 10.961 10.626 -0.42534 -0.25616 -0 69
762 755 38 0.7328 0.7356 9.513 9.313 -0.40734 -0.22616 -1 68
762 740 39 0.7516 0.7546 10.625 10.307 -0.41334 -0.24416 -1 69
762 786 40 0.7687 0.7718 8.647 8.431 -0.43134 -0.22616 -1 68
762 751 41 0.7943 0.7915 17.41 17.524 -0.39534 -0.34616 -0 69
762 752 42 0.7136 0.71 10.986 11.57 -0.38334 -0.24416 -1 68
762 737 43 0.8217 0.8205 17.744 17.945 -0.40734 -0.36416 -0 68
762 743 44 0.737 0.7389 10.157 9.729 -0.40734 -0.23216 -1 69
762 736 45 0.7399 0.7348 11.609 11.865 -0.39534 -0.25616 -0 69
762 664 46 0.7948 0.789 14.906 15.156 -0.40734 -0.31616 -0 69
762 682 47 0.8253 0.8326 14.018 13.822 -0.43734 -0.31616 -0 68
762 672 48 0.8378 0.8354 7.164 7.07 -0.47334 -0.22616 -0 68
762 797 49 0.7742 0.7716 5.285 5.601 -0.44334 -0.19016 -1 68
54 183 0 0.8276 0.7007 16.197 15.649 -0.35934 -0.28616 0 62
54 193 1 0.7817 0.7007 14.174 15.649 -0.35934 -0.28616 1 62
54 182 2 0.8377 0.7007 9.808 15.649 -0.35934 -0.28616 1 62
54 182 3 0.8036 0.7007 8.864 15.649 -0.35934 -0.28616 1 62
54 182 4 0.6914 0.7007 5.752 15.649 -0.35934 -0.28616 1 61
54 183 5 0.8187 0.7007 4.572 15.649 -0.35934 -0.28616 0 62
54 233 6 0.6943 0.7007 16.507 15.649 -0.35934 -0.28616 0 62
54 181 7 0.7136 0.7007 7.485 15.649 -0.35934 -0.28616 1 62
54 216 8 0.7196 0.6969 12.738 15.241 -0.35934 -0.28016 0 62
54 235 9 0.6994 0.7007 16.261 15.649 -0.35934 -0.28616 0 62
54 183 10 0.7697 0.7007 6.263 15.649 -0.35934 -0.28616 1 62
54 185 11 0.7616 0.7007 10.367 15.649 -0.35934 -0.28616 1 62
54 180 12 0.8278 0.7007 11.069 15.649 -0.35934 -0.28616 1 62
54 196 13 0.779 0.7007 16.184 15.649 -0.35934 -0.28616 1 62
54 183 14 0.8402 0.7007 6.196 15.649 -0.35934 -0.28616 1 61
54 209 15 0.7547 0.7007 16.467 15.649 -0.35934 -0.28616 1 62
54 182 16 0.7388 0.7007 7.12 15.649 -0.35934 -0.28616 1 62
54 183 17 0.847 0.7007 12.344 15.649 -0.35934 -0.28616 1 62
54 186 18 0.731 0.6969 9.376 15.241 -0.35934 -0.28016 0 62
54 235 19 0.708 0.7007 15.879 15.649 -0.35934 -0.28616 0 62
54 182 20 0.8086 0.7007 12.225 15.649 -0.35934 -0.28616 0 62
54 183 21 0.8451 0.7007 11.567 15.649 -0.35934 -0.28616 1 62
54 185 22 0.7569 0.7007 9.587 15.649 -0.35934 -0.28616 1 62
54 182 23 0.8058 0.7007 12.046 15.649 -0.35934 -0.28616 1 62
54 182 24 0.8257 0.7007 9.788 15.649 -0.35934 -0.28616 1 62
54 181 25 0.803 0.7007 10.411 15.649 -0.35934 -0.28616 1 62
54 233 26 0.6969 0.7007 16.512 15.649 -0.35934 -0.28616 0 62
54 194 27 0.7834 0.7007 16.119 15.649 -0.35934 -0.28616 1 62
54 183 28 0.8258 0.7007 4.753 15.649 -0.35934 -0.28616 1 61
54 183 29 0.8171 0.7007 15.012 15.649 -0.35934 -0.28616 1 62
54 182 30 0.7035 0.7007 4.833 15.649 -0.35934 -0.28616 1 61
54 181 31 0.6959 0.7007 6.27 15.649 -0.35934 -0.28616 1 61
54 184 32 0.8454 0.7007 13.728 15.649 -0.35934 -0.28616 1 62
54 207 33 0.7399 0.7046 18.266 16.052 -0.35934 -0.29216 0 62
54 182 34 0.8301 0.7007 12.747 15.649 -0.35934 -0.28616 0 62
54 182 35 0.8381 0.7007 12.542 15.649 -0.35934 -0.28616 1 62
54 195 36 0.7545 0.7007 18.983 15.649 -0.35934 -0.28616 1 62
54 183 37 0.8076 0.7007 9.185 15.649 -0.35934 -0.28616 1 62
54 183 38 0.8261 0.7007 14.643 15.649 -0.35934 -0.28616 1 61
54 201 39 0.6946 0.6969 11.092 15.241 -0.35934 -0.28016 1 62
54 190 40 0.788 0.7007 16.511 15.649 -0.35934 -0.28616 0 62
54 183 41 0.7599 0.7007 4.46 15.649 -0.35934 -0.28616 0 62
54 225 42 0.7193 0.7007 17.393 15.649 -0.35934 -0.28616 0 62
54 182 43 0.7044 0.7007 6.057 15.649 -0.35934 -0.28616 1 61
54 226 44 0.7328 0.7007 15.819 15.649 -0.35934 -0.28616 1 62
54 183 45 0.8299 0.7007 7.03 15.649 -0.35934 -0.28616 1 62
54 183 46 0.8198 0.7007 17.822 15.649 -0.35934 -0.28616 1 62
54 183 47 0.8159 0.7007 4.846 15.649 -0.35934 -0.28616 0 62
54 206 48 0.7464 0.7007 13 15.649 -0.35934 -0.28616 1 62
54 184 49 0.8211 0.7007 8.684 15.649 -0.35934 -0.28616 1 62
109 185 0 0.8345 0.7007 4.777 15.649 -0.35934 -0.28616 0 62
109 187 1 0.7868 0.7007 11.58 15.649 -0.35934 -0.28616 0 62
109 184 2 0.8324 0.7007 6.678 15.649 -0.35934 -0.28616 1 62
109 181 3 0.817 0.7007 11.472 15.649 -0.35934 -0.28616 1 62
109 184 4 0.8215 0.7007 13.766 15.649 -0.35934 -0.28616 1 62
109 193 5 0.7682 0.7007 11.602 15.649 -0.35934 -0.28616 0 62
109 184 6 0.7973 0.7007 8.416 15.649 -0.35934 -0.28616 1 62
109 189 7 0.7465 0.6969 9.683 15.241 -0.35934 -0.28016 1 62
109 182 8 0.8099 0.7007 9.787 15.649 -0.35934 -0.28616 0 62
109 193 9 0.7697 0.7046 19.219 16.052 -0.35934 -0.29216 1 62
109 244 10 0.7111 0.7085 18.901 16.451 -0.35934 -0.29816 0 62
109 184 11 0.7553 0.7007 8.675 15.649 -0.35934 -0.28616 1 62
109 206 12 0.717 0.6969 10.385 15.241 -0.35934 -0.28016 0 62
109 207 13 0.7301 0.6969 10.712 15.241 -0.35934 -0.28016 0 62
109 182 14 0.7143 0.6969 8.079 15.241 -0.35934 -0.28016 1 62
109 283 15 0.7166 0.7007 15.097 15.649 -0.35934 -0.28616 0 62
109 182 16 0.742 0.7007 4.359 15.649 -0.35934 -0.28616 1 62
109 223 17 0.6985 0.6931 11.081 14.829 -0.35934 -0.27416 0 62
109 184 18 0.8142 0.7007 17.807 15.649 -0.35934 -0.28616 1 62
109 181 19 0.8347 0.7007 10.707 15.649 -0.35934 -0.28616 1 62
109 183 20 0.7806 0.7007 5.772 15.649 -0.35934 -0.28616 1 62
109 193 21 0.7965 0.7007 15.817 15.649 -0.35934 -0.28616 1 62
109 184 22 0.8289 0.7007 13.942 15.649 -0.35934 -0.28616 1 62
109 182 23 0.7368 0.7007 4.592 15.649 -0.35934 -0.28616 1 62
109 185 24 0.8372 0.7007 14.31 15.649 -0.35934 -0.28616 1 62
109 181 25 0.7928 0.7007 9.719 15.649 -0.35934 -0.28616 1 62
109 183 26 0.7783 0.7007 5.202 15.649 -0.35934 -0.28616 1 62
109 183 27 0.8071 0.7007 12.73 15.649 -0.35934 -0.28616 1 62
109 184 28 0.7876 0.7007 8.772 15.649 -0.35934 -0.28616 1 62
109 207 29 0.7781 0.7007 16.35 15.649 -0.35934 -0.28616 1 62
109 182 30 0.8144 0.7007 12.876 15.649 -0.35934 -0.28616 1 62
109 183 31 0.7938 0.7007 7.778 15.649 -0.35934 -0.28616 1 62
109 179 32 0.6989 0.6969 7.531 15.241 -0.35934 -0.28016 1 62
109 246 33 0.7516 0.7093 14.889 15.33 -0.36534 -0.28616 1 62
109 188 34 0.7894 0.7007 12.406 15.649 -0.35934 -0.28616 0 62
109 200 35 0.7739 0.7046 18.143 16.052 -0.35934 -0.29216 1 62
109 184 36 0.8356 0.7007 12.656 15.649 -0.35934 -0.28616 1 62
109 183 37 0.8302 0.7007 12.309 15.649 -0.35934 -0.28616 1 62
109 188 38 0.7935 0.7007 17.941 15.649 -0.35934 -0.28616 1 62
109 183 39 0.7794 0.7007 5.966 15.649 -0.35934 -0.28616 1 62
109 182 40 0.7918 0.7007 4.716 15.649 -0.35934 -0.28616 1 62
109 182 41 0.8423 0.7007 11.27 15.649 -0.35934 -0.28616 1 62
109 262 42 0.6997 0.6969 12.955 15.241 -0.35934 -0.28016 0 62
109 195 43 0.7642 0.6969 11.361 15.241 -0.35934 -0.28016 0 62
109 182 44 0.7117 0.6969 7.917 15.241 -0.35934 -0.28016 1 62
109 188 45 0.7039 0.6969 8.873 15.241 -0.35934 -0.28016 1 62
109 181 46 0.7956 0.7007 9.95 15.649 -0.35934 -0.28616 1 62
109 184 47 0.8312 0.7007 5.926 15.649 -0.35934 -0.28616 0 62
109 212 48 0.7254 0.6969 10.899 15.241 -0.35934 -0.28016 0 62
109 184 49 0.7734 0.7007 9.76 15.649 -0.35934 -0.28616 0 62
163 320 0 0.705 0.6969 13.669 15.241 -0.35934 -0.28016 0 62
163 186 1 0.7801 0.7007 10.272 15.649 -0.35934 -0.28616 0 62
163 196 2 0.7923 0.7007 13.749 15.649 -0.35934 -0.28616 1 62
163 288 3 0.7439 0.7093 14.116 15.33 -0.36534 -0.28616 0 62
163 214 4 0.7828 0.7132 15.42 15.73 -0.36534 -0.29216 0 62
163 197 5 0.7104 0.6969 9.234 15.241 -0.35934 -0.28016 0 62
163 217 6 0.7787 0.7684 6.553 6.607 -0.43734 -0.20216 0 62
163 204 7 0.7329 0.7441 8.481 7.619 -0.41934 -0.20816 1 62
163 284 8 0.7376 0.7055 13.321 14.926 -0.36534 -0.28016 0 62
163 186 9 0.8286 0.7007 13.325 15.649 -0.35934 -0.28616 1 62
163 302 10 0.7374 0.7171 16.648 16.126 -0.36534 -0.29816 0 62
163 193 11 0.7963 0.7007 13.518 15.649 -0.35934 -0.28616 1 62
163 196 12 0.727 0.735 8.678 7.829 -0.41334 -0.20816 1 62
163 244 13 0.768 0.7171 16.355 16.126 -0.36534 -0.29816 0 62
163 189 14 0.7934 0.7007 12.325 15.649 -0.35934 -0.28616 1 62
163 284 15 0.6921 0.698 12.164 14.104 -0.36534 -0.26816 0 62
163 184 16 0.829 0.7007 7.636 15.649 -0.35934 -0.28616 1 62
163 213 17 0.7834 0.762 17.874 18.115 -0.37734 -0.34016 1 62
163 223 18 0.7598 0.7532 5.293 5.963 -0.43134 -0.19016 0 62
163 184 19 0.8429 0.7007 7.619 15.649 -0.35934 -0.28616 1 62
163 314 20 0.7341 0.7093 15.129 15.33 -0.36534 -0.28616 0 62
163 265 21 0.7015 0.698 11.452 14.104 -0.36534 -0.26816 0 62
163 219 22 0.7524 0.7532 7.97 7.413 -0.42534 -0.20816 0 62
163 185 23 0.7734 0.766 9.841 9.047 -0.42534 -0.23216 0 62
163 185 24 0.8307 0.7007 17.023 15.649 -0.35934 -0.28616 1 62
163 183 25 0.8361 0.7007 6.365 15.649 -0.35934 -0.28616 1 62
163 339 26 0.7094 0.7007 15.269 15.649 -0.35934 -0.28616 0 62
163 188 27 0.7915 0.7007 11.697 15.649 -0.35934 -0.28616 1 62
163 302 28 0.7408 0.7132 16.111 15.73 -0.36534 -0.29216 0 62
163 187 29 0.8319 0.7007 14.328 15.649 -0.35934 -0.28616 1 62
163 228 30 0.7496 0.7532 6.005 5.963 -0.43134 -0.19016 0 62
163 184 31 0.8248 0.7007 7.286 15.649 -0.35934 -0.28616 1 62
163 229 32 0.7517 0.7532 5.779 5.963 -0.43134 -0.19016 0 62
163 293 33 0.7066 0.6999 18.664 16.784 -0.35334 -0.29816 0 62
163 181 34 0.8166 0.7007 10.936 15.649 -0.35934 -0.28616 0 62
163 192 35 0.7151 0.6969 8.959 15.241 -0.35934 -0.28016 1 62
163 226 36 0.7569 0.7592 7.017 6.799 -0.43134 -0.20216 0 62
163 183 37 0.8219 0.7007 9.865 15.649 -0.35934 -0.28616 1 62
163 182 38 0.845 0.7007 9.825 15.649 -0.35934 -0.28616 1 62
163 189 39 0.79 0.7007 11.873 15.649 -0.35934 -0.28616 1 62
163 232 40 0.7615 0.7536 19.258 18.443 -0.37134 -0.34016 0 62
163 183 41 0.8098 0.7007 11.14 15.649 -0.35934 -0.28616 1 62
163 184 42 0.8018 0.7007 12.016 15.649 -0.35934 -0.28616 0 62
163 226 43 0.7355 0.7441 6.327 6.151 -0.42534 -0.19016 0 62
163 271 44 0.7305 0.7124 18.811 16.846 -0.35934 -0.30416 0 62
163 184 45 0.7992 0.7007 9.245 15.649 -0.35934 -0.28616 1 62
163 339 46 0.7001 0.7007 16.206 15.649 -0.35934 -0.28616 0 62
163 192 47 0.7653 0.6969 10.519 15.241 -0.35934 -0.28016 0 62
163 213 48 0.7842 0.7661 18.438 18.473 -0.37734 -0.34616 0 62
163 215 49 0.7673 0.7623 7.984 7.212 -0.43134 -0.20816 0 62
218 355 0 0.732 0.7171 16.885 16.126 -0.36534 -0.29816 0 63
218 188 1 0.835 0.7007 15.401 15.649 -0.35934 -0.28616 1 62
218 274 2 0.7309 0.7379 6.744 6.772 -0.41934 -0.19616 0 62
218 231 3 0.7815 0.7257 14.932 15.809 -0.37134 -0.29816 0 62
218 202 4 0.7799 0.7759 11.207 10.236 -0.42534 -0.25016 1 63
218 272 5 0.7739 0.758 17.449 17.753 -0.37734 -0.33416 0 63
218 262 6 0.7288 0.7382 4.551 5.293 -0.42534 -0.17816 0 62
218 189 7 0.7959 0.7007 12.041 15.649 -0.35934 -0.28616 1 62
218 236 8 0.6908 0.698 9.986 14.104 -0.36534 -0.26816 0 62
218 262 9 0.7835 0.7716 5.499 5.601 -0.44334 -0.19016 0 62
218 202 10 0.8326 0.8432 9.409 10.406 -0.46134 -0.27416 1 62
218 193 11 0.7857 0.7007 11.565 15.649 -0.35934 -0.28616 1 63
218 255 12 0.7888 0.7702 18.607 18.827 -0.37734 -0.35216 0 63
218 327 13 0.7385 0.7289 17.943 17.288 -0.36534 -0.31616 0 63
218 228 14 0.8015 0.7808 8.622 8.223 -0.43734 -0.22616 0 62
218 347 15 0.7382 0.721 16.845 16.518 -0.36534 -0.30416 0 63
218 252 16 0.7662 0.7627 9.149 8.643 -0.42534 -0.22616 0 62
218 260 17 0.786 0.7714 6.839 7.016 -0.43734 -0.20816 0 62
218 212 18 0.8208 0.8322 12.232 11.568 -0.44934 -0.28616 1 62
218 245 19 0.7862 0.7718 8.763 8.431 -0.43134 -0.22616 0 62
218 215 20 0.8362 0.8625 16.886 17.443 -0.43134 -0.37616 1 62
218 243 21 0.7126 0.7288 7.913 6.974 -0.41334 -0.19616 0 62
218 234 22 0.7339 0.7414 9.446 8.67 -0.41334 -0.22016 0 62
218 221 23 0.8269 0.8411 11.613 11.341 -0.45534 -0.28616 1 62
218 196 24 0.8233 0.7988 6.34 6.454 -0.45534 -0.20816 0 62
218 264 25 0.7386 0.7474 4.369 5.114 -0.43134 -0.17816 0 62
218 191 26 0.7924 0.7007 11.986 15.649 -0.35934 -0.28616 1 63
218 229 27 0.7602 0.7055 11.675 14.926 -0.36534 -0.28016 1 63
218 188 28 0.8401 0.7007 14.102 15.649 -0.35934 -0.28616 1 62
218 376 29 0.6943 0.696 17.28 16.382 -0.35334 -0.29216 0 63
218 356 30 0.7014 0.7017 12.985 14.517 -0.36534 -0.27416 0 62
218 254 31 0.7862 0.7777 8.095 7.824 -0.43734 -0.22016 0 62
218 212 32 0.8103 0.7963 9.018 8.801 -0.44334 -0.23816 0 62
218 362 33 0.7169 0.7085 17.641 16.451 -0.35934 -0.29816 0 63
218 333 34 0.7476 0.7132 15.55 15.73 -0.36534 -0.29216 0 62
218 274 35 0.7725 0.7684 6.541 6.607 -0.43734 -0.20216 0 62
218 223 36 0.8056 0.7869 19.22 19.195 -0.38334 -0.36416 1 62
218 199 37 0.7921 0.7093 12.977 15.33 -0.36534 -0.28616 1 62
218 198 38 0.8178 0.7994 19.289 19.212 -0.38934 -0.37016 1 62
218 274 39 0.76 0.7595 5.148 5.361 -0.43734 -0.18416 0 62
218 221 40 0.7867 0.7815 10.25 9.619 -0.43134 -0.24416 0 62
218 308 41 0.7344 0.7105 12.557 14.212 -0.37134 -0.27416 0 62
218 213 42 0.6992 0.7137 8.495 7.832 -0.40134 -0.20216 0 62
218 380 43 0.7213 0.7093 15.335 15.33 -0.36534 -0.28616 0 62
218 327 44 0.7129 0.7124 18.84 16.846 -0.35934 -0.30416 0 63
218 254 45 0.7118 0.7228 5.554 6.105 -0.41334 -0.18416 0 62
218 187 46 0.8246 0.7007 16.486 15.649 -0.35934 -0.28616 1 63
218 189 47 0.8185 0.7007 15.902 15.649 -0.35934 -0.28616 1 62
218 338 48 0.7193 0.7124 18.412 16.846 -0.35934 -0.30416 0 63
218 243 49 0.7956 0.7777 7.962 7.824 -0.43734 -0.22016 0 62
272 265 0 0.8194 0.8219 10.19 10.476 -0.44934 -0.26816 0 63
272 312 1 0.7172 0.7258 6.965 6.541 -0.41334 -0.19016 0 62
272 296 2 0.7041 0.7136 6.201 6.303 -0.40734 -0.18416 0 62
272 287 3 0.7989 0.7808 5.337 5.426 -0.44934 -0.19016 0 62
272 227 4 0.8293 0.8144 8.237 8.394 -0.45534 -0.23816 0 63
272 270 5 0.6934 0.7075 7.521 6.952 -0.40134 -0.19016 0 62
272 266 6 0.796 0.7939 10.356 9.786 -0.43734 -0.25016 0 63
272 247 7 0.8326 0.8398 9.221 10.045 -0.46134 -0.26816 0 63
272 262 8 0.8111 0.7963 8.774 8.801 -0.44334 -0.23816 0 63
272 272 9 0.8361 0.854 17.849 17.726 -0.42534 -0.37616 1 63
272 238 10 0.7659 0.7142 11.884 14.618 -0.37134 -0.28016 1 63
272 304 11 0.7883 0.7702 18.441 18.827 -0.37734 -0.35216 0 63
272 438 12 0.7078 0.7046 16.655 16.052 -0.35934 -0.29216 0 63
272 433 13 0.6907 0.6931 14.373 14.829 -0.35934 -0.27416 0 63
272 267 14 0.7718 0.718 13.532 15.019 -0.37134 -0.28616 0 63
272 361 15 0.7212 0.7204 19.149 17.621 -0.35934 -0.31616 0 63
272 282 16 0.6961 0.7106 5.457 5.858 -0.40734 -0.17816 0 62
272 334 17 0.7592 0.7532 6.055 5.963 -0.43134 -0.19016 0 63
272 296 18 0.7053 0.7166 6.878 6.744 -0.40734 -0.19016 0 62
272 273 19 0.824 0.8253 10.885 10.843 -0.44934 -0.27416 0 63
272 345 20 0.7475 0.7142 13.461 14.618 -0.37134 -0.28016 0 63
272 226 21 0.8418 0.8455 8.53 9.476 -0.46734 -0.26216 1 63
272 354 22 0.7575 0.7414 17.08 17.338 -0.37134 -0.32216 0 63
272 396 23 0.7328 0.7093 14.212 15.33 -0.36534 -0.28616 0 63
272 277 24 0.7774 0.7421 15.333 16.266 -0.37734 -0.31016 0 63
272 300 25 0.7022 0.7031 10.745 13.388 -0.37134 -0.26216 0 62
272 282 26 0.8441 0.8625 17.334 17.443 -0.43134 -0.37616 0 62
272 430 27 0.7222 0.7093 15.354 15.33 -0.36534 -0.28616 0 63
272 366 28 0.7379 0.7329 18.51 17.667 -0.36534 -0.32216 0 63
272 320 29 0.7585 0.7563 8.178 7.826 -0.42534 -0.21416 0 63
272 200 30 0.8292 0.839 15.042 15.461 -0.43134 -0.34016 1 63
272 227 31 0.8306 0.808 6.516 6.276 -0.46134 -0.20816 0 63
272 250 32 0.7805 0.7218 14.205 15.416 -0.37134 -0.29216 0 63
272 448 33 0.6999 0.7007 15.487 15.649 -0.35934 -0.28616 0 63
272 429 34 0.7039 0.7017 14.121 14.517 -0.36534 -0.27416 0 63
272 257 35 0.815 0.799 8.07 7.821 -0.44934 -0.22616 0 63
272 260 36 0.8162 0.8021 5.303 5.487 -0.46134 -0.19616 0 62
272 263 37 0.7525 0.7513 10.821 9.903 -0.41334 -0.23816 0 63
272 273 38 0.6931 0.7106 5.181 5.858 -0.40734 -0.17816 0 62
272 318 39 0.7285 0.7382 4.935 5.293 -0.42534 -0.17816 0 62
272 338 40 0.7627 0.7577 19.126 18.803 -0.37134 -0.34616 0 63
272 308 41 0.7265 0.7353 4.439 4.859 -0.42534 -0.17216 0 62
272 417 42 0.7052 0.7085 17.576 16.451 -0.35934 -0.29816 0 63
272 381 43 0.6963 0.698 12.389 14.104 -0.36534 -0.26816 0 62
272 311 44 0.729 0.7319 7.976 7.404 -0.41334 -0.20216 0 63
272 281 45 0.7672 0.7692 10.212 9.447 -0.42534 -0.23816 0 63
272 325 46 0.7438 0.7474 4.72 5.114 -0.43134 -0.17816 0 62
272 316 47 0.762 0.7563 8.403 7.826 -0.42534 -0.21416 0 63
272 293 48 0.7636 0.718 13.512 15.019 -0.37134 -0.28616 0 63
272 307 49 0.6956 0.6943 10.828 13.686 -0.36534 -0.26216 0 62
327 457 0 0.7299 0.7093 14.511 15.33 -0.36534 -0.28616 0 63
327 242 1 0.8117 0.814 14.99 15.313 -0.41934 -0.32816 1 63
327 323 2 0.8091 0.7992 4.961 5.088 -0.46134 -0.19016 -0 63
327 401 3 0.7604 0.7495 18.028 18.079 -0.37134 -0.33416 0 63
327 313 4 0.8128 0.8198 11.672 11.435 -0.44334 -0.28016 0 63
327 289 5 0.8232 0.825 16.569 17.314 -0.41334 -0.35816 1 63
327 435 6 0.7044 0.7039 18.603 17.182 -0.35334 -0.30416 0 64
327 353 7 0.714 0.7031 11.102 13.388 -0.37134 -0.26216 0 63
327 309 8 0.755 0.7192 12.164 13.915 -0.37734 -0.27416 0 64
327 384 9 0.7325 0.7349 6.288 6.344 -0.41934 -0.19016 0 63
327 325 10 0.7126 0.7259 8.833 8.045 -0.40734 -0.20816 0 63
327 396 11 0.7629 0.7495 17.9 18.079 -0.37134 -0.33416 0 63
327 343 12 0.755 0.7569 9.664 9.269 -0.41934 -0.23216 0 63
327 382 13 0.7677 0.7539 17.263 17.387 -0.37734 -0.32816 0 63
327 366 14 0.7331 0.7382 4.524 5.293 -0.42534 -0.17816 0 63
327 274 15 0.8144 0.8216 13.372 12.76 -0.43734 -0.29816 1 63
327 405 16 0.7172 0.7119 19.224 17.963 -0.35334 -0.31616 0 64
327 295 17 0.7015 0.7143 9.608 9.361 -0.39534 -0.22016 0 63
327 304 18 0.7508 0.7295 11.72 12.539 -0.38934 -0.26216 0 64
327 266 19 0.8013 0.792 15.567 16.519 -0.40134 -0.33416 1 63
327 339 20 0.7295 0.7119 11.242 13.098 -0.37734 -0.26216 0 63
327 295 21 0.8213 0.8019 7.089 6.848 -0.45534 -0.21416 0 63
327 443 22 0.7213 0.7105 13.243 14.212 -0.37134 -0.27416 0 63
327 372 23 0.7236 0.7349 6.202 6.344 -0.41934 -0.19016 0 63
327 350 24 0.7662 0.766 9.447 9.047 -0.42534 -0.23216 0 63
327 331 25 0.802 0.7931 8.489 8.412 -0.44334 -0.23216 0 63
327 295 26 0.7573 0.7243 12.062 13.222 -0.38334 -0.26816 0 64
327 308 27 0.8335 0.8375 17.006 17.358 -0.41934 -0.36416 1 63
327 473 28 0.7072 0.7017 13.654 14.517 -0.36534 -0.27416 0 63
327 388 29 0.7473 0.7471 6.607 6.575 -0.42534 -0.19616 0 63
327 279 30 0.7968 0.8021 12.442 11.907 -0.43134 -0.28016 0 63
327 375 31 0.7768 0.7684 6.426 6.607 -0.43734 -0.20216 -0 63
327 294 32 0.7618 0.758 11.593 10.708 -0.41334 -0.25016 0 63
327 243 33 0.8436 0.8323 7.086 6.693 -0.47334 -0.22016 0 63
327 378 34 0.7723 0.758 17.441 17.753 -0.37734 -0.33416 0 63
327 456 35 0.7323 0.7093 14.772 15.33 -0.36534 -0.28616 0 63
327 328 36 0.8039 0.7963 4.691 4.687 -0.46134 -0.18416 0 63
327 314 37 0.8158 0.8198 11.874 11.435 -0.44334 -0.28016 0 63
327 259 38 0.8405 0.8389 8.128 8.746 -0.46734 -0.25016 0 63
327 310 39 0.8329 0.8371 18.676 18.309 -0.41334 -0.37616 0 63
327 358 40 0.7536 0.7595 8.854 8.237 -0.42534 -0.22016 0 63
327 262 41 0.8076 0.8045 15.662 16.578 -0.40734 -0.34016 1 63
327 418 42 0.75 0.7296 15.859 16.197 -0.37134 -0.30416 0 63
327 382 43 0.7306 0.7349 6.245 6.344 -0.41934 -0.19016 0 63
327 278 44 0.8317 0.8381 15.878 16.409 -0.42534 -0.35216 1 63
327 251 45 0.8397 0.8232 7.171 6.871 -0.46734 -0.22016 0 63
327 335 46 0.8481 0.8625 17.03 17.443 -0.43134 -0.37616 1 63
327 393 47 0.7139 0.7031 11.815 13.388 -0.37134 -0.26216 0 63
327 408 48 0.7485 0.7218 14.634 15.416 -0.37134 -0.29216 0 63
327 324 49 0.8455 0.8481 12.517 12.048 -0.45534 -0.29816 0 63
381 356 0 0.816 0.808 17.565 17.909 -0.40134 -0.35816 1 64
381 424 1 0.724 0.7258 6.75 6.541 -0.41334 -0.19016 0 63
381 482 2 0.7325 0.7289 18.103 17.288 -0.36534 -0.31616 -0 64
381 440 3 0.765 0.7539 17.19 17.387 -0.37734 -0.32816 0 64
381 458 4 0.7556 0.7454 17.893 17.71 -0.37134 -0.32816 0 64
381 412 5 0.7803 0.775 4.553 4.603 -0.44934 -0.17816 -0 63
381 538 6 0.705 0.7085 16.912 16.451 -0.35934 -0.29816 0 64
381 375 7 0.8251 0.8322 11.81 11.568 -0.44934 -0.28616 0 63
381 440 8 0.7532 0.7562 6.288 6.383 -0.43134 -0.19616 -0 63
381 379 9 0.8012 0.7963 9.015 8.801 -0.44334 -0.23816 0 63
381 428 10 0.7608 0.7566 4.592 4.94 -0.43734 -0.17816 -0 63
381 432 11 0.7214 0.7119 11.903 13.098 -0.37734 -0.26216 0 64
381 378 12 0.7046 0.7169 4.34 5.221 -0.41334 -0.17216 0 63
381 384 13 0.7012 0.7077 4.979 5.409 -0.40734 -0.17216 0 63
381 325 14 0.8364 0.8234 5.772 5.545 -0.47334 -0.20216 0 63
381 410 15 0.7873 0.7786 18.428 18.502 -0.38334 -0.35216 0 64
381 345 16 0.7577 0.7419 12.239 12.669 -0.39534 -0.26816 0 64
381 387 17 0.8041 0.7929 5.487 5.658 -0.45534 -0.19616 0 63
381 420 18 0.7402 0.7192 12.651 13.915 -0.37734 -0.27416 0 64
381 385 19 0.8047 0.7929 5.445 5.658 -0.45534 -0.19616 -0 63
381 380 20 0.6989 0.7077 4.989 5.409 -0.40734 -0.17216 0 63
381 530 21 0.6969 0.7017 13.94 14.517 -0.36534 -0.27416 0 63
381 313 22 0.8023 0.8092 13.268 12.644 -0.43134 -0.29216 0 64
381 300 23 0.7855 0.7844 13.049 12.401 -0.41934 -0.28016 0 64
381 362 24 0.8133 0.799 7.714 7.821 -0.44934 -0.22616 0 63
381 396 25 0.7683 0.7421 15.515 16.266 -0.37734 -0.31016 0 64
381 466 26 0.7524 0.7414 17.07 17.338 -0.37134 -0.32216 0 64
381 378 27 0.7066 0.7137 8.394 7.832 -0.40134 -0.20216 0 63
381 380 28 0.7277 0.7324 9.521 8.894 -0.40734 -0.22016 0 64
381 399 29 0.7955 0.7836 7.017 7.226 -0.44334 -0.21416 -0 63
381 351 30 0.8451 0.8429 13.26 12.632 -0.44934 -0.30416 0 63
381 436 31 0.7492 0.7501 7.38 6.996 -0.42534 -0.20216 0 63
381 360 32 0.8359 0.8398 9.52 10.045 -0.46134 -0.26816 0 63
381 357 33 0.7125 0.721 10.084 10.211 -0.39534 -0.23216 0 63
381 438 34 0.7644 0.7592 6.836 6.799 -0.43134 -0.20216 -0 63
381 510 35 0.7341 0.7171 16.051 16.126 -0.36534 -0.29816 -0 64
381 361 36 0.7118 0.7233 9.52 9.125 -0.40134 -0.22016 0 63
381 464 37 0.7335 0.7285 18.803 18.38 -0.35934 -0.32816 0 64
381 546 38 0.6954 0.7007 16.178 15.649 -0.35934 -0.28616 0 64
381 417 39 0.7297 0.7353 4.589 4.859 -0.42534 -0.17216 -0 63
381 519 40 0.7104 0.7124 17.578 16.846 -0.35934 -0.30416 -0 64
381 408 41 0.7117 0.7166 6.808 6.744 -0.40734 -0.19016 0 63
381 324 42 0.7875 0.7897 12.381 11.775 -0.42534 -0.27416 0 64
381 456 43 0.7086 0.7119 19.267 17.963 -0.35334 -0.31616 0 64
381 367 44 0.7965 0.779 16.892 17.48 -0.38934 -0.34016 0 64
381 397 45 0.7382 0.7414 9.19 8.67 -0.41334 -0.22016 -0 64
381 373 46 0.6992 0.7106 8.039 7.394 -0.40134 -0.19616 0 63
381 295 47 0.8138 0.8151 14.401 14.338 -0.42534 -0.31616 0 64
381 370 48 0.713 0.71 10.566 11.57 -0.38334 -0.24416 0 64
381 539 49 0.6914 0.6931 14.437 14.829 -0.35934 -0.27416 0 63
436 510 0 0.7243 0.7067 12.723 13.802 -0.37134 -0.26816 -0 64
436 467 1 0.7176 0.7258 6.967 6.541 -0.41334 -0.19016 -0 63
436 569 2 0.6999 0.698 13.424 14.104 -0.36534 -0.26816 -0 64
436 521 3 0.7424 0.737 18.467 18.041 -0.36534 -0.32816 0 65
436 414 4 0.7399 0.7367 11.114 10.794 -0.40134 -0.24416 -0 64
436 440 5 0.7508 0.7279 13.03 13.625 -0.38334 -0.27416 0 65
436 444 6 0.7978 0.7899 8.111 8.019 -0.44334 -0.22616 -0 64
436 479 7 0.7329 0.7382 4.849 5.293 -0.42534 -0.17816 -0 63
436 456 8 0.7928 0.7806 6.627 6.824 -0.44334 -0.20816 -0 64
436 492 9 0.7464 0.7441 5.889 6.151 -0.42534 -0.19016 -0 64
436 395 10 0.8223 0.8144 8.45 8.394 -0.45534 -0.23816 0 64
436 571 11 0.692 0.698 13.661 14.104 -0.36534 -0.26816 -0 64
436 481 12 0.7779 0.7714 7.104 7.016 -0.43734 -0.20816 -0 64
436 434 13 0.7562 0.7316 13.508 14.024 -0.38334 -0.28016 0 65
436 417 14 0.8258 0.8246 18.253 18.279 -0.40734 -0.37016 0 64
436 518 15 0.7515 0.7374 16.655 16.962 -0.37134 -0.31616 0 65
436 570 16 0.7265 0.721 16.881 16.518 -0.36534 -0.30416 -0 65
436 419 17 0.7159 0.7154 10.403 10.885 -0.38934 -0.23816 0 64
436 431 18 0.7662 0.7636 10.544 10.073 -0.41934 -0.24416 0 64
436 417 19 0.8339 0.8371 18.677 18.309 -0.41334 -0.37616 1 64
436 413 20 0.814 0.8086 8.919 8.977 -0.44934 -0.24416 0 64
436 358 21 0.8433 0.8389 8.079 8.746 -0.46734 -0.25016 0 64
436 544 22 0.7392 0.7249 16.964 16.905 -0.36534 -0.31016 -0 65
436 598 23 0.7006 0.7046 16.529 16.052 -0.35934 -0.29216 -0 65
436 394 24 0.7974 0.7835 16.226 16.818 -0.39534 -0.33416 0 64
436 395 25 0.8264 0.8142 5.839 5.712 -0.46734 -0.20216 0 64
436 423 26 0.8081 0.8095 10.4 10.325 -0.44334 -0.26216 0 64
436 428 27 0.7544 0.7546 10.567 10.307 -0.41334 -0.24416 0 64
436 356 28 0.814 0.8178 15.355 15.662 -0.41934 -0.33416 0 64
436 421 29 0.8246 0.8322 12.114 11.568 -0.44934 -0.28616 0 64
436 535 30 0.7356 0.718 14.198 15.019 -0.37134 -0.28616 0 65
436 472 31 0.7275 0.729 4.935 5.477 -0.41934 -0.17816 -0 63
436 367 32 0.8472 0.8476 14.996 15.196 -0.43734 -0.34016 0 64
436 379 33 0.8284 0.8381 15.964 16.409 -0.42534 -0.35216 0 64
436 394 34 0.8364 0.8365 8.975 9.681 -0.46134 -0.26216 0 64
436 408 35 0.8158 0.8049 7.492 7.239 -0.45534 -0.22016 0 64
436 443 36 0.7658 0.7692 9.946 9.447 -0.42534 -0.23816 0 64
436 423 37 0.8073 0.7996 9.348 9.186 -0.44334 -0.24416 0 64
436 494 38 0.7546 0.7532 5.725 5.963 -0.43134 -0.19016 -0 64
436 432 39 0.8237 0.8253 10.958 10.843 -0.44934 -0.27416 0 64
436 449 40 0.7208 0.7082 11.366 12.684 -0.37734 -0.25616 0 64
436 489 41 0.7338 0.7192 12.755 13.915 -0.37734 -0.27416 0 64
436 509 42 0.7356 0.7142 13.455 14.618 -0.37134 -0.28016 0 64
436 453 43 0.7058 0.7136 6.635 6.303 -0.40734 -0.18416 0 63
436 592 44 0.7186 0.7132 15.43 15.73 -0.36534 -0.29216 -0 64
436 574 45 0.7006 0.6999 17.527 16.784 -0.35334 -0.29816 -0 65
436 425 46 0.8168 0.8164 11.04 11.068 -0.44334 -0.27416 0 64
436 423 47 0.8106 0.7988 6.746 6.454 -0.45534 -0.20816 -0 64
436 484 48 0.7751 0.7702 18.738 18.827 -0.37734 -0.35216 0 64
436 433 49 0.771 0.7726 10.362 9.843 -0.42534 -0.24416 0 64
490 406 0 0.8005 0.8004 13.379 12.893 -0.42534 -0.29216 0 65
490 462 1 0.7516 0.7331 12.345 12.942 -0.38934 -0.26816 0 65
490 534 2 0.7174 0.7119 11.901 13.098 -0.37734 -0.26216 -0 65
490 473 3 0.8104 0.8037 18.71 18.557 -0.39534 -0.36416 0 65
490 573 4 0.7433 0.7411 18.511 18.412 -0.36534 -0.33416 -0 66
490 546 5 0.6981 0.7035 19.276 18.313 -0.34734 -0.31616 -0 66
490 538 6 0.7691 0.7623 7.246 7.212 -0.43134 -0.20816 -0 64
490 420 7 0.8005 0.792 15.643 16.519 -0.40134 -0.33416 0 65
490 525 8 0.7375 0.7445 4.446 4.685 -0.43134 -0.17216 -0 64
490 548 9 0.7672 0.762 18.127 18.115 -0.37734 -0.34016 0 65
490 446 10 0.8132 0.818 12.747 12.399 -0.43734 -0.29216 0 65
490 511 11 0.7109 0.7082 11.336 12.684 -0.37734 -0.25616 -0 65
490 474 12 0.7305 0.73 10.019 9.967 -0.40134 -0.23216 -0 65
490 477 13 0.744 0.7423 10.439 10.14 -0.40734 -0.23816 -0 65
490 516 14 0.728 0.735 8.2 7.829 -0.41334 -0.20816 -0 64
490 493 15 0.7794 0.7815 9.884 9.619 -0.43134 -0.24416 0 65
490 492 16 0.8375 0.8411 11.473 11.341 -0.45534 -0.28616 0 64
490 493 17 0.7958 0.784 8.754 8.618 -0.43734 -0.23216 0 64
490 469 18 0.818 0.8121 18.109 18.248 -0.40134 -0.36416 0 65
490 468 19 0.7406 0.7402 11.241 11.202 -0.40134 -0.25016 -0 65
490 403 20 0.8465 0.8448 7.969 8.185 -0.47334 -0.24416 -0 65
490 623 21 0.7303 0.7171 16.044 16.126 -0.36534 -0.29816 -0 65
490 640 22 0.6996 0.7017 14.095 14.517 -0.36534 -0.27416 -0 65
490 476 23 0.8138 0.8095 10.377 10.325 -0.44334 -0.26216 0 64
490 491 24 0.7216 0.7291 8.993 8.472 -0.40734 -0.21416 -0 64
490 482 25 0.8393 0.8456 17.948 18.014 -0.41934 -0.37616 0 64
490 455 26 0.8255 0.8203 19.193 18.916 -0.40134 -0.37616 0 64
490 560 27 0.7517 0.7452 18.94 18.779 -0.36534 -0.34016 -0 66
490 530 28 0.7794 0.7702 18.639 18.827 -0.37734 -0.35216 0 65
490 531 29 0.739 0.7441 7.763 7.619 -0.41934 -0.20816 -0 64
490 472 30 0.809 0.8053 8.494 8.595 -0.44934 -0.23816 0 65
490 484 31 0.786 0.775 16.596 17.122 -0.38934 -0.33416 0 65
490 391 32 0.7931 0.7952 13.929 13.518 -0.41934 -0.29816 0 65
490 460 33 0.8154 0.8081 7.575 7.627 -0.45534 -0.22616 -0 64
490 475 34 0.7408 0.7423 10.499 10.14 -0.40734 -0.23816 -0 65
490 435 35 0.7981 0.8021 12.429 11.907 -0.43134 -0.28016 0 65
490 545 36 0.752 0.7501 6.882 6.996 -0.42534 -0.20216 -0 64
490 579 37 0.7466 0.7414 17.447 17.338 -0.37134 -0.32216 -0 65
490 486 38 0.8329 0.8357 12.084 11.926 -0.44934 -0.29216 0 64
490 534 39 0.7756 0.7716 5.377 5.601 -0.44334 -0.19016 -0 64
490 472 40 0.8112 0.8037 18.673 18.557 -0.39534 -0.36416 0 65
490 569 41 0.7425 0.7218 14.725 15.416 -0.37134 -0.29216 -0 65
490 608 42 0.7231 0.7142 13.883 14.618 -0.37134 -0.28016 -0 65
490 612 43 0.725 0.7164 17.346 17.236 -0.35934 -0.31016 -0 66
490 480 44 0.6948 0.7075 7.002 6.952 -0.40134 -0.19016 0 63
490 426 45 0.8406 0.8326 5.622 5.381 -0.47934 -0.20216 -0 64
490 518 46 0.7853 0.7779 4.997 5.016 -0.44934 -0.18416 -0 64
490 457 47 0.8236 0.825 17.132 17.314 -0.41334 -0.35816 0 64
490 642 48 0.6925 0.696 16.791 16.382 -0.35334 -0.29216 -0 65
490 472 49 0.7429 0.7348 11.648 11.865 -0.39534 -0.25616 -0 65
544 545 0 0.8464 0.85 10.983 11.119 -0.46134 -0.28616 0 65
544 566 1 0.769 0.766 9.174 9.047 -0.42534 -0.23216 -0 65
544 534 2 0.6959 0.7075 7.053 6.952 -0.40134 -0.19016 0 64
544 487 3 0.8006 0.8056 12.588 12.277 -0.43134 -0.28616 0 65
544 541 4 0.8284 0.8287 11.06 11.207 -0.44934 -0.28016 0 65
544 548 5 0.7977 0.7911 18.35 18.53 -0.38934 -0.35816 0 65
544 598 6 0.7599 0.7562 6.059 6.383 -0.43134 -0.19616 -0 65
544 585 7 0.7763 0.7745 6.193 6.012 -0.44334 -0.19616 -0 65
544 509 8 0.8447 0.8506 16.214 16.465 -0.43134 -0.35816 0 65
544 526 9 0.8136 0.8084 4.971 4.925 -0.46734 -0.19016 -0 64
544 566 10 0.7179 0.7261 4.834 5.038 -0.41934 -0.17216 -0 64
544 562 11 0.7934 0.7837 5.789 5.833 -0.44934 -0.19616 -0 65
544 507 12 0.6931 0.6976 10.417 11.414 -0.37734 -0.23816 0 65
544 596 13 0.7368 0.7411 5.717 5.724 -0.42534 -0.18416 -0 65
544 465 14 0.8359 0.8325 7.767 8.004 -0.46734 -0.23816 -0 65
544 547 15 0.8018 0.7928 7.206 7.035 -0.44934 -0.21416 -0 65
544 473 16 0.8397 0.845 14.223 13.918 -0.44334 -0.32216 0 65
544 569 17 0.7726 0.7625 16.74 17.071 -0.38334 -0.32816 0 66
544 592 18 0.7482 0.7474 4.952 5.114 -0.43134 -0.17816 -0 65
544 574 19 0.7851 0.7808 5.212 5.426 -0.44934 -0.19016 -0 65
544 484 20 0.7674 0.7528 13.465 13.846 -0.39534 -0.28616 0 66
544 587 21 0.7773 0.7702 18.887 18.827 -0.37734 -0.35216 -0 66
544 524 22 0.8163 0.8233 11.918 11.799 -0.44334 -0.28616 0 65
544 690 23 0.7195 0.7171 16.483 16.126 -0.36534 -0.29816 -0 66
544 524 24 0.7587 0.7354 13.753 14.418 -0.38334 -0.28616 0 66
544 662 25 0.6992 0.698 13.175 14.104 -0.36534 -0.26816 -0 65
544 557 26 0.7688 0.766 9.572 9.047 -0.42534 -0.23216 -0 65
544 563 27 0.7312 0.7382 8.489 8.251 -0.41334 -0.21416 -0 65
544 561 28 0.7549 0.7305 14.622 15.109 -0.37734 -0.29216 -0 66
544 511 29 0.8086 0.804 17.054 17.567 -0.40134 -0.35216 0 65
544 573 30 0.7833 0.7779 5.097 5.016 -0.44934 -0.18416 -0 65
544 515 31 0.8186 0.8148 4.352 4.372 -0.47334 -0.18416 -0 64
544 540 32 0.7848 0.775 16.715 17.122 -0.38934 -0.33416 0 66
544 591 33 0.7737 0.7702 19.036 18.827 -0.37734 -0.35216 -0 66
544 447 34 0.7888 0.7865 13.822 13.782 -0.41334 -0.29816 0 66
544 508 35 0.8187 0.8269 12.673 12.16 -0.44334 -0.29216 0 65
544 635 36 0.7107 0.7119 18.7 17.963 -0.35334 -0.31616 -0 66
544 584 37 0.7712 0.7687 4.863 5.187 -0.44334 -0.18416 -1 65
544 515 38 0.7465 0.7437 11.677 11.606 -0.40134 -0.25616 -0 66
544 520 39 0.8126 0.8021 8.126 8.209 -0.44934 -0.23216 -0 65
544 588 40 0.7777 0.7745 6.063 6.012 -0.44334 -0.19616 -0 65
544 473 41 0.8299 0.8326 14.154 13.822 -0.43734 -0.31616 0 65
544 449 42 0.8075 0.8064 14.578 14.605 -0.41934 -0.31616 0 66
544 461 43 0.8094 0.8092 15.363 15.942 -0.41334 -0.33416 0 66
544 616 44 0.7558 0.7536 18.336 18.443 -0.37134 -0.34016 -0 66
544 524 45 0.7057 0.7065 10.552 11.146 -0.38334 -0.23816 -0 65
544 525 46 0.8439 0.8393 12.693 12.28 -0.44934 -0.29816 0 65
544 578 47 0.7282 0.7319 7.648 7.404 -0.41334 -0.20216 -0 65
544 514 48 0.8322 0.8335 16.852 17.025 -0.41934 -0.35816 0 65
544 665 49 0.7015 0.7039 17.886 17.182 -0.35334 -0.30416 -0 66
599 554 0 0.8421 0.8506 16.131 16.465 -0.43134 -0.35816 0 66
599 555 1 0.7615 0.7614 11.572 11.104 -0.41334 -0.25616 -0 67
599 575 2 0.7387 0.7367 10.66 10.794 -0.40134 -0.24416 -0 66
599 632 3 0.7304 0.7319 7.672 7.404 -0.41334 -0.20216 -0 65
599 498 4 0.8456 0.8354 7.173 7.07 -0.47334 -0.22616 -0 66
599 764 5 0.7003 0.7007 16.067 15.649 -0.35934 -0.28616 -0 67
599 540 6 0.8255 0.8203 7.711 7.818 -0.46134 -0.23216 -0 66
599 589 7 0.8071 0.7992 5.01 5.088 -0.46134 -0.19016 -1 65
599 637 8 0.7782 0.7714 6.944 7.016 -0.43734 -0.20816 -0 66
599 584 9 0.8069 0.8019 7.103 6.848 -0.45534 -0.21416 -0 66
599 540 10 0.8361 0.8377 13.79 13.224 -0.44334 -0.31016 0 66
599 763 11 0.6961 0.6969 15.399 15.241 -0.35934 -0.28016 -0 66
599 753 12 0.7064 0.7085 16.685 16.451 -0.35934 -0.29816 -0 67
599 600 13 0.7977 0.7963 4.532 4.687 -0.46134 -0.18416 -0 65
599 690 14 0.707 0.7079 18.548 17.574 -0.35334 -0.31016 -0 67
599 623 15 0.6966 0.6958 11.526 12.547 -0.37134 -0.25016 -0 65
599 567 16 0.8279 0.8242 9.321 9.521 -0.45534 -0.25616 -0 66
599 629 17 0.7303 0.7353 4.547 4.859 -0.42534 -0.17216 -0 65
599 757 18 0.7045 0.7055 14.876 14.926 -0.36534 -0.28016 -0 66
599 549 19 0.8244 0.8176 8.414 8.772 -0.45534 -0.24416 -0 66
599 687 20 0.7362 0.718 14.547 15.019 -0.37134 -0.28616 -0 67
599 626 21 0.7656 0.7627 8.839 8.643 -0.42534 -0.22616 -0 66
599 647 22 0.7704 0.7661 18.186 18.473 -0.37734 -0.34616 -0 67
599 564 23 0.8321 0.8275 9.364 9.891 -0.45534 -0.26216 -0 66
599 629 24 0.7803 0.7779 4.843 5.016 -0.44934 -0.18416 -1 65
599 534 25 0.8372 0.8428 15.544 15.799 -0.43134 -0.34616 0 66
599 572 26 0.7123 0.7176 9.736 9.788 -0.39534 -0.22616 -0 66
599 671 27 0.745 0.7452 18.892 18.779 -0.36534 -0.34016 -0 67
599 655 28 0.7653 0.7618 19.3 19.16 -0.37134 -0.35216 -0 67
599 519 29 0.8236 0.8238 14.252 14.078 -0.43134 -0.31616 0 66
599 592 30 0.7922 0.7905 9.8 9.4 -0.43734 -0.24416 0 66
599 546 31 0.8378 0.8332 8.833 9.315 -0.46134 -0.25616 -0 66
599 579 32 0.716 0.7233 9.443 9.125 -0.40134 -0.22016 -0 66
599 537 33 0.8348 0.8234 5.702 5.545 -0.47334 -0.20216 -0 65
599 594 34 0.8276 0.8287 11.067 11.207 -0.44934 -0.28016 0 65
599 595 35 0.7746 0.7726 10.204 9.843 -0.42534 -0.24416 -0 66
599 586 36 0.7147 0.71 10.808 11.57 -0.38334 -0.24416 -0 66
599 591 37 0.7193 0.7189 10.914 11.305 -0.38934 -0.24416 -0 66
599 531 38 0.7934 0.7932 12.514 12.151 -0.42534 -0.28016 0 66
599 560 39 0.7626 0.7614 11.378 11.104 -0.41334 -0.25616 -0 67
599 574 40 0.8155 0.8113 5.477 5.32 -0.46734 -0.19616 -0 65
599 623 41 0.7389 0.7382 8.423 8.251 -0.41334 -0.21416 -0 66
599 579 42 0.7164 0.7154 10.46 10.885 -0.38934 -0.23816 -0 66
599 586 43 0.779 0.7759 10.447 10.236 -0.42534 -0.25016 -0 66
599 539 44 0.6926 0.6997 9.843 10.287 -0.38334 -0.22616 -0 65
599 679 45 0.7425 0.7411 18.647 18.412 -0.36534 -0.33416 -0 67
599 561 46 0.8413 0.8365 9.331 9.681 -0.46134 -0.26216 -0 66
599 522 47 0.8345 0.8351 15.087 15.12 -0.43134 -0.33416 0 66
599 674 48 0.7108 0.7031 12.475 13.388 -0.37134 -0.26216 -0 66
599 501 49 0.8466 0.8416 7.591 7.816 -0.47334 -0.23816 -0 66
653 591 0 0.8263 0.8203 7.634 7.818 -0.46134 -0.23216 -0 66
653 723 1 0.7351 0.7229 13.754 14.317 -0.37734 -0.28016 -0 67
653 624 2 0.744 0.7402 11.003 11.202 -0.40134 -0.25016 -0 67
653 648 3 0.7998 0.7899 8.204 8.019 -0.44334 -0.22616 -0 66
653 615 4 0.7058 0.7087 9.868 10.034 -0.38934 -0.22616 -0 66
653 698 5 0.7529 0.7382 15.551 15.884 -0.37734 -0.30416 -0 68
653 689 6 0.7453 0.7445 4.38 4.685 -0.43134 -0.17216 -1 66
653 646 7 0.7029 0.7077 4.973 5.409 -0.40734 -0.17216 -0 65
653 672 8 0.7122 0.7228 5.969 6.105 -0.41334 -0.18416 -0 65
653 652 9 0.7832 0.775 16.855 17.122 -0.38934 -0.33416 -0 67
653 666 10 0.791 0.7871 4.773 4.849 -0.45534 -0.18416 -1 66
653 587 11 0.82 0.8256 16.058 16.35 -0.41934 -0.34616 0 67
653 626 12 0.8288 0.8287 18.751 18.609 -0.40734 -0.37616 0 66
653 673 13 0.7195 0.7228 7.716 7.615 -0.40734 -0.20216 -0 66
653 667 14 0.7141 0.7169 4.962 5.221 -0.41334 -0.17216 -0 65
653 633 15 0.7668 0.7593 15.181 15.656 -0.38934 -0.31016 -0 68
653 804 16 0.6938 0.6921 16.242 15.976 -0.35334 -0.28616 -0 67
653 583 17 0.8042 0.8006 15.83 16.227 -0.40734 -0.33416 0 67
653 680 18 0.759 0.7595 8.687 8.237 -0.42534 -0.22016 -0 67
653 658 19 0.7967 0.7867 7.584 7.624 -0.44334 -0.22016 -0 66
653 657 20 0.7985 0.7928 6.932 7.035 -0.44934 -0.21416 -0 66
653 687 21 0.7608 0.7595 8.426 8.237 -0.42534 -0.22016 -0 67
653 642 22 0.7764 0.7759 10.349 10.236 -0.42534 -0.25016 -0 67
653 620 23 0.8247 0.8287 18.89 18.609 -0.40734 -0.37616 0 66
653 618 24 0.7956 0.7951 11.382 11.158 -0.43134 -0.26816 0 67
653 650 25 0.733 0.7259 11.826 12.131 -0.38934 -0.25616 -0 67
653 655 26 0.7352 0.7414 9.2 8.67 -0.41334 -0.22016 -0 67
653 712 27 0.7557 0.7493 19.163 19.141 -0.36534 -0.34616 -0 68
653 608 28 0.8233 0.821 16.748 16.976 -0.41334 -0.35216 0 67
653 691 29 0.7602 0.7563 8.121 7.826 -0.42534 -0.21416 -0 66
653 594 30 0.7925 0.7881 15.796 16.163 -0.40134 -0.32816 -0 67
653 603 31 0.8291 0.8234 5.617 5.545 -0.47334 -0.20216 -0 66
653 573 32 0.7872 0.7804 15.054 15.44 -0.40134 -0.31616 -0 67
653 652 33 0.7994 0.7958 7.584 7.429 -0.44934 -0.22016 -0 66
653 698 34 0.7692 0.7654 5.897 6.195 -0.43734 -0.19616 -1 66
653 626 35 0.7933 0.7917 10.985 10.778 -0.43134 -0.26216 -0 67
653 637 36 0.8196 0.8219 10.195 10.476 -0.44934 -0.26816 0 66
653 699 37 0.7429 0.7267 14.038 14.715 -0.37734 -0.28616 -0 68
653 598 38 0.8352 0.8297 5.198 4.997 -0.47934 -0.19616 -0 65
653 713 39 0.7572 0.7577 19.181 18.803 -0.37134 -0.34616 -0 68
653 698 40 0.7427 0.7471 6.979 6.575 -0.42534 -0.19616 -1 66
653 640 41 0.6946 0.7045 6.738 6.506 -0.40134 -0.18416 -0 65
653 648 42 0.8028 0.7992 4.915 5.088 -0.46134 -0.19016 -1 66
653 582 43 0.8419 0.8418 5.339 5.222 -0.48534 -0.20216 -0 66
653 633 44 0.8153 0.8164 11.356 11.068 -0.44334 -0.27416 -0 66
653 576 45 0.8304 0.8303 15.329 15.731 -0.42534 -0.34016 0 67
653 647 46 0.7448 0.7331 12.801 12.942 -0.38934 -0.26816 -0 68
653 651 47 0.7021 0.7075 7.155 6.952 -0.40134 -0.19016 -0 65
653 702 48 0.7364 0.7411 5.712 5.724 -0.42534 -0.18416 -1 66
653 632 49 0.7196 0.7244 10.507 10.631 -0.39534 -0.23816 -0 67
708 819 0 0.7335 0.721 16.559 16.518 -0.36534 -0.30416 -1 69
708 611 1 0.8079 0.8102 14.925 14.961 -0.41934 -0.32216 0 68
708 666 2 0.753 0.7472 11.931 12.006 -0.40134 -0.26216 -0 69
708 682 3 0.7038 0.7065 10.585 11.146 -0.38334 -0.23816 -0 67
708 657 4 0.6988 0.702 9.098 9.167 -0.38934 -0.21416 -0 66
708 778 5 0.7298 0.7192 13.348 13.915 -0.37734 -0.27416 -1 68
708 760 6 0.7467 0.7441 6.18 6.151 -0.42534 -0.19016 -1 67
708 836 7 0.7007 0.698 13.597 14.104 -0.36534 -0.26816 -0 67
708 754 8 0.7715 0.7661 18.691 18.473 -0.37734 -0.34616 -0 68
708 616 9 0.79 0.788 13.059 12.776 -0.41934 -0.28616 -0 68
708 677 10 0.8057 0.804 17.2 17.567 -0.40134 -0.35216 0 68
708 699 11 0.8331 0.8357 12.101 11.926 -0.44934 -0.29216 -0 67
708 716 12 0.7267 0.7291 8.456 8.472 -0.40734 -0.21416 -0 67
708 694 13 0.8073 0.7992 5.002 5.088 -0.46134 -0.19016 -1 67
708 656 14 0.8291 0.8234 5.467 5.545 -0.47334 -0.20216 -1 67
708 617 15 0.8454 0.848 8.148 8.551 -0.47334 -0.25016 -0 67
708 766 16 0.7552 0.7493 19.185 19.141 -0.36534 -0.34616 -0 69
708 606 17 0.7826 0.7828 13.668 13.41 -0.41334 -0.29216 -0 69
708 605 18 0.795 0.7939 14.414 14.516 -0.41334 -0.31016 -0 68
708 621 19 0.7882 0.7844 12.761 12.401 -0.41934 -0.28016 -0 68
708 675 20 0.8293 0.8287 18.912 18.609 -0.40734 -0.37616 0 67
708 706 21 0.7023 0.7075 6.924 6.952 -0.40134 -0.19016 -0 66
708 660 22 0.7591 0.7525 11.657 11.352 -0.40734 -0.25616 -0 68
708 835 23 0.6916 0.698 13.643 14.104 -0.36534 -0.26816 -0 67
708 667 24 0.7642 0.7614 11.169 11.104 -0.41334 -0.25616 -0 68
708 675 25 0.8364 0.8393 12.856 12.28 -0.44934 -0.29816 -0 67
708 860 26 0.7004 0.7046 16.522 16.052 -0.35934 -0.29216 -0 68
708 721 27 0.7127 0.7169 5.17 5.221 -0.41334 -0.17216 -1 66
708 685 28 0.8345 0.8375 17.309 17.358 -0.41934 -0.36416 -0 67
708 672 29 0.7516 0.7491 11.272 10.952 -0.40734 -0.25016 -0 68
708 780 30 0.7368 0.7411 18.782 18.412 -0.36534 -0.33416 -0 69
708 697 31 0.7071 0.714 4.466 4.773 -0.41334 -0.16616 -1 66
708 777 32 0.7451 0.7452 18.989 18.779 -0.36534 -0.34016 -0 69
708 705 33 0.7988 0.7931 8.532 8.412 -0.44334 -0.23216 -0 67
708 659 34 0.6979 0.7078 8.937 8.494 -0.39534 -0.20816 -0 66
708 638 35 0.8165 0.8131 15.993 16.29 -0.41334 -0.34016 0 68
708 632 36 0.813 0.8164 13.636 13.367 -0.43134 -0.30416 -0 68
708 668 37 0.6906 0.6956 4.968 5.144 -0.40134 -0.16616 -0 66
708 853 38 0.6941 0.696 16.741 16.382 -0.35334 -0.29216 -0 68
708 709 39 0.7023 0.7045 6.506 6.506 -0.40134 -0.18416 -0 66
708 702 40 0.7385 0.7446 9.573 9.085 -0.41334 -0.22616 -0 68
708 741 41 0.7827 0.7775 6.451 6.42 -0.44334 -0.20216 -1 67
708 697 42 0.8024 0.7963 8.968 8.801 -0.44334 -0.23816 -0 67
708 640 43 0.7646 0.7579 13.223 13.184 -0.40134 -0.28016 -0 69
708 658 44 0.7591 0.756 11.904 11.749 -0.40734 -0.26216 -0 68
708 713 45 0.7292 0.7207 11.94 12.815 -0.38334 -0.26216 -0 68
708 712 46 0.7975 0.79 5.216 5.255 -0.45534 -0.19016 -1 67
708 745 47 0.7257 0.7258 6.576 6.541 -0.41334 -0.19016 -1 66
708 697 48 0.7625 0.7636 10.382 10.073 -0.41934 -0.24416 -0 68
708 840 49 0.6939 0.6999 17.221 16.784 -0.35334 -0.29816 -0 68
762 699 0 0.8382 0.8332 8.844 9.315 -0.46134 -0.25616 -0 68
762 760 1 0.7967 0.7869 19.138 19.195 -0.38334 -0.36416 0 69
762 738 2 0.8405 0.8412 18.665 18.634 -0.41334 -0.38216 0 68
762 916 3 0.7073 0.7093 15.158 15.33 -0.36534 -0.28616 -1 69
762 752 4 0.796 0.7939 9.765 9.786 -0.43734 -0.25016 -0 68
762 681 5 0.8363 0.8357 8.08 8.377 -0.46734 -0.24416 -0 68
762 721 6 0.8217 0.8142 5.592 5.712 -0.46734 -0.20216 -1 68
762 816 7 0.7644 0.7577 18.65 18.803 -0.37134 -0.34616 -0 69
762 695 8 0.8292 0.8263 6.305 5.93 -0.47334 -0.20816 -0 68
762 898 9 0.7226 0.7171 16.482 16.126 -0.36534 -0.29816 -1 70
762 742 10 0.8317 0.8357 12.344 11.926 -0.44934 -0.29216 -0 68
762 749 11 0.7208 0.7233 9.101 9.125 -0.40134 -0.22016 -1 68
762 787 12 0.7688 0.7625 16.751 17.071 -0.38334 -0.32816 -0 69
762 782 13 0.7712 0.7718 8.837 8.431 -0.43134 -0.22616 -1 68
762 783 14 0.7363 0.7353 4.355 4.859 -0.42534 -0.17216 -1 68
762 840 15 0.7491 0.7414 17.182 17.338 -0.37134 -0.32216 -1 70
762 680 16 0.8315 0.8313 14.705 14.775 -0.43134 -0.32816 -0 68
762 819 17 0.7571 0.7499 16.981 17.017 -0.37734 -0.32216 -0 69
762 672 18 0.7806 0.7728 14.397 14.703 -0.40134 -0.30416 -0 69
762 737 19 0.811 0.8078 18.759 18.894 -0.39534 -0.37016 0 68
762 788 20 0.7821 0.7744 19.309 19.178 -0.37734 -0.35816 -0 69
762 921 21 0.6938 0.6969 15.345 15.241 -0.35934 -0.28016 -1 69
762 791 22 0.7613 0.7585 16.386 16.703 -0.38334 -0.32216 -0 70
762 740 23 0.8251 0.8269 12.271 12.16 -0.44334 -0.29216 -0 68
762 726 24 0.8241 0.8203 19.111 18.916 -0.40134 -0.37616 0 68
762 732 25 0.7434 0.7348 11.779 11.865 -0.39534 -0.25616 -0 69
762 725 26 0.8094 0.804 17.202 17.567 -0.40134 -0.35216 -0 68
762 746 27 0.8424 0.8393 12.211 12.28 -0.44934 -0.29816 -0 68
762 767 28 0.7319 0.7382 8.729 8.251 -0.41334 -0.21416 -1 68
762 781 29 0.7899 0.7867 6.408 6.236 -0.44934 -0.20216 -1 68
762 825 30 0.759 0.7577 18.847 18.803 -0.37134 -0.34616 -0 70
762 798 31 0.7265 0.7258 6.442 6.541 -0.41334 -0.19016 -1 67
762 660 32 0.7899 0.7852 14.517 14.791 -0.40734 -0.31016 -0 69
762 729 33 0.8221 0.8203 18.893 18.916 -0.40134 -0.37616 0 68
762 817 34 0.6976 0.7035 18.913 18.313 -0.34734 -0.31616 -0 70
762 775 35 0.7257 0.7259 8.037 8.045 -0.40734 -0.20816 -1 68
762 744 36 0.7535 0.7546 10.581 10.307 -0.41334 -0.24416 -1 69
762 832 37 0.7346 0.7229 13.873 14.317 -0.37734 -0.28016 -1 69
762 709 38 0.8439 0.8467 15.894 16.134 -0.43134 -0.35216 -0 68
762 697 39 0.8435 0.836 4.505 4.457 -0.48534 -0.19016 -1 67
762 719 40 0.7013 0.711 9.065 8.93 -0.39534 -0.21416 -0 67
762 683 41 0.814 0.8131 15.76 16.29 -0.41334 -0.34016 0 69
762 724 42 0.7935 0.7875 16.578 17.173 -0.39534 -0.34016 -0 69
762 747 43 0.7892 0.7849 10.27 10.009 -0.43134 -0.25016 -0 68
762 800 44 0.7083 0.7082 11.905 12.684 -0.37734 -0.25616 -1 68
762 682 45 0.8279 0.8265 15.339 15.388 -0.42534 -0.33416 0 69
762 681 46 0.8399 0.8438 14.977 14.857 -0.43734 -0.33416 -0 68
762 683 47 0.8452 0.8438 14.766 14.857 -0.43734 -0.33416 0 68
762 813 48 0.7619 0.7539 17.204 17.387 -0.37734 -0.32816 -0 69
762 787 49 0.778 0.7705 17.794 17.794 -0.38334 -0.34016 -0 69
54 183 0 0.8365 0.7007 6.897 15.649 -0.35934 -0.28616 1 62
54 228 1 0.7167 0.7007 14.24 15.649 -0.35934 -0.28616 0 62
54 190 2 0.7145 0.6969 10.011 15.241 -0.35934 -0.28016 0 62
54 189 3 0.7906 0.7007 15.244 15.649 -0.35934 -0.28616 0 62
54 217 4 0.696 0.7007 18.45 15.649 -0.35934 -0.28616 1 62
54 184 5 0.8396 0.7007 15.783 15.649 -0.35934 -0.28616 1 62
54 183 6 0.8218 0.7007 5.03 15.649 -0.35934 -0.28616 0 62
54 230 7 0.7212 0.7007 16.455 15.649 -0.35934 -0.28616 0 62
54 182 8 0.7147 0.7007 4.93 15.649 -0.35934 -0.28616 1 62
54 183 9 0.8384 0.7007 16.287 15.649 -0.35934 -0.28616 1 62
54 181 10 0.7791 0.7007 9.971 15.649 -0.35934 -0.28616 1 62
54 219 11 0.7124 0.6969 12.769 15.241 -0.35934 -0.28016 0 62
54 214 12 0.7435 0.7007 16.908 15.649 -0.35934 -0.28616 1 62
54 199 13 0.72 0.6969 11.105 15.241 -0.35934 -0.28016 1 62
54 182 14 0.8011 0.7007 12.721 15.649 -0.35934 -0.28616 0 62
54 183 15 0.79 0.7007 5.119 15.649 -0.35934 -0.28616 1 62
54 184 16 0.7778 0.7007 11.138 15.649 -0.35934 -0.28616 1 62
54 183 17 0.7783 0.7007 6.564 15.649 -0.35934 -0.28616 1 62
54 208 18 0.7187 0.7046 19.123 16.052 -0.35934 -0.29216 0 62
54 185 19 0.7708 0.7007 10.568 15.649 -0.35934 -0.28616 1 62
54 181 20 0.6917 0.7007 6.678 15.649 -0.35934 -0.28616 1 61
54 190 21 0.788 0.7007 14.401 15.649 -0.35934 -0.28616 1 62
54 183 22 0.7822 0.7007 11.127 15.649 -0.35934 -0.28616 1 62
54 196 23 0.7793 0.7007 15.315 15.649 -0.35934 -0.28616 1 62
54 182 24 0.8277 0.7007 15.439 15.649 -0.35934 -0.28616 0 62
54 224 25 0.7104 0.6969 13.356 15.241 -0.35934 -0.28016 0 62
54 191 26 0.6977 0.6969 9.85 15.241 -0.35934 -0.28016 1 62
54 183 27 0.764 0.7007 9.288 15.649 -0.35934 -0.28616 1 62
54 183 28 0.8277 0.7007 18.661 15.649 -0.35934 -0.28616 1 62
54 224 29 0.7336 0.7007 14.417 15.649 -0.35934 -0.28616 1 62
54 225 30 0.7059 0.7007 17.618 15.649 -0.35934 -0.28616 0 62
54 188 31 0.7963 0.7007 15.217 15.649 -0.35934 -0.28616 0 62
54 183 32 0.7999 0.7007 11.773 15.649 -0.35934 -0.28616 1 62
54 217 33 0.7285 0.6969 13.252 15.241 -0.35934 -0.28016 0 62
54 183 34 0.7583 0.7007 8.204 15.649 -0.35934 -0.28616 1 62
54 201 35 0.7613 0.7007 17.353 15.649 -0.35934 -0.28616 1 62
54 204 36 0.694 0.6969 11.428 15.241 -0.35934 -0.28016 1 62
54 181 37 0.7235 0.7007 5.599 15.649 -0.35934 -0.28616 1 62
54 190 38 0.7911 0.7007 15.85 15.649 -0.35934 -0.28616 1 62
54 191 39 0.776 0.7007 17.836 15.649 -0.35934 -0.28616 1 62
54 182 40 0.7257 0.7007 4.604 15.649 -0.35934 -0.28616 0 62
54 183 41 0.7473 0.7007 8.405 15.649 -0.35934 -0.28616 1 62
54 183 42 0.7716 0.7007 6.706 15.649 -0.35934 -0.28616 1 62
54 183 43 0.8026 0.7007 7.073 15.649 -0.35934 -0.28616 1 62
54 183 44 0.8033 0.7007 9.459 15.649 -0.35934 -0.28616 1 62
54 187 45 0.7407 0.7007 9.873 15.649 -0.35934 -0.28616 1 62
54 183 46 0.7659 0.7007 5.551 15.649 -0.35934 -0.28616 1 62
54 198 47 0.7144 0.6969 10.875 15.241 -0.35934 -0.28016 0 62
54 183 48 0.8323 0.7007 11.588 15.649 -0.35934 -0.28616 1 62
54 184 49 0.8056 0.7007 6.137 15.649 -0.35934 -0.28616 1 62
109 181 0 0.8114 0.7007 10.81 15.649 -0.35934 -0.28616 0 62
109 224 1 0.7572 0.7093 13.372 15.33 -0.36534 -0.28616 0 62
109 258 2 0.6944 0.6931 12.744 14.829 -0.35934 -0.27416 0 62
109 185 3 0.8076 0.7007 8.091 15.649 -0.35934 -0.28616 1 62
109 183 4 0.7707 0.7007 4.893 15.649 -0.35934 -0.28616 1 62
109 186 5 0.7249 0.6969 8.822 15.241 -0.35934 -0.28016 1 62
109 194 6 0.7781 0.7046 18.343 16.052 -0.35934 -0.29216 1 62
109 230 7 0.7128 0.7017 11.538 14.517 -0.36534 -0.27416 0 62
109 181 8 0.8301 0.7007 11.089 15.649 -0.35934 -0.28616 1 62
109 183 9 0.7978 0.7007 7.999 15.649 -0.35934 -0.28616 0 62
109 285 10 0.6969 0.6969 14.755 15.241 -0.35934 -0.28016 0 62
109 200 11 0.7465 0.6969 10.746 15.241 -0.35934 -0.28016 0 62
109 232 12 0.7203 0.7017 11.779 14.517 -0.36534 -0.27416 0 62
109 182 13 0.8357 0.7007 9.966 15.649 -0.35934 -0.28616 1 62
109 256 14 0.743 0.7132 15.746 15.73 -0.36534 -0.29216 0 62
109 184 15 0.8224 0.7007 17.573 15.649 -0.35934 -0.28616 1 62
109 183 16 0.7703 0.7007 7.528 15.649 -0.35934 -0.28616 1 62
109 211 17 0.7711 0.7046 17.067 16.052 -0.35934 -0.29216 0 62
109 183 18 0.6962 0.6969 8.219 15.241 -0.35934 -0.28016 1 62
109 221 19 0.7306 0.7055 11.519 14.926 -0.36534 -0.28016 0 62
109 184 20 0.8189 0.7007 7.078 15.649 -0.35934 -0.28616 1 62
109 181 21 0.7303 0.7007 6.816 15.649 -0.35934 -0.28616 1 62
109 182 22 0.7567 0.7007 5.196 15.649 -0.35934 -0.28616 1 62
109 272 23 0.7148 0.7046 17.314 16.052 -0.35934 -0.29216 0 62
109 182 24 0.8221 0.7007 8.982 15.649 -0.35934 -0.28616 1 62
109 183 25 0.8349 0.7007 18.452 15.649 -0.35934 -0.28616 1 62
109 196 26 0.7913 0.7007 15.694 15.649 -0.35934 -0.28616 1 62
109 182 27 0.8291 0.7007 19.02 15.649 -0.35934 -0.28616 1 62
109 185 28 0.8066 0.7007 13.144 15.649 -0.35934 -0.28616 1 62
109 184 29 0.8277 0.7007 6.466 15.649 -0.35934 -0.28616 1 62
109 222 30 0.7458 0.7085 18.741 16.451 -0.35934 -0.29816 0 62
109 271 31 0.7277 0.7007 14.576 15.649 -0.35934 -0.28616 0 62
109 272 32 0.6956 0.6969 13.598 15.241 -0.35934 -0.28016 0 62
109 184 33 0.7856 0.7007 10.405 15.649 -0.35934 -0.28616 0 62
109 185 34 0.8385 0.7007 13.741 15.649 -0.35934 -0.28616 1 62
109 185 35 0.7803 0.7007 10.473 15.649 -0.35934 -0.28616 0 62
109 263 36 0.725 0.7055 13.675 14.926 -0.36534 -0.28016 0 62
109 200 37 0.7408 0.6969 10.556 15.241 -0.35934 -0.28016 0 62
109 211 38 0.7569 0.7046 18.647 16.052 -0.35934 -0.29216 1 62
109 190 39 0.782 0.7007 18.856 15.649 -0.35934 -0.28616 1 62
109 183 40 0.7722 0.7007 6.417 15.649 -0.35934 -0.28616 1 62
109 195 41 0.7827 0.7007 13.651 15.649 -0.35934 -0.28616 0 62
109 241 42 0.7235 0.7055 12.325 14.926 -0.36534 -0.28016 0 62
109 194 43 0.7824 0.7007 13.029 15.649 -0.35934 -0.28616 0 62
109 182 44 0.7892 0.7007 7.951 15.649 -0.35934 -0.28616 1 62
109 181 45 0.7093 0.7007 5.916 15.649 -0.35934 -0.28616 1 62
109 183 46 0.8173 0.7007 6.005 15.649 -0.35934 -0.28616 1 62
109 186 47 0.8193 0.7007 16.458 15.649 -0.35934 -0.28616 1 62
109 183 48 0.8271 0.7007 10.213 15.649 -0.35934 -0.28616 1 62
109 185 49 0.8021 0.7007 6.529 15.649 -0.35934 -0.28616 1 62
163 211 0 0.7759 0.7654 8.146 7.621 -0.43134 -0.21416 0 62
163 224 1 0.7666 0.7624 5.824 5.78 -0.43734 -0.19016 0 62
163 202 2 0.726 0.6969 9.717 15.241 -0.35934 -0.28016 1 62
163 241 3 0.7244 0.7017 11.079 14.517 -0.36534 -0.27416 0 62
163 327 4 0.7224 0.7093 15.083 15.33 -0.36534 -0.28616 0 62
163 213 5 0.7693 0.7055 12.456 14.926 -0.36534 -0.28016 1 62
163 187 6 0.839 0.7007 14.519 15.649 -0.35934 -0.28616 1 62
163 298 7 0.7203 0.7085 18.191 16.451 -0.35934 -0.29816 0 62
163 208 8 0.7856 0.7132 15.012 15.73 -0.36534 -0.29216 0 62
163 274 9 0.7049 0.6999 19.311 16.784 -0.35334 -0.29816 0 62
163 267 10 0.7251 0.7017 11.945 14.517 -0.36534 -0.27416 0 62
163 218 11 0.7139 0.7017 10.13 14.517 -0.36534 -0.27416 0 62
163 187 12 0.8072 0.7007 13.58 15.649 -0.35934 -0.28616 1 62
163 281 13 0.7101 0.7017 12.025 14.517 -0.36534 -0.27416 0 62
163 245 14 0.7684 0.7171 16.196 16.126 -0.36534 -0.29816 0 62
163 183 15 0.8204 0.7007 11.188 15.649 -0.35934 -0.28616 1 62
163 213 16 0.7614 0.7563 8.29 7.826 -0.42534 -0.21416 0 62
163 312 17 0.7335 0.7093 14.672 15.33 -0.36534 -0.28616 0 62
163 248 18 0.7494 0.7055 12.521 14.926 -0.36534 -0.28016 1 62
163 205 19 0.7895 0.7714 7.222 7.016 -0.43734 -0.20816 0 62
163 265 20 0.7029 0.698 11.496 14.104 -0.36534 -0.26816 0 62
163 232 21 0.7738 0.7171 16.352 16.126 -0.36534 -0.29816 0 62
163 186 22 0.8249 0.7007 16.612 15.649 -0.35934 -0.28616 1 62
163 198 23 0.7941 0.7714 7.305 7.016 -0.43734 -0.20816 0 62
163 213 24 0.7567 0.7055 11.396 14.926 -0.36534 -0.28016 0 62
163 318 25 0.7257 0.7046 16.743 16.052 -0.35934 -0.29216 0 62
163 185 26 0.8236 0.7007 17.558 15.649 -0.35934 -0.28616 1 62
163 208 27 0.7842 0.7171 16.755 16.126 -0.36534 -0.29816 1 62
163 186 28 0.8311 0.7007 14.044 15.649 -0.35934 -0.28616 1 62
163 184 29 0.8065 0.7007 12.773 15.649 -0.35934 -0.28616 1 62
163 241 30 0.7107 0.7017 10.796 14.517 -0.36534 -0.27416 0 62
163 184 31 0.8321 0.7007 6.325 15.649 -0.35934 -0.28616 1 62
163 186 32 0.6928 0.6969 8.283 15.241 -0.35934 -0.28016 1 62
163 307 33 0.7389 0.7132 15.396 15.73 -0.36534 -0.29216 0 62
163 189 34 0.8072 0.7007 15.373 15.649 -0.35934 -0.28616 1 62
163 187 35 0.8155 0.7007 16.271 15.649 -0.35934 -0.28616 1 62
163 291 36 0.7254 0.7124 18.271 16.846 -0.35934 -0.30416 0 62
163 184 37 0.8286 0.7007 4.415 15.649 -0.35934 -0.28616 0 62
163 238 38 0.7569 0.7411 19.128 18.412 -0.36534 -0.33416 1 62
163 223 39 0.7574 0.7592 7.416 6.799 -0.43134 -0.20216 0 62
163 212 40 0.7798 0.7714 7.549 7.016 -0.43734 -0.20816 0 62
163 197 41 0.6938 0.6931 9.19 14.829 -0.35934 -0.27416 1 62
163 227 42 0.7543 0.7562 6.821 6.383 -0.43134 -0.19616 0 62
163 189 43 0.797 0.7808 4.81 5.426 -0.44934 -0.19016 0 62
163 184 44 0.8168 0.7007 6.565 15.649 -0.35934 -0.28616 1 62
163 293 45 0.7474 0.7132 15.38 15.73 -0.36534 -0.29216 0 62
163 183 46 0.8105 0.7007 9.119 15.649 -0.35934 -0.28616 1 62
163 285 47 0.7173 0.7124 18.746 16.846 -0.35934 -0.30416 0 62
163 184 48 0.7065 0.7288 8.111 6.974 -0.41334 -0.19616 1 62
163 190 49 0.7615 0.6969 10.091 15.241 -0.35934 -0.28016 0 62
218 355 0 0.7347 0.7171 16.62 16.126 -0.36534 -0.29816 0 63
218 329 1 0.7149 0.7124 18.767 16.846 -0.35934 -0.30416 0 63
218 191 2 0.8207 0.8357 13.132 11.926 -0.44934 -0.29216 1 62
218 278 3 0.772 0.7577 19.005 18.803 -0.37134 -0.34616 0 63
218 230 4 0.7584 0.7569 10.234 9.269 -0.41934 -0.23216 0 63
218 281 5 0.752 0.7532 6.198 5.963 -0.43134 -0.19016 0 62
218 276 6 0.7325 0.7349 6.151 6.344 -0.41934 -0.19016 0 62
218 391 7 0.6959 0.6969 14.843 15.241 -0.35934 -0.28016 0 62
218 337 8 0.6992 0.698 12.38 14.104 -0.36534 -0.26816 0 62
218 248 9 0.7101 0.7198 5.117 5.665 -0.41334 -0.17816 0 62
218 230 10 0.8429 0.8535 11.874 11.472 -0.46134 -0.29216 0 62
218 226 11 0.8366 0.8446 11.914 11.696 -0.45534 -0.29216 1 62
218 221 12 0.8088 0.7867 8.064 7.624 -0.44334 -0.22016 0 62
218 249 13 0.7084 0.7258 7.027 6.541 -0.41334 -0.19016 0 62
218 382 14 0.7145 0.7093 14.856 15.33 -0.36534 -0.28616 0 62
218 264 15 0.7609 0.7563 8.405 7.826 -0.42534 -0.21416 0 62
218 273 16 0.7274 0.7349 6.537 6.344 -0.41934 -0.19016 0 62
218 359 17 0.7347 0.7171 16.153 16.126 -0.36534 -0.29816 0 62
218 225 18 0.8093 0.7867 6.164 6.236 -0.44934 -0.20216 0 62
218 262 19 0.7824 0.7716 5.369 5.601 -0.44334 -0.19016 0 62
218 191 20 0.8265 0.8084 4.72 4.925 -0.46734 -0.19016 0 62
218 255 21 0.7895 0.7714 7.023 7.016 -0.43734 -0.20816 0 62
218 253 22 0.7647 0.718 13.155 15.019 -0.37134 -0.28616 0 62
218 227 23 0.7091 0.698 9.805 14.104 -0.36534 -0.26816 0 62
218 232 24 0.7801 0.7218 14.609 15.416 -0.37134 -0.29216 0 62
218 257 25 0.7896 0.7745 5.992 6.012 -0.44334 -0.19616 0 62
218 230 26 0.8046 0.7867 7.799 7.624 -0.44334 -0.22016 0 62
218 183 27 0.8458 0.7007 8.091 15.649 -0.35934 -0.28616 1 62
218 250 28 0.7914 0.7808 5.388 5.426 -0.44934 -0.19016 0 62
218 265 29 0.7338 0.7382 4.541 5.293 -0.42534 -0.17816 0 62
218 358 30 0.7271 0.7055 13.986 14.926 -0.36534 -0.28016 0 62
218 220 31 0.7165 0.7291 9.332 8.472 -0.40734 -0.21416 0 62
218 295 32 0.7575 0.7218 14.413 15.416 -0.37134 -0.29216 0 62
218 336 33 0.733 0.7055 13.494 14.926 -0.36534 -0.28016 0 62
218 201 34 0.8202 0.8055 4.401 4.527 -0.46734 -0.18416 0 62
218 276 35 0.7733 0.7577 19.013 18.803 -0.37134 -0.34616 0 63
218 348 36 0.7301 0.7124 17.53 16.846 -0.35934 -0.30416 0 63
218 305 37 0.7566 0.7374 16.992 16.962 -0.37134 -0.31616 0 63
218 273 38 0.7552 0.7503 4.913 5.54 -0.43134 -0.18416 0 62
218 277 39 0.7569 0.7592 7.253 6.799 -0.43134 -0.20216 0 62
218 265 40 0.7801 0.7716 5.514 5.601 -0.44334 -0.19016 0 62
218 219 41 0.7755 0.7093 12.603 15.33 -0.36534 -0.28616 0 62
218 209 42 0.6928 0.7106 8.211 7.394 -0.40134 -0.19616 0 62
218 183 43 0.8335 0.7007 7.231 15.649 -0.35934 -0.28616 1 62
218 255 44 0.6968 0.698 10.409 14.104 -0.36534 -0.26816 0 62
218 188 45 0.8219 0.7007 15.804 15.649 -0.35934 -0.28616 1 62
218 221 46 0.7615 0.7602 10.635 9.672 -0.41934 -0.23816 1 63
218 371 47 0.7285 0.7132 16.092 15.73 -0.36534 -0.29216 0 62
218 192 48 0.8074 0.7007 15.613 15.649 -0.35934 -0.28616 1 62
218 234 49 0.7684 0.766 10.043 9.047 -0.42534 -0.23216 0 62
272 329 0 0.7537 0.7532 7.547 7.413 -0.42534 -0.20816 0 63
272 261 1 0.8122 0.7963 8.859 8.801 -0.44334 -0.23816 0 63
272 250 2 0.8221 0.8162 18.9 18.583 -0.40134 -0.37016 1 63
272 352 3 0.7502 0.718 14.093 15.019 -0.37134 -0.28616 0 63
272 247 4 0.694 0.7137 8.725 7.832 -0.40134 -0.20216 0 62
272 390 5 0.7211 0.7164 18.247 17.236 -0.35934 -0.31016 0 63
272 383 6 0.7459 0.721 16.422 16.518 -0.36534 -0.30416 0 63
272 313 7 0.7021 0.7031 10.972 13.388 -0.37134 -0.26216 0 62
272 354 8 0.6908 0.6943 11.805 13.686 -0.36534 -0.26216 0 62
272 297 9 0.7933 0.7786 18.289 18.502 -0.38334 -0.35216 0 63
272 358 10 0.7373 0.737 18.879 18.041 -0.36534 -0.32816 0 63
272 326 11 0.7664 0.7623 7.61 7.212 -0.43134 -0.20816 0 63
272 356 12 0.751 0.737 18.194 18.041 -0.36534 -0.32816 0 63
272 340 13 0.7634 0.7577 18.893 18.803 -0.37134 -0.34616 0 63
272 331 14 0.7359 0.7441 6.139 6.151 -0.42534 -0.19016 0 62
272 295 15 0.792 0.7745 17.901 18.15 -0.38334 -0.34616 0 63
272 294 16 0.7239 0.735 8.621 7.829 -0.41334 -0.20816 0 63
272 242 17 0.6905 0.7046 8.652 8.055 -0.39534 -0.20216 0 62
272 260 18 0.8129 0.8062 9.702 9.948 -0.44334 -0.25616 1 63
272 328 19 0.7327 0.7349 6.001 6.344 -0.41934 -0.19016 0 62
272 236 20 0.8296 0.8148 4.353 4.372 -0.47334 -0.18416 0 62
272 305 21 0.7803 0.775 4.384 4.603 -0.44934 -0.17816 -0 63
272 428 22 0.724 0.7093 15.245 15.33 -0.36534 -0.28616 0 63
272 335 23 0.7575 0.7532 5.898 5.963 -0.43134 -0.19016 0 63
272 286 24 0.6998 0.7166 7.152 6.744 -0.40734 -0.19016 0 62
272 311 25 0.7238 0.7319 7.641 7.404 -0.41334 -0.20216 0 62
272 230 26 0.7893 0.7257 14.916 15.809 -0.37134 -0.29816 0 63
272 298 27 0.7638 0.7627 9.497 8.643 -0.42534 -0.22616 0 63
272 247 28 0.7585 0.758 11.508 10.708 -0.41334 -0.25016 0 63
272 321 29 0.7757 0.7714 7.366 7.016 -0.43734 -0.20816 0 63
272 331 30 0.7436 0.7411 5.589 5.724 -0.42534 -0.18416 0 62
272 243 31 0.8235 0.808 6.502 6.276 -0.46134 -0.20816 0 63
272 408 32 0.6949 0.698 13.194 14.104 -0.36534 -0.26816 0 62
272 327 33 0.7576 0.7595 5.044 5.361 -0.43734 -0.18416 0 62
272 381 34 0.6948 0.7039 18.7 17.182 -0.35334 -0.30416 0 63
272 274 35 0.8348 0.8342 10.386 10.622 -0.45534 -0.27416 0 63
272 350 36 0.7577 0.7296 15.819 16.197 -0.37134 -0.30416 0 63
272 308 37 0.7217 0.729 4.696 5.477 -0.41934 -0.17816 0 62
272 256 38 0.8347 0.8398 9.479 10.045 -0.46134 -0.26816 0 63
272 326 39 0.7526 0.7142 13.43 14.618 -0.37134 -0.28016 0 63
272 211 40 0.8435 0.8422 8.201 9.112 -0.46734 -0.25616 0 63
272 204 41 0.8461 0.8326 5.881 5.381 -0.47934 -0.20216 0 62
272 374 42 0.7463 0.7218 14.939 15.416 -0.37134 -0.29216 0 63
272 314 43 0.7838 0.7702 18.695 18.827 -0.37734 -0.35216 0 63
272 295 44 0.7365 0.7382 9.065 8.251 -0.41334 -0.21416 0 63
272 278 45 0.8018 0.7931 8.529 8.412 -0.44334 -0.23216 0 63
272 389 46 0.6957 0.6999 18.496 16.784 -0.35334 -0.29816 0 63
272 283 47 0.8415 0.8446 11.908 11.696 -0.45534 -0.29216 0 62
272 252 48 0.8379 0.8398 9.304 10.045 -0.46134 -0.26816 1 63
272 241 49 0.8228 0.8019 7.225 6.848 -0.45534 -0.21416 0 63
327 398 0 0.7602 0.7536 18.773 18.443 -0.37134 -0.34016 0 64
327 244 1 0.7969 0.8004 13.595 12.893 -0.42534 -0.29216 1 63
327 388 2 0.7555 0.7562 6.507 6.383 -0.43134 -0.19616 0 63
327 475 3 0.7145 0.7085 17.247 16.451 -0.35934 -0.29816 0 64
327 319 4 0.8108 0.8095 10.202 10.325 -0.44334 -0.26216 0 63
327 437 5 0.7261 0.7105 13.349 14.212 -0.37134 -0.27416 0 63
327 417 6 0.7325 0.7105 13.155 14.212 -0.37134 -0.27416 0 63
327 324 7 0.8374 0.8446 12.276 11.696 -0.45534 -0.29216 0 63
327 280 8 0.6902 0.7078 9.164 8.494 -0.39534 -0.20816 0 62
327 321 9 0.6924 0.7075 7.175 6.952 -0.40134 -0.19016 0 62
327 346 10 0.7588 0.7627 9.531 8.643 -0.42534 -0.22616 0 63
327 335 11 0.8032 0.7867 6.212 6.236 -0.44934 -0.20216 0 63
327 421 12 0.7244 0.7204 18.772 17.621 -0.35934 -0.31616 0 64
327 383 13 0.752 0.7501 7.393 6.996 -0.42534 -0.20216 0 63
327 361 14 0.7577 0.7595 8.814 8.237 -0.42534 -0.22016 0 63
327 325 15 0.8263 0.8322 11.575 11.568 -0.44934 -0.28616 0 63
327 376 16 0.759 0.7566 4.634 4.94 -0.43734 -0.17816 0 63
327 307 17 0.6938 0.7106 8.225 7.394 -0.40134 -0.19616 0 62
327 346 18 0.717 0.7228 8.217 7.615 -0.40734 -0.20216 0 63
327 491 19 0.6909 0.6969 14.756 15.241 -0.35934 -0.28016 0 63
327 313 20 0.726 0.73 10.286 9.967 -0.40134 -0.23216 0 63
327 277 21 0.8359 0.8381 15.73 16.409 -0.42534 -0.35216 0 63
327 334 22 0.8037 0.7958 5.984 6.058 -0.45534 -0.20216 0 63
327 320 23 0.8081 0.7899 8.182 8.019 -0.44334 -0.22616 0 63
327 342 24 0.7943 0.784 8.701 8.618 -0.43734 -0.23216 0 63
327 497 25 0.7022 0.7046 16.188 16.052 -0.35934 -0.29216 0 63
327 318 26 0.7844 0.7625 16.025 17.071 -0.38334 -0.32816 0 63
327 316 27 0.8321 0.8456 18.206 18.014 -0.41934 -0.37616 0 63
327 317 28 0.8093 0.8095 10.506 10.325 -0.44334 -0.26216 0 63
327 358 29 0.7861 0.7745 17.921 18.15 -0.38334 -0.34616 0 63
327 277 30 0.6915 0.702 9.386 9.167 -0.38934 -0.21416 0 63
327 472 31 0.7295 0.7132 15.64 15.73 -0.36534 -0.29216 0 63
327 498 32 0.6984 0.6969 15.265 15.241 -0.35934 -0.28016 0 63
327 324 33 0.8068 0.7899 8.011 8.019 -0.44334 -0.22616 0 63
327 345 34 0.7938 0.7777 8.052 7.824 -0.43734 -0.22016 0 63
327 326 35 0.8089 0.7929 5.687 5.658 -0.45534 -0.19616 0 63
327 341 36 0.7581 0.7267 13.371 14.715 -0.37734 -0.28616 0 63
327 318 37 0.8454 0.8481 12.719 12.048 -0.45534 -0.29816 0 63
327 384 38 0.747 0.7142 13.471 14.618 -0.37134 -0.28016 0 63
327 341 39 0.7418 0.7446 9.49 9.085 -0.41334 -0.22616 0 63
327 347 40 0.735 0.7382 9.034 8.251 -0.41334 -0.21416 0 63
327 244 41 0.8138 0.8178 15.078 15.662 -0.41934 -0.33416 1 63
327 354 42 0.793 0.7806 6.928 6.824 -0.44334 -0.20816 0 63
327 318 43 0.8335 0.8456 18.223 18.014 -0.41934 -0.37616 0 63
327 500 44 0.7026 0.7007 15.903 15.649 -0.35934 -0.28616 0 63
327 235 45 0.7931 0.7766 14.322 15.073 -0.40134 -0.31016 0 63
327 414 46 0.7373 0.737 18.722 18.041 -0.36534 -0.32816 0 64
327 470 47 0.7297 0.7171 15.996 16.126 -0.36534 -0.29816 0 63
327 318 48 0.8121 0.7988 6.463 6.454 -0.45534 -0.20816 0 63
327 377 49 0.7293 0.7379 6.915 6.772 -0.41934 -0.19616 0 63
381 525 0 0.7136 0.7124 17.298 16.846 -0.35934 -0.30416 -0 64
381 422 1 0.7626 0.7595 8.29 8.237 -0.42534 -0.22016 0 63
381 373 2 0.8166 0.8198 11.443 11.435 -0.44334 -0.28016 0 63
381 367 3 0.8114 0.7958 7.622 7.429 -0.44934 -0.22016 0 63
381 406 4 0.7474 0.7504 9.045 8.451 -0.41934 -0.22016 -0 64
381 380 5 0.7928 0.779 17.129 17.48 -0.38934 -0.34016 0 64
381 371 6 0.7854 0.7849 10.524 10.009 -0.43134 -0.25016 0 64
381 304 7 0.7879 0.7679 14.621 15.361 -0.39534 -0.31016 0 64
381 393 8 0.7041 0.7198 5.301 5.665 -0.41334 -0.17816 0 63
381 316 9 0.8368 0.8263 6.377 5.93 -0.47334 -0.20816 0 63
381 441 10 0.7462 0.7471 6.523 6.575 -0.42534 -0.19616 -0 63
381 398 11 0.7163 0.7228 8.155 7.615 -0.40734 -0.20216 0 63
381 410 12 0.769 0.7627 8.961 8.643 -0.42534 -0.22616 0 63
381 344 13 0.8253 0.8335 16.719 17.025 -0.41934 -0.35816 1 63
381 370 14 0.807 0.8062 9.831 9.948 -0.44334 -0.25616 0 63
381 466 15 0.7498 0.7454 17.824 17.71 -0.37134 -0.32816 0 64
381 375 16 0.7875 0.7849 10.362 10.009 -0.43134 -0.25016 0 64
381 340 17 0.6943 0.7078 9.063 8.494 -0.39534 -0.20816 0 63
381 426 18 0.7471 0.7229 13.422 14.317 -0.37734 -0.28016 0 64
381 377 19 0.8076 0.7928 7.137 7.035 -0.44934 -0.21416 -0 63
381 463 20 0.7374 0.737 18.767 18.041 -0.36534 -0.32816 0 64
381 385 21 0.8023 0.7867 7.693 7.624 -0.44334 -0.22016 0 63
381 532 22 0.7029 0.7085 17.125 16.451 -0.35934 -0.29816 0 64
381 460 23 0.7145 0.7119 19.152 17.963 -0.35334 -0.31616 0 64
381 309 24 0.8438 0.8487 14.608 14.26 -0.44334 -0.32816 0 64
381 439 25 0.7507 0.7471 6.835 6.575 -0.42534 -0.19616 0 63
381 416 26 0.7305 0.7155 12.023 13.509 -0.37734 -0.26816 0 64
381 328 27 0.8336 0.8299 8.513 8.945 -0.46134 -0.25016 0 63
381 383 28 0.8032 0.7963 4.774 4.687 -0.46134 -0.18416 -0 63
381 381 29 0.7694 0.7726 10.351 9.843 -0.42534 -0.24416 0 64
381 399 30 0.7151 0.7082 11.12 12.684 -0.37734 -0.25616 0 64
381 518 31 0.7161 0.7124 17.581 16.846 -0.35934 -0.30416 -0 64
381 364 32 0.7215 0.7244 10.278 10.631 -0.39534 -0.23816 0 64
381 352 33 0.7063 0.712 10.028 10.462 -0.38934 -0.23216 0 63
381 398 34 0.7956 0.7837 5.464 5.833 -0.44934 -0.19616 -0 63
381 421 35 0.7342 0.7382 4.615 5.293 -0.42534 -0.17816 0 63
381 354 36 0.825 0.825 17.179 17.314 -0.41334 -0.35816 0 63
381 537 37 0.7219 0.7132 15.741 15.73 -0.36534 -0.29216 -0 64
381 375 38 0.8037 0.7996 17.981 18.216 -0.39534 -0.35816 0 64
381 392 39 0.7899 0.783 17.505 17.833 -0.38934 -0.34616 0 64
381 541 40 0.716 0.7046 15.947 16.052 -0.35934 -0.29216 0 64
381 428 41 0.7623 0.7654 7.821 7.621 -0.43134 -0.21416 0 63
381 375 42 0.7615 0.7267 13.581 14.715 -0.37734 -0.28616 0 64
381 422 43 0.72 0.7258 6.715 6.541 -0.41334 -0.19016 0 63
381 341 44 0.8404 0.8506 15.947 16.465 -0.43134 -0.35816 1 63
381 363 45 0.8115 0.8053 8.592 8.595 -0.44934 -0.23816 0 63
381 483 46 0.7358 0.718 14.091 15.019 -0.37134 -0.28616 0 64
381 378 47 0.8076 0.7928 7.121 7.035 -0.44934 -0.21416 0 63
381 464 48 0.7418 0.7411 18.768 18.412 -0.36534 -0.33416 0 64
381 472 49 0.7171 0.7067 12.573 13.802 -0.37134 -0.26816 0 63
436 452 0 0.7853 0.784 8.978 8.618 -0.43734 -0.23216 0 64
436 420 1 0.8337 0.8331 17.943 17.98 -0.41334 -0.37016 0 64
436 452 2 0.7586 0.7569 9.657 9.269 -0.41934 -0.23216 0 64
436 417 3 0.8472 0.8521 9.617 10.195 -0.46734 -0.27416 0 64
436 440 4 0.8022 0.7929 5.465 5.658 -0.45534 -0.19616 -0 64
436 524 5 0.7458 0.7257 15.473 15.809 -0.37134 -0.29816 0 65
436 417 6 0.784 0.7882 10.833 10.395 -0.43134 -0.25616 0 64
436 400 7 0.795 0.7951 11.678 11.158 -0.43134 -0.26816 0 64
436 593 8 0.6955 0.696 16.404 16.382 -0.35334 -0.29216 -0 64
436 418 9 0.8384 0.8398 9.815 10.045 -0.46134 -0.26816 0 64
436 439 10 0.7964 0.7873 9.058 9.011 -0.43734 -0.23816 0 64
436 433 11 0.7582 0.7602 10.375 9.672 -0.41934 -0.23816 0 64
436 566 12 0.7216 0.7124 17.399 16.846 -0.35934 -0.30416 -0 65
436 503 13 0.6932 0.6994 19.105 17.922 -0.34734 -0.31016 0 65
436 448 14 0.7465 0.7537 9.403 8.861 -0.41934 -0.22616 -0 64
436 454 15 0.7965 0.7867 6.15 6.236 -0.44934 -0.20216 -0 64
436 352 16 0.8398 0.8263 7.211 7.252 -0.46734 -0.22616 0 64
436 349 17 0.8118 0.814 15.228 15.313 -0.41934 -0.32816 0 64
436 370 18 0.7755 0.7773 12.397 11.638 -0.41934 -0.26816 0 65
436 392 19 0.846 0.8455 8.958 9.476 -0.46734 -0.26216 0 64
436 432 20 0.7337 0.7356 9.789 9.313 -0.40734 -0.22616 -0 64
436 371 21 0.81 0.8216 13.338 12.76 -0.43734 -0.29816 0 64
436 411 22 0.8413 0.8537 19.251 18.658 -0.41934 -0.38816 1 64
436 502 23 0.7132 0.7031 12.106 13.388 -0.37134 -0.26216 -0 64
436 499 24 0.7608 0.7539 17.451 17.387 -0.37734 -0.32816 0 65
436 589 25 0.6968 0.696 16.841 16.382 -0.35334 -0.29216 -0 64
436 398 26 0.8215 0.8176 8.668 8.772 -0.45534 -0.24416 0 64
436 604 27 0.6961 0.7007 15.983 15.649 -0.35934 -0.28616 -0 64
436 463 28 0.7209 0.7261 4.669 5.038 -0.41934 -0.17216 -0 63
436 470 29 0.7363 0.7445 4.396 4.685 -0.43134 -0.17216 -0 64
436 409 30 0.8147 0.8049 7.554 7.239 -0.45534 -0.22016 0 64
436 510 31 0.7545 0.7374 16.607 16.962 -0.37134 -0.31616 0 65
436 349 32 0.8055 0.8077 13.841 13.623 -0.42534 -0.30416 0 64
436 450 33 0.7501 0.7316 13.241 14.024 -0.38334 -0.28016 0 65
436 482 34 0.7762 0.7684 6.554 6.607 -0.43734 -0.20216 -0 64
436 476 35 0.7742 0.7654 7.67 7.621 -0.43134 -0.21416 -0 64
436 383 36 0.823 0.834 13.42 12.872 -0.44334 -0.30416 0 64
436 513 37 0.6996 0.7031 12.17 13.388 -0.37134 -0.26216 0 64
436 401 38 0.8255 0.8242 9.026 9.521 -0.45534 -0.25616 0 64
436 473 39 0.7831 0.7745 6.101 6.012 -0.44334 -0.19616 -0 64
436 429 40 0.7944 0.7939 10.127 9.786 -0.43734 -0.25016 0 64
436 590 41 0.6928 0.6931 14.301 14.829 -0.35934 -0.27416 -0 64
436 467 42 0.7841 0.7744 18.935 19.178 -0.37734 -0.35816 0 64
436 559 43 0.7271 0.7142 14.324 14.618 -0.37134 -0.28016 -0 64
436 401 44 0.8218 0.8142 6.073 5.712 -0.46734 -0.20216 0 64
436 437 45 0.791 0.7905 9.642 9.4 -0.43734 -0.24416 0 64
436 387 46 0.8117 0.8085 16.421 16.925 -0.40734 -0.34616 0 64
436 597 47 0.6927 0.7007 16.144 15.649 -0.35934 -0.28616 -0 65
436 438 48 0.7457 0.7243 12.456 13.222 -0.38334 -0.26816 0 65
436 393 49 0.824 0.811 6.565 6.666 -0.46134 -0.21416 -0 64
490 494 0 0.7695 0.7546 15.704 16.332 -0.38334 -0.31616 0 65
490 551 1 0.7587 0.7499 16.742 17.017 -0.37734 -0.32216 0 65
490 447 2 0.7865 0.7862 11.75 11.395 -0.42534 -0.26816 0 65
490 555 3 0.7579 0.7577 19.115 18.803 -0.37134 -0.34616 -0 65
490 544 4 0.7545 0.7503 5.537 5.54 -0.43134 -0.18416 -0 64
490 483 5 0.764 0.7429 14.678 15.196 -0.38334 -0.29816 0 65
490 466 6 0.7449 0.7402 11.222 11.202 -0.40134 -0.25016 -0 65
490 534 7 0.7745 0.7745 6.025 6.012 -0.44334 -0.19616 -0 64
490 627 8 0.6964 0.6999 17.456 16.784 -0.35334 -0.29816 -0 65
490 454 9 0.8086 0.8145 12.201 12.035 -0.43734 -0.28616 0 65
490 458 10 0.7023 0.711 9.029 8.93 -0.39534 -0.21416 -0 64
490 421 11 0.8086 0.8128 13.431 13.007 -0.43134 -0.29816 0 65
490 621 12 0.7239 0.7124 17.074 16.846 -0.35934 -0.30416 -0 66
490 482 13 0.7096 0.7169 8.62 8.267 -0.40134 -0.20816 -0 64
490 403 14 0.8172 0.8189 14.607 14.692 -0.42534 -0.32216 0 65
490 456 15 0.8253 0.8176 4.713 4.766 -0.47334 -0.19016 -0 64
490 460 16 0.8206 0.8176 4.856 4.766 -0.47334 -0.19016 -0 64
490 475 17 0.7551 0.7316 13.188 14.024 -0.38334 -0.28016 0 65
490 484 18 0.8325 0.8357 12.216 11.926 -0.44934 -0.29216 0 64
490 512 19 0.775 0.775 8.985 8.83 -0.43134 -0.23216 -0 64
490 514 20 0.7109 0.7228 6.057 6.105 -0.41334 -0.18416 -0 63
490 656 21 0.7097 0.7046 16.064 16.052 -0.35934 -0.29216 -0 65
490 518 22 0.7849 0.7779 4.84 5.016 -0.44934 -0.18416 -0 64
490 503 23 0.7883 0.784 8.984 8.618 -0.43734 -0.23216 0 64
490 638 24 0.7155 0.7055 14.436 14.926 -0.36534 -0.28016 -0 65
490 413 25 0.8356 0.84 14.735 14.515 -0.43734 -0.32816 0 65
490 397 26 0.8108 0.8102 14.801 14.961 -0.41934 -0.32216 0 65
490 512 27 0.7214 0.7228 7.861 7.615 -0.40734 -0.20216 -0 64
490 439 28 0.7901 0.7986 11.979 11.534 -0.43134 -0.27416 0 65
490 448 29 0.8292 0.8205 5.029 5.157 -0.47334 -0.19616 -0 64
490 606 30 0.7354 0.7249 17.073 16.905 -0.36534 -0.31016 -0 65
490 521 31 0.705 0.6994 11.49 12.97 -0.37134 -0.25616 -0 64
490 454 32 0.7561 0.7419 12.569 12.669 -0.39534 -0.26816 0 65
490 501 33 0.7671 0.7692 9.719 9.447 -0.42534 -0.23816 0 65
490 468 34 0.746 0.7457 10.936 10.548 -0.40734 -0.24416 0 65
490 547 35 0.735 0.7192 13.072 13.915 -0.37734 -0.27416 -0 65
490 477 36 0.8076 0.8028 9.536 9.569 -0.44334 -0.25016 0 64
490 442 37 0.8195 0.8216 13.101 12.76 -0.43734 -0.29816 0 64
490 482 38 0.7538 0.7513 10.464 9.903 -0.41334 -0.23816 -0 65
490 478 39 0.8338 0.8308 10.072 10.258 -0.45534 -0.26816 0 64
490 524 40 0.734 0.7353 4.477 4.859 -0.42534 -0.17216 -0 64
490 630 41 0.7258 0.7132 15.278 15.73 -0.36534 -0.29216 -0 65
490 500 42 0.7878 0.783 17.483 17.833 -0.38934 -0.34616 0 65
490 655 43 0.7087 0.7046 15.836 16.052 -0.35934 -0.29216 -0 65
490 521 44 0.7875 0.7806 6.901 6.824 -0.44334 -0.20816 -0 64
490 448 45 0.821 0.8112 8.078 8.012 -0.45534 -0.23216 -0 64
490 532 46 0.7264 0.7258 6.65 6.541 -0.41334 -0.19016 -0 64
490 501 47 0.798 0.7867 6.075 6.236 -0.44934 -0.20216 -0 64
490 587 48 0.7439 0.7296 16.145 16.197 -0.37134 -0.30416 -0 65
490 619 49 0.7119 0.7017 13.629 14.517 -0.36534 -0.27416 -0 65
544 534 0 0.8349 0.8342 10.217 10.622 -0.45534 -0.27416 -0 65
544 470 1 0.7919 0.7932 12.74 12.151 -0.42534 -0.28016 0 66
544 523 2 0.8343 0.8375 17.221 17.358 -0.41934 -0.36416 0 65
544 589 3 0.7698 0.7687 5.142 5.187 -0.44334 -0.18416 -0 65
544 557 4 0.7539 0.7569 9.482 9.269 -0.41934 -0.23216 -0 65
544 548 5 0.7002 0.7106 5.939 5.858 -0.40734 -0.17816 -0 64
544 538 6 0.7976 0.7939 9.772 9.786 -0.43734 -0.25016 0 65
544 546 7 0.8393 0.8411 11.282 11.341 -0.45534 -0.28616 -0 65
544 550 8 0.7116 0.7169 4.632 5.221 -0.41334 -0.17216 -0 64
544 457 9 0.8475 0.8385 6.237 6.142 -0.47934 -0.21416 -0 65
544 691 10 0.7059 0.7085 17.066 16.451 -0.35934 -0.29816 -0 66
544 541 11 0.8013 0.7911 18.331 18.53 -0.38934 -0.35816 0 65
544 600 12 0.7566 0.746 16.224 16.644 -0.37734 -0.31616 -0 66
544 583 13 0.7743 0.762 17.837 18.115 -0.37734 -0.34016 -0 66
544 597 14 0.7645 0.7592 6.707 6.799 -0.43134 -0.20216 -0 65
544 594 15 0.7398 0.7441 6.493 6.151 -0.42534 -0.19016 -0 65
544 559 16 0.762 0.766 9.417 9.047 -0.42534 -0.23216 -0 65
544 623 17 0.7436 0.7411 18.75 18.412 -0.36534 -0.33416 -0 66
544 516 18 0.6912 0.7015 7.74 7.612 -0.39534 -0.19616 0 64
544 526 19 0.8227 0.8185 9.862 10.106 -0.44934 -0.26216 0 65
544 554 20 0.7096 0.7169 4.863 5.221 -0.41334 -0.17216 -0 64
544 508 21 0.8251 0.8304 12.957 12.517 -0.44334 -0.29816 0 65
544 516 22 0.8076 0.804 17.149 17.567 -0.40134 -0.35216 0 65
544 600 23 0.7456 0.7441 6.014 6.151 -0.42534 -0.19016 -0 65
544 530 24 0.7231 0.7266 9.856 9.548 -0.40134 -0.22616 -0 65
544 506 25 0.798 0.7986 11.592 11.534 -0.43134 -0.27416 0 65
544 551 26 0.7969 0.7836 7.335 7.226 -0.44334 -0.21416 -0 65
544 610 27 0.7586 0.7495 17.752 18.079 -0.37134 -0.33416 -0 66
544 657 28 0.7309 0.7289 17.469 17.288 -0.36534 -0.31616 -0 66
544 550 29 0.7975 0.7899 8.031 8.019 -0.44334 -0.22616 -0 65
544 534 30 0.7355 0.7259 11.568 12.131 -0.38934 -0.25616 -0 66
544 482 31 0.7836 0.7718 15.15 15.731 -0.39534 -0.31616 0 66
544 537 32 0.7179 0.7189 10.922 11.305 -0.38934 -0.24416 -0 65
544 544 33 0.726 0.7324 9.204 8.894 -0.40734 -0.22016 -0 65
544 612 34 0.7208 0.7201 19.12 18.727 -0.35334 -0.32816 -0 67
544 529 35 0.6912 0.7045 6.5 6.506 -0.40134 -0.18416 0 63
544 543 36 0.8024 0.7928 7.229 7.035 -0.44934 -0.21416 -0 65
544 649 37 0.737 0.7218 15.082 15.416 -0.37134 -0.29216 -0 66
544 620 38 0.7529 0.7495 17.938 18.079 -0.37134 -0.33416 -0 66
544 510 39 0.8157 0.8125 17.053 17.268 -0.40734 -0.35216 0 65
544 497 40 0.7763 0.7593 14.994 15.656 -0.38934 -0.31016 0 66
544 530 41 0.8083 0.799 7.871 7.821 -0.44934 -0.22616 -0 65
544 525 42 0.8311 0.8331 17.834 17.98 -0.41334 -0.37016 0 65
544 688 43 0.7244 0.7132 15.796 15.73 -0.36534 -0.29216 -0 66
544 555 44 0.7956 0.79 5.073 5.255 -0.45534 -0.19016 -0 65
544 486 45 0.8168 0.8216 13.298 12.76 -0.43734 -0.29816 0 65
544 619 46 0.7399 0.7411 18.875 18.412 -0.36534 -0.33416 -0 66
544 611 47 0.7593 0.7495 17.939 18.079 -0.37134 -0.33416 -0 66
544 570 48 0.7268 0.7353 4.558 4.859 -0.42534 -0.17216 -0 64
544 679 49 0.7014 0.6999 17.465 16.784 -0.35334 -0.29816 -0 66
599 743 0 0.6965 0.7017 14.023 14.517 -0.36534 -0.27416 -0 66
599 565 1 0.7917 0.7835 16.433 16.818 -0.39534 -0.33416 0 66
599 589 2 0.8452 0.8432 10.312 10.406 -0.46134 -0.27416 -0 65
599 622 3 0.7842 0.7786 18.182 18.502 -0.38334 -0.35216 -0 66
599 591 4 0.8312 0.8342 10.392 10.622 -0.45534 -0.27416 -0 66
599 641 5 0.7334 0.7382 5.404 5.293 -0.42534 -0.17816 -1 65
599 521 6 0.8441 0.8418 5.643 5.222 -0.48534 -0.20216 -0 65
599 590 7 0.8078 0.8021 5.414 5.487 -0.46134 -0.19616 -0 65
599 582 8 0.8427 0.8393 12.557 12.28 -0.44934 -0.29816 0 65
599 564 9 0.8211 0.8113 5.308 5.32 -0.46734 -0.19616 -0 65
599 685 10 0.7007 0.7031 12.538 13.388 -0.37134 -0.26216 -0 66
599 542 11 0.7752 0.7773 11.892 11.638 -0.41934 -0.26816 -0 67
599 698 12 0.7001 0.698 12.949 14.104 -0.36534 -0.26816 -0 66
599 553 13 0.6944 0.7031 10.305 10.719 -0.38334 -0.23216 -0 65
599 637 14 0.7654 0.7658 4.55 4.769 -0.44334 -0.17816 -1 65
599 629 15 0.7765 0.7686 8.07 8.028 -0.43134 -0.22016 -0 66
599 567 16 0.81 0.804 17.213 17.567 -0.40134 -0.35216 0 66
599 616 17 0.725 0.7259 8.069 8.045 -0.40734 -0.20816 -0 65
599 613 18 0.7165 0.7135 11.421 11.989 -0.38334 -0.25016 -0 66
599 566 19 0.8023 0.8075 11.649 11.299 -0.43734 -0.27416 0 66
599 642 20 0.7072 0.7082 11.845 12.684 -0.37734 -0.25616 -0 66
599 649 21 0.7087 0.7082 11.981 12.684 -0.37734 -0.25616 -0 66
599 591 22 0.8037 0.7958 7.701 7.429 -0.44934 -0.22016 -0 66
599 757 23 0.7045 0.7055 14.92 14.926 -0.36534 -0.28016 -0 66
599 522 24 0.8424 0.8355 5.961 5.763 -0.47934 -0.20816 -0 65
599 657 25 0.7001 0.6994 12.038 12.97 -0.37134 -0.25616 -0 66
599 593 26 0.8371 0.8342 10.566 10.622 -0.45534 -0.27416 -0 65
599 613 27 0.7704 0.7585 16.366 16.703 -0.38334 -0.32216 0 67
599 588 28 0.8455 0.85 17.114 17.401 -0.42534 -0.37016 0 65
599 522 29 0.7744 0.772 12.665 12.273 -0.41334 -0.27416 0 67
599 670 30 0.6957 0.6994 18.797 17.922 -0.34734 -0.31016 -0 67
599 582 31 0.7041 0.714 4.368 4.773 -0.41334 -0.16616 -0 65
599 560 32 0.8193 0.8086 8.82 8.977 -0.44934 -0.24416 -0 66
599 535 33 0.7935 0.7932 12.402 12.151 -0.42534 -0.28016 0 66
599 594 34 0.8044 0.8021 5.527 5.487 -0.46134 -0.19616 -0 65
599 597 35 0.8322 0.8322 11.446 11.568 -0.44934 -0.28616 -0 65
599 630 36 0.7716 0.7664 17.144 17.434 -0.38334 -0.33416 -0 67
599 588 37 0.6959 0.7011 10.887 11.842 -0.37734 -0.24416 -0 65
599 732 38 0.7106 0.7017 13.884 14.517 -0.36534 -0.27416 -0 66
599 539 39 0.8416 0.8413 13.899 13.572 -0.44334 -0.31616 0 66
599 567 40 0.7709 0.7704 11.291 10.862 -0.41934 -0.25616 0 66
599 558 41 0.7001 0.711 9.075 8.93 -0.39534 -0.21416 -0 65
599 557 42 0.7004 0.711 9.226 8.93 -0.39534 -0.21416 -0 65
599 671 43 0.756 0.7495 18.238 18.079 -0.37134 -0.33416 -0 67
599 567 44 0.7479 0.7491 11.329 10.952 -0.40734 -0.25016 -0 67
599 546 45 0.8369 0.8381 15.977 16.409 -0.42534 -0.35216 0 66
599 599 46 0.7739 0.7585 16.286 16.703 -0.38334 -0.32216 0 67
599 531 47 0.8096 0.8045 15.996 16.578 -0.40734 -0.34016 0 66
599 539 48 0.8272 0.8202 6.77 6.487 -0.46734 -0.21416 -0 66
599 646 49 0.7574 0.746 16.127 16.644 -0.37734 -0.31616 -0 67
653 614 0 0.8169 0.8112 7.874 8.012 -0.45534 -0.23216 -0 66
653 627 1 0.8325 0.8375 17.172 17.358 -0.41934 -0.36416 0 66
653 769 2 0.7229 0.7142 14.009 14.618 -0.37134 -0.28016 -0 67
653 636 3 0.8088 0.8129 10.719 10.698 -0.44334 -0.26816 0 66
653 697 4 0.7341 0.7411 5.482 5.724 -0.42534 -0.18416 -1 66
653 594 5 0.7744 0.7773 11.926 11.638 -0.41934 -0.26816 -0 67
653 583 6 0.8402 0.839 15.338 15.461 -0.43134 -0.34016 0 67
653 686 7 0.7825 0.7775 6.626 6.42 -0.44334 -0.20216 -1 66
653 562 8 0.8168 0.8189 14.646 14.692 -0.42534 -0.32216 0 67
653 592 9 0.7783 0.7773 12.042 11.638 -0.41934 -0.26816 -0 67
653 579 10 0.8479 0.8512 8.549 8.914 -0.47334 -0.25616 -0 66
653 565 11 0.8444 0.8385 6.325 6.142 -0.47934 -0.21416 -0 66
653 743 12 0.7003 0.7079 18.369 17.574 -0.35334 -0.31016 -0 68
653 636 13 0.8081 0.8037 18.772 18.557 -0.39534 -0.36416 0 67
653 611 14 0.8272 0.8268 4.602 4.61 -0.47934 -0.19016 -0 65
653 677 15 0.7283 0.7207 12.165 12.815 -0.38334 -0.26216 -0 67
653 588 16 0.8449 0.8389 4.819 4.841 -0.48534 -0.19616 -0 65
653 691 17 0.7569 0.7566 4.495 4.94 -0.43734 -0.17816 -1 66
653 559 18 0.7784 0.774 13.581 13.677 -0.40734 -0.29216 -0 68
653 634 19 0.7351 0.7313 11.325 11.458 -0.39534 -0.25016 -0 67
653 620 20 0.6932 0.7015 7.948 7.612 -0.39534 -0.19616 -0 65
653 712 21 0.7594 0.7539 17.437 17.387 -0.37734 -0.32816 -0 68
653 623 22 0.8163 0.8148 4.494 4.372 -0.47334 -0.18416 -1 66
653 655 23 0.7589 0.7429 14.789 15.196 -0.38334 -0.29816 -0 68
653 779 24 0.7043 0.7017 13.612 14.517 -0.36534 -0.27416 -0 67
653 636 25 0.7871 0.775 16.693 17.122 -0.38934 -0.33416 -0 67
653 578 26 0.8184 0.8217 15.688 16.008 -0.41934 -0.34016 0 67
653 625 27 0.8311 0.8375 17.189 17.358 -0.41934 -0.36416 0 66
653 682 28 0.7849 0.7806 6.642 6.824 -0.44334 -0.20816 -1 66
653 700 29 0.7553 0.7532 7.548 7.413 -0.42534 -0.20816 -1 66
653 623 30 0.7848 0.7882 10.926 10.395 -0.43134 -0.25616 -0 67
653 693 31 0.7763 0.7684 6.683 6.607 -0.43734 -0.20216 -1 66
653 591 32 0.8274 0.8235 7.998 8.197 -0.46134 -0.23816 -0 67
653 660 33 0.7954 0.79 4.987 5.255 -0.45534 -0.19016 -1 66
653 677 34 0.7873 0.7827 18.845 18.85 -0.38334 -0.35816 0 67
653 778 35 0.7226 0.7142 14.301 14.618 -0.37134 -0.28016 -0 67
653 674 36 0.717 0.7197 7.391 7.182 -0.40734 -0.19616 -1 66
653 696 37 0.7277 0.7319 5.92 5.912 -0.41934 -0.18416 -1 66
653 550 38 0.7861 0.7865 14.016 13.782 -0.41334 -0.29816 0 68
653 635 39 0.722 0.7244 10.621 10.631 -0.39534 -0.23816 -0 67
653 713 40 0.753 0.746 16.235 16.644 -0.37734 -0.31616 -0 68
653 582 41 0.8418 0.8326 5.4 5.381 -0.47934 -0.20216 -0 66
653 767 42 0.7339 0.721 16.396 16.518 -0.36534 -0.30416 -0 68
653 635 43 0.8337 0.8393 12.448 12.28 -0.44934 -0.29816 0 66
653 645 44 0.6989 0.7077 5.348 5.409 -0.40734 -0.17216 -0 65
653 626 45 0.8147 0.8086 9.016 8.977 -0.44934 -0.24416 -0 66
653 578 46 0.8414 0.84 14.53 14.515 -0.43734 -0.32816 0 67
653 627 47 0.753 0.7546 10.902 10.307 -0.41334 -0.24416 -0 67
653 661 48 0.7238 0.7259 8.525 8.045 -0.40734 -0.20816 -0 66
653 594 49 0.6912 0.6997 10.1 10.287 -0.38334 -0.22616 -0 66
708 642 0 0.8093 0.8092 12.989 12.644 -0.43134 -0.29216 0 68
708 705 1 0.7966 0.7931 8.645 8.412 -0.44334 -0.23216 -0 67
708 688 2 0.8072 0.8021 8.139 8.209 -0.44934 -0.23216 -0 67
708 615 3 0.8153 0.814 15.019 15.313 -0.41934 -0.32816 0 68
708 690 4 0.7551 0.7441 13.814 14.129 -0.38934 -0.28616 -0 69
708 747 5 0.7264 0.7319 5.717 5.912 -0.41934 -0.18416 -1 66
708 858 6 0.7148 0.7132 16.105 15.73 -0.36534 -0.29216 -1 68
708 819 7 0.7068 0.7067 13.276 13.802 -0.37134 -0.26816 -0 67
708 684 8 0.7227 0.7244 10.384 10.631 -0.39534 -0.23816 -0 68
708 672 9 0.8467 0.8488 9.461 9.837 -0.46734 -0.26816 -0 67
708 608 10 0.8069 0.8064 14.655 14.605 -0.41934 -0.31616 -0 68
708 683 11 0.8338 0.8375 17.207 17.358 -0.41934 -0.36416 0 67
708 662 12 0.786 0.7862 11.612 11.395 -0.42534 -0.26816 -0 68
708 783 13 0.735 0.737 18.592 18.041 -0.36534 -0.32816 -0 69
708 658 14 0.8452 0.8467 15.933 16.134 -0.43134 -0.35216 -0 67
708 702 15 0.8344 0.8357 12.016 11.926 -0.44934 -0.29216 -0 67
708 680 16 0.7893 0.7835 16.53 16.818 -0.39534 -0.33416 -0 68
708 702 17 0.7206 0.7291 8.78 8.472 -0.40734 -0.21416 -0 67
708 671 18 0.8268 0.825 16.981 17.314 -0.41334 -0.35816 0 67
708 623 19 0.8271 0.8313 14.902 14.775 -0.43134 -0.32816 -0 68
708 746 20 0.7379 0.741 7.515 7.197 -0.41934 -0.20216 -1 67
708 701 21 0.8023 0.7988 6.637 6.454 -0.45534 -0.20816 -1 67
708 815 22 0.7311 0.7289 17.582 17.288 -0.36534 -0.31616 -0 69
708 780 23 0.7353 0.7229 13.938 14.317 -0.37734 -0.28016 -1 68
708 737 24 0.7796 0.7745 18.31 18.15 -0.38334 -0.34616 -0 68
708 684 25 0.8127 0.8121 18.467 18.248 -0.40134 -0.36416 0 68
708 610 26 0.8433 0.8416 7.808 7.816 -0.47334 -0.23816 -0 67
708 716 27 0.7043 0.7136 6.324 6.303 -0.40734 -0.18416 -0 66
708 756 28 0.7467 0.7305 14.89 15.109 -0.37734 -0.29216 -0 69
708 758 29 0.7485 0.7441 6.169 6.151 -0.42534 -0.19016 -1 67
708 663 30 0.8074 0.8145 12.199 12.035 -0.43734 -0.28616 -0 68
708 760 31 0.766 0.7618 18.946 19.16 -0.37134 -0.35216 -0 69
708 772 32 0.7503 0.7421 16.076 16.266 -0.37734 -0.31016 -0 69
708 730 33 0.7574 0.7595 8.734 8.237 -0.42534 -0.22016 -1 67
708 752 34 0.743 0.7411 5.355 5.724 -0.42534 -0.18416 -1 67
708 697 35 0.8001 0.7996 9.316 9.186 -0.44334 -0.24416 -0 67
708 775 36 0.7505 0.746 16.503 16.644 -0.37734 -0.31616 -0 69
708 696 37 0.7892 0.7849 9.933 10.009 -0.43134 -0.25016 -0 67
708 631 38 0.8463 0.8487 14.351 14.26 -0.44334 -0.32816 0 67
708 683 39 0.6928 0.7045 6.833 6.506 -0.40134 -0.18416 -0 65
708 638 40 0.8347 0.8326 13.983 13.822 -0.43734 -0.31616 0 67
708 610 41 0.8462 0.8415 6.569 6.519 -0.47934 -0.22016 -0 67
708 613 42 0.7925 0.7916 13.265 13.149 -0.41934 -0.29216 -0 68
708 703 43 0.7958 0.7873 8.998 9.011 -0.43734 -0.23816 -0 67
708 709 44 0.7864 0.779 17.221 17.48 -0.38934 -0.34016 -0 68
708 695 45 0.7574 0.7391 14.327 14.809 -0.38334 -0.29216 -0 69
708 664 46 0.8372 0.8421 16.409 16.742 -0.42534 -0.35816 0 67
708 792 47 0.7172 0.7067 13.019 13.802 -0.37134 -0.26816 -0 68
708 694 48 0.7879 0.7849 10.294 10.009 -0.43134 -0.25016 -0 67
708 633 49 0.8078 0.8128 13.291 13.007 -0.43134 -0.29816 0 68
762 777 0 0.7183 0.7228 7.713 7.615 -0.40734 -0.20216 -1 67
762 728 1 0.7569 0.7441 13.635 14.129 -0.38934 -0.28616 -0 70
762 687 2 0.8389 0.839 15.192 15.461 -0.43134 -0.34016 -0 68
762 716 3 0.8342 0.834 13.264 12.872 -0.44334 -0.30416 -0 68
762 742 4 0.726 0.7278 11.075 11.046 -0.39534 -0.24416 -1 69
762 792 5 0.7737 0.7686 8.157 8.028 -0.43134 -0.22016 -1 68
762 666 6 0.778 0.769 13.976 14.328 -0.40134 -0.29816 -0 69
762 669 7 0.7845 0.788 12.983 12.776 -0.41934 -0.28616 -0 69
762 691 8 0.8404 0.839 15.366 15.461 -0.43134 -0.34016 -0 68
762 762 9 0.801 0.7958 6.054 6.058 -0.45534 -0.20216 -1 68
762 797 10 0.777 0.7716 5.544 5.601 -0.44334 -0.19016 -1 68
762 721 11 0.7814 0.7827 11.4 11.012 -0.42534 -0.26216 -0 69
762 821 12 0.7493 0.7382 15.843 15.884 -0.37734 -0.30416 -0 69
762 733 13 0.7926 0.7917 10.991 10.778 -0.43134 -0.26216 -0 68
762 729 14 0.8337 0.8375 16.993 17.358 -0.41934 -0.36416 0 68
762 752 15 0.829 0.8253 10.842 10.843 -0.44934 -0.27416 -0 68
762 915 16 0.7105 0.7085 16.384 16.451 -0.35934 -0.29816 -1 70
762 773 17 0.7926 0.7929 5.549 5.658 -0.45534 -0.19616 -1 68
762 697 18 0.8162 0.8131 16.116 16.29 -0.41334 -0.34016 -0 69
762 736 19 0.8182 0.8162 18.551 18.583 -0.40134 -0.37016 -0 68
762 743 20 0.7836 0.775 16.563 17.122 -0.38934 -0.33416 -0 69
762 766 21 0.7062 0.7106 5.431 5.858 -0.40734 -0.17816 -1 67
762 745 22 0.8219 0.8233 11.967 11.799 -0.44334 -0.28616 -0 68
762 835 23 0.7104 0.7031 12.61 13.388 -0.37134 -0.26216 -1 69
762 759 24 0.7707 0.7726 9.941 9.843 -0.42534 -0.24416 -0 68
762 795 25 0.7306 0.7288 7.207 6.974 -0.41334 -0.19616 -1 67
762 663 26 0.7803 0.7777 14.113 14.052 -0.40734 -0.29816 -0 69
762 740 27 0.7286 0.73 10.081 9.967 -0.40134 -0.23216 -0 68
762 783 28 0.7781 0.7808 8.274 8.223 -0.43734 -0.22616 -1 68
762 897 29 0.6943 0.6999 16.997 16.784 -0.35334 -0.29816 -0 69
762 681 30 0.8416 0.839 15.092 15.461 -0.43134 -0.34016 0 68
762 760 31 0.7472 0.7479 9.844 9.496 -0.41334 -0.23216 -1 68
762 747 32 0.7147 0.71 10.94 11.57 -0.38334 -0.24416 -1 68
762 761 33 0.7086 0.7106 7.668 7.394 -0.40134 -0.19616 -1 67
762 661 34 0.7879 0.7916 13.406 13.149 -0.41934 -0.29216 -0 69
762 887 35 0.7028 0.7039 17.554 17.182 -0.35334 -0.30416 -0 70
762 801 36 0.7673 0.7687 5.056 5.187 -0.44334 -0.18416 -1 68
762 911 37 0.7169 0.7093 15.317 15.33 -0.36534 -0.28616 -1 69
762 755 38 0.831 0.8287 11.029 11.207 -0.44934 -0.28016 -0 68
762 712 39 0.8013 0.8021 12.058 11.907 -0.43134 -0.28016 -0 68
762 808 40 0.7687 0.7684 6.624 6.607 -0.43734 -0.20216 -1 68
762 755 41 0.8417 0.8377 10.717 10.983 -0.45534 -0.28016 -0 68
762 751 42 0.8251 0.8287 11.417 11.207 -0.44934 -0.28016 -0 68
762 734 43 0.8021 0.7955 17.373 17.872 -0.39534 -0.35216 -0 69
762 789 44 0.6922 0.6958 11.808 12.547 -0.37134 -0.25016 -0 68
762 777 45 0.7799 0.775 8.881 8.83 -0.43134 -0.23216 -1 68
762 747 46 0.8172 0.8164 10.935 11.068 -0.44334 -0.27416 0 68
762 689 47 0.8305 0.8326 14.055 13.822 -0.43734 -0.31616 -0 68
762 685 48 0.7974 0.7967 15.697 15.874 -0.40734 -0.32816 -0 69
762 817 49 0.7639 0.762 18.15 18.115 -0.37734 -0.34016 -0 69
