36 130 0 2.034 2.0575 42.145 41.919 -0.09968 -1.72212 0 43
36 115 1 1.9298 1.8932 39.904 31.883 -0.35168 -1.44012 0 43
36 116 2 2.0583 1.8932 36.534 31.883 -0.35168 -1.44012 0 43
36 121 3 1.9299 1.8888 33.667 32.087 -0.34568 -1.44012 0 43
36 116 4 1.9655 1.8932 36.279 31.883 -0.35168 -1.44012 0 43
36 143 5 1.8997 1.8888 32.815 32.087 -0.34568 -1.44012 0 43
36 116 6 2.0307 1.8932 37.595 31.883 -0.35168 -1.44012 0 43
36 128 7 2.0274 2.0543 42.338 42.125 -0.09368 -1.72212 0 43
36 129 8 2.0675 2.0563 40.837 40.65 -0.13568 -1.70412 0 43
36 116 9 1.9406 1.8932 37.434 31.883 -0.35168 -1.44012 0 43
36 132 10 2.0459 2.0581 42.767 42.342 -0.08768 -1.72812 0 43
36 116 11 2.0016 1.8932 35.368 31.883 -0.35168 -1.44012 0 43
36 117 12 1.9283 1.8932 40.543 31.883 -0.35168 -1.44012 0 43
36 116 13 1.9464 1.8932 45.532 31.883 -0.35168 -1.44012 0 43
36 116 14 2.0286 1.8932 36.549 31.883 -0.35168 -1.44012 0 43
36 115 15 1.9315 1.8932 37.157 31.883 -0.35168 -1.44012 0 43
36 116 16 2.0071 1.8932 33.281 31.883 -0.35168 -1.44012 0 43
36 116 17 2.0017 1.8932 44.768 31.883 -0.35168 -1.44012 0 43
36 124 18 2.0563 2.0492 39.381 40.209 -0.14768 -1.69212 0 43
36 119 19 1.9048 1.8422 46.236 46.45 0.02632 -1.59012 0 43
36 115 20 2.0301 1.8932 45.638 31.883 -0.35168 -1.44012 0 43
36 116 21 1.9543 1.8932 35.08 31.883 -0.35168 -1.44012 0 43
36 116 22 2.0621 1.8932 33.072 31.883 -0.35168 -1.44012 0 43
36 116 23 1.9122 1.8932 40.388 31.883 -0.35168 -1.44012 0 43
36 116 24 1.9886 1.8932 38.543 31.883 -0.35168 -1.44012 0 43
36 121 25 2.0443 2.0492 39.359 40.209 -0.14768 -1.69212 0 43
36 117 26 1.9464 1.8932 40.245 31.883 -0.35168 -1.44012 0 43
36 115 27 2.0432 1.8932 46.523 31.883 -0.35168 -1.44012 0 43
36 129 28 1.9233 1.8956 33.133 32.136 -0.34568 -1.44612 0 43
36 115 29 2.0419 1.8932 34.158 31.883 -0.35168 -1.44012 0 43
36 116 30 2.0721 1.8932 35.4 31.883 -0.35168 -1.44012 0 43
36 126 31 1.9005 1.8888 33.883 32.087 -0.34568 -1.44012 0 43
36 116 32 1.9969 1.8932 46.934 31.883 -0.35168 -1.44012 0 43
36 115 33 1.9819 1.8932 37.772 31.883 -0.35168 -1.44012 0 43
36 115 34 2.0429 1.8932 44.906 31.883 -0.35168 -1.44012 0 43
36 115 35 1.9012 1.8932 47.471 31.883 -0.35168 -1.44012 0 43
36 116 36 2.0726 1.8932 36.635 31.883 -0.35168 -1.44012 0 43
36 116 37 1.9856 1.8932 34.415 31.883 -0.35168 -1.44012 0 43
36 116 38 2.0167 1.8932 33.139 31.883 -0.35168 -1.44012 0 43
36 115 39 1.9407 1.8932 37.799 31.883 -0.35168 -1.44012 0 43
36 116 40 1.9426 1.8932 40.602 31.883 -0.35168 -1.44012 0 43
36 116 41 1.9479 1.8932 39.014 31.883 -0.35168 -1.44012 0 43
36 116 42 2.0148 1.8932 47.264 31.883 -0.35168 -1.44012 0 43
36 115 43 2.016 1.8932 47.463 31.883 -0.35168 -1.44012 0 43
36 120 44 2.0704 2.0562 39.107 40.227 -0.14768 -1.69812 0 43
36 116 45 2.0597 1.8932 33.095 31.883 -0.35168 -1.44012 0 43
36 117 46 2.0012 1.8932 35.61 31.883 -0.35168 -1.44012 0 43
36 117 47 1.9948 1.8932 43.651 31.883 -0.35168 -1.44012 0 43
36 116 48 2.0044 1.8932 47.01 31.883 -0.35168 -1.44012 0 43
36 116 49 1.9284 1.8932 36.284 31.883 -0.35168 -1.44012 0 43
72 129 0 1.9132 1.8422 45.212 46.45 0.02632 -1.59012 0 43
72 116 1 1.8997 1.8932 40.894 31.883 -0.35168 -1.44012 0 43
72 116 2 1.949 1.8932 34.93 31.883 -0.35168 -1.44012 0 43
72 125 3 1.9876 2.0424 41.972 40.617 -0.13568 -1.69212 0 43
72 114 4 1.998 1.8932 46.633 31.883 -0.35168 -1.44012 0 43
72 118 5 1.9858 2.0511 43.717 42.331 -0.08768 -1.72212 0 43
72 116 6 2.0016 1.8932 47.118 31.883 -0.35168 -1.44012 0 43
72 115 7 1.8986 1.8932 40.737 31.883 -0.35168 -1.44012 0 43
72 145 8 2.0313 2.0518 43.731 42.755 -0.07568 -1.72812 0 43
72 118 9 1.9914 2.0203 34.591 34.283 -0.30968 -1.57812 0 43
72 115 10 2.0716 1.8932 37.707 31.883 -0.35168 -1.44012 0 43
72 116 11 2.0612 1.8932 36.326 31.883 -0.35168 -1.44012 0 43
72 116 12 1.9415 1.8932 46.762 31.883 -0.35168 -1.44012 0 43
72 116 13 1.9187 1.8932 41.206 31.883 -0.35168 -1.44012 0 43
72 115 14 1.9781 1.8932 44.483 31.883 -0.35168 -1.44012 0 43
72 115 15 1.9368 1.8932 40.512 31.883 -0.35168 -1.44012 0 43
72 116 16 2.0677 1.8932 36.262 31.883 -0.35168 -1.44012 0 43
72 115 17 2.0169 1.8932 45.271 31.883 -0.35168 -1.44012 0 43
72 116 18 2.0002 1.8932 36.458 31.883 -0.35168 -1.44012 0 43
72 115 19 1.9379 1.8932 44.083 31.883 -0.35168 -1.44012 0 43
72 151 20 2.0246 2.0496 41.785 41.058 -0.12368 -1.70412 0 43
72 117 21 1.9964 1.8932 33.188 31.883 -0.35168 -1.44012 0 43
72 116 22 1.9481 1.8932 43.252 31.883 -0.35168 -1.44012 0 43
72 148 23 2.0077 2.0424 41.149 40.617 -0.13568 -1.69212 0 43
72 116 24 2.0219 1.8932 36.372 31.883 -0.35168 -1.44012 0 43
72 115 25 2.033 1.8932 45.531 31.883 -0.35168 -1.44012 0 43
72 126 26 1.9204 1.909 42.629 42.783 -0.06968 -1.60812 0 43
72 115 27 1.9565 1.8932 40.073 31.883 -0.35168 -1.44012 0 43
72 154 28 2.0541 2.0492 39.361 40.209 -0.14768 -1.69212 0 43
72 135 29 1.9406 1.8956 33.08 32.136 -0.34568 -1.44612 0 43
72 179 30 1.8979 1.8956 32.537 32.136 -0.34568 -1.44612 0 43
72 117 31 2.0071 2.0422 39.274 40.191 -0.14768 -1.68612 0 43
72 116 32 1.9489 1.8932 43.385 31.883 -0.35168 -1.44012 0 43
72 115 33 1.901 1.8932 41.115 31.883 -0.35168 -1.44012 0 43
72 117 34 1.9839 1.8932 35.752 31.883 -0.35168 -1.44012 0 43
72 121 35 2.0224 2.0229 37.084 37.554 -0.21968 -1.63212 0 43
72 152 36 2.0355 2.0492 39.652 40.209 -0.14768 -1.69212 0 43
72 127 37 2.005 2.055 43.952 42.548 -0.08168 -1.72812 0 43
72 116 38 2.0679 1.8932 46.977 31.883 -0.35168 -1.44012 0 43
72 139 39 1.9981 2.0424 41.31 40.617 -0.13568 -1.69212 0 43
72 115 40 1.9699 1.8932 45.388 31.883 -0.35168 -1.44012 0 43
72 120 41 2.0129 2.016 37.136 37.527 -0.21968 -1.62612 0 43
72 116 42 1.9577 1.8932 42.724 31.883 -0.35168 -1.44012 0 43
72 114 43 1.9199 1.8932 38.62 31.883 -0.35168 -1.44012 0 43
72 121 44 1.9589 1.8888 33.205 32.087 -0.34568 -1.44012 0 43
72 124 45 1.9032 1.8448 43.9 46.214 0.02032 -1.59012 0 43
72 157 46 2.0503 2.055 43.271 42.548 -0.08168 -1.72812 0 43
72 120 47 1.9971 2.0122 38.082 37.73 -0.21368 -1.62612 0 43
72 156 48 2.0178 2.0424 41.067 40.617 -0.13568 -1.69212 0 43
72 115 49 1.9962 1.8932 46.622 31.883 -0.35168 -1.44012 0 43
108 124 0 1.9686 1.9858 47.12 47.248 0.05032 -1.72212 0 43
108 135 1 1.9884 2.0473 42.978 42.113 -0.09368 -1.71612 0 43
108 195 2 2.0437 2.0533 41.465 41.278 -0.11768 -1.71012 0 43
108 116 3 1.9712 2.0543 43.163 42.125 -0.09368 -1.72212 0 43
108 130 4 2.0339 2.0302 46.851 46.994 0.04432 -1.75812 0 43
108 143 5 2.047 2.0326 35.215 34.785 -0.29768 -1.59612 0 43
108 196 6 2.0456 2.057 41.548 41.496 -0.11168 -1.71612 0 43
108 161 7 2.0297 2.0229 37.56 37.554 -0.21968 -1.63212 0 43
108 143 8 1.9891 2.0203 34.398 34.283 -0.30968 -1.57812 0 43
108 174 9 2.0547 2.0526 39.109 40.006 -0.15368 -1.69212 0 43
108 118 10 2.0532 2.0468 46.136 46.77 0.03832 -1.77012 0 43
108 146 11 2.0426 2.0267 36.71 37.353 -0.22568 -1.63212 0 43
108 156 12 2.0148 2.026 33.525 33.661 -0.32768 -1.57212 0 43
108 150 13 1.9947 2.0085 38.258 37.933 -0.20768 -1.62612 0 43
108 120 14 1.9874 2.0418 44.373 42.954 -0.06968 -1.72212 0 43
108 174 15 2.051 2.0557 43.682 42.971 -0.06968 -1.73412 0 43
108 148 16 2.0678 2.0409 34.272 34.397 -0.30968 -1.59612 0 43
108 147 17 2.0072 2.0387 44.08 43.163 -0.06368 -1.72212 0 43
108 116 18 1.9657 1.8932 40.579 31.883 -0.35168 -1.44012 0 43
108 167 19 2.0257 2.0287 33.713 33.894 -0.32168 -1.57812 0 43
108 143 20 2.0723 2.0525 32.559 33.168 -0.34568 -1.58412 0 43
108 184 21 2.0161 2.039 41.225 40.822 -0.12968 -1.69212 0 43
108 187 22 2.0276 2.0505 42.244 41.907 -0.09968 -1.71612 0 43
108 168 23 2.0283 2.0287 33.78 33.894 -0.32168 -1.57812 0 43
108 114 24 1.9561 1.8932 37.686 31.883 -0.35168 -1.44012 0 43
108 115 25 2.0512 1.8932 45.773 31.883 -0.35168 -1.44012 0 43
108 164 26 2.0185 2.0299 34.894 34.554 -0.30368 -1.59012 0 43
108 126 27 1.9809 2.0511 43.246 42.331 -0.08768 -1.72212 0 43
108 201 28 2.0587 2.0527 40.537 40.43 -0.14168 -1.69812 0 43
108 128 29 1.9335 1.8956 33.866 32.136 -0.34568 -1.44612 0 43
108 115 30 1.954 1.8932 38.361 31.883 -0.35168 -1.44012 0 43
108 167 31 2.028 2.0287 33.662 33.894 -0.32168 -1.57812 0 43
108 116 32 1.9589 1.8932 39.726 31.883 -0.35168 -1.44012 0 43
108 114 33 2.059 1.8932 35.722 31.883 -0.35168 -1.44012 0 43
108 126 34 1.9895 2.0176 36.079 35.142 -0.28568 -1.59012 0 43
108 179 35 1.898 1.8912 33.406 32.339 -0.33968 -1.44612 0 43
108 118 36 1.9361 1.8352 44.106 46.454 0.02632 -1.58412 0 43
108 118 37 1.9458 1.8932 33.98 31.883 -0.35168 -1.44012 0 43
108 128 38 2.0393 2.0442 47.206 46.984 0.04432 -1.77012 0 43
108 163 39 1.9155 1.9059 42.786 43.006 -0.06368 -1.60812 0 43
108 139 40 1.9923 1.9927 47.243 47.242 0.05032 -1.72812 0 43
108 136 41 1.941 1.9152 41.522 42.338 -0.08168 -1.60812 0 43
108 116 42 2.0614 1.8932 45.127 31.883 -0.35168 -1.44012 0 43
108 115 43 1.9659 1.8932 44.143 31.883 -0.35168 -1.44012 0 43
108 153 44 2.056 2.0367 34.612 34.591 -0.30368 -1.59612 0 43
108 198 45 2.0437 2.055 42.83 42.548 -0.08168 -1.72812 0 43
108 116 46 1.9508 1.8352 44.814 46.454 0.02632 -1.58412 0 43
108 131 47 1.9434 1.8956 33.455 32.136 -0.34568 -1.44612 0 43
108 169 48 2.0491 2.0492 39.078 39.784 -0.15968 -1.68612 0 43
108 147 49 2.0151 2.0197 36.886 37.325 -0.22568 -1.62612 0 43
143 160 0 1.982 2.0284 41.2 40.584 -0.13568 -1.68012 0 43
143 162 1 2.0083 2.0209 44.916 44.43 -0.02768 -1.72212 0 43
143 146 2 2.0075 2.0014 45.827 45.935 0.01432 -1.72212 0 43
143 142 3 2.0306 2.0214 45.91 46.573 0.03232 -1.74612 0 43
143 197 4 2.028 2.0329 33.391 33.701 -0.32768 -1.57812 0 43
143 143 5 1.9139 1.9035 40.702 41.179 -0.11168 -1.58412 0 43
143 196 6 2.0204 2.0353 39.702 40.173 -0.14768 -1.68012 0 43
143 146 7 1.912 1.8562 46.068 46.442 0.02632 -1.60212 0 43
143 176 8 1.8974 1.8562 46.075 46.442 0.02632 -1.60212 0 43
143 123 9 1.9712 2.0135 36.412 35.34 -0.27968 -1.59012 0 43
143 116 10 1.9707 1.8932 39.84 31.883 -0.35168 -1.44012 0 43
143 161 11 2.0273 2.0233 35.968 35.606 -0.27368 -1.60212 0 43
143 130 12 1.9525 1.9024 33.345 32.184 -0.34568 -1.45212 0 43
143 116 13 1.9591 1.8352 44.55 46.454 0.02632 -1.58412 0 43
143 147 14 1.9483 1.9184 41.135 42.117 -0.08768 -1.60812 0 43
143 158 15 1.9348 1.9098 43.488 43.238 -0.05768 -1.61412 0 43
143 174 16 1.9365 1.9152 41.7 42.338 -0.08168 -1.60812 0 43
143 133 17 2.0749 2.0566 44.419 43.393 -0.05768 -1.74012 0 43
143 115 18 1.9542 1.8932 40.223 31.883 -0.35168 -1.44012 0 43
143 169 19 2.0249 2.0422 39.102 39.765 -0.15968 -1.68012 0 43
143 144 20 1.9836 2.015 33.609 33.815 -0.32168 -1.56612 0 43
143 138 21 1.9074 1.8714 46.985 47.591 0.05632 -1.62612 0 43
143 137 22 1.9141 1.8996 40.141 40.484 -0.12968 -1.57212 0 43
143 240 23 2.0683 2.0613 42.063 42.136 -0.09368 -1.72812 0 43
143 184 24 1.8988 1.8953 34.701 35.168 -0.26768 -1.49412 0 43
143 126 25 1.9574 1.8999 35.432 36.119 -0.24368 -1.51212 0 43
143 162 26 1.9746 2.0015 38.372 37.907 -0.20768 -1.62012 0 43
143 164 27 1.9176 1.8794 38.258 38.113 -0.18968 -1.52412 0 43
143 177 28 2.0084 2.0357 43.995 43.373 -0.05768 -1.72212 0 43
143 116 29 2.0752 1.8932 35.766 31.883 -0.35168 -1.44012 0 43
143 208 30 1.901 1.8799 37.581 37.65 -0.20168 -1.51812 0 43
143 140 31 1.9803 2.0357 42.463 41.028 -0.12368 -1.69212 0 43
143 139 32 1.9816 2.0012 45.114 44.853 -0.01568 -1.71012 0 43
143 116 33 1.9375 1.8932 47.297 31.883 -0.35168 -1.44012 0 43
143 233 34 2.0538 2.0566 41.157 41.073 -0.12368 -1.71012 0 43
143 179 35 1.9966 2.0318 40.435 40.378 -0.14168 -1.68012 0 43
143 231 36 2.069 2.0562 39.941 40.227 -0.14768 -1.69812 0 43
143 236 37 2.0604 2.0563 40.758 40.65 -0.13568 -1.70412 0 43
143 122 38 1.9606 1.923 42.968 42.802 -0.06968 -1.62012 0 43
143 181 39 2.0262 2.0367 44.398 43.799 -0.04568 -1.72812 0 43
143 178 40 2.0114 2.0128 36.936 37.297 -0.22568 -1.62012 0 43
143 195 41 1.9167 1.909 42.425 42.783 -0.06968 -1.60812 0 43
143 166 42 1.94 1.9092 33.014 32.232 -0.34568 -1.45812 0 43
143 211 43 1.8997 1.8837 37.347 37.434 -0.20768 -1.51812 0 43
143 117 44 2.0752 1.8932 45.211 31.883 -0.35168 -1.44012 0 43
143 172 45 1.9998 2.0441 42.809 42.321 -0.08768 -1.71612 0 43
143 137 46 1.9254 1.8827 38.564 38.358 -0.18368 -1.53012 0 43
143 216 47 2.023 2.0427 41.559 41.043 -0.12368 -1.69812 0 43
143 138 48 1.9489 1.8952 36.158 36.789 -0.22568 -1.51812 0 43
143 116 49 1.9451 1.8794 38.124 38.113 -0.18968 -1.52412 0 43
179 188 0 1.9517 1.9292 42.03 42.361 -0.08168 -1.62012 0 43
179 217 1 2.0563 2.0409 34.568 34.397 -0.30968 -1.59612 0 43
179 155 2 1.9681 1.9458 41.321 41.718 -0.09968 -1.62612 0 43
179 211 3 2.0692 2.0633 38.574 38.979 -0.18368 -1.68612 0 43
179 177 4 1.9432 1.9116 33.045 32.482 -0.33968 -1.46412 0 43
179 241 5 2.0401 2.0355 33.816 33.934 -0.32168 -1.58412 0 43
179 139 6 1.9401 1.9344 39.014 39.223 -0.16568 -1.58412 0 43
179 193 7 2.0389 2.0378 44.749 44.225 -0.03368 -1.73412 0 43
179 200 8 1.9109 1.8993 34.29 34.959 -0.27368 -1.49412 0 43
179 179 9 2.0105 2.0283 39.264 39.726 -0.15968 -1.66812 0 43
179 130 10 1.957 1.9816 45.338 45.284 -0.00368 -1.69812 0 43
179 166 11 1.9843 2.0324 42.397 41.235 -0.11768 -1.69212 0 43
179 228 12 1.9092 1.8869 37.429 37.679 -0.20168 -1.52412 0 43
179 209 13 1.9131 1.9114 41.642 42.105 -0.08768 -1.60212 0 43
179 191 14 1.9852 2.0107 35.598 35.106 -0.28568 -1.58412 0 43
179 213 15 1.9198 1.8875 36.926 37.218 -0.21368 -1.51812 0 43
179 202 16 1.9274 1.909 34.739 35.243 -0.26768 -1.50612 0 43
179 176 17 1.9731 2.0066 34.513 34.206 -0.30968 -1.56612 0 43
179 132 18 1.9661 1.9656 40.116 39.987 -0.14768 -1.62012 0 43
179 133 19 1.9276 1.8921 47.432 48.255 0.07432 -1.65012 0 43
179 252 20 2.0762 2.0596 39.588 40.024 -0.15368 -1.69812 0 43
179 178 21 1.9925 2.0371 42.835 42.31 -0.08768 -1.71012 0 43
179 193 22 2.0297 2.0258 46.473 46.784 0.03832 -1.75212 0 43
179 190 23 1.9757 1.9978 38.684 38.111 -0.20168 -1.62012 0 43
179 203 24 1.9818 1.9858 47.143 47.248 0.05032 -1.72212 0 43
179 207 25 2.0118 2.0067 47.163 47.229 0.05032 -1.74012 0 43
179 187 26 1.9055 1.8642 45.076 45.741 0.00832 -1.60212 0 43
179 152 27 1.9657 2.0021 37.393 37.472 -0.21968 -1.61412 0 43
179 184 28 1.9344 1.8944 36.778 37.248 -0.21368 -1.52412 0 43
179 156 29 2.0561 2.0419 44.943 44.44 -0.02768 -1.74012 0 43
179 218 30 1.9035 1.9083 42.015 42.327 -0.08168 -1.60212 0 43
179 175 31 1.9374 1.9103 34.041 34.789 -0.27968 -1.50012 0 43
179 135 32 1.9626 1.9656 39.928 39.544 -0.15968 -1.61412 0 43
179 137 33 1.9734 1.9865 40.073 40.044 -0.14768 -1.63812 0 43
179 267 34 2.0682 2.0597 40.446 40.447 -0.14168 -1.70412 0 43
179 194 35 1.9982 1.9978 46.4 46.803 0.03832 -1.72812 0 43
179 154 36 1.967 2.0038 35.933 35.071 -0.28568 -1.57812 0 43
179 229 37 2.0334 2.0298 37.678 37.581 -0.21968 -1.63812 0 43
179 142 38 1.9641 1.997 33.945 33.931 -0.31568 -1.55412 0 43
179 140 39 1.9401 1.9413 39.098 39.246 -0.16568 -1.59012 0 43
179 262 40 2.0745 2.0631 40.109 40.244 -0.14768 -1.70412 0 43
179 183 41 2.0608 2.0412 36.349 36.982 -0.23768 -1.63812 0 43
179 250 42 2.0293 2.0468 41.862 41.689 -0.10568 -1.71012 0 43
179 138 43 1.9532 1.9447 39.896 39.928 -0.14768 -1.60212 0 43
179 199 44 1.8983 1.8754 39 38.795 -0.17168 -1.53012 0 43
179 216 45 1.997 2.012 34.997 34.675 -0.29768 -1.57812 0 43
179 186 46 2.0099 2.0096 45.443 45.286 -0.00368 -1.72212 0 43
179 156 47 2.0621 2.0518 44.797 44.233 -0.03368 -1.74612 0 43
179 185 48 1.9833 1.9864 46.374 46.593 0.03232 -1.71612 0 43
179 118 49 1.9583 1.8352 44.666 46.454 0.02632 -1.58412 0 43
215 235 0 1.9828 1.9978 38.495 38.111 -0.20168 -1.62012 0 43
215 267 1 2.0233 2.0357 43.675 43.373 -0.05768 -1.72212 0 43
215 255 2 2.0011 2.0134 34.241 34.245 -0.30968 -1.57212 0 43
215 234 3 2.0023 2.0291 42.121 41.442 -0.11168 -1.69212 0 43
215 156 4 2.0716 2.0585 45.038 45.289 -0.00368 -1.76412 0 43
215 233 5 2.0434 2.0417 47.385 47.198 0.05032 -1.77012 0 43
215 191 6 1.9568 1.9803 38.608 38.267 -0.19568 -1.60812 0 43
215 258 7 1.9248 1.9121 42.41 42.56 -0.07568 -1.60812 0 43
215 223 8 1.9874 2.0111 40.985 40.759 -0.12968 -1.66812 0 43
215 245 9 2.0099 2.0403 42.554 42.102 -0.09368 -1.71012 0 43
215 198 10 2.072 2.0481 36.277 37.011 -0.23768 -1.64412 0 43
215 255 11 2.0434 2.0399 37.809 37.835 -0.21368 -1.65012 0 43
215 264 12 2.0193 2.016 37.418 37.527 -0.21968 -1.62612 0 43
215 309 13 2.0572 2.0527 40.486 40.43 -0.14168 -1.69812 0 44
215 254 14 2 2.009 37.533 37.5 -0.21968 -1.62012 0 43
215 231 15 2.0436 2.0313 35.494 35.212 -0.28568 -1.60212 0 43
215 169 16 1.9531 1.9269 43.398 43.032 -0.06368 -1.62612 0 43
215 260 17 2.0673 2.0597 43.557 43.186 -0.06368 -1.74012 0 43
215 220 18 2.011 2.003 46.085 46.367 0.02632 -1.72812 0 43
215 235 19 1.9974 2.0254 41.8 41.22 -0.11768 -1.68612 0 43
215 246 20 2.0353 2.0337 44.396 44.01 -0.03968 -1.72812 0 43
215 161 21 1.9789 2.034 43.168 42.518 -0.08168 -1.71012 0 43
215 213 22 1.9741 1.9983 37.693 37.676 -0.21368 -1.61412 0 43
215 218 23 1.9935 2.0026 45.369 45.286 -0.00368 -1.71612 0 43
215 242 24 1.9232 1.9029 36.147 36.364 -0.23768 -1.51812 0 43
215 306 25 2.0581 2.057 41.425 41.496 -0.11168 -1.71612 0 44
215 245 26 2.0094 2.0348 43.313 42.946 -0.06968 -1.71612 0 43
215 208 27 1.9417 1.9108 35.695 35.943 -0.24968 -1.51812 0 43
215 241 28 2.041 2.0313 35.39 35.212 -0.28568 -1.60212 0 43
215 188 29 1.95 1.9673 46.993 47.045 0.04432 -1.70412 0 43
215 227 30 2.0011 2.0082 45.043 44.855 -0.01568 -1.71612 0 43
215 194 31 1.964 1.9463 41.969 42.165 -0.08768 -1.63212 0 43
215 223 32 1.9415 1.923 42.957 42.802 -0.06968 -1.62012 0 43
215 265 33 2.0344 2.0326 34.914 34.785 -0.29768 -1.59612 0 43
215 246 34 1.934 1.9116 32.756 32.482 -0.33968 -1.46412 0 43
215 167 35 1.9574 1.9365 33.674 34.251 -0.29768 -1.51212 0 43
215 214 36 1.9881 1.9984 45.184 45.069 -0.00968 -1.71012 0 43
215 183 37 1.9418 1.9343 39.998 40.123 -0.14168 -1.59612 0 43
215 196 38 2.0624 2.0518 44.641 44.233 -0.03368 -1.74612 0 43
215 306 39 2.0594 2.0562 40.057 40.227 -0.14768 -1.69812 0 44
215 122 40 1.9596 1.9888 44.107 44.196 -0.03368 -1.69212 0 43
215 224 41 2.0767 2.0678 46.553 46.756 0.03832 -1.78812 0 43
215 263 42 2.0351 2.0396 44.005 43.589 -0.05168 -1.72812 0 43
215 220 43 1.9918 2.0184 41.879 41.206 -0.11768 -1.68012 0 43
215 226 44 1.9091 1.9039 41.296 41.636 -0.09968 -1.59012 0 43
215 295 45 2.0353 2.0463 41.426 41.263 -0.11768 -1.70412 0 44
215 244 46 1.994 2.0134 34.348 34.245 -0.30968 -1.57212 0 43
215 226 47 2.0311 2.0252 36.139 36.266 -0.25568 -1.61412 0 43
215 300 48 2.0419 2.0505 41.891 41.907 -0.09968 -1.71612 0 44
215 166 49 1.9205 1.8798 45.668 46.199 0.02032 -1.62012 0 43
251 229 0 1.916 1.903 39.159 39.35 -0.15968 -1.56012 0 43
251 296 1 1.9095 1.8913 36.81 37.003 -0.21968 -1.51812 0 43
251 174 2 1.9374 1.9471 46.33 46.394 0.02632 -1.68012 0 43
251 284 3 2.0191 2.0186 38.463 38.187 -0.20168 -1.63812 0 44
251 267 4 1.9133 1.8901 37.951 37.923 -0.19568 -1.53012 0 43
251 342 5 2.0558 2.0562 40.098 40.227 -0.14768 -1.69812 0 44
251 289 6 2.0155 2.0379 42.958 42.737 -0.07568 -1.71612 0 43
251 299 7 2.01 2.016 37.565 37.527 -0.21968 -1.62612 0 43
251 292 8 1.9132 1.901 35.474 35.662 -0.25568 -1.50612 0 44
251 249 9 2.0087 2.0183 39.129 38.618 -0.18968 -1.64412 0 44
251 299 10 2.0145 2.0218 33.799 33.855 -0.32168 -1.57212 0 43
251 294 11 2.0176 2.0317 43.407 43.155 -0.06368 -1.71612 0 43
251 345 12 2.0591 2.0613 42.032 42.136 -0.09368 -1.72812 0 44
251 241 13 1.903 1.8754 45.684 45.97 0.01432 -1.61412 0 43
251 160 14 1.9395 1.9438 45.415 45.505 0.00232 -1.66812 0 43
251 238 15 1.9554 1.9331 42.365 42.591 -0.07568 -1.62612 0 43
251 253 16 1.9875 2.0039 33.891 33.97 -0.31568 -1.56012 0 43
251 187 17 1.9638 1.9917 36.38 35.67 -0.26768 -1.57812 0 43
251 253 18 1.9919 2.004 44.841 44.637 -0.02168 -1.71012 0 43
251 257 19 2.0624 2.0464 34.948 34.858 -0.29768 -1.60812 0 43
251 254 20 1.9906 1.9974 39.058 38.547 -0.18968 -1.62612 0 44
251 284 21 2.0741 2.0667 43.456 43.194 -0.06368 -1.74612 0 43
251 213 22 2.0692 2.0616 45.448 46.13 0.02032 -1.77612 0 43
251 268 23 1.9357 1.9184 41.633 42.117 -0.08768 -1.60812 0 43
251 235 24 2.0308 2.025 45.577 45.715 0.00832 -1.74012 0 43
251 156 25 1.9492 1.9248 44.131 43.705 -0.04568 -1.63212 0 43
251 239 26 1.9436 1.9241 34.606 34.866 -0.27968 -1.51212 0 43
251 244 27 1.9292 1.9174 40.852 41.21 -0.11168 -1.59612 0 43
251 235 28 1.9586 1.9362 42.142 42.372 -0.08168 -1.62612 0 43
251 211 29 2.0666 2.044 35.645 35.706 -0.27368 -1.62012 0 43
251 232 30 1.9978 2.0109 39.584 39.46 -0.16568 -1.65012 0 44
251 251 31 2.0021 2.0113 39.099 38.595 -0.18968 -1.63812 0 44
251 313 32 2.0172 2.032 41.223 40.807 -0.12968 -1.68612 0 44
251 291 33 2.0456 2.0367 37.506 37.608 -0.21968 -1.64412 0 44
251 240 34 1.9921 2.0066 36.711 36.836 -0.23768 -1.60812 0 43
251 303 35 1.901 1.893 35.902 36.085 -0.24368 -1.50612 0 44
251 252 36 1.9942 2.0026 45.442 45.286 -0.00368 -1.71612 0 43
251 306 37 2.0509 2.0424 33.895 33.973 -0.32168 -1.59012 0 43
251 243 38 1.9152 1.9008 44.323 43.911 -0.03968 -1.61412 0 43
251 230 39 2.0566 2.04 35.81 35.903 -0.26768 -1.62012 0 43
251 269 40 1.9201 1.9146 41.421 41.884 -0.09368 -1.60212 0 43
251 192 41 1.9618 1.9457 32.936 32.712 -0.33968 -1.49412 0 44
251 227 42 2.0651 2.059 45.68 46.341 0.02632 -1.77612 0 43
251 248 43 2.0287 2.0263 45.232 45.074 -0.00968 -1.73412 0 43
251 235 44 1.9046 1.8754 45.709 45.97 0.01432 -1.61412 0 43
251 282 45 1.9143 1.9073 33.22 32.684 -0.33368 -1.46412 0 44
251 337 46 2.0468 2.05 41.537 41.483 -0.11168 -1.71012 0 44
251 293 47 1.9101 1.901 35.362 35.662 -0.25568 -1.50612 0 44
251 226 48 1.9291 1.9204 39.957 40.085 -0.14168 -1.58412 0 43
251 193 49 1.9549 1.9718 45.588 45.503 0.00232 -1.69212 0 43
287 302 0 1.9908 2.0011 38.736 38.341 -0.19568 -1.62612 0 44
287 240 1 1.9743 1.9876 33.525 33.652 -0.32168 -1.54212 0 44
287 321 2 1.9287 1.9222 42.159 42.35 -0.08168 -1.61412 0 43
287 364 3 2.0748 2.0631 39.995 40.244 -0.14768 -1.70412 0 44
287 288 4 1.9481 1.9331 42.452 42.591 -0.07568 -1.62612 0 43
287 322 5 1.9154 1.905 35.227 35.452 -0.26168 -1.50612 0 44
287 311 6 2.0089 2.0204 35.664 35.374 -0.27968 -1.59612 0 43
287 320 7 2.0249 2.0235 36.838 37.125 -0.23168 -1.62612 0 43
287 305 8 2.0511 2.0423 35.106 35.052 -0.29168 -1.60812 0 43
287 293 9 1.999 2.0221 41.92 41.428 -0.11168 -1.68612 0 44
287 261 10 1.9314 1.9239 40.091 40.321 -0.13568 -1.59012 0 44
287 237 11 1.958 1.9691 45.775 45.723 0.00832 -1.69212 0 43
287 270 12 1.9823 1.9938 39.304 38.753 -0.18368 -1.62612 0 44
287 180 13 1.9614 1.9557 43.719 43.511 -0.05168 -1.65612 0 43
287 267 14 1.9245 1.9169 40.132 40.302 -0.13568 -1.58412 0 44
287 241 15 1.947 1.9338 33.56 34.007 -0.30368 -1.50612 0 44
287 333 16 2.0155 2.0154 38.056 37.959 -0.20768 -1.63212 0 44
287 234 17 1.9596 1.9517 33.66 33.886 -0.30968 -1.51812 0 44
287 246 18 2.0743 2.052 36.133 36.814 -0.24368 -1.64412 0 43
287 259 19 1.9837 2.0015 36.332 35.937 -0.26168 -1.59012 0 44
287 229 20 1.9368 1.9276 38.477 38.749 -0.17768 -1.57212 0 44
287 333 21 1.901 1.8998 43.6 43.454 -0.05168 -1.60812 0 44
287 280 22 1.9919 2.0055 33.519 33.539 -0.32768 -1.55412 0 44
287 201 23 1.9616 1.9838 36.648 36.073 -0.25568 -1.57812 0 44
287 292 24 1.9107 1.8933 38.252 38.167 -0.18968 -1.53612 0 44
287 303 25 2.0382 2.0398 46.735 46.775 0.03832 -1.76412 0 43
287 240 26 1.9178 1.8934 44.857 45.049 -0.00968 -1.62012 0 43
287 323 27 1.9052 1.8869 37.725 37.679 -0.20168 -1.52412 0 44
287 258 28 1.935 1.9208 43.759 43.476 -0.05168 -1.62612 0 43
287 229 29 1.9577 1.9482 33.038 32.957 -0.33368 -1.50012 0 44
287 282 30 1.9275 1.9051 36.9 37.065 -0.21968 -1.53012 0 44
287 332 31 2.0251 2.0326 43.893 43.583 -0.05168 -1.72212 0 44
287 325 32 2.0368 2.0367 44.125 43.799 -0.04568 -1.72812 0 44
287 281 33 1.9829 1.9952 37.334 37.444 -0.21968 -1.60812 0 43
287 299 34 1.9221 1.9179 41.313 41.664 -0.09968 -1.60212 0 44
287 206 35 1.9433 1.9248 44.106 43.705 -0.04568 -1.63212 0 43
287 295 36 1.927 1.9103 34.465 34.789 -0.27968 -1.50012 0 44
287 301 37 2.0066 2.0287 43.608 43.366 -0.05768 -1.71612 0 44
287 282 38 1.9894 1.9928 45.63 45.502 0.00232 -1.71012 0 43
287 271 39 1.9881 2.0081 41.869 41.401 -0.11168 -1.67412 0 44
287 297 40 2.0393 2.0302 35.761 35.64 -0.27368 -1.60812 0 43
287 356 41 2.0328 2.0435 42.128 41.895 -0.09968 -1.71012 0 44
287 274 42 1.9887 2.0055 36.15 35.737 -0.26768 -1.59012 0 43
287 212 43 1.9662 1.9897 36.877 36.542 -0.24368 -1.59012 0 44
287 318 44 1.9127 1.9073 33.194 32.684 -0.33368 -1.46412 0 44
287 309 45 2.0263 2.0318 39.336 39.521 -0.16568 -1.66812 0 44
287 289 46 2.0067 2.0068 45.552 45.502 0.00232 -1.72212 0 44
287 258 47 1.9579 1.9699 46.642 46.823 0.03832 -1.70412 0 43
287 300 48 2.0038 2.011 44.889 44.64 -0.02168 -1.71612 0 43
287 287 49 1.9435 1.9299 42.824 42.811 -0.06968 -1.62612 0 43
323 286 0 2.061 2.04 35.724 35.903 -0.26768 -1.62012 0 44
323 319 1 2.0023 2.0247 43.331 43.147 -0.06368 -1.71012 0 44
323 320 2 1.9985 2.0144 40.042 40.119 -0.14768 -1.66212 0 44
323 290 3 2.0596 2.0429 35.939 36.131 -0.26168 -1.62612 0 44
323 351 4 2.0343 2.0389 32.814 33.084 -0.34568 -1.57212 0 44
323 300 5 1.9416 1.9323 34.15 34.455 -0.29168 -1.51212 0 44
323 279 6 1.9735 1.9795 39.76 39.585 -0.15968 -1.62612 0 44
323 371 7 2.0127 2.0189 34.891 34.712 -0.29768 -1.58412 0 44
323 309 8 1.9284 1.9051 36.962 37.065 -0.21968 -1.53012 0 44
323 397 9 2.068 2.0619 42.802 42.558 -0.08168 -1.73412 0 44
323 343 10 2.0287 2.0279 44.643 44.433 -0.02768 -1.72812 0 44
323 293 11 1.9571 1.94 42.552 42.601 -0.07568 -1.63212 0 44
323 356 12 1.903 1.8953 34.844 35.168 -0.26768 -1.49412 0 44
323 287 13 1.9054 1.8929 46.737 46.88 0.03832 -1.63812 0 44
323 360 14 2.0146 2.0197 37.147 37.325 -0.22568 -1.62612 0 44
323 305 15 1.9299 1.9241 40.563 40.773 -0.12368 -1.59612 0 44
323 407 16 2.0456 2.0533 41.42 41.278 -0.11768 -1.71012 0 44
323 350 17 2.0421 2.0423 39.05 39.339 -0.17168 -1.67412 0 44
323 328 18 2.037 2.0331 35.906 35.87 -0.26768 -1.61412 0 44
323 328 19 1.9108 1.9072 41.215 41.415 -0.10568 -1.59012 0 44
323 222 20 1.9549 1.9405 36.786 36.767 -0.23168 -1.55412 0 44
323 300 21 1.9456 1.935 34.435 34.698 -0.28568 -1.51812 0 44
323 348 22 1.9139 1.8944 37.11 37.248 -0.21368 -1.52412 0 44
323 265 23 1.9346 1.9276 38.473 38.749 -0.17768 -1.57212 0 44
323 222 24 1.9406 1.9354 44.952 45.057 -0.00968 -1.65612 0 43
323 295 25 2.0762 2.0574 34.74 34.701 -0.30368 -1.61412 0 44
323 340 26 2.0404 2.0442 47.146 46.984 0.04432 -1.77012 0 44
323 359 27 2.0053 2.0154 38.27 37.959 -0.20768 -1.63212 0 44
323 408 28 2.0591 2.0566 41.18 41.073 -0.12368 -1.71012 0 44
323 342 29 1.899 1.9007 41.753 41.858 -0.09368 -1.59012 0 44
323 408 30 2.0699 2.0607 41.523 41.714 -0.10568 -1.72212 0 44
323 395 31 2.0694 2.0631 39.583 39.822 -0.15968 -1.69812 0 44
323 381 32 2.0283 2.0418 43.172 42.954 -0.06968 -1.72212 0 44
323 297 33 1.9886 2.0006 36.533 36.371 -0.24968 -1.59612 0 44
323 369 34 1.9006 1.902 42.562 42.773 -0.06968 -1.60212 0 44
323 344 35 2.0751 2.0619 33.361 33.439 -0.33968 -1.59612 0 44
323 258 36 1.952 1.9384 36.081 36.079 -0.24968 -1.54212 0 44
323 378 37 2.0189 2.0357 41.396 41.028 -0.12368 -1.69212 0 44
323 360 38 2.0263 2.0267 44.106 44.005 -0.03968 -1.72212 0 44
323 341 39 2.0067 2.0164 35.792 35.572 -0.27368 -1.59612 0 44
323 346 40 2.0652 2.064 38.225 38.135 -0.20768 -1.67412 0 44
323 301 41 1.9671 1.9763 39.17 38.914 -0.17768 -1.61412 0 44
323 338 42 1.981 1.9883 46.951 47.028 0.04432 -1.72212 0 44
323 293 43 1.9557 1.9477 32.646 32.269 -0.35168 -1.48812 0 44
323 331 44 1.985 1.9983 34.828 34.6 -0.29768 -1.56612 0 44
323 357 45 2.0508 2.0506 37.674 37.661 -0.21968 -1.65612 0 44
323 379 46 2.0728 2.0658 43.023 42.773 -0.07568 -1.74012 0 44
323 366 47 2.0287 2.0297 43.91 43.794 -0.04568 -1.72212 0 44
323 338 48 2.042 2.0461 38.729 38.711 -0.18968 -1.66812 0 44
323 235 49 1.9592 1.969 44.566 44.624 -0.02168 -1.68012 0 43
359 311 0 1.9802 1.9958 44.238 44.2 -0.03368 -1.69812 0 44
359 358 1 2.0186 2.025 39.114 39.071 -0.17768 -1.65612 0 44
359 377 2 2.0112 2.0247 43.332 43.147 -0.06368 -1.71012 0 44
359 295 3 1.9518 1.9424 36.038 35.872 -0.25568 -1.54212 0 44
359 318 4 1.9566 1.9587 39.637 39.523 -0.15968 -1.60812 0 44
359 406 5 2.0259 2.0229 37.373 37.554 -0.21968 -1.63212 0 44
359 272 6 1.979 1.9959 43.068 42.68 -0.07568 -1.68012 0 44
359 315 7 1.9837 1.9947 42.155 41.809 -0.09968 -1.66812 0 44
359 376 8 2.0453 2.0407 44.329 44.015 -0.03968 -1.73412 0 44
359 432 9 2.0286 2.0357 41.144 41.028 -0.12368 -1.69212 -0 44
359 349 10 1.9724 1.9835 38.837 38.498 -0.18968 -1.61412 0 44
359 381 11 2.0126 2.0067 47.11 47.229 0.05032 -1.74012 0 44
359 322 12 1.9457 1.9553 47.406 47.498 0.05632 -1.69812 0 44
359 329 13 1.949 1.935 34.409 34.698 -0.28568 -1.51812 0 44
359 373 14 2.011 2.0135 36.705 36.866 -0.23768 -1.61412 0 44
359 396 15 2.0144 2.0176 35.346 35.142 -0.28568 -1.59012 0 44
359 373 16 1.9075 1.897 38.019 37.951 -0.19568 -1.53612 0 44
359 402 17 2.0299 2.0396 43.876 43.589 -0.05168 -1.72812 0 44
359 340 18 1.9449 1.9337 35.026 35.147 -0.27368 -1.52412 0 44
359 391 19 2.0166 2.0296 42.093 41.871 -0.09968 -1.69812 0 44
359 391 20 2.0144 2.0186 38.422 38.187 -0.20168 -1.63812 0 44
359 265 21 1.9507 1.9564 44.94 45.061 -0.00968 -1.67412 0 44
359 274 22 1.9431 1.9253 37.432 37.607 -0.20768 -1.55412 0 44
359 396 23 1.9167 1.9152 42.087 42.338 -0.08168 -1.60812 0 44
359 368 24 1.9803 1.9838 46.751 46.813 0.03832 -1.71612 0 44
359 314 25 1.9536 1.9433 33.964 34.291 -0.29768 -1.51812 0 44
359 316 26 1.9119 1.8969 47.386 47.791 0.06232 -1.65012 0 44
359 387 27 2.0595 2.0477 34.44 34.434 -0.30968 -1.60212 0 44
359 327 28 1.9661 1.9763 35.082 34.925 -0.28568 -1.55412 0 44
359 266 29 1.9409 1.9259 44.235 44.156 -0.03368 -1.63812 0 44
359 338 30 1.9576 1.9458 41.464 41.718 -0.09968 -1.62612 0 44
359 328 31 1.9192 1.91 39.266 39.372 -0.15968 -1.56612 0 44
359 312 32 1.973 1.9797 40.403 40.465 -0.13568 -1.63812 0 44
359 339 33 1.9374 1.9238 43.405 43.254 -0.05768 -1.62612 0 44
359 355 34 1.9918 1.9938 39.03 38.753 -0.18368 -1.62612 0 44
359 380 35 2.0767 2.0752 37.452 37.543 -0.22568 -1.67412 0 44
359 340 36 1.9928 2.0036 36.606 36.604 -0.24368 -1.60212 0 44
359 295 37 1.9715 1.9889 36.998 36.979 -0.23168 -1.59612 0 44
359 338 38 1.9895 1.9971 39.331 38.983 -0.17768 -1.63212 0 44
359 340 39 1.9043 1.8892 44.898 44.819 -0.01568 -1.61412 0 44
359 406 40 2.0395 2.0367 34.752 34.591 -0.30368 -1.59612 0 44
359 364 41 1.9317 1.9188 35.459 35.524 -0.26168 -1.51812 0 44
359 403 42 2.0369 2.0326 34.923 34.785 -0.29768 -1.59612 0 44
359 327 43 1.962 1.9533 42.158 42.176 -0.08768 -1.63812 0 44
359 417 44 2.0273 2.0287 33.825 33.894 -0.32168 -1.57812 0 44
359 381 45 2.0729 2.0637 32.766 33.02 -0.35168 -1.59012 0 44
359 408 46 1.9103 1.9059 43.068 43.006 -0.06368 -1.60812 0 44
359 363 47 2.0737 2.0678 46.81 46.756 0.03832 -1.78812 -0 44
359 417 48 2.0378 2.0382 34.081 34.166 -0.31568 -1.59012 0 44
359 300 49 1.9316 1.9174 38.336 38.486 -0.18368 -1.56012 0 44
394 380 0 1.9776 1.9847 46.087 46.158 0.02032 -1.71012 0 44
394 377 1 1.9802 1.9886 45.458 45.285 -0.00368 -1.70412 0 44
394 364 2 1.9652 1.9727 39.247 39.123 -0.17168 -1.61412 0 44
394 403 3 1.9922 1.9974 38.768 38.547 -0.18968 -1.62612 0 44
394 411 4 2.023 2.0243 36.576 36.695 -0.24368 -1.62012 0 44
394 396 5 1.9447 1.9356 41.633 41.922 -0.09368 -1.62012 0 44
394 359 6 1.9532 1.9475 35.16 35.22 -0.27368 -1.53612 0 44
394 394 7 2.0071 2.0239 42.972 42.718 -0.07568 -1.70412 0 44
394 430 8 2.0234 2.0234 33.267 33.427 -0.33368 -1.56612 0 44
394 474 9 2.0443 2.0457 39.954 39.987 -0.15368 -1.68612 -0 45
394 369 10 1.9305 1.9205 40.339 40.538 -0.12968 -1.59012 0 44
394 354 11 2.0608 2.0469 35.814 35.935 -0.26768 -1.62612 0 44
394 416 12 2.0197 2.0209 44.601 44.43 -0.02768 -1.72212 0 44
394 396 13 1.968 1.9718 47.153 47.261 0.05032 -1.71012 0 44
394 424 14 2.0636 2.0566 43.674 43.393 -0.05768 -1.74012 0 44
394 480 15 2.0727 2.0683 42.113 42.147 -0.09368 -1.73412 -0 44
394 404 16 2.0608 2.0557 47.216 47.186 0.05032 -1.78212 -0 44
394 367 17 1.9884 2.0036 36.717 36.604 -0.24368 -1.60212 0 44
394 365 18 2.0718 2.0533 34.876 34.894 -0.29768 -1.61412 0 44
394 433 19 1.9202 1.9152 42.14 42.338 -0.08168 -1.60812 0 44
394 443 20 2.0136 2.0203 34.44 34.283 -0.30968 -1.57812 0 44
394 387 21 1.903 1.8962 38.872 38.868 -0.17168 -1.54812 0 44
394 319 22 1.9235 1.9147 46.107 46.185 0.02032 -1.65012 0 44
394 337 23 1.9487 1.9585 46.566 46.61 0.03232 -1.69212 0 44
394 382 24 1.9932 2.004 40.237 40.308 -0.14168 -1.65612 0 44
394 297 25 1.9563 1.962 44.562 44.621 -0.02168 -1.67412 0 44
394 360 26 1.9283 1.9178 43.964 43.699 -0.04568 -1.62612 0 44
394 418 27 2.0152 2.034 42.696 42.518 -0.08168 -1.71012 -0 44
394 435 28 2.0173 2.0197 37.22 37.325 -0.22568 -1.62612 0 44
394 381 29 1.9875 1.9975 41.394 41.162 -0.11768 -1.66212 0 44
394 427 30 2.0181 2.0309 42.986 42.727 -0.07568 -1.71012 0 44
394 426 31 2.0078 2.0179 40.336 40.343 -0.14168 -1.66812 0 44
394 420 32 2.0677 2.0603 33.842 33.859 -0.32768 -1.60212 0 44
394 428 33 1.902 1.9013 42.146 42.316 -0.08168 -1.59612 0 44
394 399 34 2.0722 2.0652 46.945 46.968 0.04432 -1.78812 -0 44
394 419 35 1.9901 1.9927 47.16 47.242 0.05032 -1.72812 0 44
394 401 36 2.066 2.0627 47.189 47.18 0.05032 -1.78812 -0 44
394 375 37 1.9836 1.9972 40.954 40.726 -0.12968 -1.65612 0 44
394 351 38 1.9456 1.9338 33.812 34.007 -0.30368 -1.50612 0 44
394 399 39 1.9036 1.9072 41.341 41.415 -0.10568 -1.59012 0 44
394 395 40 2.0047 2.0041 45.673 45.718 0.00832 -1.72212 0 44
394 361 41 1.935 1.9129 36.548 36.641 -0.23168 -1.53012 0 44
394 423 42 2.0613 2.0575 37.598 37.688 -0.21968 -1.66212 0 44
394 478 43 2.0446 2.0505 41.967 41.907 -0.09968 -1.71612 -0 45
394 385 44 1.9045 1.8996 40.301 40.484 -0.12968 -1.57212 0 44
394 378 45 1.9255 1.9171 40.551 40.756 -0.12368 -1.59012 0 44
394 476 46 2.0736 2.0683 42.25 42.147 -0.09368 -1.73412 -0 44
394 354 47 1.9622 1.977 38.006 38.034 -0.20168 -1.60212 0 44
394 440 48 2.0196 2.0324 41.627 41.235 -0.11768 -1.69212 0 44
394 395 49 1.9055 1.9037 33.752 33.592 -0.30968 -1.47612 0 45
430 342 0 1.9332 1.9287 45.987 46.179 0.02032 -1.66212 0 44
430 520 1 2.0505 2.0492 40.103 40.209 -0.14768 -1.69212 -0 45
430 402 2 1.9679 1.9777 46.206 46.16 0.02032 -1.70412 0 44
430 346 3 1.965 1.9782 37.131 37.154 -0.22568 -1.59012 0 44
430 399 4 1.9856 2.0015 36.192 35.937 -0.26168 -1.59012 0 44
430 495 5 2.0331 2.0449 42.967 42.746 -0.07568 -1.72212 -0 45
430 430 6 1.9433 1.9365 32.535 32.421 -0.34568 -1.48212 0 45
430 388 7 1.915 1.9061 44.594 44.597 -0.02168 -1.62612 0 44
430 437 8 2.0211 2.0183 36.276 36.234 -0.25568 -1.60812 0 44
430 488 9 2.0324 2.0387 43.404 43.163 -0.06368 -1.72212 -0 45
430 411 10 1.9556 1.9458 41.498 41.718 -0.09968 -1.62612 0 44
430 445 11 2.0086 2.0197 44.082 44 -0.03968 -1.71612 0 44
430 388 12 1.949 1.9414 40.483 40.591 -0.12968 -1.60812 0 44
430 422 13 1.9873 1.9928 45.48 45.502 0.00232 -1.71012 0 44
430 427 14 1.9987 1.9971 45.742 45.719 0.00832 -1.71612 0 44
430 511 15 2.0463 2.0492 40 40.209 -0.14768 -1.69212 -0 45
430 450 16 1.9299 1.9184 41.775 42.117 -0.08768 -1.60812 0 44
430 332 17 1.9596 1.9713 37.169 37.125 -0.22568 -1.58412 0 44
430 478 18 2.0297 2.0298 37.57 37.581 -0.21968 -1.63812 0 44
430 417 19 1.9393 1.9269 43.135 43.032 -0.06368 -1.62612 0 44
430 358 20 1.9215 1.9165 46.472 46.636 0.03232 -1.65612 0 44
430 428 21 1.9396 1.9299 42.904 42.811 -0.06968 -1.62612 0 44
430 452 22 2.0079 2.0093 46.965 47.011 0.04432 -1.74012 -0 44
430 430 23 1.9091 1.9105 41.124 41.195 -0.11168 -1.59012 0 44
430 447 24 2.0334 2.0347 47.339 47.204 0.05032 -1.76412 -0 44
430 436 25 2.008 2.0053 45.093 45.07 -0.00968 -1.71612 0 44
430 414 26 1.9982 2.0087 43.741 43.777 -0.04568 -1.70412 0 44
430 373 27 1.9129 1.9061 45.69 45.734 0.00832 -1.63812 0 44
430 448 28 1.9246 1.9159 35.144 35.28 -0.26768 -1.51212 0 44
430 436 29 1.987 1.9864 46.544 46.593 0.03232 -1.71612 0 44
430 417 30 1.9585 1.9648 47.333 47.268 0.05032 -1.70412 0 44
430 439 31 2.0327 2.0322 38.773 38.665 -0.18968 -1.65612 0 45
430 382 32 1.9505 1.9414 32.959 32.912 -0.33368 -1.49412 0 45
430 366 33 1.9295 1.9189 44.285 44.151 -0.03368 -1.63212 0 44
430 376 34 1.9268 1.9119 44.222 44.147 -0.03368 -1.62612 0 44
430 401 35 1.9823 1.9872 41.565 41.358 -0.11168 -1.65612 0 45
430 461 36 2.0498 2.0405 37.263 37.408 -0.22568 -1.64412 0 44
430 469 37 2.007 2.0134 34.418 34.245 -0.30968 -1.57212 0 44
430 360 38 1.925 1.9184 46.92 47.086 0.04432 -1.66212 0 44
430 475 39 1.9015 1.896 36.133 36.331 -0.23768 -1.51212 -0 45
430 404 40 1.992 2.0004 39.991 40.082 -0.14768 -1.65012 0 45
430 499 41 2.0338 2.043 41.614 41.469 -0.11168 -1.70412 -0 45
430 443 42 2.0329 2.0389 39.084 39.115 -0.17768 -1.66812 0 45
430 459 43 1.9148 1.9114 41.826 42.105 -0.08768 -1.60212 0 44
430 456 44 1.9153 1.9098 33.059 32.934 -0.32768 -1.47012 0 45
430 351 45 1.9614 1.9579 43.084 42.848 -0.06968 -1.65012 0 44
430 366 46 1.9469 1.9558 38.358 38.4 -0.18968 -1.59012 0 44
430 364 47 1.9862 1.991 32.776 32.783 -0.34568 -1.53012 0 44
430 429 48 1.9922 1.9917 46.08 46.155 0.02032 -1.71612 0 44
430 483 49 2.0433 2.044 33.441 33.549 -0.33368 -1.58412 0 44
466 455 0 1.9357 1.9282 34.477 34.66 -0.28568 -1.51212 0 45
466 411 1 1.9404 1.9438 47.31 47.288 0.05032 -1.68612 0 45
466 455 2 2.0673 2.066 46.138 46.338 0.02632 -1.78212 -0 44
466 424 3 1.9751 1.9737 41.802 41.77 -0.09968 -1.65012 0 45
466 481 4 2.0106 2.0187 43.663 43.57 -0.05168 -1.71012 0 45
466 445 5 1.9262 1.9121 36.914 37.095 -0.21968 -1.53612 0 45
466 434 6 1.9653 1.963 41.46 41.529 -0.10568 -1.63812 0 45
466 447 7 1.9818 1.9914 45.169 45.068 -0.00968 -1.70412 0 44
466 510 8 1.9002 1.893 36.085 36.085 -0.24368 -1.50612 -0 45
466 453 9 2.0526 2.052 46.049 46.344 0.02632 -1.77012 -0 45
466 474 10 1.9968 2.0042 40.777 40.742 -0.12968 -1.66212 0 45
466 399 11 1.931 1.9298 47.259 47.301 0.05032 -1.67412 0 45
466 485 12 2.0118 2.0137 47.359 47.223 0.05032 -1.74612 -0 44
466 416 13 1.958 1.9586 39.957 39.967 -0.14768 -1.61412 0 45
466 398 14 1.961 1.971 35.898 35.566 -0.26768 -1.56012 0 45
466 416 15 1.999 2.0047 32.706 32.871 -0.34568 -1.54212 0 45
466 421 16 1.9646 1.959 40.723 40.856 -0.12368 -1.62612 0 45
466 423 17 1.9733 1.9833 33.857 33.85 -0.31568 -1.54212 0 45
466 424 18 2.055 2.0501 45 44.866 -0.01568 -1.75212 -0 45
466 507 19 1.919 1.9191 42.621 42.57 -0.07568 -1.61412 0 45
466 390 20 2.0725 2.0578 35.555 35.772 -0.27368 -1.63212 0 45
466 411 21 2.0604 2.0543 45.124 45.078 -0.00968 -1.75812 -0 45
466 478 22 2.0249 2.0262 35.974 35.837 -0.26768 -1.60812 0 44
466 465 23 1.904 1.9037 33.719 33.592 -0.30968 -1.47612 0 45
466 472 24 2.0111 2.0264 42.231 42.079 -0.09368 -1.69812 -0 45
466 431 25 1.9564 1.9523 41.009 41.285 -0.11168 -1.62612 0 45
466 414 26 2.0004 2.009 32.616 32.677 -0.35168 -1.54212 0 45
466 435 27 1.9755 1.9797 39.406 39.146 -0.17168 -1.62012 0 45
466 449 28 1.9619 1.9673 46.963 47.045 0.04432 -1.70412 0 44
466 472 29 2.0601 2.0551 36.838 37.04 -0.23768 -1.65012 0 45
466 508 30 1.9242 1.9185 32.604 32.528 -0.33968 -1.47012 0 45
466 464 31 1.9192 1.9117 34.178 34.335 -0.29168 -1.49412 0 45
466 452 32 2.0541 2.0411 35.442 35.477 -0.27968 -1.61412 0 44
466 406 33 1.9869 2.0047 43.693 43.557 -0.05168 -1.69812 0 45
466 521 34 2.0185 2.0287 41.129 41.013 -0.12368 -1.68612 -0 45
466 438 35 1.9857 1.997 44.56 44.635 -0.02168 -1.70412 0 44
466 555 36 2.0581 2.0597 40.475 40.447 -0.14168 -1.70412 -0 45
466 488 37 2.0093 2.0067 47.075 47.229 0.05032 -1.74012 -0 44
466 425 38 1.9919 2.0086 42.237 41.834 -0.09968 -1.68012 0 45
466 427 39 1.9748 1.977 41.723 41.557 -0.10568 -1.65012 0 45
466 545 40 2.0418 2.0468 41.722 41.689 -0.10568 -1.71012 -0 45
466 510 41 1.9009 1.897 35.869 35.873 -0.24968 -1.50612 -0 45
466 490 42 2.0128 2.015 38.536 38.39 -0.19568 -1.63812 0 45
466 495 43 1.9025 1.9044 42.03 42.093 -0.08768 -1.59612 0 45
466 471 44 2.0296 2.032 44.852 44.648 -0.02168 -1.73412 -0 45
466 408 45 1.9792 1.9888 44.231 44.196 -0.03368 -1.69212 0 44
466 400 46 1.9282 1.9298 47.272 47.301 0.05032 -1.67412 0 45
466 492 47 1.9917 1.9927 47.231 47.242 0.05032 -1.72812 0 44
466 558 48 2.0586 2.0575 41.907 41.919 -0.09968 -1.72212 -0 45
466 486 49 1.9024 1.8986 33.384 33.093 -0.32168 -1.46412 0 45
502 461 0 2.0661 2.0628 44.526 44.45 -0.02768 -1.75812 -0 45
502 538 1 2.0602 2.0525 32.96 33.168 -0.34568 -1.58412 0 45
502 508 2 2.0648 2.0634 46.492 46.549 0.03232 -1.78212 -0 45
502 586 3 2.0386 2.039 40.841 40.822 -0.12968 -1.69212 -0 45
502 489 4 2.0673 2.0646 44.085 43.821 -0.04568 -1.75212 -0 45
502 561 5 2.02 2.032 41.002 40.807 -0.12968 -1.68612 -0 45
502 456 6 1.9835 1.9967 36.649 36.573 -0.24368 -1.59612 0 45
502 413 7 1.9508 1.9483 36.476 36.352 -0.24368 -1.55412 0 45
502 542 8 2.0383 2.0326 34.897 34.785 -0.29768 -1.59612 0 45
502 519 9 1.9206 1.9131 34.836 35.035 -0.27368 -1.50612 0 45
502 557 10 2.0441 2.0382 34.127 34.166 -0.31568 -1.59012 0 45
502 517 11 2.0209 2.0182 47.476 47.433 0.05632 -1.75212 -0 45
502 408 12 1.9726 1.9719 43 42.867 -0.06968 -1.66212 0 45
502 523 13 2.0155 2.0137 47.226 47.223 0.05032 -1.74612 -0 45
502 489 14 1.9866 1.9956 45.442 45.285 -0.00368 -1.71012 0 45
502 504 15 2.0458 2.0419 44.511 44.44 -0.02768 -1.74012 -0 45
502 469 16 1.9301 1.9273 39.577 39.653 -0.15368 -1.58412 0 45
502 454 17 2.0766 2.0697 36.319 36.676 -0.24968 -1.65612 -0 45
502 480 18 1.9073 1.9064 39.548 39.589 -0.15368 -1.56612 0 45
502 487 19 1.9914 1.9999 44.484 44.419 -0.02768 -1.70412 0 45
502 510 20 1.9143 1.9076 34.423 34.542 -0.28568 -1.49412 0 45
502 437 21 1.9655 1.967 33.487 33.528 -0.32168 -1.52412 0 45
502 477 22 2.0519 2.0429 36.001 36.131 -0.26168 -1.62612 0 45
502 511 23 1.9914 1.9997 34.188 34.167 -0.30968 -1.56012 0 45
502 462 24 1.9864 2.0006 36.481 36.371 -0.24968 -1.59612 0 45
502 517 25 2.0486 2.0468 46.739 46.77 0.03832 -1.77012 -0 45
502 539 26 2.0247 2.0197 37.115 37.325 -0.22568 -1.62612 0 45
502 529 27 2.0453 2.0436 44.077 43.805 -0.04568 -1.73412 -0 45
502 494 28 1.9929 2.0006 40.642 40.517 -0.13568 -1.65612 0 45
502 439 29 1.9178 1.9114 47.021 47.093 0.04432 -1.65612 0 45
502 473 30 1.9609 1.9528 41.549 41.731 -0.09968 -1.63212 0 45
502 495 31 1.9172 1.9108 43.937 43.692 -0.04568 -1.62012 0 45
502 516 32 1.9877 1.9908 46.788 46.808 0.03832 -1.72212 -0 45
502 454 33 1.9567 1.9552 39.833 39.735 -0.15368 -1.60812 0 45
502 546 34 2.0215 2.0229 37.418 37.554 -0.21968 -1.63212 0 45
502 547 35 1.9035 1.902 42.664 42.773 -0.06968 -1.60212 0 45
502 477 36 1.91 1.9032 38.905 38.893 -0.17168 -1.55412 0 45
502 520 37 1.9322 1.9253 32.639 32.575 -0.33968 -1.47612 0 45
502 580 38 2.076 2.0677 41.581 41.726 -0.10568 -1.72812 -0 45
502 455 39 1.908 1.8949 45.306 45.507 0.00232 -1.62612 0 45
502 451 40 1.958 1.9637 46.241 46.165 0.02032 -1.69212 0 45
502 465 41 1.9644 1.9694 35.062 34.888 -0.28568 -1.54812 0 45
502 466 42 1.9639 1.9733 38.152 38.241 -0.19568 -1.60212 0 45
502 583 43 2.0454 2.0505 41.867 41.907 -0.09968 -1.71612 -0 45
502 469 44 1.9885 2.0006 36.539 36.371 -0.24968 -1.59612 0 45
502 462 45 1.9565 1.9622 39.454 39.312 -0.16568 -1.60812 0 45
502 444 46 1.9324 1.9114 37.347 37.55 -0.20768 -1.54212 0 45
502 516 47 1.9904 1.9941 38.468 38.317 -0.19568 -1.62012 0 45
502 548 48 2.0145 2.016 37.553 37.527 -0.21968 -1.62612 0 45
502 533 49 1.9062 1.8944 37.162 37.248 -0.21368 -1.52412 -0 45
36 115 0 1.9173 1.8932 38.649 31.883 -0.35168 -1.44012 0 43
36 115 1 2.0754 1.8932 33.667 31.883 -0.35168 -1.44012 0 43
36 117 2 1.9111 1.8932 35.023 31.883 -0.35168 -1.44012 0 43
36 116 3 1.8976 1.8932 42.94 31.883 -0.35168 -1.44012 0 43
36 115 4 1.9059 1.8932 38.981 31.883 -0.35168 -1.44012 0 43
36 128 5 1.9312 1.8956 32.97 32.136 -0.34568 -1.44612 0 43
36 118 6 2.02 2.0581 43.756 42.342 -0.08768 -1.72812 0 43
36 117 7 1.9698 1.8932 35.593 31.883 -0.35168 -1.44012 0 43
36 115 8 2.0561 1.8932 46.873 31.883 -0.35168 -1.44012 0 43
36 116 9 1.937 1.8932 34.997 31.883 -0.35168 -1.44012 0 43
36 115 10 2.0417 1.8932 38.805 31.883 -0.35168 -1.44012 0 43
36 116 11 1.9345 1.8932 46.223 31.883 -0.35168 -1.44012 0 43
36 116 12 2.0173 1.8932 44.82 31.883 -0.35168 -1.44012 0 43
36 129 13 2.0521 2.0492 39.767 40.209 -0.14768 -1.69212 0 43
36 115 14 1.9594 1.8932 43.638 31.883 -0.35168 -1.44012 0 43
36 116 15 2.017 1.8932 45.174 31.883 -0.35168 -1.44012 0 43
36 115 16 1.9334 1.8932 44.666 31.883 -0.35168 -1.44012 0 43
36 116 17 1.9411 1.8932 45.683 31.883 -0.35168 -1.44012 0 43
36 121 18 1.9482 1.8932 33.145 31.883 -0.35168 -1.44012 0 43
36 116 19 1.9857 1.8932 45.525 31.883 -0.35168 -1.44012 0 43
36 115 20 2.0566 1.8932 45.634 31.883 -0.35168 -1.44012 0 43
36 116 21 1.935 1.8932 47.329 31.883 -0.35168 -1.44012 0 43
36 116 22 1.907 1.8932 35.537 31.883 -0.35168 -1.44012 0 43
36 116 23 1.9376 1.8932 37.037 31.883 -0.35168 -1.44012 0 43
36 125 24 2.0144 2.0458 40.775 40.413 -0.14168 -1.69212 0 43
36 116 25 1.9244 1.8932 46.333 31.883 -0.35168 -1.44012 0 43
36 116 26 1.9457 1.8932 46.368 31.883 -0.35168 -1.44012 0 43
36 114 27 1.9081 1.8932 38.325 31.883 -0.35168 -1.44012 0 43
36 116 28 1.9861 1.8932 38.476 31.883 -0.35168 -1.44012 0 43
36 115 29 2.0451 1.8932 34.845 31.883 -0.35168 -1.44012 0 43
36 115 30 2.0041 1.8932 46.634 31.883 -0.35168 -1.44012 0 43
36 116 31 1.9302 1.8932 39.756 31.883 -0.35168 -1.44012 0 43
36 115 32 1.9586 1.8932 40.171 31.883 -0.35168 -1.44012 0 43
36 115 33 1.9029 1.8932 47.36 31.883 -0.35168 -1.44012 0 43
36 117 34 1.9091 1.8932 34.717 31.883 -0.35168 -1.44012 0 43
36 116 35 1.9704 1.8932 38.082 31.883 -0.35168 -1.44012 0 43
36 117 36 1.9593 1.8932 36.332 31.883 -0.35168 -1.44012 0 43
36 115 37 2.0326 1.8932 44.129 31.883 -0.35168 -1.44012 0 43
36 116 38 1.9401 1.8932 43.998 31.883 -0.35168 -1.44012 0 43
36 116 39 2.0154 1.8932 45.264 31.883 -0.35168 -1.44012 0 43
36 116 40 1.9972 1.8932 47.516 31.883 -0.35168 -1.44012 0 43
36 115 41 2.0089 1.8932 46.808 31.883 -0.35168 -1.44012 0 43
36 115 42 1.9151 1.8932 39.799 31.883 -0.35168 -1.44012 0 43
36 115 43 2.0718 1.8932 35.828 31.883 -0.35168 -1.44012 0 43
36 117 44 2.0124 1.8932 44.196 31.883 -0.35168 -1.44012 0 43
36 115 45 2.055 1.8932 38.515 31.883 -0.35168 -1.44012 0 43
36 115 46 1.9181 1.8932 36.458 31.883 -0.35168 -1.44012 0 43
36 116 47 1.9893 1.8932 41.549 31.883 -0.35168 -1.44012 0 43
36 116 48 1.9981 1.8932 35.996 31.883 -0.35168 -1.44012 0 43
36 126 49 2.0472 2.0581 43.381 42.342 -0.08768 -1.72812 0 43
72 117 0 1.9642 1.8932 33.6 31.883 -0.35168 -1.44012 0 43
72 117 1 1.9651 1.8932 42.81 31.883 -0.35168 -1.44012 0 43
72 117 2 1.9857 1.8932 33.118 31.883 -0.35168 -1.44012 0 43
72 121 3 1.9963 2.0271 34.765 34.321 -0.30968 -1.58412 0 43
72 116 4 1.9516 1.8932 43.987 31.883 -0.35168 -1.44012 0 43
72 115 5 2.0215 1.8932 45.332 31.883 -0.35168 -1.44012 0 43
72 116 6 2.0232 1.8932 35.854 31.883 -0.35168 -1.44012 0 43
72 139 7 1.8993 1.8422 45.499 46.45 0.02632 -1.59012 0 43
72 115 8 2.0682 1.8932 34.601 31.883 -0.35168 -1.44012 0 43
72 116 9 1.9587 1.8932 41.268 31.883 -0.35168 -1.44012 0 43
72 116 10 1.9516 1.8932 40.45 31.883 -0.35168 -1.44012 0 43
72 140 11 2.0225 2.0422 39.566 40.191 -0.14768 -1.68612 0 43
72 116 12 2.0767 1.8932 44.31 31.883 -0.35168 -1.44012 0 43
72 127 13 2.0098 2.0422 39.506 40.191 -0.14768 -1.68612 0 43
72 125 14 2.0111 2.0191 37.9 37.756 -0.21368 -1.63212 0 43
72 116 15 1.9558 1.8932 34.691 31.883 -0.35168 -1.44012 0 43
72 118 16 1.9362 1.8932 34.375 31.883 -0.35168 -1.44012 0 43
72 121 17 2.0422 2.0298 37.293 37.581 -0.21968 -1.63812 0 43
72 114 18 2.0544 1.8932 35.102 31.883 -0.35168 -1.44012 0 43
72 129 19 1.9058 1.902 42.443 42.773 -0.06968 -1.60212 0 43
72 115 20 1.9588 1.8932 40.561 31.883 -0.35168 -1.44012 0 43
72 126 21 1.9132 1.8422 45.909 46.45 0.02632 -1.59012 0 43
72 132 22 1.9106 1.8822 35.661 36.264 -0.23768 -1.50012 0 43
72 114 23 1.9925 1.8932 46.94 31.883 -0.35168 -1.44012 0 43
72 119 24 1.9195 1.8448 44.006 46.214 0.02032 -1.59012 0 43
72 163 25 2.0725 2.0651 42.529 42.352 -0.08768 -1.73412 0 43
72 115 26 1.9544 1.8932 37.19 31.883 -0.35168 -1.44012 0 43
72 162 27 2.0712 2.0562 39.991 40.227 -0.14768 -1.69812 0 43
72 116 28 1.9772 1.8932 43.323 31.883 -0.35168 -1.44012 0 43
72 162 29 2.0767 2.0607 41.337 41.714 -0.10568 -1.72212 0 43
72 115 30 2.0417 2.0326 35.336 34.785 -0.29768 -1.59612 0 43
72 117 31 1.9122 1.8932 47.287 31.883 -0.35168 -1.44012 0 43
72 118 32 1.976 2.0424 42.091 40.617 -0.13568 -1.69212 0 43
72 148 33 1.9299 1.8956 32.911 32.136 -0.34568 -1.44612 0 43
72 116 34 2.0631 1.8932 46.623 31.883 -0.35168 -1.44012 0 43
72 119 35 1.9864 2.0511 43.615 42.331 -0.08768 -1.72212 0 43
72 115 36 1.9726 1.8932 34.128 31.883 -0.35168 -1.44012 0 43
72 116 37 2.0536 1.8932 45.15 31.883 -0.35168 -1.44012 0 43
72 114 38 1.9059 1.8932 39.212 31.883 -0.35168 -1.44012 0 43
72 116 39 1.9594 1.8932 43.527 31.883 -0.35168 -1.44012 0 43
72 124 40 2.0605 2.044 33.029 33.549 -0.33368 -1.58412 0 43
72 178 41 1.8981 1.8956 32.559 32.136 -0.34568 -1.44612 0 43
72 116 42 1.9913 1.8932 37.862 31.883 -0.35168 -1.44012 0 43
72 116 43 1.9796 1.8932 38.86 31.883 -0.35168 -1.44012 0 43
72 116 44 1.9333 1.8932 43.782 31.883 -0.35168 -1.44012 0 43
72 115 45 2.0086 1.8932 44.803 31.883 -0.35168 -1.44012 0 43
72 128 46 1.9008 1.8872 34.945 35.59 -0.25568 -1.49412 0 43
72 116 47 1.9794 1.8932 33.452 31.883 -0.35168 -1.44012 0 43
72 117 48 1.9936 1.8932 36.146 31.883 -0.35168 -1.44012 0 43
72 165 49 2.0531 2.053 40.892 40.854 -0.12968 -1.70412 0 43
108 130 0 1.9412 1.9152 41.312 42.338 -0.08168 -1.60812 0 43
108 159 1 2.0063 2.048 43.08 42.538 -0.08168 -1.72212 0 43
108 166 2 2.0451 2.034 34.463 34.359 -0.30968 -1.59012 0 43
108 116 3 1.9157 1.8932 40.842 31.883 -0.35168 -1.44012 0 43
108 124 4 2.0652 2.0608 46.368 46.761 0.03832 -1.78212 0 43
108 116 5 2.0438 2.0407 45.002 44.015 -0.03968 -1.73412 0 43
108 135 6 1.9131 1.8953 34.15 35.168 -0.26768 -1.49412 0 43
108 115 7 1.9703 1.8932 39.558 31.883 -0.35168 -1.44012 0 43
108 128 8 1.9007 1.9044 41.342 42.093 -0.08768 -1.59612 0 43
108 147 9 1.995 2.0318 40.281 40.378 -0.14168 -1.68012 0 43
108 174 10 2.0162 2.0511 42.818 42.331 -0.08768 -1.72212 0 43
108 115 11 1.9744 1.8932 46.09 31.883 -0.35168 -1.44012 0 43
108 163 12 2.0221 2.0422 39.567 40.191 -0.14768 -1.68612 0 43
108 117 13 1.9 1.8721 39.71 38.551 -0.17768 -1.52412 0 43
108 121 14 2.0364 2.0258 46.259 46.784 0.03832 -1.75212 0 43
108 124 15 1.9483 1.8844 36.207 36.972 -0.21968 -1.51212 0 43
108 116 16 1.9637 1.8932 40.774 31.883 -0.35168 -1.44012 0 43
108 173 17 2.0086 2.0388 40.444 40.396 -0.14168 -1.68612 0 43
108 157 18 1.9055 1.8794 38.326 38.113 -0.18968 -1.52412 0 43
108 123 19 2.0508 2.0305 36.132 37.153 -0.23168 -1.63212 0 43
108 123 20 1.9741 2.039 42.398 40.822 -0.12968 -1.69212 0 43
108 116 21 2.0646 1.8932 35.655 31.883 -0.35168 -1.44012 0 43
108 118 22 1.957 1.916 42.592 42.792 -0.06968 -1.61412 0 43
108 167 23 2.0485 2.0397 33.545 33.741 -0.32768 -1.58412 0 43
108 116 24 1.926 1.8932 40.767 31.883 -0.35168 -1.44012 0 43
108 142 25 2.0153 2.0245 35.76 35.177 -0.28568 -1.59612 0 43
108 158 26 2.0082 2.0191 37.889 37.756 -0.21368 -1.63212 0 43
108 128 27 1.9717 2.0354 41.28 40.601 -0.13568 -1.68612 0 43
108 130 28 1.95 1.9222 41.756 42.35 -0.08168 -1.61412 0 43
108 116 29 1.9244 1.8932 46.602 31.883 -0.35168 -1.44012 0 43
108 123 30 2.0022 2.0422 39.252 40.191 -0.14768 -1.68612 0 43
108 162 31 2.0286 2.0329 33.363 33.701 -0.32768 -1.57812 0 43
108 131 32 1.9907 1.9953 46.67 47.022 0.04432 -1.72812 0 43
108 124 33 2.0486 2.0468 46.392 46.77 0.03832 -1.77012 0 43
108 118 34 1.9483 1.8888 33.901 32.087 -0.34568 -1.44012 0 43
108 115 35 2.0608 2.0354 35.508 35.017 -0.29168 -1.60212 0 43
108 127 36 1.9815 2.0505 42.842 41.907 -0.09968 -1.71612 0 43
108 151 37 2.0004 2.016 37.435 37.527 -0.21968 -1.62612 0 43
108 115 38 1.9454 1.8932 38.983 31.883 -0.35168 -1.44012 0 43
108 148 39 1.9276 1.893 35.604 36.085 -0.24368 -1.50612 0 43
108 116 40 1.9521 1.8352 44.972 46.454 0.02632 -1.58412 0 43
108 195 41 2.0423 2.055 43.005 42.548 -0.08168 -1.72812 0 43
108 123 42 1.981 2.0422 40.177 40.191 -0.14768 -1.68612 0 43
108 152 43 2.0308 2.0426 44.332 43.38 -0.05768 -1.72812 0 43
108 115 44 2.0574 1.8932 45.661 31.883 -0.35168 -1.44012 0 43
108 143 45 1.9946 2.0473 42.84 42.113 -0.09368 -1.71612 0 43
108 145 46 2.0247 2.0197 36.712 37.325 -0.22568 -1.62612 0 43
108 116 47 1.9068 1.8932 40.708 31.883 -0.35168 -1.44012 0 43
108 182 48 2.0608 2.0588 43.381 42.764 -0.07568 -1.73412 0 43
108 192 49 2.0283 2.0388 40.276 40.396 -0.14168 -1.68612 0 43
143 140 0 2.0332 2.0291 45.316 44.861 -0.01568 -1.73412 0 43
143 159 1 1.9059 1.8966 34.035 34.711 -0.27968 -1.48812 0 43
143 131 2 1.9571 1.9743 46.749 47.039 0.04432 -1.71012 0 43
143 160 3 2.0511 2.0468 46.488 46.77 0.03832 -1.77012 0 43
143 146 4 1.9071 1.8535 46.535 46.677 0.03232 -1.60212 0 43
143 210 5 1.8987 1.8813 36.46 36.726 -0.22568 -1.50612 0 43
143 190 6 2.0282 2.0285 35.236 34.981 -0.29168 -1.59612 0 43
143 130 7 1.9231 1.879 38.859 38.576 -0.17768 -1.53012 0 43
143 193 8 2.0368 2.0298 37.575 37.581 -0.21968 -1.63812 0 43
143 143 9 1.986 2.0012 45.2 44.853 -0.01568 -1.71012 0 43
143 141 10 1.9512 1.9024 33.108 32.184 -0.34568 -1.45212 0 43
143 201 11 2.0512 2.0492 39.094 39.784 -0.15968 -1.68612 0 43
143 213 12 2.0602 2.0561 39.227 39.803 -0.15968 -1.69212 0 43
143 116 13 1.9687 1.8932 36.914 31.883 -0.35168 -1.44012 0 43
143 137 14 1.9208 1.9068 40.533 40.959 -0.11768 -1.58412 0 43
143 171 15 1.9267 1.9098 43.511 43.238 -0.05768 -1.61412 0 43
143 130 16 1.9539 1.8913 36.255 37.003 -0.21968 -1.51812 0 43
143 167 17 1.9781 2.0015 38.305 37.907 -0.20768 -1.62012 0 43
143 166 18 1.9076 1.879 38.724 38.576 -0.17768 -1.53012 0 43
143 209 19 2.0235 2.0353 39.905 40.173 -0.14768 -1.68012 0 43
143 169 20 1.9869 1.9927 46.991 47.242 0.05032 -1.72812 0 43
143 195 21 1.9057 1.9028 43.558 43.23 -0.05768 -1.60812 0 43
143 206 22 1.9054 1.8837 37.036 37.434 -0.20768 -1.51812 0 43
143 232 23 2.0662 2.0562 39.922 40.227 -0.14768 -1.69812 0 43
143 146 24 2.0152 2.01 45.904 46.364 0.02632 -1.73412 0 43
143 191 25 2.0246 2.0261 38.122 37.782 -0.21368 -1.63812 0 43
143 226 26 2.0337 2.0543 42.349 42.125 -0.09368 -1.72212 0 43
143 116 27 1.96 1.8932 45.672 31.883 -0.35168 -1.44012 0 43
143 169 28 1.9401 1.916 42.788 42.792 -0.06968 -1.61412 0 43
143 159 29 1.9944 2.0135 36.012 35.34 -0.27968 -1.59012 0 43
143 138 30 1.9376 1.9179 40.676 41.664 -0.09968 -1.60212 0 43
143 168 31 1.9277 1.9114 41.364 42.105 -0.08768 -1.60212 0 43
143 155 32 2.0628 2.0374 36.399 37.181 -0.23168 -1.63812 0 43
143 117 33 2.0752 1.8932 44.865 31.883 -0.35168 -1.44012 0 43
143 162 34 1.9457 1.9222 41.61 42.35 -0.08168 -1.61412 0 43
143 222 35 2.0365 2.0518 43.099 42.755 -0.07568 -1.72812 0 43
143 229 36 2.0384 2.0505 41.982 41.907 -0.09968 -1.71612 0 43
143 184 37 2.0339 2.0422 39.117 39.765 -0.15968 -1.68012 0 43
143 119 38 1.967 2.0511 43.426 42.331 -0.08768 -1.72212 0 43
143 200 39 2.0157 2.023 34.609 34.516 -0.30368 -1.58412 0 43
143 128 40 1.9312 1.8448 44.424 46.214 0.02032 -1.59012 0 43
143 185 41 1.9204 1.8837 37.033 37.434 -0.20768 -1.51812 0 43
143 149 42 1.9956 2.0053 45.42 45.07 -0.00968 -1.71612 0 43
143 208 43 2.0303 2.0457 39.696 39.987 -0.15368 -1.68612 0 43
143 212 44 1.8986 1.8844 36.661 36.972 -0.21968 -1.51212 0 43
143 143 45 2.0768 2.0512 36.421 37.237 -0.23168 -1.65012 0 43
143 185 46 2.0279 2.0346 33.016 33.276 -0.33968 -1.57212 0 43
143 219 47 2.0195 2.0388 40.438 40.396 -0.14168 -1.68612 0 43
143 152 48 1.9157 1.9109 40.987 41.65 -0.09968 -1.59612 0 43
143 168 49 2.0547 2.0566 38.5 38.533 -0.19568 -1.67412 0 43
179 268 0 2.0754 2.0677 41.604 41.726 -0.10568 -1.72812 0 43
179 200 1 1.9173 1.8831 37.882 37.896 -0.19568 -1.52412 0 43
179 228 2 2.0384 2.0326 34.93 34.785 -0.29768 -1.59612 0 43
179 177 3 1.9676 1.9872 38.751 38.292 -0.19568 -1.61412 0 43
179 126 4 1.9404 1.8448 44.618 46.214 0.02032 -1.59012 0 43
179 199 5 2.0474 2.0442 46.789 46.984 0.04432 -1.77012 0 43
179 202 6 1.913 1.8863 38.158 38.14 -0.18968 -1.53012 0 43
179 207 7 1.9239 1.8913 36.724 37.003 -0.21968 -1.51812 0 43
179 142 8 1.9773 2.0187 43.995 43.57 -0.05168 -1.71012 0 43
179 230 9 2.0531 2.0482 33.128 33.358 -0.33968 -1.58412 0 43
179 191 10 1.9425 1.923 42.914 42.802 -0.06968 -1.62012 0 43
179 196 11 1.9944 2.0249 40.291 40.361 -0.14168 -1.67412 0 43
179 193 12 1.9752 2.0015 38.17 37.907 -0.20768 -1.62012 0 43
179 210 13 2.0689 2.045 34.135 34.204 -0.31568 -1.59612 0 43
179 163 14 1.9516 1.92 34.539 35.072 -0.27368 -1.51212 0 43
179 216 15 2.0595 2.0457 32.71 33.126 -0.34568 -1.57812 0 43
179 168 16 1.9108 1.8925 39.289 39.546 -0.15368 -1.55412 0 43
179 122 17 1.9463 1.8448 44.387 46.214 0.02032 -1.59012 0 43
179 204 18 2.0763 2.0492 33.824 34.011 -0.32168 -1.59612 0 43
179 181 19 1.9931 1.9998 45.608 45.502 0.00232 -1.71612 0 43
179 139 20 1.9575 1.9199 43.256 43.023 -0.06368 -1.62012 0 43
179 190 21 2.0137 2.0183 36.326 36.234 -0.25568 -1.60812 0 43
179 147 22 1.9683 1.9942 45.04 44.851 -0.01568 -1.70412 0 43
179 268 23 2.0438 2.0505 41.93 41.907 -0.09968 -1.71612 0 43
179 145 24 1.9283 1.91 38.979 39.372 -0.15968 -1.56612 0 43
179 193 25 1.936 1.9216 41.3 41.897 -0.09368 -1.60812 0 43
179 166 26 1.9398 1.9244 40.665 41.225 -0.11168 -1.60212 0 43
179 144 27 1.9438 1.9378 39.724 39.908 -0.14768 -1.59612 0 43
179 187 28 1.986 2.0145 40.704 40.551 -0.13568 -1.66812 0 43
179 134 29 1.9863 2.014 32.801 33.15 -0.33968 -1.55412 0 43
179 165 30 1.9746 2.0181 41.611 40.775 -0.12968 -1.67412 0 43
179 217 31 2.0034 2.0148 35.302 34.909 -0.29168 -1.58412 0 43
179 209 32 2.0139 2.0204 35.732 35.374 -0.27968 -1.59612 0 43
179 145 33 1.9785 2.0348 43.751 42.946 -0.06968 -1.71612 0 43
179 228 34 2.0283 2.0267 37.239 37.353 -0.22568 -1.63212 0 43
179 157 35 1.9738 2.0066 36.216 35.305 -0.27968 -1.58412 0 43
179 141 36 1.9678 1.997 44.777 44.635 -0.02168 -1.70412 0 43
179 117 37 1.957 1.8352 44.592 46.454 0.02632 -1.58412 0 43
179 202 38 1.9201 1.9062 34.425 34.997 -0.27368 -1.50012 0 43
179 218 39 2.0031 2.0218 33.931 33.855 -0.32168 -1.57212 0 43
179 145 40 1.9736 2.0055 36.584 35.737 -0.26768 -1.59012 0 43
179 163 41 1.9789 2.0109 40.424 40.326 -0.14168 -1.66212 0 43
179 197 42 1.9073 1.9076 41.39 41.871 -0.09368 -1.59612 0 43
179 154 43 1.9281 1.8896 38.469 38.384 -0.18368 -1.53612 0 43
179 166 44 1.9555 1.9743 46.946 47.039 0.04432 -1.71012 0 43
179 158 45 1.9301 1.9169 40.044 40.302 -0.13568 -1.58412 0 43
179 165 46 1.9633 1.9946 37.935 37.88 -0.20768 -1.61412 0 43
179 166 47 1.964 1.9835 39.09 38.498 -0.18968 -1.61412 0 43
179 117 48 1.9589 1.8352 44.218 46.454 0.02632 -1.58412 0 43
179 216 49 2.0108 2.0387 43.59 43.163 -0.06368 -1.72212 0 43
215 256 0 2.029 2.0267 36.992 37.353 -0.22568 -1.63212 0 43
215 220 1 1.9 1.8857 39.09 39.063 -0.16568 -1.54212 0 43
215 260 2 2.0265 2.0303 33.243 33.468 -0.33368 -1.57212 0 43
215 311 3 2.0598 2.0613 42.083 42.136 -0.09368 -1.72812 0 43
215 214 4 1.9322 1.8982 36.819 37.034 -0.21968 -1.52412 0 43
215 200 5 1.9639 1.9839 38.116 38.06 -0.20168 -1.60812 0 43
215 176 6 2.0682 2.04 35.663 35.903 -0.26768 -1.62012 0 43
215 224 7 2.0228 2.0289 38.95 38.439 -0.19568 -1.65012 0 44
215 246 8 2.0426 2.0432 38.199 38.061 -0.20768 -1.65612 0 43
215 247 9 2.0064 2.0283 40.127 40.155 -0.14768 -1.67412 0 43
215 203 10 1.9383 1.9021 36.544 36.821 -0.22568 -1.52412 0 43
215 266 11 2.0135 2.0189 34.897 34.712 -0.29768 -1.58412 0 43
215 303 12 2.0558 2.0566 41.026 41.073 -0.12368 -1.71012 0 44
215 216 13 1.9921 2.0254 42.105 41.22 -0.11768 -1.68612 0 43
215 218 14 2.0661 2.0464 34.914 34.858 -0.29768 -1.60812 0 43
215 157 15 1.9382 1.9533 46.877 47.057 0.04432 -1.69212 0 43
215 220 16 2.0558 2.0382 35.312 35.247 -0.28568 -1.60812 0 43
215 235 17 1.9294 1.9119 35.155 35.488 -0.26168 -1.51212 0 43
215 228 18 2.0487 2.0407 44.488 44.015 -0.03968 -1.73412 0 43
215 250 19 2.0664 2.0633 38.674 38.979 -0.18368 -1.68612 0 44
215 234 20 2.0144 2.0233 35.959 35.606 -0.27368 -1.60212 0 43
215 227 21 1.935 1.9199 43.238 43.023 -0.06368 -1.62012 0 43
215 267 22 1.9077 1.902 42.568 42.773 -0.06968 -1.60212 0 43
215 166 23 1.9383 1.9379 38.748 39.01 -0.17168 -1.58412 0 43
215 262 24 2.0211 2.026 33.47 33.661 -0.32768 -1.57212 0 43
215 260 25 2.0588 2.045 34.136 34.204 -0.31568 -1.59612 0 43
215 215 26 2.0437 2.0331 35.913 35.87 -0.26768 -1.61412 0 43
215 222 27 2.025 2.032 32.551 33.042 -0.34568 -1.56612 0 43
215 203 28 2.0543 2.052 45.84 46.344 0.02632 -1.77012 0 43
215 208 29 1.9952 2.0333 42.616 42.091 -0.09368 -1.70412 0 43
215 239 30 2.0734 2.0492 33.904 34.011 -0.32168 -1.59612 0 43
215 231 31 2.0514 2.0468 46.556 46.77 0.03832 -1.77012 0 43
215 249 32 2.0115 2.0192 33.465 33.62 -0.32768 -1.56612 0 43
215 306 33 2.0384 2.0458 40.378 40.413 -0.14168 -1.69212 0 44
215 231 34 2.0178 2.0277 32.867 33.234 -0.33968 -1.56612 0 43
215 224 35 2.0624 2.0627 47.4 47.18 0.05032 -1.78812 0 43
215 202 36 1.9249 1.9171 40.428 40.756 -0.12368 -1.59012 0 43
215 214 37 1.9034 1.8962 40.457 40.705 -0.12368 -1.57212 0 43
215 232 38 1.9277 1.899 36.248 36.576 -0.23168 -1.51812 0 43
215 245 39 2.0106 2.0192 33.394 33.62 -0.32768 -1.56612 0 43
215 301 40 2.0594 2.0596 39.87 40.024 -0.15368 -1.69812 0 44
215 196 41 1.9576 1.9699 46.812 46.823 0.03832 -1.70412 0 43
215 154 42 1.9553 1.9914 37.515 37.649 -0.21368 -1.60812 0 43
215 250 43 2.0669 2.0566 43.722 43.393 -0.05768 -1.74012 0 43
215 208 44 1.9054 1.8925 39.768 40.006 -0.14168 -1.56012 0 43
215 229 45 2.0734 2.0519 34.29 34.242 -0.31568 -1.60212 0 43
215 272 46 2.0493 2.0397 33.647 33.741 -0.32768 -1.58412 0 43
215 279 47 2.0353 2.0457 43.537 43.171 -0.06368 -1.72812 0 43
215 221 48 1.9976 2.0197 44.202 44 -0.03968 -1.71612 0 43
215 178 49 1.9481 1.9483 39.327 39.268 -0.16568 -1.59612 0 43
251 270 0 1.901 1.886 38.619 38.601 -0.17768 -1.53612 0 43
251 270 1 2.0739 2.072 37.161 37.32 -0.23168 -1.66812 0 44
251 185 2 1.9361 1.9463 46.868 47.062 0.04432 -1.68612 0 43
251 217 3 1.9537 1.9696 38.633 38.449 -0.18968 -1.60212 0 43
251 310 4 2.025 2.0271 34.514 34.321 -0.30968 -1.58412 0 43
251 300 5 2.0111 2.0122 37.81 37.73 -0.21368 -1.62612 0 43
251 284 6 2.0412 2.0362 38.17 38.035 -0.20768 -1.65012 0 44
251 245 7 2.0689 2.0464 34.89 34.858 -0.29768 -1.60812 0 43
251 265 8 2.0295 2.0262 35.924 35.837 -0.26768 -1.60812 0 43
251 173 9 1.9586 1.9917 36.458 35.67 -0.26768 -1.57812 0 43
251 328 10 1.902 1.898 32.836 32.387 -0.33968 -1.45212 0 44
251 320 11 2.0193 2.0354 40.899 40.601 -0.13568 -1.68612 0 44
251 329 12 2.0364 2.048 42.841 42.538 -0.08168 -1.72212 0 44
251 240 13 2.0711 2.0464 34.863 34.858 -0.29768 -1.60812 0 43
251 267 14 1.9433 1.9292 42.048 42.361 -0.08168 -1.62012 0 43
251 342 15 2.0448 2.0492 40.234 40.209 -0.14768 -1.69212 0 44
251 283 16 2.0331 2.0313 35.426 35.212 -0.28568 -1.60212 0 43
251 304 17 2.0399 2.0367 34.572 34.591 -0.30368 -1.59612 0 43
251 260 18 2.0035 2.0053 45.153 45.07 -0.00968 -1.71612 0 43
251 261 19 1.9081 1.8896 38.425 38.384 -0.18368 -1.53612 0 43
251 253 20 2.0251 2.0193 45.217 45.072 -0.00968 -1.72812 0 43
251 241 21 1.9334 1.9144 34.032 34.582 -0.28568 -1.50012 0 44
251 271 22 2.0327 2.0302 46.878 46.994 0.04432 -1.75812 0 43
251 260 23 1.9127 1.9007 34.152 34.502 -0.28568 -1.48812 0 44
251 222 24 2.0667 2.0616 45.58 46.13 0.02032 -1.77612 0 43
251 287 25 2.0165 2.0245 35.474 35.177 -0.28568 -1.59612 0 43
251 262 26 2.0576 2.0443 36.648 37.209 -0.23168 -1.64412 0 43
251 236 27 1.9713 1.9914 34.849 34.563 -0.29768 -1.56012 0 43
251 267 28 2.0043 2.011 44.844 44.64 -0.02168 -1.71612 0 43
251 298 29 2.0315 2.0261 37.88 37.782 -0.21368 -1.63812 0 44
251 209 30 1.9686 1.9659 40.612 40.872 -0.12368 -1.63212 0 44
251 241 31 1.97 1.9799 38.98 38.706 -0.18368 -1.61412 0 43
251 280 32 1.9352 1.9191 42.296 42.57 -0.07568 -1.61412 0 43
251 258 33 2.0129 2.0074 46.212 46.581 0.03232 -1.73412 0 43
251 285 34 2.0033 2.0148 35.275 34.909 -0.29168 -1.58412 0 43
251 226 35 1.9835 1.997 40.251 40.29 -0.14168 -1.65012 0 44
251 270 36 1.9975 2.0217 41.608 40.998 -0.12368 -1.68012 0 44
251 304 37 1.9095 1.9059 43.109 43.006 -0.06368 -1.60812 0 43
251 203 38 1.9668 1.9872 44.915 44.849 -0.01568 -1.69812 0 43
251 244 39 2.0475 2.036 35.933 36.099 -0.26168 -1.62012 0 43
251 340 40 2.0488 2.0537 41.758 41.701 -0.10568 -1.71612 0 44
251 278 41 1.918 1.9021 34.79 35.206 -0.26768 -1.50012 0 44
251 345 42 2.0546 2.0543 42.233 42.125 -0.09368 -1.72212 0 44
251 288 43 2.0189 2.0303 33.345 33.468 -0.33368 -1.57212 0 43
251 298 44 1.9085 1.8952 36.527 36.789 -0.22568 -1.51812 0 43
251 264 45 2.0424 2.0378 44.608 44.225 -0.03368 -1.73412 0 43
251 267 46 1.9885 2.0011 38.746 38.341 -0.19568 -1.62612 0 43
251 284 47 2.0357 2.0337 44.307 44.01 -0.03968 -1.72812 0 43
251 193 48 1.9202 1.8938 45.886 46.193 0.02032 -1.63212 0 43
251 286 49 2.0695 2.0597 43.59 43.186 -0.06368 -1.74012 0 43
287 348 0 2.0322 2.0355 33.996 33.934 -0.32168 -1.58412 0 44
287 310 1 1.9172 1.8944 37.016 37.248 -0.21368 -1.52412 0 44
287 247 2 1.9406 1.9413 39.192 39.246 -0.16568 -1.59012 0 44
287 358 3 2.0286 2.0427 41.315 41.043 -0.12368 -1.69812 0 44
287 275 4 1.9024 1.8781 45.414 45.738 0.00832 -1.61412 0 44
287 270 5 2.0592 2.0451 36.227 36.784 -0.24368 -1.63812 0 43
287 256 6 2.0461 2.0363 45.586 45.926 0.01432 -1.75212 0 44
287 333 7 1.9039 1.8906 37.375 37.463 -0.20768 -1.52412 0 44
287 251 8 1.942 1.9309 40.085 40.339 -0.13568 -1.59612 0 44
287 313 9 1.9968 1.9953 46.981 47.022 0.04432 -1.72812 0 43
287 304 10 2.0173 2.0219 38.737 38.415 -0.19568 -1.64412 0 44
287 301 11 1.9274 1.9131 34.694 35.035 -0.27368 -1.50612 0 44
287 253 12 2.0608 2.0546 45.57 46.132 0.02032 -1.77012 0 44
287 285 13 1.9514 1.9394 41.997 42.153 -0.08768 -1.62612 0 44
287 254 14 1.981 2.0015 36.384 35.937 -0.26168 -1.59012 0 44
287 336 15 1.8998 1.9004 33.203 32.638 -0.33368 -1.45812 0 44
287 324 16 2.0654 2.0594 33.1 33.209 -0.34568 -1.59012 0 44
287 376 17 2.0478 2.0492 40.076 40.209 -0.14768 -1.69212 0 44
287 282 18 1.996 2.0127 44.021 43.995 -0.03968 -1.71012 0 43
287 290 19 2.075 2.0704 46.417 46.545 0.03232 -1.78812 0 43
287 357 20 2.0239 2.0357 41.215 41.028 -0.12368 -1.69212 0 44
287 320 21 1.9943 2.0015 38.063 37.907 -0.20768 -1.62012 0 43
287 257 22 1.9961 2.0072 32.969 33.108 -0.33968 -1.54812 0 44
287 219 23 1.9766 1.9824 32.971 33.175 -0.33368 -1.53012 0 44
287 284 24 2.0031 2.0166 33.137 33.385 -0.33368 -1.56012 0 44
287 300 25 2.0035 2.011 44.885 44.64 -0.02168 -1.71612 0 43
287 320 26 1.9992 2.0161 34.669 34.479 -0.30368 -1.57812 0 43
287 240 27 2.0725 2.052 35.308 35.316 -0.28568 -1.62012 0 43
287 284 28 1.9386 1.9269 34.961 35.11 -0.27368 -1.51812 0 44
287 361 29 2.0751 2.0666 39.802 40.042 -0.15368 -1.70412 0 44
287 245 30 1.9448 1.9449 38.921 39.033 -0.17168 -1.59012 0 44
287 232 31 1.95 1.9611 46.375 46.387 0.02632 -1.69212 0 43
287 326 32 1.9237 1.916 42.874 42.792 -0.06968 -1.61412 0 43
287 294 33 2.0752 2.0678 46.657 46.756 0.03832 -1.78812 0 43
287 265 34 1.9229 1.9134 39.788 40.065 -0.14168 -1.57812 0 44
287 208 35 1.9335 1.9375 46.506 46.623 0.03232 -1.67412 0 43
287 372 36 2.0705 2.064 41.428 41.509 -0.11168 -1.72212 0 44
287 286 37 2.0449 2.0351 36.198 36.526 -0.24968 -1.62612 0 43
287 258 38 2.063 2.0411 35.469 35.477 -0.27968 -1.61412 0 43
287 322 39 2.0071 2.015 33.834 33.815 -0.32168 -1.56612 0 43
287 376 40 2.064 2.0597 40.383 40.447 -0.14168 -1.70412 0 44
287 309 41 2.009 2.0197 44.245 44 -0.03968 -1.71612 0 43
287 325 42 2.0459 2.0437 37.722 37.635 -0.21968 -1.65012 0 44
287 232 43 1.9747 1.985 33.334 33.414 -0.32768 -1.53612 0 44
287 273 44 1.982 1.9914 45.16 45.068 -0.00968 -1.70412 0 43
287 370 45 2.0369 2.0422 40.146 40.191 -0.14768 -1.68612 0 44
287 347 46 2.0151 2.0284 40.844 40.584 -0.13568 -1.68012 0 44
287 260 47 1.9645 1.9495 41.774 41.948 -0.09368 -1.63212 0 44
287 220 48 1.9238 1.9139 46.677 46.864 0.03832 -1.65612 0 43
287 363 49 2.0687 2.0619 42.798 42.558 -0.08168 -1.73412 0 44
323 228 0 1.9741 1.9937 43.456 43.329 -0.05768 -1.68612 0 44
323 294 1 1.9875 2.0049 42.068 41.61 -0.10568 -1.67412 0 44
323 373 2 2.0235 2.0257 34.945 34.749 -0.29768 -1.59012 0 44
323 361 3 2.0539 2.0536 43.826 43.601 -0.05168 -1.74012 0 44
323 408 4 2.0703 2.064 41.491 41.509 -0.11168 -1.72212 0 44
323 323 5 1.9766 1.9946 37.985 37.88 -0.20768 -1.61412 0 44
323 333 6 2.0044 2.0082 45.06 44.855 -0.01568 -1.71612 0 44
323 289 7 1.979 1.9959 37.08 37.009 -0.23168 -1.60212 0 44
323 308 8 1.9851 2.0006 40.697 40.517 -0.13568 -1.65612 0 44
323 292 9 1.9687 1.9832 35.333 34.962 -0.28568 -1.56012 0 44
323 354 10 1.9264 1.9184 41.926 42.117 -0.08768 -1.60812 0 44
323 301 11 1.9277 1.9205 40.265 40.538 -0.12968 -1.59012 0 44
323 324 12 2.0627 2.0551 36.681 37.04 -0.23768 -1.65012 0 44
323 327 13 1.9346 1.9248 41.309 41.677 -0.09968 -1.60812 0 44
323 375 14 2.0166 2.0245 34.118 34.088 -0.31568 -1.57812 0 44
323 269 15 1.9766 1.9958 44.252 44.2 -0.03368 -1.69812 0 43
323 290 16 1.9816 1.9959 36.919 37.009 -0.23168 -1.60212 0 44
323 284 17 1.9522 1.9435 35.436 35.425 -0.26768 -1.53612 0 44
323 346 18 2.0073 2.0166 37.013 37.096 -0.23168 -1.62012 0 44
323 346 19 1.9997 2.0145 40.622 40.551 -0.13568 -1.66812 0 44
323 320 20 2.0139 2.0216 39.12 38.845 -0.18368 -1.65012 0 44
323 324 21 1.8987 1.9002 41.205 41.4 -0.10568 -1.58412 0 44
323 327 22 1.9328 1.92 34.806 35.072 -0.27368 -1.51212 0 44
323 340 23 1.9977 1.9978 46.585 46.803 0.03832 -1.72812 0 44
323 344 24 2.0628 2.0672 38.379 38.358 -0.20168 -1.68012 0 44
323 294 25 1.9788 1.9872 44.804 44.849 -0.01568 -1.69812 0 43
323 355 26 2.0427 2.0374 36.97 37.181 -0.23168 -1.63812 0 44
323 307 27 1.9784 1.9928 34.151 34.128 -0.30968 -1.55412 0 44
323 340 28 1.9251 1.9131 34.813 35.035 -0.27368 -1.50612 0 44
323 294 29 1.9297 1.9204 39.828 40.085 -0.14168 -1.58412 0 44
323 313 30 1.9547 1.9394 41.838 42.153 -0.08768 -1.62612 0 44
323 366 31 2.0736 2.0627 43.236 42.979 -0.06968 -1.74012 0 44
323 279 32 1.9112 1.8964 45.709 45.964 0.01432 -1.63212 0 44
323 338 33 2.0533 2.0538 46.587 46.765 0.03832 -1.77612 0 44
323 317 34 1.9696 1.9769 46.706 46.818 0.03832 -1.71012 0 44
323 361 35 1.9078 1.9021 35.01 35.206 -0.26768 -1.50012 0 44
323 377 36 2.0171 2.0203 34.283 34.283 -0.30968 -1.57812 0 44
323 368 37 2.0228 2.0357 43.574 43.373 -0.05768 -1.72212 0 44
323 357 38 1.9974 2.0085 38.053 37.933 -0.20768 -1.62612 0 44
323 356 39 1.9176 1.9114 41.906 42.105 -0.08768 -1.60212 0 44
323 311 40 1.9392 1.9217 35.576 35.768 -0.25568 -1.52412 0 44
323 332 41 1.9804 1.9978 38.388 38.111 -0.20168 -1.62012 0 44
323 317 42 1.94 1.9269 34.946 35.11 -0.27368 -1.51812 0 44
323 338 43 2.0263 2.025 44.818 44.646 -0.02168 -1.72812 0 44
323 342 44 2.0693 2.0636 43.727 43.4 -0.05768 -1.74612 0 44
323 378 45 2.0626 2.0597 43.366 43.186 -0.06368 -1.74012 0 44
323 298 46 1.9876 2.0015 36.336 35.937 -0.26168 -1.59012 0 44
323 412 47 2.0674 2.0645 41.745 41.931 -0.09968 -1.72812 0 44
323 304 48 1.9102 1.8995 39.445 39.568 -0.15368 -1.56012 0 44
323 328 49 1.9929 1.996 46.315 46.37 0.02632 -1.72212 0 44
359 370 0 1.9066 1.9039 41.423 41.636 -0.09968 -1.59012 0 44
359 400 1 2.0209 2.0317 43.427 43.155 -0.06368 -1.71612 0 44
359 280 2 2.0759 2.0578 35.586 35.772 -0.27368 -1.63212 0 44
359 373 3 2.0758 2.068 32.567 32.832 -0.35768 -1.59012 0 44
359 355 4 1.991 2.0075 40.661 40.534 -0.13568 -1.66212 0 44
359 426 5 2.023 2.0318 40.368 40.378 -0.14168 -1.68012 0 44
359 367 6 1.8999 1.8938 34.244 34.462 -0.28568 -1.48212 0 44
359 415 7 2.0228 2.023 34.566 34.516 -0.30368 -1.58412 0 44
359 326 8 1.9345 1.9159 36.759 36.884 -0.22568 -1.53612 0 44
359 323 9 1.97 1.986 35.501 35.198 -0.27968 -1.56612 0 44
359 353 10 1.9884 2.0042 40.9 40.742 -0.12968 -1.66212 0 44
359 315 11 1.9588 1.977 38.127 38.034 -0.20168 -1.60212 0 44
359 392 12 1.9125 1.905 35.192 35.452 -0.26168 -1.50612 0 44
359 380 13 1.8999 1.8938 44.177 43.906 -0.03968 -1.60812 0 44
359 310 14 1.9142 1.8994 47.224 47.559 0.05632 -1.65012 0 44
359 429 15 2.0605 2.0561 39.502 39.803 -0.15968 -1.69212 0 44
359 329 16 1.9176 1.9068 38.64 38.676 -0.17768 -1.55412 0 44
359 354 17 1.9229 1.9138 43.783 43.469 -0.05168 -1.62012 0 44
359 304 18 1.9667 1.9572 42.505 42.404 -0.08168 -1.64412 0 44
359 292 19 1.9531 1.9621 45.728 45.725 0.00832 -1.68612 0 44
359 350 20 1.9243 1.9138 43.807 43.469 -0.05168 -1.62012 0 44
359 413 21 2.0272 2.0348 43.102 42.946 -0.06968 -1.71612 0 44
359 362 22 2.0711 2.0704 46.462 46.545 0.03232 -1.78812 -0 44
359 369 23 2.0273 2.0252 36.207 36.266 -0.25568 -1.61412 0 44
359 391 24 1.9284 1.9222 42.101 42.35 -0.08168 -1.61412 0 44
359 334 25 2 2.0072 32.982 33.108 -0.33968 -1.54812 0 44
359 278 26 1.9724 1.9818 44.056 44.192 -0.03368 -1.68612 0 44
359 341 27 1.9402 1.9282 34.344 34.66 -0.28568 -1.51212 0 44
359 372 28 1.9977 2.0066 35.611 35.305 -0.27968 -1.58412 0 44
359 271 29 1.9561 1.9448 43.521 43.277 -0.05768 -1.64412 0 44
359 402 30 2.0215 2.0217 35.161 34.945 -0.29168 -1.59012 0 44
359 348 31 1.9507 1.9388 41.482 41.704 -0.09968 -1.62012 0 44
359 333 32 1.9385 1.9246 36.008 36.011 -0.24968 -1.53012 0 44
359 264 33 1.961 1.9719 44.344 44.405 -0.02768 -1.68012 0 44
359 332 34 1.9835 1.9959 37.009 37.009 -0.23168 -1.60212 0 44
359 390 35 1.9941 2.0015 37.949 37.907 -0.20768 -1.62012 0 44
359 414 36 2.0477 2.0424 33.835 33.973 -0.32168 -1.59012 0 44
359 350 37 1.8976 1.8891 39.338 39.305 -0.15968 -1.54812 0 44
359 322 38 1.9618 1.977 38.089 38.034 -0.20168 -1.60212 0 44
359 312 39 1.9708 1.9705 42.103 41.984 -0.09368 -1.65012 0 44
359 357 40 1.8996 1.8893 38.943 38.844 -0.17168 -1.54212 0 44
359 365 41 1.9446 1.9324 41.841 42.141 -0.08768 -1.62012 0 44
359 366 42 1.9003 1.8969 33.691 33.549 -0.30968 -1.47012 0 44
359 427 43 2.0307 2.0393 41.452 41.249 -0.11768 -1.69812 0 44
359 348 44 1.9534 1.9394 42.02 42.153 -0.08768 -1.62612 0 44
359 349 45 1.9509 1.9362 42.328 42.372 -0.08168 -1.62612 0 44
359 283 46 1.9238 1.9089 45.346 45.506 0.00232 -1.63812 0 44
359 435 47 2.0256 2.0354 40.737 40.601 -0.13568 -1.68612 0 44
359 356 48 2.0181 2.0127 46.057 46.147 0.02032 -1.73412 0 44
359 377 49 1.9241 1.9079 35.515 35.698 -0.25568 -1.51212 0 44
394 412 0 2.0763 2.0662 33.077 33.25 -0.34568 -1.59612 0 44
394 435 1 2.0347 2.033 37.958 37.809 -0.21368 -1.64412 0 44
394 412 2 2.0619 2.0477 34.487 34.434 -0.30968 -1.60212 0 44
394 415 3 1.9336 1.9228 32.624 32.327 -0.34568 -1.47012 0 44
394 363 4 1.9959 2.0124 42.389 42.056 -0.09368 -1.68612 0 44
394 389 5 1.95 1.9394 41.899 42.153 -0.08768 -1.62612 0 44
394 419 6 2.0693 2.0603 33.777 33.859 -0.32768 -1.60212 0 44
394 417 7 1.9059 1.9038 43.919 43.686 -0.04568 -1.61412 0 44
394 422 8 2.0663 2.0645 37.681 37.714 -0.21968 -1.66812 0 44
394 393 9 1.9962 2.0028 36.938 37.038 -0.23168 -1.60812 0 44
394 390 10 1.9809 1.9914 34.713 34.563 -0.29768 -1.56012 0 44
394 472 11 2.0395 2.043 41.57 41.469 -0.11168 -1.70412 -0 45
394 335 12 1.9555 1.9532 35.793 35.701 -0.26168 -1.54812 0 44
394 427 13 1.9229 1.9184 41.989 42.117 -0.08768 -1.60812 0 44
394 377 14 2.055 2.0489 44.626 44.443 -0.02768 -1.74612 0 44
394 330 15 1.9423 1.9452 38.397 38.586 -0.18368 -1.58412 0 44
394 341 16 1.9722 1.9705 42.215 41.984 -0.09368 -1.65012 0 44
394 302 17 1.934 1.9298 45.437 45.505 0.00232 -1.65612 0 44
394 411 18 1.902 1.9008 44.163 43.911 -0.03968 -1.61412 0 44
394 384 19 2.0023 2.0226 42.247 41.858 -0.09968 -1.69212 0 44
394 437 20 2.0357 2.0336 37.27 37.381 -0.22568 -1.63812 0 44
394 342 21 1.9615 1.9585 33.796 33.927 -0.30968 -1.52412 0 44
394 322 22 1.9712 1.9731 32.932 32.891 -0.33968 -1.51812 0 44
394 346 23 2.0672 2.048 35.435 35.511 -0.27968 -1.62012 0 44
394 419 24 2.0728 2.0714 37.783 37.74 -0.21968 -1.67412 0 44
394 320 25 1.9514 1.9621 45.68 45.725 0.00832 -1.68612 0 44
394 416 26 2.0729 2.0637 32.838 33.02 -0.35168 -1.59012 0 44
394 439 27 1.8999 1.8981 35.405 35.416 -0.26168 -1.50012 0 44
394 388 28 1.9124 1.9068 40.75 40.959 -0.11768 -1.58412 0 44
394 430 29 2.0152 2.0213 40.041 40.137 -0.14768 -1.66812 0 44
394 389 30 1.95 1.9394 41.888 42.153 -0.08768 -1.62612 0 44
394 327 31 1.9394 1.9382 38.372 38.561 -0.18368 -1.57812 0 44
394 414 32 2.0521 2.0443 36.908 37.209 -0.23168 -1.64412 0 44
394 297 33 1.9652 1.9618 43.298 43.075 -0.06368 -1.65612 0 44
394 347 34 1.9493 1.9406 33.774 34.048 -0.30368 -1.51212 0 44
394 434 35 2.0203 2.0287 43.455 43.366 -0.05768 -1.71612 0 44
394 332 36 1.9157 1.9078 46.117 46.187 0.02032 -1.64412 0 44
394 339 37 1.9778 1.9845 42.235 42.009 -0.09368 -1.66212 0 44
394 472 38 2.0735 2.064 41.284 41.509 -0.11168 -1.72212 -0 45
394 442 39 1.8982 1.897 35.822 35.873 -0.24968 -1.50612 0 44
394 440 40 2.0277 2.0285 34.972 34.981 -0.29168 -1.59612 0 44
394 315 41 1.9522 1.9448 43.508 43.277 -0.05768 -1.64412 0 44
394 357 42 2.0613 2.0459 36.032 36.359 -0.25568 -1.63212 0 44
394 426 43 2.0036 2.0181 40.93 40.775 -0.12968 -1.67412 0 44
394 356 44 1.9518 1.9475 35.347 35.22 -0.27368 -1.53612 0 44
394 401 45 1.9382 1.9299 42.8 42.811 -0.06968 -1.62612 0 44
394 437 46 2.0516 2.0457 32.991 33.126 -0.34568 -1.57812 0 44
394 358 47 1.9845 1.99 39.631 39.397 -0.16568 -1.63212 0 44
394 454 48 2.0258 2.0324 41.472 41.235 -0.11768 -1.69212 -0 45
394 382 49 2.014 2.0184 32.733 32.957 -0.34568 -1.55412 0 44
430 379 0 1.9622 1.9701 37.856 38.008 -0.20168 -1.59612 0 44
430 402 1 1.9467 1.9392 34.406 34.494 -0.29168 -1.51812 0 45
430 354 2 1.946 1.9348 43.7 43.49 -0.05168 -1.63812 0 44
430 451 3 2.0273 2.0273 35.646 35.409 -0.27968 -1.60212 0 44
430 417 4 2.0425 2.038 46.065 46.351 0.02632 -1.75812 -0 44
430 464 5 1.902 1.9013 42.237 42.316 -0.08168 -1.59612 0 44
430 477 6 2.0259 2.0298 37.657 37.581 -0.21968 -1.63812 0 44
430 404 7 1.9706 1.9804 34.941 34.724 -0.29168 -1.55412 0 44
430 356 8 1.9363 1.9178 37.753 38.032 -0.19568 -1.55412 0 44
430 398 9 2.0492 2.0433 45.705 45.924 0.01432 -1.75812 0 44
430 517 10 2.0663 2.0607 41.71 41.714 -0.10568 -1.72212 -0 45
430 401 11 2.013 2.0159 32.562 32.721 -0.35168 -1.54812 0 44
430 382 12 1.9805 1.9967 36.717 36.573 -0.24368 -1.59612 0 44
430 486 13 2.0413 2.0424 33.947 33.973 -0.32168 -1.59012 0 44
430 393 14 1.9218 1.9035 38.246 38.435 -0.18368 -1.54812 0 44
430 458 15 2.0148 2.0258 41.861 41.65 -0.10568 -1.69212 -0 45
430 448 16 1.9927 2.0011 38.503 38.341 -0.19568 -1.62612 0 44
430 462 17 2.0326 2.0387 39.41 39.542 -0.16568 -1.67412 0 45
430 336 18 1.9612 1.969 44.461 44.624 -0.02168 -1.68012 0 44
430 387 19 1.911 1.9004 45.022 45.051 -0.00968 -1.62612 0 44
430 415 20 1.9465 1.9365 32.634 32.421 -0.34568 -1.48212 0 45
430 379 21 1.9501 1.9414 33.037 32.912 -0.33368 -1.49412 0 45
430 435 22 1.9231 1.9144 34.394 34.582 -0.28568 -1.50012 0 45
430 374 23 1.9157 1.9088 47.155 47.322 0.05032 -1.65612 0 44
430 363 24 1.9737 1.9749 32.661 32.453 -0.35168 -1.51212 0 45
430 439 25 2.0013 2.0184 41.565 41.206 -0.11768 -1.68012 0 45
430 405 26 1.9828 1.9872 41.475 41.358 -0.11168 -1.65612 0 45
430 448 27 1.913 1.9013 37.179 37.278 -0.21368 -1.53012 0 44
430 359 28 1.9494 1.9345 36.213 36.286 -0.24368 -1.54212 0 45
430 468 29 1.9001 1.8981 35.153 35.416 -0.26168 -1.50012 0 45
430 397 30 1.974 1.9766 41.2 41.116 -0.11768 -1.64412 0 45
430 453 31 2.0062 2.008 38.567 38.366 -0.19568 -1.63212 0 45
430 387 32 1.9661 1.9635 42.128 41.972 -0.09368 -1.64412 0 44
430 475 33 1.9087 1.9051 42.414 42.55 -0.07568 -1.60212 0 44
430 500 34 2.025 2.0318 40.434 40.378 -0.14168 -1.68012 -0 45
430 364 35 2.0742 2.0698 45.233 45.499 0.00232 -1.77612 -0 44
430 453 36 2.0691 2.0568 32.724 32.978 -0.35168 -1.58412 0 44
430 437 37 1.9148 1.9076 34.305 34.542 -0.28568 -1.49412 0 45
430 460 38 1.9284 1.9222 42.098 42.35 -0.08168 -1.61412 0 44
430 423 39 2.0038 2.0109 39.822 39.893 -0.15368 -1.65612 0 45
430 387 40 1.9485 1.9414 40.373 40.591 -0.12968 -1.60812 0 44
430 425 41 2.0519 2.0451 35.368 35.282 -0.28568 -1.61412 0 44
430 398 42 1.9048 1.8906 45.2 45.278 -0.00368 -1.62012 0 44
430 423 43 1.988 1.9956 45.397 45.285 -0.00368 -1.71012 0 44
430 449 44 1.9123 1.9013 37.19 37.278 -0.21368 -1.53012 0 44
430 420 45 1.9824 1.9847 46.071 46.158 0.02032 -1.71012 0 44
430 441 46 1.9024 1.9007 34.403 34.502 -0.28568 -1.48812 0 45
430 451 47 2.0451 2.0464 38.329 38.286 -0.20168 -1.66212 0 45
430 482 48 2.0361 2.0396 43.733 43.589 -0.05168 -1.72812 -0 45
430 397 49 1.9724 1.9816 45.397 45.284 -0.00368 -1.69812 0 44
466 458 0 1.9015 1.8996 40.523 40.484 -0.12968 -1.57212 0 45
466 409 1 1.9647 1.971 35.749 35.566 -0.26768 -1.56012 0 45
466 444 2 1.9208 1.9204 40.012 40.085 -0.14168 -1.58412 0 45
466 359 3 1.9519 1.9536 37.236 37.274 -0.21968 -1.57212 0 45
466 465 4 1.9993 2.0014 45.902 45.935 0.01432 -1.72212 0 44
466 373 5 1.9651 1.9618 43.152 43.075 -0.06368 -1.65612 0 45
466 558 6 2.0477 2.0494 40.739 40.634 -0.13568 -1.69812 -0 45
466 447 7 1.9912 2.0015 36.125 35.937 -0.26168 -1.59012 0 45
466 383 8 1.9392 1.9285 37.658 37.847 -0.20168 -1.56012 0 45
466 545 9 2.0454 2.0518 42.868 42.755 -0.07568 -1.72812 -0 45
466 443 10 2.0681 2.0533 34.896 34.894 -0.29768 -1.61412 0 44
466 447 11 1.9296 1.9191 33.263 33.227 -0.32168 -1.48212 0 45
466 430 12 1.9826 1.9986 36.096 35.704 -0.26768 -1.58412 0 45
466 462 13 2.0256 2.024 46.206 46.357 0.02632 -1.74612 -0 45
466 390 14 1.9538 1.9578 45.419 45.504 0.00232 -1.68012 0 44
466 370 15 1.9629 1.9751 36.997 36.92 -0.23168 -1.58412 0 45
466 498 16 2.0038 2.009 37.392 37.5 -0.21968 -1.62012 0 44
466 445 17 1.9772 1.9831 45.736 45.721 0.00832 -1.70412 0 44
466 438 18 1.9412 1.9346 32.933 32.867 -0.33368 -1.48812 0 45
466 421 19 1.9584 1.9612 34.131 34.168 -0.30368 -1.53012 0 45
466 482 20 1.9909 1.9908 46.79 46.808 0.03832 -1.72212 0 44
466 439 21 1.9632 1.9696 38.608 38.449 -0.18968 -1.60212 0 45
466 496 22 2.0672 2.0551 33.317 33.399 -0.33968 -1.59012 0 45
466 455 23 1.9097 1.9066 40.423 40.502 -0.12968 -1.57812 0 45
466 425 24 1.9364 1.9308 39.256 39.438 -0.15968 -1.58412 0 45
466 434 25 1.9919 2.0004 39.758 39.646 -0.15968 -1.64412 0 45
466 483 26 2.0401 2.0372 46.913 46.989 0.04432 -1.76412 -0 44
466 460 27 2.028 2.024 46.17 46.357 0.02632 -1.74612 -0 45
466 511 28 2.0335 2.0298 37.648 37.581 -0.21968 -1.63812 0 45
466 502 29 2.0461 2.0437 37.688 37.635 -0.21968 -1.65012 0 45
466 492 30 2.0171 2.0166 36.879 37.096 -0.23168 -1.62012 0 44
466 485 31 2.0002 2.008 38.566 38.366 -0.19568 -1.63212 0 45
466 448 32 1.9751 1.9799 39.02 38.706 -0.18368 -1.61412 0 45
466 445 33 1.9537 1.949 41.4 41.501 -0.10568 -1.62612 0 45
466 403 34 1.9903 2.0029 42.865 42.69 -0.07568 -1.68612 0 45
466 478 35 2.0025 2.0004 46.484 46.585 0.03232 -1.72812 0 44
466 524 36 2.0369 2.0382 34.253 34.166 -0.31568 -1.59012 0 45
466 461 37 2.0075 2.014 33.118 33.15 -0.33968 -1.55412 0 45
466 423 38 2.0661 2.0628 44.589 44.45 -0.02768 -1.75812 -0 45
466 434 39 1.9257 1.9204 39.453 39.632 -0.15368 -1.57812 0 45
466 521 40 2.0369 2.0426 43.596 43.38 -0.05768 -1.72812 -0 45
466 500 41 2.0411 2.0354 34.98 35.017 -0.29168 -1.60212 0 44
466 429 42 1.9558 1.966 38.741 38.658 -0.18368 -1.60212 0 45
466 433 43 1.9817 1.9944 33.697 33.693 -0.32168 -1.54812 0 45
466 506 44 2.0418 2.0326 34.769 34.785 -0.29768 -1.59612 0 44
466 438 45 1.9432 1.9326 35.508 35.596 -0.26168 -1.53012 0 45
466 423 46 2.0605 2.0469 35.736 35.935 -0.26768 -1.62612 0 45
466 420 47 1.94 1.9344 39.07 39.223 -0.16568 -1.58412 0 45
466 407 48 1.9826 1.9917 44.009 43.98 -0.03968 -1.69212 0 44
466 486 49 2.004 2.0081 33.751 33.775 -0.32168 -1.56012 0 45
502 479 0 1.9872 1.9942 41.547 41.372 -0.11168 -1.66212 0 45
502 524 1 2.0065 2.0067 47.337 47.229 0.05032 -1.74012 -0 45
502 510 2 2.0229 2.0252 32.861 33 -0.34568 -1.56012 0 45
502 495 3 1.9933 2.0006 40.534 40.517 -0.13568 -1.65612 0 45
502 506 4 2.0072 2.0135 36.723 36.866 -0.23768 -1.61412 0 45
502 497 5 1.9135 1.9007 37.79 37.736 -0.20168 -1.53612 0 45
502 404 6 1.9764 1.9859 43.146 42.885 -0.06968 -1.67412 0 45
502 465 7 1.9578 1.966 38.616 38.658 -0.18368 -1.60212 0 45
502 582 8 2.0392 2.0422 40.12 40.191 -0.14768 -1.68612 -0 45
502 520 9 2.0515 2.0477 44.142 44.019 -0.03968 -1.74012 -0 45
502 571 10 2.0381 2.0387 39.943 39.969 -0.15368 -1.68012 -0 46
502 575 11 2.065 2.0631 39.697 39.822 -0.15968 -1.69812 -0 46
502 465 12 1.9569 1.9598 34.642 34.61 -0.29168 -1.53612 0 45
502 530 13 2.0414 2.0374 36.968 37.181 -0.23168 -1.63812 0 45
502 524 14 2.0142 2.015 38.537 38.39 -0.19568 -1.63812 0 45
502 566 15 2.0255 2.0357 41.161 41.028 -0.12368 -1.69212 -0 45
502 435 16 1.9829 1.9867 32.996 32.979 -0.33968 -1.53012 0 45
502 546 17 1.9086 1.9121 42.535 42.56 -0.07568 -1.60812 0 45
502 498 18 1.8974 1.8998 40.954 40.942 -0.11768 -1.57812 0 45
502 494 19 2.0204 2.0166 45.432 45.287 -0.00368 -1.72812 -0 45
502 479 20 2.0437 2.0361 44.973 44.863 -0.01568 -1.74012 -0 45
502 545 21 2.0077 2.0122 37.805 37.73 -0.21368 -1.62612 0 45
502 519 22 2.0174 2.0163 46.844 47.005 0.04432 -1.74612 -0 45
502 523 23 2.0428 2.0458 39.009 39.136 -0.17768 -1.67412 -0 46
502 422 24 1.9245 1.9217 46.083 46.182 0.02032 -1.65612 0 45
502 496 25 1.9204 1.9117 34.103 34.335 -0.29168 -1.49412 0 45
502 396 26 1.971 1.9737 43.698 43.747 -0.04568 -1.67412 0 45
502 406 27 1.9586 1.9518 43.417 43.285 -0.05768 -1.65012 0 45
502 485 28 1.9771 1.9873 34.82 34.762 -0.29168 -1.56012 0 45
502 446 29 1.9182 1.9133 47.343 47.544 0.05632 -1.66212 -0 45
502 517 30 2.0465 2.0442 46.829 46.984 0.04432 -1.77012 -0 45
502 523 31 1.8973 1.8925 34.756 34.92 -0.27368 -1.48812 -0 45
502 567 32 2.0435 2.0457 43.337 43.171 -0.06368 -1.72812 -0 45
502 500 33 2.0033 1.9987 46.077 46.152 0.02032 -1.72212 0 45
502 479 34 1.9815 1.9929 35.592 35.234 -0.27968 -1.57212 0 45
502 418 35 1.9381 1.9401 46.329 46.398 0.02632 -1.67412 0 45
502 491 36 1.9967 2.0007 39.076 38.776 -0.18368 -1.63212 0 45
502 462 37 1.9508 1.9433 34.195 34.291 -0.29768 -1.51812 0 45
502 420 38 1.9437 1.9297 36.807 36.945 -0.22568 -1.54812 0 45
502 439 39 1.9554 1.9594 45.981 45.946 0.01432 -1.68612 0 44
502 472 40 2.0016 2.013 42.637 42.488 -0.08168 -1.69212 -0 45
502 516 41 2.0122 2.0166 33.27 33.385 -0.33368 -1.56012 0 45
502 499 42 2.0635 2.0627 47.413 47.18 0.05032 -1.78812 -0 45
502 445 43 1.9624 1.9585 33.805 33.927 -0.30968 -1.52412 0 45
502 457 44 1.9829 1.9967 36.743 36.573 -0.24368 -1.59612 0 45
502 522 45 2.016 2.0205 36.821 36.895 -0.23768 -1.62012 0 45
502 497 46 1.9094 1.9064 33.818 33.84 -0.30368 -1.48212 0 45
502 463 47 1.9702 1.9692 39.453 39.333 -0.16568 -1.61412 0 45
502 456 48 1.979 1.9831 40.248 40.254 -0.14168 -1.63812 0 45
502 496 49 2.0356 2.0291 44.893 44.861 -0.01568 -1.73412 -0 45
36 116 0 2.0181 1.8932 47.255 31.883 -0.35168 -1.44012 0 43
36 123 1 1.8992 1.8422 45.35 46.45 0.02632 -1.59012 0 43
36 117 2 1.9615 1.8932 36.885 31.883 -0.35168 -1.44012 0 43
36 116 3 2.0469 1.8932 34.016 31.883 -0.35168 -1.44012 0 43
36 118 4 1.956 1.8932 33.433 31.883 -0.35168 -1.44012 0 43
36 128 5 1.91 1.8888 33.544 32.087 -0.34568 -1.44012 0 43
36 117 6 2.0272 2.0492 39.465 40.209 -0.14768 -1.69212 0 43
36 116 7 1.9906 1.8932 40.59 31.883 -0.35168 -1.44012 0 43
36 116 8 2.0074 1.8932 36.178 31.883 -0.35168 -1.44012 0 43
36 116 9 1.9935 1.8932 39.597 31.883 -0.35168 -1.44012 0 43
36 116 10 1.9625 1.8932 42.599 31.883 -0.35168 -1.44012 0 43
36 116 11 2.0382 1.8932 45.433 31.883 -0.35168 -1.44012 0 43
36 117 12 1.9458 1.8932 41.808 31.883 -0.35168 -1.44012 0 43
36 131 13 2.0447 2.0527 40.213 40.43 -0.14168 -1.69812 0 43
36 117 14 1.9251 1.8932 47.049 31.883 -0.35168 -1.44012 0 43
36 116 15 1.9082 1.8932 41.28 31.883 -0.35168 -1.44012 0 43
36 116 16 1.9329 1.8932 40.203 31.883 -0.35168 -1.44012 0 43
36 130 17 2.0349 2.0458 40.305 40.413 -0.14168 -1.69212 0 43
36 115 18 1.9721 1.8932 34.273 31.883 -0.35168 -1.44012 0 43
36 115 19 1.9927 1.8932 47.038 31.883 -0.35168 -1.44012 0 43
36 116 20 1.9914 1.8932 46.052 31.883 -0.35168 -1.44012 0 43
36 118 21 1.9055 1.8352 44.278 46.454 0.02632 -1.58412 0 43
36 118 22 1.9156 1.8888 34.506 32.087 -0.34568 -1.44012 0 43
36 118 23 2.0045 2.0494 41.704 40.634 -0.13568 -1.69812 0 43
36 116 24 2.0718 1.8932 44.247 31.883 -0.35168 -1.44012 0 43
36 122 25 2.0395 2.0581 43.62 42.342 -0.08768 -1.72812 0 43
36 116 26 1.9594 1.8932 46.06 31.883 -0.35168 -1.44012 0 43
36 116 27 2.0029 1.8932 42.008 31.883 -0.35168 -1.44012 0 43
36 117 28 1.9468 1.8932 46.012 31.883 -0.35168 -1.44012 0 43
36 116 29 1.9503 1.8932 40.654 31.883 -0.35168 -1.44012 0 43
36 115 30 1.9632 1.8932 45.216 31.883 -0.35168 -1.44012 0 43
36 115 31 1.9924 1.8932 39.778 31.883 -0.35168 -1.44012 0 43
36 122 32 1.9474 1.8932 33.099 31.883 -0.35168 -1.44012 0 43
36 132 33 2.0446 2.0613 42.615 42.136 -0.09368 -1.72812 0 43
36 129 34 2.0737 2.0527 39.972 40.43 -0.14168 -1.69812 0 43
36 116 35 2.0107 1.8932 46.253 31.883 -0.35168 -1.44012 0 43
36 116 36 1.9096 1.8932 43.859 31.883 -0.35168 -1.44012 0 43
36 116 37 2.0594 1.8932 35.964 31.883 -0.35168 -1.44012 0 43
36 116 38 1.9207 1.8932 39.961 31.883 -0.35168 -1.44012 0 43
36 116 39 1.9771 1.8932 45.137 31.883 -0.35168 -1.44012 0 43
36 116 40 2.0515 1.8932 37.845 31.883 -0.35168 -1.44012 0 43
36 116 41 2.0671 1.8932 32.692 31.883 -0.35168 -1.44012 0 43
36 124 42 1.9438 1.8932 32.957 31.883 -0.35168 -1.44012 0 43
36 116 43 2.0268 1.8932 32.848 31.883 -0.35168 -1.44012 0 43
36 116 44 1.9649 1.8932 46.731 31.883 -0.35168 -1.44012 0 43
36 114 45 1.9038 1.8932 38.634 31.883 -0.35168 -1.44012 0 43
36 124 46 2.0665 2.0581 43.257 42.342 -0.08768 -1.72812 0 43
36 117 47 1.9793 1.8932 41.456 31.883 -0.35168 -1.44012 0 43
36 121 48 1.9031 1.8422 45.872 46.45 0.02632 -1.59012 0 43
36 121 49 1.935 1.8932 33.582 31.883 -0.35168 -1.44012 0 43
72 163 0 2.0696 2.0563 40.63 40.65 -0.13568 -1.70412 0 43
72 128 1 1.9176 1.9059 42.834 43.006 -0.06368 -1.60812 0 43
72 116 2 2.0549 1.8932 45.18 31.883 -0.35168 -1.44012 0 43
72 124 3 1.9255 1.8852 35.795 36.511 -0.23168 -1.50612 0 43
72 117 4 2.0285 2.0492 38.665 40.209 -0.14768 -1.69212 0 43
72 128 5 1.912 1.8422 45.694 46.45 0.02632 -1.59012 0 43
72 117 6 1.9199 1.8932 41.076 31.883 -0.35168 -1.44012 0 43
72 114 7 2.0271 1.8932 46.014 31.883 -0.35168 -1.44012 0 43
72 116 8 1.9233 1.8932 46.557 31.883 -0.35168 -1.44012 0 43
72 115 9 1.9227 1.8932 39.247 31.883 -0.35168 -1.44012 0 43
72 116 10 2.0273 1.8932 45.367 31.883 -0.35168 -1.44012 0 43
72 158 11 2.05 2.0492 39.54 40.209 -0.14768 -1.69212 0 43
72 121 12 1.9896 2.0543 42.669 42.125 -0.09368 -1.72212 0 43
72 131 13 1.91 1.8422 45.518 46.45 0.02632 -1.59012 0 43
72 116 14 1.9517 1.8932 35.994 31.883 -0.35168 -1.44012 0 43
72 115 15 1.9702 1.8932 39.868 31.883 -0.35168 -1.44012 0 43
72 161 16 2.0292 2.0458 40.3 40.413 -0.14168 -1.69212 0 43
72 178 17 1.8984 1.8956 32.536 32.136 -0.34568 -1.44612 0 43
72 117 18 2.0203 1.8932 32.846 31.883 -0.35168 -1.44012 0 43
72 115 19 1.943 1.8932 40.44 31.883 -0.35168 -1.44012 0 43
72 116 20 1.966 1.8932 35.123 31.883 -0.35168 -1.44012 0 43
72 115 21 1.931 1.8932 47.383 31.883 -0.35168 -1.44012 0 43
72 140 22 2.0309 2.0518 43.907 42.755 -0.07568 -1.72812 0 43
72 119 23 1.9772 2.0424 41.965 40.617 -0.13568 -1.69212 0 43
72 116 24 1.9789 1.8932 37.227 31.883 -0.35168 -1.44012 0 43
72 168 25 2.0383 2.0494 40.791 40.634 -0.13568 -1.69812 0 43
72 132 26 1.9229 1.8768 37.011 37.404 -0.20768 -1.51212 0 43
72 115 27 1.9245 1.8932 39.127 31.883 -0.35168 -1.44012 0 43
72 115 28 2.0365 1.8932 35.495 31.883 -0.35168 -1.44012 0 43
72 116 29 2.0585 1.8932 46.487 31.883 -0.35168 -1.44012 0 43
72 116 30 1.9865 1.8932 46.222 31.883 -0.35168 -1.44012 0 43
72 116 31 1.9477 1.8932 38.295 31.883 -0.35168 -1.44012 0 43
72 116 32 2.0527 1.8932 37.426 31.883 -0.35168 -1.44012 0 43
72 117 33 1.9421 1.8932 41.982 31.883 -0.35168 -1.44012 0 43
72 130 34 1.9244 1.8806 36.29 37.188 -0.21368 -1.51212 0 43
72 116 35 1.8985 1.8932 40.935 31.883 -0.35168 -1.44012 0 43
72 115 36 1.9907 1.8932 46.448 31.883 -0.35168 -1.44012 0 43
72 116 37 1.9839 1.8932 37.791 31.883 -0.35168 -1.44012 0 43
72 116 38 1.9148 1.8932 40.388 31.883 -0.35168 -1.44012 0 43
72 121 39 1.9855 2.046 42.178 40.838 -0.12968 -1.69812 0 43
72 145 40 1.9404 1.8956 32.615 32.136 -0.34568 -1.44612 0 43
72 147 41 2.0165 2.0543 42.375 42.125 -0.09368 -1.72212 0 43
72 135 42 2.0266 2.0271 34.502 34.321 -0.30968 -1.58412 0 43
72 115 43 2.041 1.8932 45.447 31.883 -0.35168 -1.44012 0 43
72 116 44 1.9874 1.8932 47.484 31.883 -0.35168 -1.44012 0 43
72 118 45 1.9992 2.0191 38.367 37.756 -0.21368 -1.63212 0 43
72 115 46 2.0509 1.8932 35.959 31.883 -0.35168 -1.44012 0 43
72 151 47 2.0522 2.0526 39.306 40.006 -0.15368 -1.69212 0 43
72 119 48 2.0741 2.044 33.088 33.549 -0.33368 -1.58412 0 43
72 133 49 1.9137 1.8762 37.905 37.868 -0.19568 -1.51812 0 43
108 120 0 2.0484 2.0274 36.067 36.924 -0.23768 -1.62612 0 43
108 131 1 1.9493 1.916 42.557 42.792 -0.06968 -1.61412 0 43
108 145 2 1.9268 1.8941 34.967 35.626 -0.25568 -1.50012 0 43
108 198 3 2.0586 2.0566 41.033 41.073 -0.12368 -1.71012 0 43
108 120 4 2.0107 2.018 45.317 44.643 -0.02168 -1.72212 0 43
108 115 5 1.9775 1.8932 46.13 31.883 -0.35168 -1.44012 0 43
108 130 6 1.9857 2.0048 38.963 38.137 -0.20168 -1.62612 0 43
108 162 7 1.9157 1.909 42.473 42.783 -0.06968 -1.60812 0 43
108 138 8 1.9354 1.897 35.288 35.873 -0.24968 -1.50612 0 43
108 114 9 1.9498 1.8932 38.195 31.883 -0.35168 -1.44012 0 43
108 147 10 1.8985 1.8466 46.471 46.682 0.03232 -1.59612 0 43
108 115 11 1.9353 1.8932 39.929 31.883 -0.35168 -1.44012 0 43
108 114 12 1.934 1.8932 40.715 31.883 -0.35168 -1.44012 0 43
108 170 13 2.0137 2.0473 42.444 42.113 -0.09368 -1.71612 0 43
108 152 14 1.9955 2.039 41.965 40.822 -0.12968 -1.69212 0 43
108 117 15 2.0365 2.0258 46.129 46.784 0.03832 -1.75212 0 43
108 118 16 1.9441 1.8352 44.581 46.454 0.02632 -1.58412 0 43
108 128 17 1.9742 2.039 42.017 40.822 -0.12968 -1.69212 0 43
108 158 18 2.0071 2.016 37.619 37.527 -0.21968 -1.62612 0 43
108 170 19 2.0368 2.034 34.271 34.359 -0.30968 -1.59012 0 43
108 140 20 1.9868 2.0189 35.345 34.712 -0.29768 -1.58412 0 43
108 204 21 2.0507 2.0543 42.268 42.125 -0.09368 -1.72212 0 43
108 123 22 2.0716 2.0608 46.452 46.761 0.03832 -1.78212 0 43
108 154 23 2.0323 2.0261 38.053 37.782 -0.21368 -1.63812 0 43
108 120 24 2.0539 2.0305 36.084 37.153 -0.23168 -1.63212 0 43
108 140 25 2.0611 2.0506 37.752 37.661 -0.21968 -1.65612 0 43
108 115 26 1.9138 1.8932 39.399 31.883 -0.35168 -1.44012 0 43
108 133 27 1.9871 2.0473 42.919 42.113 -0.09368 -1.71612 0 43
108 115 28 1.9235 1.8932 39.647 31.883 -0.35168 -1.44012 0 43
108 146 29 2.0772 2.0466 33.592 33.781 -0.32768 -1.59012 0 43
108 152 30 2.068 2.0482 32.898 33.358 -0.33968 -1.58412 0 43
108 132 31 1.9405 1.8844 36.316 36.972 -0.21968 -1.51212 0 43
108 146 32 1.9051 1.8757 38.738 38.331 -0.18368 -1.52412 0 43
108 125 33 1.9814 2.0511 43.611 42.331 -0.08768 -1.72212 0 43
108 116 34 2.0673 1.8932 45.536 31.883 -0.35168 -1.44012 0 43
108 116 35 1.9574 1.8932 39 31.883 -0.35168 -1.44012 0 43
108 152 36 1.9991 2.016 37.588 37.527 -0.21968 -1.62612 0 43
108 183 37 1.8997 1.898 33.282 32.387 -0.33968 -1.45212 0 43
108 116 38 2.055 1.8932 45.052 31.883 -0.35168 -1.44012 0 43
108 196 39 2.0385 2.0511 42.694 42.331 -0.08768 -1.72212 0 43
108 117 40 1.9438 1.8422 45.368 46.45 0.02632 -1.59012 0 43
108 171 41 2.0312 2.0313 34.22 34.127 -0.31568 -1.58412 0 43
108 116 42 1.9853 1.8932 44.923 31.883 -0.35168 -1.44012 0 43
108 134 43 2.0417 2.0313 35.583 35.212 -0.28568 -1.60212 0 43
108 116 44 1.9602 1.8932 38.923 31.883 -0.35168 -1.44012 0 43
108 118 45 1.9242 1.8757 38.751 38.331 -0.18368 -1.52412 0 43
108 162 46 2.0509 2.0557 43.963 42.971 -0.06968 -1.73412 0 43
108 118 47 1.9505 1.9129 43.079 43.015 -0.06368 -1.61412 0 43
108 117 48 1.9864 1.8932 36.352 31.883 -0.35168 -1.44012 0 43
108 153 49 2.0336 2.0326 35.24 34.785 -0.29768 -1.59612 0 43
143 184 0 2.0503 2.0367 37.371 37.608 -0.21968 -1.64412 0 43
143 152 1 1.8993 1.8735 47.261 48.052 0.06832 -1.63212 0 43
143 142 2 1.9595 1.9324 41.541 42.141 -0.08768 -1.62012 0 43
143 137 3 1.9516 1.8999 35.511 36.119 -0.24368 -1.51212 0 43
143 115 4 1.9712 1.8932 44.534 31.883 -0.35168 -1.44012 0 43
143 158 5 2.0697 2.0652 47.078 46.968 0.04432 -1.78812 0 43
143 129 6 1.9287 1.9102 40.247 40.739 -0.12368 -1.58412 0 43
143 148 7 1.9754 2.0079 35.648 34.872 -0.29168 -1.57812 0 43
143 142 8 1.9192 1.8545 44.915 45.976 0.01432 -1.59612 0 43
143 153 9 1.9405 1.909 34.543 35.243 -0.26768 -1.50612 0 43
143 145 10 1.9716 1.9941 39.055 38.317 -0.19568 -1.62012 0 43
143 193 11 2.0571 2.045 34.192 34.204 -0.31568 -1.59612 0 43
143 155 12 2.0234 2.0118 46.245 46.794 0.03832 -1.74012 0 43
143 166 13 1.9741 1.9858 47.234 47.248 0.05032 -1.72212 0 43
143 118 14 1.9586 1.8799 37.017 37.65 -0.20168 -1.51812 0 43
143 163 15 1.9056 1.8572 44.734 45.742 0.00832 -1.59612 0 43
143 140 16 2.0363 2.0214 45.896 46.573 0.03232 -1.74612 0 43
143 118 17 1.9682 1.8888 33.386 32.087 -0.34568 -1.44012 0 43
143 150 18 1.9442 1.9129 43.202 43.015 -0.06368 -1.61412 0 43
143 134 19 1.956 1.923 42.947 42.802 -0.06968 -1.62012 0 43
143 230 20 2.0395 2.0496 41.376 41.058 -0.12368 -1.70412 0 43
143 205 21 2.0328 2.0355 33.798 33.934 -0.32168 -1.58412 0 43
143 137 22 1.9738 2.0021 37.24 37.472 -0.21968 -1.61412 0 43
143 192 23 1.9162 1.8844 36.517 36.972 -0.21968 -1.51212 0 43
143 187 24 2.0504 2.0367 34.772 34.591 -0.30368 -1.59612 0 43
143 238 25 2.0486 2.0494 40.606 40.634 -0.13568 -1.69812 0 43
143 195 26 1.9121 1.893 35.875 36.085 -0.24368 -1.50612 0 43
143 124 27 2.0637 2.059 45.493 46.341 0.02632 -1.77612 0 43
143 177 28 1.9911 2.032 41.432 40.807 -0.12968 -1.68612 0 43
143 193 29 1.9154 1.8882 36.325 36.758 -0.22568 -1.51212 0 43
143 126 30 1.9588 2.0051 35.317 34.638 -0.29768 -1.57212 0 43
143 183 31 1.9201 1.8981 35.107 35.416 -0.26168 -1.50012 0 43
143 192 32 2.0234 2.0261 38.092 37.782 -0.21368 -1.63812 0 43
143 173 33 1.9183 1.8953 34.501 35.168 -0.26768 -1.49412 0 43
143 170 34 2.0521 2.0374 36.632 37.181 -0.23168 -1.63812 0 43
143 117 35 1.9487 1.8352 43.94 46.454 0.02632 -1.58412 0 43
143 133 36 1.9217 1.9066 40.205 40.502 -0.12968 -1.57812 0 43
143 197 37 2.0181 2.0191 37.856 37.756 -0.21368 -1.63212 0 43
143 235 38 2.0627 2.0597 40.449 40.447 -0.14168 -1.70412 0 43
143 173 39 1.929 1.905 35.107 35.452 -0.26168 -1.50612 0 43
143 178 40 2.0121 2.0245 35.6 35.177 -0.28568 -1.59612 0 43
143 114 41 1.9421 1.8794 38.375 38.113 -0.18968 -1.52412 0 43
143 158 42 1.9386 1.909 34.73 35.243 -0.26768 -1.50612 0 43
143 151 43 1.9555 1.9222 41.857 42.35 -0.08168 -1.61412 0 43
143 152 44 1.9963 2.0082 45.174 44.855 -0.01568 -1.71612 0 43
143 116 45 1.9691 1.8932 40.031 31.883 -0.35168 -1.44012 0 43
143 148 46 1.9833 2.0011 39.211 38.341 -0.19568 -1.62612 0 43
143 220 47 2.0296 2.0505 42.108 41.907 -0.09968 -1.71612 0 43
143 230 48 2.0694 2.0599 40.727 40.869 -0.12968 -1.71012 0 43
143 117 49 1.932 1.8396 46.43 46.687 0.03232 -1.59012 0 43
179 184 0 1.939 1.9108 35.686 35.943 -0.24968 -1.51812 0 43
179 206 1 2.004 2.0192 33.524 33.62 -0.32768 -1.56612 0 43
179 225 2 2.0664 2.0597 43.641 43.186 -0.06368 -1.74012 0 43
179 269 3 2.0618 2.0566 40.994 41.073 -0.12368 -1.71012 0 43
179 268 4 2.0631 2.0599 40.901 40.869 -0.12968 -1.71012 0 43
179 151 5 1.9238 1.8996 38.839 39.11 -0.16568 -1.55412 0 43
179 192 6 1.9291 1.8906 37.067 37.463 -0.20768 -1.52412 0 43
179 139 7 1.9482 1.8869 37.432 37.679 -0.20168 -1.52412 0 43
179 265 8 2.031 2.0458 40.589 40.413 -0.14168 -1.69212 0 43
179 145 9 1.9644 1.9886 45.406 45.285 -0.00368 -1.70412 0 43
179 218 10 1.999 2.012 34.928 34.675 -0.29768 -1.57812 0 43
179 227 11 2.0208 2.0197 37.244 37.325 -0.22568 -1.62612 0 43
179 196 12 2.0007 2.0317 43.653 43.155 -0.06368 -1.71612 0 43
179 192 13 1.9416 1.923 42.946 42.802 -0.06968 -1.62012 0 43
179 199 14 2.0067 2.0164 35.962 35.572 -0.27368 -1.59612 0 43
179 151 15 1.9812 2.0187 43.924 43.57 -0.05168 -1.71012 0 43
179 177 16 1.9884 1.9956 45.485 45.285 -0.00368 -1.71012 0 43
179 185 17 2.0519 2.0494 46.175 46.557 0.03232 -1.77012 0 43
179 182 18 1.9043 1.8998 40.797 40.942 -0.11768 -1.57812 0 43
179 213 19 2.0656 2.045 34.246 34.204 -0.31568 -1.59612 0 43
179 207 20 2.0161 2.0238 44.6 44.217 -0.03368 -1.72212 0 43
179 137 21 2.0582 2.0431 45.219 44.864 -0.01568 -1.74612 0 43
179 155 22 1.9686 2.0066 36.022 35.305 -0.27968 -1.58412 0 43
179 208 23 1.9879 1.9927 47.226 47.242 0.05032 -1.72812 0 43
179 239 24 2.0296 2.0287 33.777 33.894 -0.32168 -1.57812 0 43
179 147 25 1.9684 1.9832 39.698 38.937 -0.17768 -1.62012 0 43
179 230 26 2.0323 2.0298 37.593 37.581 -0.21968 -1.63812 0 43
179 143 27 1.9163 1.8834 46.62 47.117 0.04432 -1.63212 0 43
179 144 28 2.0702 2.0381 35.781 36.755 -0.24368 -1.63212 0 43
179 155 29 1.9263 1.886 38.552 38.601 -0.17768 -1.53612 0 43
179 200 30 2.0684 2.0544 37.038 37.463 -0.22568 -1.65612 0 43
179 146 31 1.9559 1.9068 35.666 36.153 -0.24368 -1.51812 0 43
179 185 32 1.9776 2.0079 35.307 34.872 -0.29168 -1.57812 0 43
179 274 33 2.052 2.0494 40.607 40.634 -0.13568 -1.69812 0 43
179 258 34 2.0236 2.0388 40.622 40.396 -0.14168 -1.68612 0 43
179 158 35 1.9724 1.9914 45.245 45.068 -0.00968 -1.70412 0 43
179 227 36 1.9221 1.9121 42.457 42.56 -0.07568 -1.60812 0 43
179 267 37 2.07 2.0597 40.27 40.447 -0.14168 -1.70412 0 43
179 121 38 1.9652 2.048 44.012 42.538 -0.08168 -1.72212 0 43
179 190 39 2.0287 2.0188 46.367 46.789 0.03832 -1.74612 0 43
179 230 40 2.0525 2.0526 39.06 39.582 -0.16568 -1.68612 0 43
179 243 41 1.8972 1.8852 36.345 36.511 -0.23168 -1.50612 0 43
179 165 42 1.9326 1.9208 40.545 40.991 -0.11768 -1.59612 0 43
179 191 43 2.067 2.0536 44.137 43.601 -0.05168 -1.74012 0 43
179 230 44 2.0036 2.0284 41.035 40.584 -0.13568 -1.68012 0 43
179 174 45 1.9867 2.0044 39.317 38.571 -0.18968 -1.63212 0 43
179 262 46 2.0732 2.0597 40.355 40.447 -0.14168 -1.70412 0 43
179 276 47 2.0648 2.0613 42.127 42.136 -0.09368 -1.72812 0 43
179 205 48 2.0069 2.0283 39.807 40.155 -0.14768 -1.67412 0 43
179 215 49 2.009 2.0283 39.934 40.155 -0.14768 -1.67412 0 43
215 301 0 2.0678 2.0562 40.043 40.227 -0.14768 -1.69812 0 44
215 247 1 2.0719 2.0534 33.661 33.82 -0.32768 -1.59612 0 43
215 177 2 1.9668 1.9844 45.152 45.066 -0.00968 -1.69812 0 43
215 168 3 1.9602 1.9369 43.041 42.821 -0.06968 -1.63212 0 43
215 223 4 1.999 2.0291 42.259 41.442 -0.11168 -1.69212 0 43
215 214 5 1.9038 1.8998 40.712 40.942 -0.11768 -1.57812 0 43
215 170 6 1.9714 1.976 40.01 39.795 -0.15368 -1.62612 0 43
215 240 7 2.067 2.0566 43.891 43.393 -0.05768 -1.74012 0 43
215 226 8 2.0335 2.0282 36.21 36.496 -0.24968 -1.62012 0 43
215 210 9 2.0588 2.0477 44.531 44.019 -0.03968 -1.74012 0 43
215 177 10 1.9398 1.8938 37.49 37.707 -0.20168 -1.53012 0 43
215 203 11 2.0298 2.0197 45.733 46.145 0.02032 -1.74012 0 43
215 303 12 1.9024 1.898 32.679 32.387 -0.33968 -1.45212 0 43
215 256 13 2.0476 2.0457 32.816 33.126 -0.34568 -1.57812 0 43
215 272 14 2.0242 2.0353 39.88 40.173 -0.14768 -1.68012 0 44
215 195 15 1.9277 1.9169 40.019 40.302 -0.13568 -1.58412 0 43
215 226 16 1.9965 2.0123 33.552 33.58 -0.32768 -1.56012 0 43
215 150 17 1.9475 1.9691 45.924 45.723 0.00832 -1.69212 0 43
215 183 18 1.9258 1.9169 39.137 39.394 -0.15968 -1.57212 0 43
215 268 19 1.9059 1.8913 36.676 37.003 -0.21968 -1.51812 0 43
215 187 20 2.0584 2.0489 44.893 44.443 -0.02768 -1.74612 0 43
215 170 21 1.9736 2.0006 36.777 36.371 -0.24968 -1.59612 0 43
215 146 22 1.9478 1.8901 37.741 37.923 -0.19568 -1.53012 0 43
215 162 23 1.92 1.8929 46.463 46.88 0.03832 -1.63812 0 43
215 271 24 2.0363 2.0371 33.396 33.509 -0.33368 -1.57812 0 43
215 266 25 2.0154 2.0191 37.892 37.756 -0.21368 -1.63212 0 43
215 258 26 1.9172 1.9152 42.116 42.338 -0.08168 -1.60812 0 43
215 163 27 1.9682 1.9986 36.501 35.704 -0.26768 -1.58412 0 43
215 159 28 1.9631 1.9517 33.494 33.886 -0.30968 -1.51812 0 43
215 295 29 2.0761 2.0631 40.026 40.244 -0.14768 -1.70412 0 44
215 223 30 1.9388 1.9216 41.329 41.897 -0.09368 -1.60812 0 43
215 263 31 2.009 2.016 37.567 37.527 -0.21968 -1.62612 0 43
215 300 32 2.0372 2.046 41.168 40.838 -0.12968 -1.69812 0 44
215 224 33 1.8994 1.8685 45.631 45.972 0.01432 -1.60812 0 43
215 215 34 2.0569 2.0494 46.049 46.557 0.03232 -1.77012 0 43
215 247 35 2.033 2.0313 35.419 35.212 -0.28568 -1.60212 0 43
215 187 36 1.9574 1.9839 38.229 38.06 -0.20168 -1.60812 0 43
215 245 37 2.069 2.0568 32.606 32.978 -0.35168 -1.58412 0 43
215 249 38 1.93 1.9152 41.953 42.338 -0.08168 -1.60812 0 43
215 233 39 1.9931 2.0011 38.805 38.341 -0.19568 -1.62612 0 43
215 175 40 1.9502 1.9447 39.844 39.928 -0.14768 -1.60212 0 43
215 253 41 2.0085 2.0324 41.806 41.235 -0.11768 -1.69212 0 43
215 266 42 1.9035 1.9028 43.45 43.23 -0.05768 -1.60812 0 43
215 257 43 2.0016 2.0161 34.744 34.479 -0.30368 -1.57812 0 43
215 179 44 2.0598 2.046 44.979 44.653 -0.02168 -1.74612 0 43
215 204 45 1.9913 2.0084 36.431 35.97 -0.26168 -1.59612 0 43
215 227 46 2.0188 2.0152 45.074 44.857 -0.01568 -1.72212 0 43
215 179 47 1.9771 1.997 40.225 40.29 -0.14168 -1.65012 0 43
215 269 48 2.0124 2.0203 34.391 34.283 -0.30968 -1.57812 0 43
215 243 49 1.934 1.9222 41.881 42.35 -0.08168 -1.61412 0 43
251 273 0 1.9301 1.9199 43.139 43.023 -0.06368 -1.62012 0 43
251 301 1 1.9043 1.897 35.732 35.873 -0.24968 -1.50612 0 44
251 339 2 2.0361 2.0458 40.458 40.413 -0.14168 -1.69212 0 44
251 271 3 2.0022 2.0213 40.19 40.137 -0.14768 -1.66812 0 44
251 267 4 2.0197 2.0193 36.013 35.804 -0.26768 -1.60212 0 43
251 250 5 2.0732 2.0634 46.113 46.549 0.03232 -1.78212 0 43
251 298 6 1.9064 1.897 35.723 35.873 -0.24968 -1.50612 0 44
251 244 7 1.9887 2.0114 41.821 41.191 -0.11768 -1.67412 0 43
251 289 8 2.0399 2.0389 32.879 33.084 -0.34568 -1.57212 0 43
251 227 9 1.9413 1.9098 36.212 36.397 -0.23768 -1.52412 0 43
251 287 10 2.0686 2.0551 33.103 33.399 -0.33968 -1.59012 0 43
251 309 11 2.025 2.0271 34.495 34.321 -0.30968 -1.58412 0 43
251 297 12 2.0291 2.0267 37.149 37.353 -0.22568 -1.63212 0 43
251 214 13 1.9529 1.9696 38.544 38.449 -0.18968 -1.60212 0 43
251 259 14 2.0445 2.0378 44.626 44.225 -0.03368 -1.73412 0 43
251 271 15 2.008 2.0048 46.569 46.798 0.03832 -1.73412 0 43
251 227 16 2.0577 2.0546 45.679 46.132 0.02032 -1.77012 0 43
251 276 17 2.0752 2.0705 38.462 38.58 -0.19568 -1.68612 0 44
251 223 18 2.077 2.0551 36.277 37.04 -0.23768 -1.65012 0 43
251 208 19 1.9773 2.0045 36.592 36.17 -0.25568 -1.59612 0 43
251 259 20 1.9981 2.0213 40.153 40.137 -0.14768 -1.66812 0 44
251 286 21 1.905 1.8901 37.926 37.923 -0.19568 -1.53012 0 43
251 181 22 1.9601 1.9882 37.26 37.416 -0.21968 -1.60212 0 43
251 235 23 1.9139 1.9099 39.706 39.828 -0.14768 -1.57212 0 43
251 272 24 2.0416 2.0442 46.979 46.984 0.04432 -1.77012 0 43
251 175 25 1.9285 1.9121 46.11 46.412 0.02632 -1.65012 0 43
251 261 26 2.0361 2.0302 35.853 35.64 -0.27368 -1.60812 0 43
251 280 27 2.0473 2.0354 35.086 35.017 -0.29168 -1.60212 0 43
251 231 28 1.9495 1.9269 34.79 35.11 -0.27368 -1.51812 0 43
251 278 29 1.9016 1.8827 38.382 38.358 -0.18368 -1.53012 0 43
251 279 30 2.0194 2.0238 44.499 44.217 -0.03368 -1.72212 0 43
251 214 31 1.9985 2.0115 32.719 32.914 -0.34568 -1.54812 0 43
251 336 32 2.0317 2.0388 40.576 40.396 -0.14168 -1.68612 0 44
251 252 33 1.9931 2.0069 44.555 44.423 -0.02768 -1.71012 0 43
251 324 34 2.0334 2.0468 41.832 41.689 -0.10568 -1.71012 0 44
251 222 35 1.9561 1.9766 38.743 38.474 -0.18968 -1.60812 0 43
251 246 36 1.9105 1.8929 38.642 38.627 -0.17768 -1.54212 0 43
251 287 37 2.0042 2.009 37.3 37.5 -0.21968 -1.62012 0 43
251 217 38 2.0523 2.0433 45.524 45.924 0.01432 -1.75812 0 43
251 246 39 1.9092 1.9032 40.465 40.722 -0.12368 -1.57812 0 43
251 267 40 2.0031 2.0139 44.569 44.426 -0.02768 -1.71612 0 43
251 254 41 1.906 1.9035 41.036 41.179 -0.11168 -1.58412 0 43
251 292 42 2.0166 2.026 33.491 33.661 -0.32768 -1.57212 0 43
251 256 43 1.9959 2.0012 44.963 44.853 -0.01568 -1.71012 0 43
251 255 44 1.9809 2.001 35.113 34.836 -0.29168 -1.57212 0 43
251 303 45 2.0239 2.0229 37.413 37.554 -0.21968 -1.63212 0 43
251 271 46 1.9266 1.9098 43.336 43.238 -0.05768 -1.61412 0 43
251 240 47 2.0414 2.0361 45.063 44.863 -0.01568 -1.74012 0 43
251 249 48 1.9789 2.001 35.301 34.836 -0.29168 -1.57212 0 43
251 212 49 1.9503 1.9591 38.656 38.634 -0.18368 -1.59612 0 43
287 319 0 1.9167 1.909 35.122 35.243 -0.26768 -1.50612 0 44
287 306 1 1.997 2.0148 41.365 40.983 -0.12368 -1.67412 0 44
287 185 2 1.9533 1.9221 37.16 37.367 -0.21368 -1.54812 0 44
287 257 3 1.9835 2.0028 44.334 44.204 -0.03368 -1.70412 0 43
287 234 4 1.9737 1.9928 36.849 36.776 -0.23768 -1.59612 0 43
287 266 5 2.0664 2.0492 35.164 35.087 -0.29168 -1.61412 0 43
287 339 6 1.9038 1.9059 42.95 43.006 -0.06368 -1.60812 0 44
287 324 7 2.036 2.0389 32.916 33.084 -0.34568 -1.57212 0 44
287 281 8 1.9323 1.9211 40.951 41.444 -0.10568 -1.60212 0 44
287 236 9 1.9794 1.9918 33.22 33.456 -0.32768 -1.54212 0 44
287 285 10 2.0763 2.0704 46.17 46.545 0.03232 -1.78812 0 43
287 223 11 1.9681 1.9946 36.441 35.904 -0.26168 -1.58412 0 44
287 331 12 1.9058 1.9051 42.299 42.55 -0.07568 -1.60212 0 44
287 315 13 1.9961 1.9997 47.322 47.235 0.05032 -1.73412 0 43
287 253 14 1.9679 1.9663 41.131 41.315 -0.11168 -1.63812 0 44
287 250 15 1.9582 1.9585 35.204 35.053 -0.27968 -1.54212 0 44
287 294 16 2.0684 2.0634 46.373 46.549 0.03232 -1.78212 0 43
287 293 17 2.0714 2.0582 36.869 37.265 -0.23168 -1.65612 0 44
287 292 18 2.005 2.0302 42.708 42.299 -0.08768 -1.70412 0 44
287 229 19 1.9354 1.9072 37.92 38.22 -0.18968 -1.54812 0 44
287 330 20 2.0316 2.0267 37.092 37.353 -0.22568 -1.63212 0 44
287 287 21 1.9365 1.9199 43.222 43.023 -0.06368 -1.62012 0 43
287 328 22 2.0182 2.0365 42.245 41.883 -0.09968 -1.70412 0 44
287 257 23 1.9663 1.9565 41.796 41.96 -0.09368 -1.63812 0 44
287 319 24 2.0193 2.0318 39.7 39.95 -0.15368 -1.67412 0 44
287 340 25 2.0233 2.0371 42.538 42.31 -0.08768 -1.71012 0 44
287 274 26 1.9106 1.8962 38.734 38.868 -0.17168 -1.54812 0 44
287 270 27 1.9935 2.0041 39.357 39.005 -0.17768 -1.63812 0 44
287 253 28 1.9434 1.9238 43.461 43.254 -0.05768 -1.62612 0 43
287 377 29 2.0541 2.055 42.576 42.548 -0.08168 -1.72812 0 44
287 262 30 1.9033 1.8815 46.352 46.659 0.03232 -1.62612 0 44
287 292 31 1.9031 1.898 33.998 34.254 -0.29168 -1.48212 0 44
287 267 32 1.9663 1.9799 39.091 38.706 -0.18368 -1.61412 0 44
287 274 33 1.907 1.8995 39.748 40.026 -0.14168 -1.56612 0 44
287 296 34 2.0008 2.0168 44.42 44.213 -0.03368 -1.71612 0 43
287 261 35 2.0588 2.0489 44.725 44.443 -0.02768 -1.74612 0 44
287 256 36 1.961 1.9751 46.416 46.38 0.02632 -1.70412 0 43
287 256 37 1.966 1.9804 46.014 45.94 0.01432 -1.70412 0 43
287 325 38 2.0631 2.0525 32.957 33.168 -0.34568 -1.58412 0 44
287 329 39 2.07 2.0597 43.406 43.186 -0.06368 -1.74012 0 44
287 230 40 1.9539 1.9439 33.145 33.157 -0.32768 -1.50012 0 44
287 275 41 1.9051 1.8995 39.787 40.026 -0.14168 -1.56612 0 44
287 246 42 1.9644 1.9556 40.74 41.07 -0.11768 -1.62612 0 44
287 315 43 1.9038 1.8863 38.117 38.14 -0.18968 -1.53012 0 44
287 273 44 1.9015 1.8798 45.919 46.199 0.02032 -1.62012 0 44
287 267 45 2.0332 2.0278 45.544 45.501 0.00232 -1.74012 0 44
287 223 46 1.9734 1.9781 33.161 33.372 -0.32768 -1.53012 0 44
287 327 47 2.0419 2.0399 37.843 37.835 -0.21368 -1.65012 0 44
287 302 48 2.0323 2.0243 36.422 36.695 -0.24368 -1.62012 0 43
287 352 49 2.0177 2.032 41.046 40.807 -0.12968 -1.68612 0 44
323 254 0 1.9513 1.9594 37.994 38.19 -0.19568 -1.59012 0 44
323 243 1 1.9504 1.9267 36.555 36.704 -0.23168 -1.54212 0 44
323 411 2 2.0663 2.064 41.431 41.509 -0.11168 -1.72212 0 44
323 325 3 2.0655 2.0512 36.759 37.237 -0.23168 -1.65012 0 44
323 396 4 2.0346 2.0441 42.506 42.321 -0.08768 -1.71612 0 44
323 303 5 1.9644 1.973 38.8 38.682 -0.18368 -1.60812 0 44
323 300 6 1.9822 1.9902 33.744 33.89 -0.31568 -1.54812 0 44
323 339 7 2.0495 2.0412 36.691 36.982 -0.23768 -1.63812 0 44
323 337 8 1.936 1.9286 41.685 41.91 -0.09368 -1.61412 0 44
323 335 9 1.9965 2.008 38.773 38.366 -0.19568 -1.63212 0 44
323 348 10 2.0039 2.0023 46.963 47.017 0.04432 -1.73412 0 44
323 294 11 1.9477 1.9553 47.484 47.498 0.05632 -1.69812 0 44
323 350 12 1.909 1.8938 37.611 37.707 -0.20168 -1.53012 0 44
323 226 13 1.9393 1.9396 45.266 45.281 -0.00368 -1.66212 0 43
323 318 14 1.9779 1.9905 38.924 38.523 -0.18968 -1.62012 0 44
323 342 15 2.0335 2.0302 46.895 46.994 0.04432 -1.75812 0 44
323 357 16 2.0764 2.0697 43.264 42.987 -0.06968 -1.74612 0 44
323 276 17 1.9649 1.9845 37.599 37.621 -0.21368 -1.60212 0 44
323 249 18 1.9282 1.9131 44.698 44.6 -0.02168 -1.63212 0 44
323 278 19 2.0665 2.0459 35.933 36.359 -0.25568 -1.63212 0 44
323 289 20 1.957 1.9658 39.274 39.101 -0.17168 -1.60812 0 44
323 280 21 1.9682 1.9819 35.744 35.399 -0.27368 -1.56612 0 44
323 358 22 2.0088 2.0128 37.179 37.297 -0.22568 -1.62012 0 44
323 342 23 1.9205 1.9098 43.507 43.238 -0.05768 -1.61412 0 44
323 362 24 1.9103 1.9039 35.801 35.908 -0.24968 -1.51212 0 44
323 322 25 1.995 1.9971 45.822 45.719 0.00832 -1.71612 0 44
323 263 26 1.9775 1.9958 44.105 44.2 -0.03368 -1.69812 0 44
323 340 27 2.0368 2.0347 47.332 47.204 0.05032 -1.76412 0 44
323 354 28 2.0614 2.0536 43.801 43.601 -0.05168 -1.74012 0 44
323 322 29 1.9051 1.8979 44.465 44.137 -0.03368 -1.61412 0 44
323 257 30 1.9648 1.9594 32.89 32.802 -0.33968 -1.50612 0 44
323 405 31 2.0502 2.0518 42.945 42.755 -0.07568 -1.72812 0 44
323 315 32 1.9849 1.9901 45.781 45.72 0.00832 -1.71012 0 44
323 270 33 1.9495 1.9315 35.984 36.045 -0.24968 -1.53612 0 44
323 317 34 2.0713 2.0505 34.608 34.664 -0.30368 -1.60812 0 44
323 337 35 2.0616 2.0608 46.657 46.761 0.03832 -1.78212 0 44
323 396 36 2.0756 2.0666 39.9 40.042 -0.15368 -1.70412 0 44
323 265 37 1.9742 1.9929 44.373 44.416 -0.02768 -1.69812 0 43
323 292 38 1.9859 2.0028 44.174 44.204 -0.03368 -1.70412 0 44
323 287 39 1.9614 1.9639 34.395 34.409 -0.29768 -1.53612 0 44
323 359 40 2.0638 2.0597 38.854 39.179 -0.17768 -1.68612 0 44
323 336 41 2.011 2.0135 36.651 36.866 -0.23768 -1.61412 0 44
323 290 42 1.979 1.99 44.665 44.632 -0.02168 -1.69812 0 43
323 377 43 2.027 2.0257 34.79 34.749 -0.29768 -1.59012 0 44
323 363 44 2.0079 2.0176 33.994 34.049 -0.31568 -1.57212 0 44
323 412 45 2.0631 2.0607 41.517 41.714 -0.10568 -1.72212 0 44
323 360 46 2.0599 2.0597 38.889 39.179 -0.17768 -1.68612 0 44
323 307 47 1.9758 1.9847 46.061 46.158 0.02032 -1.71012 0 44
323 334 48 1.9929 1.9934 46.43 46.589 0.03232 -1.72212 0 44
323 307 49 1.9874 1.997 44.607 44.635 -0.02168 -1.70412 0 44
359 295 0 1.9866 2.0061 42.81 42.478 -0.08168 -1.68612 0 44
359 363 1 2.0306 2.0284 46.372 46.569 0.03232 -1.75212 0 44
359 410 2 2.0374 2.0422 39.536 39.765 -0.15968 -1.68012 0 44
359 336 3 1.9012 1.8868 45.93 46.196 0.02032 -1.62612 0 44
359 397 4 2.0668 2.0597 43.474 43.186 -0.06368 -1.74012 0 44
359 340 5 2.0735 2.066 45.887 46.338 0.02632 -1.78212 0 44
359 451 6 2.054 2.0543 42.207 42.125 -0.09368 -1.72212 0 44
359 361 7 2.0062 2.0153 36.242 36.003 -0.26168 -1.60212 0 44
359 378 8 2.009 2.0197 44.084 44 -0.03968 -1.71612 0 44
359 304 9 1.9145 1.8991 45.437 45.735 0.00832 -1.63212 0 44
359 353 10 1.9123 1.9105 40.916 41.195 -0.11168 -1.59012 0 44
359 400 11 1.9197 1.9116 32.831 32.482 -0.33968 -1.46412 0 44
359 351 12 1.9093 1.9032 40.623 40.722 -0.12368 -1.57812 0 44
359 350 13 1.9178 1.9106 33.59 33.635 -0.30968 -1.48212 0 44
359 439 14 2.0413 2.0468 41.795 41.689 -0.10568 -1.71012 0 44
359 304 15 2.0651 2.0571 44.959 44.868 -0.01568 -1.75812 0 44
359 366 16 2.0077 2.0135 36.649 36.866 -0.23768 -1.61412 0 44
359 349 17 1.963 1.9743 47.056 47.039 0.04432 -1.71012 0 44
359 443 18 2.0715 2.0651 42.358 42.352 -0.08768 -1.73412 0 44
359 356 19 2.0087 2.0146 39.034 38.822 -0.18368 -1.64412 0 44
359 316 20 2.0714 2.0643 45.506 45.919 0.01432 -1.77612 0 44
359 342 21 1.9907 2.0028 44.265 44.204 -0.03368 -1.70412 0 44
359 315 22 1.9523 1.9591 38.539 38.634 -0.18368 -1.59612 0 44
359 365 23 1.9282 1.9179 41.321 41.664 -0.09968 -1.60212 0 44
359 439 24 2.0641 2.0596 39.793 40.024 -0.15368 -1.69812 0 44
359 385 25 1.9092 1.8975 37.437 37.492 -0.20768 -1.53012 0 44
359 312 26 1.9435 1.9508 47.23 47.281 0.05032 -1.69212 0 44
359 334 27 1.964 1.9733 38.275 38.241 -0.19568 -1.60212 0 44
359 387 28 2.0439 2.0407 44.182 44.015 -0.03968 -1.73412 0 44
359 367 29 2.0673 2.0608 46.55 46.761 0.03832 -1.78212 -0 44
359 400 30 2.0058 2.0122 37.671 37.73 -0.21368 -1.62612 0 44
359 350 31 2.0499 2.0351 36.249 36.526 -0.24968 -1.62612 0 44
359 324 32 1.9777 1.9833 33.722 33.85 -0.31568 -1.54212 0 44
359 290 33 1.9597 1.9775 37.599 37.594 -0.21368 -1.59612 0 44
359 276 34 1.9317 1.9331 46.404 46.401 0.02632 -1.66812 0 44
359 336 35 2.0429 2.0407 45.838 46.137 0.02032 -1.75812 0 44
359 421 36 2.0645 2.0596 39.352 39.601 -0.16568 -1.69212 0 44
359 309 37 1.9587 1.9613 35.577 35.293 -0.27368 -1.54812 0 44
359 401 38 2.0203 2.0348 43.151 42.946 -0.06968 -1.71612 0 44
359 347 39 1.9404 1.9228 35.172 35.317 -0.26768 -1.51812 0 44
359 290 40 1.9643 1.9813 37.351 37.388 -0.21968 -1.59612 0 44
359 447 41 2.063 2.0597 40.322 40.447 -0.14168 -1.70412 0 44
359 385 42 2.0693 2.0714 37.756 37.74 -0.21968 -1.67412 0 44
359 268 43 1.9746 1.982 43.005 42.661 -0.07568 -1.66812 0 44
359 274 44 1.9323 1.9287 46.091 46.179 0.02032 -1.66212 0 44
359 345 45 2.0559 2.0411 35.44 35.477 -0.27968 -1.61412 0 44
359 366 46 2.008 2.0296 42.266 41.871 -0.09968 -1.69812 0 44
359 344 47 1.9841 1.9914 45.216 45.068 -0.00968 -1.70412 0 44
359 361 48 1.996 2.0109 40.408 40.326 -0.14168 -1.66212 0 44
359 347 49 2.047 2.039 44.798 44.651 -0.02168 -1.74012 0 44
394 397 0 2.0454 2.0381 36.417 36.755 -0.24368 -1.63212 0 44
394 419 1 1.9948 1.9953 47.056 47.022 0.04432 -1.72812 0 44
394 376 2 2.0012 2.014 33.096 33.15 -0.33968 -1.55412 0 44
394 334 3 1.9537 1.9439 33.108 33.157 -0.32768 -1.50012 0 44
394 423 4 2.0516 2.0528 38.9 39.158 -0.17768 -1.68012 0 45
394 310 5 1.9503 1.9418 43.674 43.497 -0.05168 -1.64412 0 44
394 359 6 1.9069 1.8969 47.465 47.791 0.06232 -1.65012 0 44
394 380 7 1.9007 1.8925 39.498 39.546 -0.15368 -1.55412 0 44
394 353 8 1.9185 1.909 44.474 44.372 -0.02768 -1.62612 0 44
394 376 9 1.9711 1.9751 46.359 46.38 0.02632 -1.70412 0 44
394 469 10 2.0379 2.0435 42.017 41.895 -0.09968 -1.71012 -0 45
394 427 11 2.0564 2.0536 43.83 43.601 -0.05168 -1.74012 0 44
394 461 12 2.0446 2.0492 39.66 39.784 -0.15968 -1.68612 -0 45
394 310 13 1.9545 1.9522 36.316 36.145 -0.24968 -1.55412 0 44
394 301 14 1.9726 1.9877 43.81 43.759 -0.04568 -1.68612 0 44
394 373 15 1.9954 2.0041 39.337 39.005 -0.17768 -1.63812 0 44
394 347 16 1.9667 1.9693 40.53 40.659 -0.12968 -1.63212 0 44
394 421 17 1.9168 1.909 34.985 35.243 -0.26768 -1.50612 0 44
394 414 18 2.038 2.0395 38.448 38.261 -0.20168 -1.65612 0 45
394 374 19 1.9122 1.9099 39.651 39.828 -0.14768 -1.57212 0 44
394 286 20 1.9625 1.9627 43.62 43.517 -0.05168 -1.66212 0 44
394 317 21 1.9538 1.9606 45.292 45.283 -0.00368 -1.68012 0 44
394 443 22 1.9025 1.8913 36.904 37.003 -0.21968 -1.51812 0 44
394 482 23 2.0454 2.046 40.983 40.838 -0.12968 -1.69812 -0 45
394 442 24 2.0504 2.0492 34.053 34.011 -0.32168 -1.59612 0 44
394 294 25 1.9612 1.9719 44.276 44.405 -0.02768 -1.68012 0 44
394 350 26 1.9415 1.9285 33.38 33.517 -0.31568 -1.49412 0 44
394 393 27 2.002 1.9998 45.527 45.502 0.00232 -1.71612 0 44
394 456 28 2.0416 2.0422 39.621 39.765 -0.15968 -1.68012 0 45
394 374 29 1.9276 1.9205 40.398 40.538 -0.12968 -1.59012 0 44
394 371 30 1.9307 1.9275 40.46 40.556 -0.12968 -1.59612 0 44
394 370 31 1.9105 1.8996 39.059 39.11 -0.16568 -1.55412 0 44
394 365 32 1.9393 1.9311 40.528 40.79 -0.12368 -1.60212 0 44
394 394 33 1.9866 1.989 46.238 46.374 0.02632 -1.71612 0 44
394 434 34 2.0619 2.0534 33.666 33.82 -0.32768 -1.59612 0 44
394 418 35 1.983 1.9858 47.249 47.248 0.05032 -1.72212 0 44
394 306 36 1.9673 1.9649 43.063 42.858 -0.06968 -1.65612 0 44
394 374 37 1.9327 1.9277 40.703 41.007 -0.11768 -1.60212 0 44
394 372 38 1.9939 2.0029 33.275 33.302 -0.33368 -1.54812 0 44
394 424 39 2.0173 2.0333 42.3 42.091 -0.09368 -1.70412 -0 44
394 357 40 1.9631 1.9639 34.423 34.409 -0.29768 -1.53612 0 44
394 405 41 1.9206 1.9179 41.366 41.664 -0.09968 -1.60212 0 44
394 469 42 2.0717 2.0666 39.925 40.042 -0.15368 -1.70412 -0 45
394 419 43 1.9969 2.0066 34.313 34.206 -0.30968 -1.56612 0 44
394 383 44 2.047 2.0331 35.824 35.87 -0.26768 -1.61412 0 44
394 409 45 2.0456 2.0407 44.322 44.015 -0.03968 -1.73412 0 44
394 450 46 1.9145 1.9116 32.756 32.482 -0.33968 -1.46412 0 44
394 313 47 1.9448 1.9259 36.941 37.156 -0.21968 -1.54812 0 44
394 381 48 1.9082 1.9064 39.933 40.046 -0.14168 -1.57212 0 44
394 397 49 1.9981 2.0044 38.946 38.571 -0.18968 -1.63212 0 44
430 453 0 2.0044 2.0023 46.893 47.017 0.04432 -1.73412 0 44
430 390 1 2.0516 2.046 45.537 45.712 0.00832 -1.75812 -0 44
430 402 2 1.9008 1.8868 46.03 46.196 0.02032 -1.62612 0 44
430 395 3 1.9881 1.9979 41.996 41.597 -0.10568 -1.66812 0 45
430 511 4 2.032 2.0388 40.418 40.396 -0.14168 -1.68612 -0 45
430 442 5 2.0316 2.0328 46.64 46.779 0.03832 -1.75812 -0 44
430 329 6 1.9726 1.9758 43.273 43.091 -0.06368 -1.66812 0 44
430 505 7 2.0727 2.0631 40.047 40.244 -0.14768 -1.70412 -0 45
430 420 8 1.9251 1.9208 40.833 40.991 -0.11768 -1.59612 0 44
430 456 9 2.0245 2.0277 33.039 33.234 -0.33968 -1.56612 0 44
430 402 10 1.9987 2.0072 33.007 33.108 -0.33968 -1.54812 0 44
430 385 11 1.9418 1.9311 33.654 33.762 -0.30968 -1.50012 0 45
430 464 12 2.0228 2.0245 35.409 35.177 -0.28568 -1.59612 0 44
430 421 13 2.0056 2.0239 42.955 42.718 -0.07568 -1.70412 0 45
430 340 14 1.9533 1.9483 36.497 36.352 -0.24368 -1.55412 0 44
430 520 15 2.0515 2.0511 42.307 42.331 -0.08768 -1.72212 -0 45
430 393 16 1.9588 1.9622 39.431 39.312 -0.16568 -1.60812 0 44
430 343 17 1.9284 1.9186 45.171 45.28 -0.00368 -1.64412 0 44
430 419 18 1.9372 1.9269 43.198 43.032 -0.06368 -1.62612 0 44
430 351 19 1.9496 1.9578 45.595 45.504 0.00232 -1.68012 0 44
430 422 20 2.0579 2.0492 35.157 35.087 -0.29168 -1.61412 0 44
430 333 21 1.9648 1.9748 44.2 44.187 -0.03368 -1.68012 0 44
430 423 22 1.9734 1.9835 38.658 38.498 -0.18968 -1.61412 0 44
430 478 23 2.0472 2.0409 34.375 34.397 -0.30968 -1.59612 0 44
430 471 24 2.0558 2.045 34.165 34.204 -0.31568 -1.59612 0 44
430 446 25 1.9933 2.0066 34.34 34.206 -0.30968 -1.56612 0 44
430 386 26 1.9055 1.8974 46.9 47.105 0.04432 -1.64412 0 44
430 412 27 1.9251 1.9148 33.496 33.43 -0.31568 -1.48212 0 45
430 459 28 2.0231 2.0277 33.121 33.234 -0.33968 -1.56612 0 44
430 423 29 1.9502 1.9394 41.881 42.153 -0.08768 -1.62612 0 44
430 410 30 1.9794 1.9858 45.525 45.503 0.00232 -1.70412 0 44
430 482 31 2.0492 2.0526 39.352 39.582 -0.16568 -1.68612 -0 45
430 434 32 1.9914 2.0039 33.969 33.97 -0.31568 -1.56012 0 44
430 396 33 1.9931 2.0029 33.122 33.302 -0.33368 -1.54812 0 44
430 395 34 1.9689 1.963 41.418 41.529 -0.10568 -1.63812 0 45
430 416 35 1.9641 1.9673 46.936 47.045 0.04432 -1.70412 0 44
430 443 36 1.9887 1.9941 38.571 38.317 -0.19568 -1.62012 0 44
430 396 37 1.952 1.9419 34.571 34.737 -0.28568 -1.52412 0 45
430 439 38 2.0671 2.0608 46.662 46.761 0.03832 -1.78212 -0 44
430 482 39 2.0261 2.0365 42.03 41.883 -0.09968 -1.70412 -0 45
430 395 40 1.9589 1.9658 39.246 39.101 -0.17168 -1.60812 0 44
430 475 41 2.027 2.0267 37.347 37.353 -0.22568 -1.63212 0 44
430 479 42 2.0224 2.0191 37.738 37.756 -0.21368 -1.63212 0 44
430 520 43 2.0568 2.0563 40.527 40.65 -0.13568 -1.70412 -0 45
430 432 44 1.9842 1.9905 38.791 38.523 -0.18968 -1.62012 0 44
430 422 45 2.0159 2.0154 45.823 45.931 0.01432 -1.73412 0 44
430 464 46 1.902 1.8953 35.011 35.168 -0.26768 -1.49412 0 45
430 470 47 2.0427 2.0367 34.765 34.591 -0.30368 -1.59612 0 44
430 402 48 1.9786 1.9835 41.25 41.132 -0.11768 -1.65012 0 45
430 506 49 2.0334 2.0357 41.135 41.028 -0.12368 -1.69212 -0 45
466 450 0 1.923 1.9083 37.208 37.308 -0.21368 -1.53612 0 45
466 458 1 1.9474 1.9388 41.525 41.704 -0.09968 -1.62012 0 45
466 366 2 1.9459 1.9494 45.023 45.06 -0.00968 -1.66812 0 44
466 493 3 1.9146 1.9068 36.003 36.153 -0.24368 -1.51812 0 45
466 484 4 1.9767 1.9833 47.489 47.469 0.05632 -1.72212 0 44
466 432 5 1.9805 1.9866 40.503 40.482 -0.13568 -1.64412 0 45
466 547 6 2.0709 2.064 41.333 41.509 -0.11168 -1.72212 -0 45
466 387 7 1.9239 1.9116 45.108 45.279 -0.00368 -1.63812 0 44
466 457 8 1.9036 1.8996 40.347 40.484 -0.12968 -1.57212 0 45
466 415 9 1.9678 1.9657 40.372 40.429 -0.13568 -1.62612 0 45
466 500 10 2.0635 2.0633 38.876 38.979 -0.18368 -1.68612 -0 45
466 474 11 2.07 2.0588 34.218 34.279 -0.31568 -1.60812 0 45
466 422 12 1.95 1.9439 43.015 42.83 -0.06968 -1.63812 0 44
466 473 13 2.033 2.032 44.784 44.648 -0.02168 -1.73412 0 45
466 472 14 1.9405 1.9356 41.773 41.922 -0.09368 -1.62012 0 45
466 489 15 1.993 1.9953 47.022 47.022 0.04432 -1.72812 -0 44
466 435 16 1.9721 1.9761 45.691 45.722 0.00832 -1.69812 0 44
466 430 17 2.0457 2.0403 45.219 45.076 -0.00968 -1.74612 -0 45
466 509 18 1.9158 1.9121 42.36 42.56 -0.07568 -1.60812 0 45
466 538 19 2.0294 2.0318 40.334 40.378 -0.14168 -1.68012 -0 45
466 489 20 2.0379 2.0343 36.771 36.953 -0.23768 -1.63212 0 45
466 486 21 2.0147 2.0137 47.291 47.223 0.05032 -1.74612 -0 44
466 447 22 2.0007 2.0098 33.145 33.344 -0.33368 -1.55412 0 45
466 506 23 2.0058 2.012 34.759 34.675 -0.29768 -1.57812 0 45
466 544 24 2.0447 2.0449 42.813 42.746 -0.07568 -1.72212 -0 45
466 450 25 1.938 1.9314 40.992 41.241 -0.11168 -1.60812 0 45
466 439 26 1.9731 1.9831 45.843 45.721 0.00832 -1.70412 0 44
466 518 27 2.0333 2.0371 33.536 33.509 -0.33368 -1.57812 0 45
466 426 28 2.0681 2.0643 45.644 45.919 0.01432 -1.77612 -0 45
466 480 29 1.924 1.92 34.975 35.072 -0.27368 -1.51212 0 45
466 457 30 1.9947 2.0114 41.59 41.191 -0.11768 -1.67412 0 45
466 485 31 2.0208 2.0207 47.199 47.216 0.05032 -1.75212 -0 44
466 477 32 1.9111 1.9054 33.349 33.138 -0.32168 -1.47012 0 45
466 369 33 1.9535 1.9637 37.515 37.538 -0.21368 -1.58412 0 45
466 419 34 1.9829 1.9958 44.217 44.2 -0.03368 -1.69812 0 44
466 462 35 1.9337 1.9241 34.728 34.866 -0.27968 -1.51212 0 45
466 451 36 1.969 1.9766 38.553 38.474 -0.18968 -1.60812 0 45
466 385 37 1.947 1.9524 45.868 45.948 0.01432 -1.68012 0 44
466 461 38 1.9046 1.9068 40.893 40.959 -0.11768 -1.58412 0 45
466 493 39 2.059 2.0607 37.979 37.912 -0.21368 -1.66812 -0 45
466 376 40 1.961 1.9744 37.294 37.36 -0.21968 -1.59012 0 45
466 463 41 1.9912 2.0026 35.684 35.504 -0.27368 -1.58412 0 45
466 382 42 1.9375 1.9401 46.304 46.398 0.02632 -1.67412 0 44
466 482 43 2.0132 2.0209 44.623 44.43 -0.02768 -1.72212 -0 44
466 399 44 2.0735 2.0589 35.292 35.35 -0.28568 -1.62612 0 44
466 422 45 1.9494 1.9395 35.604 35.631 -0.26168 -1.53612 0 45
466 377 46 1.951 1.9536 45.181 45.282 -0.00368 -1.67412 0 44
466 395 47 1.9357 1.928 38.157 38.298 -0.18968 -1.56612 0 45
466 480 48 1.9075 1.9038 43.991 43.686 -0.04568 -1.61412 0 45
466 463 49 1.966 1.9718 47.148 47.261 0.05032 -1.71012 0 44
502 488 0 2.0729 2.062 36.7 37.068 -0.23768 -1.65612 -0 45
502 508 1 2.003 2.0082 45.045 44.855 -0.01568 -1.71612 0 45
502 478 2 1.9963 2.0005 39.318 39.211 -0.17168 -1.63812 0 45
502 462 3 2.0757 2.0686 45.717 46.128 0.02032 -1.78212 -0 45
502 492 4 1.9791 1.9869 38.889 38.73 -0.18368 -1.62012 0 45
502 428 5 1.9762 1.9818 44.121 44.192 -0.03368 -1.68612 0 45
502 496 6 2.0151 2.0138 45.606 45.502 0.00232 -1.72812 -0 45
502 444 7 2.0622 2.0585 45.141 45.289 -0.00368 -1.76412 -0 45
502 474 8 1.9414 1.9326 35.636 35.596 -0.26168 -1.53012 0 45
502 497 9 1.9086 1.9002 38.226 38.194 -0.18968 -1.54212 0 45
502 498 10 1.9886 1.9917 46.084 46.155 0.02032 -1.71612 0 45
502 491 11 2.0084 2.0111 39.111 39.027 -0.17768 -1.64412 0 45
502 509 12 1.9894 1.9983 34.841 34.6 -0.29768 -1.56612 0 45
502 494 13 1.9196 1.9159 34.038 34.129 -0.29768 -1.49412 0 45
502 443 14 1.9114 1.9078 46.19 46.187 0.02032 -1.64412 0 45
502 432 15 1.964 1.9775 37.539 37.594 -0.21368 -1.59612 0 45
502 513 16 1.9155 1.9109 41.487 41.65 -0.09968 -1.59612 0 45
502 472 17 2.0451 2.0403 45.096 45.076 -0.00968 -1.74612 -0 45
502 407 18 1.9647 1.9759 36.747 36.48 -0.24368 -1.57812 0 45
502 485 19 1.9411 1.9337 35.136 35.147 -0.27368 -1.52412 0 45
502 508 20 2.0441 2.0448 44.468 44.229 -0.03368 -1.74012 -0 45
502 501 21 2.0398 2.0354 46.334 46.565 0.03232 -1.75812 -0 45
502 542 22 2.0445 2.0457 32.986 33.126 -0.34568 -1.57812 0 45
502 454 23 1.9593 1.9554 40.593 40.625 -0.12968 -1.62012 0 45
502 412 24 1.9478 1.9508 45.376 45.504 0.00232 -1.67412 0 44
502 519 25 2.0438 2.0382 35.199 35.247 -0.28568 -1.60812 0 45
502 455 26 2.0519 2.0488 45.325 45.5 0.00232 -1.75812 -0 45
502 507 27 2.0157 2.0183 38.819 38.618 -0.18968 -1.64412 0 45
502 470 28 2.0655 2.0616 45.777 46.13 0.02032 -1.77612 -0 45
502 563 29 2.0253 2.0357 41.268 41.028 -0.12368 -1.69212 -0 45
502 501 30 1.9382 1.9299 42.896 42.811 -0.06968 -1.62612 0 45
502 417 31 1.928 1.9287 46.187 46.179 0.02032 -1.66212 0 45
502 472 32 1.9615 1.9565 41.908 41.96 -0.09368 -1.63812 0 45
502 452 33 1.9654 1.9613 32.538 32.362 -0.35168 -1.50012 0 45
502 525 34 1.9885 1.9927 47.331 47.242 0.05032 -1.72812 -0 45
502 525 35 2.0095 2.008 38.484 38.366 -0.19568 -1.63212 0 45
502 492 36 2.0454 2.039 36.223 36.328 -0.25568 -1.62612 0 45
502 483 37 2.0276 2.025 45.606 45.715 0.00832 -1.74012 -0 45
502 500 38 2.0022 2.0055 33.376 33.539 -0.32768 -1.55412 0 45
502 529 39 1.9278 1.9261 42.624 42.581 -0.07568 -1.62012 0 45
502 484 40 1.9546 1.9463 42.031 42.165 -0.08768 -1.63212 0 45
502 512 41 2.0526 2.0481 36.797 37.011 -0.23768 -1.64412 0 45
502 527 42 2.0466 2.0374 37.001 37.181 -0.23168 -1.63812 0 45
502 547 43 2.0325 2.0298 37.608 37.581 -0.21968 -1.63812 0 45
502 506 44 2.0467 2.0381 36.574 36.755 -0.24368 -1.63212 0 45
502 434 45 1.9164 1.9121 46.269 46.412 0.02632 -1.65012 0 45
502 591 46 2.0401 2.0424 40.616 40.617 -0.13568 -1.69212 -0 45
502 506 47 2.0118 2.0232 42.413 42.288 -0.08768 -1.69812 -0 45
502 512 48 1.9175 1.9179 41.46 41.664 -0.09968 -1.60212 0 45
502 586 49 2.0519 2.0566 41.134 41.073 -0.12368 -1.71012 -0 46
36 115 0 1.9429 1.8932 44.192 31.883 -0.35168 -1.44012 0 43
36 116 1 1.9739 1.8932 36.844 31.883 -0.35168 -1.44012 0 43
36 115 2 2.0048 1.8932 47.165 31.883 -0.35168 -1.44012 0 43
36 115 3 2.0063 1.8932 39.178 31.883 -0.35168 -1.44012 0 43
36 116 4 1.9928 1.8932 41.768 31.883 -0.35168 -1.44012 0 43
36 126 5 2.0296 2.0494 41.5 40.634 -0.13568 -1.69812 0 43
36 117 6 2.0051 1.8932 35.33 31.883 -0.35168 -1.44012 0 43
36 129 7 2.0606 2.0581 43.047 42.342 -0.08768 -1.72812 0 43
36 116 8 1.8986 1.8932 36.196 31.883 -0.35168 -1.44012 0 43
36 116 9 1.9288 1.8932 42.945 31.883 -0.35168 -1.44012 0 43
36 115 10 2.0092 1.8932 46.864 31.883 -0.35168 -1.44012 0 43
36 116 11 2.0559 1.8932 45.231 31.883 -0.35168 -1.44012 0 43
36 117 12 2.0046 1.8932 34.081 31.883 -0.35168 -1.44012 0 43
36 115 13 1.9814 1.8932 38.682 31.883 -0.35168 -1.44012 0 43
36 117 14 2.0145 1.8932 34.274 31.883 -0.35168 -1.44012 0 43
36 119 15 2.0079 2.0543 42.464 42.125 -0.09368 -1.72212 0 43
36 117 16 1.899 1.8932 35.233 31.883 -0.35168 -1.44012 0 43
36 116 17 1.9111 1.8932 39.321 31.883 -0.35168 -1.44012 0 43
36 123 18 1.8988 1.8888 34.205 32.087 -0.34568 -1.44012 0 43
36 116 19 1.9361 1.8932 39.518 31.883 -0.35168 -1.44012 0 43
36 116 20 2.0734 1.8932 45.918 31.883 -0.35168 -1.44012 0 43
36 118 21 2.0694 2.0581 43.533 42.342 -0.08768 -1.72812 0 43
36 118 22 2.0078 2.0543 42.776 42.125 -0.09368 -1.72212 0 43
36 133 23 2.0478 2.0527 40.508 40.43 -0.14168 -1.69812 0 43
36 124 24 2.0203 2.0494 41.541 40.634 -0.13568 -1.69812 0 43
36 115 25 1.9202 1.8932 36.85 31.883 -0.35168 -1.44012 0 43
36 119 26 2.0091 2.0543 43.082 42.125 -0.09368 -1.72212 0 43
36 115 27 1.9463 1.8932 43.019 31.883 -0.35168 -1.44012 0 43
36 117 28 1.9148 1.8932 35.042 31.883 -0.35168 -1.44012 0 43
36 116 29 2.0198 1.8932 44.27 31.883 -0.35168 -1.44012 0 43
36 116 30 1.9748 1.8932 44.231 31.883 -0.35168 -1.44012 0 43
36 116 31 1.9712 1.8932 44.373 31.883 -0.35168 -1.44012 0 43
36 116 32 1.9984 1.8932 33.398 31.883 -0.35168 -1.44012 0 43
36 116 33 2.0394 1.8932 33.187 31.883 -0.35168 -1.44012 0 43
36 116 34 1.9956 1.8932 39.44 31.883 -0.35168 -1.44012 0 43
36 116 35 1.9237 1.8932 39.726 31.883 -0.35168 -1.44012 0 43
36 116 36 1.993 1.8932 42.649 31.883 -0.35168 -1.44012 0 43
36 131 37 2.0564 2.0527 39.938 40.43 -0.14168 -1.69812 0 43
36 116 38 1.9437 1.8932 43.486 31.883 -0.35168 -1.44012 0 43
36 116 39 2.0184 1.8932 33.397 31.883 -0.35168 -1.44012 0 43
36 116 40 1.9217 1.8932 39.122 31.883 -0.35168 -1.44012 0 43
36 116 41 1.9703 1.8932 44.285 31.883 -0.35168 -1.44012 0 43
36 116 42 1.9013 1.8768 36.379 37.404 -0.20768 -1.51212 0 43
36 116 43 1.9201 1.8932 40.419 31.883 -0.35168 -1.44012 0 43
36 116 44 1.9777 1.8932 46.138 31.883 -0.35168 -1.44012 0 43
36 117 45 1.9061 1.873 36.787 37.621 -0.20168 -1.51212 0 43
36 116 46 1.9479 1.8932 45.822 31.883 -0.35168 -1.44012 0 43
36 116 47 1.9405 1.8932 42.807 31.883 -0.35168 -1.44012 0 43
36 116 48 1.9954 1.8932 45.497 31.883 -0.35168 -1.44012 0 43
36 116 49 1.9497 1.8932 37.361 31.883 -0.35168 -1.44012 0 43
72 143 0 1.9103 1.8768 36.781 37.404 -0.20768 -1.51212 0 43
72 115 1 1.9433 1.8932 37.69 31.883 -0.35168 -1.44012 0 43
72 117 2 2.0036 2.0154 38.535 37.959 -0.20768 -1.63212 0 43
72 116 3 1.9639 1.8932 37.142 31.883 -0.35168 -1.44012 0 43
72 130 4 1.9069 1.8989 42.639 42.997 -0.06368 -1.60212 0 43
72 118 5 2.0511 2.0298 37.245 37.581 -0.21968 -1.63812 0 43
72 119 6 2.0219 2.0518 44.629 42.755 -0.07568 -1.72812 0 43
72 115 7 1.9674 1.8932 38.744 31.883 -0.35168 -1.44012 0 43
72 115 8 2.0465 1.8932 45.83 31.883 -0.35168 -1.44012 0 43
72 122 9 1.9069 1.8448 43.865 46.214 0.02032 -1.59012 0 43
72 128 10 1.9262 1.8799 37.051 37.65 -0.20168 -1.51812 0 43
72 115 11 1.9876 1.8932 34.238 31.883 -0.35168 -1.44012 0 43
72 132 12 1.9961 2.0388 40.387 40.396 -0.14168 -1.68612 0 43
72 118 13 2.0754 1.8932 44.386 31.883 -0.35168 -1.44012 0 43
72 132 14 1.9043 1.8448 44.596 46.214 0.02032 -1.59012 0 43
72 118 15 2.0632 2.0526 38.214 40.006 -0.15368 -1.69212 0 43
72 115 16 1.9503 1.8932 45.174 31.883 -0.35168 -1.44012 0 43
72 116 17 1.99 1.8932 35.486 31.883 -0.35168 -1.44012 0 43
72 133 18 1.9212 1.8806 36.539 37.188 -0.21368 -1.51212 0 43
72 168 19 2.0508 2.0581 42.604 42.342 -0.08768 -1.72812 0 43
72 140 20 2.015 2.048 43.494 42.538 -0.08168 -1.72212 0 43
72 116 21 1.9852 1.8932 44.162 31.883 -0.35168 -1.44012 0 43
72 168 22 2.074 2.0613 41.956 42.136 -0.09368 -1.72812 0 43
72 121 23 1.9833 2.0388 40.528 40.396 -0.14168 -1.68612 0 43
72 143 24 2.0105 2.046 41.859 40.838 -0.12968 -1.69812 0 43
72 117 25 1.9367 1.8932 34.546 31.883 -0.35168 -1.44012 0 43
72 119 26 2.0007 2.023 35.321 34.516 -0.30368 -1.58412 0 43
72 116 27 1.9664 1.8932 43.56 31.883 -0.35168 -1.44012 0 43
72 115 28 2.0572 1.8932 46.025 31.883 -0.35168 -1.44012 0 43
72 166 29 2.0502 2.0575 41.722 41.919 -0.09968 -1.72212 0 43
72 115 30 2.0595 1.8932 45.251 31.883 -0.35168 -1.44012 0 43
72 116 31 1.9715 1.8932 46.621 31.883 -0.35168 -1.44012 0 43
72 165 32 2.0716 2.0645 41.549 41.931 -0.09968 -1.72812 0 43
72 118 33 1.9324 1.8422 45.111 46.45 0.02632 -1.59012 0 43
72 115 34 1.975 1.8932 37.277 31.883 -0.35168 -1.44012 0 43
72 114 35 2.0511 1.8932 35.138 31.883 -0.35168 -1.44012 0 43
72 116 36 2.0198 1.8932 44.801 31.883 -0.35168 -1.44012 0 43
72 161 37 2.0361 2.0575 42.076 41.919 -0.09968 -1.72212 0 43
72 156 38 2.0624 2.0492 39.485 40.209 -0.14768 -1.69212 0 43
72 130 39 1.9036 1.8989 42.578 42.997 -0.06368 -1.60212 0 43
72 115 40 1.9187 1.8932 38.648 31.883 -0.35168 -1.44012 0 43
72 115 41 2.0338 1.8932 45.847 31.883 -0.35168 -1.44012 0 43
72 116 42 2.0571 1.8932 47.128 31.883 -0.35168 -1.44012 0 43
72 142 43 1.9114 1.8768 36.79 37.404 -0.20768 -1.51212 0 43
72 130 44 1.9217 1.8762 37.43 37.868 -0.19568 -1.51812 0 43
72 116 45 1.9691 1.8932 33.565 31.883 -0.35168 -1.44012 0 43
72 118 46 1.9852 2.046 42.539 40.838 -0.12968 -1.69812 0 43
72 116 47 1.9118 1.8932 41.265 31.883 -0.35168 -1.44012 0 43
72 116 48 1.9374 1.8422 45.461 46.45 0.02632 -1.59012 0 43
72 125 49 1.9911 2.046 42.297 40.838 -0.12968 -1.69812 0 43
108 154 0 1.9047 1.9051 42.003 42.55 -0.07568 -1.60212 0 43
108 116 1 1.9511 1.8932 39.616 31.883 -0.35168 -1.44012 0 43
108 132 2 2.0081 2.0023 46.535 47.017 0.04432 -1.73412 0 43
108 115 3 2.0386 1.8932 45.215 31.883 -0.35168 -1.44012 0 43
108 174 4 1.8987 1.8762 37.998 37.868 -0.19568 -1.51812 0 43
108 126 5 1.9084 1.9044 41.181 42.093 -0.08768 -1.59612 0 43
108 161 6 2.0324 2.0457 39.215 39.987 -0.15368 -1.68612 0 43
108 159 7 2.0235 2.0261 37.938 37.782 -0.21368 -1.63812 0 43
108 161 8 2.0487 2.0492 38.898 39.784 -0.15968 -1.68612 0 43
108 126 9 1.9284 1.8794 38.255 38.113 -0.18968 -1.52412 0 43
108 146 10 2.005 2.016 37.122 37.527 -0.21968 -1.62612 0 43
108 118 11 2.0082 1.8932 32.633 31.883 -0.35168 -1.44012 0 43
108 135 12 2.0562 2.0527 44.436 43.178 -0.06368 -1.73412 0 43
108 164 13 2.0369 2.0457 44.026 43.171 -0.06368 -1.72812 0 43
108 131 14 1.9844 2.0148 35.707 34.909 -0.29168 -1.58412 0 43
108 127 15 2.0674 2.0336 36.554 37.381 -0.22568 -1.63812 0 43
108 140 16 2.0046 2.0357 44.289 43.373 -0.05768 -1.72212 0 43
108 116 17 1.923 1.8932 40.36 31.883 -0.35168 -1.44012 0 43
108 146 18 2.0632 2.0561 38.462 39.803 -0.15968 -1.69212 0 43
108 156 19 2.0325 2.0326 35.123 34.785 -0.29768 -1.59612 0 43
108 140 20 1.9874 1.9902 47.421 47.462 0.05632 -1.72812 0 43
108 116 21 1.9709 1.8932 46.104 31.883 -0.35168 -1.44012 0 43
108 145 22 2.0425 2.0492 38.706 39.784 -0.15968 -1.68612 0 43
108 138 23 2.0762 2.0778 38.208 38.184 -0.20768 -1.68612 0 43
108 194 24 2.036 2.0505 42.008 41.907 -0.09968 -1.71612 0 43
108 159 25 1.9039 1.8794 38.331 38.113 -0.18968 -1.52412 0 43
108 134 26 1.9815 2.039 42.191 40.822 -0.12968 -1.69212 0 43
108 196 27 1.9056 1.8956 32.85 32.136 -0.34568 -1.44612 0 43
108 116 28 1.9441 1.8932 38.836 31.883 -0.35168 -1.44012 0 43
108 119 29 2.0589 2.0538 46.165 46.765 0.03832 -1.77612 0 43
108 166 30 2.0544 2.0557 43.826 42.971 -0.06968 -1.73412 0 43
108 115 31 1.9786 1.8932 39.41 31.883 -0.35168 -1.44012 0 43
108 131 32 2.0332 2.0235 36.298 37.125 -0.23168 -1.62612 0 43
108 146 33 2.0241 2.0396 44.473 43.589 -0.05168 -1.72812 0 43
108 130 34 1.9773 2.0134 34.621 34.245 -0.30968 -1.57212 0 43
108 161 35 2.0278 2.0229 37.341 37.554 -0.21968 -1.63212 0 43
108 165 36 1.9103 1.8762 37.711 37.868 -0.19568 -1.51812 0 43
108 137 37 1.9893 2.0511 43.17 42.331 -0.08768 -1.72212 0 43
108 142 38 2.0061 2.0353 39.569 40.173 -0.14768 -1.68012 0 43
108 116 39 1.9617 1.8932 44.942 31.883 -0.35168 -1.44012 0 43
108 118 40 1.9937 2.0204 36.342 35.374 -0.27968 -1.59612 0 43
108 132 41 1.9183 1.8956 34.059 32.136 -0.34568 -1.44612 0 43
108 133 42 1.9044 1.8721 39.137 38.551 -0.17768 -1.52412 0 43
108 195 43 2.04 2.0496 41.362 41.058 -0.12368 -1.70412 0 43
108 120 44 2.0345 2.0308 45.07 44.221 -0.03368 -1.72812 0 43
108 162 45 2.0472 2.044 33.183 33.549 -0.33368 -1.58412 0 43
108 121 46 1.9443 1.8762 37.454 37.868 -0.19568 -1.51812 0 43
108 146 47 1.9249 1.9028 43.424 43.23 -0.05768 -1.60812 0 43
108 128 48 1.9134 1.8466 46.416 46.682 0.03232 -1.59612 0 43
108 158 49 2.0033 2.0427 42.061 41.043 -0.12368 -1.69812 0 43
143 155 0 1.9901 2.0135 36.061 35.34 -0.27968 -1.59012 0 43
143 146 1 2.0534 2.0342 35.63 35.443 -0.27968 -1.60812 0 43
143 129 2 1.9769 2.048 43.734 42.538 -0.08168 -1.72212 0 43
143 195 3 2.0152 2.0229 37.586 37.554 -0.21968 -1.63212 0 43
143 137 4 1.9809 2.0435 42.805 41.895 -0.09968 -1.71012 0 43
143 116 5 1.9712 1.8932 44.489 31.883 -0.35168 -1.44012 0 43
143 190 6 1.9246 1.9048 33.084 32.435 -0.33968 -1.45812 0 43
143 165 7 1.9305 1.9021 34.568 35.206 -0.26768 -1.50012 0 43
143 189 8 2.057 2.0409 34.455 34.397 -0.30968 -1.59612 0 43
143 158 9 1.9974 2.0283 39.791 40.155 -0.14768 -1.67412 0 43
143 150 10 2.0228 2.0144 46.103 46.577 0.03232 -1.74012 0 43
143 121 11 1.9773 1.8956 32.961 32.136 -0.34568 -1.44612 0 43
143 199 12 1.9162 1.9048 33.15 32.435 -0.33968 -1.45812 0 43
143 234 13 2.0323 2.0458 40.575 40.413 -0.14168 -1.69212 0 43
143 175 14 1.9196 1.9114 41.558 42.105 -0.08768 -1.60212 0 43
143 140 15 1.9233 1.9105 40.638 41.195 -0.11168 -1.59012 0 43
143 178 16 1.9942 2.0085 38.466 37.933 -0.20768 -1.62612 0 43
143 123 17 1.9447 1.9098 43.807 43.238 -0.05768 -1.61412 0 43
143 185 18 1.929 1.9121 42.026 42.56 -0.07568 -1.60812 0 43
143 228 19 2.0751 2.0631 39.926 40.244 -0.14768 -1.70412 0 43
143 130 20 1.9476 1.9098 43.522 43.238 -0.05768 -1.61412 0 43
143 118 21 1.9533 1.9983 37.92 37.676 -0.21368 -1.61412 0 43
143 170 22 1.9288 1.8875 36.894 37.218 -0.21368 -1.51812 0 43
143 140 23 1.9762 2.0021 37.204 37.472 -0.21968 -1.61412 0 43
143 195 24 2.028 2.0261 37.779 37.782 -0.21368 -1.63812 0 43
143 171 25 1.9305 1.8999 35.702 36.119 -0.24368 -1.51212 0 43
143 163 26 1.9038 1.8781 44.538 44.585 -0.02168 -1.60212 0 43
143 142 27 2.053 2.0312 35.954 36.725 -0.24368 -1.62612 0 43
143 150 28 2.0082 2.0096 45.486 45.286 -0.00368 -1.72212 0 43
143 185 29 2.0554 2.0457 32.741 33.126 -0.34568 -1.57812 0 43
143 179 30 2.0466 2.0466 44.281 43.595 -0.05168 -1.73412 0 43
143 192 31 2.0209 2.0257 35.206 34.749 -0.29768 -1.59012 0 43
143 183 32 2.047 2.0399 37.86 37.835 -0.21368 -1.65012 0 43
143 139 33 1.9721 2.0107 35.902 35.106 -0.28568 -1.58412 0 43
143 204 34 2.0321 2.034 34.398 34.359 -0.30968 -1.59012 0 43
143 114 35 1.9514 1.8932 40.242 31.883 -0.35168 -1.44012 0 43
143 170 36 2.0385 2.0457 38.815 39.562 -0.16568 -1.68012 0 43
143 142 37 1.9084 1.8788 39.279 39.039 -0.16568 -1.53612 0 43
143 118 38 1.9509 1.8352 44.511 46.454 0.02632 -1.58412 0 43
143 124 39 1.9377 1.8422 45.129 46.45 0.02632 -1.59012 0 43
143 192 40 2.0093 2.0245 33.962 34.088 -0.31568 -1.57812 0 43
143 134 41 1.9796 2.048 43.591 42.538 -0.08168 -1.72212 0 43
143 177 42 1.9391 1.9191 42.248 42.57 -0.07568 -1.61412 0 43
143 125 43 1.9374 1.8422 44.981 46.45 0.02632 -1.59012 0 43
143 171 44 1.9272 1.9021 34.671 35.206 -0.26768 -1.50012 0 43
143 180 45 1.9244 1.8913 36.535 37.003 -0.21968 -1.51812 0 43
143 192 46 2.0039 2.0122 37.906 37.73 -0.21368 -1.62612 0 43
143 177 47 2.0159 2.0387 39.467 39.969 -0.15368 -1.68012 0 43
143 180 48 2.0138 2.0245 35.585 35.177 -0.28568 -1.59612 0 43
143 188 49 2.0068 2.0154 38.297 37.959 -0.20768 -1.63212 0 43
179 191 0 2.0694 2.0512 36.78 37.237 -0.23168 -1.65012 0 43
179 259 1 2.072 2.0596 39.694 40.024 -0.15368 -1.69812 0 43
179 133 2 1.9531 1.8869 37.244 37.679 -0.20168 -1.52412 0 43
179 236 3 1.9023 1.8799 37.596 37.65 -0.20168 -1.51812 0 43
179 167 4 1.9091 1.8701 46.219 46.434 0.02632 -1.61412 0 43
179 206 5 2.026 2.0308 44.664 44.221 -0.03368 -1.72812 0 43
179 224 6 1.9152 1.8913 36.584 37.003 -0.21968 -1.51812 0 43
179 167 7 1.9369 1.9211 40.674 41.444 -0.10568 -1.60212 0 43
179 222 8 1.9177 1.9152 42.031 42.338 -0.08168 -1.60812 0 43
179 206 9 1.9867 1.9927 47.1 47.242 0.05032 -1.72812 0 43
179 183 10 1.9918 2.0098 44.397 44.209 -0.03368 -1.71012 0 43
179 193 11 1.9815 1.9941 38.741 38.317 -0.19568 -1.62012 0 43
179 173 12 1.902 1.8714 47.061 47.591 0.05632 -1.62612 0 43
179 201 13 1.99 2.0251 41.285 40.791 -0.12968 -1.68012 0 43
179 215 14 2.0199 2.0303 33.13 33.468 -0.33368 -1.57212 0 43
179 152 15 1.9551 1.973 39.157 38.682 -0.18368 -1.60812 0 43
179 215 16 2.0293 2.0235 36.792 37.125 -0.23168 -1.62612 0 43
179 230 17 2.0346 2.0298 37.462 37.581 -0.21968 -1.63812 0 43
179 229 18 2.0329 2.0298 37.408 37.581 -0.21968 -1.63812 0 43
179 135 19 1.9634 1.9872 44.978 44.849 -0.01568 -1.69812 0 43
179 195 20 2.0072 2.015 38.958 38.39 -0.19568 -1.63812 0 43
179 154 21 1.9615 1.9763 39.401 38.914 -0.17768 -1.61412 0 43
179 134 22 1.962 1.9621 39.98 39.755 -0.15368 -1.61412 0 43
179 186 23 1.9958 2.0287 43.84 43.366 -0.05768 -1.71612 0 43
179 197 24 2.047 2.0487 47.299 47.192 0.05032 -1.77612 0 43
179 222 25 1.914 1.901 35.305 35.662 -0.25568 -1.50612 0 43
179 139 26 1.9604 1.9199 43.1 43.023 -0.06368 -1.62012 0 43
179 192 27 1.9816 2.0066 34.448 34.206 -0.30968 -1.56612 0 43
179 189 28 1.9381 1.909 34.877 35.243 -0.26768 -1.50612 0 43
179 149 29 1.9722 1.997 44.747 44.635 -0.02168 -1.70412 0 43
179 254 30 1.9129 1.898 32.749 32.387 -0.33968 -1.45212 0 43
179 123 31 1.9468 1.9138 44.056 43.469 -0.05168 -1.62012 0 43
179 215 32 2.0445 2.0326 35.076 34.785 -0.29768 -1.59612 0 43
179 200 33 1.9831 1.9978 38.594 38.111 -0.20168 -1.62012 0 43
179 194 34 2.0156 2.0174 36.451 36.665 -0.24368 -1.61412 0 43
179 173 35 1.9825 1.9984 45.269 45.069 -0.00968 -1.71012 0 43
179 173 36 1.9468 1.9248 41.017 41.677 -0.09968 -1.60812 0 43
179 202 37 1.9186 1.8993 34.408 34.959 -0.27368 -1.49412 0 43
179 205 38 2.0756 2.0568 32.592 32.978 -0.35168 -1.58412 0 43
179 201 39 1.9433 1.9191 42.301 42.57 -0.07568 -1.61412 0 43
179 272 40 2.0608 2.0563 40.592 40.65 -0.13568 -1.70412 0 43
179 194 41 2.0669 2.0652 47.087 46.968 0.04432 -1.78812 0 43
179 259 42 2.077 2.0597 40.165 40.447 -0.14168 -1.70412 0 43
179 171 43 1.9479 1.9159 34.741 35.28 -0.26768 -1.51212 0 43
179 177 44 2.0096 2.0283 39.245 39.726 -0.15968 -1.66812 0 43
179 134 45 1.9711 1.9795 40.089 40.025 -0.14768 -1.63212 0 43
179 160 46 1.9389 1.9208 40.47 40.991 -0.11768 -1.59612 0 43
179 168 47 1.9885 2.0379 43.374 42.737 -0.07568 -1.71612 0 43
179 183 48 1.9546 1.9292 42.077 42.361 -0.08168 -1.62012 0 43
179 223 49 2.0553 2.0562 38.893 39.38 -0.17168 -1.68612 0 43
215 230 0 2.0438 2.0487 47.457 47.192 0.05032 -1.77612 0 43
215 258 1 2.0235 2.0297 44.007 43.794 -0.04568 -1.72212 0 43
215 230 2 1.9354 1.9199 43.101 43.023 -0.06368 -1.62012 0 43
215 191 3 1.9525 1.9297 35.124 35.353 -0.26768 -1.52412 0 43
215 248 4 1.9041 1.8968 43.978 43.68 -0.04568 -1.60812 0 43
215 214 5 2.0726 2.0697 47.437 47.174 0.05032 -1.79412 0 43
215 242 6 2.0718 2.0677 37.954 37.937 -0.21368 -1.67412 0 44
215 202 7 1.9847 2.0109 40.334 40.326 -0.14168 -1.66212 0 43
215 233 8 2.0417 2.0372 46.716 46.989 0.04432 -1.76412 0 43
215 146 9 1.9733 2.0333 42.971 42.091 -0.09368 -1.70412 0 43
215 142 10 1.9635 1.9338 43.356 43.041 -0.06368 -1.63212 0 43
215 225 11 2.0629 2.0627 47.303 47.18 0.05032 -1.78812 0 43
215 244 12 1.9271 1.9184 41.662 42.117 -0.08768 -1.60812 0 43
215 199 13 1.9775 2.0042 41.002 40.742 -0.12968 -1.66212 0 43
215 199 14 1.9323 1.9138 43.872 43.469 -0.05168 -1.62012 0 43
215 136 15 1.9618 1.9859 44.32 44.412 -0.02768 -1.69212 0 43
215 229 16 2.0592 2.0443 36.657 37.209 -0.23168 -1.64412 0 43
215 199 17 2.0588 2.0381 36.046 36.755 -0.24368 -1.63212 0 43
215 271 18 1.9193 1.9048 32.841 32.435 -0.33968 -1.45812 0 43
215 268 19 1.9124 1.909 42.669 42.783 -0.06968 -1.60812 0 43
215 204 20 1.9348 1.9168 43.662 43.246 -0.05768 -1.62012 0 43
215 272 21 2.0094 2.0284 40.779 40.584 -0.13568 -1.68012 0 43
215 220 22 2.0548 2.0477 44.481 44.019 -0.03968 -1.74012 0 43
215 294 23 2.0327 2.0422 40.061 40.191 -0.14768 -1.68612 0 44
215 232 24 1.9967 2.008 38.852 38.366 -0.19568 -1.63212 0 43
215 284 25 2.0691 2.0588 43.02 42.764 -0.07568 -1.73412 0 43
215 154 26 1.9474 1.9208 43.908 43.476 -0.05168 -1.62612 0 43
215 254 27 1.9163 1.901 35.346 35.662 -0.25568 -1.50612 0 43
215 225 28 1.9808 1.9838 46.644 46.813 0.03832 -1.71612 0 43
215 219 29 1.901 1.8857 39.139 39.063 -0.16568 -1.54212 0 43
215 297 30 2.0277 2.0388 40.56 40.396 -0.14168 -1.68612 0 43
215 210 31 1.9702 1.9769 46.574 46.818 0.03832 -1.71012 0 43
215 212 32 1.9872 1.9944 45.859 45.937 0.01432 -1.71612 0 43
215 256 33 2.0198 2.0223 38.319 37.984 -0.20768 -1.63812 0 43
215 250 34 2.054 2.0466 44.014 43.595 -0.05168 -1.73412 0 43
215 240 35 1.9925 2.0066 34.261 34.206 -0.30968 -1.56612 0 43
215 161 36 1.9354 1.9108 44.294 43.692 -0.04568 -1.62012 0 43
215 292 37 2.0307 2.0427 41.407 41.043 -0.12368 -1.69812 0 44
215 225 38 1.9958 2.0123 33.538 33.58 -0.32768 -1.56012 0 43
215 192 39 2.066 2.059 45.622 46.341 0.02632 -1.77612 0 43
215 221 40 1.9744 1.9946 37.958 37.88 -0.20768 -1.61412 0 43
215 216 41 1.9154 1.9054 33.628 33.138 -0.32168 -1.47012 0 43
215 177 42 1.9425 1.9378 39.27 39.459 -0.15968 -1.59012 0 43
215 297 43 2.06 2.0588 42.956 42.764 -0.07568 -1.73412 0 43
215 282 44 2.031 2.0418 43.242 42.954 -0.06968 -1.72212 0 43
215 240 45 2.0065 2.0204 35.739 35.374 -0.27968 -1.59612 0 43
215 259 46 1.9053 1.8831 37.759 37.896 -0.19568 -1.52412 0 43
215 209 47 1.9063 1.8739 45.085 45.508 0.00232 -1.60812 0 43
215 196 48 1.945 1.9213 34.084 34.621 -0.28568 -1.50612 0 43
215 267 49 1.8995 1.8831 37.894 37.896 -0.19568 -1.52412 0 43
251 268 0 2.015 2.0174 36.6 36.665 -0.24368 -1.61412 0 43
251 270 1 2.0376 2.0273 35.571 35.409 -0.27968 -1.60212 0 43
251 315 2 2.0313 2.0418 43.334 42.954 -0.06968 -1.72212 0 43
251 271 3 2.0161 2.0093 46.7 47.011 0.04432 -1.74012 0 43
251 318 4 2.0187 2.0354 40.711 40.601 -0.13568 -1.68612 0 44
251 265 5 2.0216 2.0222 36.123 36.035 -0.26168 -1.60812 0 43
251 327 6 2.0343 2.048 42.797 42.538 -0.08168 -1.72212 0 44
251 284 7 2.0531 2.0469 37.799 37.861 -0.21368 -1.65612 0 44
251 170 8 1.932 1.9261 46.178 46.405 0.02632 -1.66212 0 43
251 225 9 1.936 1.9275 40.259 40.556 -0.12968 -1.59612 0 43
251 322 10 2.028 2.0353 40.109 40.173 -0.14768 -1.68012 0 44
251 215 11 2.0556 2.0431 45.038 44.864 -0.01568 -1.74612 0 43
251 260 12 1.9411 1.9286 41.491 41.91 -0.09368 -1.61412 0 43
251 219 13 1.9906 2.027 42.929 42.508 -0.08168 -1.70412 0 43
251 213 14 2.069 2.0587 44.632 44.237 -0.03368 -1.75212 0 43
251 270 15 2.0222 2.0163 46.741 47.005 0.04432 -1.74612 0 43
251 247 16 2.0689 2.0697 47.497 47.174 0.05032 -1.79412 0 43
251 223 17 2.0618 2.042 35.985 36.557 -0.24968 -1.63212 0 43
251 264 18 1.9381 1.9286 41.553 41.91 -0.09368 -1.61412 0 43
251 204 19 2.0595 2.0473 45.149 45.077 -0.00968 -1.75212 0 43
251 317 20 2.031 2.0418 43.172 42.954 -0.06968 -1.72212 0 43
251 292 21 1.9125 1.9083 42.091 42.327 -0.08168 -1.60212 0 43
251 274 22 2.0371 2.0432 32.638 32.894 -0.35168 -1.57212 0 43
251 247 23 1.9538 1.9324 41.753 42.141 -0.08768 -1.62012 0 43
251 278 24 1.9249 1.9098 43.274 43.238 -0.05768 -1.61412 0 43
251 327 25 2.0439 2.0488 43.178 42.962 -0.06968 -1.72812 0 44
251 267 26 1.9063 1.8966 34.309 34.711 -0.27968 -1.48812 0 44
251 210 27 1.9733 1.99 44.601 44.632 -0.02168 -1.69812 0 43
251 299 28 1.9074 1.896 36.134 36.331 -0.23768 -1.51212 0 44
251 280 29 1.9969 2.0148 35.15 34.909 -0.29168 -1.58412 0 43
251 229 30 1.9467 1.9282 34.228 34.66 -0.28568 -1.51212 0 44
251 272 31 1.94 1.9261 42.503 42.581 -0.07568 -1.62012 0 43
251 265 32 2.0324 2.0302 35.856 35.64 -0.27368 -1.60812 0 43
251 280 33 2.0627 2.0575 37.71 37.688 -0.21968 -1.66212 0 44
251 293 34 2.0276 2.0223 38.095 37.984 -0.20768 -1.63812 0 44
251 301 35 2.0401 2.0367 34.728 34.591 -0.30368 -1.59612 0 43
251 144 36 1.9584 1.9678 44.025 44.183 -0.03368 -1.67412 0 43
251 275 37 2.0102 2.0168 44.316 44.213 -0.03368 -1.71612 0 43
251 295 38 2.0414 2.0326 34.885 34.785 -0.29768 -1.59612 0 43
251 279 39 2.0024 2.0179 40.353 40.343 -0.14168 -1.66812 0 44
251 246 40 1.9114 1.8929 38.663 38.627 -0.17768 -1.54212 0 43
251 269 41 2.0123 2.018 44.86 44.643 -0.02168 -1.72212 0 43
251 280 42 1.9912 1.9927 47.221 47.242 0.05032 -1.72812 0 43
251 256 43 1.9494 1.9324 41.926 42.141 -0.08768 -1.62012 0 43
251 205 44 1.9864 2.02 43.002 42.498 -0.08168 -1.69812 0 43
251 168 45 1.9326 1.9116 44.999 45.279 -0.00368 -1.63812 0 43
251 226 46 1.9432 1.9277 40.611 41.007 -0.11768 -1.60212 0 43
251 212 47 1.9445 1.926 33.282 33.271 -0.32168 -1.48812 0 44
251 182 48 1.9408 1.9243 38.165 38.511 -0.18368 -1.56612 0 43
251 217 49 1.9713 1.9799 40.892 40.904 -0.12368 -1.64412 0 44
287 311 0 2.0137 2.0204 35.74 35.374 -0.27968 -1.59612 0 43
287 236 1 1.9548 1.9504 35.706 35.461 -0.26768 -1.54212 0 44
287 279 2 1.9008 1.8891 39.336 39.305 -0.15968 -1.54812 0 44
287 304 3 1.9199 1.9146 41.435 41.884 -0.09368 -1.60212 0 44
287 342 4 1.8977 1.8837 37.413 37.434 -0.20768 -1.51812 0 44
287 299 5 2.0171 2.0152 45.039 44.857 -0.01568 -1.72212 0 44
287 253 6 2.0006 2.0115 32.731 32.914 -0.34568 -1.54812 0 44
287 263 7 1.9051 1.8824 45.824 45.968 0.01432 -1.62012 0 44
287 243 8 1.9639 1.9502 42.498 42.394 -0.08168 -1.63812 0 44
287 280 9 1.9346 1.9213 34.228 34.621 -0.28568 -1.50612 0 44
287 222 10 1.95 1.9594 38.047 38.19 -0.19568 -1.59012 0 44
287 271 11 1.9585 1.9394 41.82 42.153 -0.08768 -1.62612 0 44
287 325 12 1.9087 1.9021 35.009 35.206 -0.26768 -1.50012 0 44
287 296 13 1.9884 2.0038 35.444 35.071 -0.28568 -1.57812 0 43
287 178 14 1.9495 1.9439 44.333 44.39 -0.02768 -1.65612 0 43
287 325 15 2.0064 2.0176 33.998 34.049 -0.31568 -1.57212 0 43
287 316 16 1.9084 1.8938 37.716 37.707 -0.20168 -1.53012 0 44
287 295 17 1.9983 2.0044 38.966 38.571 -0.18968 -1.63212 0 44
287 223 18 1.9501 1.9308 43.596 43.261 -0.05768 -1.63212 0 43
287 253 19 1.9538 1.966 38.883 38.658 -0.18368 -1.60212 0 44
287 284 20 2.0144 2.025 39.224 39.071 -0.17768 -1.65612 0 44
287 243 21 1.957 1.977 38.102 38.034 -0.20168 -1.60212 0 44
287 320 22 2.0076 2.0117 38.455 38.162 -0.20168 -1.63212 0 44
287 257 23 1.9824 1.9936 39.569 39.19 -0.17168 -1.63212 0 44
287 259 24 1.9471 1.9623 47.468 47.491 0.05632 -1.70412 0 43
287 237 25 1.9495 1.938 33.51 33.804 -0.30968 -1.50612 0 44
287 281 26 2.0208 2.0154 45.834 45.931 0.01432 -1.73412 0 44
287 286 27 1.8985 1.8962 40.754 40.705 -0.12368 -1.57212 0 44
287 254 28 1.9691 1.9797 39.507 39.146 -0.17168 -1.62012 0 44
287 213 29 1.9293 1.9279 46.755 46.853 0.03832 -1.66812 0 43
287 329 30 2.0228 2.0197 37.113 37.325 -0.22568 -1.62612 0 43
287 238 31 1.9702 1.9917 36.177 35.67 -0.26768 -1.57812 0 44
287 367 32 2.0289 2.0388 40.468 40.396 -0.14168 -1.68612 0 44
287 342 33 2.0578 2.0527 43.513 43.178 -0.06368 -1.73412 0 44
287 289 34 1.8992 1.8857 39.033 39.063 -0.16568 -1.54212 0 44
287 268 35 1.9886 2.0084 36.316 35.97 -0.26168 -1.59612 0 43
287 251 36 1.9575 1.9622 39.45 39.312 -0.16568 -1.60812 0 44
287 314 37 2.0052 2.0179 40.262 40.343 -0.14168 -1.66812 0 44
287 294 38 2.0419 2.0302 35.678 35.64 -0.27368 -1.60812 0 43
287 201 39 1.9323 1.9271 45.609 45.73 0.00832 -1.65612 0 43
287 306 40 2.0079 2.0234 33.37 33.427 -0.33368 -1.56612 0 43
287 275 41 1.9126 1.903 40.051 40.265 -0.13568 -1.57212 0 44
287 307 42 2.0379 2.0423 39.001 39.339 -0.17168 -1.67412 0 44
287 320 43 2.0677 2.0633 38.729 38.979 -0.18368 -1.68612 0 44
287 288 44 2.0078 2.0041 45.721 45.718 0.00832 -1.72212 0 44
287 284 45 2.0438 2.0321 36.069 36.297 -0.25568 -1.62012 0 43
287 250 46 1.9104 1.8868 45.896 46.196 0.02032 -1.62612 0 43
287 344 47 2.0227 2.0245 34.13 34.088 -0.31568 -1.57812 0 43
287 194 48 1.9372 1.9298 45.3 45.505 0.00232 -1.65612 0 43
287 314 49 2.0613 2.0477 34.455 34.434 -0.30968 -1.60212 0 43
323 330 0 1.9445 1.9292 42.324 42.361 -0.08168 -1.62012 0 44
323 293 1 1.9643 1.9565 41.892 41.96 -0.09368 -1.63812 0 44
323 327 2 2.0072 2.0144 36.469 36.434 -0.24968 -1.60812 0 44
323 240 3 1.9713 1.9917 43.971 43.98 -0.03968 -1.69212 0 44
323 262 4 1.9732 1.9781 33.299 33.372 -0.32768 -1.53012 0 44
323 371 5 1.8991 1.8869 37.542 37.679 -0.20168 -1.52412 0 44
323 367 6 2.0263 2.0223 38.026 37.984 -0.20768 -1.63812 0 44
323 330 7 1.985 1.9983 34.825 34.6 -0.29768 -1.56612 0 44
323 282 8 1.9516 1.9435 35.523 35.425 -0.26768 -1.53612 0 44
323 328 9 1.9411 1.9286 41.528 41.91 -0.09368 -1.61412 0 44
323 324 10 2.0572 2.0477 44.32 44.019 -0.03968 -1.74012 0 44
323 277 11 1.9394 1.9379 38.969 39.01 -0.17168 -1.58412 0 44
323 236 12 1.9607 1.976 44.513 44.626 -0.02168 -1.68612 0 43
323 393 13 2.0334 2.048 42.731 42.538 -0.08168 -1.72212 0 44
323 274 14 1.9814 1.9947 42.258 41.809 -0.09968 -1.66812 0 44
323 342 15 2.0013 2.015 33.709 33.815 -0.32168 -1.56612 0 44
323 316 16 1.9576 1.9693 47.499 47.483 0.05632 -1.71012 0 44
323 342 17 1.9893 1.9978 38.463 38.111 -0.20168 -1.62012 0 44
323 353 18 2.0352 2.0389 32.819 33.084 -0.34568 -1.57212 0 44
323 345 19 2.0668 2.0636 43.741 43.4 -0.05768 -1.74612 0 44
323 238 20 1.9436 1.9247 37.77 38.059 -0.19568 -1.56012 0 44
323 344 21 2.076 2.0619 33.308 33.439 -0.33968 -1.59612 0 44
323 324 22 1.9951 1.9984 45.078 45.069 -0.00968 -1.71012 0 44
323 355 23 2.006 2.015 33.806 33.815 -0.32168 -1.56612 0 44
323 348 24 2.0137 2.0333 42.463 42.091 -0.09368 -1.70412 0 44
323 286 25 1.9455 1.9296 33.874 34.211 -0.29768 -1.50612 0 44
323 315 26 1.9846 1.9928 45.583 45.502 0.00232 -1.71012 0 44
323 265 27 1.966 1.9882 37.349 37.416 -0.21968 -1.60212 0 44
323 310 28 2.0737 2.0546 34.591 34.471 -0.30968 -1.60812 0 44
323 314 29 1.978 1.9955 34.584 34.364 -0.30368 -1.56012 0 44
323 372 30 1.9015 1.893 36.025 36.085 -0.24368 -1.50612 0 44
323 345 31 2.0521 2.053 38.704 38.734 -0.18968 -1.67412 0 44
323 320 32 1.9749 1.9835 38.779 38.498 -0.18968 -1.61412 0 44
323 277 33 1.9536 1.9369 43.05 42.821 -0.06968 -1.63212 0 44
323 286 34 1.9284 1.9239 39.222 39.416 -0.15968 -1.57812 0 44
323 357 35 1.9224 1.9184 41.954 42.117 -0.08768 -1.60812 0 44
323 256 36 1.9372 1.9393 46.887 47.068 0.04432 -1.68012 0 44
323 277 37 1.9849 2.0016 42.339 41.821 -0.09968 -1.67412 0 44
323 295 38 1.9015 1.8834 46.811 47.117 0.04432 -1.63212 0 44
323 366 39 1.9185 1.9116 32.857 32.482 -0.33968 -1.46412 0 44
323 356 40 2.0156 2.034 42.764 42.518 -0.08168 -1.71012 0 44
323 332 41 2.0593 2.0557 47.338 47.186 0.05032 -1.78212 0 44
323 295 42 2.0019 2.014 32.849 33.15 -0.33968 -1.55412 0 44
323 334 43 1.929 1.92 34.926 35.072 -0.27368 -1.51212 0 44
323 286 44 1.9636 1.9734 46.065 45.942 0.01432 -1.69812 0 43
323 301 45 1.9596 1.9528 41.547 41.731 -0.09968 -1.63212 0 44
323 222 46 1.9715 1.9867 43.479 43.322 -0.05768 -1.68012 0 44
323 310 47 1.9409 1.9241 34.52 34.866 -0.27968 -1.51212 0 44
323 284 48 1.9584 1.9585 35.235 35.053 -0.27968 -1.54212 0 44
323 347 49 2.0373 2.0362 38.346 38.035 -0.20768 -1.65012 0 44
359 376 0 2.0407 2.0417 47.273 47.198 0.05032 -1.77012 -0 44
359 376 1 2.018 2.0182 47.456 47.433 0.05632 -1.75212 -0 44
359 447 2 2.0665 2.0651 42.419 42.352 -0.08768 -1.73412 0 44
359 398 3 2.0051 2.0134 34.396 34.245 -0.30968 -1.57212 0 44
359 413 4 2.0196 2.0245 34.077 34.088 -0.31568 -1.57812 0 44
359 355 5 1.9885 1.9938 39.002 38.753 -0.18368 -1.62612 0 44
359 307 6 1.9382 1.9379 38.806 39.01 -0.17168 -1.58412 0 44
359 368 7 1.9963 2.0066 35.662 35.305 -0.27968 -1.58412 0 44
359 414 8 2.0474 2.0424 33.972 33.973 -0.32168 -1.59012 0 44
359 401 9 2.0762 2.0736 39.004 39.221 -0.17768 -1.69812 0 45
359 383 10 2.0469 2.0501 38.253 38.086 -0.20768 -1.66212 0 44
359 341 11 1.9359 1.9138 36.013 36.187 -0.24368 -1.52412 0 44
359 319 12 1.9068 1.8911 46.259 46.423 0.02632 -1.63212 0 44
359 372 13 2.0642 2.0582 46.835 46.973 0.04432 -1.78212 -0 44
359 373 14 1.9326 1.9216 41.602 41.897 -0.09368 -1.60812 0 44
359 374 15 2.0062 2.0168 44.345 44.213 -0.03368 -1.71612 0 44
359 321 16 1.979 1.9831 39.618 39.376 -0.16568 -1.62612 0 44
359 377 17 1.9099 1.9054 33.352 33.138 -0.32168 -1.47012 0 44
359 315 18 1.9557 1.9484 40.467 40.608 -0.12968 -1.61412 0 44
359 279 19 1.9293 1.9235 46.417 46.631 0.03232 -1.66212 0 44
359 337 20 1.985 1.9936 40.506 40.499 -0.13568 -1.65012 0 44
359 341 21 1.9999 2.0177 43.265 43.14 -0.06368 -1.70412 0 44
359 321 22 1.9521 1.9624 39.032 38.868 -0.17768 -1.60212 0 44
359 386 23 2.041 2.0354 35.202 35.017 -0.29168 -1.60212 0 44
359 328 24 2.07 2.052 36.31 36.814 -0.24368 -1.64412 0 44
359 286 25 1.9619 1.9739 36.157 35.804 -0.26168 -1.56612 0 44
359 336 26 1.9664 1.9751 46.41 46.38 0.02632 -1.70412 0 44
359 365 27 2.023 2.0214 46.403 46.573 0.03232 -1.74612 0 44
359 381 28 1.9219 1.9159 35.198 35.28 -0.26768 -1.51212 0 44
359 290 29 1.9597 1.9704 45.056 45.064 -0.00968 -1.68612 0 44
359 354 30 2.048 2.0419 44.666 44.44 -0.02768 -1.74012 0 44
359 373 31 2.0329 2.0349 44.663 44.436 -0.02768 -1.73412 0 44
359 407 32 1.903 1.8921 36.377 36.544 -0.23168 -1.51212 0 44
359 288 33 1.9405 1.9114 37.297 37.55 -0.20768 -1.54212 0 44
359 447 34 2.0491 2.0537 41.799 41.701 -0.10568 -1.71612 -0 44
359 326 35 1.9725 1.9797 39.482 39.146 -0.17168 -1.62012 0 44
359 311 36 1.9987 2.0047 32.687 32.871 -0.34568 -1.54212 0 44
359 357 37 2.0167 2.0214 39.31 39.276 -0.17168 -1.65612 0 44
359 410 38 2.0171 2.0189 34.784 34.712 -0.29768 -1.58412 0 44
359 314 39 1.9538 1.9517 39.934 39.948 -0.14768 -1.60812 0 44
359 436 40 2.0544 2.0588 43.011 42.764 -0.07568 -1.73412 0 44
359 375 41 1.9978 2.0181 41.117 40.775 -0.12968 -1.67412 0 44
359 439 42 2.044 2.048 42.782 42.538 -0.08168 -1.72212 0 44
359 441 43 2.0319 2.0424 40.791 40.617 -0.13568 -1.69212 -0 44
359 373 44 2.057 2.0582 47.161 46.973 0.04432 -1.78212 -0 44
359 408 45 1.8995 1.893 35.962 36.085 -0.24368 -1.50612 0 44
359 396 46 2.0004 2.0085 37.981 37.933 -0.20768 -1.62612 0 44
359 361 47 2.0022 2.0124 36.064 35.771 -0.26768 -1.59612 0 44
359 312 48 1.9573 1.9707 46.249 46.163 0.02032 -1.69812 0 44
359 365 49 2.0651 2.0634 46.373 46.549 0.03232 -1.78212 0 44
394 382 0 2.0024 2.0109 39.76 39.893 -0.15368 -1.65612 0 44
394 404 1 1.9421 1.9292 42.291 42.361 -0.08168 -1.62012 0 44
394 483 2 2.0451 2.046 40.871 40.838 -0.12968 -1.69812 -0 45
394 424 3 2.002 2.0066 34.201 34.206 -0.30968 -1.56612 0 44
394 399 4 1.9315 1.9188 35.305 35.524 -0.26168 -1.51812 0 44
394 388 5 1.9139 1.9064 33.758 33.84 -0.30368 -1.48212 0 44
394 407 6 2.0118 2.0264 42.332 42.079 -0.09368 -1.69812 0 44
394 368 7 2.0726 2.0617 44.173 44.029 -0.03968 -1.75212 0 44
394 418 8 1.9077 1.9076 41.757 41.871 -0.09368 -1.59612 0 44
394 400 9 2.0361 2.0354 46.458 46.565 0.03232 -1.75812 0 44
394 481 10 2.0648 2.0597 40.297 40.447 -0.14168 -1.70412 -0 45
394 349 11 1.9512 1.9475 33.922 34.088 -0.30368 -1.51812 0 44
394 380 12 1.9155 1.91 40.16 40.283 -0.13568 -1.57812 0 44
394 381 13 1.9805 1.9928 34.159 34.128 -0.30968 -1.55412 0 44
394 471 14 2.0723 2.0636 41.016 41.088 -0.12368 -1.71612 -0 45
394 358 15 1.9674 1.9692 39.517 39.333 -0.16568 -1.61412 0 44
394 347 16 1.9725 1.9882 37.299 37.416 -0.21968 -1.60212 0 44
394 342 17 1.9643 1.9587 40.263 40.412 -0.13568 -1.62012 0 44
394 476 18 2.0462 2.0537 41.679 41.701 -0.10568 -1.71612 -0 45
394 440 19 2.0128 2.0176 34.089 34.049 -0.31568 -1.57212 0 44
394 456 20 2.0321 2.0313 34.097 34.127 -0.31568 -1.58412 0 44
394 373 21 1.9768 1.9858 45.652 45.503 0.00232 -1.70412 0 44
394 303 22 1.9502 1.9564 45.044 45.061 -0.00968 -1.67412 0 44
394 444 23 2.0249 2.0398 41.873 41.676 -0.10568 -1.70412 -0 45
394 344 24 1.9598 1.9587 40.271 40.412 -0.13568 -1.62012 0 44
394 391 25 1.9126 1.909 33.934 34.088 -0.29768 -1.48812 0 44
394 435 26 2.0219 2.034 42.807 42.518 -0.08168 -1.71012 0 44
394 365 27 1.9356 1.9275 40.475 40.556 -0.12968 -1.59612 0 44
394 319 28 1.9666 1.9769 36.33 36.04 -0.25568 -1.57212 0 44
394 360 29 1.9666 1.9763 35.198 34.925 -0.28568 -1.55412 0 44
394 412 30 2.077 2.0752 37.352 37.543 -0.22568 -1.67412 0 44
394 430 31 2.0122 2.0254 41.533 41.22 -0.11768 -1.68612 -0 44
394 416 32 2.0154 2.0234 33.227 33.427 -0.33368 -1.56612 0 44
394 390 33 2.0583 2.0547 44.324 44.024 -0.03968 -1.74612 0 44
394 368 34 2.0606 2.0558 44.559 44.446 -0.02768 -1.75212 0 44
394 423 35 2.0557 2.05 32.643 32.936 -0.35168 -1.57812 0 44
394 328 36 1.9547 1.9621 45.671 45.725 0.00832 -1.68612 0 44
394 360 37 1.9586 1.9598 34.561 34.61 -0.29168 -1.53612 0 44
394 477 38 2.0666 2.0619 42.619 42.558 -0.08168 -1.73412 0 44
394 356 39 1.9489 1.9338 43.074 43.041 -0.06368 -1.63212 0 44
394 369 40 1.9422 1.9326 35.602 35.596 -0.26168 -1.53012 0 44
394 416 41 2.0075 2.0135 35.636 35.34 -0.27968 -1.59012 0 44
394 444 42 2.0267 2.0257 34.919 34.749 -0.29768 -1.59012 0 44
394 344 43 1.9459 1.9396 33.292 33.357 -0.32168 -1.50012 0 44
394 377 44 1.9352 1.9277 40.851 41.007 -0.11768 -1.60212 0 44
394 382 45 2.024 2.0181 45.723 45.716 0.00832 -1.73412 0 44
394 363 46 1.9337 1.909 36.603 36.852 -0.22568 -1.53012 0 44
394 352 47 1.9793 1.9831 39.684 39.376 -0.16568 -1.62612 0 44
394 359 48 1.9429 1.9346 33.047 32.867 -0.33368 -1.48812 0 44
394 403 49 1.9127 1.9007 37.677 37.736 -0.20168 -1.53612 0 44
430 396 0 1.9741 1.9799 40.986 40.904 -0.12368 -1.64412 0 45
430 393 1 1.9749 1.9882 37.375 37.416 -0.21968 -1.60212 0 44
430 470 2 1.9029 1.8941 35.451 35.626 -0.25568 -1.50012 0 45
430 438 3 2.0469 2.0382 35.366 35.247 -0.28568 -1.60812 0 44
430 397 4 1.9716 1.9788 45.458 45.503 0.00232 -1.69812 0 44
430 434 5 2.0604 2.0564 46.317 46.553 0.03232 -1.77612 -0 44
430 356 6 1.9727 1.9731 32.977 32.891 -0.33968 -1.51812 0 45
430 387 7 1.9433 1.9371 33.148 33.113 -0.32768 -1.49412 0 45
430 395 8 1.9205 1.9135 39.056 39.156 -0.16568 -1.56612 0 44
430 336 9 1.9397 1.9438 45.528 45.505 0.00232 -1.66812 0 44
430 411 10 1.9917 2.0028 44.209 44.204 -0.03368 -1.70412 0 44
430 416 11 2.0016 2.0098 33.154 33.344 -0.33368 -1.55412 0 44
430 408 12 2.0323 2.0293 45.762 45.928 0.01432 -1.74612 -0 44
430 430 13 1.9962 2.0026 45.41 45.286 -0.00368 -1.71612 0 44
430 405 14 1.9698 1.9763 39.183 38.914 -0.17768 -1.61412 0 44
430 444 15 1.9306 1.9253 32.789 32.575 -0.33968 -1.47612 0 45
430 333 16 1.9378 1.9368 45.325 45.505 0.00232 -1.66212 0 44
430 474 17 2.0112 2.0134 34.237 34.245 -0.30968 -1.57212 0 44
430 378 18 1.9118 1.9034 45.896 45.962 0.01432 -1.63812 0 44
430 498 19 2.0314 2.0353 40.017 40.173 -0.14768 -1.68012 -0 45
430 374 20 1.9527 1.9482 33.034 32.957 -0.33368 -1.50012 0 45
430 422 21 2.0699 2.0646 43.977 43.821 -0.04568 -1.75212 -0 44
430 429 22 2.0035 2.0098 33.309 33.344 -0.33368 -1.55412 0 44
430 407 23 1.9869 1.9942 41.606 41.372 -0.11168 -1.66212 0 45
430 478 24 2.039 2.0414 33.264 33.317 -0.33968 -1.57812 0 44
430 385 25 1.9544 1.9544 34.017 34.128 -0.30368 -1.52412 0 45
430 404 26 1.9607 1.9528 41.628 41.731 -0.09968 -1.63212 0 44
430 415 27 2.0299 2.0267 45.948 46.142 0.02032 -1.74612 -0 44
430 458 28 2.0685 2.0636 43.504 43.4 -0.05768 -1.74612 -0 44
430 464 29 2.0621 2.0568 32.859 32.978 -0.35168 -1.58412 0 44
430 414 30 1.954 1.9458 41.605 41.718 -0.09968 -1.62612 0 44
430 438 31 2.0661 2.0652 46.852 46.968 0.04432 -1.78812 -0 44
430 442 32 2.0003 2.0135 35.65 35.34 -0.27968 -1.59012 0 44
430 456 33 1.9161 1.9098 33.059 32.934 -0.32768 -1.47012 0 45
430 407 34 1.9275 1.9121 37.004 37.095 -0.21968 -1.53612 0 44
430 452 35 2.0487 2.0494 38.833 38.935 -0.18368 -1.67412 0 45
430 512 36 2.0572 2.0619 42.754 42.558 -0.08168 -1.73412 -0 45
430 446 37 1.9914 1.9908 46.727 46.808 0.03832 -1.72212 0 44
430 327 38 1.9731 1.9797 43.42 43.315 -0.05768 -1.67412 0 44
430 379 39 1.9846 1.9961 33.2 33.26 -0.33368 -1.54212 0 44
430 469 40 2.0215 2.0365 42.021 41.883 -0.09968 -1.70412 -0 45
430 444 41 2.0079 2.011 44.814 44.64 -0.02168 -1.71612 0 44
430 389 42 1.9104 1.9039 47.497 47.782 0.06232 -1.65612 0 45
430 463 43 2.0006 2.0048 38.3 38.137 -0.20168 -1.62612 0 44
430 449 44 2.0263 2.0277 47.284 47.21 0.05032 -1.75812 -0 44
430 365 45 1.9338 1.9243 38.284 38.511 -0.18368 -1.56612 0 44
430 458 46 2.0536 2.0506 43.962 43.81 -0.04568 -1.74012 0 44
430 408 47 1.986 1.9944 33.66 33.693 -0.32168 -1.54812 0 44
430 454 48 2.0259 2.0274 36.762 36.924 -0.23768 -1.62612 0 44
430 397 49 1.9672 1.9763 35.077 34.925 -0.28568 -1.55412 0 44
466 503 0 2.0208 2.0309 42.856 42.727 -0.07568 -1.71012 -0 45
466 489 1 2.0051 2.0023 46.993 47.017 0.04432 -1.73412 -0 44
466 406 2 1.9149 1.9114 46.974 47.093 0.04432 -1.65612 0 45
466 479 3 2.0552 2.0443 36.91 37.209 -0.23168 -1.64412 0 45
466 480 4 2.0241 2.0252 47.446 47.426 0.05632 -1.75812 -0 44
466 513 5 1.9231 1.9116 32.566 32.482 -0.33968 -1.46412 0 45
466 429 6 1.9794 1.9866 40.474 40.482 -0.13568 -1.64412 0 45
466 515 7 2.0335 2.0326 34.737 34.785 -0.29768 -1.59612 0 44
466 504 8 1.9057 1.8952 36.79 36.789 -0.22568 -1.51812 0 45
466 433 9 2.0035 2.0115 32.806 32.914 -0.34568 -1.54812 0 45
466 477 10 1.9722 1.9788 47.357 47.254 0.05032 -1.71612 -0 44
466 447 11 1.9356 1.9246 35.875 36.011 -0.24968 -1.53012 0 45
466 516 12 1.8989 1.8952 36.721 36.789 -0.22568 -1.51812 -0 45
466 463 13 1.9204 1.9117 34.137 34.335 -0.29168 -1.49412 0 45
466 436 14 1.9803 1.9957 35.835 35.469 -0.27368 -1.57812 0 45
466 404 15 1.991 2.0099 42.997 42.699 -0.07568 -1.69212 0 45
466 473 16 1.8978 1.8929 38.632 38.627 -0.17768 -1.54212 0 45
466 452 17 1.9825 1.9858 45.591 45.503 0.00232 -1.70412 0 44
466 513 18 2.0208 2.0229 37.473 37.554 -0.21968 -1.63212 0 45
466 439 19 1.9824 1.9872 41.458 41.358 -0.11168 -1.65612 0 45
466 479 20 1.9249 1.9148 35.592 35.733 -0.25568 -1.51812 0 45
466 431 21 1.9697 1.97 41.603 41.543 -0.10568 -1.64412 0 45
466 394 22 1.9351 1.9247 37.882 38.059 -0.19568 -1.56012 0 45
466 485 23 1.9285 1.9216 41.716 41.897 -0.09368 -1.60812 0 45
466 441 24 1.9095 1.9066 39.091 39.133 -0.16568 -1.56012 0 45
466 443 25 1.9233 1.9045 37.396 37.521 -0.20768 -1.53612 0 45
466 435 26 1.9159 1.9068 38.617 38.676 -0.17768 -1.55412 0 45
466 474 27 2.0292 2.0252 36.232 36.266 -0.25568 -1.61412 0 44
466 384 28 2.0771 2.0637 35.881 36.225 -0.26168 -1.64412 0 45
466 423 29 1.9724 1.9763 40.669 40.676 -0.12968 -1.63812 0 45
466 458 30 1.9698 1.9769 46.753 46.818 0.03832 -1.71012 0 44
466 491 31 2.0568 2.0607 38.01 37.912 -0.21368 -1.66812 -0 45
466 424 32 2.0578 2.0503 45.577 45.923 0.01432 -1.76412 -0 45
466 444 33 1.9885 1.997 40.392 40.29 -0.14168 -1.65012 0 45
466 515 34 2.0445 2.0414 33.273 33.317 -0.33968 -1.57812 0 45
466 462 35 2.008 2.0041 45.745 45.718 0.00832 -1.72212 0 45
466 488 36 2.0349 2.0308 44.383 44.221 -0.03368 -1.72812 -0 45
466 443 37 2.003 2.0162 42.597 42.278 -0.08768 -1.69212 -0 45
466 507 38 1.9028 1.8944 37.189 37.248 -0.21368 -1.52412 0 45
466 383 39 1.9496 1.9414 36.437 36.319 -0.24368 -1.54812 0 45
466 501 40 1.9258 1.9185 32.663 32.528 -0.33968 -1.47012 0 45
466 498 41 1.9974 2.0053 37.769 37.703 -0.21368 -1.62012 0 44
466 384 42 1.9824 1.9937 43.392 43.329 -0.05768 -1.68612 0 45
466 549 43 2.0682 2.0651 42.48 42.352 -0.08768 -1.73412 -0 45
466 416 44 1.9667 1.9654 33.873 33.968 -0.30968 -1.53012 0 45
466 427 45 1.9709 1.9667 41.717 41.757 -0.09968 -1.64412 0 45
466 416 46 1.953 1.9585 46.577 46.61 0.03232 -1.69212 0 44
466 393 47 1.954 1.9648 45.575 45.504 0.00232 -1.68612 0 44
466 559 48 2.0552 2.0527 40.334 40.43 -0.14168 -1.69812 -0 45
466 481 49 1.9922 2.001 34.914 34.836 -0.29168 -1.57212 0 45
502 518 0 1.9005 1.9007 41.815 41.858 -0.09368 -1.59012 0 45
502 496 1 2.0169 2.0138 45.538 45.502 0.00232 -1.72812 -0 45
502 462 2 2.0623 2.048 35.421 35.511 -0.27968 -1.62012 0 45
502 502 3 2.0029 2.0124 36.047 35.771 -0.26768 -1.59612 0 45
502 531 4 2.0595 2.0597 38.901 39.179 -0.17768 -1.68612 -0 46
502 580 5 2.07 2.0631 40.206 40.244 -0.14768 -1.70412 -0 46
502 567 6 2.0295 2.0353 40.06 40.173 -0.14768 -1.68012 -0 45
502 527 7 2.0438 2.0458 39.065 39.136 -0.17768 -1.67412 -0 46
502 469 8 2.0399 2.032 45.567 45.714 0.00832 -1.74612 -0 45
502 557 9 2.0623 2.0597 43.238 43.186 -0.06368 -1.74012 -0 45
502 530 10 2.0682 2.0594 33.171 33.209 -0.34568 -1.59012 -0 45
502 478 11 1.9266 1.9121 36.95 37.095 -0.21968 -1.53612 0 45
502 516 12 1.9924 1.9908 46.793 46.808 0.03832 -1.72212 -0 45
502 508 13 1.9086 1.9072 41.357 41.415 -0.10568 -1.59012 0 45
502 540 14 1.9217 1.916 42.638 42.792 -0.06968 -1.61412 0 45
502 564 15 2.0316 2.0403 42.226 42.102 -0.09368 -1.71012 -0 45
502 487 16 1.8986 1.8961 39.364 39.327 -0.15968 -1.55412 0 45
502 523 17 2.0133 2.0137 47.159 47.223 0.05032 -1.74612 -0 45
502 477 18 1.9858 1.9936 40.559 40.499 -0.13568 -1.65012 0 45
502 458 19 1.98 1.99 44.537 44.632 -0.02168 -1.69812 0 45
502 576 20 2.0381 2.0463 41.409 41.263 -0.11768 -1.70412 -0 45
502 421 21 1.9262 1.9217 46.082 46.182 0.02032 -1.65612 0 45
502 407 22 1.9449 1.9466 45.338 45.282 -0.00368 -1.66812 0 45
502 552 23 2.0294 2.0318 39.813 39.95 -0.15368 -1.67412 -0 45
502 494 24 2.0171 2.0184 32.778 32.957 -0.34568 -1.55412 0 45
502 515 25 1.9195 1.9172 34.707 34.827 -0.27968 -1.50612 0 45
502 495 26 1.91 1.9068 40.859 40.959 -0.11768 -1.58412 0 45
502 437 27 1.937 1.9368 47.167 47.294 0.05032 -1.68012 0 45
502 448 28 1.9116 1.9046 45.188 45.279 -0.00368 -1.63212 0 45
502 534 29 1.9214 1.9129 43.024 43.015 -0.06368 -1.61412 0 45
502 563 30 2.0543 2.0527 43.357 43.178 -0.06368 -1.73412 -0 45
502 489 31 2.0735 2.0697 47.395 47.174 0.05032 -1.79412 -0 45
502 457 32 2.0731 2.0628 36.301 36.646 -0.24968 -1.65012 0 45
502 481 33 1.991 1.997 40.287 40.29 -0.14168 -1.65012 0 45
502 515 34 1.9301 1.9216 41.621 41.897 -0.09368 -1.60812 0 45
502 538 35 2.0441 2.0457 32.939 33.126 -0.34568 -1.57812 0 45
502 521 36 1.9922 1.9983 37.724 37.676 -0.21368 -1.61412 0 45
502 450 37 1.9274 1.9207 38.616 38.725 -0.17768 -1.56612 0 45
502 500 38 1.9971 1.9998 45.561 45.502 0.00232 -1.71612 0 45
502 455 39 1.9614 1.9707 46.114 46.163 0.02032 -1.69812 0 45
502 545 40 2.0661 2.0631 39.087 39.4 -0.17168 -1.69212 -0 46
502 460 41 1.9445 1.9378 40.322 40.358 -0.13568 -1.60212 0 45
502 521 42 2.0068 2.0135 35.618 35.34 -0.27968 -1.59012 0 45
502 471 43 1.9502 1.9447 35.002 34.979 -0.27968 -1.53012 0 45
502 486 44 1.8984 1.8961 39.274 39.327 -0.15968 -1.55412 0 45
502 460 45 1.9657 1.9681 34.127 34.208 -0.30368 -1.53612 0 45
502 531 46 1.9223 1.9129 43.057 43.015 -0.06368 -1.61412 0 45
502 479 47 1.9908 1.9986 33.447 33.497 -0.32768 -1.54812 0 45
502 580 48 2.0403 2.0473 42.238 42.113 -0.09368 -1.71612 -0 45
502 472 49 1.9457 1.9392 34.329 34.494 -0.29168 -1.51812 0 45
36 116 0 1.9624 1.8932 45.156 31.883 -0.35168 -1.44012 0 43
36 116 1 1.9499 1.8932 38.61 31.883 -0.35168 -1.44012 0 43
36 116 2 2.0015 1.8932 43.186 31.883 -0.35168 -1.44012 0 43
36 117 3 2.019 1.8932 33.052 31.883 -0.35168 -1.44012 0 43
36 115 4 2.0684 1.8932 34.644 31.883 -0.35168 -1.44012 0 43
36 119 5 2.0349 2.0581 43.84 42.342 -0.08768 -1.72812 0 43
36 116 6 2.0532 1.8932 47.175 31.883 -0.35168 -1.44012 0 43
36 117 7 1.9896 1.8932 44.502 31.883 -0.35168 -1.44012 0 43
36 116 8 1.9384 1.8932 36.666 31.883 -0.35168 -1.44012 0 43
36 117 9 1.9044 1.8693 37.66 37.839 -0.19568 -1.51212 0 43
36 115 10 1.9664 1.8932 39.583 31.883 -0.35168 -1.44012 0 43
36 116 11 1.9386 1.8932 40.421 31.883 -0.35168 -1.44012 0 43
36 116 12 2.0171 1.8932 45.72 31.883 -0.35168 -1.44012 0 43
36 116 13 1.9827 1.8932 40.055 31.883 -0.35168 -1.44012 0 43
36 116 14 1.9638 1.8932 39 31.883 -0.35168 -1.44012 0 43
36 116 15 2.0544 2.0492 38.885 40.209 -0.14768 -1.69212 0 43
36 116 16 1.9665 1.8932 34.49 31.883 -0.35168 -1.44012 0 43
36 117 17 1.9428 1.8932 33.97 31.883 -0.35168 -1.44012 0 43
36 116 18 1.9627 1.8932 47.058 31.883 -0.35168 -1.44012 0 43
36 115 19 1.9592 1.8932 40.394 31.883 -0.35168 -1.44012 0 43
36 116 20 1.9743 1.8932 35.195 31.883 -0.35168 -1.44012 0 43
36 115 21 2.0257 1.8932 38.829 31.883 -0.35168 -1.44012 0 43
36 118 22 2.0377 2.0581 43.934 42.342 -0.08768 -1.72812 0 43
36 116 23 2.0768 1.8932 35.978 31.883 -0.35168 -1.44012 0 43
36 116 24 1.9345 1.8932 39.34 31.883 -0.35168 -1.44012 0 43
36 116 25 2.0678 1.8932 33.009 31.883 -0.35168 -1.44012 0 43
36 115 26 1.9954 1.8932 42.519 31.883 -0.35168 -1.44012 0 43
36 116 27 2.0731 2.0581 43.623 42.342 -0.08768 -1.72812 0 43
36 117 28 2.029 1.8932 33.572 31.883 -0.35168 -1.44012 0 43
36 131 29 1.9165 1.8956 33.212 32.136 -0.34568 -1.44612 0 43
36 116 30 1.9895 1.8932 38.916 31.883 -0.35168 -1.44012 0 43
36 127 31 2.0758 2.0527 39.746 40.43 -0.14168 -1.69812 0 43
36 116 32 1.9617 1.8932 33.827 31.883 -0.35168 -1.44012 0 43
36 115 33 1.9216 1.8932 40.236 31.883 -0.35168 -1.44012 0 43
36 116 34 2.0014 1.8932 44.684 31.883 -0.35168 -1.44012 0 43
36 115 35 2.0719 1.8932 32.771 31.883 -0.35168 -1.44012 0 43
36 117 36 1.9328 1.8932 47.172 31.883 -0.35168 -1.44012 0 43
36 116 37 1.9753 1.8932 44.899 31.883 -0.35168 -1.44012 0 43
36 116 38 1.9747 1.8932 42.382 31.883 -0.35168 -1.44012 0 43
36 116 39 1.9362 1.8932 46.905 31.883 -0.35168 -1.44012 0 43
36 116 40 1.9459 1.8932 47.333 31.883 -0.35168 -1.44012 0 43
36 116 41 1.9789 1.8932 37.882 31.883 -0.35168 -1.44012 0 43
36 117 42 1.9567 1.8932 36.231 31.883 -0.35168 -1.44012 0 43
36 116 43 1.9761 1.8932 35.673 31.883 -0.35168 -1.44012 0 43
36 122 44 2.0387 2.0581 43.579 42.342 -0.08768 -1.72812 0 43
36 116 45 1.976 1.8932 42.43 31.883 -0.35168 -1.44012 0 43
36 116 46 2.0509 1.8932 33.38 31.883 -0.35168 -1.44012 0 43
36 115 47 1.9361 1.8932 39.8 31.883 -0.35168 -1.44012 0 43
36 115 48 1.9153 1.8932 39.254 31.883 -0.35168 -1.44012 0 43
36 116 49 2.0455 1.8932 44.665 31.883 -0.35168 -1.44012 0 43
72 124 0 1.9821 2.0424 41.839 40.617 -0.13568 -1.69212 0 43
72 119 1 1.9345 1.8762 37.425 37.868 -0.19568 -1.51812 0 43
72 130 2 1.9058 1.902 42.493 42.773 -0.06968 -1.60212 0 43
72 138 3 1.9954 2.0424 41.162 40.617 -0.13568 -1.69212 0 43
72 118 4 2.0138 1.8932 32.654 31.883 -0.35168 -1.44012 0 43
72 122 5 2.0045 2.0191 37.941 37.756 -0.21368 -1.63212 0 43
72 125 6 1.9275 1.8844 36.074 36.972 -0.21968 -1.51212 0 43
72 114 7 1.9287 1.8932 38.392 31.883 -0.35168 -1.44012 0 43
72 144 8 2.0278 2.0422 39.563 40.191 -0.14768 -1.68612 0 43
72 116 9 1.983 1.8932 34.617 31.883 -0.35168 -1.44012 0 43
72 116 10 1.9351 1.8762 37.628 37.868 -0.19568 -1.51812 0 43
72 165 11 2.0349 2.0494 40.944 40.634 -0.13568 -1.69812 0 43
72 116 12 1.9816 1.8932 34.87 31.883 -0.35168 -1.44012 0 43
72 115 13 2.0197 1.8932 46.32 31.883 -0.35168 -1.44012 0 43
72 138 14 1.9141 1.8799 37.456 37.65 -0.20168 -1.51812 0 43
72 116 15 1.9962 1.8932 33.117 31.883 -0.35168 -1.44012 0 43
72 123 16 2.0052 2.0191 37.91 37.756 -0.21368 -1.63212 0 43
72 116 17 2.0629 1.8932 36.216 31.883 -0.35168 -1.44012 0 43
72 116 18 1.9632 1.8932 40.735 31.883 -0.35168 -1.44012 0 43
72 131 19 2.0156 2.0271 34.721 34.321 -0.30968 -1.58412 0 43
72 115 20 1.9447 1.8932 36.971 31.883 -0.35168 -1.44012 0 43
72 153 21 2.0142 2.0424 41.154 40.617 -0.13568 -1.69212 0 43
72 116 22 2.0541 1.8932 38.191 31.883 -0.35168 -1.44012 0 43
72 115 23 1.9246 1.8932 47.368 31.883 -0.35168 -1.44012 0 43
72 116 24 1.9756 1.8932 34.386 31.883 -0.35168 -1.44012 0 43
72 116 25 1.9999 1.8932 44.916 31.883 -0.35168 -1.44012 0 43
72 115 26 1.9601 1.8932 45.441 31.883 -0.35168 -1.44012 0 43
72 116 27 1.8974 1.8932 41.719 31.883 -0.35168 -1.44012 0 43
72 116 28 2.0285 1.8932 36.609 31.883 -0.35168 -1.44012 0 43
72 152 29 1.9277 1.8956 32.842 32.136 -0.34568 -1.44612 0 43
72 115 30 1.9989 1.8932 38.793 31.883 -0.35168 -1.44012 0 43
72 115 31 1.9393 1.8762 37.411 37.868 -0.19568 -1.51812 0 43
72 117 32 1.9673 1.8932 36.502 31.883 -0.35168 -1.44012 0 43
72 116 33 2.0075 1.8932 47.302 31.883 -0.35168 -1.44012 0 43
72 115 34 1.9545 1.8932 37.871 31.883 -0.35168 -1.44012 0 43
72 117 35 2.0611 1.8932 37.2 31.883 -0.35168 -1.44012 0 43
72 128 36 1.9107 1.902 42.422 42.773 -0.06968 -1.60212 0 43
72 115 37 2.0522 1.8932 35.375 31.883 -0.35168 -1.44012 0 43
72 127 38 1.9022 1.902 42.322 42.773 -0.06968 -1.60212 0 43
72 116 39 1.9736 1.8932 43.108 31.883 -0.35168 -1.44012 0 43
72 115 40 1.9698 1.8932 39.655 31.883 -0.35168 -1.44012 0 43
72 115 41 2.0351 1.8932 35.703 31.883 -0.35168 -1.44012 0 43
72 116 42 1.9399 1.8932 47.157 31.883 -0.35168 -1.44012 0 43
72 115 43 2.0283 1.8932 46.147 31.883 -0.35168 -1.44012 0 43
72 114 44 2.0615 1.8932 35.114 31.883 -0.35168 -1.44012 0 43
72 116 45 1.9165 1.8932 47.349 31.883 -0.35168 -1.44012 0 43
72 116 46 1.9738 1.8932 38.515 31.883 -0.35168 -1.44012 0 43
72 116 47 1.9914 1.8932 39.659 31.883 -0.35168 -1.44012 0 43
72 116 48 1.9674 1.8932 45.347 31.883 -0.35168 -1.44012 0 43
72 115 49 2.0445 1.8932 46.21 31.883 -0.35168 -1.44012 0 43
108 172 0 2.0327 2.0313 33.978 34.127 -0.31568 -1.58412 0 43
108 146 1 2.0428 2.0267 36.722 37.353 -0.22568 -1.63212 0 43
108 116 2 1.9613 1.8932 36.839 31.883 -0.35168 -1.44012 0 43
108 116 3 1.9232 1.8932 47.178 31.883 -0.35168 -1.44012 0 43
108 189 4 2.0298 2.0511 42.873 42.331 -0.08768 -1.72212 0 43
108 116 5 1.9657 1.8932 43.654 31.883 -0.35168 -1.44012 0 43
108 199 6 2.0578 2.0581 42.771 42.342 -0.08768 -1.72812 0 43
108 122 7 1.9688 2.0388 41.144 40.396 -0.14168 -1.68612 0 43
108 152 8 2.0245 2.0197 36.948 37.325 -0.22568 -1.62612 0 43
108 153 9 2.0215 2.0285 35.385 34.981 -0.29168 -1.59612 0 43
108 135 10 1.9612 1.8956 32.685 32.136 -0.34568 -1.44612 0 43
108 116 11 1.9053 1.8721 39.533 38.551 -0.17768 -1.52412 0 43
108 116 12 1.9491 1.8932 43.544 31.883 -0.35168 -1.44012 0 43
108 116 13 1.9546 1.8932 39.657 31.883 -0.35168 -1.44012 0 43
108 168 14 2.0474 2.0382 34.07 34.166 -0.31568 -1.59012 0 43
108 193 15 1.9159 1.9024 32.708 32.184 -0.34568 -1.45212 0 43
108 139 16 2.0058 2.0326 44.38 43.583 -0.05168 -1.72212 0 43
108 116 17 1.9534 1.8932 40.834 31.883 -0.35168 -1.44012 0 43
108 161 18 1.9168 1.909 42.497 42.783 -0.06968 -1.60812 0 43
108 152 19 2.0185 2.0197 37 37.325 -0.22568 -1.62612 0 43
108 119 20 2.0119 1.8932 32.544 31.883 -0.35168 -1.44012 0 43
108 150 21 2.0528 2.0367 34.86 34.591 -0.30368 -1.59612 0 43
108 196 22 2.0641 2.0566 41.041 41.073 -0.12368 -1.71012 0 43
108 134 23 1.9769 2.0354 41.281 40.601 -0.13568 -1.68612 0 43
108 150 24 1.9946 2.0203 34.446 34.283 -0.30968 -1.57812 0 43
108 159 25 2.0206 2.0257 35.167 34.749 -0.29768 -1.59012 0 43
108 116 26 1.951 1.8932 43.582 31.883 -0.35168 -1.44012 0 43
108 198 27 2.0454 2.0492 39.956 40.209 -0.14768 -1.69212 0 43
108 147 28 1.9193 1.9083 41.626 42.327 -0.08168 -1.60212 0 43
108 151 29 1.9222 1.8901 35.255 35.838 -0.24968 -1.50012 0 43
108 139 30 2.0363 2.0293 38.514 38.01 -0.20768 -1.64412 0 43
108 150 31 2.0313 2.0346 32.914 33.276 -0.33968 -1.57212 0 43
108 142 32 1.9329 1.8875 36.72 37.218 -0.21368 -1.51812 0 43
108 125 33 1.92 1.8396 46.161 46.687 0.03232 -1.59012 0 43
108 138 34 1.9356 1.8844 36.429 36.972 -0.21968 -1.51212 0 43
108 128 35 2.0506 2.0442 46.688 46.984 0.04432 -1.77012 0 43
108 146 36 2.0389 2.0285 35.336 34.981 -0.29168 -1.59612 0 43
108 116 37 1.9578 1.8932 38.96 31.883 -0.35168 -1.44012 0 43
108 117 38 1.9676 1.8932 35.891 31.883 -0.35168 -1.44012 0 43
108 185 39 1.9058 1.898 33.153 32.387 -0.33968 -1.45212 0 43
108 195 40 2.0744 2.0563 40.398 40.65 -0.13568 -1.70412 0 43
108 145 41 1.904 1.8475 44.537 45.978 0.01432 -1.59012 0 43
108 116 42 1.9533 1.8932 47.517 31.883 -0.35168 -1.44012 0 43
108 127 43 1.9839 2.0353 40.178 40.173 -0.14768 -1.68012 0 43
108 118 44 1.9738 2.0543 42.976 42.125 -0.09368 -1.72212 0 43
108 116 45 2.0608 1.8932 44.824 31.883 -0.35168 -1.44012 0 43
108 152 46 1.9891 2.0354 41.36 40.601 -0.13568 -1.68612 0 43
108 118 47 2.0221 2.0118 46.074 46.794 0.03832 -1.74012 0 43
108 156 48 2.0226 2.0329 33.312 33.701 -0.32768 -1.57812 0 43
108 117 49 1.9996 2.0166 36.465 37.096 -0.23168 -1.62012 0 43
143 160 0 1.9384 1.901 35.103 35.662 -0.25568 -1.50612 0 43
143 150 1 1.9564 1.9222 41.688 42.35 -0.08168 -1.61412 0 43
143 166 2 2.0319 2.0235 36.411 37.125 -0.23168 -1.62612 0 43
143 174 3 1.9849 2.0053 38.015 37.703 -0.21368 -1.62012 0 43
143 146 4 2.006 2.0041 45.721 45.718 0.00832 -1.72212 0 43
143 137 5 1.9152 1.8996 40.183 40.484 -0.12968 -1.57212 0 43
143 153 6 1.9745 2.0093 34.794 34.441 -0.30368 -1.57212 0 43
143 165 7 2.027 2.0232 46.826 47 0.04432 -1.75212 0 43
143 155 8 2.0702 2.0652 47.234 46.968 0.04432 -1.78812 0 43
143 175 9 2.034 2.0235 36.639 37.125 -0.23168 -1.62612 0 43
143 162 10 1.9018 1.8562 46.29 46.442 0.02632 -1.60212 0 43
143 169 11 1.993 2.0357 42.047 41.028 -0.12368 -1.69212 0 43
143 116 12 1.9604 1.8932 45.125 31.883 -0.35168 -1.44012 0 43
143 116 13 1.9472 1.8932 45.942 31.883 -0.35168 -1.44012 0 43
143 115 14 1.9294 1.8932 47.486 31.883 -0.35168 -1.44012 0 43
143 187 15 1.9064 1.9051 42.015 42.55 -0.07568 -1.60212 0 43
143 235 16 2.0356 2.0458 40.504 40.413 -0.14168 -1.69212 0 43
143 229 17 2.0753 2.064 41.205 41.509 -0.11168 -1.72212 0 43
143 199 18 2.0656 2.0557 43.563 42.971 -0.06968 -1.73412 0 43
143 183 19 1.9295 1.9152 41.956 42.338 -0.08168 -1.60812 0 43
143 196 20 1.9168 1.9059 42.878 43.006 -0.06368 -1.60812 0 43
143 117 21 1.9675 1.8888 33.623 32.087 -0.34568 -1.44012 0 43
143 176 22 2.0233 2.0387 39.267 39.969 -0.15368 -1.68012 0 43
143 165 23 1.9273 1.9048 33.406 32.435 -0.33968 -1.45812 0 43
143 209 24 2.012 2.039 41.279 40.822 -0.12968 -1.69212 0 43
143 142 25 1.9417 1.8869 37.183 37.679 -0.20168 -1.52412 0 43
143 124 26 1.9718 2.0511 43.704 42.331 -0.08768 -1.72212 0 43
143 170 27 1.9056 1.9044 41.534 42.093 -0.08768 -1.59612 0 43
143 119 28 1.9412 1.8448 44.078 46.214 0.02032 -1.59012 0 43
143 225 29 2.0336 2.0505 42.205 41.907 -0.09968 -1.71612 0 43
143 116 30 1.9525 1.8932 45.51 31.883 -0.35168 -1.44012 0 43
143 141 31 1.924 1.8827 38.561 38.358 -0.18368 -1.53012 0 43
143 204 32 2.0322 2.034 34.424 34.359 -0.30968 -1.59012 0 43
143 122 33 1.9411 1.8422 44.637 46.45 0.02632 -1.59012 0 43
143 156 34 2.0359 2.0258 46.339 46.784 0.03832 -1.75212 0 43
143 151 35 1.9804 2.0249 40.633 40.361 -0.14168 -1.67412 0 43
143 164 36 1.9286 1.9048 33.392 32.435 -0.33968 -1.45812 0 43
143 146 37 1.9458 1.909 34.579 35.243 -0.26768 -1.50612 0 43
143 127 38 1.9497 1.9248 40.596 41.677 -0.09968 -1.60812 0 43
143 199 39 1.9101 1.8882 36.361 36.758 -0.22568 -1.51212 0 43
143 196 40 2.0044 2.0318 40.507 40.378 -0.14168 -1.68012 0 43
143 205 41 2.043 2.0382 34.151 34.166 -0.31568 -1.59012 0 43
143 158 42 2.0744 2.0597 44.069 43.186 -0.06368 -1.74012 0 43
143 129 43 1.9468 1.9718 47.368 47.261 0.05032 -1.71012 0 43
143 192 44 2.0479 2.0367 34.691 34.591 -0.30368 -1.59612 0 43
143 191 45 1.9133 1.8799 37.419 37.65 -0.20168 -1.51812 0 43
143 196 46 1.9125 1.8837 37.223 37.434 -0.20768 -1.51812 0 43
143 197 47 2.055 2.0382 34.058 34.166 -0.31568 -1.59012 0 43
143 189 48 2.0219 2.0285 35.306 34.981 -0.29168 -1.59612 0 43
143 149 49 2.0032 2.0144 36.436 36.434 -0.24968 -1.60812 0 43
179 146 0 1.9513 1.8944 36.647 37.248 -0.21368 -1.52412 0 43
179 187 1 1.9307 1.9073 33.293 32.684 -0.33368 -1.46412 0 43
179 178 2 1.933 1.8869 37.361 37.679 -0.20168 -1.52412 0 43
179 231 3 1.909 1.8891 36.069 36.298 -0.23768 -1.50612 0 43
179 188 4 1.9049 1.8642 45.072 45.741 0.00832 -1.60212 0 43
179 217 5 2.0673 2.0525 32.864 33.168 -0.34568 -1.58412 0 43
179 130 6 1.9344 1.8448 44.513 46.214 0.02032 -1.59012 0 43
179 177 7 1.9665 1.9872 38.638 38.292 -0.19568 -1.61412 0 43
179 256 8 2.0334 2.0463 41.611 41.263 -0.11768 -1.70412 0 43
179 182 9 1.9866 1.9974 39.168 38.547 -0.18968 -1.62612 0 43
179 208 10 1.9955 1.9997 47.276 47.235 0.05032 -1.73412 0 43
179 231 11 1.9089 1.8921 36.149 36.544 -0.23168 -1.51212 0 43
179 155 12 1.9274 1.9169 39.61 39.848 -0.14768 -1.57812 0 43
179 145 13 1.9496 1.9699 46.669 46.823 0.03832 -1.70412 0 43
179 258 14 2.0758 2.0631 39.926 40.244 -0.14768 -1.70412 0 43
179 136 15 1.9733 2.0441 43.297 42.321 -0.08768 -1.71612 0 43
179 180 16 2.0066 2.0283 39.403 39.726 -0.15968 -1.66812 0 43
179 173 17 1.9839 2.0254 42.193 41.22 -0.11768 -1.68612 0 43
179 215 18 2.0346 2.0367 44.337 43.799 -0.04568 -1.72812 0 43
179 173 19 1.9708 2.0024 34.866 34.403 -0.30368 -1.56612 0 43
179 194 20 2.04 2.0342 35.697 35.443 -0.27968 -1.60812 0 43
179 224 21 1.9209 1.9121 42.112 42.56 -0.07568 -1.60812 0 43
179 218 22 2.0602 2.0409 34.374 34.397 -0.30968 -1.59612 0 43
179 150 23 1.9383 1.9239 39.995 40.321 -0.13568 -1.59012 0 43
179 146 24 2.0692 2.0411 35.609 35.477 -0.27968 -1.61412 0 43
179 186 25 1.9932 2.0291 42.263 41.442 -0.11168 -1.69212 0 43
179 234 26 1.9037 1.9028 43.223 43.23 -0.05768 -1.60812 0 43
179 161 27 1.9846 2.0328 42.614 41.663 -0.10568 -1.69812 0 43
179 159 28 1.9738 2.0251 41.83 40.791 -0.12968 -1.68012 0 43
179 230 29 2.0329 2.0298 37.59 37.581 -0.21968 -1.63812 0 43
179 190 30 1.947 1.9254 41.546 42.129 -0.08768 -1.61412 0 43
179 148 31 1.935 1.9238 39.477 39.868 -0.14768 -1.58412 0 43
179 214 32 2.0685 2.0525 32.733 33.168 -0.34568 -1.58412 0 43
179 146 33 1.9681 1.9331 42.408 42.591 -0.07568 -1.62612 0 43
179 126 34 1.9629 1.9475 33.525 34.088 -0.30368 -1.51812 0 43
179 230 35 1.9075 1.8869 37.475 37.679 -0.20168 -1.52412 0 43
179 265 36 2.0724 2.064 41.235 41.509 -0.11168 -1.72212 0 43
179 167 37 1.9186 1.91 40.066 40.283 -0.13568 -1.57812 0 43
179 133 38 1.9236 1.8535 46.152 46.677 0.03232 -1.60212 0 43
179 220 39 1.9174 1.897 35.566 35.873 -0.24968 -1.50612 0 43
179 209 40 1.998 2.0117 38.587 38.162 -0.20168 -1.63212 0 43
179 270 41 2.0392 2.0494 40.877 40.634 -0.13568 -1.69812 0 43
179 230 42 2.0313 2.0426 43.929 43.38 -0.05768 -1.72812 0 43
179 159 43 2.0429 2.0333 45.327 45.075 -0.00968 -1.74012 0 43
179 159 44 1.985 2.0371 43.049 42.31 -0.08768 -1.71012 0 43
179 203 45 1.9986 2.015 33.634 33.815 -0.32168 -1.56612 0 43
179 158 46 1.969 1.9858 45.709 45.503 0.00232 -1.70412 0 43
179 149 47 1.9526 1.899 36.059 36.576 -0.23168 -1.51812 0 43
179 169 48 1.9769 2.0021 37.229 37.472 -0.21968 -1.61412 0 43
179 143 49 1.9558 1.9622 39.625 39.312 -0.16568 -1.60812 0 43
215 216 0 1.9831 1.9974 39.086 38.547 -0.18968 -1.62612 0 43
215 253 1 2.0688 2.0508 33.496 33.589 -0.33368 -1.59012 0 43
215 144 2 1.929 1.9139 46.557 46.864 0.03832 -1.65612 0 43
215 222 3 1.8991 1.898 33.99 34.254 -0.29168 -1.48212 0 43
215 213 4 2.0476 2.0424 46.051 46.561 0.03232 -1.76412 0 43
215 254 5 1.9154 1.905 35.277 35.452 -0.26168 -1.50612 0 43
215 243 6 2.0503 2.0374 36.797 37.181 -0.23168 -1.63812 0 43
215 243 7 1.9941 1.9927 47.053 47.242 0.05032 -1.72812 0 43
215 297 8 2.0552 2.0588 43.019 42.764 -0.07568 -1.73412 0 43
215 295 9 2.0328 2.0422 40.139 40.191 -0.14768 -1.68612 0 43
215 169 10 1.9646 1.9957 36.141 35.469 -0.27368 -1.57812 0 43
215 265 11 2.0248 2.0387 39.694 39.969 -0.15368 -1.68012 0 44
215 202 12 1.9101 1.8961 39.162 39.327 -0.15968 -1.55412 0 43
215 242 13 2.0358 2.0362 38.437 38.035 -0.20768 -1.65012 0 44
215 244 14 2.0081 2.0379 43.115 42.737 -0.07568 -1.71612 0 43
215 142 15 1.9578 1.8906 36.867 37.463 -0.20768 -1.52412 0 43
215 239 16 2.0443 2.0432 38.376 38.061 -0.20768 -1.65612 0 44
215 270 17 1.9241 1.9092 32.704 32.232 -0.34568 -1.45812 0 43
215 209 18 1.999 2.0178 39.689 39.912 -0.15368 -1.66212 0 43
215 262 19 2.005 2.0122 37.823 37.73 -0.21368 -1.62612 0 43
215 274 20 2.0468 2.0424 33.923 33.973 -0.32168 -1.59012 0 43
215 245 21 2.0384 2.0457 39.044 39.562 -0.16568 -1.68012 0 44
215 208 22 1.9882 2.0254 42.103 41.22 -0.11768 -1.68612 0 43
215 306 23 2.0555 2.057 41.472 41.496 -0.11168 -1.71612 0 44
215 190 24 1.9561 1.9699 46.681 46.823 0.03832 -1.70412 0 43
215 246 25 2.0122 2.0166 36.938 37.096 -0.23168 -1.62012 0 43
215 234 26 1.9272 1.9098 43.461 43.238 -0.05768 -1.61412 0 43
215 171 27 1.9816 2.0278 43.511 42.937 -0.06968 -1.71012 0 43
215 191 28 1.9526 1.9299 43.038 42.811 -0.06968 -1.62612 0 43
215 279 29 2.0166 2.0318 40.413 40.378 -0.14168 -1.68012 0 43
215 247 30 2.0221 2.0245 35.603 35.177 -0.28568 -1.59612 0 43
215 244 31 1.9008 1.8925 34.547 34.92 -0.27368 -1.48812 0 43
215 263 32 2.0374 2.0298 37.469 37.581 -0.21968 -1.63812 0 43
215 205 33 2.0528 2.0351 36.015 36.526 -0.24968 -1.62612 0 43
215 246 34 2.0068 2.0128 37.063 37.297 -0.22568 -1.62012 0 43
215 155 35 1.935 1.9078 44.407 43.917 -0.03968 -1.62012 0 43
215 151 36 1.9496 1.9807 37.837 37.827 -0.20768 -1.60212 0 43
215 195 37 1.9915 2.0109 39.782 39.893 -0.15368 -1.65612 0 43
215 210 38 2.0419 2.032 44.987 44.648 -0.02168 -1.73412 0 43
215 194 39 1.961 1.9331 42.324 42.591 -0.07568 -1.62612 0 43
215 229 40 1.9182 1.9109 41.262 41.65 -0.09968 -1.59612 0 43
215 236 41 1.9247 1.9146 41.457 41.884 -0.09368 -1.60212 0 43
215 246 42 2.0598 2.0538 37.869 37.886 -0.21368 -1.66212 0 43
215 212 43 1.9361 1.9059 36.332 36.609 -0.23168 -1.52412 0 43
215 182 44 2.0592 2.0477 45.473 46.135 0.02032 -1.76412 0 43
215 297 45 2.0284 2.0388 40.541 40.396 -0.14168 -1.68612 0 43
215 190 46 1.9295 1.9108 44.111 43.692 -0.04568 -1.62012 0 43
215 152 47 1.9325 1.9368 47.028 47.294 0.05032 -1.68012 0 43
215 202 48 1.9932 2.0098 33.18 33.344 -0.33368 -1.55412 0 43
215 248 49 1.9003 1.8968 44.082 43.68 -0.04568 -1.60812 0 43
251 282 0 1.9338 1.9191 42.247 42.57 -0.07568 -1.61412 0 43
251 334 1 2.0392 2.0511 42.501 42.331 -0.08768 -1.72212 0 44
251 307 2 2.0238 2.0435 42.238 41.895 -0.09968 -1.71012 0 44
251 220 3 2.0451 2.0348 45.436 45.501 0.00232 -1.74612 0 43
251 278 4 1.9957 1.9972 47.389 47.454 0.05632 -1.73412 0 43
251 265 5 2.0366 2.0312 36.399 36.725 -0.24368 -1.62612 0 43
251 303 6 1.9006 1.8869 37.495 37.679 -0.20168 -1.52412 0 43
251 295 7 2.0155 2.0283 39.988 40.155 -0.14768 -1.67412 0 44
251 205 8 1.9611 1.9554 40.348 40.625 -0.12968 -1.62012 0 44
251 255 9 2.0082 2.0057 46.034 46.15 0.02032 -1.72812 0 43
251 305 10 1.8999 1.893 35.967 36.085 -0.24368 -1.50612 0 44
251 315 11 2.031 2.0418 43.295 42.954 -0.06968 -1.72212 0 43
251 278 12 2.0535 2.0501 38.161 38.086 -0.20768 -1.66212 0 44
251 223 13 1.9256 1.8966 38.194 38.41 -0.18368 -1.54212 0 43
251 227 14 1.9044 1.8789 46.559 46.891 0.03832 -1.62612 0 43
251 238 15 1.9648 1.9803 38.491 38.267 -0.19568 -1.60812 0 43
251 259 16 2.0711 2.0678 46.489 46.756 0.03832 -1.78812 0 43
251 332 17 2.0686 2.0596 39.873 40.024 -0.15368 -1.69812 0 44
251 251 18 2.012 2.0084 45.803 45.933 0.01432 -1.72812 0 43
251 252 19 1.9966 1.9971 45.703 45.719 0.00832 -1.71612 0 43
251 327 20 2.051 2.0488 43.151 42.962 -0.06968 -1.72812 0 44
251 235 21 1.9811 1.9942 44.861 44.851 -0.01568 -1.70412 0 43
251 171 22 1.9337 1.9305 46.389 46.627 0.03232 -1.66812 0 43
251 278 23 1.9228 1.909 35.012 35.243 -0.26768 -1.50612 0 43
251 290 24 2.0446 2.0399 37.825 37.835 -0.21368 -1.65012 0 44
251 287 25 2.008 2.0218 33.751 33.855 -0.32168 -1.57212 0 43
251 254 26 1.9073 1.8995 33.78 33.798 -0.30368 -1.47612 0 44
251 313 27 2.0151 2.032 41.156 40.807 -0.12968 -1.68612 0 44
251 278 28 2.074 2.0738 38.55 38.801 -0.18968 -1.69212 0 44
251 278 29 1.9842 1.9902 47.508 47.462 0.05632 -1.72812 0 43
251 229 30 1.9428 1.9254 34.033 34.415 -0.29168 -1.50612 0 44
251 347 31 2.0647 2.0613 42.045 42.136 -0.09368 -1.72812 0 44
251 298 32 2.0194 2.0217 35.147 34.945 -0.29168 -1.59012 0 43
251 240 33 1.9144 1.8929 38.611 38.627 -0.17768 -1.54212 0 43
251 224 34 1.9567 1.9699 46.688 46.823 0.03832 -1.70412 0 43
251 275 35 2.0167 2.0137 47.211 47.223 0.05032 -1.74612 0 43
251 255 36 2.0056 2.0057 46.053 46.15 0.02032 -1.72812 0 43
251 292 37 2.0622 2.0525 33.048 33.168 -0.34568 -1.58412 0 43
251 196 38 1.9572 1.9718 45.522 45.503 0.00232 -1.69212 0 43
251 286 39 2.0034 2.0117 38.44 38.162 -0.20168 -1.63212 0 43
251 259 40 2.0252 2.0188 46.373 46.789 0.03832 -1.74612 0 43
251 274 41 1.9862 1.9883 47.002 47.028 0.04432 -1.72212 0 43
251 332 42 2.0312 2.039 41.094 40.822 -0.12968 -1.69212 0 44
251 188 43 1.9537 1.9718 45.527 45.503 0.00232 -1.69212 0 43
251 216 44 1.9593 1.9585 35.154 35.053 -0.27968 -1.54212 0 43
251 261 45 2.0185 2.0318 39.31 39.521 -0.16568 -1.66812 0 44
251 281 46 1.899 1.8938 44.142 43.906 -0.03968 -1.60812 0 43
251 144 47 1.9489 1.9551 44.498 44.618 -0.02168 -1.66812 0 43
251 247 48 1.9061 1.8996 40.392 40.484 -0.12968 -1.57212 0 43
251 273 49 2.0322 2.0274 36.543 36.924 -0.23768 -1.62612 0 43
287 331 0 2.0073 2.0085 38.011 37.933 -0.20768 -1.62612 0 44
287 315 1 2.0726 2.0738 38.629 38.801 -0.18968 -1.69212 0 44
287 337 2 1.9027 1.8875 37.198 37.218 -0.21368 -1.51812 0 44
287 304 3 2.0569 2.0443 36.813 37.209 -0.23168 -1.64412 0 44
287 280 4 1.8993 1.8925 39.938 40.006 -0.14168 -1.56012 0 44
287 331 5 1.909 1.8921 36.321 36.544 -0.23168 -1.51212 0 44
287 256 6 1.9816 1.997 40.316 40.29 -0.14168 -1.65012 0 44
287 276 7 2.0764 2.0676 43.938 43.614 -0.05168 -1.75212 0 44
287 308 8 1.9886 1.9883 46.906 47.028 0.04432 -1.72212 0 43
287 341 9 2.0158 2.023 34.672 34.516 -0.30368 -1.58412 0 43
287 285 10 2.0418 2.0349 44.802 44.436 -0.02768 -1.73412 0 44
287 329 11 2.0031 2.0122 37.745 37.73 -0.21368 -1.62612 0 43
287 306 12 2.0236 2.0207 47.339 47.216 0.05032 -1.75212 0 43
287 302 13 2.0714 2.0651 37.047 37.293 -0.23168 -1.66212 0 44
287 372 14 2.0638 2.0562 39.961 40.227 -0.14768 -1.69812 0 44
287 361 15 2.0612 2.0561 39.539 39.803 -0.15968 -1.69212 0 44
287 323 16 2.0494 2.0437 37.687 37.635 -0.21968 -1.65012 0 44
287 306 17 2.019 2.0283 39.492 39.726 -0.15968 -1.66812 0 44
287 269 18 2.0351 2.0293 45.749 45.928 0.01432 -1.74612 0 44
287 322 19 2.0659 2.0633 38.779 38.979 -0.18368 -1.68612 0 44
287 306 20 1.9363 1.9254 41.733 42.129 -0.08768 -1.61412 0 44
287 203 21 1.9531 1.9775 37.543 37.594 -0.21368 -1.59612 0 44
287 368 22 2.0514 2.0526 39.772 40.006 -0.15368 -1.69212 0 44
287 279 23 2.0712 2.066 46.015 46.338 0.02632 -1.78212 0 43
287 195 24 1.9601 1.9867 36.786 36.308 -0.24968 -1.58412 0 44
287 329 25 2.025 2.0285 35.249 34.981 -0.29168 -1.59612 0 43
287 362 26 2.0756 2.0633 40.435 40.666 -0.13568 -1.71012 0 44
287 283 27 1.9887 2.0075 40.583 40.534 -0.13568 -1.66212 0 44
287 309 28 1.9914 2.0093 34.651 34.441 -0.30368 -1.57212 0 44
287 295 29 2.0243 2.0252 38.884 38.642 -0.18968 -1.65012 0 44
287 270 30 2.0301 2.025 45.625 45.715 0.00832 -1.74012 0 44
287 217 31 1.9518 1.9701 37.857 38.008 -0.20168 -1.59612 0 44
287 288 32 1.9147 1.9048 33.948 34.295 -0.29168 -1.48812 0 44
287 327 33 1.911 1.9028 43.45 43.23 -0.05768 -1.60812 0 44
287 285 34 1.9273 1.9144 34.137 34.582 -0.28568 -1.50012 0 44
287 297 35 1.988 2.0038 35.369 35.071 -0.28568 -1.57812 0 43
287 326 36 2.0565 2.0566 43.798 43.393 -0.05768 -1.74012 0 44
287 334 37 2.0111 2.016 37.497 37.527 -0.21968 -1.62612 0 43
287 288 38 2.0566 2.0494 46.164 46.557 0.03232 -1.77012 0 43
287 372 39 2.0757 2.0645 41.737 41.931 -0.09968 -1.72812 0 44
287 217 40 1.9397 1.9109 37.854 38.005 -0.19568 -1.54812 0 44
287 303 41 2.0483 2.0468 46.631 46.77 0.03832 -1.77012 0 43
287 341 42 2.0751 2.0658 43.029 42.773 -0.07568 -1.74012 0 44
287 296 43 2.0118 2.0144 36.449 36.434 -0.24968 -1.60812 0 43
287 309 44 1.9348 1.923 42.758 42.802 -0.06968 -1.62012 0 43
287 305 45 2.0196 2.0182 47.505 47.433 0.05632 -1.75212 0 43
287 305 46 1.9274 1.9119 35.314 35.488 -0.26168 -1.51212 0 44
287 345 47 2.0762 2.0658 42.94 42.773 -0.07568 -1.74012 0 44
287 261 48 1.9268 1.9204 39.79 40.085 -0.14168 -1.58412 0 44
287 329 49 2.0639 2.0551 33.256 33.399 -0.33968 -1.59012 0 44
323 407 0 2.076 2.0683 41.978 42.147 -0.09368 -1.73412 0 44
323 318 1 1.9386 1.9269 34.981 35.11 -0.27368 -1.51812 0 44
323 283 2 1.9836 1.9918 33.342 33.456 -0.32768 -1.54212 0 44
323 309 3 1.9763 1.9847 46.148 46.158 0.02032 -1.71012 0 44
323 371 4 2.0309 2.0326 43.772 43.583 -0.05168 -1.72212 0 44
323 411 5 2.0597 2.0566 40.985 41.073 -0.12368 -1.71012 -0 44
323 304 6 1.9403 1.9217 35.749 35.768 -0.25568 -1.52412 0 44
323 294 7 1.9849 1.997 40.222 40.29 -0.14168 -1.65012 0 44
323 315 8 1.8995 1.8809 45.312 45.507 0.00232 -1.61412 0 44
323 276 9 1.9137 1.8994 47.186 47.559 0.05632 -1.65012 0 44
323 404 10 2.0306 2.0424 40.827 40.617 -0.13568 -1.69212 0 44
323 328 11 1.9371 1.9216 41.445 41.897 -0.09368 -1.60812 0 44
323 316 12 2.0697 2.0551 36.643 37.04 -0.23768 -1.65012 0 44
323 261 13 1.9559 1.9465 33.325 33.401 -0.32168 -1.50612 0 44
323 239 14 1.949 1.9562 37.783 37.955 -0.20168 -1.58412 0 44
323 408 15 2.0644 2.0599 40.708 40.869 -0.12968 -1.71012 0 44
323 281 16 1.9798 1.9976 36.439 36.138 -0.25568 -1.59012 0 44
323 302 17 1.9851 1.9999 44.557 44.419 -0.02768 -1.70412 0 43
323 234 18 1.955 1.9662 44.765 44.843 -0.01568 -1.68012 0 43
323 254 19 1.9701 1.9859 44.33 44.412 -0.02768 -1.69212 0 43
323 322 20 2.0003 1.9998 45.635 45.502 0.00232 -1.71612 0 44
323 370 21 2.0503 2.0409 34.322 34.397 -0.30968 -1.59612 0 44
323 347 22 2.0648 2.0636 38.568 38.557 -0.19568 -1.68012 0 44
323 378 23 2.0275 2.0418 43.252 42.954 -0.06968 -1.72212 0 44
323 333 24 2.0184 2.0283 39.444 39.726 -0.15968 -1.66812 0 44
323 260 25 1.9717 1.9681 32.692 32.408 -0.35168 -1.50612 0 44
323 289 26 2.0536 2.0503 45.619 45.923 0.01432 -1.76412 0 44
323 333 27 1.9329 1.9199 43.175 43.023 -0.06368 -1.62012 0 44
323 294 28 1.9907 2.0029 33.225 33.302 -0.33368 -1.54812 0 44
323 349 29 1.8992 1.8993 34.696 34.959 -0.27368 -1.49412 0 44
323 280 30 1.9418 1.9129 36.372 36.641 -0.23168 -1.53012 0 44
323 257 31 1.9447 1.9515 46.502 46.614 0.03232 -1.68612 0 44
323 383 32 2.0393 2.0355 33.795 33.934 -0.32168 -1.58412 0 44
323 288 33 1.9618 1.9681 46.315 46.384 0.02632 -1.69812 0 43
323 306 34 1.9369 1.9138 36.037 36.187 -0.24368 -1.52412 0 44
323 348 35 2.0131 2.0333 42.399 42.091 -0.09368 -1.70412 0 44
323 269 36 1.9718 1.9705 42.279 41.984 -0.09368 -1.65012 0 44
323 297 37 1.9973 2.02 42.929 42.498 -0.08168 -1.69812 0 44
323 414 38 2.0608 2.0563 40.663 40.65 -0.13568 -1.70412 0 44
323 381 39 2.0195 2.0318 40.299 40.378 -0.14168 -1.68012 0 44
323 413 40 2.0592 2.0527 40.259 40.43 -0.14168 -1.69812 0 44
323 352 41 2.0414 2.0423 39.094 39.339 -0.17168 -1.67412 0 44
323 345 42 1.91 1.9076 41.658 41.871 -0.09368 -1.59612 0 44
323 310 43 1.9332 1.9238 43.529 43.254 -0.05768 -1.62612 0 44
323 351 44 1.9223 1.9098 43.245 43.238 -0.05768 -1.61412 0 44
323 329 45 1.9714 1.9813 47.034 47.033 0.04432 -1.71612 0 44
323 346 46 2.0577 2.0603 38.365 38.334 -0.20168 -1.67412 0 44
323 369 47 2.0182 2.0324 41.68 41.235 -0.11768 -1.69212 0 44
323 330 48 1.9977 2.0097 36.972 37.067 -0.23168 -1.61412 0 44
323 298 49 1.9901 1.9986 33.305 33.497 -0.32768 -1.54812 0 44
359 358 0 2.0612 2.0564 46.207 46.553 0.03232 -1.77612 0 44
359 353 1 1.9213 1.9174 40.931 41.21 -0.11168 -1.59612 0 44
359 449 2 2.0537 2.0562 40.196 40.227 -0.14768 -1.69812 -0 44
359 287 3 2.0768 2.0725 45.034 45.29 -0.00368 -1.77612 0 44
359 275 4 1.9524 1.9378 43.605 43.269 -0.05768 -1.63812 0 44
359 338 5 1.991 2.0081 41.925 41.401 -0.11168 -1.67412 0 44
359 388 6 2.0162 2.0333 42.414 42.091 -0.09368 -1.70412 0 44
359 395 7 1.9067 1.8944 37.23 37.248 -0.21368 -1.52412 0 44
359 410 8 2.0511 2.0424 33.919 33.973 -0.32168 -1.59012 0 44
359 426 9 2.0397 2.0457 43.327 43.171 -0.06368 -1.72812 0 44
359 323 10 1.9956 2.0072 32.961 33.108 -0.33968 -1.54812 0 44
359 451 11 2.0546 2.0575 41.881 41.919 -0.09968 -1.72212 -0 44
359 372 12 2.0235 2.0188 46.608 46.789 0.03832 -1.74612 0 44
359 373 13 1.989 2.0024 34.605 34.403 -0.30368 -1.56612 0 44
359 295 14 1.9591 1.9676 45.251 45.283 -0.00368 -1.68612 0 44
359 423 15 2.0685 2.0666 39.438 39.621 -0.16568 -1.69812 0 44
359 379 16 2.027 2.032 32.847 33.042 -0.34568 -1.56612 0 44
359 355 17 1.9124 1.9064 33.83 33.84 -0.30368 -1.48212 0 44
359 311 18 1.9565 1.9664 38.163 38.216 -0.19568 -1.59612 0 44
359 335 19 1.9293 1.9174 33.59 33.678 -0.30968 -1.48812 0 44
359 373 20 1.9707 1.9763 47.528 47.476 0.05632 -1.71612 0 44
359 292 21 1.9708 1.9706 32.783 32.65 -0.34568 -1.51212 0 44
359 361 22 1.9831 1.9905 38.832 38.523 -0.18968 -1.62012 0 44
359 405 23 2.01 2.0251 41.082 40.791 -0.12968 -1.68012 0 44
359 316 24 1.9603 1.9587 39.657 39.523 -0.15968 -1.60812 0 44
359 318 25 1.9724 1.9872 44.973 44.849 -0.01568 -1.69812 0 44
359 317 26 1.9768 1.9876 33.643 33.652 -0.32168 -1.54212 0 44
359 297 27 1.9364 1.9438 47.147 47.288 0.05032 -1.68612 0 44
359 402 28 2.0281 2.0326 43.876 43.583 -0.05168 -1.72212 0 44
359 367 29 2.0499 2.0448 44.387 44.229 -0.03368 -1.74012 0 44
359 340 30 1.926 1.9174 33.636 33.678 -0.30968 -1.48812 0 44
359 378 31 2.0363 2.0423 39.09 39.339 -0.17168 -1.67412 0 44
359 353 32 1.8985 1.8996 40.476 40.484 -0.12968 -1.57212 0 44
359 402 33 2.0389 2.0367 37.625 37.608 -0.21968 -1.64412 0 44
359 293 34 1.9509 1.9378 43.419 43.269 -0.05768 -1.63812 0 44
359 405 35 1.9073 1.9051 42.42 42.55 -0.07568 -1.60212 0 44
359 375 36 2.0106 2.015 38.743 38.39 -0.19568 -1.63812 0 44
359 274 37 1.961 1.9744 37.25 37.36 -0.21968 -1.59012 0 44
359 340 38 1.9311 1.9227 33.931 34.17 -0.29768 -1.50012 0 44
359 449 39 2.0628 2.0607 41.638 41.714 -0.10568 -1.72212 -0 44
359 451 40 2.0454 2.0494 40.731 40.634 -0.13568 -1.69812 0 44
359 324 41 2.0647 2.0451 35.347 35.282 -0.28568 -1.61412 0 44
359 395 42 2.0428 2.0436 44.065 43.805 -0.04568 -1.73412 0 44
359 362 43 2.0034 2.0026 45.316 45.286 -0.00368 -1.71612 0 44
359 389 44 2.0336 2.0389 32.888 33.084 -0.34568 -1.57212 0 44
359 320 45 1.9421 1.9378 39.401 39.459 -0.15968 -1.59012 0 44
359 314 46 1.9516 1.9414 40.35 40.591 -0.12968 -1.60812 0 44
359 443 47 2.0517 2.0526 39.901 40.006 -0.15368 -1.69212 0 44
359 330 48 1.9232 1.9039 37.932 37.978 -0.19568 -1.54212 0 44
359 319 49 1.9649 1.9761 45.749 45.722 0.00832 -1.69812 0 44
394 455 0 2.0337 2.0355 33.928 33.934 -0.32168 -1.58412 0 44
394 341 1 1.9698 1.9673 42.281 42.199 -0.08768 -1.65012 0 44
394 451 2 2.0319 2.0329 33.63 33.701 -0.32768 -1.57812 0 44
394 363 3 1.9361 1.926 33.265 33.271 -0.32168 -1.48812 0 44
394 348 4 1.916 1.9061 44.679 44.597 -0.02168 -1.62612 0 44
394 434 5 1.9042 1.8944 37.26 37.248 -0.21368 -1.52412 0 44
394 366 6 1.927 1.9238 39.782 39.868 -0.14768 -1.58412 0 44
394 426 7 1.9148 1.905 35.357 35.452 -0.26168 -1.50612 0 44
394 466 8 2.0568 2.0557 43.119 42.971 -0.06968 -1.73412 0 44
394 401 9 1.9309 1.9248 41.393 41.677 -0.09968 -1.60812 0 44
394 480 10 2.0489 2.05 41.538 41.483 -0.11168 -1.71012 -0 45
394 395 11 1.9016 1.8995 33.862 33.798 -0.30368 -1.47612 0 44
394 441 12 2.0574 2.0508 33.577 33.589 -0.33368 -1.59012 0 44
394 442 13 1.9025 1.8952 36.675 36.789 -0.22568 -1.51812 0 44
394 313 14 1.9372 1.9259 44.22 44.156 -0.03368 -1.63812 0 44
394 319 15 1.9234 1.9104 45.793 45.96 0.01432 -1.64412 0 44
394 410 16 2.061 2.0512 37.025 37.237 -0.23168 -1.65012 0 44
394 311 17 1.9408 1.9285 37.695 37.847 -0.20168 -1.56012 0 44
394 453 18 2.0366 2.0382 34.164 34.166 -0.31568 -1.59012 0 44
394 389 19 1.899 1.8927 39.028 39.086 -0.16568 -1.54812 0 44
394 426 20 2.0098 2.0117 38.421 38.162 -0.20168 -1.63212 0 44
394 398 21 2.0699 2.0652 47.091 46.968 0.04432 -1.78812 -0 44
394 406 22 2.0642 2.0582 46.946 46.973 0.04432 -1.78212 -0 44
394 382 23 2.0263 2.0208 45.499 45.501 0.00232 -1.73412 0 44
394 448 24 2.0624 2.0597 43.345 43.186 -0.06368 -1.74012 -0 44
394 428 25 1.901 1.8953 34.936 35.168 -0.26768 -1.49412 0 44
394 369 26 2.0361 2.032 45.67 45.714 0.00832 -1.74612 0 44
394 417 27 2.0678 2.0682 37.437 37.516 -0.22568 -1.66812 0 44
394 470 28 2.0539 2.0588 42.992 42.764 -0.07568 -1.73412 0 44
394 387 29 1.9249 1.9051 36.857 37.065 -0.21968 -1.53012 0 44
394 395 30 2.0066 2.0178 39.795 39.912 -0.15368 -1.66212 0 44
394 411 31 2.0475 2.0477 44.276 44.019 -0.03968 -1.74012 0 44
394 483 32 2.0546 2.0566 41.089 41.073 -0.12368 -1.71012 -0 45
394 353 33 1.946 1.9413 39.998 40.142 -0.14168 -1.60212 0 44
394 395 34 1.9959 2.0095 35.857 35.538 -0.27368 -1.59012 0 44
394 479 35 2.0503 2.0526 39.934 40.006 -0.15368 -1.69212 -0 45
394 429 36 2.0673 2.0633 38.859 38.979 -0.18368 -1.68612 0 45
394 471 37 2.0732 2.0651 42.463 42.352 -0.08768 -1.73412 -0 44
394 390 38 1.9906 1.9956 45.34 45.285 -0.00368 -1.71012 0 44
394 386 39 1.9371 1.9257 35.433 35.56 -0.26168 -1.52412 0 44
394 388 40 2.0615 2.059 46.108 46.341 0.02632 -1.77612 -0 44
394 396 41 1.9932 2.0075 40.719 40.534 -0.13568 -1.66212 0 44
394 351 42 2.0598 2.0573 45.526 45.921 0.01432 -1.77012 0 44
394 413 43 1.9962 2.0107 34.102 34.01 -0.31568 -1.56612 0 44
394 394 44 2.0118 2.0209 32.971 33.192 -0.33968 -1.56012 0 44
394 421 45 1.9136 1.9021 36.735 36.821 -0.22568 -1.52412 0 44
394 382 46 1.9126 1.9102 40.505 40.739 -0.12368 -1.58412 0 44
394 422 47 2.0575 2.0543 32.604 32.747 -0.35768 -1.57812 0 44
394 392 48 1.9858 1.9974 38.926 38.547 -0.18968 -1.62612 0 44
394 441 49 2.0157 2.016 37.442 37.527 -0.21968 -1.62612 0 44
430 451 0 2.0727 2.0682 37.433 37.516 -0.22568 -1.66812 0 45
430 476 1 2.0119 2.0189 34.784 34.712 -0.29768 -1.58412 0 44
430 447 2 2.0713 2.0613 37.256 37.49 -0.22568 -1.66212 0 45
430 351 3 1.9633 1.976 44.654 44.626 -0.02168 -1.68612 0 44
430 458 4 2.0445 2.0407 44.157 44.015 -0.03968 -1.73412 -0 44
430 404 5 1.9911 1.9936 39.386 39.19 -0.17168 -1.63212 0 45
430 353 6 1.9409 1.9221 37.135 37.367 -0.21368 -1.54812 0 44
430 486 7 2.0238 2.0324 41.511 41.235 -0.11768 -1.69212 -0 45
430 450 8 2.0736 2.0662 33.212 33.25 -0.34568 -1.59612 0 44
430 450 9 2.013 2.0137 47.343 47.223 0.05032 -1.74612 -0 44
430 427 10 2.0016 2.0105 36.643 36.635 -0.24368 -1.60812 0 44
430 321 11 1.9674 1.9697 43.645 43.524 -0.05168 -1.66812 0 44
430 371 12 1.949 1.9585 46.567 46.61 0.03232 -1.69212 0 44
430 378 13 1.9207 1.909 44.497 44.372 -0.02768 -1.62612 0 44
430 463 14 2.0576 2.05 32.797 32.936 -0.35168 -1.57812 0 44
430 409 15 1.957 1.9463 42.058 42.165 -0.08768 -1.63212 0 44
430 382 16 1.9605 1.9701 38.006 38.008 -0.20168 -1.59612 0 44
430 465 17 2.0192 2.0257 43.671 43.576 -0.05168 -1.71612 0 44
430 398 18 1.9407 1.9308 43.336 43.261 -0.05768 -1.63212 0 44
430 414 19 1.9157 1.9135 40.314 40.52 -0.12968 -1.58412 0 44
430 398 20 1.9003 1.8879 47.109 47.343 0.05032 -1.63812 -0 45
430 393 21 1.9561 1.9487 40.831 41.055 -0.11768 -1.62012 0 45
430 418 22 1.9891 2.0006 40.593 40.517 -0.13568 -1.65612 0 45
430 452 23 2.0046 2.0059 37.134 37.269 -0.22568 -1.61412 0 44
430 444 24 2.0429 2.0398 46.684 46.775 0.03832 -1.76412 -0 44
430 409 25 1.922 1.9108 43.977 43.692 -0.04568 -1.62012 0 44
430 413 26 1.9023 1.8995 39.454 39.568 -0.15368 -1.56012 0 44
430 440 27 1.8983 1.9007 41.646 41.858 -0.09368 -1.59012 0 44
430 429 28 1.9919 2.0008 41.089 40.952 -0.12368 -1.66212 0 45
430 356 29 1.9392 1.9349 38.198 38.324 -0.18968 -1.57212 0 44
430 403 30 2.0542 2.04 35.828 35.903 -0.26768 -1.62012 0 44
430 405 31 1.9102 1.8996 39.041 39.11 -0.16568 -1.55412 0 44
430 420 32 1.9507 1.9458 41.622 41.718 -0.09968 -1.62612 0 44
430 460 33 2.0258 2.0277 33.067 33.234 -0.33968 -1.56612 0 44
430 395 34 1.9363 1.9343 39.669 39.673 -0.15368 -1.59012 0 44
430 407 35 1.9684 1.9763 39.082 38.914 -0.17768 -1.61412 0 44
430 455 36 1.9177 1.905 35.26 35.452 -0.26168 -1.50612 0 45
430 402 37 2.0724 2.0617 44.162 44.029 -0.03968 -1.75212 0 44
430 460 38 1.921 1.9129 43.167 43.015 -0.06368 -1.61412 0 44
430 335 39 1.9705 1.9778 43.933 43.97 -0.03968 -1.68012 0 44
430 439 40 1.9145 1.9034 34.438 34.75 -0.27968 -1.49412 0 45
430 446 41 1.9926 1.9983 34.652 34.6 -0.29768 -1.56612 0 44
430 422 42 1.9865 1.9901 45.79 45.72 0.00832 -1.71012 0 44
430 476 43 2.0242 2.0365 42.135 41.883 -0.09968 -1.70412 -0 45
430 444 44 2.0616 2.0608 46.711 46.761 0.03832 -1.78212 -0 44
430 394 45 1.9038 1.8938 45.96 46.193 0.02032 -1.63212 0 44
430 396 46 1.9748 1.9929 35.619 35.234 -0.27968 -1.57212 0 44
430 466 47 1.898 1.8901 37.915 37.923 -0.19568 -1.53012 0 44
430 368 48 1.9535 1.9422 33.404 33.602 -0.31568 -1.50612 0 45
430 426 49 1.9966 2.004 40.289 40.308 -0.14168 -1.65612 0 45
466 481 0 1.9035 1.9054 33.414 33.138 -0.32168 -1.47012 0 45
466 462 1 2.0757 2.0689 36.843 37.096 -0.23768 -1.66212 -0 45
466 482 2 2.0099 2.0221 41.82 41.428 -0.11168 -1.68612 -0 45
466 501 3 2.0441 2.0395 34.905 34.822 -0.29768 -1.60212 0 44
466 431 4 1.9244 1.9148 44.05 43.922 -0.03968 -1.62612 0 44
466 474 5 2.0213 2.0183 36.255 36.234 -0.25568 -1.60812 0 45
466 442 6 1.9445 1.9406 35.163 35.184 -0.27368 -1.53012 0 45
466 414 7 1.9842 1.9961 33.235 33.26 -0.33368 -1.54212 0 45
466 462 8 2.04 2.039 44.757 44.651 -0.02168 -1.74012 -0 45
466 456 9 2.0126 2.0214 39.313 39.276 -0.17168 -1.65612 0 45
466 460 10 1.9041 1.8929 38.638 38.627 -0.17768 -1.54212 0 45
466 484 11 1.9164 1.9021 36.673 36.821 -0.22568 -1.52412 0 45
466 513 12 2.0164 2.0191 37.784 37.756 -0.21368 -1.63212 0 45
466 407 13 1.9852 1.9892 33.062 33.217 -0.33368 -1.53612 0 45
466 439 14 1.9903 2.0028 44.181 44.204 -0.03368 -1.70412 0 44
466 486 15 1.9147 1.9021 36.773 36.821 -0.22568 -1.52412 0 45
466 417 16 2.0564 2.0488 45.342 45.5 0.00232 -1.75812 -0 45
466 476 17 2.058 2.0512 36.901 37.237 -0.23168 -1.65012 0 45
466 474 18 1.9267 1.9148 35.679 35.733 -0.25568 -1.51812 0 45
466 445 19 1.9834 1.9957 35.789 35.469 -0.27368 -1.57812 0 45
466 472 20 2.0059 2.0004 46.374 46.585 0.03232 -1.72812 0 45
466 514 21 2.0122 2.0161 34.583 34.479 -0.30368 -1.57812 0 45
466 421 22 1.9279 1.9205 38.937 39.178 -0.16568 -1.57212 0 45
466 420 23 1.9905 1.9984 42.268 42.033 -0.09368 -1.67412 0 45
466 494 24 1.9108 1.8982 36.905 37.034 -0.21968 -1.52412 0 45
466 378 25 1.9284 1.9201 45.499 45.731 0.00832 -1.65012 0 44
466 553 26 2.0618 2.0562 40.174 40.227 -0.14768 -1.69812 -0 45
466 435 27 2.0488 2.0431 45.004 44.864 -0.01568 -1.74612 -0 45
466 479 28 1.9031 1.8966 34.515 34.711 -0.27968 -1.48812 0 45
466 531 29 2.0461 2.0492 39.627 39.784 -0.15968 -1.68612 -0 45
466 412 30 2.0625 2.0558 45.339 45.5 0.00232 -1.76412 -0 45
466 463 31 2.0035 2.0187 43.764 43.57 -0.05168 -1.71012 0 45
466 524 32 2.0309 2.0418 43.182 42.954 -0.06968 -1.72212 -0 45
466 557 33 2.0571 2.0563 40.644 40.65 -0.13568 -1.70412 -0 45
466 499 34 2.0561 2.05 32.765 32.936 -0.35168 -1.57812 0 45
466 459 35 1.9324 1.9213 34.472 34.621 -0.28568 -1.50612 0 45
466 458 36 1.9246 1.9174 40.993 41.21 -0.11168 -1.59612 0 45
466 436 37 1.9669 1.9735 34.804 34.687 -0.29168 -1.54812 0 45
466 452 38 1.9909 1.9999 44.495 44.419 -0.02768 -1.70412 0 44
466 437 39 1.9328 1.9269 33.794 33.966 -0.30368 -1.50012 0 45
466 486 40 2.071 2.0746 38.05 37.962 -0.21368 -1.68012 -0 45
466 533 41 2.0226 2.032 40.948 40.807 -0.12968 -1.68612 -0 45
466 495 42 2.0002 2.0051 34.757 34.638 -0.29768 -1.57212 0 45
466 482 43 2.016 2.0174 36.672 36.665 -0.24368 -1.61412 0 44
466 507 44 2.0304 2.0297 43.903 43.794 -0.04568 -1.72212 -0 45
466 403 45 1.9381 1.919 36.943 37.126 -0.21968 -1.54212 0 45
466 411 46 1.9552 1.9637 46.217 46.165 0.02032 -1.69212 0 44
466 478 47 1.9058 1.9039 41.59 41.636 -0.09968 -1.59012 0 45
466 391 48 1.9468 1.9488 38.143 38.375 -0.18968 -1.58412 0 45
466 423 49 1.9626 1.959 40.716 40.856 -0.12368 -1.62612 0 45
502 486 0 1.978 1.9873 34.988 34.762 -0.29168 -1.56012 0 45
502 440 1 1.9528 1.9491 33.47 33.644 -0.31568 -1.51212 0 45
502 514 2 2.0291 2.0232 46.792 47 0.04432 -1.75212 -0 45
502 399 3 1.949 1.9461 37.479 37.691 -0.20768 -1.57212 0 45
502 475 4 1.9455 1.935 34.534 34.698 -0.28568 -1.51812 0 45
502 531 5 1.8978 1.8901 38.021 37.923 -0.19568 -1.53012 -0 45
502 438 6 1.9392 1.9228 36.807 36.915 -0.22568 -1.54212 0 45
502 519 7 1.9089 1.9076 41.642 41.871 -0.09368 -1.59612 -0 45
502 463 8 1.9398 1.9343 40 40.123 -0.14168 -1.59612 0 45
502 530 9 2.0413 2.0374 36.961 37.181 -0.23168 -1.63812 0 45
502 525 10 2.0762 2.0738 38.602 38.801 -0.18968 -1.69212 -0 46
502 503 11 1.9888 1.9952 37.464 37.444 -0.21968 -1.60812 0 45
502 492 12 2.0438 2.036 35.964 36.099 -0.26168 -1.62012 0 45
502 532 13 2.0509 2.0437 37.465 37.635 -0.21968 -1.65012 -0 45
502 399 14 1.9612 1.9682 36.903 36.89 -0.23168 -1.57812 0 45
502 460 15 1.9784 1.9917 36.007 35.67 -0.26768 -1.57812 0 45
502 514 16 2.0399 2.0391 38.672 38.688 -0.18968 -1.66212 -0 46
502 471 17 1.9346 1.9309 40.289 40.339 -0.13568 -1.59612 0 45
502 467 18 1.9109 1.8991 44.603 44.594 -0.02168 -1.62012 0 45
502 466 19 1.9342 1.9285 33.5 33.517 -0.31568 -1.49412 0 45
502 551 20 2.05 2.0482 33.313 33.358 -0.33968 -1.58412 0 45
502 515 21 2.0652 2.0582 37.089 37.265 -0.23168 -1.65612 -0 45
502 548 22 2.0187 2.0217 34.967 34.945 -0.29168 -1.59012 0 45
502 536 23 2.0191 2.0234 33.471 33.427 -0.33368 -1.56612 0 45
502 467 24 1.9327 1.9198 36.629 36.673 -0.23168 -1.53612 0 45
502 480 25 2.03 2.0278 45.581 45.501 0.00232 -1.74012 -0 45
502 436 26 2.0675 2.0585 45.151 45.289 -0.00368 -1.76412 -0 45
502 560 27 2.0325 2.034 34.393 34.359 -0.30968 -1.59012 0 45
502 448 28 1.9515 1.9463 35.75 35.666 -0.26168 -1.54212 0 45
502 411 29 1.9552 1.9518 43.454 43.285 -0.05768 -1.65012 0 45
502 424 30 1.9244 1.9191 46.398 46.409 0.02632 -1.65612 0 45
502 480 31 1.906 1.8995 39.399 39.568 -0.15368 -1.56012 0 45
502 490 32 1.9041 1.8962 38.757 38.868 -0.17168 -1.54812 0 45
502 570 33 2.0383 2.0418 43.117 42.954 -0.06968 -1.72212 -0 45
502 485 34 1.9488 1.94 42.557 42.601 -0.07568 -1.63212 0 45
502 489 35 1.9368 1.9282 34.544 34.66 -0.28568 -1.51212 0 45
502 411 36 1.9418 1.9253 37.374 37.607 -0.20768 -1.55412 0 45
502 526 37 1.9232 1.9216 41.787 41.897 -0.09368 -1.60812 0 45
502 453 38 1.989 1.9961 33.095 33.26 -0.33368 -1.54212 0 45
502 574 39 2.0431 2.0488 43.006 42.962 -0.06968 -1.72812 -0 45
502 494 40 1.9909 1.9928 45.547 45.502 0.00232 -1.71012 0 45
502 485 41 1.9016 1.8921 44.699 44.591 -0.02168 -1.61412 0 45
502 521 42 2.0292 2.0273 35.623 35.409 -0.27968 -1.60212 0 45
502 449 43 1.9524 1.9475 33.814 34.088 -0.30368 -1.51812 0 45
502 525 44 2.0282 2.032 32.929 33.042 -0.34568 -1.56612 0 45
502 486 45 1.8991 1.896 39.824 39.787 -0.14768 -1.56012 0 45
502 513 46 2.0306 2.0262 35.818 35.837 -0.26768 -1.60812 0 45
502 478 47 1.93 1.9241 40.53 40.773 -0.12368 -1.59612 0 45
502 557 48 2.0256 2.0287 33.843 33.894 -0.32168 -1.57812 0 45
502 489 49 1.9443 1.9421 41.358 41.487 -0.10568 -1.62012 0 45
36 116 0 1.9595 1.8932 38.921 31.883 -0.35168 -1.44012 0 43
36 116 1 1.9342 1.8932 46.914 31.883 -0.35168 -1.44012 0 43
36 115 2 2.0091 1.8932 39.128 31.883 -0.35168 -1.44012 0 43
36 116 3 2.0111 1.8932 46.2 31.883 -0.35168 -1.44012 0 43
36 115 4 1.9566 1.8932 45.686 31.883 -0.35168 -1.44012 0 43
36 116 5 1.9958 1.8932 46.344 31.883 -0.35168 -1.44012 0 43
36 117 6 2.0524 1.8932 33.473 31.883 -0.35168 -1.44012 0 43
36 115 7 1.9238 1.8932 40.353 31.883 -0.35168 -1.44012 0 43
36 117 8 1.9019 1.8396 46.737 46.687 0.03232 -1.59012 0 43
36 116 9 2.0719 1.8932 36.545 31.883 -0.35168 -1.44012 0 43
36 116 10 1.9782 1.8932 33.405 31.883 -0.35168 -1.44012 0 43
36 116 11 2.0279 1.8932 33.9 31.883 -0.35168 -1.44012 0 43
36 116 12 1.9788 1.8932 36.253 31.883 -0.35168 -1.44012 0 43
36 115 13 2.0656 1.8932 34.905 31.883 -0.35168 -1.44012 0 43
36 116 14 2.013 1.8932 33.823 31.883 -0.35168 -1.44012 0 43
36 116 15 2.0173 1.8932 43.915 31.883 -0.35168 -1.44012 0 43
36 115 16 2.0003 1.8932 46.139 31.883 -0.35168 -1.44012 0 43
36 116 17 1.9208 1.8932 36.674 31.883 -0.35168 -1.44012 0 43
36 115 18 1.9266 1.8932 37.233 31.883 -0.35168 -1.44012 0 43
36 116 19 2.0065 2.0575 42.122 41.919 -0.09968 -1.72212 0 43
36 115 20 2.0626 1.8932 35.734 31.883 -0.35168 -1.44012 0 43
36 116 21 1.9381 1.8932 34.446 31.883 -0.35168 -1.44012 0 43
36 116 22 1.9417 1.8932 39.832 31.883 -0.35168 -1.44012 0 43
36 116 23 1.9591 1.8932 35.222 31.883 -0.35168 -1.44012 0 43
36 123 24 1.9077 1.8888 33.99 32.087 -0.34568 -1.44012 0 43
36 117 25 1.9399 1.8932 34.797 31.883 -0.35168 -1.44012 0 43
36 116 26 1.973 1.8932 39.591 31.883 -0.35168 -1.44012 0 43
36 115 27 1.925 1.8932 37.213 31.883 -0.35168 -1.44012 0 43
36 116 28 1.9524 1.8932 39.653 31.883 -0.35168 -1.44012 0 43
36 116 29 2.05 1.8932 47.294 31.883 -0.35168 -1.44012 0 43
36 116 30 1.9454 1.8932 46.296 31.883 -0.35168 -1.44012 0 43
36 116 31 1.9374 1.8932 37.193 31.883 -0.35168 -1.44012 0 43
36 116 32 1.9705 1.8932 45.073 31.883 -0.35168 -1.44012 0 43
36 114 33 1.9086 1.8932 37.813 31.883 -0.35168 -1.44012 0 43
36 116 34 1.9004 1.8932 36.178 31.883 -0.35168 -1.44012 0 43
36 117 35 1.9499 1.8932 36.088 31.883 -0.35168 -1.44012 0 43
36 116 36 1.9987 2.0494 41.519 40.634 -0.13568 -1.69812 0 43
36 116 37 1.9218 1.8932 43.824 31.883 -0.35168 -1.44012 0 43
36 115 38 2.0379 1.8932 45.498 31.883 -0.35168 -1.44012 0 43
36 120 39 1.9066 1.8422 45.753 46.45 0.02632 -1.59012 0 43
36 115 40 1.9563 1.8932 43.466 31.883 -0.35168 -1.44012 0 43
36 128 41 2.0752 2.0581 42.701 42.342 -0.08768 -1.72812 0 43
36 116 42 1.959 1.8932 35.275 31.883 -0.35168 -1.44012 0 43
36 116 43 1.9234 1.8932 43.272 31.883 -0.35168 -1.44012 0 43
36 115 44 2.0677 1.8932 43.955 31.883 -0.35168 -1.44012 0 43
36 117 45 2.0159 1.8932 36.624 31.883 -0.35168 -1.44012 0 43
36 115 46 2.0643 1.8932 35.734 31.883 -0.35168 -1.44012 0 43
36 117 47 1.986 1.8932 44.08 31.883 -0.35168 -1.44012 0 43
36 116 48 1.9843 1.8932 41.124 31.883 -0.35168 -1.44012 0 43
36 123 49 1.8996 1.8422 45.576 46.45 0.02632 -1.59012 0 43
72 116 0 1.9754 1.8932 37.257 31.883 -0.35168 -1.44012 0 43
72 122 1 1.9322 1.8956 33.915 32.136 -0.34568 -1.44612 0 43
72 168 2 2.0494 2.0527 40.388 40.43 -0.14168 -1.69812 0 43
72 166 3 2.046 2.0458 40.299 40.413 -0.14168 -1.69212 0 43
72 118 4 1.9114 1.9051 41.749 42.55 -0.07568 -1.60212 0 43
72 116 5 1.9852 1.8932 45.058 31.883 -0.35168 -1.44012 0 43
72 115 6 1.9653 1.8932 46.889 31.883 -0.35168 -1.44012 0 43
72 115 7 2.0769 1.8932 34.057 31.883 -0.35168 -1.44012 0 43
72 116 8 2.0426 1.8932 36.469 31.883 -0.35168 -1.44012 0 43
72 134 9 2.0127 2.0422 39.689 40.191 -0.14768 -1.68612 0 43
72 157 10 2.02 2.0424 41.01 40.617 -0.13568 -1.69212 0 43
72 116 11 2.0678 1.8932 45.188 31.883 -0.35168 -1.44012 0 43
72 163 12 2.0397 2.0575 41.859 41.919 -0.09968 -1.72212 0 43
72 116 13 1.9424 1.8932 39.145 31.883 -0.35168 -1.44012 0 43
72 115 14 2.0668 1.8932 46.849 31.883 -0.35168 -1.44012 0 43
72 130 15 1.8978 1.8396 46.711 46.687 0.03232 -1.59012 0 43
72 122 16 1.9781 2.0424 41.394 40.617 -0.13568 -1.69212 0 43
72 116 17 1.9293 1.8932 40.181 31.883 -0.35168 -1.44012 0 43
72 130 18 2.0112 2.0271 34.381 34.321 -0.30968 -1.58412 0 43
72 128 19 1.9037 1.8956 34.261 32.136 -0.34568 -1.44612 0 43
72 115 20 1.958 1.8932 43.194 31.883 -0.35168 -1.44012 0 43
72 116 21 1.965 1.8932 37.549 31.883 -0.35168 -1.44012 0 43
72 142 22 1.8981 1.8912 33.79 32.339 -0.33968 -1.44612 0 43
72 117 23 1.9398 1.8932 34.237 31.883 -0.35168 -1.44012 0 43
72 133 24 2.0482 2.0382 34.127 34.166 -0.31568 -1.59012 0 43
72 126 25 1.9367 1.8956 33.543 32.136 -0.34568 -1.44612 0 43
72 116 26 1.9442 1.8932 41.793 31.883 -0.35168 -1.44012 0 43
72 169 27 2.0524 2.0527 40.296 40.43 -0.14168 -1.69812 0 43
72 164 28 2.0682 2.0527 40.338 40.43 -0.14168 -1.69812 0 43
72 116 29 1.94 1.8932 34.717 31.883 -0.35168 -1.44012 0 43
72 117 30 1.9315 1.8932 46.207 31.883 -0.35168 -1.44012 0 43
72 116 31 1.9838 1.8932 47.504 31.883 -0.35168 -1.44012 0 43
72 124 32 2.0059 2.0287 33.823 33.894 -0.32168 -1.57812 0 43
72 151 33 1.9213 1.8956 33.059 32.136 -0.34568 -1.44612 0 43
72 114 34 2.0737 1.8932 34.435 31.883 -0.35168 -1.44012 0 43
72 115 35 1.97 1.8932 46.582 31.883 -0.35168 -1.44012 0 43
72 118 36 2.0393 2.0267 36.849 37.353 -0.22568 -1.63212 0 43
72 115 37 1.9403 1.8932 40.137 31.883 -0.35168 -1.44012 0 43
72 122 38 2.0427 2.0298 37.388 37.581 -0.21968 -1.63812 0 43
72 116 39 2.075 1.8932 44.733 31.883 -0.35168 -1.44012 0 43
72 132 40 2.051 2.0526 38.748 40.006 -0.15368 -1.69212 0 43
72 116 41 2.0661 1.8932 47.37 31.883 -0.35168 -1.44012 0 43
72 124 42 2.006 2.0287 33.87 33.894 -0.32168 -1.57812 0 43
72 116 43 2.0025 1.8932 36.369 31.883 -0.35168 -1.44012 0 43
72 115 44 1.9456 1.8932 43.639 31.883 -0.35168 -1.44012 0 43
72 124 45 1.9927 2.0505 42.405 41.907 -0.09968 -1.71612 0 43
72 116 46 1.9467 1.8932 36.293 31.883 -0.35168 -1.44012 0 43
72 124 47 1.909 1.8888 34.334 32.087 -0.34568 -1.44012 0 43
72 126 48 2.0038 2.023 34.931 34.516 -0.30368 -1.58412 0 43
72 136 49 2.0308 2.0313 34.231 34.127 -0.31568 -1.58412 0 43
108 129 0 2.0664 2.0395 34.95 34.822 -0.29768 -1.60212 0 43
108 114 1 2.0548 1.8932 35.836 31.883 -0.35168 -1.44012 0 43
108 134 2 2.0331 2.0313 35.75 35.212 -0.28568 -1.60212 0 43
108 122 3 1.9331 1.8422 45.142 46.45 0.02632 -1.59012 0 43
108 115 4 1.9556 1.8932 34.987 31.883 -0.35168 -1.44012 0 43
108 118 5 1.9384 1.9098 43.71 43.238 -0.05768 -1.61412 0 43
108 131 6 2.0311 2.0277 47.193 47.21 0.05032 -1.75812 0 43
108 115 7 1.9237 1.8932 39.508 31.883 -0.35168 -1.44012 0 43
108 122 8 1.9269 1.8794 38.46 38.113 -0.18968 -1.52412 0 43
108 116 9 1.9545 1.8932 45.121 31.883 -0.35168 -1.44012 0 43
108 134 10 1.9461 1.9152 41.696 42.338 -0.08168 -1.60812 0 43
108 126 11 2.0699 2.0608 46.608 46.761 0.03832 -1.78212 0 43
108 117 12 1.9792 1.8888 33.223 32.087 -0.34568 -1.44012 0 43
108 144 13 1.9955 2.0505 42.582 41.907 -0.09968 -1.71612 0 43
108 126 14 1.9423 1.9129 43.256 43.015 -0.06368 -1.61412 0 43
108 125 15 1.9544 1.9222 41.668 42.35 -0.08168 -1.61412 0 43
108 117 16 1.9205 1.8396 46.782 46.687 0.03232 -1.59012 0 43
108 117 17 1.9592 1.8932 36.573 31.883 -0.35168 -1.44012 0 43
108 128 18 1.9786 2.0189 35.561 34.712 -0.29768 -1.58412 0 43
108 117 19 1.9486 1.8352 44.557 46.454 0.02632 -1.58412 0 43
108 124 20 1.9277 1.8422 45.554 46.45 0.02632 -1.59012 0 43
108 137 21 1.9402 1.916 42.856 42.792 -0.06968 -1.61412 0 43
108 116 22 1.9553 1.8932 42.955 31.883 -0.35168 -1.44012 0 43
108 158 23 2.0296 2.0426 44.167 43.38 -0.05768 -1.72812 0 43
108 143 24 1.9317 1.9024 33.443 32.184 -0.34568 -1.45212 0 43
108 130 25 1.9871 1.9883 46.706 47.028 0.04432 -1.72212 0 43
108 197 26 2.0642 2.0599 40.869 40.869 -0.12968 -1.71012 0 43
108 149 27 1.927 1.8921 35.926 36.544 -0.23168 -1.51212 0 43
108 116 28 1.9479 1.8932 45.934 31.883 -0.35168 -1.44012 0 43
108 162 29 2.0501 2.0492 38.888 39.784 -0.15968 -1.68612 0 43
108 116 30 1.9915 1.8932 36.666 31.883 -0.35168 -1.44012 0 43
108 114 31 1.9627 1.8932 37.873 31.883 -0.35168 -1.44012 0 43
108 150 32 1.9929 2.0122 37.867 37.73 -0.21368 -1.62612 0 43
108 150 33 1.9334 1.9121 42.121 42.56 -0.07568 -1.60812 0 43
108 197 34 2.0608 2.0566 41.056 41.073 -0.12368 -1.71012 0 43
108 119 35 1.9736 2.0543 43.02 42.125 -0.09368 -1.72212 0 43
108 123 36 1.9474 1.8882 35.968 36.758 -0.22568 -1.51212 0 43
108 153 37 1.9056 1.8757 38.504 38.331 -0.18368 -1.52412 0 43
108 155 38 1.9034 1.8998 43.829 43.454 -0.05168 -1.60812 0 43
108 199 39 2.0551 2.053 41.051 40.854 -0.12968 -1.70412 0 43
108 129 40 1.984 2.0543 43.062 42.125 -0.09368 -1.72212 0 43
108 123 41 1.9707 2.0161 34.992 34.479 -0.30368 -1.57812 0 43
108 119 42 2.0564 2.0538 46.152 46.765 0.03832 -1.77612 0 43
108 188 43 2.0496 2.0518 43.278 42.755 -0.07568 -1.72812 0 43
108 136 44 1.9364 1.897 35.217 35.873 -0.24968 -1.50612 0 43
108 128 45 2.0031 2.0303 33.058 33.468 -0.33368 -1.57212 0 43
108 198 46 2.054 2.0566 41.149 41.073 -0.12368 -1.71012 0 43
108 118 47 1.9946 1.8888 33.01 32.087 -0.34568 -1.44012 0 43
108 130 48 1.9087 1.8466 46.637 46.682 0.03232 -1.59612 0 43
108 189 49 2.0511 2.0518 43.261 42.755 -0.07568 -1.72812 0 43
143 161 0 1.9998 2.0168 44.617 44.213 -0.03368 -1.71612 0 43
143 146 1 1.9335 1.9179 40.879 41.664 -0.09968 -1.60212 0 43
143 156 2 1.9944 2.0227 44.229 43.788 -0.04568 -1.71612 0 43
143 191 3 2.029 2.0396 44.109 43.589 -0.05168 -1.72812 0 43
143 188 4 1.9981 2.0122 37.876 37.73 -0.21368 -1.62612 0 43
143 158 5 1.9915 2.0128 37.012 37.297 -0.22568 -1.62012 0 43
143 199 6 1.9201 1.9048 33.044 32.435 -0.33968 -1.45812 0 43
143 173 7 1.9205 1.8831 37.779 37.896 -0.19568 -1.52412 0 43
143 152 8 1.9682 2.0015 38.25 37.907 -0.20768 -1.62012 0 43
143 163 9 2.0007 2.0192 33.325 33.62 -0.32768 -1.56612 0 43
143 162 10 2.0145 2.0048 46.413 46.798 0.03832 -1.73412 0 43
143 149 11 1.9673 1.9978 38.7 38.111 -0.20168 -1.62012 0 43
143 189 12 1.9259 1.909 42.409 42.783 -0.06968 -1.60812 0 43
143 205 13 2.0429 2.0355 33.946 33.934 -0.32168 -1.58412 0 43
143 189 14 2.0471 2.0414 32.879 33.317 -0.33968 -1.57812 0 43
143 153 15 2.0594 2.0506 44.488 43.81 -0.04568 -1.74012 0 43
143 178 16 1.9362 1.9121 41.987 42.56 -0.07568 -1.60812 0 43
143 115 17 1.9357 1.8932 39.372 31.883 -0.35168 -1.44012 0 43
143 175 18 2.0018 2.0176 35.678 35.142 -0.28568 -1.59012 0 43
143 234 19 2.0655 2.0563 40.447 40.65 -0.13568 -1.70412 0 43
143 142 20 1.984 1.9944 45.914 45.937 0.01432 -1.71612 0 43
143 152 21 1.9932 2.0097 36.801 37.067 -0.23168 -1.61412 0 43
143 143 22 1.9832 1.989 46.051 46.374 0.02632 -1.71612 0 43
143 206 23 2.0692 2.0588 43.322 42.764 -0.07568 -1.73412 0 43
143 197 24 2.0564 2.0424 33.758 33.973 -0.32168 -1.59012 0 43
143 187 25 2.0018 2.0176 34.137 34.049 -0.31568 -1.57212 0 43
143 204 26 2.0398 2.034 34.384 34.359 -0.30968 -1.59012 0 43
143 124 27 2.0735 2.066 45.463 46.338 0.02632 -1.78212 0 43
143 116 28 1.9463 1.8932 45.619 31.883 -0.35168 -1.44012 0 43
143 161 29 1.9408 1.9129 43.055 43.015 -0.06368 -1.61412 0 43
143 169 30 2.011 2.0204 35.914 35.374 -0.27968 -1.59612 0 43
143 166 31 2.0469 2.0464 38.513 38.286 -0.20168 -1.66212 0 43
143 206 32 2.0191 2.0393 41.819 41.249 -0.11768 -1.69812 0 43
143 115 33 1.9438 1.8932 38.589 31.883 -0.35168 -1.44012 0 43
143 119 34 1.9598 1.8837 36.712 37.434 -0.20768 -1.51812 0 43
143 145 35 1.9415 1.9098 43.477 43.238 -0.05768 -1.61412 0 43
143 194 36 2.0469 2.0496 43.968 43.387 -0.05768 -1.73412 0 43
143 238 37 2.05 2.0581 42.446 42.342 -0.08768 -1.72812 0 43
143 139 38 1.9386 1.9103 33.867 34.789 -0.27968 -1.50012 0 43
143 181 39 1.9351 1.9191 42.177 42.57 -0.07568 -1.61412 0 43
143 115 40 1.9363 1.8932 39.12 31.883 -0.35168 -1.44012 0 43
143 114 41 1.9603 1.8932 37.256 31.883 -0.35168 -1.44012 0 43
143 175 42 1.928 1.8921 36.097 36.544 -0.23168 -1.51212 0 43
143 192 43 2.0628 2.0424 33.759 33.973 -0.32168 -1.59012 0 43
143 115 44 1.9614 1.8932 40.359 31.883 -0.35168 -1.44012 0 43
143 141 45 1.9846 1.9984 45.407 45.069 -0.00968 -1.71012 0 43
143 236 46 2.0643 2.0581 42.476 42.342 -0.08768 -1.72812 0 43
143 172 47 2.007 2.0297 44.269 43.794 -0.04568 -1.72212 0 43
143 198 48 1.9102 1.8837 37.338 37.434 -0.20768 -1.51812 0 43
143 167 49 2.0244 2.0232 46.944 47 0.04432 -1.75212 0 43
179 232 0 1.9044 1.8901 35.547 35.838 -0.24968 -1.50012 0 43
179 208 1 2.0337 2.0362 38.457 38.035 -0.20768 -1.65012 0 43
179 153 2 1.9736 2.0075 40.602 40.534 -0.13568 -1.66212 0 43
179 158 3 1.9495 1.9029 35.978 36.364 -0.23768 -1.51812 0 43
179 136 4 1.9387 1.9578 47.171 47.274 0.05032 -1.69812 0 43
179 232 5 1.9092 1.8921 36.346 36.544 -0.23168 -1.51212 0 43
179 224 6 1.9138 1.901 35.465 35.662 -0.25568 -1.50612 0 43
179 214 7 2.002 2.0117 38.49 38.162 -0.20168 -1.63212 0 43
179 176 8 1.9888 2.0095 36.24 35.538 -0.27368 -1.59012 0 43
179 195 9 2.0515 2.0487 47.407 47.192 0.05032 -1.77612 0 43
179 226 10 2.0538 2.0482 32.989 33.358 -0.33968 -1.58412 0 43
179 135 11 1.9737 2.0379 43.807 42.737 -0.07568 -1.71612 0 43
179 186 12 2.0031 2.0123 45.384 45.071 -0.00968 -1.72212 0 43
179 209 13 1.9978 2.0176 33.934 34.049 -0.31568 -1.57212 0 43
179 146 14 1.9493 1.9588 39.273 39.079 -0.17168 -1.60212 0 43
179 194 15 1.9319 1.899 36.263 36.576 -0.23168 -1.51812 0 43
179 188 16 1.9339 1.9116 33.193 32.482 -0.33968 -1.46412 0 43
179 274 17 2.0563 2.0527 40.476 40.43 -0.14168 -1.69812 0 43
179 140 18 1.9628 2.0066 36.193 35.305 -0.27968 -1.58412 0 43
179 203 19 1.942 1.9191 42.317 42.57 -0.07568 -1.61412 0 43
179 185 20 2.017 2.0074 46.09 46.581 0.03232 -1.73412 0 43
179 175 21 1.9912 2.0379 43.373 42.737 -0.07568 -1.71612 0 43
179 195 22 2.0542 2.0374 36.509 37.181 -0.23168 -1.63812 0 43
179 191 23 1.9372 1.9129 43.22 43.015 -0.06368 -1.61412 0 43
179 227 24 2.0314 2.0267 37.251 37.353 -0.22568 -1.63212 0 43
179 147 25 1.9395 1.8863 37.933 38.14 -0.18968 -1.53012 0 43
179 163 26 1.9583 1.9909 38.417 38.086 -0.20168 -1.61412 0 43
179 270 27 2.0363 2.0424 40.645 40.617 -0.13568 -1.69212 0 43
179 187 28 1.9361 1.9216 41.159 41.897 -0.09368 -1.60812 0 43
179 184 29 2.0473 2.0342 35.682 35.443 -0.27968 -1.60812 0 43
179 194 30 2.0523 2.0468 46.421 46.77 0.03832 -1.77012 0 43
179 258 31 2.0563 2.0526 39.55 40.006 -0.15368 -1.69212 0 43
179 195 32 2.0168 2.0219 38.907 38.415 -0.19568 -1.64412 0 43
179 154 33 1.966 2.0021 37.439 37.472 -0.21968 -1.61412 0 43
179 268 34 2.0651 2.0603 41.241 41.292 -0.11768 -1.71612 0 43
179 136 35 2.0688 2.0616 45.216 46.13 0.02032 -1.77612 0 43
179 171 36 2.0255 2.0181 45.636 45.716 0.00832 -1.73412 0 43
179 249 37 2.0761 2.0689 42.883 42.567 -0.08168 -1.74012 0 43
179 129 38 1.9641 1.9024 33.148 32.184 -0.34568 -1.45212 0 43
179 228 39 2.0245 2.0357 43.876 43.373 -0.05768 -1.72212 0 43
179 273 40 2.0546 2.0527 40.534 40.43 -0.14168 -1.69812 0 43
179 225 41 2.0231 2.0303 33.333 33.468 -0.33368 -1.57212 0 43
179 225 42 2.0723 2.0631 38.82 39.4 -0.17168 -1.69212 0 43
179 238 43 2.024 2.0287 33.971 33.894 -0.32168 -1.57812 0 43
179 178 44 1.908 1.8857 39.063 39.063 -0.16568 -1.54212 0 43
179 126 45 1.9689 1.9986 33.356 33.497 -0.32768 -1.54812 0 43
179 196 46 2.0353 2.0273 35.775 35.409 -0.27968 -1.60212 0 43
179 152 47 1.9144 1.8829 47.069 47.808 0.06232 -1.63812 0 43
179 221 48 2.0458 2.0457 39.008 39.562 -0.16568 -1.68012 0 43
179 209 49 1.9051 1.9004 33.603 32.638 -0.33368 -1.45812 0 43
215 257 0 2.0433 2.0367 37.681 37.608 -0.21968 -1.64412 0 43
215 218 1 1.9892 2.0179 40.491 40.343 -0.14168 -1.66812 0 43
215 205 2 1.9762 1.9847 46.077 46.158 0.02032 -1.71012 0 43
215 245 3 2.0531 2.0405 36.983 37.408 -0.22568 -1.64412 0 43
215 256 4 2.0762 2.0667 38.81 39.2 -0.17768 -1.69212 0 44
215 181 5 1.9502 1.966 38.838 38.658 -0.18368 -1.60212 0 43
215 189 6 1.9557 1.9365 32.794 32.421 -0.34568 -1.48212 0 43
215 202 7 1.9141 1.9064 39.793 40.046 -0.14168 -1.57212 0 43
215 301 8 2.0444 2.0533 41.403 41.278 -0.11768 -1.71012 0 44
215 183 9 1.9536 1.9693 39.216 38.891 -0.17768 -1.60812 0 43
215 148 10 1.9676 1.9369 43.019 42.821 -0.06968 -1.63212 0 43
215 185 11 1.9617 1.9804 35.045 34.724 -0.29168 -1.55412 0 43
215 229 12 2.0252 2.0262 36.06 35.837 -0.26768 -1.60812 0 43
215 229 13 1.995 2.0135 35.833 35.34 -0.27968 -1.59012 0 43
215 248 14 1.9326 1.9222 42.186 42.35 -0.08168 -1.61412 0 43
215 243 15 2.0059 2.0176 35.652 35.142 -0.28568 -1.59012 0 43
215 202 16 1.9924 2.0278 43.395 42.937 -0.06968 -1.71012 0 43
215 240 17 2.0091 2.0042 47.498 47.447 0.05632 -1.74012 0 43
215 180 18 1.9342 1.9308 39.275 39.438 -0.15968 -1.58412 0 43
215 238 19 1.9797 1.9858 47.164 47.248 0.05032 -1.72212 0 43
215 256 20 1.9214 1.9129 43.141 43.015 -0.06368 -1.61412 0 43
215 218 21 1.9432 1.923 42.977 42.802 -0.06968 -1.62012 0 43
215 213 22 1.9375 1.9172 34.326 34.827 -0.27968 -1.50612 0 43
215 165 23 1.954 1.9338 33.5 34.007 -0.30368 -1.50612 0 43
215 250 24 2.0014 2.0176 34.017 34.049 -0.31568 -1.57212 0 43
215 212 25 1.9966 2.034 43.007 42.518 -0.08168 -1.71012 0 43
215 214 26 1.9962 2.0217 43.642 43.358 -0.05768 -1.71012 0 43
215 212 27 2.0466 2.0331 35.888 35.87 -0.26768 -1.61412 0 43
215 212 28 1.9965 2.034 43.057 42.518 -0.08168 -1.71012 0 43
215 209 29 1.9372 1.9141 33.131 32.731 -0.33368 -1.47012 0 43
215 163 30 1.9541 1.938 33.384 33.804 -0.30968 -1.50612 0 43
215 174 31 1.9633 1.9929 35.892 35.234 -0.27968 -1.57212 0 43
215 220 32 1.995 2.0053 45.178 45.07 -0.00968 -1.71612 0 43
215 228 33 2.0314 2.0391 38.856 38.688 -0.18968 -1.66212 0 44
215 236 34 2.0373 2.0423 38.926 39.339 -0.17168 -1.67412 0 44
215 219 35 1.9519 1.9292 41.923 42.361 -0.08168 -1.62012 0 43
215 226 36 2.0583 2.0506 44.302 43.81 -0.04568 -1.74012 0 43
215 224 37 1.901 1.8823 44.747 44.817 -0.01568 -1.60812 0 43
215 183 38 1.9104 1.8789 46.464 46.891 0.03832 -1.62612 0 43
215 265 39 2.0103 2.0318 40.377 40.378 -0.14168 -1.68012 0 43
215 217 40 2.0545 2.0382 35.426 35.247 -0.28568 -1.60812 0 43
215 262 41 2.0044 2.0284 41.013 40.584 -0.13568 -1.68012 0 43
215 250 42 2.0268 2.0245 35.471 35.177 -0.28568 -1.59612 0 43
215 272 43 1.901 1.8852 36.275 36.511 -0.23168 -1.50612 0 43
215 201 44 1.9637 1.9769 46.595 46.818 0.03832 -1.71012 0 43
215 185 45 1.9573 1.9488 34.633 34.775 -0.28568 -1.53012 0 43
215 244 46 2.0056 2.0192 33.583 33.62 -0.32768 -1.56612 0 43
215 226 47 1.9911 2.0011 38.929 38.341 -0.19568 -1.62612 0 43
215 131 48 1.938 1.8518 44.964 46.211 0.02032 -1.59612 0 43
215 230 49 2.0662 2.0582 46.859 46.973 0.04432 -1.78212 0 43
251 302 0 1.9055 1.8875 36.979 37.218 -0.21368 -1.51812 0 43
251 303 1 2.0229 2.0418 43.192 42.954 -0.06968 -1.72212 0 43
251 315 2 2.066 2.0596 39.295 39.601 -0.16568 -1.69212 0 44
251 326 3 2.0554 2.0557 43.171 42.971 -0.06968 -1.73412 0 44
251 330 4 1.9106 1.9048 32.589 32.435 -0.33968 -1.45812 0 44
251 234 5 2.0321 2.025 45.622 45.715 0.00832 -1.74012 0 43
251 301 6 2.0555 2.044 33.325 33.549 -0.33368 -1.58412 0 43
251 273 7 2.0544 2.0395 34.944 34.822 -0.29768 -1.60212 0 43
251 239 8 1.984 2.0075 40.621 40.534 -0.13568 -1.66212 0 44
251 218 9 1.9113 1.8824 45.72 45.968 0.01432 -1.62012 0 43
251 251 10 1.938 1.9188 35.401 35.524 -0.26168 -1.51812 0 43
251 251 11 2.0427 2.0321 36.085 36.297 -0.25568 -1.62012 0 43
251 242 12 1.9925 2.0084 36.297 35.97 -0.26168 -1.59612 0 43
251 247 13 2.0495 2.0371 35.665 35.673 -0.27368 -1.61412 0 43
251 300 14 1.9069 1.8921 36.3 36.544 -0.23168 -1.51212 0 44
251 343 15 2.0534 2.0527 40.221 40.43 -0.14168 -1.69812 0 44
251 298 16 1.9078 1.893 35.889 36.085 -0.24368 -1.50612 0 44
251 196 17 1.981 2.0156 42.602 41.846 -0.09968 -1.68612 0 43
251 306 18 1.8976 1.8869 37.711 37.679 -0.20168 -1.52412 0 43
251 260 19 1.9999 2.0004 46.287 46.585 0.03232 -1.72812 0 43
251 259 20 1.9245 1.9179 41.198 41.664 -0.09968 -1.60212 0 43
251 268 21 2.0074 2.0164 35.924 35.572 -0.27368 -1.59612 0 43
251 272 22 2.0018 2.0135 35.694 35.34 -0.27968 -1.59012 0 43
251 209 23 1.9626 1.9788 45.591 45.503 0.00232 -1.69812 0 43
251 241 24 2.0634 2.059 45.889 46.341 0.02632 -1.77612 0 43
251 195 25 1.9505 1.9129 36.316 36.641 -0.23168 -1.53012 0 43
251 263 26 1.938 1.9185 32.792 32.528 -0.33968 -1.47012 0 44
251 269 27 2.0467 2.0487 47.28 47.192 0.05032 -1.77612 0 43
251 208 28 1.9714 1.9797 40.372 40.465 -0.13568 -1.63812 0 44
251 190 29 2.0723 2.0641 44.927 44.87 -0.01568 -1.76412 0 43
251 247 30 1.9027 1.8996 40.302 40.484 -0.12968 -1.57212 0 43
251 265 31 1.9706 1.9788 47.22 47.254 0.05032 -1.71612 0 43
251 266 32 1.9077 1.9008 44.194 43.911 -0.03968 -1.61412 0 43
251 285 33 2.0691 2.0594 32.938 33.209 -0.34568 -1.59012 0 43
251 197 34 1.9815 2.0156 42.617 41.846 -0.09968 -1.68612 0 43
251 305 35 2.0252 2.0387 43.438 43.163 -0.06368 -1.72212 0 43
251 333 36 2.0337 2.0427 41.242 41.043 -0.12368 -1.69812 0 44
251 299 37 1.905 1.8906 37.317 37.463 -0.20768 -1.52412 0 43
251 285 38 2.0284 2.0352 39.412 39.745 -0.15968 -1.67412 0 44
251 295 39 1.9209 1.9129 42.92 43.015 -0.06368 -1.61412 0 43
251 308 40 2.0238 2.041 42.885 42.528 -0.08168 -1.71612 0 44
251 268 41 2.0058 2.0139 44.705 44.426 -0.02768 -1.71612 0 43
251 288 42 1.8999 1.8968 43.917 43.68 -0.04568 -1.60812 0 43
251 244 43 1.9831 1.9874 46.014 45.939 0.01432 -1.71012 0 43
251 209 44 1.9495 1.9269 43.375 43.032 -0.06368 -1.62612 0 43
251 232 45 1.9787 2.0008 41.182 40.952 -0.12368 -1.66212 0 44
251 232 46 1.9645 1.9839 38.084 38.06 -0.20168 -1.60812 0 43
251 299 47 1.9175 1.9121 42.368 42.56 -0.07568 -1.60812 0 43
251 232 48 1.9037 1.8829 47.302 47.808 0.06232 -1.63812 0 43
251 273 49 1.9229 1.9029 36.225 36.364 -0.23768 -1.51812 0 43
287 321 0 2.0449 2.0399 37.99 37.835 -0.21368 -1.65012 0 44
287 374 1 2.0489 2.0533 41.248 41.278 -0.11768 -1.71012 0 44
287 330 2 2.0365 2.0346 33.107 33.276 -0.33968 -1.57212 0 44
287 330 3 2.0322 2.0267 37.132 37.353 -0.22568 -1.63212 0 44
287 302 4 2.0145 2.015 38.774 38.39 -0.19568 -1.63812 0 44
287 279 5 2.0741 2.0546 34.576 34.471 -0.30968 -1.60812 0 43
287 309 6 2.0098 2.0234 33.357 33.427 -0.33368 -1.56612 0 43
287 226 7 1.9235 1.9032 44.776 44.824 -0.01568 -1.62612 0 43
287 254 8 1.9929 2.02 42.912 42.498 -0.08168 -1.69812 0 44
287 289 9 2.0601 2.0481 36.567 37.011 -0.23768 -1.64412 0 43
287 318 10 1.9193 1.905 35.283 35.452 -0.26168 -1.50612 0 44
287 318 11 1.9143 1.9098 43.568 43.238 -0.05768 -1.61412 0 44
287 368 12 2.0307 2.0424 40.863 40.617 -0.13568 -1.69212 0 44
287 254 13 1.9335 1.9273 39.541 39.653 -0.15368 -1.58412 0 44
287 274 14 1.9251 1.9132 33.651 33.882 -0.30368 -1.48812 0 44
287 316 15 2.0254 2.0273 35.565 35.409 -0.27968 -1.60212 0 43
287 333 16 2.0574 2.0508 33.361 33.589 -0.33368 -1.59012 0 44
287 341 17 2.0228 2.0299 34.737 34.554 -0.30368 -1.59012 0 43
287 290 18 2.0022 2.0166 33.29 33.385 -0.33368 -1.56012 0 43
287 312 19 1.9946 2.009 37.503 37.5 -0.21968 -1.62012 0 43
287 338 20 2.0105 2.0251 41.145 40.791 -0.12968 -1.68012 0 44
287 289 21 1.9815 2.001 35.028 34.836 -0.29168 -1.57212 0 44
287 286 22 1.9422 1.9299 42.902 42.811 -0.06968 -1.62612 0 43
287 284 23 1.9988 2.0084 36.249 35.97 -0.26168 -1.59612 0 43
287 312 24 2.0771 2.0783 37.795 37.765 -0.21968 -1.68012 0 44
287 285 25 1.9689 1.9743 46.865 47.039 0.04432 -1.71012 0 43
287 263 26 1.9102 1.8892 44.776 44.819 -0.01568 -1.61412 0 44
287 229 27 1.9603 1.9517 33.536 33.886 -0.30968 -1.51812 0 44
287 307 28 1.9994 1.9978 46.693 46.803 0.03832 -1.72812 0 43
287 376 29 2.0575 2.0566 41.012 41.073 -0.12368 -1.71012 0 44
287 255 30 1.9833 1.9986 33.438 33.497 -0.32768 -1.54812 0 44
287 311 31 1.9871 2.0015 38.104 37.907 -0.20768 -1.62012 0 43
287 321 32 2.0565 2.05 32.687 32.936 -0.35168 -1.57812 0 44
287 244 33 1.9102 1.8904 46.798 47.111 0.04432 -1.63812 0 44
287 281 34 2 2.0098 33.194 33.344 -0.33368 -1.55412 0 44
287 265 35 1.9196 1.9099 39.594 39.828 -0.14768 -1.57212 0 44
287 309 36 2.0141 2.0093 46.806 47.011 0.04432 -1.74012 0 43
287 319 37 2.0011 2.0215 40.839 40.567 -0.13568 -1.67412 0 44
287 374 38 2.0343 2.0424 40.695 40.617 -0.13568 -1.69212 0 44
287 280 39 2.0195 2.0154 45.754 45.931 0.01432 -1.73412 0 44
287 260 40 1.9728 1.9886 45.411 45.285 -0.00368 -1.70412 0 43
287 328 41 2.0074 2.0217 41.327 40.998 -0.12368 -1.68012 0 44
287 255 42 1.9569 1.9658 39.323 39.101 -0.17168 -1.60812 0 44
287 218 43 1.9821 2.013 42.976 42.488 -0.08168 -1.69212 0 44
287 361 44 2.0756 2.0631 40.178 40.244 -0.14768 -1.70412 0 44
287 255 45 1.9745 1.9799 40.925 40.904 -0.12368 -1.64412 0 44
287 343 46 2.0466 2.0397 33.713 33.741 -0.32768 -1.58412 0 44
287 317 47 2.0375 2.0389 32.756 33.084 -0.34568 -1.57212 0 44
287 286 48 2.0315 2.0291 45.064 44.861 -0.01568 -1.73412 0 44
287 328 49 2.0058 2.0215 40.641 40.567 -0.13568 -1.67412 0 44
323 390 0 2.0709 2.0658 42.908 42.773 -0.07568 -1.74012 0 44
323 350 1 2.0681 2.0636 43.629 43.4 -0.05768 -1.74612 0 44
323 288 2 1.9833 2.0015 36.405 35.937 -0.26168 -1.59012 0 44
323 253 3 1.9728 1.9706 32.825 32.65 -0.34568 -1.51212 0 44
323 308 4 1.9822 1.9858 45.47 45.503 0.00232 -1.70412 0 44
323 343 5 2.0553 2.0443 36.901 37.209 -0.23168 -1.64412 0 44
323 275 6 1.9612 1.9501 32.726 32.513 -0.34568 -1.49412 0 44
323 374 7 2.0498 2.0382 34.069 34.166 -0.31568 -1.59012 0 44
323 355 8 1.9987 2.012 34.814 34.675 -0.29768 -1.57812 0 44
323 304 9 1.9696 1.9751 46.37 46.38 0.02632 -1.70412 0 44
323 314 10 2.008 2.014 32.922 33.15 -0.33968 -1.55412 0 44
323 329 11 1.9078 1.8896 38.304 38.384 -0.18368 -1.53612 0 44
323 367 12 1.9182 1.916 42.856 42.792 -0.06968 -1.61412 0 44
323 326 13 2.0232 2.0193 45.147 45.072 -0.00968 -1.72812 0 44
323 230 14 1.9357 1.9242 44.672 44.83 -0.01568 -1.64412 0 44
323 297 15 2.0654 2.0616 45.735 46.13 0.02032 -1.77612 0 44
323 315 16 1.9758 1.9905 38.914 38.523 -0.18968 -1.62012 0 44
323 297 17 1.9571 1.9432 42.438 42.383 -0.08168 -1.63212 0 44
323 321 18 1.9931 1.9998 45.648 45.502 0.00232 -1.71612 0 44
323 331 19 2.0186 2.0222 45.092 44.859 -0.01568 -1.72812 0 44
323 340 20 1.9026 1.9007 41.663 41.858 -0.09368 -1.59012 0 44
323 312 21 1.9276 1.9051 36.938 37.065 -0.21968 -1.53012 0 44
323 303 22 2.0318 2.025 45.611 45.715 0.00832 -1.74012 0 44
323 358 23 1.9057 1.9029 33.239 32.888 -0.32768 -1.46412 0 44
323 281 24 1.9563 1.9587 39.72 39.523 -0.15968 -1.60812 0 44
323 412 25 2.0636 2.0597 40.347 40.447 -0.14168 -1.70412 0 44
323 274 26 1.9827 1.9947 42.294 41.809 -0.09968 -1.66812 0 44
323 347 27 1.9356 1.9261 42.395 42.581 -0.07568 -1.62012 0 44
323 369 28 2.0583 2.0562 39.052 39.38 -0.17168 -1.68612 0 44
323 264 29 1.938 1.9114 37.401 37.55 -0.20768 -1.54212 0 44
323 287 30 2.0555 2.0501 44.945 44.866 -0.01568 -1.75212 0 44
323 262 31 2.0731 2.048 35.437 35.511 -0.27968 -1.62012 0 44
323 295 32 1.9456 1.9323 34.137 34.455 -0.29168 -1.51212 0 44
323 285 33 1.9277 1.9169 39.138 39.394 -0.15968 -1.57212 0 44
323 290 34 1.9678 1.9807 37.738 37.827 -0.20768 -1.60212 0 44
323 280 35 1.9707 1.9635 42.062 41.972 -0.09368 -1.64412 0 44
323 370 36 2.0285 2.0303 33.385 33.468 -0.33368 -1.57212 0 44
323 258 37 1.984 2.0022 42.74 42.256 -0.08768 -1.68012 0 44
323 345 38 2.064 2.0672 38.35 38.358 -0.20168 -1.68012 0 44
323 254 39 1.9508 1.9378 43.531 43.269 -0.05768 -1.63812 0 44
323 244 40 1.9809 1.9998 43.164 42.902 -0.06968 -1.68612 0 44
323 342 41 2.0204 2.0163 47.011 47.005 0.04432 -1.74612 0 44
323 334 42 2.0096 2.0152 45.021 44.857 -0.01568 -1.72212 0 44
323 288 43 1.9401 1.9167 36.32 36.43 -0.23768 -1.53012 0 44
323 274 44 1.9855 2.0086 42.408 41.834 -0.09968 -1.68012 0 44
323 361 45 2.0577 2.0566 43.772 43.393 -0.05768 -1.74012 0 44
323 316 46 1.9271 1.9174 40.897 41.21 -0.11168 -1.59612 0 44
323 268 47 1.9591 1.9439 42.932 42.83 -0.06968 -1.63812 0 44
323 334 48 2.06 2.0557 47.257 47.186 0.05032 -1.78212 0 44
323 344 49 1.9819 1.9858 47.125 47.248 0.05032 -1.72212 0 44
359 283 0 1.9629 1.976 44.673 44.626 -0.02168 -1.68612 0 44
359 357 1 1.9049 1.8929 38.644 38.627 -0.17768 -1.54212 0 44
359 329 2 1.9682 1.9804 46.022 45.94 0.01432 -1.70412 0 44
359 433 3 2.0342 2.0393 41.386 41.249 -0.11768 -1.69812 0 44
359 405 4 2.0551 2.0562 39.124 39.38 -0.17168 -1.68612 0 44
359 321 5 1.9489 1.9519 39.077 39.056 -0.17168 -1.59612 0 44
359 370 6 1.9183 1.9109 41.382 41.65 -0.09968 -1.59612 0 44
359 293 7 1.9507 1.9594 46.074 45.946 0.01432 -1.68612 0 44
359 389 8 2.0573 2.0575 37.66 37.688 -0.21968 -1.66212 0 44
359 404 9 1.9173 1.909 42.58 42.783 -0.06968 -1.60812 0 44
359 365 10 2.0548 2.0477 44.278 44.019 -0.03968 -1.74012 0 44
359 342 11 1.9973 2.0109 39.887 39.893 -0.15368 -1.65612 0 44
359 334 12 1.9329 1.909 36.675 36.852 -0.22568 -1.53012 0 44
359 368 13 2.0196 2.0183 36.201 36.234 -0.25568 -1.60812 0 44
359 374 14 2.0312 2.0358 38.623 38.463 -0.19568 -1.65612 0 44
359 344 15 1.9014 1.896 39.578 39.787 -0.14768 -1.56012 0 44
359 329 16 1.9582 1.9696 38.527 38.449 -0.18968 -1.60212 0 44
359 328 17 1.9657 1.9727 39.333 39.123 -0.17168 -1.61412 0 44
359 404 18 2.0304 2.0267 37.329 37.353 -0.22568 -1.63212 0 44
359 393 19 2.0324 2.0313 35.275 35.212 -0.28568 -1.60212 0 44
359 323 20 1.9051 1.8911 46.258 46.423 0.02632 -1.63212 0 44
359 382 21 1.9955 2.0024 34.437 34.403 -0.30368 -1.56612 0 44
359 316 22 1.9418 1.9328 33.302 33.314 -0.32168 -1.49412 0 44
359 360 23 1.9027 1.9035 41.1 41.179 -0.11168 -1.58412 0 44
359 368 24 2.0124 2.0123 45.104 45.071 -0.00968 -1.72212 0 44
359 288 25 1.9716 1.9706 32.816 32.65 -0.34568 -1.51212 0 44
359 337 26 2.0326 2.025 45.631 45.715 0.00832 -1.74012 0 44
359 396 27 2.0193 2.0328 42.035 41.663 -0.10568 -1.69812 0 44
359 359 28 2.0319 2.0291 44.996 44.861 -0.01568 -1.73412 0 44
359 365 29 1.9942 2.0075 40.642 40.534 -0.13568 -1.66212 0 44
359 335 30 1.9133 1.902 44.462 44.368 -0.02768 -1.62012 0 44
359 348 31 2.0223 2.0154 45.805 45.931 0.01432 -1.73412 0 44
359 389 32 2.062 2.0568 32.709 32.978 -0.35168 -1.58412 0 44
359 407 33 1.8973 1.8901 35.698 35.838 -0.24968 -1.50012 0 44
359 338 34 1.9817 1.9957 35.843 35.469 -0.27368 -1.57812 0 44
359 334 35 2.0362 2.0293 45.67 45.928 0.01432 -1.74612 0 44
359 319 36 1.9455 1.9413 40.135 40.142 -0.14168 -1.60212 0 44
359 396 37 1.9107 1.9083 42.061 42.327 -0.08168 -1.60212 0 44
359 280 38 1.9288 1.9209 46.587 46.859 0.03832 -1.66212 0 44
359 340 39 2.0749 2.066 45.909 46.338 0.02632 -1.78212 0 44
359 358 40 2.0268 2.0295 32.542 32.808 -0.35168 -1.56012 0 44
359 346 41 1.9921 2.0055 36.134 35.737 -0.26768 -1.59012 0 44
359 389 42 2.0014 2.0148 35.084 34.909 -0.29168 -1.58412 0 44
359 304 43 1.9221 1.909 44.564 44.372 -0.02768 -1.62612 0 44
359 384 44 2.0627 2.0613 37.396 37.49 -0.22568 -1.66212 0 44
359 372 45 1.91 1.9054 33.418 33.138 -0.32168 -1.47012 0 44
359 338 46 1.9109 1.902 44.516 44.368 -0.02768 -1.62012 0 44
359 402 47 2.0721 2.0627 43.232 42.979 -0.06968 -1.74012 0 44
359 384 48 1.9294 1.9184 41.87 42.117 -0.08768 -1.60812 0 44
359 321 49 1.9638 1.9626 40.892 41.086 -0.11768 -1.63212 0 44
394 443 0 2.0162 2.0189 34.833 34.712 -0.29768 -1.58412 0 44
394 413 1 2.0123 2.0139 44.599 44.426 -0.02768 -1.71612 0 44
394 441 2 1.9128 1.9121 42.418 42.56 -0.07568 -1.60812 0 44
394 349 3 1.9729 1.9765 33.744 33.809 -0.31568 -1.53612 0 44
394 435 4 1.9251 1.9185 32.642 32.528 -0.33968 -1.47012 0 44
394 480 5 2.0719 2.0645 41.722 41.931 -0.09968 -1.72812 -0 45
394 407 6 2.0154 2.0118 46.56 46.794 0.03832 -1.74012 0 44
394 415 7 2.0466 2.0464 38.396 38.286 -0.20168 -1.66212 0 45
394 409 8 2.045 2.0382 35.334 35.247 -0.28568 -1.60812 0 44
394 438 9 1.9005 1.8998 43.596 43.454 -0.05168 -1.60812 0 44
394 354 10 1.9826 1.9928 36.808 36.776 -0.23768 -1.59612 0 44
394 411 11 1.9927 2.0066 34.288 34.206 -0.30968 -1.56612 0 44
394 403 12 2.0043 2.0124 35.919 35.771 -0.26768 -1.59612 0 44
394 359 13 1.9593 1.9696 38.399 38.449 -0.18968 -1.60212 0 44
394 338 14 2.0757 2.067 45.401 45.709 0.00832 -1.77612 0 44
394 359 15 1.9638 1.9694 35.106 34.888 -0.28568 -1.54812 0 44
394 387 16 2.0271 2.0263 45.256 45.074 -0.00968 -1.73412 0 44
394 482 17 2.0549 2.0537 41.592 41.701 -0.10568 -1.71612 -0 45
394 420 18 2.0718 2.0669 38.632 38.779 -0.18968 -1.68612 -0 45
394 354 19 1.9707 1.9819 35.656 35.399 -0.27368 -1.56612 0 44
394 351 20 1.9429 1.9328 33.214 33.314 -0.32168 -1.49412 0 44
394 451 21 2.031 2.0387 43.401 43.163 -0.06368 -1.72212 0 44
394 404 22 2.028 2.025 44.857 44.646 -0.02168 -1.72812 0 44
394 417 23 2.0394 2.0343 36.734 36.953 -0.23768 -1.63212 0 44
394 447 24 2.0613 2.0597 43.398 43.186 -0.06368 -1.74012 -0 44
394 410 25 2.0768 2.068 32.708 32.832 -0.35768 -1.59012 0 44
394 337 26 1.9877 1.9935 32.922 33.022 -0.33968 -1.53612 0 44
394 365 27 1.96 1.9696 38.591 38.449 -0.18968 -1.60212 0 44
394 439 28 1.915 1.9129 42.943 43.015 -0.06368 -1.61412 0 44
394 354 29 2.077 2.0642 34.785 34.737 -0.30368 -1.62012 0 44
394 375 30 1.9861 2.0006 40.611 40.517 -0.13568 -1.65612 0 44
394 428 31 1.9134 1.9114 41.963 42.105 -0.08768 -1.60212 0 44
394 306 32 1.9444 1.9221 37.224 37.367 -0.21368 -1.54812 0 44
394 391 33 1.9925 1.9956 45.437 45.285 -0.00368 -1.71012 0 44
394 342 34 1.9116 1.9008 45.937 46.19 0.02032 -1.63812 0 44
394 329 35 1.9369 1.9248 43.997 43.705 -0.04568 -1.63212 0 44
394 388 36 1.9804 1.9941 35.064 34.799 -0.29168 -1.56612 0 44
394 414 37 1.9292 1.9199 43.035 43.023 -0.06368 -1.62012 0 44
394 390 38 2.0061 2.0232 42.528 42.288 -0.08768 -1.69812 0 44
394 366 39 1.9333 1.9201 33.663 33.924 -0.30368 -1.49412 0 44
394 343 40 1.9295 1.9109 37.928 38.005 -0.19568 -1.54812 0 44
394 438 41 2.0331 2.0346 33.228 33.276 -0.33968 -1.57212 0 44
394 442 42 2.0136 2.0189 34.723 34.712 -0.29768 -1.58412 0 44
394 414 43 1.9897 1.9946 37.869 37.88 -0.20768 -1.61412 0 44
394 420 44 1.9248 1.9199 43.076 43.023 -0.06368 -1.62012 0 44
394 367 45 1.9617 1.973 38.893 38.682 -0.18368 -1.60812 0 44
394 479 46 2.0646 2.0597 40.278 40.447 -0.14168 -1.70412 -0 45
394 353 47 1.9696 1.9729 40.779 40.888 -0.12368 -1.63812 0 44
394 412 48 2.0249 2.0277 47.288 47.21 0.05032 -1.75812 -0 44
394 419 49 1.9241 1.9184 41.764 42.117 -0.08768 -1.60812 0 44
430 467 0 1.9184 1.9129 43.14 43.015 -0.06368 -1.61412 0 44
430 461 1 1.9983 2.0053 37.627 37.703 -0.21368 -1.62012 0 44
430 453 2 1.9155 1.9131 34.919 35.035 -0.27368 -1.50612 0 45
430 417 3 1.9284 1.9234 33.202 33.024 -0.32768 -1.48212 0 45
430 439 4 2.0691 2.0678 46.708 46.756 0.03832 -1.78812 -0 44
430 444 5 2.0293 2.0258 46.697 46.784 0.03832 -1.75212 -0 44
430 438 6 2.0179 2.0144 46.426 46.577 0.03232 -1.74012 -0 44
430 470 7 2.0061 2.0134 34.319 34.245 -0.30968 -1.57212 0 44
430 383 8 1.9517 1.9448 40.248 40.376 -0.13568 -1.60812 0 44
430 505 9 2.0286 2.0388 40.438 40.396 -0.14168 -1.68612 -0 45
430 383 10 1.9535 1.9475 33.973 34.088 -0.30368 -1.51812 0 45
430 471 11 2.0266 2.0297 43.906 43.794 -0.04568 -1.72212 0 44
430 431 12 2.0684 2.0627 47.232 47.18 0.05032 -1.78812 -0 44
430 459 13 2.0204 2.0248 39.75 39.931 -0.15368 -1.66812 0 45
430 422 14 2.0669 2.0697 47.447 47.174 0.05032 -1.79412 -0 44
430 382 15 1.9719 1.9727 40.331 40.447 -0.13568 -1.63212 0 45
430 385 16 1.9954 2.0004 32.881 33.065 -0.33968 -1.54212 0 44
430 439 17 1.9278 1.9148 35.539 35.733 -0.25568 -1.51812 0 45
430 441 18 2.0273 2.0282 36.423 36.496 -0.24968 -1.62012 0 44
430 520 19 2.054 2.0494 40.618 40.634 -0.13568 -1.69812 -0 45
430 444 20 2.023 2.0243 36.51 36.695 -0.24368 -1.62012 0 44
430 443 21 2.0583 2.0538 46.62 46.765 0.03832 -1.77612 -0 44
430 446 22 2.0129 2.0309 43.012 42.727 -0.07568 -1.71012 0 45
430 403 23 1.9628 1.9696 38.495 38.449 -0.18968 -1.60212 0 44
430 446 24 1.9014 1.8966 34.498 34.711 -0.27968 -1.48812 0 45
430 410 25 1.9411 1.9282 34.455 34.66 -0.28568 -1.51212 0 45
430 472 26 2.0138 2.0148 34.988 34.909 -0.29168 -1.58412 0 44
430 450 27 1.9874 1.9883 47.061 47.028 0.04432 -1.72212 0 44
430 420 28 1.9086 1.8966 38.474 38.41 -0.18368 -1.54212 0 44
430 424 29 1.9469 1.9388 41.575 41.704 -0.09968 -1.62012 0 44
430 437 30 2.0079 2.0217 43.436 43.358 -0.05768 -1.71012 0 44
430 442 31 1.9316 1.9199 43.051 43.023 -0.06368 -1.62012 0 44
430 457 32 2.0157 2.0258 41.938 41.65 -0.10568 -1.69212 -0 45
430 426 33 1.8973 1.8892 44.769 44.819 -0.01568 -1.61412 0 44
430 419 34 2.0634 2.059 46.035 46.341 0.02632 -1.77612 -0 44
430 409 35 2.0724 2.066 45.945 46.338 0.02632 -1.78212 -0 44
430 399 36 1.9676 1.9694 34.96 34.888 -0.28568 -1.54812 0 44
430 486 37 2.0454 2.0397 33.738 33.741 -0.32768 -1.58412 0 44
430 451 38 2.0733 2.0677 37.876 37.937 -0.21368 -1.67412 -0 45
430 503 39 2.0425 2.0488 43.028 42.962 -0.06968 -1.72812 -0 45
430 511 40 2.0426 2.0505 41.916 41.907 -0.09968 -1.71612 -0 45
430 410 41 1.9455 1.9369 42.918 42.821 -0.06968 -1.63212 0 44
430 521 42 2.0623 2.0645 41.881 41.931 -0.09968 -1.72812 -0 45
430 396 43 1.9738 1.986 35.564 35.198 -0.27968 -1.56612 0 44
430 486 44 2.029 2.0348 43.107 42.946 -0.06968 -1.71612 -0 45
430 450 45 2.01 2.0164 35.65 35.572 -0.27368 -1.59612 0 44
430 425 46 2.0173 2.0138 45.572 45.502 0.00232 -1.72812 0 44
430 420 47 1.9164 1.9106 33.671 33.635 -0.30968 -1.48212 0 45
430 418 48 1.9417 1.9321 32.757 32.621 -0.33968 -1.48212 0 45
430 466 49 2.0351 2.0305 37.09 37.153 -0.23168 -1.63212 0 44
466 474 0 2.0599 2.0557 47.263 47.186 0.05032 -1.78212 -0 44
466 495 1 2.0673 2.0577 33.483 33.629 -0.33368 -1.59612 0 45
466 472 2 2.0629 2.0627 47.207 47.18 0.05032 -1.78812 -0 44
466 445 3 1.929 1.909 36.651 36.852 -0.22568 -1.53012 0 45
466 477 4 1.9375 1.9254 41.814 42.129 -0.08768 -1.61412 0 45
466 466 5 1.9784 1.9872 38.499 38.292 -0.19568 -1.61412 0 45
466 499 6 2.0177 2.0197 37.099 37.325 -0.22568 -1.62612 0 44
466 493 7 1.9109 1.9062 34.848 34.997 -0.27368 -1.50012 0 45
466 437 8 2.001 2.0169 42.849 42.709 -0.07568 -1.69812 0 45
466 405 9 1.9681 1.9673 42.439 42.199 -0.08768 -1.65012 0 45
466 504 10 2.0078 2.0154 38.119 37.959 -0.20768 -1.63212 0 45
466 359 11 1.9648 1.9708 43.955 43.965 -0.03968 -1.67412 0 44
466 505 12 2.0065 2.012 34.683 34.675 -0.29768 -1.57812 0 44
466 440 13 1.9976 2.0039 39.611 39.439 -0.16568 -1.64412 0 45
466 426 14 1.9467 1.9448 39.452 39.481 -0.15968 -1.59612 0 45
466 426 15 1.9263 1.9148 44.038 43.922 -0.03968 -1.62612 0 44
466 471 16 1.9862 1.9838 46.618 46.813 0.03832 -1.71612 0 44
466 472 17 1.9068 1.8933 38.137 38.167 -0.18968 -1.53612 0 45
466 558 18 2.0541 2.0543 42.059 42.125 -0.09368 -1.72212 -0 45
466 491 19 2.0735 2.0667 43.385 43.194 -0.06368 -1.74612 -0 45
466 470 20 2.0583 2.0481 36.778 37.011 -0.23768 -1.64412 0 45
466 511 21 2.0504 2.0482 33.148 33.358 -0.33968 -1.58412 0 45
466 389 22 1.9743 1.9818 44.132 44.192 -0.03368 -1.68612 0 44
466 465 23 1.9966 2.0026 45.352 45.286 -0.00368 -1.71612 0 44
466 483 24 2.0413 2.0395 38.43 38.261 -0.20168 -1.65612 0 45
466 389 25 1.9246 1.9172 44.863 44.828 -0.01568 -1.63812 0 44
466 491 26 1.9322 1.9261 42.491 42.581 -0.07568 -1.62012 0 44
466 472 27 1.9892 1.9974 38.709 38.547 -0.18968 -1.62612 0 45
466 429 28 1.9235 1.9169 39.182 39.394 -0.15968 -1.57212 0 45
466 397 29 1.9437 1.9515 46.599 46.614 0.03232 -1.68612 0 44
466 514 30 2.0409 2.0367 34.663 34.591 -0.30368 -1.59612 0 44
466 468 31 1.9022 1.9002 41.27 41.4 -0.10568 -1.58412 0 45
466 386 32 1.9445 1.9336 36.714 36.736 -0.23168 -1.54812 0 45
466 510 33 2.0109 2.0189 34.785 34.712 -0.29768 -1.58412 0 44
466 463 34 2.0279 2.0214 46.282 46.573 0.03232 -1.74612 -0 45
466 492 35 2.0712 2.0669 38.71 38.779 -0.18968 -1.68612 -0 45
466 390 36 1.9433 1.9471 46.344 46.394 0.02632 -1.68012 0 44
466 470 37 2.0766 2.0603 33.723 33.859 -0.32768 -1.60212 0 45
466 533 38 2.0342 2.0435 42.07 41.895 -0.09968 -1.71012 -0 45
466 456 39 1.9088 1.9032 40.559 40.722 -0.12368 -1.57812 0 45
466 558 40 2.0528 2.0543 42.146 42.125 -0.09368 -1.72212 -0 45
466 451 41 1.9383 1.9314 41.039 41.241 -0.11168 -1.60812 0 45
466 385 42 1.9734 1.9781 42.729 42.436 -0.08168 -1.66212 0 45
466 411 43 1.9128 1.9046 45.228 45.279 -0.00368 -1.63212 0 45
466 433 44 1.9179 1.9135 39.06 39.156 -0.16568 -1.56612 0 45
466 467 45 2.0094 2.0264 42.362 42.079 -0.09368 -1.69812 -0 45
466 449 46 1.9865 1.9942 44.796 44.851 -0.01568 -1.70412 0 44
466 511 47 2.0232 2.0328 41.785 41.663 -0.10568 -1.69812 -0 45
466 492 48 2.0575 2.0563 38.765 38.957 -0.18368 -1.68012 -0 45
466 392 49 1.9268 1.9253 46.874 47.08 0.04432 -1.66812 0 45
502 486 0 1.9411 1.9337 35.036 35.147 -0.27368 -1.52412 0 45
502 450 1 1.9593 1.9664 46.001 45.944 0.01432 -1.69212 0 44
502 544 2 1.9176 1.9121 42.548 42.56 -0.07568 -1.60812 0 45
502 459 3 1.957 1.9487 40.8 41.055 -0.11768 -1.62012 0 45
502 466 4 2.0442 2.0363 45.673 45.926 0.01432 -1.75212 -0 45
502 514 5 2.0115 2.0247 43.319 43.147 -0.06368 -1.71012 -0 45
502 500 6 2.0721 2.0689 36.907 37.096 -0.23768 -1.66212 -0 45
502 506 7 1.9335 1.9253 32.776 32.575 -0.33968 -1.47612 0 45
502 527 8 2.0297 2.0273 35.526 35.409 -0.27968 -1.60212 0 45
502 505 9 1.9089 1.897 38.001 37.951 -0.19568 -1.53612 0 45
502 438 10 1.9744 1.9781 33.294 33.372 -0.32768 -1.53012 0 45
502 502 11 2.0253 2.0295 32.651 32.808 -0.35168 -1.56012 0 45
502 460 12 1.9205 1.9068 38.496 38.676 -0.17768 -1.55412 0 45
502 510 13 1.9962 2.0078 41.148 40.967 -0.12368 -1.66812 -0 45
502 537 14 2.0222 2.0234 33.344 33.427 -0.33368 -1.56612 0 45
502 578 15 2.031 2.039 40.866 40.822 -0.12968 -1.69212 -0 45
502 466 16 2.0442 2.039 45.665 45.713 0.00832 -1.75212 -0 45
502 501 17 2.0127 2.0096 45.382 45.286 -0.00368 -1.72212 -0 45
502 448 18 1.912 1.9064 47.264 47.552 0.05632 -1.65612 -0 45
502 507 19 1.9738 1.9813 47.061 47.033 0.04432 -1.71612 -0 45
502 500 20 2.0076 2.0144 36.397 36.434 -0.24968 -1.60812 0 45
502 517 21 2.0116 2.011 44.632 44.64 -0.02168 -1.71612 0 45
502 585 22 2.0489 2.0492 40.021 40.209 -0.14768 -1.69212 -0 46
502 422 23 1.9275 1.9209 46.65 46.859 0.03832 -1.66212 0 45
502 474 24 2.0638 2.052 36.388 36.814 -0.24368 -1.64412 0 45
502 488 25 1.952 1.9394 41.976 42.153 -0.08768 -1.62612 0 45
502 432 26 1.961 1.9669 37.669 37.773 -0.20768 -1.59012 0 45
502 428 27 1.9212 1.9147 46.153 46.185 0.02032 -1.65012 0 45
502 519 28 2.0746 2.0637 32.898 33.02 -0.35168 -1.59012 0 45
502 480 29 1.9309 1.9241 40.705 40.773 -0.12368 -1.59612 0 45
502 542 30 2.061 2.0597 39.061 39.179 -0.17768 -1.68612 -0 46
502 539 31 2.044 2.0437 37.587 37.635 -0.21968 -1.65012 -0 45
502 467 32 1.9742 1.9797 39.417 39.146 -0.17168 -1.62012 0 45
502 445 33 1.95 1.9585 46.682 46.61 0.03232 -1.69212 0 45
502 515 34 2.0605 2.0512 37.002 37.237 -0.23168 -1.65012 0 45
502 413 35 1.9455 1.9508 45.577 45.504 0.00232 -1.67412 0 45
502 557 36 2.026 2.0271 34.234 34.321 -0.30968 -1.58412 0 45
502 454 37 1.9521 1.9518 40.365 40.394 -0.13568 -1.61412 0 45
502 456 38 1.9441 1.9508 47.362 47.281 0.05032 -1.69212 0 45
502 515 39 1.9879 1.9908 46.746 46.808 0.03832 -1.72212 0 45
502 536 40 2.0478 2.0437 37.684 37.635 -0.21968 -1.65012 0 45
502 440 41 1.943 1.9348 43.565 43.49 -0.05168 -1.63812 0 45
502 430 42 2.0739 2.0641 44.807 44.87 -0.01568 -1.76412 -0 45
502 519 43 2.0736 2.0637 32.792 33.02 -0.35168 -1.59012 0 45
502 416 44 1.9451 1.9481 45.775 45.727 0.00832 -1.67412 0 45
502 426 45 1.9239 1.9172 44.786 44.828 -0.01568 -1.63812 0 45
502 495 46 1.9894 1.9944 46.01 45.937 0.01432 -1.71612 0 45
502 581 47 2.0676 2.0633 40.517 40.666 -0.13568 -1.71012 -0 46
502 555 48 2.0346 2.0371 33.535 33.509 -0.33368 -1.57812 0 45
502 504 49 1.8974 1.8969 33.755 33.549 -0.30968 -1.47012 0 45
36 115 0 2.0289 1.8932 44.33 31.883 -0.35168 -1.44012 0 43
36 116 1 2.0353 1.8932 33.383 31.883 -0.35168 -1.44012 0 43
36 116 2 2.0106 1.8932 44.364 31.883 -0.35168 -1.44012 0 43
36 116 3 1.9679 1.8932 36.7 31.883 -0.35168 -1.44012 0 43
36 116 4 1.9088 1.8932 35.377 31.883 -0.35168 -1.44012 0 43
36 116 5 1.977 1.8932 34.677 31.883 -0.35168 -1.44012 0 43
36 116 6 1.9839 1.8932 41.92 31.883 -0.35168 -1.44012 0 43
36 121 7 2.0337 2.0492 39.652 40.209 -0.14768 -1.69212 0 43
36 116 8 1.9498 1.8932 38.953 31.883 -0.35168 -1.44012 0 43
36 115 9 1.9402 1.8932 37.401 31.883 -0.35168 -1.44012 0 43
36 116 10 1.941 1.8932 41.639 31.883 -0.35168 -1.44012 0 43
36 115 11 2.0553 1.8932 35.197 31.883 -0.35168 -1.44012 0 43
36 116 12 1.9927 1.8932 34.188 31.883 -0.35168 -1.44012 0 43
36 117 13 2.0571 1.8932 45.186 31.883 -0.35168 -1.44012 0 43
36 116 14 1.9403 1.8932 36.462 31.883 -0.35168 -1.44012 0 43
36 115 15 1.8973 1.8932 38.893 31.883 -0.35168 -1.44012 0 43
36 116 16 2.0739 1.8932 44.668 31.883 -0.35168 -1.44012 0 43
36 116 17 1.9743 1.8932 39.543 31.883 -0.35168 -1.44012 0 43
36 115 18 2.0768 1.8932 47.497 31.883 -0.35168 -1.44012 0 43
36 115 19 2.049 1.8932 47.043 31.883 -0.35168 -1.44012 0 43
36 116 20 1.9852 1.8932 34.608 31.883 -0.35168 -1.44012 0 43
36 116 21 1.9629 1.8932 47.23 31.883 -0.35168 -1.44012 0 43
36 131 22 2.037 2.0458 40.55 40.413 -0.14168 -1.69212 0 43
36 117 23 1.9148 1.8932 35.228 31.883 -0.35168 -1.44012 0 43
36 116 24 1.9897 1.8932 37.248 31.883 -0.35168 -1.44012 0 43
36 116 25 1.95 1.8932 47.247 31.883 -0.35168 -1.44012 0 43
36 116 26 1.985 1.8932 43.607 31.883 -0.35168 -1.44012 0 43
36 117 27 2.0547 1.8932 37.536 31.883 -0.35168 -1.44012 0 43
36 116 28 1.914 1.8932 42.378 31.883 -0.35168 -1.44012 0 43
36 115 29 1.9049 1.8693 38.031 37.839 -0.19568 -1.51212 0 43
36 116 30 1.9469 1.8932 36.28 31.883 -0.35168 -1.44012 0 43
36 116 31 1.9656 1.8932 46.672 31.883 -0.35168 -1.44012 0 43
36 142 32 1.9049 1.8888 32.718 32.087 -0.34568 -1.44012 0 43
36 116 33 1.9819 1.8932 34.745 31.883 -0.35168 -1.44012 0 43
36 116 34 1.9767 1.8932 47.005 31.883 -0.35168 -1.44012 0 43
36 130 35 2.0418 2.0575 41.682 41.919 -0.09968 -1.72212 0 43
36 116 36 2.0396 1.8932 45.296 31.883 -0.35168 -1.44012 0 43
36 116 37 1.9206 1.8932 43.864 31.883 -0.35168 -1.44012 0 43
36 122 38 2.0406 2.0581 43.586 42.342 -0.08768 -1.72812 0 43
36 116 39 1.9729 1.8932 33.412 31.883 -0.35168 -1.44012 0 43
36 127 40 2.0258 2.0494 41.028 40.634 -0.13568 -1.69812 0 43
36 116 41 1.9511 1.8932 37.417 31.883 -0.35168 -1.44012 0 43
36 116 42 2.0051 1.8932 37.493 31.883 -0.35168 -1.44012 0 43
36 119 43 2.0091 2.0543 42.615 42.125 -0.09368 -1.72212 0 43
36 117 44 1.9431 1.8932 36.337 31.883 -0.35168 -1.44012 0 43
36 123 45 2.0174 2.0543 42.5 42.125 -0.09368 -1.72212 0 43
36 116 46 2.0169 2.0581 43.862 42.342 -0.08768 -1.72812 0 43
36 116 47 1.9997 1.8932 39.762 31.883 -0.35168 -1.44012 0 43
36 116 48 1.9462 1.8932 38.579 31.883 -0.35168 -1.44012 0 43
36 116 49 1.9399 1.8932 44.456 31.883 -0.35168 -1.44012 0 43
72 120 0 1.9799 2.0458 40.862 40.413 -0.14168 -1.69212 0 43
72 129 1 1.9952 2.046 42.165 40.838 -0.12968 -1.69812 0 43
72 117 2 1.9676 1.8932 44.94 31.883 -0.35168 -1.44012 0 43
72 116 3 2.0248 1.8932 36.636 31.883 -0.35168 -1.44012 0 43
72 115 4 1.9847 1.8932 36.455 31.883 -0.35168 -1.44012 0 43
72 118 5 1.9322 1.8422 45.539 46.45 0.02632 -1.59012 0 43
72 124 6 1.9471 1.8956 33.418 32.136 -0.34568 -1.44612 0 43
72 115 7 1.9433 1.8932 35.145 31.883 -0.35168 -1.44012 0 43
72 118 8 2.0759 2.0424 33.721 33.973 -0.32168 -1.59012 0 43
72 115 9 1.9357 1.8932 40.657 31.883 -0.35168 -1.44012 0 43
72 117 10 2.0575 1.8932 45.421 31.883 -0.35168 -1.44012 0 43
72 116 11 1.9613 1.8932 39.698 31.883 -0.35168 -1.44012 0 43
72 117 12 2.0643 1.8932 46.589 31.883 -0.35168 -1.44012 0 43
72 138 13 1.8986 1.8422 45.87 46.45 0.02632 -1.59012 0 43
72 166 14 2.043 2.0575 42.09 41.919 -0.09968 -1.72212 0 43
72 167 15 2.0741 2.0645 41.709 41.931 -0.09968 -1.72812 0 43
72 117 16 1.9887 2.0388 40.017 40.396 -0.14168 -1.68612 0 43
72 170 17 2.0535 2.0613 42.385 42.136 -0.09368 -1.72812 0 43
72 116 18 1.9803 1.8932 39.546 31.883 -0.35168 -1.44012 0 43
72 114 19 1.9223 1.8932 38.678 31.883 -0.35168 -1.44012 0 43
72 125 20 2.0061 2.023 35.085 34.516 -0.30368 -1.58412 0 43
72 115 21 2.016 1.8932 44.825 31.883 -0.35168 -1.44012 0 43
72 137 22 1.9003 1.8422 45.745 46.45 0.02632 -1.59012 0 43
72 135 23 1.9184 1.8768 36.624 37.404 -0.20768 -1.51212 0 43
72 115 24 1.9573 1.8932 45.477 31.883 -0.35168 -1.44012 0 43
72 115 25 1.9982 1.8932 45.377 31.883 -0.35168 -1.44012 0 43
72 115 26 1.9586 1.8932 40.655 31.883 -0.35168 -1.44012 0 43
72 115 27 2.0212 1.8932 46.501 31.883 -0.35168 -1.44012 0 43
72 120 28 2.0266 2.0261 38.225 37.782 -0.21368 -1.63812 0 43
72 116 29 2.0402 1.8932 38.216 31.883 -0.35168 -1.44012 0 43
72 116 30 1.9549 1.8932 39.276 31.883 -0.35168 -1.44012 0 43
72 134 31 2.0402 2.0355 33.665 33.934 -0.32168 -1.58412 0 43
72 131 32 2.0582 2.0588 44.036 42.764 -0.07568 -1.73412 0 43
72 116 33 2.0735 1.8932 36.28 31.883 -0.35168 -1.44012 0 43
72 124 34 1.9095 1.9028 43.637 43.23 -0.05768 -1.60812 0 43
72 114 35 2.0559 1.8932 35.467 31.883 -0.35168 -1.44012 0 43
72 120 36 2.0087 2.016 37.196 37.527 -0.21968 -1.62612 0 43
72 125 37 1.9449 1.8956 33.366 32.136 -0.34568 -1.44612 0 43
72 116 38 1.9651 1.8932 42.476 31.883 -0.35168 -1.44012 0 43
72 115 39 2.0529 1.8932 35.737 31.883 -0.35168 -1.44012 0 43
72 116 40 1.9796 1.8932 47.44 31.883 -0.35168 -1.44012 0 43
72 116 41 2.0014 1.8932 36.614 31.883 -0.35168 -1.44012 0 43
72 118 42 1.9667 1.8888 33.432 32.087 -0.34568 -1.44012 0 43
72 116 43 1.9497 1.8932 46.573 31.883 -0.35168 -1.44012 0 43
72 116 44 1.9499 1.8932 42.79 31.883 -0.35168 -1.44012 0 43
72 116 45 1.9879 1.8932 44.529 31.883 -0.35168 -1.44012 0 43
72 167 46 2.0617 2.0575 41.642 41.919 -0.09968 -1.72212 0 43
72 116 47 1.9591 1.8932 42.41 31.883 -0.35168 -1.44012 0 43
72 119 48 2.0112 2.0191 38.439 37.756 -0.21368 -1.63212 0 43
72 116 49 1.9653 1.8932 43.776 31.883 -0.35168 -1.44012 0 43
108 128 0 1.9416 1.9152 41.271 42.338 -0.08168 -1.60812 0 43
108 134 1 2.0284 2.0235 36.383 37.125 -0.23168 -1.62612 0 43
108 146 2 2.0381 2.0285 35.37 34.981 -0.29168 -1.59612 0 43
108 115 3 1.9803 1.8932 45.528 31.883 -0.35168 -1.44012 0 43
108 116 4 1.944 1.8932 40.253 31.883 -0.35168 -1.44012 0 43
108 171 5 2.0093 2.039 41.668 40.822 -0.12968 -1.69212 0 43
108 116 6 1.977 1.8932 39.641 31.883 -0.35168 -1.44012 0 43
108 152 7 2.0473 2.0367 37.582 37.608 -0.21968 -1.64412 0 43
108 144 8 2.0038 2.0387 44.053 43.163 -0.06368 -1.72212 0 43
108 189 9 2.0374 2.055 43.167 42.548 -0.08168 -1.72812 0 43
108 118 10 2.0576 2.0557 44.763 42.971 -0.06968 -1.73412 0 43
108 116 11 1.9454 1.8932 47.179 31.883 -0.35168 -1.44012 0 43
108 182 12 1.9187 1.9024 32.909 32.184 -0.34568 -1.45212 0 43
108 146 13 1.9196 1.8831 37.946 37.896 -0.19568 -1.52412 0 43
108 116 14 1.9313 1.8932 46.733 31.883 -0.35168 -1.44012 0 43
108 157 15 1.9168 1.8941 35.272 35.626 -0.25568 -1.50012 0 43
108 173 16 1.9088 1.898 33.347 32.387 -0.33968 -1.45212 0 43
108 125 17 1.9211 1.9114 41.031 42.105 -0.08768 -1.60212 0 43
108 136 18 1.9359 1.8799 37.115 37.65 -0.20168 -1.51812 0 43
108 160 19 1.9099 1.902 42.25 42.773 -0.06968 -1.60212 0 43
108 135 20 2.0684 2.0437 37.188 37.635 -0.21968 -1.65012 0 43
108 117 21 1.9405 1.8422 45.406 46.45 0.02632 -1.59012 0 43
108 149 22 2.0162 2.0197 36.911 37.325 -0.22568 -1.62612 0 43
108 116 23 1.9483 1.8932 47.23 31.883 -0.35168 -1.44012 0 43
108 165 24 1.9089 1.9059 43.052 43.006 -0.06368 -1.60812 0 43
108 116 25 1.9422 1.8932 45.788 31.883 -0.35168 -1.44012 0 43
108 131 26 2.0403 2.0442 47.095 46.984 0.04432 -1.77012 0 43
108 135 27 1.9354 1.8981 34.818 35.416 -0.26168 -1.50012 0 43
108 134 28 2.0246 2.0293 38.834 38.01 -0.20768 -1.64412 0 43
108 116 29 1.9586 1.8932 37.029 31.883 -0.35168 -1.44012 0 43
108 168 30 1.9084 1.8762 37.672 37.868 -0.19568 -1.51812 0 43
108 118 31 1.9671 1.8932 36.369 31.883 -0.35168 -1.44012 0 43
108 143 32 1.9877 2.0189 35.127 34.712 -0.29768 -1.58412 0 43
108 128 33 1.9858 2.009 37.174 37.5 -0.21968 -1.62012 0 43
108 135 34 2.033 2.0313 35.724 35.212 -0.28568 -1.60212 0 43
108 195 35 2.0383 2.0537 41.873 41.701 -0.10568 -1.71612 0 43
108 132 36 2.0125 2.0023 46.592 47.017 0.04432 -1.73412 0 43
108 118 37 1.9345 1.8352 44.015 46.454 0.02632 -1.58412 0 43
108 116 38 1.9036 1.8932 40.459 31.883 -0.35168 -1.44012 0 43
108 144 39 2.0001 2.0449 43.801 42.746 -0.07568 -1.72212 0 43
108 115 40 1.9293 1.8932 39.193 31.883 -0.35168 -1.44012 0 43
108 117 41 1.971 2.046 42.564 40.838 -0.12968 -1.69812 0 43
108 163 42 2.0466 2.034 34.546 34.359 -0.30968 -1.59012 0 43
108 116 43 1.9704 1.8932 45.229 31.883 -0.35168 -1.44012 0 43
108 131 44 2.0114 2.0204 36.072 35.374 -0.27968 -1.59612 0 43
108 166 45 1.9062 1.9059 43.048 43.006 -0.06368 -1.60812 0 43
108 155 46 2.0301 2.0267 37.06 37.353 -0.22568 -1.63212 0 43
108 138 47 2.0739 2.0783 37.865 37.765 -0.21968 -1.68012 0 43
108 115 48 1.9694 1.8932 33.653 31.883 -0.35168 -1.44012 0 43
108 157 49 1.9961 2.039 41.675 40.822 -0.12968 -1.69212 0 43
143 158 0 1.9393 1.905 34.851 35.452 -0.26168 -1.50612 0 43
143 144 1 1.9564 1.9024 32.873 32.184 -0.34568 -1.45212 0 43
143 187 2 2.0301 2.0346 33.08 33.276 -0.33968 -1.57212 0 43
143 150 3 1.9019 1.8711 47.324 48.287 0.07432 -1.63212 0 43
143 139 4 1.9661 2.0051 35.154 34.638 -0.29768 -1.57212 0 43
143 116 5 1.9466 1.8932 39.87 31.883 -0.35168 -1.44012 0 43
143 185 6 2.0123 2.026 33.485 33.661 -0.32768 -1.57212 0 43
143 153 7 1.989 1.9934 46.267 46.589 0.03232 -1.72212 0 43
143 192 8 1.9033 1.8794 38.207 38.113 -0.18968 -1.52412 0 43
143 153 9 2.005 2.0193 36.293 35.804 -0.26768 -1.60212 0 43
143 152 10 1.9132 1.8545 44.879 45.976 0.01432 -1.59612 0 43
143 115 11 1.9375 1.8932 39.652 31.883 -0.35168 -1.44012 0 43
143 145 12 1.9869 2.0379 43.589 42.737 -0.07568 -1.71612 0 43
143 125 13 1.9166 1.8781 47.099 48.276 0.07432 -1.63812 0 43
143 195 14 2.0084 2.023 34.822 34.516 -0.30368 -1.58412 0 43
143 184 15 2.0628 2.0409 34.341 34.397 -0.30968 -1.59612 0 43
143 162 16 1.9036 1.879 38.995 38.576 -0.17768 -1.53012 0 43
143 163 17 2.0168 2.0186 38.905 38.187 -0.20168 -1.63812 0 43
143 197 18 1.9016 1.8941 35.313 35.626 -0.25568 -1.50012 0 43
143 116 19 1.9506 1.8352 44.12 46.454 0.02632 -1.58412 0 43
143 214 20 2.035 2.0488 43.473 42.962 -0.06968 -1.72812 0 43
143 232 21 2.0388 2.0511 42.507 42.331 -0.08768 -1.72212 0 43
143 168 22 1.9162 1.9004 33.626 32.638 -0.33368 -1.45812 0 43
143 213 23 2.0674 2.0561 39.222 39.803 -0.15968 -1.69212 0 43
143 165 24 2.0634 2.0405 36.778 37.408 -0.22568 -1.64412 0 43
143 154 25 1.9827 2.0107 33.968 34.01 -0.31568 -1.56612 0 43
143 145 26 1.9081 1.8535 46.519 46.677 0.03232 -1.60212 0 43
143 167 27 1.9993 2.0418 43.731 42.954 -0.06968 -1.72212 0 43
143 196 28 1.9077 1.902 42.44 42.773 -0.06968 -1.60212 0 43
143 172 29 2.0645 2.0506 37.28 37.661 -0.21968 -1.65612 0 43
143 115 30 1.9331 1.8932 47.154 31.883 -0.35168 -1.44012 0 43
143 184 31 1.9949 2.0122 37.762 37.73 -0.21368 -1.62612 0 43
143 197 32 1.9003 1.902 42.486 42.773 -0.06968 -1.60212 0 43
143 120 33 1.9709 2.004 44.945 44.637 -0.02168 -1.71012 0 43
143 137 34 1.9203 1.9068 40.528 40.959 -0.11768 -1.58412 0 43
143 175 35 1.9995 2.0176 35.56 35.142 -0.28568 -1.59012 0 43
143 155 36 1.9804 2.0284 40.916 40.584 -0.13568 -1.68012 0 43
143 179 37 1.9175 1.8831 37.764 37.896 -0.19568 -1.52412 0 43
143 115 38 1.9445 1.8794 38.223 38.113 -0.18968 -1.52412 0 43
143 170 39 2.0247 2.0308 44.718 44.221 -0.03368 -1.72812 0 43
143 176 40 2.0416 2.0305 36.679 37.153 -0.23168 -1.63212 0 43
143 134 41 1.9772 1.9974 39.462 38.547 -0.18968 -1.62612 0 43
143 195 42 1.9117 1.8799 37.363 37.65 -0.20168 -1.51812 0 43
143 155 43 1.9409 1.8999 35.666 36.119 -0.24368 -1.51212 0 43
143 144 44 1.9888 2.0164 36.319 35.572 -0.27368 -1.59612 0 43
143 232 45 2.0431 2.0511 42.68 42.331 -0.08768 -1.72212 0 43
143 151 46 1.9212 1.9109 40.952 41.65 -0.09968 -1.59612 0 43
143 191 47 2.0103 2.0473 42.547 42.113 -0.09368 -1.71612 0 43
143 132 48 1.9641 1.9941 39.239 38.317 -0.19568 -1.62012 0 43
143 137 49 2.0565 2.0342 35.75 35.443 -0.27968 -1.60812 0 43
179 165 0 1.9555 1.9318 41.04 41.691 -0.09968 -1.61412 0 43
179 195 1 1.982 2.0051 35.008 34.638 -0.29768 -1.57212 0 43
179 217 2 2.0688 2.0534 33.768 33.82 -0.32768 -1.59612 0 43
179 269 3 2.0737 2.0683 42.216 42.147 -0.09368 -1.73412 0 43
179 117 4 1.9482 1.9718 45.651 45.503 0.00232 -1.69212 0 43
179 186 5 1.9925 1.996 46.17 46.37 0.02632 -1.72212 0 43
179 206 6 1.987 2.0048 38.433 38.137 -0.20168 -1.62612 0 43
179 223 7 2.0136 2.0197 37.2 37.325 -0.22568 -1.62612 0 43
179 153 8 1.9926 2.0209 32.877 33.192 -0.33968 -1.56012 0 43
179 243 9 2.0427 2.0492 39.415 39.784 -0.15968 -1.68612 0 43
179 216 10 2.0605 2.0525 32.716 33.168 -0.34568 -1.58412 0 43
179 195 11 1.9998 2.0257 43.89 43.576 -0.05168 -1.71612 0 43
179 221 12 2.0637 2.0562 38.796 39.38 -0.17168 -1.68612 0 43
179 199 13 2.024 2.0233 35.958 35.606 -0.27368 -1.60212 0 43
179 165 14 1.9594 1.9909 38.451 38.086 -0.20168 -1.61412 0 43
179 179 15 1.9227 1.9038 44.13 43.686 -0.04568 -1.61412 0 43
179 156 16 1.9436 1.9277 40.442 41.007 -0.11768 -1.60212 0 43
179 172 17 1.9901 2.0371 42.908 42.31 -0.08768 -1.71012 0 43
179 190 18 2.0055 2.0164 36.158 35.572 -0.27368 -1.59612 0 43
179 181 19 2.0592 2.0382 35.335 35.247 -0.28568 -1.60812 0 43
179 167 20 1.9453 1.9029 36.009 36.364 -0.23768 -1.51812 0 43
179 178 21 1.9231 1.9038 44.122 43.686 -0.04568 -1.61412 0 43
179 214 22 2.0735 2.0508 33.36 33.589 -0.33368 -1.59012 0 43
179 209 23 2.0607 2.0474 37.193 37.436 -0.22568 -1.65012 0 43
179 172 24 1.9773 2.0111 41.206 40.759 -0.12968 -1.66812 0 43
179 178 25 1.9433 1.9108 35.563 35.943 -0.24968 -1.51812 0 43
179 188 26 1.9895 1.9934 46.281 46.589 0.03232 -1.72212 0 43
179 247 27 2.0245 2.0393 41.684 41.249 -0.11768 -1.69812 0 43
179 198 28 1.9867 2.0066 34.305 34.206 -0.30968 -1.56612 0 43
179 196 29 1.9088 1.8827 38.547 38.358 -0.18368 -1.53012 0 43
179 154 30 1.9792 2.0066 36.808 36.836 -0.23768 -1.60812 0 43
179 139 31 1.9671 1.9331 42.682 42.591 -0.07568 -1.62612 0 43
179 261 32 2.0286 2.039 41.133 40.822 -0.12968 -1.69212 0 43
179 216 33 1.9073 1.8998 43.863 43.454 -0.05168 -1.60812 0 43
179 212 34 2.0695 2.0525 32.705 33.168 -0.34568 -1.58412 0 43
179 200 35 2.0308 2.0347 47.381 47.204 0.05032 -1.76412 0 43
179 196 36 1.9472 1.9222 41.948 42.35 -0.08168 -1.61412 0 43
179 179 37 2.0514 2.0312 36.107 36.725 -0.24368 -1.62612 0 43
179 128 38 1.97 2.0057 44.191 43.99 -0.03968 -1.70412 0 43
179 189 39 1.8975 1.8969 41.316 41.622 -0.09968 -1.58412 0 43
179 194 40 2.0108 2.0318 39.497 39.95 -0.15368 -1.67412 0 43
179 220 41 1.899 1.8757 38.41 38.331 -0.18368 -1.52412 0 43
179 232 42 2.0452 2.0414 33.184 33.317 -0.33968 -1.57812 0 43
179 246 43 2.0151 2.032 41.189 40.807 -0.12968 -1.68612 0 43
179 230 44 2.0214 2.0387 43.69 43.163 -0.06368 -1.72212 0 43
179 183 45 1.9706 1.9813 46.764 47.033 0.04432 -1.71612 0 43
179 216 46 1.9962 2.0161 34.639 34.479 -0.30368 -1.57812 0 43
179 188 47 1.9701 1.9813 46.888 47.033 0.04432 -1.71612 0 43
179 264 48 2.0397 2.048 42.77 42.538 -0.08168 -1.72212 0 43
179 159 49 1.929 1.9169 40.072 40.302 -0.13568 -1.58412 0 43
215 193 0 2.0436 2.0333 45.277 45.075 -0.00968 -1.74012 0 43
215 238 1 1.9873 2.0053 37.692 37.703 -0.21368 -1.62012 0 43
215 244 2 1.9929 2.0093 34.711 34.441 -0.30368 -1.57212 0 43
215 209 3 1.9908 2.0066 36.826 36.836 -0.23768 -1.60812 0 43
215 231 4 1.9986 2.0135 35.849 35.34 -0.27968 -1.59012 0 43
215 172 5 1.9208 1.8809 45.02 45.507 0.00232 -1.61412 0 43
215 255 6 2.0388 2.0285 35.101 34.981 -0.29168 -1.59612 0 43
215 213 7 2.0355 2.0284 46.071 46.569 0.03232 -1.75212 0 43
215 217 8 1.9892 1.989 46.123 46.374 0.02632 -1.71612 0 43
215 190 9 1.963 1.9432 42.28 42.383 -0.08168 -1.63212 0 43
215 304 10 2.051 2.057 41.553 41.496 -0.11168 -1.71612 0 44
215 242 11 2.0286 2.0389 32.821 33.084 -0.34568 -1.57212 0 43
215 247 12 1.9977 2.0048 38.467 38.137 -0.20168 -1.62612 0 43
215 212 13 1.9072 1.8851 44.691 44.588 -0.02168 -1.60812 0 43
215 232 14 1.9942 2.0217 41.636 40.998 -0.12368 -1.68012 0 43
215 193 15 1.9482 1.9269 43.232 43.032 -0.06368 -1.62612 0 43
215 265 16 2.0115 2.0122 37.765 37.73 -0.21368 -1.62612 0 43
215 173 17 2.0705 2.042 35.815 36.557 -0.24968 -1.63212 0 43
215 179 18 1.9204 1.8921 44.698 44.591 -0.02168 -1.61412 0 43
215 241 19 1.9989 2.0023 46.951 47.017 0.04432 -1.73412 0 43
215 178 20 1.9774 2.0184 42.271 41.206 -0.11768 -1.68012 0 43
215 256 21 1.9148 1.897 35.628 35.873 -0.24968 -1.50612 0 43
215 177 22 1.9763 2.0184 42.224 41.206 -0.11768 -1.68012 0 43
215 211 23 2.0533 2.0381 36.164 36.755 -0.24368 -1.63212 0 43
215 213 24 1.9552 1.9324 41.786 42.141 -0.08768 -1.62012 0 43
215 224 25 1.9092 1.886 38.562 38.601 -0.17768 -1.53612 0 43
215 245 26 2.0645 2.0607 37.897 37.912 -0.21368 -1.66812 0 44
215 211 27 1.997 2.0166 33.188 33.385 -0.33368 -1.56012 0 43
215 182 28 1.9432 1.9275 40.189 40.556 -0.12968 -1.59612 0 43
215 253 29 1.9062 1.8953 34.867 35.168 -0.26768 -1.49412 0 43
215 177 30 1.9687 1.9872 44.909 44.849 -0.01568 -1.69812 0 43
215 300 31 2.0693 2.0563 40.516 40.65 -0.13568 -1.70412 0 44
215 148 32 1.9726 2.0117 43.787 43.564 -0.05168 -1.70412 0 43
215 208 33 1.942 1.9108 35.647 35.943 -0.24968 -1.51812 0 43
215 259 34 2.0247 2.0326 43.992 43.583 -0.05168 -1.72212 0 43
215 176 35 1.9619 1.9477 32.76 32.269 -0.35168 -1.48812 0 43
215 137 36 1.9595 1.9238 43.594 43.254 -0.05768 -1.62612 0 43
215 194 37 1.9861 1.9971 39.522 38.983 -0.17768 -1.63212 0 43
215 249 38 2.0159 2.0234 33.293 33.427 -0.33368 -1.56612 0 43
215 244 39 2.0706 2.0714 37.741 37.74 -0.21968 -1.67412 0 43
215 189 40 1.9506 1.9253 32.958 32.575 -0.33968 -1.47612 0 43
215 262 41 2.0201 2.0318 39.823 39.95 -0.15368 -1.67412 0 43
215 259 42 2.0048 2.0176 34.193 34.049 -0.31568 -1.57212 0 43
215 197 43 1.9544 1.9297 32.734 32.374 -0.34568 -1.47612 0 43
215 230 44 1.9245 1.8944 37.047 37.248 -0.21368 -1.52412 0 43
215 262 45 1.9095 1.893 35.914 36.085 -0.24368 -1.50612 0 43
215 138 46 1.97 2.0379 43.594 42.737 -0.07568 -1.71612 0 43
215 189 47 1.9145 1.8836 44.971 45.277 -0.00368 -1.61412 0 43
215 267 48 1.9002 1.9028 43.466 43.23 -0.05768 -1.60812 0 43
215 231 49 1.9056 1.8827 38.558 38.358 -0.18368 -1.53012 0 43
251 195 0 1.9425 1.9559 46.763 46.833 0.03832 -1.69212 0 43
251 218 1 1.9633 1.9708 34.382 34.448 -0.29768 -1.54212 0 43
251 283 2 1.9298 1.9152 41.937 42.338 -0.08168 -1.60812 0 43
251 274 3 2.0137 2.0093 46.779 47.011 0.04432 -1.74012 0 43
251 210 4 1.9539 1.9338 43.121 43.041 -0.06368 -1.63212 0 43
251 229 5 1.9494 1.9269 34.778 35.11 -0.27368 -1.51812 0 43
251 246 6 1.9048 1.8857 39.034 39.063 -0.16568 -1.54212 0 43
251 271 7 2.0599 2.0436 34.728 34.628 -0.30368 -1.60212 0 43
251 260 8 2.076 2.0651 36.91 37.293 -0.23168 -1.66212 0 43
251 238 9 1.9207 1.8933 38.138 38.167 -0.18968 -1.53612 0 43
251 230 10 1.9156 1.8996 38.869 39.11 -0.16568 -1.55412 0 43
251 272 11 1.9242 1.9029 36.07 36.364 -0.23768 -1.51812 0 43
251 322 12 1.9048 1.9048 32.869 32.435 -0.33968 -1.45812 0 44
251 284 13 2.0116 2.0176 35.492 35.142 -0.28568 -1.59012 0 43
251 325 14 2.0459 2.0488 43.254 42.962 -0.06968 -1.72812 0 44
251 244 15 1.9148 1.9008 44.326 43.911 -0.03968 -1.61412 0 43
251 253 16 1.9936 2.0184 41.871 41.206 -0.11768 -1.68012 0 44
251 260 17 2.0113 2.0183 36.364 36.234 -0.25568 -1.60812 0 43
251 249 18 1.9413 1.9199 43.08 43.023 -0.06368 -1.62012 0 43
251 283 19 2.0168 2.0166 36.918 37.096 -0.23168 -1.62012 0 43
251 181 20 1.9254 1.9095 46.441 46.64 0.03232 -1.65012 0 43
251 310 21 2.0217 2.0271 34.455 34.321 -0.30968 -1.58412 0 43
251 270 22 1.9096 1.9076 41.504 41.871 -0.09368 -1.59612 0 43
251 265 23 1.9338 1.9216 41.442 41.897 -0.09368 -1.60812 0 43
251 325 24 2.033 2.0463 41.589 41.263 -0.11768 -1.70412 0 44
251 272 25 2.0042 2.0192 33.489 33.62 -0.32768 -1.56612 0 43
251 300 26 2.0196 2.041 42.69 42.528 -0.08168 -1.71612 0 44
251 253 27 1.9511 1.9324 41.865 42.141 -0.08768 -1.62012 0 43
251 290 28 1.9283 1.9191 42.518 42.57 -0.07568 -1.61412 0 43
251 278 29 2.0063 2.0128 37.015 37.297 -0.22568 -1.62012 0 43
251 244 30 1.9015 1.889 39.607 39.766 -0.14768 -1.55412 0 43
251 311 31 2.014 2.032 40.978 40.807 -0.12968 -1.68612 0 44
251 222 32 1.9699 1.9929 35.727 35.234 -0.27968 -1.57212 0 43
251 222 33 1.9206 1.903 39.042 39.35 -0.15968 -1.56012 0 43
251 263 34 2.0072 2.0164 36.026 35.572 -0.27368 -1.59612 0 43
251 198 35 1.9558 1.9338 43.269 43.041 -0.06368 -1.63212 0 43
251 250 36 1.9672 1.9743 46.88 47.039 0.04432 -1.71012 0 43
251 293 37 2.0517 2.0466 43.898 43.595 -0.05168 -1.73412 0 43
251 250 38 1.9989 2.0166 33.263 33.385 -0.33368 -1.56012 0 43
251 244 39 1.8998 1.8771 46.25 46.431 0.02632 -1.62012 0 43
251 294 40 2.0317 2.0267 37.077 37.353 -0.22568 -1.63212 0 43
251 266 41 1.9981 1.9978 46.47 46.803 0.03832 -1.72812 0 43
251 275 42 2.0067 2.0023 46.756 47.017 0.04432 -1.73412 0 43
251 225 43 1.9516 1.9297 35.11 35.353 -0.26768 -1.52412 0 43
251 184 44 1.954 1.9807 37.681 37.827 -0.20768 -1.60212 0 43
251 270 45 2.0529 2.0538 46.768 46.765 0.03832 -1.77612 0 43
251 205 46 1.9534 1.9681 46.327 46.384 0.02632 -1.69812 0 43
251 237 47 2.0497 2.045 45.865 46.348 0.02632 -1.76412 0 43
251 239 48 1.9071 1.8925 39.335 39.546 -0.15368 -1.55412 0 43
251 235 49 2.052 2.045 45.826 46.348 0.02632 -1.76412 0 43
287 245 0 1.959 1.952 40.555 40.84 -0.12368 -1.62012 0 44
287 288 1 1.9929 2.0095 35.958 35.538 -0.27368 -1.59012 0 43
287 249 2 1.947 1.9448 39.504 39.481 -0.15968 -1.59612 0 44
287 309 3 2.0726 2.0682 37.318 37.516 -0.22568 -1.66812 0 44
287 226 4 1.9363 1.9438 47.096 47.288 0.05032 -1.68612 0 44
287 186 5 1.9423 1.9299 44.494 44.383 -0.02768 -1.64412 0 43
287 255 6 1.9895 2.0029 33.167 33.302 -0.33368 -1.54812 0 44
287 262 7 1.9485 1.9269 43.037 43.032 -0.06368 -1.62612 0 43
287 310 8 2.0675 2.0519 34.224 34.242 -0.31568 -1.60212 0 43
287 316 9 1.9942 1.9927 47.268 47.242 0.05032 -1.72812 0 43
287 318 10 2.058 2.0575 37.734 37.688 -0.21968 -1.66212 0 44
287 254 11 1.9672 1.9593 41.141 41.3 -0.11168 -1.63212 0 44
287 348 12 2.0341 2.0313 34.086 34.127 -0.31568 -1.58412 0 44
287 304 13 2.0055 2.0139 44.667 44.426 -0.02768 -1.71612 0 43
287 345 14 2.0759 2.0666 39.244 39.621 -0.16568 -1.69812 0 44
287 259 15 1.9193 1.9064 39.275 39.589 -0.15368 -1.56612 0 44
287 318 16 1.9936 2.0015 38.142 37.907 -0.20768 -1.62012 0 44
287 231 17 1.9821 2.0086 42.515 41.834 -0.09968 -1.68012 0 44
287 329 18 1.9079 1.901 35.484 35.662 -0.25568 -1.50612 0 44
287 332 19 2.0088 2.016 37.509 37.527 -0.21968 -1.62612 0 43
287 310 20 2.0105 2.0067 47.349 47.229 0.05032 -1.74012 0 43
287 375 21 2.0722 2.0683 42.211 42.147 -0.09368 -1.73412 0 44
287 269 22 1.9943 2.0187 43.726 43.57 -0.05168 -1.71012 0 43
287 306 23 2.0421 2.0417 47.251 47.198 0.05032 -1.77012 0 43
287 249 24 1.9606 1.9707 46.128 46.163 0.02032 -1.69812 0 43
287 266 25 1.9176 1.8966 38.458 38.41 -0.18368 -1.54212 0 44
287 333 26 2.0598 2.0508 33.514 33.589 -0.33368 -1.59012 0 44
287 303 27 1.9153 1.8938 37.573 37.707 -0.20168 -1.53012 0 44
287 176 28 1.9598 1.9638 43.898 43.96 -0.03968 -1.66812 0 43
287 259 29 2.0594 2.039 35.983 36.328 -0.25568 -1.62612 0 43
287 269 30 1.9884 2.0028 44.248 44.204 -0.03368 -1.70412 0 43
287 328 31 1.9107 1.901 35.5 35.662 -0.25568 -1.50612 0 44
287 295 32 2.0037 2.0113 38.937 38.595 -0.18968 -1.63812 0 44
287 245 33 1.9629 1.9761 45.706 45.722 0.00832 -1.69812 0 43
287 241 34 1.9772 1.9967 36.753 36.573 -0.24368 -1.59612 0 43
287 366 35 2.0453 2.0518 43.05 42.755 -0.07568 -1.72812 0 44
287 250 36 1.9677 1.9626 40.912 41.086 -0.11768 -1.63212 0 44
287 289 37 1.9352 1.92 34.738 35.072 -0.27368 -1.51212 0 44
287 255 38 1.9776 1.999 37.11 37.241 -0.22568 -1.60812 0 43
287 258 39 1.9727 1.9797 39.474 39.146 -0.17168 -1.62012 0 44
287 240 40 1.9602 1.9807 37.78 37.827 -0.20768 -1.60212 0 44
287 278 41 1.9451 1.9318 41.182 41.691 -0.09968 -1.61412 0 44
287 284 42 1.9852 1.9974 39.066 38.547 -0.18968 -1.62612 0 44
287 285 43 1.9894 2.0078 41.427 40.967 -0.12368 -1.66812 0 44
287 246 44 1.98 1.99 39.936 39.835 -0.15368 -1.63812 0 44
287 262 45 1.9164 1.9064 39.276 39.589 -0.15368 -1.56612 0 44
287 271 46 1.9254 1.9171 40.439 40.756 -0.12368 -1.59012 0 44
287 254 47 1.9826 1.9936 39.608 39.19 -0.17168 -1.63212 0 44
287 289 48 1.9848 2.0038 35.467 35.071 -0.28568 -1.57812 0 43
287 275 49 1.9571 1.9648 47.202 47.268 0.05032 -1.70412 0 43
323 407 0 2.0513 2.0518 42.911 42.755 -0.07568 -1.72812 0 44
323 318 1 1.9214 1.9123 33.41 33.182 -0.32168 -1.47612 0 44
323 311 2 2.0756 2.073 46.027 46.335 0.02632 -1.78812 0 44
323 358 3 1.9136 1.9098 43.456 43.238 -0.05768 -1.61412 0 44
323 327 4 2.0705 2.0546 34.455 34.471 -0.30968 -1.60812 0 44
323 330 5 1.927 1.9068 36.077 36.153 -0.24368 -1.51812 0 44
323 373 6 2.0208 2.0361 41.716 41.456 -0.11168 -1.69812 0 44
323 347 7 1.9222 1.909 35.122 35.243 -0.26768 -1.50612 0 44
323 348 8 2.0095 2.0067 47.258 47.229 0.05032 -1.74012 0 44
323 248 9 1.9246 1.9131 45.527 45.732 0.00832 -1.64412 0 44
323 304 10 1.9587 1.9673 46.93 47.045 0.04432 -1.70412 0 44
323 335 11 2.0546 2.0423 35.056 35.052 -0.29168 -1.60812 0 44
323 358 12 1.9045 1.8869 37.671 37.679 -0.20168 -1.52412 0 44
323 267 13 1.9711 1.9657 32.594 32.165 -0.35768 -1.50012 0 44
323 269 14 1.9638 1.9819 35.852 35.399 -0.27368 -1.56612 0 44
323 286 15 1.9343 1.9083 37.08 37.308 -0.21368 -1.53612 0 44
323 288 16 1.9438 1.9344 40.343 40.573 -0.12968 -1.60212 0 44
323 305 17 1.9581 1.9673 46.999 47.045 0.04432 -1.70412 0 44
323 300 18 1.904 1.8879 45.396 45.507 0.00232 -1.62012 0 44
323 360 19 2.048 2.0437 37.505 37.635 -0.21968 -1.65012 0 44
323 333 20 2.0617 2.0505 34.779 34.664 -0.30368 -1.60812 0 44
323 338 21 1.8974 1.8943 33.63 33.298 -0.31568 -1.46412 0 44
323 319 22 1.9328 1.9177 35.947 35.977 -0.24968 -1.52412 0 44
323 367 23 2.0097 2.0176 34.033 34.049 -0.31568 -1.57212 0 44
323 334 24 1.9844 1.9941 38.638 38.317 -0.19568 -1.62012 0 44
323 239 25 1.9367 1.9427 46.186 46.173 0.02032 -1.67412 0 44
323 416 26 2.0546 2.0575 41.964 41.919 -0.09968 -1.72212 0 44
323 302 27 1.9724 1.9845 34.533 34.525 -0.29768 -1.55412 0 44
323 262 28 1.9548 1.9465 33.218 33.401 -0.32168 -1.50612 0 44
323 245 29 1.9456 1.9152 37.08 37.338 -0.21368 -1.54212 0 44
323 261 30 1.9502 1.9637 46.186 46.165 0.02032 -1.69212 0 43
323 360 31 2.0457 2.0399 37.751 37.835 -0.21368 -1.65012 0 44
323 338 32 2.0259 2.0252 47.453 47.426 0.05632 -1.75812 0 44
323 411 33 2.0531 2.0537 41.616 41.701 -0.10568 -1.71612 0 44
323 326 34 1.9828 1.9983 34.896 34.6 -0.29768 -1.56612 0 44
323 329 35 1.9989 2.0082 45.079 44.855 -0.01568 -1.71612 0 44
323 383 36 2.0296 2.0313 34.073 34.127 -0.31568 -1.58412 0 44
323 357 37 2.0198 2.0267 44.126 44.005 -0.03968 -1.72212 0 44
323 319 38 1.912 1.9105 40.913 41.195 -0.11168 -1.59012 0 44
323 347 39 2.0545 2.0533 38.317 38.31 -0.20168 -1.66812 0 44
323 346 40 2.0724 2.0742 38.378 38.382 -0.20168 -1.68612 0 44
323 376 41 2.0267 2.0387 43.305 43.163 -0.06368 -1.72212 0 44
323 277 42 1.9606 1.947 42.704 42.611 -0.07568 -1.63812 0 44
323 312 43 2.0412 2.039 44.956 44.651 -0.02168 -1.74012 0 44
323 333 44 2.0089 2.0074 46.348 46.581 0.03232 -1.73412 0 44
323 310 45 2.0612 2.059 45.934 46.341 0.02632 -1.77612 0 44
323 245 46 1.9263 1.9174 45.853 45.958 0.01432 -1.65012 0 44
323 291 47 1.9586 1.9696 38.444 38.449 -0.18968 -1.60212 0 44
323 413 48 2.0417 2.046 40.952 40.838 -0.12968 -1.69812 0 44
323 300 49 1.9039 1.8851 45.483 45.737 0.00832 -1.62012 0 44
359 367 0 2.0639 2.0576 44.01 43.816 -0.04568 -1.74612 0 44
359 311 1 1.9287 1.9072 37.955 38.22 -0.18968 -1.54812 0 44
359 308 2 1.9533 1.9406 33.758 34.048 -0.30368 -1.51212 0 44
359 341 3 1.9817 1.9914 45.118 45.068 -0.00968 -1.70412 0 44
359 372 4 2.0643 2.0608 46.764 46.761 0.03832 -1.78212 -0 44
359 443 5 2.0733 2.0677 41.575 41.726 -0.10568 -1.72812 0 44
359 282 6 1.9727 1.9888 44.092 44.196 -0.03368 -1.69212 0 44
359 315 7 1.9429 1.9449 39.031 39.033 -0.17168 -1.59012 0 44
359 322 8 1.9552 1.94 42.736 42.601 -0.07568 -1.63212 0 44
359 354 9 2.0065 2.0143 39.676 39.686 -0.15968 -1.65612 0 44
359 337 10 1.9885 2.0015 36.239 35.937 -0.26168 -1.59012 0 44
359 451 11 2.0456 2.0494 40.69 40.634 -0.13568 -1.69812 -0 44
359 367 12 1.9424 1.9297 32.534 32.374 -0.34568 -1.47612 0 44
359 332 13 1.9489 1.9406 35.152 35.184 -0.27368 -1.53012 0 44
359 316 14 1.9734 1.9882 37.267 37.416 -0.21968 -1.60212 0 44
359 316 15 1.9626 1.9681 34.131 34.208 -0.30368 -1.53612 0 44
359 335 16 1.9801 1.9938 41.049 40.936 -0.12368 -1.65612 0 44
359 363 17 2.0367 2.0354 46.372 46.565 0.03232 -1.75812 0 44
359 404 18 2.056 2.0482 33.344 33.358 -0.33968 -1.58412 0 44
359 399 19 2.04 2.0457 39.324 39.562 -0.16568 -1.68012 0 44
359 327 20 1.9893 2.0057 43.974 43.99 -0.03968 -1.70412 0 44
359 278 21 1.9307 1.9201 44.643 44.603 -0.02168 -1.63812 0 44
359 437 22 2.0716 2.0631 40.053 40.244 -0.14768 -1.70412 0 44
359 392 23 2.0539 2.0506 37.606 37.661 -0.21968 -1.65612 0 44
359 298 24 1.9545 1.9491 33.413 33.644 -0.31568 -1.51212 0 44
359 380 25 2.006 2.0023 46.806 47.017 0.04432 -1.73412 0 44
359 303 26 1.9746 1.9928 36.918 36.776 -0.23768 -1.59612 0 44
359 338 27 2.0041 2.014 32.909 33.15 -0.33968 -1.55412 0 44
359 393 28 1.9213 1.9141 32.868 32.731 -0.33368 -1.47012 0 44
359 403 29 2.0222 2.0403 42.318 42.102 -0.09368 -1.71012 0 44
359 380 30 2.0324 2.032 32.751 33.042 -0.34568 -1.56612 0 44
359 313 31 1.9337 1.9274 38.977 39.201 -0.16568 -1.57812 0 44
359 439 32 2.0407 2.0511 42.452 42.331 -0.08768 -1.72212 0 44
359 406 33 2.0162 2.0218 33.863 33.855 -0.32168 -1.57212 0 44
359 394 34 1.9103 1.8981 35.179 35.416 -0.26168 -1.50012 0 44
359 336 35 1.9894 2.0028 44.192 44.204 -0.03368 -1.70412 0 44
359 374 36 1.9328 1.9199 42.961 43.023 -0.06368 -1.62012 0 44
359 415 37 2.0228 2.0271 34.299 34.321 -0.30968 -1.58412 0 44
359 413 38 2.04 2.0371 33.412 33.509 -0.33368 -1.57812 0 44
359 255 39 1.9478 1.9522 44.717 44.839 -0.01568 -1.66812 0 44
359 314 40 1.9662 1.9659 40.666 40.872 -0.12368 -1.63212 0 44
359 378 41 2.0692 2.0636 43.699 43.4 -0.05768 -1.74612 0 44
359 340 42 1.9554 1.9432 42.24 42.383 -0.08168 -1.63212 0 44
359 376 43 2.0487 2.0442 46.808 46.984 0.04432 -1.77012 -0 44
359 376 44 2.0202 2.0182 47.418 47.433 0.05632 -1.75212 0 44
359 423 45 2.0312 2.0435 42.105 41.895 -0.09968 -1.71012 0 44
359 357 46 1.921 1.9013 37.248 37.278 -0.21368 -1.53012 0 44
359 363 47 1.9774 1.9909 38.308 38.086 -0.20168 -1.61412 0 44
359 449 48 2.0559 2.0562 40.146 40.227 -0.14768 -1.69812 0 44
359 308 49 1.9617 1.9807 37.812 37.827 -0.20768 -1.60212 0 44
394 360 0 1.9362 1.9308 39.73 39.888 -0.14768 -1.59012 0 44
394 404 1 1.938 1.9286 41.651 41.91 -0.09368 -1.61412 0 44
394 363 2 1.9758 1.9844 45.075 45.066 -0.00968 -1.69812 0 44
394 419 3 1.9019 1.8968 43.981 43.68 -0.04568 -1.60812 0 44
394 467 4 2.0361 2.0473 42.325 42.113 -0.09368 -1.71612 0 44
394 410 5 2.0487 2.0442 46.822 46.984 0.04432 -1.77012 -0 44
394 296 6 1.9594 1.969 36.647 36.448 -0.24368 -1.57212 0 44
394 410 7 1.9143 1.9013 37.239 37.278 -0.21368 -1.53012 0 44
394 383 8 2.0232 2.0181 45.681 45.716 0.00832 -1.73412 0 44
394 420 9 2.0274 2.0256 38.433 38.212 -0.20168 -1.64412 0 44
394 420 10 1.988 1.9927 47.231 47.242 0.05032 -1.72812 0 44
394 363 11 1.9686 1.9734 45.95 45.942 0.01432 -1.69812 0 44
394 421 12 1.9955 1.9927 47.136 47.242 0.05032 -1.72812 0 44
394 393 13 1.9083 1.9037 33.727 33.592 -0.30968 -1.47612 0 44
394 375 14 1.9287 1.9241 40.554 40.773 -0.12368 -1.59612 0 44
394 347 15 1.969 1.9819 35.767 35.399 -0.27368 -1.56612 0 44
394 295 16 1.9401 1.9396 45.096 45.281 -0.00368 -1.66212 0 44
394 343 17 1.9712 1.9802 44.779 44.847 -0.01568 -1.69212 0 44
394 367 18 1.9234 1.9169 39.63 39.848 -0.14768 -1.57812 0 44
394 380 19 1.9394 1.9282 34.468 34.66 -0.28568 -1.51212 0 44
394 361 20 1.9783 1.9872 41.625 41.358 -0.11168 -1.65612 0 44
394 363 21 2.0593 2.0558 44.701 44.446 -0.02768 -1.75212 0 44
394 375 22 1.9903 2.0015 36.214 35.937 -0.26168 -1.59012 0 44
394 371 23 1.9755 1.9858 45.611 45.503 0.00232 -1.70412 0 44
394 396 24 2.0692 2.0634 46.32 46.549 0.03232 -1.78212 -0 44
394 381 25 1.9105 1.9049 44.358 44.142 -0.03368 -1.62012 0 44
394 428 26 2.0496 2.0437 37.469 37.635 -0.21968 -1.65012 0 44
394 398 27 1.9449 1.9324 41.837 42.141 -0.08768 -1.62012 0 44
394 373 28 1.924 1.9045 37.492 37.521 -0.20768 -1.53612 0 44
394 423 29 2.006 2.0128 37.188 37.297 -0.22568 -1.62012 0 44
394 364 30 1.9211 1.9169 39.293 39.394 -0.15968 -1.57212 0 44
394 438 31 2.0318 2.0367 43.938 43.799 -0.04568 -1.72812 0 44
394 368 32 1.92 1.9134 39.55 39.611 -0.15368 -1.57212 0 44
394 384 33 1.9265 1.9191 33.256 33.227 -0.32168 -1.48212 0 44
394 397 34 1.9116 1.9048 34.133 34.295 -0.29168 -1.48812 0 44
394 391 35 1.9079 1.9068 40.854 40.959 -0.11768 -1.58412 0 44
394 382 36 2.0366 2.031 46.031 46.354 0.02632 -1.75212 0 44
394 375 37 2.0598 2.0546 45.895 46.132 0.02032 -1.77012 -0 44
394 402 38 2.0193 2.0144 46.438 46.577 0.03232 -1.74012 0 44
394 371 39 1.8996 1.8868 46.123 46.196 0.02032 -1.62612 0 44
394 419 40 1.9007 1.8938 44.053 43.906 -0.03968 -1.60812 0 44
394 366 41 1.9648 1.9733 38.189 38.241 -0.19568 -1.60212 0 44
394 390 42 1.9231 1.9123 33.282 33.182 -0.32168 -1.47612 0 44
394 360 43 1.9478 1.9435 35.475 35.425 -0.26768 -1.53612 0 44
394 378 44 1.9206 1.9135 40.307 40.52 -0.12968 -1.58412 0 44
394 308 45 1.9287 1.9159 45.316 45.506 0.00232 -1.64412 0 44
394 420 46 2.0703 2.0636 43.522 43.4 -0.05768 -1.74612 0 44
394 376 47 1.9166 1.9002 38.173 38.194 -0.18968 -1.54212 0 44
394 438 48 2.0375 2.0298 37.493 37.581 -0.21968 -1.63812 0 44
394 374 49 1.9994 2.0147 43.394 43.351 -0.05768 -1.70412 0 44
430 388 0 1.9543 1.9587 39.63 39.523 -0.15968 -1.60812 0 44
430 416 1 1.9782 1.9901 35.153 34.998 -0.28568 -1.56612 0 44
430 443 2 2.0631 2.0582 36.999 37.265 -0.23168 -1.65612 0 44
430 414 3 1.9117 1.8966 38.416 38.41 -0.18368 -1.54212 0 44
430 375 4 1.939 1.9438 47.271 47.288 0.05032 -1.68612 0 44
430 414 5 2.0482 2.039 36.062 36.328 -0.25568 -1.62612 0 44
430 416 6 2.0585 2.0451 36.45 36.784 -0.24368 -1.63812 0 44
430 404 7 1.9872 2.0015 36.145 35.937 -0.26168 -1.59012 0 44
430 422 8 1.9186 1.909 33.926 34.088 -0.29768 -1.48812 0 45
430 471 9 2.076 2.0736 39.028 39.221 -0.17768 -1.69812 -0 45
430 411 10 2.0517 2.0489 44.711 44.443 -0.02768 -1.74612 -0 44
430 445 11 2.0355 2.0389 39.019 39.115 -0.17768 -1.66812 0 45
430 467 12 2.0076 2.0154 38.21 37.959 -0.20768 -1.63212 0 44
430 448 13 1.9918 1.9941 38.423 38.317 -0.19568 -1.62012 0 44
430 366 14 1.9429 1.9489 46.779 46.838 0.03832 -1.68612 0 44
430 388 15 1.966 1.9722 35.391 35.126 -0.27968 -1.55412 0 44
430 414 16 2.0298 2.0235 45.381 45.287 -0.00368 -1.73412 0 44
430 431 17 2.0106 2.0183 38.918 38.618 -0.18968 -1.64412 0 45
430 380 18 1.9746 1.9795 40.101 40.025 -0.14768 -1.63212 0 45
430 383 19 1.9625 1.9623 40.566 40.642 -0.12968 -1.62612 0 45
430 435 20 2.0492 2.0494 46.371 46.557 0.03232 -1.77012 -0 44
430 405 21 1.9474 1.9433 32.723 32.467 -0.34568 -1.48812 0 45
430 431 22 1.9165 1.9045 37.461 37.521 -0.20768 -1.53612 0 44
430 391 23 1.9654 1.9681 34.214 34.208 -0.30368 -1.53612 0 45
430 389 24 1.9455 1.9414 40.385 40.591 -0.12968 -1.60812 0 44
430 453 25 2.0265 2.032 32.932 33.042 -0.34568 -1.56612 0 44
430 382 26 1.9561 1.9681 46.45 46.384 0.02632 -1.69812 0 44
430 432 27 1.9416 1.9331 42.646 42.591 -0.07568 -1.62612 0 44
430 490 28 2.0275 2.0271 34.309 34.321 -0.30968 -1.58412 0 44
430 451 29 2.0751 2.0746 38.015 37.962 -0.21368 -1.68012 0 45
430 408 30 1.9483 1.9369 42.766 42.821 -0.06968 -1.63212 0 44
430 390 31 1.954 1.9591 38.661 38.634 -0.18368 -1.59612 0 44
430 473 32 1.8995 1.8981 35.249 35.416 -0.26168 -1.50012 -0 45
430 422 33 2.0017 2.0098 33.226 33.344 -0.33368 -1.55412 0 44
430 397 34 1.9651 1.9694 34.901 34.888 -0.28568 -1.54812 0 44
430 509 35 2.0551 2.0526 39.765 40.006 -0.15368 -1.69212 -0 45
430 428 36 2.0139 2.0138 45.485 45.502 0.00232 -1.72812 0 44
430 365 37 1.9525 1.9594 45.975 45.946 0.01432 -1.68612 0 44
430 382 38 1.9147 1.9032 44.777 44.824 -0.01568 -1.62612 0 44
430 400 39 1.9917 1.997 39.521 39.418 -0.16568 -1.63812 0 45
430 460 40 2.0457 2.0395 34.954 34.822 -0.29768 -1.60212 0 44
430 423 41 1.9923 2.0028 37.02 37.038 -0.23168 -1.60812 0 44
430 426 42 1.9824 1.989 46.344 46.374 0.02632 -1.71612 0 44
430 496 43 2.0263 2.0357 41.288 41.028 -0.12368 -1.69212 -0 45
430 363 44 1.96 1.9601 35.929 35.735 -0.26168 -1.55412 0 44
430 449 45 2.0136 2.0093 46.991 47.011 0.04432 -1.74012 -0 44
430 431 46 1.9287 1.9211 41.285 41.444 -0.10568 -1.60212 0 44
430 521 47 2.0557 2.0563 40.641 40.65 -0.13568 -1.70412 -0 45
430 439 48 1.9968 1.9934 46.464 46.589 0.03232 -1.72212 0 44
430 350 49 1.9255 1.9201 45.653 45.731 0.00832 -1.65012 0 44
466 366 0 1.9731 1.9758 43.169 43.091 -0.06368 -1.66812 0 45
466 434 1 1.8985 1.8904 46.971 47.111 0.04432 -1.63812 -0 45
466 497 2 2.026 2.0235 36.903 37.125 -0.23168 -1.62612 0 45
466 482 3 2.0568 2.0538 46.72 46.765 0.03832 -1.77612 -0 44
466 482 4 1.9122 1.9013 37.28 37.278 -0.21368 -1.53012 0 45
466 480 5 2.0351 2.0302 46.843 46.994 0.04432 -1.75812 -0 44
466 495 6 1.9227 1.9184 41.887 42.117 -0.08768 -1.60812 0 45
466 410 7 1.9125 1.9044 46.981 47.099 0.04432 -1.65012 0 45
466 451 8 1.9475 1.9421 41.313 41.487 -0.10568 -1.62012 0 45
466 489 9 2.0181 2.0209 44.54 44.43 -0.02768 -1.72212 -0 45
466 392 10 1.9826 1.9921 42.657 42.457 -0.08168 -1.67412 0 45
466 521 11 2.0296 2.0365 42.071 41.883 -0.09968 -1.70412 -0 45
466 502 12 2.0542 2.05 32.881 32.936 -0.35168 -1.57812 0 45
466 533 13 2.0345 2.0403 42.139 42.102 -0.09368 -1.71012 -0 45
466 493 14 2.0382 2.0423 39.192 39.339 -0.17168 -1.67412 -0 45
466 485 15 1.9125 1.9103 34.668 34.789 -0.27968 -1.50012 0 45
466 444 16 1.9851 1.9975 41.427 41.162 -0.11768 -1.66212 0 45
466 461 17 2.0587 2.0481 36.628 37.011 -0.23768 -1.64412 0 45
466 520 18 2.0261 2.0287 33.801 33.894 -0.32168 -1.57812 0 45
466 492 19 2.015 2.0227 43.828 43.788 -0.04568 -1.71612 -0 45
466 484 20 2 2.0039 33.903 33.97 -0.31568 -1.56012 0 45
466 515 21 2.0717 2.0631 39.166 39.4 -0.17168 -1.69212 -0 45
466 540 22 2.0376 2.0463 41.383 41.263 -0.11768 -1.70412 -0 45
466 376 23 1.9302 1.9228 45.394 45.506 0.00232 -1.65012 0 44
466 485 24 2.0134 2.0139 44.499 44.426 -0.02768 -1.71612 -0 45
466 473 25 2.0447 2.0448 44.466 44.229 -0.03368 -1.74012 -0 45
466 453 26 1.9827 1.9901 45.805 45.72 0.00832 -1.71012 0 44
466 476 27 2.0639 2.0546 34.541 34.471 -0.30968 -1.60812 0 45
466 451 28 2.0705 2.0671 47.491 47.386 0.05632 -1.79412 -0 44
466 439 29 1.9462 1.935 34.547 34.698 -0.28568 -1.51812 0 45
466 543 30 2.0439 2.0449 42.863 42.746 -0.07568 -1.72212 -0 45
466 421 31 1.9241 1.9138 38.558 38.701 -0.17768 -1.56012 0 45
466 488 32 2.0111 2.0093 46.953 47.011 0.04432 -1.74012 -0 44
466 399 33 1.9408 1.9348 43.759 43.49 -0.05168 -1.63812 0 44
466 434 34 1.9518 1.9447 34.88 34.979 -0.27968 -1.53012 0 45
466 435 35 1.9665 1.9735 34.82 34.687 -0.29168 -1.54812 0 45
466 451 36 1.905 1.8962 38.915 38.868 -0.17168 -1.54812 0 45
466 416 37 1.9156 1.9039 47.505 47.782 0.06232 -1.65612 0 45
466 521 38 2.0227 2.0245 34.008 34.088 -0.31568 -1.57812 0 45
466 441 39 1.9318 1.9275 40.473 40.556 -0.12968 -1.59612 0 45
466 429 40 1.9722 1.9816 45.272 45.284 -0.00368 -1.69812 0 44
466 535 41 2.0315 2.0393 41.34 41.249 -0.11768 -1.69812 -0 45
466 513 42 1.9079 1.9028 43.2 43.23 -0.05768 -1.60812 0 45
466 504 43 1.912 1.9073 32.979 32.684 -0.33368 -1.46412 0 45
466 424 44 1.942 1.9315 35.967 36.045 -0.24968 -1.53612 0 45
466 484 45 2.0739 2.0662 33.11 33.25 -0.34568 -1.59612 0 45
466 418 46 1.9853 1.9918 33.251 33.456 -0.32768 -1.54212 0 45
466 469 47 2.0047 2.0053 45.234 45.07 -0.00968 -1.71612 0 44
466 501 48 1.9259 1.9222 42.302 42.35 -0.08168 -1.61412 0 45
466 511 49 1.898 1.897 35.912 35.873 -0.24968 -1.50612 -0 45
502 491 0 1.9757 1.9799 38.848 38.706 -0.18368 -1.61412 0 45
502 468 1 1.9792 1.992 37.279 37.212 -0.22568 -1.60212 0 45
502 549 2 2.049 2.0457 39.311 39.562 -0.16568 -1.68012 -0 46
502 518 3 2.0044 2.0097 37.01 37.067 -0.23168 -1.61412 0 45
502 442 4 1.9621 1.9641 35.73 35.531 -0.26768 -1.55412 0 45
502 493 5 1.9914 1.9975 41.254 41.162 -0.11768 -1.66212 0 45
502 492 6 1.9007 1.8921 44.626 44.591 -0.02168 -1.61412 0 45
502 473 7 1.8985 1.8894 45.906 45.966 0.01432 -1.62612 -0 45
502 538 8 2.024 2.0235 37.071 37.125 -0.23168 -1.62612 0 45
502 531 9 1.9113 1.899 36.4 36.576 -0.23168 -1.51812 0 45
502 579 10 2.0627 2.0588 42.804 42.764 -0.07568 -1.73412 -0 45
502 522 11 2.0565 2.0566 38.56 38.533 -0.19568 -1.67412 -0 46
502 483 12 1.9035 1.9029 39.703 39.807 -0.14768 -1.56612 0 45
502 482 13 2.0046 2.02 42.685 42.498 -0.08168 -1.69812 -0 45
502 508 14 2.0075 2.0074 46.406 46.581 0.03232 -1.73412 -0 45
502 503 15 2.0027 2.0127 44.054 43.995 -0.03968 -1.71012 -0 45
502 543 16 1.9126 1.9121 42.343 42.56 -0.07568 -1.60812 0 45
502 468 17 2.0642 2.0616 45.756 46.13 0.02032 -1.77612 -0 45
502 526 18 1.9173 1.9119 35.333 35.488 -0.26168 -1.51212 0 45
502 535 19 1.9139 1.9114 42.043 42.105 -0.08768 -1.60212 0 45
502 501 20 1.9008 1.9021 34.012 34.047 -0.29768 -1.48212 0 45
502 476 21 2.0458 2.0407 45.892 46.137 0.02032 -1.75812 -0 45
502 472 22 1.9373 1.9246 35.99 36.011 -0.24968 -1.53012 0 45
502 490 23 1.9983 2.0036 36.679 36.604 -0.24368 -1.60212 0 45
502 507 24 2.0068 2.0004 46.371 46.585 0.03232 -1.72812 -0 45
502 499 25 2.0024 2.0068 45.62 45.502 0.00232 -1.72212 0 45
502 573 26 2.0282 2.0318 40.318 40.378 -0.14168 -1.68012 -0 45
502 491 27 2.0118 2.018 39.138 39.049 -0.17768 -1.65012 0 45
502 512 28 1.9961 2.0059 37.254 37.269 -0.22568 -1.61412 0 45
502 464 29 1.9985 2.0138 43.053 42.92 -0.06968 -1.69812 -0 45
502 503 30 1.9215 1.9138 43.645 43.469 -0.05168 -1.62012 0 45
502 479 31 2.0532 2.044 35.66 35.706 -0.27368 -1.62012 0 45
502 511 32 2.0013 2.0095 35.771 35.538 -0.27368 -1.59012 0 45
502 537 33 2.01 2.0215 40.555 40.567 -0.13568 -1.67412 -0 45
502 455 34 1.9336 1.9274 39.038 39.201 -0.16568 -1.57812 0 45
502 571 35 2.0359 2.0435 41.947 41.895 -0.09968 -1.71012 -0 45
502 587 36 2.0407 2.046 40.942 40.838 -0.12968 -1.69812 -0 46
502 493 37 1.9155 1.9106 33.6 33.635 -0.30968 -1.48212 0 45
502 467 38 1.9625 1.9593 41.28 41.3 -0.11168 -1.63212 0 45
502 430 39 1.9184 1.9089 45.422 45.506 0.00232 -1.63812 0 45
502 478 40 2.0025 2.0072 33.005 33.108 -0.33968 -1.54812 0 45
502 444 41 1.9569 1.9664 46.038 45.944 0.01432 -1.69212 0 45
502 526 42 2.003 2.0107 33.928 34.01 -0.31568 -1.56612 0 45
502 523 43 1.9966 2.0011 38.453 38.341 -0.19568 -1.62612 0 45
502 457 44 1.9325 1.919 36.958 37.126 -0.21968 -1.54212 0 45
502 400 45 1.9534 1.9513 36.735 36.591 -0.23768 -1.56012 0 45
502 493 46 1.9742 1.9835 38.612 38.498 -0.18968 -1.61412 0 45
502 454 47 1.9691 1.9693 40.554 40.659 -0.12968 -1.63212 0 45
502 503 48 2.0087 2.0096 45.348 45.286 -0.00368 -1.72212 -0 45
502 473 49 1.9445 1.9392 34.3 34.494 -0.29168 -1.51812 0 45
36 115 0 1.9585 1.8932 38.868 31.883 -0.35168 -1.44012 0 43
36 131 1 2.0485 2.0575 41.634 41.919 -0.09968 -1.72212 0 43
36 116 2 1.9777 1.8932 42.886 31.883 -0.35168 -1.44012 0 43
36 116 3 2.0172 1.8932 33.661 31.883 -0.35168 -1.44012 0 43
36 117 4 2.0001 1.8932 36.61 31.883 -0.35168 -1.44012 0 43
36 116 5 1.9936 1.8932 34.919 31.883 -0.35168 -1.44012 0 43
36 117 6 2.0518 1.8932 37.712 31.883 -0.35168 -1.44012 0 43
36 130 7 2.0575 2.0607 41.286 41.714 -0.10568 -1.72212 0 43
36 116 8 1.9967 1.8932 46.48 31.883 -0.35168 -1.44012 0 43
36 116 9 1.9183 1.8932 43.041 31.883 -0.35168 -1.44012 0 43
36 115 10 1.9906 1.8932 34.524 31.883 -0.35168 -1.44012 0 43
36 133 11 2.0517 2.0575 41.693 41.919 -0.09968 -1.72212 0 43
36 115 12 1.9131 1.8932 41.488 31.883 -0.35168 -1.44012 0 43
36 129 13 2.076 2.0645 41.291 41.931 -0.09968 -1.72812 0 43
36 117 14 1.9966 1.8932 33.077 31.883 -0.35168 -1.44012 0 43
36 116 15 1.936 1.8932 43.485 31.883 -0.35168 -1.44012 0 43
36 117 16 1.9294 1.8932 46.251 31.883 -0.35168 -1.44012 0 43
36 115 17 2.0224 1.8932 46.317 31.883 -0.35168 -1.44012 0 43
36 116 18 2.009 1.8932 33.08 31.883 -0.35168 -1.44012 0 43
36 116 19 1.9341 1.8932 46.645 31.883 -0.35168 -1.44012 0 43
36 116 20 2.0583 1.8932 36.028 31.883 -0.35168 -1.44012 0 43
36 116 21 1.9863 1.8932 38.277 31.883 -0.35168 -1.44012 0 43
36 115 22 2.0516 1.8932 47.052 31.883 -0.35168 -1.44012 0 43
36 115 23 2.0185 1.8932 35.847 31.883 -0.35168 -1.44012 0 43
36 115 24 1.9425 1.8932 39.936 31.883 -0.35168 -1.44012 0 43
36 116 25 1.9761 1.8932 34.546 31.883 -0.35168 -1.44012 0 43
36 116 26 1.9371 1.8932 36.002 31.883 -0.35168 -1.44012 0 43
36 115 27 1.8974 1.8932 40.664 31.883 -0.35168 -1.44012 0 43
36 115 28 1.9358 1.8932 43.773 31.883 -0.35168 -1.44012 0 43
36 119 29 1.9043 1.8422 46.36 46.45 0.02632 -1.59012 0 43
36 116 30 1.9747 1.8932 45.175 31.883 -0.35168 -1.44012 0 43
36 116 31 1.9561 1.8932 43.825 31.883 -0.35168 -1.44012 0 43
36 119 32 2.0093 2.0494 41.733 40.634 -0.13568 -1.69812 0 43
36 115 33 2.0391 1.8932 46.064 31.883 -0.35168 -1.44012 0 43
36 116 34 1.9237 1.8932 46.25 31.883 -0.35168 -1.44012 0 43
36 139 35 1.8999 1.8888 33.003 32.087 -0.34568 -1.44012 0 43
36 116 36 2.0157 1.8932 39.639 31.883 -0.35168 -1.44012 0 43
36 116 37 1.9509 1.8932 46.256 31.883 -0.35168 -1.44012 0 43
36 130 38 2.0356 2.0458 40.49 40.413 -0.14168 -1.69212 0 43
36 122 39 1.9273 1.8888 33.525 32.087 -0.34568 -1.44012 0 43
36 116 40 2.0177 1.8932 34.643 31.883 -0.35168 -1.44012 0 43
36 116 41 1.9756 1.8932 38.294 31.883 -0.35168 -1.44012 0 43
36 115 42 2.0021 1.8932 38.755 31.883 -0.35168 -1.44012 0 43
36 126 43 2.0429 2.0581 43.356 42.342 -0.08768 -1.72812 0 43
36 115 44 1.9208 1.8932 37.461 31.883 -0.35168 -1.44012 0 43
36 116 45 1.9562 1.8932 44.81 31.883 -0.35168 -1.44012 0 43
36 116 46 2.0502 1.8932 45.572 31.883 -0.35168 -1.44012 0 43
36 115 47 2.0077 1.8932 38.16 31.883 -0.35168 -1.44012 0 43
36 117 48 1.9135 1.8932 35.675 31.883 -0.35168 -1.44012 0 43
36 123 49 1.8989 1.8422 45.859 46.45 0.02632 -1.59012 0 43
72 116 0 1.9805 1.8932 43.917 31.883 -0.35168 -1.44012 0 43
72 115 1 1.9621 1.8932 37.955 31.883 -0.35168 -1.44012 0 43
72 115 2 1.9801 1.8932 44.149 31.883 -0.35168 -1.44012 0 43
72 116 3 1.969 1.8932 38.863 31.883 -0.35168 -1.44012 0 43
72 117 4 1.982 1.8932 35.398 31.883 -0.35168 -1.44012 0 43
72 124 5 2.0093 2.0191 37.8 37.756 -0.21368 -1.63212 0 43
72 134 6 2.0281 2.0518 44.093 42.755 -0.07568 -1.72812 0 43
72 116 7 1.9631 1.8932 44.961 31.883 -0.35168 -1.44012 0 43
72 144 8 1.9068 1.8956 33.606 32.136 -0.34568 -1.44612 0 43
72 119 9 1.989 2.0511 43.711 42.331 -0.08768 -1.72212 0 43
72 116 10 1.9438 1.8932 44.445 31.883 -0.35168 -1.44012 0 43
72 117 11 1.9817 1.8932 42.716 31.883 -0.35168 -1.44012 0 43
72 116 12 1.9388 1.8932 35.577 31.883 -0.35168 -1.44012 0 43
72 137 13 1.9019 1.8448 45.294 46.214 0.02032 -1.59012 0 43
72 116 14 2.0578 1.8932 38.109 31.883 -0.35168 -1.44012 0 43
72 169 15 2.0692 2.0613 42.174 42.136 -0.09368 -1.72812 0 43
72 115 16 1.9416 1.8932 45.471 31.883 -0.35168 -1.44012 0 43
72 116 17 1.9959 1.8932 33.903 31.883 -0.35168 -1.44012 0 43
72 122 18 2.003 2.0422 39.565 40.191 -0.14768 -1.68612 0 43
72 136 19 1.9065 1.8956 33.912 32.136 -0.34568 -1.44612 0 43
72 116 20 1.9565 1.8932 45.183 31.883 -0.35168 -1.44012 0 43
72 116 21 2.0416 1.8932 46.801 31.883 -0.35168 -1.44012 0 43
72 165 22 2.0359 2.0494 40.867 40.634 -0.13568 -1.69812 0 43
72 119 23 1.9866 2.0388 40.193 40.396 -0.14168 -1.68612 0 43
72 116 24 2.0114 1.8932 46.909 31.883 -0.35168 -1.44012 0 43
72 116 25 1.9487 1.8932 41.31 31.883 -0.35168 -1.44012 0 43
72 116 26 1.9836 1.8932 34.17 31.883 -0.35168 -1.44012 0 43
72 135 27 2.0258 2.0271 34.394 34.321 -0.30968 -1.58412 0 43
72 115 28 1.9762 1.8932 39.256 31.883 -0.35168 -1.44012 0 43
72 115 29 1.9236 1.8932 38.463 31.883 -0.35168 -1.44012 0 43
72 135 30 1.9926 2.0424 41.456 40.617 -0.13568 -1.69212 0 43
72 114 31 2.0587 1.8932 35.2 31.883 -0.35168 -1.44012 0 43
72 116 32 1.91 1.8396 47.093 46.687 0.03232 -1.59012 0 43
72 115 33 1.9819 1.8932 38.264 31.883 -0.35168 -1.44012 0 43
72 134 34 2.0748 2.0619 43.63 42.558 -0.08168 -1.73412 0 43
72 117 35 2.0433 1.8932 47.308 31.883 -0.35168 -1.44012 0 43
72 116 36 2.0005 1.8932 39.423 31.883 -0.35168 -1.44012 0 43
72 115 37 2.0715 1.8932 35.647 31.883 -0.35168 -1.44012 0 43
72 143 38 2.0234 2.0422 39.662 40.191 -0.14768 -1.68612 0 43
72 115 39 1.9789 1.8932 38.701 31.883 -0.35168 -1.44012 0 43
72 116 40 2.03 1.8932 45.698 31.883 -0.35168 -1.44012 0 43
72 159 41 2.0317 2.0543 42.136 42.125 -0.09368 -1.72212 0 43
72 115 42 2.0718 1.8932 35.457 31.883 -0.35168 -1.44012 0 43
72 116 43 2.0542 1.8932 37.605 31.883 -0.35168 -1.44012 0 43
72 121 44 1.916 1.9051 41.899 42.55 -0.07568 -1.60212 0 43
72 115 45 2.0336 1.8932 45.825 31.883 -0.35168 -1.44012 0 43
72 116 46 1.9889 1.8932 36.38 31.883 -0.35168 -1.44012 0 43
72 124 47 1.9204 1.8901 35.222 35.838 -0.24968 -1.50012 0 43
72 115 48 1.9963 1.8932 38.637 31.883 -0.35168 -1.44012 0 43
72 121 49 1.9452 1.8956 33.559 32.136 -0.34568 -1.44612 0 43
108 116 0 1.9564 1.8932 38.996 31.883 -0.35168 -1.44012 0 43
108 165 1 1.9153 1.8844 36.427 36.972 -0.21968 -1.51212 0 43
108 183 2 2.0146 2.0388 40.732 40.396 -0.14168 -1.68612 0 43
108 128 3 2.0636 2.0608 46.766 46.761 0.03832 -1.78212 0 43
108 144 4 1.9871 2.0085 38.288 37.933 -0.20768 -1.62612 0 43
108 161 5 2.0296 2.0257 35.011 34.749 -0.29768 -1.59012 0 43
108 115 6 2.0747 1.8932 35.453 31.883 -0.35168 -1.44012 0 43
108 148 7 1.9963 2.0085 38.395 37.933 -0.20768 -1.62612 0 43
108 137 8 1.9117 1.9083 41.41 42.327 -0.08168 -1.60212 0 43
108 118 9 1.9804 2.048 44.141 42.538 -0.08168 -1.72212 0 43
108 151 10 2.0159 2.0223 38.404 37.984 -0.20768 -1.63812 0 43
108 121 11 1.9672 2.0388 41.147 40.396 -0.14168 -1.68612 0 43
108 126 12 1.9423 1.9129 43.255 43.015 -0.06368 -1.61412 0 43
108 115 13 1.955 1.8932 38.862 31.883 -0.35168 -1.44012 0 43
108 144 14 2.0664 2.0525 32.593 33.168 -0.34568 -1.58412 0 43
108 126 15 1.9421 1.8799 37.29 37.65 -0.20168 -1.51812 0 43
108 147 16 1.9929 2.0189 35.212 34.712 -0.29768 -1.58412 0 43
108 148 17 1.9253 1.8941 35.135 35.626 -0.25568 -1.50012 0 43
108 148 18 1.9208 1.8981 34.769 35.416 -0.26168 -1.50012 0 43
108 143 19 1.9908 2.009 37.512 37.5 -0.21968 -1.62012 0 43
108 133 20 2.022 2.0308 44.865 44.221 -0.03368 -1.72812 0 43
108 148 21 2.0056 2.026 33.558 33.661 -0.32768 -1.57212 0 43
108 120 22 1.9045 1.9044 41.079 42.093 -0.08768 -1.59612 0 43
108 162 23 1.8977 1.902 42.586 42.773 -0.06968 -1.60212 0 43
108 178 24 2.0201 2.0511 42.731 42.331 -0.08768 -1.72212 0 43
108 115 25 2.0291 1.8932 45.963 31.883 -0.35168 -1.44012 0 43
108 143 26 1.9835 2.0354 41.043 40.601 -0.13568 -1.68612 0 43
108 128 27 1.9933 1.9953 46.5 47.022 0.04432 -1.72812 0 43
108 116 28 1.9882 1.8932 45.445 31.883 -0.35168 -1.44012 0 43
108 133 29 1.9776 2.0053 37.826 37.703 -0.21368 -1.62012 0 43
108 129 30 2.0558 2.0512 47.087 46.978 0.04432 -1.77612 0 43
108 189 31 2.0262 2.046 41.342 40.838 -0.12968 -1.69812 0 43
108 189 32 2.0221 2.0388 40.461 40.396 -0.14168 -1.68612 0 43
108 156 33 2.0065 2.0189 35.091 34.712 -0.29768 -1.58412 0 43
108 166 34 2.0699 2.0588 43.573 42.764 -0.07568 -1.73412 0 43
108 152 35 2.0183 2.0197 36.991 37.325 -0.22568 -1.62612 0 43
108 121 36 2.0275 2.0279 45.176 44.433 -0.02768 -1.72812 0 43
108 119 37 1.981 2.0176 36.106 35.142 -0.28568 -1.59012 0 43
108 150 38 1.9925 2.0203 34.65 34.283 -0.30968 -1.57812 0 43
108 140 39 1.9905 2.0427 42.284 41.043 -0.12368 -1.69812 0 43
108 119 40 2.0726 2.0588 44.439 42.764 -0.07568 -1.73412 0 43
108 135 41 2.0004 2.0353 39.601 40.173 -0.14768 -1.68012 0 43
108 118 42 2.0543 2.0468 46.125 46.77 0.03832 -1.77012 0 43
108 128 43 1.9846 1.9883 46.662 47.028 0.04432 -1.72212 0 43
108 120 44 1.906 1.8721 39.411 38.551 -0.17768 -1.52412 0 43
108 115 45 1.9355 1.8932 38.662 31.883 -0.35168 -1.44012 0 43
108 116 46 1.9506 1.8932 44.135 31.883 -0.35168 -1.44012 0 43
108 129 47 2.0075 2.0166 36.546 37.096 -0.23168 -1.62012 0 43
108 120 48 1.9239 1.8757 38.676 38.331 -0.18368 -1.52412 0 43
108 125 49 1.931 1.9028 43.815 43.23 -0.05768 -1.60812 0 43
143 190 0 1.8977 1.8898 43.923 43.673 -0.04568 -1.60212 0 43
143 169 1 2.0397 2.0235 36.459 37.125 -0.23168 -1.62612 0 43
143 212 2 2.0216 2.0422 40.111 40.191 -0.14768 -1.68612 0 43
143 232 3 2.0723 2.0607 41.496 41.714 -0.10568 -1.72212 0 43
143 184 4 1.9209 1.8882 36.374 36.758 -0.22568 -1.51212 0 43
143 202 5 2.0157 2.0353 39.994 40.173 -0.14768 -1.68012 0 43
143 198 6 2.0524 2.044 33.225 33.549 -0.33368 -1.58412 0 43
143 153 7 1.936 1.9062 34.248 34.997 -0.27368 -1.50012 0 43
143 125 8 1.9707 1.9956 45.536 45.285 -0.00368 -1.71012 0 43
143 115 9 1.9419 1.8932 39.125 31.883 -0.35168 -1.44012 0 43
143 163 10 1.9378 1.9129 43.172 43.015 -0.06368 -1.61412 0 43
143 185 11 2.0174 2.0217 35.44 34.945 -0.29168 -1.59012 0 43
143 183 12 2.0003 2.0357 41.898 41.028 -0.12368 -1.69212 0 43
143 130 13 1.9255 1.9102 40.213 40.739 -0.12368 -1.58412 0 43
143 116 14 1.9672 1.8888 33.673 32.087 -0.34568 -1.44012 0 43
143 161 15 1.9073 1.8588 45.721 46.208 0.02032 -1.60212 0 43
143 115 16 1.9302 1.8932 38.959 31.883 -0.35168 -1.44012 0 43
143 225 17 2.0619 2.0526 39.558 40.006 -0.15368 -1.69212 0 43
143 171 18 1.9902 2.0176 34.145 34.049 -0.31568 -1.57212 0 43
143 191 19 2.0576 2.0482 32.962 33.358 -0.33968 -1.58412 0 43
143 116 20 1.9735 1.8888 33.382 32.087 -0.34568 -1.44012 0 43
143 133 21 1.9192 1.8492 46.148 46.446 0.02632 -1.59612 0 43
143 158 22 1.9771 2.0093 34.756 34.441 -0.30368 -1.57212 0 43
143 171 23 2.0303 2.0273 35.723 35.409 -0.27968 -1.60212 0 43
143 150 24 1.9291 1.9034 33.922 34.75 -0.27968 -1.49412 0 43
143 180 25 2.0515 2.0526 38.726 39.582 -0.16568 -1.68612 0 43
143 163 26 1.9767 1.9978 38.473 38.111 -0.20168 -1.62012 0 43
143 131 27 1.9153 1.8925 39.294 39.546 -0.15368 -1.55412 0 43
143 151 28 2.0435 2.0398 46.202 46.775 0.03832 -1.76412 0 43
143 139 29 1.9808 2.0249 40.244 40.361 -0.14168 -1.67412 0 43
143 115 30 1.938 1.8932 39.556 31.883 -0.35168 -1.44012 0 43
143 149 31 1.9921 2.0053 45.301 45.07 -0.00968 -1.71612 0 43
143 154 32 2.0045 2.0234 32.96 33.427 -0.33368 -1.56612 0 43
143 181 33 2.0415 2.0326 35.198 34.785 -0.29768 -1.59612 0 43
143 173 34 1.9071 1.9044 41.606 42.093 -0.08768 -1.59612 0 43
143 177 35 2.0685 2.0631 38.53 39.4 -0.17168 -1.69212 0 43
143 188 36 2.002 2.0085 38.177 37.933 -0.20768 -1.62612 0 43
143 151 37 1.9231 1.8794 38.298 38.113 -0.18968 -1.52412 0 43
143 171 38 2.062 2.0566 44.103 43.393 -0.05768 -1.74012 0 43
143 149 39 2.0096 2.0096 45.534 45.286 -0.00368 -1.72212 0 43
143 188 40 1.9979 2.032 41.453 40.807 -0.12968 -1.68612 0 43
143 129 41 1.931 1.8422 45.017 46.45 0.02632 -1.59012 0 43
143 146 42 1.9652 2.0015 38.294 37.907 -0.20768 -1.62012 0 43
143 139 43 1.9461 1.9024 33.325 32.184 -0.34568 -1.45212 0 43
143 184 44 2.0096 2.0387 43.679 43.163 -0.06368 -1.72212 0 43
143 139 45 1.9819 1.9944 45.939 45.937 0.01432 -1.71612 0 43
143 148 46 1.8988 1.8965 41.021 41.164 -0.11168 -1.57812 0 43
143 165 47 2.0389 2.0274 36.377 36.924 -0.23768 -1.62612 0 43
143 206 48 2.0156 2.0427 41.664 41.043 -0.12368 -1.69812 0 43
143 220 49 2.0291 2.0511 42.488 42.331 -0.08768 -1.72212 0 43
179 199 0 2.0395 2.0274 36.422 36.924 -0.23768 -1.62612 0 43
179 232 1 2.0184 2.0449 43.213 42.746 -0.07568 -1.72212 0 43
179 182 2 1.9062 1.9035 40.968 41.179 -0.11168 -1.58412 0 43
179 122 3 1.9482 1.9138 44.019 43.469 -0.05168 -1.62012 0 43
179 221 4 1.9154 1.9083 41.959 42.327 -0.08168 -1.60212 0 43
179 225 5 2.0341 2.033 37.958 37.809 -0.21368 -1.64412 0 43
179 218 6 2.027 2.0293 38.303 38.01 -0.20768 -1.64412 0 43
179 142 7 2.0645 2.0546 45.321 46.132 0.02032 -1.77012 0 43
179 189 8 2.0182 2.0144 46.242 46.577 0.03232 -1.74012 0 43
179 156 9 1.9832 2.0371 43.092 42.31 -0.08768 -1.71012 0 43
179 180 10 1.9004 1.8926 40.341 40.466 -0.12968 -1.56612 0 43
179 179 11 2.0694 2.0634 45.991 46.549 0.03232 -1.78212 0 43
179 142 12 1.9486 1.9168 43.666 43.246 -0.05768 -1.62012 0 43
179 137 13 1.975 2.0055 33.287 33.539 -0.32768 -1.55412 0 43
179 125 14 1.972 1.8956 33.063 32.136 -0.34568 -1.44612 0 43
179 275 15 2.0547 2.0543 42.113 42.125 -0.09368 -1.72212 0 43
179 153 16 2.0663 2.0518 44.708 44.233 -0.03368 -1.74612 0 43
179 218 17 2.0359 2.0367 44.254 43.799 -0.04568 -1.72812 0 43
179 183 18 2.0307 2.0214 46.145 46.573 0.03232 -1.74612 0 43
179 167 19 1.9443 1.899 36.158 36.576 -0.23168 -1.51812 0 43
179 268 20 2.0633 2.0562 39.926 40.227 -0.14768 -1.69812 0 43
179 229 21 2.006 2.0203 34.473 34.283 -0.30968 -1.57812 0 43
179 141 22 1.9777 1.9935 39.93 39.626 -0.15968 -1.63812 0 43
179 264 23 2.0709 2.0603 41.131 41.292 -0.11768 -1.71612 0 43
179 220 24 2.0652 2.0492 33.988 34.011 -0.32168 -1.59612 0 43
179 202 25 1.8979 1.8925 34.32 34.92 -0.27368 -1.48812 0 43
179 147 26 1.979 2.041 43.374 42.528 -0.08168 -1.71612 0 43
179 169 27 1.9791 1.9956 45.528 45.285 -0.00368 -1.71012 0 43
179 125 28 1.946 1.9138 44.062 43.469 -0.05168 -1.62012 0 43
179 259 29 2.0477 2.0526 39.735 40.006 -0.15368 -1.69212 0 43
179 142 30 1.9588 2.0038 35.841 35.071 -0.28568 -1.57812 0 43
179 196 31 2.0621 2.0608 46.535 46.761 0.03832 -1.78212 0 43
179 198 32 2.0377 2.0302 46.69 46.994 0.04432 -1.75812 0 43
179 196 33 1.9972 2.0324 42.182 41.235 -0.11768 -1.69212 0 43
179 189 34 1.9733 1.9946 38.125 37.88 -0.20768 -1.61412 0 43
179 219 35 2.0636 2.0562 38.756 39.38 -0.17168 -1.68612 0 43
179 143 36 1.916 1.8834 46.621 47.117 0.04432 -1.63212 0 43
179 148 37 2.0763 2.0423 35.238 35.052 -0.29168 -1.60812 0 43
179 183 38 1.9753 1.9941 38.96 38.317 -0.19568 -1.62012 0 43
179 261 39 1.9064 1.898 32.789 32.387 -0.33968 -1.45212 0 43
179 194 40 2.0412 2.0274 36.317 36.924 -0.23768 -1.62612 0 43
179 155 41 1.9234 1.8893 38.786 38.844 -0.17168 -1.54212 0 43
179 223 42 2.0387 2.033 37.926 37.809 -0.21368 -1.64412 0 43
179 258 43 1.9027 1.898 32.909 32.387 -0.33968 -1.45212 0 43
179 216 44 1.994 2.0085 38.292 37.933 -0.20768 -1.62612 0 43
179 232 45 2.0509 2.0382 34.24 34.166 -0.31568 -1.59012 0 43
179 139 46 1.9521 1.9413 39.96 40.142 -0.14168 -1.60212 0 43
179 224 47 1.9033 1.8998 43.764 43.454 -0.05168 -1.60812 0 43
179 157 48 1.969 2.0038 35.946 35.071 -0.28568 -1.57812 0 43
179 219 49 2.0207 2.0197 36.959 37.325 -0.22568 -1.62612 0 43
215 219 0 2.0179 2.0193 45.354 45.072 -0.00968 -1.72812 0 43
215 252 1 1.9293 1.9152 42.033 42.338 -0.08168 -1.60812 0 43
215 154 2 1.9598 1.9957 36.328 35.469 -0.27368 -1.57812 0 43
215 224 3 2.0464 2.0342 35.598 35.443 -0.27968 -1.60812 0 43
215 249 4 2.011 2.0348 43.289 42.946 -0.06968 -1.71612 0 43
215 249 5 1.901 1.9013 41.975 42.316 -0.08168 -1.59612 0 43
215 267 6 2.0104 2.0203 34.432 34.283 -0.30968 -1.57812 0 43
215 194 7 1.9792 1.997 44.676 44.635 -0.02168 -1.70412 0 43
215 262 8 2.0488 2.0526 39.08 39.582 -0.16568 -1.68612 0 44
215 169 9 1.9215 1.8969 47.245 47.791 0.06232 -1.65012 0 43
215 208 10 2.0056 2.0179 39.403 39.481 -0.16568 -1.65612 0 43
215 183 11 1.9335 1.9273 39.43 39.653 -0.15368 -1.58412 0 43
215 303 12 2.0763 2.0683 42.118 42.147 -0.09368 -1.73412 0 43
215 195 13 1.9441 1.9138 35.992 36.187 -0.24368 -1.52412 0 43
215 241 14 2.0706 2.0709 38.121 38.16 -0.20768 -1.68012 0 44
215 239 15 2.014 2.0166 36.717 37.096 -0.23168 -1.62012 0 43
215 253 16 2.0469 2.0336 37.104 37.381 -0.22568 -1.63812 0 43
215 209 17 1.9965 2.0044 39.259 38.571 -0.18968 -1.63212 0 43
215 240 18 2.0031 2.0192 33.584 33.62 -0.32768 -1.56612 0 43
215 209 19 1.9851 1.9984 45.279 45.069 -0.00968 -1.71012 0 43
215 223 20 1.9199 1.9068 43.952 43.462 -0.05168 -1.61412 0 43
215 306 21 2.0709 2.0613 42.077 42.136 -0.09368 -1.72812 0 43
215 223 22 1.9145 1.9109 41.157 41.65 -0.09968 -1.59612 0 43
215 254 23 2.0132 2.0348 43.3 42.946 -0.06968 -1.71612 0 43
215 155 24 1.9753 1.9961 33.095 33.26 -0.33368 -1.54212 0 43
215 260 25 2.0392 2.0336 37.252 37.381 -0.22568 -1.63812 0 43
215 176 26 1.95 1.9696 38.596 38.449 -0.18968 -1.60212 0 43
215 259 27 2.0481 2.0457 32.888 33.126 -0.34568 -1.57812 0 43
215 173 28 2.0761 2.0686 45.329 46.128 0.02032 -1.78212 0 43
215 218 29 1.9329 1.9103 34.298 34.789 -0.27968 -1.50012 0 43
215 222 30 1.9957 2.0082 45.057 44.855 -0.01568 -1.71612 0 43
215 176 31 1.9407 1.9413 39.218 39.246 -0.16568 -1.59012 0 43
215 256 32 2.0654 2.0551 33.111 33.399 -0.33968 -1.59012 0 43
215 151 33 1.9667 1.9929 44.322 44.416 -0.02768 -1.69812 0 43
215 207 34 1.8992 1.8784 47.058 47.583 0.05632 -1.63212 0 43
215 247 35 1.9162 1.9098 43.593 43.238 -0.05768 -1.61412 0 43
215 147 36 1.9322 1.9323 46.848 47.074 0.04432 -1.67412 0 43
215 308 37 2.0581 2.0527 40.234 40.43 -0.14168 -1.69812 0 44
215 145 38 1.956 1.8906 36.95 37.463 -0.20768 -1.52412 0 43
215 191 39 1.9197 1.8962 38.796 38.868 -0.17168 -1.54812 0 43
215 220 40 1.9991 2.0135 36.733 36.866 -0.23768 -1.61412 0 43
215 269 41 1.9033 1.902 42.742 42.773 -0.06968 -1.60212 0 43
215 261 42 2.0614 2.0508 33.29 33.589 -0.33368 -1.59012 0 43
215 258 43 2.0244 2.0303 33.222 33.468 -0.33368 -1.57212 0 43
215 264 44 1.9111 1.9121 42.441 42.56 -0.07568 -1.60812 0 43
215 210 45 1.9077 1.8996 40.295 40.484 -0.12968 -1.57212 0 43
215 228 46 1.995 1.9908 46.444 46.808 0.03832 -1.72212 0 43
215 182 47 2.0751 2.0492 35.154 35.087 -0.29168 -1.61412 0 43
215 308 48 2.0405 2.0458 40.582 40.413 -0.14168 -1.69212 0 44
215 227 49 1.9337 1.9159 34.952 35.28 -0.26768 -1.51212 0 43
251 182 0 1.9736 1.9824 33.032 33.175 -0.33368 -1.53012 0 44
251 341 1 2.042 2.046 41.042 40.838 -0.12968 -1.69812 0 44
251 260 2 2.0201 2.0222 45.114 44.859 -0.01568 -1.72812 0 43
251 212 3 1.9557 1.9681 46.379 46.384 0.02632 -1.69812 0 43
251 229 4 2.0388 2.0293 45.614 45.928 0.01432 -1.74612 0 43
251 213 5 1.9459 1.9378 40.084 40.358 -0.13568 -1.60212 0 43
251 246 6 1.9542 1.9324 41.775 42.141 -0.08768 -1.62012 0 43
251 224 7 1.9669 1.9776 34.497 34.486 -0.29768 -1.54812 0 43
251 246 8 1.9968 2.0084 36.33 35.97 -0.26168 -1.59612 0 43
251 205 9 1.9745 1.9997 36.896 36.806 -0.23768 -1.60212 0 43
251 264 10 2.039 2.0349 44.677 44.436 -0.02768 -1.73412 0 43
251 225 11 1.957 1.9421 40.966 41.487 -0.10568 -1.62012 0 43
251 231 12 1.9315 1.9148 33.448 33.43 -0.31568 -1.48212 0 44
251 286 13 2.0414 2.0354 35.113 35.017 -0.29168 -1.60212 0 43
251 241 14 1.9659 1.9872 38.522 38.292 -0.19568 -1.61412 0 43
251 277 15 2.0096 2.0204 35.694 35.374 -0.27968 -1.59612 0 43
251 221 16 1.9509 1.9366 35.371 35.389 -0.26768 -1.53012 0 43
251 269 17 1.9947 2.0145 40.7 40.551 -0.13568 -1.66812 0 44
251 219 18 1.9462 1.9138 35.966 36.187 -0.24368 -1.52412 0 43
251 271 19 2.0094 2.0164 35.891 35.572 -0.27368 -1.59612 0 43
251 201 20 1.952 1.9371 33.174 33.113 -0.32768 -1.49412 0 44
251 311 21 2.038 2.0382 34.231 34.166 -0.31568 -1.59012 0 43
251 317 22 2.0407 2.0457 43.498 43.171 -0.06368 -1.72812 0 43
251 295 23 1.9203 1.9129 42.896 43.015 -0.06368 -1.61412 0 43
251 240 24 1.9415 1.9217 35.556 35.768 -0.25568 -1.52412 0 43
251 205 25 1.9806 2.0087 43.975 43.777 -0.04568 -1.70412 0 43
251 248 26 2.0413 2.0354 46.113 46.565 0.03232 -1.75812 0 43
251 215 27 1.9597 1.9751 46.263 46.38 0.02632 -1.70412 0 43
251 269 28 2.0317 2.0279 44.702 44.433 -0.02768 -1.72812 0 43
251 244 29 1.9862 2.0075 40.627 40.534 -0.13568 -1.66212 0 44
251 225 30 1.9778 1.997 44.729 44.635 -0.02168 -1.70412 0 43
251 297 31 2.0147 2.0257 35.03 34.749 -0.29768 -1.59012 0 43
251 331 32 2.0592 2.0588 43.007 42.764 -0.07568 -1.73412 0 44
251 283 33 2.0123 2.0287 43.563 43.366 -0.05768 -1.71612 0 43
251 236 34 1.9453 1.9241 34.586 34.866 -0.27968 -1.51212 0 43
251 221 35 1.9697 1.9797 39.523 39.146 -0.17168 -1.62012 0 43
251 231 36 1.9137 1.903 39.174 39.35 -0.15968 -1.56012 0 43
251 218 37 1.9535 1.9366 35.276 35.389 -0.26768 -1.53012 0 43
251 231 38 1.9903 2.0157 43.863 43.782 -0.04568 -1.71012 0 43
251 255 39 2.0148 2.0248 39.371 39.501 -0.16568 -1.66212 0 44
251 230 40 1.904 1.8815 46.406 46.659 0.03232 -1.62612 0 43
251 221 41 1.9312 1.897 37.742 37.951 -0.19568 -1.53612 0 43
251 207 42 1.955 1.9338 43.119 43.041 -0.06368 -1.63212 0 43
251 277 43 2.0625 2.0599 38.549 38.756 -0.18968 -1.68012 0 44
251 297 44 2.0233 2.0318 39.762 39.95 -0.15368 -1.67412 0 44
251 235 45 2.0531 2.0419 44.809 44.44 -0.02768 -1.74012 0 43
251 289 46 2.0495 2.0437 37.606 37.635 -0.21968 -1.65012 0 44
251 242 47 1.942 1.9188 35.414 35.524 -0.26168 -1.51812 0 43
251 180 48 1.9657 1.9976 36.667 36.138 -0.25568 -1.59012 0 43
251 303 49 2.0158 2.0283 40.209 40.155 -0.14768 -1.67412 0 44
287 289 0 1.9683 1.9743 47.047 47.039 0.04432 -1.71012 0 43
287 246 1 1.9495 1.9365 33.841 34.251 -0.29768 -1.51212 0 44
287 250 2 1.9721 1.9667 41.776 41.757 -0.09968 -1.64412 0 44
287 248 3 1.9502 1.9629 46.826 46.828 0.03832 -1.69812 0 43
287 208 4 1.9753 1.9851 42.835 42.447 -0.08168 -1.66812 0 44
287 292 5 1.9996 2.0053 45.301 45.07 -0.00968 -1.71612 0 43
287 337 6 2.0187 2.0191 37.653 37.756 -0.21368 -1.63212 0 44
287 249 7 2.0598 2.0503 45.509 45.923 0.01432 -1.76412 0 44
287 237 8 1.9441 1.9533 46.927 47.057 0.04432 -1.69212 0 43
287 376 9 2.0374 2.0424 40.726 40.617 -0.13568 -1.69212 0 44
287 306 10 2.0102 2.0135 36.791 36.866 -0.23768 -1.61412 0 43
287 254 11 1.9531 1.9588 39.171 39.079 -0.17168 -1.60212 0 44
287 316 12 1.9173 1.9029 36.275 36.364 -0.23768 -1.51812 0 44
287 261 13 2.0059 2.0184 32.673 32.957 -0.34568 -1.55412 0 44
287 216 14 1.9267 1.9184 46.743 47.086 0.04432 -1.66212 0 43
287 264 15 1.9784 1.9902 39.362 38.96 -0.17768 -1.62612 0 44
287 270 16 1.987 1.9999 44.409 44.419 -0.02768 -1.70412 0 43
287 250 17 1.9588 1.9487 40.718 41.055 -0.11768 -1.62012 0 44
287 360 18 2.0378 2.0457 39.868 39.987 -0.15368 -1.68612 0 44
287 379 19 2.0559 2.0563 40.713 40.65 -0.13568 -1.70412 0 44
287 306 20 1.9369 1.923 42.736 42.802 -0.06968 -1.62012 0 43
287 219 21 1.9665 1.954 42.865 42.621 -0.07568 -1.64412 0 44
287 272 22 1.9293 1.9013 37.084 37.278 -0.21368 -1.53012 0 44
287 317 23 1.9334 1.9222 42.107 42.35 -0.08168 -1.61412 0 43
287 333 24 1.91 1.9073 33.058 32.684 -0.33368 -1.46412 0 44
287 310 25 2.0046 2.0192 33.562 33.62 -0.32768 -1.56612 0 44
287 226 26 1.9708 1.9976 36.59 36.138 -0.25568 -1.59012 0 44
287 222 27 1.9575 1.9676 45.21 45.283 -0.00368 -1.68612 0 43
287 267 28 1.9322 1.9191 33.335 33.227 -0.32168 -1.48212 0 44
287 377 29 2.0576 2.0607 41.616 41.714 -0.10568 -1.72212 0 44
287 346 30 2.0217 2.0357 41.481 41.028 -0.12368 -1.69212 0 44
287 312 31 2.0261 2.0205 36.697 36.895 -0.23768 -1.62012 0 43
287 293 32 2.0232 2.0285 39.009 38.868 -0.18368 -1.65612 0 44
287 298 33 2.0698 2.0652 46.911 46.968 0.04432 -1.78812 0 43
287 302 34 2.0535 2.0423 35.054 35.052 -0.29168 -1.60812 0 43
287 281 35 2.0639 2.059 46.039 46.341 0.02632 -1.77612 0 43
287 253 36 1.9677 1.9788 45.516 45.503 0.00232 -1.69812 0 43
287 294 37 1.9839 1.9983 34.708 34.6 -0.29768 -1.56612 0 44
287 317 38 2.0179 2.0238 44.354 44.217 -0.03368 -1.72212 0 44
287 342 39 2.017 2.0318 40.304 40.378 -0.14168 -1.68012 0 44
287 326 40 2.0015 2.0085 38.185 37.933 -0.20768 -1.62612 0 44
287 284 41 1.9902 2.0075 40.54 40.534 -0.13568 -1.66212 0 44
287 312 42 2.0613 2.0544 37.211 37.463 -0.22568 -1.65612 0 44
287 293 43 1.9986 2.0053 45.162 45.07 -0.00968 -1.71612 0 43
287 208 44 1.9614 1.9877 36.449 35.871 -0.26168 -1.57812 0 44
287 314 45 2.0615 2.0477 34.441 34.434 -0.30968 -1.60212 0 43
287 337 46 1.9137 1.909 42.783 42.783 -0.06968 -1.60812 0 44
287 377 47 2.0658 2.0581 42.301 42.342 -0.08768 -1.72812 0 44
287 315 48 2.0037 1.9997 47.251 47.235 0.05032 -1.73412 0 43
287 316 49 2.0082 2.0254 41.754 41.22 -0.11768 -1.68612 0 44
323 316 0 1.9163 1.8933 38.027 38.167 -0.18968 -1.53612 0 44
323 239 1 1.9544 1.9634 44.909 45.063 -0.00968 -1.68012 0 43
323 352 2 2.0142 2.0257 43.838 43.576 -0.05168 -1.71612 0 44
323 356 3 2.0551 2.0506 37.584 37.661 -0.21968 -1.65612 0 44
323 394 4 2.0718 2.0631 39.623 39.822 -0.15968 -1.69812 0 44
323 326 5 1.9241 1.8982 36.766 37.034 -0.21968 -1.52412 0 44
323 314 6 1.9433 1.9351 41.183 41.473 -0.10568 -1.61412 0 44
323 360 7 2.047 2.0457 32.828 33.126 -0.34568 -1.57812 0 44
323 345 8 2.0018 2.0179 40.395 40.343 -0.14168 -1.66812 0 44
323 278 9 1.9351 1.9274 38.969 39.201 -0.16568 -1.57812 0 44
323 239 10 1.9461 1.9456 37.85 38.138 -0.19568 -1.57812 0 44
323 297 11 1.9826 1.9936 40.472 40.499 -0.13568 -1.65012 0 44
323 301 12 1.9963 2.0005 39.422 39.211 -0.17168 -1.63812 0 44
323 228 13 1.9554 1.969 44.63 44.624 -0.02168 -1.68012 0 43
323 369 14 2.034 2.0326 34.97 34.785 -0.29768 -1.59612 0 44
323 352 15 1.9051 1.9029 33.347 32.888 -0.32768 -1.46412 0 44
323 280 16 1.9086 1.8955 46.517 46.649 0.03232 -1.63812 0 44
323 296 17 1.9816 1.9936 40.516 40.499 -0.13568 -1.65012 0 44
323 391 18 2.0762 2.0666 39.74 40.042 -0.15368 -1.70412 0 44
323 397 19 2.0445 2.0488 43.191 42.962 -0.06968 -1.72812 0 44
323 362 20 2.0142 2.026 33.614 33.661 -0.32768 -1.57212 0 44
323 337 21 2.0365 2.0328 46.607 46.779 0.03832 -1.75812 0 44
323 330 22 1.8986 1.8969 33.768 33.549 -0.30968 -1.47012 0 44
323 286 23 1.9338 1.9208 43.847 43.476 -0.05168 -1.62612 0 44
323 326 24 2.0476 2.0448 44.557 44.229 -0.03368 -1.74012 0 44
323 346 25 2.0679 2.0709 38.215 38.16 -0.20768 -1.68012 0 44
323 257 26 1.937 1.9243 38.252 38.511 -0.18368 -1.56612 0 44
323 276 27 1.9714 1.9917 36.083 35.67 -0.26768 -1.57812 0 44
323 346 28 1.9919 2.0053 37.676 37.703 -0.21368 -1.62012 0 44
323 305 29 1.9842 1.997 44.698 44.635 -0.02168 -1.70412 0 43
323 297 30 1.9594 1.949 41.236 41.501 -0.10568 -1.62612 0 44
323 399 31 2.0583 2.0588 43.046 42.764 -0.07568 -1.73412 0 44
323 295 32 1.9505 1.9578 47.227 47.274 0.05032 -1.69812 0 44
323 399 33 2.0359 2.0473 42.257 42.113 -0.09368 -1.71612 0 44
323 302 34 1.9716 1.9804 34.841 34.724 -0.29168 -1.55412 0 44
323 263 35 1.9546 1.9691 45.797 45.723 0.00832 -1.69212 0 43
323 285 36 1.9693 1.9635 41.942 41.972 -0.09368 -1.64412 0 44
323 328 37 2.0203 2.0193 45.178 45.072 -0.00968 -1.72812 0 44
323 354 38 2.0129 2.0166 36.995 37.096 -0.23168 -1.62012 0 44
323 370 39 1.9098 1.9028 43.233 43.23 -0.05768 -1.60812 0 44
323 411 40 2.0609 2.0566 41.082 41.073 -0.12368 -1.71012 0 44
323 224 41 1.9461 1.9358 44.157 43.939 -0.03968 -1.64412 0 44
323 377 42 2.0742 2.0701 39.185 39.421 -0.17168 -1.69812 0 44
323 340 43 2.0477 2.0487 47.208 47.192 0.05032 -1.77612 0 44
323 307 44 1.992 2.0151 41.947 41.414 -0.11168 -1.68012 0 44
323 300 45 2.0683 2.052 36.359 36.814 -0.24368 -1.64412 0 44
323 234 46 1.9548 1.9662 44.788 44.843 -0.01568 -1.68012 0 43
323 224 47 1.9696 1.9688 43.265 43.083 -0.06368 -1.66212 0 44
323 250 48 1.9529 1.9378 43.484 43.269 -0.05768 -1.63812 0 44
323 351 49 2.0067 2.0254 41.584 41.22 -0.11768 -1.68612 0 44
359 318 0 1.9724 1.9888 35.848 35.434 -0.27368 -1.57212 0 44
359 394 1 2.0104 2.0254 41.523 41.22 -0.11768 -1.68612 0 44
359 390 2 1.9203 1.9141 32.931 32.731 -0.33368 -1.47012 0 44
359 449 3 2.0477 2.0492 40.155 40.209 -0.14768 -1.69212 -0 44
359 364 4 2.045 2.0381 36.437 36.755 -0.24368 -1.63212 0 44
359 325 5 1.9183 1.9049 44.408 44.142 -0.03368 -1.62012 0 44
359 363 6 1.9853 1.9941 34.925 34.799 -0.29168 -1.56612 0 44
359 374 7 2.0231 2.0289 38.695 38.439 -0.19568 -1.65012 0 44
359 336 8 1.9854 1.9902 39.341 38.96 -0.17768 -1.62612 0 44
359 331 9 1.9413 1.9238 43.315 43.254 -0.05768 -1.62612 0 44
359 286 10 1.9706 1.9859 44.326 44.412 -0.02768 -1.69212 0 44
359 403 11 2.0238 2.0285 35.131 34.981 -0.29168 -1.59612 0 44
359 404 12 2.0287 2.0318 39.678 39.95 -0.15368 -1.67412 0 44
359 317 13 2.0758 2.0589 36.246 36.843 -0.24368 -1.65012 0 44
359 374 14 2.0167 2.0277 33.076 33.234 -0.33968 -1.56612 0 44
359 386 15 2.0046 2.015 33.767 33.815 -0.32168 -1.56612 0 44
359 392 16 1.9996 2.0093 34.544 34.441 -0.30368 -1.57212 0 44
359 322 17 1.9818 1.9997 36.914 36.806 -0.23768 -1.60212 0 44
359 285 18 1.924 1.9147 46.001 46.185 0.02032 -1.65012 0 44
359 383 19 1.9097 1.9076 41.74 41.871 -0.09368 -1.59612 0 44
359 356 20 2.0549 2.0412 36.482 36.982 -0.23768 -1.63812 0 44
359 371 21 1.9204 1.9103 34.447 34.789 -0.27968 -1.50012 0 44
359 315 22 1.9075 1.8955 46.4 46.649 0.03232 -1.63812 0 44
359 316 23 1.9585 1.9681 46.296 46.384 0.02632 -1.69812 0 44
359 356 24 1.9199 1.9123 33.387 33.182 -0.32168 -1.47612 0 44
359 350 25 2.0514 2.0419 44.597 44.44 -0.02768 -1.74012 0 44
359 358 26 2.0138 2.01 46.075 46.364 0.02632 -1.73412 0 44
359 329 27 1.9842 1.9986 36.175 35.704 -0.26768 -1.58412 0 44
359 376 28 2.0347 2.0302 46.931 46.994 0.04432 -1.75812 0 44
359 257 29 1.9485 1.9358 44.056 43.939 -0.03968 -1.64412 0 44
359 317 30 1.9325 1.9274 39.127 39.201 -0.16568 -1.57812 0 44
359 374 31 2.0307 2.0243 36.516 36.695 -0.24368 -1.62012 0 44
359 361 32 2.0137 2.01 46.169 46.364 0.02632 -1.73412 0 44
359 419 33 2.0313 2.0313 34.154 34.127 -0.31568 -1.58412 0 44
359 313 34 1.9469 1.9533 46.996 47.057 0.04432 -1.69212 0 44
359 366 35 1.9313 1.9159 35.108 35.28 -0.26768 -1.51212 0 44
359 332 36 1.9388 1.9311 40.574 40.79 -0.12368 -1.60212 0 44
359 279 37 1.9431 1.9524 46.022 45.948 0.01432 -1.68012 0 44
359 393 38 1.9224 1.9152 41.994 42.338 -0.08168 -1.60812 0 44
359 417 39 2.0447 2.0426 43.572 43.38 -0.05768 -1.72812 0 44
359 312 40 1.9558 1.9544 33.991 34.128 -0.30368 -1.52412 0 44
359 283 41 1.951 1.9578 45.482 45.504 0.00232 -1.68012 0 44
359 344 42 1.9337 1.9138 36.141 36.187 -0.24368 -1.52412 0 44
359 365 43 1.9984 2.0123 33.573 33.58 -0.32768 -1.56012 0 44
359 368 44 1.9435 1.9292 42.137 42.361 -0.08168 -1.62012 0 44
359 374 45 1.9256 1.9141 33.002 32.731 -0.33368 -1.47012 0 44
359 441 46 2.0718 2.0677 41.479 41.726 -0.10568 -1.72812 0 44
359 399 47 2.0299 2.0346 33.152 33.276 -0.33968 -1.57212 0 44
359 369 48 2.0562 2.0557 47.35 47.186 0.05032 -1.78212 -0 44
359 405 49 2.0276 2.0267 37.319 37.353 -0.22568 -1.63212 0 44
394 366 0 1.9725 1.9797 39.333 39.146 -0.17168 -1.62012 0 44
394 413 1 2.0202 2.0207 47.327 47.216 0.05032 -1.75212 -0 44
394 349 2 1.9263 1.9148 44.178 43.922 -0.03968 -1.62612 0 44
394 441 3 1.9033 1.9051 42.531 42.55 -0.07568 -1.60212 0 44
394 395 4 1.933 1.92 34.808 35.072 -0.27368 -1.51212 0 44
394 385 5 1.9953 2.0055 36.097 35.737 -0.26768 -1.59012 0 44
394 374 6 1.9978 2.0074 39.757 39.666 -0.15968 -1.65012 0 44
394 424 7 2.0187 2.0267 44.203 44.005 -0.03968 -1.72212 0 44
394 307 8 1.9647 1.9798 36.566 36.276 -0.24968 -1.57812 0 44
394 335 9 1.9356 1.9114 37.366 37.55 -0.20768 -1.54212 0 44
394 438 10 2.0101 2.0122 37.907 37.73 -0.21368 -1.62612 0 44
394 382 11 1.9788 1.9887 34.377 34.326 -0.30368 -1.55412 0 44
394 487 12 2.0543 2.0543 42.165 42.125 -0.09368 -1.72212 -0 45
394 432 13 2.0117 2.0217 35.184 34.945 -0.29168 -1.59012 0 44
394 368 14 1.9361 1.9207 36.202 36.22 -0.24368 -1.53012 0 44
394 393 15 1.9872 1.9997 34.089 34.167 -0.30968 -1.56012 0 44
394 400 16 1.9948 2.0078 41.257 40.967 -0.12368 -1.66812 0 44
394 408 17 1.9895 2.0024 34.625 34.403 -0.30368 -1.56612 0 44
394 410 18 2.033 2.0312 36.557 36.725 -0.24368 -1.62612 0 44
394 374 19 1.9217 1.9077 37.709 37.764 -0.20168 -1.54212 0 44
394 374 20 1.9767 1.9818 34.259 34.287 -0.30368 -1.54812 0 44
394 442 21 2.0139 2.0176 34.1 34.049 -0.31568 -1.57212 0 44
394 432 22 2.0286 2.0245 35.248 35.177 -0.28568 -1.59612 0 44
394 391 23 1.992 2.0045 41.36 41.176 -0.11768 -1.66812 0 44
394 366 24 1.9329 1.9239 40.136 40.321 -0.13568 -1.59012 0 44
394 353 25 2.0498 2.0418 45.415 45.5 0.00232 -1.75212 0 44
394 401 26 1.9898 2.0021 37.381 37.472 -0.21968 -1.61412 0 44
394 342 27 1.9139 1.9088 47.189 47.322 0.05032 -1.65612 0 44
394 433 28 2.0207 2.0365 42.069 41.883 -0.09968 -1.70412 -0 44
394 400 29 2.0355 2.0331 35.847 35.87 -0.26768 -1.61412 0 44
394 343 30 1.9687 1.9765 33.72 33.809 -0.31568 -1.53612 0 44
394 398 31 2.0481 2.0494 46.342 46.557 0.03232 -1.77012 -0 44
394 366 32 1.9789 1.9872 44.953 44.849 -0.01568 -1.69812 0 44
394 418 33 1.9199 1.9146 41.743 41.884 -0.09368 -1.60212 0 44
394 371 34 2.0039 2.014 32.899 33.15 -0.33968 -1.55412 0 44
394 402 35 1.9383 1.9297 32.664 32.374 -0.34568 -1.47612 0 44
394 351 36 1.993 2.0092 42.573 42.267 -0.08768 -1.68612 0 44
394 382 37 1.9798 1.9874 46.006 45.939 0.01432 -1.71012 0 44
394 481 38 2.0426 2.046 40.814 40.838 -0.12968 -1.69812 -0 45
394 484 39 2.0596 2.0527 40.314 40.43 -0.14168 -1.69812 -0 45
394 442 40 2.0121 2.0215 40.599 40.567 -0.13568 -1.67412 0 44
394 380 41 1.9855 2.0008 41.124 40.952 -0.12368 -1.66212 0 44
394 412 42 2.0766 2.0637 32.822 33.02 -0.35168 -1.59012 0 44
394 400 43 2.016 2.0123 45.171 45.071 -0.00968 -1.72212 0 44
394 379 44 2.0058 2.0144 39.336 39.254 -0.17168 -1.65012 0 44
394 427 45 2.0099 2.015 33.696 33.815 -0.32168 -1.56612 0 44
394 434 46 2.0046 2.0085 38.1 37.933 -0.20768 -1.62612 0 44
394 422 47 1.9272 1.9184 41.897 42.117 -0.08768 -1.60812 0 44
394 359 48 2.0492 2.0403 45.133 45.076 -0.00968 -1.74612 0 44
394 357 49 1.967 1.9722 35.301 35.126 -0.27968 -1.55412 0 44
430 467 0 2.0159 2.026 33.632 33.661 -0.32768 -1.57212 0 44
430 461 1 2.0662 2.0633 38.804 38.979 -0.18368 -1.68612 -0 45
430 514 2 2.0436 2.0511 42.413 42.331 -0.08768 -1.72212 -0 45
430 409 3 1.9958 2.0087 43.823 43.777 -0.04568 -1.70412 0 44
430 446 4 1.9758 1.9788 47.287 47.254 0.05032 -1.71612 0 44
430 516 5 2.0506 2.0533 41.228 41.278 -0.11768 -1.71012 -0 45
430 363 6 1.9727 1.9907 36.41 36.106 -0.25568 -1.58412 0 44
430 470 7 2.0044 2.0122 37.762 37.73 -0.21368 -1.62612 0 44
430 419 8 1.9852 1.9928 45.62 45.502 0.00232 -1.71012 0 44
430 392 9 1.9564 1.9654 46.639 46.606 0.03232 -1.69812 0 44
430 378 10 1.9726 1.9761 40.137 40.236 -0.14168 -1.63212 0 45
430 366 11 1.9549 1.9621 45.829 45.725 0.00832 -1.68612 0 44
430 396 12 1.964 1.9681 46.309 46.384 0.02632 -1.69812 0 44
430 404 13 1.9002 1.8899 47.49 47.8 0.06232 -1.64412 -0 45
430 438 14 1.9091 1.9076 34.325 34.542 -0.28568 -1.49412 0 45
430 455 15 1.9941 1.9972 47.464 47.454 0.05632 -1.73412 0 44
430 392 16 1.9292 1.9239 39.221 39.416 -0.15968 -1.57812 0 44
430 461 17 2.0158 2.0213 39.95 40.137 -0.14768 -1.66812 0 45
430 457 18 2.0312 2.0274 36.816 36.924 -0.23768 -1.62612 0 44
430 406 19 1.99 2.0028 44.222 44.204 -0.03368 -1.70412 0 44
430 386 20 1.9698 1.9819 35.692 35.399 -0.27368 -1.56612 0 44
430 404 21 1.938 1.9296 34.002 34.211 -0.29768 -1.50612 0 45
430 430 22 1.9333 1.9248 41.294 41.677 -0.09968 -1.60812 0 44
430 390 23 1.9063 1.8964 45.814 45.964 0.01432 -1.63212 0 44
430 393 24 2.0063 2.0159 32.641 32.721 -0.35168 -1.54812 0 44
430 368 25 1.9437 1.9306 36.408 36.495 -0.23768 -1.54212 0 44
430 437 26 2.0046 2.0127 44.119 43.995 -0.03968 -1.71012 0 44
430 403 27 1.9707 1.9735 34.674 34.687 -0.29168 -1.54812 0 44
430 443 28 1.91 1.9054 33.359 33.138 -0.32168 -1.47012 0 45
430 357 29 1.9669 1.9687 33.108 33.088 -0.33368 -1.51812 0 45
430 385 30 1.9436 1.9508 47.353 47.281 0.05032 -1.69212 0 44
430 452 31 2.0264 2.0233 35.671 35.606 -0.27368 -1.60212 0 44
430 455 32 2.064 2.0566 43.685 43.393 -0.05768 -1.74012 -0 44
430 339 33 1.9556 1.9637 37.51 37.538 -0.21368 -1.58412 0 44
430 518 34 2.0382 2.0424 40.653 40.617 -0.13568 -1.69212 -0 45
430 474 35 1.9015 1.8998 43.543 43.454 -0.05168 -1.60812 0 44
430 413 36 1.9425 1.9309 34.717 34.904 -0.27968 -1.51812 0 45
430 471 37 2.0255 2.0303 33.34 33.468 -0.33368 -1.57212 0 44
430 488 38 2.0727 2.0666 39.346 39.621 -0.16568 -1.69812 -0 45
430 452 39 2.0122 2.0093 46.889 47.011 0.04432 -1.74012 -0 44
430 488 40 2.0339 2.0387 43.421 43.163 -0.06368 -1.72212 -0 45
430 402 41 1.914 1.9032 38.827 38.893 -0.17168 -1.55412 0 44
430 441 42 2.056 2.0464 34.904 34.858 -0.29768 -1.60812 0 44
430 326 43 1.9474 1.9522 44.771 44.839 -0.01568 -1.66812 0 44
430 334 44 1.9343 1.9256 45.156 45.28 -0.00368 -1.65012 0 44
430 448 45 2.0563 2.0505 34.746 34.664 -0.30368 -1.60812 0 44
430 373 46 1.9418 1.9237 36.444 36.463 -0.23768 -1.53612 0 44
430 421 47 2.0025 2.0187 43.622 43.57 -0.05168 -1.71012 0 44
430 468 48 1.9071 1.9021 35.169 35.206 -0.26768 -1.50012 0 45
430 394 49 1.9735 1.9791 33.96 34.048 -0.30968 -1.54212 0 44
466 420 0 1.9797 1.9865 40.055 40.044 -0.14768 -1.63812 0 45
466 495 1 2.0486 2.0469 37.987 37.861 -0.21368 -1.65612 0 45
466 425 2 1.9778 1.9839 41.813 41.57 -0.10568 -1.65612 0 45
466 459 3 1.9819 1.9821 46.29 46.377 0.02632 -1.71012 0 44
466 409 4 1.9249 1.9189 44.33 44.151 -0.03368 -1.63212 0 44
466 435 5 1.9917 1.9969 39.958 39.854 -0.15368 -1.64412 0 45
466 375 6 1.9489 1.9336 36.679 36.736 -0.23168 -1.54812 0 45
466 423 7 1.9329 1.9121 36.94 37.095 -0.21968 -1.53612 0 45
466 474 8 1.9042 1.9039 41.443 41.636 -0.09968 -1.59012 0 45
466 522 9 2.0254 2.023 34.52 34.516 -0.30368 -1.58412 0 45
466 460 10 2.0074 2.0232 42.557 42.288 -0.08768 -1.69812 -0 45
466 418 11 1.9103 1.8994 47.293 47.559 0.05632 -1.65012 0 45
466 513 12 2.0105 2.0161 34.559 34.479 -0.30368 -1.57812 0 44
466 442 13 1.9736 1.9832 35.029 34.962 -0.28568 -1.56012 0 45
466 367 14 1.9755 1.9797 43.359 43.315 -0.05768 -1.67412 0 45
466 374 15 1.9386 1.9411 45.693 45.728 0.00832 -1.66812 0 44
466 432 16 1.9691 1.9761 45.815 45.722 0.00832 -1.69812 0 44
466 488 17 1.9159 1.9029 36.315 36.364 -0.23768 -1.51812 0 45
466 382 18 1.9367 1.9401 46.31 46.398 0.02632 -1.67412 0 44
466 481 19 2.0412 2.0464 38.47 38.286 -0.20168 -1.66212 0 45
466 438 20 1.9377 1.9296 33.982 34.211 -0.29768 -1.50612 0 45
466 480 21 2.066 2.0588 34.285 34.279 -0.31568 -1.60812 0 45
466 459 22 2.0264 2.0263 45.235 45.074 -0.00968 -1.73412 0 45
466 441 23 1.9879 1.9971 39.289 38.983 -0.17768 -1.63212 0 45
466 471 24 2.0071 2.0187 43.623 43.57 -0.05168 -1.71012 0 45
466 400 25 1.9183 1.9046 45.086 45.279 -0.00368 -1.63212 0 45
466 440 26 1.9953 2.0005 39.401 39.211 -0.17168 -1.63812 0 45
466 504 27 1.902 1.9021 35.145 35.206 -0.26768 -1.50012 -0 45
466 402 28 1.9523 1.9567 46.208 46.168 0.02032 -1.68612 0 44
466 470 29 2.0013 2.0151 41.625 41.414 -0.11168 -1.68012 -0 45
466 493 30 2.0389 2.0423 39.183 39.339 -0.17168 -1.67412 -0 45
466 487 31 1.9966 2.0021 37.424 37.472 -0.21968 -1.61412 0 44
466 386 32 1.9347 1.9375 46.652 46.623 0.03232 -1.67412 0 44
466 482 33 1.9202 1.9131 34.758 35.035 -0.27368 -1.50612 0 45
466 399 34 1.9806 1.9883 42.441 42.233 -0.08768 -1.66812 0 45
466 415 35 1.9661 1.9738 37.698 37.8 -0.20768 -1.59612 0 45
466 434 36 2.0489 2.0433 45.742 45.924 0.01432 -1.75812 -0 45
466 487 37 2.0524 2.0533 38.261 38.31 -0.20168 -1.66812 0 45
466 491 38 1.9922 1.9927 47.162 47.242 0.05032 -1.72812 -0 44
466 509 39 1.9074 1.9073 33.012 32.684 -0.33368 -1.46412 0 45
466 522 40 2.0283 2.0379 42.886 42.737 -0.07568 -1.71612 -0 45
466 494 41 2.0118 2.0254 41.579 41.22 -0.11768 -1.68612 -0 45
466 461 42 2.0492 2.0411 35.501 35.477 -0.27968 -1.61412 0 44
466 507 43 2.0057 2.0122 37.857 37.73 -0.21368 -1.62612 0 45
466 421 44 1.9543 1.9627 38.454 38.425 -0.18968 -1.59612 0 45
466 452 45 1.9307 1.9207 36.184 36.22 -0.24368 -1.53012 0 45
466 456 46 1.9931 2.0055 35.986 35.737 -0.26768 -1.59012 0 45
466 443 47 1.9195 1.9169 39.81 39.848 -0.14768 -1.57812 0 45
466 552 48 2.0454 2.0496 41.172 41.058 -0.12368 -1.70412 -0 45
466 535 49 2.0751 2.0636 40.891 41.088 -0.12368 -1.71612 -0 45
502 471 0 1.9892 1.9979 41.859 41.597 -0.10568 -1.66812 -0 45
502 539 1 2.0494 2.0457 32.893 33.126 -0.34568 -1.57812 0 45
502 519 2 2.0268 2.0277 47.259 47.21 0.05032 -1.75812 -0 45
502 461 3 1.9347 1.9198 36.591 36.673 -0.23168 -1.53612 0 45
502 510 4 2.0131 2.0153 36.054 36.003 -0.26168 -1.60212 0 45
502 521 5 2.0676 2.0672 38.394 38.358 -0.20168 -1.68012 -0 46
502 522 6 1.9177 1.9108 35.973 35.943 -0.24968 -1.51812 0 45
502 401 7 1.938 1.9326 45.135 45.281 -0.00368 -1.65612 0 45
502 499 8 1.9791 1.9864 46.605 46.593 0.03232 -1.71612 0 45
502 421 9 1.9637 1.97 36.234 36.007 -0.25568 -1.56612 0 45
502 495 10 2.0739 2.0689 36.811 37.096 -0.23768 -1.66212 0 45
502 516 11 1.9921 2.0024 34.606 34.403 -0.30368 -1.56612 0 45
502 489 12 1.8974 1.8995 40.073 40.026 -0.14168 -1.56612 0 45
502 449 13 1.9555 1.9439 42.88 42.83 -0.06968 -1.63812 0 45
502 482 14 1.976 1.9777 46.121 46.16 0.02032 -1.70412 0 45
502 547 15 1.9007 1.8989 42.874 42.997 -0.06368 -1.60212 -0 45
502 506 16 2.0106 2.0239 42.932 42.718 -0.07568 -1.70412 -0 45
502 443 17 1.9589 1.9641 35.68 35.531 -0.26768 -1.55412 0 45
502 588 18 2.0513 2.0505 41.858 41.907 -0.09968 -1.71612 -0 45
502 491 19 1.9172 1.9132 33.791 33.882 -0.30368 -1.48812 0 45
502 470 20 1.9158 1.9068 38.606 38.676 -0.17768 -1.55412 0 45
502 456 21 1.9665 1.9723 34.009 34.008 -0.30968 -1.53612 0 45
502 576 22 2.0476 2.0457 39.768 39.987 -0.15368 -1.68612 -0 46
502 500 23 2.0704 2.0697 47.237 47.174 0.05032 -1.79412 -0 45
502 478 24 1.9287 1.9241 40.517 40.773 -0.12368 -1.59612 0 45
502 498 25 2.0014 2.0084 36.182 35.97 -0.26168 -1.59612 0 45
502 455 26 1.9772 1.9795 39.751 39.585 -0.15968 -1.62612 0 45
502 512 27 1.9236 1.9172 34.69 34.827 -0.27968 -1.50612 0 45
502 414 28 1.9376 1.9357 46.131 46.176 0.02032 -1.66812 0 45
502 429 29 1.9542 1.9631 37.931 37.981 -0.20168 -1.59012 0 45
502 545 30 2.0215 2.0261 37.924 37.782 -0.21368 -1.63812 0 45
502 498 31 1.9204 1.9174 41.075 41.21 -0.11168 -1.59612 0 45
502 572 32 2.0541 2.0561 39.63 39.803 -0.15968 -1.69212 -0 46
502 404 33 1.9595 1.966 36.511 36.211 -0.24968 -1.56612 0 45
502 459 34 2.0732 2.0628 36.334 36.646 -0.24968 -1.65012 -0 45
502 410 35 1.942 1.9354 37.666 37.874 -0.20168 -1.56612 0 45
502 509 36 2.0013 2.0044 38.819 38.571 -0.18968 -1.63212 0 45
502 456 37 1.9606 1.9587 39.639 39.523 -0.15968 -1.60812 0 45
502 425 38 1.9282 1.9279 46.835 46.853 0.03832 -1.66812 0 45
502 515 39 2.0247 2.0252 47.489 47.426 0.05632 -1.75812 -0 45
502 486 40 1.9859 1.9957 35.712 35.469 -0.27368 -1.57812 0 45
502 472 41 1.9901 1.9979 41.881 41.597 -0.10568 -1.66812 -0 45
502 447 42 1.9744 1.9851 37.196 37.183 -0.22568 -1.59612 0 45
502 433 43 1.9685 1.9813 37.294 37.388 -0.21968 -1.59612 0 45
502 451 44 2.0564 2.0488 45.352 45.5 0.00232 -1.75812 -0 45
502 435 45 1.9459 1.9345 36.276 36.286 -0.24368 -1.54212 0 45
502 548 46 1.9004 1.8913 36.86 37.003 -0.21968 -1.51812 -0 45
502 547 47 1.9006 1.8921 36.492 36.544 -0.23168 -1.51212 -0 45
502 455 48 2.0626 2.06 45.538 45.71 0.00832 -1.77012 -0 45
502 481 49 2.0324 2.0305 45.401 45.288 -0.00368 -1.74012 -0 45
36 117 0 1.9432 1.8932 34.02 31.883 -0.35168 -1.44012 0 43
36 117 1 2.0723 1.8932 37.24 31.883 -0.35168 -1.44012 0 43
36 116 2 1.99 1.8932 33.585 31.883 -0.35168 -1.44012 0 43
36 116 3 1.9728 1.8932 35.151 31.883 -0.35168 -1.44012 0 43
36 117 4 1.9109 1.8932 44.117 31.883 -0.35168 -1.44012 0 43
36 116 5 1.956 1.8932 46.039 31.883 -0.35168 -1.44012 0 43
36 116 6 1.995 1.8932 40.963 31.883 -0.35168 -1.44012 0 43
36 126 7 2.0445 2.0492 39.586 40.209 -0.14768 -1.69212 0 43
36 132 8 1.8973 1.8888 33.483 32.087 -0.34568 -1.44012 0 43
36 122 9 1.8986 1.8422 45.265 46.45 0.02632 -1.59012 0 43
36 122 10 2.0127 2.0458 40.42 40.413 -0.14168 -1.69212 0 43
36 128 11 2.0753 2.0527 40.327 40.43 -0.14168 -1.69812 0 43
36 134 12 2.0435 2.0613 42.4 42.136 -0.09368 -1.72812 0 43
36 117 13 1.9149 1.8352 45.168 46.454 0.02632 -1.58412 0 43
36 129 14 2.0655 2.0563 40.78 40.65 -0.13568 -1.70412 0 43
36 116 15 1.9022 1.8932 36.254 31.883 -0.35168 -1.44012 0 43
36 116 16 2.0764 1.8932 35.693 31.883 -0.35168 -1.44012 0 43
36 115 17 2.0215 1.8932 47.209 31.883 -0.35168 -1.44012 0 43
36 116 18 2.0761 1.8932 44.967 31.883 -0.35168 -1.44012 0 43
36 115 19 2.0587 1.8932 35.614 31.883 -0.35168 -1.44012 0 43
36 131 20 2.0398 2.0494 40.812 40.634 -0.13568 -1.69812 0 43
36 116 21 1.981 1.8932 47.034 31.883 -0.35168 -1.44012 0 43
36 119 22 2.0198 2.0581 43.635 42.342 -0.08768 -1.72812 0 43
36 116 23 1.9704 1.8932 35.89 31.883 -0.35168 -1.44012 0 43
36 116 24 2.0686 1.8932 38.001 31.883 -0.35168 -1.44012 0 43
36 116 25 1.9544 1.8932 34.77 31.883 -0.35168 -1.44012 0 43
36 116 26 1.9265 1.8932 44.301 31.883 -0.35168 -1.44012 0 43
36 116 27 2.0338 1.8932 33.624 31.883 -0.35168 -1.44012 0 43
36 118 28 1.9605 1.8932 33.239 31.883 -0.35168 -1.44012 0 43
36 116 29 1.9651 1.8932 36.333 31.883 -0.35168 -1.44012 0 43
36 116 30 1.979 1.8932 34.102 31.883 -0.35168 -1.44012 0 43
36 116 31 2.0515 1.8932 33.581 31.883 -0.35168 -1.44012 0 43
36 118 32 1.9077 1.8352 44.449 46.454 0.02632 -1.58412 0 43
36 115 33 2.073 1.8932 32.848 31.883 -0.35168 -1.44012 0 43
36 116 34 1.9939 1.8932 35.503 31.883 -0.35168 -1.44012 0 43
36 116 35 1.919 1.8932 40.891 31.883 -0.35168 -1.44012 0 43
36 115 36 1.9275 1.8932 38.487 31.883 -0.35168 -1.44012 0 43
36 116 37 1.9657 1.8932 45.173 31.883 -0.35168 -1.44012 0 43
36 115 38 1.9295 1.8932 37.249 31.883 -0.35168 -1.44012 0 43
36 116 39 2.0498 1.8932 33.633 31.883 -0.35168 -1.44012 0 43
36 115 40 1.9952 1.8932 42.565 31.883 -0.35168 -1.44012 0 43
36 116 41 1.9444 1.8932 41.127 31.883 -0.35168 -1.44012 0 43
36 115 42 1.9874 1.8932 45.203 31.883 -0.35168 -1.44012 0 43
36 116 43 2.0486 1.8932 37.677 31.883 -0.35168 -1.44012 0 43
36 116 44 1.9595 1.8932 39.476 31.883 -0.35168 -1.44012 0 43
36 116 45 2.0402 1.8932 47.215 31.883 -0.35168 -1.44012 0 43
36 116 46 1.9669 1.8932 43.748 31.883 -0.35168 -1.44012 0 43
36 116 47 2.0034 1.8932 35.907 31.883 -0.35168 -1.44012 0 43
36 116 48 1.9941 1.8932 37.153 31.883 -0.35168 -1.44012 0 43
36 115 49 2.0283 1.8932 46.45 31.883 -0.35168 -1.44012 0 43
72 116 0 1.9677 1.8932 39.516 31.883 -0.35168 -1.44012 0 43
72 117 1 1.9891 1.8932 35.751 31.883 -0.35168 -1.44012 0 43
72 116 2 2.0248 1.8932 35.979 31.883 -0.35168 -1.44012 0 43
72 116 3 1.9385 1.8932 41.054 31.883 -0.35168 -1.44012 0 43
72 158 4 2.0293 2.0543 42.337 42.125 -0.09368 -1.72212 0 43
72 115 5 2.0535 1.8932 46.253 31.883 -0.35168 -1.44012 0 43
72 116 6 1.9384 1.909 42.29 42.783 -0.06968 -1.60812 0 43
72 115 7 2.0005 1.8932 46.784 31.883 -0.35168 -1.44012 0 43
72 125 8 1.9917 2.0543 42.887 42.125 -0.09368 -1.72212 0 43
72 132 9 1.8982 1.8958 43.266 43.222 -0.05768 -1.60212 0 43
72 116 10 1.9115 1.8932 47.518 31.883 -0.35168 -1.44012 0 43
72 129 11 1.9066 1.8448 44.542 46.214 0.02032 -1.59012 0 43
72 117 12 1.9386 1.8932 34.296 31.883 -0.35168 -1.44012 0 43
72 115 13 2.0636 1.8932 45.424 31.883 -0.35168 -1.44012 0 43
72 128 14 2.0095 2.055 44.029 42.548 -0.08168 -1.72812 0 43
72 119 15 1.9842 2.0543 43.094 42.125 -0.09368 -1.72212 0 43
72 122 16 1.9016 1.8872 34.688 35.59 -0.25568 -1.49412 0 43
72 117 17 2.0702 1.8932 37.353 31.883 -0.35168 -1.44012 0 43
72 115 18 1.9588 1.8932 38.395 31.883 -0.35168 -1.44012 0 43
72 116 19 1.9472 1.8932 44.104 31.883 -0.35168 -1.44012 0 43
72 115 20 2.0607 1.8932 45.263 31.883 -0.35168 -1.44012 0 43
72 124 21 2.0642 2.044 33.11 33.549 -0.33368 -1.58412 0 43
72 121 22 1.9913 2.0511 43.715 42.331 -0.08768 -1.72212 0 43
72 116 23 1.9522 1.8932 42.544 31.883 -0.35168 -1.44012 0 43
72 124 24 1.9266 1.909 42.478 42.783 -0.06968 -1.60812 0 43
72 117 25 2.0503 2.0298 37.566 37.581 -0.21968 -1.63812 0 43
72 115 26 2.0169 1.8932 46.704 31.883 -0.35168 -1.44012 0 43
72 135 27 1.9121 1.8813 35.964 36.726 -0.22568 -1.50612 0 43
72 120 28 1.9173 1.8888 34.48 32.087 -0.34568 -1.44012 0 43
72 116 29 1.9506 1.8932 35.539 31.883 -0.35168 -1.44012 0 43
72 124 30 1.9264 1.8956 33.988 32.136 -0.34568 -1.44612 0 43
72 115 31 2.0406 1.8932 44.901 31.883 -0.35168 -1.44012 0 43
72 116 32 1.9614 1.8932 47.06 31.883 -0.35168 -1.44012 0 43
72 151 33 2.022 2.0543 42.356 42.125 -0.09368 -1.72212 0 43
72 128 34 2.0068 2.0422 39.716 40.191 -0.14768 -1.68612 0 43
72 116 35 1.9268 1.8932 47.171 31.883 -0.35168 -1.44012 0 43
72 166 36 2.0417 2.0543 42.245 42.125 -0.09368 -1.72212 0 43
72 116 37 1.9697 1.8932 37.559 31.883 -0.35168 -1.44012 0 43
72 126 38 1.9641 1.8956 32.686 32.136 -0.34568 -1.44612 0 43
72 116 39 2.0269 1.8932 36.185 31.883 -0.35168 -1.44012 0 43
72 115 40 2.0606 1.8932 44.7 31.883 -0.35168 -1.44012 0 43
72 155 41 2.0741 2.0562 39.426 40.227 -0.14768 -1.69812 0 43
72 115 42 2.019 1.8932 45.283 31.883 -0.35168 -1.44012 0 43
72 116 43 2.0038 1.8932 36.225 31.883 -0.35168 -1.44012 0 43
72 115 44 2.0336 1.8932 45.184 31.883 -0.35168 -1.44012 0 43
72 141 45 1.9043 1.8956 33.763 32.136 -0.34568 -1.44612 0 43
72 120 46 1.9076 1.8396 46.822 46.687 0.03232 -1.59012 0 43
72 164 47 2.0638 2.0563 40.694 40.65 -0.13568 -1.70412 0 43
72 116 48 1.9679 1.8932 46.223 31.883 -0.35168 -1.44012 0 43
72 116 49 1.9099 1.8932 40.875 31.883 -0.35168 -1.44012 0 43
108 150 0 2.0515 2.0527 44.24 43.178 -0.06368 -1.73412 0 43
108 159 1 2.0244 2.0457 44.105 43.171 -0.06368 -1.72812 0 43
108 116 2 1.9616 1.8932 43.929 31.883 -0.35168 -1.44012 0 43
108 157 3 1.8992 1.8928 43.843 43.447 -0.05168 -1.60212 0 43
108 167 4 2.0001 2.0354 41.256 40.601 -0.13568 -1.68612 0 43
108 119 5 2.0642 2.0538 46.159 46.765 0.03832 -1.77612 0 43
108 118 6 2.0004 1.8932 32.745 31.883 -0.35168 -1.44012 0 43
108 156 7 2.0441 2.0367 34.881 34.591 -0.30368 -1.59612 0 43
108 144 8 1.9992 2.0154 38.682 37.959 -0.20768 -1.63212 0 43
108 115 9 1.9093 1.8932 40.451 31.883 -0.35168 -1.44012 0 43
108 134 10 1.9779 1.9858 47.373 47.248 0.05032 -1.72212 0 43
108 118 11 1.9651 2.0388 41.171 40.396 -0.14168 -1.68612 0 43
108 115 12 1.9157 1.8932 39.631 31.883 -0.35168 -1.44012 0 43
108 145 13 1.9226 1.8981 34.698 35.416 -0.26168 -1.50012 0 43
108 116 14 2.0166 2.0152 45.414 44.857 -0.01568 -1.72212 0 43
108 150 15 2.0051 2.0218 33.65 33.855 -0.32168 -1.57212 0 43
108 161 16 2.0146 2.0287 33.756 33.894 -0.32168 -1.57812 0 43
108 117 17 2.0688 1.8932 44.984 31.883 -0.35168 -1.44012 0 43
108 119 18 2.0707 2.0395 35.055 34.822 -0.29768 -1.60212 0 43
108 116 19 1.9323 1.8932 46.966 31.883 -0.35168 -1.44012 0 43
108 116 20 1.9719 1.8932 44.585 31.883 -0.35168 -1.44012 0 43
108 203 21 2.0473 2.0458 40.358 40.413 -0.14168 -1.69212 0 43
108 146 22 2.0115 2.0326 44.285 43.583 -0.05168 -1.72212 0 43
108 145 23 2.0346 2.0346 32.704 33.276 -0.33968 -1.57212 0 43
108 117 24 1.9903 1.8932 36.71 31.883 -0.35168 -1.44012 0 43
108 172 25 2.0421 2.0457 39.254 39.987 -0.15368 -1.68612 0 43
108 114 26 1.9521 1.8932 37.492 31.883 -0.35168 -1.44012 0 43
108 143 27 1.9267 1.9028 43.44 43.23 -0.05768 -1.60812 0 43
108 123 28 1.9476 1.8837 36.546 37.434 -0.20768 -1.51812 0 43
108 115 29 2.0412 1.8932 46.035 31.883 -0.35168 -1.44012 0 43
108 116 30 1.9487 1.8932 46.645 31.883 -0.35168 -1.44012 0 43
108 142 31 1.9271 1.9083 41.519 42.327 -0.08168 -1.60212 0 43
108 128 32 1.996 2.0128 36.825 37.297 -0.22568 -1.62012 0 43
108 116 33 1.9682 1.8932 45.783 31.883 -0.35168 -1.44012 0 43
108 162 34 2.0706 2.0561 38.741 39.803 -0.15968 -1.69212 0 43
108 126 35 1.9731 2.0161 35.05 34.479 -0.30368 -1.57812 0 43
108 122 36 1.9974 2.011 45.101 44.64 -0.02168 -1.71612 0 43
108 196 37 2.0414 2.0492 39.986 40.209 -0.14768 -1.69212 0 43
108 121 38 1.9345 1.8422 44.643 46.45 0.02632 -1.59012 0 43
108 125 39 1.9273 1.9114 41.022 42.105 -0.08768 -1.60212 0 43
108 131 40 1.9427 1.9129 43.054 43.015 -0.06368 -1.61412 0 43
108 114 41 1.9592 1.8932 37.603 31.883 -0.35168 -1.44012 0 43
108 150 42 2.0244 2.0303 33.059 33.468 -0.33368 -1.57212 0 43
108 114 43 1.9078 1.8932 39.53 31.883 -0.35168 -1.44012 0 43
108 153 44 1.9016 1.8928 43.914 43.447 -0.05168 -1.60212 0 43
108 138 45 1.9477 1.9024 33.07 32.184 -0.34568 -1.45212 0 43
108 115 46 1.9462 1.8932 46.671 31.883 -0.35168 -1.44012 0 43
108 202 47 2.0573 2.0581 42.627 42.342 -0.08768 -1.72812 0 43
108 117 48 1.9607 1.8932 40.678 31.883 -0.35168 -1.44012 0 43
108 170 49 1.9108 1.8844 36.557 36.972 -0.21968 -1.51212 0 43
143 116 0 1.9344 1.8932 46.39 31.883 -0.35168 -1.44012 0 43
143 134 1 1.9737 2.0357 42.397 41.028 -0.12368 -1.69212 0 43
143 196 2 2.0132 2.041 42.94 42.528 -0.08168 -1.71612 0 43
143 115 3 1.9645 1.8932 44.279 31.883 -0.35168 -1.44012 0 43
143 133 4 1.9683 2.0284 41.112 40.584 -0.13568 -1.68012 0 43
143 235 5 2.0486 2.053 41.053 40.854 -0.12968 -1.70412 0 43
143 162 6 2.0647 2.0608 46.719 46.761 0.03832 -1.78212 0 43
143 183 7 1.9002 1.9051 42.052 42.55 -0.07568 -1.60212 0 43
143 194 8 1.9099 1.8799 37.594 37.65 -0.20168 -1.51812 0 43
143 193 9 2.0613 2.0424 33.814 33.973 -0.32168 -1.59012 0 43
143 178 10 1.935 1.9121 41.966 42.56 -0.07568 -1.60812 0 43
143 171 11 1.9838 2.0053 37.757 37.703 -0.21368 -1.62012 0 43
143 148 12 1.9164 1.879 38.736 38.576 -0.17768 -1.53012 0 43
143 174 13 2.0063 2.0176 35.737 35.142 -0.28568 -1.59012 0 43
143 134 14 2.0572 2.0342 35.779 35.443 -0.27968 -1.60812 0 43
143 188 15 2.0684 2.0596 38.717 39.601 -0.16568 -1.69212 0 43
143 164 16 2.0422 2.0417 47.321 47.198 0.05032 -1.77012 0 43
143 127 17 1.9595 2.0051 35.204 34.638 -0.29768 -1.57212 0 43
143 183 18 2.0131 2.0217 35.542 34.945 -0.29168 -1.59012 0 43
143 205 19 2.0412 2.0355 33.726 33.934 -0.32168 -1.58412 0 43
143 170 20 1.9183 1.8831 38.002 37.896 -0.19568 -1.52412 0 43
143 138 21 1.914 1.8996 40.087 40.484 -0.12968 -1.57212 0 43
143 179 22 1.8976 1.8588 45.604 46.208 0.02032 -1.60212 0 43
143 212 23 2.017 2.0388 40.301 40.396 -0.14168 -1.68612 0 43
143 132 24 1.9238 1.9066 40.152 40.502 -0.12968 -1.57812 0 43
143 146 25 2.0329 2.0214 46.046 46.573 0.03232 -1.74612 0 43
143 141 26 1.9596 1.9024 32.833 32.184 -0.34568 -1.45212 0 43
143 183 27 1.9335 1.9191 42.344 42.57 -0.07568 -1.61412 0 43
143 119 28 1.9361 1.8422 45.827 46.45 0.02632 -1.59012 0 43
143 158 29 1.9935 2.0128 36.963 37.297 -0.22568 -1.62012 0 43
143 185 30 2.0249 2.0223 38.313 37.984 -0.20768 -1.63812 0 43
143 119 31 1.9511 1.8762 37.603 37.868 -0.19568 -1.51812 0 43
143 163 32 1.977 2.0053 37.981 37.703 -0.21368 -1.62012 0 43
143 184 33 2.0453 2.0492 38.904 39.784 -0.15968 -1.68612 0 43
143 147 34 2.0285 2.0144 46.051 46.577 0.03232 -1.74012 0 43
143 200 35 1.91 1.8844 36.721 36.972 -0.21968 -1.51212 0 43
143 116 36 1.9604 1.8932 33.835 31.883 -0.35168 -1.44012 0 43
143 167 37 2.0257 2.0273 35.865 35.409 -0.27968 -1.60212 0 43
143 154 38 2.0509 2.0313 35.542 35.212 -0.28568 -1.60212 0 43
143 200 39 2.0154 2.0271 34.49 34.321 -0.30968 -1.58412 0 43
143 193 40 2.0616 2.044 33.315 33.549 -0.33368 -1.58412 0 43
143 170 41 2.0273 2.0293 38.673 38.01 -0.20768 -1.64412 0 43
143 147 42 1.8978 1.8926 40.364 40.466 -0.12968 -1.56612 0 43
143 215 43 2.0601 2.0561 39.282 39.803 -0.15968 -1.69212 0 43
143 121 44 1.9945 2.0209 32.671 33.192 -0.33968 -1.56012 0 43
143 132 45 1.9682 2.0107 34.211 34.01 -0.31568 -1.56612 0 43
143 155 46 2.0517 2.0313 35.498 35.212 -0.28568 -1.60212 0 43
143 145 47 1.9451 1.9129 43.286 43.015 -0.06368 -1.61412 0 43
143 114 48 1.9568 1.8932 39.871 31.883 -0.35168 -1.44012 0 43
143 171 49 1.9003 1.8936 33.892 32.591 -0.33368 -1.45212 0 43
179 126 0 1.9282 1.8875 47.12 48.032 0.06832 -1.64412 0 43
179 230 1 2.0583 2.0424 33.804 33.973 -0.32168 -1.59012 0 43
179 206 2 1.9938 2.0215 40.691 40.567 -0.13568 -1.67412 0 43
179 150 3 1.9214 1.8615 45.243 45.974 0.01432 -1.60212 0 43
179 181 4 1.9958 2.0097 36.705 37.067 -0.23168 -1.61412 0 43
179 165 5 1.9439 1.8982 36.49 37.034 -0.21968 -1.52412 0 43
179 201 6 2.0328 2.0302 46.996 46.994 0.04432 -1.75812 0 43
179 201 7 1.9863 2.0048 38.663 38.137 -0.20168 -1.62612 0 43
179 216 8 2.0583 2.0566 43.96 43.393 -0.05768 -1.74012 0 43
179 174 9 1.9072 1.896 39.958 40.246 -0.13568 -1.56612 0 43
179 244 10 1.9257 1.9092 32.605 32.232 -0.34568 -1.45812 0 43
179 190 11 2.0028 2.0004 46.226 46.585 0.03232 -1.72812 0 43
179 235 12 2.0431 2.044 33.383 33.549 -0.33368 -1.58412 0 43
179 247 13 2.063 2.0561 39.258 39.803 -0.15968 -1.69212 0 43
179 158 14 1.9688 1.9831 45.753 45.721 0.00832 -1.70412 0 43
179 240 15 2.0104 2.032 41.191 40.807 -0.12968 -1.68612 0 43
179 178 16 1.9024 1.8675 46.494 46.668 0.03232 -1.61412 0 43
179 157 17 2.0638 2.0371 35.664 35.673 -0.27368 -1.61412 0 43
179 224 18 2.0737 2.0631 38.804 39.4 -0.17168 -1.69212 0 43
179 135 19 1.9239 1.8875 47.128 48.032 0.06832 -1.64412 0 43
179 178 20 2.0282 2.0144 45.989 46.577 0.03232 -1.74012 0 43
179 189 21 1.9621 1.9763 47.484 47.476 0.05632 -1.71612 0 43
179 208 22 2.0408 2.0362 38.334 38.035 -0.20768 -1.65012 0 43
179 220 23 2.0761 2.0627 43.443 42.979 -0.06968 -1.74012 0 43
179 178 24 1.9548 1.9254 41.505 42.129 -0.08768 -1.61412 0 43
179 210 25 1.9394 1.916 32.697 32.28 -0.34568 -1.46412 0 43
179 150 26 1.9239 1.8996 38.921 39.11 -0.16568 -1.55412 0 43
179 204 27 1.9968 2.015 33.794 33.815 -0.32168 -1.56612 0 43
179 256 28 2.0468 2.0518 43.24 42.755 -0.07568 -1.72812 0 43
179 209 29 2.0032 2.0283 40.109 40.155 -0.14768 -1.67412 0 43
179 188 30 2.0598 2.0506 44.391 43.81 -0.04568 -1.74012 0 43
179 178 31 1.9889 2.0098 44.469 44.209 -0.03368 -1.71012 0 43
179 238 32 1.8976 1.8861 35.938 36.05 -0.24368 -1.50012 0 43
179 227 33 2.0074 2.0318 40.333 40.378 -0.14168 -1.68012 0 43
179 189 34 1.9877 2.015 33.858 33.815 -0.32168 -1.56612 0 43
179 222 35 1.9094 1.8998 43.652 43.454 -0.05168 -1.60812 0 43
179 160 36 1.969 1.9804 45.981 45.94 0.01432 -1.70412 0 43
179 183 37 1.9043 1.8857 39.11 39.063 -0.16568 -1.54212 0 43
179 179 38 1.941 1.9131 34.352 35.035 -0.27368 -1.50612 0 43
179 259 39 2.0363 2.0463 41.578 41.263 -0.11768 -1.70412 0 43
179 193 40 1.9306 1.8913 36.614 37.003 -0.21968 -1.51812 0 43
179 168 41 1.9882 2.0379 43.397 42.737 -0.07568 -1.71612 0 43
179 165 42 1.9873 2.0348 43.679 42.946 -0.06968 -1.71612 0 43
179 165 43 1.9598 1.9872 38.845 38.292 -0.19568 -1.61412 0 43
179 273 44 2.0427 2.0458 40.515 40.413 -0.14168 -1.69212 0 43
179 131 45 1.9669 2.0028 36.935 37.038 -0.23168 -1.60812 0 43
179 265 46 2.0383 2.0543 42.375 42.125 -0.09368 -1.72212 0 43
179 166 47 2.0636 2.059 45.741 46.341 0.02632 -1.77612 0 43
179 264 48 2.0605 2.0526 39.742 40.006 -0.15368 -1.69212 0 43
179 245 49 2.0127 2.0354 40.816 40.601 -0.13568 -1.68612 0 43
215 253 0 2.0412 2.0326 35.073 34.785 -0.29768 -1.59612 0 43
215 241 1 2.0514 2.0563 38.719 38.957 -0.18368 -1.68012 0 44
215 135 2 1.9345 1.9331 46.275 46.401 0.02632 -1.66812 0 43
215 222 3 2.0086 2.0283 39.547 39.726 -0.15968 -1.66812 0 43
215 263 4 2.0058 2.0251 41.101 40.791 -0.12968 -1.68012 0 43
215 245 5 1.9925 2.0048 38.451 38.137 -0.20168 -1.62612 0 43
215 217 6 1.952 1.9261 42.246 42.581 -0.07568 -1.62012 0 43
215 244 7 1.9913 2.0048 38.385 38.137 -0.20168 -1.62612 0 43
215 147 8 1.9504 1.9718 45.489 45.503 0.00232 -1.69212 0 43
215 210 9 1.9775 1.9821 46.216 46.377 0.02632 -1.71012 0 43
215 308 10 2.048 2.0543 42.153 42.125 -0.09368 -1.72212 0 43
215 241 11 2.0122 2.0166 36.794 37.096 -0.23168 -1.62012 0 43
215 259 12 2.0059 2.0176 34.132 34.049 -0.31568 -1.57212 0 43
215 195 13 1.905 1.8809 46.986 47.35 0.05032 -1.63212 0 43
215 165 14 1.9657 1.9872 44.76 44.849 -0.01568 -1.69812 0 43
215 196 15 1.9639 1.9799 39.2 38.706 -0.18368 -1.61412 0 43
215 174 16 1.9514 1.9098 36.06 36.397 -0.23768 -1.52412 0 43
215 183 17 1.9145 1.8798 45.704 46.199 0.02032 -1.62012 0 43
215 308 18 2.0501 2.053 40.877 40.854 -0.12968 -1.70412 0 44
215 235 19 1.9232 1.9062 34.554 34.997 -0.27368 -1.50012 0 43
215 234 20 2.0161 2.0093 46.637 47.011 0.04432 -1.74012 0 43
215 222 21 2.0195 2.0318 39.175 39.521 -0.16568 -1.66812 0 44
215 257 22 2.0435 2.0457 32.88 33.126 -0.34568 -1.57812 0 43
215 188 23 1.9695 1.9928 34.109 34.128 -0.30968 -1.55412 0 43
215 229 24 2.0692 2.0652 46.936 46.968 0.04432 -1.78812 0 43
215 236 25 2.0376 2.0372 46.909 46.989 0.04432 -1.76412 0 43
215 179 26 1.9602 1.9832 35.341 34.962 -0.28568 -1.56012 0 43
215 264 27 2.0143 2.0191 38.014 37.756 -0.21368 -1.63212 0 43
215 255 28 1.9995 2.0161 34.651 34.479 -0.30368 -1.57812 0 43
215 249 29 2.0239 2.0352 39.468 39.745 -0.15968 -1.67412 0 44
215 262 30 2.0622 2.0508 33.428 33.589 -0.33368 -1.59012 0 43
215 233 31 2.0048 2.0371 42.719 42.31 -0.08768 -1.71012 0 43
215 171 32 2.066 2.053 44.9 44.656 -0.02168 -1.75212 0 43
215 232 33 2.0298 2.0232 46.684 47 0.04432 -1.75212 0 43
215 243 34 2.0754 2.0746 37.921 37.962 -0.21368 -1.68012 0 44
215 253 35 1.9307 1.9191 42.286 42.57 -0.07568 -1.61412 0 43
215 234 36 2.0597 2.0506 44.159 43.81 -0.04568 -1.74012 0 43
215 262 37 2.0546 2.0482 33.03 33.358 -0.33968 -1.58412 0 43
215 181 38 1.9581 1.946 34.234 34.533 -0.29168 -1.52412 0 43
215 237 39 2.0222 2.0232 47.012 47 0.04432 -1.75212 0 43
215 241 40 2.0121 2.0067 47.26 47.229 0.05032 -1.74012 0 43
215 248 41 1.9192 1.899 36.407 36.576 -0.23168 -1.51812 0 43
215 174 42 1.9147 1.8904 46.665 47.111 0.04432 -1.63812 0 43
215 216 43 1.9945 2.0123 33.382 33.58 -0.32768 -1.56012 0 43
215 260 44 1.9098 1.9028 43.501 43.23 -0.05768 -1.60812 0 43
215 239 45 2.0039 2.0192 33.5 33.62 -0.32768 -1.56612 0 43
215 241 46 2.0071 2.0023 46.921 47.017 0.04432 -1.73412 0 43
215 244 47 2.0523 2.0436 44.154 43.805 -0.04568 -1.73412 0 43
215 197 48 1.9618 1.9426 41.442 41.935 -0.09368 -1.62612 0 43
215 264 49 2.0364 2.0414 33.173 33.317 -0.33968 -1.57812 0 43
251 297 0 2.049 2.0414 33.02 33.317 -0.33968 -1.57812 0 43
251 146 1 1.9466 1.9369 44.402 44.387 -0.02768 -1.65012 0 43
251 276 2 1.9804 1.9858 47.221 47.248 0.05032 -1.72212 0 43
251 286 3 2.057 2.05 32.703 32.936 -0.35168 -1.57812 0 43
251 301 4 2.0169 2.016 37.441 37.527 -0.21968 -1.62612 0 43
251 343 5 2.0497 2.0511 42.373 42.331 -0.08768 -1.72212 0 44
251 218 6 1.9713 1.9766 41.073 41.116 -0.11768 -1.64412 0 44
251 341 7 2.0505 2.0537 41.821 41.701 -0.10568 -1.71612 0 44
251 265 8 2.0554 2.0557 47.342 47.186 0.05032 -1.78212 0 43
251 270 9 1.9916 1.9883 46.754 47.028 0.04432 -1.72212 0 43
251 249 10 1.9528 1.9394 41.927 42.153 -0.08768 -1.62612 0 43
251 342 11 2.0414 2.0458 40.303 40.413 -0.14168 -1.69212 0 44
251 199 12 2.0657 2.0558 45.222 45.5 0.00232 -1.76412 0 43
251 313 13 1.922 1.9092 32.584 32.232 -0.34568 -1.45812 0 44
251 293 14 2.0371 2.0267 37.097 37.353 -0.22568 -1.63212 0 43
251 194 15 1.9489 1.9611 46.3 46.387 0.02632 -1.69212 0 43
251 335 16 2.0465 2.0492 39.935 40.209 -0.14768 -1.69212 0 44
251 265 17 2.0383 2.0342 35.658 35.443 -0.27968 -1.60812 0 43
251 230 18 1.9498 1.9269 34.853 35.11 -0.27368 -1.51812 0 43
251 200 19 1.9725 1.9997 36.901 36.806 -0.23768 -1.60212 0 43
251 218 20 1.9403 1.9269 33.593 33.966 -0.30368 -1.50012 0 44
251 267 21 1.9285 1.9108 35.713 35.943 -0.24968 -1.51812 0 43
251 208 22 1.9604 1.952 40.495 40.84 -0.12368 -1.62012 0 44
251 254 23 1.9996 1.9987 45.976 46.152 0.02032 -1.72212 0 43
251 263 24 2.0195 2.0183 36.227 36.234 -0.25568 -1.60812 0 43
251 259 25 2.004 2.0053 45.187 45.07 -0.00968 -1.71612 0 43
251 304 26 1.9023 1.893 35.975 36.085 -0.24368 -1.50612 0 44
251 259 27 2.0692 2.0634 46.381 46.549 0.03232 -1.78212 0 43
251 340 28 2.0583 2.0566 40.956 41.073 -0.12368 -1.71012 0 44
251 198 29 1.9198 1.8994 47.008 47.559 0.05632 -1.65012 0 43
251 249 30 1.9235 1.9117 33.967 34.335 -0.29168 -1.49412 0 44
251 227 31 1.9288 1.9204 39.889 40.085 -0.14168 -1.58412 0 43
251 339 32 2.0604 2.0619 42.66 42.558 -0.08168 -1.73412 0 44
251 224 33 1.9188 1.903 39.054 39.35 -0.15968 -1.56012 0 43
251 290 34 2.0473 2.0367 37.524 37.608 -0.21968 -1.64412 0 44
251 279 35 1.907 1.8993 34.59 34.959 -0.27368 -1.49412 0 44
251 233 36 1.9294 1.9132 33.641 33.882 -0.30368 -1.48812 0 44
251 268 37 1.9285 1.909 34.886 35.243 -0.26768 -1.50612 0 43
251 266 38 2.031 2.0258 46.632 46.784 0.03832 -1.75212 0 43
251 198 39 1.9363 1.9508 47.293 47.281 0.05032 -1.69212 0 43
251 222 40 1.9799 2.0045 41.873 41.176 -0.11768 -1.66812 0 43
251 313 41 2.029 2.0387 39.874 39.969 -0.15368 -1.68012 0 44
251 220 42 1.9616 1.9666 34.606 34.649 -0.29168 -1.54212 0 43
251 267 43 2.0139 2.0283 39.588 39.726 -0.15968 -1.66812 0 44
251 290 44 1.9111 1.8981 35.135 35.416 -0.26168 -1.50012 0 44
251 281 45 1.9235 1.9129 43.26 43.015 -0.06368 -1.61412 0 43
251 183 46 1.9649 1.983 44.497 44.629 -0.02168 -1.69212 0 43
251 281 47 2.0315 2.0313 35.486 35.212 -0.28568 -1.60212 0 43
251 157 48 1.9531 1.969 44.595 44.624 -0.02168 -1.68012 0 43
251 295 49 2.0304 2.0367 44.031 43.799 -0.04568 -1.72812 0 43
287 190 0 1.9485 1.9318 44.086 43.711 -0.04568 -1.63812 0 43
287 304 1 2.0441 2.0417 47.283 47.198 0.05032 -1.77012 0 43
287 265 2 2.0744 2.0574 34.796 34.701 -0.30368 -1.61412 0 43
287 194 3 1.9388 1.9368 45.402 45.505 0.00232 -1.66212 0 43
287 261 4 2.0025 2.014 32.816 33.15 -0.33968 -1.55412 0 44
287 265 5 1.9796 1.9972 40.899 40.726 -0.12968 -1.65612 0 44
287 272 6 1.9904 2.0084 36.317 35.97 -0.26168 -1.59612 0 44
287 233 7 1.9171 1.9044 46.878 47.099 0.04432 -1.65012 0 44
287 226 8 1.9512 1.9664 46.038 45.944 0.01432 -1.69212 0 43
287 329 9 2.0267 2.0297 43.979 43.794 -0.04568 -1.72212 0 44
287 268 10 1.9159 1.9049 44.379 44.142 -0.03368 -1.62012 0 43
287 287 11 1.9621 1.9718 47.317 47.261 0.05032 -1.71012 0 43
287 272 12 1.9392 1.9238 43.346 43.254 -0.05768 -1.62612 0 43
287 263 13 1.95 1.9337 34.932 35.147 -0.27368 -1.52412 0 44
287 314 14 1.8976 1.8925 34.647 34.92 -0.27368 -1.48812 0 44
287 309 15 1.9787 1.9858 47.234 47.248 0.05032 -1.72212 0 43
287 195 16 1.9538 1.9706 37.382 37.566 -0.21368 -1.59012 0 44
287 331 17 2.0163 2.0154 38.157 37.959 -0.20768 -1.63212 0 44
287 286 18 2.0116 2.0111 45.706 45.717 0.00832 -1.72812 0 44
287 333 19 2.0157 2.0217 35.082 34.945 -0.29168 -1.59012 0 43
287 339 20 2.0523 2.044 33.48 33.549 -0.33368 -1.58412 0 44
287 281 21 1.98 1.9869 39.034 38.73 -0.18368 -1.62012 0 44
287 290 22 1.9844 1.9997 34.352 34.167 -0.30968 -1.56012 0 44
287 307 23 1.9025 1.8938 44.192 43.906 -0.03968 -1.60812 0 44
287 307 24 1.9018 1.8938 44.253 43.906 -0.03968 -1.60812 0 44
287 300 25 2.0464 2.0468 46.548 46.77 0.03832 -1.77012 0 43
287 205 26 1.9468 1.9248 43.953 43.705 -0.04568 -1.63212 0 43
287 205 27 1.9784 2.0029 43.101 42.69 -0.07568 -1.68612 0 44
287 321 28 2.0503 2.0405 37.2 37.408 -0.22568 -1.64412 0 44
287 352 29 2.052 2.0492 39.426 39.784 -0.15968 -1.68612 0 44
287 336 30 2.0214 2.0348 43.147 42.946 -0.06968 -1.71612 0 44
287 255 31 1.969 1.9788 45.541 45.503 0.00232 -1.69812 0 43
287 298 32 1.9793 1.9909 38.357 38.086 -0.20168 -1.61412 0 43
287 322 33 1.9994 2.0093 34.546 34.441 -0.30368 -1.57212 0 43
287 265 34 1.937 1.9129 36.379 36.641 -0.23168 -1.53012 0 44
287 332 35 1.9016 1.9051 42.433 42.55 -0.07568 -1.60212 0 44
287 351 36 2.0663 2.0627 43.123 42.979 -0.06968 -1.74012 0 44
287 314 37 2.0373 2.0407 44.362 44.015 -0.03968 -1.73412 0 44
287 260 38 1.9526 1.9447 34.908 34.979 -0.27968 -1.53012 0 44
287 372 39 2.0339 2.0388 40.366 40.396 -0.14168 -1.68612 0 44
287 297 40 2.0127 2.0153 36.137 36.003 -0.26168 -1.60212 0 43
287 310 41 2.0115 2.0137 47.337 47.223 0.05032 -1.74612 0 43
287 292 42 1.9008 1.8969 33.796 33.549 -0.30968 -1.47012 0 44
287 296 43 2.0633 2.0627 47.229 47.18 0.05032 -1.78812 0 43
287 246 44 2.0522 2.0418 45.384 45.5 0.00232 -1.75212 0 44
287 335 45 2.0565 2.0466 33.795 33.781 -0.32768 -1.59012 0 43
287 330 46 2.0161 2.026 33.628 33.661 -0.32768 -1.57212 0 43
287 224 47 1.9314 1.9368 47.204 47.294 0.05032 -1.68012 0 44
287 286 48 2.0528 2.0448 44.541 44.229 -0.03368 -1.74012 0 44
287 286 49 1.9926 2.0044 39.092 38.571 -0.18968 -1.63212 0 44
323 412 0 2.0383 2.0458 40.545 40.413 -0.14168 -1.69212 0 44
323 291 1 1.9664 1.963 41.334 41.529 -0.10568 -1.63812 0 44
323 287 2 1.9521 1.945 40.619 40.823 -0.12368 -1.61412 0 44
323 334 3 2.0433 2.0378 44.507 44.225 -0.03368 -1.73412 0 44
323 299 4 1.9892 2.0004 40.07 40.082 -0.14768 -1.65012 0 44
323 295 5 1.9671 1.9735 34.773 34.687 -0.29168 -1.54812 0 44
323 373 6 2.0501 2.0482 33.211 33.358 -0.33968 -1.58412 0 44
323 325 7 2.0693 2.0634 46.239 46.549 0.03232 -1.78212 0 44
323 351 8 1.9227 1.9141 32.95 32.731 -0.33368 -1.47012 0 44
323 383 9 2.0609 2.0596 39.286 39.601 -0.16568 -1.69212 0 44
323 259 10 1.9498 1.9567 46.148 46.168 0.02032 -1.68612 0 43
323 338 11 2.05 2.0477 44.299 44.019 -0.03968 -1.74012 0 44
323 342 12 2.0242 2.0232 46.898 47 0.04432 -1.75212 0 44
323 230 13 1.9599 1.969 44.417 44.624 -0.02168 -1.68012 0 43
323 382 14 2.0288 2.0418 43.096 42.954 -0.06968 -1.72212 0 44
323 352 15 2.0769 2.0738 38.644 38.801 -0.18968 -1.69212 0 44
323 412 16 2.0594 2.057 41.51 41.496 -0.11168 -1.71612 0 44
323 312 17 2.0265 2.0208 45.479 45.501 0.00232 -1.73412 0 44
323 334 18 1.8998 1.9007 34.32 34.502 -0.28568 -1.48812 0 44
323 410 19 2.0553 2.055 42.757 42.548 -0.08168 -1.72812 0 44
323 349 20 1.9964 1.9997 47.291 47.235 0.05032 -1.73412 0 44
323 258 21 1.944 1.9515 46.531 46.614 0.03232 -1.68612 0 44
323 367 22 2.0095 2.016 37.547 37.527 -0.21968 -1.62612 0 44
323 331 23 1.9378 1.9253 32.717 32.575 -0.33968 -1.47612 0 44
323 325 24 1.9303 1.9179 41.209 41.664 -0.09968 -1.60212 0 44
323 295 25 1.9264 1.9169 39.652 39.848 -0.14768 -1.57812 0 44
323 368 26 1.8975 1.8912 35.238 35.379 -0.26168 -1.49412 0 44
323 368 27 2.0584 2.0492 33.963 34.011 -0.32168 -1.59612 0 44
323 313 28 1.983 1.9901 45.808 45.72 0.00832 -1.71012 0 44
323 332 29 1.9175 1.9076 34.322 34.542 -0.28568 -1.49412 0 44
323 408 30 2.068 2.0597 40.385 40.447 -0.14168 -1.70412 0 44
323 347 31 2.061 2.0636 38.524 38.557 -0.19568 -1.68012 0 44
323 347 32 1.9011 1.8986 33.446 33.093 -0.32168 -1.46412 0 44
323 302 33 1.9423 1.9217 35.613 35.768 -0.25568 -1.52412 0 44
323 266 34 1.9753 1.985 33.314 33.414 -0.32768 -1.53612 0 44
323 360 35 1.9128 1.901 35.556 35.662 -0.25568 -1.50612 0 44
323 288 36 1.971 1.9929 35.706 35.234 -0.27968 -1.57212 0 44
323 328 37 1.9944 2.0044 38.901 38.571 -0.18968 -1.63212 0 44
323 282 38 1.9298 1.9178 44.054 43.699 -0.04568 -1.62612 0 44
323 283 39 1.9588 1.9653 35.237 35.09 -0.27968 -1.54812 0 44
323 335 40 1.9011 1.9039 41.522 41.636 -0.09968 -1.59012 0 44
323 327 41 2.0557 2.0494 46.257 46.557 0.03232 -1.77012 0 44
323 261 42 1.9778 1.9793 32.553 32.258 -0.35768 -1.51212 0 44
323 278 43 1.9667 1.9845 37.531 37.621 -0.21368 -1.60212 0 44
323 340 44 2.0342 2.0358 38.581 38.463 -0.19568 -1.65612 0 44
323 337 45 2.0428 2.0398 46.589 46.775 0.03832 -1.76412 0 44
323 279 46 1.9678 1.9844 45.172 45.066 -0.00968 -1.69812 0 43
323 342 47 2.008 2.0139 44.599 44.426 -0.02768 -1.71612 0 44
323 318 48 2.0586 2.0423 35.171 35.052 -0.29168 -1.60812 0 44
323 366 49 1.915 1.9121 42.275 42.56 -0.07568 -1.60812 0 44
359 264 0 1.938 1.9368 45.321 45.505 0.00232 -1.66212 0 44
359 403 1 1.9043 1.8913 36.998 37.003 -0.21968 -1.51812 0 44
359 314 2 1.949 1.9414 33.007 32.912 -0.33368 -1.49412 0 44
359 312 3 2.0671 2.048 35.481 35.511 -0.27968 -1.62012 0 44
359 281 4 1.9672 1.9789 44.398 44.409 -0.02768 -1.68612 0 44
359 288 5 1.9209 1.9078 46.093 46.187 0.02032 -1.64412 0 44
359 399 6 1.9047 1.8906 37.293 37.463 -0.20768 -1.52412 0 44
359 269 7 1.941 1.9288 44.202 43.933 -0.03968 -1.63812 0 44
359 367 8 2.0162 2.0144 46.394 46.577 0.03232 -1.74012 0 44
359 398 9 2.0338 2.033 38.001 37.809 -0.21368 -1.64412 0 44
359 335 10 1.9135 1.903 39.174 39.35 -0.15968 -1.56012 0 44
359 448 11 2.055 2.0537 41.738 41.701 -0.10568 -1.71612 -0 44
359 369 12 1.9938 1.9934 46.436 46.589 0.03232 -1.72212 0 44
359 379 13 2.0116 2.0287 43.52 43.366 -0.05768 -1.71612 0 44
359 282 14 1.9274 1.9209 46.595 46.859 0.03832 -1.66212 0 44
359 394 15 2.0473 2.0437 37.458 37.635 -0.21968 -1.65012 0 44
359 269 16 1.9337 1.9271 45.603 45.73 0.00832 -1.65612 0 44
359 375 17 2.0596 2.0608 46.746 46.761 0.03832 -1.78212 -0 44
359 439 18 2.0402 2.0473 42.11 42.113 -0.09368 -1.71612 0 44
359 359 19 2.077 2.0704 46.469 46.545 0.03232 -1.78812 -0 44
359 370 20 1.9091 1.897 38.003 37.951 -0.19568 -1.53612 0 44
359 280 21 1.9401 1.9471 46.311 46.394 0.02632 -1.68012 0 44
359 270 22 1.9544 1.9448 43.597 43.277 -0.05768 -1.64412 0 44
359 409 23 1.8987 1.8875 37.274 37.218 -0.21368 -1.51812 0 44
359 349 24 1.9781 1.9869 39.039 38.73 -0.18368 -1.62012 0 44
359 406 25 2.025 2.0357 43.489 43.373 -0.05768 -1.72212 0 44
359 298 26 1.9186 1.9114 46.875 47.093 0.04432 -1.65612 0 44
359 285 27 1.9516 1.9648 45.592 45.504 0.00232 -1.68612 0 44
359 316 28 1.9664 1.9659 40.705 40.872 -0.12368 -1.63212 0 44
359 411 29 2.0206 2.0283 40.079 40.155 -0.14768 -1.67412 0 44
359 412 30 2.0537 2.0496 43.573 43.387 -0.05768 -1.73412 0 44
359 379 31 2.0761 2.0667 43.448 43.194 -0.06368 -1.74612 0 44
359 317 32 1.9669 1.9692 39.627 39.333 -0.16568 -1.61412 0 44
359 344 33 1.9732 1.9821 46.309 46.377 0.02632 -1.71012 0 44
359 375 34 2.051 2.0538 46.745 46.765 0.03832 -1.77612 -0 44
359 377 35 2.029 2.0243 36.592 36.695 -0.24368 -1.62012 0 44
359 401 36 2.0179 2.0291 41.702 41.442 -0.11168 -1.69212 0 44
359 313 37 2.0669 2.048 35.478 35.511 -0.27968 -1.62012 0 44
359 331 38 1.9771 1.9844 45.119 45.066 -0.00968 -1.69812 0 44
359 316 39 1.9644 1.9656 39.665 39.544 -0.15968 -1.61412 0 44
359 387 40 2.0699 2.0551 33.222 33.399 -0.33968 -1.59012 0 44
359 403 41 1.9023 1.8944 37.276 37.248 -0.21368 -1.52412 0 44
359 291 42 1.9853 1.9886 32.618 32.544 -0.35168 -1.52412 0 44
359 310 43 1.9858 2.0017 43.833 43.771 -0.04568 -1.69812 0 44
359 333 44 1.9926 2.0005 39.455 39.211 -0.17168 -1.63812 0 44
359 385 45 2.0545 2.0436 34.709 34.628 -0.30368 -1.60212 0 44
359 287 46 1.9744 1.9888 44.086 44.196 -0.03368 -1.69212 0 44
359 412 47 1.9067 1.9004 32.96 32.638 -0.33368 -1.45812 0 44
359 339 48 1.9821 1.999 37.238 37.241 -0.22568 -1.60812 0 44
359 383 49 2.0325 2.0273 35.526 35.409 -0.27968 -1.60212 0 44
394 484 0 2.0685 2.0613 41.997 42.136 -0.09368 -1.72812 -0 45
394 369 1 2.0631 2.0587 44.479 44.237 -0.03368 -1.75212 0 44
394 412 2 2.0034 2.0048 46.674 46.798 0.03832 -1.73412 0 44
394 328 3 1.9849 2.0007 43.524 43.337 -0.05768 -1.69212 0 44
394 436 4 2.0585 2.0525 33.036 33.168 -0.34568 -1.58412 0 44
394 477 5 2.043 2.0473 42.152 42.113 -0.09368 -1.71612 -0 45
394 404 6 2.0202 2.0183 36.214 36.234 -0.25568 -1.60812 0 44
394 388 7 1.9103 1.9068 40.786 40.959 -0.11768 -1.58412 0 44
394 470 8 2.073 2.0636 40.972 41.088 -0.12368 -1.71612 -0 45
394 408 9 1.9953 1.9978 46.628 46.803 0.03832 -1.72812 0 44
394 399 10 1.9959 1.996 46.271 46.37 0.02632 -1.72212 0 44
394 398 11 1.9323 1.92 34.948 35.072 -0.27368 -1.51212 0 44
394 410 12 1.9256 1.9119 35.264 35.488 -0.26168 -1.51212 0 44
394 429 13 2.0398 2.0387 39.28 39.542 -0.16568 -1.67412 0 45
394 402 14 2.0362 2.0282 36.353 36.496 -0.24968 -1.62012 0 44
394 342 15 1.9306 1.924 38.689 38.964 -0.17168 -1.57212 0 44
394 436 16 2.0059 2.0085 38.01 37.933 -0.20768 -1.62612 0 44
394 390 17 1.9484 1.9426 41.785 41.935 -0.09368 -1.62612 0 44
394 331 18 1.9687 1.9851 37.235 37.183 -0.22568 -1.59612 0 44
394 459 19 1.9038 1.9004 32.843 32.638 -0.33368 -1.45812 0 44
394 367 20 1.9479 1.9384 40.897 41.256 -0.11168 -1.61412 0 44
394 387 21 1.9913 2.004 44.823 44.637 -0.02168 -1.71012 0 44
394 417 22 2.0118 2.0227 43.941 43.788 -0.04568 -1.71612 0 44
394 396 23 1.9085 1.9048 34.052 34.295 -0.29168 -1.48812 0 44
394 415 24 1.9114 1.9076 41.632 41.871 -0.09368 -1.59612 0 44
394 420 25 1.998 1.9997 47.217 47.235 0.05032 -1.73412 0 44
394 366 26 1.9683 1.9776 34.654 34.486 -0.29768 -1.54812 0 44
394 379 27 1.9915 2.0055 36.121 35.737 -0.26768 -1.59012 0 44
394 414 28 1.9831 1.9858 47.097 47.248 0.05032 -1.72212 0 44
394 411 29 2.073 2.0603 33.806 33.859 -0.32768 -1.60212 0 44
394 399 30 1.9127 1.9072 41.261 41.415 -0.10568 -1.59012 0 44
394 348 31 2.0675 2.0489 36.081 36.587 -0.24968 -1.63812 0 44
394 385 32 1.9912 2.0026 35.909 35.504 -0.27368 -1.58412 0 44
394 345 33 1.9742 1.9795 40.026 40.025 -0.14768 -1.63212 0 44
394 418 34 1.9147 1.9068 43.597 43.462 -0.05168 -1.61412 0 44
394 418 35 1.9161 1.9059 36.522 36.609 -0.23168 -1.52412 0 44
394 334 36 1.9656 1.9779 35.953 35.601 -0.26768 -1.56612 0 44
394 301 37 1.9405 1.9438 45.442 45.505 0.00232 -1.66812 0 44
394 462 38 2.0268 2.0353 40.231 40.173 -0.14768 -1.68012 0 45
394 371 39 1.9126 1.9032 38.855 38.893 -0.17168 -1.55412 0 44
394 406 40 1.9866 1.9908 46.68 46.808 0.03832 -1.72212 0 44
394 466 41 2.0667 2.0588 42.873 42.764 -0.07568 -1.73412 0 44
394 421 42 2.012 2.0166 36.955 37.096 -0.23168 -1.62012 0 44
394 481 43 2.0452 2.0496 41.101 41.058 -0.12368 -1.70412 -0 45
394 380 44 1.987 1.9975 41.439 41.162 -0.11768 -1.66212 0 44
394 436 45 2.0276 2.0297 43.921 43.794 -0.04568 -1.72212 0 44
394 360 46 1.9533 1.946 34.467 34.533 -0.29168 -1.52412 0 44
394 405 47 2.0594 2.0512 36.881 37.237 -0.23168 -1.65012 0 44
394 338 48 1.9126 1.9025 46.546 46.645 0.03232 -1.64412 0 44
394 332 49 1.9618 1.9704 45.14 45.064 -0.00968 -1.68612 0 44
430 470 0 2.0156 2.0218 33.712 33.855 -0.32168 -1.57212 0 44
430 503 1 2.0376 2.0449 42.948 42.746 -0.07568 -1.72212 -0 45
430 320 2 1.9482 1.9399 44.197 44.165 -0.03368 -1.65012 0 44
430 407 3 2.0758 2.0646 43.975 43.821 -0.04568 -1.75212 0 44
430 445 4 2.0271 2.0262 35.855 35.837 -0.26768 -1.60812 0 44
430 473 5 2.0355 2.033 37.811 37.809 -0.21368 -1.64412 0 44
430 370 6 1.9734 1.9889 37.093 36.979 -0.23168 -1.59612 0 44
430 389 7 1.9442 1.9378 39.879 39.908 -0.14768 -1.59612 0 44
430 433 8 1.9319 1.9228 35.29 35.317 -0.26768 -1.51812 0 44
430 464 9 1.9122 1.9073 33.041 32.684 -0.33368 -1.46412 0 45
430 436 10 1.9299 1.9228 35.2 35.317 -0.26768 -1.51812 0 44
430 396 11 1.9199 1.9135 39.014 39.156 -0.16568 -1.56612 0 44
430 397 12 1.9756 1.9799 40.936 40.904 -0.12368 -1.64412 0 45
430 395 13 1.9584 1.9654 46.626 46.606 0.03232 -1.69812 0 44
430 386 14 1.9234 1.9104 38.353 38.461 -0.18368 -1.55412 0 44
430 397 15 1.9721 1.986 35.437 35.198 -0.27968 -1.56612 0 44
430 516 16 2.0673 2.0607 41.524 41.714 -0.10568 -1.72212 -0 45
430 447 17 1.9005 1.8933 38.275 38.167 -0.18968 -1.53612 0 44
430 428 18 2.0203 2.0285 39.038 38.868 -0.18368 -1.65612 0 45
430 410 19 1.9925 2.0045 36.355 36.17 -0.25568 -1.59612 0 44
430 463 20 1.9045 1.8906 37.449 37.463 -0.20768 -1.52412 0 45
430 501 21 2.0611 2.0557 43.028 42.971 -0.06968 -1.73412 -0 45
430 459 22 2.0035 2.0107 35.264 35.106 -0.28568 -1.58412 0 44
430 390 23 2.062 2.0459 36.052 36.359 -0.25568 -1.63212 0 44
430 369 24 1.9329 1.9146 37.714 37.792 -0.20168 -1.54812 0 44
430 398 25 1.9468 1.9366 35.396 35.389 -0.26768 -1.53012 0 45
430 392 26 1.9691 1.9692 39.508 39.333 -0.16568 -1.61412 0 44
430 409 27 1.999 2.0041 39.334 39.005 -0.17768 -1.63812 0 45
430 396 28 2.0637 2.0489 36.238 36.587 -0.24968 -1.63812 0 44
430 428 29 2.0045 2.0153 36.212 36.003 -0.26168 -1.60212 0 44
430 432 30 2.0162 2.0193 45.25 45.072 -0.00968 -1.72812 0 44
430 488 31 2.0422 2.0382 34.122 34.166 -0.31568 -1.59012 0 44
430 435 32 1.9837 1.9864 46.553 46.593 0.03232 -1.71612 0 44
430 419 33 1.9215 1.9159 33.898 34.129 -0.29768 -1.49412 0 45
430 391 34 1.9429 1.9448 39.48 39.481 -0.15968 -1.59612 0 44
430 412 35 2.0018 2.0111 39.283 39.027 -0.17768 -1.64412 0 45
430 403 36 2.0388 2.0363 45.748 45.926 0.01432 -1.75212 0 44
430 445 37 2.0035 2.0095 35.697 35.538 -0.27368 -1.59012 0 44
430 427 38 1.9048 1.8929 38.553 38.627 -0.17768 -1.54212 0 44
430 439 39 1.9993 2.0095 35.728 35.538 -0.27368 -1.59012 0 44
430 403 40 2.0745 2.0686 45.847 46.128 0.02032 -1.78212 -0 44
430 416 41 1.9224 1.9132 33.704 33.882 -0.30368 -1.48812 0 45
430 400 42 1.9561 1.9523 41.087 41.285 -0.11168 -1.62612 0 44
430 429 43 2.0148 2.0248 39.451 39.501 -0.16568 -1.66212 0 45
430 498 44 2.0342 2.0403 42.184 42.102 -0.09368 -1.71012 -0 45
430 469 45 2.0036 2.0085 38.029 37.933 -0.20768 -1.62612 0 44
430 424 46 2.0066 2.0232 42.521 42.288 -0.08768 -1.69812 0 45
430 380 47 1.9657 1.9657 40.428 40.429 -0.13568 -1.62612 0 45
430 355 48 1.9517 1.9578 45.592 45.504 0.00232 -1.68012 0 44
430 445 49 1.9135 1.9013 37.266 37.278 -0.21368 -1.53012 0 44
466 491 0 2.0578 2.0607 38.032 37.912 -0.21368 -1.66812 -0 45
466 442 1 2.0476 2.0431 44.89 44.864 -0.01568 -1.74612 -0 45
466 465 2 1.9327 1.9281 41.281 41.459 -0.10568 -1.60812 0 45
466 500 3 2.0324 2.0313 35.238 35.212 -0.28568 -1.60212 0 45
466 554 4 2.0502 2.053 40.842 40.854 -0.12968 -1.70412 -0 45
466 488 5 2.0121 2.0197 44.065 44 -0.03968 -1.71612 0 45
466 417 6 1.9672 1.9723 33.906 34.008 -0.30968 -1.53612 0 45
466 401 7 1.9481 1.9384 36.149 36.079 -0.24968 -1.54212 0 45
466 467 8 1.9179 1.9013 37.181 37.278 -0.21368 -1.53012 0 45
466 463 9 1.9192 1.9123 33.361 33.182 -0.32168 -1.47612 0 45
466 445 10 1.9862 1.9902 39.265 38.96 -0.17768 -1.62612 0 45
466 435 11 1.9835 1.9942 41.677 41.372 -0.11168 -1.66212 0 45
466 476 12 2.0306 2.0258 46.635 46.784 0.03832 -1.75212 -0 44
466 481 13 2.0436 2.0417 47.302 47.198 0.05032 -1.77012 -0 44
466 433 14 1.9301 1.9121 36.923 37.095 -0.21968 -1.53612 0 45
466 449 15 1.9282 1.9227 33.971 34.17 -0.29768 -1.50012 0 45
466 550 16 2.0519 2.0518 42.786 42.755 -0.07568 -1.72812 -0 45
466 424 17 1.9855 1.9935 39.744 39.626 -0.15968 -1.63812 0 45
466 505 18 1.922 1.916 42.775 42.792 -0.06968 -1.61412 0 44
466 555 19 2.0524 2.0543 42.045 42.125 -0.09368 -1.72212 -0 45
466 443 20 1.958 1.9673 47.045 47.045 0.04432 -1.70412 0 44
466 485 21 1.9204 1.9146 41.608 41.884 -0.09368 -1.60212 0 45
466 415 22 1.907 1.9025 46.627 46.645 0.03232 -1.64412 0 45
466 434 23 2.0581 2.0558 44.676 44.446 -0.02768 -1.75212 -0 45
466 466 24 2.0648 2.0627 47.372 47.18 0.05032 -1.78812 -0 44
466 480 25 2.0739 2.0577 33.455 33.629 -0.33368 -1.59612 0 45
466 405 26 1.9772 1.9936 36.607 36.34 -0.24968 -1.59012 0 45
466 553 27 2.0485 2.0543 42.283 42.125 -0.09368 -1.72212 -0 45
466 522 28 2.0652 2.0596 39.283 39.601 -0.16568 -1.69212 -0 45
466 427 29 2.0455 2.0418 45.425 45.5 0.00232 -1.75212 -0 45
466 437 30 2.04 2.0375 45.328 45.288 -0.00368 -1.74612 -0 45
466 415 31 1.9718 1.9765 33.673 33.809 -0.31568 -1.53612 0 45
466 422 32 1.9983 2.0047 32.838 32.871 -0.34568 -1.54212 0 45
466 471 33 1.8993 1.8979 44.374 44.137 -0.03368 -1.61412 0 45
466 448 34 1.9702 1.9839 38.141 38.06 -0.20168 -1.60812 0 44
466 404 35 1.9168 1.9114 46.928 47.093 0.04432 -1.65612 0 45
466 439 36 2.0476 2.0407 45.851 46.137 0.02032 -1.75812 -0 45
466 414 37 2.0598 2.0543 45.054 45.078 -0.00968 -1.75812 -0 45
466 489 38 1.9006 1.8938 44.001 43.906 -0.03968 -1.60812 0 45
466 465 39 2.0076 2.0208 43.16 42.928 -0.06968 -1.70412 0 45
466 461 40 2.0053 2.0147 43.442 43.351 -0.05768 -1.70412 0 45
466 526 41 2.0301 2.0313 34.168 34.127 -0.31568 -1.58412 0 45
466 500 42 2.0107 2.0179 40.294 40.343 -0.14168 -1.66812 0 45
466 454 43 1.9361 1.9269 43.23 43.032 -0.06368 -1.62612 0 44
466 535 44 2.038 2.0418 43.089 42.954 -0.06968 -1.72212 -0 45
466 446 45 1.9554 1.9426 41.691 41.935 -0.09368 -1.62612 0 45
466 437 46 1.9074 1.8962 44.756 44.821 -0.01568 -1.62012 0 45
466 485 47 2.0157 2.0234 33.254 33.427 -0.33368 -1.56612 0 45
466 418 48 1.9604 1.9621 39.802 39.755 -0.15368 -1.61412 0 45
466 517 49 2.0321 2.0299 34.698 34.554 -0.30368 -1.59012 0 44
502 470 0 1.9563 1.9523 41.076 41.285 -0.11168 -1.62612 0 45
502 462 1 1.9517 1.9588 39.153 39.079 -0.17168 -1.60212 0 45
502 498 2 1.9997 1.9998 45.626 45.502 0.00232 -1.71612 0 45
502 524 3 1.994 1.9953 46.937 47.022 0.04432 -1.72812 -0 45
502 558 4 2.0613 2.0627 43.221 42.979 -0.06968 -1.74012 -0 45
502 517 5 2.07 2.0603 33.904 33.859 -0.32768 -1.60212 0 45
502 511 6 1.9151 1.9138 43.719 43.469 -0.05168 -1.62012 0 45
502 590 7 2.0587 2.057 41.445 41.496 -0.11168 -1.71612 -0 45
502 431 8 1.9352 1.9183 37.518 37.579 -0.20768 -1.54812 0 45
502 464 9 1.9676 1.9749 34.284 34.248 -0.30368 -1.54212 0 45
502 423 10 1.9384 1.928 38.079 38.298 -0.18968 -1.56612 0 45
502 476 11 1.9738 1.9832 35.016 34.962 -0.28568 -1.56012 0 45
502 432 12 1.9601 1.9551 33.045 33.001 -0.33368 -1.50612 0 45
502 538 13 2.0043 2.012 34.729 34.675 -0.29768 -1.57812 0 45
502 536 14 2.0383 2.0336 37.138 37.381 -0.22568 -1.63812 0 45
502 487 15 1.9719 1.9839 38.177 38.06 -0.20168 -1.60812 0 45
502 512 16 1.9111 1.9054 33.329 33.138 -0.32168 -1.47012 0 45
502 487 17 2.0554 2.0518 44.488 44.233 -0.03368 -1.74612 -0 45
502 507 18 2.0305 2.0252 36.275 36.266 -0.25568 -1.61412 0 45
502 582 19 2.0441 2.05 41.506 41.483 -0.11168 -1.71012 -0 46
502 508 20 1.9121 1.9141 41.347 41.43 -0.10568 -1.59612 0 45
502 469 21 1.9787 1.9882 37.32 37.416 -0.21968 -1.60212 0 45
502 442 22 1.9864 1.9984 42.393 42.033 -0.09368 -1.67412 0 45
502 518 23 2.0478 2.0423 35.128 35.052 -0.29168 -1.60812 0 45
502 481 24 1.998 2.0041 39.287 39.005 -0.17768 -1.63812 0 45
502 522 25 2.0315 2.0273 35.567 35.409 -0.27968 -1.60212 0 45
502 464 26 1.9308 1.9273 39.455 39.653 -0.15368 -1.58412 0 45
502 548 27 2.0109 2.0161 34.488 34.479 -0.30368 -1.57812 0 45
502 537 28 2.0211 2.0223 38.217 37.984 -0.20768 -1.63812 0 45
502 487 29 1.985 1.9858 45.459 45.503 0.00232 -1.70412 0 45
502 460 30 1.9665 1.9635 42.054 41.972 -0.09368 -1.64412 0 45
502 510 31 1.9386 1.9261 42.522 42.581 -0.07568 -1.62012 0 45
502 472 32 1.9132 1.9032 38.856 38.893 -0.17168 -1.55412 0 45
502 508 33 2.0362 2.0354 46.507 46.565 0.03232 -1.75812 -0 45
502 494 34 1.9441 1.9388 41.463 41.704 -0.09968 -1.62012 0 45
502 522 35 1.9057 1.9038 43.902 43.686 -0.04568 -1.61412 0 45
502 467 36 1.9661 1.977 38.004 38.034 -0.20168 -1.60212 0 45
502 518 37 2.0532 2.0512 47.03 46.978 0.04432 -1.77612 -0 45
502 542 38 1.9045 1.896 36.312 36.331 -0.23768 -1.51212 -0 45
502 479 39 2.0606 2.0587 44.43 44.237 -0.03368 -1.75212 -0 45
502 475 40 1.9926 2.0057 44.052 43.99 -0.03968 -1.70412 0 45
502 534 41 1.9096 1.9079 35.712 35.698 -0.25568 -1.51212 -0 45
502 525 42 2.0507 2.0475 32.604 32.704 -0.35768 -1.57212 0 45
502 451 43 1.9656 1.9657 40.384 40.429 -0.13568 -1.62612 0 45
502 431 44 1.9432 1.9515 46.669 46.614 0.03232 -1.68612 0 45
502 561 45 2.0344 2.0387 39.798 39.969 -0.15368 -1.68012 -0 45
502 498 46 1.9918 1.9984 45.208 45.069 -0.00968 -1.71012 0 45
502 542 47 2.0399 2.0457 39.398 39.562 -0.16568 -1.68012 -0 46
502 575 48 2.0487 2.0457 39.755 39.987 -0.15368 -1.68612 -0 46
502 462 49 1.9757 1.9888 35.766 35.434 -0.27368 -1.57212 0 45
36 116 0 1.9336 1.8932 39.033 31.883 -0.35168 -1.44012 0 43
36 116 1 2.0601 1.8932 33.755 31.883 -0.35168 -1.44012 0 43
36 117 2 2.0179 1.8932 38.009 31.883 -0.35168 -1.44012 0 43
36 115 3 2.0638 1.8932 35.032 31.883 -0.35168 -1.44012 0 43
36 116 4 1.9158 1.8932 40.228 31.883 -0.35168 -1.44012 0 43
36 116 5 1.9863 1.8932 38.153 31.883 -0.35168 -1.44012 0 43
36 117 6 1.9837 1.8932 45.427 31.883 -0.35168 -1.44012 0 43
36 119 7 1.9104 1.8888 34.431 32.087 -0.34568 -1.44012 0 43
36 116 8 1.9494 1.8932 42.94 31.883 -0.35168 -1.44012 0 43
36 115 9 2.0034 1.8932 38.329 31.883 -0.35168 -1.44012 0 43
36 123 10 2.0567 2.0492 39.271 40.209 -0.14768 -1.69212 0 43
36 116 11 1.987 1.8932 35.151 31.883 -0.35168 -1.44012 0 43
36 117 12 2.0342 1.8932 37.997 31.883 -0.35168 -1.44012 0 43
36 115 13 1.9988 1.8932 45.314 31.883 -0.35168 -1.44012 0 43
36 115 14 2.0497 1.8932 34.509 31.883 -0.35168 -1.44012 0 43
36 115 15 2.0657 1.8932 47.229 31.883 -0.35168 -1.44012 0 43
36 117 16 2.0685 2.0581 43.664 42.342 -0.08768 -1.72812 0 43
36 115 17 2.0171 1.8932 39.15 31.883 -0.35168 -1.44012 0 43
36 116 18 2.0449 1.8932 47.137 31.883 -0.35168 -1.44012 0 43
36 116 19 1.9757 1.8932 45.31 31.883 -0.35168 -1.44012 0 43
36 116 20 1.9631 1.8932 47.289 31.883 -0.35168 -1.44012 0 43
36 116 21 1.9648 1.8932 45.702 31.883 -0.35168 -1.44012 0 43
36 117 22 1.9024 1.8352 44.038 46.454 0.02632 -1.58412 0 43
36 130 23 2.0677 2.0527 40.496 40.43 -0.14168 -1.69812 0 43
36 116 24 2.0536 1.8932 33.728 31.883 -0.35168 -1.44012 0 43
36 116 25 2.0105 1.8932 37.233 31.883 -0.35168 -1.44012 0 43
36 117 26 2.0289 1.8932 33.978 31.883 -0.35168 -1.44012 0 43
36 116 27 1.923 1.8932 41.483 31.883 -0.35168 -1.44012 0 43
36 116 28 2.0728 1.8932 33.223 31.883 -0.35168 -1.44012 0 43
36 117 29 1.9318 1.8932 34.37 31.883 -0.35168 -1.44012 0 43
36 115 30 1.9688 1.8932 34.273 31.883 -0.35168 -1.44012 0 43
36 116 31 2.0516 1.8932 33.324 31.883 -0.35168 -1.44012 0 43
36 124 32 2.0257 2.0458 39.877 40.413 -0.14168 -1.69212 0 43
36 115 33 1.9211 1.8932 42.124 31.883 -0.35168 -1.44012 0 43
36 115 34 1.9804 1.8932 42.688 31.883 -0.35168 -1.44012 0 43
36 117 35 2.0052 1.8932 33.76 31.883 -0.35168 -1.44012 0 43
36 115 36 1.9225 1.8932 36.665 31.883 -0.35168 -1.44012 0 43
36 121 37 2.0609 2.0492 39.073 40.209 -0.14768 -1.69212 0 43
36 119 38 2.0379 2.0581 43.844 42.342 -0.08768 -1.72812 0 43
36 115 39 1.9891 1.8932 46.397 31.883 -0.35168 -1.44012 0 43
36 116 40 1.9586 1.8932 43.983 31.883 -0.35168 -1.44012 0 43
36 116 41 2.0149 1.8932 39.343 31.883 -0.35168 -1.44012 0 43
36 116 42 1.9593 1.8932 36.44 31.883 -0.35168 -1.44012 0 43
36 116 43 1.9446 1.8932 47.495 31.883 -0.35168 -1.44012 0 43
36 116 44 2.0136 1.8932 43.88 31.883 -0.35168 -1.44012 0 43
36 115 45 1.9053 1.8932 47.373 31.883 -0.35168 -1.44012 0 43
36 115 46 2.0395 1.8932 34.828 31.883 -0.35168 -1.44012 0 43
36 120 47 1.9007 1.8352 44.486 46.454 0.02632 -1.58412 0 43
36 115 48 2.0654 1.8932 34.333 31.883 -0.35168 -1.44012 0 43
36 116 49 1.9983 1.8932 34.144 31.883 -0.35168 -1.44012 0 43
72 115 0 1.9593 1.8932 39.843 31.883 -0.35168 -1.44012 0 43
72 116 1 1.9576 1.8932 42.739 31.883 -0.35168 -1.44012 0 43
72 123 2 2.0134 2.0257 35.289 34.749 -0.29768 -1.59012 0 43
72 129 3 1.9055 1.8448 44.436 46.214 0.02032 -1.59012 0 43
72 115 4 1.9334 1.8932 47.218 31.883 -0.35168 -1.44012 0 43
72 130 5 2.0184 2.0299 34.803 34.554 -0.30368 -1.59012 0 43
72 158 6 2.0338 2.046 41.371 40.838 -0.12968 -1.69812 0 43
72 115 7 1.9639 1.8932 38.395 31.883 -0.35168 -1.44012 0 43
72 168 8 2.0479 2.0575 42.083 41.919 -0.09968 -1.72212 0 43
72 173 9 1.9082 1.8956 32.621 32.136 -0.34568 -1.44612 0 43
72 115 10 2.0536 1.8932 35.593 31.883 -0.35168 -1.44012 0 43
72 115 11 1.9507 1.8932 40.701 31.883 -0.35168 -1.44012 0 43
72 145 12 2.0072 2.0424 41.501 40.617 -0.13568 -1.69212 0 43
72 135 13 2.0396 2.0313 34.225 34.127 -0.31568 -1.58412 0 43
72 116 14 1.9208 1.8932 40.282 31.883 -0.35168 -1.44012 0 43
72 135 15 2.0278 2.0313 34.374 34.127 -0.31568 -1.58412 0 43
72 140 16 2.0024 2.039 41.718 40.822 -0.12968 -1.69212 0 43
72 116 17 2.0328 1.8932 45.348 31.883 -0.35168 -1.44012 0 43
72 125 18 2.0411 2.0371 33.027 33.509 -0.33368 -1.57812 0 43
72 116 19 1.941 1.8932 40.043 31.883 -0.35168 -1.44012 0 43
72 116 20 1.9447 1.8932 45.914 31.883 -0.35168 -1.44012 0 43
72 115 21 1.9202 1.8932 47.512 31.883 -0.35168 -1.44012 0 43
72 128 22 2.0085 2.023 34.844 34.516 -0.30368 -1.58412 0 43
72 122 23 1.9291 1.8888 34.044 32.087 -0.34568 -1.44012 0 43
72 164 24 2.0557 2.0562 39.948 40.227 -0.14768 -1.69812 0 43
72 115 25 2.0498 1.8932 38.309 31.883 -0.35168 -1.44012 0 43
72 124 26 2.0541 2.0526 38.504 40.006 -0.15368 -1.69212 0 43
72 116 27 1.9637 1.8932 35.069 31.883 -0.35168 -1.44012 0 43
72 116 28 1.9712 1.8932 45.12 31.883 -0.35168 -1.44012 0 43
72 153 29 2.0245 2.0511 43.019 42.331 -0.08768 -1.72212 0 43
72 124 30 2.0291 2.0371 33.145 33.509 -0.33368 -1.57812 0 43
72 135 31 1.899 1.8448 44.703 46.214 0.02032 -1.59012 0 43
72 141 32 1.91 1.8806 36.468 37.188 -0.21368 -1.51212 0 43
72 117 33 1.9817 1.8932 35.983 31.883 -0.35168 -1.44012 0 43
72 122 34 1.9079 1.8725 38.729 38.086 -0.18968 -1.51812 0 43
72 134 35 2.024 2.0271 34.583 34.321 -0.30968 -1.58412 0 43
72 118 36 1.9349 1.8352 44.764 46.454 0.02632 -1.58412 0 43
72 136 37 2.0241 2.0313 34.239 34.127 -0.31568 -1.58412 0 43
72 116 38 1.9298 1.8932 43.511 31.883 -0.35168 -1.44012 0 43
72 116 39 2.0174 1.8932 45.993 31.883 -0.35168 -1.44012 0 43
72 159 40 1.91 1.8956 33.049 32.136 -0.34568 -1.44612 0 43
72 121 41 1.9288 1.9059 42.973 43.006 -0.06368 -1.60812 0 43
72 115 42 1.9708 1.8932 34.329 31.883 -0.35168 -1.44012 0 43
72 116 43 2.0358 2.0326 35.37 34.785 -0.29768 -1.59612 0 43
72 131 44 1.9025 1.8901 35.259 35.838 -0.24968 -1.50012 0 43
72 116 45 1.979 1.8932 42.485 31.883 -0.35168 -1.44012 0 43
72 118 46 1.9343 1.9059 42.786 43.006 -0.06368 -1.60812 0 43
72 164 47 2.0464 2.053 41.107 40.854 -0.12968 -1.70412 0 43
72 115 48 2.0092 1.8932 47.16 31.883 -0.35168 -1.44012 0 43
72 116 49 2.017 1.8932 46.125 31.883 -0.35168 -1.44012 0 43
108 115 0 1.9321 1.8932 39.045 31.883 -0.35168 -1.44012 0 43
108 120 1 2.0724 2.0395 34.976 34.822 -0.29768 -1.60212 0 43
108 166 2 1.9028 1.8762 38.105 37.868 -0.19568 -1.51812 0 43
108 116 3 2.0731 1.8932 36.078 31.883 -0.35168 -1.44012 0 43
108 116 4 1.968 1.8932 46.021 31.883 -0.35168 -1.44012 0 43
108 115 5 1.9308 1.8932 38.954 31.883 -0.35168 -1.44012 0 43
108 133 6 1.9809 2.0053 37.59 37.703 -0.21368 -1.62012 0 43
108 116 7 1.961 1.8932 41.113 31.883 -0.35168 -1.44012 0 43
108 162 8 2.0256 2.0229 37.607 37.554 -0.21968 -1.63212 0 43
108 132 9 2.047 2.0305 36.365 37.153 -0.23168 -1.63212 0 43
108 159 10 1.9033 1.9028 43.626 43.23 -0.05768 -1.60812 0 43
108 162 11 1.9173 1.8844 36.347 36.972 -0.21968 -1.51212 0 43
108 124 12 1.9472 1.8806 36.294 37.188 -0.21368 -1.51212 0 43
108 116 13 2.0004 2.0152 45.393 44.857 -0.01568 -1.72212 0 43
108 126 14 2.0381 2.0302 46.537 46.994 0.04432 -1.75812 0 43
108 168 15 2.0471 2.0355 33.843 33.934 -0.32168 -1.58412 0 43
108 200 16 2.0463 2.0492 40.106 40.209 -0.14768 -1.69212 0 43
108 149 17 1.9139 1.9083 41.752 42.327 -0.08168 -1.60212 0 43
108 115 18 1.9597 1.8932 45.153 31.883 -0.35168 -1.44012 0 43
108 159 19 2.0179 2.0387 43.93 43.163 -0.06368 -1.72212 0 43
108 137 20 1.9396 1.9129 42.947 43.015 -0.06368 -1.61412 0 43
108 115 21 1.9561 1.8932 41.081 31.883 -0.35168 -1.44012 0 43
108 116 22 1.9841 1.8888 33.176 32.087 -0.34568 -1.44012 0 43
108 121 23 1.9935 2.0128 36.738 37.297 -0.22568 -1.62012 0 43
108 138 24 1.9296 1.8762 37.608 37.868 -0.19568 -1.51812 0 43
108 123 25 2.0375 2.0273 35.953 35.409 -0.27968 -1.60212 0 43
108 142 26 1.9415 1.9024 33.17 32.184 -0.34568 -1.45212 0 43
108 128 27 2.0085 2.0422 39.137 40.191 -0.14768 -1.68612 0 43
108 120 28 1.9777 2.0511 43.766 42.331 -0.08768 -1.72212 0 43
108 197 29 2.048 2.053 41.179 40.854 -0.12968 -1.70412 0 43
108 160 30 2.0483 2.044 33.124 33.549 -0.33368 -1.58412 0 43
108 117 31 2.068 1.8932 44.777 31.883 -0.35168 -1.44012 0 43
108 146 32 1.9162 1.9028 43.744 43.23 -0.05768 -1.60812 0 43
108 198 33 2.0553 2.0492 39.855 40.209 -0.14768 -1.69212 0 43
108 119 34 1.9097 1.8688 47.346 48.523 0.08032 -1.63212 0 43
108 153 35 1.9979 2.023 34.84 34.516 -0.30368 -1.58412 0 43
108 141 36 1.9541 1.9024 32.769 32.184 -0.34568 -1.45212 0 43
108 146 37 1.9236 1.898 33.571 32.387 -0.33968 -1.45212 0 43
108 114 38 1.9466 1.8762 37.757 37.868 -0.19568 -1.51812 0 43
108 117 39 1.966 1.8932 42.429 31.883 -0.35168 -1.44012 0 43
108 120 40 1.9734 1.8888 32.983 32.087 -0.34568 -1.44012 0 43
108 156 41 2.06 2.0557 43.969 42.971 -0.06968 -1.73412 0 43
108 116 42 1.9409 1.8352 44 46.454 0.02632 -1.58412 0 43
108 125 43 1.9752 2.0176 34.384 34.049 -0.31568 -1.57212 0 43
108 138 44 1.9178 1.8998 44.01 43.454 -0.05168 -1.60812 0 43
108 172 45 2.0472 2.0557 43.761 42.971 -0.06968 -1.73412 0 43
108 137 46 2.0679 2.0714 37.852 37.74 -0.21968 -1.67412 0 43
108 159 47 2.0569 2.044 33.059 33.549 -0.33368 -1.58412 0 43
108 121 48 1.9604 1.9763 47.5 47.476 0.05632 -1.71612 0 43
108 118 49 1.9518 1.8799 36.821 37.65 -0.20168 -1.51812 0 43
143 172 0 1.9009 1.879 38.871 38.576 -0.17768 -1.53012 0 43
143 200 1 2.0523 2.0397 33.665 33.741 -0.32768 -1.58412 0 43
143 171 2 2.0646 2.064 38.28 38.135 -0.20768 -1.67412 0 43
143 120 3 1.9521 1.8956 33.731 32.136 -0.34568 -1.44612 0 43
143 170 4 1.9423 1.9191 42.441 42.57 -0.07568 -1.61412 0 43
143 151 5 1.9143 1.8545 44.897 45.976 0.01432 -1.59612 0 43
143 172 6 2.0052 2.0067 47.379 47.229 0.05032 -1.74012 0 43
143 160 7 2.0425 2.0407 44.73 44.015 -0.03968 -1.73412 0 43
143 191 8 2.0209 2.0357 43.967 43.373 -0.05768 -1.72212 0 43
143 135 9 1.991 2.0353 39.623 40.173 -0.14768 -1.68012 0 43
143 212 10 2.0132 2.039 41.261 40.822 -0.12968 -1.69212 0 43
143 161 11 1.9885 1.9908 46.549 46.808 0.03832 -1.72212 0 43
143 147 12 2.0173 2.0193 45.473 45.072 -0.00968 -1.72812 0 43
143 182 13 2.0185 2.0245 35.609 35.177 -0.28568 -1.59612 0 43
143 115 14 1.9419 1.8794 38.333 38.113 -0.18968 -1.52412 0 43
143 194 15 2.0374 2.0492 39.223 39.784 -0.15968 -1.68612 0 43
143 159 16 1.9092 1.8588 45.574 46.208 0.02032 -1.60212 0 43
143 159 17 2.0329 2.0279 44.91 44.433 -0.02768 -1.72812 0 43
143 138 18 1.9768 2.0107 36.143 35.106 -0.28568 -1.58412 0 43
143 154 19 1.9348 1.9146 41.092 41.884 -0.09368 -1.60212 0 43
143 139 20 1.994 2.0234 33.027 33.427 -0.33368 -1.56612 0 43
143 124 21 1.9364 1.8422 45.092 46.45 0.02632 -1.59012 0 43
143 210 22 2.0386 2.0457 39.482 39.987 -0.15368 -1.68612 0 43
143 154 23 2.0077 2.0004 46.091 46.585 0.03232 -1.72812 0 43
143 218 24 2.0298 2.0463 41.704 41.263 -0.11768 -1.70412 0 43
143 143 25 1.9194 1.8518 45.2 46.211 0.02032 -1.59612 0 43
143 187 26 2.0594 2.0525 32.826 33.168 -0.34568 -1.58412 0 43
143 124 27 1.9739 2.0095 36.494 35.538 -0.27368 -1.59012 0 43
143 145 28 1.902 1.8926 40.299 40.466 -0.12968 -1.56612 0 43
143 115 29 1.9288 1.8932 39.018 31.883 -0.35168 -1.44012 0 43
143 171 30 2.0615 2.0436 34.806 34.628 -0.30368 -1.60212 0 43
143 176 31 1.9206 1.9021 34.681 35.206 -0.26768 -1.50012 0 43
143 181 32 2.007 2.0418 43.676 42.954 -0.06968 -1.72212 0 43
143 167 33 1.9867 2.0148 35.419 34.909 -0.29168 -1.58412 0 43
143 232 34 2.05 2.055 42.915 42.548 -0.08168 -1.72812 0 43
143 215 35 2.0241 2.0422 40.046 40.191 -0.14768 -1.68612 0 43
143 164 36 1.9294 1.9062 34.421 34.997 -0.27368 -1.50012 0 43
143 128 37 2.0409 2.0291 45.377 44.861 -0.01568 -1.73412 0 43
143 136 38 1.9759 2.015 33.836 33.815 -0.32168 -1.56612 0 43
143 168 39 1.8995 1.8562 46.247 46.442 0.02632 -1.60212 0 43
143 133 40 1.9776 2.015 33.609 33.815 -0.32168 -1.56612 0 43
143 236 41 2.0632 2.0562 40.114 40.227 -0.14768 -1.69812 0 43
143 167 42 2.0183 2.0137 47.419 47.223 0.05032 -1.74612 0 43
143 189 43 2.0012 2.0122 37.713 37.73 -0.21368 -1.62612 0 43
143 190 44 2.0583 2.0526 38.817 39.582 -0.16568 -1.68612 0 43
143 221 45 1.9143 1.9024 32.774 32.184 -0.34568 -1.45212 0 43
143 119 46 1.9735 1.9974 39.773 38.547 -0.18968 -1.62612 0 43
143 223 47 2.0284 2.0427 41.345 41.043 -0.12368 -1.69812 0 43
143 234 48 2.0609 2.053 40.808 40.854 -0.12968 -1.70412 0 43
143 185 49 1.9995 2.0203 34.303 34.283 -0.30968 -1.57812 0 43
179 202 0 1.9889 1.9883 46.842 47.028 0.04432 -1.72212 0 43
179 161 1 1.9394 1.8869 37.4 37.679 -0.20168 -1.52412 0 43
179 153 2 1.9815 2.0365 42.742 41.883 -0.09968 -1.70412 0 43
179 212 3 2.0311 2.0422 39.175 39.765 -0.15968 -1.68012 0 43
179 166 4 1.9669 1.9983 35.086 34.6 -0.29768 -1.56612 0 43
179 208 5 1.9268 1.905 35.129 35.452 -0.26168 -1.50612 0 43
179 253 6 2.0742 2.0596 39.517 40.024 -0.15368 -1.69812 0 43
179 195 7 2.0003 2.0257 43.99 43.576 -0.05168 -1.71612 0 43
179 181 8 1.9937 2.0403 42.748 42.102 -0.09368 -1.71012 0 43
179 162 9 1.9384 1.9244 40.568 41.225 -0.11168 -1.60212 0 43
179 216 10 1.9973 2.012 35.006 34.675 -0.29768 -1.57812 0 43
179 146 11 1.9406 1.9273 39.811 40.104 -0.14168 -1.59012 0 43
179 229 12 1.9071 1.9051 42.39 42.55 -0.07568 -1.60212 0 43
179 187 13 1.9943 2.0139 44.698 44.426 -0.02768 -1.71612 0 43
179 212 14 1.9236 1.905 35.099 35.452 -0.26168 -1.50612 0 43
179 218 15 2.0239 2.0387 39.459 39.969 -0.15368 -1.68012 0 43
179 205 16 2.0137 2.0204 35.845 35.374 -0.27968 -1.59612 0 43
179 194 17 1.9183 1.9073 33.503 32.684 -0.33368 -1.46412 0 43
179 116 18 1.9357 1.8932 46.572 31.883 -0.35168 -1.44012 0 43
179 125 19 1.984 1.8956 32.659 32.136 -0.34568 -1.44612 0 43
179 187 20 1.9349 1.899 36.3 36.576 -0.23168 -1.51812 0 43
179 210 21 1.9902 1.9927 47.284 47.242 0.05032 -1.72812 0 43
179 224 22 2.0651 2.0466 33.629 33.781 -0.32768 -1.59012 0 43
179 218 23 2.0702 2.0667 38.702 39.2 -0.17768 -1.69212 0 43
179 118 24 1.9505 1.8352 44.302 46.454 0.02632 -1.58412 0 43
179 189 25 2.0631 2.0564 46.25 46.553 0.03232 -1.77612 0 43
179 212 26 2.0377 2.0305 36.717 37.153 -0.23168 -1.63212 0 43
179 262 27 2.0387 2.0505 41.894 41.907 -0.09968 -1.71612 0 43
179 263 28 2.0664 2.0619 42.817 42.558 -0.08168 -1.73412 0 43
179 155 29 2.0757 2.066 45.512 46.338 0.02632 -1.78212 0 43
179 125 30 1.9322 1.9508 47.283 47.281 0.05032 -1.69212 0 43
179 145 31 1.9578 2.001 35.541 34.836 -0.29168 -1.57212 0 43
179 210 32 1.9214 1.9021 34.792 35.206 -0.26768 -1.50012 0 43
179 191 33 2.0302 2.0258 46.401 46.784 0.03832 -1.75212 0 43
179 143 34 1.9164 1.8809 46.69 47.35 0.05032 -1.63212 0 43
179 182 35 1.9553 1.9292 41.941 42.361 -0.08168 -1.62012 0 43
179 166 36 1.9831 2.0098 44.46 44.209 -0.03368 -1.71012 0 43
179 157 37 1.9113 1.872 46.521 46.896 0.03832 -1.62012 0 43
179 136 38 2.0763 2.0411 35.463 35.477 -0.27968 -1.61412 0 43
179 187 39 2.0506 2.0343 36.255 36.953 -0.23768 -1.63212 0 43
179 118 40 1.9564 1.8352 44.056 46.454 0.02632 -1.58412 0 43
179 249 41 2.0324 2.0422 39.842 40.191 -0.14768 -1.68612 0 43
179 239 42 1.9037 1.8882 36.583 36.758 -0.22568 -1.51212 0 43
179 259 43 2.0343 2.048 42.795 42.538 -0.08168 -1.72212 0 43
179 258 44 1.9015 1.898 32.942 32.387 -0.33968 -1.45212 0 43
179 159 45 1.917 1.8685 45.412 45.972 0.01432 -1.60812 0 43
179 204 46 2.0479 2.0436 44.39 43.805 -0.04568 -1.73412 0 43
179 181 47 1.9985 2.0105 36.569 36.635 -0.24368 -1.60812 0 43
179 137 48 1.9485 1.9168 43.748 43.246 -0.05768 -1.62012 0 43
179 194 49 2.0236 2.0222 36.082 36.035 -0.26168 -1.60812 0 43
215 222 0 1.9165 1.9038 44.075 43.686 -0.04568 -1.61412 0 43
215 238 1 1.9124 1.8901 37.956 37.923 -0.19568 -1.53012 0 43
215 244 2 1.9951 2.009 37.427 37.5 -0.21968 -1.62012 0 43
215 161 3 1.979 2.034 43.158 42.518 -0.08168 -1.71012 0 43
215 199 4 1.948 1.9241 34.456 34.866 -0.27968 -1.51212 0 43
215 184 5 1.9628 1.9914 37.713 37.649 -0.21368 -1.60812 0 43
215 209 6 1.9034 1.8925 39.45 39.546 -0.15368 -1.55412 0 43
215 237 7 2.0063 2.0379 43.067 42.737 -0.07568 -1.71612 0 43
215 265 8 2.0119 2.0122 37.784 37.73 -0.21368 -1.62612 0 43
215 181 9 1.941 1.9308 39.75 39.888 -0.14768 -1.59012 0 43
215 194 10 1.9233 1.9169 39.661 39.848 -0.14768 -1.57812 0 43
215 226 11 1.9481 1.9292 42.046 42.361 -0.08168 -1.62012 0 43
215 180 12 1.9564 1.9392 34.131 34.494 -0.29168 -1.51812 0 43
215 184 13 1.9796 2.0036 36.794 36.604 -0.24368 -1.60212 0 43
215 221 14 1.9184 1.9054 33.509 33.138 -0.32168 -1.47012 0 43
215 229 15 1.9458 1.9261 42.369 42.581 -0.07568 -1.62012 0 43
215 283 16 2.0184 2.0318 40.466 40.378 -0.14168 -1.68012 0 43
215 144 17 1.9332 1.9419 46.744 46.843 0.03832 -1.68012 0 43
215 275 18 2.0162 2.0318 40.306 40.378 -0.14168 -1.68012 0 43
215 292 19 1.9106 1.898 32.678 32.387 -0.33968 -1.45212 0 43
215 163 20 1.964 1.9369 42.925 42.821 -0.06968 -1.63212 0 43
215 231 21 1.9262 1.9098 43.537 43.238 -0.05768 -1.61412 0 43
215 267 22 2.0271 2.0229 37.532 37.554 -0.21968 -1.63212 0 43
215 256 23 2.0081 2.0218 33.832 33.855 -0.32168 -1.57212 0 43
215 262 24 2.0288 2.0261 37.984 37.782 -0.21368 -1.63812 0 43
215 265 25 1.9012 1.9028 43.518 43.23 -0.05768 -1.60812 0 43
215 260 26 2.0224 2.0326 43.916 43.583 -0.05168 -1.72212 0 43
215 169 27 1.9785 2.0221 42.557 41.428 -0.11168 -1.68612 0 43
215 303 28 2.0628 2.0619 42.681 42.558 -0.08168 -1.73412 0 43
215 190 29 1.9482 1.9253 33.036 32.575 -0.33968 -1.47612 0 43
215 231 30 1.98 1.9978 38.483 38.111 -0.20168 -1.62012 0 43
215 238 31 2.0203 2.0233 35.814 35.606 -0.27368 -1.60212 0 43
215 172 32 1.9576 1.9484 40.323 40.608 -0.12968 -1.61412 0 43
215 236 33 2.0206 2.0352 39.377 39.745 -0.15968 -1.67412 0 44
215 234 34 2.0066 2.0234 33.287 33.427 -0.33368 -1.56612 0 43
215 249 35 2.002 2.009 37.278 37.5 -0.21968 -1.62012 0 43
215 137 36 1.9585 1.9959 37.033 37.009 -0.23168 -1.60212 0 43
215 240 37 1.9901 2.0051 34.834 34.638 -0.29768 -1.57212 0 43
215 199 38 1.9791 2.0148 41.648 40.983 -0.12368 -1.67412 0 43
215 199 39 1.9489 1.9269 34.726 35.11 -0.27368 -1.51812 0 43
215 239 40 2.021 2.0209 44.648 44.43 -0.02768 -1.72212 0 43
215 247 41 1.9133 1.9021 34.738 35.206 -0.26768 -1.50012 0 43
215 235 42 2.0114 2.0135 36.685 36.866 -0.23768 -1.61412 0 43
215 237 43 2.0314 2.0302 46.969 46.994 0.04432 -1.75812 0 43
215 270 44 1.904 1.8989 42.924 42.997 -0.06368 -1.60212 0 43
215 169 45 1.9567 1.9365 33.705 34.251 -0.29768 -1.51212 0 43
215 230 46 2.0138 2.0048 46.415 46.798 0.03832 -1.73412 0 43
215 240 47 2.0446 2.0305 36.656 37.153 -0.23168 -1.63212 0 43
215 190 48 2.0621 2.052 45.614 46.344 0.02632 -1.77012 0 43
215 121 49 1.9494 1.8448 44.35 46.214 0.02032 -1.59012 0 43
251 229 0 1.9868 2.0057 44.134 43.99 -0.03968 -1.70412 0 43
251 299 1 1.9182 1.909 42.649 42.783 -0.06968 -1.60812 0 43
251 306 2 2.0726 2.0666 39.137 39.621 -0.16568 -1.69812 0 44
251 203 3 1.9152 1.8955 46.443 46.649 0.03232 -1.63812 0 43
251 218 4 1.9537 1.9366 35.302 35.389 -0.26768 -1.53012 0 43
251 280 5 1.9144 1.8906 37.294 37.463 -0.20768 -1.52412 0 43
251 229 6 1.9582 1.9699 46.738 46.823 0.03832 -1.70412 0 43
251 208 7 1.946 1.9285 33.371 33.517 -0.31568 -1.49412 0 44
251 216 8 1.9426 1.909 36.543 36.852 -0.22568 -1.53012 0 43
251 234 9 2.0323 2.0278 45.518 45.501 0.00232 -1.74012 0 43
251 198 10 1.9701 1.9959 37.009 37.009 -0.23168 -1.60212 0 43
251 318 11 2.0641 2.0557 43.16 42.971 -0.06968 -1.73412 0 43
251 300 12 2.0135 2.0249 40.237 40.361 -0.14168 -1.67412 0 44
251 201 13 1.9789 2.0049 42.412 41.61 -0.10568 -1.67412 0 43
251 258 14 1.9057 1.9039 41.266 41.636 -0.09968 -1.59012 0 43
251 245 15 1.9728 1.9905 38.944 38.523 -0.18968 -1.62012 0 43
251 216 16 1.9516 1.966 38.728 38.658 -0.18368 -1.60212 0 43
251 272 17 2.0171 2.0093 46.8 47.011 0.04432 -1.74012 0 43
251 270 18 1.9133 1.8901 37.849 37.923 -0.19568 -1.53012 0 43
251 300 19 2.0539 2.0482 33.178 33.358 -0.33968 -1.58412 0 43
251 248 20 1.9997 2.0264 42.545 42.079 -0.09368 -1.69812 0 43
251 258 21 2.0174 2.0252 32.816 33 -0.34568 -1.56012 0 43
251 242 22 1.9041 1.8809 45.288 45.507 0.00232 -1.61412 0 43
251 292 23 2.0251 2.0197 37.039 37.325 -0.22568 -1.62612 0 43
251 294 24 2.0587 2.0525 32.961 33.168 -0.34568 -1.58412 0 43
251 254 25 2.0679 2.0505 34.744 34.664 -0.30368 -1.60812 0 43
251 253 26 2.0731 2.0546 34.507 34.471 -0.30968 -1.60812 0 43
251 241 27 1.9123 1.903 40.119 40.265 -0.13568 -1.57212 0 43
251 278 28 1.9873 1.9927 47.223 47.242 0.05032 -1.72812 0 43
251 283 29 2.0414 2.0362 38.176 38.035 -0.20768 -1.65012 0 44
251 259 30 1.9181 1.8901 37.782 37.923 -0.19568 -1.53012 0 43
251 280 31 2.0086 2.0192 33.509 33.62 -0.32768 -1.56612 0 43
251 245 32 2.0605 2.059 45.984 46.341 0.02632 -1.77612 0 43
251 217 33 1.9138 1.8836 45.027 45.277 -0.00368 -1.61412 0 43
251 178 34 1.9619 1.983 44.563 44.629 -0.02168 -1.69212 0 43
251 257 35 1.8978 1.8711 45.483 45.739 0.00832 -1.60812 0 43
251 298 36 2.036 2.0396 43.962 43.589 -0.05168 -1.72812 0 43
251 273 37 1.9917 2.0048 38.61 38.137 -0.20168 -1.62612 0 43
251 344 38 2.0563 2.0563 40.642 40.65 -0.13568 -1.70412 0 44
251 215 39 1.9545 1.9658 39.44 39.101 -0.17168 -1.60812 0 43
251 289 40 2.009 2.0324 41.678 41.235 -0.11768 -1.69212 0 44
251 265 41 1.997 2.0184 41.732 41.206 -0.11768 -1.68012 0 44
251 336 42 2.0419 2.048 42.648 42.538 -0.08168 -1.72212 0 44
251 238 43 1.9144 1.8929 38.66 38.627 -0.17768 -1.54212 0 43
251 272 44 1.9805 1.9858 47.096 47.248 0.05032 -1.72212 0 43
251 289 45 2.0456 2.0436 44.085 43.805 -0.04568 -1.73412 0 43
251 214 46 1.9397 1.9378 39.297 39.459 -0.15968 -1.59012 0 43
251 227 47 1.9343 1.9138 43.794 43.469 -0.05168 -1.62012 0 43
251 275 48 2.0004 2.0023 46.862 47.017 0.04432 -1.73412 0 43
251 306 49 2.0253 2.0387 39.867 39.969 -0.15368 -1.68012 0 44
287 316 0 2.0635 2.0519 34.29 34.242 -0.31568 -1.60212 0 43
287 326 1 2.0411 2.0389 32.951 33.084 -0.34568 -1.57212 0 44
287 231 2 1.9507 1.9308 43.431 43.261 -0.05768 -1.63212 0 43
287 302 3 2.0433 2.0372 46.767 46.989 0.04432 -1.76412 0 43
287 310 4 2.0122 2.0234 33.268 33.427 -0.33368 -1.56612 0 44
287 307 5 2.0708 2.0613 37.208 37.49 -0.22568 -1.66212 0 44
287 310 6 2.0102 2.0317 43.446 43.155 -0.06368 -1.71612 0 44
287 241 7 1.9112 1.8904 46.706 47.111 0.04432 -1.63812 0 44
287 368 8 2.071 2.0673 41.155 41.306 -0.11768 -1.72212 0 44
287 322 9 2.0019 2.0148 35.078 34.909 -0.29168 -1.58412 0 43
287 247 10 1.9746 1.9831 39.742 39.376 -0.16568 -1.62612 0 44
287 316 11 1.9897 1.9927 47.248 47.242 0.05032 -1.72812 0 43
287 267 12 1.9502 1.9351 41.04 41.473 -0.10568 -1.61412 0 44
287 266 13 2.0609 2.0411 35.435 35.477 -0.27968 -1.61412 0 43
287 360 14 2.0227 2.0354 40.883 40.601 -0.13568 -1.68612 0 44
287 255 15 1.9747 1.9902 33.831 33.89 -0.31568 -1.54812 0 44
287 230 16 1.9857 2.013 42.899 42.488 -0.08168 -1.69212 0 44
287 331 17 2.006 2.0161 34.641 34.479 -0.30368 -1.57812 0 43
287 251 18 1.9117 1.8906 45.162 45.278 -0.00368 -1.62012 0 43
287 315 19 2.0638 2.0669 38.641 38.779 -0.18968 -1.68612 0 44
287 336 20 2.0134 2.0189 34.896 34.712 -0.29768 -1.58412 0 43
287 356 21 2.0322 2.0449 42.975 42.746 -0.07568 -1.72212 0 44
287 286 22 1.9083 1.8929 38.579 38.627 -0.17768 -1.54212 0 44
287 308 23 2.0692 2.0519 34.181 34.242 -0.31568 -1.60212 0 43
287 257 24 1.9914 2.0117 43.626 43.564 -0.05168 -1.70412 0 43
287 269 25 1.9732 1.9869 39.224 38.73 -0.18368 -1.62012 0 44
287 287 26 2.0171 2.0216 39.093 38.845 -0.18368 -1.65012 0 44
287 299 27 2.0334 2.0355 38.868 38.89 -0.18368 -1.66212 0 44
287 251 28 1.9486 1.9346 32.989 32.867 -0.33368 -1.48812 0 44
287 327 29 1.9106 1.9028 43.453 43.23 -0.05768 -1.60812 0 44
287 293 30 1.9882 1.9974 38.91 38.547 -0.18968 -1.62612 0 44
287 232 31 1.9478 1.9237 36.304 36.463 -0.23768 -1.53612 0 44
287 242 32 1.9541 1.9482 40.082 40.161 -0.14168 -1.60812 0 44
287 284 33 2.0144 2.0084 45.824 45.933 0.01432 -1.72812 0 44
287 321 34 1.9149 1.9114 41.856 42.105 -0.08768 -1.60212 0 44
287 239 35 1.9682 1.9872 44.912 44.849 -0.01568 -1.69812 0 43
287 276 36 1.9841 1.9914 45.145 45.068 -0.00968 -1.70412 0 43
287 317 37 1.9075 1.9044 41.874 42.093 -0.08768 -1.59612 0 44
287 261 38 1.9089 1.8864 44.974 45.048 -0.00968 -1.61412 0 44
287 310 39 2.0664 2.0636 38.465 38.557 -0.19568 -1.68012 0 44
287 367 40 2.0431 2.0518 42.898 42.755 -0.07568 -1.72812 0 44
287 311 41 1.9186 1.9062 34.798 34.997 -0.27368 -1.50012 0 44
287 263 42 1.9022 1.8815 46.518 46.659 0.03232 -1.62612 0 44
287 308 43 2.0164 2.0204 35.767 35.374 -0.27968 -1.59612 0 43
287 332 44 2.0101 2.0287 41.401 41.013 -0.12368 -1.68612 0 44
287 309 45 2.0307 2.0273 35.667 35.409 -0.27968 -1.60212 0 43
287 239 46 1.93 1.9035 38.207 38.435 -0.18368 -1.54812 0 44
287 213 47 1.9552 1.9704 45.068 45.064 -0.00968 -1.68612 0 43
287 242 48 1.9138 1.8894 45.65 45.966 0.01432 -1.62612 0 43
287 254 49 1.9569 1.9516 34.931 35.016 -0.27968 -1.53612 0 44
323 330 0 2.0271 2.0322 38.924 38.665 -0.18968 -1.65612 0 44
323 356 1 1.9963 2.0085 38.12 37.933 -0.20768 -1.62612 0 44
323 326 2 1.9252 1.9021 36.613 36.821 -0.22568 -1.52412 0 44
323 318 3 2.0041 2.0264 42.563 42.079 -0.09368 -1.69812 0 44
323 301 4 1.9174 1.9099 39.571 39.828 -0.14768 -1.57212 0 44
323 368 5 1.9061 1.896 36.088 36.331 -0.23768 -1.51212 0 44
323 352 6 1.9939 2.0015 38.168 37.907 -0.20768 -1.62012 0 44
323 300 7 1.9724 1.9901 35.291 34.998 -0.28568 -1.56612 0 44
323 307 8 1.984 1.9942 44.904 44.851 -0.01568 -1.70412 0 43
323 243 9 1.9496 1.9267 36.648 36.704 -0.23168 -1.54212 0 44
323 358 10 2.0352 2.0354 35.197 35.017 -0.29168 -1.60212 0 44
323 295 11 1.9401 1.9207 36.066 36.22 -0.24368 -1.53012 0 44
323 395 12 2.0349 2.0435 42.078 41.895 -0.09968 -1.71012 0 44
323 322 13 1.9053 1.8929 38.692 38.627 -0.17768 -1.54212 0 44
323 307 14 1.937 1.9244 40.851 41.225 -0.11168 -1.60212 0 44
323 412 15 2.0698 2.0683 42.109 42.147 -0.09368 -1.73412 0 44
323 297 16 1.9451 1.9321 32.91 32.621 -0.33968 -1.48212 0 44
323 263 17 1.9823 1.9984 42.524 42.033 -0.09368 -1.67412 0 44
323 290 18 1.9684 1.9663 41.276 41.315 -0.11168 -1.63812 0 44
323 299 19 1.9712 1.9776 34.508 34.486 -0.29768 -1.54812 0 44
323 285 20 1.9822 2.0006 36.559 36.371 -0.24968 -1.59612 0 44
323 353 21 2.0479 2.0528 38.971 39.158 -0.17768 -1.68012 0 44
323 249 22 1.9625 1.9808 36.287 35.837 -0.26168 -1.57212 0 44
323 287 23 1.955 1.966 38.648 38.658 -0.18368 -1.60212 0 44
323 314 24 2.0214 2.0181 45.71 45.716 0.00832 -1.73412 0 44
323 295 25 1.9644 1.9751 46.297 46.38 0.02632 -1.70412 0 44
323 343 26 1.9919 2.0051 34.932 34.638 -0.29768 -1.57212 0 44
323 300 27 1.9803 1.999 37.182 37.241 -0.22568 -1.60812 0 44
323 382 28 2.0325 2.0387 43.458 43.163 -0.06368 -1.72212 0 44
323 395 29 2.0402 2.0488 43.073 42.962 -0.06968 -1.72812 0 44
323 363 30 2.0048 2.0134 34.307 34.245 -0.30968 -1.57212 0 44
323 297 31 1.925 1.9108 44.057 43.692 -0.04568 -1.62012 0 44
323 395 32 2.076 2.0631 40.179 40.244 -0.14768 -1.70412 0 44
323 292 33 1.971 1.9788 45.52 45.503 0.00232 -1.69812 0 43
323 295 34 1.9562 1.9699 46.865 46.823 0.03832 -1.70412 0 44
323 276 35 1.9583 1.9501 32.79 32.513 -0.34568 -1.49412 0 44
323 326 36 2.0117 2.0096 45.386 45.286 -0.00368 -1.72212 0 44
323 330 37 2.0534 2.0412 36.586 36.982 -0.23768 -1.63812 0 44
323 305 38 1.9102 1.895 44.553 44.364 -0.02768 -1.61412 0 44
323 310 39 2.0335 2.024 45.957 46.357 0.02632 -1.74612 0 44
323 352 40 2.061 2.0477 34.335 34.434 -0.30968 -1.60212 0 44
323 280 41 1.9649 1.9502 42.335 42.394 -0.08168 -1.63812 0 44
323 354 42 1.9982 2.012 34.924 34.675 -0.29768 -1.57812 0 44
323 385 43 2.0323 2.0387 43.368 43.163 -0.06368 -1.72212 0 44
323 280 44 1.9346 1.9344 39.054 39.223 -0.16568 -1.58412 0 44
323 323 45 2.003 2.0084 36.173 35.97 -0.26168 -1.59612 0 44
323 347 46 2.0666 2.064 38.075 38.135 -0.20768 -1.67412 0 44
323 402 47 2.0282 2.0354 40.788 40.601 -0.13568 -1.68612 0 44
323 242 48 1.9559 1.9634 44.929 45.063 -0.00968 -1.68012 0 43
323 310 49 1.9919 2.0028 44.22 44.204 -0.03368 -1.70412 0 44
359 364 0 1.9168 1.9123 33.348 33.182 -0.32168 -1.47612 0 44
359 382 1 1.9957 2.0024 34.414 34.403 -0.30368 -1.56612 0 44
359 404 2 2.0551 2.045 34.089 34.204 -0.31568 -1.59612 0 44
359 387 3 1.9985 2.0093 34.439 34.441 -0.30368 -1.57212 0 44
359 274 4 1.9681 1.9818 44.211 44.192 -0.03368 -1.68612 0 44
359 410 5 2.0491 2.0482 33.307 33.358 -0.33968 -1.58412 0 44
359 350 6 1.9423 1.9351 41.218 41.473 -0.10568 -1.61412 0 44
359 377 7 1.9004 1.9007 41.722 41.858 -0.09368 -1.59012 0 44
359 450 8 2.0469 2.0494 40.56 40.634 -0.13568 -1.69812 0 44
359 348 9 2.0268 2.0197 46.004 46.145 0.02032 -1.74012 0 44
359 366 10 2.0638 2.0627 47.283 47.18 0.05032 -1.78812 -0 44
359 440 11 2.0685 2.0599 40.794 40.869 -0.12968 -1.71012 0 44
359 372 12 2.0576 2.0538 46.516 46.765 0.03832 -1.77612 -0 44
359 363 13 1.9321 1.9248 41.315 41.677 -0.09968 -1.60812 0 44
359 313 14 2.0729 2.0561 35.108 35.122 -0.29168 -1.62012 0 44
359 380 15 1.9229 1.9098 43.31 43.238 -0.05768 -1.61412 0 44
359 367 16 1.9299 1.9188 35.481 35.524 -0.26168 -1.51812 0 44
359 445 17 2.0613 2.0619 42.596 42.558 -0.08168 -1.73412 0 44
359 449 18 2.0445 2.0494 40.625 40.634 -0.13568 -1.69812 0 44
359 384 19 2.0739 2.0667 43.449 43.194 -0.06368 -1.74612 0 44
359 258 20 1.9541 1.962 44.54 44.621 -0.02168 -1.67412 0 44
359 326 21 1.9635 1.9593 41.152 41.3 -0.11168 -1.63212 0 44
359 362 22 1.9252 1.9166 33.145 32.979 -0.32768 -1.47612 0 44
359 407 23 1.9002 1.902 42.725 42.773 -0.06968 -1.60212 0 44
359 396 24 2.0574 2.0597 38.954 39.179 -0.17768 -1.68612 0 44
359 341 25 1.9776 1.9831 45.771 45.721 0.00832 -1.70412 0 44
359 289 26 1.9744 1.9706 32.767 32.65 -0.34568 -1.51212 0 44
359 305 27 1.9718 1.992 37.203 37.212 -0.22568 -1.60212 0 44
359 357 28 2.0116 2.0084 45.907 45.933 0.01432 -1.72812 0 44
359 348 29 1.8994 1.896 39.773 39.787 -0.14768 -1.56012 0 44
359 323 30 1.9929 2.0156 42.374 41.846 -0.09968 -1.68612 0 44
359 284 31 1.9409 1.9471 46.437 46.394 0.02632 -1.68012 0 44
359 314 32 1.9424 1.9449 38.969 39.033 -0.17168 -1.59012 0 44
359 378 33 2.0049 2.0048 46.694 46.798 0.03832 -1.73412 0 44
359 363 34 1.9104 1.9048 34.12 34.295 -0.29168 -1.48812 0 44
359 407 35 1.91 1.9059 43.112 43.006 -0.06368 -1.60812 0 44
359 326 36 1.9552 1.966 38.745 38.658 -0.18368 -1.60212 0 44
359 374 37 1.9989 2.0081 33.766 33.775 -0.32168 -1.56012 0 44
359 411 38 1.9022 1.9004 33.064 32.638 -0.33368 -1.45812 0 44
359 359 39 1.9937 1.9984 45.134 45.069 -0.00968 -1.71012 0 44
359 358 40 2.0481 2.0342 35.518 35.443 -0.27968 -1.60812 0 44
359 397 41 2.056 2.045 34.285 34.204 -0.31568 -1.59612 0 44
359 419 42 2.0312 2.0313 34.099 34.127 -0.31568 -1.58412 0 44
359 324 43 1.9473 1.938 40.631 40.807 -0.12368 -1.60812 0 44
359 408 44 2.0478 2.0409 34.345 34.397 -0.30968 -1.59612 0 44
359 288 45 2.0735 2.0538 35.703 35.967 -0.26768 -1.63212 0 44
359 316 46 1.9694 1.9723 33.922 34.008 -0.30968 -1.53612 0 44
359 312 47 1.9444 1.9311 33.574 33.762 -0.30968 -1.50012 0 44
359 438 48 2.0691 2.0599 40.848 40.869 -0.12968 -1.71012 0 44
359 334 49 1.9459 1.9321 32.828 32.621 -0.33968 -1.48212 0 44
394 396 0 1.9947 1.996 46.191 46.37 0.02632 -1.72212 0 44
394 393 1 2.005 2.0114 36.303 36.202 -0.25568 -1.60212 0 44
394 304 2 1.9429 1.9508 45.523 45.504 0.00232 -1.67412 0 44
394 469 3 2.0265 2.0354 40.835 40.601 -0.13568 -1.68612 0 44
394 360 4 1.9784 1.992 37.189 37.212 -0.22568 -1.60212 0 44
394 399 5 1.9826 1.9864 46.576 46.593 0.03232 -1.71612 0 44
394 378 6 1.9295 1.909 36.639 36.852 -0.22568 -1.53012 0 44
394 376 7 1.9799 1.986 34.072 34.088 -0.30968 -1.54812 0 44
394 423 8 2.0195 2.0234 33.218 33.427 -0.33368 -1.56612 0 44
394 352 9 1.9786 1.9831 40.245 40.254 -0.14168 -1.63812 0 44
394 313 10 1.9526 1.9414 36.33 36.319 -0.24368 -1.54812 0 44
394 474 11 2.0644 2.0596 39.8 40.024 -0.15368 -1.69812 -0 45
394 380 12 1.9548 1.9623 47.478 47.491 0.05632 -1.70412 0 44
394 424 13 2.0336 2.0337 44.29 44.01 -0.03968 -1.72812 0 44
394 407 14 1.9208 1.9059 36.476 36.609 -0.23168 -1.52412 0 44
394 423 15 1.9173 1.9079 35.636 35.698 -0.25568 -1.51212 0 44
394 401 16 2.0717 2.0652 46.84 46.968 0.04432 -1.78812 -0 44
394 465 17 1.9105 1.9048 32.627 32.435 -0.33968 -1.45812 0 44
394 337 18 1.951 1.9422 33.503 33.602 -0.31568 -1.50612 0 44
394 481 19 2.0395 2.046 40.926 40.838 -0.12968 -1.69812 -0 45
394 435 20 1.9073 1.899 36.376 36.576 -0.23168 -1.51812 0 44
394 368 21 1.9514 1.9433 32.662 32.467 -0.34568 -1.48812 0 44
394 434 22 2.0105 2.0148 35.109 34.909 -0.29168 -1.58412 0 44
394 319 23 1.9821 2.0007 43.521 43.337 -0.05768 -1.69212 0 44
394 336 24 1.9335 1.9218 44.05 43.928 -0.03968 -1.63212 0 44
394 354 25 1.9777 1.9917 36.067 35.67 -0.26768 -1.57812 0 44
394 431 26 2.0637 2.0534 33.663 33.82 -0.32768 -1.59612 0 44
394 391 27 1.9036 1.8929 38.68 38.627 -0.17768 -1.54212 0 44
394 417 28 2.0336 2.0274 36.668 36.924 -0.23768 -1.62612 0 44
394 358 29 1.9542 1.947 42.727 42.611 -0.07568 -1.63812 0 44
394 368 30 1.9709 1.9804 45.971 45.94 0.01432 -1.70412 0 44
394 355 31 1.9067 1.8938 46.066 46.193 0.02032 -1.63212 0 44
394 487 32 2.0513 2.0527 40.369 40.43 -0.14168 -1.69812 -0 45
394 392 33 1.909 1.9021 33.866 34.047 -0.29768 -1.48212 0 44
394 389 34 2.0576 2.059 46.161 46.341 0.02632 -1.77612 -0 44
394 412 35 2.0308 2.0289 38.571 38.439 -0.19568 -1.65012 0 45
394 405 36 1.9137 1.9076 34.372 34.542 -0.28568 -1.49412 0 44
394 327 37 1.9296 1.9298 47.154 47.301 0.05032 -1.67412 0 44
394 338 38 1.9156 1.9004 45.045 45.051 -0.00968 -1.62612 0 44
394 379 39 2.0649 2.052 36.48 36.814 -0.24368 -1.64412 0 44
394 373 40 1.9993 2.0074 39.62 39.666 -0.15968 -1.65012 0 44
394 351 41 1.9826 2.0006 36.566 36.371 -0.24968 -1.59612 0 44
394 408 42 2.0771 2.0682 37.25 37.516 -0.22568 -1.66812 0 44
394 382 43 2.008 2.0144 39.375 39.254 -0.17168 -1.65012 0 44
394 390 44 1.9896 1.9944 45.953 45.937 0.01432 -1.71612 0 44
394 386 45 2.0669 2.066 46.098 46.338 0.02632 -1.78212 -0 44
394 412 46 2.0136 2.0118 46.7 46.794 0.03832 -1.74012 0 44
394 314 47 1.9404 1.9471 46.29 46.394 0.02632 -1.68012 0 44
394 344 48 1.9095 1.8999 46.631 46.875 0.03832 -1.64412 0 44
394 369 49 2.0362 2.0293 45.696 45.928 0.01432 -1.74612 0 44
430 418 0 1.8975 1.8836 45.091 45.277 -0.00368 -1.61412 0 44
430 374 1 1.9751 1.9859 44.461 44.412 -0.02768 -1.69212 0 44
430 391 2 1.983 1.9976 36.386 36.138 -0.25568 -1.59012 0 44
430 374 3 1.9126 1.9008 46.005 46.19 0.02032 -1.63812 0 44
430 430 4 2.0744 2.0722 47.091 46.963 0.04432 -1.79412 -0 44
430 469 5 2.0088 2.009 37.435 37.5 -0.21968 -1.62012 0 44
430 402 6 1.9835 1.9986 36.036 35.704 -0.26768 -1.58412 0 44
430 373 7 1.9781 1.9845 42.256 42.009 -0.09368 -1.66212 0 45
430 418 8 2.0227 2.0154 45.818 45.931 0.01432 -1.73412 0 44
430 449 9 2.0241 2.0207 47.128 47.216 0.05032 -1.75212 -0 44
430 370 10 1.9523 1.9465 33.351 33.401 -0.32168 -1.50612 0 45
430 427 11 1.9224 1.9051 36.919 37.065 -0.21968 -1.53012 0 44
430 422 12 1.9873 1.9901 45.727 45.72 0.00832 -1.71012 0 44
430 515 13 2.0551 2.0492 40.024 40.209 -0.14768 -1.69212 -0 45
430 357 14 1.9219 1.9147 46.052 46.185 0.02032 -1.65012 0 44
430 417 15 1.9614 1.9673 47.107 47.045 0.04432 -1.70412 0 44
430 411 16 1.899 1.8906 45.285 45.278 -0.00368 -1.62012 0 44
430 348 17 2.0756 2.0607 35.696 35.999 -0.26768 -1.63812 0 44
430 476 18 2.0449 2.0414 33.125 33.317 -0.33968 -1.57812 0 44
430 476 19 2.0554 2.0562 39.142 39.38 -0.17168 -1.68612 -0 45
430 335 20 1.9481 1.9423 37.656 37.901 -0.20168 -1.57212 0 44
430 518 21 2.0645 2.064 41.454 41.509 -0.11168 -1.72212 -0 45
430 347 22 1.9444 1.9318 43.854 43.711 -0.04568 -1.63812 0 44
430 406 23 1.9297 1.9275 40.453 40.556 -0.12968 -1.59612 0 44
430 389 24 1.9942 2.0077 43.396 43.344 -0.05768 -1.69812 0 44
430 470 25 2.0393 2.0367 37.439 37.608 -0.21968 -1.64412 0 44
430 483 26 2.0223 2.0324 41.521 41.235 -0.11768 -1.69212 -0 45
430 470 27 1.9219 1.9191 42.559 42.57 -0.07568 -1.61412 0 44
430 450 28 2.0766 2.0752 37.489 37.543 -0.22568 -1.67412 -0 45
430 329 29 1.9533 1.9568 37.383 37.51 -0.21368 -1.57812 0 44
430 461 30 2.0652 2.0568 32.884 32.978 -0.35168 -1.58412 0 44
430 462 31 2.0187 2.034 42.652 42.518 -0.08168 -1.71012 -0 45
430 478 32 2.0128 2.0161 34.576 34.479 -0.30368 -1.57812 0 44
430 418 33 2.0143 2.0184 32.748 32.957 -0.34568 -1.55412 0 44
430 407 34 1.9424 1.9321 32.86 32.621 -0.33968 -1.48212 0 45
430 382 35 2.0621 2.06 45.465 45.71 0.00832 -1.77012 -0 44
430 372 36 1.9917 1.9979 32.778 32.827 -0.34568 -1.53612 0 44
430 417 37 1.9353 1.9213 34.357 34.621 -0.28568 -1.50612 0 45
430 495 38 2.0214 2.032 41.059 40.807 -0.12968 -1.68612 -0 45
430 361 39 1.96 1.9576 33.151 33.244 -0.32768 -1.51212 0 45
430 458 40 2.0621 2.0575 37.594 37.688 -0.21968 -1.66212 0 45
430 438 41 2.0113 2.0302 42.495 42.299 -0.08768 -1.70412 0 45
430 459 42 2.013 2.0221 41.673 41.428 -0.11168 -1.68612 -0 45
430 456 43 2.0388 2.0313 35.288 35.212 -0.28568 -1.60212 0 44
430 382 44 2.0615 2.0571 44.882 44.868 -0.01568 -1.75812 0 44
430 414 45 1.901 1.8925 39.405 39.546 -0.15368 -1.55412 0 44
430 394 46 1.9231 1.9205 39.123 39.178 -0.16568 -1.57212 0 44
430 346 47 1.9275 1.9186 45.117 45.28 -0.00368 -1.64412 0 44
430 505 48 1.909 1.9048 32.574 32.435 -0.33968 -1.45812 0 45
430 417 49 1.9219 1.9045 37.336 37.521 -0.20768 -1.53612 0 44
466 515 0 2.0135 2.0251 41.044 40.791 -0.12968 -1.68012 -0 45
466 407 1 1.9125 1.9025 46.589 46.645 0.03232 -1.64412 0 45
466 451 2 1.9221 1.9174 33.594 33.678 -0.30968 -1.48812 0 45
466 560 3 2.0612 2.0613 42.122 42.136 -0.09368 -1.72812 -0 45
466 418 4 1.9781 1.9946 36.158 35.904 -0.26168 -1.58412 0 45
466 452 5 1.9488 1.9388 41.403 41.704 -0.09968 -1.62012 0 45
466 508 6 2.0262 2.0285 35.168 34.981 -0.29168 -1.59612 0 44
466 374 7 1.9321 1.9271 45.531 45.73 0.00832 -1.65612 0 44
466 469 8 1.9947 2.0026 35.672 35.504 -0.27368 -1.58412 0 45
466 494 9 2.0315 2.0325 38.319 38.237 -0.20168 -1.65012 0 45
466 453 10 1.9787 1.9914 34.679 34.563 -0.29768 -1.56012 0 45
466 550 11 2.0718 2.0677 41.647 41.726 -0.10568 -1.72812 -0 45
466 417 12 1.9645 1.9654 33.923 33.968 -0.30968 -1.53012 0 45
466 385 13 1.9702 1.9789 44.276 44.409 -0.02768 -1.68612 0 44
466 453 14 1.9976 2.0045 36.327 36.17 -0.25568 -1.59612 0 44
466 480 15 2.0068 2.0139 44.477 44.426 -0.02768 -1.71612 0 44
466 472 16 2.0645 2.0634 46.474 46.549 0.03232 -1.78212 -0 44
466 416 17 2.0639 2.0498 35.93 36.163 -0.26168 -1.63212 0 45
466 432 18 1.9573 1.9588 39.163 39.079 -0.17168 -1.60212 0 45
466 379 19 1.9651 1.9579 43.057 42.848 -0.06968 -1.65012 0 45
466 490 20 2.0704 2.0669 38.596 38.779 -0.18968 -1.68612 -0 45
466 480 21 1.9395 1.9292 42.261 42.361 -0.08168 -1.62012 0 45
466 535 22 2.0466 2.0488 43.211 42.962 -0.06968 -1.72812 -0 45
466 492 23 2.0483 2.0443 37.026 37.209 -0.23168 -1.64412 0 45
466 444 24 1.9717 1.9763 39.042 38.914 -0.17768 -1.61412 0 45
466 486 25 1.9907 1.9946 37.858 37.88 -0.20768 -1.61412 0 44
466 368 26 1.9555 1.9487 43.604 43.504 -0.05168 -1.65012 0 44
466 422 27 1.9615 1.957 34.177 34.37 -0.29768 -1.53012 0 45
466 488 28 2.0047 2.0135 35.441 35.34 -0.27968 -1.59012 0 44
466 492 29 2.0631 2.0645 37.686 37.714 -0.21968 -1.66812 -0 45
466 447 30 1.9915 1.9997 36.819 36.806 -0.23768 -1.60212 0 45
466 441 31 1.899 1.8851 45.65 45.737 0.00832 -1.62012 0 45
466 489 32 1.9154 1.9029 36.278 36.364 -0.23768 -1.51812 0 45
466 459 33 1.9053 1.8979 44.366 44.137 -0.03368 -1.61412 0 45
466 389 34 1.9453 1.9348 43.703 43.49 -0.05168 -1.63812 0 44
466 494 35 2.0299 2.032 32.965 33.042 -0.34568 -1.56612 0 45
466 375 36 1.9724 1.9847 43.954 43.975 -0.03968 -1.68612 0 44
466 489 37 2.0625 2.0607 38.033 37.912 -0.21368 -1.66812 -0 45
466 377 38 1.931 1.9271 45.735 45.73 0.00832 -1.65612 0 44
466 508 39 2.0323 2.0367 43.916 43.799 -0.04568 -1.72812 -0 45
466 419 40 1.9098 1.8976 45.21 45.278 -0.00368 -1.62612 0 45
466 430 41 1.9705 1.9749 34.16 34.248 -0.30368 -1.54212 0 45
466 397 42 1.9862 1.9886 32.555 32.544 -0.35168 -1.52412 0 45
466 396 43 1.9249 1.9253 47.019 47.08 0.04432 -1.66812 0 45
466 428 44 1.9842 1.99 40.178 40.272 -0.14168 -1.64412 0 45
466 469 45 1.9869 1.9983 34.602 34.6 -0.29768 -1.56612 0 45
466 474 46 2.0162 2.0209 32.996 33.192 -0.33968 -1.56012 0 45
466 512 47 1.9127 1.9073 32.869 32.684 -0.33368 -1.46412 0 45
466 384 48 1.9427 1.9349 38.07 38.324 -0.18968 -1.57212 0 45
466 491 49 1.916 1.9068 36.044 36.153 -0.24368 -1.51812 0 45
502 512 0 1.9 1.9012 33.54 33.343 -0.31568 -1.47012 0 45
502 508 1 2.0453 2.0381 36.573 36.755 -0.24368 -1.63212 0 45
502 546 2 2.0134 2.0176 34.019 34.049 -0.31568 -1.57212 0 45
502 473 3 1.9367 1.9296 33.973 34.211 -0.29768 -1.50612 0 45
502 477 4 1.9567 1.9458 41.498 41.718 -0.09968 -1.62612 0 45
502 443 5 1.9783 1.9859 44.298 44.412 -0.02768 -1.69212 0 45
502 561 6 2.0342 2.0387 43.321 43.163 -0.06368 -1.72212 -0 45
502 560 7 2.0232 2.0318 40.286 40.378 -0.14168 -1.68012 -0 45
502 408 8 1.9436 1.929 37.291 37.396 -0.21368 -1.55412 0 45
502 494 9 1.9879 1.9952 37.306 37.444 -0.21968 -1.60812 0 45
502 421 10 1.9529 1.9522 36.24 36.145 -0.24968 -1.55412 0 45
502 555 11 2.018 2.0249 40.414 40.361 -0.14168 -1.67412 -0 45
502 453 12 1.9075 1.8964 45.735 45.964 0.01432 -1.63212 0 45
502 570 13 2.0282 2.0357 41.233 41.028 -0.12368 -1.69212 -0 45
502 484 14 1.9683 1.9724 46.652 46.601 0.03232 -1.70412 0 45
502 497 15 2.0179 2.017 46.164 46.36 0.02632 -1.74012 -0 45
502 587 16 2.0477 2.0492 40.074 40.209 -0.14768 -1.69212 -0 46
502 506 17 2.0348 2.0282 36.292 36.496 -0.24968 -1.62012 0 45
502 471 18 1.9262 1.9083 37.219 37.308 -0.21368 -1.53612 0 45
502 490 19 1.9171 1.9106 33.663 33.635 -0.30968 -1.48212 0 45
502 523 20 2.0087 2.0123 33.558 33.58 -0.32768 -1.56012 0 45
502 523 21 2.0152 2.0137 47.182 47.223 0.05032 -1.74612 -0 45
502 500 22 2.0027 2.0113 38.903 38.595 -0.18968 -1.63812 0 45
502 517 23 1.9308 1.9286 41.759 41.91 -0.09368 -1.61412 0 45
502 485 24 2.0059 2.0143 39.581 39.686 -0.15968 -1.65612 0 45
502 503 25 2.0434 2.0419 44.605 44.44 -0.02768 -1.74012 -0 45
502 454 26 1.983 1.9967 36.614 36.573 -0.24368 -1.59612 0 45
502 477 27 1.9862 1.9959 37.069 37.009 -0.23168 -1.60212 0 45
502 497 28 2.014 2.0252 32.942 33 -0.34568 -1.56012 0 45
502 516 29 1.9112 1.8975 37.386 37.492 -0.20768 -1.53012 0 45
502 539 30 1.9236 1.9191 42.579 42.57 -0.07568 -1.61412 0 45
502 559 31 2.0431 2.0424 33.914 33.973 -0.32168 -1.59012 0 45
502 515 32 1.9388 1.9292 42.289 42.361 -0.08168 -1.62012 0 45
502 532 33 2.0427 2.0432 38.119 38.061 -0.20768 -1.65612 0 45
502 518 34 2.0344 2.0347 47.308 47.204 0.05032 -1.76412 -0 45
502 436 35 1.9807 1.9917 43.996 43.98 -0.03968 -1.69212 0 45
502 489 36 1.8976 1.8995 40.04 40.026 -0.14168 -1.56612 0 45
502 497 37 1.986 1.9928 34.128 34.128 -0.30968 -1.55412 0 45
502 509 38 2.0381 2.0302 35.686 35.64 -0.27368 -1.60812 0 45
502 507 39 1.9003 1.9007 34.323 34.502 -0.28568 -1.48812 0 45
502 483 40 1.9245 1.9205 40.399 40.538 -0.12968 -1.59012 0 45
502 418 41 1.9463 1.9336 36.648 36.736 -0.23168 -1.54812 0 45
502 504 42 1.9717 1.9743 46.998 47.039 0.04432 -1.71012 0 45
502 531 43 2.0595 2.0568 32.75 32.978 -0.35168 -1.58412 0 45
502 592 44 2.0459 2.0458 40.38 40.413 -0.14168 -1.69212 -0 45
502 531 45 2.0236 2.0238 44.292 44.217 -0.03368 -1.72212 -0 45
502 511 46 2.0655 2.0582 36.986 37.265 -0.23168 -1.65612 -0 45
502 447 47 1.9645 1.9751 35.659 35.364 -0.27368 -1.56012 0 45
502 525 48 2.0138 2.015 38.537 38.39 -0.19568 -1.63812 0 45
502 507 49 1.9811 1.9872 38.36 38.292 -0.19568 -1.61412 0 45
