34 92 0 1.544 1.4433 -113.111 -117.532 -1.32716 -0.23683 -0 40
34 92 1 1.4723 1.4433 -106.201 -117.532 -1.32716 -0.23683 -0 40
34 92 2 1.5096 1.4433 -105.059 -117.532 -1.32716 -0.23683 -0 40
34 93 3 1.5617 1.4433 -110.801 -117.532 -1.32716 -0.23683 -0 40
34 92 4 1.4948 1.4433 -106.705 -117.532 -1.32716 -0.23683 -0 40
34 92 5 1.5487 1.4433 -114.783 -117.532 -1.32716 -0.23683 -0 40
34 92 6 1.535 1.4433 -104.29 -117.532 -1.32716 -0.23683 -0 40
34 92 7 1.5061 1.4433 -112.448 -117.532 -1.32716 -0.23683 -0 40
34 92 8 1.5381 1.4433 -108.414 -117.532 -1.32716 -0.23683 -0 40
34 92 9 1.5605 1.4433 -102.345 -117.532 -1.32716 -0.23683 -0 40
34 93 10 1.5747 1.4433 -111.929 -117.532 -1.32716 -0.23683 -0 40
34 92 11 1.5611 1.4433 -109.097 -117.532 -1.32716 -0.23683 -0 40
34 93 12 1.5681 1.4433 -110.301 -117.532 -1.32716 -0.23683 -0 40
34 92 13 1.5125 1.4433 -113.814 -117.532 -1.32716 -0.23683 -0 40
34 93 14 1.5553 1.4433 -109.093 -117.532 -1.32716 -0.23683 -0 40
34 92 15 1.505 1.4433 -112.646 -117.532 -1.32716 -0.23683 -0 40
34 92 16 1.4794 1.4433 -105.955 -117.532 -1.32716 -0.23683 -0 40
34 92 17 1.5902 1.4433 -113.523 -117.532 -1.32716 -0.23683 -0 40
34 92 18 1.5489 1.4433 -104.145 -117.532 -1.32716 -0.23683 -0 40
34 93 19 1.5973 1.4433 -109.875 -117.532 -1.32716 -0.23683 -0 40
34 93 20 1.5774 1.4433 -115.139 -117.532 -1.32716 -0.23683 -0 40
34 93 21 1.558 1.4433 -109.373 -117.532 -1.32716 -0.23683 -0 40
34 93 22 1.5144 1.4433 -101 -117.532 -1.32716 -0.23683 -0 40
34 92 23 1.5198 1.4433 -104.013 -117.532 -1.32716 -0.23683 -0 40
34 92 24 1.6019 1.4433 -107.28 -117.532 -1.32716 -0.23683 -0 40
34 93 25 1.5821 1.4433 -100.53 -117.532 -1.32716 -0.23683 -0 40
34 93 26 1.4809 1.4433 -103.395 -117.532 -1.32716 -0.23683 -0 40
34 93 27 1.5772 1.4433 -113.632 -117.532 -1.32716 -0.23683 -0 40
34 92 28 1.5271 1.4433 -110.49 -117.532 -1.32716 -0.23683 -0 40
34 91 29 1.5909 1.4433 -112.843 -117.532 -1.32716 -0.23683 -0 40
34 92 30 1.4882 1.4433 -110.656 -117.532 -1.32716 -0.23683 -0 40
34 92 31 1.5411 1.4433 -104.185 -117.532 -1.32716 -0.23683 -0 40
34 92 32 1.5423 1.4433 -100.339 -117.532 -1.32716 -0.23683 -0 40
34 92 33 1.5419 1.4433 -108.995 -117.532 -1.32716 -0.23683 -0 40
34 92 34 1.5875 1.4433 -109.839 -117.532 -1.32716 -0.23683 -0 40
34 101 35 1.4757 1.4368 -113.208 -112.736 -1.33316 -0.32083 -0 40
34 92 36 1.589 1.4433 -114.151 -117.532 -1.32716 -0.23683 -0 40
34 96 37 1.4869 1.4368 -114.974 -112.736 -1.33316 -0.32083 -0 40
34 92 38 1.5503 1.4433 -114.688 -117.532 -1.32716 -0.23683 -0 40
34 92 39 1.5497 1.4433 -113.722 -117.532 -1.32716 -0.23683 -0 40
34 92 40 1.5086 1.4433 -113.494 -117.532 -1.32716 -0.23683 -0 40
34 93 41 1.513 1.4433 -102.09 -117.532 -1.32716 -0.23683 -0 40
34 92 42 1.5338 1.4433 -103.004 -117.532 -1.32716 -0.23683 -0 40
34 91 43 1.5983 1.4433 -113.182 -117.532 -1.32716 -0.23683 -0 40
34 92 44 1.5258 1.4433 -108.709 -117.532 -1.32716 -0.23683 -0 40
34 92 45 1.5003 1.4433 -109.371 -117.532 -1.32716 -0.23683 -0 40
34 93 46 1.559 1.4433 -105.424 -117.532 -1.32716 -0.23683 -0 40
34 92 47 1.4893 1.4433 -109.023 -117.532 -1.32716 -0.23683 -0 40
34 92 48 1.5166 1.4433 -113.756 -117.532 -1.32716 -0.23683 -0 40
34 94 49 1.4926 1.4368 -114.836 -112.736 -1.33316 -0.32083 -0 40
69 93 0 1.5144 1.5135 -104.795 -105.71 -1.40516 -0.46483 -0 40
69 92 1 1.5692 1.4433 -105.174 -117.532 -1.32716 -0.23683 -0 40
69 92 2 1.5447 1.4433 -104.446 -117.532 -1.32716 -0.23683 -0 40
69 93 3 1.5442 1.4433 -109.131 -117.532 -1.32716 -0.23683 -0 40
69 100 4 1.5258 1.5194 -105.875 -106.15 -1.41116 -0.45883 -0 40
69 93 5 1.5136 1.4433 -111.416 -117.532 -1.32716 -0.23683 -0 40
69 91 6 1.4908 1.4433 -107.448 -117.532 -1.32716 -0.23683 -0 40
69 92 7 1.5128 1.4433 -114.83 -117.532 -1.32716 -0.23683 -0 40
69 92 8 1.5743 1.4433 -114.684 -117.532 -1.32716 -0.23683 -0 40
69 101 9 1.527 1.5186 -107.171 -106.812 -1.41116 -0.44683 -0 40
69 92 10 1.5639 1.4433 -106.027 -117.532 -1.32716 -0.23683 -0 40
69 95 11 1.5153 1.5135 -104.922 -105.71 -1.40516 -0.46483 -0 40
69 92 12 1.5846 1.4433 -110.247 -117.532 -1.32716 -0.23683 -0 40
69 110 13 1.5976 1.6293 -110.684 -111.879 -1.51316 -0.38083 -0 40
69 91 14 1.4747 1.4433 -106.564 -117.532 -1.32716 -0.23683 -0 40
69 91 15 1.6035 1.4433 -114.023 -117.532 -1.32716 -0.23683 -0 40
69 92 16 1.5771 1.4433 -103.616 -117.532 -1.32716 -0.23683 -0 40
69 92 17 1.539 1.4433 -103.365 -117.532 -1.32716 -0.23683 -0 40
69 95 18 1.5067 1.5123 -107.432 -106.707 -1.40516 -0.44683 -0 40
69 91 19 1.4735 1.4433 -106.798 -117.532 -1.32716 -0.23683 -0 40
69 93 20 1.5779 1.4433 -110.932 -117.532 -1.32716 -0.23683 -0 40
69 105 21 1.5102 1.5126 -106.769 -106.374 -1.40516 -0.45283 -0 40
69 91 22 1.596 1.4433 -113.277 -117.532 -1.32716 -0.23683 -0 40
69 93 23 1.5372 1.4433 -111.916 -117.532 -1.32716 -0.23683 -0 40
69 93 24 1.4774 1.4433 -102.149 -117.532 -1.32716 -0.23683 -0 40
69 96 25 1.5872 1.6293 -110.521 -111.879 -1.51316 -0.38083 -0 40
69 93 26 1.5266 1.4433 -101.615 -117.532 -1.32716 -0.23683 -0 40
69 92 27 1.5839 1.4433 -115.133 -117.532 -1.32716 -0.23683 -0 40
69 92 28 1.5946 1.4433 -108.836 -117.532 -1.32716 -0.23683 -0 40
69 92 29 1.5523 1.4433 -106.996 -117.532 -1.32716 -0.23683 -0 40
69 93 30 1.5513 1.4433 -100.453 -117.532 -1.32716 -0.23683 -0 40
69 92 31 1.596 1.4433 -108.613 -117.532 -1.32716 -0.23683 -0 40
69 95 32 1.5076 1.5123 -107.479 -106.707 -1.40516 -0.44683 -0 40
69 93 33 1.5934 1.4433 -102.024 -117.532 -1.32716 -0.23683 -0 40
69 91 34 1.5781 1.4433 -104.633 -117.532 -1.32716 -0.23683 -0 40
69 115 35 1.5988 1.6185 -104.075 -104.869 -1.50116 -0.51283 -0 40
69 93 36 1.5003 1.4433 -101.032 -117.532 -1.32716 -0.23683 -0 40
69 93 37 1.5448 1.4433 -112.289 -117.532 -1.32716 -0.23683 -0 40
69 97 38 1.494 1.4368 -114.76 -112.736 -1.33316 -0.32083 -0 40
69 92 39 1.5589 1.4433 -104.231 -117.532 -1.32716 -0.23683 -0 40
69 93 40 1.5377 1.4433 -109.225 -117.532 -1.32716 -0.23683 -0 40
69 92 41 1.5326 1.4433 -100.276 -117.532 -1.32716 -0.23683 -0 40
69 92 42 1.568 1.4433 -102.634 -117.532 -1.32716 -0.23683 -0 40
69 93 43 1.5575 1.4433 -105.13 -117.532 -1.32716 -0.23683 -0 40
69 92 44 1.5796 1.4433 -113.725 -117.532 -1.32716 -0.23683 -0 40
69 93 45 1.4742 1.4433 -110.26 -117.532 -1.32716 -0.23683 -0 40
69 92 46 1.5733 1.4433 -106.12 -117.532 -1.32716 -0.23683 -0 40
69 93 47 1.5086 1.4433 -103.262 -117.532 -1.32716 -0.23683 -0 40
69 92 48 1.4998 1.4433 -108.307 -117.532 -1.32716 -0.23683 -0 40
69 92 49 1.5034 1.4433 -111.844 -117.532 -1.32716 -0.23683 -0 40
103 114 0 1.4834 1.4947 -104.762 -105.376 -1.38716 -0.46483 -0 40
103 107 1 1.4922 1.5001 -111.194 -111.868 -1.39316 -0.35083 -0 40
103 94 2 1.5493 1.4433 -109.767 -117.532 -1.32716 -0.23683 -0 40
103 118 3 1.5885 1.6033 -105.763 -106.221 -1.48916 -0.48283 -0 40
103 100 4 1.4846 1.4933 -107.002 -106.385 -1.38716 -0.44683 -0 40
103 91 5 1.5634 1.4433 -103.558 -117.532 -1.32716 -0.23683 -0 40
103 114 6 1.5676 1.5645 -114.3 -114.848 -1.44716 -0.30883 -0 40
103 103 7 1.5421 1.5311 -108.534 -107.349 -1.42316 -0.44083 -0 40
103 107 8 1.5783 1.5828 -107.233 -107.183 -1.47116 -0.45883 -0 40
103 92 9 1.5729 1.4433 -101.918 -117.532 -1.32716 -0.23683 -0 40
103 115 10 1.5298 1.537 -114.125 -114.244 -1.42316 -0.31483 -0 40
103 103 11 1.4879 1.4952 -103.962 -105.04 -1.38716 -0.47083 -1 40
103 111 12 1.5061 1.5083 -113.157 -112.952 -1.39916 -0.33283 -0 40
103 137 13 1.5994 1.6136 -103.646 -104.14 -1.49516 -0.52483 -1 40
103 110 14 1.5043 1.5063 -111.201 -111.618 -1.39916 -0.35683 -0 40
103 98 15 1.5013 1.5056 -108.068 -106.935 -1.39916 -0.44083 -0 40
103 94 16 1.5385 1.5395 -102.888 -102.766 -1.42316 -0.52483 -0 40
103 120 17 1.4929 1.4996 -106.734 -106.494 -1.39316 -0.44683 -1 40
103 114 18 1.5918 1.6224 -110.08 -111.491 -1.50716 -0.38683 -0 40
103 97 19 1.5925 1.6144 -102.134 -103.829 -1.49516 -0.53083 -1 40
103 94 20 1.5395 1.4433 -109.73 -117.532 -1.32716 -0.23683 -0 40
103 93 21 1.5514 1.4433 -105.266 -117.532 -1.32716 -0.23683 -0 40
103 94 22 1.4881 1.4808 -102.066 -100.843 -1.36316 -0.53683 -0 40
103 93 23 1.4751 1.4433 -108.78 -117.532 -1.32716 -0.23683 -0 40
103 92 24 1.527 1.4433 -103.588 -117.532 -1.32716 -0.23683 -0 40
103 91 25 1.5125 1.4433 -109.596 -117.532 -1.32716 -0.23683 -0 40
103 92 26 1.5001 1.4433 -109.96 -117.532 -1.32716 -0.23683 -0 40
103 106 27 1.5307 1.5204 -112.268 -112.448 -1.41116 -0.34483 -0 40
103 134 28 1.5216 1.5186 -107.421 -106.812 -1.41116 -0.44683 -1 40
103 99 29 1.6018 1.5956 -108.283 -107.38 -1.48316 -0.45883 -0 40
103 122 30 1.5897 1.6105 -105.454 -105.698 -1.49516 -0.49483 -1 40
103 92 31 1.5257 1.4433 -104.115 -117.532 -1.32716 -0.23683 -0 40
103 96 32 1.5444 1.5372 -108.72 -107.778 -1.42916 -0.43483 -0 40
103 94 33 1.4787 1.4796 -102.011 -101.18 -1.36316 -0.53083 -0 40
103 104 34 1.585 1.589 -107.882 -107.599 -1.47716 -0.45283 -0 40
103 96 35 1.5465 1.5456 -103.038 -102.886 -1.42916 -0.52483 -0 40
103 99 36 1.4882 1.4808 -101.873 -100.843 -1.36316 -0.53683 -1 40
103 94 37 1.5479 1.4433 -110.25 -117.532 -1.32716 -0.23683 -0 40
103 114 38 1.5733 1.5645 -114.584 -114.848 -1.44716 -0.30883 -0 40
103 96 39 1.5578 1.5502 -107.773 -107.651 -1.44116 -0.44083 -0 40
103 93 40 1.5201 1.4433 -103.223 -117.532 -1.32716 -0.23683 -0 40
103 118 41 1.5698 1.5645 -114.53 -114.848 -1.44716 -0.30883 -0 40
103 93 42 1.4728 1.4433 -109.24 -117.532 -1.32716 -0.23683 -0 40
103 107 43 1.48 1.4428 -112.048 -112.472 -1.33916 -0.32683 -0 40
103 92 44 1.5813 1.4433 -111.851 -117.532 -1.32716 -0.23683 -0 40
103 94 45 1.5352 1.4433 -110.429 -117.532 -1.32716 -0.23683 -0 40
103 95 46 1.5709 1.576 -107.922 -107.722 -1.46516 -0.44683 -0 40
103 93 47 1.5635 1.4433 -110.199 -117.532 -1.32716 -0.23683 -0 40
103 95 48 1.5822 1.6224 -109.885 -111.491 -1.50716 -0.38683 -0 40
103 92 49 1.4805 1.4433 -103.364 -117.532 -1.32716 -0.23683 -0 40
138 117 0 1.5801 1.5842 -112.188 -111.954 -1.47116 -0.36883 -1 40
138 116 1 1.5208 1.5253 -102.944 -103.181 -1.41116 -0.51283 -1 40
138 120 2 1.5376 1.5307 -108.925 -108.007 -1.42316 -0.42883 -1 40
138 132 3 1.4765 1.4743 -106.547 -106.056 -1.36916 -0.44683 -1 40
138 140 4 1.4773 1.4748 -101.305 -100.71 -1.35716 -0.53683 -1 40
138 117 5 1.5568 1.5499 -108.783 -108.301 -1.44116 -0.42883 -1 40
138 150 6 1.5046 1.5078 -104.487 -105.266 -1.39916 -0.47083 -1 40
138 107 7 1.5846 1.5863 -102.054 -102.319 -1.46516 -0.54883 -1 40
138 93 8 1.4922 1.4919 -109.39 -109.76 -1.38716 -0.38683 -0 40
138 125 9 1.5618 1.5566 -107.942 -107.75 -1.44716 -0.44083 -1 40
138 94 10 1.6002 1.5845 -115.148 -115.05 -1.46516 -0.30883 -1 40
138 94 11 1.5051 1.4368 -115.069 -112.736 -1.33316 -0.32083 -0 40
138 124 12 1.5383 1.5404 -102.132 -102.441 -1.42316 -0.53083 -1 40
138 107 13 1.497 1.4956 -102.59 -102.237 -1.38116 -0.51883 -1 40
138 164 14 1.5164 1.5135 -105.293 -105.71 -1.40516 -0.46483 -1 40
138 152 15 1.5182 1.5143 -112.637 -112.699 -1.40516 -0.33883 -1 40
138 126 16 1.5405 1.5385 -103.116 -103.092 -1.42316 -0.51883 -1 40
138 114 17 1.5696 1.568 -101.833 -101.96 -1.44716 -0.54883 -1 40
138 137 18 1.5769 1.5826 -107.485 -107.501 -1.47116 -0.45283 -1 40
138 97 19 1.5266 1.5353 -101.154 -101.994 -1.41716 -0.53683 -0 40
138 132 20 1.5217 1.5311 -114.394 -114.499 -1.41716 -0.30883 -1 40
138 158 21 1.6022 1.6144 -102.959 -103.829 -1.49516 -0.53083 -1 40
138 139 22 1.4744 1.456 -112.178 -112.64 -1.35116 -0.32683 -1 40
138 109 23 1.5441 1.5396 -111.954 -112.361 -1.42916 -0.35083 -1 40
138 129 24 1.5987 1.609 -102.209 -103.406 -1.48916 -0.53683 -1 40
138 121 25 1.5603 1.5635 -106.853 -107.204 -1.45316 -0.45283 -0 40
138 148 26 1.5259 1.5215 -113.175 -113.109 -1.41116 -0.33283 -0 40
138 128 27 1.538 1.5395 -102.864 -102.766 -1.42316 -0.52483 -1 40
138 153 28 1.5969 1.6167 -111.703 -112.033 -1.50116 -0.37483 -1 40
138 111 29 1.4941 1.4506 -114.873 -113.249 -1.34516 -0.31483 -0 40
138 116 30 1.5911 1.6155 -109.521 -111.099 -1.50116 -0.39283 -1 40
138 143 31 1.4792 1.4808 -101.227 -100.843 -1.36316 -0.53683 -1 40
138 125 32 1.4871 1.4903 -103.617 -104.251 -1.38116 -0.48283 -1 40
138 101 33 1.5491 1.5521 -100.746 -100.95 -1.42916 -0.56083 -1 40
138 94 34 1.6003 1.6572 -114.405 -115.449 -1.53116 -0.31483 -0 40
138 94 35 1.5319 1.4433 -109.851 -117.532 -1.32716 -0.23683 -0 40
138 152 36 1.5969 1.5959 -107.153 -107.065 -1.48316 -0.46483 -1 40
138 156 37 1.4748 1.456 -112.896 -112.64 -1.35116 -0.32683 -1 40
138 134 38 1.5199 1.5146 -104.333 -105.046 -1.40516 -0.47683 -1 40
138 114 39 1.5755 1.5687 -113.676 -113.958 -1.45316 -0.32683 -1 40
138 122 40 1.5639 1.5701 -106.812 -106.983 -1.45916 -0.45883 -1 40
138 118 41 1.5745 1.5834 -110.94 -111.319 -1.47116 -0.38083 -1 40
138 140 42 1.5936 1.5892 -107.848 -107.282 -1.47716 -0.45883 -1 40
138 151 43 1.5884 1.5965 -106.156 -106.434 -1.48316 -0.47683 -1 40
138 128 44 1.4922 1.4993 -110.56 -111.197 -1.39316 -0.36283 -0 40
138 92 45 1.4834 1.4433 -109.254 -117.532 -1.32716 -0.23683 -1 40
138 110 46 1.5751 1.5786 -112.489 -112.512 -1.46516 -0.35683 -1 40
138 163 47 1.5319 1.525 -107.408 -106.917 -1.41716 -0.44683 -1 40
138 149 48 1.5952 1.6101 -111.767 -111.955 -1.49516 -0.37483 -1 40
138 152 49 1.5125 1.5143 -112.76 -112.699 -1.40516 -0.33883 -0 40
172 148 0 1.4963 1.4981 -103.279 -103.698 -1.38716 -0.49483 -1 40
172 183 1 1.5146 1.5133 -111.82 -112.035 -1.40516 -0.35083 -1 40
172 144 2 1.5591 1.5637 -106.4 -106.882 -1.45316 -0.45883 -1 40
172 160 3 1.5571 1.5537 -102.497 -102.36 -1.43516 -0.53683 -1 40
172 119 4 1.5059 1.5047 -109.457 -109.612 -1.39916 -0.39283 -1 40
172 136 5 1.5651 1.5697 -110.442 -110.512 -1.45916 -0.39283 -1 40
172 152 6 1.578 1.5695 -114.09 -114.278 -1.45316 -0.32083 -1 40
172 157 7 1.5676 1.5768 -106.514 -106.764 -1.46516 -0.46483 -1 40
172 163 8 1.5206 1.5237 -114.387 -114.098 -1.41116 -0.31483 -1 40
172 163 9 1.4951 1.4957 -113.428 -113.128 -1.38716 -0.32683 -1 40
172 165 10 1.585 1.5991 -104.412 -104.861 -1.48316 -0.50683 -1 40
172 152 11 1.538 1.5307 -108.836 -108.007 -1.42316 -0.42883 -1 40
172 125 12 1.5555 1.5632 -110.276 -110.425 -1.45316 -0.39283 -1 40
172 132 13 1.5959 1.5845 -115.031 -115.05 -1.46516 -0.30883 -1 40
172 143 14 1.5762 1.5916 -104.741 -105.384 -1.47716 -0.49483 -1 40
172 148 15 1.5014 1.4977 -102.062 -101.569 -1.38116 -0.53083 -1 40
172 186 16 1.5054 1.5067 -111.794 -111.952 -1.39916 -0.35083 -1 40
172 140 17 1.5761 1.5726 -112.988 -112.753 -1.45916 -0.35083 -1 40
172 171 18 1.4882 1.4945 -112.32 -112.456 -1.38716 -0.33883 -1 40
172 200 19 1.5029 1.5059 -106.599 -106.601 -1.39916 -0.44683 -1 40
172 144 20 1.4866 1.4653 -115.051 -114.095 -1.35716 -0.30283 -1 40
172 144 21 1.5601 1.5563 -109.013 -108.72 -1.44716 -0.42283 -1 40
172 165 22 1.4915 1.4951 -113.113 -112.792 -1.38716 -0.33283 -1 40
172 176 23 1.5803 1.5828 -107.101 -107.183 -1.47116 -0.45883 -1 40
172 144 24 1.5762 1.5741 -102.04 -102.081 -1.45316 -0.54883 -1 40
172 202 25 1.6005 1.6129 -104.072 -104.451 -1.49516 -0.51883 -1 40
172 140 26 1.5849 1.5887 -109.496 -109.818 -1.47716 -0.41083 -1 40
172 207 27 1.5065 1.5063 -106.257 -106.267 -1.39916 -0.45283 -1 40
172 168 28 1.5829 1.5824 -108.026 -107.819 -1.47116 -0.44683 -1 40
172 145 29 1.5799 1.5695 -114.05 -114.278 -1.45316 -0.32083 -1 40
172 137 30 1.582 1.5792 -113.166 -112.83 -1.46516 -0.35083 -1 40
172 194 31 1.5992 1.6074 -103.662 -104.03 -1.48916 -0.52483 -1 40
172 193 32 1.498 1.5059 -106.631 -106.601 -1.39916 -0.44683 -1 40
172 138 33 1.5957 1.595 -109.192 -108.958 -1.48316 -0.42883 -1 40
172 120 34 1.5002 1.492 -115.108 -114.395 -1.38116 -0.30283 -0 40
172 198 35 1.5042 1.5072 -105.133 -105.599 -1.39916 -0.46483 -1 40
172 126 36 1.5516 1.5455 -105.575 -105.922 -1.43516 -0.47083 -1 40
172 200 37 1.4974 1.5004 -105.774 -105.823 -1.39316 -0.45883 -1 40
172 186 38 1.4829 1.482 -100.804 -100.507 -1.36316 -0.54283 -1 40
172 179 39 1.5192 1.5146 -104.804 -105.046 -1.40516 -0.47683 -1 40
172 143 40 1.569 1.566 -112.725 -112.676 -1.45316 -0.35083 -1 40
172 198 41 1.4974 1.5004 -105.519 -105.823 -1.39316 -0.45883 -1 40
172 143 42 1.5716 1.5666 -113.115 -112.997 -1.45316 -0.34483 -1 40
172 172 43 1.525 1.5244 -108.335 -107.577 -1.41716 -0.43483 -1 40
172 139 44 1.5731 1.5848 -104.935 -105.595 -1.47116 -0.48883 -1 40
172 145 45 1.4971 1.4987 -108.173 -107.501 -1.39316 -0.42883 -1 40
172 185 46 1.503 1.5078 -104.629 -105.266 -1.39916 -0.47083 -1 40
172 145 47 1.5134 1.5014 -100.819 -100.571 -1.38116 -0.54883 -1 40
172 133 48 1.492 1.4987 -109.719 -110.525 -1.39316 -0.37483 -1 40
172 137 49 1.5999 1.6149 -109.263 -110.476 -1.50116 -0.40483 -1 40
206 176 0 1.5955 1.5886 -108.967 -108.55 -1.47716 -0.43483 -1 40
206 178 1 1.5512 1.5558 -101.289 -101.717 -1.43516 -0.54883 -1 40
206 186 2 1.5795 1.5828 -110.592 -110.683 -1.47116 -0.39283 -1 40
206 232 3 1.5662 1.5654 -115.162 -115.168 -1.44716 -0.30283 -1 40
206 195 4 1.5897 1.5958 -110.489 -110.852 -1.48316 -0.39283 -1 40
206 172 5 1.5787 1.5732 -113.154 -113.073 -1.45916 -0.34483 -1 40
206 224 6 1.4873 1.4834 -100.337 -100.171 -1.36316 -0.54883 -1 40
206 204 7 1.4881 1.4935 -111.666 -111.783 -1.38716 -0.35083 -1 40
206 193 8 1.4747 1.4747 -111.997 -112.206 -1.36916 -0.33883 -1 40
206 229 9 1.5203 1.5198 -105.513 -105.819 -1.41116 -0.46483 -1 40
206 173 10 1.477 1.4795 -102.984 -103.335 -1.36916 -0.49483 -1 40
206 206 11 1.5761 1.5766 -100.446 -99.741 -1.44716 -0.59083 -1 40
206 177 12 1.5726 1.5843 -105.414 -105.912 -1.47116 -0.48283 -1 40
206 212 13 1.533 1.5275 -112.868 -112.858 -1.41716 -0.33883 -1 40
206 150 14 1.5556 1.5528 -105.295 -105.381 -1.44116 -0.48283 -1 40
206 185 15 1.5974 1.6086 -109.784 -110.705 -1.49516 -0.39883 -1 40
206 197 16 1.5911 1.602 -103.011 -103.606 -1.48316 -0.53083 -1 40
206 232 17 1.6044 1.6136 -103.544 -104.14 -1.49516 -0.52483 -1 40
206 199 18 1.5466 1.5436 -108.296 -107.877 -1.43516 -0.43483 -1 40
206 207 19 1.5307 1.5396 -115.121 -115.221 -1.42316 -0.29683 -1 40
206 211 20 1.6048 1.6152 -110.162 -110.788 -1.50116 -0.39883 -1 40
206 210 21 1.4959 1.4997 -111.322 -111.532 -1.39316 -0.35683 -1 40
206 218 22 1.4807 1.482 -100.754 -100.507 -1.36316 -0.54283 -1 40
206 155 23 1.5948 1.5894 -114.455 -114.486 -1.47116 -0.32083 -1 40
206 183 24 1.4787 1.4798 -107.236 -106.846 -1.37516 -0.43483 -1 40
206 240 25 1.5162 1.5186 -106.859 -106.812 -1.41116 -0.44683 -1 40
206 177 26 1.4898 1.4923 -107.871 -107.397 -1.38716 -0.42883 -1 40
206 184 27 1.546 1.5438 -103.859 -103.535 -1.42916 -0.51283 -1 40
206 179 28 1.5339 1.5291 -104.319 -104.283 -1.41716 -0.49483 -1 40
206 244 29 1.5138 1.5126 -106.261 -106.374 -1.40516 -0.45283 -1 40
206 195 30 1.5895 1.5908 -112.087 -112.034 -1.47716 -0.36883 -1 40
206 183 31 1.5712 1.5692 -108.725 -108.587 -1.45916 -0.42883 -1 40
206 189 32 1.5701 1.5693 -108.471 -108.266 -1.45916 -0.43483 -1 40
206 193 33 1.5601 1.5598 -102.478 -102.48 -1.44116 -0.53683 -1 40
206 216 34 1.5344 1.5454 -114.724 -114.964 -1.42916 -0.30283 -1 40
206 185 35 1.5813 1.5888 -103.5 -103.696 -1.47116 -0.52483 -1 40
206 202 36 1.5138 1.5117 -108.126 -107.373 -1.40516 -0.43483 -1 40
206 202 37 1.584 1.5911 -105.488 -105.7 -1.47716 -0.48883 -1 40
206 189 38 1.5298 1.5315 -103.268 -103.3 -1.41716 -0.51283 -1 40
206 187 39 1.5504 1.5499 -108.684 -108.301 -1.44116 -0.42883 -1 40
206 197 40 1.5885 1.5958 -103.317 -103.494 -1.47716 -0.53083 -1 40
206 226 41 1.4938 1.5004 -105.383 -105.823 -1.39316 -0.45883 -1 40
206 188 42 1.4834 1.4862 -107.225 -106.953 -1.38116 -0.43483 -1 40
206 187 43 1.48 1.487 -111.175 -111.697 -1.38116 -0.35083 -1 40
206 208 44 1.5884 1.589 -107.734 -107.599 -1.47716 -0.45283 -1 40
206 232 45 1.4979 1.5 -106.093 -106.158 -1.39316 -0.45283 -1 40
206 189 46 1.5472 1.5384 -106.275 -106.469 -1.42916 -0.45883 -1 40
206 183 47 1.5838 1.5847 -112.397 -112.272 -1.47116 -0.36283 -1 40
206 174 48 1.4941 1.4927 -103.101 -103.242 -1.38116 -0.50083 -1 40
206 191 49 1.4858 1.4705 -114.139 -113.489 -1.36316 -0.31483 -1 40
241 215 0 1.5771 1.5687 -113.967 -113.958 -1.45316 -0.32683 -1 40
241 216 1 1.4816 1.4784 -102.122 -101.518 -1.36316 -0.52483 -1 40
241 203 2 1.5556 1.5578 -106.151 -106.457 -1.44716 -0.46483 -1 40
241 238 3 1.5496 1.5438 -107.635 -107.551 -1.43516 -0.44083 -1 40
241 237 4 1.508 1.509 -104.137 -104.6 -1.39916 -0.48283 -1 40
241 211 5 1.5084 1.5088 -102.195 -102.155 -1.39316 -0.52483 -1 40
241 211 6 1.5887 1.5954 -109.787 -110.221 -1.48316 -0.40483 -1 40
241 239 7 1.5785 1.5831 -106.554 -106.865 -1.47116 -0.46483 -1 40
241 216 8 1.5741 1.5777 -111.914 -111.875 -1.46516 -0.36883 -1 40
241 192 9 1.5187 1.51 -100.29 -100.043 -1.38716 -0.56083 -1 40
241 216 10 1.5605 1.56 -112.803 -112.921 -1.44716 -0.34483 -1 40
241 237 11 1.5878 1.5979 -105.297 -105.489 -1.48316 -0.49483 -1 40
241 198 12 1.5593 1.5645 -105.902 -106.239 -1.45316 -0.47083 -1 40
241 219 13 1.5965 1.5979 -112.753 -112.427 -1.48316 -0.36283 -1 40
241 221 14 1.524 1.5229 -104.05 -104.168 -1.41116 -0.49483 -1 40
241 236 15 1.5259 1.5311 -114.612 -114.499 -1.41716 -0.30883 -1 40
241 237 16 1.5432 1.5408 -112.983 -113.014 -1.42916 -0.33883 -1 40
241 228 17 1.5402 1.5404 -102.464 -102.441 -1.42316 -0.53083 -1 40
241 235 18 1.4764 1.4748 -106.107 -105.715 -1.36916 -0.45283 -1 40
241 220 19 1.5826 1.5935 -104.136 -104.438 -1.47716 -0.51283 -1 40
241 204 20 1.5502 1.5546 -100.325 -100.308 -1.42916 -0.57283 -1 40
241 264 21 1.5488 1.5512 -114.455 -114.71 -1.43516 -0.30883 -1 40
241 217 22 1.4756 1.4784 -101.964 -101.518 -1.36316 -0.52483 -1 40
241 209 23 1.5599 1.5594 -112.402 -112.599 -1.44716 -0.35083 -1 40
241 249 24 1.4975 1.5015 -104.58 -105.153 -1.39316 -0.47083 -1 40
241 183 25 1.5446 1.5514 -111.115 -111.548 -1.44116 -0.36883 -1 40
241 259 26 1.5086 1.5078 -104.925 -105.266 -1.39916 -0.47083 -1 40
241 202 27 1.4922 1.4921 -108.215 -107.734 -1.38716 -0.42283 -1 40
241 268 28 1.5546 1.5587 -114.886 -115.101 -1.44116 -0.30283 -1 40
241 214 29 1.4846 1.472 -114.726 -114.171 -1.36316 -0.30283 -1 40
241 204 30 1.5531 1.5523 -112.114 -112.196 -1.44116 -0.35683 -1 40
241 245 31 1.5422 1.5414 -113.296 -113.34 -1.42916 -0.33283 -1 40
241 213 32 1.5577 1.56 -112.636 -112.921 -1.44716 -0.34483 -1 40
241 186 33 1.5377 1.5388 -100.678 -101.019 -1.41716 -0.55483 -1 40
241 212 34 1.4747 1.4732 -107.27 -107.08 -1.36916 -0.42883 -1 40
241 219 35 1.5959 1.5888 -108.492 -107.916 -1.47716 -0.44683 -1 40
241 240 36 1.5473 1.548 -113.227 -113.415 -1.43516 -0.33283 -1 40
241 219 37 1.4776 1.4662 -115.008 -114.437 -1.35716 -0.29683 -1 40
241 209 38 1.5726 1.5732 -112.945 -113.073 -1.45916 -0.34483 -1 40
241 214 39 1.5712 1.5769 -111.223 -111.237 -1.46516 -0.38083 -1 40
241 225 40 1.5961 1.5979 -112.493 -112.427 -1.48316 -0.36283 -1 40
241 232 41 1.484 1.4874 -111.901 -112.035 -1.38116 -0.34483 -1 40
241 169 42 1.5416 1.5437 -110.229 -110.161 -1.43516 -0.39283 -1 40
241 251 43 1.5631 1.5636 -114.342 -114.527 -1.44716 -0.31483 -1 40
241 213 44 1.5519 1.5498 -108.936 -108.625 -1.44116 -0.42283 -1 40
241 212 45 1.5466 1.5497 -101.384 -101.593 -1.42916 -0.54883 -1 40
241 222 46 1.5704 1.5771 -106.206 -106.445 -1.46516 -0.47083 -1 40
241 204 47 1.4821 1.4925 -110.168 -110.772 -1.38716 -0.36883 -1 40
241 220 48 1.5845 1.5812 -100.852 -100.183 -1.45316 -0.58483 -1 40
241 239 49 1.5043 1.5059 -111.104 -111.284 -1.39916 -0.36283 -1 40
275 210 0 1.5418 1.5445 -110.885 -111.139 -1.43516 -0.37483 -1 40
275 237 1 1.4787 1.4804 -102.815 -102.997 -1.36916 -0.50083 -1 41
275 242 2 1.5783 1.5746 -113.616 -113.711 -1.45916 -0.33283 -1 40
275 259 3 1.5824 1.5831 -110.971 -111.001 -1.47116 -0.38683 -1 40
275 261 4 1.5374 1.5385 -103.181 -103.092 -1.42316 -0.51883 -1 40
275 249 5 1.5618 1.5628 -108.756 -108.492 -1.45316 -0.42883 -1 40
275 262 6 1.499 1.5028 -103.892 -104.484 -1.39316 -0.48283 -1 40
275 283 7 1.5887 1.5898 -106.456 -106.649 -1.47716 -0.47083 -1 40
275 255 8 1.5921 1.5887 -108.588 -108.233 -1.47716 -0.44083 -1 40
275 239 9 1.5945 1.5885 -109.123 -108.867 -1.47716 -0.42883 -1 40
275 257 10 1.5624 1.5608 -102.078 -102.159 -1.44116 -0.54283 -1 40
275 249 11 1.5812 1.5825 -110.182 -110.365 -1.47116 -0.39883 -1 40
275 280 12 1.5742 1.5712 -114.853 -114.916 -1.45316 -0.30883 -1 40
275 291 13 1.5987 1.6037 -105.849 -105.907 -1.48916 -0.48883 -1 40
275 211 14 1.545 1.55 -109.886 -109.925 -1.44116 -0.39883 -1 40
275 248 15 1.5789 1.5761 -114.134 -114.348 -1.45916 -0.32083 -1 40
275 234 16 1.5643 1.5628 -109.695 -109.459 -1.45316 -0.41083 -1 40
275 292 17 1.4908 1.4941 -105.71 -105.712 -1.38716 -0.45883 -1 40
275 292 18 1.4944 1.5006 -112.118 -112.203 -1.39316 -0.34483 -1 43
275 249 19 1.6032 1.6084 -109.781 -110.392 -1.49516 -0.40483 -1 41
275 217 20 1.5336 1.5388 -100.764 -101.019 -1.41716 -0.55483 -1 40
275 237 21 1.5453 1.5457 -111.916 -112.116 -1.43516 -0.35683 -1 40
275 284 22 1.4871 1.4881 -100.736 -100.64 -1.36916 -0.54283 -1 40
275 235 23 1.5895 1.5865 -113.424 -113.223 -1.47116 -0.34483 -1 40
275 254 24 1.5305 1.526 -111.703 -111.87 -1.41716 -0.35683 -1 40
275 303 25 1.5268 1.5253 -106.555 -106.587 -1.41716 -0.45283 -1 40
275 282 26 1.5095 1.5084 -104.577 -104.933 -1.39916 -0.47683 -1 40
275 273 27 1.5789 1.5828 -107.302 -107.183 -1.47116 -0.45883 -1 40
275 249 28 1.5727 1.5679 -113.559 -113.638 -1.45316 -0.33283 -1 40
275 271 29 1.5153 1.5153 -104.381 -104.714 -1.40516 -0.48283 -1 40
275 268 30 1.5497 1.5441 -107.494 -107.225 -1.43516 -0.44683 -1 40
275 308 31 1.5209 1.5186 -106.933 -106.812 -1.41116 -0.44683 -1 40
275 301 32 1.5516 1.5512 -114.746 -114.71 -1.43516 -0.30883 -1 40
275 290 33 1.4917 1.4937 -106.161 -106.049 -1.38716 -0.45283 -1 40
275 255 34 1.5502 1.5447 -106.61 -106.573 -1.43516 -0.45883 -1 40
275 244 35 1.5788 1.5818 -104.062 -103.9 -1.46516 -0.51883 -1 40
275 262 36 1.4999 1.5035 -103.878 -104.15 -1.39316 -0.48883 -1 40
275 251 37 1.595 1.6019 -109.982 -110.307 -1.48916 -0.40483 -1 40
275 245 38 1.478 1.4787 -103.302 -103.674 -1.36916 -0.48883 -1 41
275 224 39 1.5022 1.4983 -109.597 -109.517 -1.39316 -0.39283 -1 40
275 237 40 1.5399 1.5425 -101.263 -101.793 -1.42316 -0.54283 -1 40
275 257 41 1.5822 1.5838 -111.822 -111.637 -1.47116 -0.37483 -1 40
275 223 42 1.4997 1.492 -114.92 -114.395 -1.38116 -0.30283 -1 40
275 272 43 1.4977 1.5017 -113.058 -112.872 -1.39316 -0.33283 -1 40
275 260 44 1.5431 1.5447 -103.354 -103.21 -1.42916 -0.51883 -1 40
275 235 45 1.5374 1.5391 -111.62 -112.035 -1.42916 -0.35683 -1 40
275 248 46 1.5171 1.5201 -102.719 -102.731 -1.40516 -0.51883 -1 40
275 267 47 1.5153 1.5163 -113.935 -113.693 -1.40516 -0.32083 -1 40
275 239 48 1.5614 1.5645 -111.637 -111.713 -1.45316 -0.36883 -1 40
275 288 49 1.4927 1.4894 -100.433 -100.305 -1.36916 -0.54883 -1 40
310 277 0 1.4796 1.4795 -103.3 -103.335 -1.36916 -0.49483 -1 41
310 294 1 1.5873 1.5893 -110.716 -110.768 -1.47716 -0.39283 -1 40
310 254 2 1.5202 1.5147 -100.454 -100.504 -1.39316 -0.55483 -1 40
310 296 3 1.5477 1.5476 -102.226 -102.239 -1.42916 -0.53683 -1 40
310 288 4 1.485 1.4928 -110.868 -111.109 -1.38716 -0.36283 -1 40
310 276 5 1.484 1.4834 -102.407 -101.984 -1.36916 -0.51883 -1 41
310 285 6 1.5805 1.5828 -110.387 -110.683 -1.47116 -0.39283 -1 40
310 281 7 1.4909 1.4845 -114.172 -113.984 -1.37516 -0.30883 -1 40
310 292 8 1.5324 1.5324 -102.886 -102.973 -1.41716 -0.51883 -1 40
310 291 9 1.5522 1.5537 -102.039 -102.36 -1.43516 -0.53683 -1 40
310 270 10 1.4756 1.4732 -107.504 -107.08 -1.36916 -0.42883 -1 40
310 290 11 1.5337 1.5333 -102.411 -102.646 -1.41716 -0.52483 -1 40
310 294 12 1.5555 1.5565 -108.106 -108.073 -1.44716 -0.43483 -1 40
310 297 13 1.4894 1.4926 -107.182 -107.06 -1.38716 -0.43483 -1 40
310 275 14 1.5548 1.5528 -112.316 -112.52 -1.44116 -0.35083 -1 40
310 281 15 1.5111 1.5121 -103.119 -103.271 -1.39916 -0.50683 -1 40
310 292 16 1.5951 1.5974 -112.386 -112.112 -1.48316 -0.36883 -1 40
310 269 17 1.5611 1.5645 -106.038 -106.239 -1.45316 -0.47083 -1 41
310 307 18 1.5282 1.5311 -114.616 -114.499 -1.41716 -0.30883 -1 40
310 284 19 1.4748 1.4808 -111.72 -111.951 -1.37516 -0.34483 -1 41
310 286 20 1.5835 1.5834 -103.373 -103.266 -1.46516 -0.53083 -1 41
310 265 21 1.5891 1.5895 -101.418 -101.375 -1.46516 -0.56683 -1 41
310 293 22 1.5252 1.5222 -104.41 -104.498 -1.41116 -0.48883 -1 40
310 283 23 1.4888 1.4895 -102.187 -102.111 -1.37516 -0.51883 -1 41
310 306 24 1.5186 1.5229 -113.751 -113.769 -1.41116 -0.32083 -1 40
310 313 25 1.5997 1.5959 -107.351 -107.065 -1.48316 -0.46483 -1 41
310 280 26 1.5666 1.5691 -101.457 -101.642 -1.44716 -0.55483 -1 40
310 262 27 1.5624 1.5649 -105.817 -105.917 -1.45316 -0.47683 -1 41
310 279 28 1.5509 1.5498 -108.936 -108.625 -1.44116 -0.42283 -1 40
310 252 29 1.5623 1.5603 -104.986 -104.845 -1.44716 -0.49483 -1 41
310 341 30 1.5207 1.5194 -106.229 -106.15 -1.41116 -0.45883 -1 40
310 321 31 1.5414 1.5428 -113.788 -113.99 -1.42916 -0.32083 -1 40
310 258 32 1.5437 1.5434 -109.388 -109.182 -1.43516 -0.41083 -1 40
310 246 33 1.5185 1.5176 -109.255 -108.802 -1.41116 -0.41083 -1 40
310 319 34 1.5905 1.5898 -106.698 -106.649 -1.47716 -0.47083 -1 40
310 278 35 1.5145 1.5139 -102.483 -102.609 -1.39916 -0.51883 -1 40
310 267 36 1.5486 1.5523 -111.884 -112.196 -1.44116 -0.35683 -1 40
310 261 37 1.5405 1.5387 -111.574 -111.708 -1.42916 -0.36283 -1 40
310 296 38 1.5369 1.5325 -105.715 -106.035 -1.42316 -0.46483 -1 40
310 279 39 1.5022 1.5053 -110.271 -110.615 -1.39916 -0.37483 -1 40
310 313 40 1.5011 1.5017 -112.817 -112.872 -1.39316 -0.33283 -1 40
310 317 41 1.4947 1.4894 -100.441 -100.305 -1.36916 -0.54883 -1 41
310 257 42 1.5019 1.4982 -108.867 -108.509 -1.39316 -0.41083 -1 40
310 315 43 1.5545 1.5561 -113.843 -114.135 -1.44116 -0.32083 -1 40
310 281 44 1.5794 1.5753 -114.074 -114.029 -1.45916 -0.32683 -1 40
310 261 45 1.4909 1.4862 -115.025 -114.659 -1.37516 -0.29683 -1 40
310 305 46 1.6023 1.604 -112.337 -112.19 -1.48916 -0.36883 -1 41
310 275 47 1.5772 1.5792 -112.875 -112.83 -1.46516 -0.35083 -1 40
310 275 48 1.5517 1.5492 -104.221 -103.974 -1.43516 -0.50683 -1 40
310 264 49 1.5948 1.592 -101.049 -100.748 -1.46516 -0.57883 -1 40
344 313 0 1.5335 1.5298 -104.242 -103.955 -1.41716 -0.50083 -1 41
344 369 1 1.5254 1.5253 -106.377 -106.587 -1.41716 -0.45283 -1 41
344 339 2 1.5309 1.5266 -105.449 -105.598 -1.41716 -0.47083 -1 41
344 301 3 1.5877 1.5884 -101.559 -101.689 -1.46516 -0.56083 -1 41
344 356 4 1.5167 1.5143 -112.729 -112.699 -1.40516 -0.33883 -1 40
344 348 5 1.5077 1.5083 -113.169 -112.952 -1.39916 -0.33283 -1 41
344 330 6 1.501 1.5059 -110.827 -111.284 -1.39916 -0.36283 -1 40
344 289 7 1.5665 1.5666 -105.05 -104.954 -1.45316 -0.49483 -1 41
344 320 8 1.5772 1.5769 -111.379 -111.237 -1.46516 -0.38083 -1 40
344 330 9 1.5711 1.5696 -107.528 -107.625 -1.45916 -0.44683 -1 41
344 326 10 1.4792 1.4712 -114.352 -113.83 -1.36316 -0.30883 -1 41
344 300 11 1.5889 1.5871 -113.516 -113.539 -1.47116 -0.33883 -1 41
344 337 12 1.5314 1.5307 -108.264 -108.007 -1.42316 -0.42883 -1 40
344 284 13 1.5504 1.5569 -110.487 -110.661 -1.44716 -0.38683 -1 40
344 337 14 1.559 1.5554 -113.606 -113.813 -1.44116 -0.32683 -1 40
344 332 15 1.5545 1.5502 -107.691 -107.651 -1.44116 -0.44083 -1 40
344 369 16 1.5115 1.5123 -107.029 -106.707 -1.40516 -0.44683 -1 40
344 308 17 1.562 1.565 -111.978 -112.034 -1.45316 -0.36283 -1 40
344 343 18 1.5401 1.5372 -108.076 -107.778 -1.42916 -0.43483 -1 40
344 358 19 1.5061 1.5078 -104.885 -105.266 -1.39916 -0.47083 -1 41
344 320 20 1.5259 1.5253 -103.375 -103.181 -1.41116 -0.51283 -1 40
344 338 21 1.5295 1.532 -114.943 -114.826 -1.41716 -0.30283 -1 41
344 303 22 1.5627 1.5638 -111.152 -111.069 -1.45316 -0.38083 -1 40
344 281 23 1.6005 1.5961 -114.71 -114.555 -1.47716 -0.32083 -1 41
344 334 24 1.4785 1.4772 -104.327 -104.353 -1.36916 -0.47683 -1 41
344 366 25 1.5465 1.553 -115.126 -115.355 -1.43516 -0.29683 -1 41
344 324 26 1.5744 1.5757 -108.307 -108.361 -1.46516 -0.43483 -1 41
344 320 27 1.6 1.6019 -110.06 -110.307 -1.48916 -0.40483 -1 41
344 373 28 1.5073 1.5072 -105.635 -105.599 -1.39916 -0.46483 -1 41
344 320 29 1.5156 1.5178 -114.368 -114.355 -1.40516 -0.30883 -1 41
344 363 30 1.5316 1.5313 -106.897 -107.02 -1.42316 -0.44683 -1 40
344 300 31 1.5493 1.5455 -105.787 -105.922 -1.43516 -0.47083 -1 41
344 303 32 1.5643 1.5628 -109.571 -109.459 -1.45316 -0.41083 -1 41
344 351 33 1.5953 1.5979 -105.347 -105.489 -1.48316 -0.49483 -1 41
344 349 34 1.5367 1.532 -106.422 -106.363 -1.42316 -0.45883 -1 41
344 306 35 1.5804 1.5798 -113.266 -113.148 -1.46516 -0.34483 -1 41
344 366 36 1.4958 1.5004 -105.744 -105.823 -1.39316 -0.45883 -1 41
344 319 37 1.6029 1.6051 -112.965 -112.817 -1.48916 -0.35683 -1 41
344 314 38 1.5776 1.5792 -102.534 -102.517 -1.45916 -0.54283 -1 41
344 337 39 1.4909 1.4951 -112.828 -112.792 -1.38716 -0.33283 -1 41
344 348 40 1.5327 1.5348 -113.125 -113.263 -1.42316 -0.33283 -1 40
344 336 41 1.5855 1.5906 -105.639 -106.016 -1.47716 -0.48283 -1 41
344 339 42 1.5772 1.5828 -107.079 -107.183 -1.47116 -0.45883 -1 41
344 267 43 1.5235 1.5244 -110.06 -110.22 -1.41716 -0.38683 -1 40
344 314 44 1.4975 1.4985 -108.037 -107.837 -1.39316 -0.42283 -1 40
344 362 45 1.5464 1.5512 -114.397 -114.71 -1.43516 -0.30883 -1 41
344 321 46 1.5598 1.557 -103.478 -103.444 -1.44116 -0.51883 -1 41
344 338 47 1.5602 1.5554 -113.724 -113.813 -1.44116 -0.32683 -1 40
344 308 48 1.4894 1.4927 -103.06 -103.242 -1.38116 -0.50083 -1 41
344 265 49 1.523 1.5177 -109.977 -109.798 -1.41116 -0.39283 -1 40
378 374 0 1.5121 1.509 -104.442 -104.6 -1.39916 -0.48283 -1 41
378 350 1 1.583 1.5821 -108.89 -108.774 -1.47116 -0.42883 -1 41
378 340 2 1.5747 1.5748 -104.192 -104.106 -1.45916 -0.51283 -1 41
378 332 3 1.6028 1.6015 -109.296 -109.364 -1.48916 -0.42283 -1 41
378 402 4 1.5483 1.5512 -114.617 -114.71 -1.43516 -0.30883 -1 41
378 340 5 1.5539 1.5563 -109.104 -109.044 -1.44716 -0.41683 -1 41
378 372 6 1.491 1.4931 -111.232 -111.446 -1.38716 -0.35683 -1 41
378 400 7 1.5254 1.5247 -107.402 -107.247 -1.41716 -0.44083 -1 41
378 344 8 1.5828 1.5787 -101.1 -100.814 -1.45316 -0.57283 -1 41
378 356 9 1.567 1.5669 -102.229 -102.279 -1.44716 -0.54283 -1 41
378 383 10 1.5861 1.5895 -106.803 -106.965 -1.47716 -0.46483 -1 41
378 371 11 1.5 1.5028 -104.134 -104.484 -1.39316 -0.48283 -1 41
378 354 12 1.4972 1.4977 -101.81 -101.569 -1.38116 -0.53083 -1 41
378 321 13 1.552 1.5572 -110.727 -110.985 -1.44716 -0.38083 -1 41
378 342 14 1.4749 1.4804 -111.253 -111.611 -1.37516 -0.35083 -1 41
378 329 15 1.5909 1.5894 -114.548 -114.486 -1.47116 -0.32083 -1 41
378 346 16 1.5574 1.5581 -100.967 -101.075 -1.43516 -0.56083 -1 41
378 375 17 1.5823 1.5835 -106.386 -106.547 -1.47116 -0.47083 -1 41
378 365 18 1.5506 1.5527 -102.717 -102.682 -1.43516 -0.53083 -1 40
378 353 19 1.5835 1.5888 -103.443 -103.696 -1.47116 -0.52483 -1 41
378 389 20 1.5152 1.5143 -112.575 -112.699 -1.40516 -0.33883 -1 41
378 360 21 1.4902 1.4928 -110.747 -111.109 -1.38716 -0.36283 -1 40
378 355 22 1.5661 1.5641 -103.413 -103.239 -1.44716 -0.52483 -1 41
378 373 23 1.487 1.4868 -101.295 -100.975 -1.36916 -0.53683 -1 41
378 373 24 1.5078 1.5059 -111.134 -111.284 -1.39916 -0.36283 -1 40
378 345 25 1.5289 1.5293 -101.768 -101.87 -1.41116 -0.53683 -1 41
378 336 26 1.5198 1.5272 -115.24 -115.412 -1.41116 -0.29083 -1 41
378 323 27 1.5138 1.5129 -115.217 -114.945 -1.39916 -0.29683 -1 41
378 361 28 1.4999 1.4989 -101.458 -101.236 -1.38116 -0.53683 -1 41
378 337 29 1.5481 1.5498 -109.141 -108.95 -1.44116 -0.41683 -1 41
378 363 30 1.5181 1.5194 -111.393 -111.787 -1.41116 -0.35683 -1 40
378 307 31 1.5443 1.5502 -110.125 -110.25 -1.44116 -0.39283 -1 41
378 303 32 1.5416 1.5437 -110.256 -110.161 -1.43516 -0.39283 -1 41
378 340 33 1.4953 1.4936 -102.816 -102.907 -1.38116 -0.50683 -1 41
378 331 34 1.5427 1.5457 -111.727 -112.116 -1.43516 -0.35683 -1 41
378 376 35 1.5937 1.6004 -103.992 -104.233 -1.48316 -0.51883 -1 41
378 363 36 1.5536 1.554 -113.095 -113.167 -1.44116 -0.33883 -1 41
378 342 37 1.588 1.5886 -109.383 -109.501 -1.47716 -0.41683 -1 41
378 341 38 1.5974 1.5985 -102.158 -102.553 -1.47716 -0.54883 -1 41
378 319 39 1.5565 1.5586 -105.533 -105.811 -1.44716 -0.47683 -1 41
378 383 40 1.4973 1.5001 -111.616 -111.868 -1.39316 -0.35083 -1 41
378 358 41 1.571 1.5694 -108.223 -107.945 -1.45916 -0.44083 -1 41
378 298 42 1.5313 1.5309 -110.33 -110.31 -1.42316 -0.38683 -1 41
378 397 43 1.5446 1.5445 -114.77 -114.64 -1.42916 -0.30883 -1 41
378 308 44 1.4724 1.4792 -109.843 -110.25 -1.37516 -0.37483 -1 41
378 383 45 1.4776 1.476 -100.585 -100.372 -1.35716 -0.54283 -1 41
378 378 46 1.4934 1.4881 -100.795 -100.64 -1.36916 -0.54283 -1 41
378 398 47 1.5489 1.5503 -114.302 -114.387 -1.43516 -0.31483 -1 41
378 348 48 1.5586 1.56 -112.649 -112.921 -1.44716 -0.34483 -1 41
378 398 49 1.5166 1.5183 -107.332 -107.144 -1.41116 -0.44083 -1 41
413 383 0 1.5751 1.5763 -110.633 -110.598 -1.46516 -0.39283 -1 41
413 370 1 1.512 1.512 -114.692 -114.613 -1.39916 -0.30283 -1 41
413 366 2 1.5884 1.5835 -101.455 -101.253 -1.45916 -0.56683 -1 41
413 375 3 1.5785 1.5824 -109.763 -110.047 -1.47116 -0.40483 -1 41
413 411 4 1.6008 1.5959 -107.171 -107.065 -1.48316 -0.46483 -1 41
413 403 5 1.5392 1.5371 -108.219 -108.106 -1.42916 -0.42883 -1 41
413 433 6 1.5125 1.5119 -107.22 -107.04 -1.40516 -0.44083 -1 41
413 382 7 1.5012 1.5049 -108.031 -107.938 -1.39916 -0.42283 -1 41
413 401 8 1.5036 1.5053 -107.666 -107.269 -1.39916 -0.43483 -1 41
413 387 9 1.5113 1.5113 -103.491 -103.603 -1.39916 -0.50083 -1 41
413 372 10 1.5645 1.5708 -106.141 -106.342 -1.45916 -0.47083 -1 41
413 415 11 1.5375 1.5348 -113.357 -113.263 -1.42316 -0.33283 -1 41
413 386 12 1.5126 1.5121 -110.77 -111.037 -1.40516 -0.36883 -1 41
413 418 13 1.5331 1.5308 -107.871 -107.678 -1.42316 -0.43483 -1 41
413 381 14 1.5101 1.5113 -108.368 -108.039 -1.40516 -0.42283 -1 41
413 428 15 1.5128 1.5119 -107.364 -107.04 -1.40516 -0.44083 -1 41
413 396 16 1.4799 1.4813 -112.095 -112.29 -1.37516 -0.33883 -1 41
413 412 17 1.5804 1.5831 -106.76 -106.865 -1.47116 -0.46483 -1 41
413 394 18 1.5631 1.5629 -108.134 -108.17 -1.45316 -0.43483 -1 41
413 393 19 1.58 1.5834 -111.09 -111.319 -1.47116 -0.38083 -1 41
413 414 20 1.5824 1.5828 -107.23 -107.183 -1.47116 -0.45883 -1 41
413 407 21 1.5293 1.532 -114.851 -114.826 -1.41716 -0.30283 -1 41
413 397 22 1.4784 1.4796 -101.49 -101.18 -1.36316 -0.53083 -1 41
413 337 23 1.533 1.5311 -110.637 -110.639 -1.42316 -0.38083 -1 41
413 419 24 1.5128 1.5149 -113.093 -113.031 -1.40516 -0.33283 -1 41
413 411 25 1.5994 1.6012 -103.61 -103.92 -1.48316 -0.52483 -1 41
413 384 26 1.4892 1.4911 -103.52 -103.914 -1.38116 -0.48883 -1 41
413 441 27 1.5138 1.5135 -105.703 -105.71 -1.40516 -0.46483 -1 41
413 387 28 1.5293 1.5298 -103.921 -103.955 -1.41716 -0.50083 -1 41
413 377 29 1.49 1.4927 -103.166 -103.242 -1.38116 -0.50083 -1 41
413 376 30 1.5926 1.5924 -113.012 -112.981 -1.47716 -0.35083 -1 41
413 383 31 1.5805 1.5782 -102.851 -102.834 -1.45916 -0.53683 -1 41
413 368 32 1.5603 1.5635 -110.685 -110.747 -1.45316 -0.38683 -1 41
413 381 33 1.5799 1.5859 -104.809 -104.961 -1.47116 -0.50083 -1 41
413 357 34 1.5618 1.561 -104.764 -104.523 -1.44716 -0.50083 -1 41
413 389 35 1.478 1.4802 -106.739 -106.506 -1.37516 -0.44083 -1 41
413 394 36 1.5968 1.6028 -102.937 -103.294 -1.48316 -0.53683 -1 41
413 434 37 1.5611 1.5587 -114.911 -115.101 -1.44116 -0.30283 -1 41
413 408 38 1.5338 1.5308 -108.106 -107.678 -1.42316 -0.43483 -1 41
413 394 39 1.55 1.5499 -108.415 -108.301 -1.44116 -0.42883 -1 41
413 362 40 1.4937 1.4918 -109.516 -109.422 -1.38716 -0.39283 -1 41
413 392 41 1.5861 1.5908 -111.865 -112.034 -1.47716 -0.36883 -1 41
413 403 42 1.4898 1.4931 -111.171 -111.446 -1.38716 -0.35683 -1 41
413 391 43 1.49 1.4925 -110.661 -110.772 -1.38716 -0.36883 -1 41
413 388 44 1.5495 1.55 -103.685 -103.651 -1.43516 -0.51283 -1 41
413 413 45 1.4812 1.4821 -105.164 -105.148 -1.37516 -0.46483 -1 41
413 399 46 1.5815 1.5843 -105.802 -105.912 -1.47116 -0.48283 -1 41
413 354 47 1.5576 1.5586 -105.588 -105.811 -1.44716 -0.47683 -1 41
413 394 48 1.4797 1.4802 -106.666 -106.506 -1.37516 -0.44083 -1 41
413 393 49 1.4865 1.4845 -101.781 -101.647 -1.36916 -0.52483 -1 41
447 434 0 1.5876 1.5896 -111.082 -111.085 -1.47716 -0.38683 -1 41
447 438 1 1.5779 1.5762 -107.513 -107.403 -1.46516 -0.45283 -1 41
447 416 2 1.4842 1.4787 -114.486 -114.247 -1.36916 -0.30283 -1 41
447 415 3 1.597 1.5984 -112.836 -112.741 -1.48316 -0.35683 -1 41
447 442 4 1.5908 1.5911 -105.582 -105.7 -1.47716 -0.48883 -1 41
447 450 5 1.4917 1.4933 -106.572 -106.385 -1.38716 -0.44683 -1 41
447 430 6 1.478 1.4712 -114.171 -113.83 -1.36316 -0.30883 -1 41
447 427 7 1.5651 1.565 -102.976 -102.918 -1.44716 -0.53083 -1 41
447 431 8 1.5938 1.5888 -108.126 -107.916 -1.47716 -0.44683 -1 41
447 407 9 1.5504 1.5521 -100.944 -100.95 -1.42916 -0.56083 -1 41
447 430 10 1.5181 1.5179 -108.228 -107.807 -1.41116 -0.42883 -1 41
447 446 11 1.5936 1.5892 -107.32 -107.282 -1.47716 -0.45883 -1 41
447 438 12 1.4758 1.4712 -114.006 -113.83 -1.36316 -0.30883 -1 41
447 432 13 1.5043 1.5014 -100.621 -100.571 -1.38116 -0.54883 -1 41
447 395 14 1.5946 1.5907 -101.183 -101.061 -1.46516 -0.57283 -1 41
447 425 15 1.5837 1.5821 -108.474 -108.456 -1.47116 -0.43483 -1 41
447 408 16 1.5937 1.5934 -102.1 -102.122 -1.47116 -0.55483 -1 41
447 406 17 1.5505 1.5498 -109.172 -108.95 -1.44116 -0.41683 -1 41
447 437 18 1.5735 1.5765 -107.07 -107.084 -1.46516 -0.45883 -1 41
447 442 19 1.6018 1.6022 -107.276 -107.163 -1.48916 -0.46483 -1 41
447 400 20 1.6022 1.5997 -113.487 -113.37 -1.48316 -0.34483 -1 41
447 442 21 1.5252 1.5303 -114.118 -114.171 -1.41716 -0.31483 -1 41
447 460 22 1.5033 1.5015 -104.98 -105.153 -1.39316 -0.47083 -1 41
447 412 23 1.5724 1.5726 -112.85 -112.753 -1.45916 -0.35083 -1 41
447 374 24 1.5423 1.5437 -110.175 -110.161 -1.43516 -0.39283 -1 41
447 434 25 1.5543 1.5527 -102.652 -102.682 -1.43516 -0.53083 -1 41
447 427 26 1.5854 1.5866 -104.631 -104.644 -1.47116 -0.50683 -1 41
447 410 27 1.5467 1.543 -104.182 -103.86 -1.42916 -0.50683 -1 41
447 421 28 1.589 1.5891 -110.29 -110.451 -1.47716 -0.39883 -1 41
447 399 29 1.5596 1.5632 -110.378 -110.425 -1.45316 -0.39283 -1 41
447 465 30 1.5664 1.5654 -114.986 -115.168 -1.44716 -0.30283 -1 41
447 406 31 1.5004 1.4985 -109.982 -110.189 -1.39316 -0.38083 -1 41
447 399 32 1.5421 1.5409 -104.914 -104.836 -1.42916 -0.48883 -1 41
447 458 33 1.6045 1.6033 -106.17 -106.221 -1.48916 -0.48283 -1 41
447 444 34 1.5947 1.5997 -104.251 -104.547 -1.48316 -0.51283 -1 41
447 400 35 1.5724 1.5734 -104.675 -104.744 -1.45916 -0.50083 -1 41
447 413 36 1.5788 1.5824 -109.922 -110.047 -1.47116 -0.40483 -1 41
447 409 37 1.5067 1.5045 -114.36 -114.208 -1.39316 -0.30883 -1 41
447 434 38 1.5885 1.5928 -104.607 -104.753 -1.47716 -0.50683 -1 41
447 456 39 1.5239 1.5203 -105.563 -105.488 -1.41116 -0.47083 -1 41
447 449 40 1.5412 1.5374 -107.66 -107.451 -1.42916 -0.44083 -1 41
447 463 41 1.512 1.5141 -105.18 -105.377 -1.40516 -0.47083 -1 41
447 453 42 1.5246 1.5209 -112.806 -112.779 -1.41116 -0.33883 -1 41
447 433 43 1.5697 1.5696 -107.687 -107.625 -1.45916 -0.44683 -1 41
447 413 44 1.4777 1.4804 -111.339 -111.611 -1.37516 -0.35083 -1 41
447 443 45 1.4998 1.4989 -107.258 -107.165 -1.39316 -0.43483 -1 41
447 417 46 1.5863 1.5847 -112.52 -112.272 -1.47116 -0.36283 -1 41
447 436 47 1.523 1.5194 -111.798 -111.787 -1.41116 -0.35683 -1 41
447 421 48 1.5764 1.5777 -111.968 -111.875 -1.46516 -0.36883 -1 41
447 422 49 1.529 1.5284 -104.665 -104.611 -1.41716 -0.48883 -1 41
482 423 0 1.4725 1.4727 -107.891 -107.764 -1.36916 -0.41683 -1 41
482 451 1 1.564 1.5627 -108.832 -108.815 -1.45316 -0.42283 -1 41
482 468 2 1.4871 1.4935 -111.66 -111.783 -1.38716 -0.35083 -1 41
482 436 3 1.564 1.5632 -110.47 -110.425 -1.45316 -0.39283 -1 41
482 442 4 1.5905 1.5886 -109.619 -109.501 -1.47716 -0.41683 -1 41
482 446 5 1.4795 1.4795 -107.153 -107.187 -1.37516 -0.42883 -1 41
482 449 6 1.5788 1.5764 -103.646 -103.469 -1.45916 -0.52483 -1 41
482 438 7 1.5165 1.5171 -101.382 -101.62 -1.39916 -0.53683 -1 41
482 454 8 1.5711 1.5721 -102.818 -102.717 -1.45316 -0.53683 -1 41
482 459 9 1.5236 1.5229 -104.109 -104.168 -1.41116 -0.49483 -1 41
482 473 10 1.4768 1.4759 -105.175 -105.033 -1.36916 -0.46483 -1 41
482 410 11 1.5366 1.54 -100.434 -100.696 -1.41716 -0.56083 -1 41
482 411 12 1.4736 1.4792 -110.031 -110.25 -1.37516 -0.37483 -1 41
482 472 13 1.5925 1.5942 -104.254 -104.123 -1.47716 -0.51883 -1 41
482 404 14 1.5202 1.5177 -109.728 -109.798 -1.41116 -0.39283 -1 41
482 459 15 1.5497 1.5476 -102.094 -102.239 -1.42916 -0.53683 -1 41
482 507 16 1.5031 1.5068 -105.744 -105.933 -1.39916 -0.45883 -1 41
482 440 17 1.5684 1.5694 -109.978 -109.871 -1.45916 -0.40483 -1 41
482 502 18 1.503 1.501 -105.585 -105.488 -1.39316 -0.46483 -1 41
482 487 19 1.5181 1.5204 -112.347 -112.448 -1.41116 -0.34483 -1 41
482 440 20 1.4736 1.4762 -102.104 -102.194 -1.36316 -0.51283 -1 41
482 421 21 1.5435 1.5448 -111.246 -111.465 -1.43516 -0.36883 -1 41
482 443 22 1.5856 1.5821 -109.144 -109.092 -1.47116 -0.42283 -1 41
482 464 23 1.5862 1.5904 -111.504 -111.718 -1.47716 -0.37483 -1 41
482 454 24 1.5984 1.5976 -102.679 -102.866 -1.47716 -0.54283 -1 41
482 447 25 1.5208 1.5186 -111.093 -111.124 -1.41116 -0.36883 -1 41
482 476 26 1.5047 1.5059 -111.081 -111.284 -1.39916 -0.36283 -1 41
482 446 27 1.5462 1.5497 -101.469 -101.593 -1.42916 -0.54883 -1 41
482 450 28 1.5788 1.5761 -114.181 -114.348 -1.45916 -0.32083 -1 41
482 472 29 1.5199 1.5153 -104.716 -104.714 -1.40516 -0.48283 -1 41
482 433 30 1.5467 1.5455 -105.697 -105.922 -1.43516 -0.47083 -1 41
482 455 31 1.4998 1.4987 -110.385 -110.525 -1.39316 -0.37483 -1 41
482 447 32 1.5774 1.5774 -101.287 -101.13 -1.45316 -0.56683 -1 41
482 469 33 1.4933 1.4997 -111.166 -111.532 -1.39316 -0.35683 -1 41
482 445 34 1.6007 1.6019 -109.988 -110.307 -1.48916 -0.40483 -1 41
482 423 35 1.504 1.5047 -109.29 -109.277 -1.39916 -0.39883 -1 41
482 423 36 1.5242 1.5255 -100.936 -101.09 -1.40516 -0.54883 -1 41
482 424 37 1.5452 1.5448 -111.442 -111.465 -1.43516 -0.36883 -1 41
482 493 38 1.6025 1.6067 -104.123 -104.342 -1.48916 -0.51883 -1 41
482 461 39 1.5068 1.5096 -113.804 -113.618 -1.39916 -0.32083 -1 41
482 455 40 1.5574 1.5558 -101.733 -101.717 -1.43516 -0.54883 -1 41
482 422 41 1.5974 1.5956 -101.454 -101.496 -1.47116 -0.56683 -1 41
482 452 42 1.5872 1.5845 -115.043 -115.05 -1.46516 -0.30883 -1 41
482 486 43 1.4973 1.5001 -111.869 -111.868 -1.39316 -0.35083 -1 41
482 440 44 1.5705 1.5712 -105.813 -106.022 -1.45916 -0.47683 -1 41
482 487 45 1.4849 1.4834 -100.513 -100.171 -1.36316 -0.54883 -1 41
482 449 46 1.4794 1.4787 -103.577 -103.674 -1.36916 -0.48883 -1 41
482 483 47 1.4931 1.494 -112.086 -112.119 -1.38716 -0.34483 -1 41
482 449 48 1.4841 1.4849 -103.471 -103.795 -1.37516 -0.48883 -1 41
482 428 49 1.4987 1.4982 -109.156 -109.181 -1.39316 -0.39883 -1 41
34 93 0 1.5234 1.4433 -102.799 -117.532 -1.32716 -0.23683 -0 40
34 92 1 1.4735 1.4433 -103.973 -117.532 -1.32716 -0.23683 -0 40
34 93 2 1.4726 1.4433 -108.688 -117.532 -1.32716 -0.23683 -0 40
34 95 3 1.6036 1.6241 -104.474 -105.283 -1.50716 -0.50683 -0 40
34 91 4 1.5916 1.4433 -105.538 -117.532 -1.32716 -0.23683 -0 40
34 93 5 1.5357 1.4433 -113.895 -117.532 -1.32716 -0.23683 -0 40
34 93 6 1.5625 1.4433 -109.217 -117.532 -1.32716 -0.23683 -0 40
34 93 7 1.5635 1.4433 -101.286 -117.532 -1.32716 -0.23683 -0 40
34 92 8 1.5893 1.4433 -101.33 -117.532 -1.32716 -0.23683 -0 40
34 93 9 1.4931 1.4433 -103.682 -117.532 -1.32716 -0.23683 -0 40
34 92 10 1.5445 1.4433 -102.604 -117.532 -1.32716 -0.23683 -0 40
34 92 11 1.5197 1.4433 -114.064 -117.532 -1.32716 -0.23683 -0 40
34 93 12 1.5517 1.4433 -113.19 -117.532 -1.32716 -0.23683 -0 40
34 93 13 1.5514 1.4433 -104.235 -117.532 -1.32716 -0.23683 -0 40
34 92 14 1.5783 1.4433 -107.709 -117.532 -1.32716 -0.23683 -0 40
34 99 15 1.4806 1.4368 -114.819 -112.736 -1.33316 -0.32083 -0 40
34 93 16 1.5742 1.4433 -114.554 -117.532 -1.32716 -0.23683 -0 40
34 93 17 1.5123 1.4433 -114.76 -117.532 -1.32716 -0.23683 -0 40
34 92 18 1.4859 1.4433 -109.42 -117.532 -1.32716 -0.23683 -0 40
34 93 19 1.4991 1.4433 -111.775 -117.532 -1.32716 -0.23683 -0 40
34 92 20 1.4938 1.4368 -113.19 -112.736 -1.33316 -0.32083 -0 40
34 105 21 1.4726 1.4368 -114.223 -112.736 -1.33316 -0.32083 -0 40
34 92 22 1.5313 1.4433 -113.418 -117.532 -1.32716 -0.23683 -0 40
34 93 23 1.4846 1.4433 -102.285 -117.532 -1.32716 -0.23683 -0 40
34 92 24 1.5362 1.4433 -112.714 -117.532 -1.32716 -0.23683 -0 40
34 92 25 1.5712 1.4433 -108.701 -117.532 -1.32716 -0.23683 -0 40
34 92 26 1.5638 1.4433 -104.154 -117.532 -1.32716 -0.23683 -0 40
34 93 27 1.5326 1.4433 -112.797 -117.532 -1.32716 -0.23683 -0 40
34 92 28 1.5811 1.4433 -106.494 -117.532 -1.32716 -0.23683 -0 40
34 93 29 1.5014 1.4433 -104.431 -117.532 -1.32716 -0.23683 -0 40
34 92 30 1.58 1.4433 -110.664 -117.532 -1.32716 -0.23683 -0 40
34 93 31 1.5118 1.4433 -103.482 -117.532 -1.32716 -0.23683 -0 40
34 97 32 1.4789 1.4368 -112.651 -112.736 -1.33316 -0.32083 -0 40
34 93 33 1.5104 1.4433 -110.76 -117.532 -1.32716 -0.23683 -0 40
34 103 34 1.4765 1.4368 -114.093 -112.736 -1.33316 -0.32083 -0 40
34 93 35 1.5643 1.4433 -112.294 -117.532 -1.32716 -0.23683 -0 40
34 92 36 1.591 1.4433 -110.617 -117.532 -1.32716 -0.23683 -0 40
34 92 37 1.5535 1.4433 -100.678 -117.532 -1.32716 -0.23683 -0 40
34 93 38 1.4939 1.4433 -103.624 -117.532 -1.32716 -0.23683 -0 40
34 92 39 1.5754 1.4433 -107.231 -117.532 -1.32716 -0.23683 -0 40
34 93 40 1.5819 1.4433 -102.633 -117.532 -1.32716 -0.23683 -0 40
34 92 41 1.5597 1.4433 -113.757 -117.532 -1.32716 -0.23683 -0 40
34 92 42 1.5792 1.4433 -113.297 -117.532 -1.32716 -0.23683 -0 40
34 92 43 1.4747 1.4433 -106.912 -117.532 -1.32716 -0.23683 -0 40
34 93 44 1.5639 1.4433 -113.006 -117.532 -1.32716 -0.23683 -0 40
34 92 45 1.5215 1.4433 -110.472 -117.532 -1.32716 -0.23683 -0 40
34 92 46 1.4875 1.4433 -108.773 -117.532 -1.32716 -0.23683 -0 40
34 92 47 1.4764 1.4433 -104.14 -117.532 -1.32716 -0.23683 -0 40
34 93 48 1.5809 1.4433 -114.365 -117.532 -1.32716 -0.23683 -0 40
34 95 49 1.6004 1.6293 -110.816 -111.879 -1.51316 -0.38083 -0 40
69 91 0 1.5643 1.4433 -103.626 -117.532 -1.32716 -0.23683 -0 40
69 93 1 1.4895 1.4433 -104.057 -117.532 -1.32716 -0.23683 -0 40
69 92 2 1.6044 1.4433 -108.664 -117.532 -1.32716 -0.23683 -0 40
69 92 3 1.5017 1.4368 -114.545 -112.736 -1.33316 -0.32083 -0 40
69 92 4 1.5254 1.4433 -109.554 -117.532 -1.32716 -0.23683 -0 40
69 93 5 1.4785 1.4362 -111.388 -112.386 -1.33316 -0.32683 -0 40
69 93 6 1.5481 1.4433 -103.195 -117.532 -1.32716 -0.23683 -0 40
69 93 7 1.5484 1.4433 -103.236 -117.532 -1.32716 -0.23683 -0 40
69 106 8 1.5195 1.519 -106.185 -106.481 -1.41116 -0.45283 -0 40
69 93 9 1.5286 1.4433 -100.338 -117.532 -1.32716 -0.23683 -0 40
69 93 10 1.5393 1.4433 -112.67 -117.532 -1.32716 -0.23683 -0 40
69 94 11 1.5582 1.4433 -110.312 -117.532 -1.32716 -0.23683 -0 40
69 101 12 1.604 1.6298 -112.851 -112.187 -1.51316 -0.37483 -0 40
69 92 13 1.5009 1.4433 -112.749 -117.532 -1.32716 -0.23683 -0 40
69 92 14 1.5209 1.4433 -103.253 -117.532 -1.32716 -0.23683 -0 40
69 92 15 1.5546 1.4433 -104.17 -117.532 -1.32716 -0.23683 -0 40
69 110 16 1.5987 1.6293 -111.776 -111.879 -1.51316 -0.38083 -0 40
69 92 17 1.5316 1.4433 -114.811 -117.532 -1.32716 -0.23683 -0 40
69 92 18 1.5537 1.4433 -108.537 -117.532 -1.32716 -0.23683 -0 40
69 93 19 1.5438 1.4433 -101.356 -117.532 -1.32716 -0.23683 -0 40
69 99 20 1.5332 1.519 -106.849 -106.481 -1.41116 -0.45283 -0 40
69 99 21 1.4907 1.4368 -114.922 -112.736 -1.33316 -0.32083 -0 40
69 93 22 1.5701 1.4433 -111.696 -117.532 -1.32716 -0.23683 -0 40
69 92 23 1.4996 1.4368 -112.896 -112.736 -1.33316 -0.32083 -0 40
69 92 24 1.5 1.4433 -112.188 -117.532 -1.32716 -0.23683 -0 40
69 93 25 1.5434 1.4433 -112.231 -117.532 -1.32716 -0.23683 -0 40
69 104 26 1.5907 1.6185 -104.274 -104.869 -1.50116 -0.51283 -0 40
69 93 27 1.5678 1.4433 -112.349 -117.532 -1.32716 -0.23683 -0 40
69 94 28 1.5578 1.4433 -111.594 -117.532 -1.32716 -0.23683 -0 40
69 92 29 1.5249 1.4433 -111.776 -117.532 -1.32716 -0.23683 -0 40
69 93 30 1.5436 1.4433 -113.23 -117.532 -1.32716 -0.23683 -0 40
69 93 31 1.5096 1.4433 -100.314 -117.532 -1.32716 -0.23683 -0 40
69 92 32 1.5551 1.4433 -102.285 -117.532 -1.32716 -0.23683 -0 40
69 91 33 1.5796 1.4433 -104.014 -117.532 -1.32716 -0.23683 -0 40
69 93 34 1.5474 1.4433 -101.759 -117.532 -1.32716 -0.23683 -0 40
69 93 35 1.5209 1.4433 -101.478 -117.532 -1.32716 -0.23683 -0 40
69 93 36 1.5043 1.4433 -103.574 -117.532 -1.32716 -0.23683 -0 40
69 93 37 1.5725 1.4433 -113.355 -117.532 -1.32716 -0.23683 -0 40
69 92 38 1.5693 1.4433 -107.413 -117.532 -1.32716 -0.23683 -0 40
69 93 39 1.5407 1.4433 -105.736 -117.532 -1.32716 -0.23683 -0 40
69 101 40 1.5932 1.6289 -110.11 -111.57 -1.51316 -0.38683 -0 40
69 92 41 1.4945 1.4433 -112.141 -117.532 -1.32716 -0.23683 -0 40
69 92 42 1.5649 1.4433 -103.175 -117.532 -1.32716 -0.23683 -0 40
69 92 43 1.4984 1.4368 -113.047 -112.736 -1.33316 -0.32083 -0 40
69 93 44 1.5084 1.4433 -101.762 -117.532 -1.32716 -0.23683 -0 40
69 91 45 1.4776 1.4433 -107.158 -117.532 -1.32716 -0.23683 -0 40
69 106 46 1.5179 1.5131 -105.855 -106.042 -1.40516 -0.45883 -0 40
69 93 47 1.5484 1.4433 -109.423 -117.532 -1.32716 -0.23683 -0 40
69 92 48 1.5675 1.4433 -105.735 -117.532 -1.32716 -0.23683 -0 40
69 92 49 1.5577 1.4433 -103.053 -117.532 -1.32716 -0.23683 -0 40
103 94 0 1.4838 1.4997 -110.783 -111.532 -1.39316 -0.35683 -0 40
103 94 1 1.5338 1.4433 -109.752 -117.532 -1.32716 -0.23683 -0 40
103 116 2 1.5003 1.5072 -111.88 -112.285 -1.39916 -0.34483 -0 40
103 135 3 1.5997 1.6136 -103.369 -104.14 -1.49516 -0.52483 -1 40
103 92 4 1.5987 1.4433 -108.727 -117.532 -1.32716 -0.23683 -0 40
103 92 5 1.5831 1.4433 -114.033 -117.532 -1.32716 -0.23683 -0 40
103 92 6 1.487 1.4433 -109.095 -117.532 -1.32716 -0.23683 -0 40
103 93 7 1.4959 1.4433 -102.603 -117.532 -1.32716 -0.23683 -0 40
103 110 8 1.5817 1.5898 -106.124 -106.649 -1.47716 -0.47083 -0 40
103 119 9 1.4865 1.4947 -104.878 -105.376 -1.38716 -0.46483 -0 40
103 111 10 1.5215 1.5222 -113.683 -113.439 -1.41116 -0.32683 -0 40
103 105 11 1.5578 1.5561 -113.479 -114.135 -1.44116 -0.32083 -1 40
103 142 12 1.5133 1.5126 -106.351 -106.374 -1.40516 -0.45283 -1 40
103 105 13 1.5244 1.5378 -114.539 -114.57 -1.42316 -0.30883 -0 40
103 110 14 1.5451 1.5311 -108.041 -107.349 -1.42316 -0.44083 -0 40
103 92 15 1.5898 1.4433 -114.254 -117.532 -1.32716 -0.23683 -0 40
103 115 16 1.5946 1.5959 -107.464 -107.065 -1.48316 -0.46483 -1 40
103 122 17 1.4847 1.4834 -100.647 -100.171 -1.36316 -0.54883 -1 40
103 101 18 1.5212 1.5378 -114.389 -114.57 -1.42316 -0.30883 -0 40
103 93 19 1.5787 1.4433 -111.973 -117.532 -1.32716 -0.23683 -0 40
103 115 20 1.5673 1.5645 -114.339 -114.848 -1.44716 -0.30883 -0 40
103 114 21 1.4765 1.4428 -112.066 -112.472 -1.33916 -0.32683 -0 40
103 140 22 1.5172 1.5131 -106.209 -106.042 -1.40516 -0.45883 -0 40
103 134 23 1.5166 1.5135 -105.486 -105.71 -1.40516 -0.46483 -0 40
103 93 24 1.5337 1.4433 -110.587 -117.532 -1.32716 -0.23683 -0 40
103 140 25 1.6002 1.6168 -105.694 -105.801 -1.50116 -0.49483 -1 40
103 109 26 1.5917 1.5892 -107.814 -107.282 -1.47716 -0.45883 -0 40
103 93 27 1.5706 1.4433 -111.453 -117.532 -1.32716 -0.23683 -0 40
103 96 28 1.5816 1.6074 -102.953 -104.03 -1.48916 -0.52483 -1 40
103 126 29 1.5982 1.6232 -112.106 -112.111 -1.50716 -0.37483 -1 40
103 96 30 1.5027 1.5084 -103.629 -104.933 -1.39916 -0.47683 -1 40
103 105 31 1.5134 1.5156 -113.741 -113.362 -1.40516 -0.32683 -0 40
103 138 32 1.5169 1.5131 -105.717 -106.042 -1.40516 -0.45883 -0 40
103 93 33 1.5277 1.4433 -110.039 -117.532 -1.32716 -0.23683 -0 40
103 111 34 1.514 1.5141 -104.372 -105.377 -1.40516 -0.47083 -1 40
103 123 35 1.4902 1.501 -104.993 -105.488 -1.39316 -0.46483 -0 40
103 92 36 1.5594 1.4433 -102.166 -117.532 -1.32716 -0.23683 -0 40
103 93 37 1.5521 1.4433 -106.233 -117.532 -1.32716 -0.23683 -0 40
103 118 38 1.5049 1.5072 -112.423 -112.285 -1.39916 -0.34483 -0 40
103 92 39 1.544 1.4433 -103.744 -117.532 -1.32716 -0.23683 -0 40
103 120 40 1.5376 1.5253 -106.323 -106.587 -1.41716 -0.45283 -0 40
103 93 41 1.5507 1.4433 -101.567 -117.532 -1.32716 -0.23683 -0 40
103 92 42 1.5891 1.4433 -108.712 -117.532 -1.32716 -0.23683 -0 40
103 93 43 1.4793 1.4433 -110.383 -117.532 -1.32716 -0.23683 -0 40
103 126 44 1.6024 1.6092 -106.901 -106.635 -1.49516 -0.47683 -1 40
103 104 45 1.5397 1.5341 -112.741 -112.936 -1.42316 -0.33883 -0 40
103 92 46 1.475 1.4433 -108.594 -117.532 -1.32716 -0.23683 -0 40
103 94 47 1.5331 1.4433 -110.336 -117.532 -1.32716 -0.23683 -0 40
103 91 48 1.5645 1.4433 -103.62 -117.532 -1.32716 -0.23683 -0 40
103 110 49 1.5477 1.5313 -107.466 -107.02 -1.42316 -0.44683 -0 40
138 108 0 1.5618 1.557 -104.169 -103.444 -1.44116 -0.51883 -1 40
138 147 1 1.5365 1.5355 -113.394 -113.59 -1.42316 -0.32683 -1 40
138 123 2 1.5643 1.5598 -102.393 -102.48 -1.44116 -0.53683 -1 40
138 132 3 1.4999 1.5028 -103.758 -104.484 -1.39316 -0.48283 -1 40
138 123 4 1.5537 1.5547 -101.873 -102.038 -1.43516 -0.54283 -0 40
138 152 5 1.4852 1.4941 -105.487 -105.712 -1.38716 -0.45883 -1 40
138 168 6 1.5273 1.519 -106.57 -106.481 -1.41116 -0.45283 -1 40
138 92 7 1.4871 1.4433 -108.993 -117.532 -1.32716 -0.23683 -0 40
138 111 8 1.558 1.5619 -100.787 -100.117 -1.43516 -0.57883 -1 40
138 105 9 1.5811 1.5821 -109.507 -109.411 -1.47116 -0.41683 -1 40
138 111 10 1.5136 1.5001 -101.391 -100.903 -1.38116 -0.54283 -1 40
138 125 11 1.4893 1.4993 -110.548 -111.197 -1.39316 -0.36283 -0 40
138 108 12 1.5946 1.5779 -115.112 -114.983 -1.45916 -0.30883 -1 40
138 93 13 1.5274 1.4433 -109.932 -117.532 -1.32716 -0.23683 -0 40
138 171 14 1.6019 1.6136 -103.755 -104.14 -1.49516 -0.52483 -1 40
138 108 15 1.5851 1.5821 -109.22 -108.774 -1.47116 -0.42883 -1 40
138 142 16 1.4821 1.4632 -113.318 -113.067 -1.35716 -0.32083 -1 40
138 115 17 1.5738 1.5777 -111.917 -111.875 -1.46516 -0.36883 -1 40
138 107 18 1.5663 1.5769 -110.778 -111.237 -1.46516 -0.38083 -1 40
138 141 19 1.5026 1.5063 -111.105 -111.618 -1.39916 -0.35683 -0 40
138 102 20 1.6025 1.6353 -114.128 -114.648 -1.51316 -0.32683 -1 40
138 111 21 1.5969 1.584 -101.137 -99.555 -1.45316 -0.59683 -1 40
138 110 22 1.5935 1.5886 -109.089 -108.55 -1.47716 -0.43483 -0 40
138 91 23 1.507 1.4433 -109.321 -117.532 -1.32716 -0.23683 -0 40
138 124 24 1.5734 1.5758 -108.282 -108.042 -1.46516 -0.44083 -1 40
138 127 25 1.5655 1.5696 -107.583 -107.625 -1.45916 -0.44683 -1 40
138 173 26 1.5049 1.5068 -105.744 -105.933 -1.39916 -0.45883 -1 40
138 158 27 1.5984 1.6136 -103.313 -104.14 -1.49516 -0.52483 -1 40
138 129 28 1.5823 1.5997 -104.05 -104.547 -1.48316 -0.51283 -1 40
138 110 29 1.5933 1.622 -109.211 -111.181 -1.50716 -0.39283 -1 40
138 146 30 1.4755 1.4513 -115.074 -113.595 -1.34516 -0.30883 -0 40
138 130 31 1.555 1.5504 -107.392 -107.326 -1.44116 -0.44683 -1 40
138 109 32 1.5676 1.5715 -111.92 -112.114 -1.45916 -0.36283 -1 40
138 109 33 1.5145 1.5115 -108.84 -107.706 -1.40516 -0.42883 -0 40
138 96 34 1.4827 1.4793 -108.208 -107.527 -1.37516 -0.42283 -1 40
138 145 35 1.5283 1.5203 -105.213 -105.488 -1.41116 -0.47083 -1 40
138 136 36 1.4858 1.4896 -104.139 -104.588 -1.38116 -0.47683 -1 40
138 109 37 1.537 1.5291 -104.484 -104.283 -1.41716 -0.49483 -1 40
138 120 38 1.5687 1.5659 -102.686 -102.599 -1.44716 -0.53683 -1 40
138 108 39 1.5903 1.622 -109.286 -111.181 -1.50716 -0.39283 -1 40
138 142 40 1.5388 1.5348 -113.003 -113.263 -1.42316 -0.33283 -1 40
138 96 41 1.5895 1.5812 -113.925 -113.783 -1.46516 -0.33283 -0 40
138 150 42 1.504 1.5077 -112.629 -112.619 -1.39916 -0.33883 -1 40
138 128 43 1.5582 1.5566 -107.779 -107.75 -1.44716 -0.44083 -1 40
138 102 44 1.4724 1.4866 -110.462 -111.359 -1.38116 -0.35683 -0 40
138 105 45 1.5915 1.5918 -113.199 -112.666 -1.47716 -0.35683 -1 40
138 141 46 1.4909 1.5006 -112.132 -112.203 -1.39316 -0.34483 -0 40
138 135 47 1.5068 1.5063 -110.965 -111.618 -1.39916 -0.35683 -0 40
138 117 48 1.5654 1.5579 -103.629 -103.122 -1.44116 -0.52483 -1 40
138 171 49 1.5158 1.5186 -107.011 -106.812 -1.41116 -0.44683 -1 40
172 137 0 1.5438 1.5335 -105.273 -105.379 -1.42316 -0.47683 -1 40
172 151 1 1.5804 1.588 -103.783 -104.012 -1.47116 -0.51883 -1 40
172 151 2 1.5638 1.5628 -108.686 -108.492 -1.45316 -0.42883 -1 40
172 154 3 1.4901 1.4993 -110.432 -111.197 -1.39316 -0.36283 -1 40
172 204 4 1.6014 1.6105 -105.425 -105.698 -1.49516 -0.49483 -1 40
172 164 5 1.4802 1.4796 -101.688 -101.18 -1.36316 -0.53083 -1 40
172 163 6 1.5379 1.5261 -105.614 -105.927 -1.41716 -0.46483 -1 40
172 187 7 1.593 1.6053 -104.692 -104.968 -1.48916 -0.50683 -1 40
172 198 8 1.5491 1.5512 -114.56 -114.71 -1.43516 -0.30883 -1 40
172 125 9 1.5262 1.5186 -110.706 -111.124 -1.41116 -0.36883 -1 40
172 130 10 1.4854 1.4855 -108.251 -107.97 -1.38116 -0.41683 -1 40
172 141 11 1.5903 1.5885 -109.193 -108.867 -1.47716 -0.42883 -1 40
172 142 12 1.4738 1.4712 -102.388 -101.726 -1.35716 -0.51883 -1 40
172 136 13 1.5561 1.5578 -106.143 -106.457 -1.44716 -0.46483 -1 40
172 133 14 1.4878 1.492 -109.711 -110.097 -1.38716 -0.38083 -1 40
172 154 15 1.4947 1.4897 -113.848 -113.386 -1.38116 -0.32083 -1 40
172 141 16 1.4741 1.4866 -110.844 -111.359 -1.38116 -0.35683 -1 40
172 165 17 1.5318 1.5244 -108.527 -107.577 -1.41716 -0.43483 -1 40
172 174 18 1.5416 1.5372 -108.117 -107.778 -1.42916 -0.43483 -1 40
172 187 19 1.5927 1.6053 -104.694 -104.968 -1.48916 -0.50683 -1 40
172 140 20 1.5027 1.5017 -102.629 -102.362 -1.38716 -0.51883 -1 40
172 150 21 1.5704 1.5693 -108.683 -108.266 -1.45916 -0.43483 -1 40
172 173 22 1.5771 1.5831 -106.814 -106.865 -1.47116 -0.46483 -1 40
172 148 23 1.5805 1.5695 -114.181 -114.278 -1.45316 -0.32083 -1 40
172 150 24 1.5724 1.5711 -103.094 -103.035 -1.45316 -0.53083 -1 40
172 200 25 1.5183 1.5135 -105.563 -105.71 -1.40516 -0.46483 -1 40
172 114 26 1.4733 1.4724 -108.79 -108.447 -1.36916 -0.40483 -1 40
172 183 27 1.5898 1.5895 -107.156 -106.965 -1.47716 -0.46483 -1 40
172 126 28 1.511 1.505 -109.947 -110.281 -1.39916 -0.38083 -1 40
172 197 29 1.4959 1.5004 -105.467 -105.823 -1.39316 -0.45883 -1 40
172 166 30 1.5844 1.5985 -104.904 -105.175 -1.48316 -0.50083 -1 40
172 142 31 1.5139 1.5061 -101.273 -101.034 -1.38716 -0.54283 -1 40
172 164 32 1.5024 1.5028 -103.823 -104.484 -1.39316 -0.48283 -1 40
172 143 33 1.5619 1.5627 -109.037 -108.815 -1.45316 -0.42283 -1 40
172 119 34 1.5571 1.554 -104.99 -104.734 -1.44116 -0.49483 -1 40
172 151 35 1.5715 1.5659 -102.655 -102.599 -1.44716 -0.53683 -1 40
172 165 36 1.5846 1.5985 -104.708 -105.175 -1.48316 -0.50083 -1 40
172 153 37 1.5455 1.5438 -103.78 -103.535 -1.42916 -0.51283 -1 40
172 134 38 1.5004 1.4978 -114.584 -114.134 -1.38716 -0.30883 -1 40
172 143 39 1.5813 1.5786 -112.702 -112.512 -1.46516 -0.35683 -1 40
172 150 40 1.5485 1.5486 -101.577 -101.916 -1.42916 -0.54283 -1 40
172 143 41 1.5775 1.5741 -101.986 -102.081 -1.45316 -0.54883 -1 40
172 195 42 1.5979 1.6037 -105.89 -105.907 -1.48916 -0.48883 -1 40
172 154 43 1.4812 1.4841 -103.536 -104.133 -1.37516 -0.48283 -1 40
172 140 44 1.4952 1.4946 -102.709 -102.572 -1.38116 -0.51283 -1 40
172 133 45 1.6048 1.6217 -109.106 -110.87 -1.50716 -0.39883 -1 40
172 170 46 1.5899 1.6031 -111.117 -111.563 -1.48916 -0.38083 -1 40
172 140 47 1.5413 1.5335 -105.146 -105.379 -1.42316 -0.47683 -1 40
172 165 48 1.5812 1.5906 -105.487 -106.016 -1.47716 -0.48283 -1 40
172 161 49 1.5457 1.5456 -103.198 -102.886 -1.42916 -0.52483 -1 40
206 177 0 1.4787 1.4862 -110.723 -111.02 -1.38116 -0.36283 -1 40
206 230 1 1.4964 1.5004 -105.447 -105.823 -1.39316 -0.45883 -1 40
206 178 2 1.5655 1.5627 -109.009 -108.815 -1.45316 -0.42283 -1 40
206 217 3 1.498 1.5006 -112.022 -112.203 -1.39316 -0.34483 -1 40
206 190 4 1.5497 1.5444 -106.557 -106.899 -1.43516 -0.45283 -1 40
206 173 5 1.505 1.5049 -108.506 -107.938 -1.39916 -0.42283 -1 40
206 201 6 1.4995 1.5023 -113.314 -113.207 -1.39316 -0.32683 -1 40
206 175 7 1.5152 1.516 -101.92 -101.949 -1.39916 -0.53083 -1 40
206 185 8 1.5422 1.5402 -112.255 -112.688 -1.42916 -0.34483 -1 40
206 202 9 1.4817 1.4705 -114.06 -113.489 -1.36316 -0.31483 -1 40
206 228 10 1.5237 1.5247 -107.567 -107.247 -1.41716 -0.44083 -1 40
206 223 11 1.5243 1.5247 -107.75 -107.247 -1.41716 -0.44083 -1 40
206 154 12 1.5347 1.5376 -100.763 -101.344 -1.41716 -0.54883 -1 40
206 184 13 1.5193 1.5253 -114.761 -114.756 -1.41116 -0.30283 -1 40
206 186 14 1.5018 1.5051 -108.106 -107.604 -1.39916 -0.42883 -1 40
206 163 15 1.5919 1.5847 -101.388 -100.938 -1.45916 -0.57283 -1 40
206 232 16 1.6007 1.6067 -104.057 -104.342 -1.48916 -0.51883 -1 40
206 171 17 1.5909 1.5924 -113.143 -112.981 -1.47716 -0.35083 -1 40
206 167 18 1.4765 1.4729 -107.807 -107.422 -1.36916 -0.42283 -1 40
206 167 19 1.5169 1.5074 -100.771 -100.703 -1.38716 -0.54883 -1 40
206 195 20 1.5551 1.5517 -103.195 -103.004 -1.43516 -0.52483 -1 40
206 178 21 1.6047 1.613 -113.539 -113.514 -1.49516 -0.34483 -1 40
206 187 22 1.4823 1.4931 -110.861 -111.446 -1.38716 -0.35683 -1 40
206 171 23 1.4734 1.4743 -102.756 -102.872 -1.36316 -0.50083 -1 40
206 203 24 1.5817 1.5902 -105.856 -106.332 -1.47716 -0.47683 -1 40
206 174 25 1.4792 1.4795 -103.108 -103.335 -1.36916 -0.49483 -1 40
206 152 26 1.4793 1.4789 -108.678 -108.548 -1.37516 -0.40483 -1 40
206 164 27 1.5912 1.5884 -101.552 -101.689 -1.46516 -0.56083 -1 40
206 172 28 1.5685 1.5776 -105.554 -106.126 -1.46516 -0.47683 -1 40
206 183 29 1.5364 1.5414 -101.83 -102.117 -1.42316 -0.53683 -1 40
206 170 30 1.5664 1.5695 -110.052 -110.191 -1.45916 -0.39883 -1 40
206 208 31 1.4969 1.4992 -107.28 -106.829 -1.39316 -0.44083 -1 40
206 225 32 1.4931 1.4947 -105.291 -105.376 -1.38716 -0.46483 -1 40
206 220 33 1.5992 1.5962 -106.799 -106.749 -1.48316 -0.47083 -1 40
206 147 34 1.5421 1.5448 -111.036 -111.465 -1.43516 -0.36883 -1 40
206 175 35 1.5836 1.5852 -112.839 -112.589 -1.47116 -0.35683 -1 40
206 204 36 1.5003 1.4941 -100.919 -100.772 -1.37516 -0.54283 -1 40
206 217 37 1.5139 1.5119 -107.726 -107.04 -1.40516 -0.44083 -1 40
206 229 38 1.5992 1.6037 -105.682 -105.907 -1.48916 -0.48883 -1 40
206 217 39 1.5139 1.5133 -111.906 -112.035 -1.40516 -0.35083 -1 40
206 133 40 1.5319 1.5311 -110.415 -110.639 -1.42316 -0.38083 -1 40
206 191 41 1.5808 1.5838 -111.431 -111.637 -1.47116 -0.37483 -1 40
206 130 42 1.5261 1.5241 -109.861 -109.559 -1.41716 -0.39883 -1 40
206 141 43 1.5362 1.5383 -110.812 -111.381 -1.42916 -0.36883 -1 40
206 192 44 1.4873 1.4765 -113.768 -113.228 -1.36916 -0.32083 -1 40
206 143 45 1.5208 1.5176 -109.404 -108.802 -1.41116 -0.41083 -1 40
206 178 46 1.4816 1.4795 -107.496 -107.187 -1.37516 -0.42883 -1 40
206 155 47 1.4872 1.4918 -109.113 -109.422 -1.38716 -0.39283 -1 40
206 196 48 1.5526 1.5517 -103.171 -103.004 -1.43516 -0.52483 -1 40
206 170 49 1.5844 1.5812 -101.75 -101.884 -1.45916 -0.55483 -1 40
241 190 0 1.5425 1.546 -100.554 -100.823 -1.42316 -0.56083 -1 40
241 210 1 1.5413 1.5368 -104.18 -103.744 -1.42316 -0.50683 -1 40
241 243 2 1.5454 1.5487 -113.384 -113.739 -1.43516 -0.32683 -1 40
241 214 3 1.4986 1.4987 -110.208 -110.525 -1.39316 -0.37483 -1 40
241 197 4 1.4756 1.4862 -110.39 -111.02 -1.38116 -0.36283 -1 40
241 196 5 1.5477 1.5498 -109.341 -108.95 -1.44116 -0.41683 -1 40
241 261 6 1.5012 1.501 -105.144 -105.488 -1.39316 -0.46483 -1 40
241 209 7 1.5207 1.519 -110.918 -111.456 -1.41116 -0.36283 -1 40
241 202 8 1.4928 1.4853 -114.75 -114.321 -1.37516 -0.30283 -1 40
241 201 9 1.4723 1.4729 -107.709 -107.422 -1.36916 -0.42283 -1 40
241 244 10 1.4989 1.5021 -104.347 -104.819 -1.39316 -0.47683 -1 40
241 250 11 1.4848 1.482 -100.874 -100.507 -1.36316 -0.54283 -1 40
241 209 12 1.5867 1.5852 -112.928 -112.589 -1.47116 -0.35683 -1 40
241 222 13 1.5923 1.5979 -112.379 -112.427 -1.48316 -0.36283 -1 40
241 227 14 1.5058 1.5097 -103.814 -104.267 -1.39916 -0.48883 -1 40
241 231 15 1.5862 1.5824 -108.19 -107.819 -1.47116 -0.44683 -1 40
241 215 16 1.5719 1.5702 -103.511 -103.354 -1.45316 -0.52483 -1 40
241 259 17 1.5977 1.6047 -105.146 -105.281 -1.48916 -0.50083 -1 40
241 242 18 1.592 1.589 -107.741 -107.599 -1.47716 -0.45283 -1 40
241 254 19 1.4888 1.4947 -105.18 -105.376 -1.38716 -0.46483 -1 40
241 227 20 1.4818 1.4865 -106.86 -106.615 -1.38116 -0.44083 -1 40
241 179 21 1.5197 1.5181 -110.124 -110.461 -1.41116 -0.38083 -1 40
241 227 22 1.5424 1.5447 -103.091 -103.21 -1.42916 -0.51883 -1 40
241 223 23 1.5639 1.5629 -108.328 -108.17 -1.45316 -0.43483 -1 40
241 227 24 1.5214 1.5159 -104.304 -104.383 -1.40516 -0.48883 -1 40
241 253 25 1.5574 1.557 -114.141 -114.457 -1.44116 -0.31483 -1 40
241 207 26 1.4973 1.4985 -109.973 -110.189 -1.39316 -0.38083 -1 40
241 222 27 1.5846 1.5812 -100.82 -100.183 -1.45316 -0.58483 -1 40
241 191 28 1.4863 1.4853 -108.66 -108.648 -1.38116 -0.40483 -1 40
241 187 29 1.5463 1.5514 -111.204 -111.548 -1.44116 -0.36883 -1 40
241 218 30 1.5888 1.5886 -108.706 -108.55 -1.47716 -0.43483 -1 40
241 224 31 1.5308 1.5333 -102.527 -102.646 -1.41716 -0.52483 -1 40
241 253 32 1.5094 1.5077 -112.62 -112.619 -1.39916 -0.33883 -1 40
241 218 33 1.5278 1.5306 -103.479 -103.627 -1.41716 -0.50683 -1 40
241 205 34 1.5534 1.5514 -106.167 -106.353 -1.44116 -0.46483 -1 40
241 217 35 1.5521 1.551 -106.528 -106.677 -1.44116 -0.45883 -1 40
241 235 36 1.5419 1.5372 -108.318 -107.778 -1.42916 -0.43483 -1 40
241 191 37 1.5557 1.5635 -110.592 -110.747 -1.45316 -0.38683 -1 40
241 206 38 1.5782 1.5732 -113.127 -113.073 -1.45916 -0.34483 -1 40
241 269 39 1.5266 1.5253 -106.735 -106.587 -1.41716 -0.45283 -1 40
241 243 40 1.475 1.4753 -105.463 -105.374 -1.36916 -0.45883 -1 40
241 182 41 1.6029 1.6019 -114.507 -114.31 -1.48316 -0.32683 -1 40
241 249 42 1.5306 1.5288 -113.652 -113.515 -1.41716 -0.32683 -1 40
241 257 43 1.5162 1.5141 -105.069 -105.377 -1.40516 -0.47083 -1 40
241 196 44 1.5093 1.512 -114.804 -114.613 -1.39916 -0.30283 -1 40
241 253 45 1.5112 1.5141 -104.86 -105.377 -1.40516 -0.47083 -1 40
241 232 46 1.4841 1.4856 -101.58 -101.311 -1.36916 -0.53083 -1 40
241 241 47 1.4735 1.4753 -105.44 -105.374 -1.36916 -0.45883 -1 40
241 255 48 1.5303 1.5257 -105.967 -106.257 -1.41716 -0.45883 -1 40
241 178 49 1.5131 1.5111 -109.424 -109.372 -1.40516 -0.39883 -1 40
275 263 0 1.5056 1.5035 -103.947 -104.15 -1.39316 -0.48883 -1 40
275 255 1 1.5552 1.5571 -106.873 -107.103 -1.44716 -0.45283 -1 40
275 281 2 1.574 1.5712 -114.926 -114.916 -1.45316 -0.30883 -1 40
275 264 3 1.5801 1.5712 -114.847 -114.916 -1.45316 -0.30883 -1 40
275 248 4 1.5609 1.5563 -108.808 -108.397 -1.44716 -0.42883 -1 40
275 291 5 1.6018 1.6029 -106.521 -106.535 -1.48916 -0.47683 -1 40
275 285 6 1.5234 1.5209 -112.669 -112.779 -1.41116 -0.33883 -1 40
275 239 7 1.5682 1.5692 -109.62 -109.55 -1.45916 -0.41083 -1 40
275 224 8 1.5457 1.5473 -100.446 -100.501 -1.42316 -0.56683 -1 40
275 242 9 1.4915 1.4845 -114.482 -113.984 -1.37516 -0.30883 -1 40
275 305 10 1.502 1.5063 -106.122 -106.267 -1.39916 -0.45283 -1 40
275 261 11 1.4848 1.4931 -111.232 -111.446 -1.38716 -0.35683 -1 40
275 256 12 1.5512 1.5509 -103.596 -103.327 -1.43516 -0.51883 -1 40
275 250 13 1.519 1.5192 -103.149 -103.061 -1.40516 -0.51283 -1 40
275 240 14 1.5537 1.5593 -100.67 -100.755 -1.43516 -0.56683 -1 40
275 286 15 1.4893 1.4894 -100.565 -100.305 -1.36916 -0.54883 -1 40
275 259 16 1.6047 1.6099 -102.42 -103.095 -1.48916 -0.54283 -1 40
275 250 17 1.5383 1.533 -112.056 -112.281 -1.42316 -0.35083 -1 40
275 258 18 1.537 1.5404 -102.199 -102.441 -1.42316 -0.53083 -1 40
275 249 19 1.5616 1.557 -103.671 -103.444 -1.44116 -0.51883 -1 40
275 238 20 1.5571 1.5578 -106.247 -106.457 -1.44716 -0.46483 -1 40
275 260 21 1.5594 1.5579 -103.111 -103.122 -1.44116 -0.52483 -1 40
275 211 22 1.5165 1.5111 -109.274 -108.705 -1.40516 -0.41083 -1 40
275 236 23 1.5878 1.5873 -101.796 -102.004 -1.46516 -0.55483 -1 40
275 252 24 1.5018 1.5051 -108.042 -107.604 -1.39916 -0.42883 -1 40
275 248 25 1.5425 1.5388 -105.78 -106.142 -1.42916 -0.46483 -1 40
275 259 26 1.5632 1.5613 -113.354 -113.564 -1.44716 -0.33283 -1 40
275 246 27 1.4846 1.4925 -110.41 -110.772 -1.38716 -0.36883 -1 40
275 254 28 1.5382 1.5414 -101.976 -102.117 -1.42316 -0.53683 -1 40
275 267 29 1.4859 1.4885 -112.782 -112.711 -1.38116 -0.33283 -1 40
275 263 30 1.4847 1.4935 -111.602 -111.783 -1.38716 -0.35083 -1 40
275 253 31 1.5426 1.5371 -108.712 -108.106 -1.42916 -0.42883 -1 40
275 226 32 1.5923 1.5886 -114.251 -114.171 -1.47116 -0.32683 -1 40
275 297 33 1.5085 1.5078 -105.168 -105.266 -1.39916 -0.47083 -1 40
275 221 34 1.5981 1.5945 -114.167 -113.926 -1.47716 -0.33283 -1 40
275 286 35 1.5945 1.5974 -105.675 -105.804 -1.48316 -0.48883 -1 40
275 266 36 1.5799 1.5839 -105.958 -106.23 -1.47116 -0.47683 -1 40
275 225 37 1.5963 1.5945 -101.558 -101.809 -1.47116 -0.56083 -1 40
275 245 38 1.4837 1.4925 -110.435 -110.772 -1.38716 -0.36883 -1 40
275 247 39 1.555 1.5569 -101.31 -101.396 -1.43516 -0.55483 -1 40
275 281 40 1.5073 1.5063 -111.48 -111.618 -1.39916 -0.35683 -1 40
275 235 41 1.5833 1.5805 -113.644 -113.466 -1.46516 -0.33883 -1 40
275 248 42 1.5146 1.5183 -103.207 -103.391 -1.40516 -0.50683 -1 40
275 236 43 1.5585 1.5641 -106.183 -106.56 -1.45316 -0.46483 -1 40
275 229 44 1.5882 1.5812 -113.963 -113.783 -1.46516 -0.33283 -1 40
275 252 45 1.5826 1.5799 -100.896 -100.498 -1.45316 -0.57883 -1 40
275 281 46 1.4966 1.5001 -111.889 -111.868 -1.39316 -0.35083 -1 40
275 301 47 1.5172 1.5183 -107.249 -107.144 -1.41116 -0.44083 -1 40
275 199 48 1.5389 1.5439 -110.253 -110.487 -1.43516 -0.38683 -1 40
275 255 49 1.5999 1.6037 -102.42 -102.981 -1.48316 -0.54283 -1 40
310 297 0 1.5835 1.5822 -108.26 -108.138 -1.47116 -0.44083 -1 40
310 315 1 1.5904 1.5892 -107.404 -107.282 -1.47716 -0.45883 -1 40
310 291 2 1.4861 1.4928 -110.822 -111.109 -1.38716 -0.36283 -1 40
310 279 3 1.4964 1.4956 -102.242 -102.237 -1.38116 -0.51883 -1 41
310 327 4 1.5998 1.6047 -105.045 -105.281 -1.48916 -0.50083 -1 41
310 263 5 1.5604 1.5617 -104.447 -104.201 -1.44716 -0.50683 -1 41
310 263 6 1.4921 1.4919 -109.52 -109.76 -1.38716 -0.38683 -1 40
310 286 7 1.5372 1.537 -108.67 -108.433 -1.42916 -0.42283 -1 40
310 309 8 1.5192 1.5198 -111.845 -112.118 -1.41116 -0.35083 -1 40
310 291 9 1.5579 1.5568 -107.185 -107.426 -1.44716 -0.44683 -1 40
310 272 10 1.4794 1.4823 -102.474 -102.321 -1.36916 -0.51283 -1 41
310 249 11 1.514 1.5114 -109.868 -110.038 -1.40516 -0.38683 -1 40
310 271 12 1.583 1.5805 -113.592 -113.466 -1.46516 -0.33883 -1 40
310 283 13 1.4788 1.4784 -102.011 -101.518 -1.36316 -0.52483 -1 41
310 307 14 1.4935 1.4951 -112.897 -112.792 -1.38716 -0.33283 -1 40
310 329 15 1.5126 1.5141 -105.197 -105.377 -1.40516 -0.47083 -1 40
310 308 16 1.5068 1.5083 -113.258 -112.952 -1.39916 -0.33283 -1 40
310 284 17 1.4778 1.4728 -114.824 -114.512 -1.36316 -0.29683 -1 40
310 286 18 1.4867 1.4928 -110.599 -111.109 -1.38716 -0.36283 -1 40
310 291 19 1.5315 1.5324 -103.141 -102.973 -1.41716 -0.51883 -1 40
310 309 20 1.5018 1.5063 -111.215 -111.618 -1.39916 -0.35683 -1 40
310 267 21 1.5619 1.5617 -104.33 -104.201 -1.44716 -0.50683 -1 40
310 270 22 1.4783 1.4862 -110.576 -111.02 -1.38116 -0.36283 -1 40
310 291 23 1.4776 1.4779 -103.91 -104.013 -1.36916 -0.48283 -1 41
310 279 24 1.5391 1.5361 -104.222 -104.07 -1.42316 -0.50083 -1 40
310 281 25 1.5094 1.5055 -110.575 -110.949 -1.39916 -0.36883 -1 40
310 286 26 1.5763 1.5777 -111.93 -111.875 -1.46516 -0.36883 -1 40
310 324 27 1.599 1.6037 -105.651 -105.907 -1.48916 -0.48883 -1 41
310 308 28 1.4981 1.4941 -100.842 -100.772 -1.37516 -0.54283 -1 40
310 275 29 1.5845 1.5858 -112.912 -112.906 -1.47116 -0.35083 -1 40
310 302 30 1.5149 1.5179 -108.02 -107.807 -1.41116 -0.42883 -1 40
310 276 31 1.5853 1.5821 -109.182 -109.092 -1.47116 -0.42283 -1 41
310 276 32 1.5837 1.5822 -109.695 -109.729 -1.47116 -0.41083 -1 40
310 273 33 1.487 1.4875 -102.779 -102.783 -1.37516 -0.50683 -1 41
310 328 34 1.5009 1.5015 -105.059 -105.153 -1.39316 -0.47083 -1 40
310 284 35 1.5214 1.5253 -103.086 -103.181 -1.41116 -0.51283 -1 40
310 262 36 1.5475 1.5523 -111.764 -112.196 -1.44116 -0.35683 -1 40
310 277 37 1.4909 1.4921 -107.94 -107.734 -1.38716 -0.42283 -1 40
310 269 38 1.5509 1.5533 -100.712 -100.629 -1.42916 -0.56683 -1 40
310 307 39 1.498 1.4941 -100.984 -100.772 -1.37516 -0.54283 -1 40
310 274 40 1.5854 1.5828 -114.475 -114.417 -1.46516 -0.32083 -1 40
310 290 41 1.538 1.5329 -105.602 -105.707 -1.42316 -0.47083 -1 40
310 295 42 1.4846 1.4841 -103.963 -104.133 -1.37516 -0.48283 -1 41
310 273 43 1.5895 1.5924 -113.002 -112.981 -1.47716 -0.35083 -1 40
310 313 44 1.4842 1.482 -100.933 -100.507 -1.36316 -0.54283 -1 41
310 293 45 1.5609 1.5598 -102.324 -102.48 -1.44116 -0.53683 -1 40
310 262 46 1.5361 1.5321 -111.413 -111.624 -1.42316 -0.36283 -1 40
310 273 47 1.4977 1.4946 -102.756 -102.572 -1.38116 -0.51283 -1 41
310 288 48 1.4809 1.472 -114.494 -114.171 -1.36316 -0.30283 -1 40
310 297 49 1.5354 1.5329 -105.633 -105.707 -1.42316 -0.47083 -1 40
344 342 0 1.5462 1.5441 -107.348 -107.225 -1.43516 -0.44683 -1 40
344 335 1 1.4781 1.4806 -106.081 -106.167 -1.37516 -0.44683 -1 41
344 296 2 1.5676 1.5717 -105.418 -105.702 -1.45916 -0.48283 -1 41
344 280 3 1.5225 1.5181 -110.363 -110.461 -1.41116 -0.38083 -1 40
344 327 4 1.5059 1.5096 -113.747 -113.618 -1.39916 -0.32083 -1 41
344 307 5 1.4929 1.492 -110.006 -110.097 -1.38716 -0.38083 -1 40
344 321 6 1.5345 1.5377 -103.504 -103.418 -1.42316 -0.51283 -1 40
344 326 7 1.4893 1.4831 -113.641 -113.307 -1.37516 -0.32083 -1 41
344 315 8 1.5475 1.5438 -103.91 -103.535 -1.42916 -0.51283 -1 41
344 316 9 1.5684 1.5672 -113.167 -113.318 -1.45316 -0.33883 -1 40
344 356 10 1.519 1.5141 -105.265 -105.377 -1.40516 -0.47083 -1 41
344 349 11 1.5309 1.5308 -107.937 -107.678 -1.42316 -0.43483 -1 40
344 294 12 1.4983 1.4982 -108.748 -108.509 -1.39316 -0.41083 -1 40
344 321 13 1.5158 1.5174 -103.703 -103.721 -1.40516 -0.50083 -1 41
344 319 14 1.603 1.5954 -108.189 -107.695 -1.48316 -0.45283 -1 41
344 336 15 1.4817 1.4819 -112.561 -112.629 -1.37516 -0.33283 -1 41
344 357 16 1.5389 1.5436 -114.19 -114.315 -1.42916 -0.31483 -1 41
344 282 17 1.6022 1.5979 -115.23 -115.182 -1.47716 -0.30883 -1 41
344 323 18 1.4905 1.4845 -114.215 -113.984 -1.37516 -0.30883 -1 43
344 313 19 1.578 1.5781 -112.419 -112.193 -1.46516 -0.36283 -1 40
344 323 20 1.4799 1.472 -114.432 -114.171 -1.36316 -0.30283 -1 41
344 300 21 1.5682 1.5679 -104.392 -104.313 -1.45316 -0.50683 -1 41
344 341 22 1.4877 1.4869 -106.545 -106.277 -1.38116 -0.44683 -1 41
344 339 23 1.4786 1.4765 -113.187 -113.228 -1.36916 -0.32083 -1 41
344 352 24 1.523 1.5204 -112.522 -112.448 -1.41116 -0.34483 -1 40
344 283 25 1.6033 1.6019 -114.433 -114.31 -1.48316 -0.32683 -1 41
344 338 26 1.5906 1.5935 -104.365 -104.438 -1.47716 -0.51283 -1 41
344 327 27 1.5616 1.563 -107.708 -107.848 -1.45316 -0.44083 -1 40
344 334 28 1.5158 1.5159 -104.248 -104.383 -1.40516 -0.48883 -1 41
344 331 29 1.4901 1.4928 -110.961 -111.109 -1.38716 -0.36283 -1 40
344 315 30 1.5687 1.5708 -106.213 -106.342 -1.45916 -0.47083 -1 41
344 316 31 1.5752 1.578 -105.66 -105.808 -1.46516 -0.48283 -1 41
344 325 32 1.5538 1.5509 -103.466 -103.327 -1.43516 -0.51883 -1 40
344 298 33 1.5596 1.5629 -109.829 -109.781 -1.45316 -0.40483 -1 40
344 332 34 1.507 1.5096 -113.639 -113.618 -1.39916 -0.32083 -1 41
344 329 35 1.5504 1.5444 -106.986 -106.899 -1.43516 -0.45283 -1 41
344 359 36 1.5337 1.5311 -107.543 -107.349 -1.42316 -0.44083 -1 40
344 334 37 1.5461 1.5444 -106.722 -106.899 -1.43516 -0.45283 -1 41
344 304 38 1.5668 1.5692 -109.618 -109.55 -1.45916 -0.41083 -1 41
344 319 39 1.565 1.5606 -113.223 -113.243 -1.44716 -0.33883 -1 40
344 312 40 1.5054 1.5053 -110.306 -110.615 -1.39916 -0.37483 -1 40
344 349 41 1.5374 1.5348 -113.315 -113.263 -1.42316 -0.33283 -1 41
344 322 42 1.5888 1.5905 -102.897 -103.066 -1.47116 -0.53683 -1 41
344 304 43 1.5095 1.5112 -108.547 -108.372 -1.40516 -0.41683 -1 40
344 287 44 1.5641 1.566 -105.068 -105.275 -1.45316 -0.48883 -1 41
344 319 45 1.5671 1.568 -101.905 -101.96 -1.44716 -0.54883 -1 40
344 322 46 1.5293 1.5324 -102.691 -102.973 -1.41716 -0.51883 -1 40
344 317 47 1.5796 1.5787 -100.97 -100.814 -1.45316 -0.57283 -1 41
344 286 48 1.4765 1.479 -108.337 -108.208 -1.37516 -0.41083 -1 41
344 358 49 1.5998 1.6042 -105.534 -105.594 -1.48916 -0.49483 -1 41
378 353 0 1.4809 1.4798 -107.012 -106.846 -1.37516 -0.43483 -1 41
378 348 1 1.5716 1.573 -102.165 -102.398 -1.45316 -0.54283 -1 41
378 334 2 1.593 1.5845 -115.072 -115.05 -1.46516 -0.30883 -1 41
378 345 3 1.474 1.4808 -111.573 -111.951 -1.37516 -0.34483 -1 41
378 363 4 1.4833 1.4874 -111.704 -112.035 -1.38116 -0.34483 -1 41
378 352 5 1.589 1.5914 -102.733 -102.751 -1.47116 -0.54283 -1 41
378 383 6 1.5309 1.5275 -112.86 -112.858 -1.41716 -0.33883 -1 41
378 410 7 1.5152 1.5126 -106.281 -106.374 -1.40516 -0.45283 -1 41
378 365 8 1.5652 1.562 -113.719 -113.886 -1.44716 -0.32683 -1 41
378 378 9 1.5117 1.5156 -113.316 -113.362 -1.40516 -0.32683 -1 41
378 319 10 1.473 1.4725 -108.143 -108.105 -1.36916 -0.41083 -1 41
378 377 11 1.5738 1.5712 -114.735 -114.916 -1.45316 -0.30883 -1 41
378 402 12 1.5164 1.5183 -107.13 -107.144 -1.41116 -0.44083 -1 41
378 357 13 1.5841 1.5873 -104.257 -104.328 -1.47116 -0.51283 -1 41
378 346 14 1.477 1.4804 -111.348 -111.611 -1.37516 -0.35083 -1 41
378 322 15 1.548 1.5514 -111.247 -111.548 -1.44116 -0.36883 -1 40
378 371 16 1.5774 1.5762 -107.368 -107.403 -1.46516 -0.45283 -1 41
378 364 17 1.4824 1.4813 -112.395 -112.29 -1.37516 -0.33883 -1 41
378 395 18 1.6007 1.606 -104.481 -104.655 -1.48916 -0.51283 -1 41
378 344 19 1.5086 1.5069 -102.745 -102.818 -1.39316 -0.51283 -1 41
378 401 20 1.5039 1.5059 -106.722 -106.601 -1.39916 -0.44683 -1 41
378 387 21 1.598 1.6047 -105.2 -105.281 -1.48916 -0.50083 -1 41
378 336 22 1.5864 1.5835 -101.481 -101.253 -1.45916 -0.56683 -1 41
378 409 23 1.5076 1.5063 -106.4 -106.267 -1.39916 -0.45283 -1 41
378 361 24 1.5286 1.526 -111.85 -111.87 -1.41716 -0.35683 -1 40
378 351 25 1.4986 1.4987 -110.28 -110.525 -1.39316 -0.37483 -1 40
378 384 26 1.5929 1.5965 -106.48 -106.434 -1.48316 -0.47683 -1 41
378 383 27 1.5001 1.5011 -112.714 -112.538 -1.39316 -0.33883 -1 41
378 351 28 1.5921 1.5872 -100.569 -100.309 -1.45916 -0.58483 -1 41
378 353 29 1.6014 1.6051 -112.79 -112.817 -1.48916 -0.35683 -1 41
378 339 30 1.5848 1.5823 -101.573 -101.568 -1.45916 -0.56083 -1 41
378 384 31 1.5958 1.5997 -104.387 -104.547 -1.48316 -0.51283 -1 41
378 356 32 1.5082 1.5115 -108.086 -107.706 -1.40516 -0.42883 -1 41
378 350 33 1.5233 1.5272 -102.539 -102.525 -1.41116 -0.52483 -1 41
378 349 34 1.5707 1.5707 -111.412 -111.474 -1.45916 -0.37483 -1 41
378 347 35 1.5778 1.5825 -110.272 -110.365 -1.47116 -0.39883 -1 41
378 322 36 1.5124 1.5114 -109.992 -110.038 -1.40516 -0.38683 -1 41
378 383 37 1.503 1.5067 -111.599 -111.952 -1.39916 -0.35083 -1 40
378 312 38 1.5368 1.54 -100.506 -100.696 -1.41716 -0.56083 -1 41
378 388 39 1.5363 1.5387 -114.853 -114.895 -1.42316 -0.30283 -1 41
378 337 40 1.5858 1.5835 -101.426 -101.253 -1.45916 -0.56683 -1 41
378 370 41 1.4813 1.4765 -113.365 -113.228 -1.36916 -0.32083 -1 41
378 333 42 1.5848 1.5805 -113.684 -113.466 -1.46516 -0.33883 -1 40
378 309 43 1.5454 1.5504 -110.344 -110.575 -1.44116 -0.38683 -1 41
378 378 44 1.4809 1.4816 -105.468 -105.488 -1.37516 -0.45883 -1 41
378 381 45 1.5857 1.5892 -107.157 -107.282 -1.47716 -0.45883 -1 41
378 395 46 1.5413 1.5463 -115.201 -115.288 -1.42916 -0.29683 -1 41
378 375 47 1.5079 1.5063 -111.319 -111.618 -1.39916 -0.35683 -1 40
378 394 48 1.5219 1.5183 -107.521 -107.144 -1.41116 -0.44083 -1 41
378 318 49 1.5601 1.5597 -105.214 -105.167 -1.44716 -0.48883 -1 41
413 381 0 1.591 1.5914 -102.467 -102.751 -1.47116 -0.54283 -1 41
413 414 1 1.4961 1.5011 -112.467 -112.538 -1.39316 -0.33883 -1 41
413 399 2 1.5424 1.5408 -112.75 -113.014 -1.42916 -0.33883 -1 41
413 369 3 1.5593 1.5641 -111.245 -111.391 -1.45316 -0.37483 -1 41
413 393 4 1.5668 1.5701 -106.911 -106.983 -1.45916 -0.45883 -1 41
413 390 5 1.5929 1.5887 -108.441 -108.233 -1.47716 -0.44083 -1 41
413 398 6 1.5878 1.5935 -104.428 -104.438 -1.47716 -0.51283 -1 41
413 405 7 1.5231 1.5237 -114.222 -114.098 -1.41116 -0.31483 -1 41
413 421 8 1.498 1.5006 -112.124 -112.203 -1.39316 -0.34483 -1 41
413 367 9 1.501 1.4983 -108.502 -108.173 -1.39316 -0.41683 -1 41
413 377 10 1.5139 1.5149 -102.079 -102.279 -1.39916 -0.52483 -1 41
413 354 11 1.5977 1.5956 -101.408 -101.496 -1.47116 -0.56683 -1 41
413 366 12 1.5278 1.5252 -111.141 -111.21 -1.41716 -0.36883 -1 41
413 380 13 1.5725 1.5715 -112.27 -112.114 -1.45916 -0.36283 -1 41
413 412 14 1.5861 1.5902 -106.336 -106.332 -1.47716 -0.47683 -1 41
413 418 15 1.5867 1.5895 -106.933 -106.965 -1.47716 -0.46483 -1 41
413 385 16 1.5503 1.551 -106.506 -106.677 -1.44116 -0.45883 -1 41
413 416 17 1.5096 1.5084 -104.624 -104.933 -1.39916 -0.47683 -1 41
413 401 18 1.5025 1.5035 -104.042 -104.15 -1.39316 -0.48883 -1 41
413 416 19 1.5912 1.5898 -106.516 -106.649 -1.47716 -0.47083 -1 41
413 392 20 1.5228 1.5229 -104.164 -104.168 -1.41116 -0.49483 -1 41
413 402 21 1.4796 1.4819 -112.504 -112.629 -1.37516 -0.33283 -1 41
413 370 22 1.5394 1.5353 -104.685 -104.397 -1.42316 -0.49483 -1 41
413 359 23 1.4736 1.4797 -110.702 -110.931 -1.37516 -0.36283 -1 41
413 389 24 1.5785 1.5838 -111.396 -111.637 -1.47116 -0.37483 -1 41
413 422 25 1.5359 1.537 -114.315 -114.244 -1.42316 -0.31483 -1 41
413 366 26 1.4735 1.48 -111.025 -111.271 -1.37516 -0.35683 -1 41
413 411 27 1.5935 1.5997 -104.386 -104.547 -1.48316 -0.51283 -1 41
413 397 28 1.4726 1.4743 -106.045 -106.056 -1.36916 -0.44683 -1 41
413 377 29 1.5634 1.5655 -112.427 -112.355 -1.45316 -0.35683 -1 41
413 376 30 1.5048 1.5017 -102.371 -102.362 -1.38716 -0.51883 -1 41
413 398 31 1.576 1.5739 -100.582 -100.372 -1.44716 -0.57883 -1 41
413 441 32 1.5597 1.5587 -115.039 -115.101 -1.44116 -0.30283 -1 41
413 406 33 1.5769 1.5762 -107.392 -107.403 -1.46516 -0.45283 -1 41
413 411 34 1.4915 1.4929 -106.782 -106.722 -1.38716 -0.44083 -1 41
413 439 35 1.5251 1.525 -106.96 -106.917 -1.41716 -0.44683 -1 41
413 417 36 1.494 1.4894 -100.527 -100.305 -1.36916 -0.54883 -1 41
413 419 37 1.5029 1.5067 -111.71 -111.952 -1.39916 -0.35083 -1 41
413 377 38 1.5643 1.5624 -103.915 -103.88 -1.44716 -0.51283 -1 41
413 346 39 1.6005 1.5953 -114.529 -114.241 -1.47716 -0.32683 -1 41
413 376 40 1.5265 1.5293 -101.729 -101.87 -1.41116 -0.53683 -1 41
413 423 41 1.5993 1.606 -104.498 -104.655 -1.48916 -0.51283 -1 41
413 380 42 1.5697 1.5694 -103.781 -103.674 -1.45316 -0.51883 -1 41
413 372 43 1.4757 1.4762 -102.382 -102.194 -1.36316 -0.51283 -1 41
413 383 44 1.4803 1.4787 -103.653 -103.674 -1.36916 -0.48883 -1 41
413 413 45 1.529 1.527 -112.445 -112.529 -1.41716 -0.34483 -1 41
413 379 46 1.4972 1.4989 -103.164 -103.363 -1.38716 -0.50083 -1 41
413 399 47 1.5535 1.5517 -102.972 -103.004 -1.43516 -0.52483 -1 41
413 375 48 1.5651 1.5645 -111.635 -111.713 -1.45316 -0.36883 -1 41
413 416 49 1.5603 1.5561 -114.13 -114.135 -1.44116 -0.32083 -1 41
447 419 0 1.5081 1.5105 -103.578 -103.935 -1.39916 -0.49483 -1 41
447 407 1 1.5874 1.5847 -101.159 -100.938 -1.45916 -0.57283 -1 41
447 377 2 1.5312 1.5305 -109.413 -109.323 -1.42316 -0.40483 -1 41
447 433 3 1.5851 1.5911 -105.48 -105.7 -1.47716 -0.48883 -1 41
447 421 4 1.5718 1.5711 -103.136 -103.035 -1.45316 -0.53083 -1 41
447 450 5 1.5296 1.5281 -113.046 -113.187 -1.41716 -0.33283 -1 41
447 409 6 1.5896 1.5886 -109.434 -109.501 -1.47716 -0.41683 -1 41
447 430 7 1.5555 1.5568 -107.372 -107.426 -1.44716 -0.44683 -1 41
447 468 8 1.502 1.501 -105.351 -105.488 -1.39316 -0.46483 -1 41
447 471 9 1.5259 1.5253 -106.749 -106.587 -1.41716 -0.45283 -1 41
447 390 10 1.4751 1.4727 -107.887 -107.764 -1.36916 -0.41683 -1 41
447 452 11 1.5993 1.5965 -106.646 -106.434 -1.48316 -0.47683 -1 41
447 420 12 1.5763 1.5781 -112.191 -112.193 -1.46516 -0.36283 -1 41
447 415 13 1.5783 1.5825 -110.189 -110.365 -1.47116 -0.39883 -1 41
447 419 14 1.5717 1.5692 -108.78 -108.587 -1.45916 -0.42883 -1 41
447 451 15 1.5938 1.5969 -106.001 -106.119 -1.48316 -0.48283 -1 41
447 420 16 1.566 1.5672 -113.258 -113.318 -1.45316 -0.33883 -1 41
447 419 17 1.5067 1.505 -101.431 -101.365 -1.38716 -0.53683 -1 41
447 424 18 1.5961 1.5976 -102.845 -102.866 -1.47716 -0.54283 -1 41
447 446 19 1.5933 1.5979 -105.459 -105.489 -1.48316 -0.49483 -1 41
447 450 20 1.4894 1.4933 -106.381 -106.385 -1.38716 -0.44683 -1 41
447 430 21 1.4816 1.4779 -114.009 -113.907 -1.36916 -0.30883 -1 41
447 416 22 1.5964 1.5985 -102.498 -102.553 -1.47716 -0.54883 -1 41
447 443 23 1.4895 1.4868 -101.201 -100.975 -1.36916 -0.53683 -1 41
447 429 24 1.5028 1.5051 -107.837 -107.604 -1.39916 -0.42883 -1 41
447 419 25 1.5652 1.5619 -101.934 -101.839 -1.44116 -0.54883 -1 41
447 429 26 1.5845 1.5911 -105.352 -105.7 -1.47716 -0.48883 -1 41
447 435 27 1.4906 1.4926 -107.027 -107.06 -1.38716 -0.43483 -1 41
447 416 28 1.5629 1.5654 -100.973 -100.881 -1.44116 -0.56683 -1 41
447 426 29 1.4982 1.4973 -103.794 -104.033 -1.38716 -0.48883 -1 41
447 400 30 1.5733 1.5791 -104.955 -105.171 -1.46516 -0.49483 -1 41
447 386 31 1.5091 1.5047 -109.676 -109.612 -1.39916 -0.39283 -1 41
447 455 32 1.526 1.5244 -107.813 -107.577 -1.41716 -0.43483 -1 41
447 431 33 1.4771 1.4796 -101.359 -101.18 -1.36316 -0.53083 -1 41
447 439 34 1.4764 1.4765 -104.545 -104.693 -1.36916 -0.47083 -1 41
447 403 35 1.5402 1.534 -105.241 -105.052 -1.42316 -0.48283 -1 41
447 414 36 1.5568 1.5594 -112.456 -112.599 -1.44716 -0.35083 -1 41
447 427 37 1.5389 1.5377 -103.512 -103.418 -1.42316 -0.51283 -1 41
447 426 38 1.5775 1.577 -114.474 -114.666 -1.45916 -0.31483 -1 41
447 456 39 1.5041 1.5067 -111.898 -111.952 -1.39916 -0.35083 -1 41
447 417 40 1.5737 1.5711 -103.249 -103.035 -1.45316 -0.53083 -1 41
447 449 41 1.5519 1.5487 -113.74 -113.739 -1.43516 -0.32683 -1 41
447 431 42 1.4824 1.4865 -106.658 -106.615 -1.38116 -0.44083 -1 41
447 438 43 1.588 1.5911 -105.417 -105.7 -1.47716 -0.48883 -1 41
447 414 44 1.4956 1.4956 -102.37 -102.237 -1.38116 -0.51883 -1 41
447 397 45 1.4927 1.4918 -108.591 -108.409 -1.38716 -0.41083 -1 41
447 433 46 1.5244 1.5194 -111.769 -111.787 -1.41116 -0.35683 -1 41
447 406 47 1.5259 1.5293 -101.631 -101.87 -1.41116 -0.53683 -1 41
447 394 48 1.4944 1.4917 -108.813 -108.747 -1.38716 -0.40483 -1 41
447 412 49 1.5651 1.5704 -106.357 -106.663 -1.45916 -0.46483 -1 41
482 436 0 1.5157 1.5118 -110.555 -110.704 -1.40516 -0.37483 -1 41
482 414 1 1.5213 1.5181 -110.3 -110.461 -1.41116 -0.38083 -1 41
482 471 2 1.5933 1.5965 -111.479 -111.482 -1.48316 -0.38083 -1 41
482 469 3 1.5911 1.5904 -111.762 -111.718 -1.47716 -0.37483 -1 41
482 440 4 1.4798 1.4862 -110.654 -111.02 -1.38116 -0.36283 -1 41
482 468 5 1.5131 1.5097 -104.283 -104.267 -1.39916 -0.48883 -1 41
482 411 6 1.5243 1.5207 -100.513 -100.634 -1.39916 -0.55483 -1 41
482 450 7 1.5698 1.5692 -108.877 -108.908 -1.45916 -0.42283 -1 41
482 439 8 1.5198 1.5221 -101.749 -102.074 -1.40516 -0.53083 -1 41
482 446 9 1.4757 1.4787 -103.511 -103.674 -1.36916 -0.48883 -1 41
482 414 10 1.5196 1.5179 -110.165 -110.13 -1.41116 -0.38683 -1 41
482 461 11 1.5647 1.5635 -107.148 -107.204 -1.45316 -0.45283 -1 41
482 457 12 1.5748 1.5726 -100.824 -100.689 -1.44716 -0.57283 -1 41
482 426 13 1.4851 1.4853 -109.306 -109.326 -1.38116 -0.39283 -1 41
482 440 14 1.5641 1.5641 -111.507 -111.391 -1.45316 -0.37483 -1 41
482 498 15 1.5132 1.5141 -105.187 -105.377 -1.40516 -0.47083 -1 41
482 426 16 1.5152 1.5205 -115.257 -115.344 -1.40516 -0.29083 -1 41
482 451 17 1.5356 1.5325 -111.898 -111.953 -1.42316 -0.35683 -1 41
482 486 18 1.4901 1.4881 -100.79 -100.64 -1.36916 -0.54283 -1 41
482 470 19 1.5743 1.576 -107.654 -107.722 -1.46516 -0.44683 -1 41
482 507 20 1.5068 1.5072 -105.444 -105.599 -1.39916 -0.46483 -1 41
482 463 21 1.537 1.5325 -105.814 -106.035 -1.42316 -0.46483 -1 41
482 471 22 1.4987 1.4941 -100.962 -100.772 -1.37516 -0.54283 -1 41
482 454 23 1.4887 1.4923 -107.456 -107.397 -1.38716 -0.42883 -1 41
482 427 24 1.5452 1.5403 -105.312 -105.162 -1.42916 -0.48283 -1 41
482 457 25 1.5398 1.5414 -101.936 -102.117 -1.42316 -0.53683 -1 41
482 453 26 1.5635 1.5632 -103.495 -103.559 -1.44716 -0.51883 -1 41
482 411 27 1.5275 1.5267 -100.595 -100.764 -1.40516 -0.55483 -1 41
482 485 28 1.4897 1.4881 -100.847 -100.64 -1.36916 -0.54283 -1 41
482 449 29 1.5185 1.5187 -114.671 -114.685 -1.40516 -0.30283 -1 41
482 442 30 1.5897 1.5924 -112.928 -112.981 -1.47716 -0.35083 -1 41
482 478 31 1.4948 1.4951 -112.875 -112.792 -1.38716 -0.33283 -1 41
482 449 32 1.5686 1.5708 -106.198 -106.342 -1.45916 -0.47083 -1 41
482 436 33 1.5652 1.5708 -106.031 -106.342 -1.45916 -0.47083 -1 41
482 452 34 1.5546 1.5534 -112.65 -112.844 -1.44116 -0.34483 -1 41
482 465 35 1.4947 1.4993 -110.823 -111.197 -1.39316 -0.36283 -1 41
482 468 36 1.5526 1.5504 -107.416 -107.326 -1.44116 -0.44683 -1 41
482 450 37 1.5883 1.5847 -112.514 -112.272 -1.47116 -0.36283 -1 41
482 486 38 1.5361 1.5348 -113.205 -113.263 -1.42316 -0.33283 -1 41
482 416 39 1.5392 1.5369 -109.471 -109.089 -1.42916 -0.41083 -1 41
482 476 40 1.4866 1.4868 -101.204 -100.975 -1.36916 -0.53683 -1 41
482 429 41 1.5536 1.5518 -105.903 -106.029 -1.44116 -0.47083 -1 41
482 460 42 1.5658 1.563 -108.016 -107.848 -1.45316 -0.44083 -1 41
482 475 43 1.5669 1.5628 -114.135 -114.207 -1.44716 -0.32083 -1 41
482 427 44 1.5003 1.4982 -108.797 -108.509 -1.39316 -0.41083 -1 41
482 468 45 1.5553 1.5547 -113.256 -113.49 -1.44116 -0.33283 -1 41
482 449 46 1.5754 1.5746 -113.788 -113.711 -1.45916 -0.33283 -1 41
482 423 47 1.6043 1.6004 -113.907 -113.683 -1.48316 -0.33883 -1 41
482 435 48 1.5436 1.5448 -101.152 -101.146 -1.42316 -0.55483 -1 41
482 472 49 1.4816 1.4825 -112.866 -112.968 -1.37516 -0.32683 -1 41
34 92 0 1.5307 1.4433 -101.21 -117.532 -1.32716 -0.23683 -0 40
34 93 1 1.5701 1.4433 -112.619 -117.532 -1.32716 -0.23683 -0 40
34 93 2 1.5414 1.4433 -109.672 -117.532 -1.32716 -0.23683 -0 40
34 92 3 1.5304 1.4433 -114.377 -117.532 -1.32716 -0.23683 -0 40
34 92 4 1.4917 1.4433 -104.84 -117.532 -1.32716 -0.23683 -0 40
34 92 5 1.5498 1.4433 -101.02 -117.532 -1.32716 -0.23683 -0 40
34 92 6 1.5117 1.4433 -109.178 -117.532 -1.32716 -0.23683 -0 40
34 93 7 1.5157 1.4433 -101.611 -117.532 -1.32716 -0.23683 -0 40
34 92 8 1.585 1.4433 -106.821 -117.532 -1.32716 -0.23683 -0 40
34 92 9 1.5513 1.4433 -115.105 -117.532 -1.32716 -0.23683 -0 40
34 93 10 1.5361 1.4433 -101.286 -117.532 -1.32716 -0.23683 -0 40
34 93 11 1.5126 1.4433 -114.503 -117.532 -1.32716 -0.23683 -0 40
34 92 12 1.5871 1.4433 -104.921 -117.532 -1.32716 -0.23683 -0 40
34 92 13 1.5402 1.4433 -103.84 -117.532 -1.32716 -0.23683 -0 40
34 92 14 1.5449 1.4433 -107.635 -117.532 -1.32716 -0.23683 -0 40
34 93 15 1.5433 1.4433 -104.74 -117.532 -1.32716 -0.23683 -0 40
34 92 16 1.5286 1.4433 -111.89 -117.532 -1.32716 -0.23683 -0 40
34 92 17 1.4874 1.4433 -101.13 -117.532 -1.32716 -0.23683 -0 40
34 91 18 1.5014 1.4433 -113.716 -117.532 -1.32716 -0.23683 -0 40
34 92 19 1.5548 1.4433 -108.933 -117.532 -1.32716 -0.23683 -0 40
34 93 20 1.5397 1.4433 -111.451 -117.532 -1.32716 -0.23683 -0 40
34 92 21 1.5091 1.4433 -108.168 -117.532 -1.32716 -0.23683 -0 40
34 93 22 1.5829 1.4433 -114.863 -117.532 -1.32716 -0.23683 -0 40
34 93 23 1.539 1.4433 -111.727 -117.532 -1.32716 -0.23683 -0 40
34 92 24 1.5827 1.4433 -105.161 -117.532 -1.32716 -0.23683 -0 40
34 93 25 1.4789 1.4433 -109.712 -117.532 -1.32716 -0.23683 -0 40
34 93 26 1.4835 1.4433 -102.271 -117.532 -1.32716 -0.23683 -0 40
34 92 27 1.4821 1.4433 -103.554 -117.532 -1.32716 -0.23683 -0 40
34 93 28 1.5288 1.4433 -110.584 -117.532 -1.32716 -0.23683 -0 40
34 93 29 1.58 1.4433 -114.829 -117.532 -1.32716 -0.23683 -0 40
34 92 30 1.53 1.4433 -111.902 -117.532 -1.32716 -0.23683 -0 40
34 92 31 1.5827 1.4433 -104.462 -117.532 -1.32716 -0.23683 -0 40
34 93 32 1.5966 1.4433 -103.905 -117.532 -1.32716 -0.23683 -0 40
34 92 33 1.5451 1.4433 -100.466 -117.532 -1.32716 -0.23683 -0 40
34 92 34 1.5441 1.4433 -109.558 -117.532 -1.32716 -0.23683 -0 40
34 92 35 1.4908 1.4433 -101.44 -117.532 -1.32716 -0.23683 -0 40
34 92 36 1.5226 1.4433 -113.029 -117.532 -1.32716 -0.23683 -0 40
34 92 37 1.5681 1.4433 -105.018 -117.532 -1.32716 -0.23683 -0 40
34 93 38 1.4976 1.4433 -102.229 -117.532 -1.32716 -0.23683 -0 40
34 93 39 1.5001 1.4433 -104.69 -117.532 -1.32716 -0.23683 -0 40
34 92 40 1.5512 1.4433 -100.877 -117.532 -1.32716 -0.23683 -0 40
34 92 41 1.49 1.4433 -106.055 -117.532 -1.32716 -0.23683 -0 40
34 92 42 1.5017 1.4433 -110.929 -117.532 -1.32716 -0.23683 -0 40
34 92 43 1.5352 1.4433 -104.581 -117.532 -1.32716 -0.23683 -0 40
34 92 44 1.5442 1.4433 -100.724 -117.532 -1.32716 -0.23683 -0 40
34 93 45 1.6025 1.4433 -103.42 -117.532 -1.32716 -0.23683 -0 40
34 93 46 1.5435 1.4433 -111.334 -117.532 -1.32716 -0.23683 -0 40
34 92 47 1.4953 1.4433 -107.322 -117.532 -1.32716 -0.23683 -0 40
34 92 48 1.5737 1.4433 -103.917 -117.532 -1.32716 -0.23683 -0 40
34 96 49 1.4748 1.4368 -112.126 -112.736 -1.33316 -0.32083 -0 40
69 93 0 1.5157 1.4433 -101.151 -117.532 -1.32716 -0.23683 -0 40
69 105 1 1.5124 1.5126 -106.889 -106.374 -1.40516 -0.45283 -0 40
69 93 2 1.4785 1.4433 -110.089 -117.532 -1.32716 -0.23683 -0 40
69 92 3 1.5085 1.4433 -103.3 -117.532 -1.32716 -0.23683 -0 40
69 92 4 1.5662 1.4433 -108.807 -117.532 -1.32716 -0.23683 -0 40
69 92 5 1.5819 1.4433 -113.567 -117.532 -1.32716 -0.23683 -0 40
69 92 6 1.5129 1.4433 -114.782 -117.532 -1.32716 -0.23683 -0 40
69 92 7 1.5069 1.4433 -111.908 -117.532 -1.32716 -0.23683 -0 40
69 93 8 1.5158 1.4433 -104.297 -117.532 -1.32716 -0.23683 -0 40
69 92 9 1.5871 1.4433 -111.978 -117.532 -1.32716 -0.23683 -0 40
69 92 10 1.6026 1.4433 -100.683 -117.532 -1.32716 -0.23683 -0 40
69 103 11 1.4853 1.4434 -113.375 -112.82 -1.33916 -0.32083 -0 40
69 92 12 1.4766 1.4433 -104.093 -117.532 -1.32716 -0.23683 -0 40
69 92 13 1.5715 1.4433 -100.603 -117.532 -1.32716 -0.23683 -0 40
69 91 14 1.4856 1.4433 -107.977 -117.532 -1.32716 -0.23683 -0 40
69 93 15 1.5172 1.4433 -102.248 -117.532 -1.32716 -0.23683 -0 40
69 120 16 1.4744 1.4434 -113.2 -112.82 -1.33916 -0.32083 -0 40
69 92 17 1.5788 1.4433 -113.94 -117.532 -1.32716 -0.23683 -0 40
69 93 18 1.5711 1.4433 -113.46 -117.532 -1.32716 -0.23683 -0 40
69 93 19 1.5406 1.4433 -105.515 -117.532 -1.32716 -0.23683 -0 40
69 92 20 1.579 1.4433 -110.148 -117.532 -1.32716 -0.23683 -0 40
69 93 21 1.4834 1.4433 -110.244 -117.532 -1.32716 -0.23683 -0 40
69 94 22 1.5573 1.4433 -112.389 -117.532 -1.32716 -0.23683 -0 40
69 93 23 1.5458 1.4433 -111.349 -117.532 -1.32716 -0.23683 -0 40
69 100 24 1.5889 1.6179 -104.947 -105.179 -1.50116 -0.50683 -0 40
69 93 25 1.5236 1.4433 -103.494 -117.532 -1.32716 -0.23683 -0 40
69 94 26 1.5401 1.4433 -109.716 -117.532 -1.32716 -0.23683 -0 40
69 92 27 1.6045 1.4433 -108.514 -117.532 -1.32716 -0.23683 -0 40
69 92 28 1.5928 1.4433 -101.865 -117.532 -1.32716 -0.23683 -0 40
69 92 29 1.5777 1.4433 -108.191 -117.532 -1.32716 -0.23683 -0 40
69 92 30 1.4879 1.4433 -106.793 -117.532 -1.32716 -0.23683 -0 40
69 92 31 1.5263 1.4433 -103.332 -117.532 -1.32716 -0.23683 -0 40
69 114 32 1.6 1.6293 -110.876 -111.879 -1.51316 -0.38083 -0 40
69 93 33 1.5004 1.4433 -110.972 -117.532 -1.32716 -0.23683 -0 40
69 93 34 1.5562 1.4433 -113.067 -117.532 -1.32716 -0.23683 -0 40
69 92 35 1.5561 1.4433 -103.62 -117.532 -1.32716 -0.23683 -0 40
69 92 36 1.5247 1.4433 -108.973 -117.532 -1.32716 -0.23683 -0 40
69 94 37 1.5512 1.4433 -111.56 -117.532 -1.32716 -0.23683 -0 40
69 93 38 1.5566 1.4433 -112.79 -117.532 -1.32716 -0.23683 -0 40
69 93 39 1.5865 1.6191 -103.474 -104.558 -1.50116 -0.51883 -1 40
69 112 40 1.6029 1.6168 -106.164 -105.801 -1.50116 -0.49483 -0 40
69 93 41 1.4759 1.4433 -110.844 -117.532 -1.32716 -0.23683 -0 40
69 92 42 1.496 1.4433 -109.026 -117.532 -1.32716 -0.23683 -0 40
69 92 43 1.5482 1.4433 -103.811 -117.532 -1.32716 -0.23683 -0 40
69 91 44 1.6023 1.4433 -107.779 -117.532 -1.32716 -0.23683 -0 40
69 93 45 1.4753 1.4433 -102.725 -117.532 -1.32716 -0.23683 -0 40
69 92 46 1.5668 1.4433 -109.03 -117.532 -1.32716 -0.23683 -0 40
69 92 47 1.565 1.4433 -107.088 -117.532 -1.32716 -0.23683 -0 40
69 92 48 1.5338 1.4433 -113.925 -117.532 -1.32716 -0.23683 -0 40
69 93 49 1.5667 1.4433 -111.124 -117.532 -1.32716 -0.23683 -0 40
103 111 0 1.4895 1.4434 -114.205 -112.82 -1.33916 -0.32083 -0 40
103 92 1 1.5137 1.4433 -103.417 -117.532 -1.32716 -0.23683 -0 40
103 93 2 1.603 1.6572 -114.156 -115.449 -1.53116 -0.31483 -0 40
103 93 3 1.5122 1.4433 -103.03 -117.532 -1.32716 -0.23683 -0 40
103 93 4 1.5705 1.4433 -111.305 -117.532 -1.32716 -0.23683 -1 40
103 92 5 1.5082 1.4433 -115.143 -117.532 -1.32716 -0.23683 -0 40
103 93 6 1.5072 1.4433 -101.441 -117.532 -1.32716 -0.23683 -0 40
103 92 7 1.5816 1.4433 -108.712 -117.532 -1.32716 -0.23683 -0 40
103 111 8 1.584 1.5892 -107.271 -107.282 -1.47716 -0.45883 -0 40
103 96 9 1.5866 1.6082 -102.412 -103.718 -1.48916 -0.53083 -1 40
103 93 10 1.581 1.6228 -111.618 -111.801 -1.50716 -0.38083 -0 40
103 125 11 1.5944 1.6224 -110.632 -111.491 -1.50716 -0.38683 -1 40
103 101 12 1.4822 1.494 -111.77 -112.119 -1.38716 -0.34483 -0 40
103 111 13 1.4961 1.5011 -112.701 -112.538 -1.39316 -0.33883 -0 40
103 94 14 1.5535 1.4433 -112.407 -117.532 -1.32716 -0.23683 -0 40
103 112 15 1.4733 1.469 -105.297 -105.259 -1.36316 -0.45883 -0 40
103 91 16 1.4791 1.4433 -107.842 -117.532 -1.32716 -0.23683 -0 40
103 134 17 1.5091 1.5072 -105.35 -105.599 -1.39916 -0.46483 -0 40
103 93 18 1.5212 1.4433 -101.174 -117.532 -1.32716 -0.23683 -0 40
103 93 19 1.4843 1.4433 -102.902 -117.532 -1.32716 -0.23683 -0 40
103 93 20 1.5099 1.4433 -102.823 -117.532 -1.32716 -0.23683 -0 40
103 131 21 1.5959 1.6136 -103.507 -104.14 -1.49516 -0.52483 -1 40
103 139 22 1.521 1.519 -106.228 -106.481 -1.41116 -0.45283 -0 40
103 94 23 1.5667 1.4433 -110.472 -117.532 -1.32716 -0.23683 -0 40
103 94 24 1.5394 1.4433 -110.73 -117.532 -1.32716 -0.23683 -0 40
103 93 25 1.503 1.4433 -102.125 -117.532 -1.32716 -0.23683 -1 40
103 122 26 1.5926 1.5962 -106.642 -106.749 -1.48316 -0.47083 -0 40
103 97 27 1.5802 1.6228 -110.752 -111.801 -1.50716 -0.38083 -0 40
103 93 28 1.4866 1.4433 -110.439 -117.532 -1.32716 -0.23683 -0 40
103 93 29 1.4931 1.4433 -102.542 -117.532 -1.32716 -0.23683 -0 40
103 102 30 1.59 1.589 -108.181 -107.599 -1.47716 -0.45283 -0 40
103 94 31 1.5891 1.6289 -109.145 -111.57 -1.51316 -0.38683 -0 40
103 124 32 1.5905 1.611 -105.211 -105.386 -1.49516 -0.50083 -1 40
103 119 33 1.6037 1.6285 -109.656 -111.261 -1.51316 -0.39283 -0 40
103 92 34 1.543 1.4433 -100.821 -117.532 -1.32716 -0.23683 -0 40
103 93 35 1.5607 1.4433 -101.105 -117.532 -1.32716 -0.23683 -0 40
103 119 36 1.5053 1.5072 -112.148 -112.285 -1.39916 -0.34483 -0 40
103 116 37 1.523 1.5141 -104.932 -105.377 -1.40516 -0.47083 -0 40
103 117 38 1.5098 1.5077 -112.797 -112.619 -1.39916 -0.33883 -0 40
103 141 39 1.517 1.5126 -106.48 -106.374 -1.40516 -0.45283 -0 40
103 93 40 1.5571 1.4433 -100.795 -117.532 -1.32716 -0.23683 -0 40
103 93 41 1.5163 1.4433 -101.382 -117.532 -1.32716 -0.23683 -0 40
103 120 42 1.534 1.5247 -107.962 -107.247 -1.41716 -0.44083 -0 40
103 92 43 1.5911 1.4433 -114.483 -117.532 -1.32716 -0.23683 -0 40
103 130 44 1.6012 1.6144 -102.992 -103.829 -1.49516 -0.53083 -1 40
103 92 45 1.5684 1.4433 -102.041 -117.532 -1.32716 -0.23683 -0 40
103 92 46 1.5751 1.4433 -109.487 -117.532 -1.32716 -0.23683 -0 40
103 93 47 1.5627 1.4433 -105.052 -117.532 -1.32716 -0.23683 -0 40
103 122 48 1.5802 1.5796 -100.473 -99.111 -1.44716 -0.60283 -0 40
103 121 49 1.5199 1.5135 -104.971 -105.71 -1.40516 -0.46483 -0 40
138 125 0 1.5342 1.5385 -103.071 -103.092 -1.42316 -0.51883 -1 40
138 137 1 1.5707 1.5707 -100.555 -99.611 -1.44116 -0.59083 -1 40
138 110 2 1.5815 1.5786 -112.668 -112.512 -1.46516 -0.35683 -1 40
138 136 3 1.5406 1.5308 -108.412 -107.678 -1.42316 -0.43483 -1 40
138 167 4 1.5106 1.5135 -105.363 -105.71 -1.40516 -0.46483 -1 40
138 163 5 1.5211 1.5183 -107.559 -107.144 -1.41116 -0.44083 -1 40
138 105 6 1.5227 1.519 -110.749 -111.456 -1.41116 -0.36283 -0 40
138 131 7 1.5062 1.4954 -100.989 -100.439 -1.37516 -0.54883 -1 40
138 128 8 1.5569 1.5504 -107.471 -107.326 -1.44116 -0.44683 -1 40
138 142 9 1.5433 1.5317 -106.5 -106.692 -1.42316 -0.45283 -1 40
138 149 10 1.5137 1.5133 -111.77 -112.035 -1.40516 -0.35083 -1 40
138 116 11 1.509 1.5055 -110.422 -110.949 -1.39916 -0.36883 -0 40
138 154 12 1.5105 1.5072 -112.288 -112.285 -1.39916 -0.34483 -1 40
138 111 13 1.5154 1.5201 -102.463 -102.731 -1.40516 -0.51883 -1 40
138 105 14 1.4799 1.4804 -102.765 -102.997 -1.36916 -0.50083 -1 40
138 151 15 1.4797 1.4573 -114.318 -113.33 -1.35116 -0.31483 -0 40
138 91 16 1.5092 1.4433 -109.591 -117.532 -1.32716 -0.23683 -0 40
138 123 17 1.5614 1.5579 -103.181 -103.122 -1.44116 -0.52483 -1 40
138 112 18 1.5577 1.5534 -112.551 -112.844 -1.44116 -0.34483 -1 40
138 156 19 1.4751 1.4513 -114.698 -113.595 -1.34516 -0.30883 -1 40
138 116 20 1.5779 1.5991 -104.231 -104.861 -1.48316 -0.50683 -1 40
138 107 21 1.5712 1.5694 -104.017 -103.674 -1.45316 -0.51883 -1 40
138 93 22 1.5343 1.5425 -100.818 -101.793 -1.42316 -0.54283 -1 40
138 116 23 1.5831 1.5847 -112.327 -112.272 -1.47116 -0.36283 -1 40
138 115 24 1.5491 1.5486 -101.466 -101.916 -1.42916 -0.54283 -0 40
138 123 25 1.5345 1.5395 -102.293 -102.766 -1.42316 -0.52483 -1 40
138 112 26 1.5478 1.5486 -101.297 -101.916 -1.42916 -0.54283 -1 40
138 145 27 1.5204 1.5222 -113.609 -113.439 -1.41116 -0.32683 -0 40
138 126 28 1.509 1.4967 -100.626 -100.106 -1.37516 -0.55483 -1 40
138 127 29 1.5499 1.5517 -103.226 -103.004 -1.43516 -0.52483 -1 40
138 106 30 1.563 1.5655 -112.14 -112.355 -1.45316 -0.35683 -1 40
138 145 31 1.58 1.5781 -100.518 -99.426 -1.44716 -0.59683 -1 40
138 136 32 1.576 1.5831 -106.425 -106.865 -1.47116 -0.46483 -1 40
138 108 33 1.4943 1.4506 -115.162 -113.249 -1.34516 -0.31483 -0 40
138 123 34 1.5723 1.5839 -105.732 -106.23 -1.47116 -0.47683 -1 40
138 109 35 1.5668 1.5711 -111.535 -111.794 -1.45916 -0.36883 -1 40
138 108 36 1.5518 1.5534 -112.224 -112.844 -1.44116 -0.34483 -1 40
138 115 37 1.5103 1.5055 -110.455 -110.949 -1.39916 -0.36883 -0 40
138 143 38 1.5959 1.6155 -110.185 -111.099 -1.50116 -0.39283 -1 40
138 120 39 1.4926 1.4771 -114.002 -113.568 -1.36916 -0.31483 -0 40
138 133 40 1.5839 1.606 -104.072 -104.655 -1.48916 -0.51283 -1 40
138 93 41 1.4732 1.4433 -109.179 -117.532 -1.32716 -0.23683 -1 40
138 110 42 1.5895 1.5821 -109.081 -108.456 -1.47116 -0.43483 -0 40
138 122 43 1.5441 1.5402 -112.369 -112.688 -1.42916 -0.34483 -1 40
138 143 44 1.5642 1.5636 -114.026 -114.527 -1.44716 -0.31483 -1 40
138 118 45 1.5786 1.5842 -112.083 -111.954 -1.47116 -0.36883 -1 40
138 152 46 1.5959 1.6082 -103.248 -103.718 -1.48916 -0.53083 -1 40
138 92 47 1.4859 1.4433 -109.071 -117.532 -1.32716 -0.23683 -1 40
138 141 48 1.6003 1.609 -102.506 -103.406 -1.48916 -0.53683 -1 40
138 94 49 1.5402 1.4433 -111.153 -117.532 -1.32716 -0.23683 -0 40
172 144 0 1.5058 1.5051 -103.129 -103.484 -1.39316 -0.50083 -1 40
172 178 1 1.4797 1.4632 -113.493 -113.067 -1.35716 -0.32083 -1 40
172 167 2 1.4792 1.4796 -101.58 -101.18 -1.36316 -0.53083 -1 40
172 115 3 1.4781 1.4853 -109.033 -109.326 -1.38116 -0.39283 -1 40
172 150 4 1.5697 1.5771 -105.851 -106.445 -1.46516 -0.47083 -1 40
172 159 5 1.4759 1.4813 -111.927 -112.29 -1.37516 -0.33883 -1 40
172 208 6 1.5219 1.519 -106.473 -106.481 -1.41116 -0.45283 -1 40
172 138 7 1.5822 1.5812 -101.725 -101.884 -1.45916 -0.55483 -1 40
172 173 8 1.5859 1.589 -107.681 -107.599 -1.47716 -0.45283 -1 40
172 168 9 1.6033 1.6099 -102.414 -103.095 -1.48916 -0.54283 -1 40
172 133 10 1.5075 1.5053 -109.981 -110.615 -1.39916 -0.37483 -0 40
172 199 11 1.4722 1.4573 -113.96 -113.33 -1.35116 -0.31483 -1 40
172 164 12 1.4853 1.4935 -111.211 -111.783 -1.38716 -0.35083 -1 40
172 138 13 1.5585 1.5563 -109.271 -108.72 -1.44716 -0.42283 -1 40
172 194 14 1.5244 1.5247 -107.606 -107.247 -1.41716 -0.44083 -1 40
172 114 15 1.4756 1.4788 -108.814 -108.889 -1.37516 -0.39883 -1 40
172 191 16 1.5357 1.5313 -106.879 -107.02 -1.42316 -0.44683 -1 40
172 172 17 1.5263 1.5198 -112.001 -112.118 -1.41116 -0.35083 -1 40
172 147 18 1.5755 1.5721 -102.959 -102.717 -1.45316 -0.53683 -1 40
172 147 19 1.5662 1.5628 -108.907 -108.492 -1.45316 -0.42883 -1 40
172 150 20 1.4753 1.4808 -111.429 -111.951 -1.37516 -0.34483 -1 40
172 120 21 1.521 1.5177 -109.287 -108.139 -1.41116 -0.42283 -1 40
172 178 22 1.5052 1.5063 -111.307 -111.618 -1.39916 -0.35683 -1 40
172 199 23 1.5004 1.5063 -106.474 -106.267 -1.39916 -0.45283 -1 40
172 183 24 1.5014 1.5006 -112.39 -112.203 -1.39316 -0.34483 -1 40
172 173 25 1.5946 1.6089 -110.509 -111.018 -1.49516 -0.39283 -1 40
172 207 26 1.5179 1.5186 -106.795 -106.812 -1.41116 -0.44683 -1 40
172 145 27 1.5812 1.5843 -102.586 -102.95 -1.46516 -0.53683 -1 40
172 184 28 1.5211 1.5209 -112.96 -112.779 -1.41116 -0.33883 -1 40
172 167 29 1.5268 1.5396 -115.003 -115.221 -1.42316 -0.29683 -1 40
172 151 30 1.4764 1.487 -111.283 -111.697 -1.38116 -0.35083 -1 40
172 142 31 1.5328 1.5353 -101.51 -101.994 -1.41716 -0.53683 -1 40
172 169 32 1.5115 1.5089 -113.681 -113.285 -1.39916 -0.32683 -1 40
172 192 33 1.602 1.6029 -106.694 -106.535 -1.48916 -0.47683 -1 40
172 156 34 1.546 1.5476 -101.849 -102.239 -1.42916 -0.53683 -1 40
172 148 35 1.5391 1.5371 -108.942 -108.106 -1.42916 -0.42883 -1 40
172 172 36 1.484 1.4869 -106.559 -106.277 -1.38116 -0.44683 -1 40
172 178 37 1.5849 1.5892 -107.38 -107.282 -1.47716 -0.45883 -1 40
172 153 38 1.5762 1.5906 -105.354 -106.016 -1.47716 -0.48283 -1 40
172 147 39 1.5787 1.5834 -103.042 -103.266 -1.46516 -0.53083 -1 40
172 141 40 1.4728 1.4668 -107.633 -106.973 -1.36316 -0.42883 -1 40
172 182 41 1.5123 1.5119 -107.784 -107.04 -1.40516 -0.44083 -1 40
172 174 42 1.4756 1.4765 -104.535 -104.693 -1.36916 -0.47083 -1 40
172 197 43 1.5097 1.5072 -105.204 -105.599 -1.39916 -0.46483 -1 40
172 140 44 1.5578 1.5563 -109.199 -108.72 -1.44716 -0.42283 -1 40
172 154 45 1.5573 1.5547 -101.837 -102.038 -1.43516 -0.54283 -1 40
172 170 46 1.5493 1.5438 -107.87 -107.551 -1.43516 -0.44083 -1 40
172 126 47 1.532 1.5364 -100.93 -101.669 -1.41716 -0.54283 -1 40
172 139 48 1.5788 1.5739 -113.438 -113.392 -1.45916 -0.33883 -1 40
172 177 49 1.5206 1.5181 -108.147 -107.475 -1.41116 -0.43483 -1 40
206 209 0 1.4831 1.489 -104.543 -104.925 -1.38116 -0.47083 -1 40
206 216 1 1.4871 1.4937 -106.137 -106.049 -1.38716 -0.45283 -1 40
206 198 2 1.5394 1.5408 -112.629 -113.014 -1.42916 -0.33883 -1 40
206 197 3 1.5695 1.5693 -100.559 -99.928 -1.44116 -0.58483 -1 40
206 163 4 1.5448 1.5521 -100.701 -100.95 -1.42916 -0.56083 -1 40
206 201 5 1.4943 1.4929 -101.399 -101.106 -1.37516 -0.53683 -1 40
206 202 6 1.5396 1.5372 -108.339 -107.778 -1.42916 -0.43483 -1 40
206 193 7 1.4942 1.4917 -101.773 -101.441 -1.37516 -0.53083 -1 40
206 181 8 1.4911 1.4906 -102.26 -101.775 -1.37516 -0.52483 -1 40
206 163 9 1.5947 1.5836 -114.882 -114.734 -1.46516 -0.31483 -1 40
206 174 10 1.5785 1.5746 -113.601 -113.711 -1.45916 -0.33283 -1 40
206 239 11 1.5107 1.5123 -106.887 -106.707 -1.40516 -0.44683 -1 40
206 181 12 1.517 1.5192 -102.875 -103.061 -1.40516 -0.51283 -1 40
206 188 13 1.5665 1.565 -102.789 -102.918 -1.44716 -0.53083 -1 40
206 196 14 1.5235 1.532 -114.751 -114.826 -1.41716 -0.30283 -1 40
206 182 15 1.5341 1.5307 -108.857 -108.007 -1.42316 -0.42883 -1 40
206 189 16 1.5067 1.5051 -108.174 -107.604 -1.39916 -0.42883 -1 40
206 234 17 1.5071 1.5123 -106.874 -106.707 -1.40516 -0.44683 -1 40
206 200 18 1.4755 1.4735 -101.465 -101.048 -1.35716 -0.53083 -1 40
206 168 19 1.5688 1.5686 -104.3 -103.993 -1.45316 -0.51283 -1 40
206 205 20 1.5252 1.5303 -114.32 -114.171 -1.41716 -0.31483 -1 40
206 230 21 1.5631 1.5587 -114.894 -115.101 -1.44116 -0.30283 -1 40
206 193 22 1.5681 1.5765 -106.753 -107.084 -1.46516 -0.45883 -1 40
206 175 23 1.4825 1.4857 -103.145 -103.457 -1.37516 -0.49483 -1 40
206 221 24 1.4932 1.4894 -100.377 -100.305 -1.36916 -0.54883 -1 40
206 214 25 1.4957 1.5001 -111.755 -111.868 -1.39316 -0.35083 -1 40
206 208 26 1.5927 1.589 -107.799 -107.599 -1.47716 -0.45283 -1 40
206 175 27 1.5699 1.5692 -109.201 -108.908 -1.45916 -0.42283 -1 40
206 178 28 1.5892 1.5918 -112.821 -112.666 -1.47716 -0.35683 -1 40
206 189 29 1.5578 1.5565 -108.442 -108.073 -1.44716 -0.43483 -1 40
206 197 30 1.5482 1.5466 -102.549 -102.562 -1.42916 -0.53083 -1 40
206 192 31 1.5811 1.5838 -111.573 -111.637 -1.47116 -0.37483 -1 40
206 197 32 1.5635 1.562 -113.569 -113.886 -1.44716 -0.32683 -1 40
206 189 33 1.5083 1.5105 -103.67 -103.935 -1.39916 -0.49483 -1 40
206 184 34 1.581 1.5888 -103.672 -103.696 -1.47116 -0.52483 -1 40
206 232 35 1.4981 1.5 -106.024 -106.158 -1.39316 -0.45283 -1 40
206 164 36 1.553 1.5485 -104.63 -104.298 -1.43516 -0.50083 -1 40
206 186 37 1.4844 1.4849 -103.558 -103.795 -1.37516 -0.48883 -1 40
206 175 38 1.5471 1.5462 -112.073 -112.441 -1.43516 -0.35083 -1 40
206 185 39 1.5718 1.5679 -113.644 -113.638 -1.45316 -0.33283 -1 40
206 155 40 1.4957 1.4862 -115.155 -114.659 -1.37516 -0.29683 -1 40
206 134 41 1.5218 1.5177 -109.87 -109.798 -1.41116 -0.39283 -1 40
206 176 42 1.6013 1.5951 -108.801 -108.327 -1.48316 -0.44083 -1 40
206 166 43 1.552 1.5498 -109.394 -108.95 -1.44116 -0.41683 -1 40
206 194 44 1.4848 1.4705 -114.068 -113.489 -1.36316 -0.31483 -1 40
206 176 45 1.569 1.5765 -110.761 -110.917 -1.46516 -0.38683 -1 40
206 176 46 1.556 1.5574 -106.368 -106.78 -1.44716 -0.45883 -1 40
206 215 47 1.5282 1.5288 -113.61 -113.515 -1.41716 -0.32683 -1 40
206 172 48 1.595 1.595 -109.164 -108.958 -1.48316 -0.42883 -1 40
206 179 49 1.5803 1.5753 -114.066 -114.029 -1.45916 -0.32683 -1 40
241 231 0 1.4974 1.4957 -113.387 -113.128 -1.38716 -0.32683 -1 40
241 195 1 1.5565 1.5638 -110.819 -111.069 -1.45316 -0.38083 -1 40
241 204 2 1.4889 1.4922 -109.904 -110.434 -1.38716 -0.37483 -1 40
241 210 3 1.5074 1.5069 -102.848 -102.818 -1.39316 -0.51283 -1 40
241 215 4 1.5725 1.5714 -101.119 -101.006 -1.44716 -0.56683 -1 40
241 216 5 1.5101 1.5061 -101.06 -101.034 -1.38716 -0.54283 -1 40
241 221 6 1.5548 1.554 -112.832 -113.167 -1.44116 -0.33883 -1 40
241 239 7 1.4814 1.4869 -106.171 -106.277 -1.38116 -0.44683 -1 40
241 245 8 1.5894 1.5969 -105.741 -106.119 -1.48316 -0.48283 -1 40
241 251 9 1.5931 1.5974 -105.689 -105.804 -1.48316 -0.48883 -1 40
241 206 10 1.4925 1.4946 -102.592 -102.572 -1.38116 -0.51283 -1 40
241 193 11 1.5371 1.5436 -100.945 -101.469 -1.42316 -0.54883 -1 40
241 216 12 1.5207 1.5245 -103.283 -103.509 -1.41116 -0.50683 -1 40
241 246 13 1.5303 1.5275 -112.696 -112.858 -1.41716 -0.33883 -1 40
241 214 14 1.5671 1.5654 -101.149 -100.881 -1.44116 -0.56683 -1 40
241 204 15 1.5293 1.5241 -108.944 -108.238 -1.41716 -0.42283 -1 40
241 228 16 1.5834 1.5779 -115.054 -114.983 -1.45916 -0.30883 -1 40
241 233 17 1.504 1.4954 -100.706 -100.439 -1.37516 -0.54883 -1 40
241 240 18 1.5258 1.5209 -105.053 -105.158 -1.41116 -0.47683 -1 40
241 228 19 1.5852 1.5896 -110.785 -111.085 -1.47716 -0.38683 -1 40
241 269 20 1.501 1.5063 -105.987 -106.267 -1.39916 -0.45283 -1 40
241 224 21 1.5467 1.5447 -103.546 -103.21 -1.42916 -0.51883 -1 40
241 248 22 1.5988 1.6031 -111.518 -111.563 -1.48916 -0.38083 -1 40
241 224 23 1.5648 1.5629 -108.163 -108.17 -1.45316 -0.43483 -1 40
241 241 24 1.5325 1.5308 -108.206 -107.678 -1.42316 -0.43483 -1 40
241 203 25 1.5495 1.5546 -100.379 -100.308 -1.42916 -0.57283 -1 40
241 240 26 1.4756 1.4748 -105.809 -105.715 -1.36916 -0.45283 -1 40
241 234 27 1.4846 1.4879 -112.402 -112.373 -1.38116 -0.33883 -1 40
241 224 28 1.5676 1.562 -113.65 -113.886 -1.44716 -0.32683 -1 40
241 211 29 1.5787 1.5859 -104.596 -104.961 -1.47116 -0.50083 -1 40
241 219 30 1.5164 1.5174 -103.647 -103.721 -1.40516 -0.50083 -1 40
241 206 31 1.4862 1.4857 -107.888 -107.631 -1.38116 -0.42283 -1 40
241 220 32 1.568 1.5679 -100.785 -100.245 -1.44116 -0.57883 -1 40
241 208 33 1.5134 1.5061 -101.257 -101.034 -1.38716 -0.54283 -1 40
241 218 34 1.5697 1.5679 -113.464 -113.638 -1.45316 -0.33283 -1 40
241 212 35 1.4892 1.4895 -102.362 -102.111 -1.37516 -0.51883 -1 40
241 214 36 1.5104 1.5121 -103.124 -103.271 -1.39916 -0.50683 -1 40
241 222 37 1.5599 1.5619 -100.371 -100.117 -1.43516 -0.57883 -1 40
241 240 38 1.475 1.4765 -104.692 -104.693 -1.36916 -0.47083 -1 40
241 245 39 1.5252 1.5295 -113.773 -113.843 -1.41716 -0.32083 -1 40
241 197 40 1.5117 1.5112 -108.846 -108.372 -1.40516 -0.41683 -1 40
241 218 41 1.5753 1.5777 -111.93 -111.875 -1.46516 -0.36883 -1 40
241 229 42 1.6036 1.6099 -102.443 -103.095 -1.48916 -0.54283 -1 40
241 208 43 1.5457 1.5392 -105.761 -105.815 -1.42916 -0.47083 -1 40
241 168 44 1.5388 1.5442 -110.619 -110.813 -1.43516 -0.38083 -1 40
241 203 45 1.5732 1.5791 -105.067 -105.171 -1.46516 -0.49483 -1 40
241 212 46 1.5753 1.5714 -101.187 -101.006 -1.44716 -0.56683 -1 40
241 195 47 1.5557 1.5547 -104.609 -104.411 -1.44116 -0.50083 -1 40
241 251 48 1.4759 1.476 -100.606 -100.372 -1.35716 -0.54283 -1 40
241 207 49 1.5844 1.5821 -109.454 -109.411 -1.47116 -0.41683 -1 40
275 232 0 1.5144 1.5196 -114.987 -115.015 -1.40516 -0.29683 -1 40
275 249 1 1.5796 1.5826 -103.47 -103.583 -1.46516 -0.52483 -1 40
275 238 2 1.5187 1.5186 -110.741 -111.124 -1.41116 -0.36883 -1 40
275 278 3 1.4819 1.4821 -104.944 -105.148 -1.37516 -0.46483 -1 40
275 251 4 1.5956 1.5887 -108.575 -108.233 -1.47716 -0.44083 -1 40
275 267 5 1.5222 1.5215 -104.593 -104.827 -1.41116 -0.48283 -1 40
275 249 6 1.5783 1.5756 -108.885 -108.681 -1.46516 -0.42883 -1 40
275 256 7 1.5127 1.5105 -103.79 -103.935 -1.39916 -0.49483 -1 40
275 248 8 1.4846 1.4849 -103.429 -103.795 -1.37516 -0.48883 -1 40
275 281 9 1.484 1.4874 -105.793 -105.938 -1.38116 -0.45283 -1 40
275 250 10 1.5826 1.5821 -108.833 -108.774 -1.47116 -0.42883 -1 40
275 230 11 1.5049 1.505 -109.883 -110.281 -1.39916 -0.38083 -1 40
275 288 12 1.5684 1.5645 -114.701 -114.848 -1.44716 -0.30883 -1 40
275 260 13 1.5338 1.533 -112.089 -112.281 -1.42316 -0.35083 -1 40
275 243 14 1.5088 1.5038 -101.966 -101.697 -1.38716 -0.53083 -1 40
275 240 15 1.4923 1.4936 -102.956 -102.907 -1.38116 -0.50683 -1 40
275 274 16 1.5978 1.602 -103.187 -103.606 -1.48316 -0.53083 -1 40
275 250 17 1.5518 1.55 -103.865 -103.651 -1.43516 -0.51283 -1 40
275 246 18 1.5686 1.5707 -111.406 -111.474 -1.45916 -0.37483 -1 40
275 244 19 1.4818 1.4728 -114.916 -114.512 -1.36316 -0.29683 -1 40
275 279 20 1.5289 1.5295 -114.034 -113.843 -1.41716 -0.32083 -1 40
275 295 21 1.5492 1.5503 -114.273 -114.387 -1.43516 -0.31483 -1 40
275 278 22 1.4967 1.4997 -111.303 -111.532 -1.39316 -0.35683 -1 40
275 218 23 1.4757 1.4789 -108.479 -108.548 -1.37516 -0.40483 -1 40
275 257 24 1.5693 1.5687 -113.743 -113.958 -1.45316 -0.32683 -1 40
275 263 25 1.4776 1.4796 -101.548 -101.18 -1.36316 -0.53083 -1 40
275 301 26 1.5264 1.5253 -106.38 -106.587 -1.41716 -0.45283 -1 40
275 248 27 1.5453 1.5462 -112.296 -112.441 -1.43516 -0.35083 -1 40
275 293 28 1.543 1.5445 -114.389 -114.64 -1.42916 -0.30883 -1 40
275 291 29 1.5596 1.557 -114.355 -114.457 -1.44116 -0.31483 -1 40
275 229 30 1.5947 1.5945 -101.659 -101.809 -1.47116 -0.56083 -1 40
275 228 31 1.5507 1.5498 -109.446 -109.275 -1.44116 -0.41083 -1 40
275 286 32 1.5371 1.5311 -107.64 -107.349 -1.42316 -0.44083 -1 40
275 238 33 1.544 1.5423 -104.457 -104.185 -1.42916 -0.50083 -1 40
275 248 34 1.5156 1.5178 -114.576 -114.355 -1.40516 -0.30883 -1 40
275 253 35 1.5665 1.5701 -106.598 -106.983 -1.45916 -0.45883 -1 40
275 234 36 1.6028 1.595 -108.958 -108.642 -1.48316 -0.43483 -1 41
275 240 37 1.5515 1.5492 -104.215 -103.974 -1.43516 -0.50683 -1 40
275 286 38 1.538 1.5313 -107.379 -107.02 -1.42316 -0.44683 -1 40
275 268 39 1.4887 1.4931 -111.199 -111.446 -1.38716 -0.35683 -1 40
275 277 40 1.5847 1.5828 -107.389 -107.183 -1.47116 -0.45883 -1 40
275 244 41 1.5751 1.5746 -113.596 -113.711 -1.45916 -0.33283 -1 40
275 238 42 1.4795 1.4823 -102.524 -102.321 -1.36916 -0.51283 -1 41
275 242 43 1.5776 1.5763 -101.592 -101.446 -1.45316 -0.56083 -1 40
275 271 44 1.4996 1.4941 -100.96 -100.772 -1.37516 -0.54283 -1 40
275 233 45 1.5633 1.5697 -110.175 -110.512 -1.45916 -0.39283 -1 40
275 277 46 1.5344 1.5341 -112.84 -112.936 -1.42316 -0.33883 -1 40
275 222 47 1.544 1.5434 -109.481 -109.182 -1.43516 -0.41083 -1 40
275 243 48 1.5758 1.5763 -101.364 -101.446 -1.45316 -0.56083 -1 40
275 248 49 1.5651 1.5641 -101.329 -101.2 -1.44116 -0.56083 -1 40
310 283 0 1.5995 1.5952 -108.502 -108.011 -1.48316 -0.44683 -1 41
310 272 1 1.4811 1.4823 -102.535 -102.321 -1.36916 -0.51283 -1 41
310 262 2 1.485 1.4804 -115.236 -114.924 -1.36916 -0.29083 -1 40
310 310 3 1.5796 1.5828 -107.18 -107.183 -1.47116 -0.45883 -1 40
310 271 4 1.5831 1.5812 -113.859 -113.783 -1.46516 -0.33283 -1 40
310 301 5 1.5759 1.576 -107.683 -107.722 -1.46516 -0.44683 -1 40
310 270 6 1.5518 1.5492 -104.364 -103.974 -1.43516 -0.50683 -1 40
310 298 7 1.5025 1.5053 -107.733 -107.269 -1.39916 -0.43483 -1 40
310 247 8 1.5069 1.5062 -115.24 -114.874 -1.39316 -0.29683 -1 40
310 294 9 1.5594 1.5565 -108.241 -108.073 -1.44716 -0.43483 -1 40
310 266 10 1.5484 1.5533 -100.602 -100.629 -1.42916 -0.56683 -1 40
310 323 11 1.5985 1.6033 -106.065 -106.221 -1.48916 -0.48283 -1 41
310 313 12 1.6012 1.6101 -111.763 -111.955 -1.49516 -0.37483 -1 41
310 247 13 1.5143 1.5111 -109.221 -109.039 -1.40516 -0.40483 -1 40
310 280 14 1.5779 1.5781 -112.406 -112.193 -1.46516 -0.36283 -1 40
310 316 15 1.5001 1.5056 -107.114 -106.935 -1.39916 -0.44083 -1 40
310 320 16 1.4869 1.4879 -105.636 -105.6 -1.38116 -0.45883 -1 41
310 278 17 1.545 1.543 -104.159 -103.86 -1.42916 -0.50683 -1 40
310 305 18 1.5443 1.5436 -108.037 -107.877 -1.43516 -0.43483 -1 40
310 243 19 1.5354 1.54 -100.403 -100.696 -1.41716 -0.56083 -1 41
310 299 20 1.552 1.5527 -102.739 -102.682 -1.43516 -0.53083 -1 40
310 283 21 1.5732 1.573 -102.281 -102.398 -1.45316 -0.54283 -1 40
310 289 22 1.5351 1.5377 -103.516 -103.418 -1.42316 -0.51283 -1 40
310 312 23 1.4754 1.476 -100.709 -100.372 -1.35716 -0.54283 -1 41
310 251 24 1.5395 1.54 -100.635 -100.696 -1.41716 -0.56083 -1 40
310 296 25 1.5975 1.6021 -110.37 -110.621 -1.48916 -0.39883 -1 41
310 309 26 1.5287 1.527 -112.356 -112.529 -1.41716 -0.34483 -1 40
310 305 27 1.5899 1.5985 -104.972 -105.175 -1.48316 -0.50083 -1 41
310 278 28 1.5473 1.5434 -108.935 -108.53 -1.43516 -0.42283 -1 40
310 247 29 1.4768 1.4788 -109.063 -109.229 -1.37516 -0.39283 -1 40
310 260 30 1.5547 1.5564 -109.808 -109.691 -1.44716 -0.40483 -1 40
310 314 31 1.4721 1.476 -100.491 -100.372 -1.35716 -0.54283 -1 41
310 276 32 1.4884 1.4895 -102.417 -102.111 -1.37516 -0.51883 -1 41
310 328 33 1.5258 1.5247 -107.574 -107.247 -1.41716 -0.44083 -1 40
310 253 34 1.5101 1.5111 -109.012 -108.705 -1.40516 -0.41083 -1 40
310 277 35 1.5679 1.5715 -111.92 -112.114 -1.45916 -0.36283 -1 40
310 295 36 1.4815 1.4874 -111.958 -112.035 -1.38116 -0.34483 -1 40
310 273 37 1.5936 1.5934 -102.06 -102.122 -1.47116 -0.55483 -1 40
310 293 38 1.604 1.602 -107.919 -107.477 -1.48916 -0.45883 -1 41
310 250 39 1.6023 1.6006 -101.541 -101.928 -1.47716 -0.56083 -1 41
310 285 40 1.5685 1.5641 -103.276 -103.239 -1.44716 -0.52483 -1 40
310 325 41 1.5985 1.6053 -104.851 -104.968 -1.48916 -0.50683 -1 41
310 308 42 1.507 1.509 -104.315 -104.6 -1.39916 -0.48283 -1 40
310 287 43 1.5378 1.5414 -101.988 -102.117 -1.42316 -0.53683 -1 40
310 286 44 1.5333 1.5315 -103.593 -103.3 -1.41716 -0.51283 -1 40
310 280 45 1.5736 1.5776 -105.71 -106.126 -1.46516 -0.47683 -1 41
310 301 46 1.4941 1.4989 -107.248 -107.165 -1.39316 -0.43483 -1 40
310 332 47 1.5191 1.5198 -105.604 -105.819 -1.41116 -0.46483 -1 40
310 292 48 1.5321 1.5324 -102.806 -102.973 -1.41716 -0.51883 -1 40
310 286 49 1.5652 1.5606 -113.248 -113.243 -1.44716 -0.33883 -1 40
344 334 0 1.5503 1.5504 -107.333 -107.326 -1.44116 -0.44683 -1 40
344 304 1 1.4834 1.4813 -102.68 -102.659 -1.36916 -0.50683 -1 41
344 348 2 1.5464 1.5487 -113.526 -113.739 -1.43516 -0.32683 -1 41
344 320 3 1.5652 1.5669 -102.084 -102.279 -1.44716 -0.54283 -1 40
344 352 4 1.5029 1.5011 -112.584 -112.538 -1.39316 -0.33883 -1 41
344 320 5 1.583 1.5866 -104.705 -104.644 -1.47116 -0.50683 -1 41
344 312 6 1.58 1.5859 -104.631 -104.961 -1.47116 -0.50083 -1 41
344 295 7 1.4903 1.4918 -109.399 -109.422 -1.38716 -0.39283 -1 40
344 300 8 1.5427 1.5403 -105.192 -105.162 -1.42916 -0.48283 -1 41
344 295 9 1.5988 1.5932 -100.882 -100.435 -1.46516 -0.58483 -1 41
344 327 10 1.5813 1.5843 -105.587 -105.912 -1.47116 -0.48283 -1 41
344 325 11 1.4991 1.4929 -101.538 -101.106 -1.37516 -0.53683 -1 41
344 317 12 1.544 1.5396 -112.349 -112.361 -1.42916 -0.35083 -1 40
344 333 13 1.4797 1.4796 -101.48 -101.18 -1.36316 -0.53083 -1 41
344 347 14 1.5852 1.5895 -107.018 -106.965 -1.47716 -0.46483 -1 41
344 355 15 1.6044 1.6029 -106.615 -106.535 -1.48916 -0.47683 -1 41
344 350 16 1.5397 1.5421 -113.653 -113.665 -1.42916 -0.32683 -1 41
344 299 17 1.5612 1.563 -110.108 -110.103 -1.45316 -0.39883 -1 40
344 319 18 1.53 1.5298 -103.906 -103.955 -1.41716 -0.50083 -1 40
344 320 19 1.5072 1.5055 -110.61 -110.949 -1.39916 -0.36883 -1 40
344 287 20 1.6031 1.6011 -114.195 -113.997 -1.48316 -0.33283 -1 41
344 319 21 1.5584 1.5563 -108.701 -108.397 -1.44716 -0.42883 -1 40
344 348 22 1.5908 1.5902 -106.218 -106.332 -1.47716 -0.47683 -1 41
344 352 23 1.603 1.6096 -111.437 -111.643 -1.49516 -0.38083 -1 41
344 353 24 1.5981 1.5965 -106.569 -106.434 -1.48316 -0.47683 -1 41
344 332 25 1.5939 1.5958 -110.692 -110.852 -1.48316 -0.39283 -1 41
344 303 26 1.5185 1.5262 -115.128 -115.084 -1.41116 -0.29683 -1 41
344 306 27 1.5513 1.5492 -104.306 -103.974 -1.43516 -0.50683 -1 41
344 341 28 1.5467 1.5441 -107.217 -107.225 -1.43516 -0.44683 -1 40
344 318 29 1.4792 1.4787 -103.575 -103.674 -1.36916 -0.48883 -1 41
344 357 30 1.599 1.6042 -105.414 -105.594 -1.48916 -0.49483 -1 41
344 309 31 1.5089 1.5078 -102.632 -102.486 -1.39316 -0.51883 -1 41
344 331 32 1.5872 1.5942 -104.055 -104.123 -1.47716 -0.51883 -1 41
344 304 33 1.4892 1.492 -109.832 -110.097 -1.38716 -0.38083 -1 40
344 320 34 1.5532 1.5534 -112.635 -112.844 -1.44116 -0.34483 -1 40
344 314 35 1.5974 1.5951 -108.637 -108.327 -1.48316 -0.44083 -1 41
344 290 36 1.4856 1.4853 -109.425 -109.326 -1.38116 -0.39283 -1 40
344 327 37 1.5569 1.554 -113.121 -113.167 -1.44116 -0.33883 -1 40
344 312 38 1.5077 1.5059 -103.192 -103.151 -1.39316 -0.50683 -1 41
344 339 39 1.5872 1.5911 -105.567 -105.7 -1.47716 -0.48883 -1 41
344 312 40 1.5233 1.5221 -102.092 -102.074 -1.40516 -0.53083 -1 40
344 325 41 1.5742 1.5771 -106.151 -106.445 -1.46516 -0.47083 -1 41
344 316 42 1.58 1.5782 -102.772 -102.834 -1.45916 -0.53683 -1 41
344 359 43 1.504 1.5056 -107.08 -106.935 -1.39916 -0.44083 -1 40
344 317 44 1.4892 1.4838 -114.09 -113.646 -1.37516 -0.31483 -1 41
344 312 45 1.4851 1.4859 -107.586 -107.292 -1.38116 -0.42883 -1 41
344 283 46 1.526 1.524 -109.265 -108.899 -1.41716 -0.41083 -1 40
344 316 47 1.5517 1.55 -103.907 -103.651 -1.43516 -0.51283 -1 40
344 317 48 1.4847 1.4849 -103.503 -103.795 -1.37516 -0.48883 -1 41
344 336 49 1.4937 1.4966 -104.08 -104.368 -1.38716 -0.48283 -1 41
378 384 0 1.4799 1.482 -100.716 -100.507 -1.36316 -0.54283 -1 41
378 344 1 1.567 1.57 -110.744 -110.833 -1.45916 -0.38683 -1 41
378 320 2 1.4943 1.4862 -115.113 -114.659 -1.37516 -0.29683 -1 41
378 367 3 1.5765 1.5831 -106.576 -106.865 -1.47116 -0.46483 -1 41
378 345 4 1.5076 1.5049 -108.344 -107.938 -1.39916 -0.42283 -1 41
378 368 5 1.6026 1.609 -102.94 -103.406 -1.48916 -0.53683 -1 41
378 301 6 1.5339 1.537 -109.706 -109.744 -1.42916 -0.39883 -1 41
378 369 7 1.4733 1.4748 -101.049 -100.71 -1.35716 -0.53683 -1 41
378 332 8 1.5367 1.5369 -109.106 -108.761 -1.42916 -0.41683 -1 41
378 356 9 1.5239 1.5229 -104.018 -104.168 -1.41116 -0.49483 -1 41
378 339 10 1.4849 1.4857 -107.851 -107.631 -1.38116 -0.42283 -1 41
378 364 11 1.59 1.5962 -110.937 -111.167 -1.48316 -0.38683 -1 41
378 357 12 1.5926 1.5908 -112.331 -112.034 -1.47716 -0.36883 -1 41
378 329 13 1.5655 1.5679 -104.483 -104.313 -1.45316 -0.50683 -1 41
378 346 14 1.5488 1.5497 -101.33 -101.593 -1.42916 -0.54883 -1 41
378 346 15 1.5678 1.5703 -111.122 -111.153 -1.45916 -0.38083 -1 41
378 362 16 1.5843 1.59 -111.18 -111.401 -1.47716 -0.38083 -1 41
378 350 17 1.5468 1.5462 -112.34 -112.441 -1.43516 -0.35083 -1 41
378 339 18 1.5805 1.5746 -113.727 -113.711 -1.45916 -0.33283 -1 41
378 387 19 1.4877 1.4879 -105.72 -105.6 -1.38116 -0.45883 -1 41
378 342 20 1.4794 1.4862 -110.755 -111.02 -1.38116 -0.36283 -1 41
378 363 21 1.5389 1.5385 -103.007 -103.092 -1.42316 -0.51883 -1 40
378 388 22 1.536 1.5362 -113.997 -113.917 -1.42316 -0.32083 -1 41
378 315 23 1.4774 1.4788 -108.773 -108.889 -1.37516 -0.39883 -1 41
378 345 24 1.5642 1.5704 -106.408 -106.663 -1.45916 -0.46483 -1 41
378 355 25 1.4971 1.4981 -103.613 -103.698 -1.38716 -0.49483 -1 41
378 357 26 1.5916 1.5913 -112.443 -112.35 -1.47716 -0.36283 -1 41
378 361 27 1.4814 1.4879 -112.058 -112.373 -1.38116 -0.33883 -1 41
378 387 28 1.5032 1.5072 -112.305 -112.285 -1.39916 -0.34483 -1 41
378 360 29 1.5301 1.5272 -104.999 -105.269 -1.41716 -0.47683 -1 41
378 374 30 1.5444 1.5436 -107.884 -107.877 -1.43516 -0.43483 -1 41
378 359 31 1.5335 1.5307 -108.522 -108.007 -1.42316 -0.42883 -1 41
378 327 32 1.5453 1.5409 -104.944 -104.836 -1.42916 -0.48883 -1 41
378 392 33 1.6 1.6047 -105.114 -105.281 -1.48916 -0.50083 -1 41
378 369 34 1.4845 1.4879 -112.367 -112.373 -1.38116 -0.33883 -1 41
378 371 35 1.5293 1.5264 -112.251 -112.199 -1.41716 -0.35083 -1 41
378 324 36 1.5528 1.5572 -110.871 -110.985 -1.44716 -0.38083 -1 40
378 381 37 1.504 1.5063 -111.342 -111.618 -1.39916 -0.35683 -1 40
378 379 38 1.5132 1.5156 -113.366 -113.362 -1.40516 -0.32683 -1 41
378 358 39 1.4726 1.4735 -101.445 -101.048 -1.35716 -0.53083 -1 41
378 341 40 1.5035 1.5045 -114.324 -114.208 -1.39316 -0.30883 -1 41
378 395 41 1.5341 1.5313 -107.141 -107.02 -1.42316 -0.44683 -1 41
378 350 42 1.581 1.5787 -100.939 -100.814 -1.45316 -0.57283 -1 41
378 373 43 1.5881 1.589 -107.838 -107.599 -1.47716 -0.45283 -1 41
378 349 44 1.4923 1.4919 -103.409 -103.578 -1.38116 -0.49483 -1 41
378 349 45 1.5414 1.5425 -101.612 -101.793 -1.42316 -0.54283 -1 41
378 355 46 1.4808 1.4798 -106.928 -106.846 -1.37516 -0.43483 -1 41
378 341 47 1.4733 1.4808 -111.495 -111.951 -1.37516 -0.34483 -1 41
378 340 48 1.5458 1.5423 -104.37 -104.185 -1.42916 -0.50083 -1 41
378 349 49 1.5321 1.5291 -104.447 -104.283 -1.41716 -0.49483 -1 41
413 404 0 1.4803 1.4796 -101.256 -101.18 -1.36316 -0.53083 -1 41
413 421 1 1.5166 1.5181 -107.648 -107.475 -1.41116 -0.43483 -1 41
413 377 2 1.5564 1.5562 -104.038 -103.766 -1.44116 -0.51283 -1 41
413 368 3 1.5602 1.5629 -109.722 -109.781 -1.45316 -0.40483 -1 41
413 378 4 1.5692 1.566 -112.793 -112.676 -1.45316 -0.35083 -1 41
413 380 5 1.5901 1.5845 -115.212 -115.05 -1.46516 -0.30883 -1 41
413 412 6 1.5402 1.5372 -107.932 -107.778 -1.42916 -0.43483 -1 41
413 363 7 1.5577 1.5638 -110.993 -111.069 -1.45316 -0.38083 -1 41
413 391 8 1.5847 1.5888 -103.619 -103.696 -1.47116 -0.52483 -1 41
413 416 9 1.5334 1.5355 -113.35 -113.59 -1.42316 -0.32683 -1 41
413 341 10 1.5263 1.524 -109.411 -109.229 -1.41716 -0.40483 -1 41
413 411 11 1.4969 1.4954 -100.669 -100.439 -1.37516 -0.54883 -1 41
413 348 12 1.4758 1.479 -109.761 -109.91 -1.37516 -0.38083 -1 41
413 358 13 1.5529 1.5485 -104.656 -104.298 -1.43516 -0.50083 -1 41
413 377 14 1.4889 1.4921 -107.8 -107.734 -1.38716 -0.42283 -1 41
413 386 15 1.5598 1.5606 -100.464 -100.436 -1.43516 -0.57283 -1 41
413 412 16 1.4856 1.489 -104.639 -104.925 -1.38116 -0.47083 -1 41
413 395 17 1.5642 1.5632 -107.635 -107.526 -1.45316 -0.44683 -1 41
413 400 18 1.5029 1.5014 -100.573 -100.571 -1.38116 -0.54883 -1 41
413 375 19 1.4768 1.48 -111.103 -111.271 -1.37516 -0.35683 -1 41
413 392 20 1.474 1.4743 -106.338 -106.056 -1.36916 -0.44683 -1 41
413 396 21 1.583 1.5848 -105.484 -105.595 -1.47116 -0.48883 -1 41
413 366 22 1.519 1.5182 -101.133 -101.291 -1.39916 -0.54283 -1 41
413 435 23 1.5213 1.5198 -105.821 -105.819 -1.41116 -0.46483 -1 41
413 372 24 1.5567 1.5584 -111.871 -111.954 -1.44716 -0.36283 -1 41
413 412 25 1.6046 1.6089 -110.866 -111.018 -1.49516 -0.39283 -1 41
413 409 26 1.6018 1.6082 -103.33 -103.718 -1.48916 -0.53083 -1 41
413 428 27 1.6042 1.6042 -105.491 -105.594 -1.48916 -0.49483 -1 41
413 371 28 1.5511 1.5533 -100.676 -100.629 -1.42916 -0.56683 -1 41
413 395 29 1.5608 1.5588 -102.699 -102.801 -1.44116 -0.53083 -1 41
413 426 30 1.5253 1.5198 -105.801 -105.819 -1.41116 -0.46483 -1 41
413 390 31 1.5855 1.5896 -103.247 -103.381 -1.47116 -0.53083 -1 41
413 340 32 1.5353 1.5353 -100.291 -100.243 -1.41116 -0.56683 -1 41
413 360 33 1.5382 1.5369 -109.216 -108.761 -1.42916 -0.41683 -1 41
413 435 34 1.5289 1.525 -107.02 -106.917 -1.41716 -0.44683 -1 41
413 393 35 1.5655 1.5613 -113.542 -113.564 -1.44716 -0.33283 -1 41
413 370 36 1.5168 1.5176 -108.709 -108.471 -1.41116 -0.41683 -1 41
413 360 37 1.5405 1.5369 -109.225 -108.761 -1.42916 -0.41683 -1 41
413 416 38 1.4862 1.489 -104.936 -104.925 -1.38116 -0.47083 -1 41
413 377 39 1.4881 1.4885 -102.535 -102.447 -1.37516 -0.51283 -1 41
413 437 40 1.5495 1.5512 -114.612 -114.71 -1.43516 -0.30883 -1 41
413 383 41 1.478 1.4773 -102.06 -101.856 -1.36316 -0.51883 -1 41
413 396 42 1.5632 1.5632 -107.454 -107.526 -1.45316 -0.44683 -1 41
413 399 43 1.5016 1.5035 -103.922 -104.15 -1.39316 -0.48883 -1 41
413 367 44 1.5244 1.5243 -101.325 -101.418 -1.40516 -0.54283 -1 41
413 377 45 1.5753 1.5763 -101.552 -101.446 -1.45316 -0.56083 -1 41
413 365 46 1.6036 1.5959 -100.335 -99.811 -1.46516 -0.59683 -1 41
413 377 47 1.5186 1.5186 -110.877 -111.124 -1.41116 -0.36883 -1 41
413 372 48 1.5258 1.5255 -111.175 -111.54 -1.41716 -0.36283 -1 41
413 375 49 1.5676 1.5686 -103.986 -103.993 -1.45316 -0.51283 -1 41
447 385 0 1.6028 1.6011 -114.243 -113.997 -1.48316 -0.33283 -1 41
447 442 1 1.5402 1.5408 -112.957 -113.014 -1.42916 -0.33883 -1 41
447 426 2 1.5054 1.5014 -100.852 -100.571 -1.38116 -0.54883 -1 41
447 417 3 1.4878 1.4895 -102.196 -102.111 -1.37516 -0.51883 -1 41
447 426 4 1.5615 1.5629 -108.255 -108.17 -1.45316 -0.43483 -1 41
447 441 5 1.5862 1.5906 -105.794 -106.016 -1.47716 -0.48283 -1 41
447 423 6 1.5627 1.5628 -108.565 -108.492 -1.45316 -0.42883 -1 41
447 436 7 1.4953 1.4929 -101.37 -101.106 -1.37516 -0.53683 -1 41
447 423 8 1.5841 1.5834 -103.326 -103.266 -1.46516 -0.53083 -1 41
447 366 9 1.5249 1.5242 -109.984 -109.89 -1.41716 -0.39283 -1 41
447 377 10 1.5246 1.522 -100.355 -100.307 -1.39916 -0.56083 -1 41
447 446 11 1.4942 1.4935 -111.78 -111.783 -1.38716 -0.35083 -1 41
447 442 12 1.5455 1.5441 -107.398 -107.225 -1.43516 -0.44683 -1 41
447 380 13 1.5996 1.5956 -101.388 -101.496 -1.47116 -0.56683 -1 41
447 446 14 1.5326 1.5261 -105.996 -105.927 -1.41716 -0.46483 -1 41
447 423 15 1.5632 1.5628 -108.457 -108.492 -1.45316 -0.42883 -1 41
447 426 16 1.5777 1.577 -114.475 -114.666 -1.45916 -0.31483 -1 41
447 468 17 1.5156 1.5183 -107.186 -107.144 -1.41116 -0.44083 -1 41
447 452 18 1.5047 1.5084 -104.706 -104.933 -1.39916 -0.47683 -1 41
447 423 19 1.5802 1.5821 -108.463 -108.456 -1.47116 -0.43483 -1 41
447 423 20 1.4795 1.4784 -101.768 -101.518 -1.36316 -0.52483 -1 41
447 406 21 1.5088 1.5111 -114.497 -114.282 -1.39916 -0.30883 -1 41
447 407 22 1.579 1.5746 -113.64 -113.711 -1.45916 -0.33283 -1 41
447 406 23 1.5883 1.5847 -101.169 -100.938 -1.45916 -0.57283 -1 41
447 404 24 1.4885 1.4857 -107.96 -107.631 -1.38116 -0.42283 -1 41
447 406 25 1.577 1.5797 -104.643 -104.853 -1.46516 -0.50083 -1 41
447 385 26 1.4726 1.4725 -108.093 -108.105 -1.36916 -0.41083 -1 41
447 387 27 1.4816 1.4854 -109.356 -109.665 -1.38116 -0.38683 -1 41
447 410 28 1.5791 1.5763 -101.602 -101.446 -1.45316 -0.56083 -1 41
447 425 29 1.5807 1.5828 -110.617 -110.683 -1.47116 -0.39283 -1 41
447 418 30 1.573 1.5769 -111.256 -111.237 -1.46516 -0.38083 -1 41
447 448 31 1.5874 1.5898 -106.406 -106.649 -1.47716 -0.47083 -1 41
447 418 32 1.507 1.5051 -103.534 -103.484 -1.39316 -0.50083 -1 41
447 416 33 1.5799 1.5821 -108.684 -108.774 -1.47116 -0.42883 -1 41
447 409 34 1.6009 1.6047 -102.273 -102.669 -1.48316 -0.54883 -1 41
447 441 35 1.4726 1.4692 -112.751 -112.806 -1.36316 -0.32683 -1 41
447 432 36 1.6007 1.5954 -107.871 -107.695 -1.48316 -0.45283 -1 41
447 395 37 1.5995 1.6004 -113.73 -113.683 -1.48316 -0.33883 -1 41
447 430 38 1.476 1.4743 -106.166 -106.056 -1.36916 -0.44683 -1 41
447 423 39 1.5314 1.5343 -102.191 -102.32 -1.41716 -0.53083 -1 41
447 412 40 1.5102 1.511 -101.433 -101.493 -1.39316 -0.53683 -1 41
447 452 41 1.5192 1.5209 -112.547 -112.779 -1.41116 -0.33883 -1 41
447 431 42 1.5898 1.595 -103.607 -103.808 -1.47716 -0.52483 -1 41
447 424 43 1.5769 1.5769 -111.249 -111.237 -1.46516 -0.38083 -1 41
447 405 44 1.5542 1.5581 -100.788 -101.075 -1.43516 -0.56083 -1 41
447 391 45 1.5659 1.5666 -104.941 -104.954 -1.45316 -0.49483 -1 41
447 420 46 1.495 1.4973 -103.624 -104.033 -1.38716 -0.48883 -1 41
447 418 47 1.5349 1.5335 -105.175 -105.379 -1.42316 -0.47683 -1 41
447 413 48 1.5747 1.5756 -103.649 -103.787 -1.45916 -0.51883 -1 41
447 426 49 1.5928 1.5908 -112.288 -112.034 -1.47716 -0.36883 -1 41
482 445 0 1.5118 1.5099 -101.979 -101.823 -1.39316 -0.53083 -1 41
482 420 1 1.52 1.5181 -110.328 -110.461 -1.41116 -0.38083 -1 41
482 487 2 1.5978 1.6004 -104.155 -104.233 -1.48316 -0.51883 -1 41
482 450 3 1.557 1.5569 -101.489 -101.396 -1.43516 -0.55483 -1 41
482 455 4 1.5266 1.5253 -103.352 -103.181 -1.41116 -0.51283 -1 41
482 446 5 1.4923 1.4927 -103.294 -103.242 -1.38116 -0.50083 -1 41
482 444 6 1.5689 1.5692 -109.129 -109.229 -1.45916 -0.41683 -1 41
482 483 7 1.5398 1.538 -106.866 -106.796 -1.42916 -0.45283 -1 41
482 470 8 1.4731 1.4765 -104.692 -104.693 -1.36916 -0.47083 -1 41
482 455 9 1.4815 1.4787 -114.408 -114.247 -1.36916 -0.30283 -1 41
482 448 10 1.5587 1.5619 -101.555 -101.839 -1.44116 -0.54883 -1 41
482 456 11 1.574 1.5776 -106.056 -106.126 -1.46516 -0.47683 -1 41
482 433 12 1.5148 1.5196 -114.977 -115.015 -1.40516 -0.29683 -1 41
482 489 13 1.6024 1.6067 -103.999 -104.342 -1.48916 -0.51883 -1 41
482 445 14 1.5755 1.5739 -113.31 -113.392 -1.45916 -0.33883 -1 41
482 433 15 1.5363 1.5387 -111.535 -111.708 -1.42916 -0.36283 -1 41
482 426 16 1.5004 1.4982 -109.281 -109.181 -1.39316 -0.39883 -1 41
482 476 17 1.4776 1.4808 -100.834 -100.843 -1.36316 -0.53683 -1 41
482 438 18 1.485 1.4875 -102.732 -102.783 -1.37516 -0.50683 -1 41
482 438 19 1.4907 1.4853 -114.647 -114.321 -1.37516 -0.30283 -1 41
482 493 20 1.5155 1.5138 -112.455 -112.367 -1.40516 -0.34483 -1 41
482 452 21 1.5771 1.5753 -113.972 -114.029 -1.45916 -0.32683 -1 41
482 446 22 1.5869 1.5858 -113.031 -112.906 -1.47116 -0.35083 -1 41
482 410 23 1.5325 1.5305 -109.473 -109.323 -1.42316 -0.40483 -1 41
482 494 24 1.5207 1.5198 -105.513 -105.819 -1.41116 -0.46483 -1 41
482 473 25 1.478 1.4816 -105.345 -105.488 -1.37516 -0.45883 -1 41
482 484 26 1.602 1.6025 -106.802 -106.849 -1.48916 -0.47083 -1 41
482 444 27 1.5432 1.5425 -101.524 -101.793 -1.42316 -0.54283 -1 41
482 429 28 1.5624 1.5649 -105.85 -105.917 -1.45316 -0.47683 -1 41
482 503 29 1.5003 1.5004 -105.628 -105.823 -1.39316 -0.45883 -1 41
482 470 30 1.532 1.5307 -108.289 -108.007 -1.42316 -0.42883 -1 41
482 452 31 1.5212 1.5201 -102.821 -102.731 -1.40516 -0.51883 -1 41
482 443 32 1.589 1.5924 -102.219 -102.436 -1.47116 -0.54883 -1 41
482 476 33 1.5932 1.5892 -107.595 -107.282 -1.47716 -0.45883 -1 41
482 452 34 1.5754 1.5764 -103.485 -103.469 -1.45916 -0.52483 -1 41
482 445 35 1.5818 1.5786 -112.742 -112.512 -1.46516 -0.35683 -1 41
482 408 36 1.4733 1.4724 -108.645 -108.447 -1.36916 -0.40483 -1 41
482 463 37 1.5473 1.5447 -103.201 -103.21 -1.42916 -0.51883 -1 41
482 490 38 1.5346 1.5362 -113.931 -113.917 -1.42316 -0.32083 -1 41
482 455 39 1.5689 1.5679 -113.465 -113.638 -1.45316 -0.33283 -1 41
482 444 40 1.5522 1.5509 -101.343 -101.271 -1.42916 -0.55483 -1 41
482 461 41 1.4817 1.4874 -111.755 -112.035 -1.38116 -0.34483 -1 41
482 480 42 1.5868 1.5902 -106.339 -106.332 -1.47716 -0.47683 -1 41
482 455 43 1.5233 1.519 -111.402 -111.456 -1.41116 -0.36283 -1 41
482 443 44 1.4763 1.4737 -114.93 -114.852 -1.36316 -0.29083 -1 41
482 484 45 1.4975 1.5001 -111.611 -111.868 -1.39316 -0.35083 -1 41
482 478 46 1.5837 1.5835 -106.422 -106.547 -1.47116 -0.47083 -1 41
482 438 47 1.5853 1.5823 -101.531 -101.568 -1.45916 -0.56083 -1 41
482 446 48 1.5691 1.566 -112.684 -112.676 -1.45316 -0.35083 -1 41
482 480 49 1.4828 1.4827 -104.758 -104.81 -1.37516 -0.47083 -1 41
34 93 0 1.4733 1.4433 -103.216 -117.532 -1.32716 -0.23683 -0 40
34 93 1 1.4737 1.4433 -110.496 -117.532 -1.32716 -0.23683 -0 40
34 92 2 1.5412 1.4433 -106.9 -117.532 -1.32716 -0.23683 -0 40
34 92 3 1.5316 1.4433 -106.799 -117.532 -1.32716 -0.23683 -0 40
34 92 4 1.5606 1.4433 -107.102 -117.532 -1.32716 -0.23683 -0 40
34 93 5 1.493 1.4368 -114.211 -112.736 -1.33316 -0.32083 -0 40
34 92 6 1.5946 1.4433 -108.583 -117.532 -1.32716 -0.23683 -0 40
34 92 7 1.4906 1.4433 -105.521 -117.532 -1.32716 -0.23683 -0 40
34 92 8 1.5108 1.4433 -113.811 -117.532 -1.32716 -0.23683 -0 40
34 92 9 1.5606 1.4433 -102.384 -117.532 -1.32716 -0.23683 -0 40
34 92 10 1.4878 1.4433 -107.187 -117.532 -1.32716 -0.23683 -0 40
34 92 11 1.595 1.4433 -106.109 -117.532 -1.32716 -0.23683 -0 40
34 93 12 1.6017 1.4433 -110.153 -117.532 -1.32716 -0.23683 -0 40
34 92 13 1.548 1.4433 -104.363 -117.532 -1.32716 -0.23683 -0 40
34 92 14 1.5165 1.4433 -102.568 -117.532 -1.32716 -0.23683 -0 40
34 93 15 1.5471 1.4433 -112.704 -117.532 -1.32716 -0.23683 -0 40
34 93 16 1.5668 1.4433 -113.263 -117.532 -1.32716 -0.23683 -0 40
34 92 17 1.5115 1.4433 -110.26 -117.532 -1.32716 -0.23683 -0 40
34 93 18 1.5035 1.4433 -101.362 -117.532 -1.32716 -0.23683 -0 40
34 93 19 1.5775 1.4433 -100.995 -117.532 -1.32716 -0.23683 -0 40
34 94 20 1.4913 1.4368 -114.221 -112.736 -1.33316 -0.32083 -0 40
34 93 21 1.5927 1.4433 -102.2 -117.532 -1.32716 -0.23683 -0 40
34 92 22 1.5299 1.4433 -106.54 -117.532 -1.32716 -0.23683 -0 40
34 91 23 1.4761 1.4433 -106.711 -117.532 -1.32716 -0.23683 -0 40
34 93 24 1.5161 1.4433 -112.652 -117.532 -1.32716 -0.23683 -0 40
34 93 25 1.5366 1.4433 -109.903 -117.532 -1.32716 -0.23683 -0 40
34 93 26 1.5356 1.4433 -107.73 -117.532 -1.32716 -0.23683 -0 40
34 93 27 1.5469 1.4433 -104.34 -117.532 -1.32716 -0.23683 -0 40
34 92 28 1.5013 1.4433 -107.624 -117.532 -1.32716 -0.23683 -0 40
34 92 29 1.5397 1.4433 -101.613 -117.532 -1.32716 -0.23683 -0 40
34 93 30 1.493 1.4433 -102.231 -117.532 -1.32716 -0.23683 -0 40
34 95 31 1.6006 1.6293 -110.979 -111.879 -1.51316 -0.38083 -0 40
34 93 32 1.5286 1.4433 -100.554 -117.532 -1.32716 -0.23683 -0 40
34 92 33 1.5267 1.4433 -103.038 -117.532 -1.32716 -0.23683 -0 40
34 92 34 1.5021 1.4433 -114.345 -117.532 -1.32716 -0.23683 -0 40
34 93 35 1.5144 1.4433 -115.209 -117.532 -1.32716 -0.23683 -0 40
34 93 36 1.5033 1.4433 -102.045 -117.532 -1.32716 -0.23683 -0 40
34 93 37 1.5539 1.4433 -104.98 -117.532 -1.32716 -0.23683 -0 40
34 92 38 1.5482 1.4433 -103.008 -117.532 -1.32716 -0.23683 -0 40
34 92 39 1.5981 1.4433 -107.368 -117.532 -1.32716 -0.23683 -0 40
34 92 40 1.4813 1.4433 -107.788 -117.532 -1.32716 -0.23683 -0 40
34 92 41 1.4966 1.4433 -112.557 -117.532 -1.32716 -0.23683 -0 40
34 93 42 1.6039 1.4433 -102.668 -117.532 -1.32716 -0.23683 -0 40
34 92 43 1.5905 1.4433 -107.25 -117.532 -1.32716 -0.23683 -0 40
34 99 44 1.4794 1.4368 -115.081 -112.736 -1.33316 -0.32083 -0 40
34 93 45 1.5425 1.4433 -100.434 -117.532 -1.32716 -0.23683 -0 40
34 93 46 1.492 1.4433 -110.263 -117.532 -1.32716 -0.23683 -0 40
34 92 47 1.5664 1.4433 -105.775 -117.532 -1.32716 -0.23683 -0 40
34 99 48 1.483 1.4368 -113.953 -112.736 -1.33316 -0.32083 -0 40
34 92 49 1.5441 1.4433 -109.07 -117.532 -1.32716 -0.23683 -0 40
69 93 0 1.511 1.4433 -103.999 -117.532 -1.32716 -0.23683 -0 40
69 92 1 1.4914 1.4433 -106.993 -117.532 -1.32716 -0.23683 -0 40
69 102 2 1.5229 1.5186 -107.393 -106.812 -1.41116 -0.44683 -0 40
69 92 3 1.5737 1.4433 -100.614 -117.532 -1.32716 -0.23683 -0 40
69 92 4 1.5235 1.4433 -110.109 -117.532 -1.32716 -0.23683 -0 40
69 92 5 1.5789 1.4433 -106.194 -117.532 -1.32716 -0.23683 -0 40
69 93 6 1.527 1.4433 -105.12 -117.532 -1.32716 -0.23683 -0 40
69 92 7 1.586 1.4433 -102.118 -117.532 -1.32716 -0.23683 -0 40
69 92 8 1.5781 1.4433 -113.833 -117.532 -1.32716 -0.23683 -0 40
69 93 9 1.5333 1.4433 -100.436 -117.532 -1.32716 -0.23683 -0 40
69 91 10 1.5534 1.4433 -107.734 -117.532 -1.32716 -0.23683 -0 40
69 110 11 1.6039 1.6298 -112.429 -112.187 -1.51316 -0.37483 -0 40
69 92 12 1.5459 1.4433 -107.988 -117.532 -1.32716 -0.23683 -0 40
69 93 13 1.5846 1.6293 -111.175 -111.879 -1.51316 -0.38083 -0 40
69 92 14 1.5249 1.4433 -109.599 -117.532 -1.32716 -0.23683 -0 40
69 93 15 1.4873 1.4433 -110.901 -117.532 -1.32716 -0.23683 -0 40
69 94 16 1.5524 1.4433 -111.605 -117.532 -1.32716 -0.23683 -0 40
69 92 17 1.5732 1.4433 -103.499 -117.532 -1.32716 -0.23683 -0 40
69 92 18 1.5543 1.4433 -101.728 -117.532 -1.32716 -0.23683 -0 40
69 92 19 1.5301 1.4433 -109.147 -117.532 -1.32716 -0.23683 -0 40
69 93 20 1.5562 1.4433 -110.386 -117.532 -1.32716 -0.23683 -0 40
69 93 21 1.4967 1.4433 -111.347 -117.532 -1.32716 -0.23683 -0 40
69 92 22 1.5451 1.4433 -108.135 -117.532 -1.32716 -0.23683 -0 40
69 91 23 1.5482 1.4433 -107.428 -117.532 -1.32716 -0.23683 -0 40
69 93 24 1.4743 1.4433 -109.911 -117.532 -1.32716 -0.23683 -0 40
69 92 25 1.5893 1.4433 -108.953 -117.532 -1.32716 -0.23683 -0 40
69 94 26 1.5589 1.4433 -110.447 -117.532 -1.32716 -0.23683 -0 40
69 92 27 1.5596 1.4433 -104.19 -117.532 -1.32716 -0.23683 -0 40
69 94 28 1.4951 1.4433 -101.92 -117.532 -1.32716 -0.23683 -0 40
69 103 29 1.5288 1.519 -106.542 -106.481 -1.41116 -0.45283 -0 40
69 93 30 1.4896 1.4433 -102.301 -117.532 -1.32716 -0.23683 -0 40
69 92 31 1.5311 1.4433 -108.331 -117.532 -1.32716 -0.23683 -0 40
69 92 32 1.5505 1.4433 -101.676 -117.532 -1.32716 -0.23683 -0 40
69 93 33 1.4772 1.4433 -103.022 -117.532 -1.32716 -0.23683 -0 40
69 93 34 1.4871 1.4433 -104.097 -117.532 -1.32716 -0.23683 -0 40
69 92 35 1.5199 1.5186 -107.903 -106.812 -1.41116 -0.44683 -0 40
69 96 36 1.5261 1.5194 -105.579 -106.15 -1.41116 -0.45883 -0 40
69 93 37 1.5254 1.4433 -110.392 -117.532 -1.32716 -0.23683 -0 40
69 111 38 1.4812 1.4434 -113.536 -112.82 -1.33916 -0.32083 -0 40
69 93 39 1.5072 1.4433 -104.482 -117.532 -1.32716 -0.23683 -0 40
69 94 40 1.5838 1.5811 -100.714 -98.797 -1.44716 -0.60883 -0 40
69 92 41 1.548 1.4433 -106.209 -117.532 -1.32716 -0.23683 -0 40
69 93 42 1.5626 1.4433 -110.328 -117.532 -1.32716 -0.23683 -0 40
69 98 43 1.5315 1.525 -107.248 -106.917 -1.41716 -0.44683 -0 40
69 92 44 1.5731 1.4433 -102.258 -117.532 -1.32716 -0.23683 -0 40
69 99 45 1.5998 1.6289 -109.554 -111.57 -1.51316 -0.38683 -0 40
69 92 46 1.5267 1.4433 -109.341 -117.532 -1.32716 -0.23683 -0 40
69 92 47 1.528 1.4433 -104.465 -117.532 -1.32716 -0.23683 -0 40
69 91 48 1.5754 1.4433 -107.261 -117.532 -1.32716 -0.23683 -0 40
69 107 49 1.5169 1.5131 -106.087 -106.042 -1.40516 -0.45883 -0 40
103 105 0 1.5498 1.5377 -106.972 -107.123 -1.42916 -0.44683 -0 40
103 121 1 1.5564 1.557 -114.096 -114.457 -1.44116 -0.31483 -0 40
103 114 2 1.5339 1.5247 -108.281 -107.247 -1.41716 -0.44083 -0 40
103 98 3 1.5267 1.5203 -104.494 -105.488 -1.41116 -0.47083 -0 40
103 95 4 1.5803 1.5781 -101.13 -99.426 -1.44716 -0.59683 -1 40
103 93 5 1.5302 1.4433 -110.785 -117.532 -1.32716 -0.23683 -0 40
103 94 6 1.5655 1.4433 -110.983 -117.532 -1.32716 -0.23683 -0 40
103 120 7 1.5335 1.5454 -114.627 -114.964 -1.42916 -0.30283 -0 40
103 93 8 1.5768 1.4433 -110.246 -117.532 -1.32716 -0.23683 -0 40
103 93 9 1.4925 1.4433 -103.158 -117.532 -1.32716 -0.23683 -1 40
103 92 10 1.5529 1.4433 -104.2 -117.532 -1.32716 -0.23683 -0 40
103 94 11 1.5575 1.5547 -113.076 -113.49 -1.44116 -0.33283 -0 40
103 110 12 1.5021 1.4894 -100.567 -100.305 -1.36916 -0.54883 -0 40
103 94 13 1.5567 1.4433 -111.691 -117.532 -1.32716 -0.23683 -0 40
103 93 14 1.5511 1.4433 -106.338 -117.532 -1.32716 -0.23683 -0 40
103 94 15 1.5381 1.5395 -102.794 -102.766 -1.42316 -0.52483 -0 40
103 138 16 1.5097 1.5126 -106.721 -106.374 -1.40516 -0.45283 -0 40
103 93 17 1.5597 1.4433 -111.797 -117.532 -1.32716 -0.23683 -0 40
103 103 18 1.5394 1.5308 -108.587 -107.678 -1.42316 -0.43483 -0 40
103 135 19 1.4772 1.45 -113.528 -112.903 -1.34516 -0.32083 -0 40
103 125 20 1.5398 1.5445 -114.482 -114.64 -1.42916 -0.30883 -0 40
103 91 21 1.5082 1.4433 -114.253 -117.532 -1.32716 -0.23683 -0 40
103 111 22 1.5903 1.6224 -110.076 -111.491 -1.50716 -0.38683 -1 40
103 120 23 1.5083 1.5072 -112.37 -112.285 -1.39916 -0.34483 -0 40
103 110 24 1.4769 1.4821 -105.02 -105.148 -1.37516 -0.46483 -0 40
103 93 25 1.5516 1.4433 -106.051 -117.532 -1.32716 -0.23683 -0 40
103 92 26 1.4735 1.4433 -102.087 -117.532 -1.32716 -0.23683 -0 40
103 93 27 1.5418 1.4433 -111.907 -117.532 -1.32716 -0.23683 -0 40
103 91 28 1.5683 1.4433 -104.116 -117.532 -1.32716 -0.23683 -0 40
103 126 29 1.4782 1.45 -112.924 -112.903 -1.34516 -0.32083 -0 40
103 112 30 1.5828 1.5965 -106.157 -106.434 -1.48316 -0.47683 -0 40
103 93 31 1.5383 1.4433 -102.384 -117.532 -1.32716 -0.23683 -0 40
103 94 32 1.5546 1.5527 -102.457 -102.682 -1.43516 -0.53083 -0 40
103 91 33 1.5121 1.4433 -109.797 -117.532 -1.32716 -0.23683 -0 40
103 97 34 1.4809 1.4935 -111.438 -111.783 -1.38716 -0.35083 -0 40
103 143 35 1.6031 1.6228 -111.612 -111.801 -1.50716 -0.38083 -1 40
103 103 36 1.5834 1.6129 -103.278 -104.451 -1.49516 -0.51883 -1 40
103 107 37 1.4733 1.4702 -104.477 -104.576 -1.36316 -0.47083 -1 40
103 93 38 1.5468 1.4433 -104.87 -117.532 -1.32716 -0.23683 -0 40
103 101 39 1.521 1.5133 -111.443 -112.035 -1.40516 -0.35083 -0 40
103 93 40 1.4822 1.4433 -109.435 -117.532 -1.32716 -0.23683 -0 40
103 93 41 1.4892 1.4433 -110.459 -117.532 -1.32716 -0.23683 -0 40
103 119 42 1.5243 1.5198 -105.109 -105.819 -1.41116 -0.46483 -1 40
103 94 43 1.5778 1.6129 -103.42 -104.451 -1.49516 -0.51883 -1 40
103 92 44 1.5619 1.5566 -107.7 -107.75 -1.44716 -0.44083 -0 40
103 119 45 1.4845 1.4941 -105.625 -105.712 -1.38716 -0.45883 -0 40
103 130 46 1.5162 1.5123 -107.465 -106.707 -1.40516 -0.44683 -1 40
103 93 47 1.5687 1.4433 -110.524 -117.532 -1.32716 -0.23683 -0 40
103 113 48 1.4806 1.4884 -104.923 -105.263 -1.38116 -0.46483 -0 40
103 122 49 1.4778 1.4774 -100.46 -100.035 -1.35716 -0.54883 -1 40
138 107 0 1.4756 1.4931 -110.49 -111.446 -1.38716 -0.35683 -0 40
138 143 1 1.5606 1.5561 -113.813 -114.135 -1.44116 -0.32083 -1 40
138 128 2 1.5085 1.4954 -100.753 -100.439 -1.37516 -0.54883 -1 40
138 115 3 1.5361 1.5264 -111.741 -112.199 -1.41716 -0.35083 -1 40
138 146 4 1.4903 1.4952 -104.438 -105.04 -1.38716 -0.47083 -1 40
138 119 5 1.5124 1.4967 -100.673 -100.106 -1.37516 -0.55483 -1 40
138 125 6 1.4818 1.4931 -110.981 -111.446 -1.38716 -0.35683 -0 40
138 128 7 1.5867 1.6093 -110.393 -111.33 -1.49516 -0.38683 -1 40
138 115 8 1.5643 1.5619 -101.623 -101.839 -1.44116 -0.54883 -1 40
138 115 9 1.5671 1.5628 -108.863 -108.492 -1.45316 -0.42883 -1 40
138 110 10 1.5612 1.5641 -101.14 -101.2 -1.44116 -0.56083 -1 40
138 94 11 1.5626 1.5776 -105.227 -106.126 -1.46516 -0.47683 -1 40
138 104 12 1.5829 1.5774 -101.583 -101.13 -1.45316 -0.56683 -1 40
138 108 13 1.5167 1.5179 -108.908 -107.807 -1.41116 -0.42883 -0 40
138 96 14 1.5545 1.5645 -111.297 -111.713 -1.45316 -0.36883 -1 40
138 112 15 1.5405 1.533 -111.888 -112.281 -1.42316 -0.35083 -1 40
138 115 16 1.5245 1.5272 -102.184 -102.525 -1.41116 -0.52483 -1 40
138 137 17 1.5054 1.5117 -107.909 -107.373 -1.40516 -0.43483 -1 40
138 101 18 1.5572 1.5641 -105.958 -106.56 -1.45316 -0.46483 -0 40
138 120 19 1.5856 1.5712 -114.69 -114.916 -1.45316 -0.30883 -1 40
138 132 20 1.5457 1.5372 -108.447 -107.778 -1.42916 -0.43483 -1 40
138 131 21 1.4884 1.4959 -103.797 -104.704 -1.38716 -0.47683 -1 40
138 133 22 1.5856 1.6012 -103.52 -103.92 -1.48316 -0.52483 -1 40
138 117 23 1.5604 1.5563 -108.783 -108.397 -1.44716 -0.42883 -1 40
138 107 24 1.5719 1.5694 -104.023 -103.674 -1.45316 -0.51883 -1 40
138 94 25 1.5522 1.4433 -111.12 -117.532 -1.32716 -0.23683 -1 40
138 147 26 1.5915 1.5892 -107.426 -107.282 -1.47716 -0.45883 -1 40
138 138 27 1.5766 1.5766 -100.627 -99.741 -1.44716 -0.59083 -1 40
138 140 28 1.6005 1.587 -100.404 -98.929 -1.45316 -0.60883 -1 40
138 144 29 1.5883 1.6067 -103.84 -104.342 -1.48916 -0.51883 -1 40
138 158 30 1.5046 1.5078 -104.82 -105.266 -1.39916 -0.47083 -1 40
138 120 31 1.5326 1.5315 -103.41 -103.3 -1.41716 -0.51283 -1 40
138 122 32 1.5813 1.5822 -108.569 -108.138 -1.47116 -0.44083 -1 40
138 138 33 1.5172 1.5156 -113.816 -113.362 -1.40516 -0.32683 -0 40
138 131 34 1.5206 1.5311 -114.438 -114.499 -1.41716 -0.30883 -1 40
138 130 35 1.5699 1.5765 -106.733 -107.084 -1.46516 -0.45883 -1 40
138 134 36 1.5715 1.5707 -100.655 -99.611 -1.44116 -0.59083 -1 40
138 132 37 1.486 1.4808 -101.76 -100.843 -1.36316 -0.53683 -1 40
138 115 38 1.5725 1.5659 -102.911 -102.599 -1.44716 -0.53683 -1 40
138 145 39 1.4732 1.469 -105.283 -105.259 -1.36316 -0.45883 -1 40
138 123 40 1.5619 1.5635 -107.111 -107.204 -1.45316 -0.45283 -1 40
138 121 41 1.5883 1.6028 -102.412 -103.294 -1.48316 -0.53683 -1 40
138 91 42 1.4891 1.4433 -108.933 -117.532 -1.32716 -0.23683 -0 40
138 117 43 1.5598 1.5693 -100.663 -99.928 -1.44116 -0.58483 -1 40
138 134 44 1.4938 1.4959 -103.874 -104.704 -1.38716 -0.47683 -1 40
138 139 45 1.5994 1.5956 -107.927 -107.38 -1.48316 -0.45883 -1 40
138 99 46 1.5259 1.5243 -109.252 -107.907 -1.41716 -0.42883 -0 40
138 144 47 1.6022 1.6022 -107.646 -107.163 -1.48916 -0.46483 -1 40
138 149 48 1.5157 1.5133 -111.864 -112.035 -1.40516 -0.35083 -0 40
138 141 49 1.601 1.5956 -107.882 -107.38 -1.48316 -0.45883 -1 40
172 180 0 1.4951 1.5001 -111.77 -111.868 -1.39316 -0.35083 -1 40
172 151 1 1.5702 1.5726 -100.95 -100.689 -1.44716 -0.57283 -1 40
172 175 2 1.5022 1.5056 -107.581 -106.935 -1.39916 -0.44083 -1 40
172 208 3 1.5175 1.519 -106.594 -106.481 -1.41116 -0.45283 -1 40
172 152 4 1.5837 1.5893 -110.291 -110.768 -1.47716 -0.39283 -1 40
172 132 5 1.5562 1.5563 -109.487 -109.044 -1.44716 -0.41683 -1 40
172 182 6 1.5336 1.5454 -114.704 -114.964 -1.42916 -0.30283 -1 40
172 143 7 1.602 1.6108 -101.849 -102.784 -1.48916 -0.54883 -1 40
172 130 8 1.5033 1.4978 -114.706 -114.134 -1.38716 -0.30883 -0 40
172 180 9 1.5338 1.5463 -115.168 -115.288 -1.42916 -0.29683 -1 40
172 175 10 1.5842 1.5902 -105.89 -106.332 -1.47716 -0.47683 -1 40
172 156 11 1.4995 1.5053 -107.954 -107.269 -1.39916 -0.43483 -1 40
172 178 12 1.6035 1.6171 -112.58 -112.344 -1.50116 -0.36883 -1 40
172 170 13 1.5835 1.5906 -105.557 -106.016 -1.47716 -0.48283 -1 40
172 159 14 1.5855 1.595 -103.321 -103.808 -1.47716 -0.52483 -1 40
172 154 15 1.5144 1.5115 -108.482 -107.706 -1.40516 -0.42883 -1 40
172 136 16 1.5693 1.5686 -104.201 -103.993 -1.45316 -0.51283 -1 40
172 146 17 1.5384 1.5368 -104.188 -103.744 -1.42316 -0.50683 -1 40
172 148 18 1.5129 1.5014 -100.832 -100.571 -1.38116 -0.54883 -1 40
172 195 19 1.5999 1.6074 -103.705 -104.03 -1.48916 -0.52483 -1 40
172 143 20 1.5614 1.5704 -106.235 -106.663 -1.45916 -0.46483 -1 40
172 145 21 1.5871 1.577 -114.579 -114.666 -1.45916 -0.31483 -1 40
172 180 22 1.5213 1.5222 -113.561 -113.439 -1.41116 -0.32683 -1 40
172 195 23 1.5066 1.5078 -105.022 -105.266 -1.39916 -0.47083 -1 40
172 174 24 1.5994 1.6155 -110.115 -111.099 -1.50116 -0.39283 -1 40
172 192 25 1.5132 1.5119 -107.506 -107.04 -1.40516 -0.44083 -1 40
172 124 26 1.5279 1.5304 -100.939 -101.544 -1.41116 -0.54283 -1 40
172 178 27 1.5046 1.5084 -104.344 -104.933 -1.39916 -0.47683 -1 40
172 152 28 1.525 1.5229 -103.977 -104.168 -1.41116 -0.49483 -1 40
172 207 29 1.52 1.519 -106.696 -106.481 -1.41116 -0.45283 -1 40
172 117 30 1.5389 1.546 -100.354 -100.823 -1.42316 -0.56083 -1 40
172 160 31 1.5835 1.5997 -104.114 -104.547 -1.48316 -0.51283 -1 40
172 150 32 1.4833 1.4849 -103.418 -103.795 -1.37516 -0.48883 -1 40
172 176 33 1.4883 1.4952 -104.393 -105.04 -1.38716 -0.47083 -1 40
172 128 34 1.5221 1.5182 -101.153 -101.291 -1.39916 -0.54283 -1 40
172 146 35 1.5754 1.573 -102.286 -102.398 -1.45316 -0.54283 -1 40
172 149 36 1.5866 1.5812 -101.035 -100.183 -1.45316 -0.58483 -1 40
172 199 37 1.4956 1.5004 -105.619 -105.823 -1.39316 -0.45883 -1 40
172 128 38 1.5287 1.5304 -101.083 -101.544 -1.41116 -0.54283 -1 40
172 149 39 1.5049 1.5055 -110.331 -110.949 -1.39916 -0.36883 -1 40
172 185 40 1.5896 1.5965 -106.351 -106.434 -1.48316 -0.47683 -1 40
172 182 41 1.5287 1.5198 -105.487 -105.819 -1.41116 -0.46483 -1 40
172 140 42 1.5822 1.5792 -112.994 -112.83 -1.46516 -0.35083 -1 40
172 136 43 1.6038 1.5951 -109.042 -108.327 -1.48316 -0.44083 -1 40
172 160 44 1.5422 1.5325 -105.869 -106.035 -1.42316 -0.46483 -1 40
172 149 45 1.5743 1.5721 -102.694 -102.717 -1.45316 -0.53683 -1 40
172 151 46 1.5746 1.5769 -111.221 -111.237 -1.46516 -0.38083 -1 40
172 156 47 1.5846 1.5958 -103.186 -103.494 -1.47716 -0.53083 -1 40
172 124 48 1.5522 1.5485 -104.89 -104.298 -1.43516 -0.50083 -1 40
172 184 49 1.4856 1.4884 -105.063 -105.263 -1.38116 -0.46483 -1 40
206 187 0 1.5249 1.5262 -102.766 -102.853 -1.41116 -0.51883 -1 40
206 175 1 1.5779 1.5751 -101.912 -101.763 -1.45316 -0.55483 -1 40
206 172 2 1.5977 1.5886 -100.884 -99.996 -1.45916 -0.59083 -1 40
206 170 3 1.5177 1.5262 -115.235 -115.084 -1.41116 -0.29683 -1 40
206 214 4 1.6032 1.6155 -110.354 -111.099 -1.50116 -0.39283 -1 40
206 181 5 1.5521 1.5558 -101.466 -101.717 -1.43516 -0.54883 -1 40
206 194 6 1.557 1.5566 -107.906 -107.75 -1.44716 -0.44083 -1 40
206 167 7 1.499 1.4983 -108.486 -108.173 -1.39316 -0.41683 -1 40
206 240 8 1.5057 1.5063 -106.348 -106.267 -1.39916 -0.45283 -1 40
206 183 9 1.5285 1.5298 -103.927 -103.955 -1.41716 -0.50083 -1 40
206 165 10 1.4995 1.4983 -108.571 -108.173 -1.39316 -0.41683 -1 40
206 175 11 1.564 1.5655 -112.228 -112.355 -1.45316 -0.35683 -1 40
206 203 12 1.4727 1.4748 -101.232 -100.71 -1.35716 -0.53683 -1 40
206 184 13 1.5081 1.5001 -101.383 -100.903 -1.38116 -0.54283 -1 40
206 175 14 1.5704 1.5694 -103.927 -103.674 -1.45316 -0.51883 -1 40
206 207 15 1.5883 1.5985 -104.944 -105.175 -1.48316 -0.50083 -1 40
206 155 16 1.4871 1.4853 -108.889 -108.648 -1.38116 -0.40483 -1 40
206 192 17 1.5252 1.5243 -108.568 -107.907 -1.41716 -0.42883 -1 40
206 210 18 1.4752 1.4748 -101.016 -100.71 -1.35716 -0.53683 -1 40
206 178 19 1.5962 1.6017 -109.617 -109.992 -1.48916 -0.41083 -1 40
206 181 20 1.5598 1.563 -101.404 -101.519 -1.44116 -0.55483 -1 40
206 184 21 1.5732 1.5769 -111.216 -111.237 -1.46516 -0.38083 -1 40
206 152 22 1.5588 1.5547 -104.917 -104.411 -1.44116 -0.50083 -1 40
206 184 23 1.5497 1.5468 -112.508 -112.766 -1.43516 -0.34483 -1 40
206 181 24 1.5001 1.4964 -113.813 -113.464 -1.38716 -0.32083 -1 40
206 177 25 1.5663 1.5627 -109.096 -108.815 -1.45316 -0.42283 -1 40
206 154 26 1.5041 1.4983 -109.475 -109.517 -1.39316 -0.39283 -1 40
206 195 27 1.592 1.6028 -102.808 -103.294 -1.48316 -0.53683 -1 40
206 194 28 1.5549 1.5517 -103.293 -103.004 -1.43516 -0.52483 -1 40
206 205 29 1.5816 1.5902 -106.004 -106.332 -1.47716 -0.47683 -1 40
206 218 30 1.5988 1.6096 -111.576 -111.643 -1.49516 -0.38083 -1 40
206 196 31 1.5703 1.5696 -107.776 -107.625 -1.45916 -0.44683 -1 40
206 191 32 1.5387 1.5371 -108.656 -108.106 -1.42916 -0.42883 -1 40
206 176 33 1.5153 1.5149 -102.159 -102.279 -1.39916 -0.52483 -1 40
206 194 34 1.5504 1.5517 -103.216 -103.004 -1.43516 -0.52483 -1 40
206 155 35 1.5522 1.5576 -110.95 -111.308 -1.44716 -0.37483 -1 40
206 199 36 1.4916 1.4868 -101.602 -100.975 -1.36916 -0.53683 -1 40
206 197 37 1.5846 1.5826 -100.618 -99.869 -1.45316 -0.59083 -1 40
206 179 38 1.5714 1.5691 -101.66 -101.642 -1.44716 -0.55483 -1 40
206 230 39 1.5991 1.6053 -104.828 -104.968 -1.48916 -0.50683 -1 40
206 172 40 1.5513 1.5569 -101.004 -101.396 -1.43516 -0.55483 -1 40
206 170 41 1.4893 1.4787 -114.95 -114.247 -1.36916 -0.30283 -1 40
206 181 42 1.5882 1.5886 -108.826 -108.55 -1.47716 -0.43483 -1 40
206 169 43 1.5124 1.5113 -108.763 -108.039 -1.40516 -0.42283 -1 40
206 183 44 1.5245 1.5272 -102.272 -102.525 -1.41116 -0.52483 -1 40
206 195 45 1.5577 1.5566 -107.787 -107.75 -1.44716 -0.44083 -1 40
206 214 46 1.5267 1.5295 -113.787 -113.843 -1.41716 -0.32083 -1 40
206 182 47 1.5205 1.5253 -103.14 -103.181 -1.41116 -0.51283 -1 40
206 225 48 1.5307 1.5247 -107.666 -107.247 -1.41716 -0.44083 -1 40
206 171 49 1.5751 1.5859 -104.741 -104.961 -1.47116 -0.50083 -1 40
241 224 0 1.5602 1.5608 -102.147 -102.159 -1.44116 -0.54283 -1 40
241 222 1 1.5786 1.5838 -111.402 -111.637 -1.47116 -0.37483 -1 40
241 232 2 1.4938 1.4957 -113.265 -113.128 -1.38716 -0.32683 -1 40
241 211 3 1.5932 1.5918 -112.922 -112.666 -1.47716 -0.35683 -1 40
241 203 4 1.4728 1.4743 -102.663 -102.872 -1.36316 -0.50083 -1 40
241 241 5 1.5785 1.5831 -106.658 -106.865 -1.47116 -0.46483 -1 40
241 240 6 1.5758 1.5712 -114.718 -114.916 -1.45316 -0.30883 -1 40
241 269 7 1.5249 1.5194 -106.309 -106.15 -1.41116 -0.45883 -1 40
241 210 8 1.574 1.5741 -101.851 -102.081 -1.45316 -0.54883 -1 40
241 224 9 1.53 1.5324 -102.825 -102.973 -1.41716 -0.51883 -1 40
241 232 10 1.4739 1.4743 -106.322 -106.056 -1.36916 -0.44683 -1 40
241 212 11 1.5408 1.5329 -105.46 -105.707 -1.42316 -0.47083 -1 40
241 238 12 1.4884 1.4935 -111.561 -111.783 -1.38716 -0.35083 -1 40
241 169 13 1.5319 1.5305 -109.686 -109.323 -1.42316 -0.40483 -1 40
241 248 14 1.5989 1.6096 -111.242 -111.643 -1.49516 -0.38083 -1 40
241 246 15 1.5339 1.5257 -106.004 -106.257 -1.41716 -0.45883 -1 40
241 208 16 1.5696 1.5763 -110.401 -110.598 -1.46516 -0.39283 -1 40
241 211 17 1.4869 1.4925 -110.212 -110.772 -1.38716 -0.36883 -1 40
241 241 18 1.4811 1.4827 -104.509 -104.81 -1.37516 -0.47083 -1 40
241 203 19 1.5238 1.5232 -101.53 -101.745 -1.40516 -0.53683 -1 40
241 243 20 1.488 1.4868 -101.134 -100.975 -1.36916 -0.53683 -1 40
241 261 21 1.5109 1.5135 -105.204 -105.71 -1.40516 -0.46483 -1 40
241 227 22 1.552 1.5507 -106.941 -107.002 -1.44116 -0.45283 -1 40
241 240 23 1.4928 1.4945 -112.676 -112.456 -1.38716 -0.33883 -1 40
241 216 24 1.5496 1.5486 -101.57 -101.916 -1.42916 -0.54283 -1 40
241 215 25 1.4753 1.4779 -103.445 -104.013 -1.36916 -0.48283 -1 40
241 225 26 1.5888 1.5887 -108.439 -108.233 -1.47716 -0.44083 -1 40
241 211 27 1.5813 1.5821 -109.097 -109.092 -1.47116 -0.42283 -1 40
241 242 28 1.4775 1.4759 -105.136 -105.033 -1.36916 -0.46483 -1 40
241 202 29 1.6037 1.5951 -108.914 -108.327 -1.48316 -0.44083 -1 40
241 203 30 1.5723 1.5748 -104.24 -104.106 -1.45916 -0.51283 -1 40
241 248 31 1.5427 1.5377 -107.285 -107.123 -1.42916 -0.44683 -1 40
241 247 32 1.5026 1.5063 -111.492 -111.618 -1.39916 -0.35683 -1 40
241 219 33 1.5758 1.5769 -111.281 -111.237 -1.46516 -0.38083 -1 40
241 275 34 1.5076 1.5068 -105.993 -105.933 -1.39916 -0.45883 -1 40
241 210 35 1.5615 1.557 -103.964 -103.444 -1.44116 -0.51883 -1 40
241 213 36 1.587 1.5914 -102.396 -102.751 -1.47116 -0.54283 -1 40
241 212 37 1.5774 1.5756 -109.087 -109.001 -1.46516 -0.42283 -1 40
241 257 38 1.516 1.5141 -105.045 -105.377 -1.40516 -0.47083 -1 40
241 201 39 1.5165 1.5262 -115.136 -115.084 -1.41116 -0.29683 -1 40
241 227 40 1.5386 1.5404 -102.365 -102.441 -1.42316 -0.53083 -1 40
241 238 41 1.5108 1.509 -104.247 -104.6 -1.39916 -0.48283 -1 40
241 199 42 1.5659 1.5712 -105.623 -106.022 -1.45916 -0.47683 -1 40
241 228 43 1.5472 1.5435 -108.425 -108.204 -1.43516 -0.42883 -1 40
241 248 44 1.5987 1.6096 -111.26 -111.643 -1.49516 -0.38083 -1 40
241 204 45 1.5407 1.5353 -104.51 -104.397 -1.42316 -0.49483 -1 40
241 255 46 1.6028 1.6096 -111.698 -111.643 -1.49516 -0.38083 -1 40
241 216 47 1.505 1.5037 -114.084 -113.875 -1.39316 -0.31483 -1 40
241 212 48 1.6009 1.5951 -108.658 -108.327 -1.48316 -0.44083 -1 40
241 251 49 1.5129 1.5149 -112.966 -113.031 -1.40516 -0.33283 -1 40
275 245 0 1.5874 1.5885 -108.939 -108.867 -1.47716 -0.42883 -1 40
275 287 1 1.5694 1.5645 -114.761 -114.848 -1.44716 -0.30883 -1 40
275 252 2 1.5819 1.5847 -112.208 -112.272 -1.47116 -0.36283 -1 40
275 256 3 1.524 1.5229 -104.092 -104.168 -1.41116 -0.49483 -1 40
275 307 4 1.5233 1.519 -106.536 -106.481 -1.41116 -0.45283 -1 40
275 264 5 1.4805 1.4802 -106.606 -106.506 -1.37516 -0.44083 -1 40
275 248 6 1.4754 1.4773 -101.971 -101.856 -1.36316 -0.51883 -1 40
275 297 7 1.5446 1.5463 -115.225 -115.288 -1.42916 -0.29683 -1 40
275 259 8 1.4812 1.487 -111.431 -111.697 -1.38116 -0.35083 -1 40
275 299 9 1.4978 1.501 -105.406 -105.488 -1.39316 -0.46483 -1 40
275 256 10 1.5301 1.5315 -103.202 -103.3 -1.41716 -0.51283 -1 40
275 236 11 1.5558 1.5584 -111.851 -111.954 -1.44716 -0.36283 -1 40
275 249 12 1.5641 1.5628 -108.791 -108.492 -1.45316 -0.42883 -1 40
275 227 13 1.5597 1.5554 -104.561 -104.088 -1.44116 -0.50683 -1 40
275 223 14 1.5548 1.5572 -110.762 -110.985 -1.44716 -0.38083 -1 40
275 308 15 1.5166 1.5186 -106.767 -106.812 -1.41116 -0.44683 -1 40
275 240 16 1.474 1.4762 -102.273 -102.194 -1.36316 -0.51283 -1 41
275 271 17 1.5412 1.5384 -106.422 -106.469 -1.42916 -0.45883 -1 40
275 224 18 1.5233 1.524 -109.091 -108.568 -1.41716 -0.41683 -1 40
275 264 19 1.546 1.5466 -102.406 -102.562 -1.42916 -0.53083 -1 40
275 286 20 1.5666 1.5645 -114.576 -114.848 -1.44716 -0.30883 -1 40
275 223 21 1.555 1.5565 -110.082 -110.015 -1.44716 -0.39883 -1 40
275 249 22 1.5176 1.5192 -102.884 -103.061 -1.40516 -0.51283 -1 40
275 267 23 1.5874 1.5928 -104.65 -104.753 -1.47716 -0.50683 -1 40
275 284 24 1.4844 1.4879 -105.386 -105.6 -1.38116 -0.45883 -1 40
275 250 25 1.4819 1.472 -114.727 -114.171 -1.36316 -0.30283 -1 40
275 218 26 1.5516 1.5472 -105.17 -104.947 -1.43516 -0.48883 -1 40
275 240 27 1.5546 1.5498 -109.091 -108.625 -1.44116 -0.42283 -1 40
275 245 28 1.5792 1.5786 -112.484 -112.512 -1.46516 -0.35683 -1 40
275 225 29 1.5121 1.5129 -115.061 -114.945 -1.39916 -0.29683 -1 40
275 255 30 1.5658 1.565 -102.76 -102.918 -1.44716 -0.53083 -1 40
275 227 31 1.5453 1.5452 -111.619 -111.79 -1.43516 -0.36283 -1 40
275 267 32 1.5892 1.5965 -111.267 -111.482 -1.48316 -0.38083 -1 40
275 254 33 1.5889 1.5905 -102.797 -103.066 -1.47116 -0.53683 -1 40
275 240 34 1.4848 1.4866 -103.02 -103.12 -1.37516 -0.50083 -1 40
275 288 35 1.5589 1.557 -114.237 -114.457 -1.44116 -0.31483 -1 40
275 237 36 1.4925 1.492 -109.871 -110.097 -1.38716 -0.38083 -1 40
275 277 37 1.527 1.5244 -108.123 -107.577 -1.41716 -0.43483 -1 40
275 283 38 1.5282 1.5281 -113.321 -113.187 -1.41716 -0.33283 -1 40
275 262 39 1.575 1.5835 -106.21 -106.547 -1.47116 -0.47083 -1 40
275 235 40 1.5507 1.5523 -111.899 -112.196 -1.44116 -0.35683 -1 40
275 255 41 1.5574 1.557 -103.494 -103.444 -1.44116 -0.51883 -1 40
275 268 42 1.4817 1.4796 -101.423 -101.18 -1.36316 -0.53083 -1 40
275 265 43 1.5994 1.6086 -110.292 -110.705 -1.49516 -0.39883 -1 40
275 241 44 1.4951 1.4985 -108.096 -107.837 -1.39316 -0.42283 -1 40
275 244 45 1.5788 1.5774 -101.214 -101.13 -1.45316 -0.56683 -1 40
275 232 46 1.5617 1.5617 -104.421 -104.201 -1.44716 -0.50683 -1 40
275 243 47 1.5736 1.576 -110.076 -110.279 -1.46516 -0.39883 -1 40
275 217 48 1.6023 1.6017 -101.482 -101.616 -1.47716 -0.56683 -1 40
275 239 49 1.5454 1.5392 -105.683 -105.815 -1.42916 -0.47083 -1 40
310 310 0 1.4968 1.4954 -100.701 -100.439 -1.37516 -0.54883 -1 40
310 284 1 1.4787 1.4784 -101.998 -101.518 -1.36316 -0.52483 -1 41
310 259 2 1.5607 1.5649 -105.751 -105.917 -1.45316 -0.47683 -1 41
310 314 3 1.6023 1.6101 -111.871 -111.955 -1.49516 -0.37483 -1 41
310 255 4 1.5007 1.4995 -115.014 -114.803 -1.38716 -0.29683 -1 40
310 308 5 1.4777 1.4816 -105.363 -105.488 -1.37516 -0.45883 -1 41
310 264 6 1.4814 1.4857 -109.953 -110.343 -1.38116 -0.37483 -1 40
310 294 7 1.497 1.499 -110.551 -110.861 -1.39316 -0.36883 -1 40
310 312 8 1.5831 1.5828 -107.098 -107.183 -1.47116 -0.45883 -1 40
310 308 9 1.6006 1.5956 -107.504 -107.38 -1.48316 -0.45883 -1 41
310 295 10 1.5751 1.5771 -106.28 -106.445 -1.46516 -0.47083 -1 41
310 261 11 1.4979 1.4983 -109.506 -109.517 -1.39316 -0.39283 -1 40
310 310 12 1.5213 1.5181 -108.031 -107.475 -1.41116 -0.43483 -1 40
310 275 13 1.5777 1.5803 -104.465 -104.535 -1.46516 -0.50683 -1 41
310 273 14 1.5626 1.5627 -109.321 -109.137 -1.45316 -0.41683 -1 40
310 286 15 1.5823 1.577 -114.564 -114.666 -1.45916 -0.31483 -1 40
310 296 16 1.5753 1.5758 -108.124 -108.042 -1.46516 -0.44083 -1 40
310 276 17 1.509 1.5111 -114.401 -114.282 -1.39916 -0.30883 -1 41
310 313 18 1.5404 1.538 -106.856 -106.796 -1.42916 -0.45283 -1 40
310 330 19 1.5102 1.5078 -105.262 -105.266 -1.39916 -0.47083 -1 40
310 290 20 1.5697 1.5693 -108.363 -108.266 -1.45916 -0.43483 -1 40
310 304 21 1.4773 1.4712 -113.98 -113.83 -1.36316 -0.30883 -1 40
310 305 22 1.5869 1.5911 -105.534 -105.7 -1.47716 -0.48883 -1 41
310 330 23 1.4949 1.5004 -105.763 -105.823 -1.39316 -0.45883 -1 41
310 287 24 1.57 1.5768 -106.308 -106.764 -1.46516 -0.46483 -1 41
310 319 25 1.5203 1.5204 -112.345 -112.448 -1.41116 -0.34483 -1 40
310 272 26 1.478 1.4795 -103.042 -103.335 -1.36916 -0.49483 -1 41
310 336 27 1.5186 1.5186 -107.146 -106.812 -1.41116 -0.44683 -1 40
310 275 28 1.5847 1.5863 -102.12 -102.319 -1.46516 -0.54883 -1 40
310 270 29 1.562 1.5638 -111.011 -111.069 -1.45316 -0.38083 -1 40
310 275 30 1.5009 1.5007 -102.628 -102.696 -1.38716 -0.51283 -1 41
310 317 31 1.5099 1.5083 -112.952 -112.952 -1.39916 -0.33283 -1 40
310 297 32 1.4934 1.4993 -110.801 -111.197 -1.39316 -0.36283 -1 40
310 324 33 1.5357 1.5317 -106.677 -106.692 -1.42316 -0.45283 -1 40
310 323 34 1.4967 1.5015 -104.906 -105.153 -1.39316 -0.47083 -1 40
310 302 35 1.4815 1.4765 -113.481 -113.228 -1.36916 -0.32083 -1 41
310 262 36 1.477 1.4791 -107.945 -107.867 -1.37516 -0.41683 -1 40
310 301 37 1.5734 1.5762 -107.518 -107.403 -1.46516 -0.45283 -1 40
310 292 38 1.565 1.5698 -107.119 -107.304 -1.45916 -0.45283 -1 40
310 315 39 1.5032 1.5063 -111.45 -111.618 -1.39916 -0.35683 -1 40
310 285 40 1.58 1.5757 -108.633 -108.361 -1.46516 -0.43483 -1 40
310 320 41 1.5954 1.5969 -106.199 -106.119 -1.48316 -0.48283 -1 41
310 278 42 1.5802 1.5802 -102.151 -102.2 -1.45916 -0.54883 -1 40
310 260 43 1.5577 1.563 -110.117 -110.103 -1.45316 -0.39883 -1 40
310 297 44 1.4757 1.4735 -101.374 -101.048 -1.35716 -0.53083 -1 41
310 292 45 1.5733 1.5771 -106.19 -106.445 -1.46516 -0.47083 -1 41
310 288 46 1.5336 1.5315 -103.54 -103.3 -1.41716 -0.51283 -1 40
310 324 47 1.6043 1.6029 -106.636 -106.535 -1.48916 -0.47683 -1 41
310 278 48 1.5589 1.5581 -100.974 -101.075 -1.43516 -0.56083 -1 40
310 265 49 1.5423 1.5448 -100.943 -101.146 -1.42316 -0.55483 -1 40
344 308 0 1.5914 1.5859 -100.879 -100.623 -1.45916 -0.57883 -1 41
344 296 1 1.5021 1.4983 -108.59 -108.173 -1.39316 -0.41683 -1 40
344 335 2 1.4789 1.4753 -112.704 -112.547 -1.36916 -0.33283 -1 41
344 307 3 1.5877 1.5873 -102.074 -102.004 -1.46516 -0.55483 -1 41
344 274 4 1.5264 1.5246 -110.446 -110.55 -1.41716 -0.38083 -1 40
344 333 5 1.5876 1.5896 -111.061 -111.085 -1.47716 -0.38683 -1 41
344 294 6 1.5954 1.5907 -101.182 -101.061 -1.46516 -0.57283 -1 41
344 319 7 1.54 1.537 -108.673 -108.433 -1.42916 -0.42283 -1 40
344 312 8 1.4723 1.4725 -103.354 -103.553 -1.36316 -0.48883 -1 41
344 319 9 1.5212 1.5236 -103.642 -103.838 -1.41116 -0.50083 -1 41
344 286 10 1.5619 1.5603 -105.006 -104.845 -1.44716 -0.49483 -1 41
344 345 11 1.5828 1.5831 -106.747 -106.865 -1.47116 -0.46483 -1 41
344 360 12 1.5355 1.5313 -107.122 -107.02 -1.42316 -0.44683 -1 40
344 316 13 1.4955 1.4904 -113.995 -113.723 -1.38116 -0.31483 -1 41
344 351 14 1.4861 1.4879 -105.746 -105.6 -1.38116 -0.45883 -1 41
344 292 15 1.4847 1.4854 -109.509 -109.665 -1.38116 -0.38683 -1 40
344 304 16 1.4815 1.4813 -102.714 -102.659 -1.36916 -0.50683 -1 41
344 342 17 1.5248 1.5209 -105.05 -105.158 -1.41116 -0.47683 -1 41
344 310 18 1.5821 1.5802 -102.167 -102.2 -1.45916 -0.54883 -1 41
344 331 19 1.5477 1.5456 -103.06 -102.886 -1.42916 -0.52483 -1 40
344 336 20 1.6017 1.5956 -107.691 -107.38 -1.48316 -0.45883 -1 41
344 299 21 1.591 1.5884 -101.584 -101.689 -1.46516 -0.56083 -1 41
344 328 22 1.5087 1.5059 -110.934 -111.284 -1.39916 -0.36283 -1 40
344 322 23 1.5629 1.5641 -103.261 -103.239 -1.44716 -0.52483 -1 40
344 324 24 1.4806 1.487 -111.477 -111.697 -1.38116 -0.35083 -1 41
344 313 25 1.5512 1.551 -106.395 -106.677 -1.44116 -0.45883 -1 41
344 320 26 1.5525 1.5499 -108.671 -108.301 -1.44116 -0.42883 -1 40
344 330 27 1.485 1.4841 -104.089 -104.133 -1.37516 -0.48283 -1 41
344 349 28 1.5249 1.5203 -105.311 -105.488 -1.41116 -0.47083 -1 41
344 355 29 1.5371 1.5378 -114.494 -114.57 -1.42316 -0.30883 -1 41
344 339 30 1.5935 1.5965 -111.301 -111.482 -1.48316 -0.38083 -1 41
344 309 31 1.5621 1.5641 -106.341 -106.56 -1.45316 -0.46483 -1 41
344 333 32 1.5346 1.5307 -108.348 -108.007 -1.42316 -0.42883 -1 40
344 293 33 1.4965 1.492 -114.852 -114.395 -1.38116 -0.30283 -1 41
344 287 34 1.5523 1.5569 -110.46 -110.661 -1.44716 -0.38683 -1 40
344 301 35 1.5209 1.5177 -108.801 -108.139 -1.41116 -0.42283 -1 40
344 320 36 1.5203 1.5174 -103.679 -103.721 -1.40516 -0.50083 -1 41
344 362 37 1.6014 1.6047 -105.21 -105.281 -1.48916 -0.50083 -1 41
344 345 38 1.5943 1.6004 -103.928 -104.233 -1.48316 -0.51883 -1 41
344 358 39 1.5206 1.5183 -107.594 -107.144 -1.41116 -0.44083 -1 40
344 331 40 1.5736 1.576 -107.842 -107.722 -1.46516 -0.44683 -1 41
344 331 41 1.5494 1.5466 -102.694 -102.562 -1.42916 -0.53083 -1 40
344 342 42 1.4873 1.4896 -104.405 -104.588 -1.38116 -0.47683 -1 41
344 305 43 1.5972 1.5991 -113.23 -113.056 -1.48316 -0.35083 -1 41
344 318 44 1.4801 1.472 -114.641 -114.171 -1.36316 -0.30283 -1 41
344 309 45 1.4982 1.4956 -102.505 -102.237 -1.38116 -0.51883 -1 41
344 310 46 1.5836 1.5863 -102.302 -102.319 -1.46516 -0.54883 -1 41
344 364 47 1.5138 1.5119 -107.29 -107.04 -1.40516 -0.44083 -1 40
344 344 48 1.5924 1.5985 -104.986 -105.175 -1.48316 -0.50083 -1 41
344 354 49 1.488 1.4879 -105.571 -105.6 -1.38116 -0.45883 -1 41
378 319 0 1.5622 1.566 -105.107 -105.275 -1.45316 -0.48883 -1 41
378 390 1 1.6017 1.6033 -106.04 -106.221 -1.48916 -0.48283 -1 41
378 326 2 1.5073 1.5053 -114.86 -114.541 -1.39316 -0.30283 -1 41
378 373 3 1.6007 1.5956 -107.541 -107.38 -1.48316 -0.45883 -1 41
378 337 4 1.5841 1.5812 -113.822 -113.783 -1.46516 -0.33283 -1 41
378 411 5 1.5141 1.5131 -106.158 -106.042 -1.40516 -0.45883 -1 41
378 331 6 1.5287 1.5252 -111.159 -111.21 -1.41716 -0.36883 -1 40
378 397 7 1.5205 1.5198 -105.594 -105.819 -1.41116 -0.46483 -1 41
378 335 8 1.5434 1.5416 -104.651 -104.51 -1.42916 -0.49483 -1 41
378 326 9 1.4766 1.4794 -110.473 -110.591 -1.37516 -0.36883 -1 41
378 304 10 1.4724 1.4724 -109.262 -109.131 -1.36916 -0.39283 -1 41
378 393 11 1.5407 1.5436 -114.119 -114.315 -1.42916 -0.31483 -1 41
378 353 12 1.4893 1.4925 -110.446 -110.772 -1.38716 -0.36883 -1 40
378 344 13 1.5346 1.5353 -104.286 -104.397 -1.42316 -0.49483 -1 41
378 348 14 1.5227 1.5272 -102.299 -102.525 -1.41116 -0.52483 -1 41
378 359 15 1.6021 1.6086 -110.239 -110.705 -1.49516 -0.39883 -1 41
378 367 16 1.5944 1.5958 -103.374 -103.494 -1.47716 -0.53083 -1 41
378 351 17 1.4989 1.4987 -110.307 -110.525 -1.39316 -0.37483 -1 40
378 307 18 1.5161 1.5111 -109.497 -109.372 -1.40516 -0.39883 -1 41
378 341 19 1.5801 1.5812 -101.749 -101.884 -1.45916 -0.55483 -1 41
378 343 20 1.5852 1.5858 -112.9 -112.906 -1.47116 -0.35083 -1 41
378 387 21 1.5993 1.6033 -105.998 -106.221 -1.48916 -0.48283 -1 41
378 368 22 1.5803 1.5779 -115.027 -114.983 -1.45916 -0.30883 -1 41
378 368 23 1.5083 1.5097 -104.075 -104.267 -1.39916 -0.48883 -1 41
378 325 24 1.598 1.5945 -101.742 -101.809 -1.47116 -0.56083 -1 41
378 345 25 1.5099 1.5088 -102.29 -102.155 -1.39316 -0.52483 -1 41
378 358 26 1.6037 1.6045 -112.747 -112.504 -1.48916 -0.36283 -1 41
378 366 27 1.5048 1.5035 -104.071 -104.15 -1.39316 -0.48883 -1 41
378 362 28 1.5225 1.5222 -104.414 -104.498 -1.41116 -0.48883 -1 41
378 389 29 1.5088 1.5084 -104.799 -104.933 -1.39916 -0.47683 -1 41
378 347 30 1.5759 1.5726 -101.073 -100.689 -1.44716 -0.57283 -1 41
378 310 31 1.473 1.4724 -108.686 -108.447 -1.36916 -0.40483 -1 41
378 338 32 1.5196 1.5171 -101.695 -101.62 -1.39916 -0.53683 -1 41
378 362 33 1.5051 1.5014 -100.757 -100.571 -1.38116 -0.54883 -1 41
378 352 34 1.5752 1.5757 -108.622 -108.361 -1.46516 -0.43483 -1 41
378 384 35 1.5331 1.5355 -113.599 -113.59 -1.42316 -0.32683 -1 41
378 348 36 1.5337 1.5278 -104.849 -104.94 -1.41716 -0.48283 -1 41
378 375 37 1.5927 1.5997 -104.49 -104.547 -1.48316 -0.51283 -1 41
378 410 38 1.5159 1.5126 -106.465 -106.374 -1.40516 -0.45283 -1 41
378 348 39 1.5828 1.5853 -102.657 -102.634 -1.46516 -0.54283 -1 41
378 356 40 1.5794 1.5821 -108.413 -108.456 -1.47116 -0.43483 -1 41
378 334 41 1.555 1.5563 -109.435 -109.368 -1.44716 -0.41083 -1 41
378 380 42 1.5326 1.5387 -114.885 -114.895 -1.42316 -0.30283 -1 41
378 351 43 1.5743 1.5711 -102.999 -103.035 -1.45316 -0.53083 -1 41
378 375 44 1.4898 1.4929 -106.786 -106.722 -1.38716 -0.44083 -1 41
378 360 45 1.4779 1.4784 -101.626 -101.518 -1.36316 -0.52483 -1 41
378 356 46 1.5209 1.5229 -104.096 -104.168 -1.41116 -0.49483 -1 41
378 374 47 1.5467 1.5441 -107.143 -107.225 -1.43516 -0.44683 -1 41
378 348 48 1.5742 1.5781 -112.208 -112.193 -1.46516 -0.36283 -1 41
378 323 49 1.5017 1.4995 -114.897 -114.803 -1.38716 -0.29683 -1 41
413 405 0 1.5955 1.5962 -111.088 -111.167 -1.48316 -0.38683 -1 41
413 401 1 1.604 1.6086 -110.48 -110.705 -1.49516 -0.39883 -1 41
413 409 2 1.5248 1.527 -112.285 -112.529 -1.41716 -0.34483 -1 41
413 377 3 1.5764 1.5726 -112.858 -112.753 -1.45916 -0.35083 -1 41
413 419 4 1.5103 1.5084 -104.719 -104.933 -1.39916 -0.47683 -1 41
413 373 5 1.5707 1.5694 -109.957 -109.871 -1.45916 -0.40483 -1 41
413 381 6 1.4793 1.4866 -111.098 -111.359 -1.38116 -0.35683 -1 41
413 369 7 1.5207 1.5232 -101.483 -101.745 -1.40516 -0.53683 -1 41
413 357 8 1.5067 1.5047 -108.946 -108.607 -1.39916 -0.41083 -1 41
413 390 9 1.5314 1.5306 -103.674 -103.627 -1.41716 -0.50683 -1 41
413 386 10 1.4993 1.4971 -113.884 -113.799 -1.38716 -0.31483 -1 41
413 415 11 1.5033 1.5017 -112.878 -112.872 -1.39316 -0.33283 -1 41
413 382 12 1.5736 1.5714 -101.043 -101.006 -1.44716 -0.56683 -1 41
413 389 13 1.4864 1.4862 -107.258 -106.953 -1.38116 -0.43483 -1 41
413 363 14 1.5156 1.5118 -110.414 -110.704 -1.40516 -0.37483 -1 41
413 398 15 1.5818 1.5822 -108.264 -108.138 -1.47116 -0.44083 -1 41
413 388 16 1.4939 1.4904 -113.888 -113.723 -1.38116 -0.31483 -1 41
413 357 17 1.547 1.5416 -104.817 -104.51 -1.42916 -0.49483 -1 41
413 374 18 1.5172 1.5171 -101.648 -101.62 -1.39916 -0.53683 -1 41
413 378 19 1.5826 1.5802 -102.203 -102.2 -1.45916 -0.54883 -1 41
413 375 20 1.5621 1.565 -112.038 -112.034 -1.45316 -0.36283 -1 41
413 445 21 1.5186 1.519 -106.437 -106.481 -1.41116 -0.45283 -1 41
413 390 22 1.5088 1.5105 -103.645 -103.935 -1.39916 -0.49483 -1 41
413 374 23 1.5994 1.595 -108.783 -108.642 -1.48316 -0.43483 -1 41
413 419 24 1.4913 1.4933 -106.47 -106.385 -1.38716 -0.44683 -1 41
413 401 25 1.4802 1.4819 -112.458 -112.629 -1.37516 -0.33283 -1 41
413 360 26 1.4727 1.4727 -107.771 -107.764 -1.36916 -0.41683 -1 41
413 399 27 1.5902 1.595 -103.598 -103.808 -1.47716 -0.52483 -1 41
413 382 28 1.499 1.4989 -103.287 -103.363 -1.38716 -0.50083 -1 41
413 404 29 1.599 1.6024 -110.768 -110.935 -1.48916 -0.39283 -1 41
413 397 30 1.5377 1.5336 -112.472 -112.608 -1.42316 -0.34483 -1 41
413 397 31 1.5439 1.5447 -103.33 -103.21 -1.42916 -0.51883 -1 41
413 392 32 1.5208 1.5245 -114.564 -114.427 -1.41116 -0.30883 -1 41
413 383 33 1.5884 1.5845 -115.167 -115.05 -1.46516 -0.30883 -1 41
413 419 34 1.5014 1.5021 -104.612 -104.819 -1.39316 -0.47683 -1 41
413 416 35 1.4845 1.4879 -105.641 -105.6 -1.38116 -0.45883 -1 41
413 395 36 1.5287 1.5272 -104.966 -105.269 -1.41716 -0.47683 -1 41
413 365 37 1.5885 1.5879 -113.78 -113.855 -1.47116 -0.33283 -1 41
413 420 38 1.4893 1.4947 -105.098 -105.376 -1.38716 -0.46483 -1 41
413 357 39 1.5596 1.5586 -105.774 -105.811 -1.44716 -0.47683 -1 41
413 384 40 1.5897 1.5886 -108.778 -108.55 -1.47716 -0.43483 -1 41
413 383 41 1.5946 1.5976 -102.487 -102.866 -1.47716 -0.54283 -1 41
413 378 42 1.5929 1.5886 -108.9 -108.55 -1.47716 -0.43483 -1 41
413 393 43 1.5807 1.5831 -111.048 -111.001 -1.47116 -0.38683 -1 41
413 361 44 1.5907 1.5879 -114.077 -113.855 -1.47116 -0.33283 -1 41
413 372 45 1.5927 1.5924 -113.197 -112.981 -1.47716 -0.35083 -1 41
413 383 46 1.5574 1.5558 -101.499 -101.717 -1.43516 -0.54883 -1 41
413 391 47 1.5672 1.5693 -108.235 -108.266 -1.45916 -0.43483 -1 41
413 433 48 1.544 1.5454 -114.846 -114.964 -1.42916 -0.30283 -1 41
413 369 49 1.5241 1.524 -108.849 -108.568 -1.41716 -0.41683 -1 41
447 415 0 1.5785 1.5825 -110.155 -110.365 -1.47116 -0.39883 -1 41
447 470 1 1.5271 1.525 -107.134 -106.917 -1.41716 -0.44683 -1 41
447 408 2 1.5963 1.5985 -102.185 -102.553 -1.47716 -0.54883 -1 41
447 364 3 1.5289 1.5309 -110.306 -110.31 -1.42316 -0.38683 -1 41
447 374 4 1.474 1.4789 -109.372 -109.57 -1.37516 -0.38683 -1 41
447 467 5 1.5017 1.5063 -106.34 -106.267 -1.39916 -0.45283 -1 41
447 450 6 1.5982 1.6012 -103.944 -103.92 -1.48316 -0.52483 -1 41
447 466 7 1.5451 1.5445 -114.718 -114.64 -1.42916 -0.30883 -1 41
447 418 8 1.4861 1.4859 -107.435 -107.292 -1.38116 -0.42883 -1 41
447 453 9 1.4777 1.4774 -100.282 -100.035 -1.35716 -0.54883 -1 41
447 448 10 1.4885 1.4933 -106.268 -106.385 -1.38716 -0.44683 -1 41
447 435 11 1.5794 1.5839 -106.082 -106.23 -1.47116 -0.47683 -1 41
447 407 12 1.5376 1.5353 -104.629 -104.397 -1.42316 -0.49483 -1 41
447 432 13 1.488 1.4903 -103.976 -104.251 -1.38116 -0.48283 -1 41
447 429 14 1.4811 1.4834 -104.071 -104.471 -1.37516 -0.47683 -1 41
447 427 15 1.4869 1.4928 -110.895 -111.109 -1.38716 -0.36283 -1 41
447 430 16 1.6044 1.6037 -102.906 -102.981 -1.48316 -0.54283 -1 41
447 419 17 1.5654 1.5672 -113.18 -113.318 -1.45316 -0.33883 -1 41
447 413 18 1.5858 1.5859 -100.866 -100.623 -1.45916 -0.57883 -1 41
447 373 19 1.4741 1.4789 -109.286 -109.57 -1.37516 -0.38683 -1 41
447 405 20 1.5401 1.5425 -101.372 -101.793 -1.42316 -0.54283 -1 41
447 442 21 1.5418 1.5374 -107.824 -107.451 -1.42916 -0.44083 -1 41
447 406 22 1.5928 1.5951 -109.519 -109.59 -1.48316 -0.41683 -1 41
447 406 23 1.4857 1.4875 -102.776 -102.783 -1.37516 -0.50683 -1 41
447 390 24 1.5968 1.5945 -113.896 -113.926 -1.47716 -0.33283 -1 41
447 423 25 1.579 1.5772 -111.665 -111.556 -1.46516 -0.37483 -1 41
447 429 26 1.5806 1.5822 -108.267 -108.138 -1.47116 -0.44083 -1 41
447 408 27 1.53 1.5255 -111.437 -111.54 -1.41716 -0.36283 -1 41
447 418 28 1.5399 1.5396 -112.107 -112.361 -1.42916 -0.35083 -1 41
447 430 29 1.5574 1.5588 -102.672 -102.801 -1.44116 -0.53083 -1 41
447 423 30 1.5759 1.5772 -111.46 -111.556 -1.46516 -0.37483 -1 41
447 431 31 1.5804 1.5843 -105.829 -105.912 -1.47116 -0.48283 -1 41
447 382 32 1.5555 1.5528 -105.33 -105.381 -1.44116 -0.48283 -1 41
447 402 33 1.5375 1.5376 -101.347 -101.344 -1.41716 -0.54883 -1 41
447 419 34 1.5575 1.5547 -101.855 -102.038 -1.43516 -0.54283 -1 41
447 435 35 1.5892 1.5935 -104.24 -104.438 -1.47716 -0.51283 -1 41
447 459 36 1.6015 1.6067 -104.192 -104.342 -1.48916 -0.51883 -1 41
447 420 37 1.57 1.5659 -102.563 -102.599 -1.44716 -0.53683 -1 41
447 459 38 1.5116 1.5141 -105.047 -105.377 -1.40516 -0.47083 -1 41
447 438 39 1.5932 1.5965 -111.461 -111.482 -1.48316 -0.38083 -1 41
447 411 40 1.5113 1.5074 -100.948 -100.703 -1.38716 -0.54883 -1 41
447 443 41 1.4779 1.4808 -100.831 -100.843 -1.36316 -0.53683 -1 41
447 436 42 1.5143 1.5124 -111.29 -111.37 -1.40516 -0.36283 -1 41
447 418 43 1.4755 1.4784 -101.776 -101.518 -1.36316 -0.52483 -1 41
447 393 44 1.5937 1.5895 -101.54 -101.375 -1.46516 -0.56683 -1 41
447 416 45 1.5413 1.543 -104.005 -103.86 -1.42916 -0.50683 -1 41
447 456 46 1.5048 1.5072 -112.063 -112.285 -1.39916 -0.34483 -1 41
447 441 47 1.6038 1.6082 -103.28 -103.718 -1.48916 -0.53083 -1 41
447 399 48 1.5157 1.5147 -100.602 -100.504 -1.39316 -0.55483 -1 41
447 451 49 1.5671 1.5636 -114.468 -114.527 -1.44716 -0.31483 -1 41
482 424 0 1.5465 1.5472 -104.886 -104.947 -1.43516 -0.48883 -1 41
482 453 1 1.5615 1.5628 -108.651 -108.492 -1.45316 -0.42883 -1 41
482 442 2 1.5694 1.5694 -109.932 -109.871 -1.45916 -0.40483 -1 41
482 482 3 1.5855 1.5895 -106.79 -106.965 -1.47716 -0.46483 -1 41
482 436 4 1.4779 1.4737 -115.206 -114.852 -1.36316 -0.29083 -1 41
482 443 5 1.5839 1.5858 -112.993 -112.906 -1.47116 -0.35083 -1 41
482 435 6 1.4993 1.4986 -114.506 -114.469 -1.38716 -0.30283 -1 41
482 446 7 1.5749 1.5726 -112.754 -112.753 -1.45916 -0.35083 -1 41
482 444 8 1.5874 1.5887 -109.626 -109.818 -1.47716 -0.41083 -1 41
482 478 9 1.4793 1.4821 -104.941 -105.148 -1.37516 -0.46483 -1 41
482 458 10 1.5473 1.5447 -103.5 -103.21 -1.42916 -0.51883 -1 41
482 458 11 1.5666 1.5659 -102.752 -102.599 -1.44716 -0.53683 -1 41
482 434 12 1.5533 1.5563 -109.299 -109.368 -1.44716 -0.41083 -1 41
482 458 13 1.5841 1.588 -103.955 -104.012 -1.47116 -0.51883 -1 41
482 461 14 1.4952 1.499 -110.582 -110.861 -1.39316 -0.36883 -1 41
482 499 15 1.5655 1.5654 -114.958 -115.168 -1.44716 -0.30283 -1 41
482 488 16 1.5315 1.5308 -107.711 -107.678 -1.42316 -0.43483 -1 41
482 477 17 1.4867 1.4868 -101.188 -100.975 -1.36916 -0.53683 -1 41
482 465 18 1.4858 1.487 -111.494 -111.697 -1.38116 -0.35083 -1 41
482 459 19 1.5845 1.5859 -104.866 -104.961 -1.47116 -0.50083 -1 41
482 472 20 1.5979 1.602 -103.441 -103.606 -1.48316 -0.53083 -1 41
482 456 21 1.5276 1.5272 -102.502 -102.525 -1.41116 -0.52483 -1 41
482 485 22 1.5266 1.5275 -112.906 -112.858 -1.41716 -0.33883 -1 41
482 430 23 1.5948 1.5945 -101.745 -101.809 -1.47116 -0.56083 -1 41
482 465 24 1.5714 1.5765 -106.924 -107.084 -1.46516 -0.45883 -1 41
482 432 25 1.5263 1.524 -108.935 -108.568 -1.41716 -0.41683 -1 41
482 450 26 1.5981 1.5984 -112.836 -112.741 -1.48316 -0.35683 -1 41
482 452 27 1.499 1.4985 -107.928 -107.837 -1.39316 -0.42283 -1 41
482 471 28 1.5899 1.5928 -104.699 -104.753 -1.47716 -0.50683 -1 41
482 443 29 1.488 1.4866 -103.081 -103.12 -1.37516 -0.50083 -1 41
482 435 30 1.5456 1.5457 -111.834 -112.116 -1.43516 -0.35683 -1 41
482 487 31 1.5203 1.5204 -112.569 -112.448 -1.41116 -0.34483 -1 41
482 465 32 1.5846 1.5906 -105.645 -106.016 -1.47716 -0.48283 -1 41
482 450 33 1.5841 1.5852 -112.565 -112.589 -1.47116 -0.35683 -1 41
482 448 34 1.5679 1.5703 -111.037 -111.153 -1.45916 -0.38083 -1 41
482 466 35 1.4845 1.4879 -112.096 -112.373 -1.38116 -0.33883 -1 41
482 443 36 1.5364 1.5353 -104.592 -104.397 -1.42316 -0.49483 -1 41
482 452 37 1.5811 1.5826 -103.734 -103.583 -1.46516 -0.52483 -1 41
482 458 38 1.565 1.5659 -102.722 -102.599 -1.44716 -0.53683 -1 41
482 449 39 1.485 1.4853 -114.372 -114.321 -1.37516 -0.30283 -1 41
482 437 40 1.4797 1.4862 -110.601 -111.02 -1.38116 -0.36283 -1 41
482 453 41 1.4743 1.4728 -114.619 -114.512 -1.36316 -0.29683 -1 41
482 454 42 1.5755 1.5765 -110.989 -110.917 -1.46516 -0.38683 -1 41
482 474 43 1.5405 1.5384 -106.432 -106.469 -1.42916 -0.45883 -1 41
482 481 44 1.4895 1.4933 -106.48 -106.385 -1.38716 -0.44683 -1 41
482 450 45 1.5667 1.5654 -101.102 -100.881 -1.44116 -0.56683 -1 41
482 483 46 1.4812 1.482 -100.788 -100.507 -1.36316 -0.54283 -1 41
482 448 47 1.5114 1.5113 -108.396 -108.039 -1.40516 -0.42283 -1 41
482 481 48 1.5105 1.5063 -111.687 -111.618 -1.39916 -0.35683 -1 41
482 408 49 1.5245 1.5246 -110.35 -110.55 -1.41716 -0.38083 -1 41
34 93 0 1.5969 1.4433 -104.292 -117.532 -1.32716 -0.23683 -0 40
34 92 1 1.5052 1.4433 -115.046 -117.532 -1.32716 -0.23683 -0 40
34 92 2 1.5506 1.4433 -108.316 -117.532 -1.32716 -0.23683 -0 40
34 92 3 1.5064 1.4433 -111.782 -117.532 -1.32716 -0.23683 -0 40
34 92 4 1.5439 1.4433 -103.131 -117.532 -1.32716 -0.23683 -0 40
34 96 5 1.4865 1.4368 -114.822 -112.736 -1.33316 -0.32083 -0 40
34 92 6 1.5854 1.4433 -104.897 -117.532 -1.32716 -0.23683 -0 40
34 92 7 1.4992 1.4433 -100.593 -117.532 -1.32716 -0.23683 -0 40
34 91 8 1.5933 1.4433 -105.196 -117.532 -1.32716 -0.23683 -0 40
34 92 9 1.5525 1.4433 -106.786 -117.532 -1.32716 -0.23683 -0 40
34 92 10 1.4841 1.4433 -103.727 -117.532 -1.32716 -0.23683 -0 40
34 93 11 1.5578 1.4433 -110.128 -117.532 -1.32716 -0.23683 -0 40
34 92 12 1.4993 1.4433 -108.999 -117.532 -1.32716 -0.23683 -0 40
34 93 13 1.4883 1.4433 -103.634 -117.532 -1.32716 -0.23683 -0 40
34 92 14 1.5499 1.4433 -103.322 -117.532 -1.32716 -0.23683 -0 40
34 92 15 1.5621 1.4433 -105.201 -117.532 -1.32716 -0.23683 -0 40
34 92 16 1.4737 1.4433 -104.832 -117.532 -1.32716 -0.23683 -0 40
34 92 17 1.5065 1.4433 -107.548 -117.532 -1.32716 -0.23683 -0 40
34 92 18 1.4924 1.4433 -109.725 -117.532 -1.32716 -0.23683 -0 40
34 93 19 1.537 1.4433 -108.059 -117.532 -1.32716 -0.23683 -0 40
34 93 20 1.4896 1.4368 -112.829 -112.736 -1.33316 -0.32083 -0 40
34 93 21 1.5305 1.4433 -106.256 -117.532 -1.32716 -0.23683 -0 40
34 93 22 1.4826 1.4433 -102.352 -117.532 -1.32716 -0.23683 -0 40
34 93 23 1.5021 1.4433 -102.592 -117.532 -1.32716 -0.23683 -0 40
34 93 24 1.4939 1.4433 -101.529 -117.532 -1.32716 -0.23683 -0 40
34 93 25 1.5096 1.4433 -101.144 -117.532 -1.32716 -0.23683 -0 40
34 92 26 1.5224 1.4433 -113.334 -117.532 -1.32716 -0.23683 -0 40
34 93 27 1.5075 1.4433 -102.272 -117.532 -1.32716 -0.23683 -0 40
34 93 28 1.5244 1.4433 -102.867 -117.532 -1.32716 -0.23683 -0 40
34 92 29 1.5385 1.4433 -106.517 -117.532 -1.32716 -0.23683 -0 40
34 93 30 1.5032 1.4433 -102.394 -117.532 -1.32716 -0.23683 -0 40
34 93 31 1.507 1.4433 -107.599 -117.532 -1.32716 -0.23683 -0 40
34 92 32 1.4814 1.4433 -106.85 -117.532 -1.32716 -0.23683 -0 40
34 92 33 1.5898 1.4433 -109.505 -117.532 -1.32716 -0.23683 -0 40
34 92 34 1.5112 1.4433 -107.951 -117.532 -1.32716 -0.23683 -0 40
34 93 35 1.5275 1.4433 -105.803 -117.532 -1.32716 -0.23683 -0 40
34 92 36 1.6018 1.4433 -114.282 -117.532 -1.32716 -0.23683 -0 40
34 101 37 1.4763 1.4368 -114.89 -112.736 -1.33316 -0.32083 -0 40
34 92 38 1.5052 1.4433 -110.412 -117.532 -1.32716 -0.23683 -0 40
34 92 39 1.6035 1.4433 -108.49 -117.532 -1.32716 -0.23683 -0 40
34 92 40 1.5153 1.4433 -104.347 -117.532 -1.32716 -0.23683 -0 40
34 92 41 1.5774 1.4433 -103.606 -117.532 -1.32716 -0.23683 -0 40
34 91 42 1.473 1.4433 -106.804 -117.532 -1.32716 -0.23683 -0 40
34 91 43 1.6004 1.4433 -112.374 -117.532 -1.32716 -0.23683 -0 40
34 92 44 1.5348 1.4433 -109.146 -117.532 -1.32716 -0.23683 -0 40
34 93 45 1.5518 1.4433 -113.797 -117.532 -1.32716 -0.23683 -0 40
34 92 46 1.5057 1.4433 -103.86 -117.532 -1.32716 -0.23683 -0 40
34 92 47 1.5088 1.4433 -107.15 -117.532 -1.32716 -0.23683 -0 40
34 93 48 1.5581 1.4433 -110.946 -117.532 -1.32716 -0.23683 -0 40
34 92 49 1.4935 1.4433 -109.354 -117.532 -1.32716 -0.23683 -0 40
69 91 0 1.484 1.4433 -108.414 -117.532 -1.32716 -0.23683 -0 40
69 93 1 1.4806 1.4433 -103.311 -117.532 -1.32716 -0.23683 -0 40
69 92 2 1.4884 1.4433 -111.312 -117.532 -1.32716 -0.23683 -0 40
69 93 3 1.4947 1.4368 -112.726 -112.736 -1.33316 -0.32083 -0 40
69 92 4 1.5067 1.4433 -111.051 -117.532 -1.32716 -0.23683 -0 40
69 92 5 1.571 1.4433 -105.67 -117.532 -1.32716 -0.23683 -0 40
69 92 6 1.5944 1.4433 -101.744 -117.532 -1.32716 -0.23683 -0 40
69 99 7 1.4901 1.4368 -115.188 -112.736 -1.33316 -0.32083 -0 40
69 92 8 1.5778 1.4433 -107.727 -117.532 -1.32716 -0.23683 -0 40
69 93 9 1.5368 1.4433 -108.304 -117.532 -1.32716 -0.23683 -0 40
69 92 10 1.6013 1.4433 -108.045 -117.532 -1.32716 -0.23683 -0 40
69 100 11 1.6003 1.6289 -109.566 -111.57 -1.51316 -0.38683 -0 40
69 93 12 1.5451 1.4433 -111.23 -117.532 -1.32716 -0.23683 -0 40
69 91 13 1.478 1.4433 -107.227 -117.532 -1.32716 -0.23683 -0 40
69 92 14 1.5299 1.4433 -108.029 -117.532 -1.32716 -0.23683 -0 40
69 93 15 1.51 1.4433 -102.336 -117.532 -1.32716 -0.23683 -0 40
69 102 16 1.5216 1.5186 -107.46 -106.812 -1.41116 -0.44683 -0 40
69 92 17 1.588 1.4433 -106.401 -117.532 -1.32716 -0.23683 -0 40
69 92 18 1.5311 1.4433 -104.102 -117.532 -1.32716 -0.23683 -0 40
69 93 19 1.4941 1.4433 -103.111 -117.532 -1.32716 -0.23683 -0 40
69 93 20 1.5396 1.4433 -101.555 -117.532 -1.32716 -0.23683 -0 40
69 93 21 1.5313 1.4433 -112.278 -117.532 -1.32716 -0.23683 -0 40
69 102 22 1.4804 1.4434 -112.477 -112.82 -1.33916 -0.32083 -0 40
69 92 23 1.5838 1.4433 -103.143 -117.532 -1.32716 -0.23683 -0 40
69 92 24 1.5804 1.4433 -112.628 -117.532 -1.32716 -0.23683 -0 40
69 92 25 1.5826 1.4433 -115.04 -117.532 -1.32716 -0.23683 -0 40
69 92 26 1.4979 1.4433 -110.616 -117.532 -1.32716 -0.23683 -0 40
69 105 27 1.5135 1.5131 -105.602 -106.042 -1.40516 -0.45883 -0 40
69 91 28 1.4813 1.4433 -106.871 -117.532 -1.32716 -0.23683 -0 40
69 105 29 1.5223 1.519 -106.853 -106.481 -1.41116 -0.45283 -0 40
69 92 30 1.4854 1.4433 -101.906 -117.532 -1.32716 -0.23683 -0 40
69 92 31 1.4763 1.4433 -101.649 -117.532 -1.32716 -0.23683 -0 40
69 92 32 1.5641 1.4433 -107.376 -117.532 -1.32716 -0.23683 -0 40
69 92 33 1.5711 1.4433 -108.336 -117.532 -1.32716 -0.23683 -0 40
69 93 34 1.5457 1.4433 -102.006 -117.532 -1.32716 -0.23683 -0 40
69 91 35 1.5145 1.4433 -109.34 -117.532 -1.32716 -0.23683 -0 40
69 92 36 1.4982 1.4433 -109.17 -117.532 -1.32716 -0.23683 -0 40
69 92 37 1.5995 1.4433 -107.317 -117.532 -1.32716 -0.23683 -0 40
69 92 38 1.5608 1.4433 -104.424 -117.532 -1.32716 -0.23683 -0 40
69 107 39 1.485 1.4434 -113.919 -112.82 -1.33916 -0.32083 -0 40
69 93 40 1.4949 1.4433 -103.398 -117.532 -1.32716 -0.23683 -0 40
69 92 41 1.5794 1.4433 -101.424 -117.532 -1.32716 -0.23683 -0 40
69 92 42 1.5512 1.4433 -106.971 -117.532 -1.32716 -0.23683 -0 40
69 93 43 1.5417 1.4433 -101.589 -117.532 -1.32716 -0.23683 -0 40
69 110 44 1.5964 1.6173 -105.445 -105.49 -1.50116 -0.50083 -0 40
69 92 45 1.5646 1.4433 -101.096 -117.532 -1.32716 -0.23683 -0 40
69 120 46 1.6027 1.6191 -104.076 -104.558 -1.50116 -0.51883 -1 40
69 92 47 1.5223 1.4433 -113.058 -117.532 -1.32716 -0.23683 -0 40
69 92 48 1.5724 1.4433 -106.405 -117.532 -1.32716 -0.23683 -0 40
69 92 49 1.5242 1.4433 -114.955 -117.532 -1.32716 -0.23683 -0 40
103 91 0 1.5749 1.4433 -103.092 -117.532 -1.32716 -0.23683 -0 40
103 91 1 1.5181 1.4433 -110.278 -117.532 -1.32716 -0.23683 -0 40
103 93 2 1.5442 1.4433 -101.508 -117.532 -1.32716 -0.23683 -0 40
103 110 3 1.593 1.6232 -112.27 -112.111 -1.50716 -0.37483 -1 40
103 94 4 1.542 1.4433 -109.708 -117.532 -1.32716 -0.23683 -0 40
103 133 5 1.5314 1.525 -106.944 -106.917 -1.41716 -0.44683 -0 40
103 108 6 1.5794 1.5828 -107.228 -107.183 -1.47116 -0.45883 -0 40
103 102 7 1.5962 1.6289 -109.245 -111.57 -1.51316 -0.38683 -0 40
103 133 8 1.5302 1.5253 -106.745 -106.587 -1.41716 -0.45283 -0 40
103 99 9 1.4771 1.4428 -111.415 -112.472 -1.33916 -0.32683 -0 40
103 124 10 1.5989 1.6224 -110.092 -111.491 -1.50716 -0.38683 -1 40
103 109 11 1.4995 1.5011 -112.997 -112.538 -1.39316 -0.33883 -0 40
103 102 12 1.5505 1.5374 -108.171 -107.451 -1.42916 -0.44083 -0 40
103 105 13 1.6 1.6285 -109.262 -111.261 -1.51316 -0.39283 -0 40
103 118 14 1.5916 1.6224 -110.479 -111.491 -1.50716 -0.38683 -1 40
103 132 15 1.5288 1.519 -106.338 -106.481 -1.41116 -0.45283 -0 40
103 128 16 1.5441 1.5512 -114.404 -114.71 -1.43516 -0.30883 -0 40
103 123 17 1.5139 1.5135 -104.84 -105.71 -1.40516 -0.46483 -0 40
103 131 18 1.4951 1.5004 -105.57 -105.823 -1.39316 -0.45883 -1 40
103 123 19 1.4831 1.45 -113.627 -112.903 -1.34516 -0.32083 -0 40
103 115 20 1.5292 1.5247 -108.265 -107.247 -1.41716 -0.44083 -0 40
103 113 21 1.5458 1.5313 -107.49 -107.02 -1.42316 -0.44683 -0 40
103 118 22 1.5089 1.5067 -111.853 -111.952 -1.39916 -0.35083 -0 40
103 93 23 1.5082 1.4433 -103.401 -117.532 -1.32716 -0.23683 -0 40
103 116 24 1.4825 1.4941 -105.626 -105.712 -1.38716 -0.45883 -0 40
103 91 25 1.5771 1.4433 -102.922 -117.532 -1.32716 -0.23683 -0 40
103 92 26 1.5206 1.4433 -110.617 -117.532 -1.32716 -0.23683 -0 40
103 121 27 1.5906 1.5962 -106.6 -106.749 -1.48316 -0.47083 -0 40
103 109 28 1.4995 1.5011 -112.997 -112.538 -1.39316 -0.33883 -0 40
103 102 29 1.5803 1.6122 -104.061 -104.762 -1.49516 -0.51283 -1 40
103 91 30 1.5164 1.4433 -109.557 -117.532 -1.32716 -0.23683 -0 40
103 93 31 1.5493 1.5466 -102.279 -102.562 -1.42916 -0.53083 -0 40
103 107 32 1.4815 1.4808 -101.552 -100.843 -1.36316 -0.53683 -1 40
103 96 33 1.5729 1.576 -107.946 -107.722 -1.46516 -0.44683 -0 40
103 122 34 1.5146 1.5141 -104.803 -105.377 -1.40516 -0.47083 -0 40
103 126 35 1.5941 1.61 -105.987 -106.01 -1.49516 -0.48883 -1 40
103 92 36 1.4953 1.4433 -109.794 -117.532 -1.32716 -0.23683 -0 40
103 94 37 1.5629 1.4433 -110.178 -117.532 -1.32716 -0.23683 -0 40
103 91 38 1.5898 1.4433 -113.396 -117.532 -1.32716 -0.23683 -0 40
103 140 39 1.5189 1.519 -106.527 -106.481 -1.41116 -0.45283 -0 40
103 96 40 1.5683 1.5696 -107.604 -107.625 -1.45916 -0.44683 -0 40
103 115 41 1.5247 1.5215 -113.334 -113.109 -1.41116 -0.33283 -0 40
103 108 42 1.5116 1.5133 -111.34 -112.035 -1.40516 -0.35083 -0 40
103 93 43 1.5726 1.4433 -112.475 -117.532 -1.32716 -0.23683 -0 40
103 92 44 1.5694 1.4433 -101.526 -117.532 -1.32716 -0.23683 -0 40
103 93 45 1.5793 1.4433 -111.628 -117.532 -1.32716 -0.23683 -0 40
103 94 46 1.5788 1.6228 -110.883 -111.801 -1.50716 -0.38083 -0 40
103 111 47 1.5821 1.5895 -107.08 -106.965 -1.47716 -0.46483 -0 40
103 93 48 1.5065 1.4433 -102.716 -117.532 -1.32716 -0.23683 -0 40
103 100 49 1.4821 1.489 -103.963 -104.925 -1.38116 -0.47083 -1 40
138 131 0 1.505 1.5059 -110.764 -111.284 -1.39916 -0.36283 -0 40
138 128 1 1.548 1.5466 -102.348 -102.562 -1.42916 -0.53083 -1 40
138 156 2 1.5334 1.5247 -107.702 -107.247 -1.41716 -0.44083 -1 40
138 124 3 1.5618 1.5547 -113.228 -113.49 -1.44116 -0.33283 -1 40
138 129 4 1.5433 1.5466 -102.427 -102.562 -1.42916 -0.53083 -1 40
138 147 5 1.4962 1.5001 -111.834 -111.868 -1.39316 -0.35083 -0 40
138 116 6 1.5641 1.5619 -101.657 -101.839 -1.44116 -0.54883 -1 40
138 165 7 1.5011 1.5072 -105.206 -105.599 -1.39916 -0.46483 -1 40
138 137 8 1.4851 1.4573 -114.288 -113.33 -1.35116 -0.31483 -1 40
138 126 9 1.5814 1.5896 -110.799 -111.085 -1.47716 -0.38683 -1 40
138 104 10 1.537 1.5425 -101.159 -101.793 -1.42316 -0.54283 -1 40
138 128 11 1.5403 1.5336 -112.419 -112.608 -1.42316 -0.34483 -1 40
138 136 12 1.5194 1.5229 -114.084 -113.769 -1.41116 -0.32083 -1 40
138 99 13 1.4831 1.4857 -108.122 -107.631 -1.38116 -0.42283 -1 40
138 113 14 1.5562 1.5499 -109.015 -108.301 -1.44116 -0.42883 -1 40
138 93 15 1.5259 1.4433 -109.953 -117.532 -1.32716 -0.23683 -0 40
138 129 16 1.4962 1.4868 -101.74 -100.975 -1.36916 -0.53683 -1 40
138 135 17 1.5232 1.5181 -108.464 -107.475 -1.41116 -0.43483 -0 40
138 136 18 1.5162 1.5181 -108.318 -107.475 -1.41116 -0.43483 -0 40
138 98 19 1.5269 1.519 -110.764 -111.456 -1.41116 -0.36283 -1 40
138 145 20 1.4728 1.4696 -104.842 -104.917 -1.36316 -0.46483 -1 40
138 113 21 1.5717 1.5765 -110.699 -110.917 -1.46516 -0.38683 -0 40
138 106 22 1.5092 1.5104 -114.614 -113.95 -1.39916 -0.31483 -0 40
138 140 23 1.4843 1.4933 -106.58 -106.385 -1.38716 -0.44683 -1 40
138 113 24 1.539 1.5307 -109.094 -108.007 -1.42316 -0.42883 -1 40
138 156 25 1.5218 1.5198 -105.277 -105.819 -1.41116 -0.46483 -1 40
138 117 26 1.5572 1.5571 -106.662 -107.103 -1.44716 -0.45283 -0 40
138 128 27 1.5509 1.5517 -103.127 -103.004 -1.43516 -0.52483 -1 40
138 109 28 1.4925 1.4923 -108.117 -107.397 -1.38716 -0.42883 -1 40
138 130 29 1.5622 1.5554 -113.459 -113.813 -1.44116 -0.32683 -1 40
138 127 30 1.5983 1.6111 -112.846 -112.58 -1.49516 -0.36283 -1 40
138 146 31 1.5859 1.5965 -105.953 -106.434 -1.48316 -0.47683 -1 40
138 155 32 1.6004 1.6025 -106.979 -106.849 -1.48916 -0.47083 -1 40
138 129 33 1.5768 1.5902 -105.65 -106.332 -1.47716 -0.47683 -1 40
138 124 34 1.5606 1.5598 -102.284 -102.48 -1.44116 -0.53683 -1 40
138 118 35 1.5921 1.6155 -109.555 -111.099 -1.50116 -0.39283 -1 40
138 168 36 1.5995 1.6105 -105.604 -105.698 -1.49516 -0.49483 -1 40
138 133 37 1.521 1.5311 -114.394 -114.499 -1.41716 -0.30883 -1 40
138 103 38 1.5655 1.5624 -104.296 -103.88 -1.44716 -0.51283 -1 40
138 107 39 1.5645 1.5715 -111.916 -112.114 -1.45916 -0.36283 -1 40
138 109 40 1.5499 1.5633 -100.306 -99.799 -1.43516 -0.58483 -1 40
138 115 41 1.5614 1.5701 -106.452 -106.983 -1.45916 -0.45883 -0 40
138 93 42 1.5332 1.4433 -100.705 -117.532 -1.32716 -0.23683 -1 40
138 94 43 1.5447 1.4433 -111.189 -117.532 -1.32716 -0.23683 -1 40
138 107 44 1.5392 1.5278 -104.749 -104.94 -1.41716 -0.48283 -1 40
138 95 45 1.5473 1.5523 -111.604 -112.196 -1.44116 -0.35683 -1 40
138 120 46 1.4921 1.4705 -114.199 -113.489 -1.36316 -0.31483 -0 40
138 120 47 1.5594 1.5608 -101.913 -102.159 -1.44116 -0.54283 -1 40
138 95 48 1.55 1.4433 -110.211 -117.532 -1.32716 -0.23683 -0 40
138 157 49 1.5408 1.5436 -114.14 -114.315 -1.42916 -0.31483 -1 40
172 155 0 1.5196 1.5124 -111.089 -111.37 -1.40516 -0.36283 -1 40
172 170 1 1.597 1.5954 -107.94 -107.695 -1.48316 -0.45283 -1 40
172 168 2 1.5691 1.5628 -113.985 -114.207 -1.44716 -0.32083 -1 40
172 128 3 1.5458 1.5546 -100.385 -100.308 -1.42916 -0.57283 -1 40
172 144 4 1.5564 1.5563 -109.018 -108.72 -1.44716 -0.42283 -1 40
172 158 5 1.4751 1.4735 -101.791 -101.048 -1.35716 -0.53083 -1 40
172 148 6 1.5841 1.577 -114.462 -114.666 -1.45916 -0.31483 -1 40
172 123 7 1.4785 1.4791 -108.326 -107.867 -1.37516 -0.41683 -1 40
172 138 8 1.5955 1.5855 -115.261 -115.366 -1.46516 -0.30283 -1 40
172 155 9 1.5896 1.5908 -112.367 -112.034 -1.47716 -0.36883 -1 40
172 133 10 1.5891 1.5835 -101.466 -101.253 -1.45916 -0.56683 -1 40
172 135 11 1.5567 1.5563 -109.403 -109.044 -1.44716 -0.41683 -1 40
172 134 12 1.4803 1.4925 -109.989 -110.772 -1.38716 -0.36883 -1 40
172 160 13 1.5508 1.5444 -106.673 -106.899 -1.43516 -0.45283 -1 40
172 129 14 1.6042 1.6108 -101.549 -102.784 -1.48916 -0.54883 -1 40
172 161 15 1.514 1.5159 -104.014 -104.383 -1.40516 -0.48883 -1 40
172 140 16 1.5651 1.5624 -104.117 -103.88 -1.44716 -0.51283 -1 40
172 147 17 1.5182 1.5201 -102.738 -102.731 -1.40516 -0.51883 -1 40
172 166 18 1.5728 1.5765 -106.776 -107.084 -1.46516 -0.45883 -1 40
172 143 19 1.5013 1.4971 -114.232 -113.799 -1.38716 -0.31483 -1 40
172 170 20 1.5807 1.5826 -107.776 -107.501 -1.47116 -0.45283 -1 40
172 118 21 1.5566 1.554 -105.103 -104.734 -1.44116 -0.49483 -1 40
172 165 22 1.5428 1.532 -106.088 -106.363 -1.42316 -0.45883 -1 40
172 147 23 1.4755 1.4773 -102.221 -101.856 -1.36316 -0.51883 -1 40
172 178 24 1.493 1.5006 -111.941 -112.203 -1.39316 -0.34483 -1 40
172 150 25 1.4802 1.4784 -102.191 -101.518 -1.36316 -0.52483 -1 40
172 147 26 1.5191 1.5201 -102.805 -102.731 -1.40516 -0.51883 -1 40
172 180 27 1.5859 1.5902 -106.208 -106.332 -1.47716 -0.47683 -1 40
172 182 28 1.5261 1.5209 -112.892 -112.779 -1.41116 -0.33883 -1 40
172 122 29 1.5953 1.5886 -114.324 -114.171 -1.47116 -0.32683 -1 40
172 152 30 1.5704 1.5659 -102.687 -102.599 -1.44716 -0.53683 -1 40
172 150 31 1.4891 1.4712 -114.564 -113.83 -1.36316 -0.30883 -1 40
172 146 32 1.587 1.5852 -112.722 -112.589 -1.47116 -0.35683 -1 40
172 178 33 1.5351 1.5348 -112.966 -113.263 -1.42316 -0.33283 -1 40
172 152 34 1.5486 1.5384 -106.197 -106.469 -1.42916 -0.45883 -1 40
172 120 35 1.5282 1.5241 -109.385 -108.238 -1.41716 -0.42283 -1 40
172 172 36 1.4901 1.4945 -112.574 -112.456 -1.38716 -0.33883 -1 40
172 136 37 1.5684 1.576 -109.924 -110.279 -1.46516 -0.39883 -1 40
172 171 38 1.5107 1.5089 -113.558 -113.285 -1.39916 -0.32683 -1 40
172 189 39 1.505 1.5056 -107.281 -106.935 -1.39916 -0.44083 -1 40
172 133 40 1.5887 1.5884 -101.657 -101.689 -1.46516 -0.56083 -1 40
172 124 41 1.6049 1.59 -101.051 -99.683 -1.45916 -0.59683 -1 40
172 138 42 1.5489 1.5509 -100.944 -101.271 -1.42916 -0.55483 -1 40
172 131 43 1.6 1.5886 -101.076 -99.996 -1.45916 -0.59083 -1 40
172 170 44 1.5885 1.6012 -103.672 -103.92 -1.48316 -0.52483 -1 40
172 191 45 1.4754 1.4573 -113.784 -113.33 -1.35116 -0.31483 -1 40
172 148 46 1.5535 1.5534 -112.51 -112.844 -1.44116 -0.34483 -1 40
172 152 47 1.5376 1.5414 -101.838 -102.117 -1.42316 -0.53683 -1 40
172 176 48 1.5438 1.5414 -113.268 -113.34 -1.42916 -0.33283 -1 40
172 156 49 1.5338 1.5395 -102.426 -102.766 -1.42316 -0.52483 -1 40
206 200 0 1.5034 1.5023 -113.469 -113.207 -1.39316 -0.32683 -1 40
206 173 1 1.5192 1.5121 -110.757 -111.037 -1.40516 -0.36883 -1 40
206 175 2 1.4763 1.4762 -102.365 -102.194 -1.36316 -0.51283 -1 40
206 222 3 1.536 1.5317 -106.557 -106.692 -1.42316 -0.45283 -1 40
206 220 4 1.5092 1.5077 -112.667 -112.619 -1.39916 -0.33883 -1 40
206 189 5 1.514 1.517 -114.272 -114.024 -1.40516 -0.31483 -1 40
206 201 6 1.4989 1.5023 -113.265 -113.207 -1.39316 -0.32683 -1 40
206 185 7 1.5713 1.5679 -113.62 -113.638 -1.45316 -0.33283 -1 40
206 206 8 1.4992 1.4941 -101.008 -100.772 -1.37516 -0.54283 -1 40
206 192 9 1.4822 1.4796 -101.832 -101.18 -1.36316 -0.53083 -1 40
206 142 10 1.4723 1.4788 -109.094 -109.229 -1.37516 -0.39283 -1 40
206 170 11 1.5687 1.5694 -109.928 -109.871 -1.45916 -0.40483 -1 40
206 198 12 1.5208 1.5153 -104.394 -104.714 -1.40516 -0.48283 -1 40
206 184 13 1.5728 1.5687 -113.685 -113.958 -1.45316 -0.32683 -1 40
206 214 14 1.5233 1.5204 -112.272 -112.448 -1.41116 -0.34483 -1 40
206 243 15 1.5142 1.5131 -106.141 -106.042 -1.40516 -0.45883 -1 40
206 194 16 1.5 1.4929 -101.536 -101.106 -1.37516 -0.53683 -1 40
206 204 17 1.5489 1.5438 -107.806 -107.551 -1.43516 -0.44083 -1 40
206 159 18 1.5534 1.5576 -111.201 -111.308 -1.44716 -0.37483 -1 40
206 222 19 1.5053 1.5072 -112.225 -112.285 -1.39916 -0.34483 -1 40
206 176 20 1.5044 1.5027 -102.3 -102.029 -1.38716 -0.52483 -1 40
206 171 21 1.5832 1.5823 -101.696 -101.568 -1.45916 -0.56083 -1 40
206 211 22 1.4963 1.5011 -112.675 -112.538 -1.39316 -0.33883 -1 40
206 180 23 1.4989 1.4981 -103.326 -103.698 -1.38716 -0.49483 -1 40
206 179 24 1.5348 1.5298 -104.254 -103.955 -1.41716 -0.50083 -1 40
206 203 25 1.5382 1.5341 -112.697 -112.936 -1.42316 -0.33883 -1 40
206 184 26 1.5399 1.5329 -105.479 -105.707 -1.42316 -0.47083 -1 40
206 169 27 1.6047 1.5951 -108.888 -108.327 -1.48316 -0.44083 -1 40
206 191 28 1.4813 1.487 -111.338 -111.697 -1.38116 -0.35083 -1 40
206 211 29 1.5844 1.5902 -106.223 -106.332 -1.47716 -0.47683 -1 40
206 183 30 1.5557 1.5499 -108.774 -108.301 -1.44116 -0.42883 -1 40
206 222 31 1.5382 1.5436 -114.191 -114.315 -1.42916 -0.31483 -1 40
206 209 32 1.483 1.4869 -106.274 -106.277 -1.38116 -0.44683 -1 40
206 214 33 1.5975 1.6093 -110.929 -111.33 -1.49516 -0.38683 -1 40
206 196 34 1.4974 1.4993 -110.66 -111.197 -1.39316 -0.36283 -1 40
206 171 35 1.4964 1.4912 -114.505 -114.059 -1.38116 -0.30883 -1 40
206 219 36 1.4871 1.4937 -105.932 -106.049 -1.38716 -0.45283 -1 40
206 193 37 1.5656 1.563 -107.844 -107.848 -1.45316 -0.44083 -1 40
206 214 38 1.5283 1.5275 -112.695 -112.858 -1.41716 -0.33883 -1 40
206 137 39 1.5244 1.5181 -110.134 -110.461 -1.41116 -0.38083 -1 40
206 183 40 1.5583 1.5563 -108.791 -108.397 -1.44716 -0.42883 -1 40
206 196 41 1.5476 1.5436 -108.41 -107.877 -1.43516 -0.43483 -1 40
206 207 42 1.5494 1.5487 -113.353 -113.739 -1.43516 -0.32683 -1 40
206 151 43 1.4806 1.4853 -109.03 -109.326 -1.38116 -0.39283 -1 40
206 221 44 1.4797 1.482 -100.531 -100.507 -1.36316 -0.54283 -1 40
206 172 45 1.5164 1.516 -101.651 -101.949 -1.39916 -0.53083 -1 40
206 198 46 1.4869 1.4856 -101.708 -101.311 -1.36916 -0.53083 -1 40
206 176 47 1.5089 1.5088 -102.223 -102.155 -1.39316 -0.52483 -1 40
206 207 48 1.475 1.4765 -104.646 -104.693 -1.36916 -0.47083 -1 40
206 214 49 1.5389 1.5311 -107.841 -107.349 -1.42316 -0.44083 -1 40
241 234 0 1.5663 1.5693 -100.355 -99.928 -1.44116 -0.58483 -1 40
241 198 1 1.5724 1.5797 -104.729 -104.853 -1.46516 -0.50083 -1 40
241 226 2 1.5604 1.5568 -107.408 -107.426 -1.44716 -0.44683 -1 40
241 231 3 1.5522 1.55 -107.994 -107.976 -1.44116 -0.43483 -1 40
241 202 4 1.4913 1.4853 -114.797 -114.321 -1.37516 -0.30283 -1 40
241 165 5 1.5385 1.5437 -110.137 -110.161 -1.43516 -0.39283 -1 40
241 227 6 1.5577 1.5598 -102.424 -102.48 -1.44116 -0.53683 -1 40
241 195 7 1.5248 1.5243 -101.154 -101.418 -1.40516 -0.54283 -1 40
241 258 8 1.6037 1.6162 -111.348 -111.722 -1.50116 -0.38083 -1 40
241 185 9 1.5524 1.5528 -105.329 -105.381 -1.44116 -0.48283 -1 40
241 241 10 1.6019 1.609 -102.839 -103.406 -1.48916 -0.53683 -1 40
241 221 11 1.4822 1.4931 -111.068 -111.446 -1.38716 -0.35683 -1 40
241 271 12 1.5231 1.5194 -106.161 -106.15 -1.41116 -0.45883 -1 40
241 251 13 1.5153 1.5133 -111.92 -112.035 -1.40516 -0.35083 -1 40
241 270 14 1.6038 1.611 -105.408 -105.386 -1.49516 -0.50083 -1 40
241 206 15 1.5305 1.5255 -111.335 -111.54 -1.41716 -0.36283 -1 40
241 182 16 1.5991 1.5961 -114.53 -114.555 -1.47716 -0.32083 -1 40
241 209 17 1.597 1.595 -108.918 -108.642 -1.48316 -0.43483 -1 40
241 181 18 1.5478 1.5499 -109.889 -109.6 -1.44116 -0.40483 -1 40
241 183 19 1.5357 1.5317 -111.075 -111.296 -1.42316 -0.36883 -1 40
241 206 20 1.5403 1.5425 -101.287 -101.793 -1.42316 -0.54283 -1 40
241 175 21 1.5256 1.5249 -110.396 -110.88 -1.41716 -0.37483 -1 40
241 241 22 1.473 1.4759 -104.769 -105.033 -1.36916 -0.46483 -1 40
241 230 23 1.5116 1.5163 -113.844 -113.693 -1.40516 -0.32083 -1 40
241 215 24 1.5574 1.5574 -106.651 -106.78 -1.44716 -0.45883 -1 40
241 216 25 1.4868 1.4925 -110.37 -110.772 -1.38716 -0.36883 -1 40
241 216 26 1.5917 1.5886 -108.728 -108.55 -1.47716 -0.43483 -1 40
241 191 27 1.4875 1.4854 -108.608 -108.309 -1.38116 -0.41083 -1 40
241 204 28 1.4892 1.492 -109.905 -110.097 -1.38716 -0.38083 -1 40
241 233 29 1.5869 1.5928 -104.637 -104.753 -1.47716 -0.50683 -1 40
241 245 30 1.4817 1.4821 -105.29 -105.148 -1.37516 -0.46483 -1 40
241 251 31 1.522 1.5209 -112.981 -112.779 -1.41116 -0.33883 -1 40
241 218 32 1.575 1.5687 -113.885 -113.958 -1.45316 -0.32683 -1 40
241 261 33 1.5088 1.5078 -105 -105.266 -1.39916 -0.47083 -1 40
241 250 34 1.5662 1.5636 -114.438 -114.527 -1.44716 -0.31483 -1 40
241 215 35 1.587 1.5821 -108.839 -108.456 -1.47116 -0.43483 -1 40
241 205 36 1.5827 1.5753 -113.965 -114.029 -1.45916 -0.32683 -1 40
241 251 37 1.4903 1.4952 -104.866 -105.04 -1.38716 -0.47083 -1 40
241 253 38 1.5174 1.5143 -112.901 -112.699 -1.40516 -0.33883 -1 40
241 243 39 1.5819 1.5831 -106.732 -106.865 -1.47116 -0.46483 -1 40
241 213 40 1.5281 1.5243 -108.763 -107.907 -1.41716 -0.42883 -1 40
241 247 41 1.5411 1.5374 -107.813 -107.451 -1.42916 -0.44083 -1 40
241 239 42 1.4966 1.5021 -104.256 -104.819 -1.39316 -0.47683 -1 40
241 247 43 1.5245 1.5222 -113.517 -113.439 -1.41116 -0.32683 -1 40
241 185 44 1.5971 1.5894 -114.566 -114.486 -1.47116 -0.32083 -1 40
241 188 45 1.4746 1.4725 -108.247 -108.105 -1.36916 -0.41083 -1 40
241 244 46 1.4987 1.4954 -100.414 -100.439 -1.37516 -0.54883 -1 40
241 214 47 1.4937 1.499 -110.223 -110.861 -1.39316 -0.36883 -1 40
241 230 48 1.5135 1.5163 -113.986 -113.693 -1.40516 -0.32083 -1 40
241 238 49 1.5123 1.509 -104.333 -104.6 -1.39916 -0.48283 -1 40
275 235 0 1.5611 1.5562 -104.281 -103.766 -1.44116 -0.51283 -1 40
275 265 1 1.5936 1.5888 -108.087 -107.916 -1.47716 -0.44683 -1 40
275 284 2 1.4731 1.476 -100.382 -100.372 -1.35716 -0.54283 -1 41
275 249 3 1.5758 1.5773 -103.24 -103.151 -1.45916 -0.53083 -1 40
275 286 4 1.5148 1.5133 -111.984 -112.035 -1.40516 -0.35083 -1 40
275 257 5 1.5038 1.503 -113.88 -113.541 -1.39316 -0.32083 -1 40
275 254 6 1.5682 1.5669 -102.328 -102.279 -1.44716 -0.54283 -1 40
275 276 7 1.4904 1.4952 -104.496 -105.04 -1.38716 -0.47083 -1 40
275 259 8 1.5858 1.5893 -110.714 -110.768 -1.47716 -0.39283 -1 40
275 286 9 1.5502 1.5495 -113.827 -114.063 -1.43516 -0.32083 -1 40
275 300 10 1.517 1.5183 -107.317 -107.144 -1.41116 -0.44083 -1 40
275 242 11 1.5482 1.5434 -109.011 -108.53 -1.43516 -0.42283 -1 40
275 256 12 1.5652 1.5701 -106.816 -106.983 -1.45916 -0.45883 -1 40
275 291 13 1.5475 1.5503 -114.084 -114.387 -1.43516 -0.31483 -1 40
275 217 14 1.5047 1.5062 -115.068 -114.874 -1.39316 -0.29683 -1 40
275 274 15 1.5778 1.5712 -114.934 -114.916 -1.45316 -0.30883 -1 40
275 248 16 1.5775 1.5764 -103.471 -103.469 -1.45916 -0.52483 -1 40
275 219 17 1.5499 1.5499 -109.8 -109.6 -1.44116 -0.40483 -1 40
275 251 18 1.497 1.4917 -101.953 -101.441 -1.37516 -0.53083 -1 40
275 298 19 1.5227 1.5247 -107.324 -107.247 -1.41716 -0.44083 -1 40
275 288 20 1.5361 1.5317 -106.562 -106.692 -1.42316 -0.45283 -1 40
275 262 21 1.5408 1.5402 -112.541 -112.688 -1.42916 -0.34483 -1 40
275 251 22 1.5032 1.5043 -103.447 -103.817 -1.39316 -0.49483 -1 40
275 216 23 1.5989 1.5961 -114.563 -114.555 -1.47716 -0.32083 -1 40
275 266 24 1.5072 1.5059 -110.929 -111.284 -1.39916 -0.36283 -1 40
275 235 25 1.5456 1.5434 -109.181 -108.856 -1.43516 -0.41683 -1 40
275 252 26 1.4942 1.4904 -113.866 -113.723 -1.38116 -0.31483 -1 40
275 244 27 1.5558 1.5581 -100.956 -101.075 -1.43516 -0.56083 -1 40
275 241 28 1.583 1.5753 -114.198 -114.029 -1.45916 -0.32683 -1 40
275 247 29 1.574 1.5741 -102.125 -102.081 -1.45316 -0.54883 -1 40
275 242 30 1.5631 1.5627 -109.23 -109.137 -1.45316 -0.41683 -1 40
275 285 31 1.5383 1.5374 -107.466 -107.451 -1.42916 -0.44083 -1 40
275 250 32 1.4757 1.4808 -111.561 -111.951 -1.37516 -0.34483 -1 40
275 295 33 1.5083 1.5078 -105.024 -105.266 -1.39916 -0.47083 -1 40
275 238 34 1.5981 1.5991 -113.284 -113.056 -1.48316 -0.35083 -1 40
275 292 35 1.5349 1.5313 -107.266 -107.02 -1.42316 -0.44683 -1 40
275 272 36 1.5774 1.5828 -107.196 -107.183 -1.47116 -0.45883 -1 40
275 251 37 1.5501 1.5468 -112.545 -112.766 -1.43516 -0.34483 -1 40
275 305 38 1.5111 1.5131 -105.706 -106.042 -1.40516 -0.45883 -1 40
275 251 39 1.5342 1.5278 -104.95 -104.94 -1.41716 -0.48283 -1 40
275 261 40 1.4879 1.4928 -110.903 -111.109 -1.38716 -0.36283 -1 40
275 264 41 1.5732 1.5753 -100.546 -100.056 -1.44716 -0.58483 -1 40
275 251 42 1.5733 1.5711 -103.13 -103.035 -1.45316 -0.53083 -1 40
275 229 43 1.5886 1.5812 -114.007 -113.783 -1.46516 -0.33283 -1 40
275 257 44 1.5307 1.5324 -103.137 -102.973 -1.41716 -0.51883 -1 40
275 265 45 1.577 1.5703 -114.554 -114.597 -1.45316 -0.31483 -1 40
275 226 46 1.5073 1.5047 -108.839 -108.607 -1.39916 -0.41083 -1 40
275 230 47 1.5528 1.5518 -105.921 -106.029 -1.44116 -0.47083 -1 40
275 245 48 1.5544 1.5498 -108.921 -108.625 -1.44116 -0.42283 -1 40
275 255 49 1.4849 1.4928 -110.86 -111.109 -1.38716 -0.36283 -1 40
310 280 0 1.5813 1.5792 -102.489 -102.517 -1.45916 -0.54283 -1 40
310 324 1 1.4899 1.4941 -105.773 -105.712 -1.38716 -0.45883 -1 41
310 294 2 1.4849 1.4931 -111.206 -111.446 -1.38716 -0.35683 -1 40
310 288 3 1.6003 1.6037 -102.461 -102.981 -1.48316 -0.54283 -1 40
310 307 4 1.4824 1.4808 -101.226 -100.843 -1.36316 -0.53683 -1 41
310 228 5 1.5297 1.5307 -110.067 -109.981 -1.42316 -0.39283 -1 40
310 267 6 1.5242 1.5232 -101.444 -101.745 -1.40516 -0.53683 -1 40
310 278 7 1.5672 1.5703 -111.151 -111.153 -1.45916 -0.38083 -1 40
310 292 8 1.4894 1.4856 -101.807 -101.311 -1.36916 -0.53083 -1 41
310 288 9 1.5382 1.5404 -102.051 -102.441 -1.42316 -0.53083 -1 40
310 282 10 1.5773 1.5782 -102.935 -102.834 -1.45916 -0.53683 -1 40
310 273 11 1.5872 1.5858 -113.124 -112.906 -1.47116 -0.35083 -1 40
310 280 12 1.5747 1.5714 -101.198 -101.006 -1.44716 -0.56683 -1 40
310 315 13 1.4952 1.5006 -112.085 -112.203 -1.39316 -0.34483 -1 40
310 279 14 1.5954 1.595 -108.757 -108.642 -1.48316 -0.43483 -1 41
310 294 15 1.5465 1.5444 -106.554 -106.899 -1.43516 -0.45283 -1 40
310 282 16 1.5389 1.5396 -112.038 -112.361 -1.42916 -0.35083 -1 40
310 295 17 1.5854 1.5922 -104.86 -105.068 -1.47716 -0.50083 -1 41
310 326 18 1.5404 1.5454 -114.709 -114.964 -1.42916 -0.30283 -1 40
310 278 19 1.5956 1.5886 -100.649 -99.996 -1.45916 -0.59083 -1 40
310 275 20 1.5735 1.5759 -109.807 -109.959 -1.46516 -0.40483 -1 40
310 271 21 1.5825 1.5805 -113.525 -113.466 -1.46516 -0.33883 -1 40
310 332 22 1.5684 1.5654 -115.269 -115.168 -1.44716 -0.30283 -1 40
310 296 23 1.5437 1.5384 -106.288 -106.469 -1.42916 -0.45883 -1 40
310 231 24 1.5289 1.5306 -109.729 -109.652 -1.42316 -0.39883 -1 40
310 273 25 1.5744 1.5748 -104.044 -104.106 -1.45916 -0.51283 -1 41
310 306 26 1.5361 1.5325 -105.983 -106.035 -1.42316 -0.46483 -1 40
310 281 27 1.5327 1.5325 -111.693 -111.953 -1.42316 -0.35683 -1 40
310 275 28 1.5675 1.5655 -112.3 -112.355 -1.45316 -0.35683 -1 40
310 282 29 1.5653 1.5641 -101.191 -101.2 -1.44116 -0.56083 -1 40
310 267 30 1.5639 1.5629 -109.762 -109.781 -1.45316 -0.40483 -1 40
310 280 31 1.6008 1.5951 -108.545 -108.327 -1.48316 -0.44083 -1 41
310 260 32 1.487 1.4919 -109.47 -109.76 -1.38716 -0.38683 -1 40
310 289 33 1.5482 1.5447 -106.427 -106.573 -1.43516 -0.45883 -1 40
310 255 34 1.5419 1.546 -100.547 -100.823 -1.42316 -0.56083 -1 40
310 243 35 1.5386 1.537 -109.633 -109.416 -1.42916 -0.40483 -1 40
310 278 36 1.5206 1.5177 -108.662 -108.139 -1.41116 -0.42283 -1 40
310 275 37 1.5744 1.5756 -109.268 -109.32 -1.46516 -0.41683 -1 40
310 287 38 1.525 1.5253 -103.02 -103.181 -1.41116 -0.51283 -1 40
310 273 39 1.5605 1.5627 -109.22 -109.137 -1.45316 -0.41683 -1 40
310 280 40 1.5211 1.5211 -102.206 -102.402 -1.40516 -0.52483 -1 40
310 294 41 1.5555 1.55 -108.193 -107.976 -1.44116 -0.43483 -1 40
310 325 42 1.4945 1.4947 -105.137 -105.376 -1.38716 -0.46483 -1 41
310 272 43 1.5614 1.5645 -111.677 -111.713 -1.45316 -0.36883 -1 40
310 288 44 1.4974 1.4973 -103.639 -104.033 -1.38716 -0.48883 -1 41
310 261 45 1.4747 1.4727 -107.886 -107.764 -1.36916 -0.41683 -1 40
310 281 46 1.5036 1.5049 -108.209 -107.938 -1.39916 -0.42283 -1 40
310 278 47 1.5897 1.5887 -109.743 -109.818 -1.47716 -0.41083 -1 41
310 322 48 1.5168 1.5143 -112.678 -112.699 -1.40516 -0.33883 -1 40
310 328 49 1.4947 1.5004 -105.494 -105.823 -1.39316 -0.45883 -1 41
344 318 0 1.4977 1.4966 -101.968 -101.903 -1.38116 -0.52483 -1 41
344 303 1 1.4738 1.48 -111.057 -111.271 -1.37516 -0.35683 -1 41
344 311 2 1.5187 1.5253 -114.86 -114.756 -1.41116 -0.30283 -1 41
344 270 3 1.5394 1.5445 -110.74 -111.139 -1.43516 -0.37483 -1 40
344 306 4 1.4938 1.4921 -108.113 -107.734 -1.38716 -0.42283 -1 40
344 295 5 1.5885 1.5886 -114.063 -114.171 -1.47116 -0.32683 -1 41
344 368 6 1.5109 1.5123 -107.031 -106.707 -1.40516 -0.44683 -1 40
344 304 7 1.5426 1.5397 -105.391 -105.489 -1.42916 -0.47683 -1 41
344 286 8 1.507 1.5062 -115.104 -114.874 -1.39316 -0.29683 -1 41
344 312 9 1.4956 1.4985 -107.974 -107.837 -1.39316 -0.42283 -1 40
344 343 10 1.5458 1.5438 -107.706 -107.551 -1.43516 -0.44083 -1 40
344 331 11 1.5486 1.5456 -102.871 -102.886 -1.42916 -0.52483 -1 40
344 312 12 1.4955 1.4956 -102.403 -102.237 -1.38116 -0.51883 -1 41
344 327 13 1.5919 1.5967 -103.063 -103.18 -1.47716 -0.53683 -1 41
344 335 14 1.5501 1.5502 -107.594 -107.651 -1.44116 -0.44083 -1 40
344 304 15 1.5838 1.5805 -113.521 -113.466 -1.46516 -0.33883 -1 40
344 369 16 1.5267 1.5253 -106.765 -106.587 -1.41716 -0.45283 -1 40
344 347 17 1.6 1.6031 -111.508 -111.563 -1.48916 -0.38083 -1 41
344 357 18 1.5994 1.6037 -105.891 -105.907 -1.48916 -0.48883 -1 41
344 316 19 1.5314 1.5305 -108.702 -108.336 -1.42316 -0.42283 -1 40
344 332 20 1.5085 1.5097 -104.004 -104.267 -1.39916 -0.48883 -1 41
344 333 21 1.4908 1.4891 -113.263 -113.049 -1.38116 -0.32683 -1 41
344 347 22 1.5222 1.5209 -105.101 -105.158 -1.41116 -0.47683 -1 41
344 340 23 1.4888 1.494 -111.982 -112.119 -1.38716 -0.34483 -1 41
344 285 24 1.5982 1.5903 -114.907 -114.802 -1.47116 -0.31483 -1 41
344 316 25 1.5343 1.5306 -103.921 -103.627 -1.41716 -0.50683 -1 41
344 330 26 1.5444 1.5456 -103.081 -102.886 -1.42916 -0.52483 -1 40
344 366 27 1.5556 1.5578 -114.581 -114.779 -1.44116 -0.30883 -1 41
344 346 28 1.5228 1.5209 -105.057 -105.158 -1.41116 -0.47683 -1 41
344 309 29 1.5816 1.5821 -109.288 -109.411 -1.47116 -0.41683 -1 41
344 345 30 1.4964 1.4954 -100.614 -100.439 -1.37516 -0.54883 -1 41
344 299 31 1.6042 1.6015 -109.378 -109.364 -1.48916 -0.42283 -1 41
344 322 32 1.5252 1.526 -111.527 -111.87 -1.41716 -0.35683 -1 40
344 312 33 1.5667 1.5692 -108.909 -108.908 -1.45916 -0.42283 -1 40
344 336 34 1.5016 1.4954 -100.631 -100.439 -1.37516 -0.54883 -1 41
344 299 35 1.499 1.4983 -108.519 -108.173 -1.39316 -0.41683 -1 40
344 275 36 1.5298 1.5314 -110.647 -110.967 -1.42316 -0.37483 -1 40
344 296 37 1.5239 1.5243 -101.19 -101.418 -1.40516 -0.54283 -1 41
344 312 38 1.5697 1.5703 -110.978 -111.153 -1.45916 -0.38083 -1 40
344 331 39 1.5443 1.5466 -102.574 -102.562 -1.42916 -0.53083 -1 40
344 317 40 1.5167 1.5192 -102.947 -103.061 -1.40516 -0.51283 -1 41
344 332 41 1.5891 1.5826 -100.38 -99.869 -1.45316 -0.59083 -1 41
344 298 42 1.5601 1.5632 -110.344 -110.425 -1.45316 -0.39283 -1 40
344 312 43 1.5 1.4985 -108.145 -107.837 -1.39316 -0.42283 -1 40
344 316 44 1.4787 1.4787 -103.496 -103.674 -1.36916 -0.48883 -1 41
344 303 45 1.489 1.4853 -114.723 -114.321 -1.37516 -0.30283 -1 41
344 333 46 1.5195 1.5237 -114.138 -114.098 -1.41116 -0.31483 -1 41
344 324 47 1.5657 1.5629 -108.318 -108.17 -1.45316 -0.43483 -1 40
344 364 48 1.5154 1.5141 -105.306 -105.377 -1.40516 -0.47083 -1 41
344 283 49 1.4765 1.4789 -108.615 -108.548 -1.37516 -0.40483 -1 40
378 364 0 1.4853 1.4841 -104.106 -104.133 -1.37516 -0.48283 -1 41
378 377 1 1.599 1.6031 -111.503 -111.563 -1.48916 -0.38083 -1 41
378 386 2 1.5008 1.5001 -111.875 -111.868 -1.39316 -0.35083 -1 41
378 321 3 1.6017 1.5932 -100.747 -100.435 -1.46516 -0.58483 -1 41
378 378 4 1.4939 1.4945 -112.616 -112.456 -1.38716 -0.33883 -1 41
378 347 5 1.5894 1.5845 -115.08 -115.05 -1.46516 -0.30883 -1 41
378 390 6 1.5997 1.6042 -105.368 -105.594 -1.48916 -0.49483 -1 41
378 351 7 1.5793 1.5826 -103.582 -103.583 -1.46516 -0.52483 -1 41
378 346 8 1.4836 1.4857 -103.326 -103.457 -1.37516 -0.49483 -1 41
378 326 9 1.4729 1.4797 -110.707 -110.931 -1.37516 -0.36283 -1 41
378 338 10 1.5573 1.5589 -112.023 -112.276 -1.44716 -0.35683 -1 41
378 381 11 1.5748 1.5712 -114.887 -114.916 -1.45316 -0.30883 -1 41
378 387 12 1.4777 1.4774 -100.279 -100.035 -1.35716 -0.54883 -1 41
378 365 13 1.4941 1.4993 -110.819 -111.197 -1.39316 -0.36283 -1 40
378 377 14 1.549 1.548 -113.4 -113.415 -1.43516 -0.33283 -1 41
378 371 15 1.5846 1.5824 -107.859 -107.819 -1.47116 -0.44683 -1 41
378 387 16 1.5982 1.6042 -105.455 -105.594 -1.48916 -0.49483 -1 41
378 357 17 1.5505 1.5468 -112.783 -112.766 -1.43516 -0.34483 -1 41
378 378 18 1.5759 1.5712 -114.91 -114.916 -1.45316 -0.30883 -1 41
378 380 19 1.5349 1.5308 -107.956 -107.678 -1.42316 -0.43483 -1 41
378 340 20 1.5379 1.5347 -104.87 -104.724 -1.42316 -0.48883 -1 41
378 323 21 1.5036 1.5047 -109.53 -109.612 -1.39916 -0.39283 -1 41
378 354 22 1.5241 1.5229 -103.973 -104.168 -1.41116 -0.49483 -1 41
378 383 23 1.5347 1.5308 -107.85 -107.678 -1.42316 -0.43483 -1 41
378 349 24 1.4937 1.4919 -103.497 -103.578 -1.38116 -0.49483 -1 41
378 324 25 1.5446 1.5452 -111.461 -111.79 -1.43516 -0.36283 -1 40
378 359 26 1.59 1.5958 -110.604 -110.852 -1.48316 -0.39283 -1 41
378 353 27 1.5268 1.5236 -103.984 -103.838 -1.41116 -0.50083 -1 41
378 349 28 1.5825 1.5847 -112.436 -112.272 -1.47116 -0.36283 -1 41
378 340 29 1.5125 1.5061 -101.013 -101.034 -1.38716 -0.54283 -1 41
378 323 30 1.475 1.4794 -110.327 -110.591 -1.37516 -0.36883 -1 41
378 371 31 1.4764 1.4753 -112.571 -112.547 -1.36916 -0.33283 -1 41
378 389 32 1.5057 1.5077 -112.671 -112.619 -1.39916 -0.33883 -1 41
378 362 33 1.4932 1.4993 -110.786 -111.197 -1.39316 -0.36283 -1 40
378 347 34 1.5855 1.5799 -100.858 -100.498 -1.45316 -0.57883 -1 41
378 389 35 1.5254 1.5198 -105.68 -105.819 -1.41116 -0.46483 -1 41
378 351 36 1.5803 1.5834 -103.205 -103.266 -1.46516 -0.53083 -1 41
378 399 37 1.5267 1.5247 -107.465 -107.247 -1.41716 -0.44083 -1 41
378 334 38 1.5243 1.5232 -101.453 -101.745 -1.40516 -0.53683 -1 41
378 369 39 1.5837 1.5902 -105.93 -106.332 -1.47716 -0.47683 -1 41
378 356 40 1.5558 1.554 -112.923 -113.167 -1.44116 -0.33883 -1 41
378 354 41 1.5256 1.5262 -102.982 -102.853 -1.41116 -0.51883 -1 41
378 340 42 1.4987 1.5007 -102.792 -102.696 -1.38716 -0.51283 -1 41
378 361 43 1.5354 1.5385 -103.062 -103.092 -1.42316 -0.51883 -1 41
378 361 44 1.5888 1.5893 -110.676 -110.768 -1.47716 -0.39283 -1 41
378 360 45 1.588 1.5893 -110.615 -110.768 -1.47716 -0.39283 -1 41
378 389 46 1.6045 1.6029 -106.549 -106.535 -1.48916 -0.47683 -1 41
378 353 47 1.5849 1.5779 -114.906 -114.983 -1.45916 -0.30883 -1 41
378 353 48 1.5291 1.5298 -103.844 -103.955 -1.41716 -0.50083 -1 41
378 385 49 1.5929 1.5962 -106.589 -106.749 -1.48316 -0.47083 -1 41
413 393 0 1.583 1.5822 -108.429 -108.138 -1.47116 -0.44083 -1 41
413 389 1 1.5422 1.5414 -101.954 -102.117 -1.42316 -0.53683 -1 41
413 360 2 1.5175 1.5183 -110.467 -110.793 -1.41116 -0.37483 -1 41
413 414 3 1.4843 1.4874 -105.859 -105.938 -1.38116 -0.45283 -1 41
413 356 4 1.4812 1.4854 -109.631 -109.665 -1.38116 -0.38683 -1 41
413 362 5 1.5608 1.5645 -105.894 -106.239 -1.45316 -0.47083 -1 41
413 418 6 1.5868 1.5895 -106.823 -106.965 -1.47716 -0.46483 -1 41
413 348 7 1.5507 1.5502 -110.335 -110.25 -1.44116 -0.39283 -1 41
413 384 8 1.5821 1.5873 -104.329 -104.328 -1.47116 -0.51283 -1 41
413 372 9 1.5173 1.5171 -101.45 -101.62 -1.39916 -0.53683 -1 41
413 424 10 1.5093 1.5084 -104.886 -104.933 -1.39916 -0.47683 -1 41
413 413 11 1.4955 1.494 -112.233 -112.119 -1.38716 -0.34483 -1 41
413 377 12 1.5662 1.5711 -111.71 -111.794 -1.45916 -0.36883 -1 41
413 441 13 1.5073 1.5072 -105.537 -105.599 -1.39916 -0.46483 -1 41
413 391 14 1.5552 1.5517 -103.364 -103.004 -1.43516 -0.52483 -1 41
413 421 15 1.598 1.5962 -106.826 -106.749 -1.48316 -0.47083 -1 41
413 380 16 1.5095 1.5053 -110.557 -110.615 -1.39916 -0.37483 -1 41
413 402 17 1.4867 1.4896 -104.2 -104.588 -1.38116 -0.47683 -1 41
413 395 18 1.4806 1.4779 -114.156 -113.907 -1.36916 -0.30883 -1 41
413 384 19 1.5384 1.5414 -101.81 -102.117 -1.42316 -0.53683 -1 41
413 384 20 1.5959 1.5979 -112.676 -112.427 -1.48316 -0.36283 -1 41
413 358 21 1.5126 1.5111 -108.955 -108.705 -1.40516 -0.41083 -1 41
413 408 22 1.5133 1.5153 -104.493 -104.714 -1.40516 -0.48283 -1 41
413 366 23 1.4759 1.4793 -107.609 -107.527 -1.37516 -0.42283 -1 41
413 354 24 1.5533 1.5567 -110.132 -110.338 -1.44716 -0.39283 -1 41
413 367 25 1.5615 1.563 -109.977 -110.103 -1.45316 -0.39883 -1 41
413 390 26 1.5895 1.5913 -112.367 -112.35 -1.47716 -0.36283 -1 41
413 391 27 1.5899 1.5913 -112.342 -112.35 -1.47716 -0.36283 -1 41
413 427 28 1.5223 1.5183 -107.497 -107.144 -1.41116 -0.44083 -1 41
413 408 29 1.4994 1.4989 -107.359 -107.165 -1.39316 -0.43483 -1 41
413 379 30 1.579 1.5802 -102.146 -102.2 -1.45916 -0.54883 -1 41
413 377 31 1.5102 1.5099 -101.991 -101.823 -1.39316 -0.53083 -1 41
413 414 32 1.5916 1.5892 -107.236 -107.282 -1.47716 -0.45883 -1 41
413 380 33 1.5613 1.5594 -112.551 -112.599 -1.44716 -0.35083 -1 41
413 398 34 1.592 1.5958 -103.445 -103.494 -1.47716 -0.53083 -1 41
413 415 35 1.5016 1.5017 -112.804 -112.872 -1.39316 -0.33283 -1 41
413 404 36 1.4864 1.4856 -101.405 -101.311 -1.36916 -0.53083 -1 41
413 392 37 1.5736 1.5758 -108.234 -108.042 -1.46516 -0.44083 -1 41
413 392 38 1.6001 1.5954 -108.112 -107.695 -1.48316 -0.45283 -1 41
413 396 39 1.4969 1.4987 -107.551 -107.501 -1.39316 -0.42883 -1 41
413 405 40 1.4817 1.4825 -112.861 -112.968 -1.37516 -0.32683 -1 41
413 427 41 1.549 1.5503 -114.137 -114.387 -1.43516 -0.31483 -1 41
413 385 42 1.4759 1.4728 -114.704 -114.512 -1.36316 -0.29683 -1 41
413 382 43 1.6003 1.6019 -109.983 -110.307 -1.48916 -0.40483 -1 41
413 407 44 1.595 1.5965 -111.437 -111.482 -1.48316 -0.38083 -1 41
413 380 45 1.5721 1.5691 -101.589 -101.642 -1.44716 -0.55483 -1 41
413 387 46 1.5875 1.5886 -108.57 -108.55 -1.47716 -0.43483 -1 41
413 369 47 1.586 1.5823 -101.699 -101.568 -1.45916 -0.56083 -1 41
413 352 48 1.5451 1.5448 -111.236 -111.465 -1.43516 -0.36883 -1 41
413 394 49 1.5834 1.5842 -111.962 -111.954 -1.47116 -0.36883 -1 41
447 381 0 1.5377 1.5383 -111.076 -111.381 -1.42916 -0.36883 -1 41
447 416 1 1.5622 1.5654 -100.754 -100.881 -1.44116 -0.56683 -1 41
447 416 2 1.52 1.5211 -102.266 -102.402 -1.40516 -0.52483 -1 41
447 435 3 1.4843 1.4885 -112.564 -112.711 -1.38116 -0.33283 -1 41
447 417 4 1.5223 1.5211 -102.408 -102.402 -1.40516 -0.52483 -1 41
447 438 5 1.4745 1.4753 -105.302 -105.374 -1.36916 -0.45883 -1 41
447 423 6 1.5011 1.4977 -101.601 -101.569 -1.38116 -0.53083 -1 41
447 395 7 1.485 1.4854 -109.7 -109.665 -1.38116 -0.38683 -1 41
447 434 8 1.5975 1.5969 -112.026 -111.797 -1.48316 -0.37483 -1 41
447 430 9 1.5351 1.533 -112.221 -112.281 -1.42316 -0.35083 -1 41
447 418 10 1.521 1.5201 -102.861 -102.731 -1.40516 -0.51883 -1 41
447 419 11 1.5701 1.5721 -102.557 -102.717 -1.45316 -0.53683 -1 41
447 407 12 1.6048 1.6016 -108.439 -108.106 -1.48916 -0.44683 -1 41
447 456 13 1.5357 1.5313 -106.933 -107.02 -1.42316 -0.44683 -1 41
447 456 14 1.4831 1.482 -100.508 -100.507 -1.36316 -0.54283 -1 41
447 425 15 1.5199 1.519 -111.257 -111.456 -1.41116 -0.36283 -1 41
447 406 16 1.536 1.5325 -111.687 -111.953 -1.42316 -0.35683 -1 41
447 403 17 1.4781 1.4804 -102.917 -102.997 -1.36916 -0.50083 -1 41
447 425 18 1.5494 1.5509 -103.489 -103.327 -1.43516 -0.51883 -1 41
447 417 19 1.535 1.5325 -111.845 -111.953 -1.42316 -0.35683 -1 41
447 412 20 1.5038 1.5017 -102.367 -102.362 -1.38716 -0.51883 -1 41
447 451 21 1.505 1.5084 -104.664 -104.933 -1.39916 -0.47683 -1 41
447 416 22 1.5551 1.5574 -106.726 -106.78 -1.44716 -0.45883 -1 41
447 435 23 1.5744 1.576 -107.669 -107.722 -1.46516 -0.44683 -1 41
447 388 24 1.5488 1.5514 -111.242 -111.548 -1.44116 -0.36883 -1 41
447 451 25 1.5513 1.5487 -113.759 -113.739 -1.43516 -0.32683 -1 41
447 446 26 1.6002 1.6012 -103.681 -103.92 -1.48316 -0.52483 -1 41
447 401 27 1.5885 1.5847 -101.25 -100.938 -1.45916 -0.57283 -1 41
447 460 28 1.5029 1.5056 -106.96 -106.935 -1.39916 -0.44083 -1 41
447 448 29 1.5265 1.527 -112.591 -112.529 -1.41716 -0.34483 -1 41
447 414 30 1.5766 1.576 -110.346 -110.279 -1.46516 -0.39883 -1 41
447 410 31 1.5877 1.5885 -109.251 -109.184 -1.47716 -0.42283 -1 41
447 453 32 1.5101 1.5117 -107.513 -107.373 -1.40516 -0.43483 -1 41
447 363 33 1.5298 1.5307 -109.997 -109.981 -1.42316 -0.39283 -1 41
447 422 34 1.5051 1.503 -113.918 -113.541 -1.39316 -0.32083 -1 41
447 458 35 1.5061 1.5072 -112.171 -112.285 -1.39916 -0.34483 -1 41
447 408 36 1.5522 1.5492 -104.218 -103.974 -1.43516 -0.50683 -1 41
447 450 37 1.4853 1.4874 -105.817 -105.938 -1.38116 -0.45283 -1 41
447 437 38 1.4807 1.4819 -112.519 -112.629 -1.37516 -0.33283 -1 41
447 397 39 1.6033 1.5997 -113.603 -113.37 -1.48316 -0.34483 -1 41
447 406 40 1.4767 1.4762 -102.362 -102.194 -1.36316 -0.51283 -1 41
447 418 41 1.4871 1.4845 -114.233 -113.984 -1.37516 -0.30883 -1 41
447 413 42 1.4915 1.4912 -114.279 -114.059 -1.38116 -0.30883 -1 41
447 401 43 1.4979 1.4984 -109.689 -109.853 -1.39316 -0.38683 -1 41
447 400 44 1.6008 1.595 -109.082 -108.958 -1.48316 -0.42883 -1 41
447 396 45 1.5412 1.5448 -101.01 -101.146 -1.42316 -0.55483 -1 41
447 412 46 1.4792 1.4795 -107.259 -107.187 -1.37516 -0.42883 -1 41
447 449 47 1.5386 1.5348 -113.315 -113.263 -1.42316 -0.33283 -1 41
447 396 48 1.5583 1.5635 -110.535 -110.747 -1.45316 -0.38683 -1 41
447 447 49 1.4889 1.4933 -106.425 -106.385 -1.38716 -0.44683 -1 41
482 441 0 1.5664 1.5697 -110.372 -110.512 -1.45916 -0.39283 -1 41
482 474 1 1.5972 1.5956 -107.652 -107.38 -1.48316 -0.45883 -1 41
482 451 2 1.5747 1.5721 -102.633 -102.717 -1.45316 -0.53683 -1 41
482 430 3 1.4723 1.4752 -102.604 -102.533 -1.36316 -0.50683 -1 41
482 423 4 1.5463 1.5466 -105.124 -105.272 -1.43516 -0.48283 -1 41
482 502 5 1.5165 1.5183 -107.208 -107.144 -1.41116 -0.44083 -1 41
482 422 6 1.6048 1.607 -113.942 -113.755 -1.48916 -0.33883 -1 41
482 458 7 1.5766 1.5761 -114.296 -114.348 -1.45916 -0.32083 -1 41
482 425 8 1.5513 1.5514 -111.361 -111.548 -1.44116 -0.36883 -1 41
482 469 9 1.6005 1.6028 -103.131 -103.294 -1.48316 -0.53683 -1 41
482 485 10 1.5252 1.5281 -113.063 -113.187 -1.41716 -0.33283 -1 41
482 422 11 1.5065 1.5047 -109.293 -109.277 -1.39916 -0.39883 -1 41
482 511 12 1.5216 1.519 -106.558 -106.481 -1.41116 -0.45283 -1 41
482 467 13 1.4829 1.4865 -106.588 -106.615 -1.38116 -0.44083 -1 41
482 480 14 1.5852 1.5898 -106.501 -106.649 -1.47716 -0.47083 -1 41
482 466 15 1.5047 1.5023 -113.549 -113.207 -1.39316 -0.32683 -1 41
482 457 16 1.5879 1.5891 -110.48 -110.451 -1.47716 -0.39883 -1 41
482 467 17 1.4832 1.4879 -112.289 -112.373 -1.38116 -0.33883 -1 41
482 431 18 1.4726 1.4752 -102.591 -102.533 -1.36316 -0.50683 -1 41
482 459 19 1.4875 1.4845 -101.783 -101.647 -1.36916 -0.52483 -1 41
482 504 20 1.4998 1.5004 -105.649 -105.823 -1.39316 -0.45883 -1 41
482 423 21 1.5357 1.5317 -111.312 -111.296 -1.42316 -0.36883 -1 41
482 443 22 1.51 1.513 -102.69 -102.94 -1.39916 -0.51283 -1 41
482 492 23 1.5195 1.5203 -105.354 -105.488 -1.41116 -0.47083 -1 41
482 477 24 1.5415 1.5372 -107.877 -107.778 -1.42916 -0.43483 -1 41
482 430 25 1.5315 1.5304 -101.255 -101.544 -1.41116 -0.54283 -1 41
482 449 26 1.5087 1.505 -101.512 -101.365 -1.38716 -0.53683 -1 41
482 507 27 1.515 1.5135 -105.615 -105.71 -1.40516 -0.46483 -1 41
482 479 28 1.5705 1.5703 -114.59 -114.597 -1.45316 -0.31483 -1 41
482 487 29 1.5962 1.5969 -106.126 -106.119 -1.48316 -0.48283 -1 41
482 438 30 1.4738 1.4725 -103.283 -103.553 -1.36316 -0.48883 -1 41
482 440 31 1.5545 1.5523 -112.114 -112.196 -1.44116 -0.35683 -1 41
482 462 32 1.586 1.588 -103.98 -104.012 -1.47116 -0.51883 -1 41
482 472 33 1.594 1.5892 -107.638 -107.282 -1.47716 -0.45883 -1 41
482 466 34 1.5533 1.554 -113.136 -113.167 -1.44116 -0.33883 -1 41
482 449 35 1.4839 1.4859 -107.404 -107.292 -1.38116 -0.42883 -1 41
482 488 36 1.4878 1.4879 -105.52 -105.6 -1.38116 -0.45883 -1 41
482 462 37 1.5598 1.5568 -107.522 -107.426 -1.44716 -0.44683 -1 41
482 418 38 1.5229 1.5207 -100.655 -100.634 -1.39916 -0.55483 -1 41
482 450 39 1.5485 1.5497 -101.453 -101.593 -1.42916 -0.54883 -1 41
482 477 40 1.49 1.494 -111.886 -112.119 -1.38716 -0.34483 -1 41
482 514 41 1.5133 1.5131 -106.048 -106.042 -1.40516 -0.45883 -1 41
482 459 42 1.5966 1.5967 -102.959 -103.18 -1.47716 -0.53683 -1 41
482 443 43 1.5394 1.5335 -105.363 -105.379 -1.42316 -0.47683 -1 41
482 504 44 1.517 1.5135 -105.857 -105.71 -1.40516 -0.46483 -1 41
482 509 45 1.5155 1.5131 -106.262 -106.042 -1.40516 -0.45883 -1 41
482 429 46 1.5316 1.5315 -101.166 -101.218 -1.41116 -0.54883 -1 41
482 413 47 1.5157 1.5114 -109.915 -110.038 -1.40516 -0.38683 -1 41
482 463 48 1.5393 1.5404 -102.292 -102.441 -1.42316 -0.53083 -1 41
482 474 49 1.5311 1.5307 -108.101 -108.007 -1.42316 -0.42883 -1 41
34 93 0 1.5663 1.4433 -100.559 -117.532 -1.32716 -0.23683 -0 40
34 92 1 1.5156 1.4433 -111.947 -117.532 -1.32716 -0.23683 -0 40
34 92 2 1.5111 1.4433 -107.569 -117.532 -1.32716 -0.23683 -0 40
34 92 3 1.5641 1.4433 -105.829 -117.532 -1.32716 -0.23683 -0 40
34 93 4 1.5245 1.4433 -107.169 -117.532 -1.32716 -0.23683 -0 40
34 92 5 1.6021 1.4433 -100.578 -117.532 -1.32716 -0.23683 -0 40
34 93 6 1.6008 1.4433 -102.65 -117.532 -1.32716 -0.23683 -0 40
34 92 7 1.5714 1.4433 -102.209 -117.532 -1.32716 -0.23683 -0 40
34 92 8 1.4778 1.4433 -108.536 -117.532 -1.32716 -0.23683 -0 40
34 92 9 1.5027 1.4433 -114.589 -117.532 -1.32716 -0.23683 -0 40
34 93 10 1.5715 1.4433 -114.401 -117.532 -1.32716 -0.23683 -0 40
34 92 11 1.5162 1.4433 -105.114 -117.532 -1.32716 -0.23683 -0 40
34 92 12 1.5162 1.4433 -105.82 -117.532 -1.32716 -0.23683 -0 40
34 93 13 1.4745 1.4433 -104.392 -117.532 -1.32716 -0.23683 -0 40
34 93 14 1.5494 1.4433 -111.906 -117.532 -1.32716 -0.23683 -0 40
34 92 15 1.5394 1.4433 -115.252 -117.532 -1.32716 -0.23683 -0 40
34 93 16 1.5017 1.4433 -102.256 -117.532 -1.32716 -0.23683 -0 40
34 92 17 1.5686 1.4433 -109.679 -117.532 -1.32716 -0.23683 -0 40
34 92 18 1.5595 1.4433 -108.984 -117.532 -1.32716 -0.23683 -0 40
34 93 19 1.5675 1.4433 -110.642 -117.532 -1.32716 -0.23683 -0 40
34 92 20 1.5119 1.4433 -110.186 -117.532 -1.32716 -0.23683 -0 40
34 92 21 1.5506 1.4433 -108.011 -117.532 -1.32716 -0.23683 -0 40
34 93 22 1.4855 1.4433 -103.522 -117.532 -1.32716 -0.23683 -0 40
34 93 23 1.4814 1.4433 -103.011 -117.532 -1.32716 -0.23683 -0 40
34 92 24 1.5923 1.4433 -114.983 -117.532 -1.32716 -0.23683 -0 40
34 93 25 1.4796 1.4433 -102.191 -117.532 -1.32716 -0.23683 -0 40
34 93 26 1.4927 1.4368 -113.442 -112.736 -1.33316 -0.32083 -0 40
34 93 27 1.4939 1.4433 -110.792 -117.532 -1.32716 -0.23683 -0 40
34 93 28 1.5761 1.4433 -112.764 -117.532 -1.32716 -0.23683 -0 40
34 92 29 1.5584 1.4433 -108.651 -117.532 -1.32716 -0.23683 -0 40
34 95 30 1.6046 1.6236 -105.511 -105.593 -1.50716 -0.50083 -0 40
34 92 31 1.547 1.4433 -102.852 -117.532 -1.32716 -0.23683 -0 40
34 92 32 1.5067 1.4433 -107.916 -117.532 -1.32716 -0.23683 -0 40
34 92 33 1.5987 1.4433 -103.477 -117.532 -1.32716 -0.23683 -0 40
34 92 34 1.5259 1.4433 -107.587 -117.532 -1.32716 -0.23683 -0 40
34 92 35 1.5603 1.4433 -113.453 -117.532 -1.32716 -0.23683 -0 40
34 92 36 1.4769 1.4433 -107.605 -117.532 -1.32716 -0.23683 -0 40
34 92 37 1.505 1.4433 -112.323 -117.532 -1.32716 -0.23683 -0 40
34 93 38 1.6028 1.4433 -109.567 -117.532 -1.32716 -0.23683 -0 40
34 92 39 1.5417 1.4433 -106.666 -117.532 -1.32716 -0.23683 -0 40
34 92 40 1.5017 1.4433 -106.731 -117.532 -1.32716 -0.23683 -0 40
34 92 41 1.5675 1.4433 -107.927 -117.532 -1.32716 -0.23683 -0 40
34 91 42 1.5994 1.4433 -112.535 -117.532 -1.32716 -0.23683 -0 40
34 92 43 1.485 1.4433 -107.1 -117.532 -1.32716 -0.23683 -0 40
34 91 44 1.6016 1.4433 -112.708 -117.532 -1.32716 -0.23683 -0 40
34 93 45 1.5734 1.4433 -101.337 -117.532 -1.32716 -0.23683 -0 40
34 92 46 1.6019 1.4433 -108.83 -117.532 -1.32716 -0.23683 -0 40
34 93 47 1.4834 1.4433 -109.718 -117.532 -1.32716 -0.23683 -0 40
34 92 48 1.6003 1.4433 -115.181 -117.532 -1.32716 -0.23683 -0 40
34 93 49 1.5879 1.4433 -103.055 -117.532 -1.32716 -0.23683 -0 40
69 99 0 1.554 1.5587 -114.805 -115.101 -1.44116 -0.30283 -0 40
69 92 1 1.5714 1.4433 -109.437 -117.532 -1.32716 -0.23683 -0 40
69 93 2 1.5149 1.4433 -101.698 -117.532 -1.32716 -0.23683 -0 40
69 93 3 1.5017 1.4433 -103.735 -117.532 -1.32716 -0.23683 -0 40
69 92 4 1.6031 1.4433 -108.994 -117.532 -1.32716 -0.23683 -0 40
69 92 5 1.5621 1.4433 -106.637 -117.532 -1.32716 -0.23683 -0 40
69 93 6 1.5458 1.4433 -112.392 -117.532 -1.32716 -0.23683 -0 40
69 105 7 1.5194 1.5186 -106.96 -106.812 -1.41116 -0.44683 -0 40
69 94 8 1.5448 1.4433 -110.888 -117.532 -1.32716 -0.23683 -0 40
69 92 9 1.5292 1.4433 -114.125 -117.532 -1.32716 -0.23683 -0 40
69 91 10 1.4773 1.4433 -100.372 -117.532 -1.32716 -0.23683 -0 40
69 94 11 1.5577 1.4433 -112.473 -117.532 -1.32716 -0.23683 -0 40
69 92 12 1.5395 1.4433 -103.586 -117.532 -1.32716 -0.23683 -0 40
69 95 13 1.5022 1.5072 -104.717 -105.599 -1.39916 -0.46483 -0 40
69 93 14 1.5512 1.4433 -101.325 -117.532 -1.32716 -0.23683 -0 40
69 91 15 1.4976 1.4433 -107.279 -117.532 -1.32716 -0.23683 -0 40
69 101 16 1.5173 1.5186 -107.361 -106.812 -1.41116 -0.44683 -0 40
69 92 17 1.5859 1.4433 -113.843 -117.532 -1.32716 -0.23683 -0 40
69 91 18 1.4783 1.4433 -106.111 -117.532 -1.32716 -0.23683 -0 40
69 93 19 1.4928 1.4433 -100.639 -117.532 -1.32716 -0.23683 -0 40
69 98 20 1.5329 1.519 -106.443 -106.481 -1.41116 -0.45283 -0 40
69 94 21 1.5445 1.4433 -110.749 -117.532 -1.32716 -0.23683 -0 40
69 92 22 1.5565 1.4433 -103.599 -117.532 -1.32716 -0.23683 -0 40
69 93 23 1.5572 1.4433 -113.35 -117.532 -1.32716 -0.23683 -0 40
69 92 24 1.5818 1.4433 -103.923 -117.532 -1.32716 -0.23683 -0 40
69 98 25 1.5576 1.5587 -114.633 -115.101 -1.44116 -0.30283 -0 40
69 92 26 1.5283 1.4433 -115.092 -117.532 -1.32716 -0.23683 -0 40
69 93 27 1.4844 1.4433 -103.686 -117.532 -1.32716 -0.23683 -0 40
69 97 28 1.5895 1.6191 -103.474 -104.558 -1.50116 -0.51883 -0 40
69 93 29 1.5685 1.4433 -113.496 -117.532 -1.32716 -0.23683 -0 40
69 92 30 1.5794 1.4433 -101.872 -117.532 -1.32716 -0.23683 -0 40
69 91 31 1.5046 1.4433 -114.412 -117.532 -1.32716 -0.23683 -0 40
69 92 32 1.5852 1.6293 -110.204 -111.879 -1.51316 -0.38083 -0 40
69 92 33 1.5454 1.4433 -113.264 -117.532 -1.32716 -0.23683 -0 40
69 93 34 1.4973 1.4433 -111.395 -117.532 -1.32716 -0.23683 -0 40
69 99 35 1.5298 1.5186 -107.359 -106.812 -1.41116 -0.44683 -0 40
69 92 36 1.5157 1.4433 -109.766 -117.532 -1.32716 -0.23683 -0 40
69 92 37 1.5323 1.4433 -102.447 -117.532 -1.32716 -0.23683 -0 40
69 92 38 1.5379 1.5521 -114.467 -115.033 -1.43516 -0.30283 -0 40
69 93 39 1.4941 1.4433 -110.784 -117.532 -1.32716 -0.23683 -0 40
69 93 40 1.5488 1.4433 -101.316 -117.532 -1.32716 -0.23683 -0 40
69 93 41 1.5228 1.5186 -107.923 -106.812 -1.41116 -0.44683 -0 40
69 99 42 1.5907 1.6168 -105.669 -105.801 -1.50116 -0.49483 -0 40
69 98 43 1.6046 1.5902 -100.4 -98.305 -1.45316 -0.62083 -0 40
69 92 44 1.5753 1.4433 -100.814 -117.532 -1.32716 -0.23683 -0 40
69 92 45 1.5457 1.4433 -103.454 -117.532 -1.32716 -0.23683 -0 40
69 93 46 1.4909 1.4433 -100.607 -117.532 -1.32716 -0.23683 -0 40
69 94 47 1.545 1.4433 -110.107 -117.532 -1.32716 -0.23683 -0 40
69 93 48 1.5155 1.4433 -100.595 -117.532 -1.32716 -0.23683 -0 40
69 92 49 1.5783 1.4433 -110.38 -117.532 -1.32716 -0.23683 -0 40
103 94 0 1.587 1.5796 -101.182 -99.111 -1.44716 -0.60283 -1 40
103 93 1 1.5702 1.4433 -105.537 -117.532 -1.32716 -0.23683 -0 40
103 108 2 1.505 1.5083 -113.286 -112.952 -1.39916 -0.33283 -0 40
103 102 3 1.5294 1.5244 -108.686 -107.577 -1.41716 -0.43483 -0 40
103 92 4 1.5733 1.4433 -101.576 -117.532 -1.32716 -0.23683 -0 40
103 114 5 1.4995 1.5011 -112.607 -112.538 -1.39316 -0.33883 -0 40
103 111 6 1.5901 1.6167 -111.768 -112.033 -1.50116 -0.37483 -1 40
103 127 7 1.5978 1.6232 -111.992 -112.111 -1.50716 -0.37483 -0 40
103 112 8 1.5882 1.5892 -107.521 -107.282 -1.47716 -0.45883 -0 40
103 92 9 1.5106 1.4433 -115.168 -117.532 -1.32716 -0.23683 -0 40
103 99 10 1.4956 1.4868 -101.757 -100.975 -1.36916 -0.53683 -1 40
103 141 11 1.5136 1.5131 -105.849 -106.042 -1.40516 -0.45883 -0 40
103 114 12 1.573 1.5645 -114.563 -114.848 -1.44716 -0.30883 -0 40
103 93 13 1.5308 1.4433 -111.631 -117.532 -1.32716 -0.23683 -0 40
103 93 14 1.4757 1.4433 -110.802 -117.532 -1.32716 -0.23683 -0 40
103 111 15 1.5193 1.5141 -104.543 -105.377 -1.40516 -0.47083 -1 40
103 107 16 1.5042 1.5084 -103.962 -104.933 -1.39916 -0.47683 -1 40
103 116 17 1.491 1.4834 -100.86 -100.171 -1.36316 -0.54883 -1 40
103 120 18 1.5351 1.5463 -115.192 -115.288 -1.42916 -0.29683 -0 40
103 93 19 1.5056 1.4433 -103.16 -117.532 -1.32716 -0.23683 -0 40
103 93 20 1.5261 1.4433 -109.399 -117.532 -1.32716 -0.23683 -0 40
103 107 21 1.5762 1.5828 -107.013 -107.183 -1.47116 -0.45883 -0 40
103 93 22 1.5302 1.4433 -109.987 -117.532 -1.32716 -0.23683 -0 40
103 92 23 1.5806 1.4433 -114.229 -117.532 -1.32716 -0.23683 -0 40
103 138 24 1.5994 1.6105 -105.736 -105.698 -1.49516 -0.49483 -1 40
103 91 25 1.5792 1.4433 -102.479 -117.532 -1.32716 -0.23683 -0 40
103 134 26 1.6017 1.6096 -106.391 -106.322 -1.49516 -0.48283 -1 40
103 116 27 1.4801 1.4494 -112.604 -112.557 -1.34516 -0.32683 -0 40
103 94 28 1.5431 1.4433 -110.885 -117.532 -1.32716 -0.23683 -0 40
103 94 29 1.5002 1.5028 -103.525 -104.484 -1.39316 -0.48283 -1 40
103 96 30 1.5423 1.5456 -102.948 -102.886 -1.42916 -0.52483 -0 40
103 92 31 1.5485 1.4433 -104.879 -117.532 -1.32716 -0.23683 -0 40
103 91 32 1.6006 1.4433 -114.863 -117.532 -1.32716 -0.23683 -0 40
103 95 33 1.4795 1.4935 -111.184 -111.783 -1.38716 -0.35083 -0 40
103 131 34 1.4794 1.4506 -114.292 -113.249 -1.34516 -0.31483 -0 40
103 96 35 1.604 1.6249 -113.511 -113.039 -1.50716 -0.35683 -0 40
103 93 36 1.5558 1.4433 -112.797 -117.532 -1.32716 -0.23683 -0 40
103 93 37 1.5183 1.4433 -102.439 -117.532 -1.32716 -0.23683 -0 40
103 93 38 1.5272 1.4433 -100.484 -117.532 -1.32716 -0.23683 -0 40
103 131 39 1.6045 1.6232 -112.495 -112.111 -1.50716 -0.37483 -1 40
103 91 40 1.5734 1.4433 -103.658 -117.532 -1.32716 -0.23683 -0 40
103 93 41 1.4885 1.4433 -102.188 -117.532 -1.32716 -0.23683 -0 40
103 117 42 1.4978 1.5015 -104.382 -105.153 -1.39316 -0.47083 -1 40
103 94 43 1.5373 1.4433 -111.269 -117.532 -1.32716 -0.23683 -0 40
103 104 44 1.6005 1.6285 -109.185 -111.261 -1.51316 -0.39283 -0 40
103 95 45 1.5822 1.5824 -108.321 -107.819 -1.47116 -0.44683 -0 40
103 93 46 1.5508 1.4433 -105.804 -117.532 -1.32716 -0.23683 -0 40
103 130 47 1.5038 1.5072 -105.001 -105.599 -1.39916 -0.46483 -1 40
103 100 48 1.5729 1.5762 -107.545 -107.403 -1.46516 -0.45283 -0 40
103 91 49 1.5662 1.4433 -103.889 -117.532 -1.32716 -0.23683 -0 40
138 152 0 1.5894 1.5855 -100.284 -99.242 -1.45316 -0.60283 -1 40
138 125 1 1.5819 1.5896 -110.693 -111.085 -1.47716 -0.38683 -1 40
138 114 2 1.5706 1.5769 -110.936 -111.237 -1.46516 -0.38083 -1 40
138 164 3 1.5032 1.5072 -105.069 -105.599 -1.39916 -0.46483 -1 40
138 127 4 1.5822 1.5904 -111.669 -111.718 -1.47716 -0.37483 -1 40
138 154 5 1.484 1.482 -100.744 -100.507 -1.36316 -0.54283 -1 40
138 159 6 1.5236 1.5198 -105.443 -105.819 -1.41116 -0.46483 -1 40
138 155 7 1.4868 1.4941 -105.642 -105.712 -1.38716 -0.45883 -1 40
138 121 8 1.5308 1.5315 -103.259 -103.3 -1.41716 -0.51283 -1 40
138 123 9 1.5826 1.5962 -110.468 -111.167 -1.48316 -0.38683 -1 40
138 144 10 1.516 1.5146 -104.498 -105.046 -1.40516 -0.47683 -1 40
138 131 11 1.5546 1.5502 -107.585 -107.651 -1.44116 -0.44083 -1 40
138 142 12 1.5177 1.5146 -104.485 -105.046 -1.40516 -0.47683 -1 40
138 95 13 1.5383 1.4433 -109.571 -117.532 -1.32716 -0.23683 -0 40
138 107 14 1.4799 1.4928 -110.151 -111.109 -1.38716 -0.36283 -0 40
138 133 15 1.4943 1.4993 -110.745 -111.197 -1.39316 -0.36283 -0 40
138 107 16 1.5522 1.5498 -109.225 -108.625 -1.44116 -0.42283 -1 40
138 94 17 1.5314 1.4433 -109.842 -117.532 -1.32716 -0.23683 -0 40
138 101 18 1.4911 1.4921 -108.3 -107.734 -1.38716 -0.42283 -1 40
138 109 19 1.4747 1.4733 -102.945 -103.212 -1.36316 -0.49483 -1 40
138 151 20 1.5906 1.6047 -105.106 -105.281 -1.48916 -0.50083 -1 40
138 144 21 1.4756 1.4748 -101.043 -100.71 -1.35716 -0.53683 -1 40
138 141 22 1.5397 1.5348 -113.024 -113.263 -1.42316 -0.33283 -1 40
138 94 23 1.5622 1.5554 -104.7 -104.088 -1.44116 -0.50683 -1 40
138 128 24 1.5854 1.5712 -114.931 -114.916 -1.45316 -0.30883 -1 40
138 110 25 1.5473 1.5468 -112.115 -112.766 -1.43516 -0.34483 -1 40
138 126 26 1.4837 1.4931 -110.841 -111.446 -1.38716 -0.35683 -1 40
138 152 27 1.5916 1.6067 -103.799 -104.342 -1.48916 -0.51883 -1 40
138 122 28 1.5012 1.5023 -113.882 -113.207 -1.39316 -0.32683 -0 40
138 91 29 1.4976 1.4433 -108.871 -117.532 -1.32716 -0.23683 -0 40
138 128 30 1.5678 1.5765 -106.813 -107.084 -1.46516 -0.45883 -1 40
138 160 31 1.5184 1.5183 -107.663 -107.144 -1.41116 -0.44083 -1 40
138 145 32 1.6029 1.6022 -107.584 -107.163 -1.48916 -0.46483 -1 40
138 130 33 1.5488 1.548 -112.875 -113.415 -1.43516 -0.33283 -1 40
138 93 34 1.5066 1.505 -109.695 -110.281 -1.39916 -0.38083 -0 40
138 126 35 1.5748 1.5753 -100.9 -100.056 -1.44716 -0.58483 -1 40
138 129 36 1.5457 1.5456 -103.092 -102.886 -1.42916 -0.52483 -1 40
138 146 37 1.5252 1.5204 -112.359 -112.448 -1.41116 -0.34483 -1 40
138 122 38 1.5526 1.5436 -108.664 -107.877 -1.43516 -0.43483 -1 40
138 121 39 1.535 1.5377 -103.608 -103.418 -1.42316 -0.51283 -1 40
138 105 40 1.5809 1.5812 -101.753 -101.884 -1.45916 -0.55483 -1 40
138 144 41 1.4726 1.469 -105.597 -105.259 -1.36316 -0.45883 -1 40
138 106 42 1.5789 1.5792 -113.019 -112.83 -1.46516 -0.35083 -1 40
138 105 43 1.4963 1.4506 -115.017 -113.249 -1.34516 -0.31483 -0 40
138 118 44 1.5742 1.5834 -110.986 -111.319 -1.47116 -0.38083 -1 40
138 110 45 1.5102 1.513 -102.811 -102.94 -1.39916 -0.51283 -1 40
138 176 46 1.602 1.611 -105.21 -105.386 -1.49516 -0.50083 -1 40
138 134 47 1.5163 1.5156 -113.954 -113.362 -1.40516 -0.32683 -0 40
138 111 48 1.5 1.4964 -114.231 -113.464 -1.38716 -0.32083 -0 40
138 109 49 1.4755 1.4732 -107.617 -107.08 -1.36916 -0.42883 -1 40
172 183 0 1.5207 1.5209 -112.968 -112.779 -1.41116 -0.33883 -1 40
172 114 1 1.4722 1.4724 -108.762 -108.447 -1.36916 -0.40483 -1 40
172 156 2 1.5601 1.5565 -108.451 -108.073 -1.44716 -0.43483 -1 40
172 196 3 1.5981 1.6105 -105.341 -105.698 -1.49516 -0.49483 -1 40
172 184 4 1.53 1.5261 -105.726 -105.927 -1.41716 -0.46483 -1 40
172 142 5 1.5036 1.5053 -110.139 -110.615 -1.39916 -0.37483 -1 40
172 176 6 1.4806 1.4827 -104.677 -104.81 -1.37516 -0.47083 -1 40
172 95 7 1.533 1.5374 -110.196 -110.399 -1.42916 -0.38683 -1 40
172 207 8 1.5093 1.5131 -106.048 -106.042 -1.40516 -0.45883 -1 40
172 160 9 1.5684 1.5765 -106.686 -107.084 -1.46516 -0.45883 -1 40
172 174 10 1.4776 1.4811 -105.921 -105.827 -1.37516 -0.45283 -1 40
172 122 11 1.5591 1.5649 -105.423 -105.917 -1.45316 -0.47683 -1 40
172 138 12 1.4783 1.4795 -107.708 -107.187 -1.37516 -0.42883 -1 40
172 155 13 1.5412 1.5385 -103.488 -103.092 -1.42316 -0.51883 -1 40
172 146 14 1.5077 1.5104 -114.32 -113.95 -1.39916 -0.31483 -1 40
172 172 15 1.4856 1.4933 -106.64 -106.385 -1.38716 -0.44683 -1 40
172 148 16 1.5706 1.5772 -111.434 -111.556 -1.46516 -0.37483 -1 40
172 167 17 1.5836 1.5721 -115.117 -115.234 -1.45316 -0.30283 -1 40
172 137 18 1.4792 1.4813 -102.684 -102.659 -1.36916 -0.50683 -1 40
172 125 19 1.4735 1.4727 -108.198 -107.764 -1.36916 -0.41683 -1 40
172 142 20 1.566 1.5707 -111.247 -111.474 -1.45916 -0.37483 -1 40
172 153 21 1.4878 1.4903 -103.537 -104.251 -1.38116 -0.48283 -1 40
172 171 22 1.5813 1.5721 -115.049 -115.234 -1.45316 -0.30283 -1 40
172 134 23 1.505 1.5049 -108.69 -107.938 -1.39916 -0.42283 -1 40
172 159 24 1.5837 1.5766 -100.811 -99.741 -1.44716 -0.59083 -1 40
172 184 25 1.5026 1.5072 -111.942 -112.285 -1.39916 -0.34483 -1 40
172 118 26 1.5538 1.5528 -105.255 -105.381 -1.44116 -0.48283 -1 40
172 129 27 1.5935 1.5836 -114.654 -114.734 -1.46516 -0.31483 -1 40
172 151 28 1.553 1.5534 -112.65 -112.844 -1.44116 -0.34483 -1 40
172 139 29 1.5181 1.5221 -101.75 -102.074 -1.40516 -0.53083 -1 40
172 144 30 1.4855 1.4911 -103.237 -103.914 -1.38116 -0.48883 -1 40
172 123 31 1.5456 1.5518 -111.428 -111.872 -1.44116 -0.36283 -1 40
172 167 32 1.5854 1.5826 -100.63 -99.869 -1.45316 -0.59083 -1 40
172 139 33 1.4875 1.4866 -102.986 -103.12 -1.37516 -0.50083 -1 40
172 142 34 1.5662 1.5655 -112.397 -112.355 -1.45316 -0.35683 -1 40
172 185 35 1.509 1.5077 -112.847 -112.619 -1.39916 -0.33883 -1 40
172 157 36 1.5806 1.5838 -111.709 -111.637 -1.47116 -0.37483 -1 40
172 181 37 1.4986 1.5011 -112.599 -112.538 -1.39316 -0.33883 -1 40
172 177 38 1.5337 1.5261 -105.671 -105.927 -1.41716 -0.46483 -1 40
172 204 39 1.5015 1.5063 -106.082 -106.267 -1.39916 -0.45283 -1 40
172 149 40 1.5495 1.5468 -112.406 -112.766 -1.43516 -0.34483 -1 40
172 149 41 1.5828 1.5847 -112.453 -112.272 -1.47116 -0.36283 -1 40
172 129 42 1.5966 1.5995 -101.597 -102.24 -1.47716 -0.55483 -1 40
172 122 43 1.6038 1.6108 -101.434 -102.784 -1.48916 -0.54883 -1 40
172 138 44 1.5412 1.5361 -104.546 -104.07 -1.42316 -0.50083 -1 40
172 133 45 1.5886 1.5873 -101.692 -102.004 -1.46516 -0.55483 -1 40
172 136 46 1.5465 1.5434 -109.273 -108.53 -1.43516 -0.42283 -1 40
172 125 47 1.4876 1.4854 -108.528 -108.309 -1.38116 -0.41083 -1 40
172 169 48 1.5388 1.5308 -108.369 -107.678 -1.42316 -0.43483 -1 40
172 145 49 1.5084 1.5038 -101.873 -101.697 -1.38716 -0.53083 -1 40
206 190 0 1.5647 1.5701 -106.863 -106.983 -1.45916 -0.45883 -1 40
206 224 1 1.5962 1.6067 -104.217 -104.342 -1.48916 -0.51883 -1 40
206 191 2 1.4888 1.4928 -110.664 -111.109 -1.38716 -0.36283 -1 40
206 180 3 1.5093 1.5104 -114.319 -113.95 -1.39916 -0.31483 -1 40
206 211 4 1.4741 1.4626 -112.668 -112.723 -1.35716 -0.32683 -1 40
206 164 5 1.5608 1.5708 -105.79 -106.342 -1.45916 -0.47083 -1 40
206 214 6 1.5399 1.5421 -113.354 -113.665 -1.42916 -0.32683 -1 40
206 189 7 1.5126 1.5105 -103.781 -103.935 -1.39916 -0.49483 -1 40
206 219 8 1.5368 1.5362 -113.934 -113.917 -1.42316 -0.32083 -1 40
206 206 9 1.5116 1.509 -104.338 -104.6 -1.39916 -0.48283 -1 40
206 182 10 1.5709 1.5769 -111.16 -111.237 -1.46516 -0.38083 -1 40
206 232 11 1.5662 1.5664 -115.212 -115.487 -1.44716 -0.29683 -1 40
206 196 12 1.5525 1.55 -108.14 -107.976 -1.44116 -0.43483 -1 40
206 188 13 1.579 1.5695 -114.329 -114.278 -1.45316 -0.32083 -1 40
206 211 14 1.5293 1.5378 -114.348 -114.57 -1.42316 -0.30883 -1 40
206 216 15 1.5359 1.532 -106.321 -106.363 -1.42316 -0.45883 -1 40
206 180 16 1.5994 1.6047 -102.078 -102.669 -1.48316 -0.54883 -1 40
206 169 17 1.5195 1.5171 -101.49 -101.62 -1.39916 -0.53683 -1 40
206 182 18 1.5357 1.5368 -103.961 -103.744 -1.42316 -0.50683 -1 40
206 197 19 1.5869 1.5904 -111.547 -111.718 -1.47716 -0.37483 -1 40
206 217 20 1.488 1.4881 -100.799 -100.64 -1.36916 -0.54283 -1 40
206 153 21 1.496 1.4862 -115.233 -114.659 -1.37516 -0.29683 -1 40
206 183 22 1.5112 1.5014 -100.874 -100.571 -1.38116 -0.54883 -1 40
206 214 23 1.5805 1.5781 -100.291 -99.426 -1.44716 -0.59683 -1 40
206 184 24 1.5756 1.5777 -111.903 -111.875 -1.46516 -0.36883 -1 40
206 173 25 1.5579 1.5563 -109.185 -108.72 -1.44716 -0.42283 -1 40
206 224 26 1.4943 1.4996 -106.469 -106.494 -1.39316 -0.44683 -1 40
206 186 27 1.5486 1.5435 -108.77 -108.204 -1.43516 -0.42883 -1 40
206 186 28 1.5653 1.5659 -102.351 -102.599 -1.44716 -0.53683 -1 40
206 181 29 1.5991 1.6047 -102.105 -102.669 -1.48316 -0.54883 -1 40
206 186 30 1.483 1.4845 -102.05 -101.647 -1.36916 -0.52483 -1 40
206 162 31 1.5404 1.5436 -100.873 -101.469 -1.42316 -0.54883 -1 40
206 157 32 1.4951 1.4917 -108.867 -108.747 -1.38716 -0.40483 -1 40
206 199 33 1.587 1.59 -111.392 -111.401 -1.47716 -0.38083 -1 40
206 184 34 1.4854 1.4862 -107.448 -106.953 -1.38116 -0.43483 -1 40
206 186 35 1.5325 1.5306 -103.662 -103.627 -1.41716 -0.50683 -1 40
206 195 36 1.4759 1.4772 -103.916 -104.353 -1.36916 -0.47683 -1 40
206 168 37 1.4845 1.4922 -109.896 -110.434 -1.38716 -0.37483 -1 40
206 195 38 1.557 1.5566 -107.804 -107.75 -1.44716 -0.44083 -1 40
206 165 39 1.5566 1.5584 -111.643 -111.954 -1.44716 -0.36283 -1 40
206 207 40 1.5688 1.5707 -100.291 -99.611 -1.44116 -0.59083 -1 40
206 147 41 1.4749 1.4789 -109.421 -109.57 -1.37516 -0.38683 -1 40
206 221 42 1.5132 1.5141 -104.879 -105.377 -1.40516 -0.47083 -1 40
206 228 43 1.5305 1.5257 -106.281 -106.257 -1.41716 -0.45883 -1 40
206 185 44 1.5794 1.5695 -114.273 -114.278 -1.45316 -0.32083 -1 40
206 182 45 1.53 1.5343 -101.878 -102.32 -1.41716 -0.53083 -1 40
206 182 46 1.5624 1.56 -112.907 -112.921 -1.44716 -0.34483 -1 40
206 214 47 1.5323 1.5281 -113.299 -113.187 -1.41716 -0.33283 -1 40
206 189 48 1.599 1.6037 -102.308 -102.981 -1.48316 -0.54283 -1 40
206 156 49 1.5551 1.563 -109.969 -110.103 -1.45316 -0.39883 -1 40
241 261 0 1.5479 1.5503 -114.274 -114.387 -1.43516 -0.31483 -1 40
241 205 1 1.5952 1.595 -109.296 -109.274 -1.48316 -0.42283 -1 40
241 221 2 1.5105 1.5055 -110.786 -110.949 -1.39916 -0.36883 -1 40
241 248 3 1.6032 1.6101 -112.147 -111.955 -1.49516 -0.37483 -1 40
241 273 4 1.6043 1.6129 -104.353 -104.451 -1.49516 -0.51883 -1 40
241 256 5 1.5361 1.5313 -107.349 -107.02 -1.42316 -0.44683 -1 40
241 206 6 1.5485 1.5451 -105.911 -106.248 -1.43516 -0.46483 -1 40
241 209 7 1.5106 1.5139 -102.623 -102.609 -1.39916 -0.51883 -1 40
241 209 8 1.4956 1.4989 -103.091 -103.363 -1.38716 -0.50083 -1 40
241 219 9 1.6009 1.5952 -108.458 -108.011 -1.48316 -0.44683 -1 40
241 200 10 1.5378 1.5425 -101.181 -101.793 -1.42316 -0.54283 -1 40
241 218 11 1.5211 1.5245 -103.48 -103.509 -1.41116 -0.50683 -1 40
241 223 12 1.5489 1.5468 -112.643 -112.766 -1.43516 -0.34483 -1 40
241 163 13 1.5343 1.5376 -110.381 -110.726 -1.42916 -0.38083 -1 40
241 246 14 1.4908 1.4881 -101.026 -100.64 -1.36916 -0.54283 -1 40
241 180 15 1.6026 1.6028 -114.696 -114.623 -1.48316 -0.32083 -1 40
241 238 16 1.5692 1.5693 -100.369 -99.928 -1.44116 -0.58483 -1 40
241 212 17 1.5702 1.5772 -111.289 -111.556 -1.46516 -0.37483 -1 40
241 214 18 1.4906 1.4845 -114.245 -113.984 -1.37516 -0.30883 -1 40
241 201 19 1.5165 1.5074 -100.872 -100.703 -1.38716 -0.54883 -1 40
241 206 20 1.5021 1.4971 -114.3 -113.799 -1.38716 -0.31483 -1 40
241 222 21 1.5558 1.5509 -103.477 -103.327 -1.43516 -0.51883 -1 40
241 181 22 1.6017 1.597 -115.009 -114.869 -1.47716 -0.31483 -1 40
241 216 23 1.5705 1.5714 -101.06 -101.006 -1.44716 -0.56683 -1 40
241 209 24 1.5409 1.5396 -111.928 -112.361 -1.42916 -0.35083 -1 40
241 260 25 1.549 1.5503 -114.194 -114.387 -1.43516 -0.31483 -1 40
241 178 26 1.5379 1.5369 -109.616 -109.089 -1.42916 -0.41083 -1 40
241 178 27 1.5118 1.5111 -109.498 -109.372 -1.40516 -0.39883 -1 40
241 216 28 1.574 1.5777 -111.92 -111.875 -1.46516 -0.36883 -1 40
241 253 29 1.5934 1.5969 -106.108 -106.119 -1.48316 -0.48283 -1 40
241 259 30 1.5313 1.5257 -106.217 -106.257 -1.41716 -0.45883 -1 40
241 231 31 1.5934 1.584 -100.408 -99.555 -1.45316 -0.59683 -1 40
241 217 32 1.5566 1.557 -103.727 -103.444 -1.44116 -0.51883 -1 40
241 227 33 1.5871 1.5887 -108.318 -108.233 -1.47716 -0.44083 -1 40
241 212 34 1.5704 1.5765 -110.634 -110.917 -1.46516 -0.38683 -1 40
241 221 35 1.4815 1.4784 -101.932 -101.518 -1.36316 -0.52483 -1 40
241 254 36 1.5995 1.6029 -106.68 -106.535 -1.48916 -0.47683 -1 40
241 205 37 1.5786 1.5739 -113.35 -113.392 -1.45916 -0.33883 -1 40
241 212 38 1.5477 1.5434 -108.94 -108.53 -1.43516 -0.42283 -1 40
241 243 39 1.4956 1.4941 -100.833 -100.772 -1.37516 -0.54283 -1 40
241 249 40 1.5041 1.5084 -104.627 -104.933 -1.39916 -0.47683 -1 40
241 216 41 1.5743 1.573 -102.323 -102.398 -1.45316 -0.54283 -1 40
241 249 42 1.4872 1.489 -104.845 -104.925 -1.38116 -0.47083 -1 40
241 242 43 1.5812 1.5831 -106.969 -106.865 -1.47116 -0.46483 -1 40
241 254 44 1.6034 1.6025 -106.886 -106.849 -1.48916 -0.47083 -1 40
241 240 45 1.4736 1.469 -105.558 -105.259 -1.36316 -0.45883 -1 40
241 208 46 1.5825 1.5821 -109.301 -109.092 -1.47116 -0.42283 -1 40
241 212 47 1.5585 1.5593 -100.846 -100.755 -1.43516 -0.56683 -1 40
241 209 48 1.5947 1.5952 -109.612 -109.905 -1.48316 -0.41083 -1 40
241 207 49 1.5839 1.5821 -109.366 -109.411 -1.47116 -0.41683 -1 40
275 238 0 1.5835 1.5823 -101.623 -101.568 -1.45916 -0.56083 -1 40
275 293 1 1.5503 1.5503 -114.172 -114.387 -1.43516 -0.31483 -1 40
275 241 2 1.5815 1.5802 -101.995 -102.2 -1.45916 -0.54883 -1 40
275 234 3 1.5341 1.5305 -109.048 -108.336 -1.42316 -0.42283 -1 40
275 283 4 1.5407 1.5377 -107.341 -107.123 -1.42916 -0.44683 -1 40
275 307 5 1.5178 1.5131 -106.121 -106.042 -1.40516 -0.45883 -1 40
275 256 6 1.5724 1.5739 -100.783 -100.372 -1.44716 -0.57883 -1 40
275 255 7 1.4868 1.4771 -114.059 -113.568 -1.36916 -0.31483 -1 40
275 271 8 1.5429 1.5372 -108.167 -107.778 -1.42916 -0.43483 -1 40
275 253 9 1.5681 1.5669 -102.199 -102.279 -1.44716 -0.54283 -1 40
275 223 10 1.5966 1.5945 -114.043 -113.926 -1.47716 -0.33283 -1 40
275 222 11 1.4859 1.4853 -109.099 -108.987 -1.38116 -0.39883 -1 40
275 214 12 1.4746 1.4789 -108.626 -108.548 -1.37516 -0.40483 -1 40
275 239 13 1.5796 1.5798 -113.177 -113.148 -1.46516 -0.34483 -1 40
275 263 14 1.5433 1.5466 -102.587 -102.562 -1.42916 -0.53083 -1 40
275 259 15 1.5504 1.5537 -102.16 -102.36 -1.43516 -0.53683 -1 40
275 266 16 1.4942 1.4989 -107.384 -107.165 -1.39316 -0.43483 -1 40
275 278 17 1.4773 1.476 -100.805 -100.372 -1.35716 -0.54283 -1 40
275 260 18 1.5378 1.5385 -103.234 -103.092 -1.42316 -0.51883 -1 40
275 284 19 1.5743 1.5721 -115.053 -115.234 -1.45316 -0.30283 -1 40
275 287 20 1.4926 1.4952 -104.902 -105.04 -1.38716 -0.47083 -1 40
275 297 21 1.5098 1.5119 -107.205 -107.04 -1.40516 -0.44083 -1 40
275 253 22 1.4975 1.4964 -113.872 -113.464 -1.38716 -0.32083 -1 40
275 245 23 1.5211 1.5211 -102.126 -102.402 -1.40516 -0.52483 -1 40
275 309 24 1.5142 1.5131 -105.867 -106.042 -1.40516 -0.45883 -1 40
275 269 25 1.4736 1.4748 -105.983 -105.715 -1.36916 -0.45283 -1 40
275 256 26 1.48 1.4784 -101.886 -101.518 -1.36316 -0.52483 -1 40
275 263 27 1.555 1.5537 -102.459 -102.36 -1.43516 -0.53683 -1 40
275 226 28 1.4926 1.4917 -108.867 -108.747 -1.38716 -0.40483 -1 40
275 270 29 1.5833 1.5826 -100.415 -99.869 -1.45316 -0.59083 -1 40
275 304 30 1.5196 1.5186 -107.151 -106.812 -1.41116 -0.44683 -1 40
275 260 31 1.489 1.4926 -107.276 -107.06 -1.38716 -0.43483 -1 40
275 205 32 1.5291 1.5249 -110.523 -110.88 -1.41716 -0.37483 -1 40
275 215 33 1.5095 1.5047 -109.357 -109.277 -1.39916 -0.39883 -1 40
275 250 34 1.5335 1.5353 -101.864 -101.994 -1.41716 -0.53683 -1 40
275 247 35 1.51 1.505 -101.488 -101.365 -1.38716 -0.53683 -1 40
275 242 36 1.5984 1.595 -108.867 -108.642 -1.48316 -0.43483 -1 40
275 276 37 1.5612 1.5561 -113.947 -114.135 -1.44116 -0.32083 -1 40
275 279 38 1.5837 1.5895 -106.733 -106.965 -1.47716 -0.46483 -1 40
275 218 39 1.5491 1.551 -111.053 -111.224 -1.44116 -0.37483 -1 40
275 243 40 1.4988 1.4956 -102.374 -102.237 -1.38116 -0.51883 -1 40
275 293 41 1.5448 1.5436 -114.34 -114.315 -1.42916 -0.31483 -1 40
275 241 42 1.4863 1.4922 -110.123 -110.434 -1.38716 -0.37483 -1 40
275 243 43 1.5779 1.5751 -101.786 -101.763 -1.45316 -0.55483 -1 40
275 256 44 1.5796 1.5838 -111.7 -111.637 -1.47116 -0.37483 -1 40
275 246 45 1.5825 1.5853 -102.512 -102.634 -1.46516 -0.54283 -1 40
275 284 46 1.5215 1.5203 -105.158 -105.488 -1.41116 -0.47083 -1 40
275 257 47 1.5792 1.5831 -110.837 -111.001 -1.47116 -0.38683 -1 40
275 249 48 1.5048 1.5038 -101.849 -101.697 -1.38716 -0.53083 -1 40
275 260 49 1.5886 1.5958 -103.214 -103.494 -1.47716 -0.53083 -1 40
310 329 0 1.5425 1.5463 -115.151 -115.288 -1.42916 -0.29683 -1 40
310 295 1 1.5904 1.5958 -110.67 -110.852 -1.48316 -0.39283 -1 40
310 266 2 1.5622 1.57 -110.581 -110.833 -1.45916 -0.38683 -1 40
310 285 3 1.5839 1.5843 -102.995 -102.95 -1.46516 -0.53683 -1 40
310 283 4 1.5853 1.5821 -108.797 -108.456 -1.47116 -0.43483 -1 40
310 290 5 1.562 1.5579 -103.302 -103.122 -1.44116 -0.52483 -1 40
310 279 6 1.5713 1.5692 -109.05 -108.908 -1.45916 -0.42283 -1 40
310 250 7 1.513 1.5111 -109.155 -108.705 -1.40516 -0.41083 -1 40
310 322 8 1.5165 1.5143 -112.778 -112.699 -1.40516 -0.33883 -1 40
310 270 9 1.5826 1.5812 -113.715 -113.783 -1.46516 -0.33283 -1 40
310 296 10 1.5969 1.6024 -110.453 -110.935 -1.48916 -0.39283 -1 41
310 296 11 1.5476 1.5466 -102.334 -102.562 -1.42916 -0.53083 -1 40
310 293 12 1.5685 1.5687 -113.79 -113.958 -1.45316 -0.32683 -1 40
310 283 13 1.5102 1.5027 -100.282 -100.24 -1.38116 -0.55483 -1 41
310 290 14 1.5991 1.6086 -110.176 -110.705 -1.49516 -0.39883 -1 41
310 309 15 1.5917 1.589 -107.723 -107.599 -1.47716 -0.45283 -1 40
310 275 16 1.5792 1.5763 -101.522 -101.446 -1.45316 -0.56083 -1 40
310 289 17 1.6006 1.5952 -108.319 -108.011 -1.48316 -0.44683 -1 41
310 289 18 1.5283 1.5324 -102.929 -102.973 -1.41716 -0.51883 -1 40
310 281 19 1.5893 1.5886 -108.828 -108.55 -1.47716 -0.43483 -1 41
310 297 20 1.5978 1.5974 -112.352 -112.112 -1.48316 -0.36883 -1 41
310 283 21 1.5802 1.5826 -103.699 -103.583 -1.46516 -0.52483 -1 41
310 297 22 1.5408 1.5395 -102.695 -102.766 -1.42316 -0.52483 -1 40
310 283 23 1.5598 1.557 -103.772 -103.444 -1.44116 -0.51883 -1 40
310 307 24 1.4777 1.4698 -113.443 -113.148 -1.36316 -0.32083 -1 40
310 260 25 1.5951 1.5907 -101.214 -101.061 -1.46516 -0.57283 -1 41
310 298 26 1.4934 1.4926 -107.305 -107.06 -1.38716 -0.43483 -1 40
310 270 27 1.4895 1.4853 -114.715 -114.321 -1.37516 -0.30283 -1 40
310 279 28 1.5343 1.5325 -111.692 -111.953 -1.42316 -0.35683 -1 40
310 295 29 1.4914 1.4897 -113.463 -113.386 -1.38116 -0.32083 -1 41
310 297 30 1.568 1.5698 -107.309 -107.304 -1.45916 -0.45283 -1 40
310 257 31 1.5466 1.5498 -109.461 -109.275 -1.44116 -0.41083 -1 40
310 287 32 1.5823 1.5859 -104.739 -104.961 -1.47116 -0.50083 -1 41
310 286 33 1.5837 1.5847 -112.312 -112.272 -1.47116 -0.36283 -1 40
310 336 34 1.5275 1.5253 -106.508 -106.587 -1.41716 -0.45283 -1 40
310 255 35 1.5197 1.5183 -110.411 -110.793 -1.41116 -0.37483 -1 40
310 281 36 1.5808 1.5825 -110.115 -110.365 -1.47116 -0.39883 -1 40
310 299 37 1.552 1.55 -108.01 -107.976 -1.44116 -0.43483 -1 40
310 267 38 1.5689 1.5717 -105.589 -105.702 -1.45916 -0.48283 -1 41
310 272 39 1.5509 1.5546 -100.309 -100.308 -1.42916 -0.57283 -1 40
310 295 40 1.5552 1.5504 -107.568 -107.326 -1.44116 -0.44683 -1 40
310 326 41 1.6033 1.6033 -106.209 -106.221 -1.48916 -0.48283 -1 41
310 312 42 1.5204 1.5209 -104.971 -105.158 -1.41116 -0.47683 -1 40
310 276 43 1.5005 1.4998 -102.906 -103.029 -1.38716 -0.50683 -1 41
310 287 44 1.5946 1.5979 -112.589 -112.427 -1.48316 -0.36283 -1 40
310 271 45 1.478 1.4795 -107.525 -107.187 -1.37516 -0.42883 -1 40
310 340 46 1.5213 1.5194 -106.061 -106.15 -1.41116 -0.45883 -1 40
310 298 47 1.5547 1.5527 -102.807 -102.682 -1.43516 -0.53083 -1 40
310 259 48 1.4868 1.4854 -108.554 -108.309 -1.38116 -0.41083 -1 40
310 306 49 1.5871 1.5911 -105.59 -105.7 -1.47716 -0.48883 -1 41
344 324 0 1.5338 1.533 -112.008 -112.281 -1.42316 -0.35083 -1 40
344 310 1 1.5057 1.5069 -102.902 -102.818 -1.39316 -0.51283 -1 41
344 311 2 1.4743 1.4808 -111.492 -111.951 -1.37516 -0.34483 -1 41
344 332 3 1.5532 1.55 -108.151 -107.976 -1.44116 -0.43483 -1 40
344 293 4 1.4959 1.4983 -109.442 -109.517 -1.39316 -0.39283 -1 40
344 350 5 1.4881 1.4937 -106.097 -106.049 -1.38716 -0.45283 -1 41
344 277 6 1.545 1.5507 -110.803 -110.899 -1.44116 -0.38083 -1 40
344 318 7 1.5324 1.5305 -108.672 -108.336 -1.42316 -0.42283 -1 40
344 326 8 1.5629 1.5629 -108.139 -108.17 -1.45316 -0.43483 -1 40
344 316 9 1.5621 1.5632 -103.669 -103.559 -1.44716 -0.51883 -1 41
344 354 10 1.5556 1.5561 -114.097 -114.135 -1.44116 -0.32083 -1 41
344 314 11 1.5706 1.5692 -108.927 -108.908 -1.45916 -0.42283 -1 41
344 369 12 1.517 1.5135 -105.631 -105.71 -1.40516 -0.46483 -1 41
344 332 13 1.484 1.4834 -104.144 -104.471 -1.37516 -0.47683 -1 41
344 302 14 1.5671 1.5686 -104.21 -103.993 -1.45316 -0.51283 -1 41
344 326 15 1.5487 1.5456 -103.216 -102.886 -1.42916 -0.52483 -1 40
344 304 16 1.5844 1.5812 -101.804 -101.884 -1.45916 -0.55483 -1 41
344 364 17 1.5071 1.5059 -106.933 -106.601 -1.39916 -0.44683 -1 40
344 313 18 1.546 1.543 -104.005 -103.86 -1.42916 -0.50683 -1 41
344 343 19 1.5602 1.5561 -113.92 -114.135 -1.44116 -0.32083 -1 40
344 369 20 1.5095 1.5072 -105.441 -105.599 -1.39916 -0.46483 -1 41
344 349 21 1.5955 1.6004 -104.21 -104.233 -1.48316 -0.51883 -1 41
344 306 22 1.5535 1.5546 -100.516 -100.308 -1.42916 -0.57283 -1 41
344 326 23 1.5008 1.503 -113.712 -113.541 -1.39316 -0.32083 -1 41
344 314 24 1.515 1.5113 -108.447 -108.039 -1.40516 -0.42283 -1 40
344 347 25 1.4957 1.4992 -106.986 -106.829 -1.39316 -0.44083 -1 41
344 328 26 1.5691 1.5687 -113.941 -113.958 -1.45316 -0.32683 -1 40
344 310 27 1.5708 1.5776 -105.797 -106.126 -1.46516 -0.47683 -1 41
344 312 28 1.575 1.576 -110.134 -110.279 -1.46516 -0.39883 -1 41
344 314 29 1.5809 1.5792 -102.598 -102.517 -1.45916 -0.54283 -1 41
344 330 30 1.5548 1.5527 -102.547 -102.682 -1.43516 -0.53083 -1 40
344 328 31 1.5714 1.5768 -106.542 -106.764 -1.46516 -0.46483 -1 41
344 372 32 1.5084 1.5072 -105.72 -105.599 -1.39916 -0.46483 -1 41
344 323 33 1.511 1.5105 -103.716 -103.935 -1.39916 -0.49483 -1 41
344 301 34 1.5725 1.5785 -105.128 -105.489 -1.46516 -0.48883 -1 41
344 306 35 1.4904 1.4927 -102.959 -103.242 -1.38116 -0.50083 -1 41
344 312 36 1.4751 1.4804 -111.44 -111.611 -1.37516 -0.35083 -1 41
344 313 37 1.5707 1.5769 -111.013 -111.237 -1.46516 -0.38083 -1 40
344 283 38 1.4806 1.4853 -109.031 -109.326 -1.38116 -0.39283 -1 40
344 316 39 1.5984 1.5984 -112.85 -112.741 -1.48316 -0.35683 -1 41
344 343 40 1.5423 1.5414 -113.133 -113.34 -1.42916 -0.33283 -1 40
344 282 41 1.5407 1.5413 -100.281 -100.372 -1.41716 -0.56683 -1 41
344 323 42 1.592 1.5967 -102.845 -103.18 -1.47716 -0.53683 -1 41
344 318 43 1.5514 1.5498 -108.717 -108.625 -1.44116 -0.42283 -1 40
344 319 44 1.5832 1.5888 -103.429 -103.696 -1.47116 -0.52483 -1 41
344 332 45 1.5755 1.5739 -100.558 -100.372 -1.44716 -0.57883 -1 41
344 337 46 1.5927 1.5965 -111.505 -111.482 -1.48316 -0.38083 -1 41
344 315 47 1.5213 1.5211 -102.489 -102.402 -1.40516 -0.52483 -1 40
344 300 48 1.6004 1.5946 -100.6 -100.122 -1.46516 -0.59083 -1 41
344 358 49 1.54 1.5454 -115.025 -114.964 -1.42916 -0.30283 -1 41
378 340 0 1.4745 1.4762 -102.261 -102.194 -1.36316 -0.51283 -1 41
378 387 1 1.5144 1.5149 -112.943 -113.031 -1.40516 -0.33283 -1 41
378 363 2 1.4734 1.4653 -114.52 -114.095 -1.35716 -0.30283 -1 41
378 327 3 1.5976 1.6004 -113.695 -113.683 -1.48316 -0.33883 -1 41
378 334 4 1.5985 1.5946 -100.607 -100.122 -1.46516 -0.59083 -1 41
378 336 5 1.5146 1.5134 -100.888 -100.833 -1.39316 -0.54883 -1 41
378 335 6 1.4971 1.4985 -109.828 -110.189 -1.39316 -0.38083 -1 41
378 353 7 1.5691 1.5704 -106.404 -106.663 -1.45916 -0.46483 -1 41
378 339 8 1.4975 1.4985 -109.905 -110.189 -1.39316 -0.38083 -1 40
378 348 9 1.5897 1.5889 -110.023 -110.134 -1.47716 -0.40483 -1 41
378 352 10 1.524 1.5262 -115.1 -115.084 -1.41116 -0.29683 -1 41
378 373 11 1.5249 1.5198 -112.03 -112.118 -1.41116 -0.35083 -1 41
378 339 12 1.4929 1.492 -109.93 -110.097 -1.38716 -0.38083 -1 40
378 322 13 1.5554 1.554 -104.77 -104.734 -1.44116 -0.49483 -1 41
378 367 14 1.5089 1.5059 -111.039 -111.284 -1.39916 -0.36283 -1 40
378 335 15 1.5915 1.5836 -114.911 -114.734 -1.46516 -0.31483 -1 41
378 335 16 1.5631 1.5635 -110.661 -110.747 -1.45316 -0.38683 -1 41
378 366 17 1.5037 1.5051 -107.734 -107.604 -1.39916 -0.42883 -1 41
378 359 18 1.5124 1.5105 -103.855 -103.935 -1.39916 -0.49483 -1 41
378 348 19 1.4979 1.4987 -110.202 -110.525 -1.39316 -0.37483 -1 40
378 298 20 1.5294 1.5306 -109.759 -109.652 -1.42316 -0.39883 -1 41
378 378 21 1.5281 1.5303 -114.278 -114.171 -1.41716 -0.31483 -1 41
378 375 22 1.474 1.4692 -112.907 -112.806 -1.36316 -0.32683 -1 41
378 322 23 1.4744 1.4794 -110.487 -110.591 -1.37516 -0.36883 -1 41
378 343 24 1.5585 1.5589 -112.193 -112.276 -1.44716 -0.35683 -1 41
378 323 25 1.4852 1.4853 -109.191 -109.326 -1.38116 -0.39283 -1 41
378 376 26 1.5033 1.5028 -104.37 -104.484 -1.39316 -0.48283 -1 41
378 349 27 1.5049 1.5038 -101.905 -101.697 -1.38716 -0.53083 -1 41
378 344 28 1.5449 1.5388 -105.98 -106.142 -1.42916 -0.46483 -1 41
378 361 29 1.5566 1.5537 -102.502 -102.36 -1.43516 -0.53683 -1 41
378 348 30 1.5834 1.577 -114.57 -114.666 -1.45916 -0.31483 -1 41
378 386 31 1.5225 1.5209 -112.657 -112.779 -1.41116 -0.33883 -1 41
378 368 32 1.5739 1.576 -107.61 -107.722 -1.46516 -0.44683 -1 41
378 343 33 1.5854 1.5836 -114.581 -114.734 -1.46516 -0.31483 -1 41
378 329 34 1.5342 1.5305 -109.102 -108.665 -1.42316 -0.41683 -1 41
378 302 35 1.5218 1.5179 -110.003 -110.13 -1.41116 -0.38683 -1 41
378 377 36 1.5384 1.532 -106.395 -106.363 -1.42316 -0.45883 -1 41
378 359 37 1.5867 1.5896 -103.358 -103.381 -1.47116 -0.53083 -1 41
378 339 38 1.4791 1.4795 -107.487 -107.187 -1.37516 -0.42883 -1 41
378 325 39 1.4988 1.492 -114.811 -114.395 -1.38116 -0.30283 -1 41
378 307 40 1.5183 1.5176 -109.42 -109.134 -1.41116 -0.40483 -1 41
378 397 41 1.5289 1.5247 -107.414 -107.247 -1.41716 -0.44083 -1 41
378 315 42 1.5091 1.5047 -109.509 -109.612 -1.39916 -0.39283 -1 41
378 344 43 1.4859 1.4834 -102.355 -101.984 -1.36916 -0.51883 -1 41
378 302 44 1.5214 1.5176 -109.578 -109.466 -1.41116 -0.39883 -1 41
378 387 45 1.6011 1.6033 -106.366 -106.221 -1.48916 -0.48283 -1 41
378 357 46 1.564 1.565 -103.028 -102.918 -1.44716 -0.53083 -1 41
378 386 47 1.5953 1.5962 -106.827 -106.749 -1.48316 -0.47083 -1 41
378 330 48 1.4939 1.492 -114.773 -114.395 -1.38116 -0.30283 -1 41
378 351 49 1.5751 1.5776 -105.805 -106.126 -1.46516 -0.47683 -1 41
413 419 0 1.4848 1.482 -100.692 -100.507 -1.36316 -0.54283 -1 41
413 378 1 1.5895 1.5885 -109.222 -109.184 -1.47716 -0.42283 -1 41
413 444 2 1.5172 1.519 -106.345 -106.481 -1.41116 -0.45283 -1 41
413 392 3 1.5703 1.5693 -108.242 -108.266 -1.45916 -0.43483 -1 41
413 410 4 1.5229 1.5209 -104.948 -105.158 -1.41116 -0.47683 -1 41
413 426 5 1.5586 1.557 -114.309 -114.457 -1.44116 -0.31483 -1 41
413 374 6 1.576 1.5791 -105.035 -105.171 -1.46516 -0.49483 -1 41
413 408 7 1.5499 1.548 -113.307 -113.415 -1.43516 -0.33283 -1 41
413 386 8 1.5341 1.5306 -103.745 -103.627 -1.41716 -0.50683 -1 41
413 404 9 1.4859 1.4885 -112.609 -112.711 -1.38116 -0.33283 -1 41
413 419 10 1.4869 1.4879 -105.699 -105.6 -1.38116 -0.45883 -1 41
413 444 11 1.5078 1.5068 -106.038 -105.933 -1.39916 -0.45883 -1 41
413 385 12 1.4777 1.4798 -106.951 -106.846 -1.37516 -0.43483 -1 41
413 402 13 1.4775 1.4796 -101.247 -101.18 -1.36316 -0.53083 -1 41
413 403 14 1.4947 1.4993 -110.969 -111.197 -1.39316 -0.36283 -1 41
413 433 15 1.5264 1.5257 -106.176 -106.257 -1.41716 -0.45883 -1 41
413 384 16 1.5784 1.5756 -108.779 -108.681 -1.46516 -0.42883 -1 41
413 412 17 1.5089 1.5117 -107.644 -107.373 -1.40516 -0.43483 -1 41
413 374 18 1.4851 1.4866 -102.973 -103.12 -1.37516 -0.50083 -1 41
413 383 19 1.5656 1.5632 -103.576 -103.559 -1.44716 -0.51883 -1 41
413 369 20 1.5942 1.5931 -113.311 -113.296 -1.47716 -0.34483 -1 41
413 405 21 1.4884 1.4929 -106.806 -106.722 -1.38716 -0.44083 -1 41
413 437 22 1.5028 1.5068 -105.648 -105.933 -1.39916 -0.45883 -1 41
413 391 23 1.5719 1.5693 -108.309 -108.266 -1.45916 -0.43483 -1 41
413 377 24 1.5639 1.5655 -112.171 -112.355 -1.45316 -0.35683 -1 41
413 417 25 1.5862 1.5895 -106.831 -106.965 -1.47716 -0.46483 -1 41
413 354 26 1.535 1.5317 -111.169 -111.296 -1.42316 -0.36883 -1 41
413 390 27 1.5651 1.565 -103.112 -102.918 -1.44716 -0.53083 -1 41
413 411 28 1.5839 1.5828 -107.389 -107.183 -1.47116 -0.45883 -1 41
413 385 29 1.5723 1.573 -102.44 -102.398 -1.45316 -0.54283 -1 41
413 381 30 1.5998 1.5951 -108.53 -108.327 -1.48316 -0.44083 -1 41
413 380 31 1.5402 1.5392 -105.612 -105.815 -1.42916 -0.47083 -1 41
413 415 32 1.5343 1.532 -106.147 -106.363 -1.42316 -0.45883 -1 41
413 385 33 1.484 1.4849 -103.531 -103.795 -1.37516 -0.48883 -1 41
413 400 34 1.5449 1.5466 -102.611 -102.562 -1.42916 -0.53083 -1 41
413 393 35 1.5642 1.565 -102.925 -102.918 -1.44716 -0.53083 -1 41
413 418 36 1.5329 1.5378 -114.441 -114.57 -1.42316 -0.30883 -1 41
413 376 37 1.602 1.6047 -102.25 -102.669 -1.48316 -0.54883 -1 41
413 393 38 1.5609 1.5579 -103.287 -103.122 -1.44116 -0.52483 -1 41
413 384 39 1.585 1.5821 -108.745 -108.456 -1.47116 -0.43483 -1 41
413 396 40 1.5354 1.5329 -105.548 -105.707 -1.42316 -0.47083 -1 41
413 421 41 1.5193 1.5209 -112.616 -112.779 -1.41116 -0.33883 -1 41
413 375 42 1.4883 1.4866 -103.168 -103.12 -1.37516 -0.50083 -1 41
413 355 43 1.5374 1.5369 -109.337 -109.089 -1.42916 -0.41083 -1 41
413 383 44 1.4822 1.4834 -102.138 -101.984 -1.36916 -0.51883 -1 41
413 424 45 1.4909 1.4894 -100.475 -100.305 -1.36916 -0.54883 -1 41
413 383 46 1.5114 1.5113 -108.386 -108.039 -1.40516 -0.42283 -1 41
413 388 47 1.4891 1.4911 -103.618 -103.914 -1.38116 -0.48883 -1 41
413 384 48 1.4732 1.4735 -106.734 -106.738 -1.36916 -0.43483 -1 41
413 369 49 1.487 1.4855 -108.002 -107.97 -1.38116 -0.41683 -1 41
447 398 0 1.5161 1.5196 -115.157 -115.015 -1.40516 -0.29683 -1 41
447 413 1 1.5655 1.5704 -106.362 -106.663 -1.45916 -0.46483 -1 41
447 451 2 1.5286 1.5275 -112.931 -112.858 -1.41716 -0.33883 -1 41
447 384 3 1.5507 1.55 -109.949 -109.925 -1.44116 -0.39883 -1 41
447 452 4 1.4906 1.4881 -100.77 -100.64 -1.36916 -0.54283 -1 41
447 427 5 1.5195 1.5245 -114.331 -114.427 -1.41116 -0.30883 -1 41
447 407 6 1.5315 1.5353 -101.609 -101.994 -1.41716 -0.53683 -1 41
447 425 7 1.5866 1.5896 -103.282 -103.381 -1.47116 -0.53083 -1 41
447 424 8 1.554 1.5499 -108.423 -108.301 -1.44116 -0.42883 -1 41
447 378 9 1.5284 1.5305 -109.32 -108.994 -1.42316 -0.41083 -1 41
447 420 10 1.5195 1.5192 -103.012 -103.061 -1.40516 -0.51283 -1 41
447 423 11 1.5988 1.6037 -102.752 -102.981 -1.48316 -0.54283 -1 41
447 384 12 1.4998 1.5004 -115.197 -115.137 -1.38716 -0.29083 -1 41
447 451 13 1.4787 1.482 -100.563 -100.507 -1.36316 -0.54283 -1 41
447 413 14 1.5876 1.5885 -108.954 -108.867 -1.47716 -0.42883 -1 41
447 423 15 1.5926 1.5887 -108.525 -108.233 -1.47716 -0.44083 -1 41
447 429 16 1.5712 1.5739 -100.542 -100.372 -1.44716 -0.57883 -1 41
447 462 17 1.6038 1.6042 -105.622 -105.594 -1.48916 -0.49483 -1 41
447 398 18 1.5609 1.5617 -104.422 -104.201 -1.44716 -0.50683 -1 41
447 445 19 1.5681 1.5636 -114.402 -114.527 -1.44716 -0.31483 -1 41
447 432 20 1.5326 1.5266 -105.475 -105.598 -1.41716 -0.47083 -1 41
447 442 21 1.5192 1.5146 -104.82 -105.046 -1.40516 -0.47683 -1 41
447 425 22 1.5983 1.5979 -112.545 -112.427 -1.48316 -0.36283 -1 41
447 405 23 1.4805 1.4823 -102.48 -102.321 -1.36916 -0.51283 -1 41
447 449 24 1.5239 1.5203 -105.273 -105.488 -1.41116 -0.47083 -1 41
447 453 25 1.5341 1.537 -114.017 -114.244 -1.42316 -0.31483 -1 41
447 414 26 1.5192 1.5186 -110.987 -111.124 -1.41116 -0.36883 -1 41
447 446 27 1.5212 1.5229 -113.704 -113.769 -1.41116 -0.32083 -1 41
447 451 28 1.5873 1.5895 -107.071 -106.965 -1.47716 -0.46483 -1 41
447 410 29 1.5448 1.543 -104.218 -103.86 -1.42916 -0.50683 -1 41
447 425 30 1.5116 1.5121 -110.879 -111.037 -1.40516 -0.36883 -1 41
447 450 31 1.4905 1.4881 -100.883 -100.64 -1.36916 -0.54283 -1 41
447 453 32 1.4884 1.4879 -105.468 -105.6 -1.38116 -0.45883 -1 41
447 431 33 1.5448 1.5447 -103.1 -103.21 -1.42916 -0.51883 -1 41
447 390 34 1.4827 1.4853 -108.581 -108.648 -1.38116 -0.40483 -1 41
447 423 35 1.4757 1.4739 -106.559 -106.397 -1.36916 -0.44083 -1 41
447 434 36 1.5501 1.5504 -107.152 -107.326 -1.44116 -0.44683 -1 41
447 397 37 1.5943 1.5907 -101.098 -101.061 -1.46516 -0.57283 -1 41
447 386 38 1.5524 1.5567 -110.355 -110.338 -1.44716 -0.39283 -1 41
447 430 39 1.5574 1.5588 -102.848 -102.801 -1.44116 -0.53083 -1 41
447 467 40 1.5045 1.5059 -106.791 -106.601 -1.39916 -0.44683 -1 41
447 448 41 1.4926 1.4881 -100.684 -100.64 -1.36916 -0.54283 -1 41
447 432 42 1.5954 1.5958 -110.701 -110.852 -1.48316 -0.39283 -1 41
447 470 43 1.5479 1.553 -115.193 -115.355 -1.43516 -0.29683 -1 41
447 386 44 1.559 1.5591 -105.457 -105.489 -1.44716 -0.48283 -1 41
447 416 45 1.4888 1.4919 -103.485 -103.578 -1.38116 -0.49483 -1 41
447 375 46 1.6038 1.6037 -114.915 -114.935 -1.48316 -0.31483 -1 41
447 416 47 1.5183 1.5201 -102.526 -102.731 -1.40516 -0.51883 -1 41
447 433 48 1.5485 1.5444 -106.886 -106.899 -1.43516 -0.45283 -1 41
447 403 49 1.5548 1.5584 -111.908 -111.954 -1.44716 -0.36283 -1 41
482 450 0 1.5705 1.5702 -101.458 -101.324 -1.44716 -0.56083 -1 41
482 447 1 1.5462 1.5497 -101.475 -101.593 -1.42916 -0.54883 -1 41
482 435 2 1.4725 1.4762 -102.25 -102.194 -1.36316 -0.51283 -1 41
482 467 3 1.5187 1.5194 -111.484 -111.787 -1.41116 -0.35683 -1 41
482 492 4 1.5404 1.5463 -115.211 -115.288 -1.42916 -0.29683 -1 41
482 448 5 1.5729 1.5739 -113.336 -113.392 -1.45916 -0.33883 -1 41
482 451 6 1.4988 1.4985 -108.003 -107.837 -1.39316 -0.42283 -1 41
482 457 7 1.5848 1.588 -104.082 -104.012 -1.47116 -0.51883 -1 41
482 457 8 1.4946 1.4897 -113.689 -113.386 -1.38116 -0.32083 -1 41
482 442 9 1.4732 1.4735 -107.026 -106.738 -1.36916 -0.43483 -1 41
482 456 10 1.5818 1.5821 -108.641 -108.456 -1.47116 -0.43483 -1 41
482 512 11 1.5139 1.5131 -105.935 -106.042 -1.40516 -0.45883 -1 41
482 449 12 1.5597 1.563 -101.485 -101.519 -1.44116 -0.55483 -1 41
482 435 13 1.5917 1.5845 -115.036 -115.05 -1.46516 -0.30883 -1 41
482 474 14 1.48 1.4811 -105.839 -105.827 -1.37516 -0.45283 -1 41
482 431 15 1.5596 1.5582 -106.05 -106.134 -1.44716 -0.47083 -1 41
482 463 16 1.5881 1.5888 -103.679 -103.696 -1.47116 -0.52483 -1 41
482 434 17 1.5503 1.5498 -109.31 -109.275 -1.44116 -0.41083 -1 41
482 444 18 1.487 1.4859 -107.633 -107.292 -1.38116 -0.42883 -1 41
482 496 19 1.4925 1.4941 -105.791 -105.712 -1.38716 -0.45883 -1 41
482 449 20 1.5942 1.5918 -112.818 -112.666 -1.47716 -0.35683 -1 41
482 474 21 1.5307 1.527 -112.4 -112.529 -1.41716 -0.34483 -1 41
482 453 22 1.5206 1.5253 -114.795 -114.756 -1.41116 -0.30283 -1 41
482 463 23 1.5222 1.5222 -104.331 -104.498 -1.41116 -0.48883 -1 41
482 507 24 1.5503 1.5521 -114.857 -115.033 -1.43516 -0.30283 -1 41
482 473 25 1.4997 1.4989 -107.425 -107.165 -1.39316 -0.43483 -1 41
482 407 26 1.5447 1.5504 -110.376 -110.575 -1.44116 -0.38683 -1 41
482 421 27 1.503 1.5047 -109.268 -109.277 -1.39916 -0.39883 -1 41
482 445 28 1.5504 1.551 -106.361 -106.677 -1.44116 -0.45883 -1 41
482 448 29 1.5211 1.5211 -102.224 -102.402 -1.40516 -0.52483 -1 41
482 455 30 1.5899 1.5886 -108.578 -108.55 -1.47716 -0.43483 -1 41
482 459 31 1.581 1.5848 -105.515 -105.595 -1.47116 -0.48883 -1 41
482 460 32 1.558 1.554 -113.138 -113.167 -1.44116 -0.33883 -1 41
482 454 33 1.5673 1.5666 -100.835 -100.563 -1.44116 -0.57283 -1 41
482 457 34 1.5774 1.5777 -111.907 -111.875 -1.46516 -0.36883 -1 41
482 446 35 1.5888 1.5852 -112.798 -112.589 -1.47116 -0.35683 -1 41
482 457 36 1.556 1.557 -103.523 -103.444 -1.44116 -0.51883 -1 41
482 430 37 1.4892 1.4862 -114.951 -114.659 -1.37516 -0.29683 -1 41
482 424 38 1.5538 1.5569 -110.647 -110.661 -1.44716 -0.38683 -1 41
482 508 39 1.516 1.5131 -105.92 -106.042 -1.40516 -0.45883 -1 41
482 451 40 1.5654 1.5641 -101.159 -101.2 -1.44116 -0.56083 -1 41
482 461 41 1.5258 1.5243 -108.365 -107.907 -1.41716 -0.42883 -1 41
482 444 42 1.5795 1.5746 -113.87 -113.711 -1.45916 -0.33283 -1 41
482 450 43 1.5726 1.572 -112.448 -112.434 -1.45916 -0.35683 -1 41
482 453 44 1.4932 1.4906 -102.084 -101.775 -1.37516 -0.52483 -1 41
482 461 45 1.515 1.5167 -103.94 -104.052 -1.40516 -0.49483 -1 41
482 421 46 1.5524 1.5523 -105.542 -105.705 -1.44116 -0.47683 -1 41
482 449 47 1.5698 1.5692 -108.862 -108.908 -1.45916 -0.42283 -1 41
482 419 48 1.5099 1.5111 -109.066 -109.039 -1.40516 -0.40483 -1 41
482 465 49 1.5767 1.5703 -114.591 -114.597 -1.45316 -0.31483 -1 41
34 92 0 1.4752 1.4433 -105.519 -117.532 -1.32716 -0.23683 -0 40
34 93 1 1.529 1.4433 -103.999 -117.532 -1.32716 -0.23683 -0 40
34 92 2 1.5528 1.4433 -104.266 -117.532 -1.32716 -0.23683 -0 40
34 99 3 1.4821 1.4368 -114.798 -112.736 -1.33316 -0.32083 -0 40
34 92 4 1.4792 1.4433 -108.802 -117.532 -1.32716 -0.23683 -0 40
34 92 5 1.5287 1.4433 -102.632 -117.532 -1.32716 -0.23683 -0 40
34 93 6 1.4987 1.4433 -101.911 -117.532 -1.32716 -0.23683 -0 40
34 93 7 1.5608 1.4433 -112.949 -117.532 -1.32716 -0.23683 -0 40
34 92 8 1.5131 1.4433 -110.936 -117.532 -1.32716 -0.23683 -0 40
34 92 9 1.4836 1.4433 -105.815 -117.532 -1.32716 -0.23683 -0 40
34 92 10 1.5751 1.4433 -109.065 -117.532 -1.32716 -0.23683 -0 40
34 92 11 1.527 1.4433 -115.051 -117.532 -1.32716 -0.23683 -0 40
34 93 12 1.58 1.4433 -100.575 -117.532 -1.32716 -0.23683 -0 40
34 92 13 1.5464 1.4433 -114.477 -117.532 -1.32716 -0.23683 -0 40
34 92 14 1.5593 1.4433 -101.97 -117.532 -1.32716 -0.23683 -0 40
34 92 15 1.5129 1.4433 -110.332 -117.532 -1.32716 -0.23683 -0 40
34 92 16 1.4865 1.4433 -111.726 -117.532 -1.32716 -0.23683 -0 40
34 93 17 1.5508 1.4433 -112.249 -117.532 -1.32716 -0.23683 -0 40
34 93 18 1.5978 1.4433 -102.968 -117.532 -1.32716 -0.23683 -0 40
34 92 19 1.5231 1.4433 -107.732 -117.532 -1.32716 -0.23683 -0 40
34 92 20 1.6015 1.4433 -100.566 -117.532 -1.32716 -0.23683 -0 40
34 91 21 1.5999 1.4433 -112.927 -117.532 -1.32716 -0.23683 -0 40
34 93 22 1.5379 1.4433 -105.91 -117.532 -1.32716 -0.23683 -0 40
34 92 23 1.595 1.4433 -113.898 -117.532 -1.32716 -0.23683 -0 40
34 92 24 1.5187 1.4433 -112.314 -117.532 -1.32716 -0.23683 -0 40
34 92 25 1.5124 1.4433 -113.454 -117.532 -1.32716 -0.23683 -0 40
34 93 26 1.4794 1.4433 -103.031 -117.532 -1.32716 -0.23683 -0 40
34 93 27 1.5714 1.4433 -112.727 -117.532 -1.32716 -0.23683 -0 40
34 93 28 1.5961 1.4433 -101.529 -117.532 -1.32716 -0.23683 -0 40
34 93 29 1.5718 1.4433 -112.936 -117.532 -1.32716 -0.23683 -0 40
34 93 30 1.4907 1.4433 -103.815 -117.532 -1.32716 -0.23683 -0 40
34 92 31 1.5987 1.4433 -108.347 -117.532 -1.32716 -0.23683 -0 40
34 92 32 1.5677 1.4433 -102.864 -117.532 -1.32716 -0.23683 -0 40
34 92 33 1.5283 1.4433 -114.699 -117.532 -1.32716 -0.23683 -0 40
34 93 34 1.5467 1.4433 -105.18 -117.532 -1.32716 -0.23683 -0 40
34 92 35 1.5789 1.4433 -109.118 -117.532 -1.32716 -0.23683 -0 40
34 92 36 1.5271 1.4433 -102.955 -117.532 -1.32716 -0.23683 -0 40
34 92 37 1.5359 1.4433 -104.319 -117.532 -1.32716 -0.23683 -0 40
34 93 38 1.5096 1.4433 -112.456 -117.532 -1.32716 -0.23683 -0 40
34 93 39 1.4931 1.4368 -114.417 -112.736 -1.33316 -0.32083 -0 40
34 93 40 1.5184 1.4433 -102.225 -117.532 -1.32716 -0.23683 -0 40
34 92 41 1.4763 1.4433 -107.565 -117.532 -1.32716 -0.23683 -0 40
34 92 42 1.4934 1.4433 -106.976 -117.532 -1.32716 -0.23683 -0 40
34 92 43 1.5119 1.4433 -104.244 -117.532 -1.32716 -0.23683 -0 40
34 92 44 1.5383 1.4433 -114.629 -117.532 -1.32716 -0.23683 -0 40
34 93 45 1.5734 1.4433 -113.444 -117.532 -1.32716 -0.23683 -0 40
34 92 46 1.5513 1.4433 -101.637 -117.532 -1.32716 -0.23683 -0 40
34 92 47 1.5043 1.4433 -107.541 -117.532 -1.32716 -0.23683 -0 40
34 93 48 1.4839 1.4433 -101.577 -117.532 -1.32716 -0.23683 -0 40
34 92 49 1.5882 1.4433 -112.391 -117.532 -1.32716 -0.23683 -0 40
69 98 0 1.5164 1.5123 -107.585 -106.707 -1.40516 -0.44683 -0 40
69 112 1 1.5999 1.6293 -111.78 -111.879 -1.51316 -0.38083 -1 40
69 117 2 1.477 1.4434 -114.255 -112.82 -1.33916 -0.32083 -0 40
69 92 3 1.512 1.4433 -108.257 -117.532 -1.32716 -0.23683 -0 40
69 93 4 1.5361 1.4433 -111.993 -117.532 -1.32716 -0.23683 -0 40
69 93 5 1.4985 1.4433 -104.39 -117.532 -1.32716 -0.23683 -0 40
69 92 6 1.5994 1.4433 -108.965 -117.532 -1.32716 -0.23683 -0 40
69 92 7 1.5688 1.4433 -105.623 -117.532 -1.32716 -0.23683 -0 40
69 105 8 1.5089 1.5131 -105.633 -106.042 -1.40516 -0.45883 -0 40
69 92 9 1.5006 1.4433 -112.059 -117.532 -1.32716 -0.23683 -0 40
69 92 10 1.4826 1.4433 -106.484 -117.532 -1.32716 -0.23683 -0 40
69 93 11 1.4989 1.4433 -111.05 -117.532 -1.32716 -0.23683 -0 40
69 100 12 1.4763 1.4428 -111.868 -112.472 -1.33916 -0.32683 -0 40
69 101 13 1.5001 1.5068 -105.339 -105.933 -1.39916 -0.45883 -0 40
69 96 14 1.5175 1.5135 -105.106 -105.71 -1.40516 -0.46483 -0 40
69 92 15 1.5529 1.4433 -108.006 -117.532 -1.32716 -0.23683 -0 40
69 91 16 1.4763 1.4433 -100.587 -117.532 -1.32716 -0.23683 -0 40
69 101 17 1.5515 1.5597 -115.086 -115.422 -1.44116 -0.29683 -0 40
69 92 18 1.5802 1.4433 -103.971 -117.532 -1.32716 -0.23683 -0 40
69 94 19 1.561 1.4433 -112.427 -117.532 -1.32716 -0.23683 -0 40
69 106 20 1.479 1.4434 -112.584 -112.82 -1.33916 -0.32083 -0 40
69 93 21 1.4918 1.4433 -102.419 -117.532 -1.32716 -0.23683 -0 40
69 102 22 1.5954 1.6191 -103.174 -104.558 -1.50116 -0.51883 -1 40
69 93 23 1.537 1.4433 -113.988 -117.532 -1.32716 -0.23683 -0 40
69 92 24 1.4768 1.4433 -103.564 -117.532 -1.32716 -0.23683 -0 40
69 92 25 1.532 1.4433 -108.542 -117.532 -1.32716 -0.23683 -0 40
69 92 26 1.5785 1.4433 -108.137 -117.532 -1.32716 -0.23683 -0 40
69 92 27 1.5222 1.4433 -103.501 -117.532 -1.32716 -0.23683 -0 40
69 92 28 1.5613 1.4433 -102.815 -117.532 -1.32716 -0.23683 -0 40
69 93 29 1.5344 1.4433 -114.114 -117.532 -1.32716 -0.23683 -0 40
69 92 30 1.5203 1.4433 -102.916 -117.532 -1.32716 -0.23683 -0 40
69 92 31 1.5844 1.6173 -105.307 -105.49 -1.50116 -0.50083 -0 40
69 106 32 1.596 1.6289 -110.346 -111.57 -1.51316 -0.38683 -0 40
69 92 33 1.5407 1.4433 -113.681 -117.532 -1.32716 -0.23683 -0 40
69 93 34 1.5293 1.4433 -112.413 -117.532 -1.32716 -0.23683 -0 40
69 92 35 1.4791 1.4433 -105.427 -117.532 -1.32716 -0.23683 -0 40
69 92 36 1.5042 1.4433 -110.707 -117.532 -1.32716 -0.23683 -0 40
69 103 37 1.578 1.5811 -100.276 -98.797 -1.44716 -0.60883 -0 40
69 93 38 1.5201 1.4433 -103.466 -117.532 -1.32716 -0.23683 -0 40
69 108 39 1.5146 1.5126 -106.541 -106.374 -1.40516 -0.45283 -0 40
69 93 40 1.4942 1.4433 -110.603 -117.532 -1.32716 -0.23683 -0 40
69 92 41 1.5833 1.4433 -104.976 -117.532 -1.32716 -0.23683 -0 40
69 92 42 1.5837 1.4433 -111.493 -117.532 -1.32716 -0.23683 -0 40
69 91 43 1.5492 1.4433 -107.814 -117.532 -1.32716 -0.23683 -0 40
69 102 44 1.556 1.5597 -115.113 -115.422 -1.44116 -0.29683 -0 40
69 98 45 1.5265 1.5194 -105.737 -106.15 -1.41116 -0.45883 -0 40
69 92 46 1.5255 1.4433 -103.366 -117.532 -1.32716 -0.23683 -0 40
69 93 47 1.5442 1.4433 -108.559 -117.532 -1.32716 -0.23683 -0 40
69 92 48 1.4752 1.4433 -108.167 -117.532 -1.32716 -0.23683 -0 40
69 93 49 1.5497 1.4433 -109.427 -117.532 -1.32716 -0.23683 -0 40
103 92 0 1.4951 1.4433 -110.129 -117.532 -1.32716 -0.23683 -0 40
103 92 1 1.5748 1.4433 -110.066 -117.532 -1.32716 -0.23683 -1 40
103 94 2 1.5373 1.4433 -109.565 -117.532 -1.32716 -0.23683 -0 40
103 127 3 1.5031 1.5059 -107.165 -106.601 -1.39916 -0.44683 -1 40
103 92 4 1.5261 1.4433 -110.416 -117.532 -1.32716 -0.23683 -0 40
103 91 5 1.6002 1.4433 -114.607 -117.532 -1.32716 -0.23683 -0 40
103 125 6 1.5584 1.5578 -114.314 -114.779 -1.44116 -0.30883 -0 40
103 92 7 1.4734 1.4433 -102.286 -117.532 -1.32716 -0.23683 -0 40
103 113 8 1.4722 1.4627 -105.659 -105.144 -1.35716 -0.45883 -0 40
103 93 9 1.5302 1.4433 -102.259 -117.532 -1.32716 -0.23683 -0 40
103 93 10 1.5698 1.4433 -111.857 -117.532 -1.32716 -0.23683 -0 40
103 104 11 1.5801 1.5826 -107.733 -107.501 -1.47116 -0.45283 -0 40
103 121 12 1.5345 1.5445 -114.451 -114.64 -1.42916 -0.30883 -0 40
103 93 13 1.5342 1.4433 -109.04 -117.532 -1.32716 -0.23683 -0 40
103 112 14 1.5451 1.5317 -106.889 -106.692 -1.42316 -0.45283 -0 40
103 105 15 1.5887 1.6224 -109.869 -111.491 -1.50716 -0.38683 -1 40
103 92 16 1.5792 1.4433 -101.874 -117.532 -1.32716 -0.23683 -0 40
103 136 17 1.5547 1.5597 -115.189 -115.422 -1.44116 -0.29683 -0 40
103 92 18 1.5758 1.6116 -104.17 -105.074 -1.49516 -0.50683 -1 40
103 100 19 1.5809 1.5826 -107.968 -107.501 -1.47116 -0.45283 -0 40
103 93 20 1.5765 1.6122 -103.796 -104.762 -1.49516 -0.51283 -0 40
103 133 21 1.5481 1.5521 -114.762 -115.033 -1.43516 -0.30283 -0 40
103 135 22 1.5282 1.519 -106.543 -106.481 -1.41116 -0.45283 -0 40
103 93 23 1.4752 1.4433 -109.25 -117.532 -1.32716 -0.23683 -0 40
103 122 24 1.4739 1.4774 -100.282 -100.035 -1.35716 -0.54883 -1 40
103 106 25 1.5169 1.5133 -111.446 -112.035 -1.40516 -0.35083 -0 40
103 127 26 1.5357 1.5253 -106.828 -106.587 -1.41716 -0.45283 -0 40
103 127 27 1.504 1.5072 -104.831 -105.599 -1.39916 -0.46483 -1 40
103 118 28 1.5349 1.5436 -113.86 -114.315 -1.42916 -0.31483 -0 40
103 92 29 1.5483 1.4433 -101.081 -117.532 -1.32716 -0.23683 -0 40
103 122 30 1.5921 1.6162 -111.245 -111.722 -1.50116 -0.38083 -1 40
103 93 31 1.5357 1.4433 -111.974 -117.532 -1.32716 -0.23683 -0 40
103 92 32 1.5725 1.4433 -113.375 -117.532 -1.32716 -0.23683 -0 40
103 91 33 1.5646 1.4433 -103.489 -117.532 -1.32716 -0.23683 -0 40
103 143 34 1.474 1.45 -113.713 -112.903 -1.34516 -0.32083 -0 40
103 118 35 1.5932 1.6167 -111.909 -112.033 -1.50116 -0.37483 -1 40
103 93 36 1.5514 1.5436 -108.626 -107.877 -1.43516 -0.43483 -0 40
103 113 37 1.5263 1.5288 -113.422 -113.515 -1.41716 -0.32683 -0 40
103 108 38 1.5312 1.5275 -112.487 -112.858 -1.41716 -0.33883 -0 40
103 93 39 1.5753 1.4433 -110.981 -117.532 -1.32716 -0.23683 -0 40
103 93 40 1.5701 1.4433 -112.525 -117.532 -1.32716 -0.23683 -0 40
103 116 41 1.4834 1.4937 -105.897 -106.049 -1.38716 -0.45283 -0 40
103 94 42 1.5154 1.5237 -114.266 -114.098 -1.41116 -0.31483 -0 40
103 93 43 1.5369 1.4433 -103.044 -117.532 -1.32716 -0.23683 -0 40
103 119 44 1.5148 1.5143 -112.628 -112.699 -1.40516 -0.33883 -0 40
103 129 45 1.5339 1.5253 -106.762 -106.587 -1.41716 -0.45283 -0 40
103 91 46 1.514 1.4433 -115.141 -117.532 -1.32716 -0.23683 -0 40
103 93 47 1.5239 1.4433 -101.526 -117.532 -1.32716 -0.23683 -0 40
103 118 48 1.5026 1.5078 -104.433 -105.266 -1.39916 -0.47083 -1 40
103 129 49 1.5607 1.5587 -114.649 -115.101 -1.44116 -0.30283 -0 40
138 108 0 1.5656 1.5711 -111.573 -111.794 -1.45916 -0.36883 -1 40
138 96 1 1.5468 1.5457 -111.632 -112.116 -1.43516 -0.35683 -1 40
138 93 2 1.6005 1.6572 -114.536 -115.449 -1.53116 -0.31483 -0 40
138 143 3 1.5849 1.5969 -105.666 -106.119 -1.48316 -0.48283 -1 40
138 133 4 1.5933 1.604 -112.289 -112.19 -1.48916 -0.36883 -1 40
138 94 5 1.5505 1.4433 -111.133 -117.532 -1.32716 -0.23683 -1 40
138 167 6 1.5469 1.553 -115.123 -115.355 -1.43516 -0.29683 -1 40
138 130 7 1.5934 1.604 -112.381 -112.19 -1.48916 -0.36883 -1 40
138 98 8 1.4822 1.4793 -108.118 -107.527 -1.37516 -0.42283 -1 40
138 127 9 1.5886 1.6082 -102.667 -103.718 -1.48916 -0.53083 -1 40
138 94 10 1.5579 1.5554 -104.734 -104.088 -1.44116 -0.50683 -1 40
138 102 11 1.5589 1.5562 -104.443 -103.766 -1.44116 -0.51283 -1 40
138 124 12 1.5868 1.6024 -110.111 -110.935 -1.48916 -0.39283 -1 40
138 154 13 1.535 1.5454 -114.695 -114.964 -1.42916 -0.30283 -1 40
138 154 14 1.5049 1.5078 -104.617 -105.266 -1.39916 -0.47083 -1 40
138 132 15 1.577 1.576 -107.912 -107.722 -1.46516 -0.44683 -1 40
138 120 16 1.5813 1.5893 -110.316 -110.768 -1.47716 -0.39283 -1 40
138 160 17 1.5559 1.5578 -114.339 -114.779 -1.44116 -0.30883 -0 40
138 173 18 1.505 1.5063 -106.255 -106.267 -1.39916 -0.45283 -1 40
138 128 19 1.5501 1.5527 -102.402 -102.682 -1.43516 -0.53083 -1 40
138 130 20 1.5934 1.5888 -108.321 -107.916 -1.47716 -0.44683 -0 40
138 109 21 1.6003 1.5855 -101.111 -99.242 -1.45316 -0.60283 -1 40
138 110 22 1.5871 1.577 -114.451 -114.666 -1.45916 -0.31483 -1 40
138 105 23 1.5185 1.5124 -110.542 -111.37 -1.40516 -0.36283 -0 40
138 105 24 1.5616 1.565 -111.902 -112.034 -1.45316 -0.36283 -0 40
138 123 25 1.5405 1.5466 -102.088 -102.562 -1.42916 -0.53083 -1 40
138 138 26 1.5794 1.5826 -107.679 -107.501 -1.47116 -0.45283 -1 40
138 147 27 1.6003 1.622 -110.009 -111.181 -1.50716 -0.39283 -1 40
138 147 28 1.5917 1.6074 -103.374 -104.03 -1.48916 -0.52483 -1 40
138 94 29 1.5403 1.4433 -110.71 -117.532 -1.32716 -0.23683 -0 40
138 125 30 1.5808 1.5904 -111.449 -111.718 -1.47716 -0.37483 -1 40
138 100 31 1.4804 1.4925 -109.817 -110.772 -1.38716 -0.36883 -0 40
138 108 32 1.5081 1.513 -102.743 -102.94 -1.39916 -0.51283 -1 40
138 113 33 1.5872 1.5913 -112.674 -112.35 -1.47716 -0.36283 -1 40
138 134 34 1.4835 1.4879 -112.246 -112.373 -1.38116 -0.33883 -0 40
138 115 35 1.58 1.5695 -114.054 -114.278 -1.45316 -0.32083 -1 40
138 112 36 1.5215 1.5272 -102.051 -102.525 -1.41116 -0.52483 -1 40
138 105 37 1.4961 1.4506 -115.041 -113.249 -1.34516 -0.31483 -0 40
138 112 38 1.5062 1.503 -114.311 -113.541 -1.39316 -0.32083 -0 40
138 113 39 1.5775 1.5781 -112.449 -112.193 -1.46516 -0.36283 -1 40
138 120 40 1.5176 1.5245 -114.653 -114.427 -1.41116 -0.30883 -1 40
138 133 41 1.505 1.509 -103.876 -104.6 -1.39916 -0.48283 -1 40
138 103 42 1.5288 1.519 -111.035 -111.456 -1.41116 -0.36283 -1 40
138 114 43 1.533 1.526 -111.515 -111.87 -1.41716 -0.35683 -1 40
138 108 44 1.5076 1.5115 -108.677 -107.706 -1.40516 -0.42883 -1 40
138 126 45 1.5389 1.5385 -103.235 -103.092 -1.42316 -0.51883 -1 40
138 116 46 1.5543 1.5558 -101.474 -101.717 -1.43516 -0.54883 -1 40
138 93 47 1.5924 1.582 -114.237 -114.101 -1.46516 -0.32683 -1 40
138 169 48 1.5559 1.5597 -115.132 -115.422 -1.44116 -0.29683 -1 40
138 115 49 1.4906 1.4506 -115.146 -113.249 -1.34516 -0.31483 -0 40
172 113 0 1.511 1.5047 -109.45 -109.277 -1.39916 -0.39883 -1 40
172 191 1 1.4913 1.4947 -105.248 -105.376 -1.38716 -0.46483 -1 40
172 142 2 1.5084 1.513 -102.797 -102.94 -1.39916 -0.51283 -1 40
172 168 3 1.5046 1.5059 -110.903 -111.284 -1.39916 -0.36283 -1 40
172 184 4 1.475 1.4626 -112.973 -112.723 -1.35716 -0.32683 -1 40
172 148 5 1.5878 1.5821 -108.873 -108.456 -1.47116 -0.43483 -1 40
172 190 6 1.5738 1.5654 -115.235 -115.168 -1.44716 -0.30283 -1 40
172 135 7 1.5951 1.5845 -115.105 -115.05 -1.46516 -0.30883 -1 40
172 125 8 1.5331 1.5376 -100.891 -101.344 -1.41716 -0.54883 -1 40
172 111 9 1.514 1.5111 -109.391 -109.039 -1.40516 -0.40483 -1 40
172 164 10 1.5438 1.5456 -102.994 -102.886 -1.42916 -0.52483 -1 40
172 169 11 1.4861 1.4935 -111.591 -111.783 -1.38716 -0.35083 -1 40
172 123 12 1.55 1.5397 -105.318 -105.489 -1.42916 -0.47683 -1 40
172 123 13 1.4814 1.479 -108.516 -108.208 -1.37516 -0.41083 -1 40
172 200 14 1.5118 1.5135 -105.363 -105.71 -1.40516 -0.46483 -1 40
172 136 15 1.4859 1.4922 -109.836 -110.434 -1.38716 -0.37483 -1 40
172 138 16 1.5161 1.5027 -100.681 -100.24 -1.38116 -0.55483 -1 40
172 177 17 1.5246 1.5295 -113.863 -113.843 -1.41716 -0.32083 -1 40
172 106 18 1.5325 1.5305 -109.697 -108.665 -1.42316 -0.41683 -1 40
172 156 19 1.574 1.5758 -108.374 -108.042 -1.46516 -0.44083 -1 40
172 157 20 1.4988 1.5035 -103.595 -104.15 -1.39316 -0.48883 -1 40
172 109 21 1.5385 1.5383 -110.844 -111.381 -1.42916 -0.36883 -1 40
172 116 22 1.5498 1.5567 -110.244 -110.338 -1.44716 -0.39283 -1 40
172 123 23 1.5352 1.5305 -109.431 -108.336 -1.42316 -0.42283 -1 40
172 158 24 1.4935 1.4966 -103.651 -104.368 -1.38716 -0.48283 -1 40
172 157 25 1.5344 1.5264 -111.99 -112.199 -1.41716 -0.35083 -1 40
172 196 26 1.5576 1.5578 -114.523 -114.779 -1.44116 -0.30883 -1 40
172 145 27 1.5085 1.5121 -103.09 -103.271 -1.39916 -0.50683 -1 40
172 121 28 1.4819 1.4853 -108.704 -108.648 -1.38116 -0.40483 -1 40
172 166 29 1.5135 1.5163 -113.932 -113.693 -1.40516 -0.32083 -1 40
172 181 30 1.5883 1.5892 -107.242 -107.282 -1.47716 -0.45883 -1 40
172 186 31 1.493 1.4952 -104.817 -105.04 -1.38716 -0.47083 -1 40
172 110 32 1.5443 1.5507 -110.634 -110.899 -1.44116 -0.38083 -1 40
172 154 33 1.5391 1.5404 -101.969 -102.441 -1.42316 -0.53083 -1 40
172 166 34 1.5964 1.5954 -108.12 -107.695 -1.48316 -0.45283 -1 40
172 191 35 1.5133 1.5141 -104.98 -105.377 -1.40516 -0.47083 -1 40
172 168 36 1.4789 1.4827 -104.199 -104.81 -1.37516 -0.47083 -1 40
172 113 37 1.5352 1.5388 -100.421 -101.019 -1.41716 -0.55483 -1 40
172 170 38 1.4842 1.4896 -104.22 -104.588 -1.38116 -0.47683 -1 40
172 192 39 1.5949 1.6053 -104.638 -104.968 -1.48916 -0.50683 -1 40
172 165 40 1.5849 1.5721 -115.181 -115.234 -1.45316 -0.30283 -1 40
172 148 41 1.5189 1.5179 -108.728 -107.807 -1.41116 -0.42883 -1 40
172 156 42 1.5512 1.5444 -106.573 -106.899 -1.43516 -0.45283 -1 40
172 150 43 1.537 1.5368 -103.875 -103.744 -1.42316 -0.50683 -1 40
172 178 44 1.5197 1.5133 -111.967 -112.035 -1.40516 -0.35083 -1 40
172 161 45 1.5462 1.5466 -102.226 -102.562 -1.42916 -0.53083 -1 40
172 155 46 1.4808 1.4931 -111.076 -111.446 -1.38716 -0.35683 -1 40
172 139 47 1.5157 1.5074 -100.882 -100.703 -1.38716 -0.54883 -1 40
172 166 48 1.5443 1.5408 -112.841 -113.014 -1.42916 -0.33883 -1 40
172 159 49 1.5683 1.5694 -107.928 -107.945 -1.45916 -0.44083 -1 40
206 173 0 1.4972 1.4985 -108.268 -107.837 -1.39316 -0.42283 -1 40
206 181 1 1.5325 1.5343 -101.83 -102.32 -1.41716 -0.53083 -1 40
206 179 2 1.4936 1.4923 -107.926 -107.397 -1.38716 -0.42883 -1 40
206 173 3 1.559 1.5641 -106.247 -106.56 -1.45316 -0.46483 -1 40
206 208 4 1.4727 1.4685 -105.806 -105.601 -1.36316 -0.45283 -1 40
206 230 5 1.599 1.6067 -104.174 -104.342 -1.48916 -0.51883 -1 40
206 189 6 1.5325 1.5315 -103.401 -103.3 -1.41716 -0.51283 -1 40
206 183 7 1.6017 1.6051 -113.132 -112.817 -1.48916 -0.35683 -1 40
206 164 8 1.5889 1.5871 -113.587 -113.539 -1.47116 -0.33883 -1 40
206 184 9 1.5351 1.5404 -101.946 -102.441 -1.42316 -0.53083 -1 40
206 191 10 1.5878 1.5958 -102.982 -103.494 -1.47716 -0.53083 -1 40
206 219 11 1.509 1.5084 -104.666 -104.933 -1.39916 -0.47683 -1 40
206 234 12 1.5105 1.5123 -107.094 -106.707 -1.40516 -0.44683 -1 40
206 162 13 1.5588 1.5635 -110.507 -110.747 -1.45316 -0.38683 -1 40
206 174 14 1.5829 1.5753 -114.02 -114.029 -1.45916 -0.32683 -1 40
206 178 15 1.5723 1.5715 -112.11 -112.114 -1.45916 -0.36283 -1 40
206 193 16 1.5488 1.5474 -112.771 -113.091 -1.43516 -0.33883 -1 40
206 232 17 1.5249 1.5247 -107.325 -107.247 -1.41716 -0.44083 -1 40
206 181 18 1.5626 1.5641 -101.223 -101.2 -1.44116 -0.56083 -1 40
206 195 19 1.543 1.5447 -103.141 -103.21 -1.42916 -0.51883 -1 40
206 165 20 1.5178 1.5074 -100.986 -100.703 -1.38716 -0.54883 -1 40
206 149 21 1.5093 1.5047 -109.387 -109.277 -1.39916 -0.39883 -1 40
206 188 22 1.503 1.503 -113.927 -113.541 -1.39316 -0.32083 -1 40
206 193 23 1.5448 1.5435 -108.518 -108.204 -1.43516 -0.42883 -1 40
206 174 24 1.4786 1.4795 -103.037 -103.335 -1.36916 -0.49483 -1 40
206 169 25 1.5685 1.5686 -104.218 -103.993 -1.45316 -0.51283 -1 40
206 187 26 1.5084 1.5105 -103.554 -103.935 -1.39916 -0.49483 -1 40
206 174 27 1.5655 1.5703 -110.975 -111.153 -1.45916 -0.38083 -1 40
206 197 28 1.4747 1.4735 -101.581 -101.048 -1.35716 -0.53083 -1 40
206 142 29 1.545 1.5502 -110.21 -110.25 -1.44116 -0.39283 -1 40
206 201 30 1.5793 1.5824 -107.859 -107.819 -1.47116 -0.44683 -1 40
206 183 31 1.5741 1.5777 -111.891 -111.875 -1.46516 -0.36883 -1 40
206 154 32 1.5487 1.5498 -109.67 -109.275 -1.44116 -0.41083 -1 40
206 223 33 1.4896 1.4947 -105.263 -105.376 -1.38716 -0.46483 -1 40
206 136 34 1.5244 1.524 -109.603 -109.229 -1.41716 -0.40483 -1 40
206 173 35 1.576 1.5726 -112.996 -112.753 -1.45916 -0.35083 -1 40
206 216 36 1.5933 1.6004 -104.1 -104.233 -1.48316 -0.51883 -1 40
206 227 37 1.5519 1.5503 -114.274 -114.387 -1.43516 -0.31483 -1 40
206 184 38 1.5712 1.5659 -102.827 -102.599 -1.44716 -0.53683 -1 40
206 190 39 1.4996 1.5053 -107.855 -107.269 -1.39916 -0.43483 -1 40
206 205 40 1.5905 1.6012 -103.672 -103.92 -1.48316 -0.52483 -1 40
206 166 41 1.5629 1.5629 -109.802 -109.781 -1.45316 -0.40483 -1 40
206 219 42 1.5104 1.5143 -112.599 -112.699 -1.40516 -0.33883 -1 40
206 183 43 1.4852 1.4862 -107.439 -106.953 -1.38116 -0.43483 -1 40
206 197 44 1.5773 1.5839 -106.033 -106.23 -1.47116 -0.47683 -1 40
206 174 45 1.5915 1.5924 -102.039 -102.436 -1.47116 -0.54883 -1 40
206 172 46 1.4785 1.4795 -102.983 -103.335 -1.36916 -0.49483 -1 40
206 156 47 1.524 1.5243 -100.962 -101.418 -1.40516 -0.54283 -1 40
206 237 48 1.5498 1.553 -115.242 -115.355 -1.43516 -0.29683 -1 40
206 176 49 1.5102 1.5113 -108.567 -108.039 -1.40516 -0.42283 -1 40
241 206 0 1.5565 1.5563 -109.184 -109.044 -1.44716 -0.41683 -1 40
241 212 1 1.5202 1.5211 -102.181 -102.402 -1.40516 -0.52483 -1 40
241 211 2 1.5553 1.5606 -100.539 -100.436 -1.43516 -0.57283 -1 40
241 234 3 1.5658 1.562 -113.853 -113.886 -1.44716 -0.32683 -1 40
241 248 4 1.5989 1.5959 -107.315 -107.065 -1.48316 -0.46483 -1 40
241 187 5 1.5188 1.5183 -110.321 -110.793 -1.41116 -0.37483 -1 40
241 217 6 1.5743 1.5726 -101.041 -100.689 -1.44716 -0.57283 -1 40
241 226 7 1.5424 1.5447 -103.33 -103.21 -1.42916 -0.51883 -1 40
241 218 8 1.5227 1.5253 -102.937 -103.181 -1.41116 -0.51283 -1 40
241 213 9 1.5168 1.5201 -102.536 -102.731 -1.40516 -0.51883 -1 40
241 273 10 1.5038 1.5063 -106.329 -106.267 -1.39916 -0.45283 -1 40
241 208 11 1.5127 1.5149 -102.04 -102.279 -1.39916 -0.52483 -1 40
241 215 12 1.4857 1.4925 -110.423 -110.772 -1.38716 -0.36883 -1 40
241 214 13 1.5592 1.56 -112.679 -112.921 -1.44716 -0.34483 -1 40
241 237 14 1.5802 1.5766 -100.491 -99.741 -1.44716 -0.59083 -1 40
241 247 15 1.5865 1.5892 -107.358 -107.282 -1.47716 -0.45883 -1 40
241 217 16 1.5701 1.5679 -113.434 -113.638 -1.45316 -0.33283 -1 40
241 228 17 1.5221 1.5194 -111.432 -111.787 -1.41116 -0.35683 -1 40
241 255 18 1.4789 1.4774 -100.294 -100.035 -1.35716 -0.54883 -1 40
241 251 19 1.5917 1.5895 -107.048 -106.965 -1.47716 -0.46483 -1 40
241 225 20 1.4799 1.4874 -111.684 -112.035 -1.38116 -0.34483 -1 40
241 226 21 1.5399 1.5385 -103.294 -103.092 -1.42316 -0.51883 -1 40
241 224 22 1.5935 1.5976 -102.661 -102.866 -1.47716 -0.54283 -1 40
241 200 23 1.5863 1.582 -114.043 -114.101 -1.46516 -0.32683 -1 40
241 227 24 1.5736 1.5771 -106.266 -106.445 -1.46516 -0.47083 -1 40
241 266 25 1.5261 1.5253 -106.311 -106.587 -1.41716 -0.45283 -1 40
241 199 26 1.5881 1.5865 -113.504 -113.223 -1.47116 -0.34483 -1 40
241 219 27 1.4796 1.4653 -114.888 -114.095 -1.35716 -0.30283 -1 40
241 244 28 1.5164 1.5146 -104.624 -105.046 -1.40516 -0.47683 -1 40
241 203 29 1.5899 1.5836 -114.666 -114.734 -1.46516 -0.31483 -1 40
241 255 30 1.5476 1.5495 -113.884 -114.063 -1.43516 -0.32083 -1 40
241 187 31 1.4722 1.4794 -110.32 -110.591 -1.37516 -0.36883 -1 40
241 236 32 1.5227 1.5181 -108.232 -107.475 -1.41116 -0.43483 -1 40
241 194 33 1.4847 1.4854 -108.375 -108.309 -1.38116 -0.41083 -1 40
241 174 34 1.5406 1.5445 -110.787 -111.139 -1.43516 -0.37483 -1 40
241 242 35 1.4921 1.4945 -112.515 -112.456 -1.38716 -0.33883 -1 40
241 216 36 1.5201 1.5192 -102.944 -103.061 -1.40516 -0.51283 -1 40
241 213 37 1.4905 1.4919 -103.292 -103.578 -1.38116 -0.49483 -1 40
241 256 38 1.5092 1.5078 -104.851 -105.266 -1.39916 -0.47083 -1 40
241 242 39 1.5841 1.5828 -107.419 -107.183 -1.47116 -0.45883 -1 40
241 229 40 1.5484 1.5466 -102.364 -102.562 -1.42916 -0.53083 -1 40
241 232 41 1.5441 1.5372 -108.324 -107.778 -1.42916 -0.43483 -1 40
241 244 42 1.5284 1.527 -112.458 -112.529 -1.41716 -0.34483 -1 40
241 232 43 1.5934 1.6024 -110.603 -110.935 -1.48916 -0.39283 -1 40
241 223 44 1.5925 1.5886 -100.557 -99.996 -1.45916 -0.59083 -1 40
241 239 45 1.5331 1.5308 -108.257 -107.678 -1.42316 -0.43483 -1 40
241 209 46 1.5839 1.5863 -102.181 -102.319 -1.46516 -0.54883 -1 40
241 261 47 1.5427 1.5445 -114.683 -114.64 -1.42916 -0.30883 -1 40
241 216 48 1.5819 1.5821 -108.831 -108.774 -1.47116 -0.42883 -1 40
241 223 49 1.5952 1.5979 -112.546 -112.427 -1.48316 -0.36283 -1 40
275 270 0 1.5913 1.595 -103.751 -103.808 -1.47716 -0.52483 -1 40
275 236 1 1.4796 1.486 -110.329 -110.682 -1.38116 -0.36883 -1 40
275 268 2 1.5937 1.6027 -110.844 -111.249 -1.48916 -0.38683 -1 40
275 224 3 1.5501 1.5478 -104.805 -104.623 -1.43516 -0.49483 -1 40
275 224 4 1.4932 1.4917 -108.978 -108.747 -1.38716 -0.40483 -1 40
275 265 5 1.6009 1.6086 -110.234 -110.705 -1.49516 -0.39883 -1 40
275 255 6 1.5389 1.5414 -102.016 -102.117 -1.42316 -0.53683 -1 40
275 279 7 1.5081 1.5084 -104.478 -104.933 -1.39916 -0.47683 -1 40
275 218 8 1.5058 1.5062 -115.073 -114.874 -1.39316 -0.29683 -1 40
275 266 9 1.5245 1.5215 -104.678 -104.827 -1.41116 -0.48283 -1 40
275 246 10 1.5944 1.5952 -109.797 -109.905 -1.48316 -0.41083 -1 40
275 261 11 1.4833 1.4771 -114.016 -113.568 -1.36916 -0.31483 -1 40
275 270 12 1.5026 1.5053 -107.664 -107.269 -1.39916 -0.43483 -1 40
275 280 13 1.4855 1.489 -104.822 -104.925 -1.38116 -0.47083 -1 40
275 268 14 1.5925 1.589 -108.033 -107.599 -1.47716 -0.45283 -1 40
275 244 15 1.5117 1.5074 -100.938 -100.703 -1.38716 -0.54883 -1 40
275 259 16 1.4868 1.4903 -103.81 -104.251 -1.38116 -0.48283 -1 40
275 271 17 1.5768 1.5828 -106.902 -107.183 -1.47116 -0.45883 -1 40
275 269 18 1.5925 1.5969 -111.657 -111.797 -1.48316 -0.37483 -1 40
275 251 19 1.5762 1.5777 -111.956 -111.875 -1.46516 -0.36883 -1 40
275 279 20 1.5989 1.6027 -111.117 -111.249 -1.48916 -0.38683 -1 40
275 275 21 1.4756 1.4753 -105.313 -105.374 -1.36916 -0.45883 -1 40
275 279 22 1.5824 1.5828 -107.177 -107.183 -1.47116 -0.45883 -1 40
275 267 23 1.5878 1.5935 -104.408 -104.438 -1.47716 -0.51283 -1 40
275 252 24 1.5221 1.5253 -103.159 -103.181 -1.41116 -0.51283 -1 40
275 239 25 1.5479 1.5451 -105.924 -106.248 -1.43516 -0.46483 -1 40
275 253 26 1.5772 1.5769 -111.349 -111.237 -1.46516 -0.38083 -1 40
275 254 27 1.5804 1.5799 -100.851 -100.498 -1.45316 -0.57883 -1 40
275 293 28 1.5313 1.5311 -107.495 -107.349 -1.42316 -0.44083 -1 40
275 212 29 1.512 1.5111 -109.508 -109.372 -1.40516 -0.39883 -1 40
275 213 30 1.543 1.5434 -109.752 -109.509 -1.43516 -0.40483 -1 40
275 243 31 1.4911 1.4921 -107.944 -107.734 -1.38716 -0.42283 -1 40
275 279 32 1.4822 1.4879 -105.388 -105.6 -1.38116 -0.45883 -1 40
275 288 33 1.5481 1.5495 -113.934 -114.063 -1.43516 -0.32083 -1 40
275 241 34 1.5133 1.5061 -101.233 -101.034 -1.38716 -0.54283 -1 40
275 255 35 1.5046 1.4989 -101.492 -101.236 -1.38116 -0.53683 -1 40
275 200 36 1.528 1.5246 -110.29 -110.55 -1.41716 -0.38083 -1 40
275 248 37 1.4798 1.4866 -110.944 -111.359 -1.38116 -0.35683 -1 40
275 277 38 1.5311 1.5275 -112.68 -112.858 -1.41716 -0.33883 -1 40
275 282 39 1.488 1.4881 -100.889 -100.64 -1.36916 -0.54283 -1 40
275 277 40 1.477 1.4698 -113.373 -113.148 -1.36316 -0.32083 -1 40
275 248 41 1.5622 1.563 -101.294 -101.519 -1.44116 -0.55483 -1 40
275 241 42 1.5796 1.5746 -113.736 -113.711 -1.45916 -0.33283 -1 40
275 241 43 1.5505 1.5509 -101.053 -101.271 -1.42916 -0.55483 -1 40
275 222 44 1.5144 1.5116 -110.066 -110.371 -1.40516 -0.38083 -1 40
275 245 45 1.4829 1.472 -114.835 -114.171 -1.36316 -0.30283 -1 40
275 242 46 1.5859 1.5858 -112.978 -112.906 -1.47116 -0.35083 -1 40
275 269 47 1.4906 1.4885 -112.906 -112.711 -1.38116 -0.33283 -1 40
275 227 48 1.5523 1.5579 -111.398 -111.631 -1.44716 -0.36883 -1 40
275 274 49 1.5888 1.5974 -105.634 -105.804 -1.48316 -0.48883 -1 40
310 278 0 1.4781 1.4773 -102.224 -101.856 -1.36316 -0.51883 -1 41
310 308 1 1.5467 1.548 -113.351 -113.415 -1.43516 -0.33283 -1 40
310 264 2 1.5023 1.4984 -109.819 -109.853 -1.39316 -0.38683 -1 40
310 292 3 1.5636 1.5598 -102.603 -102.48 -1.44116 -0.53683 -1 40
310 281 4 1.4749 1.4808 -111.551 -111.951 -1.37516 -0.34483 -1 41
310 317 5 1.4782 1.482 -100.561 -100.507 -1.36316 -0.54283 -1 41
310 330 6 1.6005 1.606 -104.582 -104.655 -1.48916 -0.51283 -1 41
310 303 7 1.576 1.5762 -107.562 -107.403 -1.46516 -0.45283 -1 40
310 319 8 1.4972 1.5006 -112.08 -112.203 -1.39316 -0.34483 -1 40
310 271 9 1.5658 1.5708 -105.94 -106.342 -1.45916 -0.47083 -1 41
310 266 10 1.5586 1.5554 -104.399 -104.088 -1.44116 -0.50683 -1 40
310 276 11 1.5478 1.5497 -101.245 -101.593 -1.42916 -0.54883 -1 40
310 285 12 1.5456 1.5486 -101.682 -101.916 -1.42916 -0.54283 -1 40
310 259 13 1.5507 1.5518 -111.543 -111.872 -1.44116 -0.36283 -1 40
310 294 14 1.5373 1.5371 -108.524 -108.106 -1.42916 -0.42883 -1 40
310 301 15 1.5119 1.5124 -111.189 -111.37 -1.40516 -0.36283 -1 40
310 275 16 1.5379 1.534 -105.016 -105.052 -1.42316 -0.48283 -1 40
310 285 17 1.5066 1.5051 -108.188 -107.604 -1.39916 -0.42883 -1 40
310 275 18 1.4948 1.4927 -103.156 -103.242 -1.38116 -0.50083 -1 41
310 298 19 1.4879 1.4929 -106.978 -106.722 -1.38716 -0.44083 -1 40
310 275 20 1.5792 1.5792 -112.985 -112.83 -1.46516 -0.35083 -1 40
310 261 21 1.5971 1.5912 -115.188 -115.116 -1.47116 -0.30883 -1 40
310 336 22 1.5017 1.5068 -105.683 -105.933 -1.39916 -0.45883 -1 40
310 265 23 1.5257 1.5252 -110.98 -111.21 -1.41716 -0.36883 -1 40
310 303 24 1.4888 1.4885 -112.655 -112.711 -1.38116 -0.33283 -1 40
310 295 25 1.4954 1.4929 -101.58 -101.106 -1.37516 -0.53683 -1 40
310 286 26 1.5223 1.5236 -103.635 -103.838 -1.41116 -0.50083 -1 40
310 277 27 1.537 1.5353 -104.436 -104.397 -1.42316 -0.49483 -1 40
310 295 28 1.5391 1.5395 -102.537 -102.766 -1.42316 -0.52483 -1 40
310 274 29 1.5258 1.5241 -108.802 -108.238 -1.41716 -0.42283 -1 40
310 312 30 1.5276 1.5295 -114.011 -113.843 -1.41716 -0.32083 -1 40
310 285 31 1.5274 1.5245 -103.671 -103.509 -1.41116 -0.50683 -1 40
310 279 32 1.5407 1.537 -108.866 -108.433 -1.42916 -0.42283 -1 40
310 322 33 1.5087 1.5077 -112.604 -112.619 -1.39916 -0.33883 -1 40
310 313 34 1.5929 1.5985 -105.023 -105.175 -1.48316 -0.50083 -1 41
310 304 35 1.4796 1.4806 -106.165 -106.167 -1.37516 -0.44683 -1 41
310 278 36 1.4966 1.4904 -114.151 -113.723 -1.38116 -0.31483 -1 41
310 238 37 1.5321 1.534 -100.286 -100.567 -1.41116 -0.56083 -1 41
310 249 38 1.4794 1.4853 -109.155 -109.326 -1.38116 -0.39283 -1 40
310 285 39 1.5682 1.5692 -108.573 -108.587 -1.45916 -0.42883 -1 40
310 316 40 1.536 1.5348 -113.194 -113.263 -1.42316 -0.33283 -1 40
310 311 41 1.4824 1.4821 -104.943 -105.148 -1.37516 -0.46483 -1 41
310 301 42 1.5006 1.5028 -104.033 -104.484 -1.39316 -0.48283 -1 41
310 277 43 1.5369 1.5325 -111.806 -111.953 -1.42316 -0.35683 -1 40
310 240 44 1.5312 1.534 -100.483 -100.567 -1.41116 -0.56083 -1 40
310 285 45 1.5274 1.5272 -102.321 -102.525 -1.41116 -0.52483 -1 40
310 292 46 1.5868 1.5908 -112.095 -112.034 -1.47716 -0.36883 -1 40
310 262 47 1.5923 1.5871 -113.702 -113.539 -1.47116 -0.33883 -1 40
310 296 48 1.5751 1.5771 -106.325 -106.445 -1.46516 -0.47083 -1 40
310 338 49 1.5241 1.525 -106.838 -106.917 -1.41716 -0.44683 -1 40
344 296 0 1.5581 1.5635 -110.593 -110.747 -1.45316 -0.38683 -1 40
344 318 1 1.5414 1.5414 -101.821 -102.117 -1.42316 -0.53683 -1 40
344 307 2 1.5595 1.5563 -109.165 -109.044 -1.44716 -0.41683 -1 41
344 333 3 1.5511 1.5504 -107.227 -107.326 -1.44116 -0.44683 -1 40
344 330 4 1.5096 1.5115 -108.033 -107.706 -1.40516 -0.42883 -1 40
344 325 5 1.5016 1.5035 -103.743 -104.15 -1.39316 -0.48883 -1 41
344 321 6 1.5746 1.5726 -100.839 -100.689 -1.44716 -0.57283 -1 41
344 344 7 1.4804 1.4816 -105.383 -105.488 -1.37516 -0.45883 -1 41
344 372 8 1.5573 1.5587 -115.135 -115.101 -1.44116 -0.30283 -1 41
344 322 9 1.584 1.5873 -104.121 -104.328 -1.47116 -0.51283 -1 41
344 313 10 1.5717 1.5702 -101.523 -101.324 -1.44716 -0.56083 -1 41
344 310 11 1.5705 1.5692 -109.171 -108.908 -1.45916 -0.42283 -1 41
344 364 12 1.6022 1.6053 -105.026 -104.968 -1.48916 -0.50683 -1 41
344 348 13 1.5301 1.5275 -112.745 -112.858 -1.41716 -0.33883 -1 40
344 296 14 1.5534 1.5579 -111.519 -111.631 -1.44716 -0.36883 -1 40
344 329 15 1.6028 1.5956 -107.831 -107.38 -1.48316 -0.45883 -1 41
344 311 16 1.4898 1.4922 -110.123 -110.434 -1.38716 -0.37483 -1 40
344 308 17 1.5026 1.5007 -102.843 -102.696 -1.38716 -0.51283 -1 41
344 364 18 1.5284 1.5247 -107.365 -107.247 -1.41716 -0.44083 -1 40
344 337 19 1.4805 1.4765 -113.456 -113.228 -1.36916 -0.32083 -1 41
344 342 20 1.5375 1.532 -106.183 -106.363 -1.42316 -0.45883 -1 41
344 287 21 1.5521 1.5565 -110.005 -110.015 -1.44716 -0.39883 -1 40
344 287 22 1.5378 1.5383 -111.236 -111.381 -1.42916 -0.36883 -1 40
344 301 23 1.5555 1.5563 -109.381 -109.368 -1.44716 -0.41083 -1 40
344 292 24 1.4935 1.4917 -109.236 -109.084 -1.38716 -0.39883 -1 40
344 306 25 1.4823 1.486 -110.336 -110.682 -1.38116 -0.36883 -1 40
344 333 26 1.5914 1.5962 -110.912 -111.167 -1.48316 -0.38683 -1 41
344 289 27 1.5365 1.5369 -109.257 -108.761 -1.42916 -0.41683 -1 40
344 302 28 1.5458 1.5509 -101.092 -101.271 -1.42916 -0.55483 -1 40
344 311 29 1.567 1.5711 -111.636 -111.794 -1.45916 -0.36883 -1 40
344 347 30 1.5367 1.532 -106.291 -106.363 -1.42316 -0.45883 -1 41
344 331 31 1.476 1.4646 -114.307 -113.753 -1.35716 -0.30883 -1 41
344 309 32 1.4943 1.4946 -102.643 -102.572 -1.38116 -0.51283 -1 41
344 331 33 1.49 1.4891 -113.313 -113.049 -1.38116 -0.32683 -1 41
344 274 34 1.604 1.6028 -101.244 -101.304 -1.47716 -0.57283 -1 41
344 311 35 1.6017 1.6057 -113.104 -113.13 -1.48916 -0.35083 -1 41
344 292 36 1.4758 1.4791 -107.954 -107.867 -1.37516 -0.41683 -1 41
344 329 37 1.5823 1.5906 -105.652 -106.016 -1.47716 -0.48283 -1 41
344 327 38 1.4892 1.4897 -113.592 -113.386 -1.38116 -0.32083 -1 41
344 347 39 1.5407 1.538 -106.893 -106.796 -1.42916 -0.45283 -1 40
344 316 40 1.5888 1.5914 -102.482 -102.751 -1.47116 -0.54283 -1 41
344 350 41 1.5175 1.5181 -107.819 -107.475 -1.41116 -0.43483 -1 40
344 307 42 1.57 1.5763 -110.308 -110.598 -1.46516 -0.39283 -1 41
344 319 43 1.5664 1.5666 -100.833 -100.563 -1.44116 -0.57283 -1 41
344 369 44 1.5515 1.5512 -114.65 -114.71 -1.43516 -0.30883 -1 41
344 329 45 1.4758 1.472 -114.456 -114.171 -1.36316 -0.30283 -1 41
344 317 46 1.5813 1.5834 -103.06 -103.266 -1.46516 -0.53083 -1 41
344 330 47 1.5535 1.5504 -107.197 -107.326 -1.44116 -0.44683 -1 41
344 335 48 1.5257 1.5243 -108.268 -107.907 -1.41716 -0.42883 -1 40
344 292 49 1.4989 1.4982 -108.811 -108.845 -1.39316 -0.40483 -1 40
378 330 0 1.5444 1.5403 -105.288 -105.162 -1.42916 -0.48283 -1 41
378 341 1 1.5372 1.534 -104.894 -105.052 -1.42316 -0.48283 -1 41
378 357 2 1.5672 1.5666 -100.688 -100.563 -1.44116 -0.57283 -1 41
378 341 3 1.585 1.5847 -101.152 -100.938 -1.45916 -0.57283 -1 41
378 335 4 1.5533 1.5498 -109.282 -108.95 -1.44116 -0.41683 -1 41
378 378 5 1.5207 1.5222 -113.646 -113.439 -1.41116 -0.32683 -1 41
378 348 6 1.5687 1.5707 -111.392 -111.474 -1.45916 -0.37483 -1 41
378 408 7 1.5165 1.5131 -106.219 -106.042 -1.40516 -0.45883 -1 41
378 316 8 1.5407 1.5448 -111.177 -111.465 -1.43516 -0.36883 -1 41
378 355 9 1.5798 1.5821 -108.502 -108.456 -1.47116 -0.43483 -1 41
378 359 10 1.6021 1.6045 -112.697 -112.504 -1.48916 -0.36283 -1 41
378 349 11 1.5181 1.5201 -102.755 -102.731 -1.40516 -0.51883 -1 41
378 391 12 1.5047 1.5072 -112.236 -112.285 -1.39916 -0.34483 -1 41
378 341 13 1.5615 1.5655 -112.191 -112.355 -1.45316 -0.35683 -1 41
378 359 14 1.5096 1.5055 -110.874 -110.949 -1.39916 -0.36883 -1 40
378 389 15 1.4914 1.4947 -105.053 -105.376 -1.38716 -0.46483 -1 41
378 407 16 1.5202 1.5194 -106.017 -106.15 -1.41116 -0.45883 -1 41
378 407 17 1.5219 1.5186 -106.828 -106.812 -1.41116 -0.44683 -1 41
378 358 18 1.5674 1.5659 -102.574 -102.599 -1.44716 -0.53683 -1 41
378 402 19 1.5089 1.5123 -106.858 -106.707 -1.40516 -0.44683 -1 41
378 359 20 1.5616 1.5606 -113.269 -113.243 -1.44716 -0.33883 -1 41
378 354 21 1.4776 1.4779 -103.734 -104.013 -1.36916 -0.48283 -1 41
378 343 22 1.555 1.5563 -108.998 -108.72 -1.44716 -0.42283 -1 41
378 321 23 1.5635 1.566 -105.208 -105.275 -1.45316 -0.48883 -1 41
378 352 24 1.5104 1.5113 -108.29 -108.039 -1.40516 -0.42283 -1 41
378 401 25 1.5189 1.5198 -105.669 -105.819 -1.41116 -0.46483 -1 41
378 362 26 1.492 1.4897 -113.418 -113.386 -1.38116 -0.32083 -1 41
378 380 27 1.489 1.4933 -106.517 -106.385 -1.38716 -0.44683 -1 41
378 396 28 1.5645 1.5645 -114.833 -114.848 -1.44716 -0.30883 -1 41
378 368 29 1.5127 1.5153 -104.327 -104.714 -1.40516 -0.48283 -1 41
378 300 30 1.5257 1.5244 -110.079 -110.22 -1.41716 -0.38683 -1 41
378 367 31 1.5115 1.5096 -113.731 -113.618 -1.39916 -0.32083 -1 41
378 396 32 1.6017 1.6053 -104.939 -104.968 -1.48916 -0.50683 -1 41
378 344 33 1.5012 1.4998 -103.072 -103.029 -1.38716 -0.50683 -1 41
378 367 34 1.4937 1.4926 -107.221 -107.06 -1.38716 -0.43483 -1 41
378 352 35 1.5822 1.5799 -100.867 -100.498 -1.45316 -0.57883 -1 41
378 318 36 1.5088 1.5047 -109.558 -109.612 -1.39916 -0.39283 -1 41
378 410 37 1.5194 1.519 -106.337 -106.481 -1.41116 -0.45283 -1 41
378 343 38 1.5687 1.5715 -112.22 -112.114 -1.45916 -0.36283 -1 41
378 350 39 1.577 1.5763 -110.589 -110.598 -1.46516 -0.39283 -1 41
378 329 40 1.596 1.5938 -113.675 -113.611 -1.47716 -0.33883 -1 41
378 370 41 1.5493 1.548 -113.155 -113.415 -1.43516 -0.33283 -1 41
378 340 42 1.5788 1.5739 -113.444 -113.392 -1.45916 -0.33883 -1 41
378 357 43 1.5909 1.5913 -112.403 -112.35 -1.47716 -0.36283 -1 41
378 348 44 1.5211 1.5211 -102.237 -102.402 -1.40516 -0.52483 -1 41
378 344 45 1.597 1.5886 -100.462 -99.996 -1.45916 -0.59083 -1 41
378 381 46 1.4878 1.4881 -100.928 -100.64 -1.36916 -0.54283 -1 41
378 350 47 1.4788 1.4773 -102.002 -101.856 -1.36316 -0.51883 -1 41
378 348 48 1.5579 1.5562 -103.831 -103.766 -1.44116 -0.51283 -1 41
378 347 49 1.5704 1.5707 -111.325 -111.474 -1.45916 -0.37483 -1 41
413 360 0 1.4725 1.48 -110.902 -111.271 -1.37516 -0.35683 -1 41
413 403 1 1.5887 1.5922 -104.976 -105.068 -1.47716 -0.50083 -1 41
413 441 2 1.56 1.5587 -115.054 -115.101 -1.44116 -0.30283 -1 41
413 383 3 1.4876 1.4895 -102.236 -102.111 -1.37516 -0.51883 -1 41
413 353 4 1.5975 1.5953 -114.401 -114.241 -1.47716 -0.32683 -1 41
413 372 5 1.4882 1.492 -109.951 -110.097 -1.38716 -0.38083 -1 41
413 384 6 1.4974 1.4985 -107.914 -107.837 -1.39316 -0.42283 -1 41
413 399 7 1.4737 1.4735 -101.118 -101.048 -1.35716 -0.53083 -1 41
413 363 8 1.6024 1.5997 -113.659 -113.37 -1.48316 -0.34483 -1 41
413 433 9 1.5466 1.553 -115.163 -115.355 -1.43516 -0.29683 -1 41
413 400 10 1.4913 1.4891 -113.29 -113.049 -1.38116 -0.32683 -1 41
413 413 11 1.5103 1.509 -104.559 -104.6 -1.39916 -0.48283 -1 41
413 374 12 1.5599 1.5589 -112.127 -112.276 -1.44716 -0.35683 -1 41
413 383 13 1.5539 1.5528 -112.563 -112.52 -1.44116 -0.35083 -1 41
413 372 14 1.5762 1.5803 -104.554 -104.535 -1.46516 -0.50683 -1 41
413 370 15 1.5959 1.5932 -100.734 -100.435 -1.46516 -0.58483 -1 41
413 387 16 1.5985 1.6037 -102.627 -102.981 -1.48316 -0.54283 -1 41
413 382 17 1.5508 1.5497 -101.476 -101.593 -1.42916 -0.54883 -1 41
413 422 18 1.5158 1.5181 -107.544 -107.475 -1.41116 -0.43483 -1 41
413 377 19 1.5043 1.5045 -114.243 -114.208 -1.39316 -0.30883 -1 41
413 398 20 1.5725 1.5768 -106.684 -106.764 -1.46516 -0.46483 -1 41
413 414 21 1.4848 1.4874 -106.012 -105.938 -1.38116 -0.45283 -1 41
413 365 22 1.563 1.5645 -105.945 -106.239 -1.45316 -0.47083 -1 41
413 379 23 1.573 1.5692 -108.909 -108.587 -1.45916 -0.42883 -1 41
413 395 24 1.5777 1.5839 -106.119 -106.23 -1.47116 -0.47683 -1 41
413 362 25 1.5486 1.5498 -109.403 -109.275 -1.44116 -0.41083 -1 41
413 434 26 1.5125 1.5135 -105.396 -105.71 -1.40516 -0.46483 -1 41
413 391 27 1.5914 1.5967 -103.094 -103.18 -1.47716 -0.53683 -1 41
413 379 28 1.5765 1.5785 -105.464 -105.489 -1.46516 -0.48883 -1 41
413 425 29 1.4978 1.4996 -106.69 -106.494 -1.39316 -0.44683 -1 41
413 407 30 1.4838 1.4869 -106.384 -106.277 -1.38116 -0.44683 -1 41
413 351 31 1.5506 1.5565 -109.905 -110.015 -1.44716 -0.39883 -1 41
413 413 32 1.5431 1.5421 -113.427 -113.665 -1.42916 -0.32683 -1 41
413 359 33 1.5507 1.5514 -111.381 -111.548 -1.44116 -0.36883 -1 41
413 363 34 1.5558 1.5564 -109.784 -109.691 -1.44716 -0.40483 -1 41
413 340 35 1.4736 1.4789 -109.549 -109.57 -1.37516 -0.38683 -1 41
413 368 36 1.4778 1.4737 -115.251 -114.852 -1.36316 -0.29083 -1 41
413 397 37 1.5354 1.5336 -112.339 -112.608 -1.42316 -0.34483 -1 41
413 362 38 1.597 1.592 -100.881 -100.748 -1.46516 -0.57883 -1 41
413 431 39 1.505 1.5078 -105.161 -105.266 -1.39916 -0.47083 -1 41
413 377 40 1.5007 1.5007 -102.736 -102.696 -1.38716 -0.51283 -1 41
413 377 41 1.5746 1.5756 -109.414 -109.32 -1.46516 -0.41683 -1 41
413 347 42 1.5427 1.5434 -109.726 -109.509 -1.43516 -0.40483 -1 41
413 389 43 1.5188 1.5174 -103.82 -103.721 -1.40516 -0.50083 -1 41
413 445 44 1.5094 1.5126 -106.284 -106.374 -1.40516 -0.45283 -1 41
413 392 45 1.5344 1.5324 -102.89 -102.973 -1.41716 -0.51883 -1 41
413 377 46 1.6034 1.6016 -108.409 -108.106 -1.48916 -0.44683 -1 41
413 374 47 1.5242 1.5232 -101.754 -101.745 -1.40516 -0.53683 -1 41
413 394 48 1.5795 1.5822 -108.214 -108.138 -1.47116 -0.44083 -1 41
413 351 49 1.4782 1.4855 -109.708 -110.004 -1.38116 -0.38083 -1 41
447 390 0 1.5297 1.5252 -111.054 -111.21 -1.41716 -0.36883 -1 41
447 443 1 1.5424 1.5374 -107.783 -107.451 -1.42916 -0.44083 -1 41
447 473 2 1.509 1.5123 -106.552 -106.707 -1.40516 -0.44683 -1 41
447 397 3 1.5577 1.5554 -104.468 -104.088 -1.44116 -0.50683 -1 41
447 446 4 1.4881 1.4933 -106.381 -106.385 -1.38716 -0.44683 -1 41
447 405 5 1.5533 1.5498 -109.194 -108.95 -1.44116 -0.41683 -1 41
447 424 6 1.5659 1.5613 -113.501 -113.564 -1.44716 -0.33283 -1 41
447 393 7 1.4968 1.4982 -109.091 -109.181 -1.39316 -0.39883 -1 41
447 398 8 1.6011 1.595 -109.213 -108.958 -1.48316 -0.42883 -1 41
447 417 9 1.5254 1.5255 -111.425 -111.54 -1.41716 -0.36283 -1 41
447 411 10 1.5805 1.5802 -102.049 -102.2 -1.45916 -0.54883 -1 41
447 458 11 1.5132 1.5143 -112.734 -112.699 -1.40516 -0.33883 -1 41
447 404 12 1.4823 1.4795 -114.91 -114.586 -1.36916 -0.29683 -1 41
447 437 13 1.5773 1.5762 -107.281 -107.403 -1.46516 -0.45283 -1 41
447 419 14 1.565 1.5654 -100.848 -100.881 -1.44116 -0.56683 -1 41
447 425 15 1.5024 1.4989 -101.496 -101.236 -1.38116 -0.53683 -1 41
447 409 16 1.4768 1.4787 -103.346 -103.674 -1.36916 -0.48883 -1 41
447 453 17 1.523 1.5244 -107.775 -107.577 -1.41716 -0.43483 -1 41
447 390 18 1.5597 1.561 -104.715 -104.523 -1.44716 -0.50083 -1 41
447 387 19 1.5625 1.5603 -104.892 -104.845 -1.44716 -0.49483 -1 41
447 427 20 1.5181 1.5167 -103.914 -104.052 -1.40516 -0.49483 -1 41
447 407 21 1.5249 1.5232 -101.803 -101.745 -1.40516 -0.53683 -1 41
447 448 22 1.496 1.5006 -112.207 -112.203 -1.39316 -0.34483 -1 41
447 397 23 1.4724 1.4743 -102.642 -102.872 -1.36316 -0.50083 -1 41
447 450 24 1.5953 1.5974 -105.856 -105.804 -1.48316 -0.48883 -1 41
447 444 25 1.5287 1.5311 -114.546 -114.499 -1.41716 -0.30883 -1 41
447 388 26 1.5049 1.5047 -109.439 -109.612 -1.39916 -0.39283 -1 41
447 440 27 1.4939 1.4929 -101.245 -101.106 -1.37516 -0.53683 -1 41
447 441 28 1.4785 1.4808 -101.049 -100.843 -1.36316 -0.53683 -1 41
447 416 29 1.5692 1.5694 -103.685 -103.674 -1.45316 -0.51883 -1 41
447 386 30 1.5554 1.554 -104.928 -104.734 -1.44116 -0.49483 -1 41
447 402 31 1.5616 1.5635 -110.623 -110.747 -1.45316 -0.38683 -1 41
447 457 32 1.5067 1.5067 -112.029 -111.952 -1.39916 -0.35083 -1 41
447 397 33 1.5915 1.5895 -101.3 -101.375 -1.46516 -0.56683 -1 41
447 392 34 1.5482 1.5498 -109.5 -109.275 -1.44116 -0.41083 -1 41
447 414 35 1.5785 1.5774 -101.091 -101.13 -1.45316 -0.56683 -1 41
447 413 36 1.4942 1.4956 -102.303 -102.237 -1.38116 -0.51883 -1 41
447 438 37 1.478 1.4758 -112.802 -112.887 -1.36916 -0.32683 -1 41
447 423 38 1.5789 1.5843 -105.597 -105.912 -1.47116 -0.48283 -1 41
447 426 39 1.4766 1.4784 -101.589 -101.518 -1.36316 -0.52483 -1 41
447 417 40 1.5246 1.519 -111.402 -111.456 -1.41116 -0.36283 -1 41
447 448 41 1.5552 1.5554 -113.783 -113.813 -1.44116 -0.32683 -1 41
447 413 42 1.516 1.5139 -102.662 -102.609 -1.39916 -0.51883 -1 41
447 444 43 1.6018 1.6082 -103.502 -103.718 -1.48916 -0.53083 -1 41
447 390 44 1.4877 1.4917 -108.902 -109.084 -1.38716 -0.39883 -1 41
447 384 45 1.4741 1.4725 -108.133 -108.105 -1.36916 -0.41083 -1 41
447 470 46 1.5496 1.5512 -114.598 -114.71 -1.43516 -0.30883 -1 41
447 430 47 1.5365 1.5329 -105.694 -105.707 -1.42316 -0.47083 -1 41
447 412 48 1.5931 1.5918 -112.914 -112.666 -1.47716 -0.35683 -1 41
447 462 49 1.6045 1.6047 -105.381 -105.281 -1.48916 -0.50083 -1 41
482 451 0 1.4851 1.4859 -107.409 -107.292 -1.38116 -0.42883 -1 41
482 465 1 1.5713 1.5696 -107.633 -107.625 -1.45916 -0.44683 -1 41
482 482 2 1.5178 1.5149 -113.328 -113.031 -1.40516 -0.33283 -1 41
482 459 3 1.4942 1.499 -110.614 -110.861 -1.39316 -0.36883 -1 41
482 473 4 1.5906 1.5922 -104.99 -105.068 -1.47716 -0.50083 -1 41
482 406 5 1.5196 1.5177 -109.932 -109.798 -1.41116 -0.39283 -1 41
482 450 6 1.5265 1.5282 -102.007 -102.197 -1.41116 -0.53083 -1 41
482 481 7 1.5124 1.5128 -111.712 -111.703 -1.40516 -0.35683 -1 41
482 448 8 1.581 1.5792 -102.489 -102.517 -1.45916 -0.54283 -1 41
482 457 9 1.5039 1.5043 -103.594 -103.817 -1.39316 -0.49483 -1 41
482 481 10 1.5286 1.527 -112.434 -112.529 -1.41716 -0.34483 -1 41
482 471 11 1.5784 1.5712 -114.993 -114.916 -1.45316 -0.30883 -1 41
482 446 12 1.5471 1.543 -103.981 -103.86 -1.42916 -0.50683 -1 41
482 458 13 1.4781 1.4779 -103.938 -104.013 -1.36916 -0.48283 -1 41
482 468 14 1.5469 1.5436 -108.173 -107.877 -1.43516 -0.43483 -1 41
482 482 15 1.4949 1.4992 -106.714 -106.829 -1.39316 -0.44083 -1 41
482 443 16 1.5366 1.5347 -104.63 -104.724 -1.42316 -0.48883 -1 41
482 406 17 1.5311 1.5305 -109.575 -109.323 -1.42316 -0.40483 -1 41
482 473 18 1.5505 1.548 -113.277 -113.415 -1.43516 -0.33283 -1 41
482 439 19 1.5956 1.5932 -100.658 -100.435 -1.46516 -0.58483 -1 41
482 468 20 1.6017 1.5956 -107.664 -107.38 -1.48316 -0.45883 -1 41
482 453 21 1.507 1.5053 -110.528 -110.615 -1.39916 -0.37483 -1 41
482 452 22 1.4818 1.4866 -111.038 -111.359 -1.38116 -0.35683 -1 41
482 444 23 1.582 1.5786 -112.766 -112.512 -1.46516 -0.35683 -1 41
482 484 24 1.5216 1.5204 -112.258 -112.448 -1.41116 -0.34483 -1 41
482 459 25 1.5542 1.5547 -101.864 -102.038 -1.43516 -0.54283 -1 41
482 453 26 1.577 1.5781 -112.271 -112.193 -1.46516 -0.36283 -1 41
482 444 27 1.5046 1.5017 -102.404 -102.362 -1.38716 -0.51883 -1 41
482 466 28 1.5328 1.533 -112.231 -112.281 -1.42316 -0.35083 -1 41
482 447 29 1.5164 1.5149 -102.207 -102.279 -1.39916 -0.52483 -1 41
482 459 30 1.4906 1.4904 -113.824 -113.723 -1.38116 -0.31483 -1 41
482 470 31 1.491 1.4903 -104.257 -104.251 -1.38116 -0.48283 -1 41
482 449 32 1.5338 1.5298 -104.018 -103.955 -1.41716 -0.50083 -1 41
482 438 33 1.5527 1.5533 -100.771 -100.629 -1.42916 -0.56683 -1 41
482 434 34 1.5424 1.5403 -105.23 -105.162 -1.42916 -0.48283 -1 41
482 415 35 1.6007 1.5979 -115.178 -115.182 -1.47716 -0.30883 -1 41
482 442 36 1.4959 1.4989 -103.083 -103.363 -1.38716 -0.50083 -1 41
482 423 37 1.5942 1.5886 -114.36 -114.171 -1.47116 -0.32683 -1 41
482 454 38 1.4984 1.4971 -113.932 -113.799 -1.38716 -0.31483 -1 41
482 455 39 1.5836 1.5866 -104.448 -104.644 -1.47116 -0.50683 -1 41
482 431 40 1.5514 1.5485 -104.554 -104.298 -1.43516 -0.50083 -1 41
482 456 41 1.5715 1.5711 -103.012 -103.035 -1.45316 -0.53083 -1 41
482 446 42 1.5742 1.5756 -109.11 -109.001 -1.46516 -0.42283 -1 41
482 421 43 1.5485 1.5499 -109.751 -109.6 -1.44116 -0.40483 -1 41
482 461 44 1.5858 1.5873 -104.19 -104.328 -1.47116 -0.51283 -1 41
482 428 45 1.5593 1.561 -104.542 -104.523 -1.44716 -0.50083 -1 41
482 463 46 1.5813 1.5843 -105.654 -105.912 -1.47116 -0.48283 -1 41
482 502 47 1.5105 1.5135 -105.445 -105.71 -1.40516 -0.46483 -1 41
482 466 48 1.487 1.4831 -113.428 -113.307 -1.37516 -0.32083 -1 41
482 448 49 1.577 1.576 -110.226 -110.279 -1.46516 -0.39883 -1 41
34 91 0 1.6026 1.4433 -105.893 -117.532 -1.32716 -0.23683 -0 40
34 93 1 1.4888 1.4433 -102.153 -117.532 -1.32716 -0.23683 -0 40
34 92 2 1.5264 1.4433 -111.071 -117.532 -1.32716 -0.23683 -0 40
34 92 3 1.5128 1.4433 -109.671 -117.532 -1.32716 -0.23683 -0 40
34 93 4 1.4939 1.4433 -103.363 -117.532 -1.32716 -0.23683 -0 40
34 92 5 1.5129 1.4433 -112.628 -117.532 -1.32716 -0.23683 -0 40
34 92 6 1.5948 1.4433 -109.827 -117.532 -1.32716 -0.23683 -0 40
34 92 7 1.5542 1.4433 -104.858 -117.532 -1.32716 -0.23683 -0 40
34 92 8 1.5099 1.4433 -110.112 -117.532 -1.32716 -0.23683 -0 40
34 92 9 1.5513 1.4433 -101.222 -117.532 -1.32716 -0.23683 -0 40
34 93 10 1.5091 1.4433 -102.658 -117.532 -1.32716 -0.23683 -0 40
34 93 11 1.5758 1.4433 -100.831 -117.532 -1.32716 -0.23683 -0 40
34 92 12 1.5587 1.4433 -108.759 -117.532 -1.32716 -0.23683 -0 40
34 92 13 1.5901 1.4433 -106.178 -117.532 -1.32716 -0.23683 -0 40
34 92 14 1.5354 1.4433 -101.939 -117.532 -1.32716 -0.23683 -0 40
34 92 15 1.5137 1.4433 -113.254 -117.532 -1.32716 -0.23683 -0 40
34 92 16 1.5703 1.4433 -101.131 -117.532 -1.32716 -0.23683 -0 40
34 92 17 1.4833 1.4433 -105.1 -117.532 -1.32716 -0.23683 -0 40
34 92 18 1.5985 1.4433 -106.869 -117.532 -1.32716 -0.23683 -0 40
34 92 19 1.5997 1.4433 -101.92 -117.532 -1.32716 -0.23683 -0 40
34 93 20 1.5299 1.4433 -104.627 -117.532 -1.32716 -0.23683 -0 40
34 92 21 1.5795 1.4433 -103.689 -117.532 -1.32716 -0.23683 -0 40
34 92 22 1.5471 1.4433 -107.525 -117.532 -1.32716 -0.23683 -0 40
34 92 23 1.5578 1.4433 -103.746 -117.532 -1.32716 -0.23683 -0 40
34 93 24 1.5775 1.4433 -100.794 -117.532 -1.32716 -0.23683 -0 40
34 92 25 1.5359 1.4433 -103.847 -117.532 -1.32716 -0.23683 -0 40
34 93 26 1.5479 1.4433 -108.332 -117.532 -1.32716 -0.23683 -0 40
34 92 27 1.531 1.4433 -101.795 -117.532 -1.32716 -0.23683 -0 40
34 92 28 1.5736 1.4433 -103.524 -117.532 -1.32716 -0.23683 -0 40
34 92 29 1.5646 1.4433 -107.209 -117.532 -1.32716 -0.23683 -0 40
34 93 30 1.5347 1.4433 -106.31 -117.532 -1.32716 -0.23683 -0 40
34 92 31 1.5185 1.4433 -102.293 -117.532 -1.32716 -0.23683 -0 40
34 92 32 1.5556 1.4433 -101.422 -117.532 -1.32716 -0.23683 -0 40
34 93 33 1.4766 1.4433 -102.913 -117.532 -1.32716 -0.23683 -0 40
34 92 34 1.5975 1.4433 -101.549 -117.532 -1.32716 -0.23683 -0 40
34 93 35 1.4849 1.4433 -110.048 -117.532 -1.32716 -0.23683 -0 40
34 92 36 1.5064 1.4433 -110.038 -117.532 -1.32716 -0.23683 -0 40
34 93 37 1.5458 1.4433 -111.059 -117.532 -1.32716 -0.23683 -0 40
34 93 38 1.5585 1.4433 -113.701 -117.532 -1.32716 -0.23683 -0 40
34 93 39 1.5577 1.4433 -110.282 -117.532 -1.32716 -0.23683 -0 40
34 92 40 1.4729 1.4433 -106.414 -117.532 -1.32716 -0.23683 -0 40
34 92 41 1.5081 1.4433 -112.782 -117.532 -1.32716 -0.23683 -0 40
34 92 42 1.5657 1.4433 -103.407 -117.532 -1.32716 -0.23683 -0 40
34 96 43 1.4884 1.4368 -114.694 -112.736 -1.33316 -0.32083 -0 40
34 93 44 1.5143 1.4433 -101.084 -117.532 -1.32716 -0.23683 -0 40
34 92 45 1.4953 1.4433 -109.48 -117.532 -1.32716 -0.23683 -0 40
34 93 46 1.5348 1.4433 -106.061 -117.532 -1.32716 -0.23683 -0 40
34 92 47 1.5635 1.4433 -104.235 -117.532 -1.32716 -0.23683 -0 40
34 92 48 1.5204 1.4433 -110.79 -117.532 -1.32716 -0.23683 -0 40
34 92 49 1.585 1.4433 -110.238 -117.532 -1.32716 -0.23683 -0 40
69 91 0 1.4887 1.4433 -108.896 -117.532 -1.32716 -0.23683 -0 40
69 93 1 1.5329 1.4433 -104.567 -117.532 -1.32716 -0.23683 -0 40
69 93 2 1.5305 1.4433 -112.437 -117.532 -1.32716 -0.23683 -0 40
69 93 3 1.5357 1.4433 -104.022 -117.532 -1.32716 -0.23683 -0 40
69 92 4 1.5268 1.4433 -112.487 -117.532 -1.32716 -0.23683 -0 40
69 91 5 1.4977 1.4433 -108.641 -117.532 -1.32716 -0.23683 -0 40
69 93 6 1.5549 1.4433 -105.206 -117.532 -1.32716 -0.23683 -0 40
69 92 7 1.4918 1.4433 -107.341 -117.532 -1.32716 -0.23683 -0 40
69 105 8 1.5025 1.5063 -106.216 -106.267 -1.39916 -0.45283 -0 40
69 92 9 1.4938 1.4433 -112.118 -117.532 -1.32716 -0.23683 -0 40
69 92 10 1.5702 1.4433 -105.42 -117.532 -1.32716 -0.23683 -0 40
69 93 11 1.5259 1.4433 -102.616 -117.532 -1.32716 -0.23683 -0 40
69 92 12 1.5586 1.4433 -102.14 -117.532 -1.32716 -0.23683 -0 40
69 93 13 1.5405 1.4433 -112.958 -117.532 -1.32716 -0.23683 -0 40
69 92 14 1.5297 1.4433 -103.648 -117.532 -1.32716 -0.23683 -0 40
69 101 15 1.4965 1.5068 -105.625 -105.933 -1.39916 -0.45883 -0 40
69 92 16 1.5979 1.4433 -108.492 -117.532 -1.32716 -0.23683 -0 40
69 93 17 1.5547 1.4433 -109.281 -117.532 -1.32716 -0.23683 -0 40
69 92 18 1.5465 1.4433 -106.898 -117.532 -1.32716 -0.23683 -0 40
69 94 19 1.5402 1.4433 -110.221 -117.532 -1.32716 -0.23683 -0 40
69 93 20 1.5699 1.4433 -114.851 -117.532 -1.32716 -0.23683 -0 40
69 92 21 1.5021 1.4433 -107.502 -117.532 -1.32716 -0.23683 -0 40
69 93 22 1.5259 1.4433 -108.694 -117.532 -1.32716 -0.23683 -0 40
69 92 23 1.578 1.4433 -103.109 -117.532 -1.32716 -0.23683 -0 40
69 93 24 1.5739 1.4433 -112.707 -117.532 -1.32716 -0.23683 -0 40
69 93 25 1.5135 1.4433 -101.225 -117.532 -1.32716 -0.23683 -0 40
69 96 26 1.501 1.5059 -106.981 -106.601 -1.39916 -0.44683 -0 40
69 92 27 1.581 1.4433 -112.74 -117.532 -1.32716 -0.23683 -0 40
69 93 28 1.5439 1.4433 -105.904 -117.532 -1.32716 -0.23683 -0 40
69 94 29 1.5854 1.6185 -103.721 -104.869 -1.50116 -0.51283 -0 40
69 100 30 1.602 1.6289 -109.514 -111.57 -1.51316 -0.38683 -0 40
69 92 31 1.5422 1.4433 -104.323 -117.532 -1.32716 -0.23683 -0 40
69 93 32 1.4813 1.4368 -111.588 -112.736 -1.33316 -0.32083 -0 40
69 100 33 1.5961 1.6136 -103.001 -104.14 -1.49516 -0.52483 -0 40
69 93 34 1.5419 1.4433 -110.815 -117.532 -1.32716 -0.23683 -0 40
69 104 35 1.5107 1.5131 -105.416 -106.042 -1.40516 -0.45883 -0 40
69 92 36 1.5251 1.4433 -112.177 -117.532 -1.32716 -0.23683 -0 40
69 92 37 1.5276 1.4433 -109.164 -117.532 -1.32716 -0.23683 -0 40
69 92 38 1.5537 1.4433 -104.04 -117.532 -1.32716 -0.23683 -0 40
69 93 39 1.5717 1.4433 -110.546 -117.532 -1.32716 -0.23683 -0 40
69 93 40 1.5511 1.4433 -105.229 -117.532 -1.32716 -0.23683 -0 40
69 92 41 1.5001 1.4433 -110.489 -117.532 -1.32716 -0.23683 -0 40
69 93 42 1.4842 1.4433 -110.672 -117.532 -1.32716 -0.23683 -0 40
69 92 43 1.5377 1.4433 -102.277 -117.532 -1.32716 -0.23683 -0 40
69 93 44 1.5358 1.4433 -109.666 -117.532 -1.32716 -0.23683 -0 40
69 93 45 1.5092 1.4433 -104.693 -117.532 -1.32716 -0.23683 -0 40
69 92 46 1.518 1.4433 -109.613 -117.532 -1.32716 -0.23683 -0 40
69 95 47 1.5369 1.525 -107.133 -106.917 -1.41716 -0.44683 -0 40
69 92 48 1.518 1.4433 -107.919 -117.532 -1.32716 -0.23683 -0 40
69 93 49 1.4941 1.4433 -103.302 -117.532 -1.32716 -0.23683 -0 40
103 125 0 1.5363 1.5253 -106.603 -106.587 -1.41716 -0.45283 -0 40
103 108 1 1.6047 1.6022 -107.875 -107.163 -1.48916 -0.46483 -0 40
103 94 2 1.5475 1.4433 -111.174 -117.532 -1.32716 -0.23683 -0 40
103 94 3 1.5369 1.4433 -110.072 -117.532 -1.32716 -0.23683 -0 40
103 113 4 1.4877 1.4506 -114.309 -113.249 -1.34516 -0.31483 -0 40
103 122 5 1.513 1.5119 -107.759 -107.04 -1.40516 -0.44083 -1 40
103 99 6 1.5143 1.5128 -111.017 -111.703 -1.40516 -0.35683 -0 40
103 108 7 1.5937 1.5811 -100.763 -98.797 -1.44716 -0.60883 -1 40
103 93 8 1.4925 1.4433 -102.135 -117.532 -1.32716 -0.23683 -0 40
103 93 9 1.5632 1.4433 -106.34 -117.532 -1.32716 -0.23683 -0 40
103 117 10 1.5143 1.5141 -104.56 -105.377 -1.40516 -0.47083 -0 40
103 93 11 1.5369 1.4433 -101.353 -117.532 -1.32716 -0.23683 -0 40
103 111 12 1.6004 1.6285 -109.465 -111.261 -1.51316 -0.39283 -1 40
103 97 13 1.5782 1.6116 -104.191 -105.074 -1.49516 -0.50683 -1 40
103 118 14 1.5735 1.5654 -114.797 -115.168 -1.44716 -0.30283 -0 40
103 143 15 1.5995 1.6116 -104.969 -105.074 -1.49516 -0.50683 -1 40
103 94 16 1.5652 1.4433 -110.483 -117.532 -1.32716 -0.23683 -0 40
103 93 17 1.5616 1.4433 -106.301 -117.532 -1.32716 -0.23683 -0 40
103 137 18 1.515 1.5123 -107.029 -106.707 -1.40516 -0.44683 -0 40
103 102 19 1.5772 1.5826 -107.694 -107.501 -1.47116 -0.45283 -0 40
103 93 20 1.5279 1.4433 -103.937 -117.532 -1.32716 -0.23683 -0 40
103 93 21 1.5206 1.4433 -100.838 -117.532 -1.32716 -0.23683 -0 40
103 91 22 1.5633 1.4433 -103.963 -117.532 -1.32716 -0.23683 -0 40
103 133 23 1.5975 1.6228 -111.439 -111.801 -1.50716 -0.38083 -0 40
103 104 24 1.4858 1.494 -112.059 -112.119 -1.38716 -0.34483 -0 40
103 122 25 1.4876 1.4941 -105.772 -105.712 -1.38716 -0.45883 -0 40
103 97 26 1.5274 1.5203 -104.51 -105.488 -1.41116 -0.47083 -0 40
103 93 27 1.489 1.4433 -103.144 -117.532 -1.32716 -0.23683 -1 40
103 92 28 1.5163 1.4433 -114.722 -117.532 -1.32716 -0.23683 -0 40
103 94 29 1.5499 1.4433 -109.862 -117.532 -1.32716 -0.23683 -0 40
103 140 30 1.6002 1.6136 -103.701 -104.14 -1.49516 -0.52483 -1 40
103 106 31 1.5869 1.6162 -111.576 -111.722 -1.50116 -0.38083 -1 40
103 93 32 1.5552 1.4433 -108.867 -117.532 -1.32716 -0.23683 -0 40
103 92 33 1.5807 1.4433 -109.615 -117.532 -1.32716 -0.23683 -0 40
103 93 34 1.4923 1.4433 -102.311 -117.532 -1.32716 -0.23683 -1 40
103 93 35 1.5385 1.4433 -101.462 -117.532 -1.32716 -0.23683 -0 40
103 92 36 1.5166 1.4433 -110.833 -117.532 -1.32716 -0.23683 -0 40
103 130 37 1.5963 1.61 -106.031 -106.01 -1.49516 -0.48883 -1 40
103 107 38 1.5834 1.6129 -103.676 -104.451 -1.49516 -0.51883 -1 40
103 108 39 1.5983 1.587 -100.732 -98.929 -1.45316 -0.60883 -1 40
103 101 40 1.596 1.6144 -102.136 -103.829 -1.49516 -0.53083 -1 40
103 92 41 1.5598 1.4433 -103.653 -117.532 -1.32716 -0.23683 -0 40
103 108 42 1.5511 1.5487 -113.324 -113.739 -1.43516 -0.32683 -0 40
103 110 43 1.5201 1.5133 -111.794 -112.035 -1.40516 -0.35083 -0 40
103 91 44 1.5035 1.4433 -108.946 -117.532 -1.32716 -0.23683 -0 40
103 125 45 1.533 1.5257 -106.159 -106.257 -1.41716 -0.45883 -0 40
103 93 46 1.5674 1.5831 -106.26 -106.865 -1.47116 -0.46483 -0 40
103 107 47 1.5389 1.5348 -112.88 -113.263 -1.42316 -0.33283 -0 40
103 93 48 1.5077 1.4433 -101.95 -117.532 -1.32716 -0.23683 -0 40
103 125 49 1.5503 1.5503 -114.167 -114.387 -1.43516 -0.31483 -1 40
138 110 0 1.5625 1.5768 -106.028 -106.764 -1.46516 -0.46483 -0 40
138 155 1 1.4739 1.4513 -114.866 -113.595 -1.34516 -0.30883 -0 40
138 113 2 1.5392 1.5414 -101.517 -102.117 -1.42316 -0.53683 -1 40
138 130 3 1.5037 1.5028 -103.792 -104.484 -1.39316 -0.48283 -1 40
138 124 4 1.5161 1.5181 -108.569 -107.475 -1.41116 -0.43483 -1 40
138 125 5 1.5551 1.5547 -112.967 -113.49 -1.44116 -0.33283 -1 40
138 146 6 1.4821 1.4573 -114.102 -113.33 -1.35116 -0.31483 -1 40
138 161 7 1.6025 1.6029 -106.617 -106.535 -1.48916 -0.47683 -1 40
138 109 8 1.5813 1.5786 -112.797 -112.512 -1.46516 -0.35683 -1 40
138 155 9 1.5928 1.6033 -106.02 -106.221 -1.48916 -0.48283 -1 40
138 143 10 1.5935 1.6101 -111.83 -111.955 -1.49516 -0.37483 -1 40
138 128 11 1.4851 1.4796 -101.896 -101.18 -1.36316 -0.53083 -1 40
138 132 12 1.5946 1.589 -108.251 -107.599 -1.47716 -0.45283 -1 40
138 140 13 1.4979 1.5056 -107.495 -106.935 -1.39916 -0.44083 -1 40
138 143 14 1.4795 1.4811 -105.851 -105.827 -1.37516 -0.45283 -1 40
138 128 15 1.4745 1.4555 -111.841 -112.295 -1.35116 -0.33283 -0 40
138 129 16 1.5407 1.5261 -105.695 -105.927 -1.41716 -0.46483 -1 40
138 91 17 1.5949 1.4433 -113.931 -117.532 -1.32716 -0.23683 -0 40
138 135 18 1.5832 1.5974 -105.191 -105.804 -1.48316 -0.48883 -1 40
138 104 19 1.5515 1.5492 -104.457 -103.974 -1.43516 -0.50683 -1 40
138 118 20 1.5948 1.5887 -108.761 -108.233 -1.47716 -0.44083 -1 40
138 163 21 1.5619 1.5578 -114.698 -114.779 -1.44116 -0.30883 -1 40
138 144 22 1.5839 1.5892 -107.215 -107.282 -1.47716 -0.45883 -1 40
138 114 23 1.5747 1.5828 -110.355 -110.683 -1.47116 -0.39283 -1 40
138 118 24 1.5288 1.5306 -103.708 -103.627 -1.41716 -0.50683 -1 40
138 161 25 1.5624 1.5578 -114.587 -114.779 -1.44116 -0.30883 -1 40
138 100 26 1.5415 1.5497 -100.921 -101.593 -1.42916 -0.54883 -1 40
138 151 27 1.5966 1.5959 -107.343 -107.065 -1.48316 -0.46483 -1 40
138 138 28 1.49 1.4868 -101.516 -100.975 -1.36916 -0.53683 -1 40
138 121 29 1.5637 1.5613 -113.156 -113.564 -1.44716 -0.33283 -1 40
138 103 30 1.5933 1.6099 -101.688 -103.095 -1.48916 -0.54283 -1 40
138 136 31 1.4777 1.4827 -104.245 -104.81 -1.37516 -0.47083 -1 40
138 129 32 1.6011 1.6177 -113.01 -112.655 -1.50116 -0.36283 -1 40
138 163 33 1.5981 1.61 -105.925 -106.01 -1.49516 -0.48883 -1 40
138 164 34 1.4755 1.4506 -114.101 -113.249 -1.34516 -0.31483 -1 40
138 94 35 1.5557 1.4433 -110.068 -117.532 -1.32716 -0.23683 -0 40
138 104 36 1.4948 1.4987 -108.347 -107.501 -1.39316 -0.42883 -1 40
138 139 37 1.4797 1.4808 -101.452 -100.843 -1.36316 -0.53683 -1 40
138 118 38 1.5684 1.5835 -105.843 -106.547 -1.47116 -0.47083 -1 40
138 157 39 1.5181 1.5183 -107.78 -107.144 -1.41116 -0.44083 -1 40
138 103 40 1.5567 1.5589 -112.05 -112.276 -1.44716 -0.35683 -1 40
138 129 41 1.5557 1.5504 -107.411 -107.326 -1.44116 -0.44683 -1 40
138 132 42 1.4857 1.4885 -112.851 -112.711 -1.38116 -0.33283 -0 40
138 106 43 1.5589 1.5704 -106.088 -106.663 -1.45916 -0.46483 -0 40
138 139 44 1.4884 1.4945 -112.259 -112.456 -1.38716 -0.33883 -0 40
138 110 45 1.4752 1.4725 -103.059 -103.553 -1.36316 -0.48883 -1 40
138 125 46 1.5354 1.5395 -102.437 -102.766 -1.42316 -0.52483 -1 40
138 136 47 1.585 1.6004 -103.871 -104.233 -1.48316 -0.51883 -1 40
138 147 48 1.498 1.5006 -112.404 -112.203 -1.39316 -0.34483 -1 40
138 171 49 1.5019 1.5068 -105.755 -105.933 -1.39916 -0.45883 -1 40
172 198 0 1.5011 1.5059 -106.608 -106.601 -1.39916 -0.44683 -1 40
172 142 1 1.55 1.55 -104.177 -103.651 -1.43516 -0.51283 -1 40
172 162 2 1.5842 1.5997 -104.089 -104.547 -1.48316 -0.51283 -1 40
172 143 3 1.5132 1.5139 -102.669 -102.609 -1.39916 -0.51883 -1 40
172 200 4 1.518 1.5135 -105.599 -105.71 -1.40516 -0.46483 -1 40
172 164 5 1.5947 1.6028 -102.606 -103.294 -1.48316 -0.53683 -1 40
172 120 6 1.5564 1.5586 -105.437 -105.811 -1.44716 -0.47683 -1 40
172 186 7 1.5389 1.5436 -113.925 -114.315 -1.42916 -0.31483 -1 40
172 160 8 1.5079 1.5059 -110.731 -111.284 -1.39916 -0.36283 -1 40
172 167 9 1.5735 1.5636 -114.306 -114.527 -1.44716 -0.31483 -1 40
172 144 10 1.5672 1.566 -112.629 -112.676 -1.45316 -0.35083 -1 40
172 180 11 1.5952 1.6096 -111.147 -111.643 -1.49516 -0.38083 -1 40
172 156 12 1.482 1.4865 -107.105 -106.615 -1.38116 -0.44083 -1 40
172 148 13 1.4992 1.499 -110.221 -110.861 -1.39316 -0.36883 -1 40
172 165 14 1.5176 1.5237 -114.115 -114.098 -1.41116 -0.31483 -1 40
172 181 15 1.5077 1.5077 -112.981 -112.619 -1.39916 -0.33883 -1 40
172 160 16 1.5403 1.5385 -103.084 -103.092 -1.42316 -0.51883 -1 40
172 166 17 1.4771 1.4772 -104.073 -104.353 -1.36916 -0.47683 -1 40
172 193 18 1.5109 1.5119 -107.426 -107.04 -1.40516 -0.44083 -1 40
172 157 19 1.5823 1.5935 -104.154 -104.438 -1.47716 -0.51283 -1 40
172 165 20 1.484 1.4808 -101.661 -100.843 -1.36316 -0.53683 -1 40
172 131 21 1.5489 1.5498 -109.385 -108.95 -1.44116 -0.41683 -1 40
172 117 22 1.5299 1.5252 -110.697 -111.21 -1.41716 -0.36883 -1 40
172 155 23 1.4903 1.4966 -103.597 -104.368 -1.38716 -0.48283 -1 40
172 146 24 1.5749 1.573 -102.237 -102.398 -1.45316 -0.54283 -1 40
172 169 25 1.582 1.5906 -105.665 -106.016 -1.47716 -0.48283 -1 40
172 133 26 1.543 1.5497 -100.95 -101.593 -1.42916 -0.54883 -1 40
172 201 27 1.5572 1.5587 -114.84 -115.101 -1.44116 -0.30283 -1 40
172 158 28 1.5667 1.5694 -107.909 -107.945 -1.45916 -0.44083 -1 40
172 143 29 1.5705 1.5763 -110.392 -110.598 -1.46516 -0.39283 -1 40
172 118 30 1.5165 1.5116 -110.003 -110.371 -1.40516 -0.38083 -1 40
172 197 31 1.4948 1.5004 -105.883 -105.823 -1.39316 -0.45883 -1 40
172 121 32 1.5471 1.5518 -111.333 -111.872 -1.44116 -0.36283 -1 40
172 180 33 1.584 1.5898 -106.454 -106.649 -1.47716 -0.47083 -1 40
172 158 34 1.4886 1.4765 -113.803 -113.228 -1.36916 -0.32083 -1 40
172 158 35 1.52 1.5159 -104.056 -104.383 -1.40516 -0.48883 -1 40
172 170 36 1.5008 1.5053 -107.667 -107.269 -1.39916 -0.43483 -1 40
172 141 37 1.5783 1.5774 -101.421 -101.13 -1.45316 -0.56683 -1 40
172 211 38 1.6043 1.6129 -104.151 -104.451 -1.49516 -0.51883 -1 40
172 150 39 1.5679 1.5669 -102.059 -102.279 -1.44716 -0.54283 -1 40
172 160 40 1.5706 1.5628 -113.893 -114.207 -1.44716 -0.32083 -1 40
172 140 41 1.5862 1.5886 -109.387 -109.501 -1.47716 -0.41683 -1 40
172 125 42 1.4925 1.4918 -109.336 -109.422 -1.38716 -0.39283 -1 40
172 161 43 1.5074 1.4967 -100.54 -100.106 -1.37516 -0.55483 -1 40
172 184 44 1.4877 1.4937 -106.228 -106.049 -1.38716 -0.45283 -1 40
172 164 45 1.5538 1.5527 -102.616 -102.682 -1.43516 -0.53083 -1 40
172 157 46 1.5918 1.5888 -108.516 -107.916 -1.47716 -0.44683 -1 40
172 170 47 1.531 1.5203 -105.257 -105.488 -1.41116 -0.47083 -1 40
172 196 48 1.5304 1.5253 -106.35 -106.587 -1.41716 -0.45283 -1 40
172 136 49 1.5848 1.5823 -101.526 -101.568 -1.45916 -0.56083 -1 40
206 176 0 1.5044 1.5027 -102.301 -102.029 -1.38716 -0.52483 -1 40
206 183 1 1.5529 1.5509 -103.817 -103.327 -1.43516 -0.51883 -1 40
206 149 2 1.5132 1.5111 -109.239 -108.705 -1.40516 -0.41083 -1 40
206 182 3 1.5011 1.4964 -114.009 -113.464 -1.38716 -0.32083 -1 40
206 181 4 1.5556 1.5558 -101.374 -101.717 -1.43516 -0.54883 -1 40
206 186 5 1.5294 1.5243 -108.72 -107.907 -1.41716 -0.42883 -1 40
206 177 6 1.5405 1.5425 -101.437 -101.793 -1.42316 -0.54283 -1 40
206 211 7 1.5303 1.5378 -114.557 -114.57 -1.42316 -0.30883 -1 40
206 233 8 1.6007 1.6105 -105.391 -105.698 -1.49516 -0.49483 -1 40
206 191 9 1.5632 1.5635 -107.213 -107.204 -1.45316 -0.45283 -1 40
206 201 10 1.4767 1.4765 -104.257 -104.693 -1.36916 -0.47083 -1 40
206 177 11 1.569 1.572 -112.36 -112.434 -1.45916 -0.35683 -1 40
206 224 12 1.5404 1.5436 -114.2 -114.315 -1.42916 -0.31483 -1 40
206 173 13 1.4959 1.4989 -102.946 -103.363 -1.38716 -0.50083 -1 40
206 180 14 1.5643 1.5641 -101.307 -101.2 -1.44116 -0.56083 -1 40
206 194 15 1.5526 1.5517 -103.317 -103.004 -1.43516 -0.52483 -1 40
206 176 16 1.5191 1.5177 -108.761 -108.139 -1.41116 -0.42283 -1 40
206 202 17 1.4748 1.4748 -106.091 -105.715 -1.36916 -0.45283 -1 40
206 181 18 1.5935 1.6019 -109.756 -110.307 -1.48916 -0.40483 -1 40
206 195 19 1.6003 1.6099 -102.452 -103.095 -1.48916 -0.54283 -1 40
206 165 20 1.4975 1.4912 -114.669 -114.059 -1.38116 -0.30883 -1 40
206 200 21 1.5169 1.5163 -113.935 -113.693 -1.40516 -0.32083 -1 40
206 141 22 1.5164 1.5111 -109.492 -109.039 -1.40516 -0.40483 -1 40
206 143 23 1.5344 1.5305 -109.583 -108.665 -1.42316 -0.41683 -1 40
206 217 24 1.598 1.6082 -103.38 -103.718 -1.48916 -0.53083 -1 40
206 209 25 1.4897 1.4952 -104.414 -105.04 -1.38716 -0.47083 -1 40
206 222 26 1.5992 1.6029 -106.672 -106.535 -1.48916 -0.47683 -1 40
206 219 27 1.4955 1.5015 -104.727 -105.153 -1.39316 -0.47083 -1 40
206 217 28 1.5336 1.5362 -113.92 -113.917 -1.42316 -0.32083 -1 40
206 174 29 1.5961 1.6017 -109.491 -109.992 -1.48916 -0.41083 -1 40
206 179 30 1.4913 1.4923 -107.892 -107.397 -1.38716 -0.42883 -1 40
206 203 31 1.5919 1.5969 -111.828 -111.797 -1.48316 -0.37483 -1 40
206 199 32 1.5046 1.4954 -100.801 -100.439 -1.37516 -0.54883 -1 40
206 156 33 1.5171 1.5176 -109.101 -108.471 -1.41116 -0.41683 -1 40
206 174 34 1.5059 1.5069 -102.647 -102.818 -1.39316 -0.51283 -1 40
206 225 35 1.5153 1.5183 -107.515 -107.144 -1.41116 -0.44083 -1 40
206 156 36 1.4806 1.479 -108.461 -108.208 -1.37516 -0.41083 -1 40
206 220 37 1.512 1.5143 -112.535 -112.699 -1.40516 -0.33883 -1 40
206 212 38 1.5186 1.5146 -104.708 -105.046 -1.40516 -0.47683 -1 40
206 152 39 1.5101 1.5047 -109.104 -108.607 -1.39916 -0.41083 -1 40
206 196 40 1.5444 1.5466 -102.324 -102.562 -1.42916 -0.53083 -1 40
206 162 41 1.5443 1.5409 -104.864 -104.836 -1.42916 -0.48883 -1 40
206 199 42 1.5813 1.5824 -108.077 -107.819 -1.47116 -0.44683 -1 40
206 183 43 1.5294 1.5298 -103.935 -103.955 -1.41716 -0.50083 -1 40
206 210 44 1.5917 1.5892 -107.669 -107.282 -1.47716 -0.45883 -1 40
206 175 45 1.5029 1.5059 -102.939 -103.151 -1.39316 -0.50683 -1 40
206 157 46 1.5524 1.5518 -105.591 -106.029 -1.44116 -0.47083 -1 40
206 173 47 1.5009 1.5007 -102.622 -102.696 -1.38716 -0.51283 -1 40
206 212 48 1.4961 1.5011 -112.338 -112.538 -1.39316 -0.33883 -1 40
206 183 49 1.5832 1.5847 -112.367 -112.272 -1.47116 -0.36283 -1 40
241 210 0 1.5379 1.5414 -101.561 -102.117 -1.42316 -0.53683 -1 40
241 241 1 1.5454 1.5438 -107.742 -107.551 -1.43516 -0.44083 -1 40
241 258 2 1.4831 1.4834 -100.402 -100.171 -1.36316 -0.54883 -1 40
241 222 3 1.5865 1.5779 -115.036 -114.983 -1.45916 -0.30883 -1 40
241 227 4 1.5447 1.5447 -103.39 -103.21 -1.42916 -0.51883 -1 40
241 164 5 1.5265 1.5241 -109.817 -109.559 -1.41716 -0.39883 -1 40
241 217 6 1.5591 1.557 -103.766 -103.444 -1.44116 -0.51883 -1 40
241 190 7 1.5617 1.561 -104.771 -104.523 -1.44716 -0.50083 -1 40
241 240 8 1.5196 1.5198 -111.757 -112.118 -1.41116 -0.35083 -1 40
241 205 9 1.5218 1.5232 -101.68 -101.745 -1.40516 -0.53683 -1 40
241 226 10 1.4806 1.4874 -111.668 -112.035 -1.38116 -0.34483 -1 40
241 213 11 1.588 1.5914 -102.36 -102.751 -1.47116 -0.54283 -1 40
241 211 12 1.5557 1.5562 -103.988 -103.766 -1.44116 -0.51283 -1 40
241 204 13 1.5677 1.5776 -105.631 -106.126 -1.46516 -0.47683 -1 40
241 212 14 1.4794 1.4662 -115.13 -114.437 -1.35716 -0.29683 -1 40
241 235 15 1.5841 1.5906 -105.564 -106.016 -1.47716 -0.48283 -1 40
241 248 16 1.4916 1.4952 -104.627 -105.04 -1.38716 -0.47083 -1 40
241 206 17 1.5701 1.576 -110.033 -110.279 -1.46516 -0.39883 -1 40
241 272 18 1.5225 1.5186 -107.039 -106.812 -1.41116 -0.44683 -1 40
241 245 19 1.5843 1.5892 -107.1 -107.282 -1.47716 -0.45883 -1 40
241 192 20 1.5391 1.5448 -100.847 -101.146 -1.42316 -0.55483 -1 40
241 185 21 1.5229 1.5194 -100.752 -100.962 -1.39916 -0.54883 -1 40
241 254 22 1.5234 1.5203 -105.343 -105.488 -1.41116 -0.47083 -1 40
241 261 23 1.5439 1.5445 -114.485 -114.64 -1.42916 -0.30883 -1 40
241 221 24 1.5563 1.557 -103.544 -103.444 -1.44116 -0.51883 -1 40
241 212 25 1.5696 1.5694 -103.818 -103.674 -1.45316 -0.51883 -1 40
241 217 26 1.5789 1.5828 -110.368 -110.683 -1.47116 -0.39283 -1 40
241 236 27 1.5364 1.5325 -105.803 -106.035 -1.42316 -0.46483 -1 40
241 215 28 1.5756 1.5781 -112.115 -112.193 -1.46516 -0.36283 -1 40
241 200 29 1.5964 1.5997 -113.395 -113.37 -1.48316 -0.34483 -1 40
241 218 30 1.5723 1.5711 -103.029 -103.035 -1.45316 -0.53083 -1 40
241 235 31 1.5819 1.5824 -107.948 -107.819 -1.47116 -0.44683 -1 40
241 215 32 1.4747 1.4773 -102.005 -101.856 -1.36316 -0.51883 -1 40
241 217 33 1.5819 1.5834 -103.055 -103.266 -1.46516 -0.53083 -1 40
241 275 34 1.5065 1.5068 -105.805 -105.933 -1.39916 -0.45883 -1 40
241 210 35 1.5686 1.5703 -111.235 -111.153 -1.45916 -0.38083 -1 40
241 250 36 1.5065 1.5077 -112.867 -112.619 -1.39916 -0.33883 -1 40
241 240 37 1.4869 1.4896 -104.335 -104.588 -1.38116 -0.47683 -1 40
241 271 38 1.6028 1.6122 -104.654 -104.762 -1.49516 -0.51283 -1 40
241 241 39 1.4903 1.4935 -111.688 -111.783 -1.38716 -0.35083 -1 40
241 213 40 1.5444 1.5434 -108.911 -108.53 -1.43516 -0.42283 -1 40
241 230 41 1.4844 1.4771 -113.701 -113.568 -1.36916 -0.31483 -1 40
241 224 42 1.515 1.5167 -103.905 -104.052 -1.40516 -0.49483 -1 40
241 216 43 1.5738 1.5765 -110.875 -110.917 -1.46516 -0.38683 -1 40
241 186 44 1.4749 1.4857 -109.969 -110.343 -1.38116 -0.37483 -1 40
241 177 45 1.6046 1.598 -101.232 -100.871 -1.47116 -0.57883 -1 40
241 236 46 1.5938 1.589 -107.983 -107.599 -1.47716 -0.45283 -1 40
241 221 47 1.575 1.5839 -105.745 -106.23 -1.47116 -0.47683 -1 40
241 219 48 1.5823 1.5834 -103.157 -103.266 -1.46516 -0.53083 -1 40
241 209 49 1.5586 1.5594 -112.361 -112.599 -1.44716 -0.35083 -1 40
275 245 0 1.488 1.4922 -110.226 -110.434 -1.38716 -0.37483 -1 40
275 301 1 1.5164 1.5183 -107.218 -107.144 -1.41116 -0.44083 -1 40
275 244 2 1.5028 1.5027 -102.245 -102.029 -1.38716 -0.52483 -1 40
275 242 3 1.5647 1.5632 -103.945 -103.559 -1.44716 -0.51883 -1 40
275 243 4 1.5762 1.5756 -103.916 -103.787 -1.45916 -0.51883 -1 40
275 257 5 1.579 1.5834 -111.086 -111.319 -1.47116 -0.38083 -1 40
275 282 6 1.5258 1.5288 -113.509 -113.515 -1.41716 -0.32683 -1 40
275 253 7 1.5718 1.5693 -108.591 -108.266 -1.45916 -0.43483 -1 40
275 295 8 1.6022 1.6074 -103.848 -104.03 -1.48916 -0.52483 -1 40
275 233 9 1.5861 1.5805 -113.578 -113.466 -1.46516 -0.33883 -1 40
275 258 10 1.5866 1.5822 -108.396 -108.138 -1.47116 -0.44083 -1 40
275 279 11 1.5214 1.5181 -107.986 -107.475 -1.41116 -0.43483 -1 40
275 258 12 1.53 1.5324 -102.899 -102.973 -1.41716 -0.51883 -1 40
275 250 13 1.5621 1.557 -103.654 -103.444 -1.44116 -0.51883 -1 40
275 268 14 1.503 1.4954 -100.554 -100.439 -1.37516 -0.54883 -1 40
275 254 15 1.5099 1.5104 -114.127 -113.95 -1.39916 -0.31483 -1 40
275 283 16 1.4727 1.476 -100.407 -100.372 -1.35716 -0.54283 -1 41
275 245 17 1.5753 1.576 -110.155 -110.279 -1.46516 -0.39883 -1 40
275 292 18 1.6008 1.6074 -103.717 -104.03 -1.48916 -0.52483 -1 40
275 249 19 1.534 1.5353 -101.798 -101.994 -1.41716 -0.53683 -1 40
275 246 20 1.5701 1.5776 -105.901 -106.126 -1.46516 -0.47683 -1 40
275 227 21 1.5673 1.5717 -105.306 -105.702 -1.45916 -0.48283 -1 40
275 261 22 1.5562 1.554 -113.142 -113.167 -1.44116 -0.33883 -1 40
275 234 23 1.5638 1.5628 -109.686 -109.459 -1.45316 -0.41083 -1 40
275 276 24 1.4967 1.4941 -100.942 -100.772 -1.37516 -0.54283 -1 40
275 248 25 1.5829 1.5821 -108.994 -108.774 -1.47116 -0.42883 -1 40
275 232 26 1.4725 1.4729 -107.726 -107.422 -1.36916 -0.42283 -1 40
275 229 27 1.5646 1.5712 -105.633 -106.022 -1.45916 -0.47683 -1 40
275 214 28 1.5323 1.5317 -110.885 -111.296 -1.42316 -0.36883 -1 40
275 258 29 1.5911 1.5887 -108.447 -108.233 -1.47716 -0.44083 -1 40
275 215 30 1.4775 1.4854 -109.423 -109.665 -1.38116 -0.38683 -1 40
275 262 31 1.5332 1.5307 -108.525 -108.007 -1.42316 -0.42883 -1 40
275 241 32 1.4807 1.486 -110.494 -110.682 -1.38116 -0.36883 -1 40
275 267 33 1.4809 1.4819 -112.721 -112.629 -1.37516 -0.33283 -1 40
275 263 34 1.5398 1.5395 -102.879 -102.766 -1.42316 -0.52483 -1 40
275 223 35 1.5566 1.5547 -104.755 -104.411 -1.44116 -0.50083 -1 40
275 246 36 1.5152 1.5192 -103.066 -103.061 -1.40516 -0.51283 -1 40
275 256 37 1.4777 1.4784 -101.799 -101.518 -1.36316 -0.52483 -1 40
275 267 38 1.53 1.5264 -112.062 -112.199 -1.41716 -0.35083 -1 40
275 249 39 1.5657 1.5641 -103.575 -103.239 -1.44716 -0.52483 -1 40
275 252 40 1.5276 1.5324 -103.037 -102.973 -1.41716 -0.51883 -1 40
275 245 41 1.5589 1.5581 -101.113 -101.075 -1.43516 -0.56083 -1 40
275 275 42 1.478 1.4821 -104.906 -105.148 -1.37516 -0.46483 -1 40
275 248 43 1.5206 1.5211 -102.314 -102.402 -1.40516 -0.52483 -1 40
275 220 44 1.537 1.5387 -111.235 -111.708 -1.42916 -0.36283 -1 40
275 257 45 1.5614 1.5629 -108.179 -108.17 -1.45316 -0.43483 -1 40
275 272 46 1.4798 1.4808 -101.263 -100.843 -1.36316 -0.53683 -1 40
275 260 47 1.5571 1.5565 -108.005 -108.073 -1.44716 -0.43483 -1 40
275 294 48 1.5487 1.5503 -114.182 -114.387 -1.43516 -0.31483 -1 40
275 269 49 1.4763 1.4753 -112.594 -112.547 -1.36916 -0.33283 -1 40
310 295 0 1.5591 1.5598 -102.452 -102.48 -1.44116 -0.53683 -1 40
310 287 1 1.5509 1.5547 -101.758 -102.038 -1.43516 -0.54283 -1 40
310 284 2 1.4788 1.487 -111.3 -111.697 -1.38116 -0.35083 -1 40
310 281 3 1.5619 1.557 -103.743 -103.444 -1.44116 -0.51883 -1 40
310 279 4 1.58 1.5756 -108.914 -108.681 -1.46516 -0.42883 -1 40
310 291 5 1.4902 1.4926 -107.391 -107.06 -1.38716 -0.43483 -1 40
310 267 6 1.5237 1.5186 -110.895 -111.124 -1.41116 -0.36883 -1 40
310 287 7 1.5713 1.5679 -113.647 -113.638 -1.45316 -0.33283 -1 40
310 274 8 1.5544 1.5593 -100.577 -100.755 -1.43516 -0.56683 -1 40
310 301 9 1.5304 1.5396 -115.2 -115.221 -1.42316 -0.29683 -1 40
310 328 10 1.4952 1.5 -106.196 -106.158 -1.39316 -0.45283 -1 40
310 275 11 1.6045 1.6016 -108.542 -108.106 -1.48916 -0.44683 -1 41
310 258 12 1.4757 1.486 -110.318 -110.682 -1.38116 -0.36883 -1 40
310 262 13 1.4878 1.4795 -115.083 -114.586 -1.36916 -0.29683 -1 40
310 280 14 1.6049 1.6057 -113.257 -113.13 -1.48916 -0.35083 -1 40
310 284 15 1.5841 1.5891 -110.21 -110.451 -1.47716 -0.39883 -1 40
310 302 16 1.5742 1.5762 -107.196 -107.403 -1.46516 -0.45283 -1 40
310 296 17 1.4721 1.468 -106.329 -105.944 -1.36316 -0.44683 -1 40
310 299 18 1.5088 1.5096 -113.723 -113.618 -1.39916 -0.32083 -1 40
310 273 19 1.4941 1.4912 -114.434 -114.059 -1.38116 -0.30883 -1 40
310 273 20 1.5958 1.5951 -109.497 -109.59 -1.48316 -0.41683 -1 41
310 276 21 1.5547 1.551 -106.444 -106.677 -1.44116 -0.45883 -1 40
310 309 22 1.5408 1.5414 -113.079 -113.34 -1.42916 -0.33283 -1 40
310 277 23 1.5738 1.5679 -113.509 -113.638 -1.45316 -0.33283 -1 40
310 303 24 1.4874 1.4879 -112.253 -112.373 -1.38116 -0.33883 -1 40
310 300 25 1.5122 1.5124 -111.136 -111.37 -1.40516 -0.36283 -1 40
310 299 26 1.5896 1.5904 -111.791 -111.718 -1.47716 -0.37483 -1 40
310 289 27 1.5572 1.5563 -108.509 -108.397 -1.44716 -0.42883 -1 40
310 299 28 1.5966 1.6024 -110.512 -110.935 -1.48916 -0.39283 -1 41
310 287 29 1.5107 1.5113 -103.548 -103.603 -1.39916 -0.50083 -1 40
310 294 30 1.5422 1.5447 -103.319 -103.21 -1.42916 -0.51883 -1 40
310 258 31 1.4846 1.4854 -109.497 -109.665 -1.38116 -0.38683 -1 40
310 289 32 1.4847 1.4841 -103.738 -104.133 -1.37516 -0.48283 -1 41
310 293 33 1.5186 1.5159 -104.11 -104.383 -1.40516 -0.48883 -1 40
310 291 34 1.5568 1.5565 -108.351 -108.073 -1.44716 -0.43483 -1 40
310 283 35 1.5078 1.505 -101.324 -101.365 -1.38716 -0.53683 -1 40
310 278 36 1.5202 1.5221 -101.972 -102.074 -1.40516 -0.53083 -1 40
310 292 37 1.5698 1.5768 -106.538 -106.764 -1.46516 -0.46483 -1 40
310 296 38 1.593 1.5974 -112.136 -112.112 -1.48316 -0.36883 -1 40
310 291 39 1.5101 1.5115 -108.189 -107.706 -1.40516 -0.42883 -1 40
310 289 40 1.5858 1.5896 -103.151 -103.381 -1.47116 -0.53083 -1 40
310 279 41 1.5943 1.5918 -112.906 -112.666 -1.47716 -0.35683 -1 40
310 297 42 1.5541 1.5517 -103.092 -103.004 -1.43516 -0.52483 -1 40
310 273 43 1.547 1.5497 -101.192 -101.593 -1.42916 -0.54883 -1 40
310 301 44 1.4943 1.4993 -110.913 -111.197 -1.39316 -0.36283 -1 40
310 315 45 1.5103 1.5117 -107.666 -107.373 -1.40516 -0.43483 -1 40
310 325 46 1.5358 1.5313 -106.975 -107.02 -1.42316 -0.44683 -1 40
310 318 47 1.5365 1.5355 -113.692 -113.59 -1.42316 -0.32683 -1 40
310 294 48 1.574 1.5695 -114.15 -114.278 -1.45316 -0.32083 -1 40
310 302 49 1.4825 1.4825 -113.064 -112.968 -1.37516 -0.32683 -1 41
344 304 0 1.5439 1.5423 -104.493 -104.185 -1.42916 -0.50083 -1 41
344 310 1 1.5306 1.5353 -101.722 -101.994 -1.41716 -0.53683 -1 40
344 298 2 1.5197 1.5182 -101.132 -101.291 -1.39916 -0.54283 -1 41
344 330 3 1.5234 1.5243 -108.333 -107.907 -1.41716 -0.42883 -1 40
344 340 4 1.5873 1.589 -107.8 -107.599 -1.47716 -0.45283 -1 41
344 298 5 1.4726 1.48 -110.997 -111.271 -1.37516 -0.35683 -1 41
344 339 6 1.5309 1.5308 -108.149 -107.678 -1.42316 -0.43483 -1 40
344 316 7 1.5127 1.5104 -114.309 -113.95 -1.39916 -0.31483 -1 41
344 326 8 1.591 1.5958 -110.516 -110.852 -1.48316 -0.39283 -1 41
344 344 9 1.5537 1.5554 -113.627 -113.813 -1.44116 -0.32683 -1 40
344 304 10 1.4848 1.4795 -114.901 -114.586 -1.36916 -0.29683 -1 41
344 332 11 1.4908 1.4891 -113.29 -113.049 -1.38116 -0.32683 -1 41
344 311 12 1.488 1.4853 -114.443 -114.321 -1.37516 -0.30283 -1 41
344 310 13 1.5003 1.5017 -102.327 -102.362 -1.38716 -0.51883 -1 41
344 265 14 1.5387 1.5437 -110.122 -110.161 -1.43516 -0.39283 -1 40
344 289 15 1.5547 1.5523 -105.697 -105.705 -1.44116 -0.47683 -1 41
344 317 16 1.5056 1.5038 -101.727 -101.697 -1.38716 -0.53083 -1 41
344 290 17 1.5531 1.5572 -110.878 -110.985 -1.44716 -0.38083 -1 40
344 337 18 1.513 1.5156 -113.636 -113.362 -1.40516 -0.32683 -1 41
344 288 19 1.5021 1.4995 -114.95 -114.803 -1.38716 -0.29683 -1 41
344 315 20 1.5021 1.4987 -110.395 -110.525 -1.39316 -0.37483 -1 40
344 316 21 1.5359 1.5335 -105.169 -105.379 -1.42316 -0.47683 -1 41
344 301 22 1.4793 1.486 -110.428 -110.682 -1.38116 -0.36883 -1 40
344 352 23 1.5996 1.6074 -103.81 -104.03 -1.48916 -0.52483 -1 41
344 324 24 1.5504 1.5474 -112.826 -113.091 -1.43516 -0.33883 -1 40
344 306 25 1.5163 1.5121 -110.694 -111.037 -1.40516 -0.36883 -1 40
344 335 26 1.503 1.4967 -100.346 -100.106 -1.37516 -0.55483 -1 41
344 351 27 1.4856 1.4884 -105.077 -105.263 -1.38116 -0.46483 -1 41
344 348 28 1.586 1.5895 -106.715 -106.965 -1.47716 -0.46483 -1 41
344 366 29 1.6033 1.6053 -104.952 -104.968 -1.48916 -0.50683 -1 41
344 349 30 1.5351 1.5348 -113.335 -113.263 -1.42316 -0.33283 -1 41
344 348 31 1.52 1.5204 -112.158 -112.448 -1.41116 -0.34483 -1 40
344 299 32 1.5635 1.5617 -104.387 -104.201 -1.44716 -0.50683 -1 41
344 309 33 1.6005 1.5951 -108.723 -108.327 -1.48316 -0.44083 -1 41
344 342 34 1.5975 1.6027 -111.107 -111.249 -1.48916 -0.38683 -1 41
344 329 35 1.4832 1.4841 -103.939 -104.133 -1.37516 -0.48283 -1 41
344 347 36 1.5852 1.5895 -107.033 -106.965 -1.47716 -0.46483 -1 41
344 337 37 1.5041 1.5028 -104.203 -104.484 -1.39316 -0.48283 -1 41
344 334 38 1.5861 1.5826 -100.42 -99.869 -1.45316 -0.59083 -1 41
344 319 39 1.5706 1.5702 -103.374 -103.354 -1.45316 -0.52483 -1 41
344 329 40 1.5947 1.589 -108.072 -107.599 -1.47716 -0.45283 -1 41
344 339 41 1.5167 1.5163 -113.743 -113.693 -1.40516 -0.32083 -1 41
344 292 42 1.4761 1.4794 -110.414 -110.591 -1.37516 -0.36883 -1 40
344 319 43 1.5828 1.588 -104.049 -104.012 -1.47116 -0.51883 -1 41
344 317 44 1.5043 1.5053 -110.464 -110.615 -1.39916 -0.37483 -1 40
344 346 45 1.5159 1.5146 -104.699 -105.046 -1.40516 -0.47683 -1 41
344 322 46 1.5872 1.5908 -112.227 -112.034 -1.47716 -0.36883 -1 41
344 356 47 1.5253 1.5247 -107.677 -107.247 -1.41716 -0.44083 -1 40
344 277 48 1.6044 1.6017 -101.417 -101.616 -1.47716 -0.56683 -1 41
344 337 49 1.5358 1.5336 -112.555 -112.608 -1.42316 -0.34483 -1 40
378 403 0 1.5024 1.5068 -105.635 -105.933 -1.39916 -0.45883 -1 41
378 340 1 1.4757 1.48 -111.126 -111.271 -1.37516 -0.35683 -1 41
378 392 2 1.601 1.6037 -105.876 -105.907 -1.48916 -0.48883 -1 41
378 374 3 1.5855 1.5902 -105.989 -106.332 -1.47716 -0.47683 -1 41
378 384 4 1.5716 1.5712 -114.865 -114.916 -1.45316 -0.30883 -1 41
378 373 5 1.5578 1.5554 -113.604 -113.813 -1.44116 -0.32683 -1 41
378 356 6 1.4845 1.4779 -114.186 -113.907 -1.36916 -0.30883 -1 41
378 369 7 1.5247 1.5311 -114.397 -114.499 -1.41716 -0.30883 -1 41
378 352 8 1.5892 1.5886 -108.721 -108.55 -1.47716 -0.43483 -1 41
378 315 9 1.5347 1.5369 -109.391 -109.089 -1.42916 -0.41083 -1 41
378 405 10 1.5092 1.5072 -105.51 -105.599 -1.39916 -0.46483 -1 41
378 353 11 1.5752 1.5765 -110.935 -110.917 -1.46516 -0.38683 -1 41
378 340 12 1.5812 1.5805 -113.539 -113.466 -1.46516 -0.33883 -1 41
378 360 13 1.5434 1.5384 -106.257 -106.469 -1.42916 -0.45883 -1 41
378 389 14 1.5376 1.5378 -114.559 -114.57 -1.42316 -0.30883 -1 41
378 353 15 1.5055 1.5049 -108.112 -107.938 -1.39916 -0.42283 -1 41
378 304 16 1.5274 1.5246 -110.384 -110.55 -1.41716 -0.38083 -1 41
378 366 17 1.5811 1.5812 -100.492 -100.183 -1.45316 -0.58483 -1 41
378 339 18 1.5938 1.595 -109.211 -109.274 -1.48316 -0.42283 -1 41
378 345 19 1.6018 1.6017 -109.873 -109.992 -1.48916 -0.41083 -1 41
378 349 20 1.5589 1.5569 -101.429 -101.396 -1.43516 -0.55483 -1 41
378 371 21 1.4886 1.4929 -106.839 -106.722 -1.38716 -0.44083 -1 41
378 373 22 1.5454 1.5436 -107.861 -107.877 -1.43516 -0.43483 -1 41
378 323 23 1.5654 1.5717 -105.409 -105.702 -1.45916 -0.48283 -1 41
378 403 24 1.5237 1.519 -106.372 -106.481 -1.41116 -0.45283 -1 41
378 397 25 1.6044 1.611 -105.19 -105.386 -1.49516 -0.50083 -1 41
378 314 26 1.601 1.5979 -115.083 -115.182 -1.47716 -0.30883 -1 41
378 386 27 1.5981 1.6037 -105.807 -105.907 -1.48916 -0.48883 -1 41
378 386 28 1.5016 1.5011 -112.529 -112.538 -1.39316 -0.33883 -1 41
378 342 29 1.5744 1.5757 -109.524 -109.64 -1.46516 -0.41083 -1 41
378 341 30 1.5587 1.5589 -112.114 -112.276 -1.44716 -0.35683 -1 40
378 326 31 1.5315 1.5315 -101.058 -101.218 -1.41116 -0.54883 -1 41
378 315 32 1.5334 1.5317 -110.992 -111.296 -1.42316 -0.36883 -1 41
378 387 33 1.4826 1.482 -100.696 -100.507 -1.36316 -0.54283 -1 41
378 363 34 1.5033 1.5001 -101.066 -100.903 -1.38116 -0.54283 -1 41
378 355 35 1.592 1.5886 -100.509 -99.996 -1.45916 -0.59083 -1 41
378 336 36 1.5371 1.5364 -101.376 -101.669 -1.41716 -0.54283 -1 41
378 322 37 1.552 1.5572 -110.825 -110.985 -1.44716 -0.38083 -1 41
378 356 38 1.5515 1.5534 -112.753 -112.844 -1.44116 -0.34483 -1 41
378 347 39 1.5758 1.5756 -109.084 -109.001 -1.46516 -0.42283 -1 41
378 342 40 1.592 1.5855 -115.264 -115.366 -1.46516 -0.30283 -1 41
378 348 41 1.5135 1.5139 -102.546 -102.609 -1.39916 -0.51883 -1 41
378 339 42 1.5582 1.5563 -109.293 -109.044 -1.44716 -0.41683 -1 41
378 385 43 1.5051 1.5077 -112.774 -112.619 -1.39916 -0.33883 -1 41
378 355 44 1.5577 1.557 -103.612 -103.444 -1.44116 -0.51883 -1 41
378 344 45 1.5673 1.5655 -112.32 -112.355 -1.45316 -0.35683 -1 41
378 387 46 1.5236 1.5209 -112.893 -112.779 -1.41116 -0.33883 -1 41
378 372 47 1.6036 1.609 -103 -103.406 -1.48916 -0.53683 -1 41
378 335 48 1.4799 1.4737 -115.24 -114.852 -1.36316 -0.29083 -1 41
378 378 49 1.5911 1.5974 -105.64 -105.804 -1.48316 -0.48883 -1 41
413 394 0 1.5863 1.5824 -108.203 -107.819 -1.47116 -0.44683 -1 41
413 395 1 1.5114 1.5124 -111.014 -111.37 -1.40516 -0.36283 -1 41
413 388 2 1.5226 1.5245 -103.469 -103.509 -1.41116 -0.50683 -1 41
413 393 3 1.5831 1.5838 -111.807 -111.637 -1.47116 -0.37483 -1 41
413 384 4 1.5406 1.5392 -105.781 -105.815 -1.42916 -0.47083 -1 41
413 392 5 1.6032 1.6018 -107.863 -107.791 -1.48916 -0.45283 -1 41
413 411 6 1.5022 1.5028 -104.387 -104.484 -1.39316 -0.48283 -1 41
413 420 7 1.4909 1.4952 -104.901 -105.04 -1.38716 -0.47083 -1 41
413 372 8 1.4881 1.492 -110.001 -110.097 -1.38716 -0.38083 -1 41
413 406 9 1.5416 1.5384 -106.498 -106.469 -1.42916 -0.45883 -1 41
413 385 10 1.5739 1.5756 -108.673 -108.681 -1.46516 -0.42883 -1 41
413 378 11 1.5664 1.5707 -111.431 -111.474 -1.45916 -0.37483 -1 41
413 377 12 1.5637 1.565 -111.985 -112.034 -1.45316 -0.36283 -1 41
413 411 13 1.4732 1.4705 -113.749 -113.489 -1.36316 -0.31483 -1 41
413 388 14 1.5702 1.5711 -102.966 -103.035 -1.45316 -0.53083 -1 41
413 396 15 1.5563 1.5565 -108.016 -108.073 -1.44716 -0.43483 -1 41
413 401 16 1.5943 1.5958 -103.408 -103.494 -1.47716 -0.53083 -1 41
413 421 17 1.5362 1.5313 -107.323 -107.02 -1.42316 -0.44683 -1 41
413 368 18 1.4985 1.4983 -108.45 -108.173 -1.39316 -0.41683 -1 41
413 360 19 1.4833 1.4855 -109.694 -110.004 -1.38116 -0.38083 -1 41
413 383 20 1.5338 1.5298 -104.064 -103.955 -1.41716 -0.50083 -1 41
413 382 21 1.5603 1.5606 -100.69 -100.436 -1.43516 -0.57283 -1 41
413 373 22 1.5386 1.5353 -104.602 -104.397 -1.42316 -0.49483 -1 41
413 392 23 1.4995 1.4977 -101.577 -101.569 -1.38116 -0.53083 -1 41
413 343 24 1.4735 1.479 -109.666 -109.91 -1.37516 -0.38083 -1 41
413 391 25 1.4913 1.4904 -113.764 -113.723 -1.38116 -0.31483 -1 41
413 370 26 1.5358 1.5321 -111.613 -111.624 -1.42316 -0.36283 -1 41
413 387 27 1.5597 1.5606 -100.539 -100.436 -1.43516 -0.57283 -1 41
413 397 28 1.5974 1.6028 -102.986 -103.294 -1.48316 -0.53683 -1 41
413 381 29 1.4857 1.4857 -103.433 -103.457 -1.37516 -0.49483 -1 41
413 358 30 1.5052 1.5047 -109.661 -109.612 -1.39916 -0.39283 -1 41
413 439 31 1.527 1.5253 -106.637 -106.587 -1.41716 -0.45283 -1 41
413 377 32 1.5955 1.595 -109.015 -108.958 -1.48316 -0.42883 -1 40
413 387 33 1.5899 1.5891 -110.331 -110.451 -1.47716 -0.39883 -1 41
413 442 34 1.5192 1.5194 -106.061 -106.15 -1.41116 -0.45883 -1 41
413 392 35 1.4727 1.4739 -106.376 -106.397 -1.36916 -0.44083 -1 41
413 394 36 1.4997 1.503 -113.562 -113.541 -1.39316 -0.32083 -1 41
413 362 37 1.4764 1.4862 -110.594 -111.02 -1.38116 -0.36283 -1 41
413 382 38 1.5906 1.5872 -100.725 -100.309 -1.45916 -0.58483 -1 41
413 407 39 1.5027 1.5023 -113.281 -113.207 -1.39316 -0.32683 -1 41
413 343 40 1.4733 1.4724 -108.681 -108.447 -1.36916 -0.40483 -1 41
413 389 41 1.4732 1.4739 -106.564 -106.397 -1.36916 -0.44083 -1 41
413 391 42 1.4722 1.4662 -114.681 -114.437 -1.35716 -0.29683 -1 41
413 383 43 1.5971 1.5985 -102.44 -102.553 -1.47716 -0.54883 -1 41
413 404 44 1.5876 1.5916 -105.258 -105.384 -1.47716 -0.49483 -1 41
413 377 45 1.5671 1.5703 -110.898 -111.153 -1.45916 -0.38083 -1 41
413 388 46 1.5105 1.5113 -103.516 -103.603 -1.39916 -0.50083 -1 41
413 403 47 1.5204 1.5194 -111.614 -111.787 -1.41116 -0.35683 -1 41
413 418 48 1.4837 1.482 -100.781 -100.507 -1.36316 -0.54283 -1 41
413 370 49 1.5858 1.5873 -101.756 -102.004 -1.46516 -0.55483 -1 41
447 408 0 1.505 1.505 -110.183 -110.281 -1.39916 -0.38083 -1 41
447 377 1 1.4759 1.4789 -109.342 -109.57 -1.37516 -0.38683 -1 41
447 383 2 1.5472 1.5507 -110.773 -110.899 -1.44116 -0.38083 -1 41
447 426 3 1.5853 1.5822 -108.409 -108.138 -1.47116 -0.44083 -1 41
447 417 4 1.57 1.568 -101.876 -101.96 -1.44716 -0.54883 -1 41
447 444 5 1.5245 1.5204 -112.287 -112.448 -1.41116 -0.34483 -1 41
447 411 6 1.5097 1.505 -101.614 -101.365 -1.38716 -0.53683 -1 41
447 421 7 1.5419 1.5371 -108.552 -108.106 -1.42916 -0.42883 -1 41
447 399 8 1.4859 1.4855 -108.207 -107.97 -1.38116 -0.41683 -1 41
447 383 9 1.5294 1.5249 -110.91 -110.88 -1.41716 -0.37483 -1 41
447 430 10 1.4994 1.499 -110.664 -110.861 -1.39316 -0.36883 -1 41
447 457 11 1.5361 1.537 -114.107 -114.244 -1.42316 -0.31483 -1 41
447 452 12 1.5303 1.5288 -113.661 -113.515 -1.41716 -0.32683 -1 41
447 431 13 1.5583 1.5588 -102.695 -102.801 -1.44116 -0.53083 -1 41
447 418 14 1.5229 1.5241 -108.522 -108.238 -1.41716 -0.42283 -1 41
447 432 15 1.475 1.4765 -104.342 -104.693 -1.36916 -0.47083 -1 41
447 409 16 1.5501 1.5498 -109.078 -108.95 -1.44116 -0.41683 -1 41
447 447 17 1.4923 1.4952 -104.634 -105.04 -1.38716 -0.47083 -1 41
447 398 18 1.5046 1.5047 -108.656 -108.607 -1.39916 -0.41083 -1 41
447 389 19 1.5966 1.5903 -114.919 -114.802 -1.47116 -0.31483 -1 41
447 444 20 1.4965 1.4997 -111.239 -111.532 -1.39316 -0.35683 -1 41
447 387 21 1.5198 1.5181 -110.374 -110.461 -1.41116 -0.38083 -1 41
447 384 22 1.5516 1.5567 -110.347 -110.338 -1.44716 -0.39283 -1 41
447 399 23 1.5887 1.5879 -113.829 -113.855 -1.47116 -0.33283 -1 41
447 421 24 1.5747 1.5772 -111.59 -111.556 -1.46516 -0.37483 -1 41
447 409 25 1.5408 1.5423 -104.296 -104.185 -1.42916 -0.50083 -1 41
447 427 26 1.5137 1.5124 -111.035 -111.37 -1.40516 -0.36283 -1 41
447 432 27 1.4832 1.4865 -106.722 -106.615 -1.38116 -0.44083 -1 41
447 435 28 1.552 1.5502 -107.84 -107.651 -1.44116 -0.44083 -1 41
447 453 29 1.4895 1.489 -104.887 -104.925 -1.38116 -0.47083 -1 41
447 400 30 1.4918 1.4853 -114.731 -114.321 -1.37516 -0.30283 -1 41
447 427 31 1.5621 1.5588 -102.749 -102.801 -1.44116 -0.53083 -1 41
447 428 32 1.4731 1.4709 -104.184 -104.234 -1.36316 -0.47683 -1 41
447 428 33 1.5358 1.5329 -105.546 -105.707 -1.42316 -0.47083 -1 41
447 453 34 1.4979 1.4992 -106.963 -106.829 -1.39316 -0.44083 -1 41
447 404 35 1.5937 1.5924 -113.249 -112.981 -1.47716 -0.35083 -1 41
447 461 36 1.6042 1.6037 -105.894 -105.907 -1.48916 -0.48883 -1 41
447 416 37 1.5352 1.534 -105.086 -105.052 -1.42316 -0.48283 -1 41
447 437 38 1.4801 1.4771 -113.692 -113.568 -1.36916 -0.31483 -1 41
447 446 39 1.4865 1.4869 -106.218 -106.277 -1.38116 -0.44683 -1 41
447 421 40 1.5866 1.5855 -115.203 -115.366 -1.46516 -0.30283 -1 41
447 427 41 1.5528 1.55 -108.308 -107.976 -1.44116 -0.43483 -1 41
447 392 42 1.5009 1.4982 -108.829 -108.509 -1.39316 -0.41083 -1 41
447 414 43 1.566 1.5627 -108.844 -108.815 -1.45316 -0.42283 -1 41
447 453 44 1.5395 1.5377 -107.049 -107.123 -1.42916 -0.44683 -1 41
447 386 45 1.5502 1.551 -110.998 -111.224 -1.44116 -0.37483 -1 41
447 423 46 1.5037 1.5001 -101.259 -100.903 -1.38116 -0.54283 -1 41
447 475 47 1.5187 1.5194 -106.012 -106.15 -1.41116 -0.45883 -1 41
447 412 48 1.5593 1.5593 -100.961 -100.755 -1.43516 -0.56683 -1 41
447 399 49 1.5548 1.5547 -104.423 -104.411 -1.44116 -0.50083 -1 41
482 477 0 1.4743 1.4698 -113.291 -113.148 -1.36316 -0.32083 -1 41
482 451 1 1.4822 1.4787 -114.488 -114.247 -1.36916 -0.30283 -1 41
482 489 2 1.6022 1.6042 -105.71 -105.594 -1.48916 -0.49483 -1 41
482 486 3 1.5966 1.5965 -106.584 -106.434 -1.48316 -0.47683 -1 41
482 468 4 1.4808 1.4834 -104.208 -104.471 -1.37516 -0.47683 -1 41
482 451 5 1.5659 1.5704 -106.557 -106.663 -1.45916 -0.46483 -1 41
482 456 6 1.5188 1.5174 -103.838 -103.721 -1.40516 -0.50083 -1 41
482 486 7 1.5347 1.5348 -113.185 -113.263 -1.42316 -0.33283 -1 41
482 457 8 1.5877 1.5891 -110.434 -110.451 -1.47716 -0.39883 -1 41
482 470 9 1.5499 1.5502 -107.776 -107.651 -1.44116 -0.44083 -1 41
482 459 10 1.5662 1.5701 -106.925 -106.983 -1.45916 -0.45883 -1 41
482 501 11 1.566 1.5654 -115.018 -115.168 -1.44716 -0.30283 -1 41
482 485 12 1.5981 1.5985 -105.163 -105.175 -1.48316 -0.50083 -1 41
482 453 13 1.4838 1.4862 -110.886 -111.02 -1.38116 -0.36283 -1 41
482 419 14 1.5965 1.5961 -114.541 -114.555 -1.47716 -0.32083 -1 41
482 437 15 1.54 1.5369 -109.009 -108.761 -1.42916 -0.41683 -1 41
482 431 16 1.5925 1.5934 -101.812 -102.122 -1.47116 -0.55483 -1 41
482 457 17 1.4825 1.4866 -111.169 -111.359 -1.38116 -0.35683 -1 41
482 486 18 1.5992 1.5997 -104.659 -104.547 -1.48316 -0.51283 -1 41
482 444 19 1.4891 1.4921 -107.83 -107.734 -1.38716 -0.42283 -1 41
482 413 20 1.6036 1.5992 -100.797 -100.559 -1.47116 -0.58483 -1 41
482 447 21 1.5843 1.5821 -109.119 -109.092 -1.47116 -0.42283 -1 41
482 458 22 1.5386 1.5396 -112.32 -112.361 -1.42916 -0.35083 -1 41
482 450 23 1.5166 1.5192 -102.861 -103.061 -1.40516 -0.51283 -1 41
482 466 24 1.5947 1.5958 -110.897 -110.852 -1.48316 -0.39283 -1 41
482 454 25 1.5244 1.5272 -102.468 -102.525 -1.41116 -0.52483 -1 41
482 485 26 1.491 1.4881 -100.694 -100.64 -1.36916 -0.54283 -1 41
482 513 27 1.5121 1.5131 -105.925 -106.042 -1.40516 -0.45883 -1 41
482 463 28 1.5026 1.503 -113.709 -113.541 -1.39316 -0.32083 -1 41
482 487 29 1.4891 1.489 -104.916 -104.925 -1.38116 -0.47083 -1 41
482 462 30 1.4818 1.4771 -113.923 -113.568 -1.36916 -0.31483 -1 41
482 461 31 1.5491 1.5509 -103.381 -103.327 -1.43516 -0.51883 -1 41
482 480 32 1.5234 1.5229 -113.863 -113.769 -1.41116 -0.32083 -1 41
482 480 33 1.5413 1.538 -106.91 -106.796 -1.42916 -0.45283 -1 41
482 454 34 1.5646 1.5632 -103.645 -103.559 -1.44716 -0.51883 -1 41
482 440 35 1.5708 1.5776 -105.78 -106.126 -1.46516 -0.47683 -1 41
482 440 36 1.5458 1.5434 -108.992 -108.856 -1.43516 -0.41683 -1 41
482 447 37 1.5763 1.573 -102.315 -102.398 -1.45316 -0.54283 -1 41
482 441 38 1.5792 1.5812 -101.705 -101.884 -1.45916 -0.55483 -1 41
482 496 39 1.4928 1.4941 -105.794 -105.712 -1.38716 -0.45883 -1 41
482 465 40 1.5504 1.5517 -102.832 -103.004 -1.43516 -0.52483 -1 41
482 467 41 1.5886 1.5928 -104.536 -104.753 -1.47716 -0.50683 -1 41
482 448 42 1.5829 1.5852 -112.498 -112.589 -1.47116 -0.35683 -1 41
482 445 43 1.5836 1.5821 -109.445 -109.411 -1.47116 -0.41683 -1 41
482 424 44 1.544 1.5448 -111.339 -111.465 -1.43516 -0.36883 -1 41
482 471 45 1.5242 1.5198 -111.936 -112.118 -1.41116 -0.35083 -1 41
482 460 46 1.5859 1.5838 -111.871 -111.637 -1.47116 -0.37483 -1 41
482 474 47 1.5847 1.5902 -106.088 -106.332 -1.47716 -0.47683 -1 41
482 421 48 1.5209 1.5176 -109.071 -108.802 -1.41116 -0.41083 -1 41
482 452 49 1.4873 1.4925 -110.496 -110.772 -1.38716 -0.36883 -1 41
34 92 0 1.5133 1.4433 -106.294 -117.532 -1.32716 -0.23683 -0 40
34 92 1 1.5818 1.4433 -112.917 -117.532 -1.32716 -0.23683 -0 40
34 93 2 1.5586 1.4433 -112.015 -117.532 -1.32716 -0.23683 -0 40
34 92 3 1.5081 1.4433 -111.514 -117.532 -1.32716 -0.23683 -0 40
34 93 4 1.5373 1.4433 -112.38 -117.532 -1.32716 -0.23683 -0 40
34 92 5 1.4912 1.4433 -104.712 -117.532 -1.32716 -0.23683 -0 40
34 93 6 1.4743 1.4433 -109.616 -117.532 -1.32716 -0.23683 -0 40
34 92 7 1.5872 1.4433 -111.444 -117.532 -1.32716 -0.23683 -0 40
34 92 8 1.5131 1.4433 -107.804 -117.532 -1.32716 -0.23683 -0 40
34 93 9 1.5376 1.4433 -110.635 -117.532 -1.32716 -0.23683 -0 40
34 93 10 1.501 1.4433 -103.789 -117.532 -1.32716 -0.23683 -0 40
34 92 11 1.5835 1.4433 -108.828 -117.532 -1.32716 -0.23683 -0 40
34 93 12 1.5762 1.4433 -114.962 -117.532 -1.32716 -0.23683 -0 40
34 93 13 1.4919 1.4433 -111.136 -117.532 -1.32716 -0.23683 -0 40
34 93 14 1.545 1.4433 -112.821 -117.532 -1.32716 -0.23683 -0 40
34 92 15 1.5466 1.4433 -114.396 -117.532 -1.32716 -0.23683 -0 40
34 92 16 1.5795 1.4433 -106.336 -117.532 -1.32716 -0.23683 -0 40
34 93 17 1.5167 1.4433 -101.422 -117.532 -1.32716 -0.23683 -0 40
34 92 18 1.5879 1.4433 -113.837 -117.532 -1.32716 -0.23683 -0 40
34 92 19 1.5196 1.4433 -109.386 -117.532 -1.32716 -0.23683 -0 40
34 93 20 1.5773 1.4433 -113.412 -117.532 -1.32716 -0.23683 -0 40
34 92 21 1.5111 1.4433 -104.599 -117.532 -1.32716 -0.23683 -0 40
34 93 22 1.5965 1.4433 -101.816 -117.532 -1.32716 -0.23683 -0 40
34 93 23 1.5721 1.4433 -113.825 -117.532 -1.32716 -0.23683 -0 40
34 93 24 1.5335 1.4433 -105.871 -117.532 -1.32716 -0.23683 -0 40
34 93 25 1.5547 1.4433 -109.86 -117.532 -1.32716 -0.23683 -0 40
34 93 26 1.5372 1.4433 -100.837 -117.532 -1.32716 -0.23683 -0 40
34 93 27 1.5405 1.4433 -103.296 -117.532 -1.32716 -0.23683 -0 40
34 93 28 1.5211 1.4433 -103.466 -117.532 -1.32716 -0.23683 -0 40
34 93 29 1.5 1.4433 -100.3 -117.532 -1.32716 -0.23683 -0 40
34 92 30 1.5916 1.4433 -109.701 -117.532 -1.32716 -0.23683 -0 40
34 92 31 1.5926 1.4433 -107.635 -117.532 -1.32716 -0.23683 -0 40
34 92 32 1.5161 1.4433 -103.827 -117.532 -1.32716 -0.23683 -0 40
34 92 33 1.5415 1.4433 -104.055 -117.532 -1.32716 -0.23683 -0 40
34 92 34 1.591 1.4433 -111.395 -117.532 -1.32716 -0.23683 -0 40
34 100 35 1.4795 1.4368 -113.748 -112.736 -1.33316 -0.32083 -0 40
34 92 36 1.5103 1.4433 -108.252 -117.532 -1.32716 -0.23683 -0 40
34 92 37 1.5946 1.4433 -110.817 -117.532 -1.32716 -0.23683 -0 40
34 92 38 1.5486 1.4433 -106.397 -117.532 -1.32716 -0.23683 -0 40
34 98 39 1.4823 1.4368 -115.086 -112.736 -1.33316 -0.32083 -0 40
34 93 40 1.5113 1.4433 -106.409 -117.532 -1.32716 -0.23683 -0 40
34 93 41 1.5818 1.4433 -114.919 -117.532 -1.32716 -0.23683 -0 40
34 93 42 1.4736 1.4433 -108.981 -117.532 -1.32716 -0.23683 -0 40
34 92 43 1.5788 1.4433 -103.293 -117.532 -1.32716 -0.23683 -0 40
34 92 44 1.563 1.4433 -102.987 -117.532 -1.32716 -0.23683 -0 40
34 92 45 1.5397 1.4433 -108.247 -117.532 -1.32716 -0.23683 -0 40
34 93 46 1.4966 1.4433 -102.314 -117.532 -1.32716 -0.23683 -0 40
34 92 47 1.5407 1.4433 -101.594 -117.532 -1.32716 -0.23683 -0 40
34 93 48 1.5101 1.4433 -104.517 -117.532 -1.32716 -0.23683 -0 40
34 92 49 1.5133 1.4433 -109.001 -117.532 -1.32716 -0.23683 -0 40
69 91 0 1.4723 1.4433 -107.48 -117.532 -1.32716 -0.23683 -0 40
69 103 1 1.597 1.6289 -109.984 -111.57 -1.51316 -0.38683 -0 40
69 93 2 1.5409 1.4433 -100.951 -117.532 -1.32716 -0.23683 -0 40
69 94 3 1.5688 1.4433 -110.785 -117.532 -1.32716 -0.23683 -0 40
69 106 4 1.5927 1.6173 -105.234 -105.49 -1.50116 -0.50083 -1 40
69 92 5 1.4892 1.4433 -106.883 -117.532 -1.32716 -0.23683 -0 40
69 92 6 1.5207 1.4433 -111.326 -117.532 -1.32716 -0.23683 -0 40
69 92 7 1.5082 1.4433 -111.541 -117.532 -1.32716 -0.23683 -0 40
69 92 8 1.552 1.4433 -103.385 -117.532 -1.32716 -0.23683 -0 40
69 93 9 1.5472 1.4433 -108.648 -117.532 -1.32716 -0.23683 -0 40
69 98 10 1.503 1.5123 -106.985 -106.707 -1.40516 -0.44683 -0 40
69 93 11 1.5408 1.4433 -101.757 -117.532 -1.32716 -0.23683 -0 40
69 92 12 1.5704 1.4433 -109.176 -117.532 -1.32716 -0.23683 -0 40
69 93 13 1.5253 1.4433 -103.994 -117.532 -1.32716 -0.23683 -0 40
69 93 14 1.5853 1.4433 -101.915 -117.532 -1.32716 -0.23683 -0 40
69 93 15 1.4823 1.4433 -104.679 -117.532 -1.32716 -0.23683 -0 40
69 92 16 1.4855 1.4433 -101.634 -117.532 -1.32716 -0.23683 -0 40
69 92 17 1.5553 1.4433 -107.369 -117.532 -1.32716 -0.23683 -0 40
69 118 18 1.6008 1.6185 -104.182 -104.869 -1.50116 -0.51283 -0 40
69 94 19 1.5537 1.4433 -112.932 -117.532 -1.32716 -0.23683 -0 40
69 92 20 1.5798 1.4433 -102.021 -117.532 -1.32716 -0.23683 -0 40
69 94 21 1.4943 1.4368 -113.117 -112.736 -1.33316 -0.32083 -0 40
69 114 22 1.6033 1.6191 -103.53 -104.558 -1.50116 -0.51883 -1 40
69 94 23 1.5407 1.4433 -110.242 -117.532 -1.32716 -0.23683 -0 40
69 92 24 1.543 1.4433 -103.932 -117.532 -1.32716 -0.23683 -0 40
69 93 25 1.4844 1.4433 -110.182 -117.532 -1.32716 -0.23683 -0 40
69 92 26 1.5096 1.4433 -108.249 -117.532 -1.32716 -0.23683 -0 40
69 92 27 1.5421 1.4433 -108.767 -117.532 -1.32716 -0.23683 -0 40
69 93 28 1.5599 1.4433 -101.647 -117.532 -1.32716 -0.23683 -0 40
69 94 29 1.5205 1.5135 -105.15 -105.71 -1.40516 -0.46483 -0 40
69 92 30 1.5287 1.4433 -108.684 -117.532 -1.32716 -0.23683 -0 40
69 92 31 1.5179 1.4433 -109.505 -117.532 -1.32716 -0.23683 -0 40
69 93 32 1.5164 1.4433 -104.553 -117.532 -1.32716 -0.23683 -0 40
69 93 33 1.5776 1.4433 -113.442 -117.532 -1.32716 -0.23683 -0 40
69 92 34 1.4739 1.4433 -104.764 -117.532 -1.32716 -0.23683 -0 40
69 92 35 1.5181 1.4433 -110.359 -117.532 -1.32716 -0.23683 -0 40
69 92 36 1.5233 1.4433 -109.741 -117.532 -1.32716 -0.23683 -0 40
69 92 37 1.5313 1.4433 -108.545 -117.532 -1.32716 -0.23683 -0 40
69 94 38 1.5651 1.4433 -110.44 -117.532 -1.32716 -0.23683 -0 40
69 93 39 1.5488 1.4433 -108.523 -117.532 -1.32716 -0.23683 -0 40
69 94 40 1.549 1.4433 -109.786 -117.532 -1.32716 -0.23683 -0 40
69 109 41 1.6019 1.6198 -103.232 -104.248 -1.50116 -0.52483 -1 40
69 94 42 1.5582 1.4433 -111.228 -117.532 -1.32716 -0.23683 -0 40
69 93 43 1.4762 1.4433 -102.159 -117.532 -1.32716 -0.23683 -0 40
69 92 44 1.5771 1.4433 -112.367 -117.532 -1.32716 -0.23683 -0 40
69 93 45 1.5162 1.4433 -104.68 -117.532 -1.32716 -0.23683 -0 40
69 93 46 1.545 1.4433 -101.906 -117.532 -1.32716 -0.23683 -0 40
69 99 47 1.5252 1.5186 -107.576 -106.812 -1.41116 -0.44683 -0 40
69 91 48 1.5916 1.4433 -107.904 -117.532 -1.32716 -0.23683 -0 40
69 92 49 1.5758 1.4433 -109.905 -117.532 -1.32716 -0.23683 -0 40
103 93 0 1.5351 1.4433 -102.844 -117.532 -1.32716 -0.23683 -0 40
103 91 1 1.5167 1.4433 -108.934 -117.532 -1.32716 -0.23683 -0 40
103 136 2 1.4773 1.45 -113.537 -112.903 -1.34516 -0.32083 -0 40
103 93 3 1.4826 1.4433 -103.281 -117.532 -1.32716 -0.23683 -1 40
103 92 4 1.4749 1.4433 -103.037 -117.532 -1.32716 -0.23683 -0 40
103 137 5 1.519 1.5131 -105.829 -106.042 -1.40516 -0.45883 -0 40
103 107 6 1.4812 1.489 -104.396 -104.925 -1.38116 -0.47083 -1 40
103 93 7 1.5663 1.4433 -113.277 -117.532 -1.32716 -0.23683 -0 40
103 120 8 1.5998 1.6025 -107.232 -106.849 -1.48916 -0.47083 -1 40
103 92 9 1.5597 1.4433 -104.734 -117.532 -1.32716 -0.23683 -0 40
103 92 10 1.5031 1.4433 -110.302 -117.532 -1.32716 -0.23683 -0 40
103 92 11 1.5795 1.4433 -109.771 -117.532 -1.32716 -0.23683 -0 40
103 109 12 1.4751 1.469 -105.762 -105.259 -1.36316 -0.45883 -1 40
103 93 13 1.536 1.4433 -101.431 -117.532 -1.32716 -0.23683 -0 40
103 93 14 1.5639 1.4433 -109.407 -117.532 -1.32716 -0.23683 -0 40
103 93 15 1.4831 1.4433 -109.967 -117.532 -1.32716 -0.23683 -0 40
103 116 16 1.4762 1.476 -100.961 -100.372 -1.35716 -0.54283 -1 40
103 93 17 1.5373 1.4433 -104.021 -117.532 -1.32716 -0.23683 -0 40
103 116 18 1.5244 1.5209 -112.917 -112.779 -1.41116 -0.33883 -0 40
103 115 19 1.5402 1.5253 -106.36 -106.587 -1.41716 -0.45283 -0 40
103 93 20 1.5151 1.4433 -102.545 -117.532 -1.32716 -0.23683 -0 40
103 92 21 1.5053 1.4368 -114.33 -112.736 -1.33316 -0.32083 -0 40
103 100 22 1.4953 1.4434 -113.782 -112.82 -1.33916 -0.32083 -0 40
103 93 23 1.5649 1.4433 -109.57 -117.532 -1.32716 -0.23683 -0 40
103 92 24 1.57 1.4433 -101.851 -117.532 -1.32716 -0.23683 -0 40
103 91 25 1.4775 1.4433 -107.487 -117.532 -1.32716 -0.23683 -0 40
103 130 26 1.597 1.6228 -111.559 -111.801 -1.50716 -0.38083 -0 40
103 94 27 1.5663 1.562 -113.501 -113.886 -1.44716 -0.32683 -0 40
103 115 28 1.4919 1.5015 -104.423 -105.153 -1.39316 -0.47083 -1 40
103 93 29 1.5475 1.4433 -101.505 -117.532 -1.32716 -0.23683 -0 40
103 110 30 1.5351 1.5247 -108.406 -107.247 -1.41716 -0.44083 -0 40
103 119 31 1.4812 1.444 -115.153 -113.168 -1.33916 -0.31483 -0 40
103 93 32 1.5738 1.4433 -110.66 -117.532 -1.32716 -0.23683 -0 40
103 115 33 1.4728 1.476 -100.893 -100.372 -1.35716 -0.54283 -1 40
103 93 34 1.5222 1.4433 -103.736 -117.532 -1.32716 -0.23683 -0 40
103 119 35 1.5297 1.5247 -108.091 -107.247 -1.41716 -0.44083 -0 40
103 94 36 1.5413 1.5456 -102.989 -102.886 -1.42916 -0.52483 -0 40
103 129 37 1.5343 1.525 -107.359 -106.917 -1.41716 -0.44683 -0 40
103 111 38 1.545 1.5374 -107.864 -107.451 -1.42916 -0.44083 -0 40
103 94 39 1.5512 1.4433 -111.235 -117.532 -1.32716 -0.23683 -0 40
103 115 40 1.5223 1.5215 -113.273 -113.109 -1.41116 -0.33283 -0 40
103 97 41 1.5502 1.5317 -106.443 -106.692 -1.42316 -0.45283 -0 40
103 92 42 1.5498 1.4433 -101.232 -117.532 -1.32716 -0.23683 -0 40
103 110 43 1.5529 1.5495 -113.496 -114.063 -1.43516 -0.32083 -0 40
103 93 44 1.5335 1.4433 -110.771 -117.532 -1.32716 -0.23683 -0 40
103 136 45 1.5953 1.6116 -104.701 -105.074 -1.49516 -0.50683 -1 40
103 118 46 1.4843 1.4941 -105.714 -105.712 -1.38716 -0.45883 -1 40
103 93 47 1.5699 1.4433 -111.493 -117.532 -1.32716 -0.23683 -0 40
103 116 48 1.5308 1.5454 -114.517 -114.964 -1.42916 -0.30283 -0 40
103 93 49 1.5278 1.4433 -101.491 -117.532 -1.32716 -0.23683 -0 40
138 110 0 1.5777 1.573 -102.336 -102.398 -1.45316 -0.54283 -1 40
138 124 1 1.4883 1.4506 -114.884 -113.249 -1.34516 -0.31483 -1 40
138 93 2 1.5332 1.4433 -100.659 -117.532 -1.32716 -0.23683 -0 40
138 148 3 1.5297 1.5362 -113.707 -113.917 -1.42316 -0.32083 -1 40
138 142 4 1.4834 1.4573 -114.336 -113.33 -1.35116 -0.31483 -1 40
138 108 5 1.5672 1.572 -112.244 -112.434 -1.45916 -0.35683 -1 40
138 151 6 1.4903 1.4996 -106.513 -106.494 -1.39316 -0.44683 -1 40
138 136 7 1.5133 1.5117 -108.203 -107.373 -1.40516 -0.43483 -1 40
138 148 8 1.6013 1.622 -110.004 -111.181 -1.50716 -0.39283 -1 40
138 138 9 1.5972 1.5855 -100.521 -99.242 -1.45316 -0.60283 -1 40
138 118 10 1.5871 1.5913 -112.429 -112.35 -1.47716 -0.36283 -1 40
138 94 11 1.5378 1.4433 -111.22 -117.532 -1.32716 -0.23683 -1 40
138 121 12 1.5938 1.609 -102.15 -103.406 -1.48916 -0.53683 -1 40
138 107 13 1.5079 1.513 -102.804 -102.94 -1.39916 -0.51283 -1 40
138 131 14 1.567 1.5707 -100.627 -99.611 -1.44116 -0.59083 -1 40
138 118 15 1.5246 1.5262 -102.565 -102.853 -1.41116 -0.51883 -1 40
138 137 16 1.4783 1.4811 -106.248 -105.827 -1.37516 -0.45283 -1 40
138 110 17 1.5112 1.5178 -114.576 -114.355 -1.40516 -0.30883 -0 40
138 107 18 1.5163 1.5211 -101.951 -102.402 -1.40516 -0.52483 -1 40
138 140 19 1.4958 1.5021 -104.074 -104.819 -1.39316 -0.47683 -1 40
138 116 20 1.5962 1.5887 -108.817 -108.233 -1.47716 -0.44083 -0 40
138 121 21 1.5678 1.565 -103.079 -102.918 -1.44716 -0.53083 -1 40
138 145 22 1.5514 1.5495 -113.587 -114.063 -1.43516 -0.32083 -1 40
138 129 23 1.4799 1.4879 -112.021 -112.373 -1.38116 -0.33883 -1 40
138 149 24 1.4798 1.482 -100.91 -100.507 -1.36316 -0.54283 -1 40
138 94 25 1.5329 1.4433 -109.511 -117.532 -1.32716 -0.23683 -0 40
138 120 26 1.5571 1.5571 -106.791 -107.103 -1.44716 -0.45283 -1 40
138 123 27 1.5576 1.5537 -102.086 -102.36 -1.43516 -0.53683 -1 40
138 114 28 1.5145 1.5014 -100.706 -100.571 -1.38116 -0.54883 -1 40
138 108 29 1.5618 1.5594 -112.481 -112.599 -1.44716 -0.35083 -1 40
138 101 30 1.5189 1.5179 -109.116 -107.807 -1.41116 -0.42883 -0 40
138 126 31 1.5727 1.5758 -108.132 -108.042 -1.46516 -0.44083 -1 40
138 114 32 1.5901 1.6155 -109.525 -111.099 -1.50116 -0.39283 -1 40
138 134 33 1.4808 1.4513 -115.178 -113.595 -1.34516 -0.30883 -1 40
138 96 34 1.5995 1.6203 -113.898 -113.896 -1.50116 -0.33883 -0 40
138 165 35 1.5971 1.6105 -105.479 -105.698 -1.49516 -0.49483 -1 40
138 158 36 1.5935 1.606 -104.485 -104.655 -1.48916 -0.51283 -1 40
138 110 37 1.5699 1.5666 -112.983 -112.997 -1.45316 -0.34483 -1 40
138 155 38 1.4871 1.4941 -105.642 -105.712 -1.38716 -0.45883 -1 40
138 135 39 1.5058 1.4967 -100.385 -100.106 -1.37516 -0.55483 -1 40
138 133 40 1.4983 1.5017 -113.335 -112.872 -1.39316 -0.33283 -0 40
138 166 41 1.5479 1.5521 -114.697 -115.033 -1.43516 -0.30283 -1 40
138 119 42 1.5432 1.5447 -103.717 -103.21 -1.42916 -0.51883 -1 40
138 93 43 1.5322 1.4433 -110.568 -117.532 -1.32716 -0.23683 -0 40
138 147 44 1.5433 1.5421 -113.442 -113.665 -1.42916 -0.32683 -1 40
138 140 45 1.5913 1.6082 -103.002 -103.718 -1.48916 -0.53083 -1 40
138 94 46 1.5361 1.4433 -110.903 -117.532 -1.32716 -0.23683 -1 40
138 112 47 1.5864 1.5976 -102.154 -102.866 -1.47716 -0.54283 -1 40
138 131 48 1.5008 1.4941 -101.489 -100.772 -1.37516 -0.54283 -1 40
138 134 49 1.4911 1.4868 -101.654 -100.975 -1.36916 -0.53683 -1 40
172 135 0 1.5843 1.5753 -113.911 -114.029 -1.45916 -0.32683 -1 40
172 135 1 1.5057 1.5053 -109.985 -110.615 -1.39916 -0.37483 -1 40
172 158 2 1.5288 1.5243 -108.66 -107.907 -1.41716 -0.42883 -1 40
172 147 3 1.5412 1.5396 -112.014 -112.361 -1.42916 -0.35083 -1 40
172 189 4 1.5375 1.5463 -115.104 -115.288 -1.42916 -0.29683 -1 40
172 161 5 1.4806 1.4834 -103.855 -104.471 -1.37516 -0.47683 -1 40
172 178 6 1.5283 1.5244 -108.18 -107.577 -1.41716 -0.43483 -1 40
172 139 7 1.5466 1.5392 -105.623 -105.815 -1.42916 -0.47083 -1 40
172 148 8 1.563 1.563 -101.542 -101.519 -1.44116 -0.55483 -1 40
172 170 9 1.4921 1.4959 -104.078 -104.704 -1.38716 -0.47683 -1 40
172 192 10 1.5679 1.5654 -114.889 -115.168 -1.44716 -0.30283 -1 40
172 153 11 1.5522 1.5499 -108.715 -108.301 -1.44116 -0.42883 -1 40
172 175 12 1.5118 1.5083 -113.417 -112.952 -1.39916 -0.33283 -1 40
172 145 13 1.5607 1.557 -103.992 -103.444 -1.44116 -0.51883 -1 40
172 144 14 1.5717 1.5763 -110.367 -110.598 -1.46516 -0.39283 -1 40
172 137 15 1.5654 1.5697 -110.275 -110.512 -1.45916 -0.39283 -1 40
172 136 16 1.6049 1.6217 -109.153 -110.87 -1.50716 -0.39883 -1 40
172 153 17 1.5576 1.5563 -108.659 -108.397 -1.44716 -0.42883 -1 40
172 172 18 1.5091 1.5089 -113.511 -113.285 -1.39916 -0.32683 -1 40
172 153 19 1.5108 1.5105 -103.532 -103.935 -1.39916 -0.49483 -1 40
172 161 20 1.4803 1.4874 -111.698 -112.035 -1.38116 -0.34483 -1 40
172 187 21 1.5922 1.5965 -106.162 -106.434 -1.48316 -0.47683 -1 40
172 177 22 1.4799 1.4808 -101.164 -100.843 -1.36316 -0.53683 -1 40
172 135 23 1.521 1.5232 -101.469 -101.745 -1.40516 -0.53683 -1 40
172 124 24 1.5238 1.5243 -100.96 -101.418 -1.40516 -0.54283 -1 40
172 123 25 1.5001 1.4982 -109.213 -109.181 -1.39316 -0.39883 -1 40
172 105 26 1.5388 1.5369 -109.842 -109.089 -1.42916 -0.41083 -1 40
172 155 27 1.5664 1.5629 -108.463 -108.17 -1.45316 -0.43483 -1 40
172 151 28 1.5298 1.526 -111.523 -111.87 -1.41716 -0.35683 -1 40
172 161 29 1.5565 1.5537 -102.436 -102.36 -1.43516 -0.53683 -1 40
172 204 30 1.5088 1.5123 -106.877 -106.707 -1.40516 -0.44683 -1 40
172 161 31 1.5376 1.5385 -103.014 -103.092 -1.42316 -0.51883 -1 40
172 162 32 1.4842 1.4796 -101.794 -101.18 -1.36316 -0.53083 -1 40
172 152 33 1.5115 1.5105 -103.562 -103.935 -1.39916 -0.49483 -1 40
172 162 34 1.5498 1.5517 -103.016 -103.004 -1.43516 -0.52483 -1 40
172 139 35 1.595 1.5951 -109.376 -109.59 -1.48316 -0.41683 -1 40
172 177 36 1.5208 1.5133 -112.047 -112.035 -1.40516 -0.35083 -1 40
172 147 37 1.5117 1.5001 -101.192 -100.903 -1.38116 -0.54283 -1 40
172 177 38 1.5954 1.6101 -111.745 -111.955 -1.49516 -0.37483 -1 40
172 127 39 1.5935 1.5828 -114.558 -114.417 -1.46516 -0.32083 -1 40
172 164 40 1.5941 1.604 -112.321 -112.19 -1.48916 -0.36883 -1 40
172 172 41 1.51 1.5117 -107.986 -107.373 -1.40516 -0.43483 -1 40
172 125 42 1.556 1.5632 -110.161 -110.425 -1.45316 -0.39283 -1 40
172 174 43 1.4783 1.4827 -104.539 -104.81 -1.37516 -0.47083 -1 40
172 176 44 1.4965 1.4997 -111.259 -111.532 -1.39316 -0.35683 -1 40
172 119 45 1.5347 1.5305 -109.484 -108.336 -1.42316 -0.42283 -1 40
172 132 46 1.5535 1.5498 -109.401 -108.95 -1.44116 -0.41683 -1 40
172 131 47 1.4947 1.4985 -109.611 -110.189 -1.39316 -0.38083 -1 40
172 163 48 1.585 1.59 -111.434 -111.401 -1.47716 -0.38083 -1 40
172 199 49 1.5043 1.5059 -106.828 -106.601 -1.39916 -0.44683 -1 40
206 224 0 1.5345 1.5317 -106.543 -106.692 -1.42316 -0.45283 -1 40
206 210 1 1.5904 1.5985 -104.8 -105.175 -1.48316 -0.50083 -1 40
206 193 2 1.5521 1.5537 -102.068 -102.36 -1.43516 -0.53683 -1 40
206 209 3 1.5829 1.5781 -100.385 -99.426 -1.44716 -0.59683 -1 40
206 211 4 1.4911 1.4952 -104.444 -105.04 -1.38716 -0.47083 -1 40
206 175 5 1.5041 1.5037 -114.286 -113.875 -1.39316 -0.31483 -1 40
206 140 6 1.5316 1.5314 -110.614 -110.967 -1.42316 -0.37483 -1 40
206 231 7 1.5197 1.5183 -107.462 -107.144 -1.41116 -0.44083 -1 40
206 241 8 1.5177 1.519 -106.636 -106.481 -1.41116 -0.45283 -1 40
206 195 9 1.5015 1.5023 -113.648 -113.207 -1.39316 -0.32683 -1 40
206 157 10 1.5488 1.5409 -104.996 -104.836 -1.42916 -0.48883 -1 40
206 204 11 1.587 1.5979 -105.141 -105.489 -1.48316 -0.49483 -1 40
206 216 12 1.4983 1.5001 -111.697 -111.868 -1.39316 -0.35083 -1 40
206 213 13 1.5846 1.5892 -107.219 -107.282 -1.47716 -0.45883 -1 40
206 199 14 1.4874 1.4929 -107.002 -106.722 -1.38716 -0.44083 -1 40
206 198 15 1.5483 1.5444 -106.765 -106.899 -1.43516 -0.45283 -1 40
206 188 16 1.5346 1.5377 -103.519 -103.418 -1.42316 -0.51283 -1 40
206 148 17 1.5108 1.5046 -109.246 -108.942 -1.39916 -0.40483 -1 40
206 158 18 1.527 1.5252 -110.811 -111.21 -1.41716 -0.36883 -1 40
206 192 19 1.6006 1.5914 -100.365 -99.371 -1.45916 -0.60283 -1 40
206 184 20 1.5197 1.5253 -114.808 -114.756 -1.41116 -0.30283 -1 40
206 171 21 1.5705 1.5692 -109.644 -109.55 -1.45916 -0.41083 -1 40
206 187 22 1.5852 1.5896 -103.014 -103.381 -1.47116 -0.53083 -1 40
206 199 23 1.5763 1.576 -107.877 -107.722 -1.46516 -0.44683 -1 40
206 186 24 1.5821 1.5888 -103.669 -103.696 -1.47116 -0.52483 -1 40
206 171 25 1.5505 1.5509 -100.942 -101.271 -1.42916 -0.55483 -1 40
206 209 26 1.4883 1.4952 -104.445 -105.04 -1.38716 -0.47083 -1 40
206 207 27 1.5418 1.5414 -113.07 -113.34 -1.42916 -0.33283 -1 40
206 194 28 1.4802 1.4874 -111.905 -112.035 -1.38116 -0.34483 -1 40
206 137 29 1.528 1.5249 -110.368 -110.88 -1.41716 -0.37483 -1 40
206 195 30 1.5416 1.5456 -102.69 -102.886 -1.42916 -0.52483 -1 40
206 175 31 1.4902 1.4922 -110.029 -110.434 -1.38716 -0.37483 -1 40
206 195 32 1.5523 1.5537 -102.298 -102.36 -1.43516 -0.53683 -1 40
206 177 33 1.5227 1.5179 -108.782 -107.807 -1.41116 -0.42883 -1 40
206 174 34 1.4892 1.4787 -114.726 -114.247 -1.36916 -0.30283 -1 40
206 195 35 1.5446 1.5456 -103.143 -102.886 -1.42916 -0.52483 -1 40
206 203 36 1.504 1.5059 -110.964 -111.284 -1.39916 -0.36283 -1 40
206 191 37 1.5757 1.5839 -105.772 -106.23 -1.47116 -0.47683 -1 40
206 184 38 1.5457 1.5486 -101.61 -101.916 -1.42916 -0.54283 -1 40
206 169 39 1.5878 1.5828 -114.369 -114.417 -1.46516 -0.32083 -1 40
206 184 40 1.5806 1.5928 -104.513 -104.753 -1.47716 -0.50683 -1 40
206 207 41 1.5786 1.5831 -106.906 -106.865 -1.47116 -0.46483 -1 40
206 185 42 1.577 1.5772 -111.73 -111.556 -1.46516 -0.37483 -1 40
206 154 43 1.5221 1.5194 -100.737 -100.962 -1.39916 -0.54883 -1 40
206 173 44 1.503 1.5059 -102.833 -103.151 -1.39316 -0.50683 -1 40
206 164 45 1.5492 1.5455 -105.609 -105.922 -1.43516 -0.47083 -1 40
206 148 46 1.5154 1.5114 -109.897 -110.038 -1.40516 -0.38683 -1 40
206 181 47 1.485 1.4925 -110.393 -110.772 -1.38716 -0.36883 -1 40
206 171 48 1.5135 1.5187 -114.783 -114.685 -1.40516 -0.30283 -1 40
206 156 49 1.4828 1.4854 -108.512 -108.309 -1.38116 -0.41083 -1 40
241 227 0 1.4767 1.4739 -106.661 -106.397 -1.36916 -0.44083 -1 40
241 232 1 1.5452 1.5456 -102.91 -102.886 -1.42916 -0.52483 -1 40
241 255 2 1.5158 1.5143 -112.652 -112.699 -1.40516 -0.33883 -1 40
241 187 3 1.6041 1.5946 -100.863 -100.122 -1.46516 -0.59083 -1 40
241 223 4 1.5722 1.5693 -108.361 -108.266 -1.45916 -0.43483 -1 40
241 240 5 1.5888 1.5979 -105.114 -105.489 -1.48316 -0.49483 -1 40
241 207 6 1.5879 1.5924 -102.124 -102.436 -1.47116 -0.54883 -1 40
241 267 7 1.5063 1.5072 -105.268 -105.599 -1.39916 -0.46483 -1 40
241 207 8 1.5791 1.5739 -113.487 -113.392 -1.45916 -0.33883 -1 40
241 214 9 1.5696 1.5672 -113.197 -113.318 -1.45316 -0.33883 -1 40
241 203 10 1.5567 1.5589 -111.977 -112.276 -1.44716 -0.35683 -1 40
241 232 11 1.5875 1.59 -111.483 -111.401 -1.47716 -0.38083 -1 40
241 180 12 1.4746 1.479 -109.56 -109.91 -1.37516 -0.38083 -1 40
241 237 13 1.4743 1.4687 -112.453 -112.464 -1.36316 -0.33283 -1 40
241 208 14 1.5535 1.5569 -101.035 -101.396 -1.43516 -0.55483 -1 40
241 221 15 1.554 1.5509 -103.644 -103.327 -1.43516 -0.51883 -1 40
241 232 16 1.5605 1.5554 -113.565 -113.813 -1.44116 -0.32683 -1 40
241 234 17 1.4809 1.4825 -112.762 -112.968 -1.37516 -0.32683 -1 40
241 250 18 1.5088 1.5084 -104.557 -104.933 -1.39916 -0.47683 -1 40
241 208 19 1.5178 1.516 -101.947 -101.949 -1.39916 -0.53083 -1 40
241 197 20 1.5542 1.5579 -111.553 -111.631 -1.44716 -0.36883 -1 40
241 227 21 1.4925 1.4993 -110.662 -111.197 -1.39316 -0.36283 -1 40
241 216 22 1.4768 1.4735 -107.08 -106.738 -1.36916 -0.43483 -1 40
241 271 23 1.6037 1.611 -105.31 -105.386 -1.49516 -0.50083 -1 40
241 253 24 1.5103 1.5072 -112.517 -112.285 -1.39916 -0.34483 -1 40
241 209 25 1.561 1.5563 -109.083 -108.72 -1.44716 -0.42283 -1 40
241 218 26 1.4749 1.4779 -103.544 -104.013 -1.36916 -0.48283 -1 40
241 241 27 1.4791 1.4811 -105.978 -105.827 -1.37516 -0.45283 -1 40
241 210 28 1.5887 1.5779 -114.892 -114.983 -1.45916 -0.30883 -1 40
241 205 29 1.5829 1.5823 -101.609 -101.568 -1.45916 -0.56083 -1 40
241 209 30 1.576 1.5739 -113.414 -113.392 -1.45916 -0.33883 -1 40
241 237 31 1.4831 1.489 -104.394 -104.925 -1.38116 -0.47083 -1 40
241 212 32 1.5742 1.5702 -103.582 -103.354 -1.45316 -0.52483 -1 40
241 231 33 1.547 1.5436 -108.33 -107.877 -1.43516 -0.43483 -1 40
241 210 34 1.5798 1.5774 -101.259 -101.13 -1.45316 -0.56683 -1 40
241 225 35 1.5641 1.563 -108.06 -107.848 -1.45316 -0.44083 -1 40
241 177 36 1.5453 1.55 -110.03 -109.925 -1.44116 -0.39883 -1 40
241 206 37 1.4764 1.4732 -107.536 -107.08 -1.36916 -0.42883 -1 40
241 218 38 1.4853 1.4845 -102.13 -101.647 -1.36916 -0.52483 -1 40
241 196 39 1.5925 1.5895 -101.506 -101.375 -1.46516 -0.56683 -1 40
241 221 40 1.5683 1.5659 -102.62 -102.599 -1.44716 -0.53683 -1 40
241 244 41 1.5911 1.5997 -104.425 -104.547 -1.48316 -0.51283 -1 40
241 212 42 1.589 1.5954 -109.787 -110.221 -1.48316 -0.40483 -1 40
241 236 43 1.4901 1.4951 -112.692 -112.792 -1.38716 -0.33283 -1 40
241 223 44 1.5797 1.5831 -110.776 -111.001 -1.47116 -0.38683 -1 40
241 197 45 1.4957 1.492 -114.765 -114.395 -1.38116 -0.30283 -1 40
241 201 46 1.5565 1.5584 -111.919 -111.954 -1.44716 -0.36283 -1 40
241 273 47 1.5064 1.5063 -106.468 -106.267 -1.39916 -0.45283 -1 40
241 224 48 1.5294 1.5215 -104.831 -104.827 -1.41116 -0.48283 -1 40
241 246 49 1.4871 1.4881 -101.016 -100.64 -1.36916 -0.54283 -1 40
275 219 0 1.5397 1.5387 -111.285 -111.708 -1.42916 -0.36283 -1 40
275 244 1 1.5471 1.543 -104.11 -103.86 -1.42916 -0.50683 -1 40
275 236 2 1.476 1.4752 -102.717 -102.533 -1.36316 -0.50683 -1 41
275 198 3 1.5278 1.5244 -110.173 -110.22 -1.41716 -0.38683 -1 40
275 267 4 1.4743 1.4753 -112.29 -112.547 -1.36916 -0.33283 -1 40
275 231 5 1.5968 1.5995 -101.797 -102.24 -1.47716 -0.55483 -1 40
275 259 6 1.5804 1.5843 -105.568 -105.912 -1.47116 -0.48283 -1 40
275 229 7 1.4961 1.492 -114.83 -114.395 -1.38116 -0.30283 -1 40
275 247 8 1.5078 1.5113 -103.307 -103.603 -1.39916 -0.50083 -1 40
275 231 9 1.569 1.5679 -104.481 -104.313 -1.45316 -0.50683 -1 40
275 233 10 1.5056 1.5045 -114.583 -114.208 -1.39316 -0.30883 -1 40
275 260 11 1.5434 1.5466 -102.221 -102.562 -1.42916 -0.53083 -1 40
275 287 12 1.5962 1.5962 -106.657 -106.749 -1.48316 -0.47083 -1 40
275 239 13 1.4969 1.4946 -102.799 -102.572 -1.38116 -0.51283 -1 40
275 246 14 1.5118 1.5074 -100.809 -100.703 -1.38716 -0.54883 -1 40
275 205 15 1.541 1.5442 -110.726 -110.813 -1.43516 -0.38083 -1 40
275 269 16 1.4812 1.4758 -113.093 -112.887 -1.36916 -0.32683 -1 40
275 249 17 1.5963 1.5985 -102.362 -102.553 -1.47716 -0.54883 -1 40
275 248 18 1.5786 1.5826 -103.416 -103.583 -1.46516 -0.52483 -1 40
275 279 19 1.5123 1.5146 -104.643 -105.046 -1.40516 -0.47683 -1 40
275 228 20 1.5911 1.5871 -113.8 -113.539 -1.47116 -0.33883 -1 40
275 250 21 1.4791 1.487 -111.208 -111.697 -1.38116 -0.35083 -1 40
275 218 22 1.5975 1.5894 -114.717 -114.486 -1.47116 -0.32083 -1 40
275 253 23 1.4865 1.4779 -114.241 -113.907 -1.36916 -0.30883 -1 40
275 269 24 1.5021 1.4954 -100.762 -100.439 -1.37516 -0.54883 -1 40
275 242 25 1.5819 1.5792 -112.951 -112.83 -1.46516 -0.35083 -1 40
275 261 26 1.5435 1.5402 -112.593 -112.688 -1.42916 -0.34483 -1 40
275 252 27 1.593 1.5913 -112.607 -112.35 -1.47716 -0.36283 -1 40
275 250 28 1.5199 1.5192 -102.981 -103.061 -1.40516 -0.51283 -1 40
275 264 29 1.5695 1.5628 -114.044 -114.207 -1.44716 -0.32083 -1 40
275 266 30 1.5859 1.5824 -108.124 -107.819 -1.47116 -0.44683 -1 40
275 291 31 1.6041 1.6033 -106.453 -106.221 -1.48916 -0.48283 -1 40
275 309 32 1.5064 1.5068 -105.9 -105.933 -1.39916 -0.45883 -1 40
275 258 33 1.5642 1.5629 -108.319 -108.17 -1.45316 -0.43483 -1 40
275 209 34 1.532 1.534 -100.376 -100.567 -1.41116 -0.56083 -1 40
275 286 35 1.5214 1.5204 -112.457 -112.448 -1.41116 -0.34483 -1 40
275 235 36 1.5499 1.5521 -100.722 -100.95 -1.42916 -0.56083 -1 40
275 261 37 1.4756 1.4735 -101.505 -101.048 -1.35716 -0.53083 -1 40
275 219 38 1.5041 1.5062 -114.972 -114.874 -1.39316 -0.29683 -1 40
275 217 39 1.5349 1.5317 -111.061 -111.296 -1.42316 -0.36883 -1 40
275 302 40 1.5148 1.5123 -107.108 -106.707 -1.40516 -0.44683 -1 40
275 263 41 1.5006 1.4941 -101.25 -100.772 -1.37516 -0.54283 -1 40
275 247 42 1.5617 1.5654 -100.947 -100.881 -1.44116 -0.56683 -1 40
275 302 43 1.5242 1.5194 -106.109 -106.15 -1.41116 -0.45883 -1 40
275 233 44 1.5628 1.563 -110.016 -110.103 -1.45316 -0.39883 -1 40
275 229 45 1.549 1.5455 -105.614 -105.922 -1.43516 -0.47083 -1 40
275 308 46 1.519 1.5186 -106.725 -106.812 -1.41116 -0.44683 -1 40
275 272 47 1.4798 1.4811 -106.094 -105.827 -1.37516 -0.45283 -1 40
275 246 48 1.4744 1.4725 -103.342 -103.553 -1.36316 -0.48883 -1 41
275 253 49 1.4812 1.4798 -107.073 -106.846 -1.37516 -0.43483 -1 40
310 252 0 1.6003 1.6011 -114.198 -113.997 -1.48316 -0.33283 -1 40
310 286 1 1.5638 1.5606 -113.102 -113.243 -1.44716 -0.33883 -1 40
310 247 2 1.5119 1.5111 -109.287 -109.039 -1.40516 -0.40483 -1 40
310 300 3 1.6018 1.604 -112.461 -112.19 -1.48916 -0.36883 -1 41
310 285 4 1.5815 1.5859 -104.938 -104.961 -1.47116 -0.50083 -1 41
310 293 5 1.4814 1.4712 -114.307 -113.83 -1.36316 -0.30883 -1 40
310 292 6 1.5902 1.5887 -108.44 -108.233 -1.47716 -0.44083 -1 40
310 288 7 1.5001 1.4977 -101.794 -101.569 -1.38116 -0.53083 -1 40
310 308 8 1.479 1.4827 -104.744 -104.81 -1.37516 -0.47083 -1 41
310 299 9 1.5313 1.5307 -108.402 -108.007 -1.42316 -0.42883 -1 40
310 279 10 1.5393 1.5335 -105.374 -105.379 -1.42316 -0.47683 -1 40
310 276 11 1.5708 1.5726 -112.823 -112.753 -1.45916 -0.35083 -1 40
310 270 12 1.6028 1.5951 -108.796 -108.327 -1.48316 -0.44083 -1 41
310 293 13 1.6033 1.6099 -102.529 -103.095 -1.48916 -0.54283 -1 40
310 272 14 1.4762 1.4762 -102.445 -102.194 -1.36316 -0.51283 -1 41
310 282 15 1.5651 1.5654 -101.065 -100.881 -1.44116 -0.56683 -1 40
310 250 16 1.5302 1.5315 -100.804 -101.218 -1.41116 -0.54883 -1 40
310 305 17 1.4954 1.4929 -101.249 -101.106 -1.37516 -0.53683 -1 40
310 315 18 1.5947 1.5959 -107.275 -107.065 -1.48316 -0.46483 -1 40
310 297 19 1.5161 1.5163 -114.038 -113.693 -1.40516 -0.32083 -1 41
310 235 20 1.5399 1.5437 -110.139 -110.161 -1.43516 -0.39283 -1 40
310 270 21 1.5908 1.5836 -114.82 -114.734 -1.46516 -0.31483 -1 40
310 285 22 1.5315 1.5298 -103.907 -103.955 -1.41716 -0.50083 -1 40
310 270 23 1.5839 1.5798 -113.389 -113.148 -1.46516 -0.34483 -1 40
310 333 24 1.5015 1.5063 -106.414 -106.267 -1.39916 -0.45283 -1 40
310 290 25 1.5688 1.5704 -106.611 -106.663 -1.45916 -0.46483 -1 40
310 311 26 1.5945 1.5956 -107.526 -107.38 -1.48316 -0.45883 -1 40
310 279 27 1.5342 1.5284 -104.625 -104.611 -1.41716 -0.48883 -1 40
310 303 28 1.5062 1.509 -104.169 -104.6 -1.39916 -0.48283 -1 40
310 282 29 1.5117 1.5121 -103.251 -103.271 -1.39916 -0.50683 -1 40
310 258 30 1.531 1.5305 -109.178 -108.665 -1.42316 -0.41683 -1 40
310 271 31 1.5371 1.5425 -101.37 -101.793 -1.42316 -0.54283 -1 40
310 278 32 1.5086 1.5088 -102.267 -102.155 -1.39316 -0.52483 -1 40
310 330 33 1.5506 1.5503 -114.319 -114.387 -1.43516 -0.31483 -1 40
310 326 34 1.6013 1.6074 -103.878 -104.03 -1.48916 -0.52483 -1 41
310 288 35 1.6008 1.6084 -110.044 -110.392 -1.49516 -0.40483 -1 41
310 341 36 1.5213 1.5186 -106.812 -106.812 -1.41116 -0.44683 -1 40
310 245 37 1.6028 1.597 -114.979 -114.869 -1.47716 -0.31483 -1 40
310 268 38 1.5159 1.5087 -100.572 -100.372 -1.38716 -0.55483 -1 40
310 310 39 1.5229 1.5209 -104.933 -105.158 -1.41116 -0.47683 -1 40
310 262 40 1.5625 1.5649 -105.828 -105.917 -1.45316 -0.47683 -1 41
310 303 41 1.4987 1.4989 -107.454 -107.165 -1.39316 -0.43483 -1 40
310 254 42 1.5198 1.5147 -100.402 -100.504 -1.39316 -0.55483 -1 41
310 289 43 1.5096 1.5115 -108.202 -107.706 -1.40516 -0.42883 -1 40
310 284 44 1.5277 1.5236 -103.854 -103.838 -1.41116 -0.50083 -1 40
310 319 45 1.4924 1.4894 -100.589 -100.305 -1.36916 -0.54883 -1 41
310 274 46 1.554 1.5581 -100.866 -101.075 -1.43516 -0.56083 -1 40
310 290 47 1.5622 1.5579 -103.149 -103.122 -1.44116 -0.52483 -1 40
310 334 48 1.5508 1.5512 -114.587 -114.71 -1.43516 -0.30883 -1 40
310 283 49 1.4896 1.4911 -103.471 -103.914 -1.38116 -0.48883 -1 41
344 311 0 1.4776 1.4728 -114.977 -114.512 -1.36316 -0.29683 -1 41
344 278 1 1.5459 1.5502 -110.12 -110.25 -1.44116 -0.39283 -1 40
344 340 2 1.5516 1.548 -113.404 -113.415 -1.43516 -0.33283 -1 40
344 307 3 1.5689 1.5712 -105.956 -106.022 -1.45916 -0.47683 -1 41
344 307 4 1.4896 1.4885 -102.697 -102.447 -1.37516 -0.51283 -1 41
344 296 5 1.6027 1.607 -113.678 -113.755 -1.48916 -0.33883 -1 41
344 283 6 1.5505 1.5567 -110.207 -110.338 -1.44716 -0.39283 -1 40
344 353 7 1.5375 1.5362 -113.811 -113.917 -1.42316 -0.32083 -1 41
344 318 8 1.5962 1.5979 -112.702 -112.427 -1.48316 -0.36283 -1 41
344 353 9 1.4934 1.4933 -106.471 -106.385 -1.38716 -0.44683 -1 41
344 308 10 1.5763 1.5803 -104.464 -104.535 -1.46516 -0.50683 -1 41
344 315 11 1.5791 1.5826 -103.669 -103.583 -1.46516 -0.52483 -1 41
344 295 12 1.4908 1.4918 -109.392 -109.422 -1.38716 -0.39283 -1 40
344 286 13 1.5556 1.554 -104.931 -104.734 -1.44116 -0.49483 -1 41
344 320 14 1.5927 1.5887 -108.594 -108.233 -1.47716 -0.44083 -1 41
344 328 15 1.4909 1.4903 -103.906 -104.251 -1.38116 -0.48283 -1 41
344 321 16 1.5273 1.5262 -102.953 -102.853 -1.41116 -0.51883 -1 40
344 311 17 1.5683 1.566 -112.653 -112.676 -1.45316 -0.35083 -1 40
344 331 18 1.59 1.5888 -108.224 -107.916 -1.47716 -0.44683 -1 41
344 351 19 1.5098 1.5083 -113.003 -112.952 -1.39916 -0.33283 -1 41
344 316 20 1.5778 1.5773 -103.294 -103.151 -1.45916 -0.53083 -1 41
344 320 21 1.5365 1.5368 -103.847 -103.744 -1.42316 -0.50683 -1 40
344 317 22 1.5744 1.573 -102.448 -102.398 -1.45316 -0.54283 -1 41
344 333 23 1.4835 1.4856 -101.443 -101.311 -1.36916 -0.53083 -1 41
344 360 24 1.6012 1.6067 -104.048 -104.342 -1.48916 -0.51883 -1 41
344 329 25 1.5027 1.5001 -101.128 -100.903 -1.38116 -0.54283 -1 41
344 325 26 1.5036 1.5001 -101.271 -100.903 -1.38116 -0.54283 -1 41
344 303 27 1.5851 1.5812 -113.83 -113.783 -1.46516 -0.33283 -1 40
344 264 28 1.5267 1.5242 -109.979 -109.89 -1.41716 -0.39283 -1 40
344 332 29 1.4835 1.4874 -111.768 -112.035 -1.38116 -0.34483 -1 41
344 321 30 1.5498 1.5447 -106.56 -106.573 -1.43516 -0.45883 -1 41
344 355 31 1.537 1.5362 -113.937 -113.917 -1.42316 -0.32083 -1 41
344 344 32 1.51 1.509 -104.425 -104.6 -1.39916 -0.48283 -1 41
344 297 33 1.4787 1.4791 -107.89 -107.867 -1.37516 -0.41683 -1 41
344 323 34 1.4769 1.4784 -101.733 -101.518 -1.36316 -0.52483 -1 41
344 298 35 1.588 1.582 -114.136 -114.101 -1.46516 -0.32683 -1 41
344 347 36 1.4736 1.4698 -113.235 -113.148 -1.36316 -0.32083 -1 41
344 323 37 1.5334 1.5343 -102.362 -102.32 -1.41716 -0.53083 -1 40
344 360 38 1.5095 1.5119 -107.29 -107.04 -1.40516 -0.44083 -1 40
344 361 39 1.4957 1.501 -105.234 -105.488 -1.39316 -0.46483 -1 41
344 302 40 1.56 1.5641 -111.186 -111.391 -1.45316 -0.37483 -1 40
344 322 41 1.5392 1.5329 -105.669 -105.707 -1.42316 -0.47083 -1 41
344 309 42 1.5025 1.5007 -102.686 -102.696 -1.38716 -0.51283 -1 41
344 357 43 1.5129 1.5138 -112.249 -112.367 -1.40516 -0.34483 -1 40
344 340 44 1.4777 1.4765 -113.367 -113.228 -1.36916 -0.32083 -1 41
344 298 45 1.5597 1.5632 -110.245 -110.425 -1.45316 -0.39283 -1 40
344 304 46 1.5547 1.5514 -106.249 -106.353 -1.44116 -0.46483 -1 41
344 353 47 1.5976 1.5965 -106.326 -106.434 -1.48316 -0.47683 -1 41
344 336 48 1.5109 1.5128 -111.262 -111.703 -1.40516 -0.35683 -1 40
344 313 49 1.5272 1.5255 -111.388 -111.54 -1.41716 -0.36283 -1 40
378 362 0 1.4819 1.4779 -114.039 -113.907 -1.36916 -0.30883 -1 41
378 343 1 1.5359 1.5325 -111.728 -111.953 -1.42316 -0.35683 -1 40
378 354 2 1.4786 1.4802 -106.808 -106.506 -1.37516 -0.44083 -1 41
378 337 3 1.5328 1.5364 -101.389 -101.669 -1.41716 -0.54283 -1 41
378 351 4 1.5758 1.5764 -103.51 -103.469 -1.45916 -0.52483 -1 41
378 316 5 1.5504 1.5567 -110.187 -110.338 -1.44716 -0.39283 -1 41
378 346 6 1.577 1.5848 -105.423 -105.595 -1.47116 -0.48883 -1 41
378 340 7 1.5689 1.5712 -105.953 -106.022 -1.45916 -0.47683 -1 41
378 358 8 1.5847 1.5873 -104.282 -104.328 -1.47116 -0.51283 -1 41
378 378 9 1.5705 1.5712 -114.66 -114.916 -1.45316 -0.30883 -1 41
378 353 10 1.5128 1.5113 -103.559 -103.603 -1.39916 -0.50083 -1 41
378 351 11 1.571 1.5714 -100.987 -101.006 -1.44716 -0.56683 -1 41
378 349 12 1.5368 1.5361 -104.062 -104.07 -1.42316 -0.50083 -1 41
378 387 13 1.4869 1.4879 -105.612 -105.6 -1.38116 -0.45883 -1 41
378 379 14 1.494 1.4941 -100.792 -100.772 -1.37516 -0.54283 -1 41
378 354 15 1.4987 1.4977 -101.842 -101.569 -1.38116 -0.53083 -1 41
378 387 16 1.5206 1.5215 -113.071 -113.109 -1.41116 -0.33283 -1 41
378 376 17 1.5442 1.5377 -107.338 -107.123 -1.42916 -0.44683 -1 41
378 397 18 1.6027 1.6053 -105.002 -104.968 -1.48916 -0.50683 -1 41
378 358 19 1.5827 1.5799 -100.683 -100.498 -1.45316 -0.57883 -1 41
378 361 20 1.5562 1.5579 -103.112 -103.122 -1.44116 -0.52483 -1 41
378 409 21 1.5136 1.5123 -106.889 -106.707 -1.40516 -0.44683 -1 41
378 335 22 1.4981 1.4984 -109.804 -109.853 -1.39316 -0.38683 -1 40
378 326 23 1.544 1.546 -100.639 -100.823 -1.42316 -0.56083 -1 41
378 343 24 1.5144 1.5113 -108.523 -108.039 -1.40516 -0.42283 -1 41
378 314 25 1.5482 1.5502 -110.246 -110.25 -1.44116 -0.39283 -1 41
378 344 26 1.5839 1.5822 -109.715 -109.729 -1.47116 -0.41083 -1 41
378 307 27 1.5414 1.5442 -110.688 -110.813 -1.43516 -0.38083 -1 41
378 335 28 1.4877 1.492 -109.796 -110.097 -1.38716 -0.38083 -1 41
378 394 29 1.4925 1.4937 -106.036 -106.049 -1.38716 -0.45283 -1 41
378 350 30 1.5096 1.5027 -100.278 -100.24 -1.38116 -0.55483 -1 41
378 326 31 1.4956 1.4983 -109.408 -109.517 -1.39316 -0.39283 -1 41
378 360 32 1.4815 1.4879 -112.033 -112.373 -1.38116 -0.33883 -1 41
378 346 33 1.5182 1.5253 -114.732 -114.756 -1.41116 -0.30283 -1 41
378 372 34 1.6034 1.6022 -107.431 -107.163 -1.48916 -0.46483 -1 41
378 355 35 1.5888 1.5891 -110.39 -110.451 -1.47716 -0.39883 -1 41
378 315 36 1.5405 1.5413 -100.334 -100.372 -1.41716 -0.56683 -1 41
378 350 37 1.5193 1.519 -111.09 -111.456 -1.41116 -0.36283 -1 40
378 327 38 1.4873 1.4919 -109.44 -109.76 -1.38716 -0.38683 -1 41
378 366 39 1.5768 1.5835 -106.287 -106.547 -1.47116 -0.47083 -1 41
378 343 40 1.5374 1.5353 -104.542 -104.397 -1.42316 -0.49483 -1 41
378 350 41 1.58 1.5826 -103.684 -103.583 -1.46516 -0.52483 -1 41
378 318 42 1.4795 1.4789 -108.655 -108.548 -1.37516 -0.40483 -1 41
378 399 43 1.5109 1.5119 -107.174 -107.04 -1.40516 -0.44083 -1 41
378 318 44 1.5157 1.5116 -110.103 -110.371 -1.40516 -0.38083 -1 41
378 340 45 1.5957 1.5985 -102.141 -102.553 -1.47716 -0.54883 -1 41
378 346 46 1.5026 1.5049 -108.202 -107.938 -1.39916 -0.42283 -1 41
378 344 47 1.5088 1.5078 -102.635 -102.486 -1.39316 -0.51883 -1 41
378 368 48 1.5101 1.5124 -111.135 -111.37 -1.40516 -0.36283 -1 40
378 342 49 1.5659 1.57 -110.68 -110.833 -1.45916 -0.38683 -1 41
413 361 0 1.5536 1.5576 -111.153 -111.308 -1.44716 -0.37483 -1 41
413 418 1 1.5617 1.5636 -114.297 -114.527 -1.44716 -0.31483 -1 41
413 392 2 1.5446 1.5435 -108.522 -108.204 -1.43516 -0.42883 -1 41
413 430 3 1.5008 1.5059 -106.462 -106.601 -1.39916 -0.44683 -1 41
413 425 4 1.6043 1.6033 -106.206 -106.221 -1.48916 -0.48283 -1 41
413 376 5 1.5499 1.5492 -104.211 -103.974 -1.43516 -0.50683 -1 41
413 403 6 1.4731 1.4646 -114.187 -113.753 -1.35716 -0.30883 -1 41
413 349 7 1.48 1.4853 -108.821 -108.987 -1.38116 -0.39883 -1 41
413 414 8 1.5922 1.5892 -107.411 -107.282 -1.47716 -0.45883 -1 41
413 399 9 1.484 1.4879 -112.096 -112.373 -1.38116 -0.33883 -1 41
413 400 10 1.5869 1.5888 -108.044 -107.916 -1.47716 -0.44683 -1 41
413 400 11 1.5386 1.5371 -108.365 -108.106 -1.42916 -0.42883 -1 41
413 392 12 1.5757 1.5695 -114.284 -114.278 -1.45316 -0.32083 -1 41
413 394 13 1.5836 1.5831 -110.943 -111.001 -1.47116 -0.38683 -1 41
413 444 14 1.5169 1.519 -106.325 -106.481 -1.41116 -0.45283 -1 41
413 390 15 1.5879 1.5905 -102.975 -103.066 -1.47116 -0.53683 -1 41
413 377 16 1.5667 1.5711 -111.8 -111.794 -1.45916 -0.36883 -1 41
413 422 17 1.4874 1.4894 -100.451 -100.305 -1.36916 -0.54883 -1 41
413 403 18 1.482 1.4819 -112.578 -112.629 -1.37516 -0.33283 -1 41
413 385 19 1.5339 1.5325 -111.849 -111.953 -1.42316 -0.35683 -1 41
413 374 20 1.5523 1.5546 -100.36 -100.308 -1.42916 -0.57283 -1 41
413 382 21 1.5754 1.5746 -113.74 -113.711 -1.45916 -0.33283 -1 41
413 414 22 1.5885 1.5902 -106.145 -106.332 -1.47716 -0.47683 -1 41
413 415 23 1.5413 1.5414 -113.308 -113.34 -1.42916 -0.33283 -1 41
413 412 24 1.4808 1.4821 -104.99 -105.148 -1.37516 -0.46483 -1 41
413 366 25 1.5937 1.5934 -101.837 -102.122 -1.47116 -0.55483 -1 41
413 406 26 1.5216 1.5194 -111.799 -111.787 -1.41116 -0.35683 -1 41
413 377 27 1.6017 1.6017 -109.85 -109.992 -1.48916 -0.41083 -1 41
413 423 28 1.5309 1.5257 -106.155 -106.257 -1.41716 -0.45883 -1 41
413 415 29 1.5119 1.5083 -113.173 -112.952 -1.39916 -0.33283 -1 41
413 376 30 1.5905 1.5885 -109.305 -109.184 -1.47716 -0.42283 -1 41
413 404 31 1.5755 1.5765 -106.91 -107.084 -1.46516 -0.45883 -1 41
413 360 32 1.5913 1.5886 -114.098 -114.171 -1.47116 -0.32683 -1 41
413 388 33 1.5749 1.5769 -111.098 -111.237 -1.46516 -0.38083 -1 41
413 382 34 1.576 1.573 -102.498 -102.398 -1.45316 -0.54283 -1 41
413 366 35 1.5898 1.5895 -101.425 -101.375 -1.46516 -0.56683 -1 41
413 393 36 1.5322 1.5324 -103.122 -102.973 -1.41716 -0.51883 -1 41
413 399 37 1.5025 1.5023 -113.539 -113.207 -1.39316 -0.32683 -1 41
413 380 38 1.4858 1.4925 -110.416 -110.772 -1.38716 -0.36883 -1 41
413 340 39 1.518 1.5176 -109.565 -109.466 -1.41116 -0.39883 -1 41
413 395 40 1.4804 1.4813 -112.082 -112.29 -1.37516 -0.33883 -1 41
413 396 41 1.4965 1.4973 -103.84 -104.033 -1.38716 -0.48883 -1 41
413 422 42 1.5117 1.5133 -111.96 -112.035 -1.40516 -0.35083 -1 41
413 389 43 1.5763 1.5772 -111.65 -111.556 -1.46516 -0.37483 -1 41
413 367 44 1.4864 1.492 -109.828 -110.097 -1.38716 -0.38083 -1 41
413 378 45 1.5345 1.5347 -104.739 -104.724 -1.42316 -0.48883 -1 41
413 375 46 1.4981 1.4998 -102.886 -103.029 -1.38716 -0.50683 -1 41
413 426 47 1.514 1.5138 -112.35 -112.367 -1.40516 -0.34483 -1 41
413 413 48 1.507 1.5084 -104.53 -104.933 -1.39916 -0.47683 -1 41
413 414 49 1.5395 1.5414 -113.295 -113.34 -1.42916 -0.33283 -1 41
447 406 0 1.5824 1.5812 -113.903 -113.783 -1.46516 -0.33283 -1 41
447 397 1 1.5957 1.5934 -101.876 -102.122 -1.47116 -0.55483 -1 41
447 434 2 1.5893 1.5896 -111.113 -111.085 -1.47716 -0.38683 -1 41
447 419 3 1.5422 1.543 -103.899 -103.86 -1.42916 -0.50683 -1 41
447 446 4 1.5226 1.5244 -107.899 -107.577 -1.41716 -0.43483 -1 41
447 455 5 1.6001 1.6033 -106.188 -106.221 -1.48916 -0.48283 -1 41
447 424 6 1.586 1.5893 -110.493 -110.768 -1.47716 -0.39283 -1 41
447 423 7 1.4924 1.4904 -113.872 -113.723 -1.38116 -0.31483 -1 41
447 415 8 1.5489 1.5497 -101.389 -101.593 -1.42916 -0.54883 -1 41
447 409 9 1.5912 1.5859 -100.824 -100.623 -1.45916 -0.57883 -1 41
447 397 10 1.5901 1.5894 -114.447 -114.486 -1.47116 -0.32083 -1 41
447 453 11 1.5376 1.5374 -107.372 -107.451 -1.42916 -0.44083 -1 41
447 436 12 1.577 1.576 -107.826 -107.722 -1.46516 -0.44683 -1 41
447 432 13 1.5449 1.5447 -103.213 -103.21 -1.42916 -0.51883 -1 41
447 440 14 1.5045 1.5023 -113.34 -113.207 -1.39316 -0.32683 -1 41
447 424 15 1.5701 1.5679 -113.686 -113.638 -1.45316 -0.33283 -1 41
447 433 16 1.5703 1.5696 -107.596 -107.625 -1.45916 -0.44683 -1 41
447 423 17 1.5773 1.5769 -111.186 -111.237 -1.46516 -0.38083 -1 41
447 458 18 1.4939 1.4952 -104.966 -105.04 -1.38716 -0.47083 -1 41
447 428 19 1.5806 1.5799 -100.586 -100.498 -1.45316 -0.57883 -1 41
447 411 20 1.5763 1.5759 -109.866 -109.959 -1.46516 -0.40483 -1 41
447 440 21 1.5424 1.5408 -112.915 -113.014 -1.42916 -0.33883 -1 41
447 394 22 1.5251 1.5252 -110.874 -111.21 -1.41716 -0.36883 -1 41
447 446 23 1.4878 1.4933 -106.276 -106.385 -1.38716 -0.44683 -1 41
447 391 24 1.596 1.5907 -101.153 -101.061 -1.46516 -0.57283 -1 41
447 401 25 1.5539 1.5563 -109.411 -109.368 -1.44716 -0.41083 -1 41
447 393 26 1.4918 1.4917 -108.949 -109.084 -1.38716 -0.39883 -1 41
447 451 27 1.5224 1.5222 -113.39 -113.439 -1.41116 -0.32683 -1 41
447 432 28 1.5411 1.5371 -108.276 -108.106 -1.42916 -0.42883 -1 41
447 412 29 1.5827 1.5821 -109.25 -109.092 -1.47116 -0.42283 -1 41
447 406 30 1.5919 1.5886 -109.62 -109.501 -1.47716 -0.41683 -1 41
447 477 31 1.5175 1.519 -106.321 -106.481 -1.41116 -0.45283 -1 41
447 450 32 1.5355 1.532 -106.289 -106.363 -1.42316 -0.45883 -1 41
447 422 33 1.5846 1.5812 -100.66 -100.183 -1.45316 -0.58483 -1 41
447 378 34 1.4724 1.4724 -108.4 -108.447 -1.36916 -0.40483 -1 41
447 405 35 1.5599 1.565 -111.829 -112.034 -1.45316 -0.36283 -1 41
447 430 36 1.55 1.5527 -102.779 -102.682 -1.43516 -0.53083 -1 41
447 416 37 1.5952 1.5984 -112.68 -112.741 -1.48316 -0.35683 -1 41
447 420 38 1.5932 1.5956 -110.23 -110.536 -1.48316 -0.39883 -1 41
447 454 39 1.4995 1.4992 -106.918 -106.829 -1.39316 -0.44083 -1 41
447 412 40 1.5637 1.565 -112.044 -112.034 -1.45316 -0.36283 -1 41
447 423 41 1.577 1.5769 -111.167 -111.237 -1.46516 -0.38083 -1 41
447 417 42 1.559 1.5574 -106.852 -106.78 -1.44716 -0.45883 -1 41
447 459 43 1.5091 1.5072 -112.321 -112.285 -1.39916 -0.34483 -1 41
447 415 44 1.5055 1.5038 -101.921 -101.697 -1.38716 -0.53083 -1 41
447 411 45 1.5265 1.5282 -101.859 -102.197 -1.41116 -0.53083 -1 41
447 406 46 1.5565 1.5584 -111.959 -111.954 -1.44716 -0.36283 -1 41
447 441 47 1.5045 1.5028 -104.313 -104.484 -1.39316 -0.48283 -1 41
447 420 48 1.5604 1.5619 -101.647 -101.839 -1.44116 -0.54883 -1 41
447 449 49 1.6025 1.6025 -106.942 -106.849 -1.48916 -0.47083 -1 41
482 427 0 1.5966 1.5912 -115.176 -115.116 -1.47116 -0.30883 -1 41
482 431 1 1.5888 1.5828 -114.388 -114.417 -1.46516 -0.32083 -1 41
482 508 2 1.5133 1.5135 -105.746 -105.71 -1.40516 -0.46483 -1 41
482 419 3 1.5534 1.5528 -105.43 -105.381 -1.44116 -0.48283 -1 41
482 445 4 1.5822 1.5792 -112.933 -112.83 -1.46516 -0.35083 -1 41
482 407 5 1.5424 1.5442 -110.615 -110.813 -1.43516 -0.38083 -1 41
482 464 6 1.5355 1.533 -112.314 -112.281 -1.42316 -0.35083 -1 41
482 453 7 1.5296 1.5291 -104.379 -104.283 -1.41716 -0.49483 -1 41
482 482 8 1.6037 1.6025 -106.997 -106.849 -1.48916 -0.47083 -1 41
482 504 9 1.5265 1.525 -107.112 -106.917 -1.41716 -0.44683 -1 41
482 481 10 1.598 1.6012 -103.783 -103.92 -1.48316 -0.52483 -1 41
482 479 11 1.5101 1.509 -104.454 -104.6 -1.39916 -0.48283 -1 41
482 469 12 1.486 1.4825 -113.046 -112.968 -1.37516 -0.32683 -1 41
482 445 13 1.5742 1.5763 -101.427 -101.446 -1.45316 -0.56083 -1 41
482 420 14 1.5037 1.4995 -114.998 -114.803 -1.38716 -0.29683 -1 41
482 454 15 1.5179 1.5183 -103.25 -103.391 -1.40516 -0.50683 -1 41
482 462 16 1.4786 1.4802 -106.476 -106.506 -1.37516 -0.44083 -1 41
482 472 17 1.5171 1.5163 -113.889 -113.693 -1.40516 -0.32083 -1 41
482 444 18 1.4957 1.4904 -114.124 -113.723 -1.38116 -0.31483 -1 41
482 437 19 1.5331 1.5364 -101.379 -101.669 -1.41716 -0.54283 -1 41
482 489 20 1.6002 1.6037 -105.803 -105.907 -1.48916 -0.48883 -1 41
482 459 21 1.5442 1.5476 -102.067 -102.239 -1.42916 -0.53683 -1 41
482 449 22 1.5818 1.5821 -109.072 -109.092 -1.47116 -0.42283 -1 41
482 498 23 1.5532 1.5503 -114.425 -114.387 -1.43516 -0.31483 -1 41
482 465 24 1.5243 1.5194 -111.697 -111.787 -1.41116 -0.35683 -1 41
482 460 25 1.5798 1.5822 -108.282 -108.138 -1.47116 -0.44083 -1 41
482 437 26 1.491 1.4853 -114.639 -114.321 -1.37516 -0.30283 -1 41
482 463 27 1.4982 1.499 -110.604 -110.861 -1.39316 -0.36883 -1 41
482 446 28 1.4936 1.4956 -102.343 -102.237 -1.38116 -0.51883 -1 41
482 453 29 1.5835 1.577 -114.728 -114.666 -1.45916 -0.31483 -1 41
482 469 30 1.5477 1.5436 -107.885 -107.877 -1.43516 -0.43483 -1 41
482 441 31 1.5168 1.5171 -101.481 -101.62 -1.39916 -0.53683 -1 41
482 462 32 1.5835 1.5842 -111.966 -111.954 -1.47116 -0.36883 -1 41
482 474 33 1.5001 1.4967 -100.365 -100.106 -1.37516 -0.55483 -1 41
482 476 34 1.488 1.4896 -104.359 -104.588 -1.38116 -0.47683 -1 41
482 479 35 1.5139 1.5128 -111.513 -111.703 -1.40516 -0.35683 -1 41
482 459 36 1.4907 1.4904 -113.713 -113.723 -1.38116 -0.31483 -1 41
482 457 37 1.5744 1.5726 -100.814 -100.689 -1.44716 -0.57283 -1 41
482 450 38 1.5826 1.577 -114.593 -114.666 -1.45916 -0.31483 -1 41
482 452 39 1.5437 1.543 -103.99 -103.86 -1.42916 -0.50683 -1 41
482 423 40 1.5678 1.5722 -105.099 -105.382 -1.45916 -0.48883 -1 41
482 408 41 1.5184 1.5176 -109.557 -109.466 -1.41116 -0.39883 -1 41
482 444 42 1.5848 1.5836 -114.57 -114.734 -1.46516 -0.31483 -1 41
482 496 43 1.5499 1.5503 -114.17 -114.387 -1.43516 -0.31483 -1 41
482 422 44 1.5419 1.5448 -111.318 -111.465 -1.43516 -0.36883 -1 41
482 458 45 1.5565 1.5547 -102.176 -102.038 -1.43516 -0.54283 -1 41
482 511 46 1.5163 1.519 -106.41 -106.481 -1.41116 -0.45283 -1 41
482 456 47 1.5849 1.5847 -112.271 -112.272 -1.47116 -0.36283 -1 41
482 464 48 1.509 1.5115 -107.972 -107.706 -1.40516 -0.42883 -1 41
482 475 49 1.479 1.4816 -105.313 -105.488 -1.37516 -0.45883 -1 41
34 92 0 1.4759 1.4433 -103.705 -117.532 -1.32716 -0.23683 -0 40
34 92 1 1.5535 1.4433 -102.203 -117.532 -1.32716 -0.23683 -0 40
34 93 2 1.5388 1.4433 -109.428 -117.532 -1.32716 -0.23683 -0 40
34 92 3 1.5981 1.4433 -113.676 -117.532 -1.32716 -0.23683 -0 40
34 92 4 1.586 1.4433 -113.869 -117.532 -1.32716 -0.23683 -0 40
34 92 5 1.547 1.4433 -103.618 -117.532 -1.32716 -0.23683 -0 40
34 93 6 1.5166 1.4433 -114.952 -117.532 -1.32716 -0.23683 -0 40
34 92 7 1.5255 1.4433 -102.758 -117.532 -1.32716 -0.23683 -0 40
34 92 8 1.5124 1.4433 -107.361 -117.532 -1.32716 -0.23683 -0 40
34 93 9 1.535 1.4433 -104.991 -117.532 -1.32716 -0.23683 -0 40
34 92 10 1.5592 1.4433 -102.989 -117.532 -1.32716 -0.23683 -0 40
34 93 11 1.5975 1.4433 -102.843 -117.532 -1.32716 -0.23683 -0 40
34 92 12 1.6011 1.4433 -100.448 -117.532 -1.32716 -0.23683 -0 40
34 92 13 1.5042 1.4433 -109.801 -117.532 -1.32716 -0.23683 -0 40
34 92 14 1.5259 1.4433 -106.883 -117.532 -1.32716 -0.23683 -0 40
34 92 15 1.4943 1.4433 -109.149 -117.532 -1.32716 -0.23683 -0 40
34 92 16 1.5424 1.4433 -101.563 -117.532 -1.32716 -0.23683 -0 40
34 92 17 1.594 1.4433 -109.466 -117.532 -1.32716 -0.23683 -0 40
34 93 18 1.5373 1.4433 -112.565 -117.532 -1.32716 -0.23683 -0 40
34 92 19 1.6046 1.4433 -109.284 -117.532 -1.32716 -0.23683 -0 40
34 92 20 1.5742 1.4433 -107.86 -117.532 -1.32716 -0.23683 -0 40
34 92 21 1.5028 1.4433 -107.967 -117.532 -1.32716 -0.23683 -0 40
34 92 22 1.5019 1.4433 -111.306 -117.532 -1.32716 -0.23683 -0 40
34 93 23 1.5403 1.4433 -104.39 -117.532 -1.32716 -0.23683 -0 40
34 93 24 1.5374 1.4433 -106.309 -117.532 -1.32716 -0.23683 -0 40
34 93 25 1.551 1.4433 -110.619 -117.532 -1.32716 -0.23683 -0 40
34 92 26 1.576 1.4433 -103.705 -117.532 -1.32716 -0.23683 -0 40
34 93 27 1.5488 1.4433 -104.965 -117.532 -1.32716 -0.23683 -0 40
34 92 28 1.597 1.4433 -107.997 -117.532 -1.32716 -0.23683 -0 40
34 92 29 1.5876 1.4433 -112.018 -117.532 -1.32716 -0.23683 -0 40
34 92 30 1.477 1.4433 -107.202 -117.532 -1.32716 -0.23683 -0 40
34 95 31 1.6015 1.6293 -110.592 -111.879 -1.51316 -0.38083 -0 40
34 92 32 1.4753 1.4433 -107.268 -117.532 -1.32716 -0.23683 -0 40
34 92 33 1.4737 1.4433 -104.509 -117.532 -1.32716 -0.23683 -0 40
34 92 34 1.557 1.4433 -114.847 -117.532 -1.32716 -0.23683 -0 40
34 92 35 1.5962 1.4433 -106.935 -117.532 -1.32716 -0.23683 -0 40
34 92 36 1.5285 1.4433 -108.585 -117.532 -1.32716 -0.23683 -0 40
34 92 37 1.5833 1.4433 -106.718 -117.532 -1.32716 -0.23683 -0 40
34 93 38 1.4996 1.4433 -101.12 -117.532 -1.32716 -0.23683 -0 40
34 93 39 1.557 1.4433 -111.887 -117.532 -1.32716 -0.23683 -0 40
34 93 40 1.5839 1.4433 -115.071 -117.532 -1.32716 -0.23683 -0 40
34 92 41 1.5342 1.4433 -108.622 -117.532 -1.32716 -0.23683 -0 40
34 93 42 1.5155 1.4433 -100.975 -117.532 -1.32716 -0.23683 -0 40
34 92 43 1.5919 1.4433 -109.683 -117.532 -1.32716 -0.23683 -0 40
34 92 44 1.5743 1.4433 -102.881 -117.532 -1.32716 -0.23683 -0 40
34 92 45 1.4869 1.4433 -104.252 -117.532 -1.32716 -0.23683 -0 40
34 93 46 1.5324 1.4433 -102.333 -117.532 -1.32716 -0.23683 -0 40
34 92 47 1.5119 1.4433 -112.574 -117.532 -1.32716 -0.23683 -0 40
34 93 48 1.4942 1.4433 -105.383 -117.532 -1.32716 -0.23683 -0 40
34 92 49 1.5914 1.4433 -108.278 -117.532 -1.32716 -0.23683 -0 40
69 92 0 1.4848 1.4433 -110.157 -117.532 -1.32716 -0.23683 -0 40
69 92 1 1.5927 1.4433 -106.988 -117.532 -1.32716 -0.23683 -0 40
69 92 2 1.4769 1.4433 -103.515 -117.532 -1.32716 -0.23683 -0 40
69 92 3 1.4877 1.4433 -100.389 -117.532 -1.32716 -0.23683 -0 40
69 93 4 1.4997 1.4368 -114.477 -112.736 -1.33316 -0.32083 -0 40
69 92 5 1.543 1.4433 -103.807 -117.532 -1.32716 -0.23683 -0 40
69 92 6 1.5876 1.4433 -101.116 -117.532 -1.32716 -0.23683 -0 40
69 93 7 1.4809 1.4368 -111.484 -112.736 -1.33316 -0.32083 -0 40
69 94 8 1.5527 1.4433 -110.536 -117.532 -1.32716 -0.23683 -0 40
69 93 9 1.5853 1.4433 -110.112 -117.532 -1.32716 -0.23683 -0 40
69 93 10 1.4998 1.4433 -102.628 -117.532 -1.32716 -0.23683 -0 40
69 93 11 1.4916 1.4433 -102.223 -117.532 -1.32716 -0.23683 -0 40
69 100 12 1.5957 1.5827 -100.41 -98.484 -1.44716 -0.61483 -0 40
69 93 13 1.5508 1.4433 -100.391 -117.532 -1.32716 -0.23683 -0 40
69 92 14 1.5779 1.4433 -103.653 -117.532 -1.32716 -0.23683 -0 40
69 92 15 1.5899 1.4433 -115.181 -117.532 -1.32716 -0.23683 -0 40
69 93 16 1.5633 1.4433 -109.355 -117.532 -1.32716 -0.23683 -0 40
69 98 17 1.4928 1.4368 -114.595 -112.736 -1.33316 -0.32083 -0 40
69 98 18 1.5612 1.5587 -114.732 -115.101 -1.44116 -0.30283 -0 40
69 92 19 1.5165 1.4433 -104.086 -117.532 -1.32716 -0.23683 -0 40
69 93 20 1.505 1.4433 -101.051 -117.532 -1.32716 -0.23683 -0 40
69 93 21 1.5416 1.4433 -112.432 -117.532 -1.32716 -0.23683 -0 40
69 92 22 1.4773 1.4433 -108.434 -117.532 -1.32716 -0.23683 -0 40
69 101 23 1.5242 1.5194 -105.889 -106.15 -1.41116 -0.45883 -0 40
69 99 24 1.4952 1.5068 -105.758 -105.933 -1.39916 -0.45883 -0 40
69 92 25 1.5768 1.4433 -101.815 -117.532 -1.32716 -0.23683 -0 40
69 93 26 1.4875 1.4433 -101.3 -117.532 -1.32716 -0.23683 -0 40
69 92 27 1.4994 1.4433 -110.341 -117.532 -1.32716 -0.23683 -0 40
69 92 28 1.5152 1.4433 -107.91 -117.532 -1.32716 -0.23683 -0 40
69 92 29 1.486 1.4433 -108.612 -117.532 -1.32716 -0.23683 -0 40
69 101 30 1.5927 1.6191 -103.406 -104.558 -1.50116 -0.51883 -1 40
69 92 31 1.5776 1.4433 -106.718 -117.532 -1.32716 -0.23683 -0 40
69 93 32 1.5287 1.4433 -105.415 -117.532 -1.32716 -0.23683 -0 40
69 111 33 1.5955 1.6179 -104.994 -105.179 -1.50116 -0.50683 -0 40
69 97 34 1.6018 1.5886 -100.488 -98.617 -1.45316 -0.61483 -0 40
69 93 35 1.5584 1.4433 -107.005 -117.532 -1.32716 -0.23683 -0 40
69 92 36 1.5103 1.4433 -108.63 -117.532 -1.32716 -0.23683 -0 40
69 99 37 1.5296 1.5186 -107.175 -106.812 -1.41116 -0.44683 -0 40
69 92 38 1.48 1.4433 -108.452 -117.532 -1.32716 -0.23683 -0 40
69 93 39 1.4944 1.4433 -103.178 -117.532 -1.32716 -0.23683 -0 40
69 92 40 1.5043 1.4433 -110.601 -117.532 -1.32716 -0.23683 -0 40
69 92 41 1.5435 1.4433 -113.874 -117.532 -1.32716 -0.23683 -0 40
69 103 42 1.4857 1.444 -115.058 -113.168 -1.33916 -0.31483 -0 40
69 102 43 1.5169 1.5186 -107.288 -106.812 -1.41116 -0.44683 -0 40
69 92 44 1.5757 1.4433 -102.438 -117.532 -1.32716 -0.23683 -0 40
69 92 45 1.551 1.4433 -108.517 -117.532 -1.32716 -0.23683 -0 40
69 92 46 1.5863 1.4433 -102.068 -117.532 -1.32716 -0.23683 -0 40
69 112 47 1.6022 1.6289 -110.257 -111.57 -1.51316 -0.38683 -0 40
69 93 48 1.4833 1.4433 -110.343 -117.532 -1.32716 -0.23683 -0 40
69 92 49 1.5467 1.4433 -105.678 -117.532 -1.32716 -0.23683 -0 40
103 92 0 1.5617 1.4433 -107.431 -117.532 -1.32716 -0.23683 -0 40
103 101 1 1.5398 1.5261 -105.565 -105.927 -1.41716 -0.46483 -0 40
103 93 2 1.5525 1.4433 -101.619 -117.532 -1.32716 -0.23683 -0 40
103 92 3 1.5101 1.4433 -110.584 -117.532 -1.32716 -0.23683 -0 40
103 107 4 1.5038 1.5083 -113.308 -112.952 -1.39916 -0.33283 -0 40
103 116 5 1.5142 1.5133 -111.85 -112.035 -1.40516 -0.35083 -0 40
103 96 6 1.492 1.4992 -107.659 -106.829 -1.39316 -0.44083 -1 40
103 102 7 1.5227 1.5387 -114.628 -114.895 -1.42316 -0.30283 -0 40
103 113 8 1.488 1.482 -101.246 -100.507 -1.36316 -0.54283 -1 40
103 109 9 1.5027 1.5056 -107.798 -106.935 -1.39916 -0.44083 -1 40
103 107 10 1.5684 1.5636 -114.033 -114.527 -1.44716 -0.31483 -0 40
103 97 11 1.5589 1.5554 -113.232 -113.813 -1.44116 -0.32683 -0 40
103 114 12 1.5913 1.6167 -111.8 -112.033 -1.50116 -0.37483 -1 40
103 92 13 1.5245 1.4433 -109.05 -117.532 -1.32716 -0.23683 -0 40
103 92 14 1.5197 1.4433 -108.903 -117.532 -1.32716 -0.23683 -0 40
103 93 15 1.475 1.4433 -109.951 -117.532 -1.32716 -0.23683 -0 40
103 96 16 1.5842 1.6136 -102.668 -104.14 -1.49516 -0.52483 -1 40
103 93 17 1.55 1.4433 -104.991 -117.532 -1.32716 -0.23683 -0 40
103 94 18 1.5542 1.4433 -110.206 -117.532 -1.32716 -0.23683 -0 40
103 109 19 1.4905 1.5006 -112.093 -112.203 -1.39316 -0.34483 -0 40
103 110 20 1.4907 1.5001 -111.497 -111.868 -1.39316 -0.35083 -0 40
103 103 21 1.4988 1.5063 -110.799 -111.618 -1.39916 -0.35683 -0 40
103 93 22 1.5193 1.4433 -102.216 -117.532 -1.32716 -0.23683 -0 40
103 91 23 1.4788 1.4433 -107.865 -117.532 -1.32716 -0.23683 -0 40
103 97 24 1.5458 1.5456 -102.909 -102.886 -1.42916 -0.52483 -0 40
103 97 25 1.5812 1.6129 -103.071 -104.451 -1.49516 -0.51883 -1 40
103 94 26 1.5725 1.5902 -105.682 -106.332 -1.47716 -0.47683 -0 40
103 94 27 1.5514 1.4433 -109.852 -117.532 -1.32716 -0.23683 -0 40
103 109 28 1.5727 1.5721 -100.649 -99.295 -1.44116 -0.59683 -0 40
103 93 29 1.5619 1.4433 -100.788 -117.532 -1.32716 -0.23683 -0 40
103 97 30 1.4835 1.5001 -111.065 -111.868 -1.39316 -0.35083 -0 40
103 94 31 1.5506 1.4433 -109.343 -117.532 -1.32716 -0.23683 -0 40
103 92 32 1.5535 1.4433 -104.466 -117.532 -1.32716 -0.23683 -0 40
103 92 33 1.554 1.4433 -104.85 -117.532 -1.32716 -0.23683 -0 40
103 92 34 1.5903 1.6144 -102.051 -103.829 -1.49516 -0.53083 -0 40
103 93 35 1.5379 1.4433 -101.112 -117.532 -1.32716 -0.23683 -0 40
103 92 36 1.5463 1.4433 -103.596 -117.532 -1.32716 -0.23683 -0 40
103 92 37 1.5385 1.4433 -102.177 -117.532 -1.32716 -0.23683 -0 40
103 99 38 1.597 1.6237 -112.986 -112.42 -1.50716 -0.36883 -0 40
103 92 39 1.515 1.4433 -110.769 -117.532 -1.32716 -0.23683 -0 40
103 117 40 1.5148 1.5143 -112.983 -112.699 -1.40516 -0.33883 -0 40
103 94 41 1.5501 1.4433 -109.37 -117.532 -1.32716 -0.23683 -0 40
103 106 42 1.4923 1.4434 -114.275 -112.82 -1.33916 -0.32083 -0 40
103 107 43 1.579 1.5895 -106.999 -106.965 -1.47716 -0.46483 -0 40
103 113 44 1.5389 1.5311 -108.197 -107.349 -1.42316 -0.44083 -0 40
103 102 45 1.5583 1.5554 -113.391 -113.813 -1.44116 -0.32683 -0 40
103 92 46 1.5819 1.4433 -112.799 -117.532 -1.32716 -0.23683 -0 40
103 116 47 1.4792 1.4494 -112.468 -112.557 -1.34516 -0.32683 -1 40
103 92 48 1.5271 1.4433 -111.179 -117.532 -1.32716 -0.23683 -0 40
103 93 49 1.513 1.4433 -102.929 -117.532 -1.32716 -0.23683 -1 40
138 158 0 1.5369 1.5313 -107.243 -107.02 -1.42316 -0.44683 -1 40
138 153 1 1.5246 1.5198 -105.283 -105.819 -1.41116 -0.46483 -1 40
138 150 2 1.5381 1.5317 -106.399 -106.692 -1.42316 -0.45283 -1 40
138 138 3 1.4745 1.4765 -104.306 -104.693 -1.36916 -0.47083 -1 40
138 139 4 1.5698 1.5636 -114.138 -114.527 -1.44716 -0.31483 -1 40
138 170 5 1.51 1.5123 -106.999 -106.707 -1.40516 -0.44683 -1 40
138 154 6 1.5982 1.5962 -107.047 -106.749 -1.48316 -0.47083 -1 40
138 152 7 1.5088 1.5077 -112.644 -112.619 -1.39916 -0.33883 -1 40
138 105 8 1.581 1.5751 -101.816 -101.763 -1.45316 -0.55483 -1 40
138 158 9 1.5973 1.6162 -111.342 -111.722 -1.50116 -0.38083 -1 40
138 107 10 1.5156 1.5329 -115.052 -115.153 -1.41716 -0.29683 -0 40
138 120 11 1.5685 1.5659 -102.761 -102.599 -1.44716 -0.53683 -1 40
138 120 12 1.6026 1.6285 -109.246 -111.261 -1.51316 -0.39283 -1 40
138 112 13 1.5533 1.5499 -109.051 -108.301 -1.44116 -0.42883 -1 40
138 151 14 1.5197 1.5143 -112.873 -112.699 -1.40516 -0.33883 -1 40
138 130 15 1.553 1.5441 -107.025 -107.225 -1.43516 -0.44683 -1 40
138 135 16 1.4948 1.4992 -107.51 -106.829 -1.39316 -0.44083 -1 40
138 160 17 1.5084 1.5078 -104.962 -105.266 -1.39916 -0.47083 -1 40
138 160 18 1.5995 1.6158 -110.765 -111.411 -1.50116 -0.38683 -1 40
138 147 19 1.4969 1.5001 -111.575 -111.868 -1.39316 -0.35083 -1 40
138 95 20 1.5096 1.5053 -109.858 -110.615 -1.39916 -0.37483 -0 40
138 158 21 1.5944 1.6033 -105.948 -106.221 -1.48916 -0.48283 -1 40
138 146 22 1.5438 1.5317 -106.846 -106.692 -1.42316 -0.45283 -1 40
138 131 23 1.5517 1.5527 -102.675 -102.682 -1.43516 -0.53083 -1 40
138 132 24 1.5018 1.5053 -107.905 -107.269 -1.39916 -0.43483 -1 40
138 121 25 1.5616 1.5608 -102.053 -102.159 -1.44116 -0.54283 -1 40
138 155 26 1.56 1.557 -114.316 -114.457 -1.44116 -0.31483 -1 40
138 113 27 1.5006 1.5043 -103.153 -103.817 -1.39316 -0.49483 -1 40
138 163 28 1.5451 1.5521 -114.619 -115.033 -1.43516 -0.30283 -1 40
138 133 29 1.4994 1.5063 -110.802 -111.618 -1.39916 -0.35683 -0 40
138 94 30 1.5449 1.4433 -109.911 -117.532 -1.32716 -0.23683 -0 40
138 146 31 1.5153 1.5146 -104.575 -105.046 -1.40516 -0.47683 -1 40
138 146 32 1.5138 1.5149 -113.334 -113.031 -1.40516 -0.33283 -0 40
138 149 33 1.4824 1.4879 -105.565 -105.6 -1.38116 -0.45883 -1 40
138 111 34 1.5677 1.5632 -103.925 -103.559 -1.44716 -0.51883 -0 40
138 109 35 1.562 1.5627 -109.115 -108.815 -1.45316 -0.42283 -1 40
138 125 36 1.5026 1.4929 -101.631 -101.106 -1.37516 -0.53683 -1 40
138 135 37 1.5771 1.5898 -106.047 -106.649 -1.47716 -0.47083 -1 40
138 105 38 1.5826 1.5812 -101.846 -101.884 -1.45916 -0.55483 -1 40
138 152 39 1.5093 1.5067 -111.942 -111.952 -1.39916 -0.35083 -1 40
138 113 40 1.5582 1.5637 -106.511 -106.882 -1.45316 -0.45883 -1 40
138 111 41 1.5702 1.5715 -112.05 -112.114 -1.45916 -0.36283 -1 40
138 115 42 1.519 1.5329 -115.088 -115.153 -1.41716 -0.29683 -0 40
138 121 43 1.5258 1.5194 -111.285 -111.787 -1.41116 -0.35683 -0 40
138 126 44 1.54 1.5395 -102.551 -102.766 -1.42316 -0.52483 -1 40
138 98 45 1.5571 1.5641 -111.226 -111.391 -1.45316 -0.37483 -1 40
138 125 46 1.5627 1.563 -107.953 -107.848 -1.45316 -0.44083 -1 40
138 110 47 1.5588 1.5641 -101.01 -101.2 -1.44116 -0.56083 -0 40
138 141 48 1.4892 1.4933 -106.892 -106.385 -1.38716 -0.44683 -1 40
138 119 49 1.5154 1.5245 -114.504 -114.427 -1.41116 -0.30883 -1 40
172 151 0 1.5894 1.5913 -112.579 -112.35 -1.47716 -0.36283 -1 40
172 139 1 1.5713 1.5692 -109.321 -109.229 -1.45916 -0.41683 -1 40
172 130 2 1.5441 1.5509 -100.727 -101.271 -1.42916 -0.55483 -1 40
172 136 3 1.5457 1.5462 -111.872 -112.441 -1.43516 -0.35083 -1 40
172 160 4 1.5486 1.5476 -102.227 -102.239 -1.42916 -0.53683 -1 40
172 179 5 1.4988 1.4907 -100.354 -99.971 -1.36916 -0.55483 -1 40
172 172 6 1.4815 1.4827 -104.371 -104.81 -1.37516 -0.47083 -1 40
172 157 7 1.4822 1.4841 -103.677 -104.133 -1.37516 -0.48283 -1 40
172 150 8 1.5792 1.5928 -104.409 -104.753 -1.47716 -0.50683 -1 40
172 176 9 1.5348 1.5348 -112.898 -113.263 -1.42316 -0.33283 -1 40
172 187 10 1.5991 1.6158 -110.839 -111.411 -1.50116 -0.38683 -1 40
172 187 11 1.4794 1.482 -100.578 -100.507 -1.36316 -0.54283 -1 40
172 155 12 1.5905 1.5887 -108.604 -108.233 -1.47716 -0.44083 -1 40
172 157 13 1.5783 1.5906 -105.35 -106.016 -1.47716 -0.48283 -1 40
172 162 14 1.5351 1.5266 -105.277 -105.598 -1.41716 -0.47083 -1 40
172 135 15 1.5361 1.5325 -111.438 -111.953 -1.42316 -0.35683 -1 40
172 158 16 1.4922 1.4897 -113.575 -113.386 -1.38116 -0.32083 -1 40
172 130 17 1.5141 1.5262 -115.2 -115.084 -1.41116 -0.29683 -1 40
172 179 18 1.4994 1.4907 -100.317 -99.971 -1.36916 -0.55483 -1 40
172 170 19 1.4968 1.4997 -110.966 -111.532 -1.39316 -0.35683 -1 40
172 189 20 1.5504 1.5503 -114.023 -114.387 -1.43516 -0.31483 -1 40
172 120 21 1.6019 1.5912 -115.248 -115.116 -1.47116 -0.30883 -1 40
172 134 22 1.5552 1.5589 -111.921 -112.276 -1.44716 -0.35683 -1 40
172 135 23 1.5432 1.537 -109.237 -108.433 -1.42916 -0.42283 -1 40
172 165 24 1.572 1.5753 -100.605 -100.056 -1.44716 -0.58483 -1 40
172 145 25 1.5624 1.557 -103.995 -103.444 -1.44116 -0.51883 -1 40
172 150 26 1.5045 1.5043 -103.37 -103.817 -1.39316 -0.49483 -1 40
172 154 27 1.5442 1.5325 -105.869 -106.035 -1.42316 -0.46483 -1 40
172 121 28 1.5576 1.5547 -104.877 -104.411 -1.44116 -0.50083 -1 40
172 140 29 1.5628 1.565 -112.005 -112.034 -1.45316 -0.36283 -1 40
172 166 30 1.5873 1.6012 -103.474 -103.92 -1.48316 -0.52483 -1 40
172 196 31 1.5228 1.5198 -105.647 -105.819 -1.41116 -0.46483 -1 40
172 185 32 1.5321 1.5247 -107.916 -107.247 -1.41716 -0.44083 -1 40
172 139 33 1.4858 1.4866 -102.919 -103.12 -1.37516 -0.50083 -1 40
172 173 34 1.4776 1.4692 -112.714 -112.806 -1.36316 -0.32683 -1 40
172 129 35 1.4837 1.4855 -108.235 -107.97 -1.38116 -0.41683 -1 40
172 145 36 1.5562 1.5499 -108.989 -108.301 -1.44116 -0.42883 -1 40
172 157 37 1.5059 1.5053 -108.171 -107.269 -1.39916 -0.43483 -1 40
172 119 38 1.5173 1.5176 -109.234 -108.471 -1.41116 -0.41683 -1 40
172 176 39 1.4752 1.4759 -105.069 -105.033 -1.36916 -0.46483 -1 40
172 146 40 1.5358 1.5298 -104.171 -103.955 -1.41716 -0.50083 -1 40
172 160 41 1.5374 1.5395 -102.556 -102.766 -1.42316 -0.52483 -1 40
172 147 42 1.5351 1.5414 -101.711 -102.117 -1.42316 -0.53683 -1 40
172 154 43 1.5601 1.554 -113.071 -113.167 -1.44116 -0.33883 -1 40
172 143 44 1.5696 1.5666 -112.898 -112.997 -1.45316 -0.34483 -1 40
172 138 45 1.5511 1.5492 -104.391 -103.974 -1.43516 -0.50683 -1 40
172 142 46 1.5128 1.505 -101.47 -101.365 -1.38716 -0.53683 -1 40
172 168 47 1.5104 1.5117 -108.099 -107.373 -1.40516 -0.43483 -1 40
172 207 48 1.5077 1.5126 -106.318 -106.374 -1.40516 -0.45283 -1 40
172 146 49 1.57 1.5691 -101.69 -101.642 -1.44716 -0.55483 -1 40
206 161 0 1.4926 1.4787 -115.083 -114.247 -1.36916 -0.30283 -1 40
206 216 1 1.536 1.5463 -115.235 -115.288 -1.42916 -0.29683 -1 40
206 224 2 1.5006 1.5059 -106.912 -106.601 -1.39916 -0.44683 -1 40
206 217 3 1.473 1.4626 -112.828 -112.723 -1.35716 -0.32683 -1 40
206 195 4 1.5724 1.5695 -114.049 -114.278 -1.45316 -0.32083 -1 40
206 235 5 1.5104 1.5123 -107.036 -106.707 -1.40516 -0.44683 -1 40
206 169 6 1.542 1.534 -105.119 -105.052 -1.42316 -0.48283 -1 40
206 197 7 1.5255 1.532 -114.926 -114.826 -1.41716 -0.30283 -1 40
206 202 8 1.4937 1.4868 -101.351 -100.975 -1.36916 -0.53683 -1 40
206 213 9 1.5918 1.5997 -104.494 -104.547 -1.48316 -0.51283 -1 40
206 225 10 1.507 1.5078 -104.862 -105.266 -1.39916 -0.47083 -1 40
206 201 11 1.4858 1.4896 -104.096 -104.588 -1.38116 -0.47683 -1 40
206 172 12 1.5383 1.5425 -101.269 -101.793 -1.42316 -0.54283 -1 40
206 162 13 1.5342 1.5364 -101.043 -101.669 -1.41716 -0.54283 -1 40
206 180 14 1.5557 1.5569 -101.227 -101.396 -1.43516 -0.55483 -1 40
206 208 15 1.528 1.5378 -114.484 -114.57 -1.42316 -0.30883 -1 40
206 207 16 1.5777 1.5831 -106.656 -106.865 -1.47116 -0.46483 -1 40
206 192 17 1.5154 1.517 -114.186 -114.024 -1.40516 -0.31483 -1 40
206 207 18 1.5399 1.5414 -113.024 -113.34 -1.42916 -0.33283 -1 40
206 217 19 1.5405 1.5377 -107.134 -107.123 -1.42916 -0.44683 -1 40
206 196 20 1.5187 1.5159 -104.235 -104.383 -1.40516 -0.48883 -1 40
206 217 21 1.4902 1.4952 -104.762 -105.04 -1.38716 -0.47083 -1 40
206 213 22 1.5189 1.5181 -108.001 -107.475 -1.41116 -0.43483 -1 40
206 205 23 1.4934 1.4881 -101.271 -100.64 -1.36916 -0.54283 -1 40
206 213 24 1.5611 1.5561 -114.018 -114.135 -1.44116 -0.32083 -1 40
206 183 25 1.4885 1.4779 -114.464 -113.907 -1.36916 -0.30883 -1 40
206 207 26 1.4769 1.4765 -104.674 -104.693 -1.36916 -0.47083 -1 40
206 198 27 1.5456 1.5436 -108.31 -107.877 -1.43516 -0.43483 -1 40
206 220 28 1.6037 1.6155 -110.524 -111.099 -1.50116 -0.39283 -1 40
206 164 29 1.6019 1.6063 -113.758 -113.442 -1.48916 -0.34483 -1 40
206 162 30 1.6001 1.5997 -113.723 -113.37 -1.48316 -0.34483 -1 40
206 201 31 1.4854 1.4879 -112.28 -112.373 -1.38116 -0.33883 -1 40
206 178 32 1.5761 1.5764 -103.695 -103.469 -1.45916 -0.52483 -1 40
206 215 33 1.5972 1.6096 -111.464 -111.643 -1.49516 -0.38083 -1 40
206 185 34 1.599 1.5952 -108.533 -108.011 -1.48316 -0.44683 -1 40
206 210 35 1.4814 1.4874 -105.877 -105.938 -1.38116 -0.45283 -1 40
206 200 36 1.5758 1.576 -107.8 -107.722 -1.46516 -0.44683 -1 40
206 196 37 1.5477 1.5474 -112.843 -113.091 -1.43516 -0.33883 -1 40
206 233 38 1.4971 1.5004 -105.563 -105.823 -1.39316 -0.45883 -1 40
206 187 39 1.5859 1.5905 -102.831 -103.066 -1.47116 -0.53683 -1 40
206 230 40 1.5226 1.5183 -107.457 -107.144 -1.41116 -0.44083 -1 40
206 181 41 1.546 1.5388 -105.909 -106.142 -1.42916 -0.46483 -1 40
206 176 42 1.5616 1.5594 -112.487 -112.599 -1.44716 -0.35083 -1 40
206 173 43 1.5007 1.5007 -102.724 -102.696 -1.38716 -0.51283 -1 40
206 183 44 1.507 1.5055 -110.461 -110.949 -1.39916 -0.36883 -1 40
206 188 45 1.5016 1.4929 -101.674 -101.106 -1.37516 -0.53683 -1 40
206 241 46 1.522 1.519 -106.374 -106.481 -1.41116 -0.45283 -1 40
206 164 47 1.5629 1.5712 -105.636 -106.022 -1.45916 -0.47683 -1 40
206 233 48 1.5022 1.5059 -106.659 -106.601 -1.39916 -0.44683 -1 40
206 154 49 1.5207 1.5183 -110.382 -110.793 -1.41116 -0.37483 -1 40
241 191 0 1.546 1.5452 -111.529 -111.79 -1.43516 -0.36283 -1 40
241 195 1 1.5937 1.5895 -101.443 -101.375 -1.46516 -0.56683 -1 40
241 190 2 1.5622 1.5712 -105.511 -106.022 -1.45916 -0.47683 -1 40
241 204 3 1.495 1.4985 -108.214 -107.837 -1.39316 -0.42283 -1 40
241 267 4 1.5518 1.5512 -114.672 -114.71 -1.43516 -0.30883 -1 40
241 228 5 1.5839 1.5896 -110.987 -111.085 -1.47716 -0.38683 -1 40
241 210 6 1.567 1.566 -112.549 -112.676 -1.45316 -0.35083 -1 40
241 205 7 1.4774 1.4862 -110.562 -111.02 -1.38116 -0.36283 -1 40
241 240 8 1.5024 1.5017 -113.227 -112.872 -1.39316 -0.33283 -1 40
241 214 9 1.5182 1.5201 -102.571 -102.731 -1.40516 -0.51883 -1 40
241 198 10 1.5502 1.5518 -111.758 -111.872 -1.44116 -0.36283 -1 40
241 208 11 1.5549 1.5528 -112.295 -112.52 -1.44116 -0.35083 -1 40
241 190 12 1.5162 1.5118 -110.236 -110.704 -1.40516 -0.37483 -1 40
241 235 13 1.6009 1.6086 -110.248 -110.705 -1.49516 -0.39883 -1 40
241 212 14 1.5036 1.5037 -114.194 -113.875 -1.39316 -0.31483 -1 40
241 224 15 1.4984 1.5035 -103.718 -104.15 -1.39316 -0.48883 -1 40
241 213 16 1.4811 1.4849 -103.371 -103.795 -1.37516 -0.48883 -1 40
241 200 17 1.5178 1.5122 -101.196 -101.163 -1.39316 -0.54283 -1 40
241 194 18 1.6002 1.5932 -100.899 -100.435 -1.46516 -0.58483 -1 40
241 257 19 1.5119 1.5141 -104.976 -105.377 -1.40516 -0.47083 -1 40
241 260 20 1.5176 1.5183 -107.548 -107.144 -1.41116 -0.44083 -1 40
241 245 21 1.5176 1.5133 -111.842 -112.035 -1.40516 -0.35083 -1 40
241 220 22 1.5691 1.5659 -102.635 -102.599 -1.44716 -0.53683 -1 40
241 252 23 1.524 1.5244 -107.865 -107.577 -1.41716 -0.43483 -1 40
241 228 24 1.5574 1.5568 -107.354 -107.426 -1.44716 -0.44683 -1 40
241 210 25 1.5387 1.5361 -104.361 -104.07 -1.42316 -0.50083 -1 40
241 242 26 1.5241 1.5229 -113.939 -113.769 -1.41116 -0.32083 -1 40
241 208 27 1.5856 1.5887 -109.61 -109.818 -1.47716 -0.41083 -1 40
241 229 28 1.5583 1.5566 -107.702 -107.75 -1.44716 -0.44083 -1 40
241 227 29 1.5607 1.5566 -107.822 -107.75 -1.44716 -0.44083 -1 40
241 207 30 1.5653 1.5624 -104.038 -103.88 -1.44716 -0.51283 -1 40
241 202 31 1.5838 1.5812 -113.741 -113.783 -1.46516 -0.33283 -1 40
241 203 32 1.5873 1.5828 -114.419 -114.417 -1.46516 -0.32083 -1 40
241 211 33 1.5584 1.5581 -101.013 -101.075 -1.43516 -0.56083 -1 40
241 219 34 1.5073 1.5051 -108.24 -107.604 -1.39916 -0.42883 -1 40
241 228 35 1.4754 1.4739 -106.513 -106.397 -1.36916 -0.44083 -1 40
241 225 36 1.544 1.5466 -102.16 -102.562 -1.42916 -0.53083 -1 40
241 200 37 1.5988 1.5997 -113.548 -113.37 -1.48316 -0.34483 -1 40
241 270 38 1.5554 1.5587 -114.964 -115.101 -1.44116 -0.30283 -1 40
241 271 39 1.5589 1.5587 -115.039 -115.101 -1.44116 -0.30283 -1 40
241 252 40 1.5346 1.537 -114.103 -114.244 -1.42316 -0.31483 -1 40
241 215 41 1.5728 1.5777 -111.734 -111.875 -1.46516 -0.36883 -1 40
241 222 42 1.5293 1.5315 -103.248 -103.3 -1.41716 -0.51283 -1 40
241 211 43 1.5785 1.581 -104.116 -104.217 -1.46516 -0.51283 -1 40
241 233 44 1.5716 1.5695 -114.244 -114.278 -1.45316 -0.32083 -1 40
241 238 45 1.4932 1.4951 -112.876 -112.792 -1.38716 -0.33283 -1 40
241 206 46 1.4857 1.4823 -102.546 -102.321 -1.36916 -0.51283 -1 40
241 182 47 1.5402 1.5383 -111.173 -111.381 -1.42916 -0.36883 -1 40
241 234 48 1.4806 1.4712 -114.2 -113.83 -1.36316 -0.30883 -1 40
241 207 49 1.4972 1.4989 -103.019 -103.363 -1.38716 -0.50083 -1 40
275 263 0 1.5394 1.5402 -112.535 -112.688 -1.42916 -0.34483 -1 40
275 244 1 1.5652 1.5655 -112.35 -112.355 -1.45316 -0.35683 -1 40
275 310 2 1.5107 1.5126 -106.468 -106.374 -1.40516 -0.45283 -1 40
275 238 3 1.5955 1.5872 -100.835 -100.309 -1.45916 -0.58483 -1 40
275 304 4 1.5162 1.5135 -105.722 -105.71 -1.40516 -0.46483 -1 40
275 234 5 1.558 1.5578 -106.121 -106.457 -1.44716 -0.46483 -1 40
275 263 6 1.5447 1.5466 -102.299 -102.562 -1.42916 -0.53083 -1 40
275 243 7 1.5962 1.5886 -100.702 -99.996 -1.45916 -0.59083 -1 40
275 291 8 1.5447 1.5436 -114.168 -114.315 -1.42916 -0.31483 -1 40
275 271 9 1.5445 1.538 -106.687 -106.796 -1.42916 -0.45283 -1 40
275 230 10 1.4905 1.4862 -114.97 -114.659 -1.37516 -0.29683 -1 40
275 271 11 1.4881 1.4929 -106.838 -106.722 -1.38716 -0.44083 -1 40
275 249 12 1.5143 1.5174 -103.4 -103.721 -1.40516 -0.50083 -1 40
275 249 13 1.5798 1.5787 -100.984 -100.814 -1.45316 -0.57283 -1 40
275 281 14 1.5098 1.5117 -107.663 -107.373 -1.40516 -0.43483 -1 40
275 226 15 1.4724 1.4727 -107.988 -107.764 -1.36916 -0.41683 -1 40
275 299 16 1.5061 1.5072 -105.225 -105.599 -1.39916 -0.46483 -1 40
275 287 17 1.5073 1.5077 -112.727 -112.619 -1.39916 -0.33883 -1 40
275 268 18 1.5815 1.5902 -105.961 -106.332 -1.47716 -0.47683 -1 40
275 293 19 1.5359 1.5313 -107.067 -107.02 -1.42316 -0.44683 -1 40
275 281 20 1.4888 1.489 -104.697 -104.925 -1.38116 -0.47083 -1 40
275 246 21 1.5705 1.5769 -111.206 -111.237 -1.46516 -0.38083 -1 40
275 269 22 1.5731 1.5762 -107.231 -107.403 -1.46516 -0.45283 -1 40
275 240 23 1.5581 1.5563 -109.196 -109.044 -1.44716 -0.41683 -1 40
275 270 24 1.5735 1.5753 -100.439 -100.056 -1.44716 -0.58483 -1 40
275 209 25 1.5413 1.5445 -110.859 -111.139 -1.43516 -0.37483 -1 40
275 242 26 1.568 1.566 -112.526 -112.676 -1.45316 -0.35083 -1 40
275 281 27 1.4968 1.4992 -107.045 -106.829 -1.39316 -0.44083 -1 40
275 296 28 1.5997 1.6067 -104.149 -104.342 -1.48916 -0.51883 -1 40
275 239 29 1.5793 1.5746 -113.61 -113.711 -1.45916 -0.33283 -1 40
275 248 30 1.5526 1.5558 -101.42 -101.717 -1.43516 -0.54883 -1 40
275 283 31 1.5245 1.5215 -113.3 -113.109 -1.41116 -0.33283 -1 40
275 242 32 1.5423 1.543 -104.209 -103.86 -1.42916 -0.50683 -1 40
275 227 33 1.5689 1.5734 -104.657 -104.744 -1.45916 -0.50083 -1 40
275 264 34 1.5823 1.5779 -115.031 -114.983 -1.45916 -0.30883 -1 40
275 272 35 1.5119 1.509 -104.381 -104.6 -1.39916 -0.48283 -1 40
275 277 36 1.5591 1.5561 -113.863 -114.135 -1.44116 -0.32083 -1 40
275 208 37 1.5379 1.5379 -110.865 -111.054 -1.42916 -0.37483 -1 40
275 242 38 1.5624 1.566 -112.457 -112.676 -1.45316 -0.35083 -1 40
275 248 39 1.5801 1.5873 -104.1 -104.328 -1.47116 -0.51283 -1 40
275 263 40 1.5443 1.5447 -103.149 -103.21 -1.42916 -0.51883 -1 40
275 204 41 1.5353 1.5379 -110.692 -111.054 -1.42916 -0.37483 -1 40
275 256 42 1.5821 1.577 -114.684 -114.666 -1.45916 -0.31483 -1 40
275 270 43 1.5278 1.5264 -112.099 -112.199 -1.41716 -0.35083 -1 40
275 216 44 1.5385 1.54 -100.52 -100.696 -1.41716 -0.56083 -1 40
275 279 45 1.5546 1.5561 -113.769 -114.135 -1.44116 -0.32083 -1 40
275 231 46 1.5453 1.5416 -104.695 -104.51 -1.42916 -0.49483 -1 40
275 304 47 1.5539 1.5521 -115.015 -115.033 -1.43516 -0.30283 -1 40
275 235 48 1.498 1.4983 -108.391 -108.173 -1.39316 -0.41683 -1 40
275 234 49 1.4952 1.4985 -109.757 -110.189 -1.39316 -0.38083 -1 40
310 314 0 1.5194 1.5222 -113.466 -113.439 -1.41116 -0.32683 -1 40
310 292 1 1.5317 1.5324 -102.826 -102.973 -1.41716 -0.51883 -1 40
310 340 2 1.5171 1.5131 -105.959 -106.042 -1.40516 -0.45883 -1 40
310 315 3 1.4848 1.4884 -104.969 -105.263 -1.38116 -0.46483 -1 41
310 321 4 1.4782 1.4774 -100.297 -100.035 -1.35716 -0.54883 -1 41
310 263 5 1.5404 1.5387 -111.628 -111.708 -1.42916 -0.36283 -1 40
310 291 6 1.5526 1.5547 -101.91 -102.038 -1.43516 -0.54283 -1 40
310 273 7 1.4775 1.4795 -103.066 -103.335 -1.36916 -0.49483 -1 41
310 323 8 1.5976 1.606 -104.486 -104.655 -1.48916 -0.51283 -1 41
310 298 9 1.5236 1.5245 -114.525 -114.427 -1.41116 -0.30883 -1 41
310 304 10 1.4765 1.4712 -114.134 -113.83 -1.36316 -0.30883 -1 40
310 250 11 1.5393 1.54 -100.557 -100.696 -1.41716 -0.56083 -1 40
310 319 12 1.5349 1.5387 -114.824 -114.895 -1.42316 -0.30283 -1 41
310 276 13 1.5712 1.5732 -113.002 -113.073 -1.45916 -0.34483 -1 40
310 261 14 1.5509 1.5498 -109.503 -109.275 -1.44116 -0.41083 -1 40
310 325 15 1.535 1.5313 -106.904 -107.02 -1.42316 -0.44683 -1 40
310 296 16 1.5742 1.5695 -114.226 -114.278 -1.45316 -0.32083 -1 40
310 273 17 1.5316 1.5305 -108.903 -108.336 -1.42316 -0.42283 -1 40
310 310 18 1.4911 1.494 -111.944 -112.119 -1.38716 -0.34483 -1 40
310 281 19 1.487 1.4834 -102.222 -101.984 -1.36916 -0.51883 -1 41
310 270 20 1.4766 1.4732 -107.48 -107.08 -1.36916 -0.42883 -1 40
310 251 21 1.4807 1.4789 -108.689 -108.548 -1.37516 -0.40483 -1 40
310 302 22 1.4832 1.4825 -112.964 -112.968 -1.37516 -0.32683 -1 41
310 284 23 1.5198 1.5192 -103.132 -103.061 -1.40516 -0.51283 -1 40
310 337 24 1.6044 1.6116 -104.869 -105.074 -1.49516 -0.50683 -1 41
310 299 25 1.5194 1.5194 -111.445 -111.787 -1.41116 -0.35683 -1 40
310 281 26 1.4847 1.4928 -110.556 -111.109 -1.38716 -0.36283 -1 40
310 303 27 1.5467 1.5444 -106.867 -106.899 -1.43516 -0.45283 -1 40
310 255 28 1.5482 1.5514 -111.271 -111.548 -1.44116 -0.36883 -1 40
310 287 29 1.5863 1.5821 -108.597 -108.456 -1.47116 -0.43483 -1 40
310 277 30 1.5773 1.581 -104.057 -104.217 -1.46516 -0.51283 -1 41
310 303 31 1.5781 1.5712 -114.824 -114.916 -1.45316 -0.30883 -1 40
310 287 32 1.5448 1.5438 -103.803 -103.535 -1.42916 -0.51283 -1 40
310 280 33 1.5113 1.513 -102.958 -102.94 -1.39916 -0.51283 -1 40
310 282 34 1.5793 1.5826 -103.378 -103.583 -1.46516 -0.52483 -1 41
310 297 35 1.5736 1.576 -107.895 -107.722 -1.46516 -0.44683 -1 40
310 277 36 1.548 1.5497 -101.271 -101.593 -1.42916 -0.54883 -1 40
310 288 37 1.5643 1.5606 -113.271 -113.243 -1.44716 -0.33883 -1 40
310 322 38 1.5371 1.5313 -107.018 -107.02 -1.42316 -0.44683 -1 40
310 268 39 1.504 1.5048 -108.551 -108.273 -1.39916 -0.41683 -1 40
310 286 40 1.5882 1.5788 -115.262 -115.3 -1.45916 -0.30283 -1 40
310 301 41 1.4864 1.4879 -112.144 -112.373 -1.38116 -0.33883 -1 40
310 310 42 1.4925 1.4935 -111.731 -111.783 -1.38716 -0.35083 -1 40
310 283 43 1.5475 1.5462 -112.367 -112.441 -1.43516 -0.35083 -1 40
310 282 44 1.5901 1.5886 -108.824 -108.55 -1.47716 -0.43483 -1 41
310 282 45 1.595 1.5984 -112.776 -112.741 -1.48316 -0.35683 -1 40
310 272 46 1.5506 1.5521 -100.939 -100.95 -1.42916 -0.56083 -1 40
310 318 47 1.5284 1.5288 -113.484 -113.515 -1.41716 -0.32683 -1 40
310 294 48 1.5685 1.5698 -107.072 -107.304 -1.45916 -0.45283 -1 40
310 262 49 1.4736 1.4797 -110.714 -110.931 -1.37516 -0.36283 -1 40
344 317 0 1.4882 1.4845 -114.28 -113.984 -1.37516 -0.30883 -1 41
344 319 1 1.5741 1.5765 -110.803 -110.917 -1.46516 -0.38683 -1 40
344 325 2 1.5834 1.5916 -105.156 -105.384 -1.47716 -0.49483 -1 41
344 300 3 1.5864 1.582 -114.03 -114.101 -1.46516 -0.32683 -1 41
344 305 4 1.5306 1.5255 -111.397 -111.54 -1.41716 -0.36283 -1 40
344 311 5 1.4794 1.4795 -107.338 -107.187 -1.37516 -0.42883 -1 41
344 356 6 1.5666 1.5645 -114.654 -114.848 -1.44716 -0.30883 -1 41
344 304 7 1.5422 1.5423 -104.431 -104.185 -1.42916 -0.50083 -1 41
344 315 8 1.516 1.5192 -103.076 -103.061 -1.40516 -0.51283 -1 41
344 351 9 1.4976 1.5015 -104.7 -105.153 -1.39316 -0.47083 -1 41
344 351 10 1.5298 1.5281 -113.147 -113.187 -1.41716 -0.33283 -1 41
344 322 11 1.4803 1.487 -111.387 -111.697 -1.38116 -0.35083 -1 41
344 332 12 1.5862 1.59 -111.287 -111.401 -1.47716 -0.38083 -1 41
344 287 13 1.5623 1.5603 -104.863 -104.845 -1.44716 -0.49483 -1 41
344 352 14 1.4877 1.4937 -105.942 -106.049 -1.38716 -0.45283 -1 41
344 291 15 1.4976 1.4982 -109.225 -109.181 -1.39316 -0.39883 -1 40
344 297 16 1.5991 1.5995 -101.874 -102.24 -1.47716 -0.55483 -1 41
344 300 17 1.5863 1.5812 -113.817 -113.783 -1.46516 -0.33283 -1 40
344 264 18 1.5297 1.5309 -110.277 -110.31 -1.42316 -0.38683 -1 40
344 345 19 1.4807 1.4816 -105.482 -105.488 -1.37516 -0.45883 -1 41
344 353 20 1.5181 1.5143 -112.92 -112.699 -1.40516 -0.33883 -1 41
344 297 21 1.5428 1.5448 -100.872 -101.146 -1.42316 -0.55483 -1 40
344 317 22 1.5701 1.568 -101.926 -101.96 -1.44716 -0.54883 -1 41
344 336 23 1.5574 1.5547 -113.488 -113.49 -1.44116 -0.33283 -1 40
344 353 24 1.4932 1.4933 -106.479 -106.385 -1.38716 -0.44683 -1 41
344 302 25 1.5066 1.5048 -108.591 -108.273 -1.39916 -0.41683 -1 40
344 312 26 1.5761 1.5786 -112.565 -112.512 -1.46516 -0.35683 -1 40
344 341 27 1.5255 1.5198 -112.189 -112.118 -1.41116 -0.35083 -1 40
344 335 28 1.4885 1.4879 -112.552 -112.373 -1.38116 -0.33883 -1 41
344 337 29 1.5719 1.5693 -100.334 -99.928 -1.44116 -0.58483 -1 41
344 331 30 1.4888 1.4891 -113.291 -113.049 -1.38116 -0.32683 -1 41
344 287 31 1.5057 1.5047 -109.372 -109.277 -1.39916 -0.39883 -1 40
344 269 32 1.521 1.5176 -109.529 -109.134 -1.41116 -0.40483 -1 40
344 331 33 1.5036 1.5014 -100.513 -100.571 -1.38116 -0.54883 -1 41
344 335 34 1.5393 1.532 -106.165 -106.363 -1.42316 -0.45883 -1 41
344 319 35 1.5572 1.5534 -112.887 -112.844 -1.44116 -0.34483 -1 40
344 360 36 1.5041 1.5056 -107.068 -106.935 -1.39916 -0.44083 -1 40
344 309 37 1.5928 1.5872 -100.817 -100.309 -1.45916 -0.58483 -1 41
344 314 38 1.4983 1.4989 -103.243 -103.363 -1.38716 -0.50083 -1 41
344 342 39 1.5254 1.5303 -114.124 -114.171 -1.41716 -0.31483 -1 41
344 316 40 1.4783 1.4787 -103.474 -103.674 -1.36916 -0.48883 -1 41
344 369 41 1.5284 1.525 -106.903 -106.917 -1.41716 -0.44683 -1 40
344 316 42 1.4971 1.4971 -114.029 -113.799 -1.38716 -0.31483 -1 41
344 317 43 1.5899 1.5872 -100.691 -100.309 -1.45916 -0.58483 -1 41
344 340 44 1.488 1.4896 -104.318 -104.588 -1.38116 -0.47683 -1 41
344 319 45 1.5246 1.519 -111.447 -111.456 -1.41116 -0.36283 -1 40
344 327 46 1.557 1.5565 -108.288 -108.073 -1.44716 -0.43483 -1 40
344 322 47 1.5432 1.5476 -101.983 -102.239 -1.42916 -0.53683 -1 40
344 322 48 1.5643 1.5659 -102.39 -102.599 -1.44716 -0.53683 -1 40
344 304 49 1.5242 1.5186 -111.084 -111.124 -1.41116 -0.36883 -1 40
378 335 0 1.4793 1.4793 -107.748 -107.527 -1.37516 -0.42283 -1 41
378 334 1 1.5603 1.5628 -109.594 -109.459 -1.45316 -0.41083 -1 41
378 378 2 1.5684 1.5636 -114.399 -114.527 -1.44716 -0.31483 -1 41
378 343 3 1.5902 1.5887 -109.683 -109.818 -1.47716 -0.41083 -1 41
378 362 4 1.5764 1.5835 -106.224 -106.547 -1.47116 -0.47083 -1 41
378 345 5 1.5858 1.5863 -102.275 -102.319 -1.46516 -0.54883 -1 41
378 364 6 1.5729 1.576 -107.796 -107.722 -1.46516 -0.44683 -1 41
378 355 7 1.5373 1.5368 -103.817 -103.744 -1.42316 -0.50683 -1 41
378 384 8 1.5313 1.5288 -113.54 -113.515 -1.41716 -0.32683 -1 41
378 366 9 1.5812 1.5824 -108.031 -107.819 -1.47116 -0.44683 -1 41
378 369 10 1.5871 1.5888 -107.964 -107.916 -1.47716 -0.44683 -1 41
378 333 11 1.5931 1.5931 -113.488 -113.296 -1.47716 -0.34483 -1 41
378 361 12 1.5601 1.5566 -107.722 -107.75 -1.44716 -0.44083 -1 41
378 344 13 1.4978 1.4956 -102.44 -102.237 -1.38116 -0.51883 -1 41
378 376 14 1.5259 1.527 -112.289 -112.529 -1.41716 -0.34483 -1 41
378 322 15 1.5249 1.5255 -100.978 -101.09 -1.40516 -0.54883 -1 41
378 330 16 1.5558 1.5564 -109.677 -109.691 -1.44716 -0.40483 -1 41
378 308 17 1.535 1.534 -100.465 -100.567 -1.41116 -0.56083 -1 41
378 386 18 1.5427 1.5421 -113.636 -113.665 -1.42916 -0.32683 -1 41
378 350 19 1.486 1.4834 -102.152 -101.984 -1.36916 -0.51883 -1 41
378 319 20 1.5538 1.5534 -105.067 -105.057 -1.44116 -0.48883 -1 41
378 348 21 1.5224 1.5211 -102.314 -102.402 -1.40516 -0.52483 -1 41
378 366 22 1.5404 1.5395 -102.783 -102.766 -1.42316 -0.52483 -1 40
378 388 23 1.5259 1.5198 -105.7 -105.819 -1.41116 -0.46483 -1 41
378 385 24 1.5308 1.5288 -113.578 -113.515 -1.41716 -0.32683 -1 41
378 360 25 1.5901 1.5908 -112.221 -112.034 -1.47716 -0.36883 -1 41
378 388 26 1.5986 1.6047 -105.185 -105.281 -1.48916 -0.50083 -1 41
378 351 27 1.5459 1.5486 -101.64 -101.916 -1.42916 -0.54283 -1 41
378 353 28 1.5515 1.5534 -112.615 -112.844 -1.44116 -0.34483 -1 41
378 330 29 1.5936 1.5907 -101.123 -101.061 -1.46516 -0.57283 -1 41
378 358 30 1.5834 1.5779 -114.891 -114.983 -1.45916 -0.30883 -1 41
378 363 31 1.5429 1.5435 -108.374 -108.204 -1.43516 -0.42883 -1 41
378 330 32 1.5482 1.5546 -100.295 -100.308 -1.42916 -0.57283 -1 41
378 376 33 1.4946 1.4997 -111.422 -111.532 -1.39316 -0.35683 -1 41
378 356 34 1.5975 1.5979 -112.645 -112.427 -1.48316 -0.36283 -1 41
378 352 35 1.5221 1.5253 -103.009 -103.181 -1.41116 -0.51283 -1 41
378 350 36 1.5329 1.5325 -111.788 -111.953 -1.42316 -0.35683 -1 40
378 356 37 1.5667 1.5679 -113.504 -113.638 -1.45316 -0.33283 -1 41
378 376 38 1.4902 1.4935 -111.596 -111.783 -1.38716 -0.35083 -1 41
378 379 39 1.5135 1.5128 -111.606 -111.703 -1.40516 -0.35683 -1 40
378 352 40 1.512 1.5113 -103.441 -103.603 -1.39916 -0.50083 -1 41
378 349 41 1.4807 1.4849 -103.551 -103.795 -1.37516 -0.48883 -1 41
378 348 42 1.5804 1.5834 -103.01 -103.266 -1.46516 -0.53083 -1 41
378 334 43 1.5431 1.5397 -105.337 -105.489 -1.42916 -0.47683 -1 41
378 346 44 1.4938 1.4987 -110.212 -110.525 -1.39316 -0.37483 -1 40
378 353 45 1.4864 1.4845 -102.035 -101.647 -1.36916 -0.52483 -1 41
378 367 46 1.5913 1.5962 -111.058 -111.167 -1.48316 -0.38683 -1 41
378 332 47 1.5691 1.5717 -105.492 -105.702 -1.45916 -0.48283 -1 41
378 345 48 1.5075 1.5088 -102.066 -102.155 -1.39316 -0.52483 -1 41
378 398 49 1.5661 1.5654 -114.979 -115.168 -1.44716 -0.30283 -1 41
413 441 0 1.5601 1.5587 -115.076 -115.101 -1.44116 -0.30283 -1 41
413 382 1 1.5678 1.5704 -106.321 -106.663 -1.45916 -0.46483 -1 41
413 376 2 1.5761 1.5791 -105.099 -105.171 -1.46516 -0.49483 -1 41
413 418 3 1.5364 1.5348 -113.255 -113.263 -1.42316 -0.33283 -1 41
413 424 4 1.5069 1.5072 -112.424 -112.285 -1.39916 -0.34483 -1 41
413 370 5 1.4791 1.4804 -102.852 -102.997 -1.36916 -0.50083 -1 41
413 379 6 1.5311 1.5353 -101.795 -101.994 -1.41716 -0.53683 -1 41
413 389 7 1.5238 1.5253 -103.039 -103.181 -1.41116 -0.51283 -1 41
413 385 8 1.5781 1.5756 -108.78 -108.681 -1.46516 -0.42883 -1 41
413 385 9 1.5228 1.5262 -102.887 -102.853 -1.41116 -0.51883 -1 41
413 369 10 1.4969 1.4985 -109.822 -110.189 -1.39316 -0.38083 -1 41
413 390 11 1.4845 1.4862 -107.129 -106.953 -1.38116 -0.43483 -1 41
413 403 12 1.4742 1.4758 -112.612 -112.887 -1.36916 -0.32683 -1 41
413 407 13 1.5189 1.5198 -111.788 -112.118 -1.41116 -0.35083 -1 41
413 417 14 1.5281 1.5288 -113.348 -113.515 -1.41716 -0.32683 -1 41
413 413 15 1.5422 1.5377 -107.04 -107.123 -1.42916 -0.44683 -1 41
413 362 16 1.5945 1.5907 -101.156 -101.061 -1.46516 -0.57283 -1 41
413 383 17 1.4922 1.4919 -103.405 -103.578 -1.38116 -0.49483 -1 41
413 429 18 1.5419 1.5436 -114.323 -114.315 -1.42916 -0.31483 -1 41
413 346 19 1.5369 1.54 -100.503 -100.696 -1.41716 -0.56083 -1 41
413 396 20 1.4821 1.4841 -104.04 -104.133 -1.37516 -0.48283 -1 41
413 375 21 1.5775 1.5757 -109.552 -109.64 -1.46516 -0.41083 -1 41
413 337 22 1.5323 1.5311 -110.594 -110.639 -1.42316 -0.38083 -1 41
413 382 23 1.5788 1.5786 -112.502 -112.512 -1.46516 -0.35683 -1 41
413 429 24 1.4919 1.4941 -105.608 -105.712 -1.38716 -0.45883 -1 41
413 389 25 1.4871 1.4911 -103.769 -103.914 -1.38116 -0.48883 -1 41
413 382 26 1.528 1.5255 -111.518 -111.54 -1.41716 -0.36283 -1 41
413 340 27 1.4733 1.479 -109.584 -109.91 -1.37516 -0.38083 -1 41
413 405 28 1.5977 1.5956 -107.696 -107.38 -1.48316 -0.45883 -1 41
413 382 29 1.5669 1.5691 -101.498 -101.642 -1.44716 -0.55483 -1 41
413 397 30 1.5922 1.5958 -110.693 -110.852 -1.48316 -0.39283 -1 41
413 408 31 1.4798 1.4811 -105.805 -105.827 -1.37516 -0.45283 -1 41
413 419 32 1.5415 1.5421 -113.715 -113.665 -1.42916 -0.32683 -1 41
413 375 33 1.5695 1.5686 -103.995 -103.993 -1.45316 -0.51283 -1 41
413 414 34 1.5854 1.5892 -107.24 -107.282 -1.47716 -0.45883 -1 41
413 375 35 1.5424 1.5436 -101.401 -101.469 -1.42316 -0.54883 -1 41
413 379 36 1.572 1.5692 -109.094 -108.908 -1.45916 -0.42283 -1 41
413 365 37 1.602 1.5946 -100.427 -100.122 -1.46516 -0.59083 -1 41
413 399 38 1.5376 1.5395 -102.706 -102.766 -1.42316 -0.52483 -1 41
413 382 39 1.5034 1.5027 -101.979 -102.029 -1.38716 -0.52483 -1 41
413 411 40 1.5415 1.5414 -113.125 -113.34 -1.42916 -0.33283 -1 41
413 386 41 1.4749 1.4728 -114.697 -114.512 -1.36316 -0.29683 -1 41
413 376 42 1.5909 1.5885 -109.202 -109.184 -1.47716 -0.42283 -1 41
413 393 43 1.588 1.5887 -108.382 -108.233 -1.47716 -0.44083 -1 41
413 396 44 1.4882 1.4928 -110.995 -111.109 -1.38716 -0.36283 -1 41
413 381 45 1.5902 1.5886 -108.848 -108.55 -1.47716 -0.43483 -1 41
413 380 46 1.5256 1.5282 -101.941 -102.197 -1.41116 -0.53083 -1 41
413 386 47 1.4984 1.4971 -113.951 -113.799 -1.38716 -0.31483 -1 41
413 396 48 1.5698 1.5687 -113.999 -113.958 -1.45316 -0.32683 -1 41
413 380 49 1.5607 1.5641 -101.096 -101.2 -1.44116 -0.56083 -1 41
447 398 0 1.6027 1.6014 -109.089 -109.049 -1.48916 -0.42883 -1 41
447 418 1 1.5031 1.5053 -110.461 -110.615 -1.39916 -0.37483 -1 41
447 379 2 1.5465 1.5502 -110.262 -110.25 -1.44116 -0.39283 -1 41
447 406 3 1.5068 1.505 -110.175 -110.281 -1.39916 -0.38083 -1 41
447 388 4 1.5056 1.5062 -115.045 -114.874 -1.39316 -0.29683 -1 41
447 403 5 1.5602 1.5638 -110.982 -111.069 -1.45316 -0.38083 -1 41
447 405 6 1.4857 1.4875 -102.868 -102.783 -1.37516 -0.50683 -1 41
447 422 7 1.4803 1.4798 -106.903 -106.846 -1.37516 -0.43483 -1 41
447 416 8 1.5213 1.5177 -108.509 -108.139 -1.41116 -0.42283 -1 41
447 443 9 1.5191 1.5179 -107.953 -107.807 -1.41116 -0.42883 -1 41
447 463 10 1.5455 1.5436 -114.362 -114.315 -1.42916 -0.31483 -1 41
447 430 11 1.5044 1.5055 -110.765 -110.949 -1.39916 -0.36883 -1 41
447 449 12 1.599 1.5959 -107.143 -107.065 -1.48316 -0.46483 -1 41
447 453 13 1.5368 1.5362 -113.75 -113.917 -1.42316 -0.32083 -1 41
447 454 14 1.5506 1.5495 -113.869 -114.063 -1.43516 -0.32083 -1 41
447 429 15 1.4858 1.4903 -103.996 -104.251 -1.38116 -0.48283 -1 41
447 410 16 1.5978 1.5985 -102.24 -102.553 -1.47716 -0.54883 -1 41
447 453 17 1.4982 1.5006 -112.246 -112.203 -1.39316 -0.34483 -1 41
447 438 18 1.5148 1.5163 -113.811 -113.693 -1.40516 -0.32083 -1 41
447 412 19 1.5635 1.5655 -112.297 -112.355 -1.45316 -0.35683 -1 41
447 407 20 1.5638 1.5628 -109.468 -109.459 -1.45316 -0.41083 -1 41
447 423 21 1.5355 1.5343 -102.196 -102.32 -1.41716 -0.53083 -1 41
447 443 22 1.6026 1.6082 -103.356 -103.718 -1.48916 -0.53083 -1 41
447 432 23 1.5781 1.5835 -106.213 -106.547 -1.47116 -0.47083 -1 41
447 451 24 1.5988 1.6037 -105.645 -105.907 -1.48916 -0.48883 -1 41
447 433 25 1.5446 1.5466 -102.445 -102.562 -1.42916 -0.53083 -1 41
447 425 26 1.5559 1.5563 -108.485 -108.397 -1.44716 -0.42883 -1 41
447 452 27 1.5872 1.5895 -106.944 -106.965 -1.47716 -0.46483 -1 41
447 416 28 1.598 1.5985 -102.437 -102.553 -1.47716 -0.54883 -1 41
447 430 29 1.6011 1.5954 -107.899 -107.695 -1.48316 -0.45283 -1 41
447 433 30 1.5016 1.5001 -100.89 -100.903 -1.38116 -0.54283 -1 41
447 407 31 1.5176 1.5171 -101.552 -101.62 -1.39916 -0.53683 -1 41
447 415 32 1.5385 1.5361 -104.135 -104.07 -1.42316 -0.50083 -1 41
447 450 33 1.5992 1.5962 -106.973 -106.749 -1.48316 -0.47083 -1 41
447 419 34 1.4988 1.4971 -113.972 -113.799 -1.38716 -0.31483 -1 41
447 447 35 1.5947 1.5997 -104.368 -104.547 -1.48316 -0.51283 -1 41
447 418 36 1.4771 1.4798 -106.846 -106.846 -1.37516 -0.43483 -1 41
447 440 37 1.5002 1.4989 -107.396 -107.165 -1.39316 -0.43483 -1 41
447 407 38 1.5564 1.5578 -106.371 -106.457 -1.44716 -0.46483 -1 41
447 413 39 1.5475 1.5451 -106.138 -106.248 -1.43516 -0.46483 -1 41
447 416 40 1.5709 1.5707 -111.42 -111.474 -1.45916 -0.37483 -1 41
447 415 41 1.571 1.5692 -108.986 -108.908 -1.45916 -0.42283 -1 41
447 425 42 1.5766 1.5761 -114.346 -114.348 -1.45916 -0.32083 -1 41
447 471 43 1.5182 1.5183 -107.165 -107.144 -1.41116 -0.44083 -1 41
447 432 44 1.5719 1.5765 -107.084 -107.084 -1.46516 -0.45883 -1 41
447 469 45 1.5033 1.5059 -106.454 -106.601 -1.39916 -0.44683 -1 41
447 432 46 1.539 1.5385 -103.097 -103.092 -1.42316 -0.51883 -1 41
447 428 47 1.4944 1.4917 -101.721 -101.441 -1.37516 -0.53083 -1 41
447 410 48 1.5634 1.5655 -112.159 -112.355 -1.45316 -0.35683 -1 41
447 453 49 1.6023 1.6029 -106.643 -106.535 -1.48916 -0.47683 -1 41
482 481 0 1.497 1.4997 -111.534 -111.532 -1.39316 -0.35683 -1 41
482 431 1 1.4928 1.4928 -114.806 -114.731 -1.38116 -0.29683 -1 41
482 465 2 1.4842 1.4841 -104.075 -104.133 -1.37516 -0.48283 -1 41
482 455 3 1.5879 1.5896 -103.117 -103.381 -1.47116 -0.53083 -1 41
482 482 4 1.5326 1.5348 -113.078 -113.263 -1.42316 -0.33283 -1 41
482 455 5 1.566 1.5629 -108.426 -108.17 -1.45316 -0.43483 -1 41
482 445 6 1.5616 1.5624 -103.881 -103.88 -1.44716 -0.51283 -1 41
482 421 7 1.5297 1.5317 -111.01 -111.296 -1.42316 -0.36883 -1 41
482 441 8 1.5548 1.5563 -109.2 -109.044 -1.44716 -0.41683 -1 41
482 470 9 1.4847 1.4874 -111.998 -112.035 -1.38116 -0.34483 -1 41
482 427 10 1.5176 1.5183 -110.464 -110.793 -1.41116 -0.37483 -1 41
482 421 11 1.5419 1.546 -100.595 -100.823 -1.42316 -0.56083 -1 41
482 454 12 1.4985 1.4971 -113.966 -113.799 -1.38716 -0.31483 -1 41
482 469 13 1.4798 1.4834 -104.401 -104.471 -1.37516 -0.47683 -1 41
482 458 14 1.5216 1.5253 -114.675 -114.756 -1.41116 -0.30283 -1 41
482 455 15 1.5797 1.5848 -105.415 -105.595 -1.47116 -0.48883 -1 41
482 487 16 1.5022 1.5006 -112.388 -112.203 -1.39316 -0.34483 -1 41
482 440 17 1.5132 1.5187 -114.632 -114.685 -1.40516 -0.30283 -1 41
482 494 18 1.6042 1.6047 -105.4 -105.281 -1.48916 -0.50083 -1 41
482 476 19 1.4873 1.4869 -106.491 -106.277 -1.38116 -0.44683 -1 41
482 467 20 1.5931 1.595 -103.553 -103.808 -1.47716 -0.52483 -1 41
482 470 21 1.5946 1.5969 -111.842 -111.797 -1.48316 -0.37483 -1 41
482 484 22 1.5091 1.5117 -107.505 -107.373 -1.40516 -0.43483 -1 41
482 399 23 1.5271 1.5241 -109.719 -109.559 -1.41716 -0.39883 -1 41
482 478 24 1.5358 1.532 -106.163 -106.363 -1.42316 -0.45883 -1 41
482 420 25 1.5515 1.5565 -109.975 -110.015 -1.44716 -0.39883 -1 41
482 466 26 1.602 1.604 -112.337 -112.19 -1.48916 -0.36883 -1 41
482 452 27 1.5696 1.5669 -102.493 -102.279 -1.44716 -0.54283 -1 41
482 449 28 1.5614 1.557 -103.709 -103.444 -1.44116 -0.51883 -1 41
482 409 29 1.5314 1.5327 -100.573 -100.892 -1.41116 -0.55483 -1 41
482 485 30 1.5273 1.5275 -112.926 -112.858 -1.41716 -0.33883 -1 41
482 447 31 1.508 1.5088 -102.051 -102.155 -1.39316 -0.52483 -1 41
482 482 32 1.4892 1.4881 -100.928 -100.64 -1.36916 -0.54283 -1 41
482 468 33 1.5452 1.5466 -102.464 -102.562 -1.42916 -0.53083 -1 41
482 486 34 1.5499 1.5487 -113.687 -113.739 -1.43516 -0.32683 -1 41
482 489 35 1.4917 1.4952 -104.963 -105.04 -1.38716 -0.47083 -1 41
482 431 36 1.5558 1.5564 -109.629 -109.691 -1.44716 -0.40483 -1 41
482 458 37 1.5634 1.5641 -103.254 -103.239 -1.44716 -0.52483 -1 41
482 411 38 1.4769 1.4788 -109.036 -109.229 -1.37516 -0.39283 -1 41
482 443 39 1.5498 1.5498 -108.971 -108.95 -1.44116 -0.41683 -1 41
482 459 40 1.4817 1.4841 -103.827 -104.133 -1.37516 -0.48283 -1 41
482 464 41 1.5455 1.5447 -103.383 -103.21 -1.42916 -0.51883 -1 41
482 500 42 1.5154 1.5141 -105.42 -105.377 -1.40516 -0.47083 -1 41
482 451 43 1.5035 1.5051 -103.32 -103.484 -1.39316 -0.50083 -1 41
482 458 44 1.5438 1.5476 -102.047 -102.239 -1.42916 -0.53683 -1 41
482 416 45 1.5502 1.5502 -110.272 -110.25 -1.44116 -0.39283 -1 41
482 473 46 1.5782 1.5753 -100.353 -100.056 -1.44716 -0.58483 -1 41
482 460 47 1.5553 1.5517 -103.284 -103.004 -1.43516 -0.52483 -1 41
482 499 48 1.5469 1.5512 -114.476 -114.71 -1.43516 -0.30883 -1 41
482 425 49 1.5957 1.5945 -114.097 -113.926 -1.47716 -0.33283 -1 41
