43 131 0 0.717 0.5388 150.523 153.919 -0.23084 0.37869 1 50
43 131 1 0.7601 0.5388 149.679 153.919 -0.23084 0.37869 1 50
43 133 2 0.7334 0.7617 157.121 159.26 -0.37484 0.48669 1 50
43 130 3 0.6337 0.5388 149.479 153.919 -0.23084 0.37869 1 50
43 131 4 0.7641 0.5388 149.04 153.919 -0.23084 0.37869 1 50
43 132 5 0.6557 0.5388 157.324 153.919 -0.23084 0.37869 1 50
43 134 6 0.6329 0.5388 159.216 153.919 -0.23084 0.37869 1 50
43 131 7 0.7066 0.5388 152.979 153.919 -0.23084 0.37869 1 50
43 131 8 0.7587 0.5388 147.14 153.919 -0.23084 0.37869 1 50
43 149 9 0.7552 0.7622 160.149 159.919 -0.38084 0.48069 1 50
43 131 10 0.6848 0.5388 160.467 153.919 -0.23084 0.37869 1 50
43 131 11 0.6885 0.5388 156.649 153.919 -0.23084 0.37869 1 50
43 131 12 0.7643 0.5388 151.012 153.919 -0.23084 0.37869 1 50
43 147 13 0.7523 0.7622 158.737 159.919 -0.38084 0.48069 1 50
43 130 14 0.6541 0.5388 147.143 153.919 -0.23084 0.37869 1 50
43 130 15 0.6601 0.5388 148.612 153.919 -0.23084 0.37869 1 50
43 129 16 0.7442 0.5388 153.43 153.919 -0.23084 0.37869 1 50
43 132 17 0.6978 0.5388 154.691 153.919 -0.23084 0.37869 1 50
43 132 18 0.6521 0.5388 154.246 153.919 -0.23084 0.37869 1 50
43 128 19 0.7383 0.5388 149.285 153.919 -0.23084 0.37869 1 50
43 130 20 0.737 0.5388 149.44 153.919 -0.23084 0.37869 1 50
43 131 21 0.7486 0.5388 155.574 153.919 -0.23084 0.37869 1 50
43 132 22 0.742 0.5388 153.534 153.919 -0.23084 0.37869 1 50
43 130 23 0.6982 0.5388 153.022 153.919 -0.23084 0.37869 1 50
43 131 24 0.646 0.5388 151.698 153.919 -0.23084 0.37869 1 50
43 130 25 0.7298 0.5388 154.65 153.919 -0.23084 0.37869 1 50
43 129 26 0.6758 0.5388 160.861 153.919 -0.23084 0.37869 1 50
43 130 27 0.6715 0.5388 147.125 153.919 -0.23084 0.37869 1 50
43 131 28 0.774 0.5388 150.317 153.919 -0.23084 0.37869 1 51
43 134 29 0.6364 0.5388 157.366 153.919 -0.23084 0.37869 1 50
43 132 30 0.6659 0.5388 151.297 153.919 -0.23084 0.37869 1 50
43 130 31 0.7137 0.5388 155.36 153.919 -0.23084 0.37869 1 50
43 131 32 0.6814 0.5388 155.402 153.919 -0.23084 0.37869 1 50
43 130 33 0.6941 0.5388 147.812 153.919 -0.23084 0.37869 1 50
43 131 34 0.7535 0.5388 153.983 153.919 -0.23084 0.37869 1 50
43 130 35 0.761 0.5388 151.624 153.919 -0.23084 0.37869 1 51
43 136 36 0.6188 0.5388 159.683 153.919 -0.23084 0.37869 1 50
43 138 37 0.6205 0.5388 157.769 153.919 -0.23084 0.37869 1 50
43 137 38 0.725 0.7572 158.431 160.212 -0.38084 0.47469 1 50
43 130 39 0.6499 0.5388 146.692 153.919 -0.23084 0.37869 1 50
43 131 40 0.7765 0.5388 150.854 153.919 -0.23084 0.37869 1 51
43 132 41 0.7759 0.5388 155.167 153.919 -0.23084 0.37869 1 51
43 132 42 0.6844 0.5388 151.016 153.919 -0.23084 0.37869 1 50
43 132 43 0.692 0.5388 152.407 153.919 -0.23084 0.37869 1 50
43 129 44 0.7068 0.5388 148.031 153.919 -0.23084 0.37869 1 50
43 132 45 0.685 0.5388 153.936 153.919 -0.23084 0.37869 1 50
43 131 46 0.7687 0.5388 151.483 153.919 -0.23084 0.37869 1 51
43 132 47 0.6465 0.5388 159.684 153.919 -0.23084 0.37869 1 50
43 131 48 0.7199 0.5388 150.665 153.919 -0.23084 0.37869 1 50
43 130 49 0.7434 0.5388 146.228 153.919 -0.23084 0.37869 1 50
87 129 0 0.6263 0.5388 146.376 153.919 -0.23084 0.37869 1 50
87 158 1 0.7335 0.7617 156.664 159.26 -0.37484 0.48669 1 50
87 130 2 0.6673 0.5388 153.865 153.919 -0.23084 0.37869 1 50
87 158 3 0.7598 0.7823 154.206 154.932 -0.34484 0.54069 1 50
87 133 4 0.7155 0.5388 153.089 153.919 -0.23084 0.37869 1 50
87 132 5 0.6554 0.5388 150.426 153.919 -0.23084 0.37869 1 50
87 128 6 0.7277 0.5388 147.749 153.919 -0.23084 0.37869 1 50
87 130 7 0.6802 0.5388 147.388 153.919 -0.23084 0.37869 1 50
87 131 8 0.6185 0.5388 146.516 153.919 -0.23084 0.37869 1 50
87 132 9 0.6469 0.5388 152.915 153.919 -0.23084 0.37869 1 50
87 131 10 0.6716 0.5388 147.449 153.919 -0.23084 0.37869 1 50
87 131 11 0.7152 0.5388 149.527 153.919 -0.23084 0.37869 1 50
87 134 12 0.6369 0.5388 154.092 153.919 -0.23084 0.37869 1 50
87 162 13 0.7484 0.7614 156.697 158.601 -0.36884 0.49269 1 50
87 158 14 0.7623 0.7821 155.294 155.575 -0.35084 0.53469 1 50
87 131 15 0.7703 0.5388 150.98 153.919 -0.23084 0.37869 1 51
87 150 16 0.7392 0.7614 155.989 158.601 -0.36884 0.49269 1 50
87 139 17 0.7423 0.7772 153.336 154.538 -0.33884 0.54069 1 50
87 130 18 0.745 0.5388 150.795 153.919 -0.23084 0.37869 1 51
87 127 19 0.6202 0.5388 148.391 153.919 -0.23084 0.37869 1 50
87 132 20 0.7708 0.5388 150.448 153.919 -0.23084 0.37869 1 51
87 130 21 0.73 0.5388 151.453 153.919 -0.23084 0.37869 1 51
87 137 22 0.6968 0.7572 157.593 160.212 -0.38084 0.47469 1 50
87 167 23 0.7723 0.7823 154.435 154.932 -0.34484 0.54069 0 51
87 131 24 0.665 0.5388 146.572 153.919 -0.23084 0.37869 1 50
87 145 25 0.6141 0.5388 158.926 153.919 -0.23084 0.37869 1 50
87 132 26 0.6948 0.5388 155.088 153.919 -0.23084 0.37869 1 50
87 161 27 0.7222 0.7521 160.996 160.508 -0.38084 0.46869 1 50
87 130 28 0.6276 0.5388 150.95 153.919 -0.23084 0.37869 1 50
87 139 29 0.7408 0.7716 154.75 155.439 -0.34484 0.52869 1 50
87 134 30 0.6406 0.5388 155.555 153.919 -0.23084 0.37869 1 50
87 131 31 0.7123 0.5388 149.64 153.919 -0.23084 0.37869 1 50
87 131 32 0.6295 0.5388 147.191 153.919 -0.23084 0.37869 1 50
87 147 33 0.6139 0.5388 157.524 153.919 -0.23084 0.37869 1 50
87 168 34 0.7232 0.7572 159.543 160.212 -0.38084 0.47469 1 50
87 172 35 0.7378 0.7566 157.75 159.549 -0.37484 0.48069 1 50
87 129 36 0.6377 0.5388 146.433 153.919 -0.23084 0.37869 1 50
87 131 37 0.6706 0.5388 147.81 153.919 -0.23084 0.37869 1 50
87 185 38 0.7525 0.7622 158.757 159.919 -0.38084 0.48069 1 50
87 129 39 0.7051 0.5388 146.629 153.919 -0.23084 0.37869 1 50
87 132 40 0.6592 0.5388 159.322 153.919 -0.23084 0.37869 1 50
87 132 41 0.7352 0.7718 153.419 154.788 -0.33884 0.53469 1 50
87 135 42 0.6339 0.5388 154.708 153.919 -0.23084 0.37869 1 50
87 132 43 0.6766 0.5388 147.613 153.919 -0.23084 0.37869 1 50
87 137 44 0.6955 0.7572 158.304 160.212 -0.38084 0.47469 1 50
87 132 45 0.6997 0.5388 154.087 153.919 -0.23084 0.37869 1 50
87 152 46 0.715 0.7566 157.451 159.549 -0.37484 0.48069 1 50
87 133 47 0.7002 0.5388 154.709 153.919 -0.23084 0.37869 1 50
87 187 48 0.7491 0.7572 159.567 160.212 -0.38084 0.47469 0 50
87 132 49 0.7073 0.5388 154.229 153.919 -0.23084 0.37869 1 50
130 195 0 0.7737 0.7826 152.917 154.29 -0.33884 0.54669 0 51
130 154 1 0.7193 0.7562 155.622 158.885 -0.36884 0.48669 1 50
130 130 2 0.7192 0.5388 149.196 153.919 -0.23084 0.37869 1 51
130 139 3 0.6884 0.7521 159.88 160.508 -0.38084 0.46869 1 51
130 132 4 0.6878 0.5388 149.954 153.919 -0.23084 0.37869 1 50
130 141 5 0.6261 0.5388 154.976 153.919 -0.23084 0.37869 1 50
130 132 6 0.6859 0.5388 147.791 153.919 -0.23084 0.37869 1 50
130 131 7 0.6761 0.5388 158.759 153.919 -0.23084 0.37869 1 51
130 160 8 0.6673 0.663 160.871 161.734 -0.34484 0.40269 1 51
130 165 9 0.7108 0.7566 156.793 159.549 -0.37484 0.48069 1 50
130 199 10 0.7752 0.7826 153.16 154.29 -0.33884 0.54669 0 51
130 205 11 0.7252 0.7521 159.749 160.508 -0.38084 0.46869 0 51
130 134 12 0.6505 0.5388 156.385 153.919 -0.23084 0.37869 1 50
130 163 13 0.7011 0.7471 159.741 160.809 -0.38084 0.46269 1 51
130 145 14 0.62 0.5388 155.19 153.919 -0.23084 0.37869 1 50
130 132 15 0.7149 0.7375 149.998 151.187 -0.29084 0.54069 1 50
130 135 16 0.7181 0.7416 151.495 152.3 -0.30284 0.53469 1 50
130 143 17 0.6316 0.5388 156.736 153.919 -0.23084 0.37869 1 50
130 128 18 0.6199 0.5388 150.303 153.919 -0.23084 0.37869 1 50
130 194 19 0.7676 0.7775 152.903 153.892 -0.33284 0.54669 0 51
130 132 20 0.6858 0.5388 148.152 153.919 -0.23084 0.37869 1 50
130 132 21 0.6519 0.5388 149.701 153.919 -0.23084 0.37869 1 50
130 149 22 0.6128 0.6317 160.421 162.342 -0.33284 0.37869 1 50
130 147 23 0.7012 0.7566 156.136 159.549 -0.37484 0.48069 1 50
130 134 24 0.7406 0.7646 147.093 147.651 -0.26684 0.58869 0 51
130 146 25 0.7254 0.7515 152.378 153.152 -0.31484 0.53469 1 51
130 137 26 0.62 0.5393 152.903 152.988 -0.22484 0.38469 1 50
130 171 27 0.7334 0.7614 155.858 158.601 -0.36884 0.49269 1 51
130 230 28 0.7487 0.7572 160.207 160.212 -0.38084 0.47469 0 50
130 158 29 0.7559 0.7703 146.842 147.45 -0.26684 0.59469 0 51
130 132 30 0.6748 0.5388 146.322 153.919 -0.23084 0.37869 1 50
130 132 31 0.6585 0.5388 152.379 153.919 -0.23084 0.37869 1 50
130 132 32 0.6376 0.5388 152.887 153.919 -0.23084 0.37869 1 50
130 132 33 0.6703 0.5388 155.574 153.919 -0.23084 0.37869 1 50
130 132 34 0.6693 0.5388 154.61 153.919 -0.23084 0.37869 1 50
130 185 35 0.7713 0.783 152.21 153.649 -0.33284 0.55269 0 51
130 134 36 0.6192 0.5393 152.381 152.988 -0.22484 0.38469 1 50
130 164 37 0.7588 0.7631 150.764 152.007 -0.30884 0.55269 0 51
130 131 38 0.6808 0.5388 148.259 153.919 -0.23084 0.37869 1 50
130 147 39 0.6125 0.6317 160.178 162.342 -0.33284 0.37869 1 50
130 145 40 0.6243 0.5388 159.254 153.919 -0.23084 0.37869 1 50
130 135 41 0.7059 0.5388 153.272 153.919 -0.23084 0.37869 1 51
130 160 42 0.7577 0.7805 146.921 147.692 -0.27284 0.60069 0 50
130 177 43 0.7754 0.785 148.196 148.127 -0.27884 0.60069 0 51
130 152 44 0.7489 0.7543 149.708 150.491 -0.29084 0.55869 0 51
130 133 45 0.6484 0.5388 153.516 153.919 -0.23084 0.37869 1 50
130 194 46 0.7238 0.7566 157.89 159.549 -0.37484 0.48069 1 50
130 133 47 0.6384 0.5388 153.262 153.919 -0.23084 0.37869 1 50
130 133 48 0.6882 0.5388 152.191 153.919 -0.23084 0.37869 1 50
130 162 49 0.7496 0.7583 150.543 151.583 -0.30284 0.55269 0 51
173 131 0 0.686 0.5388 148.041 153.919 -0.23084 0.37869 1 51
173 206 1 0.7631 0.7748 147.447 147.893 -0.27284 0.59469 0 51
173 137 2 0.6579 0.6499 155.526 154.728 -0.28484 0.45069 1 50
173 267 3 0.7766 0.7622 160.458 159.919 -0.38084 0.48069 0 50
173 239 4 0.7645 0.7714 156.216 156.742 -0.35684 0.51669 0 51
173 133 5 0.6205 0.6329 148.516 149.602 -0.23684 0.47469 0 50
173 128 6 0.7052 0.5388 146.986 153.919 -0.23084 0.37869 1 51
173 194 7 0.6234 0.6366 160.378 161.975 -0.33284 0.38469 0 50
173 238 8 0.7666 0.7721 153.51 154.138 -0.33284 0.54069 0 51
173 149 9 0.7288 0.7473 147.032 148.273 -0.26684 0.57069 1 51
173 162 10 0.664 0.6666 158.585 159.886 -0.33284 0.42069 1 51
173 264 11 0.7566 0.7617 158.335 159.26 -0.37484 0.48669 0 51
173 220 12 0.7154 0.7465 158.655 160.138 -0.37484 0.46869 0 51
173 160 13 0.6423 0.6509 158.273 160.137 -0.32684 0.40869 1 50
173 203 14 0.7671 0.7735 148.751 148.535 -0.27884 0.58869 0 51
173 155 15 0.6436 0.6451 153.93 153.472 -0.27284 0.45669 1 50
173 241 16 0.7669 0.7715 156.732 157.393 -0.36284 0.51069 0 51
173 180 17 0.7227 0.7375 150.128 151.187 -0.29084 0.54069 0 51
173 197 18 0.7033 0.7414 159.139 160.438 -0.37484 0.46269 1 51
173 195 19 0.6331 0.6416 160.098 161.613 -0.33284 0.39069 0 50
173 229 20 0.7713 0.778 152.466 153.247 -0.32684 0.55269 0 51
173 158 21 0.6605 0.6519 152.075 151.644 -0.26084 0.47469 1 50
173 132 22 0.6791 0.5388 155.466 153.919 -0.23084 0.37869 1 51
173 240 23 0.7593 0.7663 156.782 157.665 -0.36284 0.50469 0 51
173 242 24 0.7697 0.7767 156.175 156.478 -0.35684 0.52269 0 51
173 140 25 0.6667 0.6527 150.646 150.877 -0.25484 0.48069 1 50
173 265 26 0.7741 0.7669 159.02 158.976 -0.37484 0.49269 0 51
173 204 27 0.7656 0.7735 148.308 148.535 -0.27884 0.58869 0 51
173 149 28 0.6245 0.6359 151.507 151.695 -0.25484 0.46269 1 50
173 182 29 0.6987 0.7364 160.052 160.743 -0.37484 0.45669 1 51
173 191 30 0.7222 0.7559 156.088 158.221 -0.36284 0.49269 1 51
173 209 31 0.7534 0.7583 151.199 151.583 -0.30284 0.55269 0 51
173 217 32 0.7712 0.773 151.915 152.839 -0.32084 0.55269 0 51
173 135 33 0.6869 0.7566 155.388 159.549 -0.37484 0.48069 1 50
173 147 34 0.7281 0.753 146.734 148.063 -0.26684 0.57669 0 51
173 139 35 0.7022 0.728 148.864 150.293 -0.27884 0.54069 0 51
173 187 36 0.7047 0.7515 157.443 159.841 -0.37484 0.47469 1 51
173 209 37 0.7333 0.7559 156.269 158.221 -0.36284 0.49269 1 51
173 192 38 0.7026 0.7364 160.022 160.743 -0.37484 0.45669 0 51
173 197 39 0.7055 0.7364 160.217 160.743 -0.37484 0.45669 1 51
173 184 40 0.7266 0.7465 152.557 152.729 -0.30884 0.53469 0 51
173 140 41 0.6705 0.6556 154.527 153.665 -0.27884 0.46269 1 50
173 139 42 0.635 0.6212 146.909 144.239 -0.18884 0.49869 0 50
173 167 43 0.7135 0.7327 149.732 150.743 -0.28484 0.54069 0 51
173 172 44 0.694 0.7465 158.343 160.138 -0.37484 0.46869 1 51
173 137 45 0.6465 0.6555 157.399 159.032 -0.32084 0.42069 1 50
173 275 46 0.7648 0.7622 160.243 159.919 -0.38084 0.48069 0 51
173 139 47 0.7002 0.7263 151.344 151.669 -0.29084 0.52869 1 51
173 157 48 0.6332 0.6407 151.449 152.199 -0.26084 0.46269 0 50
173 208 49 0.7204 0.7511 157.038 159.174 -0.36884 0.48069 1 51
217 144 0 0.7009 0.7559 154.4 158.221 -0.36284 0.49269 1 51
217 157 1 0.635 0.6443 156.201 155.809 -0.29084 0.43869 1 50
217 298 2 0.7437 0.7566 158.459 159.549 -0.37484 0.48069 0 51
217 208 3 0.7196 0.7361 152.443 152.546 -0.30284 0.52869 0 51
217 219 4 0.7022 0.7358 158.957 160.062 -0.36884 0.46269 0 51
217 286 5 0.7438 0.7562 157.637 158.885 -0.36884 0.48669 0 51
217 156 6 0.6748 0.6602 156.255 155.66 -0.29684 0.45069 1 51
217 157 7 0.7029 0.7243 147.659 149.148 -0.26684 0.54669 0 51
217 167 8 0.6195 0.6346 153.411 153.273 -0.26684 0.45069 1 50
217 276 9 0.7263 0.7515 158.749 159.841 -0.37484 0.47469 0 51
217 206 10 0.6482 0.6457 152.665 152.695 -0.26684 0.46269 0 50
217 276 11 0.7597 0.7714 155.737 156.091 -0.35084 0.52269 0 51
217 184 12 0.7219 0.7403 147.613 149.159 -0.27284 0.55869 0 51
217 218 13 0.6832 0.6779 160.092 160.713 -0.34484 0.42069 1 51
217 226 14 0.7045 0.7264 160.874 161.365 -0.37484 0.44469 0 51
217 229 15 0.6557 0.6622 159.726 160.978 -0.33884 0.40869 0 51
217 240 16 0.7608 0.7647 150.141 150.697 -0.29684 0.56469 0 51
217 199 17 0.6594 0.6519 151.505 151.644 -0.26084 0.47469 0 50
217 220 18 0.7471 0.7588 147.466 147.856 -0.26684 0.58269 0 51
217 242 19 0.7377 0.7471 151.372 152.058 -0.30284 0.54069 0 51
217 238 20 0.7363 0.7515 152.919 153.152 -0.31484 0.53469 0 51
217 259 21 0.7221 0.746 157.986 159.466 -0.36884 0.47469 0 51
217 230 22 0.7054 0.7414 159.183 160.438 -0.37484 0.46269 1 51
217 257 23 0.7754 0.7819 146.567 147.057 -0.26684 0.60669 0 51
217 292 24 0.7534 0.7614 157.571 158.601 -0.36884 0.49269 0 51
217 254 25 0.7636 0.7631 151.414 152.007 -0.30884 0.55269 0 51
217 219 26 0.631 0.6408 159.506 160.832 -0.32684 0.39669 0 51
217 207 27 0.6476 0.6463 151.753 151.919 -0.26084 0.46869 0 50
217 189 28 0.6728 0.6717 158.319 159.557 -0.33284 0.42669 1 51
217 291 29 0.7777 0.7821 155.311 155.575 -0.35084 0.53469 0 51
217 313 30 0.7557 0.7566 159.199 159.549 -0.37484 0.48069 0 51
217 285 31 0.7529 0.7614 157.318 158.601 -0.36884 0.49269 0 51
217 206 32 0.6475 0.6463 151.546 151.919 -0.26084 0.46869 0 50
217 268 33 0.7539 0.7666 154.154 154.387 -0.33284 0.53469 0 51
217 158 34 0.6792 0.6607 154.955 154.139 -0.28484 0.46269 1 51
217 282 35 0.7706 0.7775 153.48 153.892 -0.33284 0.54669 0 51
217 143 36 0.6662 0.6557 148.081 148.589 -0.23684 0.49869 0 51
217 228 37 0.7419 0.7496 149.536 150.052 -0.28484 0.55869 0 51
217 161 38 0.6387 0.6497 156.757 157.821 -0.30884 0.42669 1 50
217 141 39 0.6873 0.7566 155.227 159.549 -0.37484 0.48069 1 51
217 207 40 0.7259 0.7555 154.898 156.227 -0.34484 0.51069 0 51
217 187 41 0.7067 0.7263 151.52 151.669 -0.29084 0.52869 0 51
217 286 42 0.7457 0.7614 157.62 158.601 -0.36884 0.49269 0 51
217 235 43 0.754 0.76 149.768 150.266 -0.29084 0.56469 0 51
217 178 44 0.6743 0.6561 153.789 152.9 -0.27284 0.46869 1 50
217 246 45 0.7562 0.7591 150.615 150.924 -0.29684 0.55869 0 51
217 232 46 0.7359 0.7431 150.134 150.951 -0.29084 0.54669 0 51
217 250 47 0.7341 0.7559 156.54 158.221 -0.36284 0.49269 0 51
217 175 48 0.677 0.6616 153.004 152.621 -0.27284 0.47469 1 50
217 190 49 0.6674 0.6567 152.069 152.136 -0.26684 0.47469 1 50
260 195 0 0.6619 0.6603 148.465 149.1 -0.24284 0.49869 0 51
260 229 1 0.7288 0.7415 147.384 148.487 -0.26684 0.56469 0 51
260 256 2 0.689 0.6886 160.143 160.785 -0.35084 0.42669 0 51
260 232 3 0.6829 0.6824 158.784 159.647 -0.33884 0.43269 1 51
260 279 4 0.7378 0.7515 153.159 153.152 -0.31484 0.53469 0 51
260 247 5 0.646 0.6509 158.761 160.137 -0.32684 0.40869 0 51
260 204 6 0.6478 0.6455 147.845 148.314 -0.23084 0.49269 0 51
260 338 7 0.7708 0.7665 157.881 158.321 -0.36884 0.49869 0 51
260 201 8 0.6136 0.6303 152.134 151.977 -0.25484 0.45669 1 50
260 211 9 0.6788 0.6672 152.918 152.347 -0.27284 0.48069 0 51
260 224 10 0.623 0.6352 152.407 152.483 -0.26084 0.45669 0 50
260 194 11 0.6897 0.6839 151.817 151.551 -0.27284 0.49869 0 51
260 219 12 0.6454 0.6555 157.636 159.032 -0.32084 0.42069 0 51
260 199 13 0.7116 0.7503 155.062 157.166 -0.35084 0.49869 0 51
260 234 14 0.7209 0.7355 153.322 153.228 -0.30884 0.52269 0 51
260 291 15 0.7453 0.7527 151.644 151.819 -0.30284 0.54669 0 51
260 322 16 0.7639 0.7718 154.22 154.788 -0.33884 0.53469 0 52
260 249 17 0.6983 0.715 159.689 160.605 -0.36284 0.44469 0 51
260 340 18 0.7503 0.7562 158.189 158.885 -0.36884 0.48669 0 51
260 325 19 0.7674 0.7721 153.826 154.138 -0.33284 0.54069 0 52
260 188 20 0.6851 0.6611 154.451 153.38 -0.27884 0.46869 1 51
260 149 21 0.6851 0.6904 146.606 147.196 -0.23684 0.53469 0 51
260 245 22 0.7176 0.728 149.371 150.293 -0.27884 0.54069 0 51
260 229 23 0.7111 0.7311 152.021 152.111 -0.29684 0.52869 0 51
260 356 24 0.7667 0.7628 160.555 160.576 -0.38684 0.47469 0 51
260 282 25 0.641 0.6465 160.363 161.257 -0.33284 0.39669 0 51
260 270 26 0.7518 0.7646 147.36 147.651 -0.26684 0.58869 0 51
260 193 27 0.7112 0.7351 153.877 153.911 -0.31484 0.51669 0 51
260 173 28 0.667 0.654 146.901 146.55 -0.21884 0.51069 0 51
260 333 29 0.7733 0.7717 157.576 158.044 -0.36884 0.50469 0 51
260 201 30 0.6697 0.6656 156.992 157.625 -0.31484 0.43869 1 51
260 319 31 0.7481 0.7611 157.201 157.941 -0.36284 0.49869 0 51
260 259 32 0.6883 0.6886 160.255 160.785 -0.35084 0.42669 0 51
260 320 33 0.7312 0.7515 158.575 159.841 -0.37484 0.47469 0 51
260 326 34 0.7746 0.7714 156.816 156.742 -0.35684 0.51669 0 51
260 208 35 0.6402 0.6322 147.094 146.707 -0.21284 0.49269 0 51
260 213 36 0.6545 0.655 157.213 157.499 -0.30884 0.43269 0 51
260 198 37 0.7052 0.7243 147.636 149.148 -0.26684 0.54669 0 51
260 247 38 0.6445 0.6463 152.208 151.919 -0.26084 0.46869 0 50
260 327 39 0.7303 0.7471 160.477 160.809 -0.38084 0.46269 0 51
260 208 40 0.7193 0.737 146.973 148.028 -0.26084 0.56469 0 51
260 322 41 0.7352 0.7511 158.163 159.174 -0.36884 0.48069 0 51
260 214 42 0.6346 0.634 148.074 148.815 -0.23084 0.48069 0 51
260 310 43 0.7542 0.7662 156.192 157.01 -0.35684 0.51069 0 51
260 206 44 0.6466 0.6354 146.717 145.148 -0.20084 0.50469 0 51
260 249 45 0.6399 0.6509 158.89 160.137 -0.32684 0.40869 0 51
260 238 46 0.7165 0.728 149.041 150.293 -0.27884 0.54069 0 51
260 213 47 0.667 0.6639 149.945 150.355 -0.25484 0.49269 0 51
260 296 48 0.7211 0.746 158.258 159.466 -0.36884 0.47469 0 51
260 240 49 0.6583 0.6519 151.412 151.644 -0.26084 0.47469 0 50
304 276 0 0.7084 0.7215 150.719 151.221 -0.28484 0.52869 0 51
304 213 1 0.6932 0.6776 153.68 152.551 -0.27884 0.48669 0 51
304 219 2 0.7001 0.7456 156.133 158.793 -0.36284 0.48069 1 52
304 308 3 0.6131 0.6259 160.959 161.917 -0.32684 0.37869 0 51
304 268 4 0.6133 0.6136 146.312 145.259 -0.19484 0.48669 -0 51
304 289 5 0.6207 0.6301 159.541 160.756 -0.32084 0.39069 0 51
304 281 6 0.6531 0.6506 153.909 153.184 -0.27284 0.46269 0 50
304 246 7 0.6785 0.6611 154.011 153.38 -0.27884 0.46869 1 51
304 281 8 0.7118 0.7223 149.91 150.528 -0.27884 0.53469 0 51
304 306 9 0.7281 0.7383 149.948 150.509 -0.28484 0.54669 0 51
304 277 10 0.7103 0.7263 151.406 151.669 -0.29084 0.52869 0 51
304 328 11 0.7443 0.7612 154.492 154.64 -0.33284 0.52869 0 52
304 296 12 0.6303 0.6408 159.445 160.832 -0.32684 0.39669 0 51
304 403 13 0.7617 0.7622 159.787 159.919 -0.38084 0.48069 0 51
304 236 14 0.6552 0.6455 146.544 145.477 -0.20684 0.51069 -0 51
304 304 15 0.6938 0.6943 160.984 161.181 -0.35684 0.42669 0 52
304 235 16 0.6842 0.6799 150.254 150.339 -0.26084 0.50469 0 51
304 282 17 0.6335 0.6359 151.398 151.695 -0.25484 0.46269 0 50
304 229 18 0.6874 0.6721 153.635 152.823 -0.27884 0.48069 0 51
304 348 19 0.7715 0.773 152.348 152.839 -0.32084 0.55269 -0 52
304 283 20 0.739 0.75 146.393 146.947 -0.25484 0.58269 0 52
304 388 21 0.7541 0.7617 158.465 159.26 -0.37484 0.48669 0 51
304 362 22 0.7294 0.7421 160.843 161.114 -0.38084 0.45669 0 52
304 226 23 0.6993 0.7404 156.48 159.084 -0.36284 0.47469 1 52
304 395 24 0.7629 0.7617 158.866 159.26 -0.37484 0.48669 0 51
304 259 25 0.6202 0.6272 149.419 149.867 -0.23684 0.46869 0 51
304 332 26 0.7587 0.7639 150.998 151.351 -0.30284 0.55869 0 52
304 270 27 0.6195 0.6352 158.862 160.4 -0.32084 0.39669 0 51
304 287 28 0.6507 0.6519 151.536 151.644 -0.26084 0.47469 0 50
304 216 29 0.6693 0.6573 146.209 145.044 -0.20684 0.52269 0 51
304 275 30 0.6291 0.6352 152.22 152.483 -0.26084 0.45669 0 50
304 315 31 0.7572 0.7678 148.481 148.743 -0.27884 0.58269 0 52
304 274 32 0.6345 0.6376 149.58 150.124 -0.24284 0.47469 0 51
304 219 33 0.6976 0.7404 156.446 159.084 -0.36284 0.47469 1 52
304 220 34 0.689 0.6923 157.284 158.286 -0.33284 0.45069 1 52
304 252 35 0.6631 0.655 156.063 155.198 -0.29084 0.45069 1 51
304 264 36 0.6266 0.6319 149.5 150.391 -0.24284 0.46869 0 51
304 253 37 0.7201 0.7312 147.273 148.243 -0.26084 0.55869 0 51
304 255 38 0.6446 0.6497 157.366 157.821 -0.30884 0.42669 0 51
304 278 39 0.6512 0.6527 150.421 150.877 -0.25484 0.48069 0 51
304 283 40 0.7382 0.753 147.344 148.063 -0.26684 0.57669 0 52
304 278 41 0.6281 0.6359 151.501 151.695 -0.25484 0.46269 0 50
304 261 42 0.6676 0.6583 150.665 150.614 -0.25484 0.48669 0 51
304 260 43 0.6728 0.6616 153.502 152.621 -0.27284 0.47469 0 51
304 346 44 0.7448 0.7611 156.786 157.941 -0.36284 0.49869 0 52
304 278 45 0.6637 0.6662 158.546 159.133 -0.32684 0.42669 0 51
304 322 46 0.7193 0.746 158.07 159.466 -0.36884 0.47469 0 52
304 298 47 0.7324 0.7507 154.114 154.488 -0.32684 0.52269 0 52
304 289 48 0.6434 0.6463 151.472 151.919 -0.26084 0.46869 0 50
304 253 49 0.6176 0.6303 151.981 151.977 -0.25484 0.45669 0 50
347 281 0 0.6897 0.6959 150.092 150.323 -0.26684 0.51669 0 51
347 370 1 0.774 0.7724 149.481 149.179 -0.28484 0.58269 -0 52
347 271 2 0.6911 0.6887 152.386 152.021 -0.27884 0.49869 0 52
347 344 3 0.6939 0.6943 160.801 161.181 -0.35684 0.42669 0 52
347 295 4 0.6998 0.7111 151.027 151.01 -0.27884 0.52269 0 52
347 414 5 0.7355 0.7515 159.089 159.841 -0.37484 0.47469 0 52
347 270 6 0.6787 0.6656 155.694 155.36 -0.29684 0.45669 0 52
347 307 7 0.6496 0.6499 155.277 154.728 -0.28484 0.45069 0 51
347 292 8 0.703 0.7103 151.826 151.714 -0.28484 0.51669 0 52
347 327 9 0.6556 0.6506 153.403 153.184 -0.27284 0.46269 0 51
347 417 10 0.7461 0.7562 158.147 158.885 -0.36884 0.48669 0 52
347 283 11 0.6931 0.6951 150.974 151.042 -0.27284 0.51069 0 52
347 336 12 0.6696 0.6666 159.284 159.886 -0.33284 0.42069 0 52
347 368 13 0.7444 0.7609 155.264 155.961 -0.34484 0.51669 0 52
347 288 14 0.6207 0.6346 153.255 153.273 -0.26684 0.45069 0 51
347 354 15 0.6718 0.6672 160.236 160.638 -0.33884 0.41469 0 52
347 362 16 0.7397 0.751 153.531 153.82 -0.32084 0.52869 0 52
347 291 17 0.6672 0.6602 155.956 155.66 -0.29684 0.45069 0 51
347 336 18 0.6624 0.6666 159.21 159.886 -0.33284 0.42069 0 52
347 390 19 0.7269 0.746 158.755 159.466 -0.36884 0.47469 0 52
347 222 20 0.7002 0.7398 155.402 157.727 -0.35084 0.48669 0 52
347 370 21 0.7702 0.7724 149.294 149.179 -0.28484 0.58269 0 52
347 310 22 0.7061 0.7176 149.607 150.071 -0.27284 0.53469 0 52
347 361 23 0.7128 0.7307 159.506 160.367 -0.36884 0.45669 0 52
347 280 24 0.6657 0.6603 148.943 149.1 -0.24284 0.49869 0 51
347 324 25 0.6605 0.6567 152.404 152.136 -0.26684 0.47469 0 51
347 265 26 0.6809 0.6656 156.027 155.36 -0.29684 0.45669 0 52
347 299 27 0.7166 0.7452 156.164 158.119 -0.35684 0.48669 0 52
347 331 28 0.7165 0.7223 150.019 150.528 -0.27884 0.53469 0 52
347 287 29 0.6816 0.6727 152.549 152.077 -0.27284 0.48669 0 51
347 357 30 0.7098 0.7207 160.688 160.988 -0.36884 0.44469 0 52
347 344 31 0.7363 0.7504 154.649 155.158 -0.33284 0.51669 0 52
347 352 32 0.753 0.7601 146.722 147.202 -0.26084 0.58869 0 52
347 343 33 0.7353 0.7555 155.3 156.227 -0.34484 0.51069 0 52
347 410 34 0.754 0.7611 157.385 157.941 -0.36284 0.49869 0 52
347 265 35 0.6664 0.6615 147.994 148.347 -0.23684 0.50469 0 51
347 339 36 0.7025 0.715 160.092 160.605 -0.36284 0.44469 0 52
347 297 37 0.6172 0.6263 150.221 150.664 -0.24284 0.46269 0 51
347 330 38 0.7164 0.7271 150.249 150.98 -0.28484 0.53469 0 52
347 413 39 0.7521 0.7614 157.656 158.601 -0.36884 0.49269 0 52
347 311 40 0.6493 0.6499 154.834 154.728 -0.28484 0.45069 0 51
347 325 41 0.6474 0.6506 153.477 153.184 -0.27284 0.46269 0 51
347 278 42 0.6781 0.6607 154.836 154.139 -0.28484 0.46269 0 51
347 236 43 0.6996 0.6931 154.027 153.207 -0.29084 0.49269 0 52
347 321 44 0.6311 0.6407 151.972 152.199 -0.26084 0.46269 0 50
347 314 45 0.6664 0.6616 152.87 152.621 -0.27284 0.47469 0 51
347 389 46 0.7532 0.762 152.998 153.322 -0.32084 0.54069 0 52
347 409 47 0.7697 0.7714 156.311 156.091 -0.35084 0.52269 -0 52
347 289 48 0.709 0.7201 152.785 152.611 -0.29684 0.51669 0 52
347 320 49 0.722 0.7504 156.343 157.836 -0.35684 0.49269 0 52
390 343 0 0.6338 0.6279 146.566 146.156 -0.20684 0.49269 -0 52
390 323 1 0.6895 0.6903 150.317 150.569 -0.26684 0.51069 0 52
390 373 2 0.7417 0.7486 147.377 147.609 -0.26084 0.57669 -0 52
390 287 3 0.6877 0.671 155.657 155.065 -0.29684 0.46269 0 52
390 390 4 0.7218 0.7456 157.593 158.793 -0.36284 0.48069 0 53
390 348 5 0.6603 0.6583 150.1 150.614 -0.25484 0.48669 -0 51
390 386 6 0.7249 0.7367 151.801 151.866 -0.29684 0.53469 0 52
390 370 7 0.6527 0.6512 152.931 152.413 -0.26684 0.46869 0 51
390 299 8 0.616 0.6288 154.344 154.368 -0.27284 0.43869 0 51
390 324 9 0.6348 0.6443 157.047 157.369 -0.30284 0.42669 0 52
390 314 10 0.7087 0.7145 153.19 152.867 -0.29684 0.51069 0 52
390 349 11 0.7067 0.7159 151.451 151.466 -0.28484 0.52269 0 52
390 306 12 0.6978 0.7038 147.828 148.661 -0.25484 0.53469 -0 52
390 349 13 0.6233 0.6303 151.533 151.977 -0.25484 0.45669 0 51
390 404 14 0.7596 0.7656 149.759 150.044 -0.29084 0.57069 -0 53
390 356 15 0.6306 0.6401 152.901 152.981 -0.26684 0.45669 0 51
390 256 16 0.6993 0.6921 155.604 155.382 -0.30884 0.47469 0 53
390 315 17 0.6616 0.6557 148.137 148.589 -0.23684 0.49869 -0 52
390 426 18 0.7273 0.746 158.469 159.466 -0.36884 0.47469 0 52
390 309 19 0.6153 0.6235 157.607 158.707 -0.30284 0.40269 0 52
390 279 20 0.6945 0.7006 146.674 147.469 -0.24284 0.54069 0 52
390 372 21 0.7203 0.7311 152.246 152.111 -0.29684 0.52869 0 52
390 313 22 0.6242 0.6339 155.018 154.856 -0.27884 0.43869 0 51
390 390 23 0.7465 0.7506 148.88 149.387 -0.27884 0.56469 -0 53
390 390 24 0.6187 0.6308 160.752 161.55 -0.32684 0.38469 0 52
390 367 25 0.6344 0.6359 151.531 151.695 -0.25484 0.46269 0 51
390 287 26 0.6776 0.673 147.506 147.874 -0.23684 0.51669 -0 52
390 356 27 0.6314 0.6376 149.852 150.124 -0.24284 0.47469 -0 51
390 393 28 0.7472 0.7506 149.257 149.387 -0.27884 0.56469 -0 53
390 381 29 0.7228 0.7327 149.981 150.743 -0.28484 0.54069 0 52
390 331 30 0.6798 0.6672 152.883 152.347 -0.27284 0.48069 0 52
390 337 31 0.6358 0.6322 146.965 146.707 -0.21284 0.49269 -0 52
390 378 32 0.721 0.7263 151.623 151.669 -0.29084 0.52869 0 52
390 376 33 0.7236 0.7452 156.859 158.119 -0.35684 0.48669 0 53
390 382 34 0.7482 0.7543 146.973 147.404 -0.26084 0.58269 -0 52
390 284 35 0.6851 0.689 147.263 147.916 -0.24284 0.52869 -0 52
390 345 36 0.6562 0.6536 149.53 150.112 -0.24884 0.48669 -0 51
390 475 37 0.7756 0.7724 159.416 159.345 -0.38084 0.49269 -0 52
390 483 38 0.754 0.7572 160.487 160.212 -0.38084 0.47469 0 52
390 441 39 0.7608 0.767 153.79 153.733 -0.32684 0.54069 -0 53
390 329 40 0.6807 0.6672 152.704 152.347 -0.27284 0.48069 0 52
390 424 41 0.721 0.7364 160.463 160.743 -0.37484 0.45669 0 53
390 369 42 0.6158 0.6251 159.926 161.117 -0.32084 0.38469 0 52
390 329 43 0.6962 0.7055 151.035 151.257 -0.27884 0.51669 0 52
390 355 44 0.6183 0.6245 159.256 160.315 -0.31484 0.39069 0 52
390 450 45 0.7729 0.7721 153.791 154.138 -0.33284 0.54069 -0 53
390 424 46 0.7511 0.7576 151.908 152.244 -0.30884 0.54669 -0 53
390 447 47 0.7666 0.7721 153.609 154.138 -0.33284 0.54069 -0 53
390 319 48 0.6748 0.6752 149.457 149.851 -0.25484 0.50469 -0 52
390 419 49 0.7688 0.7703 147.393 147.45 -0.26684 0.59469 -0 52
434 523 0 0.7583 0.7617 159.047 159.26 -0.37484 0.48669 -0 53
434 357 1 0.7168 0.7296 154.163 154.171 -0.31484 0.51069 0 53
434 427 2 0.6488 0.6509 159.398 160.137 -0.32684 0.40869 0 52
434 458 3 0.755 0.7535 150.972 151.154 -0.29684 0.55269 -0 53
434 434 4 0.7099 0.7257 160.204 160.675 -0.36884 0.45069 0 53
434 380 5 0.623 0.6237 148.207 148.535 -0.22484 0.47469 -0 52
434 380 6 0.6701 0.6687 150.603 150.848 -0.26084 0.49269 -0 52
434 371 7 0.6593 0.6546 148.883 149.349 -0.24284 0.49269 -0 52
434 441 8 0.7322 0.7416 152.166 152.3 -0.30284 0.53469 -0 53
434 393 9 0.6179 0.6178 146.222 145.829 -0.20084 0.48669 -0 52
434 373 10 0.6977 0.7055 150.934 151.257 -0.27884 0.51669 0 52
434 425 11 0.749 0.7543 147.271 147.404 -0.26084 0.58269 -0 53
434 346 12 0.6837 0.6712 154.92 154.317 -0.29084 0.46869 0 53
434 387 13 0.7251 0.7401 154.241 154.332 -0.32084 0.51669 0 53
434 511 14 0.742 0.7471 160.838 160.809 -0.38084 0.46269 -0 53
434 426 15 0.7323 0.7503 156.371 157.166 -0.35084 0.49869 0 53
434 374 16 0.6294 0.6393 154.5 154.551 -0.27884 0.44469 0 51
434 383 17 0.7198 0.73 153.606 153.483 -0.30884 0.51669 0 53
434 341 18 0.6714 0.6672 148.003 148.108 -0.23684 0.51069 -0 52
434 368 19 0.7226 0.7326 146.724 147.564 -0.25484 0.56469 -0 53
434 352 20 0.6815 0.6762 157.189 157.747 -0.32084 0.44469 0 53
434 460 21 0.7447 0.752 152.433 152.485 -0.30884 0.54069 -0 53
434 408 22 0.7124 0.7223 149.956 150.528 -0.27884 0.53469 0 53
434 385 23 0.7044 0.7176 149.453 150.071 -0.27284 0.53469 -0 52
434 373 24 0.675 0.6611 153.884 153.38 -0.27884 0.46869 0 52
434 497 25 0.7702 0.7769 154.958 155.184 -0.34484 0.53469 -0 53
434 393 26 0.7055 0.7167 150.492 150.767 -0.27884 0.52869 0 52
434 477 27 0.7621 0.7625 152.409 152.664 -0.31484 0.54669 -0 53
434 384 28 0.6315 0.634 148.301 148.815 -0.23084 0.48069 -0 52
434 390 29 0.6566 0.6499 155.118 154.728 -0.28484 0.45069 0 52
434 488 30 0.7614 0.7666 154.3 154.387 -0.33284 0.53469 -0 53
434 485 31 0.7289 0.7414 159.883 160.438 -0.37484 0.46269 0 53
434 448 32 0.7429 0.7487 150.426 150.719 -0.29084 0.55269 -0 53
434 438 33 0.6215 0.6308 160.882 161.55 -0.32684 0.38469 -0 52
434 375 34 0.6969 0.7088 158.344 159.509 -0.35084 0.45069 0 53
434 367 35 0.6698 0.6655 156.388 156.115 -0.30284 0.45069 0 52
434 349 36 0.7103 0.721 146.938 147.992 -0.25484 0.55269 -0 53
434 438 37 0.7337 0.741 152.872 152.977 -0.30884 0.52869 -0 53
434 389 38 0.6256 0.6236 146.485 145.598 -0.20084 0.49269 -0 52
434 376 39 0.6184 0.6192 148.082 147.989 -0.21884 0.47469 -0 52
434 463 40 0.7723 0.7736 151.919 152.19 -0.31484 0.55869 -0 54
434 381 41 0.6686 0.6639 150.181 150.355 -0.25484 0.49269 -0 52
434 398 42 0.6961 0.7038 159.094 159.821 -0.35084 0.44469 0 53
434 393 43 0.6223 0.6178 146.202 145.829 -0.20084 0.48669 -0 52
434 356 44 0.6857 0.6776 153.139 152.551 -0.27884 0.48669 0 52
434 386 45 0.6234 0.6352 152.252 152.483 -0.26084 0.45669 0 51
434 381 46 0.7239 0.7401 154.356 154.332 -0.32084 0.51669 0 53
434 370 47 0.6794 0.6734 151.131 151.333 -0.26684 0.49269 -0 52
434 369 48 0.6559 0.65 148.521 148.835 -0.23684 0.49269 -0 52
434 497 49 0.7719 0.7772 154.242 154.538 -0.33884 0.54069 -0 53
477 421 0 0.7296 0.7383 146.621 147.355 -0.25484 0.57069 -0 53
477 411 1 0.683 0.6783 152.028 151.812 -0.27284 0.49269 0 53
477 362 2 0.7106 0.7239 154.844 155.129 -0.32084 0.49869 0 54
477 541 3 0.7689 0.7715 157.289 157.393 -0.36284 0.51069 -0 54
477 465 4 0.6953 0.6993 160.479 160.855 -0.35684 0.43269 0 54
477 537 5 0.7551 0.7611 157.458 157.941 -0.36284 0.49869 -0 54
477 390 6 0.6595 0.6526 147.174 147.309 -0.22484 0.50469 -1 53
477 401 7 0.6205 0.6292 153.776 153.569 -0.26684 0.44469 0 52
477 468 8 0.7273 0.7336 149.821 150.061 -0.27884 0.54669 -0 53
477 473 9 0.7267 0.7367 151.753 151.866 -0.29684 0.53469 -0 53
477 367 10 0.6793 0.6788 147.219 147.644 -0.23684 0.52269 -0 53
477 456 11 0.725 0.7289 149.221 149.608 -0.27284 0.54669 -0 53
477 454 12 0.7271 0.7355 153.33 153.228 -0.30884 0.52269 0 54
477 385 13 0.6905 0.6826 153.338 153.018 -0.28484 0.48669 0 53
477 433 14 0.7107 0.7207 151.911 151.915 -0.29084 0.52269 -0 53
477 428 15 0.6502 0.6552 157.618 158.266 -0.31484 0.42669 0 53
477 406 16 0.6858 0.6847 151.029 150.82 -0.26684 0.50469 -0 53
477 529 17 0.763 0.7662 155.794 155.698 -0.34484 0.52269 -0 54
477 457 18 0.6468 0.6463 152.28 151.919 -0.26084 0.46869 -0 52
477 359 19 0.6911 0.6814 156.137 155.964 -0.30884 0.46269 0 54
477 437 20 0.7191 0.7243 148.679 149.148 -0.26684 0.54669 -0 53
477 366 21 0.6859 0.689 147.277 147.916 -0.24284 0.52869 -0 53
477 443 22 0.6633 0.6561 152.836 152.9 -0.27284 0.46869 -0 52
477 440 23 0.6668 0.6662 158.417 159.133 -0.32684 0.42669 0 53
477 417 24 0.6792 0.6734 151.572 151.333 -0.26684 0.49269 -0 52
477 439 25 0.6671 0.6623 152.14 151.864 -0.26684 0.48069 -0 52
477 486 26 0.6596 0.6622 160.256 160.978 -0.33884 0.40869 -0 53
477 439 27 0.6278 0.6366 150.492 150.908 -0.24884 0.46869 -0 52
477 401 28 0.7038 0.7096 152.663 152.42 -0.29084 0.51069 0 53
477 471 29 0.7086 0.7201 159.828 160.292 -0.36284 0.45069 0 54
477 434 30 0.6635 0.6583 150.467 150.614 -0.25484 0.48669 -0 52
477 452 31 0.7374 0.7415 148.155 148.487 -0.26684 0.56469 -0 53
477 538 32 0.7774 0.7767 156.248 156.478 -0.35684 0.52269 -0 54
477 400 33 0.6901 0.6887 152.125 152.021 -0.27884 0.49869 0 53
477 456 34 0.6468 0.6463 152.345 151.919 -0.26084 0.46869 -0 52
477 404 35 0.6841 0.6776 152.743 152.551 -0.27884 0.48669 0 53
477 405 36 0.6924 0.6969 149.366 149.606 -0.26084 0.52269 -0 53
477 415 37 0.6669 0.6602 155.719 155.66 -0.29684 0.45069 0 53
477 371 38 0.684 0.689 147.617 147.916 -0.24284 0.52869 -0 53
477 441 39 0.6767 0.6768 158.739 159.232 -0.33284 0.43269 0 53
477 539 40 0.772 0.7714 156.175 156.091 -0.35084 0.52269 -0 54
477 472 41 0.7254 0.7327 150.411 150.743 -0.28484 0.54069 -0 53
477 404 42 0.72 0.7396 155.677 156.369 -0.33884 0.49869 0 54
477 424 43 0.6194 0.622 146.77 146.391 -0.20684 0.48669 -1 53
477 499 44 0.7578 0.7591 150.624 150.924 -0.29684 0.55869 -0 54
477 447 45 0.715 0.7233 149.397 149.837 -0.27284 0.54069 -0 53
477 444 46 0.6466 0.6479 150.036 150.373 -0.24884 0.48069 -0 52
477 484 47 0.679 0.6729 161.006 161.048 -0.34484 0.41469 0 54
477 446 48 0.6321 0.6352 152.274 152.483 -0.26084 0.45669 -0 51
477 456 49 0.6423 0.6453 159.028 159.705 -0.32084 0.40869 -0 53
520 454 0 0.6699 0.6696 149.701 150.101 -0.25484 0.49869 -0 53
520 549 1 0.7494 0.7527 151.742 151.819 -0.30284 0.54669 -0 54
520 420 2 0.67 0.6686 147.542 147.365 -0.23084 0.51669 -1 53
520 439 3 0.6764 0.6656 155.619 155.36 -0.29684 0.45669 0 53
520 576 4 0.7317 0.7414 160.334 160.438 -0.37484 0.46269 -0 54
520 431 5 0.7162 0.7238 146.282 146.619 -0.24284 0.56469 -0 54
520 448 6 0.6883 0.6903 150.59 150.569 -0.26684 0.51069 -0 53
520 487 7 0.7147 0.7263 151.586 151.669 -0.29084 0.52869 -0 54
520 467 8 0.709 0.7152 152.074 152.166 -0.29084 0.51669 -0 54
520 614 9 0.7614 0.7622 159.913 159.919 -0.38084 0.48069 -0 54
520 459 10 0.6457 0.6455 148.202 148.314 -0.23084 0.49269 -1 53
520 481 11 0.6632 0.6556 153.867 153.665 -0.27884 0.46269 -0 53
520 487 12 0.66 0.6556 153.738 153.665 -0.27884 0.46269 -0 52
520 431 13 0.6236 0.6285 155.075 155.166 -0.27884 0.43269 0 52
520 458 14 0.6952 0.7007 150.545 150.793 -0.27284 0.51669 -0 53
520 497 15 0.6521 0.6519 151.465 151.644 -0.26084 0.47469 -0 52
520 487 16 0.7298 0.7358 148.302 148.704 -0.26684 0.55869 -0 54
520 584 17 0.7358 0.7465 159.739 160.138 -0.37484 0.46869 -0 54
520 449 18 0.6838 0.6847 150.774 150.82 -0.26684 0.50469 -0 53
520 423 19 0.6143 0.6292 153.452 153.569 -0.26684 0.44469 0 52
520 500 20 0.6212 0.6301 159.995 160.756 -0.32084 0.39069 -0 53
520 546 21 0.773 0.7761 147.331 147.252 -0.26684 0.60069 -0 54
520 531 22 0.7618 0.7621 148.755 148.955 -0.27884 0.57669 -0 54
520 475 23 0.6265 0.6319 149.734 150.391 -0.24284 0.46869 -0 52
520 550 24 0.7634 0.7631 151.673 152.007 -0.30884 0.55269 -0 55
520 475 25 0.6251 0.6236 146.3 145.598 -0.20084 0.49269 -1 53
520 509 26 0.7365 0.7503 156.149 157.166 -0.35084 0.49869 -0 54
520 428 27 0.708 0.7166 147.029 147.518 -0.24884 0.55269 -0 54
520 460 28 0.6779 0.6727 152.279 152.077 -0.27284 0.48669 -0 53
520 524 29 0.7261 0.7404 157.913 159.084 -0.36284 0.47469 0 54
520 439 30 0.6752 0.6708 156.046 155.814 -0.30284 0.45669 0 53
520 612 31 0.761 0.7572 160.266 160.212 -0.38084 0.47469 -0 54
520 529 32 0.7374 0.7504 156.839 157.836 -0.35684 0.49269 -0 54
520 435 33 0.628 0.6337 156.238 156.441 -0.29084 0.42669 -0 53
520 414 34 0.6717 0.6686 147.034 147.365 -0.23084 0.51669 -1 54
520 601 35 0.7746 0.7669 159.201 158.976 -0.37484 0.49269 -0 54
520 515 36 0.6361 0.6408 159.967 160.832 -0.32684 0.39669 -0 53
520 513 37 0.7445 0.7506 148.869 149.387 -0.27884 0.56469 -0 54
520 467 38 0.7228 0.7397 156.37 157.048 -0.34484 0.49269 0 54
520 422 39 0.6894 0.6826 153.689 153.018 -0.28484 0.48669 0 54
520 508 40 0.7275 0.7361 152.659 152.546 -0.30284 0.52869 -0 54
520 485 41 0.6315 0.6366 151.034 150.908 -0.24884 0.46869 -0 52
520 515 42 0.7505 0.7575 148.076 148.511 -0.27284 0.57669 -0 54
520 491 43 0.6566 0.6519 151.393 151.644 -0.26084 0.47469 -0 52
520 518 44 0.7206 0.7353 158.33 159.38 -0.36284 0.46869 0 54
520 465 45 0.6426 0.6445 157.653 158.148 -0.30884 0.42069 -0 53
520 457 46 0.6427 0.6443 156.339 156.589 -0.29684 0.43269 0 53
520 543 47 0.7479 0.7479 151.253 151.388 -0.29684 0.54669 -0 54
520 482 48 0.7119 0.7176 149.404 150.071 -0.27284 0.53469 -0 54
520 461 49 0.6729 0.6611 153.84 153.38 -0.27884 0.46869 0 53
564 608 0 0.758 0.7615 153.979 153.981 -0.32684 0.53469 -0 55
564 580 1 0.7662 0.7647 150.815 150.697 -0.29684 0.56469 -0 55
564 514 2 0.6747 0.6713 158.367 158.809 -0.32684 0.43269 0 55
564 503 3 0.6279 0.6342 153.885 154.064 -0.27284 0.44469 -0 53
564 532 4 0.6616 0.6561 153.029 152.9 -0.27284 0.46869 -0 53
564 551 5 0.7257 0.728 149.989 150.293 -0.27884 0.54069 -0 55
564 451 6 0.6166 0.6232 155.451 155.482 -0.27884 0.42669 0 53
564 539 7 0.6879 0.688 159.736 160.056 -0.34484 0.43269 -0 55
564 603 8 0.775 0.773 152.61 152.839 -0.32084 0.55269 -0 56
564 594 9 0.7501 0.752 152.396 152.485 -0.30884 0.54069 -0 55
564 588 10 0.7454 0.7471 152.065 152.058 -0.30284 0.54069 -0 55
564 465 11 0.6824 0.6761 155.734 155.518 -0.30284 0.46269 0 54
564 527 12 0.6481 0.6479 149.983 150.373 -0.24884 0.48069 -1 53
564 567 13 0.6438 0.6458 160.228 160.482 -0.32684 0.40269 -0 54
564 509 14 0.6334 0.6393 154.307 154.551 -0.27884 0.44469 -0 53
564 611 15 0.7611 0.7664 154.627 155.043 -0.33884 0.52869 -0 55
564 532 16 0.6344 0.6407 152.256 152.199 -0.26084 0.46269 -0 52
564 529 17 0.7294 0.7358 148.522 148.704 -0.26684 0.55869 -0 55
564 492 18 0.6777 0.6721 153.353 152.823 -0.27884 0.48069 -0 54
564 595 19 0.7537 0.7615 154.032 153.981 -0.32684 0.53469 -0 55
564 634 20 0.7409 0.7471 160.918 160.809 -0.38084 0.46269 -0 55
564 578 21 0.739 0.7416 152.083 152.3 -0.30284 0.53469 -0 55
564 520 22 0.692 0.6931 159.103 159.735 -0.34484 0.43869 0 55
564 501 23 0.6441 0.6397 148.256 148.562 -0.23084 0.48669 -1 53
564 572 24 0.7385 0.7465 152.779 152.729 -0.30884 0.53469 -0 55
564 540 25 0.6532 0.6519 151.771 151.644 -0.26084 0.47469 -0 53
564 536 26 0.6384 0.6401 152.868 152.981 -0.26684 0.45669 -0 52
564 488 27 0.674 0.6656 155.809 155.36 -0.29684 0.45669 0 54
564 567 28 0.7346 0.7383 150.352 150.509 -0.28484 0.54669 -0 55
564 511 29 0.6254 0.622 146.692 146.391 -0.20684 0.48669 -1 54
564 513 30 0.6804 0.682 158.517 158.912 -0.33284 0.43869 0 55
564 505 31 0.6427 0.6397 148.328 148.562 -0.23084 0.48669 -1 53
564 536 32 0.6527 0.6506 153.619 153.184 -0.27284 0.46269 -0 53
564 515 33 0.6205 0.6178 146.419 145.829 -0.20084 0.48669 -1 54
564 522 34 0.6277 0.6352 152.169 152.483 -0.26084 0.45669 -0 52
564 499 35 0.618 0.6254 151.528 151.463 -0.24884 0.45669 -0 53
564 538 36 0.7254 0.7289 149.126 149.608 -0.27284 0.54669 -0 54
564 567 37 0.6672 0.6672 160.198 160.638 -0.33884 0.41469 -0 55
564 509 38 0.6127 0.6189 159.28 159.866 -0.30884 0.39069 -0 54
564 486 39 0.6737 0.6655 156.883 156.87 -0.30884 0.44469 0 54
564 594 40 0.7523 0.7608 156.076 156.621 -0.35084 0.51069 -0 55
564 507 41 0.6572 0.6536 149.548 150.112 -0.24884 0.48669 -1 53
564 489 42 0.6776 0.6752 149.938 149.851 -0.25484 0.50469 -0 54
564 492 43 0.6465 0.6439 146.691 146.243 -0.21284 0.50469 -1 54
564 610 44 0.7604 0.7661 155.996 156.354 -0.35084 0.51669 -0 55
564 489 45 0.6597 0.6557 148.446 148.589 -0.23684 0.49869 -1 53
564 530 46 0.6578 0.6574 151.399 151.374 -0.26084 0.48069 -0 53
564 451 47 0.7117 0.7242 154.4 154.435 -0.31484 0.50469 0 55
564 512 48 0.7133 0.7186 148.655 149.376 -0.26684 0.54069 -0 54
564 515 49 0.6468 0.65 157.921 158.594 -0.31484 0.42069 -0 54
607 632 0 0.7733 0.7748 147.647 147.893 -0.27284 0.59469 -1 55
607 498 1 0.686 0.6763 154.896 154.775 -0.29684 0.46869 0 55
607 568 2 0.7105 0.7159 151.15 151.466 -0.28484 0.52269 -0 55
607 521 3 0.6131 0.6184 158.21 159.055 -0.30284 0.39669 -0 54
607 492 4 0.6937 0.6876 153.93 153.478 -0.29084 0.48669 0 55
607 493 5 0.6923 0.6921 156.957 157.56 -0.32684 0.45669 0 56
607 543 6 0.6607 0.6602 156.762 157.182 -0.30884 0.43869 -0 54
607 610 7 0.6378 0.6408 160.37 160.832 -0.32684 0.39669 -0 55
607 557 8 0.6451 0.6445 155.205 155.03 -0.28484 0.44469 -0 53
607 628 9 0.7465 0.7556 156.564 156.892 -0.35084 0.50469 -0 56
607 476 10 0.6959 0.6926 154.446 153.932 -0.29684 0.48669 0 55
607 549 11 0.6564 0.6536 149.511 150.112 -0.24884 0.48669 -1 54
607 566 12 0.664 0.6561 153.328 152.9 -0.27284 0.46869 -0 54
607 546 13 0.6184 0.6263 150.503 150.664 -0.24284 0.46269 -0 53
607 618 14 0.7355 0.7452 157.347 158.119 -0.35684 0.48669 -0 56
607 606 15 0.7386 0.746 153.585 153.401 -0.31484 0.52869 -0 56
607 539 16 0.6732 0.6743 150.472 150.591 -0.26084 0.49869 -1 54
607 570 17 0.7295 0.7358 148.447 148.704 -0.26684 0.55869 -1 55
607 576 18 0.7397 0.7473 147.8 148.273 -0.26684 0.57069 -1 55
607 555 19 0.6311 0.6346 153.597 153.273 -0.26684 0.45069 -0 53
607 533 20 0.6215 0.6292 153.248 153.569 -0.26684 0.44469 -0 53
607 690 21 0.7727 0.7678 160.323 160.283 -0.38684 0.48069 -1 55
607 692 22 0.7504 0.7572 160.02 160.212 -0.38084 0.47469 -0 55
607 564 23 0.6522 0.6479 150.083 150.373 -0.24884 0.48069 -1 53
607 627 24 0.7752 0.7793 148.421 148.33 -0.27884 0.59469 -1 56
607 613 25 0.6702 0.6729 160.757 161.048 -0.34484 0.41469 -0 55
607 591 26 0.6501 0.656 159.295 159.797 -0.32684 0.41469 -0 55
607 558 27 0.6559 0.6499 154.995 154.728 -0.28484 0.45069 -0 54
607 653 28 0.755 0.7609 157.041 157.281 -0.35684 0.50469 -0 56
607 684 29 0.7705 0.772 158.56 158.695 -0.37484 0.49869 -0 55
607 632 30 0.747 0.7515 153.147 153.152 -0.31484 0.53469 -0 56
607 507 31 0.7143 0.7291 156.155 156.927 -0.33884 0.48669 0 56
607 564 32 0.6557 0.6607 158.248 158.703 -0.32084 0.42669 -0 55
607 610 33 0.7429 0.7507 154.48 154.488 -0.32684 0.52269 -0 56
607 619 34 0.758 0.76 150.305 150.266 -0.29084 0.56469 -1 56
607 470 35 0.6959 0.6921 155.689 155.382 -0.30884 0.47469 0 56
607 640 36 0.7462 0.7557 157.192 157.557 -0.35684 0.49869 -0 56
607 583 37 0.6599 0.6611 158.991 159.463 -0.32684 0.42069 -0 55
607 581 38 0.6471 0.647 151.029 151.145 -0.25484 0.47469 -1 53
607 629 39 0.7507 0.761 155.179 155.3 -0.33884 0.52269 -0 56
607 683 40 0.7591 0.7614 158.296 158.601 -0.36884 0.49269 -0 55
607 587 41 0.7383 0.7403 148.692 149.159 -0.27284 0.55869 -1 55
607 555 42 0.6571 0.655 155.55 155.198 -0.29084 0.45069 -0 54
607 563 43 0.6677 0.6623 152.223 151.864 -0.26684 0.48069 -0 54
607 619 44 0.6382 0.6416 160.921 161.613 -0.33284 0.39069 -0 55
607 624 45 0.76 0.7591 150.671 150.924 -0.29684 0.55869 -1 56
607 621 46 0.7777 0.7724 149.398 149.179 -0.28484 0.58269 -1 56
607 584 47 0.6436 0.6457 152.81 152.695 -0.26684 0.46269 -0 53
607 693 48 0.7553 0.7578 160.765 160.873 -0.38684 0.46869 -0 55
607 512 49 0.6814 0.682 148.447 148.873 -0.24884 0.51669 -1 55
651 630 0 0.7337 0.7405 153.832 153.654 -0.31484 0.52269 -0 57
651 543 1 0.7095 0.718 146.478 146.826 -0.24284 0.55869 -1 56
651 550 2 0.6228 0.6284 155.838 155.966 -0.28484 0.42669 -0 54
651 622 3 0.7223 0.728 149.565 150.293 -0.27884 0.54069 -1 56
651 701 4 0.7343 0.7409 159.415 159.762 -0.36884 0.46869 -0 56
651 604 5 0.7095 0.7246 158.564 159.292 -0.35684 0.46269 0 57
651 639 6 0.6902 0.6886 160.64 160.785 -0.35084 0.42669 -0 57
651 691 7 0.7479 0.7559 157.491 158.221 -0.36284 0.49269 -0 56
651 649 8 0.7325 0.7367 151.386 151.866 -0.29684 0.53469 -1 56
651 728 9 0.7752 0.7724 159.394 159.345 -0.38084 0.49269 -1 56
651 667 10 0.7462 0.751 153.626 153.82 -0.32084 0.52869 -0 57
651 571 11 0.6847 0.6817 157.858 158.175 -0.32684 0.44469 0 56
651 608 12 0.6405 0.6449 158.436 158.927 -0.31484 0.41469 -0 55
651 606 13 0.6644 0.6607 158.386 158.703 -0.32084 0.42669 -0 56
651 597 14 0.6563 0.6536 149.681 150.112 -0.24884 0.48669 -1 54
651 548 15 0.6986 0.6986 153.026 152.941 -0.29084 0.49869 -0 56
651 727 16 0.7484 0.7566 159.303 159.549 -0.37484 0.48069 -0 56
651 728 17 0.7506 0.7521 160.89 160.508 -0.38084 0.46869 -0 56
651 603 18 0.707 0.7111 151.011 151.01 -0.27884 0.52269 -0 55
651 677 19 0.7517 0.7561 153.907 154.233 -0.32684 0.52869 -0 57
651 589 20 0.6201 0.6263 150.764 150.664 -0.24284 0.46269 -0 54
651 592 21 0.6657 0.6604 155.194 154.899 -0.29084 0.45669 -0 55
651 670 22 0.7508 0.7535 151.019 151.154 -0.29684 0.55269 -1 56
651 598 23 0.6422 0.6445 155.09 155.03 -0.28484 0.44469 -0 54
651 660 24 0.7709 0.7703 150.662 150.473 -0.29684 0.57069 -1 57
651 611 25 0.6794 0.6768 159.056 159.232 -0.33284 0.43269 -0 56
651 650 26 0.7425 0.7502 155.981 156.497 -0.34484 0.50469 -0 57
651 658 27 0.76 0.7633 148.295 148.302 -0.27284 0.58269 -1 56
651 632 28 0.7437 0.7461 148.488 148.94 -0.27284 0.56469 -1 56
651 599 29 0.6277 0.6329 149.459 149.602 -0.23684 0.47469 -1 54
651 685 30 0.755 0.7565 153.516 153.569 -0.32084 0.53469 -0 57
651 562 31 0.6867 0.6866 149.009 149.363 -0.25484 0.51669 -1 55
651 613 32 0.7367 0.7415 147.897 148.487 -0.26684 0.56469 -1 56
651 628 33 0.7301 0.7346 149.287 149.382 -0.27284 0.55269 -1 56
651 582 34 0.6164 0.6237 148.321 148.535 -0.22484 0.47469 -1 55
651 609 35 0.6247 0.6295 159.248 159.96 -0.31484 0.39669 -0 55
651 545 36 0.6913 0.6826 153.406 153.018 -0.28484 0.48669 -0 56
651 655 37 0.6404 0.6465 160.514 161.257 -0.33284 0.39669 -0 55
651 617 38 0.6403 0.6414 150.828 151.417 -0.25484 0.46869 -1 54
651 544 39 0.6907 0.6921 157.241 157.56 -0.32684 0.45669 0 56
651 681 40 0.7542 0.7609 155.845 155.961 -0.34484 0.51669 -0 57
651 548 41 0.6819 0.671 155.564 155.065 -0.29684 0.46269 -0 56
651 589 42 0.7115 0.7152 152.514 152.166 -0.29084 0.51669 -0 56
651 612 43 0.6457 0.6479 150.07 150.373 -0.24884 0.48069 -1 54
651 719 44 0.7744 0.7685 161.014 160.936 -0.39284 0.47469 -1 55
651 611 45 0.6398 0.6451 153.641 153.472 -0.27284 0.45669 -0 54
651 571 46 0.6699 0.6649 149.312 149.604 -0.24884 0.49869 -1 55
651 629 47 0.7087 0.7144 159.635 159.904 -0.35684 0.45069 -0 57
651 531 48 0.6155 0.6231 156.372 157.095 -0.29084 0.41469 -0 55
651 513 49 0.7073 0.7132 155.358 155.68 -0.32084 0.48669 0 57
43 131 0 0.7585 0.5388 150.126 153.919 -0.23084 0.37869 1 50
43 131 1 0.7529 0.5388 146.989 153.919 -0.23084 0.37869 1 50
43 132 2 0.662 0.5388 158.263 153.919 -0.23084 0.37869 1 50
43 135 3 0.6213 0.5388 155.978 153.919 -0.23084 0.37869 1 50
43 132 4 0.6909 0.5388 150.775 153.919 -0.23084 0.37869 1 50
43 134 5 0.6367 0.5388 158.552 153.919 -0.23084 0.37869 1 50
43 131 6 0.7042 0.5388 153.196 153.919 -0.23084 0.37869 1 50
43 133 7 0.6819 0.5388 153.401 153.919 -0.23084 0.37869 1 50
43 134 8 0.6204 0.5388 154.087 153.919 -0.23084 0.37869 1 50
43 131 9 0.6699 0.5388 150.574 153.919 -0.23084 0.37869 1 50
43 130 10 0.7381 0.5388 152.473 153.919 -0.23084 0.37869 1 50
43 130 11 0.7037 0.5388 152.689 153.919 -0.23084 0.37869 1 50
43 130 12 0.7058 0.5388 147.072 153.919 -0.23084 0.37869 1 50
43 131 13 0.7687 0.5388 154.808 153.919 -0.23084 0.37869 1 51
43 130 14 0.6771 0.5388 147.301 153.919 -0.23084 0.37869 1 50
43 130 15 0.7373 0.5388 146.365 153.919 -0.23084 0.37869 1 50
43 132 16 0.652 0.5388 149.512 153.919 -0.23084 0.37869 1 50
43 137 17 0.6124 0.5388 154.755 153.919 -0.23084 0.37869 1 50
43 130 18 0.7036 0.5388 154.35 153.919 -0.23084 0.37869 1 50
43 132 19 0.683 0.5388 155.889 153.919 -0.23084 0.37869 1 50
43 131 20 0.7425 0.5388 154.262 153.919 -0.23084 0.37869 1 50
43 133 21 0.6485 0.5388 156.725 153.919 -0.23084 0.37869 1 50
43 139 22 0.7339 0.7622 158.233 159.919 -0.38084 0.48069 1 50
43 137 23 0.6226 0.5388 157.557 153.919 -0.23084 0.37869 1 50
43 129 24 0.7448 0.5388 152.415 153.919 -0.23084 0.37869 1 50
43 129 25 0.699 0.5388 146.756 153.919 -0.23084 0.37869 1 50
43 131 26 0.6682 0.5388 154.221 153.919 -0.23084 0.37869 1 50
43 131 27 0.6963 0.5388 156.252 153.919 -0.23084 0.37869 1 50
43 139 28 0.7674 0.7617 157.923 159.26 -0.37484 0.48669 1 50
43 130 29 0.7767 0.5388 156.746 153.919 -0.23084 0.37869 1 51
43 130 30 0.6863 0.5388 148.602 153.919 -0.23084 0.37869 1 50
43 129 31 0.7202 0.5388 146.965 153.919 -0.23084 0.37869 1 50
43 129 32 0.7017 0.5388 147.792 153.919 -0.23084 0.37869 1 50
43 132 33 0.6558 0.5388 158.034 153.919 -0.23084 0.37869 1 50
43 145 34 0.762 0.7622 158.694 159.919 -0.38084 0.48069 1 50
43 131 35 0.6729 0.5388 156.518 153.919 -0.23084 0.37869 1 50
43 130 36 0.7257 0.7566 157.116 159.549 -0.37484 0.48069 1 50
43 129 37 0.6892 0.5388 157.939 153.919 -0.23084 0.37869 1 50
43 131 38 0.6411 0.5388 151.126 153.919 -0.23084 0.37869 1 50
43 148 39 0.7529 0.7622 159.392 159.919 -0.38084 0.48069 1 50
43 131 40 0.7205 0.5388 157.025 153.919 -0.23084 0.37869 1 50
43 132 41 0.6554 0.5388 154.74 153.919 -0.23084 0.37869 1 50
43 131 42 0.6972 0.5388 160.126 153.919 -0.23084 0.37869 1 50
43 128 43 0.735 0.5388 148.344 153.919 -0.23084 0.37869 1 50
43 131 44 0.6668 0.5388 154.112 153.919 -0.23084 0.37869 1 50
43 132 45 0.6663 0.5388 155.909 153.919 -0.23084 0.37869 1 50
43 131 46 0.7184 0.5388 153.515 153.919 -0.23084 0.37869 1 50
43 129 47 0.7034 0.5388 157.318 153.919 -0.23084 0.37869 1 50
43 148 48 0.7609 0.7622 160.561 159.919 -0.38084 0.48069 1 50
43 130 49 0.701 0.5388 151.217 153.919 -0.23084 0.37869 1 50
87 131 0 0.6691 0.5388 160.596 153.919 -0.23084 0.37869 1 51
87 132 1 0.7207 0.5388 151.153 153.919 -0.23084 0.37869 1 50
87 133 2 0.6609 0.5388 152.357 153.919 -0.23084 0.37869 1 50
87 130 3 0.699 0.7566 156.108 159.549 -0.37484 0.48069 1 50
87 132 4 0.6579 0.5388 148.513 153.919 -0.23084 0.37869 1 50
87 185 5 0.7605 0.7617 158.502 159.26 -0.37484 0.48669 1 50
87 133 6 0.6824 0.5388 150.429 153.919 -0.23084 0.37869 1 50
87 130 7 0.7157 0.5388 146.615 153.919 -0.23084 0.37869 1 50
87 129 8 0.7203 0.5388 148.645 153.919 -0.23084 0.37869 1 50
87 143 9 0.7017 0.7572 158.493 160.212 -0.38084 0.47469 1 50
87 133 10 0.6451 0.5388 156.469 153.919 -0.23084 0.37869 1 50
87 191 11 0.7649 0.7622 159.667 159.919 -0.38084 0.48069 1 50
87 132 12 0.6251 0.5388 153.07 153.919 -0.23084 0.37869 1 50
87 132 13 0.6494 0.5388 151.646 153.919 -0.23084 0.37869 1 50
87 133 14 0.6558 0.5388 151.414 153.919 -0.23084 0.37869 1 50
87 164 15 0.7202 0.7521 160.367 160.508 -0.38084 0.46869 1 50
87 140 16 0.6254 0.5388 155.396 153.919 -0.23084 0.37869 1 50
87 128 17 0.7294 0.5388 146.526 153.919 -0.23084 0.37869 1 50
87 150 18 0.7692 0.7826 152.317 154.29 -0.33884 0.54669 1 51
87 145 19 0.7464 0.7769 154.416 155.184 -0.34484 0.53469 1 50
87 153 20 0.7114 0.7521 160.354 160.508 -0.38084 0.46869 1 50
87 129 21 0.727 0.5388 149.29 153.919 -0.23084 0.37869 1 50
87 130 22 0.7093 0.5388 148.392 153.919 -0.23084 0.37869 1 50
87 130 23 0.7351 0.5388 149.987 153.919 -0.23084 0.37869 1 51
87 131 24 0.6332 0.5388 151.356 153.919 -0.23084 0.37869 1 50
87 137 25 0.6383 0.5388 159.356 153.919 -0.23084 0.37869 1 50
87 159 26 0.7627 0.7821 155.346 155.575 -0.35084 0.53469 1 50
87 136 27 0.6384 0.5388 157.585 153.919 -0.23084 0.37869 1 50
87 130 28 0.7266 0.5388 149.625 153.919 -0.23084 0.37869 1 50
87 139 29 0.7007 0.7572 157.611 160.212 -0.38084 0.47469 1 50
87 131 30 0.6138 0.5388 151.074 153.919 -0.23084 0.37869 1 50
87 128 31 0.7511 0.5388 149.698 153.919 -0.23084 0.37869 1 51
87 131 32 0.7112 0.5388 150.086 153.919 -0.23084 0.37869 1 50
87 128 33 0.7013 0.5388 146.147 153.919 -0.23084 0.37869 1 50
87 137 34 0.761 0.7775 151.455 153.892 -0.33284 0.54669 1 51
87 133 35 0.7205 0.5388 153.557 153.919 -0.23084 0.37869 1 50
87 127 36 0.6178 0.5388 148.614 153.919 -0.23084 0.37869 1 50
87 134 37 0.766 0.7863 146.879 147.495 -0.27284 0.60669 1 50
87 131 38 0.6716 0.5388 154.055 153.919 -0.23084 0.37869 1 50
87 131 39 0.736 0.5388 152.593 153.919 -0.23084 0.37869 1 51
87 130 40 0.7192 0.5388 146.095 153.919 -0.23084 0.37869 1 50
87 138 41 0.7709 0.7863 146.972 147.495 -0.27284 0.60669 1 50
87 158 42 0.7196 0.7566 157.63 159.549 -0.37484 0.48069 1 50
87 131 43 0.6268 0.5388 146.713 153.919 -0.23084 0.37869 1 50
87 133 44 0.6644 0.5388 150.318 153.919 -0.23084 0.37869 1 50
87 130 45 0.673 0.5388 157.121 153.919 -0.23084 0.37869 1 50
87 132 46 0.6532 0.5388 152.556 153.919 -0.23084 0.37869 1 50
87 186 47 0.7724 0.7673 159.228 159.63 -0.38084 0.48669 1 50
87 131 48 0.6836 0.5388 154.649 153.919 -0.23084 0.37869 1 50
87 191 49 0.7672 0.7622 159.601 159.919 -0.38084 0.48069 1 50
130 207 0 0.7754 0.7717 157.634 158.044 -0.36884 0.50469 0 51
130 138 1 0.6366 0.5388 156.401 153.919 -0.23084 0.37869 1 50
130 129 2 0.7083 0.5388 147.425 153.919 -0.23084 0.37869 1 51
130 131 3 0.6407 0.5388 148.838 153.919 -0.23084 0.37869 1 50
130 130 4 0.6335 0.5388 151.573 153.919 -0.23084 0.37869 1 50
130 131 5 0.7344 0.7496 148.421 150.052 -0.28484 0.55869 0 51
130 135 6 0.6393 0.5388 154.312 153.919 -0.23084 0.37869 1 50
130 159 7 0.7628 0.7735 148.842 148.535 -0.27884 0.58869 0 51
130 133 8 0.6877 0.5388 152.017 153.919 -0.23084 0.37869 1 50
130 131 9 0.684 0.7566 156.366 159.549 -0.37484 0.48069 1 50
130 152 10 0.7297 0.7565 152.787 153.569 -0.32084 0.53469 1 51
130 155 11 0.7524 0.7591 149.807 150.924 -0.29684 0.55869 1 51
130 133 12 0.6951 0.5388 148.923 153.919 -0.23084 0.37869 1 50
130 133 13 0.6618 0.5388 156.851 153.919 -0.23084 0.37869 1 50
130 132 14 0.6962 0.5388 149.07 153.919 -0.23084 0.37869 1 50
130 229 15 0.7711 0.7673 159.734 159.63 -0.38084 0.48669 0 50
130 153 16 0.7307 0.757 152.184 152.906 -0.31484 0.54069 1 51
130 153 17 0.7458 0.7535 149.776 151.154 -0.29684 0.55269 1 51
130 183 18 0.7539 0.767 152.64 153.733 -0.32684 0.54069 0 51
130 131 19 0.6195 0.5388 150.405 153.919 -0.23084 0.37869 1 50
130 130 20 0.7325 0.5388 146.256 153.919 -0.23084 0.37869 1 51
130 129 21 0.6177 0.5388 150.272 153.919 -0.23084 0.37869 1 50
130 191 22 0.7562 0.7714 155.512 156.091 -0.35084 0.52269 0 51
130 133 23 0.6572 0.5388 149.549 153.919 -0.23084 0.37869 1 50
130 164 24 0.7394 0.757 152.063 152.906 -0.31484 0.54069 1 51
130 208 25 0.7277 0.7521 160.241 160.508 -0.38084 0.46869 1 51
130 192 26 0.729 0.7566 157.278 159.549 -0.37484 0.48069 1 50
130 133 27 0.6893 0.5388 154.759 153.919 -0.23084 0.37869 1 50
130 133 28 0.6578 0.5388 151.279 153.919 -0.23084 0.37869 1 50
130 131 29 0.6433 0.5388 146.498 153.919 -0.23084 0.37869 1 50
130 127 30 0.6218 0.5388 147.961 153.919 -0.23084 0.37869 1 50
130 147 31 0.6184 0.5393 154.741 152.988 -0.22484 0.38469 1 50
130 132 32 0.631 0.5388 153.002 153.919 -0.23084 0.37869 1 50
130 227 33 0.7443 0.7572 160.134 160.212 -0.38084 0.47469 0 50
130 144 34 0.6895 0.7515 158.131 159.841 -0.37484 0.47469 1 50
130 136 35 0.7083 0.5388 154.236 153.919 -0.23084 0.37869 1 51
130 130 36 0.6248 0.5388 150.543 153.919 -0.23084 0.37869 1 50
130 228 37 0.7607 0.7617 158.704 159.26 -0.37484 0.48669 0 50
130 132 38 0.6469 0.5388 149.6 153.919 -0.23084 0.37869 1 50
130 130 39 0.7016 0.5388 148.735 153.919 -0.23084 0.37869 1 50
130 166 40 0.7683 0.7736 151.078 152.19 -0.31484 0.55869 0 51
130 131 41 0.6439 0.5388 151.043 153.919 -0.23084 0.37869 1 50
130 136 42 0.6196 0.5393 152.731 152.988 -0.22484 0.38469 1 50
130 147 43 0.7536 0.7667 148.903 149.393 -0.28484 0.57669 1 51
130 194 44 0.7578 0.7769 154.856 155.184 -0.34484 0.53469 0 51
130 133 45 0.6598 0.5388 150.025 153.919 -0.23084 0.37869 1 50
130 134 46 0.647 0.5388 156.295 153.919 -0.23084 0.37869 1 50
130 185 47 0.7459 0.7663 156.178 157.665 -0.36284 0.50469 0 51
130 161 48 0.7397 0.7527 151.171 151.819 -0.30284 0.54669 0 51
130 133 49 0.6867 0.5388 151.658 153.919 -0.23084 0.37869 1 50
173 150 0 0.6484 0.647 149.965 151.145 -0.25484 0.47469 0 50
173 158 1 0.6186 0.5388 157.899 153.919 -0.23084 0.37869 1 50
173 162 2 0.6408 0.6457 152.52 152.695 -0.26684 0.46269 1 50
173 206 3 0.7641 0.7748 148.007 147.893 -0.27284 0.59469 0 51
173 194 4 0.7332 0.7515 152.474 153.152 -0.31484 0.53469 0 51
173 190 5 0.7547 0.7621 148.823 148.955 -0.27884 0.57669 0 51
173 149 6 0.6277 0.5388 156.82 153.919 -0.23084 0.37869 1 50
173 140 7 0.6727 0.6561 154.081 152.9 -0.27284 0.46869 1 50
173 129 8 0.6126 0.5388 149.195 153.919 -0.23084 0.37869 1 50
173 139 9 0.7004 0.7263 151.264 151.669 -0.29084 0.52869 1 51
173 269 10 0.7672 0.7617 158.948 159.26 -0.37484 0.48669 0 51
173 243 11 0.7762 0.7767 156.27 156.478 -0.35684 0.52269 0 51
173 230 12 0.7704 0.7725 152.625 153.488 -0.32684 0.54669 0 51
173 172 13 0.695 0.7465 158.041 160.138 -0.37484 0.46869 1 51
173 175 14 0.7192 0.7375 150.869 151.187 -0.29084 0.54069 0 51
173 189 15 0.6588 0.6622 159.777 160.978 -0.33884 0.40869 1 51
173 206 16 0.7672 0.7793 148.18 148.33 -0.27884 0.59469 0 51
173 193 17 0.669 0.6679 160.346 161.388 -0.34484 0.40869 0 51
173 139 18 0.6895 0.7566 155.539 159.549 -0.37484 0.48069 1 50
173 177 19 0.7274 0.761 154.203 155.3 -0.33884 0.52269 0 51
173 167 20 0.7376 0.7518 147.734 148.724 -0.27284 0.57069 0 51
173 137 21 0.6158 0.6359 151.153 151.695 -0.25484 0.46269 1 50
173 245 22 0.7736 0.7826 153.832 154.29 -0.33884 0.54669 0 51
173 131 23 0.6637 0.6662 157.35 159.133 -0.32684 0.42669 1 50
173 143 24 0.6698 0.6574 151.404 151.374 -0.26084 0.48069 1 50
173 130 25 0.7017 0.5388 147.987 153.919 -0.23084 0.37869 1 51
173 210 26 0.772 0.7819 146.077 147.057 -0.26684 0.60669 0 51
173 147 27 0.7139 0.7561 153.572 154.233 -0.32684 0.52869 1 51
173 136 28 0.7042 0.5388 153.342 153.919 -0.23084 0.37869 1 51
173 230 29 0.7518 0.7663 156.341 157.665 -0.36284 0.50469 0 51
173 213 30 0.7359 0.7611 156.255 157.941 -0.36284 0.49869 1 51
173 132 31 0.6613 0.6536 149.383 150.112 -0.24884 0.48669 0 50
173 139 32 0.6249 0.5393 153.508 152.988 -0.22484 0.38469 1 50
173 148 33 0.6662 0.6574 151.459 151.374 -0.26084 0.48069 1 50
173 178 34 0.628 0.6465 159.408 161.257 -0.33284 0.39669 1 50
173 158 35 0.6335 0.6407 151.56 152.199 -0.26084 0.46269 1 50
173 196 36 0.6629 0.6622 160.393 160.978 -0.33884 0.40869 0 51
173 237 37 0.7248 0.7515 158.656 159.841 -0.37484 0.47469 1 51
173 173 38 0.741 0.7563 148.105 149.169 -0.27884 0.57069 0 51
173 192 39 0.7316 0.7423 150.782 151.625 -0.29684 0.54069 0 51
173 156 40 0.6316 0.6407 152.411 152.199 -0.26084 0.46269 0 50
173 237 41 0.7411 0.7614 157.229 158.601 -0.36884 0.49269 1 51
173 269 42 0.7651 0.7617 158.768 159.26 -0.37484 0.48669 0 51
173 192 43 0.7566 0.761 149.184 149.609 -0.28484 0.57069 0 51
173 133 44 0.7218 0.7486 146.361 147.609 -0.26084 0.57669 0 51
173 206 45 0.7659 0.7761 146.283 147.252 -0.26684 0.60069 0 51
173 154 46 0.6283 0.6407 151.788 152.199 -0.26084 0.46269 1 50
173 173 47 0.7257 0.7612 153.95 154.64 -0.33284 0.52869 1 51
173 221 48 0.7143 0.7465 159.445 160.138 -0.37484 0.46869 1 51
173 176 49 0.6373 0.6515 159.05 160.907 -0.33284 0.40269 1 50
217 309 0 0.7453 0.7572 159.658 160.212 -0.38084 0.47469 0 51
217 151 1 0.6257 0.5393 155.501 152.988 -0.22484 0.38469 1 50
217 235 2 0.7176 0.7511 157.166 159.174 -0.36884 0.48069 0 51
217 245 3 0.7562 0.7591 150.653 150.924 -0.29684 0.55869 0 51
217 171 4 0.6572 0.6604 157.206 157.943 -0.31484 0.43269 1 51
217 207 5 0.6469 0.6463 151.759 151.919 -0.26084 0.46869 0 50
217 246 6 0.7701 0.7687 151.097 151.774 -0.30884 0.55869 0 51
217 173 7 0.7138 0.7346 147.635 149.382 -0.27284 0.55269 0 51
217 292 8 0.77 0.7717 157.598 158.044 -0.36884 0.50469 0 51
217 212 9 0.6988 0.7307 159.067 160.367 -0.36884 0.45669 1 51
217 215 10 0.6909 0.6886 160.4 160.785 -0.35084 0.42669 1 51
217 175 11 0.6313 0.634 148.171 148.815 -0.23084 0.48069 0 50
217 300 12 0.7651 0.7665 158.012 158.321 -0.36884 0.49869 0 51
217 159 13 0.6728 0.6602 156.1 155.66 -0.29684 0.45069 1 51
217 220 14 0.7275 0.746 152.992 153.401 -0.31484 0.52869 0 51
217 239 15 0.774 0.776 150.237 150.253 -0.29684 0.57669 0 51
217 177 16 0.7126 0.7355 153.188 153.228 -0.30884 0.52269 1 51
217 169 17 0.6141 0.6272 149.267 149.867 -0.23684 0.46869 0 50
217 158 18 0.6857 0.6672 153.399 152.347 -0.27284 0.48069 1 51
217 218 19 0.7066 0.746 157.583 159.466 -0.36884 0.47469 1 51
217 179 20 0.672 0.6561 154.205 152.9 -0.27284 0.46869 1 50
217 135 21 0.6675 0.6455 146.936 145.477 -0.20684 0.51069 0 51
217 187 22 0.6271 0.6366 149.782 150.908 -0.24884 0.46869 0 50
217 165 23 0.7103 0.7405 153.5 153.654 -0.31484 0.52269 1 51
217 166 24 0.676 0.6713 157.6 158.809 -0.32684 0.43269 1 51
217 203 25 0.6524 0.6519 151.49 151.644 -0.26084 0.47469 0 50
217 278 26 0.7422 0.7614 157.388 158.601 -0.36884 0.49269 0 51
217 146 27 0.6954 0.7047 152.358 151.967 -0.28484 0.51069 1 51
217 163 28 0.6221 0.6397 154.018 153.766 -0.27284 0.45069 1 50
217 243 29 0.7696 0.7735 149.025 148.535 -0.27884 0.58869 0 51
217 204 30 0.7318 0.745 148.259 149.608 -0.27884 0.55869 0 51
217 168 31 0.6574 0.6604 157.028 157.943 -0.31484 0.43269 1 51
217 277 32 0.724 0.7414 159.899 160.438 -0.37484 0.46269 0 51
217 218 33 0.6234 0.6358 159.661 161.188 -0.32684 0.39069 0 51
217 218 34 0.7308 0.7558 154.066 154.897 -0.33284 0.52269 0 51
217 267 35 0.7234 0.7515 158.577 159.841 -0.37484 0.47469 0 51
217 164 36 0.618 0.5388 155.932 153.919 -0.23084 0.37869 1 50
217 183 37 0.6722 0.6616 153.166 152.621 -0.27284 0.47469 1 50
217 300 38 0.7438 0.7566 158.551 159.549 -0.37484 0.48069 0 51
217 167 39 0.6807 0.6679 151.905 151.597 -0.26684 0.48669 0 51
217 151 40 0.6684 0.6649 148.779 149.604 -0.24884 0.49869 0 51
217 179 41 0.6896 0.7358 158.164 160.062 -0.36884 0.46269 1 51
217 162 42 0.6183 0.5393 155.554 152.988 -0.22484 0.38469 1 50
217 182 43 0.69 0.7358 158.341 160.062 -0.36884 0.46269 1 51
217 309 44 0.7435 0.7521 160.325 160.508 -0.38084 0.46869 0 51
217 176 45 0.6577 0.6499 155.73 154.728 -0.28484 0.45069 1 50
217 189 46 0.7241 0.7403 147.828 149.159 -0.27284 0.55869 0 51
217 215 47 0.6314 0.6408 159.289 160.832 -0.32684 0.39669 0 51
217 271 48 0.7639 0.7725 152.67 153.488 -0.32684 0.54669 0 51
217 191 49 0.6163 0.6094 146.335 144.682 -0.18884 0.48669 0 51
260 291 0 0.7671 0.7761 146.571 147.252 -0.26684 0.60069 0 51
260 225 1 0.7042 0.7215 151.009 151.221 -0.28484 0.52869 0 51
260 219 2 0.7052 0.7207 151.829 151.915 -0.29084 0.52269 0 51
260 248 3 0.7211 0.7504 156.064 157.836 -0.35684 0.49269 0 51
260 210 4 0.6486 0.655 157.04 157.499 -0.30884 0.43269 1 51
260 208 5 0.6388 0.6352 147.536 148.031 -0.22484 0.48669 0 51
260 312 6 0.7309 0.7511 157.967 159.174 -0.36884 0.48069 0 51
260 261 7 0.6912 0.6836 160.827 161.115 -0.35084 0.42069 0 51
260 236 8 0.6535 0.6611 158.318 159.463 -0.32684 0.42069 0 51
260 276 9 0.739 0.7609 155.028 155.961 -0.34484 0.51669 0 51
260 262 10 0.734 0.744 149.31 150.279 -0.28484 0.55269 0 51
260 233 11 0.6932 0.6987 159.063 160.137 -0.35084 0.43869 1 51
260 217 12 0.7001 0.7119 149.67 150.308 -0.27284 0.52869 0 51
260 220 13 0.6561 0.6499 155.535 154.728 -0.28484 0.45069 1 51
260 200 14 0.6697 0.6602 156.559 156.421 -0.30284 0.44469 1 51
260 206 15 0.6672 0.6656 157.177 157.625 -0.31484 0.43869 1 51
260 314 16 0.7318 0.7511 158.019 159.174 -0.36884 0.48069 0 51
260 281 17 0.7739 0.7751 150.754 150.897 -0.30284 0.57069 0 52
260 280 18 0.7747 0.7713 150.101 149.825 -0.29084 0.57669 0 52
260 258 19 0.6554 0.6616 159.211 160.221 -0.33284 0.41469 0 51
260 317 20 0.7713 0.7725 153.044 153.488 -0.32684 0.54669 0 52
260 311 21 0.7568 0.767 153.245 153.733 -0.32684 0.54069 0 51
260 200 22 0.6314 0.6391 155.496 155.336 -0.28484 0.43869 0 50
260 176 23 0.6946 0.6776 153.362 152.551 -0.27884 0.48669 1 51
260 187 24 0.6888 0.6721 153.622 152.823 -0.27884 0.48069 1 51
260 230 25 0.7325 0.7486 146.704 147.609 -0.26084 0.57669 0 51
260 231 26 0.625 0.6402 158.558 160.05 -0.32084 0.40269 0 51
260 352 27 0.7511 0.7566 158.995 159.549 -0.37484 0.48069 0 51
260 207 28 0.6977 0.7159 151.216 151.466 -0.28484 0.52269 0 51
260 262 29 0.7334 0.7558 154.358 154.897 -0.33284 0.52269 0 51
260 204 30 0.6127 0.6303 151.515 151.977 -0.25484 0.45669 0 50
260 199 31 0.6852 0.6672 153.135 152.347 -0.27284 0.48069 0 51
260 329 32 0.7521 0.7614 157.521 158.601 -0.36884 0.49269 0 51
260 267 33 0.7366 0.744 149.454 150.279 -0.28484 0.55269 0 51
260 176 34 0.693 0.7511 155.946 159.174 -0.36884 0.48069 1 51
260 298 35 0.7745 0.7819 146.618 147.057 -0.26684 0.60669 0 51
260 237 36 0.7088 0.7215 151.072 151.221 -0.28484 0.52869 0 51
260 247 37 0.6364 0.6458 158.867 160.482 -0.32684 0.40269 0 51
260 278 38 0.7609 0.7667 149.215 149.393 -0.28484 0.57669 0 51
260 257 39 0.6472 0.6565 159.165 160.561 -0.33284 0.40869 0 51
260 351 40 0.7742 0.7673 159.505 159.63 -0.38084 0.48669 0 51
260 247 41 0.6449 0.6457 152.346 152.695 -0.26684 0.46269 0 50
260 232 42 0.6482 0.6479 149.802 150.373 -0.24884 0.48069 0 50
260 239 43 0.635 0.6401 152.798 152.981 -0.26684 0.45669 0 50
260 176 44 0.6145 0.5388 156.069 153.919 -0.23084 0.37869 1 51
260 348 45 0.7635 0.7669 158.385 158.976 -0.37484 0.49269 0 51
260 190 46 0.6556 0.6468 147.363 147.545 -0.22484 0.49869 0 51
260 321 47 0.7631 0.7721 154.046 154.138 -0.33284 0.54069 0 51
260 278 48 0.758 0.7659 146.321 147.003 -0.26084 0.59469 0 51
260 218 49 0.6227 0.6329 148.942 149.602 -0.23684 0.47469 0 50
304 324 0 0.6439 0.6465 160.479 161.257 -0.33284 0.39669 0 51
304 298 1 0.7291 0.7393 149.341 149.833 -0.27884 0.55269 0 51
304 277 2 0.6137 0.6301 159.401 160.756 -0.32084 0.39069 0 51
304 264 3 0.6668 0.6556 154.541 153.665 -0.27884 0.46269 0 51
304 311 4 0.7403 0.744 149.567 150.279 -0.28484 0.55269 0 52
304 252 5 0.6515 0.6549 156.615 156.732 -0.30284 0.43869 0 51
304 328 6 0.7348 0.7559 156.78 158.221 -0.36284 0.49269 0 52
304 306 7 0.6686 0.6672 159.77 160.638 -0.33884 0.41469 0 51
304 402 8 0.7605 0.7572 160.238 160.212 -0.38084 0.47469 0 51
304 246 9 0.6658 0.6602 156.402 156.421 -0.30284 0.44469 0 51
304 281 10 0.6332 0.6414 151.169 151.417 -0.25484 0.46869 0 50
304 269 11 0.6247 0.6352 152.006 152.483 -0.26084 0.45669 0 50
304 307 12 0.7261 0.7367 151.84 151.866 -0.29684 0.53469 0 52
304 216 13 0.6696 0.6672 147.725 148.108 -0.23684 0.51069 0 51
304 301 14 0.7094 0.7358 158.552 160.062 -0.36884 0.46269 0 52
304 283 15 0.7286 0.7503 155.076 155.827 -0.33884 0.51069 0 52
304 226 16 0.6815 0.6658 155.591 154.606 -0.29084 0.46269 0 51
304 251 17 0.6664 0.6592 149.667 149.856 -0.24884 0.49269 0 51
304 339 18 0.7175 0.7364 160.147 160.743 -0.37484 0.45669 0 52
304 299 19 0.724 0.7311 152.07 152.111 -0.29684 0.52869 0 52
304 294 20 0.7258 0.7504 156.198 157.836 -0.35684 0.49269 0 52
304 263 21 0.6246 0.6352 152.754 152.483 -0.26084 0.45669 0 50
304 226 22 0.6891 0.6721 153.396 152.823 -0.27884 0.48069 0 51
304 230 23 0.6891 0.6727 152.853 152.077 -0.27284 0.48669 0 51
304 247 24 0.7139 0.7255 147.45 148.461 -0.26084 0.55269 0 51
304 328 25 0.7151 0.7358 159.404 160.062 -0.36884 0.46269 0 52
304 255 26 0.6446 0.6496 155.801 155.501 -0.29084 0.44469 0 51
304 271 27 0.6686 0.6567 152.441 152.136 -0.26684 0.47469 0 51
304 188 28 0.6903 0.6962 146.339 146.977 -0.23684 0.54069 0 51
304 243 29 0.6476 0.638 146.842 146.473 -0.21284 0.49869 -0 51
304 338 30 0.7477 0.7612 154.527 154.64 -0.33284 0.52869 0 52
304 281 31 0.7387 0.75 146.235 146.947 -0.25484 0.58269 0 52
304 349 32 0.737 0.7507 157.481 158.505 -0.36284 0.48669 0 52
304 290 33 0.651 0.656 158.81 159.797 -0.32684 0.41469 0 51
304 354 34 0.7568 0.7661 155.876 156.354 -0.35084 0.51669 0 52
304 261 35 0.7013 0.7353 157.791 159.38 -0.36284 0.46869 0 52
304 283 36 0.701 0.7201 158.988 160.292 -0.36284 0.45069 0 52
304 251 37 0.6429 0.6497 157.133 157.821 -0.30884 0.42669 0 51
304 308 38 0.7526 0.7575 148.23 148.511 -0.27284 0.57669 -0 52
304 188 39 0.6848 0.6774 146.236 145.674 -0.21884 0.53469 0 51
304 242 40 0.6943 0.7073 149.27 149.842 -0.26684 0.52869 0 51
304 270 41 0.7094 0.7176 149.317 150.071 -0.27284 0.53469 0 51
304 256 42 0.6478 0.6496 155.909 155.501 -0.29084 0.44469 0 51
304 294 43 0.7296 0.7556 155.673 156.892 -0.35084 0.50469 0 52
304 260 44 0.6413 0.6386 148.684 149.342 -0.23684 0.48069 0 51
304 255 45 0.6193 0.6272 148.996 149.867 -0.23684 0.46869 0 51
304 216 46 0.6182 0.6339 155.067 154.856 -0.27884 0.43869 0 51
304 257 47 0.7248 0.737 146.957 148.028 -0.26084 0.56469 0 52
304 215 48 0.69 0.698 147.747 148.891 -0.25484 0.52869 0 51
304 366 49 0.7654 0.7662 156.715 157.01 -0.35684 0.51069 0 52
347 361 0 0.712 0.7257 160.495 160.675 -0.36884 0.45069 0 52
347 426 1 0.7413 0.7465 159.84 160.138 -0.37484 0.46869 0 52
347 283 2 0.7145 0.73 153.655 153.483 -0.30884 0.51669 0 52
347 253 3 0.6945 0.6881 153.456 152.749 -0.28484 0.49269 0 52
347 305 4 0.6218 0.6303 151.535 151.977 -0.25484 0.45669 0 51
347 332 5 0.6477 0.6457 152.712 152.695 -0.26684 0.46269 0 51
347 291 6 0.6954 0.7063 150.116 150.548 -0.27284 0.52269 0 51
347 313 7 0.6643 0.6556 153.881 153.665 -0.27884 0.46269 0 51
347 290 8 0.7127 0.725 153.155 153.05 -0.30284 0.51669 0 52
347 298 9 0.6737 0.6611 153.7 153.38 -0.27884 0.46869 0 51
347 285 10 0.6128 0.6254 150.872 151.463 -0.24884 0.45669 0 51
347 401 11 0.7435 0.7559 157.554 158.221 -0.36284 0.49269 0 52
347 264 12 0.6937 0.6887 152.755 152.021 -0.27884 0.49869 0 52
347 378 13 0.7475 0.7615 153.648 153.981 -0.32684 0.53469 0 52
347 266 14 0.6885 0.6721 153.749 152.823 -0.27884 0.48069 0 52
347 355 15 0.7292 0.7507 156.891 158.505 -0.36284 0.48669 0 52
347 402 16 0.7586 0.7662 156.539 157.01 -0.35684 0.51069 0 52
347 369 17 0.7621 0.7647 150.291 150.697 -0.29684 0.56469 0 52
347 291 18 0.6135 0.6148 147.771 147.436 -0.21284 0.47469 -0 51
347 421 19 0.7371 0.7465 159.709 160.138 -0.37484 0.46869 0 52
347 253 20 0.6856 0.6708 156.323 155.814 -0.30284 0.45669 0 52
347 278 21 0.6741 0.6656 156.077 155.36 -0.29684 0.45669 0 52
347 296 22 0.6742 0.6611 154.069 153.38 -0.27884 0.46869 0 51
347 326 23 0.7161 0.728 149.695 150.293 -0.27884 0.54069 0 52
347 349 24 0.7357 0.7556 155.829 156.892 -0.35084 0.50469 0 52
347 222 25 0.6978 0.6818 155.41 154.489 -0.29684 0.47469 0 52
347 311 26 0.6648 0.6556 154.289 153.665 -0.27884 0.46269 0 51
347 323 27 0.6309 0.6359 151.621 151.695 -0.25484 0.46269 0 51
347 322 28 0.6636 0.6567 152.302 152.136 -0.26684 0.47469 0 51
347 340 29 0.6831 0.6829 160.132 160.382 -0.34484 0.42669 0 52
347 281 30 0.7198 0.7326 146.595 147.564 -0.25484 0.56469 0 52
347 434 31 0.7631 0.7669 158.606 158.976 -0.37484 0.49269 0 52
347 308 32 0.6662 0.663 151.069 151.109 -0.26084 0.48669 0 51
347 291 33 0.6445 0.6496 156.568 157.048 -0.30284 0.43269 0 51
347 276 34 0.7138 0.7268 146.95 147.777 -0.25484 0.55869 0 52
347 417 35 0.7693 0.7717 157.53 158.044 -0.36884 0.50469 -0 52
347 331 36 0.6744 0.6773 159.3 159.973 -0.33884 0.42669 0 52
347 317 37 0.7319 0.7415 147.694 148.487 -0.26684 0.56469 0 52
347 242 38 0.6953 0.6771 154.215 153.291 -0.28484 0.48069 0 52
347 409 39 0.7757 0.7775 153.746 153.892 -0.33284 0.54669 0 52
347 285 40 0.7058 0.7186 148.041 149.376 -0.26684 0.54069 0 52
347 328 41 0.6538 0.6506 153.491 153.184 -0.27284 0.46269 0 51
347 280 42 0.66 0.6557 148.497 148.589 -0.23684 0.49869 -0 51
347 285 43 0.7231 0.734 146.3 146.888 -0.24884 0.57069 0 52
347 303 44 0.7287 0.7428 146.965 147.817 -0.26084 0.57069 0 52
347 384 45 0.7505 0.7609 155.458 155.961 -0.34484 0.51669 0 52
347 294 46 0.6536 0.6549 156.878 156.732 -0.30284 0.43869 0 51
347 332 47 0.7195 0.728 149.562 150.293 -0.27884 0.54069 0 52
347 339 48 0.7293 0.741 153.262 152.977 -0.30884 0.52869 0 52
347 294 49 0.6745 0.6611 154.166 153.38 -0.27884 0.46869 0 51
390 403 0 0.7395 0.751 153.787 153.82 -0.32084 0.52869 0 53
390 446 1 0.7639 0.767 153.576 153.733 -0.32684 0.54069 -0 53
390 473 2 0.7757 0.7669 159.231 158.976 -0.37484 0.49269 -0 52
390 312 3 0.6289 0.639 156.593 156.909 -0.29684 0.42669 0 51
390 362 4 0.6229 0.6352 159.221 160.4 -0.32084 0.39669 0 52
390 456 5 0.7736 0.7772 154.193 154.538 -0.33884 0.54069 -0 53
390 315 6 0.7085 0.7198 147.401 148.683 -0.26084 0.54669 -0 52
390 389 7 0.7038 0.705 160.988 161.244 -0.36284 0.43269 0 53
390 365 8 0.7258 0.7346 148.592 149.382 -0.27284 0.55269 0 52
390 321 9 0.6889 0.6903 150.683 150.569 -0.26684 0.51069 0 52
390 441 10 0.7768 0.778 153.095 153.247 -0.32684 0.55269 -0 53
390 310 11 0.6794 0.6809 149.031 149.605 -0.25484 0.51069 -0 52
390 442 12 0.7592 0.7666 154.045 154.387 -0.33284 0.53469 -0 53
390 351 13 0.7228 0.73 148.134 148.924 -0.26684 0.55269 -0 52
390 329 14 0.676 0.6661 154.342 153.852 -0.28484 0.46869 0 52
390 465 15 0.7664 0.7665 157.824 158.321 -0.36884 0.49869 -0 52
390 265 16 0.6973 0.6818 155.232 154.489 -0.29684 0.47469 0 53
390 474 17 0.7478 0.7566 159.086 159.549 -0.37484 0.48069 0 52
390 368 18 0.653 0.6519 151.235 151.644 -0.26084 0.47469 -0 51
390 424 19 0.7751 0.7805 147.667 147.692 -0.27284 0.60069 -0 52
390 314 20 0.69 0.6969 148.867 149.606 -0.26084 0.52269 -0 52
390 384 21 0.6736 0.6723 159.663 160.303 -0.33884 0.42069 0 52
390 325 22 0.6722 0.6604 155.76 154.899 -0.29084 0.45669 0 52
390 419 23 0.7463 0.752 152.023 152.485 -0.30884 0.54069 -0 53
390 400 24 0.7314 0.7367 151.586 151.866 -0.29684 0.53469 0 52
390 411 25 0.7645 0.7659 146.747 147.003 -0.26084 0.59469 -0 52
390 332 26 0.6707 0.6604 155.427 154.899 -0.29084 0.45669 0 52
390 346 27 0.6328 0.634 148.705 148.815 -0.23084 0.48069 -0 51
390 316 28 0.6807 0.6661 154.658 153.852 -0.28484 0.46869 0 52
390 453 29 0.7465 0.7562 157.955 158.885 -0.36884 0.48669 0 52
390 299 30 0.7108 0.7246 153.983 153.742 -0.30884 0.51069 0 53
390 427 31 0.7522 0.7664 154.815 155.043 -0.33884 0.52869 0 53
390 401 32 0.6362 0.6465 160.392 161.257 -0.33284 0.39669 0 52
390 327 33 0.6676 0.6649 149.53 149.604 -0.24884 0.49869 -0 51
390 440 34 0.7579 0.7661 155.999 156.354 -0.35084 0.51669 0 53
390 294 35 0.6964 0.705 147.284 147.955 -0.24884 0.54069 0 52
390 331 36 0.6153 0.6237 148.335 148.535 -0.22484 0.47469 -0 52
390 330 37 0.6801 0.6734 151.803 151.333 -0.26684 0.49269 0 52
390 369 38 0.7056 0.7251 158.967 159.984 -0.36284 0.45669 0 53
390 345 39 0.6612 0.6604 157.816 157.943 -0.31484 0.43269 0 52
390 279 40 0.696 0.7063 146.599 147.251 -0.24284 0.54669 -0 52
390 415 41 0.7742 0.7735 148.876 148.535 -0.27884 0.58869 -0 53
390 470 42 0.7558 0.7614 158.338 158.601 -0.36884 0.49269 0 52
390 482 43 0.7649 0.7628 160.911 160.576 -0.38684 0.47469 -0 52
390 442 44 0.7289 0.7465 159.444 160.138 -0.37484 0.46869 0 52
390 338 45 0.6652 0.6658 157.545 158.38 -0.32084 0.43269 0 52
390 298 46 0.6923 0.6826 153.477 153.018 -0.28484 0.48669 0 52
390 302 47 0.692 0.6923 157.435 158.286 -0.33284 0.45069 0 53
390 349 48 0.7338 0.7441 146.484 147.149 -0.25484 0.57669 -0 52
390 420 49 0.7723 0.7761 146.764 147.252 -0.26684 0.60069 -0 52
434 509 0 0.7412 0.7471 160.933 160.809 -0.38084 0.46269 -0 53
434 382 1 0.6673 0.6607 154.847 154.139 -0.28484 0.46269 0 52
434 317 2 0.6854 0.6904 146.795 147.196 -0.23684 0.53469 -0 53
434 379 3 0.6875 0.6875 158.489 159.327 -0.33884 0.43869 0 53
434 327 4 0.6895 0.6948 147.271 147.69 -0.24284 0.53469 -0 53
434 380 5 0.699 0.7063 150.185 150.548 -0.27284 0.52269 -0 52
434 430 6 0.6668 0.6672 159.772 160.638 -0.33884 0.41469 0 53
434 405 7 0.7157 0.7233 149.461 149.837 -0.27284 0.54069 0 53
434 430 8 0.7386 0.7556 155.04 155.562 -0.33884 0.51669 0 53
434 445 9 0.661 0.6622 160.329 160.978 -0.33884 0.40869 0 53
434 371 10 0.6625 0.6592 149.181 149.856 -0.24884 0.49269 -0 52
434 415 11 0.7098 0.7302 158.817 159.68 -0.36284 0.46269 0 53
434 435 12 0.7318 0.7504 156.802 157.836 -0.35684 0.49269 0 53
434 432 13 0.6172 0.6259 160.967 161.917 -0.32684 0.37869 -0 52
434 438 14 0.6631 0.6672 160.025 160.638 -0.33884 0.41469 0 53
434 356 15 0.6223 0.6288 154.357 154.368 -0.27284 0.43869 0 51
434 432 16 0.7092 0.715 160.157 160.605 -0.36284 0.44469 0 53
434 309 17 0.6973 0.6872 154.679 154.208 -0.29684 0.48069 0 53
434 515 18 0.7498 0.7521 160.959 160.508 -0.38084 0.46869 -0 53
434 342 19 0.7033 0.7242 156.895 158.599 -0.35084 0.46869 0 53
434 387 20 0.645 0.6443 148.93 149.086 -0.23684 0.48669 -0 52
434 488 21 0.761 0.7662 156.602 157.01 -0.35684 0.51069 -0 53
434 362 22 0.6629 0.6603 148.619 149.1 -0.24284 0.49869 -0 52
434 467 23 0.7761 0.7761 147.291 147.252 -0.26684 0.60069 -0 53
434 379 24 0.6369 0.6352 147.93 148.031 -0.22484 0.48669 -0 52
434 446 25 0.7406 0.7556 156.15 156.892 -0.35084 0.50469 0 53
434 380 26 0.6475 0.6497 157.281 157.821 -0.30884 0.42669 0 52
434 431 27 0.752 0.7601 147.241 147.202 -0.26084 0.58869 -0 53
434 416 28 0.7274 0.745 156.611 157.445 -0.35084 0.49269 0 53
434 299 29 0.7031 0.7185 155.421 156.102 -0.32684 0.48669 0 53
434 379 30 0.653 0.6549 156.628 156.732 -0.30284 0.43869 0 52
434 413 31 0.7333 0.7453 154.505 154.748 -0.32684 0.51669 0 53
434 452 32 0.6514 0.6515 160.625 160.907 -0.33284 0.40269 0 53
434 377 33 0.6347 0.6393 155.064 154.551 -0.27884 0.44469 0 51
434 460 34 0.733 0.7507 157.677 158.505 -0.36284 0.48669 0 53
434 301 35 0.7025 0.7028 155.076 154.819 -0.30884 0.48669 0 53
434 498 36 0.7784 0.7768 155.654 155.831 -0.35084 0.52869 -0 53
434 416 37 0.7282 0.7393 149.157 149.833 -0.27884 0.55269 -0 53
434 486 38 0.738 0.7511 158.231 159.174 -0.36884 0.48069 0 53
434 383 39 0.639 0.6445 155.083 155.03 -0.28484 0.44469 0 51
434 471 40 0.736 0.7507 157.817 158.505 -0.36284 0.48669 0 53
434 451 41 0.7386 0.7471 151.972 152.058 -0.30284 0.54069 -0 53
434 441 42 0.7496 0.7553 149.594 149.829 -0.28484 0.56469 -0 53
434 380 43 0.6282 0.6308 147.568 147.492 -0.21884 0.48669 -0 52
434 396 44 0.6661 0.6561 153.112 152.9 -0.27284 0.46869 0 52
434 498 45 0.7776 0.7769 157.686 157.771 -0.36884 0.51069 -0 53
434 413 46 0.6529 0.6512 152.821 152.413 -0.26684 0.46869 0 51
434 336 47 0.6952 0.6992 147.436 148.179 -0.24884 0.53469 -0 53
434 396 48 0.6638 0.6574 151.112 151.374 -0.26084 0.48069 -0 52
434 441 49 0.735 0.7383 150.355 150.509 -0.28484 0.54669 -0 53
477 446 0 0.6487 0.6479 150.189 150.373 -0.24884 0.48069 -0 52
477 455 1 0.7191 0.728 149.629 150.293 -0.27884 0.54069 -0 53
477 564 2 0.7597 0.7617 158.861 159.26 -0.37484 0.48669 -0 53
477 397 3 0.6808 0.6716 154.25 153.569 -0.28484 0.47469 0 53
477 427 4 0.6452 0.6443 148.756 149.086 -0.23684 0.48669 -0 52
477 392 5 0.6131 0.6247 152.465 152.264 -0.25484 0.45069 0 52
477 408 6 0.6706 0.6655 156.143 156.115 -0.30284 0.45069 0 53
477 525 7 0.7296 0.7414 159.737 160.438 -0.37484 0.46269 0 54
477 448 8 0.6328 0.6407 152.081 152.199 -0.26084 0.46269 -0 51
477 434 9 0.7272 0.7358 147.876 148.704 -0.26684 0.55869 -0 53
477 396 10 0.6722 0.6706 148.906 149.356 -0.24884 0.50469 -0 53
477 380 11 0.6836 0.6761 156.316 156.261 -0.30884 0.45669 0 53
477 439 12 0.71 0.7176 149.423 150.071 -0.27284 0.53469 -0 53
477 413 13 0.6308 0.6393 154.829 154.551 -0.27884 0.44469 -0 52
477 506 14 0.7718 0.7748 147.727 147.893 -0.27284 0.59469 -0 53
477 452 15 0.741 0.7486 147.052 147.609 -0.26084 0.57669 -0 53
477 378 16 0.697 0.705 147.283 147.955 -0.24884 0.54069 -0 53
477 413 17 0.7143 0.7255 147.811 148.461 -0.26084 0.55269 -0 53
477 442 18 0.7123 0.7298 157.953 158.993 -0.35684 0.46869 0 54
477 427 19 0.6726 0.6713 158.108 158.809 -0.32684 0.43269 0 53
477 449 20 0.7231 0.7305 152.969 152.796 -0.30284 0.52269 0 54
477 488 21 0.7606 0.7621 148.771 148.955 -0.27884 0.57669 -0 54
477 343 22 0.6996 0.7025 155.845 156.249 -0.32084 0.47469 0 54
477 406 23 0.6825 0.6776 152.902 152.551 -0.27884 0.48669 0 53
477 541 24 0.7609 0.7611 157.533 157.941 -0.36284 0.49869 -0 54
477 476 25 0.7371 0.7503 156.284 157.166 -0.35084 0.49869 0 54
477 391 26 0.6985 0.6992 152.722 152.223 -0.28484 0.50469 0 53
477 446 27 0.7247 0.7346 148.682 149.382 -0.27284 0.55269 -0 53
477 463 28 0.7446 0.7518 148.151 148.724 -0.27284 0.57069 -0 54
477 430 29 0.6902 0.6931 158.832 159.735 -0.34484 0.43869 0 54
477 421 30 0.7085 0.7298 157.69 158.993 -0.35684 0.46869 0 54
477 567 31 0.7652 0.7628 160.927 160.576 -0.38684 0.47469 -0 53
477 565 32 0.7674 0.7669 159.006 158.976 -0.37484 0.49269 -0 53
477 363 33 0.6943 0.7006 146.734 147.469 -0.24284 0.54069 -0 53
477 451 34 0.6587 0.6512 152.814 152.413 -0.26684 0.46869 0 52
477 372 35 0.672 0.6657 146.382 146.104 -0.21884 0.52269 -0 53
477 454 36 0.7324 0.7403 148.599 149.159 -0.27284 0.55869 -0 53
477 468 37 0.7507 0.7616 146.11 146.551 -0.25484 0.59469 -0 53
477 479 38 0.6204 0.6308 161.026 161.55 -0.32684 0.38469 -0 53
477 441 39 0.6427 0.6432 149.721 149.861 -0.24284 0.48069 -0 52
477 489 40 0.7388 0.7557 156.669 157.557 -0.35684 0.49869 -0 54
477 417 41 0.6209 0.6291 158.375 159.162 -0.30884 0.40269 0 53
477 472 42 0.7263 0.7327 150.733 150.743 -0.28484 0.54069 -0 53
477 570 43 0.7595 0.7572 160.502 160.212 -0.38084 0.47469 -0 53
477 447 44 0.6623 0.6567 152.112 152.136 -0.26684 0.47469 -0 52
477 450 45 0.6631 0.6611 158.811 159.463 -0.32684 0.42069 0 53
477 527 46 0.7606 0.7662 155.667 155.698 -0.34484 0.52269 -0 54
477 475 47 0.7278 0.7375 150.906 151.187 -0.29084 0.54069 -0 53
477 566 48 0.773 0.7673 159.791 159.63 -0.38084 0.48669 -0 53
477 368 49 0.6742 0.6716 146.18 145.887 -0.21884 0.52869 -0 53
520 528 0 0.7192 0.7302 158.988 159.68 -0.36284 0.46269 0 54
520 474 1 0.7291 0.737 147.786 148.028 -0.26084 0.56469 -0 54
520 528 2 0.7599 0.761 149.26 149.609 -0.28484 0.57069 -0 54
520 484 3 0.7245 0.73 148.496 148.924 -0.26684 0.55269 -0 54
520 467 4 0.7316 0.7398 146.271 146.685 -0.24884 0.57669 -0 54
520 501 5 0.6929 0.6936 160.05 160.459 -0.35084 0.43269 0 54
520 532 6 0.6412 0.6465 160.526 161.257 -0.33284 0.39669 -0 54
520 440 7 0.689 0.6969 149.141 149.606 -0.26084 0.52269 -0 53
520 496 8 0.6446 0.647 151.094 151.145 -0.25484 0.47469 -0 52
520 447 9 0.6951 0.6969 149.216 149.606 -0.26084 0.52269 -0 53
520 615 10 0.7588 0.7572 160.222 160.212 -0.38084 0.47469 -0 54
520 542 11 0.7485 0.7612 154.427 154.64 -0.33284 0.52869 -0 55
520 408 12 0.6946 0.6876 153.917 153.478 -0.29084 0.48669 0 54
520 560 13 0.7565 0.7662 155.423 155.698 -0.34484 0.52269 -0 54
520 537 14 0.7722 0.7743 151.391 151.543 -0.30884 0.56469 -0 55
520 445 15 0.6637 0.6603 148.636 149.1 -0.24284 0.49869 -1 53
520 439 16 0.6549 0.6482 146.736 146.779 -0.21884 0.50469 -1 53
520 423 17 0.6675 0.6628 147.42 147.596 -0.23084 0.51069 -1 53
520 515 18 0.7367 0.746 153.66 153.401 -0.31484 0.52869 -0 55
520 613 19 0.7595 0.7572 160.499 160.212 -0.38084 0.47469 -0 54
520 544 20 0.7745 0.7761 146.74 147.252 -0.26684 0.60069 -0 54
520 487 21 0.6452 0.6423 150.236 150.638 -0.24884 0.47469 -0 52
520 463 22 0.6196 0.631 150.873 151.183 -0.24884 0.46269 -0 52
520 562 23 0.7569 0.7661 156.006 156.354 -0.35084 0.51669 -0 55
520 554 24 0.7528 0.762 153.083 153.322 -0.32084 0.54069 -0 55
520 475 25 0.6425 0.6447 154.714 154.25 -0.27884 0.45069 -0 52
520 474 26 0.727 0.7312 147.852 148.243 -0.26084 0.55869 -0 54
520 518 27 0.7517 0.7563 148.697 149.169 -0.27884 0.57069 -0 54
520 465 28 0.6203 0.6272 149.759 149.867 -0.23684 0.46869 -0 52
520 434 29 0.6801 0.6712 154.97 154.317 -0.29084 0.46869 0 53
520 484 30 0.7311 0.7451 154.933 155.422 -0.33284 0.51069 0 55
520 483 31 0.7126 0.7207 151.668 151.915 -0.29084 0.52269 -0 54
520 424 32 0.7025 0.7108 147.24 147.735 -0.24884 0.54669 -0 54
520 487 33 0.6922 0.6987 159.494 160.137 -0.35084 0.43869 0 54
520 510 34 0.7382 0.745 149.052 149.608 -0.27884 0.55869 -0 54
520 467 35 0.6204 0.631 150.794 151.183 -0.24884 0.46269 -0 52
520 544 36 0.7447 0.7515 153.024 153.152 -0.31484 0.53469 -0 54
520 488 37 0.6536 0.6502 153.959 153.955 -0.27884 0.45669 -0 52
520 389 38 0.7047 0.7131 155.739 156.385 -0.32684 0.48069 0 54
520 581 39 0.7767 0.7768 157.231 157.124 -0.36284 0.51669 -0 54
520 603 40 0.7655 0.7669 158.598 158.976 -0.37484 0.49269 -0 54
520 434 41 0.6847 0.6771 153.84 153.291 -0.28484 0.48069 0 53
520 527 42 0.7574 0.7646 147.457 147.651 -0.26684 0.58869 -0 54
520 456 43 0.6696 0.6604 155.081 154.899 -0.29084 0.45669 0 53
520 457 44 0.6329 0.6394 157.692 158.481 -0.30884 0.41469 -0 53
520 488 45 0.6333 0.6352 152.497 152.483 -0.26084 0.45669 -0 52
520 498 46 0.6519 0.6506 153.26 153.184 -0.27284 0.46269 -0 52
520 479 47 0.7254 0.745 156.381 157.445 -0.35084 0.49269 0 55
520 570 48 0.7557 0.7609 157.094 157.281 -0.35684 0.50469 -0 54
520 539 49 0.7682 0.7678 148.877 148.743 -0.27884 0.58269 -0 54
564 468 0 0.6676 0.6628 147.634 147.596 -0.23084 0.51069 -1 54
564 515 1 0.7177 0.7256 152.82 152.359 -0.29684 0.52269 -0 55
564 455 2 0.7051 0.7122 146.426 147.037 -0.24284 0.55269 -1 55
564 488 3 0.6884 0.6839 151.758 151.551 -0.27284 0.49869 -0 54
564 645 4 0.77 0.7669 159.314 158.976 -0.37484 0.49269 -0 54
564 551 5 0.6778 0.6723 160.006 160.303 -0.33884 0.42069 0 55
564 468 6 0.716 0.7343 155.919 156.646 -0.33884 0.49269 0 55
564 502 7 0.6194 0.625 147.683 147.738 -0.21884 0.48069 -1 54
564 513 8 0.6673 0.663 150.826 151.109 -0.26084 0.48669 -0 53
564 534 9 0.7386 0.7415 148.007 148.487 -0.26684 0.56469 -0 55
564 577 10 0.749 0.7487 150.428 150.719 -0.29084 0.55269 -1 55
564 574 11 0.7752 0.776 150.329 150.253 -0.29684 0.57669 -0 55
564 531 12 0.6521 0.6502 154.194 153.955 -0.27884 0.45669 -0 53
564 506 13 0.7083 0.7186 148.821 149.376 -0.26684 0.54069 -0 54
564 537 14 0.7115 0.7195 158.839 159.596 -0.35684 0.45669 0 55
564 534 15 0.6445 0.6423 150.437 150.638 -0.24884 0.47469 -1 53
564 440 16 0.6902 0.6867 155.844 155.671 -0.30884 0.46869 0 55
564 433 17 0.6926 0.6815 155.644 155.226 -0.30284 0.46869 0 55
564 493 18 0.6785 0.6762 157.711 157.747 -0.32084 0.44469 0 55
564 451 19 0.6773 0.6744 147.038 147.138 -0.23084 0.52269 -1 54
564 463 20 0.6821 0.6877 148.208 148.638 -0.24884 0.52269 -1 54
564 610 21 0.7597 0.7664 154.992 155.043 -0.33884 0.52869 -0 55
564 574 22 0.6479 0.6515 160.339 160.907 -0.33284 0.40269 -0 54
564 597 23 0.7348 0.7456 158.072 158.793 -0.36284 0.48069 -0 55
564 608 24 0.7386 0.7456 158.26 158.793 -0.36284 0.48069 -0 55
564 651 25 0.7541 0.7566 159.694 159.549 -0.37484 0.48069 -0 54
564 484 26 0.6743 0.6655 156.438 156.115 -0.30284 0.45069 0 54
564 514 27 0.6775 0.6768 158.489 159.232 -0.33284 0.43269 0 55
564 501 28 0.701 0.7055 151.464 151.257 -0.27884 0.51669 -0 54
564 459 29 0.62 0.6284 155.483 155.966 -0.28484 0.42669 0 53
564 494 30 0.6769 0.6743 150.234 150.591 -0.26084 0.49869 -0 54
564 483 31 0.7204 0.7347 154.536 154.594 -0.32084 0.51069 0 55
564 494 32 0.6469 0.6439 146.566 146.243 -0.21284 0.50469 -1 54
564 543 33 0.7444 0.7486 147.328 147.609 -0.26084 0.57669 -0 55
564 477 34 0.6773 0.6656 155.816 155.36 -0.29684 0.45669 0 54
564 455 35 0.6913 0.6821 154.096 153.753 -0.29084 0.48069 0 54
564 540 36 0.7348 0.7456 154.265 154.074 -0.32084 0.52269 -0 55
564 497 37 0.6877 0.6871 158.309 158.597 -0.33284 0.44469 0 55
564 503 38 0.642 0.6397 148.175 148.562 -0.23084 0.48669 -1 53
564 539 39 0.7279 0.7355 153.258 153.228 -0.30884 0.52269 -0 55
564 625 40 0.7737 0.7769 155.283 155.184 -0.34484 0.53469 -0 55
564 443 41 0.6976 0.6973 156.72 157.26 -0.32684 0.46269 0 55
564 462 42 0.6886 0.6821 154.064 153.753 -0.29084 0.48069 0 54
564 511 43 0.6737 0.6672 152.505 152.347 -0.27284 0.48069 -0 53
564 541 44 0.7243 0.7336 149.507 150.061 -0.27884 0.54669 -0 54
564 620 45 0.7331 0.7414 160.005 160.438 -0.37484 0.46269 -0 55
564 528 46 0.6369 0.6401 153.373 152.981 -0.26684 0.45669 -0 52
564 555 47 0.6667 0.6666 159.783 159.886 -0.33284 0.42069 -0 54
564 609 48 0.7635 0.7675 152.859 153.079 -0.32084 0.54669 -0 55
564 573 49 0.7402 0.746 153.394 153.401 -0.31484 0.52869 -0 55
607 607 0 0.7424 0.7555 155.727 156.227 -0.34484 0.51069 -0 56
607 600 1 0.7398 0.7393 149.536 149.833 -0.27884 0.55269 -0 56
607 590 2 0.7227 0.7263 151.767 151.669 -0.29084 0.52869 -0 55
607 555 3 0.7041 0.7063 150.367 150.548 -0.27284 0.52269 -0 55
607 489 4 0.69 0.6818 154.847 154.489 -0.29684 0.47469 0 55
607 570 5 0.7306 0.7449 156.181 156.771 -0.34484 0.49869 -0 56
607 624 6 0.7524 0.7535 150.777 151.154 -0.29684 0.55269 -0 56
607 549 7 0.6719 0.671 157.877 158.061 -0.32084 0.43869 0 55
607 589 8 0.736 0.7403 148.919 149.159 -0.27284 0.55869 -0 55
607 538 9 0.667 0.6655 156.678 156.87 -0.30884 0.44469 -0 55
607 540 10 0.6166 0.6237 148.386 148.535 -0.22484 0.47469 -1 54
607 645 11 0.7275 0.7358 159.619 160.062 -0.36884 0.46269 -0 56
607 665 12 0.7767 0.7768 156.872 157.124 -0.36284 0.51669 -0 56
607 552 13 0.6668 0.6658 157.836 158.38 -0.32084 0.43269 -0 55
607 488 14 0.6956 0.6973 156.846 157.26 -0.32684 0.46269 0 56
607 543 15 0.6654 0.6602 155.807 155.66 -0.29684 0.45069 -0 54
607 494 16 0.701 0.7133 157.017 157.794 -0.33884 0.46869 0 56
607 623 17 0.7506 0.7535 150.713 151.154 -0.29684 0.55269 -0 56
607 504 18 0.6848 0.6814 156.697 156.701 -0.31484 0.45669 0 55
607 510 19 0.672 0.6717 148.091 148.614 -0.24284 0.51069 -1 54
607 574 20 0.6526 0.6555 158.566 159.032 -0.32084 0.42069 -0 54
607 630 21 0.7498 0.7565 153.704 153.569 -0.32084 0.53469 -0 56
607 529 22 0.6727 0.6656 155.919 155.36 -0.29684 0.45669 0 55
607 602 23 0.7272 0.7319 151.143 151.426 -0.29084 0.53469 -0 55
607 605 24 0.6396 0.6408 160.19 160.832 -0.32684 0.39669 -0 55
607 642 25 0.7569 0.7576 152.225 152.244 -0.30884 0.54669 -0 56
607 631 26 0.7686 0.768 151.911 152.426 -0.31484 0.55269 -1 56
607 694 27 0.7693 0.7673 159.883 159.63 -0.38084 0.48669 -0 55
607 607 28 0.732 0.7375 151.32 151.187 -0.29084 0.54069 -0 55
607 617 29 0.7431 0.7431 150.607 150.951 -0.29084 0.54669 -1 56
607 597 30 0.6654 0.6666 159.762 159.886 -0.33284 0.42069 -0 55
607 588 31 0.7253 0.728 149.799 150.293 -0.27884 0.54069 -0 55
607 575 32 0.6352 0.6414 151.073 151.417 -0.25484 0.46869 -0 53
607 612 33 0.6278 0.6308 161.026 161.55 -0.32684 0.38469 -0 55
607 636 34 0.7758 0.7761 147.235 147.252 -0.26684 0.60069 -1 55
607 561 35 0.6622 0.6556 154.29 153.665 -0.27884 0.46269 -0 54
607 528 36 0.6743 0.6658 155.211 154.606 -0.29084 0.46269 0 55
607 578 37 0.6182 0.6251 160.136 161.117 -0.32084 0.38469 -0 55
607 701 38 0.7633 0.7622 159.949 159.919 -0.38084 0.48069 -0 55
607 570 39 0.6771 0.6768 159.015 159.232 -0.33284 0.43269 0 55
607 638 40 0.7246 0.7364 160.565 160.743 -0.37484 0.45669 -0 56
607 658 41 0.7625 0.7666 154.237 154.387 -0.33284 0.53469 -0 56
607 538 42 0.6985 0.6999 151.59 151.507 -0.27884 0.51069 -0 55
607 562 43 0.719 0.7256 152.747 152.359 -0.29684 0.52269 -0 55
607 563 44 0.6542 0.6536 149.986 150.112 -0.24884 0.48669 -1 53
607 638 45 0.7523 0.7609 156.539 157.281 -0.35684 0.50469 -0 56
607 557 46 0.6677 0.6611 153.471 153.38 -0.27884 0.46869 -0 54
607 560 47 0.6949 0.6982 159.151 159.419 -0.34484 0.44469 -0 56
607 519 48 0.6829 0.6866 149.043 149.363 -0.25484 0.51669 -1 54
607 561 49 0.6528 0.6552 157.931 158.266 -0.31484 0.42669 -0 54
651 585 0 0.6358 0.6391 155.305 155.336 -0.28484 0.43869 -0 54
651 557 1 0.6813 0.6712 154.559 154.317 -0.29084 0.46869 -0 55
651 590 2 0.6475 0.6496 156.878 157.048 -0.30284 0.43269 -0 55
651 585 3 0.6727 0.6661 154.024 153.852 -0.28484 0.46869 -0 55
651 633 4 0.7094 0.7201 159.736 160.292 -0.36284 0.45069 -0 57
651 510 5 0.7027 0.6977 154.698 154.378 -0.30284 0.48669 -0 57
651 705 6 0.776 0.7775 153.79 153.892 -0.33284 0.54669 -1 57
651 577 7 0.652 0.6512 147.919 148.071 -0.23084 0.49869 -1 55
651 540 8 0.7044 0.709 153.554 153.127 -0.29684 0.50469 -0 56
651 589 9 0.7271 0.7326 147.385 147.564 -0.25484 0.56469 -1 56
651 575 10 0.6807 0.679 150.741 151.074 -0.26684 0.49869 -1 55
651 609 11 0.6504 0.6555 158.321 159.032 -0.32084 0.42069 -0 55
651 544 12 0.68 0.6832 147.833 148.144 -0.24284 0.52269 -1 55
651 688 13 0.7577 0.7661 156.139 156.354 -0.35084 0.51669 -0 57
651 609 14 0.6726 0.6717 158.831 159.557 -0.33284 0.42669 -0 56
651 653 15 0.7563 0.761 149.314 149.609 -0.28484 0.57069 -1 56
651 605 16 0.6672 0.6616 152.967 152.621 -0.27284 0.47469 -0 54
651 604 17 0.6641 0.6658 158.168 158.38 -0.32084 0.43269 -0 56
651 698 18 0.7616 0.7666 154.264 154.387 -0.33284 0.53469 -1 57
651 722 19 0.7667 0.7665 158.039 158.321 -0.36884 0.49869 -0 56
651 658 20 0.7613 0.7656 149.96 150.044 -0.29084 0.57069 -1 57
651 682 21 0.7741 0.773 152.391 152.839 -0.32084 0.55269 -1 57
651 549 22 0.7132 0.718 146.375 146.826 -0.24284 0.55869 -1 56
651 600 23 0.6562 0.655 155.278 155.198 -0.29084 0.45069 -0 54
651 579 24 0.6257 0.6342 153.946 154.064 -0.27284 0.44469 -0 54
651 738 25 0.7604 0.7572 160.175 160.212 -0.38084 0.47469 -0 56
651 576 26 0.6832 0.6839 151.523 151.551 -0.27284 0.49869 -0 55
651 521 27 0.7039 0.7132 156.332 157.09 -0.33284 0.47469 0 57
651 598 28 0.6484 0.6496 155.381 155.501 -0.29084 0.44469 -0 54
651 742 29 0.7568 0.7572 160.263 160.212 -0.38084 0.47469 -0 56
651 604 30 0.6274 0.6319 150.346 150.391 -0.24284 0.46869 -1 54
651 618 31 0.7135 0.7215 151.019 151.221 -0.28484 0.52869 -0 56
651 709 32 0.773 0.7714 156.668 156.742 -0.35684 0.51669 -1 56
651 600 33 0.7346 0.7383 147.121 147.355 -0.25484 0.57069 -1 56
651 605 34 0.6408 0.6432 149.415 149.861 -0.24284 0.48069 -1 54
651 643 35 0.7409 0.745 149.315 149.608 -0.27884 0.55869 -1 56
651 583 36 0.6706 0.6607 154.46 154.139 -0.28484 0.46269 -0 55
651 527 37 0.614 0.6231 155.74 156.289 -0.28484 0.42069 -0 55
651 665 38 0.7664 0.7678 148.81 148.743 -0.27884 0.58269 -1 56
651 636 39 0.7035 0.71 160.562 160.922 -0.36284 0.43869 0 57
651 612 40 0.633 0.6407 152.135 152.199 -0.26084 0.46269 -0 53
651 543 41 0.7051 0.7063 146.855 147.251 -0.24284 0.54669 -1 56
651 596 42 0.6467 0.65 157.855 158.594 -0.31484 0.42069 -0 55
651 604 43 0.6639 0.6658 158.221 158.38 -0.32084 0.43269 -0 56
651 534 44 0.6174 0.6231 156.274 156.289 -0.28484 0.42069 -0 55
651 575 45 0.6495 0.6439 146.245 146.243 -0.21284 0.50469 -1 55
651 592 46 0.6514 0.655 157.161 157.499 -0.30884 0.43269 -0 55
651 739 47 0.7585 0.7622 159.849 159.919 -0.38084 0.48069 -0 56
651 649 48 0.7559 0.7601 147.225 147.202 -0.26084 0.58869 -1 56
651 695 49 0.7749 0.7725 153.23 153.488 -0.32684 0.54669 -1 57
43 132 0 0.657 0.5388 154.698 153.919 -0.23084 0.37869 1 50
43 130 1 0.6245 0.5388 146.796 153.919 -0.23084 0.37869 1 50
43 131 2 0.6608 0.5388 160.464 153.919 -0.23084 0.37869 1 50
43 132 3 0.6517 0.5388 160.213 153.919 -0.23084 0.37869 1 50
43 131 4 0.7175 0.5388 149.278 153.919 -0.23084 0.37869 1 50
43 132 5 0.6484 0.5388 154.422 153.919 -0.23084 0.37869 1 50
43 142 6 0.7391 0.7572 160.733 160.212 -0.38084 0.47469 1 50
43 130 7 0.713 0.5388 160.733 153.919 -0.23084 0.37869 1 50
43 134 8 0.6194 0.5388 153.524 153.919 -0.23084 0.37869 1 50
43 131 9 0.6227 0.5388 149.311 153.919 -0.23084 0.37869 1 50
43 129 10 0.6181 0.5388 147.314 153.919 -0.23084 0.37869 1 50
43 131 11 0.7697 0.5388 146.384 153.919 -0.23084 0.37869 1 50
43 131 12 0.7029 0.5388 149.24 153.919 -0.23084 0.37869 1 50
43 132 13 0.6949 0.5388 156.113 153.919 -0.23084 0.37869 1 50
43 132 14 0.6813 0.5388 152.749 153.919 -0.23084 0.37869 1 50
43 131 15 0.7631 0.5388 155.989 153.919 -0.23084 0.37869 1 51
43 136 16 0.6186 0.5388 159.822 153.919 -0.23084 0.37869 1 50
43 131 17 0.6698 0.5388 150.209 153.919 -0.23084 0.37869 1 50
43 131 18 0.6408 0.5388 151.439 153.919 -0.23084 0.37869 1 50
43 136 19 0.6197 0.5388 155.928 153.919 -0.23084 0.37869 1 50
43 130 20 0.7597 0.5388 154.827 153.919 -0.23084 0.37869 1 51
43 131 21 0.6592 0.5388 155.902 153.919 -0.23084 0.37869 1 50
43 133 22 0.6203 0.5388 152.933 153.919 -0.23084 0.37869 1 50
43 131 23 0.6464 0.5388 149.807 153.919 -0.23084 0.37869 1 50
43 130 24 0.703 0.5388 146.318 153.919 -0.23084 0.37869 1 50
43 130 25 0.7569 0.5388 149.037 153.919 -0.23084 0.37869 1 50
43 133 26 0.619 0.5388 152.487 153.919 -0.23084 0.37869 1 50
43 131 27 0.6517 0.5388 155.943 153.919 -0.23084 0.37869 1 50
43 131 28 0.6558 0.5388 156.568 153.919 -0.23084 0.37869 1 50
43 134 29 0.6298 0.5388 160.301 153.919 -0.23084 0.37869 1 50
43 130 30 0.749 0.5388 151.342 153.919 -0.23084 0.37869 1 50
43 135 31 0.6197 0.5388 155.506 153.919 -0.23084 0.37869 1 50
43 131 32 0.6405 0.5388 150.931 153.919 -0.23084 0.37869 1 50
43 132 33 0.6767 0.5388 154.043 153.919 -0.23084 0.37869 1 50
43 129 34 0.7081 0.5388 146.743 153.919 -0.23084 0.37869 1 50
43 132 35 0.6569 0.5388 157.579 153.919 -0.23084 0.37869 1 50
43 133 36 0.6379 0.5388 154.487 153.919 -0.23084 0.37869 1 50
43 147 37 0.7776 0.7622 160.524 159.919 -0.38084 0.48069 1 50
43 128 38 0.7417 0.5388 149.333 153.919 -0.23084 0.37869 1 50
43 141 39 0.7719 0.7617 158.431 159.26 -0.37484 0.48669 1 50
43 131 40 0.7494 0.5388 155.344 153.919 -0.23084 0.37869 1 50
43 137 41 0.6233 0.5388 158.261 153.919 -0.23084 0.37869 1 50
43 132 42 0.7434 0.5388 155.762 153.919 -0.23084 0.37869 1 50
43 146 43 0.7699 0.7622 159.151 159.919 -0.38084 0.48069 1 50
43 133 44 0.7316 0.7622 157.122 159.919 -0.38084 0.48069 1 50
43 131 45 0.6677 0.5388 153.33 153.919 -0.23084 0.37869 1 50
43 134 46 0.7758 0.7617 157.654 159.26 -0.37484 0.48669 1 50
43 137 47 0.6212 0.5388 157.106 153.919 -0.23084 0.37869 1 50
43 147 48 0.7664 0.7622 160.956 159.919 -0.38084 0.48069 1 50
43 134 49 0.6326 0.5388 156.564 153.919 -0.23084 0.37869 1 50
87 133 0 0.6715 0.5388 149.942 153.919 -0.23084 0.37869 1 50
87 132 1 0.7465 0.7725 151.509 153.488 -0.32684 0.54669 1 50
87 134 2 0.6483 0.5388 156.975 153.919 -0.23084 0.37869 1 50
87 131 3 0.7109 0.5388 149.37 153.919 -0.23084 0.37869 1 50
87 133 4 0.6573 0.5388 153.045 153.919 -0.23084 0.37869 1 50
87 130 5 0.7084 0.5388 146.469 153.919 -0.23084 0.37869 1 50
87 131 6 0.695 0.5388 155.937 153.919 -0.23084 0.37869 1 50
87 131 7 0.7305 0.5388 147.929 153.919 -0.23084 0.37869 1 50
87 135 8 0.6412 0.5388 155.063 153.919 -0.23084 0.37869 1 50
87 131 9 0.6671 0.5388 153.221 153.919 -0.23084 0.37869 1 50
87 132 10 0.6652 0.5388 157.432 153.919 -0.23084 0.37869 1 50
87 130 11 0.6691 0.5388 146.199 153.919 -0.23084 0.37869 1 50
87 129 12 0.712 0.5388 148.344 153.919 -0.23084 0.37869 1 50
87 133 13 0.6527 0.5388 158.115 153.919 -0.23084 0.37869 1 50
87 145 14 0.7274 0.7617 155.978 159.26 -0.37484 0.48669 1 50
87 132 15 0.6971 0.7566 156.768 159.549 -0.37484 0.48069 1 50
87 163 16 0.768 0.7823 154.973 154.932 -0.34484 0.54069 0 51
87 133 17 0.7264 0.5388 154.439 153.919 -0.23084 0.37869 1 51
87 133 18 0.7768 0.788 151.186 154.047 -0.33884 0.55269 1 51
87 128 19 0.7393 0.5388 148.472 153.919 -0.23084 0.37869 1 51
87 136 20 0.6253 0.5388 160.781 153.919 -0.23084 0.37869 1 50
87 132 21 0.7074 0.5388 150.14 153.919 -0.23084 0.37869 1 50
87 149 22 0.7542 0.7772 152.995 154.538 -0.33884 0.54069 1 50
87 129 23 0.6772 0.5388 146.568 153.919 -0.23084 0.37869 1 50
87 134 24 0.6419 0.5388 160.624 153.919 -0.23084 0.37869 1 50
87 128 25 0.7309 0.5388 148.766 153.919 -0.23084 0.37869 1 50
87 187 26 0.752 0.7622 159.059 159.919 -0.38084 0.48069 1 50
87 130 27 0.6461 0.5388 146.285 153.919 -0.23084 0.37869 1 50
87 158 28 0.7575 0.7665 156.491 158.321 -0.36884 0.49869 1 50
87 133 29 0.653 0.5388 155.688 153.919 -0.23084 0.37869 1 50
87 128 30 0.7065 0.5388 146.606 153.919 -0.23084 0.37869 1 50
87 156 31 0.777 0.7931 152.747 154.439 -0.34484 0.55269 0 51
87 133 32 0.6458 0.5388 153.708 153.919 -0.23084 0.37869 1 50
87 138 33 0.6316 0.5388 155.74 153.919 -0.23084 0.37869 1 50
87 132 34 0.6983 0.5388 150.424 153.919 -0.23084 0.37869 1 50
87 129 35 0.6246 0.5388 146.42 153.919 -0.23084 0.37869 1 50
87 168 36 0.7762 0.7823 154.442 154.932 -0.34484 0.54069 0 50
87 162 37 0.7588 0.7665 156.753 158.321 -0.36884 0.49869 1 50
87 167 38 0.7221 0.7521 159.894 160.508 -0.38084 0.46869 1 50
87 132 39 0.702 0.5388 150.138 153.919 -0.23084 0.37869 1 50
87 133 40 0.723 0.5388 153.333 153.919 -0.23084 0.37869 1 50
87 133 41 0.6895 0.5388 151.137 153.919 -0.23084 0.37869 1 50
87 182 42 0.7421 0.7572 160.634 160.212 -0.38084 0.47469 1 50
87 129 43 0.6938 0.5388 146.144 153.919 -0.23084 0.37869 1 50
87 129 44 0.6872 0.5388 159.068 153.919 -0.23084 0.37869 1 50
87 135 45 0.6248 0.5388 154.212 153.919 -0.23084 0.37869 1 50
87 131 46 0.6714 0.5388 146.981 153.919 -0.23084 0.37869 1 50
87 131 47 0.6875 0.5388 149.161 153.919 -0.23084 0.37869 1 50
87 133 48 0.7396 0.7721 152.362 154.138 -0.33284 0.54069 1 50
87 130 49 0.7454 0.5388 147.836 153.919 -0.23084 0.37869 1 51
130 197 0 0.762 0.7768 155.695 155.831 -0.35084 0.52869 0 51
130 142 1 0.7224 0.7465 152.085 152.729 -0.30884 0.53469 1 50
130 166 2 0.7609 0.7761 146.624 147.252 -0.26684 0.60069 1 50
130 130 3 0.6597 0.5388 147.767 153.919 -0.23084 0.37869 1 50
130 130 4 0.6759 0.5388 146.209 153.919 -0.23084 0.37869 1 50
130 135 5 0.7156 0.5388 154.24 153.919 -0.23084 0.37869 1 51
130 232 6 0.7574 0.7572 160.471 160.212 -0.38084 0.47469 0 50
130 209 7 0.7299 0.7471 160.754 160.809 -0.38084 0.46269 0 51
130 129 8 0.6167 0.5388 147.642 153.919 -0.23084 0.37869 1 50
130 233 9 0.7673 0.7622 159.938 159.919 -0.38084 0.48069 0 50
130 134 10 0.7094 0.5388 152.75 153.919 -0.23084 0.37869 1 51
130 207 11 0.7281 0.7515 158.845 159.841 -0.37484 0.47469 0 50
130 131 12 0.7058 0.5388 149.927 153.919 -0.23084 0.37869 1 51
130 133 13 0.6538 0.5388 153.274 153.919 -0.23084 0.37869 1 50
130 165 14 0.7706 0.7793 148.909 148.33 -0.27884 0.59469 0 51
130 132 15 0.6838 0.5388 155.532 153.919 -0.23084 0.37869 1 50
130 128 16 0.7243 0.5388 148.446 153.919 -0.23084 0.37869 1 51
130 144 17 0.7271 0.7431 149.897 150.951 -0.29084 0.54669 1 51
130 130 18 0.7151 0.5388 147.005 153.919 -0.23084 0.37869 1 51
130 203 19 0.7714 0.7826 153.737 154.29 -0.33884 0.54669 0 51
130 146 20 0.7126 0.7562 155.433 158.885 -0.36884 0.48669 1 50
130 131 21 0.6335 0.5388 146.816 153.919 -0.23084 0.37869 1 50
130 132 22 0.6859 0.5388 154.725 153.919 -0.23084 0.37869 1 50
130 136 23 0.6445 0.5388 157.049 153.919 -0.23084 0.37869 1 50
130 147 24 0.6148 0.5388 159.966 153.919 -0.23084 0.37869 1 51
130 133 25 0.6833 0.5388 150.815 153.919 -0.23084 0.37869 1 50
130 131 26 0.6366 0.5388 148.245 153.919 -0.23084 0.37869 1 50
130 136 27 0.6355 0.5388 155.14 153.919 -0.23084 0.37869 1 50
130 147 28 0.6295 0.6416 159.546 161.613 -0.33284 0.39069 1 50
130 135 29 0.6421 0.5388 155.515 153.919 -0.23084 0.37869 1 50
130 131 30 0.6321 0.5388 147.053 153.919 -0.23084 0.37869 1 50
130 136 31 0.6419 0.5388 156.558 153.919 -0.23084 0.37869 1 50
130 174 32 0.7416 0.7718 154.095 154.788 -0.33884 0.53469 1 51
130 133 33 0.6514 0.5388 150.375 153.919 -0.23084 0.37869 1 50
130 159 34 0.7563 0.7591 150.348 150.924 -0.29684 0.55869 1 51
130 132 35 0.6737 0.5388 150.561 153.919 -0.23084 0.37869 1 50
130 187 36 0.7599 0.7725 152.655 153.488 -0.32684 0.54669 0 51
130 132 37 0.6586 0.5388 152.633 153.919 -0.23084 0.37869 1 50
130 133 38 0.6688 0.5388 150.672 153.919 -0.23084 0.37869 1 50
130 131 39 0.6284 0.5388 151.354 153.919 -0.23084 0.37869 1 50
130 155 40 0.7665 0.7703 150.018 150.473 -0.29684 0.57069 1 51
130 147 41 0.7258 0.7662 154.427 155.698 -0.34484 0.52269 1 50
130 129 42 0.634 0.5388 146.993 153.919 -0.23084 0.37869 1 50
130 178 43 0.7598 0.7675 151.926 153.079 -0.32084 0.54669 0 51
130 145 44 0.6264 0.5388 158.327 153.919 -0.23084 0.37869 1 50
130 141 45 0.7339 0.7487 149.158 150.719 -0.29084 0.55269 1 51
130 208 46 0.7275 0.7521 160.241 160.508 -0.38084 0.46869 1 51
130 177 47 0.7143 0.7566 157.385 159.549 -0.37484 0.48069 1 50
130 134 48 0.7264 0.744 148.96 150.279 -0.28484 0.55269 0 50
130 199 49 0.7628 0.7772 153.968 154.538 -0.33884 0.54069 0 51
173 145 0 0.6519 0.6479 149.616 150.373 -0.24884 0.48069 0 50
173 143 1 0.6409 0.6432 149.05 149.861 -0.24284 0.48069 0 50
173 228 2 0.755 0.7721 153.454 154.138 -0.33284 0.54069 0 51
173 133 3 0.6155 0.6366 149.882 150.908 -0.24884 0.46869 0 50
173 158 4 0.6168 0.6358 158.747 161.188 -0.32684 0.39069 1 50
173 143 5 0.6432 0.6447 154.821 154.25 -0.27884 0.45069 1 50
173 242 6 0.7704 0.7772 153.694 154.538 -0.33884 0.54069 0 51
173 134 7 0.6296 0.6329 148.366 149.602 -0.23684 0.47469 0 50
173 193 8 0.7341 0.7612 154.194 154.64 -0.33284 0.52869 1 51
173 187 9 0.7273 0.7465 152.158 152.729 -0.30884 0.53469 0 51
173 161 10 0.6431 0.6565 158.342 160.561 -0.33284 0.40869 1 50
173 132 11 0.6859 0.5388 150.627 153.919 -0.23084 0.37869 1 51
173 142 12 0.7128 0.7561 153.493 154.233 -0.32684 0.52869 1 51
173 250 13 0.7307 0.7521 159.708 160.508 -0.38084 0.46869 1 51
173 160 14 0.6504 0.6616 158.28 160.221 -0.33284 0.41469 1 50
173 154 15 0.6614 0.6519 151.303 151.644 -0.26084 0.47469 0 50
173 268 16 0.7727 0.7628 160.881 160.576 -0.38684 0.47469 0 50
173 201 17 0.7089 0.7515 157.94 159.841 -0.37484 0.47469 0 51
173 139 18 0.6391 0.5388 156.036 153.919 -0.23084 0.37869 1 50
173 133 19 0.6799 0.5388 154.172 153.919 -0.23084 0.37869 1 51
173 172 20 0.7227 0.746 152.964 153.401 -0.31484 0.52869 1 51
173 139 21 0.6241 0.6401 153.221 152.981 -0.26684 0.45669 1 50
173 161 22 0.6154 0.5388 156.489 153.919 -0.23084 0.37869 1 50
173 164 23 0.6447 0.6565 158.474 160.561 -0.33284 0.40869 1 50
173 253 24 0.7331 0.7515 158.961 159.841 -0.37484 0.47469 0 51
173 138 25 0.6419 0.5388 156.977 153.919 -0.23084 0.37869 1 50
173 222 26 0.7578 0.7675 152.179 153.079 -0.32084 0.54669 0 51
173 150 27 0.7083 0.728 149.001 150.293 -0.27884 0.54069 0 51
173 130 28 0.6778 0.5388 146.881 153.919 -0.23084 0.37869 1 51
173 238 29 0.7238 0.7471 160.471 160.809 -0.38084 0.46269 0 51
173 202 30 0.7063 0.7414 159.716 160.438 -0.37484 0.46269 0 51
173 144 31 0.6327 0.6376 149.072 150.124 -0.24284 0.47469 0 50
173 141 32 0.6406 0.6447 154.799 154.25 -0.27884 0.45069 1 50
173 131 33 0.6504 0.5388 147.466 153.919 -0.23084 0.37869 1 51
173 237 34 0.7764 0.7775 153.152 153.892 -0.33284 0.54669 0 51
173 155 35 0.7208 0.7393 148.148 149.833 -0.27884 0.55269 0 51
173 178 36 0.7208 0.7375 150.727 151.187 -0.29084 0.54069 0 51
173 147 37 0.6238 0.6407 151.762 152.199 -0.26084 0.46269 1 50
173 197 38 0.7317 0.7611 155.732 157.941 -0.36284 0.49869 0 51
173 248 39 0.7296 0.7515 159.05 159.841 -0.37484 0.47469 0 51
173 264 40 0.7404 0.7521 160.076 160.508 -0.38084 0.46869 0 51
173 160 41 0.7305 0.745 147.988 149.608 -0.27884 0.55869 0 51
173 174 42 0.7284 0.744 148.992 150.279 -0.28484 0.55269 0 51
173 140 43 0.6225 0.5393 153.281 152.988 -0.22484 0.38469 1 50
173 138 44 0.6168 0.6094 147.132 144.682 -0.18884 0.48669 0 50
173 272 45 0.7666 0.7628 160.887 160.576 -0.38684 0.47469 0 50
173 233 46 0.7258 0.7515 158.217 159.841 -0.37484 0.47469 1 51
173 152 47 0.7099 0.7559 155.003 158.221 -0.36284 0.49269 1 51
173 131 48 0.6787 0.5388 146.8 153.919 -0.23084 0.37869 1 51
173 203 49 0.7455 0.7527 150.824 151.819 -0.30284 0.54669 0 51
217 256 0 0.7151 0.7364 160.113 160.743 -0.37484 0.45669 0 51
217 171 1 0.7236 0.7441 146.198 147.149 -0.25484 0.57669 0 51
217 215 2 0.635 0.6458 159.256 160.482 -0.32684 0.40269 0 51
217 168 3 0.651 0.655 156.918 157.499 -0.30884 0.43269 1 50
217 237 4 0.6444 0.6465 160.23 161.257 -0.33284 0.39669 0 51
217 175 5 0.698 0.7167 150.292 150.767 -0.27884 0.52869 0 51
217 237 6 0.7354 0.7515 152.895 153.152 -0.31484 0.53469 0 51
217 286 7 0.7416 0.7562 157.797 158.885 -0.36884 0.48669 0 51
217 175 8 0.6274 0.6329 148.454 149.602 -0.23684 0.47469 0 50
217 149 9 0.6916 0.7511 155.336 159.174 -0.36884 0.48069 1 51
217 304 10 0.7779 0.7669 159.255 158.976 -0.37484 0.49269 0 51
217 197 11 0.6462 0.6451 153.873 153.472 -0.27284 0.45669 0 50
217 261 12 0.7509 0.767 153.122 153.733 -0.32684 0.54069 0 51
217 220 13 0.6951 0.6943 160.91 161.181 -0.35684 0.42669 0 51
217 152 14 0.6556 0.6354 146.937 145.148 -0.20084 0.50469 0 51
217 286 15 0.769 0.7769 154.615 155.184 -0.34484 0.53469 0 51
217 221 16 0.6498 0.6565 159.266 160.561 -0.33284 0.40869 1 51
217 171 17 0.6565 0.6604 157.185 157.943 -0.31484 0.43269 1 51
217 178 18 0.6344 0.6386 148.497 149.342 -0.23684 0.48069 0 50
217 190 19 0.6796 0.6773 158.627 159.973 -0.33884 0.42669 1 51
217 280 20 0.7645 0.7714 156.444 156.742 -0.35684 0.51669 0 51
217 188 21 0.6314 0.6376 149.318 150.124 -0.24284 0.47469 0 50
217 198 22 0.6531 0.6506 153.896 153.184 -0.27284 0.46269 1 50
217 204 23 0.6554 0.6512 152.323 152.413 -0.26684 0.46869 1 50
217 159 24 0.6684 0.6592 149.216 149.856 -0.24884 0.49269 0 51
217 180 25 0.6641 0.6662 157.8 159.133 -0.32684 0.42669 1 51
217 278 26 0.7519 0.7611 156.926 157.941 -0.36284 0.49869 0 51
217 236 27 0.7411 0.7487 150.141 150.719 -0.29084 0.55269 0 51
217 296 28 0.7674 0.7665 157.678 158.321 -0.36884 0.49869 0 51
217 307 29 0.7778 0.7678 160.398 160.283 -0.38684 0.48069 0 51
217 164 30 0.6792 0.6687 151.047 150.848 -0.26084 0.49269 0 51
217 154 31 0.6862 0.6847 150.817 150.82 -0.26684 0.50469 0 51
217 252 32 0.7142 0.7465 158.933 160.138 -0.37484 0.46869 0 51
217 242 33 0.7701 0.7695 150.644 151.123 -0.30284 0.56469 0 51
217 150 34 0.6621 0.6557 148.089 148.589 -0.23684 0.49869 0 51
217 228 35 0.7298 0.7557 155.836 157.557 -0.35684 0.49869 0 51
217 185 36 0.6445 0.6432 149.303 149.861 -0.24284 0.48069 0 50
217 242 37 0.6355 0.6416 160.563 161.613 -0.33284 0.39069 0 51
217 173 38 0.6732 0.663 150.891 151.109 -0.26084 0.48669 0 50
217 246 39 0.7427 0.7527 151.196 151.819 -0.30284 0.54669 0 51
217 309 40 0.7716 0.7669 159.132 158.976 -0.37484 0.49269 0 51
217 195 41 0.6282 0.6407 151.896 152.199 -0.26084 0.46269 0 50
217 253 42 0.7705 0.7761 146.622 147.252 -0.26684 0.60069 0 51
217 184 43 0.6415 0.6447 154.75 154.25 -0.27884 0.45069 1 50
217 307 44 0.7486 0.7521 160.999 160.508 -0.38084 0.46869 0 51
217 303 45 0.7756 0.7669 158.687 158.976 -0.37484 0.49269 0 51
217 215 46 0.7331 0.744 148.915 150.279 -0.28484 0.55269 0 51
217 253 47 0.759 0.7631 151.316 152.007 -0.30884 0.55269 0 51
217 160 48 0.6915 0.7511 156.029 159.174 -0.36884 0.48069 1 51
217 200 49 0.686 0.6829 159.296 160.382 -0.34484 0.42669 1 51
260 213 0 0.6972 0.7119 149.775 150.308 -0.27284 0.52869 0 51
260 231 1 0.6246 0.6359 151.362 151.695 -0.25484 0.46269 0 50
260 281 2 0.7634 0.7647 150.155 150.697 -0.29684 0.56469 0 52
260 232 3 0.6316 0.6366 149.921 150.908 -0.24884 0.46869 0 50
260 235 4 0.6315 0.6401 152.894 152.981 -0.26684 0.45669 0 50
260 229 5 0.7206 0.7456 153.751 154.074 -0.32084 0.52269 0 51
260 211 6 0.6797 0.6623 152.282 151.864 -0.26684 0.48069 0 51
260 253 7 0.7231 0.7361 152.502 152.546 -0.30284 0.52869 0 51
260 202 8 0.714 0.7312 147.113 148.243 -0.26084 0.55869 0 51
260 280 9 0.7602 0.769 148.189 148.096 -0.27284 0.58869 0 51
260 237 10 0.7253 0.7504 154.503 155.158 -0.33284 0.51669 0 51
260 300 11 0.7496 0.7662 155.434 155.698 -0.34484 0.52269 0 51
260 195 12 0.6872 0.6727 152.838 152.077 -0.27284 0.48669 1 51
260 304 13 0.7525 0.7662 155.027 155.698 -0.34484 0.52269 0 51
260 228 14 0.7311 0.7428 147.128 147.817 -0.26084 0.57069 0 51
260 351 15 0.7592 0.7617 158.631 159.26 -0.37484 0.48669 0 51
260 191 16 0.6198 0.6342 157.228 158.819 -0.30884 0.40869 0 51
260 259 17 0.7291 0.7383 149.448 150.509 -0.28484 0.54669 0 51
260 263 18 0.7337 0.7507 154.017 154.488 -0.32684 0.52269 0 51
260 173 19 0.6855 0.6708 156.432 155.814 -0.30284 0.45669 1 51
260 282 20 0.7737 0.7703 150.579 150.473 -0.29684 0.57069 0 52
260 212 21 0.714 0.73 147.739 148.924 -0.26684 0.55269 0 51
260 282 22 0.7769 0.776 150.336 150.253 -0.29684 0.57669 0 52
260 225 23 0.632 0.6376 149.062 150.124 -0.24284 0.47469 0 51
260 356 24 0.7588 0.7622 159.348 159.919 -0.38084 0.48069 0 51
260 263 25 0.7229 0.7319 151.014 151.426 -0.29084 0.53469 0 51
260 212 26 0.6766 0.6611 153.865 153.38 -0.27884 0.46869 1 51
260 196 27 0.6791 0.6607 155.297 154.139 -0.28484 0.46269 1 51
260 326 28 0.7695 0.7716 155.453 155.439 -0.34484 0.52869 0 51
260 195 29 0.6827 0.6611 154.334 153.38 -0.27884 0.46869 1 51
260 328 30 0.746 0.7562 157.763 158.885 -0.36884 0.48669 0 51
260 246 31 0.6763 0.6773 159.235 159.973 -0.33884 0.42669 0 51
260 346 32 0.7623 0.7669 158.304 158.976 -0.37484 0.49269 0 51
260 246 33 0.7155 0.7263 151.609 151.669 -0.29084 0.52869 0 51
260 301 34 0.7623 0.768 151.95 152.426 -0.31484 0.55269 0 52
260 199 35 0.7136 0.7401 154.041 154.332 -0.32084 0.51669 0 51
260 258 36 0.7255 0.7361 152.557 152.546 -0.30284 0.52869 0 51
260 192 37 0.6281 0.6391 155.717 155.336 -0.28484 0.43869 0 50
260 286 38 0.7655 0.7647 150.609 150.697 -0.29684 0.56469 0 52
260 186 39 0.7105 0.7503 154.473 155.827 -0.33884 0.51069 0 51
260 246 40 0.6459 0.6457 153.091 152.695 -0.26684 0.46269 0 50
260 210 41 0.6566 0.6549 156.861 156.732 -0.30284 0.43869 1 51
260 213 42 0.6166 0.6263 150.124 150.664 -0.24284 0.46269 0 50
260 341 43 0.757 0.7614 157.984 158.601 -0.36884 0.49269 0 51
260 235 44 0.6367 0.6401 153.507 152.981 -0.26684 0.45669 0 50
260 179 45 0.6773 0.6809 148.711 149.605 -0.25484 0.51069 0 51
260 173 46 0.671 0.6531 146.371 144.504 -0.20084 0.52269 0 51
260 244 47 0.6573 0.6519 151.99 151.644 -0.26084 0.47469 0 50
260 199 48 0.6812 0.6743 150.643 150.591 -0.26084 0.49869 0 51
260 243 49 0.7332 0.7461 148.181 148.94 -0.27284 0.56469 0 51
304 319 0 0.7578 0.7633 148.051 148.302 -0.27284 0.58269 0 52
304 242 1 0.6819 0.6672 153.252 152.347 -0.27284 0.48069 0 51
304 319 2 0.7351 0.7465 152.623 152.729 -0.30884 0.53469 0 52
304 315 3 0.6643 0.6622 160.184 160.978 -0.33884 0.40869 0 51
304 323 4 0.6272 0.6366 160.907 161.975 -0.33284 0.38469 0 51
304 264 5 0.6549 0.6499 155.382 154.728 -0.28484 0.45069 0 51
304 299 6 0.7219 0.7367 151.775 151.866 -0.29684 0.53469 0 52
304 330 7 0.7417 0.7471 152.033 152.058 -0.30284 0.54069 0 52
304 330 8 0.7588 0.7591 150.7 150.924 -0.29684 0.55869 0 52
304 219 9 0.6934 0.6832 153.144 152.284 -0.27884 0.49269 0 51
304 332 10 0.764 0.7703 147.251 147.45 -0.26684 0.59469 0 52
304 231 11 0.6873 0.6721 153.259 152.823 -0.27884 0.48069 1 51
304 326 12 0.7785 0.7743 151.306 151.543 -0.30884 0.56469 0 52
304 286 13 0.6547 0.6512 152.083 152.413 -0.26684 0.46869 0 50
304 231 14 0.6853 0.6666 153.896 153.099 -0.27884 0.47469 1 51
304 203 15 0.7031 0.7452 155.241 158.119 -0.35684 0.48669 1 52
304 342 16 0.7527 0.7625 152.283 152.664 -0.31484 0.54669 0 52
304 339 17 0.7637 0.7631 151.594 152.007 -0.30884 0.55269 0 52
304 329 18 0.7668 0.7695 150.874 151.123 -0.30284 0.56469 0 52
304 269 19 0.7067 0.7215 151.146 151.221 -0.28484 0.52869 0 51
304 283 20 0.6237 0.6352 159.166 160.4 -0.32084 0.39669 0 51
304 271 21 0.6274 0.6366 150.097 150.908 -0.24884 0.46869 0 50
304 316 22 0.6459 0.6515 159.966 160.907 -0.33284 0.40269 0 51
304 275 23 0.6449 0.6504 158.295 159.366 -0.32084 0.41469 0 51
304 270 24 0.7176 0.7305 153.028 152.796 -0.30284 0.52269 0 52
304 242 25 0.6677 0.6649 149.226 149.604 -0.24884 0.49869 0 51
304 264 26 0.6787 0.6768 158.348 159.232 -0.33284 0.43269 0 51
304 217 27 0.6976 0.6936 153.065 152.484 -0.28484 0.49869 0 51
304 269 28 0.6187 0.6352 158.853 160.4 -0.32084 0.39669 0 51
304 260 29 0.6352 0.6449 157.885 158.927 -0.31484 0.41469 0 51
304 289 30 0.6906 0.6936 159.883 160.459 -0.35084 0.43269 0 52
304 309 31 0.6433 0.6515 159.709 160.907 -0.33284 0.40269 0 51
304 291 32 0.6915 0.6936 159.895 160.459 -0.35084 0.43269 0 52
304 249 33 0.682 0.682 157.959 158.912 -0.33284 0.43869 1 52
304 270 34 0.6476 0.6447 154.784 154.25 -0.27884 0.45069 0 51
304 382 35 0.7417 0.7515 159.044 159.841 -0.37484 0.47469 0 51
304 304 36 0.7139 0.7404 157.934 159.084 -0.36284 0.47469 0 52
304 247 37 0.7041 0.7186 148.213 149.376 -0.26684 0.54069 0 51
304 329 38 0.7705 0.7695 150.946 151.123 -0.30284 0.56469 0 52
304 302 39 0.7044 0.715 160.112 160.605 -0.36284 0.44469 0 52
304 383 40 0.7659 0.7665 157.856 158.321 -0.36884 0.49869 0 52
304 243 41 0.6194 0.6346 153.41 153.273 -0.26684 0.45069 0 50
304 239 42 0.7007 0.7186 148.181 149.376 -0.26684 0.54069 0 51
304 274 43 0.6801 0.6824 158.796 159.647 -0.33884 0.43269 1 52
304 285 44 0.7137 0.7215 151.063 151.221 -0.28484 0.52869 0 51
304 272 45 0.6247 0.6359 151.205 151.695 -0.25484 0.46269 0 50
304 227 46 0.7137 0.7451 154.595 155.422 -0.33284 0.51069 0 52
304 248 47 0.6771 0.6765 157.717 158.49 -0.32684 0.43869 1 51
304 248 48 0.6939 0.7088 158.092 159.509 -0.35084 0.45069 0 52
304 343 49 0.7515 0.757 152.444 152.906 -0.31484 0.54069 0 52
347 302 0 0.6421 0.65 157.741 158.594 -0.31484 0.42069 0 51
347 303 1 0.6334 0.6397 158.126 159.266 -0.31484 0.40869 0 51
347 371 2 0.7757 0.7776 146.131 146.614 -0.26084 0.60669 -0 52
347 314 3 0.6527 0.6555 158.155 159.032 -0.32084 0.42069 0 51
347 271 4 0.6272 0.6391 156.954 157.695 -0.30284 0.42069 0 51
347 387 5 0.752 0.7608 156.037 156.621 -0.35084 0.51069 0 52
347 232 6 0.6931 0.6763 155.694 154.775 -0.29684 0.46869 1 52
347 382 7 0.749 0.757 152.818 152.906 -0.31484 0.54069 0 52
347 374 8 0.7513 0.7535 151.034 151.154 -0.29684 0.55269 -0 52
347 270 9 0.6911 0.6978 157.644 158.7 -0.33884 0.45069 0 52
347 361 10 0.6743 0.6729 160.914 161.048 -0.34484 0.41469 0 52
347 279 11 0.6273 0.6339 155.066 154.856 -0.27884 0.43869 0 51
347 273 12 0.6961 0.714 157.6 159.201 -0.35084 0.45669 0 52
347 305 13 0.6396 0.6447 154.73 154.25 -0.27884 0.45069 0 51
347 307 14 0.6604 0.6607 157.928 158.703 -0.32084 0.42669 0 52
347 288 15 0.6816 0.6727 152.406 152.077 -0.27284 0.48669 0 51
347 263 16 0.615 0.6292 153.836 153.569 -0.26684 0.44469 0 51
347 317 17 0.6287 0.6359 151.006 151.695 -0.25484 0.46269 0 51
347 363 18 0.6593 0.6622 160.333 160.978 -0.33884 0.40869 0 52
347 300 19 0.7009 0.7111 150.587 151.01 -0.27884 0.52269 0 52
347 364 20 0.7428 0.7487 150.57 150.719 -0.29084 0.55269 -0 52
347 396 21 0.772 0.778 152.789 153.247 -0.32684 0.55269 -0 52
347 369 22 0.6573 0.6572 160.674 161.324 -0.33884 0.40269 0 52
347 252 23 0.6925 0.6771 153.872 153.291 -0.28484 0.48069 0 52
347 413 24 0.7542 0.7611 157.6 157.941 -0.36284 0.49869 0 52
347 309 25 0.6672 0.6662 158.194 159.133 -0.32684 0.42669 0 52
347 317 26 0.666 0.6567 152.173 152.136 -0.26684 0.47469 0 51
347 317 27 0.6868 0.688 159.224 160.056 -0.34484 0.43269 0 52
347 344 28 0.7315 0.7383 149.565 150.509 -0.28484 0.54669 0 52
347 339 29 0.6688 0.6666 159.41 159.886 -0.33284 0.42069 0 52
347 353 30 0.7283 0.7375 150.699 151.187 -0.29084 0.54069 0 52
347 324 31 0.6159 0.6301 159.647 160.756 -0.32084 0.39069 0 52
347 329 32 0.6526 0.6463 151.917 151.919 -0.26084 0.46869 0 51
347 308 33 0.6711 0.6616 153.162 152.621 -0.27284 0.47469 0 51
347 372 34 0.7238 0.746 158.171 159.466 -0.36884 0.47469 0 52
347 396 35 0.7291 0.746 158.726 159.466 -0.36884 0.47469 0 52
347 281 36 0.6299 0.6391 155.376 155.336 -0.28484 0.43869 0 51
347 408 37 0.7677 0.7718 154.27 154.788 -0.33884 0.53469 -0 52
347 271 38 0.6709 0.6706 148.832 149.356 -0.24884 0.50469 0 51
347 282 39 0.6805 0.6666 153.902 153.099 -0.27884 0.47469 0 51
347 369 40 0.7656 0.7647 150.469 150.697 -0.29684 0.56469 0 52
347 330 41 0.7413 0.753 147.339 148.063 -0.26684 0.57669 -0 52
347 294 42 0.6571 0.6549 156.87 156.732 -0.30284 0.43869 0 51
347 363 43 0.7376 0.7465 152.797 152.729 -0.30884 0.53469 0 52
347 345 44 0.6371 0.6458 159.634 160.482 -0.32684 0.40269 0 52
347 289 45 0.72 0.7449 155.117 156.096 -0.33884 0.50469 0 52
347 380 46 0.749 0.761 154.946 155.3 -0.33884 0.52269 0 52
347 348 47 0.6848 0.6836 160.618 161.115 -0.35084 0.42069 0 52
347 234 48 0.6803 0.6758 146.542 146.404 -0.22484 0.52869 0 52
347 309 49 0.6241 0.6303 151.825 151.977 -0.25484 0.45669 0 51
390 312 0 0.6608 0.6557 147.97 148.589 -0.23684 0.49869 -0 52
390 358 1 0.6454 0.6451 154.184 153.472 -0.27284 0.45669 0 51
390 389 2 0.7347 0.7393 149.478 149.833 -0.27884 0.55269 -0 52
390 437 3 0.7571 0.7662 155.598 155.698 -0.34484 0.52269 -0 53
390 430 4 0.7532 0.761 155.075 155.3 -0.33884 0.52269 -0 53
390 353 5 0.6382 0.6397 154.171 153.766 -0.27284 0.45069 0 51
390 315 6 0.677 0.6656 155.875 155.36 -0.29684 0.45669 0 52
390 314 7 0.6985 0.7083 148.096 149.137 -0.26084 0.53469 -0 52
390 456 8 0.7712 0.7769 155.133 155.184 -0.34484 0.53469 -0 53
390 359 9 0.6356 0.6376 149.734 150.124 -0.24284 0.47469 -0 51
390 406 10 0.7785 0.776 150.144 150.253 -0.29684 0.57669 -0 53
390 441 11 0.7496 0.7611 157.144 157.941 -0.36284 0.49869 0 53
390 325 12 0.6478 0.6424 147.276 147.013 -0.21884 0.49869 -0 52
390 340 13 0.6162 0.6162 147.009 146.631 -0.20684 0.48069 -0 52
390 347 14 0.6434 0.65 157.855 158.594 -0.31484 0.42069 0 52
390 340 15 0.6667 0.6639 150.213 150.355 -0.25484 0.49269 -0 51
390 453 16 0.7703 0.7714 155.985 156.091 -0.35084 0.52269 -0 53
390 396 17 0.7323 0.7383 150.206 150.509 -0.28484 0.54669 -0 52
390 380 18 0.7191 0.7271 150.732 150.98 -0.28484 0.53469 0 52
390 328 19 0.7209 0.7326 146.928 147.564 -0.25484 0.56469 -0 52
390 349 20 0.6244 0.6319 150.332 150.391 -0.24284 0.46869 -0 51
390 408 21 0.7751 0.7713 149.954 149.825 -0.29084 0.57669 -0 53
390 320 22 0.7046 0.714 147.897 148.908 -0.26084 0.54069 0 52
390 338 23 0.6621 0.655 155.832 155.198 -0.29084 0.45069 0 52
390 317 24 0.7029 0.7298 157.227 158.993 -0.35684 0.46869 0 53
390 309 25 0.6908 0.6923 157.639 158.286 -0.33284 0.45069 0 53
390 448 26 0.7477 0.7559 157.604 158.221 -0.36284 0.49269 0 52
390 332 27 0.6795 0.6679 152.115 151.597 -0.26684 0.48669 0 52
390 362 28 0.7146 0.7233 149.294 149.837 -0.27284 0.54069 0 52
390 404 29 0.7364 0.7416 151.929 152.3 -0.30284 0.53469 -0 53
390 364 30 0.6553 0.6527 150.92 150.877 -0.25484 0.48069 0 51
390 409 31 0.6486 0.6515 160.494 160.907 -0.33284 0.40269 0 52
390 337 32 0.6489 0.6496 156.831 157.048 -0.30284 0.43269 0 52
390 374 33 0.7435 0.7486 147.304 147.609 -0.26084 0.57669 -0 52
390 345 34 0.7083 0.7176 149.018 150.071 -0.27284 0.53469 0 52
390 394 35 0.7476 0.7553 149.376 149.829 -0.28484 0.56469 -0 53
390 326 36 0.6729 0.6658 155.226 154.606 -0.29084 0.46269 0 52
390 355 37 0.6274 0.6366 150.723 150.908 -0.24884 0.46869 -0 51
390 337 38 0.6338 0.6322 147.062 146.707 -0.21284 0.49269 -0 52
390 377 39 0.7103 0.7302 158.672 159.68 -0.36284 0.46269 0 53
390 418 40 0.7453 0.7515 153.176 153.152 -0.31484 0.53469 -0 53
390 451 41 0.7732 0.7775 153.706 153.892 -0.33284 0.54669 -0 53
390 367 42 0.7397 0.7473 147.529 148.273 -0.26684 0.57069 -0 52
390 429 43 0.7236 0.7358 159.472 160.062 -0.36884 0.46269 0 53
390 367 44 0.7404 0.7486 146.972 147.609 -0.26084 0.57669 -0 52
390 364 45 0.6296 0.6359 151.559 151.695 -0.25484 0.46269 0 51
390 419 46 0.7663 0.7687 151.405 151.774 -0.30884 0.55869 -0 53
390 353 47 0.6346 0.6397 153.895 153.766 -0.27284 0.45069 0 51
390 311 48 0.7153 0.7296 154.225 154.171 -0.31484 0.51069 0 53
390 296 49 0.7074 0.7346 156.037 158.014 -0.35084 0.48069 0 53
434 477 0 0.7753 0.773 152.617 152.839 -0.32084 0.55269 -0 54
434 431 1 0.7027 0.705 161.059 161.244 -0.36284 0.43269 0 53
434 419 2 0.6333 0.6402 159.541 160.05 -0.32084 0.40269 -0 52
434 372 3 0.7131 0.7346 156.741 158.014 -0.35084 0.48069 0 53
434 414 4 0.6419 0.6414 151.235 151.417 -0.25484 0.46869 -0 51
434 352 5 0.7108 0.7195 153.556 153.308 -0.30284 0.51069 0 53
434 390 6 0.6584 0.6553 155.108 154.431 -0.28484 0.45669 0 52
434 386 7 0.7295 0.7428 147.159 147.817 -0.26084 0.57069 -0 53
434 414 8 0.6949 0.6936 160.018 160.459 -0.35084 0.43269 0 53
434 484 9 0.7671 0.7725 153.014 153.488 -0.32684 0.54669 -0 53
434 386 10 0.6529 0.6499 155.503 154.728 -0.28484 0.45069 0 52
434 354 11 0.6971 0.6992 152.385 152.223 -0.28484 0.50469 0 53
434 357 12 0.7176 0.7281 146.731 147.094 -0.24884 0.56469 -0 53
434 451 13 0.7387 0.7423 151.251 151.625 -0.29684 0.54069 -0 53
434 461 14 0.7709 0.7748 148.073 147.893 -0.27284 0.59469 -0 53
434 385 15 0.6402 0.6445 155.132 155.03 -0.28484 0.44469 0 51
434 352 16 0.6592 0.654 146.802 146.55 -0.21884 0.51069 -0 52
434 452 17 0.7604 0.7647 150.372 150.697 -0.29684 0.56469 -0 53
434 364 18 0.6943 0.6999 151.581 151.507 -0.27884 0.51069 0 52
434 404 19 0.6591 0.6506 153.612 153.184 -0.27284 0.46269 0 51
434 415 20 0.647 0.6457 153.01 152.695 -0.26684 0.46269 0 51
434 466 21 0.7755 0.7785 152.257 152.602 -0.32084 0.55869 -0 54
434 494 22 0.7666 0.7718 154.497 154.788 -0.33884 0.53469 -0 53
434 488 23 0.7634 0.767 153.589 153.733 -0.32684 0.54069 -0 53
434 388 24 0.7072 0.7159 151.544 151.466 -0.28484 0.52269 -0 53
434 427 25 0.7369 0.745 149.205 149.608 -0.27884 0.55869 -0 53
434 430 26 0.6905 0.6886 160.865 160.785 -0.35084 0.42669 0 53
434 444 27 0.7474 0.7496 149.908 150.052 -0.28484 0.55869 -0 53
434 393 28 0.7303 0.737 147.501 148.028 -0.26084 0.56469 -0 53
434 364 29 0.6857 0.6847 150.913 150.82 -0.26684 0.50469 -0 52
434 432 30 0.7313 0.7383 149.802 150.509 -0.28484 0.54669 -0 53
434 418 31 0.7204 0.728 149.993 150.293 -0.27884 0.54069 0 53
434 402 32 0.6173 0.6245 159.531 160.315 -0.31484 0.39069 0 52
434 447 33 0.735 0.7416 151.994 152.3 -0.30284 0.53469 -0 53
434 366 34 0.6709 0.6655 156.793 156.87 -0.30884 0.44469 0 52
434 372 35 0.6844 0.682 158.16 158.912 -0.33284 0.43869 0 53
434 332 36 0.6862 0.6935 147.676 148.407 -0.24884 0.52869 -0 53
434 387 37 0.668 0.663 150.774 151.109 -0.26084 0.48669 -0 52
434 454 38 0.7626 0.7647 150.431 150.697 -0.29684 0.56469 -0 53
434 523 39 0.7634 0.7628 160.897 160.576 -0.38684 0.47469 -0 52
434 496 40 0.7726 0.7714 156.174 156.091 -0.35084 0.52269 -0 53
434 427 41 0.6366 0.6458 159.687 160.482 -0.32684 0.40269 0 52
434 359 42 0.7195 0.7397 154.865 155.69 -0.33284 0.50469 0 53
434 410 43 0.7222 0.7305 152.638 152.796 -0.30284 0.52269 0 53
434 356 44 0.6852 0.6721 153.321 152.823 -0.27884 0.48069 0 52
434 381 45 0.6725 0.6687 150.908 150.848 -0.26084 0.49269 -0 52
434 487 46 0.7592 0.7662 156.707 157.01 -0.35684 0.51069 -0 53
434 523 47 0.7593 0.7617 158.934 159.26 -0.37484 0.48669 -0 53
434 519 48 0.7692 0.7669 158.716 158.976 -0.37484 0.49269 -0 53
434 328 49 0.691 0.6948 147.187 147.69 -0.24284 0.53469 -0 53
477 500 0 0.7186 0.7307 160.023 160.367 -0.36884 0.45669 0 54
477 431 1 0.6629 0.6553 154.562 154.431 -0.28484 0.45669 0 52
477 437 2 0.7156 0.7349 157.368 158.697 -0.35684 0.47469 0 54
477 503 3 0.7712 0.7748 147.957 147.893 -0.27284 0.59469 -0 53
477 409 4 0.7013 0.7083 148.487 149.137 -0.26084 0.53469 -0 53
477 394 5 0.66 0.6556 146.252 145.795 -0.21284 0.51669 -1 53
477 424 6 0.6686 0.6607 154.25 154.139 -0.28484 0.46269 0 52
477 492 7 0.7264 0.7404 158.079 159.084 -0.36284 0.47469 0 54
477 479 8 0.7486 0.7553 149.351 149.829 -0.28484 0.56469 -0 54
477 406 9 0.66 0.6603 148.631 149.1 -0.24284 0.49869 -0 52
477 565 10 0.7675 0.7669 158.998 158.976 -0.37484 0.49269 -0 53
477 419 11 0.7036 0.7103 151.729 151.714 -0.28484 0.51669 0 53
477 414 12 0.634 0.6391 155.358 155.336 -0.28484 0.43869 0 52
477 442 13 0.6514 0.6479 150.121 150.373 -0.24884 0.48069 -0 52
477 444 14 0.7128 0.7207 151.728 151.915 -0.29084 0.52269 0 53
477 517 15 0.75 0.7609 156.889 157.281 -0.35684 0.50469 -0 54
477 572 16 0.7659 0.7622 159.973 159.919 -0.38084 0.48069 -0 53
477 502 17 0.7682 0.7703 147.576 147.45 -0.26684 0.59469 -0 53
477 451 18 0.7233 0.7452 157 158.119 -0.35684 0.48669 0 54
477 465 19 0.6224 0.6301 160.272 160.756 -0.32084 0.39069 -0 53
477 447 20 0.6322 0.6366 150.865 150.908 -0.24884 0.46869 -0 52
477 471 21 0.7241 0.7401 157.565 158.406 -0.35684 0.48069 0 54
477 421 22 0.6199 0.6226 149.176 149.334 -0.23084 0.46869 -0 52
477 403 23 0.6831 0.6776 153.036 152.551 -0.27884 0.48669 0 53
477 391 24 0.7114 0.7166 146.875 147.518 -0.24884 0.55269 -0 53
477 528 25 0.7618 0.7662 155.4 155.698 -0.34484 0.52269 -0 54
477 480 26 0.74 0.7507 154.275 154.488 -0.32684 0.52269 -0 54
477 439 27 0.6283 0.6319 150.06 150.391 -0.24284 0.46869 -0 52
477 364 28 0.6926 0.7006 146.909 147.469 -0.24284 0.54069 -0 53
477 460 29 0.7457 0.75 146.764 146.947 -0.25484 0.58269 -0 53
477 548 30 0.7479 0.7562 158.446 158.885 -0.36884 0.48669 0 53
477 495 31 0.775 0.7743 151.479 151.543 -0.30884 0.56469 -0 54
477 419 32 0.6181 0.6206 147.432 147.188 -0.21284 0.48069 -1 53
477 438 33 0.628 0.6352 152.491 152.483 -0.26084 0.45669 -0 51
477 440 34 0.6628 0.6556 153.985 153.665 -0.27884 0.46269 0 52
477 450 35 0.6352 0.6359 151.46 151.695 -0.25484 0.46269 -0 52
477 425 36 0.6462 0.6496 155.644 155.501 -0.29084 0.44469 0 52
477 484 37 0.6703 0.6672 160.457 160.638 -0.33884 0.41469 0 53
477 529 38 0.7564 0.7609 156.951 157.281 -0.35684 0.50469 -0 54
477 413 39 0.6133 0.6192 147.886 147.989 -0.21884 0.47469 -0 53
477 497 40 0.6549 0.6572 160.735 161.324 -0.33884 0.40269 -0 53
477 497 41 0.7718 0.7724 149.053 149.179 -0.28484 0.58269 -0 54
477 572 42 0.7578 0.7572 160.233 160.212 -0.38084 0.47469 -0 53
477 456 43 0.6191 0.6301 160.083 160.756 -0.32084 0.39069 -0 53
477 375 44 0.7075 0.7122 146.445 147.037 -0.24284 0.55269 -0 53
477 527 45 0.7543 0.7609 157.103 157.281 -0.35684 0.50469 -0 54
477 429 46 0.6347 0.6397 154.204 153.766 -0.27284 0.45069 -0 52
477 421 47 0.7062 0.7103 151.951 151.714 -0.28484 0.51669 0 53
477 410 48 0.6914 0.6951 150.853 151.042 -0.27284 0.51069 -0 53
477 500 49 0.7435 0.752 152.24 152.485 -0.30884 0.54069 -0 54
520 420 0 0.7106 0.7141 153.912 153.569 -0.30284 0.50469 0 54
520 427 1 0.7122 0.718 146.444 146.826 -0.24284 0.55869 -0 54
520 461 2 0.6568 0.6549 157.005 156.732 -0.30284 0.43869 0 53
520 451 3 0.6736 0.6658 154.866 154.606 -0.29084 0.46269 0 53
520 489 4 0.6538 0.6527 151.067 150.877 -0.25484 0.48069 -0 52
520 464 5 0.7041 0.7103 151.547 151.714 -0.28484 0.51669 -0 54
520 476 6 0.6399 0.6449 158.205 158.927 -0.31484 0.41469 -0 53
520 563 7 0.7725 0.778 152.914 153.247 -0.32684 0.55269 -0 55
520 518 8 0.7271 0.7327 150.518 150.743 -0.28484 0.54069 -0 54
520 561 9 0.7254 0.7364 160.484 160.743 -0.37484 0.45669 0 54
520 502 10 0.6165 0.6251 160.373 161.117 -0.32084 0.38469 -0 53
520 584 11 0.7509 0.7562 158.128 158.885 -0.36884 0.48669 -0 54
520 462 12 0.6564 0.6549 156.612 156.732 -0.30284 0.43869 0 53
520 466 13 0.7273 0.7451 155.006 155.422 -0.33284 0.51069 0 55
520 465 14 0.6539 0.6549 156.153 155.965 -0.29684 0.44469 0 53
520 502 15 0.7192 0.7215 151.095 151.221 -0.28484 0.52869 -0 54
520 469 16 0.6414 0.6445 155.167 155.03 -0.28484 0.44469 -0 52
520 447 17 0.6599 0.6557 148.497 148.589 -0.23684 0.49869 -1 53
520 580 18 0.7426 0.7511 158.431 159.174 -0.36884 0.48069 -0 54
520 507 19 0.6787 0.6773 159.874 159.973 -0.33884 0.42669 0 54
520 523 20 0.6529 0.6565 159.912 160.561 -0.33284 0.40869 -0 54
520 451 21 0.6764 0.6762 157.567 157.747 -0.32084 0.44469 0 54
520 598 22 0.7524 0.7562 158.857 158.885 -0.36884 0.48669 -0 54
520 539 23 0.7654 0.7647 150.822 150.697 -0.29684 0.56469 -0 55
520 436 24 0.7001 0.7084 157.703 158.801 -0.34484 0.45669 0 54
520 453 25 0.675 0.6696 150.117 150.101 -0.25484 0.49869 -0 53
520 420 26 0.6772 0.6775 147.903 148.377 -0.24284 0.51669 -0 53
520 465 27 0.6199 0.6254 151.223 151.463 -0.24884 0.45669 -0 52
520 466 28 0.6278 0.622 146.821 146.391 -0.20684 0.48669 -1 53
520 611 29 0.7633 0.7622 160.271 159.919 -0.38084 0.48069 -0 54
520 509 30 0.6545 0.656 159.285 159.797 -0.32684 0.41469 -0 54
520 488 31 0.7182 0.7256 152.347 152.359 -0.29684 0.52269 -0 54
520 455 32 0.7002 0.714 158.28 159.201 -0.35084 0.45669 0 54
520 510 33 0.6437 0.6509 159.517 160.137 -0.32684 0.40869 -0 53
520 524 34 0.6666 0.6672 160.151 160.638 -0.33884 0.41469 -0 54
520 464 35 0.6479 0.6496 156.218 156.274 -0.29684 0.43869 0 53
520 470 36 0.6406 0.6445 154.957 155.03 -0.28484 0.44469 -0 52
520 453 37 0.6686 0.6696 149.675 150.101 -0.25484 0.49869 -0 53
520 412 38 0.6762 0.6788 147.357 147.644 -0.23684 0.52269 -0 53
520 461 39 0.6407 0.6443 155.601 155.809 -0.29084 0.43869 -0 52
520 513 40 0.6379 0.6458 159.748 160.482 -0.32684 0.40269 -0 53
520 437 41 0.6921 0.6887 152.453 152.021 -0.27884 0.49869 0 54
520 421 42 0.6847 0.6877 148.006 148.638 -0.24884 0.52269 -0 53
520 484 43 0.6639 0.6567 152.057 152.136 -0.26684 0.47469 -0 52
520 520 44 0.6255 0.6308 160.735 161.55 -0.32684 0.38469 -0 53
520 527 45 0.6642 0.6672 160.32 160.638 -0.33884 0.41469 -0 54
520 484 46 0.7148 0.7233 149.148 149.837 -0.27284 0.54069 -0 54
520 461 47 0.6764 0.6734 151.561 151.333 -0.26684 0.49269 -0 53
520 441 48 0.7144 0.7292 156.51 157.616 -0.34484 0.48069 0 54
520 500 49 0.6486 0.6463 151.761 151.919 -0.26084 0.46869 -0 52
564 489 0 0.6718 0.6655 156.689 156.87 -0.30884 0.44469 0 54
564 493 1 0.6983 0.7033 158.249 159.108 -0.34484 0.45069 0 55
564 492 2 0.6504 0.6468 147.579 147.545 -0.22484 0.49869 -1 54
564 495 3 0.6136 0.6192 148.164 147.989 -0.21884 0.47469 -1 54
564 465 4 0.7126 0.7191 154.005 154.005 -0.30884 0.50469 0 55
564 468 5 0.7088 0.7166 146.813 147.518 -0.24884 0.55269 -0 55
564 480 6 0.7205 0.7345 154.891 155.277 -0.32684 0.50469 -0 55
564 461 7 0.7054 0.709 153.512 153.127 -0.29684 0.50469 0 55
564 505 8 0.6195 0.6206 147.343 147.188 -0.21284 0.48069 -1 54
564 490 9 0.6911 0.6894 151.477 151.294 -0.27284 0.50469 -0 54
564 541 10 0.7208 0.7263 151.943 151.669 -0.29084 0.52869 -0 55
564 590 11 0.7476 0.7515 153.076 153.152 -0.31484 0.53469 -0 55
564 498 12 0.6884 0.6926 158.37 159.011 -0.33884 0.44469 0 55
564 561 13 0.7391 0.744 149.65 150.279 -0.28484 0.55269 -0 55
564 544 14 0.6469 0.6463 152.099 151.919 -0.26084 0.46869 -0 52
564 531 15 0.6154 0.6194 160.067 160.676 -0.31484 0.38469 -0 54
564 511 16 0.6256 0.622 146.546 146.391 -0.20684 0.48669 -1 54
564 555 17 0.6792 0.6779 160.183 160.713 -0.34484 0.42069 0 55
564 581 18 0.7547 0.7591 150.762 150.924 -0.29684 0.55869 -0 55
564 523 19 0.6473 0.6447 154.641 154.25 -0.27884 0.45069 0 53
564 473 20 0.6829 0.6761 157.066 157.004 -0.31484 0.45069 0 55
564 467 21 0.6156 0.6237 153.658 153.871 -0.26684 0.43869 0 53
564 609 22 0.7538 0.7609 157.09 157.281 -0.35684 0.50469 -0 55
564 507 23 0.6517 0.6496 156.013 155.501 -0.29084 0.44469 -0 53
564 505 24 0.6574 0.6549 156.831 156.732 -0.30284 0.43869 0 54
564 575 25 0.7613 0.7646 147.312 147.651 -0.26684 0.58869 -0 55
564 610 26 0.7534 0.7611 157.204 157.941 -0.36284 0.49869 -0 55
564 528 27 0.6523 0.6527 150.418 150.877 -0.25484 0.48069 -1 53
564 635 28 0.7722 0.7717 158.152 158.044 -0.36884 0.50469 -0 54
564 512 29 0.6175 0.6245 159.194 160.315 -0.31484 0.39069 -0 54
564 592 30 0.7582 0.7583 151.437 151.583 -0.30284 0.55269 -0 55
564 535 31 0.6668 0.6662 158.905 159.133 -0.32684 0.42669 -0 54
564 571 32 0.6709 0.6729 160.63 161.048 -0.34484 0.41469 0 55
564 447 33 0.6968 0.7027 156.916 157.679 -0.33284 0.46269 0 55
564 504 34 0.651 0.6496 156.083 155.501 -0.29084 0.44469 0 53
564 484 35 0.6313 0.639 156.629 156.909 -0.29684 0.42669 -0 53
564 521 36 0.6552 0.6536 150.046 150.112 -0.24884 0.48669 -1 53
564 515 37 0.6688 0.663 151.128 151.109 -0.26084 0.48669 -0 53
564 527 38 0.6643 0.6567 152.306 152.136 -0.26684 0.47469 -0 53
564 520 39 0.6787 0.6768 158.698 159.232 -0.33284 0.43269 0 55
564 489 40 0.6951 0.6978 158.181 158.7 -0.33884 0.45069 0 55
564 442 41 0.6132 0.6232 155.439 155.482 -0.27884 0.42669 0 53
564 488 42 0.6997 0.7083 148.556 149.137 -0.26084 0.53469 -0 54
564 492 43 0.7209 0.7296 154.211 154.171 -0.31484 0.51069 0 55
564 559 44 0.7305 0.7383 150.268 150.509 -0.28484 0.54669 -0 55
564 512 45 0.7258 0.7397 156.123 157.048 -0.34484 0.49269 -0 55
564 572 46 0.7633 0.7674 146.095 146.357 -0.25484 0.60069 -0 54
564 519 47 0.732 0.737 147.505 148.028 -0.26084 0.56469 -0 55
564 598 48 0.753 0.7615 153.77 153.981 -0.32684 0.53469 -0 55
564 545 49 0.7351 0.7503 156.184 157.166 -0.35084 0.49869 -0 55
607 568 0 0.6876 0.688 159.373 160.056 -0.34484 0.43269 0 56
607 659 1 0.7654 0.7661 156.254 156.354 -0.35084 0.51669 -0 56
607 666 2 0.7612 0.7663 157.35 157.665 -0.36284 0.50469 -0 55
607 619 3 0.7476 0.7556 155.576 155.562 -0.33884 0.51669 -0 56
607 633 4 0.7743 0.773 152.273 152.839 -0.32084 0.55269 -0 56
607 554 5 0.7067 0.7129 149.266 149.607 -0.26684 0.53469 -0 55
607 604 6 0.7504 0.7506 149.121 149.387 -0.27884 0.56469 -1 56
607 547 7 0.6636 0.6602 155.87 155.66 -0.29684 0.45069 -0 54
607 626 8 0.7782 0.7736 152.048 152.19 -0.31484 0.55869 -0 57
607 538 9 0.668 0.6649 149.611 149.604 -0.24884 0.49869 -1 54
607 537 10 0.7256 0.7326 146.865 147.564 -0.25484 0.56469 -1 55
607 507 11 0.6226 0.6284 155.694 155.966 -0.28484 0.42669 -0 54
607 493 12 0.6796 0.6788 147.284 147.644 -0.23684 0.52269 -1 55
607 496 13 0.7047 0.7122 146.475 147.037 -0.24284 0.55269 -1 55
607 554 14 0.6331 0.634 148.68 148.815 -0.23084 0.48069 -1 54
607 517 15 0.696 0.7029 157.839 158.394 -0.33884 0.45669 0 56
607 536 16 0.6735 0.6708 157.316 157.312 -0.31484 0.44469 0 55
607 539 17 0.6926 0.6926 158.406 159.011 -0.33884 0.44469 0 56
607 566 18 0.6307 0.6319 150.32 150.391 -0.24284 0.46869 -1 53
607 496 19 0.6926 0.6876 153.807 153.478 -0.29084 0.48669 0 55
607 548 20 0.6135 0.6162 146.786 146.631 -0.20684 0.48069 -1 54
607 555 21 0.6237 0.6319 150.202 150.391 -0.24284 0.46869 -1 53
607 524 22 0.6677 0.666 148.679 148.855 -0.24284 0.50469 -1 54
607 693 23 0.7622 0.7617 159.05 159.26 -0.37484 0.48669 -0 55
607 700 24 0.7638 0.7622 160.072 159.919 -0.38084 0.48069 -0 55
607 617 25 0.7412 0.7431 150.555 150.951 -0.29084 0.54669 -0 55
607 643 26 0.7557 0.757 152.732 152.906 -0.31484 0.54069 -0 56
607 603 27 0.7544 0.7601 147.252 147.202 -0.26084 0.58869 -1 55
607 669 28 0.7412 0.746 159.03 159.466 -0.36884 0.47469 -0 55
607 565 29 0.628 0.6346 158.97 159.61 -0.31484 0.40269 -0 54
607 536 30 0.7036 0.7047 152.034 151.967 -0.28484 0.51069 -0 55
607 624 31 0.6489 0.6523 161.001 161.675 -0.33884 0.39669 -0 55
607 607 32 0.6315 0.6358 160.522 161.188 -0.32684 0.39069 -0 55
607 557 33 0.7331 0.7383 147.048 147.355 -0.25484 0.57069 -0 55
607 550 34 0.7297 0.7326 147.258 147.564 -0.25484 0.56469 -0 55
607 551 35 0.6694 0.6611 153.433 153.38 -0.27884 0.46869 -0 54
607 491 36 0.6941 0.6973 156.972 157.26 -0.32684 0.46269 0 56
607 558 37 0.6519 0.6489 149.543 149.603 -0.24284 0.48669 -1 53
607 533 38 0.6945 0.6969 149.445 149.606 -0.26084 0.52269 -0 55
607 550 39 0.6226 0.6295 158.818 159.96 -0.31484 0.39669 -0 54
607 561 40 0.7144 0.7186 148.904 149.376 -0.26684 0.54069 -0 55
607 569 41 0.6904 0.6931 159.465 159.735 -0.34484 0.43869 -0 56
607 640 42 0.755 0.7576 152.287 152.244 -0.30884 0.54669 -0 56
607 512 43 0.6657 0.6628 147.641 147.596 -0.23084 0.51069 -1 55
607 530 44 0.63 0.6339 157.425 158.027 -0.30284 0.41469 -0 54
607 619 45 0.7643 0.7667 149.476 149.393 -0.28484 0.57669 -1 56
607 568 46 0.664 0.6567 152.149 152.136 -0.26684 0.47469 -0 54
607 544 47 0.6323 0.6394 157.874 158.481 -0.30884 0.41469 -0 54
607 698 48 0.757 0.7572 160.35 160.212 -0.38084 0.47469 -0 55
607 535 49 0.6975 0.7073 149.292 149.842 -0.26684 0.52869 -0 55
651 630 0 0.6613 0.6611 159.197 159.463 -0.32684 0.42069 -0 56
651 646 1 0.7287 0.7327 150.734 150.743 -0.28484 0.54069 -0 56
651 589 2 0.6269 0.625 147.567 147.738 -0.21884 0.48069 -1 55
651 716 3 0.754 0.7614 158.173 158.601 -0.36884 0.49269 -0 56
651 673 4 0.7459 0.7471 152.079 152.058 -0.30284 0.54069 -1 57
651 562 5 0.6913 0.6923 148.768 149.125 -0.25484 0.52269 -1 55
651 665 6 0.6515 0.6515 160.728 160.907 -0.33284 0.40269 -0 56
651 613 7 0.7338 0.7451 154.971 155.422 -0.33284 0.51069 -0 57
651 572 8 0.7138 0.721 147.459 147.992 -0.25484 0.55269 -1 56
651 603 9 0.6517 0.6499 155.128 154.728 -0.28484 0.45069 -0 54
651 610 10 0.7311 0.7358 148.118 148.704 -0.26684 0.55869 -1 56
651 627 11 0.6344 0.6402 159.437 160.05 -0.32084 0.40269 -0 55
651 653 12 0.654 0.6565 160.106 160.561 -0.33284 0.40869 -0 55
651 646 13 0.7249 0.7349 158.072 158.697 -0.35684 0.47469 -0 56
651 575 14 0.6341 0.639 156.103 156.123 -0.29084 0.43269 -0 54
651 571 15 0.6632 0.6603 148.699 149.1 -0.24284 0.49869 -1 55
651 585 16 0.6453 0.6455 148.306 148.314 -0.23084 0.49269 -1 55
651 646 17 0.6805 0.6779 160.595 160.713 -0.34484 0.42069 -0 56
651 608 18 0.7099 0.7119 150.078 150.308 -0.27284 0.52869 -0 55
651 602 19 0.651 0.6489 149.564 149.603 -0.24284 0.48669 -1 54
651 593 20 0.7266 0.7397 156.117 157.048 -0.34484 0.49269 -0 57
651 591 21 0.6505 0.6496 156.351 156.274 -0.29684 0.43869 -0 55
651 607 22 0.6571 0.6553 154.576 154.431 -0.28484 0.45669 -0 54
651 688 23 0.7496 0.7557 157.165 157.557 -0.35684 0.49869 -0 56
651 568 24 0.6218 0.6292 153.81 153.569 -0.26684 0.44469 -0 54
651 623 25 0.7162 0.7246 158.523 159.292 -0.35684 0.46269 0 57
651 526 26 0.6921 0.6962 146.542 146.977 -0.23684 0.54069 -1 56
651 629 27 0.727 0.7305 152.688 152.796 -0.30284 0.52269 -0 56
651 646 28 0.6768 0.6779 160.391 160.713 -0.34484 0.42069 -0 56
651 583 29 0.7275 0.7326 146.925 147.564 -0.25484 0.56469 -1 56
651 676 30 0.7418 0.7504 157.368 157.836 -0.35684 0.49269 -0 56
651 566 31 0.6587 0.657 147.789 147.831 -0.23084 0.50469 -1 55
651 732 32 0.752 0.7521 160.811 160.508 -0.38084 0.46869 -0 56
651 708 33 0.7743 0.7721 154.161 154.138 -0.33284 0.54069 -1 57
651 610 34 0.6282 0.6346 159.22 159.61 -0.31484 0.40269 -0 55
651 550 35 0.6236 0.6284 155.891 155.966 -0.28484 0.42669 -0 54
651 607 36 0.7131 0.7207 151.817 151.915 -0.29084 0.52269 -0 56
651 662 37 0.7474 0.7555 155.715 156.227 -0.34484 0.51069 -0 57
651 717 38 0.7574 0.7614 158.062 158.601 -0.36884 0.49269 -0 56
651 590 39 0.6179 0.6162 146.877 146.631 -0.20684 0.48069 -1 55
651 599 40 0.6449 0.6445 155.223 155.03 -0.28484 0.44469 -0 54
651 737 41 0.7589 0.7566 159.416 159.549 -0.37484 0.48069 -0 56
651 583 42 0.6681 0.6656 157.27 157.625 -0.31484 0.43869 -0 55
651 605 43 0.7352 0.7428 147.387 147.817 -0.26084 0.57069 -1 56
651 627 44 0.7244 0.7401 157.538 158.406 -0.35684 0.48069 -0 57
651 553 45 0.6642 0.6628 147.815 147.596 -0.23084 0.51069 -1 55
651 538 46 0.7067 0.7078 146.385 146.551 -0.23684 0.55269 -1 56
651 576 47 0.7055 0.7096 152.412 152.42 -0.29084 0.51069 -0 56
651 591 48 0.6739 0.6672 152.738 152.347 -0.27284 0.48069 -0 54
651 626 49 0.6896 0.6936 160.014 160.459 -0.35084 0.43269 -0 56
43 131 0 0.685 0.5388 155.273 153.919 -0.23084 0.37869 1 50
43 131 1 0.6246 0.5388 151.974 153.919 -0.23084 0.37869 1 50
43 135 2 0.6189 0.5388 154.474 153.919 -0.23084 0.37869 1 50
43 131 3 0.7499 0.5388 155.845 153.919 -0.23084 0.37869 1 50
43 131 4 0.6829 0.5388 155.848 153.919 -0.23084 0.37869 1 50
43 130 5 0.7291 0.5388 147.162 153.919 -0.23084 0.37869 1 50
43 132 6 0.6546 0.5388 154.733 153.919 -0.23084 0.37869 1 50
43 131 7 0.6468 0.5388 147.956 153.919 -0.23084 0.37869 1 50
43 130 8 0.6166 0.5388 147.456 153.919 -0.23084 0.37869 1 50
43 133 9 0.7237 0.7572 160.867 160.212 -0.38084 0.47469 1 50
43 132 10 0.6714 0.5388 152.297 153.919 -0.23084 0.37869 1 50
43 130 11 0.6518 0.5388 148.06 153.919 -0.23084 0.37869 1 50
43 131 12 0.7522 0.5388 148.625 153.919 -0.23084 0.37869 1 50
43 141 13 0.7558 0.7617 157.811 159.26 -0.37484 0.48669 1 50
43 134 14 0.6321 0.5388 157.65 153.919 -0.23084 0.37869 1 50
43 133 15 0.6481 0.5388 158.41 153.919 -0.23084 0.37869 1 50
43 129 16 0.7187 0.5388 147.262 153.919 -0.23084 0.37869 1 50
43 131 17 0.7592 0.5388 156.024 153.919 -0.23084 0.37869 1 50
43 147 18 0.7517 0.7572 160.123 160.212 -0.38084 0.47469 1 50
43 136 19 0.6212 0.5388 155.345 153.919 -0.23084 0.37869 1 50
43 143 20 0.7554 0.7617 158.197 159.26 -0.37484 0.48669 1 50
43 132 21 0.6513 0.5388 153.895 153.919 -0.23084 0.37869 1 50
43 131 22 0.7257 0.5388 149.522 153.919 -0.23084 0.37869 1 50
43 129 23 0.7197 0.5388 149.691 153.919 -0.23084 0.37869 1 50
43 131 24 0.7532 0.5388 148.05 153.919 -0.23084 0.37869 1 50
43 149 25 0.756 0.7622 160.177 159.919 -0.38084 0.48069 1 50
43 132 26 0.6523 0.5388 154.299 153.919 -0.23084 0.37869 1 50
43 129 27 0.7055 0.5388 146.883 153.919 -0.23084 0.37869 1 50
43 135 28 0.7206 0.7572 159.435 160.212 -0.38084 0.47469 1 50
43 131 29 0.7205 0.5388 146.318 153.919 -0.23084 0.37869 1 50
43 130 30 0.6187 0.5388 149.47 153.919 -0.23084 0.37869 1 50
43 133 31 0.7271 0.7622 157.462 159.919 -0.38084 0.48069 1 50
43 136 32 0.6293 0.5388 158.107 153.919 -0.23084 0.37869 1 50
43 130 33 0.7059 0.5388 157.246 153.919 -0.23084 0.37869 1 50
43 131 34 0.7585 0.5388 148.488 153.919 -0.23084 0.37869 1 50
43 130 35 0.7022 0.5388 154.276 153.919 -0.23084 0.37869 1 50
43 131 36 0.7198 0.5388 150.806 153.919 -0.23084 0.37869 1 50
43 131 37 0.6612 0.5388 151.216 153.919 -0.23084 0.37869 1 50
43 131 38 0.7068 0.5388 151.869 153.919 -0.23084 0.37869 1 50
43 130 39 0.7496 0.5388 146.546 153.919 -0.23084 0.37869 1 50
43 132 40 0.7371 0.5388 155.433 153.919 -0.23084 0.37869 1 50
43 132 41 0.7431 0.5388 155.53 153.919 -0.23084 0.37869 1 50
43 131 42 0.6763 0.5388 153.185 153.919 -0.23084 0.37869 1 50
43 131 43 0.7219 0.5388 149.085 153.919 -0.23084 0.37869 1 50
43 130 44 0.7153 0.5388 160.926 153.919 -0.23084 0.37869 1 50
43 133 45 0.765 0.7617 157.117 159.26 -0.37484 0.48669 1 50
43 137 46 0.6186 0.5388 156.242 153.919 -0.23084 0.37869 1 50
43 133 47 0.7617 0.7617 157.001 159.26 -0.37484 0.48669 1 50
43 129 48 0.7218 0.5388 148.488 153.919 -0.23084 0.37869 1 50
43 131 49 0.7024 0.5388 150.486 153.919 -0.23084 0.37869 1 50
87 130 0 0.6943 0.5388 160.95 153.919 -0.23084 0.37869 1 51
87 188 1 0.7523 0.7572 160.676 160.212 -0.38084 0.47469 1 50
87 128 2 0.7252 0.5388 147.117 153.919 -0.23084 0.37869 1 50
87 190 3 0.7562 0.7622 159.864 159.919 -0.38084 0.48069 1 50
87 139 4 0.6197 0.5388 154.793 153.919 -0.23084 0.37869 1 50
87 129 5 0.7187 0.5388 148.532 153.919 -0.23084 0.37869 1 50
87 132 6 0.6698 0.5388 157.93 153.919 -0.23084 0.37869 1 50
87 132 7 0.6759 0.5388 151.612 153.919 -0.23084 0.37869 1 50
87 130 8 0.6387 0.5388 151.267 153.919 -0.23084 0.37869 1 50
87 128 9 0.7055 0.5388 146.492 153.919 -0.23084 0.37869 1 50
87 135 10 0.6378 0.5388 156.726 153.919 -0.23084 0.37869 1 50
87 157 11 0.7583 0.7769 154.753 155.184 -0.34484 0.53469 1 50
87 130 12 0.7153 0.5388 148.068 153.919 -0.23084 0.37869 1 50
87 131 13 0.6919 0.5388 151.39 153.919 -0.23084 0.37869 1 50
87 134 14 0.7737 0.785 148.47 148.127 -0.27884 0.60069 1 51
87 141 15 0.7761 0.7863 146.795 147.495 -0.27284 0.60669 1 50
87 166 16 0.723 0.7572 158.635 160.212 -0.38084 0.47469 1 50
87 128 17 0.7076 0.5388 147.348 153.919 -0.23084 0.37869 1 50
87 133 18 0.6659 0.5388 149.808 153.919 -0.23084 0.37869 1 50
87 131 19 0.7082 0.5388 150.612 153.919 -0.23084 0.37869 1 50
87 130 20 0.6729 0.5388 157.435 153.919 -0.23084 0.37869 1 50
87 130 21 0.6152 0.5388 150.191 153.919 -0.23084 0.37869 1 50
87 145 22 0.7037 0.7521 159.591 160.508 -0.38084 0.46869 1 50
87 130 23 0.6403 0.5388 151.77 153.919 -0.23084 0.37869 1 50
87 146 24 0.7497 0.7768 155.131 155.831 -0.35084 0.52869 1 50
87 159 25 0.7146 0.7521 159.512 160.508 -0.38084 0.46869 1 50
87 133 26 0.6685 0.5388 150.437 153.919 -0.23084 0.37869 1 50
87 130 27 0.6894 0.7572 157.558 160.212 -0.38084 0.47469 1 50
87 131 28 0.6995 0.5388 149.264 153.919 -0.23084 0.37869 1 50
87 130 29 0.683 0.5388 146.722 153.919 -0.23084 0.37869 1 50
87 130 30 0.7554 0.5388 147.439 153.919 -0.23084 0.37869 1 51
87 133 31 0.7154 0.5388 153.64 153.919 -0.23084 0.37869 1 50
87 131 32 0.7609 0.5388 150.939 153.919 -0.23084 0.37869 1 51
87 136 33 0.7143 0.7566 155.859 159.549 -0.37484 0.48069 1 50
87 139 34 0.6275 0.5388 158.862 153.919 -0.23084 0.37869 1 50
87 170 35 0.7626 0.7669 157.33 158.976 -0.37484 0.49269 1 50
87 132 36 0.671 0.5388 149.852 153.919 -0.23084 0.37869 1 50
87 161 37 0.7587 0.7665 156.629 158.321 -0.36884 0.49869 1 50
87 131 38 0.766 0.5388 150.558 153.919 -0.23084 0.37869 1 51
87 138 39 0.6327 0.5388 157.457 153.919 -0.23084 0.37869 1 50
87 189 40 0.7493 0.7572 160.284 160.212 -0.38084 0.47469 1 50
87 132 41 0.6471 0.5388 148.022 153.919 -0.23084 0.37869 1 50
87 130 42 0.7088 0.5388 148.456 153.919 -0.23084 0.37869 1 50
87 132 43 0.713 0.7566 155.527 159.549 -0.37484 0.48069 1 50
87 167 44 0.7764 0.7877 154.232 154.684 -0.34484 0.54669 0 51
87 144 45 0.7485 0.7665 155.637 158.321 -0.36884 0.49869 1 50
87 182 46 0.7463 0.7572 160.981 160.212 -0.38084 0.47469 1 50
87 147 47 0.7073 0.7515 158.002 159.841 -0.37484 0.47469 1 50
87 133 48 0.6465 0.5388 155.878 153.919 -0.23084 0.37869 1 50
87 136 49 0.6261 0.5388 154.666 153.919 -0.23084 0.37869 1 50
130 132 0 0.7169 0.5388 152.118 153.919 -0.23084 0.37869 1 51
130 131 1 0.6371 0.5388 152.007 153.919 -0.23084 0.37869 1 50
130 132 2 0.6589 0.5388 157.653 153.919 -0.23084 0.37869 1 50
130 184 3 0.75 0.7716 154.961 155.439 -0.34484 0.52869 0 51
130 150 4 0.7404 0.7487 149.702 150.719 -0.29084 0.55269 1 51
130 129 5 0.6277 0.5388 149.963 153.919 -0.23084 0.37869 1 50
130 160 6 0.63 0.6424 160.436 162.392 -0.33884 0.38469 1 50
130 135 7 0.6523 0.5388 157.304 153.919 -0.23084 0.37869 1 50
130 140 8 0.6297 0.5388 155.001 153.919 -0.23084 0.37869 1 50
130 175 9 0.7156 0.7566 157.064 159.549 -0.37484 0.48069 1 50
130 135 10 0.6473 0.5388 158.524 153.919 -0.23084 0.37869 1 50
130 132 11 0.6681 0.5388 154.982 153.919 -0.23084 0.37869 1 50
130 149 12 0.7502 0.7748 147.304 147.893 -0.27284 0.59469 1 51
130 170 13 0.7463 0.7625 151.883 152.664 -0.31484 0.54669 0 51
130 223 14 0.7399 0.7572 159.863 160.212 -0.38084 0.47469 1 50
130 135 15 0.646 0.5388 156.774 153.919 -0.23084 0.37869 1 50
130 131 16 0.7317 0.7496 148.433 150.052 -0.28484 0.55869 1 51
130 133 17 0.6621 0.5388 152.332 153.919 -0.23084 0.37869 1 50
130 132 18 0.6875 0.5388 150.933 153.919 -0.23084 0.37869 1 50
130 132 19 0.6819 0.5388 149.407 153.919 -0.23084 0.37869 1 50
130 136 20 0.6497 0.5388 157.905 153.919 -0.23084 0.37869 1 50
130 133 21 0.6678 0.5388 153.844 153.919 -0.23084 0.37869 1 50
130 132 22 0.676 0.5388 150.029 153.919 -0.23084 0.37869 1 50
130 130 23 0.621 0.5388 151.49 153.919 -0.23084 0.37869 1 50
130 131 24 0.6582 0.5388 146.106 153.919 -0.23084 0.37869 1 50
130 144 25 0.6908 0.7471 159.919 160.809 -0.38084 0.46269 1 51
130 133 26 0.6947 0.5388 152.317 153.919 -0.23084 0.37869 1 50
130 130 27 0.7013 0.5388 151.152 153.919 -0.23084 0.37869 1 51
130 135 28 0.6866 0.6836 160.134 161.115 -0.35084 0.42069 1 51
130 229 29 0.7698 0.7628 160.916 160.576 -0.38684 0.47469 0 50
130 132 30 0.6826 0.7515 156.637 159.841 -0.37484 0.47469 1 50
130 165 31 0.7366 0.7666 153.353 154.387 -0.33284 0.53469 1 51
130 132 32 0.6543 0.5388 151.007 153.919 -0.23084 0.37869 1 50
130 130 33 0.7031 0.5388 148.438 153.919 -0.23084 0.37869 1 50
130 129 34 0.6276 0.5388 150.638 153.919 -0.23084 0.37869 1 50
130 209 35 0.7422 0.7617 157.617 159.26 -0.37484 0.48669 1 50
130 173 36 0.7429 0.7666 153.202 154.387 -0.33284 0.53469 0 51
130 128 37 0.7082 0.5388 146.512 153.919 -0.23084 0.37869 1 50
130 132 38 0.7064 0.5388 154.633 153.919 -0.23084 0.37869 1 51
130 134 39 0.7178 0.5388 152.915 153.919 -0.23084 0.37869 1 51
130 150 40 0.7286 0.7515 152.362 153.152 -0.31484 0.53469 1 51
130 132 41 0.667 0.5388 151.73 153.919 -0.23084 0.37869 1 50
130 128 42 0.7225 0.5388 148.577 153.919 -0.23084 0.37869 1 51
130 131 43 0.6737 0.5388 157.397 153.919 -0.23084 0.37869 1 50
130 220 44 0.7614 0.7669 158.099 158.976 -0.37484 0.49269 0 50
130 131 45 0.6695 0.5388 152.272 153.919 -0.23084 0.37869 1 50
130 157 46 0.6384 0.6473 160.084 162.031 -0.33884 0.39069 1 50
130 140 47 0.6183 0.5393 153.405 152.988 -0.22484 0.38469 1 50
130 130 48 0.6621 0.5388 147.416 153.919 -0.23084 0.37869 1 50
130 156 49 0.7401 0.7479 150.41 151.388 -0.29684 0.54669 1 51
173 175 0 0.7004 0.7515 157.02 159.841 -0.37484 0.47469 1 51
173 149 1 0.6661 0.6574 151.504 151.374 -0.26084 0.48069 1 50
173 236 2 0.7628 0.7721 153.441 154.138 -0.33284 0.54069 0 51
173 152 3 0.6664 0.6512 153.232 152.413 -0.26684 0.46869 1 50
173 139 4 0.6144 0.5399 151.823 152.059 -0.21884 0.39069 1 50
173 145 5 0.7026 0.7223 149.349 150.528 -0.27884 0.53469 1 51
173 131 6 0.6824 0.5388 148.101 153.919 -0.23084 0.37869 1 51
173 157 7 0.6589 0.6519 151.479 151.644 -0.26084 0.47469 1 50
173 131 8 0.6833 0.5388 149.112 153.919 -0.23084 0.37869 1 51
173 133 9 0.694 0.5388 152.253 153.919 -0.23084 0.37869 1 51
173 247 10 0.7713 0.7769 155.041 155.184 -0.34484 0.53469 0 51
173 242 11 0.774 0.7767 156.482 156.478 -0.35684 0.52269 0 51
173 198 12 0.7724 0.7695 150.532 151.123 -0.30284 0.56469 0 51
173 147 13 0.6372 0.6509 157.762 160.137 -0.32684 0.40869 1 50
173 132 14 0.6509 0.6232 146.677 143.451 -0.18284 0.50469 0 50
173 144 15 0.6126 0.5406 152.181 151.132 -0.21284 0.39669 1 50
173 250 16 0.7363 0.7566 158.299 159.549 -0.37484 0.48069 0 51
173 129 17 0.7051 0.5388 146.853 153.919 -0.23084 0.37869 1 51
173 229 18 0.7257 0.7511 157.893 159.174 -0.36884 0.48069 0 51
173 238 19 0.7752 0.7775 153.156 153.892 -0.33284 0.54669 0 51
173 221 20 0.7165 0.7421 160.553 161.114 -0.38084 0.45669 1 51
173 247 21 0.7698 0.7769 154.883 155.184 -0.34484 0.53469 0 51
173 131 22 0.6655 0.5388 148.894 153.919 -0.23084 0.37869 1 50
173 208 23 0.752 0.7583 151.063 151.583 -0.30284 0.55269 0 51
173 132 24 0.6729 0.5388 155.353 153.919 -0.23084 0.37869 1 51
173 177 25 0.655 0.6565 159.142 160.561 -0.33284 0.40869 1 51
173 181 26 0.7001 0.7314 160.651 161.052 -0.37484 0.45069 1 51
173 175 27 0.7189 0.7367 151.588 151.866 -0.29684 0.53469 0 51
173 231 28 0.7702 0.7725 152.672 153.488 -0.32684 0.54669 0 51
173 140 29 0.6371 0.6432 148.795 149.861 -0.24284 0.48069 0 50
173 138 30 0.7116 0.7336 147.845 150.061 -0.27884 0.54669 1 51
173 133 31 0.621 0.6329 148.519 149.602 -0.23684 0.47469 0 50
173 163 32 0.6412 0.6463 151.966 151.919 -0.26084 0.46869 1 50
173 127 33 0.7137 0.5388 146.882 153.919 -0.23084 0.37869 1 51
173 144 34 0.6269 0.6366 149.501 150.908 -0.24884 0.46869 1 50
173 151 35 0.6252 0.5388 158.187 153.919 -0.23084 0.37869 1 51
173 145 36 0.654 0.6479 149.805 150.373 -0.24884 0.48069 0 50
173 137 37 0.655 0.6479 149.285 150.373 -0.24884 0.48069 0 50
173 209 38 0.7093 0.7414 159.961 160.438 -0.37484 0.46269 1 51
173 153 39 0.6625 0.6519 151.425 151.644 -0.26084 0.47469 1 50
173 250 40 0.7781 0.7823 154.996 154.932 -0.34484 0.54069 0 51
173 176 41 0.7243 0.7383 149.409 150.509 -0.28484 0.54669 0 51
173 159 42 0.6253 0.6408 158.53 160.832 -0.32684 0.39669 1 50
173 145 43 0.6637 0.6506 154.495 153.184 -0.27284 0.46269 1 50
173 132 44 0.6983 0.5388 151.493 153.919 -0.23084 0.37869 1 51
173 260 45 0.7372 0.7521 159.945 160.508 -0.38084 0.46869 0 51
173 231 46 0.719 0.7465 159.386 160.138 -0.37484 0.46869 1 51
173 183 47 0.7295 0.7431 149.716 150.951 -0.29084 0.54669 0 51
173 269 48 0.7488 0.7566 159.274 159.549 -0.37484 0.48069 0 51
173 229 49 0.7204 0.7515 158.717 159.841 -0.37484 0.47469 0 51
217 183 0 0.6152 0.6094 146.734 144.682 -0.18884 0.48669 0 51
217 208 1 0.7361 0.7461 148.255 148.94 -0.27284 0.56469 0 51
217 189 2 0.7284 0.7415 147.434 148.487 -0.26684 0.56469 0 51
217 250 3 0.7668 0.7748 147.347 147.893 -0.27284 0.59469 0 51
217 197 4 0.6586 0.6506 153.848 153.184 -0.27284 0.46269 1 50
217 278 5 0.7618 0.7714 155.706 156.091 -0.35084 0.52269 0 51
217 152 6 0.687 0.6616 153.837 152.621 -0.27284 0.47469 1 51
217 262 7 0.7512 0.7664 154.928 155.043 -0.33884 0.52869 0 51
217 189 8 0.654 0.6611 157.952 159.463 -0.32684 0.42069 1 51
217 204 9 0.6457 0.6457 153.119 152.695 -0.26684 0.46269 1 50
217 152 10 0.6275 0.5388 156.587 153.919 -0.23084 0.37869 1 51
217 164 11 0.667 0.655 156.324 155.198 -0.29084 0.45069 1 51
217 200 12 0.6592 0.6519 152.175 151.644 -0.26084 0.47469 0 50
217 171 13 0.6647 0.6658 157.365 158.38 -0.32084 0.43269 1 51
217 170 14 0.6504 0.655 157.065 157.499 -0.30884 0.43269 1 50
217 215 15 0.695 0.6993 160.479 160.855 -0.35684 0.43269 0 51
217 283 16 0.7415 0.7562 157.64 158.885 -0.36884 0.48669 0 51
217 192 17 0.6996 0.746 156.966 159.466 -0.36884 0.47469 0 51
217 251 18 0.7168 0.7371 161.041 161.423 -0.38084 0.45069 0 51
217 235 19 0.6289 0.6416 160.322 161.613 -0.33284 0.39069 0 51
217 144 20 0.6733 0.6706 148.754 149.356 -0.24884 0.50469 0 51
217 175 21 0.63 0.634 148.122 148.815 -0.23084 0.48069 0 50
217 236 22 0.6416 0.6465 160.105 161.257 -0.33284 0.39669 0 51
217 171 23 0.6455 0.6496 155.893 155.501 -0.29084 0.44469 1 50
217 178 24 0.6554 0.6536 149.371 150.112 -0.24884 0.48669 0 50
217 159 25 0.6561 0.65 148.112 148.835 -0.23684 0.49269 0 51
217 215 26 0.6941 0.6943 160.571 161.181 -0.35684 0.42669 1 51
217 174 27 0.6529 0.6489 148.887 149.603 -0.24284 0.48669 0 50
217 228 28 0.7383 0.744 149.596 150.279 -0.28484 0.55269 0 51
217 220 29 0.7255 0.7383 149.946 150.509 -0.28484 0.54669 0 51
217 197 30 0.675 0.6773 158.749 159.973 -0.33884 0.42669 1 51
217 175 31 0.6536 0.6489 149.016 149.603 -0.24284 0.48669 0 50
217 315 32 0.7639 0.7572 160.496 160.212 -0.38084 0.47469 0 51
217 145 33 0.6692 0.6603 148.441 149.1 -0.24284 0.49869 0 51
217 141 34 0.7026 0.7559 154.231 158.221 -0.36284 0.49269 1 51
217 158 35 0.6801 0.6687 150.579 150.848 -0.26084 0.49269 0 51
217 157 36 0.6862 0.6679 152.18 151.597 -0.26684 0.48669 1 51
217 184 37 0.7188 0.7556 154.228 155.562 -0.33884 0.51669 0 51
217 299 38 0.7692 0.7665 157.992 158.321 -0.36884 0.49869 0 51
217 230 39 0.6735 0.6729 160.235 161.048 -0.34484 0.41469 1 51
217 128 40 0.6857 0.5388 146.177 153.919 -0.23084 0.37869 1 51
217 246 41 0.6341 0.6416 160.896 161.613 -0.33284 0.39069 0 51
217 165 42 0.6417 0.6322 147.216 146.707 -0.21284 0.49269 0 51
217 164 43 0.7119 0.7504 154.048 155.158 -0.33284 0.51669 1 51
217 203 44 0.6561 0.6512 152.971 152.413 -0.26684 0.46869 1 50
217 209 45 0.7199 0.7361 152.409 152.546 -0.30284 0.52869 0 51
217 227 46 0.7041 0.7314 160.346 161.052 -0.37484 0.45069 0 51
217 201 47 0.7015 0.746 157.194 159.466 -0.36884 0.47469 0 51
217 279 48 0.762 0.7718 154.199 154.788 -0.33884 0.53469 0 51
217 149 49 0.6564 0.6468 147.506 147.545 -0.22484 0.49869 0 51
260 283 0 0.7603 0.769 147.874 148.096 -0.27284 0.58869 0 51
260 221 1 0.6253 0.6329 148.997 149.602 -0.23684 0.47469 0 51
260 231 2 0.6311 0.6376 149.721 150.124 -0.24284 0.47469 0 50
260 288 3 0.7665 0.7718 146.305 146.807 -0.26084 0.60069 0 51
260 207 4 0.6225 0.6346 153.752 153.273 -0.26684 0.45069 0 50
260 245 5 0.6383 0.6414 151.258 151.417 -0.25484 0.46869 0 50
260 312 6 0.7702 0.778 152.657 153.247 -0.32684 0.55269 0 52
260 282 7 0.7377 0.7479 151.095 151.388 -0.29684 0.54669 0 51
260 291 8 0.747 0.7527 151.267 151.819 -0.30284 0.54669 0 51
260 243 9 0.6285 0.6408 158.993 160.832 -0.32684 0.39669 0 51
260 229 10 0.6997 0.7409 157.806 159.762 -0.36884 0.46869 1 51
260 193 11 0.6787 0.6607 155.56 154.139 -0.28484 0.46269 1 51
260 230 12 0.6416 0.6451 154.246 153.472 -0.27284 0.45669 0 50
260 214 13 0.7173 0.7502 155.021 156.497 -0.34484 0.50469 0 51
260 275 14 0.7344 0.7431 150.363 150.951 -0.29084 0.54669 0 51
260 164 15 0.7016 0.7166 146.291 147.518 -0.24884 0.55269 0 51
260 209 16 0.615 0.6148 147.639 147.436 -0.21284 0.47469 0 51
260 310 17 0.7552 0.7662 155.209 155.698 -0.34484 0.52269 0 51
260 221 18 0.6206 0.6319 150.024 150.391 -0.24284 0.46869 0 50
260 269 19 0.6562 0.6565 159.737 160.561 -0.33284 0.40869 0 51
260 281 20 0.7441 0.7487 150.333 150.719 -0.29084 0.55269 0 51
260 205 21 0.6664 0.6602 156.293 155.66 -0.29684 0.45069 1 51
260 245 22 0.6527 0.6512 152.943 152.413 -0.26684 0.46869 0 50
260 207 23 0.6974 0.7176 148.998 150.071 -0.27284 0.53469 0 51
260 352 24 0.7489 0.7566 159.473 159.549 -0.37484 0.48069 0 51
260 274 25 0.6734 0.6729 160.434 161.048 -0.34484 0.41469 0 51
260 296 26 0.7464 0.757 152.5 152.906 -0.31484 0.54069 0 51
260 229 27 0.6449 0.6432 149.525 149.861 -0.24284 0.48069 0 50
260 158 28 0.7023 0.7557 154.318 157.557 -0.35684 0.49869 0 51
260 236 29 0.7249 0.7346 148.255 149.382 -0.27284 0.55269 0 51
260 271 30 0.7373 0.7609 155.059 155.961 -0.34484 0.51669 0 51
260 226 31 0.7064 0.7456 156.706 158.793 -0.36284 0.48069 0 51
260 232 32 0.6257 0.6359 151.093 151.695 -0.25484 0.46269 0 50
260 240 33 0.6365 0.6414 150.602 151.417 -0.25484 0.46869 0 50
260 179 34 0.6142 0.5388 156.936 153.919 -0.23084 0.37869 1 51
260 330 35 0.7779 0.7772 154.274 154.538 -0.33884 0.54069 0 52
260 355 36 0.7516 0.7566 159.332 159.549 -0.37484 0.48069 0 51
260 333 37 0.7342 0.7515 159.225 159.841 -0.37484 0.47469 0 51
260 237 38 0.6536 0.6527 150.68 150.877 -0.25484 0.48069 0 50
260 214 39 0.6335 0.6393 154.732 154.551 -0.27884 0.44469 0 50
260 220 40 0.6251 0.6178 146.849 145.829 -0.20084 0.48669 -0 51
260 199 41 0.6349 0.6443 156.294 156.589 -0.29684 0.43269 0 51
260 284 42 0.7678 0.7724 149.013 149.179 -0.28484 0.58269 0 51
260 216 43 0.6439 0.6445 155.512 155.03 -0.28484 0.44469 0 50
260 265 44 0.6498 0.6565 159.461 160.561 -0.33284 0.40869 0 51
260 327 45 0.7739 0.7767 156.391 156.478 -0.35684 0.52269 0 51
260 274 46 0.7318 0.7423 151.613 151.625 -0.29684 0.54069 0 51
260 228 47 0.7052 0.7223 149.782 150.528 -0.27884 0.53469 0 51
260 234 48 0.7158 0.7311 152.483 152.111 -0.29684 0.52869 0 51
260 179 49 0.7002 0.7507 155.349 158.505 -0.36284 0.48669 1 51
304 360 0 0.7438 0.7559 157.473 158.221 -0.36284 0.49269 0 52
304 328 1 0.7511 0.7535 150.604 151.154 -0.29684 0.55269 0 52
304 300 2 0.6283 0.6408 159.714 160.832 -0.32684 0.39669 0 51
304 303 3 0.7015 0.705 160.824 161.244 -0.36284 0.43269 0 52
304 264 4 0.6222 0.6319 150.092 150.391 -0.24284 0.46869 0 51
304 266 5 0.6261 0.6194 146.436 145.032 -0.19484 0.49269 -0 51
304 262 6 0.6288 0.6346 153.594 153.273 -0.26684 0.45069 0 50
304 323 7 0.6296 0.6366 160.837 161.975 -0.33284 0.38469 0 51
304 313 8 0.6517 0.6565 159.825 160.561 -0.33284 0.40869 0 51
304 244 9 0.6703 0.6639 149.695 150.355 -0.25484 0.49269 0 51
304 307 10 0.7367 0.7556 154.921 155.562 -0.33884 0.51669 0 52
304 283 11 0.7299 0.7403 148.283 149.159 -0.27284 0.55869 0 51
304 391 12 0.7542 0.7617 158.621 159.26 -0.37484 0.48669 0 51
304 267 13 0.624 0.6319 149.855 150.391 -0.24284 0.46869 0 51
304 337 14 0.7481 0.7609 155.412 155.961 -0.34484 0.51669 0 52
304 246 15 0.6579 0.6546 148.73 149.349 -0.24284 0.49269 0 51
304 328 16 0.7424 0.7479 151.001 151.388 -0.29684 0.54669 0 52
304 285 17 0.739 0.7486 147.249 147.609 -0.26084 0.57669 0 52
304 216 18 0.6189 0.6337 155.227 155.648 -0.28484 0.43269 0 51
304 332 19 0.7456 0.7609 155.347 155.961 -0.34484 0.51669 0 52
304 391 20 0.7446 0.7521 160.207 160.508 -0.38084 0.46869 0 51
304 252 21 0.6189 0.6237 147.999 148.535 -0.22484 0.47469 -0 51
304 307 22 0.6752 0.6729 160.22 161.048 -0.34484 0.41469 0 52
304 262 23 0.73 0.7441 146.612 147.149 -0.25484 0.57669 0 52
304 276 24 0.6554 0.6502 154.473 153.955 -0.27884 0.45669 0 51
304 339 25 0.7612 0.7631 151.495 152.007 -0.30884 0.55269 0 52
304 315 26 0.7377 0.7431 150.137 150.951 -0.29084 0.54669 0 52
304 370 27 0.7748 0.7768 156.055 155.831 -0.35084 0.52869 0 52
304 224 28 0.664 0.657 147.818 147.831 -0.23084 0.50469 0 51
304 261 29 0.7022 0.7119 149.789 150.308 -0.27284 0.52869 0 51
304 288 30 0.6478 0.6457 153.111 152.695 -0.26684 0.46269 0 50
304 311 31 0.7104 0.7358 158.973 160.062 -0.36884 0.46269 0 52
304 370 32 0.7715 0.7714 156.786 156.742 -0.35684 0.51669 0 52
304 313 33 0.6621 0.6622 160.016 160.978 -0.33884 0.40869 0 51
304 267 34 0.628 0.6319 149.638 150.391 -0.24284 0.46869 0 51
304 300 35 0.7251 0.7327 149.904 150.743 -0.28484 0.54069 0 51
304 231 36 0.6265 0.6391 156.926 157.695 -0.30284 0.42069 0 51
304 283 37 0.7287 0.7507 154.262 154.488 -0.32684 0.52269 0 52
304 322 38 0.7415 0.7431 150.601 150.951 -0.29084 0.54669 0 52
304 270 39 0.6569 0.6607 158.067 158.703 -0.32084 0.42669 0 51
304 252 40 0.623 0.6346 153.456 153.273 -0.26684 0.45069 0 50
304 320 41 0.7371 0.7431 150.506 150.951 -0.29084 0.54669 0 52
304 225 42 0.6822 0.6658 155.558 154.606 -0.29084 0.46269 1 51
304 311 43 0.7519 0.7563 148.909 149.169 -0.27884 0.57069 0 52
304 189 44 0.6967 0.6767 155.252 154.033 -0.29084 0.47469 1 52
304 314 45 0.6187 0.6317 161.045 162.342 -0.33284 0.37869 0 51
304 319 46 0.7354 0.7423 150.885 151.625 -0.29684 0.54069 0 52
304 264 47 0.6239 0.6319 149.548 150.391 -0.24284 0.46869 0 51
304 282 48 0.6543 0.6611 158.58 159.463 -0.32684 0.42069 0 51
304 238 49 0.7028 0.7404 156.548 159.084 -0.36284 0.47469 0 52
347 289 0 0.6444 0.638 146.916 146.473 -0.21284 0.49869 -0 51
347 240 1 0.6152 0.6284 155.903 155.966 -0.28484 0.42669 0 51
347 414 2 0.7336 0.7414 160.341 160.438 -0.37484 0.46269 0 52
347 275 3 0.6735 0.6752 149.291 149.851 -0.25484 0.50469 0 51
347 250 4 0.6875 0.6712 155.419 154.317 -0.29084 0.46869 0 52
347 376 5 0.7713 0.7735 148.467 148.535 -0.27884 0.58869 0 52
347 281 6 0.6754 0.6658 155.266 154.606 -0.29084 0.46269 0 51
347 318 7 0.6624 0.6662 158.498 159.133 -0.32684 0.42669 0 52
347 291 8 0.6299 0.6393 154.68 154.551 -0.27884 0.44469 0 51
347 389 9 0.7534 0.7661 155.825 156.354 -0.35084 0.51669 0 52
347 315 10 0.6278 0.6366 150.69 150.908 -0.24884 0.46869 0 51
347 281 11 0.6648 0.6603 148.89 149.1 -0.24284 0.49869 -0 51
347 262 12 0.6955 0.7038 147.71 148.661 -0.25484 0.53469 0 52
347 291 13 0.6441 0.6397 148.062 148.562 -0.23084 0.48669 -0 51
347 357 14 0.6288 0.6358 160.533 161.188 -0.32684 0.39069 0 52
347 360 15 0.6245 0.6366 160.939 161.975 -0.33284 0.38469 0 52
347 271 16 0.6214 0.6339 154.562 154.856 -0.27884 0.43869 0 51
347 271 17 0.681 0.6809 149.431 149.605 -0.25484 0.51069 0 51
347 377 18 0.7461 0.757 152.703 152.906 -0.31484 0.54069 0 52
347 305 19 0.6453 0.65 157.843 158.594 -0.31484 0.42069 0 51
347 247 20 0.6755 0.673 147.392 147.874 -0.23684 0.51669 -0 52
347 373 21 0.7644 0.7703 147.075 147.45 -0.26684 0.59469 -0 52
347 396 22 0.7777 0.778 152.768 153.247 -0.32684 0.55269 -0 53
347 343 23 0.6563 0.6616 159.359 160.221 -0.33284 0.41469 0 52
347 344 24 0.6232 0.6358 160.108 161.188 -0.32684 0.39069 0 52
347 232 25 0.6839 0.6817 146.309 146.187 -0.22484 0.53469 0 52
347 415 26 0.7768 0.7772 154.269 154.538 -0.33884 0.54069 -0 52
347 420 27 0.7613 0.7665 157.707 158.321 -0.36884 0.49869 0 52
347 349 28 0.6697 0.6672 159.904 160.638 -0.33884 0.41469 0 52
347 284 29 0.7189 0.7399 154.534 155.011 -0.32684 0.51069 0 52
347 296 30 0.6222 0.6206 147.399 147.188 -0.21284 0.48069 -0 51
347 336 31 0.6738 0.6723 159.471 160.303 -0.33884 0.42069 0 52
347 362 32 0.7371 0.7465 152.776 152.729 -0.30884 0.53469 0 52
347 264 33 0.6648 0.6514 146.319 145.258 -0.20684 0.51669 -0 52
347 377 34 0.7343 0.7507 157.267 158.505 -0.36284 0.48669 0 52
347 330 35 0.6533 0.6512 152.893 152.413 -0.26684 0.46869 0 51
347 384 36 0.7748 0.7805 147.357 147.692 -0.27284 0.60069 -0 52
347 400 37 0.7605 0.767 153.349 153.733 -0.32684 0.54069 -0 52
347 279 38 0.6897 0.6894 151.272 151.294 -0.27284 0.50469 0 51
347 328 39 0.7138 0.7215 150.859 151.221 -0.28484 0.52869 0 52
347 443 40 0.768 0.7673 159.762 159.63 -0.38084 0.48669 0 52
347 288 41 0.6771 0.6765 157.68 158.49 -0.32684 0.43869 0 52
347 369 42 0.764 0.7718 146.52 146.807 -0.26084 0.60069 -0 52
347 320 43 0.6312 0.6366 150.778 150.908 -0.24884 0.46869 0 51
347 398 44 0.7581 0.7662 155.42 155.698 -0.34484 0.52269 0 52
347 393 45 0.7614 0.7675 152.52 153.079 -0.32084 0.54669 -0 52
347 307 46 0.732 0.7441 146.773 147.149 -0.25484 0.57669 0 52
347 393 47 0.7549 0.7664 154.753 155.043 -0.33884 0.52869 0 52
347 351 48 0.7292 0.7504 156.739 157.836 -0.35684 0.49269 0 52
347 427 49 0.7618 0.7614 158.174 158.601 -0.36884 0.49269 0 52
390 374 0 0.7186 0.7263 151.773 151.669 -0.29084 0.52869 0 52
390 350 1 0.633 0.6397 153.831 153.766 -0.27284 0.45069 0 51
390 415 2 0.7603 0.7591 150.862 150.924 -0.29684 0.55869 -0 53
390 407 3 0.7603 0.7659 146.742 147.003 -0.26084 0.59469 -0 52
390 375 4 0.6325 0.6402 159.442 160.05 -0.32084 0.40269 0 52
390 392 5 0.727 0.7375 150.946 151.187 -0.29084 0.54069 0 52
390 400 6 0.6465 0.6515 160.04 160.907 -0.33284 0.40269 0 52
390 280 7 0.6971 0.6876 154.026 153.478 -0.29084 0.48669 0 52
390 419 8 0.7337 0.7507 157.466 158.505 -0.36284 0.48669 0 52
390 336 9 0.628 0.6342 154.042 154.064 -0.27284 0.44469 0 51
390 363 10 0.7236 0.7346 148.755 149.382 -0.27284 0.55269 -0 52
390 329 11 0.6407 0.6443 156.248 156.589 -0.29684 0.43269 0 51
390 356 12 0.7285 0.7451 154.913 155.422 -0.33284 0.51069 0 53
390 444 13 0.7619 0.767 153.736 153.733 -0.32684 0.54069 -0 53
390 307 14 0.7139 0.7223 146.477 147.304 -0.24884 0.55869 -0 52
390 325 15 0.68 0.6743 150.57 150.591 -0.26084 0.49869 0 52
390 421 16 0.7696 0.7761 146.878 147.252 -0.26684 0.60069 -0 52
390 361 17 0.6168 0.6301 159.491 160.756 -0.32084 0.39069 0 52
390 389 18 0.7477 0.7563 148.763 149.169 -0.27884 0.57069 -0 53
390 377 19 0.7203 0.7319 151.404 151.426 -0.29084 0.53469 0 52
390 332 20 0.6334 0.6393 155.105 154.551 -0.27884 0.44469 0 51
390 316 21 0.6859 0.6912 149.439 149.846 -0.26084 0.51669 -0 52
390 398 22 0.6314 0.6358 160.368 161.188 -0.32684 0.39069 0 52
390 277 23 0.6811 0.6758 146.441 146.404 -0.22484 0.52869 -0 52
390 373 24 0.7184 0.7271 150.207 150.98 -0.28484 0.53469 0 52
390 337 25 0.6343 0.6308 147.616 147.492 -0.21884 0.48669 -0 52
390 486 26 0.7586 0.7622 159.849 159.919 -0.38084 0.48069 -0 52
390 278 27 0.6812 0.6802 146.78 146.914 -0.23084 0.52869 -0 52
390 411 28 0.7241 0.7404 158.215 159.084 -0.36284 0.47469 0 52
390 289 29 0.6726 0.6686 147.114 147.365 -0.23084 0.51669 -0 52
390 363 30 0.7069 0.7302 158.554 159.68 -0.36284 0.46269 0 53
390 303 31 0.6941 0.7084 157.477 158.801 -0.34484 0.45669 0 53
390 317 32 0.672 0.6706 149.156 149.356 -0.24884 0.50469 -0 52
390 336 33 0.649 0.6496 156.553 156.274 -0.29684 0.43869 0 51
390 399 34 0.7406 0.744 149.809 150.279 -0.28484 0.55269 -0 52
390 347 35 0.6268 0.6352 152.854 152.483 -0.26084 0.45669 0 51
390 292 36 0.6909 0.6992 147.487 148.179 -0.24884 0.53469 -0 52
390 361 37 0.6313 0.6352 152.416 152.483 -0.26084 0.45669 0 51
390 421 38 0.7597 0.7583 151.317 151.583 -0.30284 0.55269 -0 53
390 333 39 0.6575 0.6546 148.929 149.349 -0.24284 0.49269 -0 51
390 446 40 0.7623 0.7664 155.039 155.043 -0.33884 0.52869 -0 53
390 464 41 0.7728 0.7717 157.937 158.044 -0.36884 0.50469 -0 52
390 413 42 0.7739 0.7743 151.452 151.543 -0.30884 0.56469 -0 53
390 277 43 0.6802 0.6716 146.328 145.887 -0.21884 0.52869 -0 52
390 369 44 0.6557 0.6519 152.024 151.644 -0.26084 0.47469 0 51
390 379 45 0.7306 0.746 153.36 153.401 -0.31484 0.52869 0 53
390 411 46 0.755 0.7543 150.36 150.491 -0.29084 0.55869 -0 53
390 485 47 0.7596 0.7622 159.562 159.919 -0.38084 0.48069 -0 52
390 412 48 0.7719 0.7724 149.52 149.179 -0.28484 0.58269 -0 53
390 330 49 0.7245 0.734 146.535 146.888 -0.24884 0.57069 -0 52
434 407 0 0.6391 0.6414 150.728 151.417 -0.25484 0.46869 -0 51
434 387 1 0.6406 0.6386 148.804 149.342 -0.23684 0.48069 -0 52
434 484 2 0.7683 0.7725 153.015 153.488 -0.32684 0.54669 -0 53
434 335 3 0.6692 0.6642 146.803 146.849 -0.22484 0.51669 -0 52
434 516 4 0.7514 0.7566 158.893 159.549 -0.37484 0.48069 0 53
434 357 5 0.6718 0.6706 148.966 149.356 -0.24884 0.50469 -0 52
434 519 6 0.7481 0.7572 160.08 160.212 -0.38084 0.47469 -0 53
434 522 7 0.769 0.7669 158.962 158.976 -0.37484 0.49269 -0 53
434 500 8 0.7626 0.7663 157.356 157.665 -0.36284 0.50469 -0 53
434 345 9 0.6831 0.6866 148.612 149.363 -0.25484 0.51669 -0 52
434 363 10 0.6731 0.6655 156.45 156.115 -0.30284 0.45069 0 52
434 446 11 0.719 0.7358 158.921 160.062 -0.36884 0.46269 0 53
434 377 12 0.6603 0.6592 149.295 149.856 -0.24884 0.49269 -0 52
434 501 13 0.763 0.7663 157.545 157.665 -0.36284 0.50469 -0 53
434 373 14 0.6241 0.6346 153.558 153.273 -0.26684 0.45069 0 51
434 389 15 0.6385 0.6447 154.542 154.25 -0.27884 0.45069 0 51
434 324 16 0.6776 0.6716 146.319 145.887 -0.21884 0.52869 -0 53
434 370 17 0.6142 0.6226 149.115 149.334 -0.23084 0.46869 -0 52
434 414 18 0.6885 0.688 159.785 160.056 -0.34484 0.43269 0 53
434 441 19 0.7323 0.7504 157.036 157.836 -0.35684 0.49269 0 53
434 439 20 0.7563 0.7616 146.359 146.551 -0.25484 0.59469 -0 53
434 427 21 0.7191 0.7404 157.898 159.084 -0.36284 0.47469 0 53
434 425 22 0.7268 0.7336 149.848 150.061 -0.27884 0.54669 -0 53
434 494 23 0.7381 0.7511 158.598 159.174 -0.36884 0.48069 0 53
434 492 24 0.7305 0.7414 160.225 160.438 -0.37484 0.46269 0 53
434 412 25 0.7416 0.75 146.753 146.947 -0.25484 0.58269 -0 53
434 347 26 0.6195 0.6287 157.28 158.364 -0.30284 0.40869 0 52
434 417 27 0.7343 0.7503 155.407 155.827 -0.33884 0.51069 0 53
434 391 28 0.629 0.6236 146.283 145.598 -0.20084 0.49269 -0 52
434 461 29 0.7653 0.7687 151.535 151.774 -0.30884 0.55869 -0 54
434 453 30 0.7657 0.7678 148.738 148.743 -0.27884 0.58269 -0 53
434 380 31 0.6525 0.6496 156.08 155.501 -0.29084 0.44469 0 52
434 414 32 0.6425 0.6414 151.205 151.417 -0.25484 0.46869 -0 51
434 423 33 0.685 0.6829 159.999 160.382 -0.34484 0.42669 0 53
434 370 34 0.7205 0.7268 147.098 147.777 -0.25484 0.55869 -0 53
434 355 35 0.7059 0.7152 147.477 148.212 -0.25484 0.54669 -0 53
434 402 36 0.6603 0.6556 153.978 153.665 -0.27884 0.46269 0 52
434 395 37 0.7048 0.7195 158.514 159.596 -0.35684 0.45669 0 53
434 422 38 0.628 0.6408 159.891 160.832 -0.32684 0.39669 0 52
434 359 39 0.6768 0.6658 155.297 154.606 -0.29084 0.46269 0 52
434 423 40 0.6663 0.6666 159.368 159.886 -0.33284 0.42069 0 53
434 455 41 0.7413 0.7557 156.609 157.557 -0.35684 0.49869 0 53
434 425 42 0.7492 0.7558 146.322 146.747 -0.25484 0.58869 -0 53
434 498 43 0.7723 0.7716 155.344 155.439 -0.34484 0.52869 -0 53
434 426 44 0.7318 0.741 153.224 152.977 -0.30884 0.52869 0 53
434 438 45 0.755 0.7621 148.72 148.955 -0.27884 0.57669 -0 53
434 452 46 0.7158 0.7264 161.012 161.365 -0.37484 0.44469 0 53
434 382 47 0.6292 0.6295 148.336 148.28 -0.22484 0.48069 -0 52
434 403 48 0.7015 0.7144 159.134 159.904 -0.35684 0.45069 0 53
434 492 49 0.7664 0.7714 156.716 156.742 -0.35684 0.51669 -0 53
477 423 0 0.6241 0.6237 148.394 148.535 -0.22484 0.47469 -0 52
477 451 1 0.6849 0.688 159.473 160.056 -0.34484 0.43269 0 54
477 416 2 0.617 0.6254 151.448 151.463 -0.24884 0.45669 0 52
477 401 3 0.6772 0.6658 154.954 154.606 -0.29084 0.46269 0 53
477 469 4 0.6513 0.6509 159.471 160.137 -0.32684 0.40869 -0 53
477 410 5 0.714 0.7255 147.609 148.461 -0.26084 0.55269 -0 53
477 463 6 0.6764 0.6773 159.737 159.973 -0.33884 0.42669 0 53
477 444 7 0.6347 0.6453 158.826 159.705 -0.32084 0.40869 -0 53
477 558 8 0.7736 0.7678 160.853 160.283 -0.38684 0.48069 -0 53
477 421 9 0.6596 0.6549 156.168 155.965 -0.29684 0.44469 0 52
477 504 10 0.748 0.7561 153.815 154.233 -0.32684 0.52869 -0 54
477 435 11 0.6284 0.6346 158.681 159.61 -0.31484 0.40269 -0 53
477 443 12 0.6439 0.6451 154.022 153.472 -0.27284 0.45669 -0 52
477 497 13 0.7682 0.7678 148.855 148.743 -0.27884 0.58269 -0 54
477 439 14 0.7092 0.7176 149.895 150.071 -0.27284 0.53469 -0 53
477 369 15 0.6746 0.67 146.703 146.624 -0.22484 0.52269 -0 53
477 489 16 0.6757 0.6729 160.928 161.048 -0.34484 0.41469 0 54
477 478 17 0.7351 0.7504 156.701 157.836 -0.35684 0.49269 0 54
477 385 18 0.6831 0.682 148.489 148.873 -0.24884 0.51669 -0 53
477 468 19 0.7273 0.7327 150.031 150.743 -0.28484 0.54069 -0 53
477 476 20 0.7283 0.7452 157.287 158.119 -0.35684 0.48669 0 54
477 513 21 0.7539 0.7609 155.78 155.961 -0.34484 0.51669 -0 54
477 422 22 0.6271 0.6264 147.321 146.945 -0.21284 0.48669 -1 52
477 395 23 0.6571 0.6526 147.151 147.309 -0.22484 0.50469 -1 53
477 424 24 0.6719 0.6611 153.924 153.38 -0.27884 0.46869 0 52
477 481 25 0.7459 0.7496 149.501 150.052 -0.28484 0.55869 -0 54
477 456 26 0.6373 0.6402 159.247 160.05 -0.32084 0.40269 -0 53
477 408 27 0.6137 0.6254 151.218 151.463 -0.24884 0.45669 0 52
477 426 28 0.6486 0.6497 157.469 157.821 -0.30884 0.42669 0 53
477 508 29 0.7593 0.7631 151.634 152.007 -0.30884 0.55269 -0 54
477 419 30 0.6394 0.6352 147.961 148.031 -0.22484 0.48669 -1 52
477 426 31 0.6185 0.6295 158.837 159.96 -0.31484 0.39669 -0 53
477 458 32 0.7422 0.7473 148.109 148.273 -0.26684 0.57069 -0 54
477 455 33 0.6724 0.6717 159.171 159.557 -0.33284 0.42669 0 53
477 403 34 0.7214 0.7397 155.264 155.69 -0.33284 0.50469 0 54
477 562 35 0.7597 0.7617 158.768 159.26 -0.37484 0.48669 -0 53
477 441 36 0.6663 0.6623 151.897 151.864 -0.26684 0.48069 -0 52
477 420 37 0.6754 0.6734 151.389 151.333 -0.26684 0.49269 -0 52
477 380 38 0.7038 0.7108 146.973 147.735 -0.24884 0.54669 -0 53
477 440 39 0.716 0.7233 149.051 149.837 -0.27284 0.54069 -0 53
477 375 40 0.6189 0.6284 156.449 156.765 -0.29084 0.42069 0 52
477 424 41 0.6186 0.6162 146.814 146.631 -0.20684 0.48069 -1 53
477 492 42 0.7616 0.7659 146.933 147.003 -0.26084 0.59469 -0 53
477 432 43 0.7313 0.7428 147.31 147.817 -0.26084 0.57069 -0 53
477 421 44 0.7051 0.7246 158.061 159.292 -0.35684 0.46269 0 54
477 459 45 0.7345 0.7453 154.384 154.748 -0.32684 0.51669 -0 54
477 434 46 0.6161 0.6245 159.285 160.315 -0.31484 0.39069 0 53
477 382 47 0.7143 0.7242 154.355 154.435 -0.31484 0.50469 0 54
477 411 48 0.668 0.6649 149.67 149.604 -0.24884 0.49869 -0 52
477 449 49 0.6491 0.6451 153.863 153.472 -0.27284 0.45669 -0 52
520 485 0 0.6589 0.6527 150.954 150.877 -0.25484 0.48069 -0 52
520 507 1 0.7232 0.7263 151.725 151.669 -0.29084 0.52869 -0 54
520 448 2 0.6335 0.639 156.142 156.123 -0.29084 0.43269 -0 53
520 429 3 0.6799 0.6708 156.334 155.814 -0.30284 0.45669 0 54
520 471 4 0.6809 0.682 158.575 158.912 -0.33284 0.43869 0 54
520 416 5 0.6161 0.6234 154.644 154.676 -0.27284 0.43269 0 52
520 485 6 0.6566 0.6555 158.467 159.032 -0.32084 0.42069 0 53
520 469 7 0.671 0.6713 158.079 158.809 -0.32684 0.43269 0 54
520 454 8 0.6239 0.6342 158.091 158.819 -0.30884 0.40869 -0 53
520 487 9 0.7146 0.7207 151.671 151.915 -0.29084 0.52269 -0 54
520 475 10 0.6313 0.6346 153.528 153.273 -0.26684 0.45069 -0 52
520 561 11 0.7567 0.7661 156.071 156.354 -0.35084 0.51669 -0 55
520 455 12 0.6447 0.638 146.616 146.473 -0.21284 0.49869 -1 53
520 479 13 0.7263 0.745 156.286 157.445 -0.35084 0.49269 0 55
520 483 14 0.6159 0.6245 159.643 160.315 -0.31484 0.39069 -0 53
520 543 15 0.749 0.7558 154.675 154.897 -0.33284 0.52269 -0 54
520 494 16 0.7288 0.745 156.443 157.445 -0.35084 0.49269 -0 54
520 463 17 0.7048 0.7129 148.927 149.607 -0.26684 0.53469 -0 54
520 454 18 0.6811 0.6727 152.239 152.077 -0.27284 0.48669 -0 53
520 418 19 0.704 0.7188 156.882 158.2 -0.34484 0.46869 0 54
520 437 20 0.714 0.7223 146.994 147.304 -0.24884 0.55869 -0 54
520 545 21 0.7477 0.7556 156.319 156.892 -0.35084 0.50469 -0 54
520 498 22 0.6537 0.6519 151.679 151.644 -0.26084 0.47469 -0 52
520 454 23 0.6525 0.65 148.329 148.835 -0.23684 0.49269 -1 53
520 552 24 0.7521 0.7561 154.098 154.233 -0.32684 0.52869 -0 55
520 534 25 0.7376 0.7416 152.23 152.3 -0.30284 0.53469 -0 54
520 487 26 0.6316 0.6366 150.944 150.908 -0.24884 0.46869 -0 52
520 494 27 0.6479 0.6506 153.401 153.184 -0.27284 0.46269 -0 52
520 589 28 0.7462 0.7511 158.659 159.174 -0.36884 0.48069 -0 54
520 519 29 0.7499 0.7506 149.058 149.387 -0.27884 0.56469 -0 54
520 610 30 0.7616 0.7628 160.698 160.576 -0.38684 0.47469 -0 54
520 468 31 0.7123 0.7152 152.409 152.166 -0.29084 0.51669 -0 54
520 463 32 0.6424 0.6445 155.557 155.03 -0.28484 0.44469 0 53
520 465 33 0.6733 0.6666 153.216 153.099 -0.27884 0.47469 0 53
520 470 34 0.6254 0.622 146.56 146.391 -0.20684 0.48669 -1 53
520 468 35 0.6221 0.6263 150.132 150.664 -0.24284 0.46269 -0 52
520 399 36 0.7035 0.7086 154.084 153.835 -0.30284 0.49869 0 54
520 439 37 0.6734 0.6706 149.031 149.356 -0.24884 0.50469 -0 53
520 422 38 0.6734 0.6717 148.005 148.614 -0.24284 0.51069 -1 53
520 548 39 0.7554 0.7583 151.643 151.583 -0.30284 0.55269 -0 54
520 487 40 0.6631 0.6561 153.119 152.9 -0.27284 0.46869 -0 52
520 450 41 0.7063 0.714 148.161 148.908 -0.26084 0.54069 -0 54
520 491 42 0.6604 0.6611 158.714 159.463 -0.32684 0.42069 -0 53
520 536 43 0.7785 0.7791 151.777 151.959 -0.31484 0.56469 -0 55
520 538 44 0.6499 0.6515 160.657 160.907 -0.33284 0.40269 -0 54
520 423 45 0.7167 0.7291 154.986 155.548 -0.32684 0.49869 0 55
520 465 46 0.7249 0.7312 147.539 148.243 -0.26084 0.55869 -0 54
520 488 47 0.6486 0.6479 150.346 150.373 -0.24884 0.48069 -0 52
520 497 48 0.6526 0.6519 151.766 151.644 -0.26084 0.47469 -0 52
520 471 49 0.6442 0.6445 155.318 155.03 -0.28484 0.44469 -0 52
564 624 0 0.7384 0.746 159.087 159.466 -0.36884 0.47469 -0 55
564 495 1 0.7009 0.714 158.233 159.201 -0.35084 0.45669 0 55
564 593 2 0.7522 0.761 154.905 155.3 -0.33884 0.52269 -0 55
564 476 3 0.706 0.7152 147.469 148.212 -0.25484 0.54669 -1 54
564 505 4 0.7069 0.7129 148.84 149.607 -0.26684 0.53469 -0 54
564 506 5 0.6433 0.6497 157.357 157.821 -0.30884 0.42669 -0 54
564 489 6 0.6297 0.6339 155.168 154.856 -0.27884 0.43869 -0 53
564 570 7 0.7327 0.7375 150.883 151.187 -0.29084 0.54069 -0 55
564 647 8 0.7728 0.7673 159.51 159.63 -0.38084 0.48669 -0 54
564 543 9 0.744 0.7473 147.856 148.273 -0.26684 0.57069 -0 55
564 503 10 0.637 0.6322 147.068 146.707 -0.21284 0.49269 -1 54
564 500 11 0.6361 0.6391 155.488 155.336 -0.28484 0.43869 -0 53
564 486 12 0.6194 0.6292 153.187 153.569 -0.26684 0.44469 0 53
564 633 13 0.7784 0.7678 160.872 160.283 -0.38684 0.48069 -1 54
564 512 14 0.6529 0.6489 149.364 149.603 -0.24284 0.48669 -1 53
564 497 15 0.6458 0.641 147.695 147.786 -0.22484 0.49269 -1 54
564 534 16 0.7431 0.75 146.34 146.947 -0.25484 0.58269 -0 55
564 534 17 0.638 0.6414 150.832 151.417 -0.25484 0.46869 -0 53
564 633 18 0.7702 0.7717 157.912 158.044 -0.36884 0.50469 -0 55
564 552 19 0.7061 0.715 160.327 160.605 -0.36284 0.44469 0 55
564 578 20 0.7622 0.7659 146.963 147.003 -0.26084 0.59469 -0 54
564 503 21 0.7027 0.7055 151.551 151.257 -0.27884 0.51669 -0 54
564 441 22 0.71 0.7188 154.76 154.704 -0.31484 0.49869 0 55
564 473 23 0.6968 0.7029 157.705 158.394 -0.33884 0.45669 0 55
564 582 24 0.7658 0.7659 146.912 147.003 -0.26084 0.59469 -1 54
564 515 25 0.6689 0.663 151.458 151.109 -0.26084 0.48669 -0 53
564 552 26 0.7502 0.7543 147.106 147.404 -0.26084 0.58269 -1 55
564 604 27 0.769 0.773 152.648 152.839 -0.32084 0.55269 -0 55
564 541 28 0.652 0.6519 151.602 151.644 -0.26084 0.47469 -0 52
564 546 29 0.7315 0.7346 149.136 149.382 -0.27284 0.55269 -0 55
564 594 30 0.7777 0.7805 147.447 147.692 -0.27284 0.60069 -1 54
564 482 31 0.6543 0.6512 147.619 148.071 -0.23084 0.49869 -1 54
564 546 32 0.7375 0.7403 148.763 149.159 -0.27284 0.55869 -0 55
564 547 33 0.7307 0.7393 149.393 149.833 -0.27884 0.55269 -0 55
564 503 34 0.6188 0.6237 148.593 148.535 -0.22484 0.47469 -1 53
564 635 35 0.7489 0.7562 158.666 158.885 -0.36884 0.48669 -0 55
564 534 36 0.6355 0.6359 151.452 151.695 -0.25484 0.46269 -0 52
564 616 37 0.7633 0.7664 154.927 155.043 -0.33884 0.52869 -0 55
564 510 38 0.6462 0.6497 157.702 157.821 -0.30884 0.42669 0 54
564 497 39 0.6717 0.6607 154.712 154.139 -0.28484 0.46269 0 54
564 484 40 0.697 0.6943 151.987 151.762 -0.27884 0.50469 -0 54
564 488 41 0.6809 0.6762 157.594 157.747 -0.32084 0.44469 0 55
564 454 42 0.6886 0.6767 154.665 154.033 -0.29084 0.47469 0 54
564 547 43 0.7197 0.7263 151.484 151.669 -0.29084 0.52869 -0 54
564 477 44 0.6887 0.6832 152.838 152.284 -0.27884 0.49269 -0 54
564 513 45 0.6323 0.6279 146.393 146.156 -0.20684 0.49269 -1 54
564 496 46 0.6148 0.618 148.862 148.793 -0.22484 0.46869 -0 53
564 485 47 0.6825 0.6721 153.359 152.823 -0.27884 0.48069 -0 54
564 512 48 0.672 0.6672 152.48 152.347 -0.27284 0.48069 -0 53
564 555 49 0.6726 0.6723 159.828 160.303 -0.33884 0.42069 0 54
607 545 0 0.72 0.7255 147.781 148.461 -0.26084 0.55269 -1 55
607 548 1 0.6949 0.6982 158.683 159.419 -0.34484 0.44469 0 56
607 554 2 0.7276 0.7401 154.346 154.332 -0.32084 0.51669 -0 56
607 539 3 0.6613 0.6603 149.1 149.1 -0.24284 0.49869 -1 54
607 548 4 0.6157 0.6162 146.911 146.631 -0.20684 0.48069 -1 54
607 551 5 0.6897 0.6875 158.788 159.327 -0.33884 0.43869 0 56
607 547 6 0.6624 0.6602 157.188 157.182 -0.30884 0.43869 -0 55
607 624 7 0.7465 0.7565 153.459 153.569 -0.32084 0.53469 -0 56
607 602 8 0.7504 0.7563 148.855 149.169 -0.27884 0.57069 -1 56
607 606 9 0.6624 0.6616 159.936 160.221 -0.33284 0.41469 -0 55
607 540 10 0.6653 0.6649 149.446 149.604 -0.24884 0.49869 -1 54
607 566 11 0.6614 0.6574 151.084 151.374 -0.26084 0.48069 -1 53
607 603 12 0.7288 0.7327 150.746 150.743 -0.28484 0.54069 -0 55
607 688 13 0.7734 0.7673 159.625 159.63 -0.38084 0.48669 -1 55
607 619 14 0.7434 0.746 153.294 153.401 -0.31484 0.52869 -0 56
607 463 15 0.6993 0.6973 155.577 155.819 -0.31484 0.47469 0 56
607 541 16 0.6137 0.6148 147.61 147.436 -0.21284 0.47469 -1 54
607 570 17 0.6573 0.6527 150.753 150.877 -0.25484 0.48069 -1 53
607 689 18 0.7687 0.7669 159.272 158.976 -0.37484 0.49269 -0 55
607 544 19 0.6739 0.6687 150.825 150.848 -0.26084 0.49269 -0 54
607 621 20 0.7458 0.7487 150.61 150.719 -0.29084 0.55269 -0 56
607 579 21 0.6528 0.6519 152.005 151.644 -0.26084 0.47469 -0 53
607 494 22 0.6787 0.6788 147.249 147.644 -0.23684 0.52269 -1 55
607 638 23 0.7546 0.761 155.382 155.3 -0.33884 0.52269 -0 56
607 571 24 0.6765 0.6768 159.066 159.232 -0.33284 0.43269 -0 55
607 577 25 0.6402 0.6423 150.394 150.638 -0.24884 0.47469 -1 53
607 533 26 0.6569 0.6557 148.643 148.589 -0.23684 0.49869 -1 54
607 568 27 0.6977 0.7038 159.346 159.821 -0.35084 0.44469 0 56
607 550 28 0.6615 0.6592 150.014 149.856 -0.24884 0.49269 -1 54
607 532 29 0.6272 0.6342 157.797 158.819 -0.30884 0.40869 -0 54
607 659 30 0.7659 0.7664 154.893 155.043 -0.33884 0.52869 -0 56
607 654 31 0.7612 0.7666 153.959 154.387 -0.33284 0.53469 -0 56
607 522 32 0.6954 0.698 148.493 148.891 -0.25484 0.52869 -1 55
607 518 33 0.7185 0.7343 155.874 156.646 -0.33884 0.49269 -0 56
607 551 34 0.7266 0.7312 147.623 148.243 -0.26084 0.55869 -1 55
607 548 35 0.6324 0.6295 148.083 148.28 -0.22484 0.48069 -1 54
607 693 36 0.7554 0.7578 160.794 160.873 -0.38684 0.46869 -0 55
607 563 37 0.6657 0.6611 153.547 153.38 -0.27884 0.46869 -0 54
607 608 38 0.6778 0.6729 160.781 161.048 -0.34484 0.41469 -0 56
607 636 39 0.7492 0.752 152.278 152.485 -0.30884 0.54069 -0 56
607 560 40 0.683 0.6824 158.939 159.647 -0.33884 0.43269 0 55
607 580 41 0.6545 0.6512 152.851 152.413 -0.26684 0.46869 -0 53
607 488 42 0.6803 0.6758 146.601 146.404 -0.22484 0.52869 -1 55
607 605 43 0.7569 0.7616 146.073 146.551 -0.25484 0.59469 -1 55
607 617 44 0.6639 0.6622 160.606 160.978 -0.33884 0.40869 -0 55
607 526 45 0.6314 0.639 156.634 156.909 -0.29684 0.42669 -0 54
607 572 46 0.6329 0.6366 150.995 150.908 -0.24884 0.46869 -0 53
607 587 47 0.717 0.7298 158.51 158.993 -0.35684 0.46869 0 56
607 466 48 0.6979 0.6973 155.669 155.819 -0.31484 0.47469 0 56
607 618 49 0.7718 0.7703 150.644 150.473 -0.29684 0.57069 -0 56
651 643 0 0.6624 0.6616 159.729 160.221 -0.33284 0.41469 -0 56
651 520 1 0.6923 0.6867 155.922 155.671 -0.30884 0.46869 0 56
651 569 2 0.6506 0.6468 147.279 147.545 -0.22484 0.49869 -1 55
651 590 3 0.6736 0.6679 151.442 151.597 -0.26684 0.48669 -0 55
651 605 4 0.6192 0.6245 159.466 160.315 -0.31484 0.39069 -0 55
651 544 5 0.6702 0.6686 147.602 147.365 -0.23084 0.51669 -1 55
651 572 6 0.6728 0.6656 155.75 155.36 -0.29684 0.45669 -0 55
651 603 7 0.7178 0.7243 148.621 149.148 -0.26684 0.54669 -1 56
651 569 8 0.689 0.6912 149.388 149.846 -0.26084 0.51669 -1 55
651 662 9 0.7378 0.7416 152.167 152.3 -0.30284 0.53469 -0 56
651 630 10 0.6927 0.6936 160.362 160.459 -0.35084 0.43269 -0 57
651 620 11 0.7353 0.7403 148.49 149.159 -0.27284 0.55869 -1 56
651 600 12 0.6364 0.6386 149.011 149.342 -0.23684 0.48069 -1 54
651 598 13 0.7045 0.7119 150.081 150.308 -0.27284 0.52869 -0 55
651 641 14 0.7055 0.71 160.728 160.922 -0.36284 0.43869 0 57
651 660 15 0.7625 0.769 147.983 148.096 -0.27284 0.58869 -1 56
651 579 16 0.6236 0.6292 153.54 153.569 -0.26684 0.44469 -0 54
651 567 17 0.6749 0.6708 156.504 156.563 -0.30884 0.45069 0 56
651 576 18 0.6644 0.6603 148.993 149.1 -0.24284 0.49869 -1 55
651 602 19 0.6321 0.6397 158.616 159.266 -0.31484 0.40869 -0 55
651 601 20 0.7073 0.7111 151.156 151.01 -0.27884 0.52269 -0 55
651 573 21 0.6158 0.6254 151.517 151.463 -0.24884 0.45669 -0 54
651 702 22 0.7663 0.7714 156.543 156.742 -0.35684 0.51669 -0 56
651 673 23 0.7481 0.7527 151.587 151.819 -0.30284 0.54669 -1 56
651 616 24 0.6458 0.6423 150.564 150.638 -0.24884 0.47469 -1 54
651 555 25 0.6167 0.6242 153.362 153.067 -0.26084 0.44469 -0 54
651 585 26 0.6805 0.6765 158.219 158.49 -0.32684 0.43869 0 56
651 585 27 0.6642 0.6602 157.069 157.182 -0.30884 0.43869 -0 55
651 709 28 0.7676 0.7715 157.224 157.393 -0.36284 0.51069 -1 56
651 690 29 0.7719 0.773 152.799 152.839 -0.32084 0.55269 -1 57
651 576 30 0.6731 0.6696 149.796 150.101 -0.25484 0.49869 -1 55
651 595 31 0.6454 0.6443 148.818 149.086 -0.23684 0.48669 -1 54
651 532 32 0.6807 0.6788 147.227 147.644 -0.23684 0.52269 -1 56
651 733 33 0.7582 0.7578 160.671 160.873 -0.38684 0.46869 -0 56
651 698 34 0.7568 0.7609 157.079 157.281 -0.35684 0.50469 -0 56
651 586 35 0.7026 0.7073 149.24 149.842 -0.26684 0.52869 -1 55
651 641 36 0.7308 0.7336 149.817 150.061 -0.27884 0.54669 -1 56
651 538 37 0.6949 0.6921 157.179 157.56 -0.32684 0.45669 0 57
651 512 38 0.6982 0.6977 154.718 154.378 -0.30284 0.48669 0 56
651 643 39 0.7075 0.71 160.994 160.922 -0.36284 0.43869 -0 57
651 577 40 0.6857 0.6871 158.095 158.597 -0.33284 0.44469 -0 56
651 611 41 0.6256 0.6295 159.29 159.96 -0.31484 0.39669 -0 55
651 711 42 0.7746 0.7772 154.434 154.538 -0.33884 0.54069 -1 57
651 739 43 0.7674 0.7673 159.724 159.63 -0.38084 0.48669 -1 56
651 562 44 0.6791 0.6809 149.101 149.605 -0.25484 0.51069 -1 55
651 553 45 0.6265 0.6337 156.52 156.441 -0.29084 0.42669 -0 55
651 635 46 0.7231 0.7271 150.605 150.98 -0.28484 0.53469 -0 56
651 560 47 0.7007 0.6992 152.649 152.223 -0.28484 0.50469 -0 56
651 546 48 0.6991 0.705 147.305 147.955 -0.24884 0.54069 -1 56
651 573 49 0.656 0.6512 148.074 148.071 -0.23084 0.49869 -1 55
43 130 0 0.6776 0.5388 147.424 153.919 -0.23084 0.37869 1 50
43 130 1 0.6905 0.5388 147.043 153.919 -0.23084 0.37869 1 50
43 130 2 0.7505 0.5388 152.396 153.919 -0.23084 0.37869 1 50
43 131 3 0.7188 0.5388 155.225 153.919 -0.23084 0.37869 1 50
43 132 4 0.6935 0.5388 152.402 153.919 -0.23084 0.37869 1 50
43 131 5 0.6265 0.5388 149.846 153.919 -0.23084 0.37869 1 50
43 132 6 0.6767 0.5388 154.896 153.919 -0.23084 0.37869 1 50
43 131 7 0.7337 0.5388 150.067 153.919 -0.23084 0.37869 1 50
43 131 8 0.7086 0.5388 150.714 153.919 -0.23084 0.37869 1 50
43 133 9 0.6458 0.5388 157.746 153.919 -0.23084 0.37869 1 50
43 137 10 0.6179 0.5388 159.331 153.919 -0.23084 0.37869 1 50
43 130 11 0.6533 0.5388 148.551 153.919 -0.23084 0.37869 1 50
43 128 12 0.7139 0.5388 157.239 153.919 -0.23084 0.37869 1 50
43 131 13 0.669 0.5388 150.561 153.919 -0.23084 0.37869 1 50
43 131 14 0.7353 0.5388 155.774 153.919 -0.23084 0.37869 1 50
43 132 15 0.7442 0.5388 154.025 153.919 -0.23084 0.37869 1 50
43 131 16 0.6803 0.5388 148.379 153.919 -0.23084 0.37869 1 50
43 132 17 0.7658 0.7617 156.999 159.26 -0.37484 0.48669 1 50
43 132 18 0.6488 0.5388 160.404 153.919 -0.23084 0.37869 1 50
43 131 19 0.6616 0.5388 151.446 153.919 -0.23084 0.37869 1 50
43 144 20 0.7383 0.7572 159.367 160.212 -0.38084 0.47469 1 50
43 132 21 0.6923 0.5388 150.175 153.919 -0.23084 0.37869 1 50
43 132 22 0.6443 0.5388 153.459 153.919 -0.23084 0.37869 1 50
43 132 23 0.6301 0.5388 153.547 153.919 -0.23084 0.37869 1 50
43 132 24 0.7438 0.5388 154.043 153.919 -0.23084 0.37869 1 50
43 132 25 0.6641 0.5388 154.816 153.919 -0.23084 0.37869 1 50
43 129 26 0.7198 0.5388 147.53 153.919 -0.23084 0.37869 1 50
43 130 27 0.7007 0.5388 153.736 153.919 -0.23084 0.37869 1 50
43 146 28 0.7466 0.7572 159.754 160.212 -0.38084 0.47469 1 50
43 131 29 0.7341 0.5388 152.967 153.919 -0.23084 0.37869 1 50
43 131 30 0.7526 0.5388 148.773 153.919 -0.23084 0.37869 1 50
43 138 31 0.7498 0.7617 157.493 159.26 -0.37484 0.48669 1 50
43 131 32 0.7673 0.5388 151.26 153.919 -0.23084 0.37869 1 51
43 132 33 0.6459 0.5388 154.604 153.919 -0.23084 0.37869 1 50
43 131 34 0.6915 0.5388 155.567 153.919 -0.23084 0.37869 1 50
43 131 35 0.7511 0.5388 155.266 153.919 -0.23084 0.37869 1 50
43 130 36 0.6994 0.5388 157.81 153.919 -0.23084 0.37869 1 50
43 131 37 0.7559 0.5388 154.568 153.919 -0.23084 0.37869 1 51
43 132 38 0.6685 0.5388 149.205 153.919 -0.23084 0.37869 1 50
43 130 39 0.7056 0.5388 158.253 153.919 -0.23084 0.37869 1 50
43 131 40 0.7051 0.5388 148.563 153.919 -0.23084 0.37869 1 50
43 131 41 0.7756 0.5388 148.611 153.919 -0.23084 0.37869 1 51
43 131 42 0.7159 0.5388 160.541 153.919 -0.23084 0.37869 1 50
43 133 43 0.6343 0.5388 155.086 153.919 -0.23084 0.37869 1 50
43 131 44 0.7317 0.5388 150.44 153.919 -0.23084 0.37869 1 50
43 137 45 0.6158 0.5388 159.604 153.919 -0.23084 0.37869 1 50
43 134 46 0.6287 0.5388 157.196 153.919 -0.23084 0.37869 1 50
43 131 47 0.6615 0.5388 157.711 153.919 -0.23084 0.37869 1 50
43 135 48 0.6207 0.5388 154.951 153.919 -0.23084 0.37869 1 50
43 130 49 0.6761 0.5388 157.549 153.919 -0.23084 0.37869 1 50
87 132 0 0.6527 0.5388 153.597 153.919 -0.23084 0.37869 1 50
87 131 1 0.7634 0.5388 147.213 153.919 -0.23084 0.37869 1 51
87 131 2 0.6392 0.5388 148.244 153.919 -0.23084 0.37869 1 50
87 130 3 0.738 0.5388 151.596 153.919 -0.23084 0.37869 1 51
87 131 4 0.6244 0.5388 151.585 153.919 -0.23084 0.37869 1 50
87 141 5 0.7428 0.7718 153.64 154.788 -0.33884 0.53469 1 50
87 141 6 0.745 0.7772 153.042 154.538 -0.33884 0.54069 1 50
87 130 7 0.6743 0.5388 156.89 153.919 -0.23084 0.37869 1 50
87 175 8 0.7356 0.7521 160.969 160.508 -0.38084 0.46869 1 50
87 132 9 0.6389 0.5388 153.359 153.919 -0.23084 0.37869 1 50
87 182 10 0.7733 0.7669 158.802 158.976 -0.37484 0.49269 1 50
87 135 11 0.6461 0.5388 159.329 153.919 -0.23084 0.37869 1 50
87 131 12 0.6892 0.5388 160.574 153.919 -0.23084 0.37869 1 51
87 131 13 0.6848 0.5388 160.582 153.919 -0.23084 0.37869 1 51
87 130 14 0.6397 0.5388 146.378 153.919 -0.23084 0.37869 1 50
87 130 15 0.6808 0.5388 158.012 153.919 -0.23084 0.37869 1 50
87 130 16 0.6401 0.5388 146.375 153.919 -0.23084 0.37869 1 50
87 131 17 0.7327 0.5388 150.256 153.919 -0.23084 0.37869 1 51
87 133 18 0.7196 0.5388 153.703 153.919 -0.23084 0.37869 1 50
87 150 19 0.7077 0.7572 158.55 160.212 -0.38084 0.47469 1 50
87 132 20 0.7252 0.5388 152.755 153.919 -0.23084 0.37869 1 51
87 161 21 0.7677 0.7821 155.734 155.575 -0.35084 0.53469 1 50
87 136 22 0.6395 0.5388 155.619 153.919 -0.23084 0.37869 1 50
87 140 23 0.6286 0.5388 158.502 153.919 -0.23084 0.37869 1 50
87 143 24 0.7055 0.7566 157.408 159.549 -0.37484 0.48069 1 50
87 133 25 0.6418 0.5388 153.565 153.919 -0.23084 0.37869 1 50
87 142 26 0.7023 0.7521 159.944 160.508 -0.38084 0.46869 1 50
87 131 27 0.6749 0.5388 158.149 153.919 -0.23084 0.37869 1 50
87 172 28 0.7274 0.7521 159.998 160.508 -0.38084 0.46869 1 50
87 132 29 0.7469 0.7725 151.557 153.488 -0.32684 0.54669 0 50
87 131 30 0.6719 0.5388 148.47 153.919 -0.23084 0.37869 1 50
87 145 31 0.616 0.5388 158.533 153.919 -0.23084 0.37869 1 50
87 135 32 0.6249 0.5388 153.664 153.919 -0.23084 0.37869 1 50
87 132 33 0.6636 0.5388 148.809 153.919 -0.23084 0.37869 1 50
87 134 34 0.7271 0.7617 155.221 159.26 -0.37484 0.48669 1 50
87 189 35 0.7523 0.7572 160.427 160.212 -0.38084 0.47469 1 50
87 129 36 0.7344 0.5388 147.51 153.919 -0.23084 0.37869 1 50
87 130 37 0.7553 0.5388 151.109 153.919 -0.23084 0.37869 1 51
87 133 38 0.6569 0.5388 158.315 153.919 -0.23084 0.37869 1 50
87 136 39 0.6421 0.5388 156.147 153.919 -0.23084 0.37869 1 50
87 129 40 0.7527 0.5388 149.672 153.919 -0.23084 0.37869 1 51
87 133 41 0.7194 0.5388 154.502 153.919 -0.23084 0.37869 1 50
87 129 42 0.7301 0.5388 148.817 153.919 -0.23084 0.37869 1 50
87 135 43 0.6442 0.5388 158.098 153.919 -0.23084 0.37869 1 50
87 133 44 0.6937 0.7521 159.889 160.508 -0.38084 0.46869 1 50
87 162 45 0.7439 0.7617 156.737 159.26 -0.37484 0.48669 1 50
87 152 46 0.7638 0.7826 152.609 154.29 -0.33884 0.54669 1 51
87 130 47 0.6782 0.5388 146.348 153.919 -0.23084 0.37869 1 50
87 133 48 0.6561 0.5388 151.445 153.919 -0.23084 0.37869 1 50
87 128 49 0.7434 0.5388 148.813 153.919 -0.23084 0.37869 1 51
130 184 0 0.7494 0.7718 153.683 154.788 -0.33884 0.53469 0 51
130 135 1 0.6362 0.5388 154.983 153.919 -0.23084 0.37869 1 50
130 133 2 0.7164 0.5388 152.138 153.919 -0.23084 0.37869 1 51
130 132 3 0.6633 0.5388 148.248 153.919 -0.23084 0.37869 1 50
130 132 4 0.6865 0.5388 155.828 153.919 -0.23084 0.37869 1 50
130 130 5 0.6385 0.5388 146.376 153.919 -0.23084 0.37869 1 50
130 163 6 0.7384 0.757 151.913 152.906 -0.31484 0.54069 1 51
130 164 7 0.6535 0.6523 160.757 161.675 -0.33884 0.39669 1 50
130 155 8 0.7009 0.7471 160.847 160.809 -0.38084 0.46269 1 51
130 132 9 0.675 0.5388 149.789 153.919 -0.23084 0.37869 1 50
130 222 10 0.7413 0.7572 159.244 160.212 -0.38084 0.47469 1 50
130 156 11 0.7542 0.7748 147.193 147.893 -0.27284 0.59469 0 51
130 185 12 0.7217 0.7566 157.26 159.549 -0.37484 0.48069 1 50
130 145 13 0.621 0.5388 155.557 153.919 -0.23084 0.37869 1 50
130 171 14 0.7683 0.7805 147.586 147.692 -0.27284 0.60069 0 51
130 132 15 0.7022 0.5388 149.507 153.919 -0.23084 0.37869 1 50
130 169 16 0.7686 0.7793 148.134 148.33 -0.27884 0.59469 0 51
130 133 17 0.6408 0.5388 153.238 153.919 -0.23084 0.37869 1 50
130 133 18 0.7045 0.5388 152.076 153.919 -0.23084 0.37869 1 51
130 135 19 0.711 0.5388 154.02 153.919 -0.23084 0.37869 1 51
130 156 20 0.6136 0.5388 157.054 153.919 -0.23084 0.37869 1 50
130 145 21 0.7049 0.7566 155.814 159.549 -0.37484 0.48069 1 50
130 181 22 0.7116 0.7471 160.435 160.809 -0.38084 0.46269 1 51
130 131 23 0.6654 0.5388 156.593 153.919 -0.23084 0.37869 1 50
130 131 24 0.6325 0.5388 152.088 153.919 -0.23084 0.37869 1 50
130 147 25 0.7254 0.7611 154.961 157.941 -0.36284 0.49869 1 51
130 193 26 0.7565 0.7718 154.03 154.788 -0.33884 0.53469 0 51
130 133 27 0.7053 0.5388 149.64 153.919 -0.23084 0.37869 1 50
130 234 28 0.761 0.7622 159.808 159.919 -0.38084 0.48069 0 50
130 131 29 0.6209 0.5388 146.096 153.919 -0.23084 0.37869 1 51
130 152 30 0.7286 0.7471 151.227 152.058 -0.30284 0.54069 1 51
130 134 31 0.6948 0.5388 152.734 153.919 -0.23084 0.37869 1 50
130 131 32 0.6608 0.5388 154.875 153.919 -0.23084 0.37869 1 50
130 148 33 0.6173 0.5388 155.376 153.919 -0.23084 0.37869 1 50
130 150 34 0.6961 0.7515 157.086 159.841 -0.37484 0.47469 1 50
130 130 35 0.6288 0.5388 148.713 153.919 -0.23084 0.37869 1 50
130 185 36 0.7543 0.7721 152.982 154.138 -0.33284 0.54069 0 51
130 207 37 0.726 0.7521 160.021 160.508 -0.38084 0.46869 1 51
130 133 38 0.6789 0.5388 150.552 153.919 -0.23084 0.37869 1 50
130 168 39 0.7148 0.7566 156.723 159.549 -0.37484 0.48069 1 50
130 145 40 0.7249 0.7423 150.52 151.625 -0.29684 0.54069 1 50
130 128 41 0.6289 0.5388 147.869 153.919 -0.23084 0.37869 1 50
130 135 42 0.6333 0.5388 153.991 153.919 -0.23084 0.37869 1 50
130 130 43 0.6573 0.5388 147.41 153.919 -0.23084 0.37869 1 50
130 149 44 0.694 0.7471 159.793 160.809 -0.38084 0.46269 1 51
130 129 45 0.7044 0.5388 147.401 153.919 -0.23084 0.37869 1 50
130 130 46 0.6235 0.5388 146.446 153.919 -0.23084 0.37869 1 50
130 142 47 0.6309 0.5388 158.634 153.919 -0.23084 0.37869 1 50
130 139 48 0.6177 0.5393 153.153 152.988 -0.22484 0.38469 1 50
130 138 49 0.6622 0.6622 159.2 160.978 -0.33884 0.40869 1 50
173 197 0 0.7749 0.776 150.2 150.253 -0.29684 0.57669 0 51
173 273 1 0.7499 0.7572 160.155 160.212 -0.38084 0.47469 0 51
173 138 2 0.6213 0.6319 149.312 150.391 -0.24284 0.46869 0 50
173 214 3 0.7117 0.7465 159.127 160.138 -0.37484 0.46869 1 51
173 184 4 0.7492 0.7646 147.561 147.651 -0.26684 0.58869 0 51
173 193 5 0.7484 0.7543 149.682 150.491 -0.29084 0.55869 0 51
173 176 6 0.696 0.7465 158.417 160.138 -0.37484 0.46869 1 51
173 145 7 0.617 0.5399 153.141 152.059 -0.21884 0.39069 1 50
173 223 8 0.7407 0.7611 156.52 157.941 -0.36284 0.49869 0 51
173 152 9 0.6309 0.6401 153.054 152.981 -0.26684 0.45669 1 50
173 134 10 0.6718 0.6717 157.643 159.557 -0.33284 0.42669 1 51
173 197 11 0.7669 0.7656 149.875 150.044 -0.29084 0.57069 0 51
173 157 12 0.6148 0.6053 146.235 144.096 -0.18284 0.48669 0 50
173 164 13 0.6138 0.5388 156.778 153.919 -0.23084 0.37869 1 50
173 139 14 0.6462 0.6432 148.947 149.861 -0.24284 0.48069 0 50
173 238 15 0.7617 0.7716 155.353 155.439 -0.34484 0.52869 0 51
173 244 16 0.7489 0.7614 157.214 158.601 -0.36884 0.49269 1 51
173 135 17 0.6833 0.7566 155.734 159.549 -0.37484 0.48069 1 50
173 213 18 0.7416 0.7609 155.915 157.281 -0.35684 0.50469 1 51
173 126 19 0.6124 0.5388 148.413 153.919 -0.23084 0.37869 1 51
173 131 20 0.6976 0.5388 147.4 153.919 -0.23084 0.37869 1 51
173 178 21 0.7218 0.7416 152.074 152.3 -0.30284 0.53469 0 51
173 144 22 0.6351 0.6376 149.112 150.124 -0.24284 0.47469 0 50
173 144 23 0.6207 0.5393 153.836 152.988 -0.22484 0.38469 1 50
173 159 24 0.7185 0.751 153.386 153.82 -0.32084 0.52869 1 51
173 179 25 0.7209 0.7375 150.932 151.187 -0.29084 0.54069 0 51
173 184 26 0.688 0.6786 160.935 161.451 -0.35084 0.41469 1 51
173 137 27 0.6177 0.6352 151.938 152.483 -0.26084 0.45669 1 50
173 183 28 0.7238 0.7375 150.516 151.187 -0.29084 0.54069 0 51
173 131 29 0.6811 0.5388 147.358 153.919 -0.23084 0.37869 1 51
173 190 30 0.7331 0.7431 150.17 150.951 -0.29084 0.54669 0 51
173 192 31 0.7042 0.7314 160.545 161.052 -0.37484 0.45069 1 51
173 175 32 0.6688 0.6672 159.299 160.638 -0.33884 0.41469 1 51
173 245 33 0.773 0.7768 155.8 155.831 -0.35084 0.52869 0 51
173 225 34 0.7166 0.7414 160.055 160.438 -0.37484 0.46269 1 51
173 130 35 0.6314 0.5388 147.631 153.919 -0.23084 0.37869 1 51
173 130 36 0.6802 0.5388 147.259 153.919 -0.23084 0.37869 1 51
173 244 37 0.7741 0.7768 156.079 155.831 -0.35084 0.52869 0 51
173 189 38 0.666 0.6622 159.929 160.978 -0.33884 0.40869 1 51
173 208 39 0.7406 0.7615 153.448 153.981 -0.32684 0.53469 0 51
173 163 40 0.6682 0.6723 158.769 160.303 -0.33884 0.42069 1 51
173 189 41 0.7526 0.761 149.176 149.609 -0.28484 0.57069 0 51
173 173 42 0.7414 0.7646 146.982 147.651 -0.26684 0.58869 0 51
173 138 43 0.6686 0.6574 150.706 151.374 -0.26084 0.48069 1 50
173 165 44 0.6415 0.6565 158.563 160.561 -0.33284 0.40869 1 50
173 134 45 0.6893 0.5388 152.726 153.919 -0.23084 0.37869 1 51
173 146 46 0.6368 0.6423 149.286 150.638 -0.24884 0.47469 0 50
173 181 47 0.7226 0.7367 151.312 151.866 -0.29684 0.53469 0 51
173 154 48 0.6321 0.6414 150.416 151.417 -0.25484 0.46869 0 50
173 219 49 0.7751 0.7863 147.187 147.495 -0.27284 0.60669 0 51
217 238 0 0.674 0.6679 160.968 161.388 -0.34484 0.40869 1 51
217 248 1 0.7672 0.7761 146.355 147.252 -0.26684 0.60069 0 51
217 187 2 0.6499 0.6555 157.934 159.032 -0.32084 0.42069 1 51
217 179 3 0.6234 0.6319 149.26 150.391 -0.24284 0.46869 0 50
217 171 4 0.6301 0.6295 147.803 148.28 -0.22484 0.48069 0 51
217 208 5 0.7074 0.7511 156.839 159.174 -0.36884 0.48069 1 51
217 166 6 0.6944 0.7119 149.499 150.308 -0.27284 0.52869 0 51
217 156 7 0.6869 0.7515 156.363 159.841 -0.37484 0.47469 1 51
217 171 8 0.6865 0.7358 158.045 160.062 -0.36884 0.46269 1 51
217 175 9 0.6925 0.746 156.831 159.466 -0.36884 0.47469 1 51
217 192 10 0.7112 0.7311 152.054 152.111 -0.29684 0.52869 0 51
217 186 11 0.6628 0.6527 150.591 150.877 -0.25484 0.48069 0 50
217 197 12 0.6399 0.6401 153.403 152.981 -0.26684 0.45669 0 50
217 165 13 0.6802 0.6611 154.161 153.38 -0.27884 0.46869 1 51
217 249 14 0.7157 0.746 158.321 159.466 -0.36884 0.47469 0 51
217 255 15 0.739 0.7611 156.438 157.941 -0.36284 0.49869 0 51
217 202 16 0.6446 0.647 150.869 151.145 -0.25484 0.47469 0 50
217 162 17 0.6989 0.7207 151.926 151.915 -0.29084 0.52269 1 51
217 277 18 0.7592 0.7662 156.531 157.01 -0.35684 0.51069 0 51
217 308 19 0.7755 0.7673 159.43 159.63 -0.38084 0.48669 0 51
217 140 20 0.6914 0.7562 154.787 158.885 -0.36884 0.48669 1 51
217 156 21 0.6764 0.6696 149.818 150.101 -0.25484 0.49869 0 51
217 207 22 0.713 0.7271 150.542 150.98 -0.28484 0.53469 0 51
217 237 23 0.762 0.7656 149.647 150.044 -0.29084 0.57069 0 51
217 173 24 0.625 0.622 147.294 146.391 -0.20684 0.48669 0 51
217 170 25 0.6209 0.625 147.876 147.738 -0.21884 0.48069 0 51
217 129 26 0.6918 0.5388 146.416 153.919 -0.23084 0.37869 1 51
217 154 27 0.7159 0.737 146.296 148.028 -0.26084 0.56469 0 51
217 161 28 0.6312 0.6393 155.358 154.551 -0.27884 0.44469 1 50
217 184 29 0.691 0.7358 158.136 160.062 -0.36884 0.46269 1 51
217 181 30 0.6468 0.6432 149.086 149.861 -0.24284 0.48069 0 50
217 158 31 0.6896 0.7063 149.818 150.548 -0.27284 0.52269 0 51
217 243 32 0.7632 0.769 148.193 148.096 -0.27284 0.58869 0 51
217 172 33 0.6723 0.6556 155.014 153.665 -0.27884 0.46269 1 51
217 270 34 0.7547 0.7666 153.913 154.387 -0.33284 0.53469 0 51
217 158 35 0.6346 0.6443 156.002 155.809 -0.29084 0.43869 1 50
217 162 36 0.6413 0.6496 156.404 156.274 -0.29684 0.43869 1 50
217 149 37 0.6818 0.6799 149.711 150.339 -0.26084 0.50469 0 51
217 168 38 0.6725 0.663 150.488 151.109 -0.26084 0.48669 0 50
217 171 39 0.6384 0.6397 148.098 148.562 -0.23084 0.48669 0 51
217 185 40 0.6331 0.6453 157.987 159.705 -0.32084 0.40869 0 51
217 254 41 0.7458 0.7661 155.559 156.354 -0.35084 0.51669 0 51
217 182 42 0.7064 0.7507 155.746 158.505 -0.36284 0.48669 1 51
217 176 43 0.6841 0.6824 158.257 159.647 -0.33884 0.43269 1 51
217 263 44 0.7508 0.7662 155.341 155.698 -0.34484 0.52269 0 51
217 155 45 0.6509 0.641 147.534 147.786 -0.22484 0.49269 0 51
217 152 46 0.6589 0.65 148.025 148.835 -0.23684 0.49269 0 51
217 202 47 0.7014 0.746 157.239 159.466 -0.36884 0.47469 1 51
217 314 48 0.756 0.7572 160.674 160.212 -0.38084 0.47469 0 51
217 299 49 0.7396 0.7471 160.781 160.809 -0.38084 0.46269 0 51
260 342 0 0.7747 0.772 158.391 158.695 -0.37484 0.49869 0 51
260 268 1 0.7509 0.7563 148.987 149.169 -0.27884 0.57069 0 51
260 332 2 0.7667 0.7663 157.314 157.665 -0.36284 0.50469 0 51
260 293 3 0.774 0.7736 151.639 152.19 -0.31484 0.55869 0 52
260 248 4 0.6435 0.6463 151.48 151.919 -0.26084 0.46869 0 50
260 283 5 0.7388 0.7479 151.195 151.388 -0.29684 0.54669 0 51
260 296 6 0.7471 0.7661 155.695 156.354 -0.35084 0.51669 0 51
260 345 7 0.7762 0.7669 158.864 158.976 -0.37484 0.49269 0 51
260 179 8 0.6178 0.6339 154.94 154.856 -0.27884 0.43869 0 50
260 222 9 0.6624 0.6662 157.837 159.133 -0.32684 0.42669 0 51
260 231 10 0.6154 0.6301 158.919 160.756 -0.32084 0.39069 0 51
260 272 11 0.7346 0.746 153.272 153.401 -0.31484 0.52869 0 51
260 174 12 0.6821 0.6923 148.238 149.125 -0.25484 0.52269 0 51
260 221 13 0.6644 0.6583 150.177 150.614 -0.25484 0.48669 0 51
260 269 14 0.7126 0.746 158.006 159.466 -0.36884 0.47469 0 51
260 198 15 0.7021 0.7186 147.865 149.376 -0.26684 0.54069 0 51
260 199 16 0.6534 0.6413 146.515 144.929 -0.20084 0.51069 0 51
260 270 17 0.6623 0.6672 159.874 160.638 -0.33884 0.41469 0 51
260 192 18 0.6299 0.6443 156.635 157.369 -0.30284 0.42669 0 51
260 201 19 0.7082 0.7305 153.078 152.796 -0.30284 0.52269 0 51
260 316 20 0.726 0.7421 160.86 161.114 -0.38084 0.45669 0 51
260 211 21 0.6754 0.663 150.998 151.109 -0.26084 0.48669 0 51
260 213 22 0.6785 0.6623 152.105 151.864 -0.26684 0.48069 0 51
260 312 23 0.7563 0.7661 155.983 156.354 -0.35084 0.51669 0 51
260 171 24 0.6934 0.6666 154.293 153.099 -0.27884 0.47469 1 51
260 172 25 0.7033 0.7504 154.806 157.836 -0.35684 0.49269 1 51
260 212 26 0.6974 0.7119 149.825 150.308 -0.27284 0.52869 0 51
260 244 27 0.7387 0.7543 146.923 147.404 -0.26084 0.58269 0 51
260 201 28 0.6343 0.6443 155.8 155.809 -0.29084 0.43869 0 50
260 202 29 0.683 0.6734 151.444 151.333 -0.26684 0.49269 0 51
260 216 30 0.666 0.6583 150.047 150.614 -0.25484 0.48669 0 51
260 250 31 0.6685 0.6666 159.094 159.886 -0.33284 0.42069 0 51
260 312 32 0.7557 0.7661 155.964 156.354 -0.35084 0.51669 0 51
260 291 33 0.7443 0.7612 154.293 154.64 -0.33284 0.52869 0 51
260 174 34 0.6202 0.6337 155.842 156.441 -0.29084 0.42669 1 50
260 209 35 0.6602 0.6592 149.188 149.856 -0.24884 0.49269 0 51
260 215 36 0.6773 0.6679 151.778 151.597 -0.26684 0.48669 0 51
260 273 37 0.7343 0.7431 150.142 150.951 -0.29084 0.54669 0 51
260 257 38 0.6887 0.6886 160.209 160.785 -0.35084 0.42669 0 51
260 237 39 0.6341 0.6401 153.047 152.981 -0.26684 0.45669 0 50
260 188 40 0.6901 0.6727 152.955 152.077 -0.27284 0.48669 1 51
260 239 41 0.6317 0.6458 158.689 160.482 -0.32684 0.40269 0 51
260 285 42 0.6409 0.6465 160.622 161.257 -0.33284 0.39669 0 51
260 289 43 0.7735 0.7736 151.464 152.19 -0.31484 0.55869 0 52
260 288 44 0.7446 0.7479 150.999 151.388 -0.29684 0.54669 0 51
260 266 45 0.7221 0.7507 156.748 158.505 -0.36284 0.48669 0 51
260 229 46 0.6632 0.6574 150.881 151.374 -0.26084 0.48069 0 50
260 214 47 0.6314 0.6397 154.501 153.766 -0.27284 0.45069 0 50
260 193 48 0.6896 0.6839 151.933 151.551 -0.27284 0.49869 0 51
260 194 49 0.6869 0.6727 152.9 152.077 -0.27284 0.48669 0 51
304 274 0 0.6298 0.6366 150.181 150.908 -0.24884 0.46869 0 50
304 305 1 0.7053 0.7207 160.205 160.988 -0.36884 0.44469 0 52
304 328 2 0.7728 0.7695 150.932 151.123 -0.30284 0.56469 0 52
304 278 3 0.6562 0.6527 150.716 150.877 -0.25484 0.48069 0 51
304 288 4 0.7397 0.753 147.575 148.063 -0.26684 0.57669 0 52
304 229 5 0.7141 0.7451 154.538 155.422 -0.33284 0.51069 0 52
304 309 6 0.7368 0.7555 155.384 156.227 -0.34484 0.51069 0 52
304 398 7 0.7653 0.7622 160.435 159.919 -0.38084 0.48069 0 51
304 207 8 0.6721 0.6615 146.507 145.578 -0.21284 0.52269 0 51
304 261 9 0.6395 0.6386 148.647 149.342 -0.23684 0.48069 0 51
304 300 10 0.7218 0.7327 150.545 150.743 -0.28484 0.54069 0 51
304 326 11 0.7724 0.7695 150.754 151.123 -0.30284 0.56469 0 52
304 272 12 0.613 0.6301 159.251 160.756 -0.32084 0.39069 0 51
304 362 13 0.7555 0.7663 157.039 157.665 -0.36284 0.50469 0 52
304 324 14 0.7664 0.7656 150.124 150.044 -0.29084 0.57069 0 52
304 267 15 0.6703 0.6616 153.154 152.621 -0.27284 0.47469 0 51
304 214 16 0.692 0.6771 154.181 153.291 -0.28484 0.48069 0 51
304 403 17 0.7556 0.7572 160.139 160.212 -0.38084 0.47469 0 51
304 259 18 0.7136 0.7305 153.029 152.796 -0.30284 0.52269 0 52
304 365 19 0.7307 0.7421 160.946 161.114 -0.38084 0.45669 0 52
304 365 20 0.7654 0.7662 156.693 157.01 -0.35684 0.51069 0 52
304 395 21 0.7652 0.7669 158.871 158.976 -0.37484 0.49269 0 51
304 198 22 0.6965 0.7108 146.532 147.735 -0.24884 0.54669 0 51
304 381 23 0.7503 0.7562 158.208 158.885 -0.36884 0.48669 0 51
304 320 24 0.7601 0.7678 148.727 148.743 -0.27884 0.58269 0 52
304 279 25 0.661 0.6519 151.643 151.644 -0.26084 0.47469 0 51
304 307 26 0.7279 0.7504 156.53 157.836 -0.35684 0.49269 0 52
304 231 27 0.7037 0.7198 147.488 148.683 -0.26084 0.54669 0 51
304 241 28 0.6881 0.6926 157.936 159.011 -0.33884 0.44469 1 52
304 241 29 0.7025 0.7186 148.08 149.376 -0.26684 0.54069 0 51
304 317 30 0.7381 0.7431 150.184 150.951 -0.29084 0.54669 0 52
304 332 31 0.7425 0.7609 156.264 157.281 -0.35684 0.50469 0 52
304 248 32 0.6992 0.7353 157.439 159.38 -0.36284 0.46869 0 52
304 229 33 0.6234 0.6394 157.166 158.481 -0.30884 0.41469 0 51
304 243 34 0.6932 0.7063 149.759 150.548 -0.27284 0.52269 0 51
304 232 35 0.7154 0.7326 146.521 147.564 -0.25484 0.56469 0 51
304 202 36 0.6917 0.7404 156.531 159.084 -0.36284 0.47469 0 52
304 362 37 0.7451 0.7559 157.554 158.221 -0.36284 0.49269 0 52
304 279 38 0.7353 0.7473 147.438 148.273 -0.26684 0.57069 0 52
304 220 39 0.7057 0.7452 155.563 158.119 -0.35684 0.48669 0 52
304 342 40 0.7387 0.7559 157.007 158.221 -0.36284 0.49269 0 52
304 244 41 0.6709 0.6602 156.014 155.66 -0.29684 0.45069 1 51
304 337 42 0.7468 0.757 152.712 152.906 -0.31484 0.54069 0 52
304 274 43 0.7254 0.7453 154.251 154.748 -0.32684 0.51669 0 52
304 300 44 0.742 0.7506 148.696 149.387 -0.27884 0.56469 0 52
304 250 45 0.6416 0.6397 147.879 148.562 -0.23084 0.48669 0 51
304 275 46 0.66 0.6556 154.094 153.665 -0.27884 0.46269 0 51
304 229 47 0.6259 0.6391 155.52 155.336 -0.28484 0.43869 0 51
304 343 48 0.7508 0.7661 155.689 156.354 -0.35084 0.51669 0 52
304 236 49 0.6535 0.6468 147.74 147.545 -0.22484 0.49869 0 51
347 372 0 0.7563 0.7591 150.874 150.924 -0.29684 0.55869 0 52
347 381 1 0.75 0.752 152.174 152.485 -0.30884 0.54069 0 52
347 326 2 0.7232 0.7355 153.022 153.228 -0.30884 0.52269 0 52
347 413 3 0.7761 0.7767 156.316 156.478 -0.35684 0.52269 0 52
347 247 4 0.6173 0.6284 156.189 156.765 -0.29084 0.42069 0 51
347 333 5 0.7171 0.7263 151.568 151.669 -0.29084 0.52869 0 52
347 321 6 0.6551 0.6527 150.876 150.877 -0.25484 0.48069 0 51
347 295 7 0.7178 0.73 153.619 153.483 -0.30884 0.51669 0 52
347 349 8 0.7073 0.7257 160.136 160.675 -0.36884 0.45069 0 52
347 281 9 0.6819 0.6765 157.711 158.49 -0.32684 0.43869 0 52
347 407 10 0.7642 0.7662 156.61 157.01 -0.35684 0.51069 0 52
347 344 11 0.6825 0.6779 160.186 160.713 -0.34484 0.42069 0 52
347 381 12 0.7488 0.752 152.213 152.485 -0.30884 0.54069 0 52
347 306 13 0.6423 0.6504 157.999 159.366 -0.32084 0.41469 0 51
347 275 14 0.6932 0.6943 151.949 151.762 -0.27884 0.50469 0 52
347 282 15 0.7183 0.7399 154.385 155.011 -0.32684 0.51069 0 52
347 416 16 0.7768 0.7769 154.955 155.184 -0.34484 0.53469 0 52
347 303 17 0.6315 0.634 148.561 148.815 -0.23084 0.48069 -0 51
347 280 18 0.6805 0.6765 157.609 158.49 -0.32684 0.43869 0 52
347 397 19 0.773 0.778 152.816 153.247 -0.32684 0.55269 -0 52
347 263 20 0.6828 0.6866 148.673 149.363 -0.25484 0.51669 0 51
347 265 21 0.6747 0.6706 148.737 149.356 -0.24884 0.50469 0 51
347 254 22 0.7012 0.7108 146.858 147.735 -0.24884 0.54669 0 52
347 382 23 0.7374 0.7559 157.263 158.221 -0.36284 0.49269 0 52
347 387 24 0.756 0.7625 152.159 152.664 -0.31484 0.54669 -0 52
347 298 25 0.6217 0.6352 152.54 152.483 -0.26084 0.45669 0 50
347 332 26 0.7417 0.753 147.437 148.063 -0.26684 0.57669 0 52
347 283 27 0.7002 0.7246 157.477 159.292 -0.35684 0.46269 0 52
347 290 28 0.6156 0.6237 148.513 148.535 -0.22484 0.47469 -0 51
347 265 29 0.6138 0.6292 153.443 153.569 -0.26684 0.44469 0 51
347 360 30 0.7379 0.7556 156.22 156.892 -0.35084 0.50469 0 52
347 299 31 0.6425 0.6445 155.489 155.03 -0.28484 0.44469 0 51
347 281 32 0.6543 0.6512 148.049 148.071 -0.23084 0.49869 -0 51
347 350 33 0.7514 0.7563 148.648 149.169 -0.27884 0.57069 -0 52
347 284 34 0.7008 0.7298 157.414 158.993 -0.35684 0.46869 0 52
347 283 35 0.6707 0.6602 156.355 155.66 -0.29684 0.45069 0 52
347 358 36 0.7321 0.7416 151.876 152.3 -0.30284 0.53469 0 52
347 255 37 0.6849 0.6708 156.273 155.814 -0.30284 0.45669 0 52
347 318 38 0.7112 0.7223 149.542 150.528 -0.27884 0.53469 0 52
347 310 39 0.71 0.7233 149.024 149.837 -0.27284 0.54069 0 52
347 334 40 0.7173 0.7271 150.779 150.98 -0.28484 0.53469 0 52
347 350 41 0.6819 0.6779 160.596 160.713 -0.34484 0.42069 0 52
347 362 42 0.7613 0.7621 148.931 148.955 -0.27884 0.57669 -0 52
347 319 43 0.6425 0.6504 158.426 159.366 -0.32084 0.41469 0 51
347 318 44 0.7154 0.7401 156.903 158.406 -0.35684 0.48069 0 52
347 333 45 0.6457 0.6463 151.922 151.919 -0.26084 0.46869 0 51
347 353 46 0.7099 0.7257 159.909 160.675 -0.36884 0.45069 0 52
347 355 47 0.7569 0.7616 146.092 146.551 -0.25484 0.59469 -0 52
347 271 48 0.6988 0.7047 152.439 151.967 -0.28484 0.51069 0 52
347 308 49 0.6346 0.6376 149.157 150.124 -0.24284 0.47469 -0 51
390 361 0 0.733 0.7415 147.837 148.487 -0.26684 0.56469 -0 52
390 312 1 0.6953 0.7084 157.712 158.801 -0.34484 0.45669 0 53
390 313 2 0.6895 0.6783 152.443 151.812 -0.27284 0.49269 0 52
390 289 3 0.6907 0.6992 147.341 148.179 -0.24884 0.53469 -0 52
390 339 4 0.6685 0.6639 150.153 150.355 -0.25484 0.49269 -0 51
390 415 5 0.7456 0.7479 151.146 151.388 -0.29684 0.54669 -0 53
390 337 6 0.727 0.7383 146.641 147.355 -0.25484 0.57069 -0 52
390 321 7 0.6953 0.7033 157.98 159.108 -0.34484 0.45069 0 53
390 413 8 0.7681 0.7718 146.33 146.807 -0.26084 0.60069 -0 52
390 334 9 0.6165 0.6254 151.264 151.463 -0.24884 0.45669 0 51
390 335 10 0.6816 0.682 158.103 158.912 -0.33284 0.43869 0 52
390 407 11 0.6377 0.6416 160.694 161.613 -0.33284 0.39069 -0 52
390 359 12 0.6697 0.6717 158.596 159.557 -0.33284 0.42669 0 52
390 334 13 0.665 0.6602 157.197 157.182 -0.30884 0.43869 0 52
390 413 14 0.718 0.7358 159.598 160.062 -0.36884 0.46269 0 53
390 292 15 0.6881 0.6712 155.11 154.317 -0.29084 0.46869 0 52
390 351 16 0.6309 0.6329 149.349 149.602 -0.23684 0.47469 -0 51
390 416 17 0.7452 0.7565 153.439 153.569 -0.32084 0.53469 -0 53
390 370 18 0.6484 0.647 151.413 151.145 -0.25484 0.47469 -0 51
390 388 19 0.6284 0.6358 160.075 161.188 -0.32684 0.39069 0 52
390 483 20 0.7536 0.7572 160.443 160.212 -0.38084 0.47469 0 52
390 486 21 0.7593 0.7572 160.233 160.212 -0.38084 0.47469 -0 52
390 375 22 0.7215 0.728 149.615 150.293 -0.27884 0.54069 0 52
390 405 23 0.7365 0.7416 152.077 152.3 -0.30284 0.53469 0 53
390 338 24 0.6997 0.7111 150.711 151.01 -0.27884 0.52269 0 52
390 371 25 0.6369 0.6407 152.059 152.199 -0.26084 0.46269 0 51
390 348 26 0.6232 0.6319 150.138 150.391 -0.24284 0.46869 -0 51
390 400 27 0.711 0.7207 160.593 160.988 -0.36884 0.44469 0 53
390 291 28 0.6859 0.6761 156.017 155.518 -0.30284 0.46269 0 52
390 316 29 0.654 0.6482 147.069 146.779 -0.21884 0.50469 -0 52
390 367 30 0.7255 0.7346 148.771 149.382 -0.27284 0.55269 -0 52
390 366 31 0.6598 0.6512 152.543 152.413 -0.26684 0.46869 0 51
390 322 32 0.7078 0.7198 147.786 148.683 -0.26084 0.54669 -0 52
390 334 33 0.6443 0.6496 156.797 157.048 -0.30284 0.43269 0 51
390 337 34 0.6482 0.6496 156.878 157.048 -0.30284 0.43269 0 52
390 355 35 0.7286 0.7358 147.885 148.704 -0.26684 0.55869 -0 52
390 367 36 0.6478 0.6504 158.687 159.366 -0.32084 0.41469 0 52
390 469 37 0.7659 0.7665 158.067 158.321 -0.36884 0.49869 -0 52
390 405 38 0.7591 0.7659 146.778 147.003 -0.26084 0.59469 -0 52
390 410 39 0.7726 0.7713 149.822 149.825 -0.29084 0.57669 -0 53
390 383 40 0.6859 0.6886 160.286 160.785 -0.35084 0.42669 0 53
390 402 41 0.7531 0.7553 149.755 149.829 -0.28484 0.56469 -0 53
390 339 42 0.6368 0.6295 146.485 145.371 -0.20084 0.49869 -0 52
390 320 43 0.6253 0.6342 154.598 154.064 -0.27284 0.44469 0 51
390 362 44 0.7298 0.7502 155.405 156.497 -0.34484 0.50469 0 53
390 450 45 0.7345 0.746 158.925 159.466 -0.36884 0.47469 0 52
390 288 46 0.7058 0.718 146.146 146.826 -0.24284 0.55869 0 52
390 370 47 0.7281 0.7405 153.603 153.654 -0.31484 0.52269 0 53
390 331 48 0.6445 0.641 147.893 147.786 -0.22484 0.49269 -0 52
390 324 49 0.6323 0.6445 157.31 158.148 -0.30884 0.42069 0 52
434 526 0 0.7711 0.7673 159.832 159.63 -0.38084 0.48669 -0 52
434 467 1 0.7411 0.7559 157.178 158.221 -0.36284 0.49269 0 53
434 502 2 0.7564 0.7614 157.845 158.601 -0.36884 0.49269 0 53
434 373 3 0.6966 0.7007 150.82 150.793 -0.27284 0.51669 -0 52
434 495 4 0.7687 0.7716 155.522 155.439 -0.34484 0.52869 -0 53
434 349 5 0.6695 0.666 148.312 148.855 -0.24284 0.50469 -0 52
434 404 6 0.7117 0.7176 149.71 150.071 -0.27284 0.53469 -0 52
434 362 7 0.6273 0.6394 157.487 158.481 -0.30884 0.41469 0 52
434 467 8 0.751 0.7615 153.765 153.981 -0.32684 0.53469 0 53
434 429 9 0.6303 0.6408 160.027 160.832 -0.32684 0.39669 -0 52
434 344 10 0.6798 0.682 148.631 148.873 -0.24884 0.51669 -0 52
434 346 11 0.6259 0.6337 156.506 157.234 -0.29684 0.42069 0 52
434 381 12 0.6293 0.6295 148.054 148.28 -0.22484 0.48069 -0 52
434 518 13 0.7613 0.7617 158.744 159.26 -0.37484 0.48669 -0 53
434 474 14 0.7767 0.778 152.598 153.247 -0.32684 0.55269 -0 54
434 322 15 0.6146 0.6231 155.853 156.289 -0.28484 0.42069 0 52
434 380 16 0.6208 0.6346 158.559 159.61 -0.31484 0.40269 0 52
434 350 17 0.6157 0.6235 157.601 158.707 -0.30284 0.40269 0 52
434 391 18 0.629 0.6329 149.183 149.602 -0.23684 0.47469 -0 52
434 480 19 0.7614 0.7675 152.738 153.079 -0.32084 0.54669 -0 53
434 356 20 0.7175 0.7397 155.595 157.048 -0.34484 0.49269 0 53
434 372 21 0.6135 0.6192 148.023 147.989 -0.21884 0.47469 -0 52
434 409 22 0.7265 0.7355 153.482 153.228 -0.30884 0.52269 0 53
434 492 23 0.7653 0.7662 156.668 157.01 -0.35684 0.51069 -0 53
434 485 24 0.7692 0.7725 153.091 153.488 -0.32684 0.54669 -0 53
434 385 25 0.6491 0.6552 157.596 158.266 -0.31484 0.42669 0 52
434 403 26 0.6475 0.6479 150.202 150.373 -0.24884 0.48069 -0 51
434 376 27 0.6427 0.6337 146.34 145.925 -0.20684 0.49869 -0 52
434 432 28 0.7386 0.7502 155.814 156.497 -0.34484 0.50469 0 53
434 481 29 0.727 0.7414 160.095 160.438 -0.37484 0.46269 0 53
434 480 30 0.757 0.7664 154.748 155.043 -0.33884 0.52869 -0 53
434 487 31 0.7623 0.7662 155.559 155.698 -0.34484 0.52269 -0 53
434 522 32 0.7746 0.7673 159.812 159.63 -0.38084 0.48669 -0 52
434 324 33 0.6929 0.7006 146.941 147.469 -0.24284 0.54069 -0 53
434 324 34 0.6875 0.689 147.219 147.916 -0.24284 0.52869 -0 53
434 376 35 0.6984 0.7063 150.594 150.548 -0.27284 0.52269 -0 52
434 440 36 0.6682 0.6672 160.197 160.638 -0.33884 0.41469 0 53
434 380 37 0.6528 0.6496 156.071 155.501 -0.29084 0.44469 0 52
434 322 38 0.6933 0.6921 156.787 157.56 -0.32684 0.45669 0 53
434 448 39 0.7399 0.7557 156.505 157.557 -0.35684 0.49869 0 53
434 348 40 0.6853 0.6866 148.795 149.363 -0.25484 0.51669 -0 52
434 345 41 0.6844 0.6923 148.528 149.125 -0.25484 0.52269 -0 52
434 349 42 0.6885 0.6923 148.588 149.125 -0.25484 0.52269 -0 52
434 384 43 0.6336 0.634 148.313 148.815 -0.23084 0.48069 -0 52
434 425 44 0.748 0.7558 146.604 146.747 -0.25484 0.58869 -0 53
434 346 45 0.7112 0.7344 156.143 157.33 -0.34484 0.48669 0 53
434 337 46 0.6198 0.6285 155.377 155.166 -0.27884 0.43269 0 52
434 499 47 0.7745 0.7715 157.467 157.393 -0.36284 0.51069 -0 53
434 375 48 0.6385 0.6322 146.885 146.707 -0.21284 0.49269 -1 52
434 338 49 0.6916 0.698 147.822 148.891 -0.25484 0.52869 -0 53
477 422 0 0.6365 0.6352 147.843 148.031 -0.22484 0.48669 -1 52
477 357 1 0.6879 0.686 146.588 146.695 -0.23084 0.53469 -0 53
477 406 2 0.6927 0.6951 151.272 151.042 -0.27284 0.51069 0 53
477 358 3 0.6869 0.686 146.546 146.695 -0.23084 0.53469 -0 53
477 369 4 0.6768 0.6744 147.156 147.138 -0.23084 0.52269 -0 53
477 448 5 0.7148 0.7223 149.826 150.528 -0.27884 0.53469 -0 53
477 526 6 0.7595 0.7664 154.855 155.043 -0.33884 0.52869 -0 54
477 407 7 0.7106 0.7201 153 152.611 -0.29684 0.51669 0 53
477 421 8 0.6329 0.6352 148.037 148.031 -0.22484 0.48669 -0 52
477 447 9 0.7092 0.7246 158.65 159.292 -0.35684 0.46269 0 54
477 501 10 0.7468 0.7556 156.257 156.892 -0.35084 0.50469 -0 54
477 444 11 0.6358 0.6423 150.201 150.638 -0.24884 0.47469 -0 52
477 420 12 0.6318 0.6393 154.584 154.551 -0.27884 0.44469 -0 52
477 499 13 0.7736 0.7724 149.215 149.179 -0.28484 0.58269 -0 54
477 505 14 0.749 0.7561 153.89 154.233 -0.32684 0.52869 -0 54
477 383 15 0.622 0.6337 155.389 155.648 -0.28484 0.43269 0 52
477 357 16 0.7008 0.6981 154.205 153.659 -0.29684 0.49269 0 54
477 458 17 0.6442 0.6457 152.453 152.695 -0.26684 0.46269 -0 51
477 454 18 0.6592 0.6611 158.813 159.463 -0.32684 0.42069 0 53
477 540 19 0.7724 0.7716 155.32 155.439 -0.34484 0.52869 -0 54
477 496 20 0.7683 0.7724 149.144 149.179 -0.28484 0.58269 -0 54
477 418 21 0.6492 0.65 148.612 148.835 -0.23684 0.49269 -0 52
477 399 22 0.6853 0.6912 149.486 149.846 -0.26084 0.51669 -0 53
477 346 23 0.6963 0.6867 155.861 155.671 -0.30884 0.46869 0 54
477 497 24 0.7615 0.7591 150.655 150.924 -0.29684 0.55869 -0 54
477 433 25 0.6806 0.6768 158.659 159.232 -0.33284 0.43269 0 53
477 519 26 0.7578 0.762 152.886 153.322 -0.32084 0.54069 -0 54
477 496 27 0.7695 0.7678 148.78 148.743 -0.27884 0.58269 -0 54
477 457 28 0.7341 0.7453 154.501 154.748 -0.32684 0.51669 0 54
477 378 29 0.6759 0.6775 147.849 148.377 -0.24284 0.51669 -0 53
477 430 30 0.7036 0.7111 150.774 151.01 -0.27884 0.52269 -0 53
477 443 31 0.7315 0.7451 154.801 155.422 -0.33284 0.51069 0 54
477 370 32 0.6973 0.6931 153.567 153.207 -0.29084 0.49269 0 53
477 397 33 0.6994 0.6992 152.408 152.223 -0.28484 0.50469 0 53
477 448 34 0.6456 0.6451 153.854 153.472 -0.27284 0.45669 -0 52
477 468 35 0.7305 0.7336 149.557 150.061 -0.27884 0.54669 -0 53
477 406 36 0.6578 0.6557 148.383 148.589 -0.23684 0.49869 -0 52
477 402 37 0.6958 0.6943 151.976 151.762 -0.27884 0.50469 0 53
477 496 38 0.7634 0.7659 146.744 147.003 -0.26084 0.59469 -0 53
477 500 39 0.7664 0.769 147.998 148.096 -0.27284 0.58869 -0 54
477 392 40 0.6593 0.654 146.676 146.55 -0.21884 0.51069 -1 53
477 463 41 0.7462 0.7558 146.491 146.747 -0.25484 0.58869 -0 53
477 434 42 0.6255 0.6346 158.777 159.61 -0.31484 0.40269 -0 53
477 367 43 0.6746 0.6716 146.228 145.887 -0.21884 0.52869 -0 53
477 417 44 0.6985 0.7007 150.78 150.793 -0.27284 0.51669 -0 53
477 365 45 0.6915 0.6948 146.984 147.69 -0.24284 0.53469 -0 53
477 384 46 0.6673 0.6672 147.769 148.108 -0.23684 0.51069 -0 53
477 409 47 0.6682 0.6655 156.421 156.115 -0.30284 0.45069 0 53
477 466 48 0.6525 0.656 159.283 159.797 -0.32684 0.41469 -0 53
477 441 49 0.7305 0.7451 155.099 155.422 -0.33284 0.51069 0 54
520 448 0 0.6624 0.6603 148.689 149.1 -0.24284 0.49869 -1 53
520 500 1 0.7333 0.7403 148.84 149.159 -0.27284 0.55869 -0 54
520 463 2 0.6749 0.6727 152.218 152.077 -0.27284 0.48669 -0 53
520 519 3 0.7185 0.7353 158.705 159.38 -0.36284 0.46869 0 54
520 456 4 0.6779 0.6721 153.109 152.823 -0.27884 0.48069 -0 53
520 464 5 0.6745 0.6672 152.845 152.347 -0.27284 0.48069 0 53
520 536 6 0.7603 0.76 150.32 150.266 -0.29084 0.56469 -0 55
520 483 7 0.7135 0.7233 149.248 149.837 -0.27284 0.54069 -0 54
520 571 8 0.7607 0.7664 154.799 155.043 -0.33884 0.52869 -0 55
520 528 9 0.7139 0.7257 160.272 160.675 -0.36884 0.45069 0 54
520 442 10 0.713 0.721 147.213 147.992 -0.25484 0.55269 -0 54
520 537 11 0.7164 0.7257 160.42 160.675 -0.36884 0.45069 0 54
520 528 12 0.753 0.7553 149.608 149.829 -0.28484 0.56469 -0 54
520 453 13 0.6152 0.6215 149.553 150.136 -0.23684 0.46269 -0 53
520 516 14 0.7527 0.7558 146.582 146.747 -0.25484 0.58869 -0 54
520 432 15 0.6767 0.6763 148.734 149.113 -0.24884 0.51069 -0 53
520 611 16 0.7524 0.7572 159.962 160.212 -0.38084 0.47469 -0 54
520 538 17 0.7686 0.7695 151.166 151.123 -0.30284 0.56469 -0 55
520 486 18 0.6348 0.6401 153.191 152.981 -0.26684 0.45669 -0 52
520 489 19 0.6374 0.6401 153.276 152.981 -0.26684 0.45669 -0 52
520 491 20 0.7161 0.7233 149.581 149.837 -0.27284 0.54069 -0 54
520 495 21 0.7346 0.7503 155.493 155.827 -0.33884 0.51069 -0 55
520 513 22 0.7292 0.7336 149.79 150.061 -0.27884 0.54669 -0 54
520 428 23 0.6876 0.6771 153.606 153.291 -0.28484 0.48069 0 54
520 543 24 0.72 0.7264 161.054 161.365 -0.37484 0.44469 -0 54
520 478 25 0.654 0.6536 150.139 150.112 -0.24884 0.48669 -0 52
520 475 26 0.7221 0.7398 156.66 157.727 -0.35084 0.48669 0 54
520 464 27 0.6437 0.6497 157.606 157.821 -0.30884 0.42669 -0 53
520 581 28 0.7524 0.7559 157.846 158.221 -0.36284 0.49269 -0 54
520 496 29 0.7424 0.75 146.644 146.947 -0.25484 0.58269 -0 54
520 471 30 0.6986 0.7088 158.786 159.509 -0.35084 0.45069 0 54
520 482 31 0.7121 0.7159 151.554 151.466 -0.28484 0.52269 -0 54
520 599 32 0.7441 0.7515 159.473 159.841 -0.37484 0.47469 -0 54
520 471 33 0.7201 0.725 153.26 153.05 -0.30284 0.51669 0 54
520 445 34 0.6131 0.6254 151.241 151.463 -0.24884 0.45669 -0 52
520 478 35 0.716 0.7233 148.885 149.837 -0.27284 0.54069 -0 54
520 473 36 0.6959 0.6982 158.908 159.419 -0.34484 0.44469 0 54
520 498 37 0.6508 0.6506 153.225 153.184 -0.27284 0.46269 -0 52
520 545 38 0.7479 0.7565 153.565 153.569 -0.32084 0.53469 -0 55
520 538 39 0.7462 0.7479 150.924 151.388 -0.29684 0.54669 -0 54
520 400 40 0.6832 0.6817 146.101 146.187 -0.22484 0.53469 -0 54
520 412 41 0.7011 0.7063 146.69 147.251 -0.24284 0.54669 -0 54
520 468 42 0.6213 0.6303 151.694 151.977 -0.25484 0.45669 -0 52
520 468 43 0.6868 0.6875 158.628 159.327 -0.33884 0.43869 0 54
520 440 44 0.6936 0.7026 148.741 149.37 -0.26084 0.52869 -0 53
520 417 45 0.7059 0.724 156.679 157.905 -0.34484 0.47469 0 54
520 434 46 0.7141 0.7223 146.732 147.304 -0.24884 0.55869 -0 54
520 531 47 0.7371 0.7375 151.036 151.187 -0.29084 0.54069 -0 54
520 528 48 0.7431 0.744 150.022 150.279 -0.28484 0.55269 -0 54
520 411 49 0.6912 0.6821 154.38 153.753 -0.29084 0.48069 0 54
564 504 0 0.6658 0.6604 155.45 154.899 -0.29084 0.45669 0 54
564 481 1 0.616 0.6242 152.828 153.067 -0.26084 0.44469 -0 53
564 510 2 0.6516 0.6496 155.897 155.501 -0.29084 0.44469 -0 53
564 623 3 0.7747 0.7714 156.181 156.091 -0.35084 0.52269 -0 55
564 587 4 0.7624 0.7639 151.132 151.351 -0.30284 0.55869 -0 55
564 591 5 0.7489 0.7556 156.505 156.892 -0.35084 0.50469 -0 55
564 480 6 0.6766 0.6708 156.111 155.814 -0.30284 0.45669 0 54
564 489 7 0.7134 0.721 147.607 147.992 -0.25484 0.55269 -0 54
564 506 8 0.6618 0.6602 157.378 157.182 -0.30884 0.43869 -0 54
564 588 9 0.7738 0.7761 146.765 147.252 -0.26684 0.60069 -1 54
564 476 10 0.6609 0.657 147.551 147.831 -0.23084 0.50469 -1 54
564 504 11 0.6635 0.6602 155.653 155.66 -0.29684 0.45069 0 54
564 529 12 0.6346 0.6402 159.001 160.05 -0.32084 0.40269 -0 54
564 506 13 0.6222 0.6206 147.095 147.188 -0.21284 0.48069 -1 54
564 561 14 0.7287 0.7401 157.489 158.406 -0.35684 0.48069 -0 55
564 495 15 0.7015 0.7083 148.741 149.137 -0.26084 0.53469 -0 54
564 513 16 0.6157 0.6245 159.286 160.315 -0.31484 0.39069 -0 54
564 647 17 0.7678 0.7628 161.008 160.576 -0.38684 0.47469 -0 54
564 587 18 0.7485 0.7556 156.318 156.892 -0.35084 0.50469 -0 55
564 587 19 0.7713 0.7703 147.355 147.45 -0.26684 0.59469 -1 54
564 504 20 0.6607 0.6602 156.968 157.182 -0.30884 0.43869 0 54
564 431 21 0.7012 0.6977 154.685 154.378 -0.30284 0.48669 0 55
564 559 22 0.7076 0.71 160.881 160.922 -0.36284 0.43869 0 55
564 582 23 0.7436 0.7515 153.123 153.152 -0.31484 0.53469 -0 55
564 600 24 0.7281 0.7409 159.232 159.762 -0.36884 0.46869 -0 55
564 527 25 0.7188 0.7349 157.51 158.697 -0.35684 0.47469 0 55
564 506 26 0.7255 0.7449 155.931 156.771 -0.34484 0.49869 0 55
564 527 27 0.6375 0.6376 149.815 150.124 -0.24284 0.47469 -1 53
564 634 28 0.7737 0.7717 158.234 158.044 -0.36884 0.50469 -0 54
564 579 29 0.7723 0.7713 149.639 149.825 -0.29084 0.57669 -0 55
564 522 30 0.7114 0.7246 158.202 159.292 -0.35684 0.46269 0 55
564 552 31 0.7235 0.7271 150.586 150.98 -0.28484 0.53469 -0 54
564 628 32 0.764 0.7663 157.467 157.665 -0.36284 0.50469 -0 55
564 498 33 0.7181 0.7255 147.671 148.461 -0.26084 0.55269 -0 54
564 553 34 0.7224 0.7271 150.876 150.98 -0.28484 0.53469 -0 54
564 544 35 0.7279 0.7355 153.03 153.228 -0.30884 0.52269 -0 55
564 565 36 0.7095 0.7157 161.069 161.305 -0.36884 0.43869 0 55
564 531 37 0.7005 0.7094 159.469 160.216 -0.35684 0.44469 0 55
564 647 38 0.7495 0.7572 159.972 160.212 -0.38084 0.47469 -0 55
564 608 39 0.7772 0.778 153.001 153.247 -0.32684 0.55269 -0 55
564 498 40 0.7263 0.734 146.507 146.888 -0.24884 0.57069 -0 55
564 554 41 0.6474 0.6509 159.454 160.137 -0.32684 0.40869 -0 54
564 525 42 0.6324 0.6401 152.904 152.981 -0.26684 0.45669 -0 52
564 536 43 0.6222 0.6301 159.777 160.756 -0.32084 0.39069 -0 54
564 579 44 0.7174 0.7257 160.603 160.675 -0.36884 0.45069 0 55
564 490 45 0.6917 0.6894 151.422 151.294 -0.27284 0.50469 -0 54
564 483 46 0.6795 0.6809 149.532 149.605 -0.25484 0.51069 -0 54
564 541 47 0.6587 0.6611 158.936 159.463 -0.32684 0.42069 -0 54
564 521 48 0.6632 0.6556 153.775 153.665 -0.27884 0.46269 -0 53
564 521 49 0.6364 0.6397 153.976 153.766 -0.27284 0.45069 -0 52
607 543 0 0.7149 0.7201 153.032 152.611 -0.29684 0.51669 -0 55
607 527 1 0.6526 0.6468 147.445 147.545 -0.22484 0.49869 -1 54
607 535 2 0.6961 0.7016 149.464 150.08 -0.26684 0.52269 -0 55
607 638 3 0.7533 0.7609 155.67 155.961 -0.34484 0.51669 -0 56
607 568 4 0.6282 0.6346 159.075 159.61 -0.31484 0.40269 -0 54
607 561 5 0.6671 0.6623 152.348 151.864 -0.26684 0.48069 -0 54
607 614 6 0.7433 0.744 150.129 150.279 -0.28484 0.55269 -1 56
607 637 7 0.7524 0.7561 154.063 154.233 -0.32684 0.52869 -0 56
607 614 8 0.7147 0.7207 160.631 160.988 -0.36884 0.44469 0 56
607 538 9 0.6369 0.6443 155.731 155.809 -0.29084 0.43869 -0 54
607 577 10 0.7329 0.7456 154.037 154.074 -0.32084 0.52269 -0 56
607 572 11 0.6402 0.6453 158.802 159.705 -0.32084 0.40869 -0 54
607 531 12 0.7195 0.7296 154.005 154.171 -0.31484 0.51069 -0 56
607 583 13 0.7189 0.7263 151.727 151.669 -0.29084 0.52869 -0 55
607 501 14 0.7134 0.7191 154.287 154.005 -0.30884 0.50469 0 56
607 607 15 0.6348 0.6408 160.35 160.832 -0.32684 0.39669 -0 55
607 541 16 0.6354 0.6393 155.057 154.551 -0.27884 0.44469 -0 53
607 626 17 0.6555 0.6572 160.891 161.324 -0.33884 0.40269 -0 55
607 624 18 0.7478 0.7556 156.233 156.892 -0.35084 0.50469 -0 56
607 565 19 0.6493 0.6499 154.828 154.728 -0.28484 0.45069 -0 53
607 665 20 0.7505 0.7559 157.98 158.221 -0.36284 0.49269 -0 55
607 563 21 0.6328 0.6346 153.322 153.273 -0.26684 0.45069 -0 53
607 530 22 0.618 0.6297 152.6 152.772 -0.26084 0.45069 -0 53
607 620 23 0.758 0.76 150.258 150.266 -0.29084 0.56469 -1 56
607 554 24 0.6232 0.6303 151.97 151.977 -0.25484 0.45669 -0 53
607 662 25 0.7404 0.7511 158.543 159.174 -0.36884 0.48069 -0 55
607 545 26 0.6186 0.6254 151.302 151.463 -0.24884 0.45669 -0 53
607 619 27 0.767 0.7703 150.325 150.473 -0.29684 0.57069 -1 56
607 619 28 0.7438 0.751 153.853 153.82 -0.32084 0.52869 -0 56
607 517 29 0.7059 0.7108 147.422 147.735 -0.24884 0.54669 -1 55
607 493 30 0.6126 0.6179 157.038 157.43 -0.29084 0.40869 -0 54
607 601 31 0.6329 0.6408 160.217 160.832 -0.32684 0.39669 -0 55
607 480 32 0.6981 0.7026 156.607 156.964 -0.32684 0.46869 0 56
607 665 33 0.7386 0.746 158.997 159.466 -0.36884 0.47469 -0 55
607 547 34 0.6525 0.6549 156.759 156.732 -0.30284 0.43869 -0 54
607 550 35 0.6737 0.6679 152.085 151.597 -0.26684 0.48669 -0 54
607 597 36 0.668 0.6723 159.839 160.303 -0.33884 0.42069 -0 55
607 524 37 0.6917 0.6887 152.146 152.021 -0.27884 0.49869 -0 55
607 530 38 0.7157 0.721 147.353 147.992 -0.25484 0.55269 -0 55
607 693 39 0.7723 0.7673 159.923 159.63 -0.38084 0.48669 -0 55
607 649 40 0.7507 0.7557 157.189 157.557 -0.35684 0.49869 -0 56
607 528 41 0.7223 0.7345 154.875 155.277 -0.32684 0.50469 -0 56
607 686 42 0.762 0.7669 158.763 158.976 -0.37484 0.49269 -0 55
607 485 43 0.7002 0.6981 153.971 153.659 -0.29684 0.49269 0 55
607 567 44 0.6428 0.6432 149.695 149.861 -0.24284 0.48069 -1 53
607 661 45 0.7762 0.7775 153.956 153.892 -0.33284 0.54669 -1 56
607 537 46 0.6383 0.6443 156.394 156.589 -0.29684 0.43269 -0 54
607 655 47 0.7626 0.7662 156.517 157.01 -0.35684 0.51069 -0 56
607 589 48 0.7377 0.7503 155.616 155.827 -0.33884 0.51069 -0 56
607 597 49 0.6295 0.6358 160.273 161.188 -0.32684 0.39069 -0 55
651 602 0 0.6482 0.6489 149.606 149.603 -0.24284 0.48669 -1 54
651 636 1 0.6386 0.6458 159.716 160.482 -0.32684 0.40269 -0 55
651 715 2 0.7724 0.7715 157.447 157.393 -0.36284 0.51069 -1 56
651 657 3 0.7605 0.7633 148.42 148.302 -0.27284 0.58269 -1 56
651 580 4 0.6643 0.6649 149.309 149.604 -0.24884 0.49869 -1 55
651 557 5 0.6984 0.7038 147.934 148.661 -0.25484 0.53469 -1 56
651 615 6 0.67 0.6717 158.884 159.557 -0.33284 0.42669 -0 56
651 654 7 0.737 0.7383 150.421 150.509 -0.28484 0.54669 -1 56
651 664 8 0.7693 0.7695 151.268 151.123 -0.30284 0.56469 -1 57
651 716 9 0.7415 0.7471 161.03 160.809 -0.38084 0.46269 -0 56
651 725 10 0.7583 0.7614 158.587 158.601 -0.36884 0.49269 -0 56
651 733 11 0.7715 0.7669 158.992 158.976 -0.37484 0.49269 -1 56
651 602 12 0.7192 0.7243 148.479 149.148 -0.26684 0.54669 -1 56
651 574 13 0.6273 0.6339 157.613 158.027 -0.30284 0.41469 -0 55
651 642 14 0.7089 0.715 160.23 160.605 -0.36284 0.44469 -0 57
651 568 15 0.6818 0.6856 149.801 150.09 -0.26084 0.51069 -1 55
651 676 16 0.7608 0.7631 151.632 152.007 -0.30884 0.55269 -1 57
651 660 17 0.6708 0.6679 161.048 161.388 -0.34484 0.40869 -0 56
651 603 18 0.665 0.663 150.888 151.109 -0.26084 0.48669 -1 54
651 579 19 0.651 0.6455 148.255 148.314 -0.23084 0.49269 -1 55
651 596 20 0.6476 0.6497 157.718 157.821 -0.30884 0.42669 -0 55
651 587 21 0.6777 0.6727 152.126 152.077 -0.27284 0.48669 -0 55
651 577 22 0.6855 0.6871 158.083 158.597 -0.33284 0.44469 0 56
651 588 23 0.63 0.6308 147.685 147.492 -0.21884 0.48669 -1 55
651 648 24 0.752 0.7506 149.277 149.387 -0.27884 0.56469 -1 56
651 620 25 0.6576 0.6561 152.984 152.9 -0.27284 0.46869 -0 54
651 550 26 0.6817 0.671 155.49 155.065 -0.29684 0.46269 -0 56
651 615 27 0.6473 0.6479 150.168 150.373 -0.24884 0.48069 -1 54
651 727 28 0.7747 0.7729 160.168 159.994 -0.38684 0.48669 -1 55
651 662 29 0.7785 0.7776 146.369 146.614 -0.26084 0.60669 -1 55
651 735 30 0.7541 0.7566 159.72 159.549 -0.37484 0.48069 -0 56
651 680 31 0.7276 0.7409 159.257 159.762 -0.36884 0.46869 -0 56
651 691 32 0.729 0.7414 160.119 160.438 -0.37484 0.46269 -0 56
651 589 33 0.6431 0.6497 157.438 157.821 -0.30884 0.42669 -0 55
651 597 34 0.7236 0.7398 156.712 157.727 -0.35084 0.48669 -0 57
651 549 35 0.6156 0.6233 157.428 157.901 -0.29684 0.40869 -0 55
651 597 36 0.6708 0.6679 151.462 151.597 -0.26684 0.48669 -0 54
651 641 37 0.7491 0.7518 148.615 148.724 -0.27284 0.57069 -1 56
651 584 38 0.6894 0.6926 158.472 159.011 -0.33884 0.44469 0 56
651 545 39 0.6161 0.6237 154.111 153.871 -0.26684 0.43869 -0 54
651 561 40 0.7028 0.7041 152.714 152.678 -0.29084 0.50469 -0 56
651 634 41 0.7277 0.7336 149.577 150.061 -0.27884 0.54669 -1 56
651 655 42 0.7398 0.741 153.041 152.977 -0.30884 0.52869 -0 57
651 653 43 0.6774 0.6729 160.874 161.048 -0.34484 0.41469 -0 56
651 638 44 0.6898 0.6886 160.565 160.785 -0.35084 0.42669 -0 57
651 641 45 0.7304 0.7336 149.844 150.061 -0.27884 0.54669 -1 56
651 713 46 0.7392 0.7421 160.947 161.114 -0.38084 0.45669 -0 56
651 603 47 0.7218 0.7243 148.587 149.148 -0.26684 0.54669 -1 56
651 588 48 0.6203 0.6206 146.974 147.188 -0.21284 0.48069 -1 55
651 591 49 0.6482 0.6496 157 157.048 -0.30284 0.43269 -0 55
43 131 0 0.6703 0.5388 156.139 153.919 -0.23084 0.37869 1 50
43 130 1 0.736 0.5388 151.854 153.919 -0.23084 0.37869 1 50
43 130 2 0.7637 0.5388 151.467 153.919 -0.23084 0.37869 1 51
43 130 3 0.656 0.5388 147.264 153.919 -0.23084 0.37869 1 50
43 132 4 0.684 0.5388 153.482 153.919 -0.23084 0.37869 1 50
43 129 5 0.7037 0.5388 159.205 153.919 -0.23084 0.37869 1 50
43 138 6 0.7419 0.7617 157.589 159.26 -0.37484 0.48669 1 50
43 131 7 0.7212 0.7572 160.983 160.212 -0.38084 0.47469 1 50
43 139 8 0.7291 0.7572 158.591 160.212 -0.38084 0.47469 1 50
43 132 9 0.6328 0.5388 154.707 153.919 -0.23084 0.37869 1 50
43 133 10 0.6412 0.5388 160.122 153.919 -0.23084 0.37869 1 50
43 130 11 0.7431 0.5388 150.756 153.919 -0.23084 0.37869 1 50
43 130 12 0.6252 0.5388 149.619 153.919 -0.23084 0.37869 1 50
43 130 13 0.7598 0.5388 153.663 153.919 -0.23084 0.37869 1 51
43 143 14 0.7575 0.7617 158.287 159.26 -0.37484 0.48669 1 50
43 131 15 0.6391 0.5388 154.961 153.919 -0.23084 0.37869 1 50
43 130 16 0.7527 0.5388 149.366 153.919 -0.23084 0.37869 1 50
43 132 17 0.6634 0.5388 150.748 153.919 -0.23084 0.37869 1 50
43 128 18 0.6147 0.5388 148.758 153.919 -0.23084 0.37869 1 50
43 128 19 0.7115 0.5388 156.724 153.919 -0.23084 0.37869 1 50
43 134 20 0.6308 0.5388 156.468 153.919 -0.23084 0.37869 1 50
43 130 21 0.778 0.5388 153.832 153.919 -0.23084 0.37869 1 51
43 133 22 0.6568 0.5388 157.798 153.919 -0.23084 0.37869 1 50
43 132 23 0.6613 0.5388 159.262 153.919 -0.23084 0.37869 1 50
43 136 24 0.7768 0.7617 157.995 159.26 -0.37484 0.48669 1 50
43 132 25 0.6411 0.5388 152.228 153.919 -0.23084 0.37869 1 50
43 129 26 0.6184 0.5388 146.837 153.919 -0.23084 0.37869 1 50
43 148 27 0.7544 0.7572 160.375 160.212 -0.38084 0.47469 1 50
43 131 28 0.7167 0.5388 151.732 153.919 -0.23084 0.37869 1 50
43 134 29 0.6339 0.5388 156.942 153.919 -0.23084 0.37869 1 50
43 131 30 0.6654 0.5388 157.54 153.919 -0.23084 0.37869 1 50
43 130 31 0.6837 0.5388 158.006 153.919 -0.23084 0.37869 1 50
43 130 32 0.6431 0.5388 146.842 153.919 -0.23084 0.37869 1 50
43 135 33 0.7213 0.7572 159.403 160.212 -0.38084 0.47469 1 50
43 132 34 0.683 0.5388 153.9 153.919 -0.23084 0.37869 1 50
43 138 35 0.7326 0.7622 158.04 159.919 -0.38084 0.48069 1 50
43 131 36 0.7729 0.5388 150.68 153.919 -0.23084 0.37869 1 51
43 131 37 0.692 0.5388 154.853 153.919 -0.23084 0.37869 1 50
43 130 38 0.7691 0.5388 154.099 153.919 -0.23084 0.37869 1 51
43 131 39 0.7493 0.5388 155.437 153.919 -0.23084 0.37869 1 50
43 132 40 0.7173 0.7572 157.95 160.212 -0.38084 0.47469 1 50
43 131 41 0.7669 0.5388 146.962 153.919 -0.23084 0.37869 1 50
43 131 42 0.7519 0.5388 147.979 153.919 -0.23084 0.37869 1 50
43 128 43 0.7388 0.5388 148.086 153.919 -0.23084 0.37869 1 50
43 130 44 0.7431 0.5388 149.578 153.919 -0.23084 0.37869 1 50
43 131 45 0.6687 0.5388 149.565 153.919 -0.23084 0.37869 1 50
43 131 46 0.7118 0.5388 154.503 153.919 -0.23084 0.37869 1 50
43 132 47 0.6288 0.5388 154.19 153.919 -0.23084 0.37869 1 50
43 130 48 0.756 0.5388 151.817 153.919 -0.23084 0.37869 1 50
43 135 49 0.628 0.5388 157.657 153.919 -0.23084 0.37869 1 50
87 130 0 0.6952 0.5388 146.952 153.919 -0.23084 0.37869 1 50
87 139 1 0.7748 0.7863 146.456 147.495 -0.27284 0.60669 1 50
87 132 2 0.6654 0.5388 153.553 153.919 -0.23084 0.37869 1 50
87 129 3 0.6869 0.5388 159.534 153.919 -0.23084 0.37869 1 51
87 136 4 0.6311 0.5388 156.018 153.919 -0.23084 0.37869 1 50
87 145 5 0.7505 0.7714 155.61 156.091 -0.35084 0.52269 1 50
87 180 6 0.7452 0.7617 158.257 159.26 -0.37484 0.48669 1 50
87 130 7 0.7042 0.5388 148.213 153.919 -0.23084 0.37869 1 50
87 132 8 0.65 0.5388 149.519 153.919 -0.23084 0.37869 1 50
87 139 9 0.773 0.788 151.55 154.047 -0.33884 0.55269 1 51
87 132 10 0.6541 0.5388 149.436 153.919 -0.23084 0.37869 1 50
87 131 11 0.7052 0.5388 155.759 153.919 -0.23084 0.37869 1 50
87 131 12 0.7543 0.7775 151.178 153.892 -0.33284 0.54669 1 50
87 130 13 0.7326 0.5388 146.767 153.919 -0.23084 0.37869 1 50
87 176 14 0.7333 0.7566 158.685 159.549 -0.37484 0.48069 1 50
87 130 15 0.6224 0.5388 147.976 153.919 -0.23084 0.37869 1 50
87 132 16 0.7393 0.7721 152.313 154.138 -0.33284 0.54069 1 50
87 131 17 0.646 0.5388 150.406 153.919 -0.23084 0.37869 1 50
87 131 18 0.6915 0.5388 156.026 153.919 -0.23084 0.37869 1 50
87 134 19 0.6323 0.5388 154.761 153.919 -0.23084 0.37869 1 50
87 130 20 0.7548 0.5388 150.322 153.919 -0.23084 0.37869 1 51
87 163 21 0.7508 0.7614 156.778 158.601 -0.36884 0.49269 1 50
87 143 22 0.7041 0.7515 157.69 159.841 -0.37484 0.47469 1 50
87 132 23 0.6506 0.5388 148.026 153.919 -0.23084 0.37869 1 50
87 160 24 0.7165 0.7572 159.135 160.212 -0.38084 0.47469 1 50
87 147 25 0.7201 0.7566 156.474 159.549 -0.37484 0.48069 1 50
87 135 26 0.6309 0.5388 154.194 153.919 -0.23084 0.37869 1 50
87 168 27 0.7778 0.7823 154.746 154.932 -0.34484 0.54069 1 51
87 132 28 0.6611 0.5388 148.315 153.919 -0.23084 0.37869 1 50
87 130 29 0.6568 0.5388 146.97 153.919 -0.23084 0.37869 1 50
87 145 30 0.7472 0.7769 153.888 155.184 -0.34484 0.53469 1 50
87 133 31 0.716 0.5388 152.988 153.919 -0.23084 0.37869 1 50
87 144 32 0.7467 0.7718 153.801 154.788 -0.33884 0.53469 1 50
87 130 33 0.6331 0.5388 151.243 153.919 -0.23084 0.37869 1 50
87 132 34 0.7318 0.5388 154.501 153.919 -0.23084 0.37869 1 51
87 131 35 0.628 0.5388 151.759 153.919 -0.23084 0.37869 1 50
87 131 36 0.6612 0.5388 152.033 153.919 -0.23084 0.37869 1 50
87 133 37 0.7722 0.785 148.329 148.127 -0.27884 0.60069 1 50
87 128 38 0.7552 0.5388 150.015 153.919 -0.23084 0.37869 1 51
87 173 39 0.7342 0.7566 158.004 159.549 -0.37484 0.48069 1 50
87 130 40 0.6187 0.5388 151.371 153.919 -0.23084 0.37869 1 50
87 143 41 0.778 0.788 151.778 154.047 -0.33884 0.55269 1 51
87 131 42 0.7061 0.5388 150.762 153.919 -0.23084 0.37869 1 50
87 131 43 0.6728 0.5388 148.1 153.919 -0.23084 0.37869 1 50
87 163 44 0.7689 0.7821 155.151 155.575 -0.35084 0.53469 0 51
87 143 45 0.7146 0.7566 156.373 159.549 -0.37484 0.48069 1 50
87 130 46 0.631 0.5388 149.341 153.919 -0.23084 0.37869 1 50
87 131 47 0.7067 0.5388 155.018 153.919 -0.23084 0.37869 1 50
87 130 48 0.6879 0.5388 157.373 153.919 -0.23084 0.37869 1 50
87 131 49 0.7343 0.5388 152.448 153.919 -0.23084 0.37869 1 51
130 210 0 0.7784 0.7823 154.488 154.932 -0.34484 0.54069 0 51
130 135 1 0.6441 0.5388 155.945 153.919 -0.23084 0.37869 1 50
130 132 2 0.6581 0.5388 150.112 153.919 -0.23084 0.37869 1 50
130 200 3 0.7717 0.7767 156.436 156.478 -0.35684 0.52269 0 51
130 144 4 0.6953 0.7566 156.536 159.549 -0.37484 0.48069 1 50
130 133 5 0.6853 0.5388 153.855 153.919 -0.23084 0.37869 1 50
130 139 6 0.7217 0.7565 152.813 153.569 -0.32084 0.53469 1 50
130 144 7 0.7093 0.7562 155.522 158.885 -0.36884 0.48669 1 50
130 130 8 0.6352 0.5388 146.585 153.919 -0.23084 0.37869 1 50
130 165 9 0.7055 0.7471 160.664 160.809 -0.38084 0.46269 1 51
130 206 10 0.7253 0.7521 160.066 160.508 -0.38084 0.46869 1 51
130 132 11 0.6703 0.5388 150.239 153.919 -0.23084 0.37869 1 50
130 225 12 0.7497 0.7566 158.741 159.549 -0.37484 0.48069 0 50
130 147 13 0.6915 0.7515 157.42 159.841 -0.37484 0.47469 1 50
130 155 14 0.615 0.5388 156.903 153.919 -0.23084 0.37869 1 50
130 176 15 0.7104 0.7471 160.647 160.809 -0.38084 0.46269 1 51
130 132 16 0.6929 0.5388 154.53 153.919 -0.23084 0.37869 1 50
130 132 17 0.6982 0.5388 150.216 153.919 -0.23084 0.37869 1 50
130 129 18 0.7156 0.5388 146.484 153.919 -0.23084 0.37869 1 51
130 152 19 0.7012 0.7566 156.675 159.549 -0.37484 0.48069 1 50
130 225 20 0.7441 0.7521 160.527 160.508 -0.38084 0.46869 0 50
130 134 21 0.6476 0.5388 154.004 153.919 -0.23084 0.37869 1 50
130 133 22 0.6979 0.5388 149.505 153.919 -0.23084 0.37869 1 50
130 130 23 0.7246 0.5388 147.162 153.919 -0.23084 0.37869 1 51
130 133 24 0.6994 0.5388 149.018 153.919 -0.23084 0.37869 1 50
130 130 25 0.6789 0.5388 157.094 153.919 -0.23084 0.37869 1 50
130 212 26 0.7507 0.7614 157.542 158.601 -0.36884 0.49269 0 50
130 203 27 0.7281 0.7566 158.271 159.549 -0.37484 0.48069 1 50
130 131 28 0.642 0.5388 151.124 153.919 -0.23084 0.37869 1 50
130 132 29 0.6762 0.5388 150.031 153.919 -0.23084 0.37869 1 50
130 132 30 0.6759 0.5388 149.975 153.919 -0.23084 0.37869 1 50
130 149 31 0.7281 0.7515 152.251 153.152 -0.31484 0.53469 1 51
130 149 32 0.6246 0.6416 159.716 161.613 -0.33284 0.39069 1 50
130 133 33 0.689 0.5388 152.14 153.919 -0.23084 0.37869 1 50
130 163 34 0.7054 0.7515 157.21 159.841 -0.37484 0.47469 1 50
130 200 35 0.7226 0.7515 159.092 159.841 -0.37484 0.47469 1 50
130 168 36 0.7214 0.7562 156.211 158.885 -0.36884 0.48669 1 50
130 134 37 0.6591 0.5388 151.135 153.919 -0.23084 0.37869 1 50
130 156 38 0.7754 0.7743 150.612 151.543 -0.30884 0.56469 0 51
130 149 39 0.6208 0.5388 156.546 153.919 -0.23084 0.37869 1 50
130 134 40 0.7134 0.5388 153.469 153.919 -0.23084 0.37869 1 51
130 183 41 0.7286 0.7562 156.673 158.885 -0.36884 0.48669 1 50
130 176 42 0.7711 0.7805 147.583 147.692 -0.27284 0.60069 0 51
130 129 43 0.6508 0.5388 147.605 153.919 -0.23084 0.37869 1 50
130 162 44 0.6491 0.6523 160.538 161.675 -0.33884 0.39669 1 50
130 132 45 0.6715 0.5388 154.531 153.919 -0.23084 0.37869 1 50
130 147 46 0.752 0.7678 148.423 148.743 -0.27884 0.58269 1 51
130 193 47 0.718 0.7471 160.228 160.809 -0.38084 0.46269 1 51
130 153 48 0.6696 0.6679 160.41 161.388 -0.34484 0.40869 1 51
130 197 49 0.759 0.7769 154.497 155.184 -0.34484 0.53469 0 51
173 147 0 0.6227 0.6113 146.694 143.877 -0.18284 0.49269 0 50
173 160 1 0.6557 0.6519 151.575 151.644 -0.26084 0.47469 1 50
173 265 2 0.7436 0.7521 160.637 160.508 -0.38084 0.46869 0 51
173 266 3 0.7479 0.7521 160.886 160.508 -0.38084 0.46869 0 51
173 131 4 0.6927 0.5388 147.872 153.919 -0.23084 0.37869 1 51
173 172 5 0.6337 0.6465 158.965 161.257 -0.33284 0.39669 1 50
173 275 6 0.7608 0.7572 160.513 160.212 -0.38084 0.47469 0 51
173 142 7 0.635 0.5388 156.315 153.919 -0.23084 0.37869 1 50
173 131 8 0.7047 0.5388 146.957 153.919 -0.23084 0.37869 1 51
173 262 9 0.7739 0.7669 158.58 158.976 -0.37484 0.49269 0 51
173 158 10 0.6416 0.647 150.552 151.145 -0.25484 0.47469 0 50
173 140 11 0.6735 0.6623 151.987 151.864 -0.26684 0.48069 1 50
173 131 12 0.6547 0.5388 147.846 153.919 -0.23084 0.37869 1 51
173 133 13 0.6456 0.6232 146.863 143.451 -0.18284 0.50469 0 50
173 132 14 0.6641 0.5388 147.637 153.919 -0.23084 0.37869 1 51
173 129 15 0.6163 0.5388 147.646 153.919 -0.23084 0.37869 1 51
173 140 16 0.6824 0.7515 156.275 159.841 -0.37484 0.47469 1 50
173 131 17 0.6778 0.5388 150.56 153.919 -0.23084 0.37869 1 51
173 195 18 0.7345 0.7565 153.166 153.569 -0.32084 0.53469 1 51
173 158 19 0.6618 0.6512 152.759 152.413 -0.26684 0.46869 1 50
173 131 20 0.6689 0.5388 148.591 153.919 -0.23084 0.37869 1 50
173 132 21 0.684 0.5388 151.426 153.919 -0.23084 0.37869 1 51
173 146 22 0.7034 0.7223 149.363 150.528 -0.27884 0.53469 1 51
173 168 23 0.718 0.7416 152.2 152.3 -0.30284 0.53469 0 51
173 134 24 0.6606 0.5388 156.62 153.919 -0.23084 0.37869 1 51
173 153 25 0.7298 0.7518 147.394 148.724 -0.27284 0.57069 0 51
173 134 26 0.6609 0.6662 157.392 159.133 -0.32684 0.42669 1 50
173 135 27 0.6947 0.5388 153.017 153.919 -0.23084 0.37869 1 51
173 132 28 0.6503 0.5388 148.295 153.919 -0.23084 0.37869 1 51
173 161 29 0.6517 0.6457 153.355 152.695 -0.26684 0.46269 1 50
173 220 30 0.7653 0.773 151.903 152.839 -0.32084 0.55269 0 51
173 203 31 0.6556 0.6572 160.674 161.324 -0.33884 0.40269 1 51
173 171 32 0.6564 0.6616 158.826 160.221 -0.33284 0.41469 1 51
173 136 33 0.6174 0.6352 151.887 152.483 -0.26084 0.45669 1 50
173 132 34 0.683 0.5388 151.089 153.919 -0.23084 0.37869 1 51
173 177 35 0.7448 0.7646 147.374 147.651 -0.26684 0.58869 0 51
173 131 36 0.6732 0.5388 150.354 153.919 -0.23084 0.37869 1 50
173 175 37 0.6198 0.6416 159.462 161.613 -0.33284 0.39069 1 50
173 268 38 0.7485 0.7566 159.474 159.549 -0.37484 0.48069 0 51
173 140 39 0.6275 0.5393 153.876 152.988 -0.22484 0.38469 1 50
173 138 40 0.7163 0.7346 147.442 149.382 -0.27284 0.55269 0 51
173 193 41 0.6559 0.6572 160.028 161.324 -0.33884 0.40269 0 51
173 230 42 0.7733 0.778 152.588 153.247 -0.32684 0.55269 0 51
173 165 43 0.7215 0.7609 154.533 155.961 -0.34484 0.51669 1 51
173 250 44 0.7355 0.7566 158.443 159.549 -0.37484 0.48069 0 51
173 158 45 0.6506 0.6616 158.213 160.221 -0.33284 0.41469 1 50
173 182 46 0.6126 0.6317 160.27 162.342 -0.33284 0.37869 1 50
173 208 47 0.7576 0.7583 150.997 151.583 -0.30284 0.55269 0 51
173 141 48 0.6195 0.6359 151.715 151.695 -0.25484 0.46269 0 50
173 212 49 0.77 0.7761 146.83 147.252 -0.26684 0.60069 0 51
217 278 0 0.7261 0.7465 159.08 160.138 -0.37484 0.46869 0 51
217 229 1 0.7301 0.7431 150.248 150.951 -0.29084 0.54669 0 51
217 182 2 0.6231 0.6319 149.631 150.391 -0.24284 0.46869 0 50
217 237 3 0.7378 0.7608 155.369 156.621 -0.35084 0.51069 0 51
217 236 4 0.7366 0.7561 153.729 154.233 -0.32684 0.52869 0 51
217 169 5 0.7132 0.7507 153.955 154.488 -0.32684 0.52269 0 51
217 244 6 0.7586 0.7591 150.476 150.924 -0.29684 0.55869 0 51
217 286 7 0.7704 0.7768 155.78 155.831 -0.35084 0.52869 0 51
217 228 8 0.7484 0.7553 149.194 149.829 -0.28484 0.56469 0 51
217 157 9 0.6739 0.6639 149.67 150.355 -0.25484 0.49269 0 51
217 184 10 0.6714 0.6567 152.22 152.136 -0.26684 0.47469 1 50
217 217 11 0.6688 0.6672 159.392 160.638 -0.33884 0.41469 0 51
217 269 12 0.7205 0.7465 159.544 160.138 -0.37484 0.46869 0 51
217 151 13 0.6301 0.6443 155.99 155.809 -0.29084 0.43869 1 50
217 261 14 0.7696 0.773 151.999 152.839 -0.32084 0.55269 0 51
217 242 15 0.6614 0.6572 160.696 161.324 -0.33884 0.40269 0 51
217 143 16 0.685 0.7016 148.747 150.08 -0.26684 0.52269 0 51
217 245 17 0.7442 0.7479 150.948 151.388 -0.29684 0.54669 0 51
217 189 18 0.7041 0.7215 150.452 151.221 -0.28484 0.52869 0 51
217 168 19 0.6163 0.5388 157.263 153.919 -0.23084 0.37869 1 51
217 181 20 0.7036 0.7223 149.243 150.528 -0.27884 0.53469 0 51
217 172 21 0.6136 0.5388 158.029 153.919 -0.23084 0.37869 1 51
217 212 22 0.7429 0.7601 146.391 147.202 -0.26084 0.58869 0 51
217 189 23 0.646 0.6479 149.663 150.373 -0.24884 0.48069 0 50
217 135 24 0.6983 0.5388 153.601 153.919 -0.23084 0.37869 1 51
217 185 25 0.6694 0.6574 151.568 151.374 -0.26084 0.48069 0 50
217 147 26 0.6921 0.6783 152.603 151.812 -0.27284 0.49269 1 51
217 186 27 0.6444 0.656 157.847 159.797 -0.32684 0.41469 1 50
217 169 28 0.6988 0.7159 151.602 151.466 -0.28484 0.52269 1 51
217 257 29 0.768 0.768 151.788 152.426 -0.31484 0.55269 0 51
217 293 30 0.7337 0.7471 160.667 160.809 -0.38084 0.46269 0 51
217 258 31 0.7781 0.7819 146.47 147.057 -0.26684 0.60669 0 51
217 265 32 0.7707 0.773 152.325 152.839 -0.32084 0.55269 0 51
217 239 33 0.6253 0.6366 160.784 161.975 -0.33284 0.38469 0 51
217 139 34 0.667 0.6615 147.824 148.347 -0.23684 0.50469 0 51
217 287 35 0.7714 0.7769 155.261 155.184 -0.34484 0.53469 0 51
217 255 36 0.7572 0.7631 151.538 152.007 -0.30884 0.55269 0 51
217 251 37 0.7723 0.7819 146.154 147.057 -0.26684 0.60669 0 51
217 196 38 0.7274 0.7403 147.936 149.159 -0.27284 0.55869 0 51
217 163 39 0.619 0.6346 153.563 153.273 -0.26684 0.45069 1 50
217 187 40 0.6538 0.6479 149.854 150.373 -0.24884 0.48069 0 50
217 188 41 0.6597 0.6502 154.638 153.955 -0.27884 0.45669 1 50
217 253 42 0.7679 0.7761 147.068 147.252 -0.26684 0.60069 0 51
217 173 43 0.6753 0.6768 157.796 159.232 -0.33284 0.43269 1 51
217 151 44 0.6825 0.6607 155.038 154.139 -0.28484 0.46269 1 51
217 193 45 0.6662 0.6567 152.262 152.136 -0.26684 0.47469 1 50
217 215 46 0.7282 0.7608 155.206 156.621 -0.35084 0.51069 0 51
217 237 47 0.7581 0.76 149.729 150.266 -0.29084 0.56469 0 51
217 176 48 0.6424 0.6254 146.569 144.809 -0.19484 0.49869 0 51
217 255 49 0.7167 0.7465 158.709 160.138 -0.37484 0.46869 0 51
260 281 0 0.7258 0.7507 157.037 158.505 -0.36284 0.48669 0 51
260 267 1 0.7259 0.7367 151.511 151.866 -0.29684 0.53469 0 51
260 328 2 0.7682 0.7769 154.966 155.184 -0.34484 0.53469 0 51
260 316 3 0.7592 0.767 153.557 153.733 -0.32684 0.54069 0 51
260 289 4 0.6459 0.6523 160.813 161.675 -0.33884 0.39669 0 51
260 214 5 0.6168 0.6303 151.762 151.977 -0.25484 0.45669 0 50
260 230 6 0.6164 0.6094 146.306 144.682 -0.18884 0.48669 -0 51
260 223 7 0.6452 0.6432 149.081 149.861 -0.24284 0.48069 0 51
260 323 8 0.762 0.7662 156.816 157.01 -0.35684 0.51069 0 51
260 356 9 0.7713 0.7673 159.903 159.63 -0.38084 0.48669 0 51
260 221 10 0.7192 0.7502 155.065 156.497 -0.34484 0.50469 0 51
260 177 11 0.7041 0.7504 154.907 157.836 -0.35684 0.49269 0 51
260 285 12 0.7627 0.7647 150.614 150.697 -0.29684 0.56469 0 52
260 356 13 0.7707 0.7673 159.833 159.63 -0.38084 0.48669 0 51
260 198 14 0.7183 0.7326 146.513 147.564 -0.25484 0.56469 0 51
260 298 15 0.72 0.7409 158.621 159.762 -0.36884 0.46869 0 51
260 158 16 0.6748 0.6599 146.91 146.325 -0.21884 0.51669 0 51
260 305 17 0.7529 0.767 153.341 153.733 -0.32684 0.54069 0 51
260 327 18 0.7515 0.7614 157.48 158.601 -0.36884 0.49269 0 51
260 222 19 0.6564 0.6536 149.628 150.112 -0.24884 0.48669 0 51
260 202 20 0.6222 0.6397 157.587 159.266 -0.31484 0.40869 0 51
260 198 21 0.6241 0.6393 154.627 154.551 -0.27884 0.44469 1 50
260 234 22 0.7157 0.7289 148.791 149.608 -0.27284 0.54669 0 51
260 309 23 0.7226 0.7364 160.394 160.743 -0.37484 0.45669 0 51
260 228 24 0.6674 0.6574 151.918 151.374 -0.26084 0.48069 0 50
260 179 25 0.6226 0.6337 156.049 156.441 -0.29084 0.42669 0 50
260 206 26 0.6149 0.6303 152.025 151.977 -0.25484 0.45669 0 50
260 169 27 0.6951 0.7095 146.955 148.435 -0.25484 0.54069 0 51
260 355 28 0.7732 0.7673 159.761 159.63 -0.38084 0.48669 0 51
260 208 29 0.6412 0.6497 157.14 157.821 -0.30884 0.42669 0 51
260 240 30 0.642 0.6423 150.295 150.638 -0.24884 0.47469 0 50
260 210 31 0.6633 0.655 156.12 155.198 -0.29084 0.45069 1 51
260 226 32 0.7265 0.7415 147.406 148.487 -0.26684 0.56469 0 51
260 187 33 0.684 0.6817 157.309 158.175 -0.32684 0.44469 1 51
260 330 34 0.7374 0.7511 158.536 159.174 -0.36884 0.48069 0 51
260 185 35 0.685 0.6969 148.828 149.606 -0.26084 0.52269 0 51
260 280 36 0.7608 0.7656 149.846 150.044 -0.29084 0.57069 0 52
260 267 37 0.6431 0.6515 159.619 160.907 -0.33284 0.40269 0 51
260 171 38 0.7006 0.7152 146.632 148.212 -0.25484 0.54669 0 51
260 221 39 0.6196 0.6359 151.162 151.695 -0.25484 0.46269 0 50
260 210 40 0.6964 0.7119 149.733 150.308 -0.27284 0.52869 0 51
260 192 41 0.7125 0.7312 146.648 148.243 -0.26084 0.55869 0 51
260 278 42 0.7155 0.746 158 159.466 -0.36884 0.47469 0 51
260 193 43 0.6214 0.6342 154.528 154.064 -0.27284 0.44469 0 50
260 228 44 0.6511 0.6479 149.669 150.373 -0.24884 0.48069 0 50
260 279 45 0.7163 0.746 157.918 159.466 -0.36884 0.47469 0 51
260 206 46 0.6988 0.7404 156.702 159.084 -0.36284 0.47469 1 51
260 209 47 0.6145 0.6272 149.148 149.867 -0.23684 0.46869 0 51
260 285 48 0.6499 0.6523 160.667 161.675 -0.33884 0.39669 0 51
260 332 49 0.7407 0.7511 158.331 159.174 -0.36884 0.48069 0 51
304 314 0 0.7392 0.7558 154.68 154.897 -0.33284 0.52269 0 52
304 219 1 0.6909 0.6721 153.755 152.823 -0.27884 0.48069 0 51
304 316 2 0.6553 0.6565 160.056 160.561 -0.33284 0.40869 0 51
304 244 3 0.6182 0.6346 153.01 153.273 -0.26684 0.45069 0 50
304 271 4 0.6679 0.6567 152.839 152.136 -0.26684 0.47469 0 51
304 359 5 0.7644 0.767 153.241 153.733 -0.32684 0.54069 0 52
304 264 6 0.7057 0.7176 149.059 150.071 -0.27284 0.53469 0 51
304 261 7 0.6494 0.6499 155.49 154.728 -0.28484 0.45069 0 51
304 330 8 0.7438 0.7527 151.376 151.819 -0.30284 0.54669 0 52
304 235 9 0.7001 0.7404 156.727 159.084 -0.36284 0.47469 1 52
304 348 10 0.7585 0.7625 152.333 152.664 -0.31484 0.54669 0 52
304 189 11 0.6896 0.6962 146.403 146.977 -0.23684 0.54069 0 51
304 379 12 0.7609 0.7665 157.719 158.321 -0.36884 0.49869 0 52
304 238 13 0.6917 0.7016 149.284 150.08 -0.26684 0.52269 0 51
304 290 14 0.6398 0.6509 158.968 160.137 -0.32684 0.40869 0 51
304 233 15 0.6947 0.6943 152.075 151.762 -0.27884 0.50469 0 51
304 227 16 0.6951 0.7083 147.984 149.137 -0.26084 0.53469 0 51
304 262 17 0.6745 0.6623 152.257 151.864 -0.26684 0.48069 0 51
304 298 18 0.706 0.7307 159.09 160.367 -0.36884 0.45669 0 52
304 354 19 0.7577 0.767 153.552 153.733 -0.32684 0.54069 0 52
304 248 20 0.6777 0.6611 154.066 153.38 -0.27884 0.46869 1 51
304 286 21 0.7186 0.7452 156.579 158.119 -0.35684 0.48669 0 52
304 301 22 0.6708 0.6723 159.647 160.303 -0.33884 0.42069 0 51
304 336 23 0.7464 0.757 152.707 152.906 -0.31484 0.54069 0 52
304 311 24 0.7289 0.7423 151.257 151.625 -0.29684 0.54069 0 52
304 301 25 0.701 0.71 160.468 160.922 -0.36284 0.43869 0 52
304 272 26 0.6634 0.6556 154.119 153.665 -0.27884 0.46269 0 51
304 211 27 0.6912 0.6716 154.641 153.569 -0.28484 0.47469 1 51
304 214 28 0.6204 0.6337 156.055 156.441 -0.29084 0.42669 0 51
304 335 29 0.7602 0.7583 151.25 151.583 -0.30284 0.55269 0 52
304 323 30 0.7433 0.7487 150.4 150.719 -0.29084 0.55269 0 52
304 341 31 0.7751 0.7805 147.227 147.692 -0.27284 0.60069 0 51
304 310 32 0.6871 0.6836 160.882 161.115 -0.35084 0.42069 0 52
304 395 33 0.7605 0.7578 161.034 160.873 -0.38684 0.46869 0 51
304 213 34 0.6947 0.7095 147.321 148.435 -0.25484 0.54069 0 51
304 299 35 0.7466 0.7601 146.667 147.202 -0.26084 0.58869 0 52
304 314 36 0.7094 0.7307 159.728 160.367 -0.36884 0.45669 0 52
304 256 37 0.6226 0.622 147.158 146.391 -0.20684 0.48669 -0 51
304 246 38 0.6164 0.6297 152.23 152.772 -0.26084 0.45069 0 50
304 352 39 0.7574 0.762 152.943 153.322 -0.32084 0.54069 0 52
304 320 40 0.7598 0.7678 148.532 148.743 -0.27884 0.58269 0 52
304 324 41 0.713 0.7307 159.648 160.367 -0.36884 0.45669 0 52
304 256 42 0.647 0.6496 155.881 155.501 -0.29084 0.44469 0 51
304 305 43 0.7241 0.7319 151.291 151.426 -0.29084 0.53469 0 51
304 264 44 0.6393 0.6447 154.737 154.25 -0.27884 0.45069 0 50
304 227 45 0.6585 0.6497 146.893 146.017 -0.21284 0.51069 -0 51
304 245 46 0.6776 0.6687 150.677 150.848 -0.26084 0.49269 0 51
304 371 47 0.7725 0.7769 155.348 155.184 -0.34484 0.53469 0 52
304 268 48 0.6493 0.6499 154.959 154.728 -0.28484 0.45069 0 51
304 215 49 0.6684 0.6514 146.39 145.258 -0.20684 0.51669 0 51
347 274 0 0.6793 0.6752 149.583 149.851 -0.25484 0.50469 0 51
347 292 1 0.708 0.7152 152.49 152.166 -0.29084 0.51669 0 52
347 371 2 0.7261 0.7456 157.786 158.793 -0.36284 0.48069 0 52
347 317 3 0.6504 0.6502 154.495 153.955 -0.27884 0.45669 0 51
347 347 4 0.7473 0.7506 148.873 149.387 -0.27884 0.56469 -0 52
347 428 5 0.7465 0.7566 158.829 159.549 -0.37484 0.48069 0 52
347 259 6 0.6958 0.7191 157.109 158.898 -0.35084 0.46269 1 52
347 340 7 0.7215 0.7327 150.497 150.743 -0.28484 0.54069 0 52
347 247 8 0.6144 0.6285 154.921 155.166 -0.27884 0.43269 0 51
347 357 9 0.7505 0.7553 149.585 149.829 -0.28484 0.56469 -0 52
347 346 10 0.7293 0.7504 156.47 157.836 -0.35684 0.49269 0 52
347 279 11 0.654 0.6439 146.605 146.243 -0.21284 0.50469 -0 52
347 310 12 0.721 0.7355 153.465 153.228 -0.30884 0.52269 0 52
347 321 13 0.6431 0.6504 158.475 159.366 -0.32084 0.41469 0 51
347 232 14 0.6937 0.6763 155.589 154.775 -0.29684 0.46869 1 52
347 286 15 0.6818 0.6734 151.403 151.333 -0.26684 0.49269 0 51
347 322 16 0.6618 0.6512 152.728 152.413 -0.26684 0.46869 0 51
347 381 17 0.7571 0.7631 151.638 152.007 -0.30884 0.55269 0 52
347 409 18 0.7581 0.7663 157.176 157.665 -0.36284 0.50469 0 52
347 372 19 0.7662 0.7718 146.723 146.807 -0.26084 0.60069 -0 52
347 297 20 0.6792 0.682 158.145 158.912 -0.33284 0.43869 0 52
347 294 21 0.6642 0.6592 149.662 149.856 -0.24884 0.49269 0 51
347 390 22 0.7541 0.7662 155.242 155.698 -0.34484 0.52269 0 52
347 315 23 0.674 0.6717 158.663 159.557 -0.33284 0.42669 0 52
347 314 24 0.6666 0.6623 151.844 151.864 -0.26684 0.48069 0 51
347 289 25 0.6448 0.638 146.801 146.473 -0.21284 0.49869 -0 51
347 261 26 0.7049 0.7145 153.327 152.867 -0.29684 0.51069 0 52
347 299 27 0.6739 0.6679 151.407 151.597 -0.26684 0.48669 0 51
347 302 28 0.6275 0.622 146.833 146.391 -0.20684 0.48669 -0 51
347 329 29 0.6468 0.647 150.908 151.145 -0.25484 0.47469 0 51
347 308 30 0.7282 0.7415 147.519 148.487 -0.26684 0.56469 0 52
347 239 31 0.7008 0.6931 153.927 153.207 -0.29084 0.49269 0 52
347 398 32 0.7588 0.7662 155.399 155.698 -0.34484 0.52269 0 52
347 331 33 0.6365 0.6458 159.122 160.482 -0.32684 0.40269 0 51
347 381 34 0.7769 0.7793 148.213 148.33 -0.27884 0.59469 -0 52
347 273 35 0.7072 0.7401 156.302 158.406 -0.35684 0.48069 0 52
347 399 36 0.7748 0.7725 153.115 153.488 -0.32684 0.54669 -0 53
347 290 37 0.6808 0.6679 151.981 151.597 -0.26684 0.48669 0 51
347 261 38 0.6892 0.698 148.034 148.891 -0.25484 0.52869 0 52
347 291 39 0.6882 0.6875 158.304 159.327 -0.33884 0.43869 0 52
347 264 40 0.6873 0.6721 153.892 152.823 -0.27884 0.48069 0 52
347 316 41 0.7102 0.7223 149.657 150.528 -0.27884 0.53469 0 52
347 425 42 0.754 0.7614 158.251 158.601 -0.36884 0.49269 0 52
347 231 43 0.6852 0.6817 146.322 146.187 -0.22484 0.53469 0 52
347 333 44 0.6501 0.6463 152.111 151.919 -0.26084 0.46869 0 51
347 271 45 0.6787 0.6708 156.904 157.312 -0.31484 0.44469 0 52
347 299 46 0.6758 0.6623 152.304 151.864 -0.26684 0.48069 0 51
347 369 47 0.7707 0.7724 149.399 149.179 -0.28484 0.58269 0 52
347 377 48 0.7624 0.7631 151.38 152.007 -0.30884 0.55269 0 52
347 370 49 0.7162 0.7307 159.619 160.367 -0.36884 0.45669 0 52
390 347 0 0.6478 0.65 157.83 158.594 -0.31484 0.42069 0 52
390 376 1 0.6752 0.6723 159.528 160.303 -0.33884 0.42069 0 52
390 276 2 0.6926 0.6866 156.46 156.402 -0.31484 0.46269 0 53
390 277 3 0.6958 0.7063 146.538 147.251 -0.24284 0.54669 -0 52
390 340 4 0.6769 0.6679 151.883 151.597 -0.26684 0.48669 0 52
390 337 5 0.6382 0.6352 148.064 148.031 -0.22484 0.48669 -0 51
390 327 6 0.6816 0.6734 151.333 151.333 -0.26684 0.49269 0 52
390 387 7 0.7373 0.7556 155.009 155.562 -0.33884 0.51669 0 53
390 460 8 0.7489 0.7562 158.103 158.885 -0.36884 0.48669 0 52
390 299 9 0.6776 0.682 148.287 148.873 -0.24884 0.51669 -0 52
390 338 10 0.6338 0.6308 147.709 147.492 -0.21884 0.48669 -0 52
390 374 11 0.7433 0.7543 146.78 147.404 -0.26084 0.58269 -0 52
390 383 12 0.7359 0.7504 154.663 155.158 -0.33284 0.51669 0 53
390 270 13 0.7034 0.7086 154.354 153.835 -0.30284 0.49869 0 53
390 337 14 0.6745 0.6687 150.928 150.848 -0.26084 0.49269 0 51
390 456 15 0.7628 0.7663 157.221 157.665 -0.36284 0.50469 -0 53
390 297 16 0.6213 0.6337 156.501 157.234 -0.29684 0.42069 0 51
390 469 17 0.7731 0.772 158.381 158.695 -0.37484 0.49869 -0 52
390 348 18 0.714 0.7233 148.716 149.837 -0.27284 0.54069 -0 52
390 387 19 0.6951 0.6943 160.913 161.181 -0.35684 0.42669 0 53
390 328 20 0.6387 0.6443 156.443 156.589 -0.29684 0.43269 0 51
390 342 21 0.6478 0.6443 148.797 149.086 -0.23684 0.48669 -0 51
390 332 22 0.6471 0.6443 148.336 149.086 -0.23684 0.48669 -0 52
390 321 23 0.6265 0.6339 154.751 154.856 -0.27884 0.43869 0 51
390 363 24 0.7282 0.7503 155.843 157.166 -0.35084 0.49869 0 53
390 383 25 0.7397 0.745 148.89 149.608 -0.27884 0.55869 -0 52
390 409 26 0.769 0.7718 146.112 146.807 -0.26084 0.60069 -0 52
390 406 27 0.7751 0.776 150.301 150.253 -0.29684 0.57669 -0 53
390 420 28 0.748 0.7527 151.845 151.819 -0.30284 0.54669 -0 53
390 338 29 0.6437 0.65 157.553 158.594 -0.31484 0.42069 0 52
390 348 30 0.6593 0.6536 150.028 150.112 -0.24884 0.48669 -0 51
390 321 31 0.6657 0.6603 148.906 149.1 -0.24284 0.49869 -0 52
390 321 32 0.6802 0.6799 150.086 150.339 -0.26084 0.50469 -0 52
390 306 33 0.6839 0.6814 157.167 157.438 -0.32084 0.45069 0 52
390 297 34 0.6696 0.6615 146.074 145.578 -0.21284 0.52269 -0 52
390 337 35 0.6414 0.6337 146.435 145.925 -0.20684 0.49869 -0 52
390 416 36 0.745 0.7479 151.292 151.388 -0.29684 0.54669 -0 53
390 321 37 0.6836 0.6721 153.159 152.823 -0.27884 0.48069 0 52
390 313 38 0.656 0.6526 147.282 147.309 -0.22484 0.50469 -0 52
390 348 39 0.6229 0.6303 151.779 151.977 -0.25484 0.45669 0 51
390 357 40 0.6347 0.6376 149.601 150.124 -0.24284 0.47469 -0 51
390 321 41 0.6735 0.6655 156.844 156.87 -0.30884 0.44469 0 52
390 373 42 0.6183 0.6301 159.953 160.756 -0.32084 0.39069 0 52
390 393 43 0.7312 0.7383 150.003 150.509 -0.28484 0.54669 -0 52
390 390 44 0.6152 0.6259 160.979 161.917 -0.32684 0.37869 0 52
390 297 45 0.7017 0.7108 147.036 147.735 -0.24884 0.54669 -0 52
390 331 46 0.6424 0.638 146.919 146.473 -0.21284 0.49869 -0 52
390 293 47 0.6857 0.6761 156.387 156.261 -0.30884 0.45669 0 52
390 337 48 0.6754 0.6765 157.962 158.49 -0.32684 0.43869 0 52
390 335 49 0.7153 0.725 153.279 153.05 -0.30284 0.51669 0 52
434 374 0 0.7178 0.73 153.628 153.483 -0.30884 0.51669 0 53
434 399 1 0.6422 0.6423 149.879 150.638 -0.24884 0.47469 -0 52
434 369 2 0.6451 0.641 147.425 147.786 -0.22484 0.49269 -0 52
434 463 3 0.7538 0.7527 151.571 151.819 -0.30284 0.54669 -0 53
434 393 4 0.71 0.7159 151.725 151.466 -0.28484 0.52269 0 53
434 389 5 0.7091 0.7207 151.845 151.915 -0.29084 0.52269 0 53
434 501 6 0.7383 0.7515 159.175 159.841 -0.37484 0.47469 0 53
434 338 7 0.6892 0.6869 157.194 157.866 -0.32684 0.45069 0 53
434 404 8 0.6605 0.6574 151.561 151.374 -0.26084 0.48069 -0 51
434 385 9 0.6479 0.6496 155.585 155.501 -0.29084 0.44469 0 52
434 521 10 0.7525 0.7521 160.84 160.508 -0.38084 0.46869 0 53
434 440 11 0.732 0.7416 152.113 152.3 -0.30284 0.53469 -0 53
434 426 12 0.6514 0.656 159.397 159.797 -0.32684 0.41469 -0 52
434 517 13 0.7759 0.7678 160.578 160.283 -0.38684 0.48069 -0 52
434 356 14 0.7024 0.7191 157.435 158.898 -0.35084 0.46269 0 53
434 433 15 0.6721 0.6723 160.064 160.303 -0.33884 0.42069 0 53
434 387 16 0.7099 0.7186 148.872 149.376 -0.26684 0.54069 -0 53
434 452 17 0.6449 0.6465 160.642 161.257 -0.33284 0.39669 -0 53
434 385 18 0.6496 0.6496 155.808 155.501 -0.29084 0.44469 0 52
434 395 19 0.6528 0.6499 154.932 154.728 -0.28484 0.45069 0 52
434 446 20 0.7454 0.7487 150.141 150.719 -0.29084 0.55269 -0 53
434 384 21 0.642 0.65 157.744 158.594 -0.31484 0.42069 0 52
434 316 22 0.6807 0.6758 146.275 146.404 -0.22484 0.52869 -0 53
434 443 23 0.6372 0.6465 160.402 161.257 -0.33284 0.39669 -0 52
434 449 24 0.6589 0.6622 160.516 160.978 -0.33884 0.40869 0 53
434 378 25 0.6681 0.6604 155.357 154.899 -0.29084 0.45669 0 52
434 502 26 0.7456 0.7562 158.491 158.885 -0.36884 0.48669 0 53
434 369 27 0.6718 0.6696 149.803 150.101 -0.25484 0.49869 -0 52
434 439 28 0.6817 0.6836 160.927 161.115 -0.35084 0.42069 0 53
434 355 29 0.6975 0.7083 148.159 149.137 -0.26084 0.53469 -0 52
434 423 30 0.7359 0.7503 155.34 155.827 -0.33884 0.51069 0 53
434 316 31 0.6821 0.6817 146.365 146.187 -0.22484 0.53469 -0 53
434 397 32 0.6181 0.6245 159.308 160.315 -0.31484 0.39069 0 52
434 436 33 0.7369 0.7503 156.296 157.166 -0.35084 0.49869 0 53
434 416 34 0.7213 0.728 149.587 150.293 -0.27884 0.54069 -0 53
434 375 35 0.6333 0.6393 154.981 154.551 -0.27884 0.44469 0 51
434 364 36 0.6759 0.6708 157.35 157.312 -0.31484 0.44469 0 53
434 390 37 0.6332 0.6397 153.975 153.766 -0.27284 0.45069 0 51
434 360 38 0.6272 0.6339 157.405 158.027 -0.30284 0.41469 0 52
434 369 39 0.6201 0.6297 153.019 152.772 -0.26084 0.45069 0 51
434 349 40 0.6787 0.6809 148.94 149.605 -0.25484 0.51069 -0 52
434 411 41 0.6128 0.6251 160.245 161.117 -0.32084 0.38469 0 52
434 446 42 0.7419 0.751 153.908 153.82 -0.32084 0.52869 -0 53
434 371 43 0.614 0.6192 148.166 147.989 -0.21884 0.47469 -0 52
434 372 44 0.7126 0.7201 153.05 152.611 -0.29684 0.51669 0 53
434 389 45 0.7057 0.7176 149.444 150.071 -0.27284 0.53469 -0 52
434 354 46 0.7081 0.7152 147.376 148.212 -0.25484 0.54669 -0 53
434 435 47 0.6317 0.6358 160.279 161.188 -0.32684 0.39069 -0 52
434 350 48 0.7171 0.7347 154.556 154.594 -0.32084 0.51069 0 53
434 392 49 0.6369 0.6449 158.283 158.927 -0.31484 0.41469 -0 52
477 397 0 0.6839 0.6721 153.55 152.823 -0.27884 0.48069 0 53
477 376 1 0.7034 0.709 153.468 153.127 -0.29684 0.50469 0 53
477 494 2 0.7642 0.7678 148.498 148.743 -0.27884 0.58269 -0 54
477 375 3 0.6868 0.6935 147.677 148.407 -0.24884 0.52869 -0 53
477 571 4 0.7643 0.7622 160.216 159.919 -0.38084 0.48069 -0 53
477 432 5 0.7078 0.7159 151.597 151.466 -0.28484 0.52269 -0 53
477 444 6 0.6611 0.6561 153.504 152.9 -0.27284 0.46869 0 52
477 490 7 0.7607 0.7633 148.091 148.302 -0.27284 0.58269 -0 54
477 353 8 0.6985 0.6926 154.421 153.932 -0.29684 0.48669 0 54
477 420 9 0.7207 0.7312 147.704 148.243 -0.26084 0.55869 -0 53
477 371 10 0.6871 0.6763 155.484 154.775 -0.29684 0.46869 0 53
477 444 11 0.7289 0.7358 148.139 148.704 -0.26684 0.55869 -0 53
477 450 12 0.635 0.6359 151.412 151.695 -0.25484 0.46269 -0 52
477 402 13 0.6747 0.6708 156.653 156.563 -0.30884 0.45069 0 53
477 416 14 0.6408 0.6366 147.251 147.25 -0.21884 0.49269 -1 53
477 449 15 0.6144 0.6251 160.013 161.117 -0.32084 0.38469 -0 53
477 366 16 0.6132 0.6231 156.719 157.095 -0.29084 0.41469 0 53
477 394 17 0.6794 0.6658 155.074 154.606 -0.29084 0.46269 0 53
477 478 18 0.6602 0.6616 159.84 160.221 -0.33284 0.41469 0 53
477 375 19 0.709 0.7141 153.919 153.569 -0.30284 0.50469 0 54
477 405 20 0.7176 0.7268 147.014 147.777 -0.25484 0.55869 -0 53
477 504 21 0.7677 0.7687 151.784 151.774 -0.30884 0.55869 -0 54
477 435 22 0.6252 0.6346 158.855 159.61 -0.31484 0.40269 -0 53
477 396 23 0.6228 0.6288 154.556 154.368 -0.27284 0.43869 0 52
477 465 24 0.6749 0.6723 159.672 160.303 -0.33884 0.42069 0 53
477 406 25 0.6738 0.6656 155.557 155.36 -0.29684 0.45669 0 53
477 403 26 0.6887 0.6839 151.624 151.551 -0.27284 0.49869 0 53
477 451 27 0.7067 0.7251 159.105 159.984 -0.36284 0.45669 0 54
477 422 28 0.6411 0.6337 146.213 145.925 -0.20684 0.49869 -1 53
477 543 29 0.7774 0.7772 154.557 154.538 -0.33884 0.54069 -0 54
477 482 30 0.7411 0.7555 155.733 156.227 -0.34484 0.51069 0 54
477 385 31 0.7004 0.7136 157.29 158.498 -0.34484 0.46269 0 54
477 398 32 0.6308 0.639 156.34 156.909 -0.29684 0.42669 0 52
477 480 33 0.7433 0.7496 149.595 150.052 -0.28484 0.55869 -0 54
477 437 34 0.6738 0.6713 158.53 158.809 -0.32684 0.43269 0 53
477 446 35 0.6393 0.6451 153.513 153.472 -0.27284 0.45669 -0 52
477 404 36 0.6835 0.6799 150.224 150.339 -0.26084 0.50469 -0 53
477 445 37 0.7392 0.75 146.702 146.947 -0.25484 0.58269 -0 53
477 457 38 0.7162 0.7215 151.078 151.221 -0.28484 0.52869 -0 53
477 408 39 0.6344 0.6391 155.767 155.336 -0.28484 0.43869 0 52
477 396 40 0.6923 0.7026 148.72 149.37 -0.26084 0.52869 -0 53
477 405 41 0.6858 0.679 151.247 151.074 -0.26684 0.49869 -0 53
477 456 42 0.7255 0.7452 156.879 158.119 -0.35684 0.48669 0 54
477 434 43 0.7196 0.7243 148.468 149.148 -0.26684 0.54669 -0 53
477 449 44 0.7135 0.7223 150.504 150.528 -0.27884 0.53469 -0 53
477 448 45 0.7306 0.7449 155.943 156.771 -0.34484 0.49869 0 54
477 435 46 0.7357 0.7456 146.376 146.484 -0.24884 0.58269 -0 53
477 492 47 0.658 0.6622 160.573 160.978 -0.33884 0.40869 -0 53
477 434 48 0.6152 0.6245 159.339 160.315 -0.31484 0.39069 0 53
477 370 49 0.7035 0.7122 146.448 147.037 -0.24284 0.55269 -0 53
520 496 0 0.6387 0.6414 150.977 151.417 -0.25484 0.46869 -0 52
520 478 1 0.7302 0.737 147.809 148.028 -0.26084 0.56469 -0 54
520 466 2 0.719 0.7255 147.977 148.461 -0.26084 0.55269 -0 54
520 440 3 0.655 0.6526 147.47 147.309 -0.22484 0.50469 -1 53
520 584 4 0.7739 0.7772 154.509 154.538 -0.33884 0.54069 -0 55
520 542 5 0.7571 0.7591 150.88 150.924 -0.29684 0.55869 -0 55
520 441 6 0.6875 0.6832 152.48 152.284 -0.27884 0.49269 0 53
520 534 7 0.7411 0.7465 152.95 152.729 -0.30884 0.53469 -0 54
520 512 8 0.7247 0.7271 150.901 150.98 -0.28484 0.53469 -0 54
520 502 9 0.6474 0.6463 151.98 151.919 -0.26084 0.46869 -0 52
520 481 10 0.7229 0.7355 153.246 153.228 -0.30884 0.52269 -0 54
520 418 11 0.7129 0.7242 154.336 154.435 -0.31484 0.50469 0 54
520 465 12 0.6713 0.663 151.04 151.109 -0.26084 0.48669 -0 53
520 483 13 0.6276 0.6359 151.569 151.695 -0.25484 0.46269 -0 52
520 610 14 0.7514 0.7572 159.962 160.212 -0.38084 0.47469 -0 54
520 457 15 0.6433 0.6443 156.987 157.369 -0.30284 0.42669 0 53
520 406 16 0.6807 0.6846 147.152 147.418 -0.23684 0.52869 -0 54
520 568 17 0.765 0.7675 153.096 153.079 -0.32084 0.54669 -0 55
520 440 18 0.6552 0.6526 147.433 147.309 -0.22484 0.50469 -1 53
520 404 19 0.7104 0.7188 154.628 154.704 -0.31484 0.49869 0 54
520 584 20 0.7757 0.7772 154.258 154.538 -0.33884 0.54069 -0 55
520 491 21 0.6632 0.6662 158.799 159.133 -0.32684 0.42669 0 54
520 485 22 0.654 0.6502 154.431 153.955 -0.27884 0.45669 -0 52
520 480 23 0.7224 0.73 148.516 148.924 -0.26684 0.55269 -0 54
520 475 24 0.6262 0.6352 152.41 152.483 -0.26084 0.45669 -0 52
520 410 25 0.6783 0.6788 147.202 147.644 -0.23684 0.52269 -0 54
520 541 26 0.7661 0.769 148.109 148.096 -0.27284 0.58869 -0 54
520 414 27 0.679 0.6788 147.483 147.644 -0.23684 0.52269 -0 53
520 450 28 0.6709 0.6655 156.273 156.115 -0.30284 0.45069 0 53
520 401 29 0.6902 0.6815 155.548 155.226 -0.30284 0.46869 0 54
520 504 30 0.7303 0.7393 149.222 149.833 -0.27884 0.55269 -0 54
520 501 31 0.7353 0.7453 154.347 154.748 -0.32684 0.51669 -0 55
520 555 32 0.7585 0.7576 152.017 152.244 -0.30884 0.54669 -0 55
520 532 33 0.7618 0.7667 149.152 149.393 -0.28484 0.57669 -0 54
520 520 34 0.7479 0.7506 149.096 149.387 -0.27884 0.56469 -0 54
520 454 35 0.7202 0.7397 156.27 157.048 -0.34484 0.49269 0 55
520 547 36 0.7507 0.761 154.944 155.3 -0.33884 0.52269 -0 54
520 454 37 0.6867 0.6871 158.196 158.597 -0.33284 0.44469 0 54
520 552 38 0.759 0.7631 151.867 152.007 -0.30884 0.55269 -0 55
520 440 39 0.6818 0.6721 153.684 152.823 -0.27884 0.48069 0 53
520 399 40 0.6943 0.6977 146.122 146.267 -0.23084 0.54669 -0 54
520 477 41 0.6347 0.6329 149.368 149.602 -0.23684 0.47469 -0 52
520 538 42 0.7515 0.7535 150.641 151.154 -0.29684 0.55269 -0 54
520 478 43 0.7085 0.7111 150.994 151.01 -0.27884 0.52269 -0 54
520 508 44 0.6421 0.6458 159.534 160.482 -0.32684 0.40269 -0 53
520 493 45 0.689 0.688 159.621 160.056 -0.34484 0.43269 0 54
520 529 46 0.759 0.7659 146.747 147.003 -0.26084 0.59469 -0 54
520 502 47 0.7306 0.7346 149.124 149.382 -0.27284 0.55269 -0 54
520 436 48 0.6152 0.6242 152.743 153.067 -0.26084 0.44469 -0 52
520 468 49 0.6645 0.6658 157.737 158.38 -0.32084 0.43269 -0 53
564 519 0 0.631 0.6346 153.011 153.273 -0.26684 0.45069 -0 52
564 518 1 0.6522 0.6552 157.952 158.266 -0.31484 0.42669 -0 54
564 505 2 0.6552 0.6549 156.271 155.965 -0.29684 0.44469 -0 53
564 558 3 0.6585 0.6616 159.634 160.221 -0.33284 0.41469 -0 54
564 507 4 0.6295 0.6264 146.886 146.945 -0.21284 0.48669 -1 54
564 574 5 0.7747 0.7751 150.891 150.897 -0.30284 0.57069 -0 56
564 469 6 0.665 0.6599 146.606 146.325 -0.21884 0.51669 -1 54
564 443 7 0.6834 0.6802 146.727 146.914 -0.23084 0.52869 -1 54
564 579 8 0.7541 0.7543 150.436 150.491 -0.29084 0.55869 -0 55
564 626 9 0.7634 0.7663 157.346 157.665 -0.36284 0.50469 -0 55
564 534 10 0.7268 0.7346 148.854 149.382 -0.27284 0.55269 -0 54
564 579 11 0.7696 0.7718 146.327 146.807 -0.26084 0.60069 -1 54
564 537 12 0.7226 0.7401 157.326 158.406 -0.35684 0.48069 -0 55
564 529 13 0.6317 0.6359 151.147 151.695 -0.25484 0.46269 -0 52
564 509 14 0.6494 0.6497 157.425 157.821 -0.30884 0.42669 -0 54
564 500 15 0.615 0.6239 158.825 159.511 -0.30884 0.39669 -0 54
564 559 16 0.7518 0.7575 148.144 148.511 -0.27284 0.57669 -0 55
564 496 17 0.694 0.7007 150.484 150.793 -0.27284 0.51669 -0 54
564 506 18 0.6632 0.6592 149.707 149.856 -0.24884 0.49269 -1 53
564 598 19 0.7551 0.7661 156.004 156.354 -0.35084 0.51669 -0 55
564 540 20 0.6504 0.6463 151.864 151.919 -0.26084 0.46869 -0 52
564 478 21 0.7013 0.7038 148.065 148.661 -0.25484 0.53469 -0 54
564 473 22 0.6227 0.6285 157.094 157.565 -0.29684 0.41469 -0 54
564 472 23 0.6124 0.6184 157.979 159.055 -0.30284 0.39669 -0 54
564 500 24 0.6752 0.671 157.72 158.061 -0.32084 0.43869 0 54
564 530 25 0.6391 0.6401 153.393 152.981 -0.26684 0.45669 -0 52
564 482 26 0.6775 0.6708 157.029 157.312 -0.31484 0.44469 0 54
564 533 27 0.6591 0.6567 151.901 152.136 -0.26684 0.47469 -0 53
564 495 28 0.6608 0.6603 149.038 149.1 -0.24284 0.49869 -1 53
564 534 29 0.6548 0.6506 153.052 153.184 -0.27284 0.46269 -0 53
564 539 30 0.6417 0.6407 151.976 152.199 -0.26084 0.46269 -0 52
564 634 31 0.741 0.7471 160.419 160.809 -0.38084 0.46269 -0 55
564 621 32 0.7784 0.7775 153.934 153.892 -0.33284 0.54669 -0 55
564 580 33 0.7634 0.7703 147.305 147.45 -0.26684 0.59469 -1 55
564 530 34 0.6378 0.6423 150.245 150.638 -0.24884 0.47469 -0 53
564 500 35 0.6231 0.6291 158.291 159.162 -0.30884 0.40269 -0 54
564 541 36 0.6407 0.6414 151.37 151.417 -0.25484 0.46869 -0 52
564 547 37 0.7377 0.7504 155.012 155.158 -0.33284 0.51669 -0 55
564 480 38 0.706 0.7095 147.762 148.435 -0.25484 0.54069 -0 54
564 474 39 0.7166 0.7296 154.176 154.171 -0.31484 0.51069 0 55
564 465 40 0.6897 0.6826 153.599 153.018 -0.28484 0.48669 0 54
564 625 41 0.778 0.7768 155.564 155.831 -0.35084 0.52869 -0 55
564 537 42 0.6442 0.647 150.843 151.145 -0.25484 0.47469 -1 53
564 629 43 0.7739 0.7715 157.446 157.393 -0.36284 0.51069 -0 55
564 493 44 0.7134 0.7294 157.069 158.304 -0.35084 0.47469 0 55
564 618 45 0.7412 0.7511 158.407 159.174 -0.36884 0.48069 -0 55
564 606 46 0.7289 0.7358 159.642 160.062 -0.36884 0.46269 -0 55
564 476 47 0.6257 0.6337 156.889 157.234 -0.29684 0.42069 -0 53
564 546 48 0.6739 0.6773 159.576 159.973 -0.33884 0.42669 -0 55
564 530 49 0.7123 0.7223 150.093 150.528 -0.27884 0.53469 -0 54
607 518 0 0.6254 0.6285 155.154 155.166 -0.27884 0.43269 -0 53
607 622 1 0.7544 0.7591 150.639 150.924 -0.29684 0.55869 -0 56
607 634 2 0.7476 0.752 152.28 152.485 -0.30884 0.54069 -0 56
607 625 3 0.767 0.769 147.8 148.096 -0.27284 0.58869 -1 55
607 547 4 0.6516 0.6496 156.166 156.274 -0.29684 0.43869 -0 54
607 563 5 0.6329 0.6346 153.312 153.273 -0.26684 0.45069 -0 53
607 577 6 0.649 0.647 150.841 151.145 -0.25484 0.47469 -1 53
607 605 7 0.7549 0.7601 147.199 147.202 -0.26084 0.58869 -1 55
607 620 8 0.7477 0.7556 155.152 155.562 -0.33884 0.51669 -0 56
607 500 9 0.6851 0.6763 155.251 154.775 -0.29684 0.46869 0 55
607 561 10 0.6299 0.6352 152.789 152.483 -0.26084 0.45669 -0 53
607 621 11 0.7682 0.7667 149.267 149.393 -0.28484 0.57669 -1 56
607 651 12 0.7584 0.7615 153.891 153.981 -0.32684 0.53469 -0 56
607 549 13 0.7051 0.7103 151.598 151.714 -0.28484 0.51669 -0 55
607 635 14 0.7351 0.7456 157.999 158.793 -0.36284 0.48069 -0 56
607 482 15 0.6898 0.6763 155.23 154.775 -0.29684 0.46869 0 55
607 583 16 0.7249 0.7336 149.539 150.061 -0.27884 0.54669 -0 55
607 556 17 0.6694 0.663 151.247 151.109 -0.26084 0.48669 -0 54
607 562 18 0.6598 0.6553 154.743 154.431 -0.28484 0.45669 -0 54
607 549 19 0.6915 0.6982 158.754 159.419 -0.34484 0.44469 -0 56
607 531 20 0.7185 0.7268 147.1 147.777 -0.25484 0.55869 -0 55
607 549 21 0.6672 0.6639 150.097 150.355 -0.25484 0.49269 -0 54
607 566 22 0.6708 0.6713 158.535 158.809 -0.32684 0.43269 -0 55
607 586 23 0.7303 0.745 156.865 157.445 -0.35084 0.49269 -0 56
607 509 24 0.6661 0.6615 146.145 145.578 -0.21284 0.52269 -1 55
607 627 25 0.7448 0.7515 153.098 153.152 -0.31484 0.53469 -0 56
607 540 26 0.6276 0.6342 154.166 154.064 -0.27284 0.44469 -0 53
607 620 27 0.7717 0.7703 150.608 150.473 -0.29684 0.57069 -0 56
607 645 28 0.7771 0.773 152.69 152.839 -0.32084 0.55269 -0 56
607 596 29 0.7217 0.7353 158.279 159.38 -0.36284 0.46869 0 56
607 537 30 0.7245 0.7396 155.555 156.369 -0.33884 0.49869 -0 56
607 551 31 0.6588 0.655 155.702 155.198 -0.29084 0.45069 -0 54
607 692 32 0.772 0.7673 159.67 159.63 -0.38084 0.48669 -1 55
607 696 33 0.7593 0.7572 160.529 160.212 -0.38084 0.47469 -0 55
607 562 34 0.7101 0.7159 151.627 151.466 -0.28484 0.52269 -0 55
607 624 35 0.7422 0.7423 151.497 151.625 -0.29684 0.54069 -0 56
607 546 36 0.6539 0.6549 156.911 156.732 -0.30284 0.43869 -0 54
607 565 37 0.6326 0.6319 150.162 150.391 -0.24284 0.46869 -1 53
607 693 38 0.7554 0.7572 159.81 160.212 -0.38084 0.47469 -0 55
607 612 39 0.7585 0.7601 147.121 147.202 -0.26084 0.58869 -1 55
607 519 40 0.6838 0.6866 148.985 149.363 -0.25484 0.51669 -1 54
607 579 41 0.6586 0.6567 152.148 152.136 -0.26684 0.47469 -0 53
607 548 42 0.6359 0.6337 146.481 145.925 -0.20684 0.49869 -1 54
607 533 43 0.6768 0.6762 157.419 157.747 -0.32084 0.44469 0 55
607 532 44 0.6982 0.7026 148.817 149.37 -0.26084 0.52869 -0 55
607 498 45 0.6131 0.6237 153.887 153.871 -0.26684 0.43869 -0 53
607 568 46 0.7091 0.7167 150.649 150.767 -0.27884 0.52869 -0 55
607 650 47 0.7459 0.7559 157.58 158.221 -0.36284 0.49269 -0 56
607 618 48 0.7628 0.7621 148.952 148.955 -0.27884 0.57669 -1 56
607 537 49 0.6661 0.6655 156.297 156.115 -0.30284 0.45069 -0 54
651 648 0 0.6721 0.6672 160.388 160.638 -0.33884 0.41469 -0 56
651 583 1 0.6978 0.7063 150.323 150.548 -0.27284 0.52269 -0 55
651 708 2 0.7387 0.7465 159.506 160.138 -0.37484 0.46869 -0 56
651 635 3 0.6965 0.6993 160.562 160.855 -0.35684 0.43269 -0 57
651 593 4 0.7238 0.7312 147.779 148.243 -0.26084 0.55869 -1 56
651 531 5 0.6979 0.6931 153.787 153.207 -0.29084 0.49269 -0 56
651 590 6 0.6264 0.6295 148.312 148.28 -0.22484 0.48069 -1 54
651 622 7 0.6556 0.6519 151.842 151.644 -0.26084 0.47469 -1 54
651 546 8 0.7163 0.729 155.814 156.237 -0.33284 0.49269 -0 57
651 671 9 0.7594 0.7583 151.258 151.583 -0.30284 0.55269 -1 57
651 670 10 0.7459 0.7471 151.728 152.058 -0.30284 0.54069 -1 57
651 545 11 0.6692 0.6642 146.936 146.849 -0.22484 0.51669 -1 55
651 597 12 0.6482 0.6497 157.66 157.821 -0.30884 0.42669 -0 55
651 607 13 0.6649 0.6623 151.764 151.864 -0.26684 0.48069 -0 54
651 681 14 0.7618 0.7625 152.202 152.664 -0.31484 0.54669 -1 57
651 507 15 0.6975 0.6974 155.24 155.098 -0.30884 0.48069 0 56
651 589 16 0.6724 0.6616 153.05 152.621 -0.27284 0.47469 -0 55
651 736 17 0.7564 0.7578 160.766 160.873 -0.38684 0.46869 -0 56
651 553 18 0.6722 0.6717 148.173 148.614 -0.24284 0.51069 -1 55
651 572 19 0.6812 0.6721 153.203 152.823 -0.27884 0.48069 -0 55
651 602 20 0.6492 0.6489 149.571 149.603 -0.24284 0.48669 -1 54
651 692 21 0.7592 0.7661 156.157 156.354 -0.35084 0.51669 -0 57
651 605 22 0.6595 0.6607 158.137 158.703 -0.32084 0.42669 -0 55
651 518 23 0.7032 0.7031 154.389 154.104 -0.30284 0.49269 0 57
651 648 24 0.641 0.6458 160.101 160.482 -0.32684 0.40269 -0 55
651 598 25 0.7199 0.7346 157.131 158.014 -0.35084 0.48069 -0 57
651 609 26 0.7372 0.7428 147.313 147.817 -0.26084 0.57069 -1 56
651 585 27 0.6435 0.6443 156.712 156.589 -0.29684 0.43269 -0 55
651 546 28 0.6828 0.6761 155.87 155.518 -0.30284 0.46269 0 56
651 539 29 0.6955 0.7006 147.193 147.469 -0.24284 0.54069 -1 56
651 607 30 0.622 0.6295 159.274 159.96 -0.31484 0.39669 -0 55
651 589 31 0.6276 0.6342 158.402 158.819 -0.30884 0.40869 -0 55
651 596 32 0.6259 0.6283 148.847 149.072 -0.23084 0.47469 -1 54
651 714 33 0.7399 0.7421 161.059 161.114 -0.38084 0.45669 -0 56
651 614 34 0.6435 0.6451 153.865 153.472 -0.27284 0.45669 -0 54
651 535 35 0.6872 0.6763 155.181 154.775 -0.29684 0.46869 0 56
651 687 36 0.7553 0.7612 154.585 154.64 -0.33284 0.52869 -0 57
651 620 37 0.6369 0.6414 151.179 151.417 -0.25484 0.46869 -1 54
651 530 38 0.7132 0.7238 155.278 155.823 -0.32684 0.49269 0 57
651 595 39 0.6603 0.6536 149.984 150.112 -0.24884 0.48669 -1 54
651 664 40 0.7708 0.7713 149.886 149.825 -0.29084 0.57669 -1 57
651 595 41 0.6235 0.6303 151.432 151.977 -0.25484 0.45669 -0 54
651 591 42 0.7154 0.7294 157.417 158.304 -0.35084 0.47469 -0 57
651 568 43 0.7019 0.7083 148.308 149.137 -0.26084 0.53469 -1 55
651 605 44 0.6547 0.6553 154.71 154.431 -0.28484 0.45669 -0 54
651 596 45 0.6222 0.6263 150.569 150.664 -0.24284 0.46269 -1 54
651 575 46 0.6646 0.6603 148.963 149.1 -0.24284 0.49869 -1 55
651 622 47 0.6383 0.6414 151.375 151.417 -0.25484 0.46869 -1 54
651 672 48 0.7498 0.7565 153.737 153.569 -0.32084 0.53469 -0 57
651 631 49 0.6911 0.6886 160.423 160.785 -0.35084 0.42669 -0 57
43 131 0 0.6181 0.5388 150.996 153.919 -0.23084 0.37869 1 50
43 131 1 0.7598 0.5388 153.553 153.919 -0.23084 0.37869 1 51
43 131 2 0.729 0.5388 155.193 153.919 -0.23084 0.37869 1 50
43 132 3 0.6358 0.5388 153.677 153.919 -0.23084 0.37869 1 50
43 132 4 0.6736 0.5388 149.091 153.919 -0.23084 0.37869 1 50
43 134 5 0.6182 0.5388 152.976 153.919 -0.23084 0.37869 1 50
43 130 6 0.7734 0.5388 156.314 153.919 -0.23084 0.37869 1 51
43 131 7 0.625 0.5388 149.826 153.919 -0.23084 0.37869 1 50
43 131 8 0.7272 0.5388 150.321 153.919 -0.23084 0.37869 1 50
43 132 9 0.676 0.5388 158.675 153.919 -0.23084 0.37869 1 50
43 143 10 0.7372 0.7572 159.748 160.212 -0.38084 0.47469 1 50
43 131 11 0.6678 0.5388 150.297 153.919 -0.23084 0.37869 1 50
43 130 12 0.7428 0.5388 146.084 153.919 -0.23084 0.37869 1 50
43 130 13 0.6268 0.5388 146.617 153.919 -0.23084 0.37869 1 50
43 137 14 0.778 0.7673 158.298 159.63 -0.38084 0.48669 1 50
43 130 15 0.6329 0.5388 146.726 153.919 -0.23084 0.37869 1 50
43 130 16 0.7445 0.5388 148.053 153.919 -0.23084 0.37869 1 50
43 130 17 0.7489 0.5388 151.044 153.919 -0.23084 0.37869 1 50
43 128 18 0.7151 0.5388 157.3 153.919 -0.23084 0.37869 1 50
43 138 19 0.6224 0.5388 157.84 153.919 -0.23084 0.37869 1 50
43 131 20 0.6252 0.5388 150.532 153.919 -0.23084 0.37869 1 50
43 130 21 0.6363 0.5388 150.311 153.919 -0.23084 0.37869 1 50
43 131 22 0.6539 0.5388 155.243 153.919 -0.23084 0.37869 1 50
43 132 23 0.6947 0.5388 154.556 153.919 -0.23084 0.37869 1 50
43 132 24 0.6752 0.5388 155.299 153.919 -0.23084 0.37869 1 50
43 132 25 0.6568 0.5388 149.393 153.919 -0.23084 0.37869 1 50
43 134 26 0.6312 0.5388 157.118 153.919 -0.23084 0.37869 1 50
43 136 27 0.7216 0.7572 158.753 160.212 -0.38084 0.47469 1 50
43 134 28 0.6297 0.5388 160.455 153.919 -0.23084 0.37869 1 50
43 137 29 0.6207 0.5388 157.408 153.919 -0.23084 0.37869 1 50
43 131 30 0.6381 0.5388 147.431 153.919 -0.23084 0.37869 1 50
43 129 31 0.7501 0.5388 153.307 153.919 -0.23084 0.37869 1 50
43 131 32 0.6923 0.5388 160.59 153.919 -0.23084 0.37869 1 50
43 130 33 0.7749 0.5388 154.801 153.919 -0.23084 0.37869 1 51
43 130 34 0.6633 0.5388 146.469 153.919 -0.23084 0.37869 1 50
43 133 35 0.6276 0.5388 160.65 153.919 -0.23084 0.37869 1 50
43 130 36 0.7034 0.5388 158.82 153.919 -0.23084 0.37869 1 50
43 132 37 0.6872 0.5388 150.762 153.919 -0.23084 0.37869 1 50
43 129 38 0.7303 0.5388 148.955 153.919 -0.23084 0.37869 1 50
43 137 39 0.6134 0.5388 159.664 153.919 -0.23084 0.37869 1 50
43 131 40 0.7133 0.5388 153.697 153.919 -0.23084 0.37869 1 50
43 130 41 0.7112 0.7572 158.701 160.212 -0.38084 0.47469 1 50
43 133 42 0.6412 0.5388 160.112 153.919 -0.23084 0.37869 1 50
43 132 43 0.7205 0.7622 157.689 159.919 -0.38084 0.48069 1 50
43 130 44 0.7761 0.5388 153.493 153.919 -0.23084 0.37869 1 51
43 131 45 0.6708 0.5388 160.769 153.919 -0.23084 0.37869 1 50
43 130 46 0.768 0.5388 155.475 153.919 -0.23084 0.37869 1 51
43 131 47 0.7708 0.5388 150.937 153.919 -0.23084 0.37869 1 51
43 134 48 0.6343 0.5388 157.786 153.919 -0.23084 0.37869 1 50
43 129 49 0.6329 0.5388 148.179 153.919 -0.23084 0.37869 1 50
87 132 0 0.6778 0.5388 150.317 153.919 -0.23084 0.37869 1 50
87 146 1 0.7466 0.7665 155.747 158.321 -0.36884 0.49869 1 50
87 130 2 0.6388 0.5388 150.351 153.919 -0.23084 0.37869 1 50
87 136 3 0.62 0.5388 153.924 153.919 -0.23084 0.37869 1 50
87 130 4 0.7238 0.5388 146.932 153.919 -0.23084 0.37869 1 50
87 132 5 0.6137 0.5393 152.449 152.988 -0.22484 0.38469 1 50
87 130 6 0.7577 0.5388 148.597 153.919 -0.23084 0.37869 1 51
87 132 7 0.6697 0.5388 152.394 153.919 -0.23084 0.37869 1 50
87 129 8 0.6348 0.5388 146.559 153.919 -0.23084 0.37869 1 50
87 145 9 0.6184 0.5388 157.459 153.919 -0.23084 0.37869 1 50
87 130 10 0.6894 0.5388 156.182 153.919 -0.23084 0.37869 1 50
87 132 11 0.6491 0.5388 153.195 153.919 -0.23084 0.37869 1 50
87 129 12 0.7295 0.5388 149.909 153.919 -0.23084 0.37869 1 50
87 135 13 0.6433 0.5388 157.341 153.919 -0.23084 0.37869 1 50
87 130 14 0.6544 0.5388 146.703 153.919 -0.23084 0.37869 1 50
87 133 15 0.6667 0.5388 154.807 153.919 -0.23084 0.37869 1 50
87 138 16 0.7329 0.7614 155.397 158.601 -0.36884 0.49269 1 50
87 156 17 0.7782 0.7931 152.701 154.439 -0.34484 0.55269 0 51
87 133 18 0.6578 0.5388 158.063 153.919 -0.23084 0.37869 1 50
87 130 19 0.7183 0.5388 149.176 153.919 -0.23084 0.37869 1 50
87 131 20 0.645 0.5388 152.6 153.919 -0.23084 0.37869 1 50
87 128 21 0.7341 0.5388 146.673 153.919 -0.23084 0.37869 1 50
87 165 22 0.7712 0.7823 153.937 154.932 -0.34484 0.54069 0 51
87 132 23 0.652 0.5388 149.806 153.919 -0.23084 0.37869 1 50
87 133 24 0.7168 0.5388 153.553 153.919 -0.23084 0.37869 1 50
87 132 25 0.6554 0.5388 152.084 153.919 -0.23084 0.37869 1 50
87 191 26 0.7545 0.7622 159.669 159.919 -0.38084 0.48069 1 50
87 129 27 0.6554 0.5388 147.685 153.919 -0.23084 0.37869 1 50
87 164 28 0.7698 0.7823 153.88 154.932 -0.34484 0.54069 0 51
87 132 29 0.7124 0.5388 155.282 153.919 -0.23084 0.37869 1 50
87 131 30 0.6457 0.5388 152.109 153.919 -0.23084 0.37869 1 50
87 187 31 0.765 0.7617 158.853 159.26 -0.37484 0.48669 1 50
87 132 32 0.6308 0.5388 152.813 153.919 -0.23084 0.37869 1 50
87 143 33 0.7766 0.788 151.763 154.047 -0.33884 0.55269 1 51
87 141 34 0.6194 0.5388 155.324 153.919 -0.23084 0.37869 1 50
87 130 35 0.7089 0.5388 149.313 153.919 -0.23084 0.37869 1 50
87 146 36 0.7474 0.7769 154.316 155.184 -0.34484 0.53469 1 50
87 132 37 0.7131 0.5388 149.839 153.919 -0.23084 0.37869 1 50
87 129 38 0.6904 0.7572 157.333 160.212 -0.38084 0.47469 1 50
87 131 39 0.7537 0.5388 146.176 153.919 -0.23084 0.37869 1 50
87 131 40 0.6621 0.5388 159.226 153.919 -0.23084 0.37869 1 50
87 130 41 0.7434 0.5388 147.07 153.919 -0.23084 0.37869 1 51
87 183 42 0.7779 0.7673 159.208 159.63 -0.38084 0.48669 1 50
87 136 43 0.6371 0.5388 156.653 153.919 -0.23084 0.37869 1 50
87 141 44 0.721 0.7617 155.879 159.26 -0.37484 0.48669 1 50
87 132 45 0.6481 0.5388 147.841 153.919 -0.23084 0.37869 1 50
87 133 46 0.6549 0.5388 149.213 153.919 -0.23084 0.37869 1 50
87 133 47 0.7145 0.5388 154.742 153.919 -0.23084 0.37869 1 50
87 130 48 0.6284 0.5388 149.567 153.919 -0.23084 0.37869 1 50
87 132 49 0.7349 0.5388 154.332 153.919 -0.23084 0.37869 1 51
130 195 0 0.7602 0.7714 156.393 156.742 -0.35684 0.51669 0 51
130 219 1 0.7371 0.7521 160.494 160.508 -0.38084 0.46869 0 51
130 134 2 0.6773 0.5388 152.245 153.919 -0.23084 0.37869 1 50
130 141 3 0.726 0.7431 149.673 150.951 -0.29084 0.54669 0 51
130 134 4 0.7047 0.5388 152.422 153.919 -0.23084 0.37869 1 50
130 150 5 0.613 0.5388 159.646 153.919 -0.23084 0.37869 1 51
130 130 6 0.6262 0.5388 149.347 153.919 -0.23084 0.37869 1 50
130 159 7 0.7569 0.7703 146.99 147.45 -0.26684 0.59469 0 51
130 132 8 0.6632 0.5388 151.261 153.919 -0.23084 0.37869 1 50
130 231 9 0.7624 0.7572 160.686 160.212 -0.38084 0.47469 0 50
130 160 10 0.6638 0.663 160.869 161.734 -0.34484 0.40269 1 50
130 229 11 0.7471 0.7572 160.102 160.212 -0.38084 0.47469 0 50
130 177 12 0.7752 0.7805 147.5 147.692 -0.27284 0.60069 0 51
130 133 13 0.6718 0.5388 149.17 153.919 -0.23084 0.37869 1 50
130 157 14 0.7733 0.7695 150.488 151.123 -0.30284 0.56469 0 51
130 133 15 0.6754 0.5388 149.031 153.919 -0.23084 0.37869 1 50
130 132 16 0.6586 0.5388 152.74 153.919 -0.23084 0.37869 1 50
130 154 17 0.7656 0.7713 149.651 149.825 -0.29084 0.57669 1 51
130 148 18 0.6207 0.5388 158.586 153.919 -0.23084 0.37869 1 50
130 132 19 0.6536 0.5388 152.462 153.919 -0.23084 0.37869 1 50
130 152 20 0.613 0.5388 159.15 153.919 -0.23084 0.37869 1 50
130 133 21 0.6818 0.7515 157.049 159.841 -0.37484 0.47469 1 50
130 137 22 0.6543 0.6622 158.963 160.978 -0.33884 0.40869 1 50
130 133 23 0.6451 0.5388 153.163 153.919 -0.23084 0.37869 1 50
130 196 24 0.7343 0.7562 157.193 158.885 -0.36884 0.48669 1 50
130 135 25 0.7168 0.5388 154.196 153.919 -0.23084 0.37869 1 51
130 130 26 0.7288 0.5388 146.768 153.919 -0.23084 0.37869 1 51
130 133 27 0.6938 0.5388 152.924 153.919 -0.23084 0.37869 1 50
130 174 28 0.7685 0.7805 147.385 147.692 -0.27284 0.60069 0 51
130 131 29 0.6711 0.5388 156.692 153.919 -0.23084 0.37869 1 50
130 140 30 0.6287 0.5388 155.78 153.919 -0.23084 0.37869 1 50
130 130 31 0.6133 0.5388 149.823 153.919 -0.23084 0.37869 1 50
130 132 32 0.6914 0.5388 154.819 153.919 -0.23084 0.37869 1 50
130 133 33 0.6873 0.5388 151.862 153.919 -0.23084 0.37869 1 50
130 160 34 0.7332 0.7661 155.128 156.354 -0.35084 0.51669 1 51
130 132 35 0.6863 0.5388 151.713 153.919 -0.23084 0.37869 1 50
130 226 36 0.7652 0.7617 158.659 159.26 -0.37484 0.48669 0 50
130 132 37 0.6852 0.5388 151.648 153.919 -0.23084 0.37869 1 50
130 149 38 0.7552 0.761 149.2 149.609 -0.28484 0.57069 0 51
130 144 39 0.6891 0.7521 159.031 160.508 -0.38084 0.46869 1 51
130 160 40 0.7578 0.7761 146.117 147.252 -0.26684 0.60069 0 50
130 146 41 0.7518 0.7678 148.467 148.743 -0.27884 0.58269 1 51
130 129 42 0.6252 0.5388 149.726 153.919 -0.23084 0.37869 1 50
130 132 43 0.6816 0.5388 155.82 153.919 -0.23084 0.37869 1 50
130 233 44 0.7652 0.7622 160.138 159.919 -0.38084 0.48069 0 50
130 133 45 0.6589 0.5388 156.387 153.919 -0.23084 0.37869 1 50
130 176 46 0.7201 0.7566 156.871 159.549 -0.37484 0.48069 1 50
130 153 47 0.6627 0.6622 160.118 160.978 -0.33884 0.40869 1 50
130 132 48 0.671 0.5388 155.515 153.919 -0.23084 0.37869 1 50
130 131 49 0.6781 0.5388 149.068 153.919 -0.23084 0.37869 1 50
173 159 0 0.6677 0.6666 158.564 159.886 -0.33284 0.42069 1 51
173 196 1 0.734 0.7515 152.609 153.152 -0.31484 0.53469 1 51
173 139 2 0.6269 0.6153 147.068 144.458 -0.18884 0.49269 0 50
173 151 3 0.6664 0.6567 152.213 152.136 -0.26684 0.47469 1 50
173 143 4 0.6712 0.6574 151.778 151.374 -0.26084 0.48069 1 50
173 163 5 0.6636 0.6666 158.619 159.886 -0.33284 0.42069 1 51
173 231 6 0.773 0.783 152.679 153.649 -0.33284 0.55269 0 51
173 196 7 0.756 0.7703 147.362 147.45 -0.26684 0.59469 0 51
173 228 8 0.7554 0.7721 153.309 154.138 -0.33284 0.54069 0 51
173 134 9 0.6894 0.5388 153.947 153.919 -0.23084 0.37869 1 51
173 199 10 0.6304 0.6416 160.484 161.613 -0.33284 0.39069 0 50
173 137 11 0.7073 0.7361 152.697 152.546 -0.30284 0.52869 1 51
173 146 12 0.6372 0.6451 154.226 153.472 -0.27284 0.45669 1 50
173 199 13 0.7584 0.769 147.85 148.096 -0.27284 0.58869 0 51
173 236 14 0.7603 0.7769 154.833 155.184 -0.34484 0.53469 0 51
173 162 15 0.6499 0.6463 151.452 151.919 -0.26084 0.46869 1 50
173 228 16 0.7543 0.7716 155.102 155.439 -0.34484 0.52869 0 51
173 209 17 0.7346 0.7611 156.19 157.941 -0.36284 0.49869 0 51
173 130 18 0.6694 0.5388 147.315 153.919 -0.23084 0.37869 1 51
173 130 19 0.6773 0.5388 147.843 153.919 -0.23084 0.37869 1 51
173 133 20 0.6804 0.5388 153.714 153.919 -0.23084 0.37869 1 51
173 183 21 0.7427 0.7496 149.07 150.052 -0.28484 0.55869 0 51
173 149 22 0.6265 0.6407 152.322 152.199 -0.26084 0.46269 1 50
173 243 23 0.7741 0.7768 156.204 155.831 -0.35084 0.52869 0 51
173 144 24 0.6873 0.7515 156.221 159.841 -0.37484 0.47469 1 50
173 149 25 0.6834 0.7465 158.55 160.138 -0.37484 0.46869 1 51
173 262 26 0.7417 0.7521 160.702 160.508 -0.38084 0.46869 0 51
173 133 27 0.6782 0.5388 150.372 153.919 -0.23084 0.37869 1 50
173 201 28 0.754 0.7591 150.302 150.924 -0.29684 0.55869 0 51
173 131 29 0.6265 0.6295 147.801 148.28 -0.22484 0.48069 0 50
173 158 30 0.7101 0.7562 155.265 158.885 -0.36884 0.48669 1 51
173 139 31 0.7111 0.7558 153.557 154.897 -0.33284 0.52269 1 51
173 144 32 0.6319 0.5388 155.913 153.919 -0.23084 0.37869 1 50
173 167 33 0.6976 0.7515 156.842 159.841 -0.37484 0.47469 1 51
173 194 34 0.735 0.7479 150.435 151.388 -0.29684 0.54669 0 51
173 132 35 0.6872 0.7566 155.118 159.549 -0.37484 0.48069 1 50
173 152 36 0.6226 0.5388 156.778 153.919 -0.23084 0.37869 1 50
173 189 37 0.6162 0.6317 160.588 162.342 -0.33284 0.37869 0 51
173 233 38 0.7311 0.7511 157.695 159.174 -0.36884 0.48069 1 51
173 192 39 0.7231 0.7559 156.034 158.221 -0.36284 0.49269 1 51
173 150 40 0.6345 0.6509 157.925 160.137 -0.32684 0.40869 1 50
173 200 41 0.7445 0.7535 150.444 151.154 -0.29684 0.55269 0 51
173 211 42 0.7517 0.7576 151.45 152.244 -0.30884 0.54669 0 51
173 159 43 0.6325 0.6407 151.931 152.199 -0.26084 0.46269 1 50
173 150 44 0.6179 0.5393 154.089 152.988 -0.22484 0.38469 1 50
173 134 45 0.6834 0.5388 153.153 153.919 -0.23084 0.37869 1 51
173 132 46 0.6822 0.5388 154.45 153.919 -0.23084 0.37869 1 51
173 138 47 0.6193 0.6352 152.328 152.483 -0.26084 0.45669 1 50
173 132 48 0.6783 0.5388 151.064 153.919 -0.23084 0.37869 1 51
173 216 49 0.7459 0.7666 153.56 154.387 -0.33284 0.53469 0 51
217 197 0 0.7017 0.746 156.983 159.466 -0.36884 0.47469 1 51
217 173 1 0.6205 0.6178 147.208 145.829 -0.20084 0.48669 0 51
217 188 2 0.7077 0.7507 155.897 158.505 -0.36284 0.48669 0 51
217 199 3 0.7354 0.753 147.047 148.063 -0.26684 0.57669 0 51
217 199 4 0.6885 0.6936 159.343 160.459 -0.35084 0.43269 1 51
217 201 5 0.6506 0.647 151.063 151.145 -0.25484 0.47469 0 50
217 228 6 0.6358 0.6465 159.785 161.257 -0.33284 0.39669 0 51
217 131 7 0.6776 0.651 146.113 143.203 -0.18884 0.52869 0 51
217 279 8 0.7368 0.7562 157.728 158.885 -0.36884 0.48669 0 51
217 138 9 0.6922 0.7129 147.575 149.607 -0.26684 0.53469 0 51
217 158 10 0.6222 0.5388 156.948 153.919 -0.23084 0.37869 1 51
217 202 11 0.6303 0.6458 158.74 160.482 -0.32684 0.40269 0 51
217 268 12 0.7387 0.7559 157.098 158.221 -0.36284 0.49269 0 51
217 180 13 0.697 0.746 156.557 159.466 -0.36884 0.47469 1 51
217 228 14 0.7511 0.7646 146.922 147.651 -0.26684 0.58869 0 51
217 155 15 0.6621 0.6546 148.506 149.349 -0.24284 0.49269 0 51
217 313 16 0.7729 0.7622 160.186 159.919 -0.38084 0.48069 0 51
217 248 17 0.7118 0.7364 160.01 160.743 -0.37484 0.45669 0 51
217 163 18 0.689 0.746 156.458 159.466 -0.36884 0.47469 1 51
217 202 19 0.6858 0.6829 159.373 160.382 -0.34484 0.42669 1 51
217 164 20 0.657 0.6546 148.625 149.349 -0.24284 0.49269 0 50
217 169 21 0.6126 0.5393 154.91 152.988 -0.22484 0.38469 1 50
217 130 22 0.6813 0.5388 147.689 153.919 -0.23084 0.37869 1 51
217 192 23 0.6533 0.6502 154.442 153.955 -0.27884 0.45669 1 50
217 229 24 0.6141 0.6317 160.888 162.342 -0.33284 0.37869 0 51
217 193 25 0.7219 0.7558 154.194 154.897 -0.33284 0.52269 0 51
217 172 26 0.613 0.5388 155.958 153.919 -0.23084 0.37869 1 50
217 199 27 0.6524 0.6506 153.815 153.184 -0.27284 0.46269 1 50
217 281 28 0.7276 0.7414 160.052 160.438 -0.37484 0.46269 0 51
217 189 29 0.6256 0.6366 150.373 150.908 -0.24884 0.46869 0 50
217 182 30 0.7034 0.7263 151.326 151.669 -0.29084 0.52869 0 51
217 294 31 0.7643 0.7665 157.527 158.321 -0.36884 0.49869 0 51
217 234 32 0.6349 0.6465 160.086 161.257 -0.33284 0.39669 0 51
217 153 33 0.704 0.7243 147.222 149.148 -0.26684 0.54669 0 51
217 170 34 0.6225 0.6295 148.008 148.28 -0.22484 0.48069 0 51
217 261 35 0.7508 0.767 153.278 153.733 -0.32684 0.54069 0 51
217 159 36 0.6203 0.5393 155.453 152.988 -0.22484 0.38469 1 50
217 168 37 0.7083 0.7289 147.716 149.608 -0.27284 0.54669 0 51
217 210 38 0.7109 0.7511 156.608 159.174 -0.36884 0.48069 0 51
217 271 39 0.7565 0.7662 156.202 157.01 -0.35684 0.51069 0 51
217 214 40 0.6196 0.6358 159.647 161.188 -0.32684 0.39069 0 51
217 198 41 0.6487 0.6451 153.86 153.472 -0.27284 0.45669 1 50
217 153 42 0.7032 0.7559 154.698 158.221 -0.36284 0.49269 1 51
217 189 43 0.7137 0.7559 155.478 158.221 -0.36284 0.49269 0 51
217 215 44 0.7438 0.7518 148.204 148.724 -0.27284 0.57069 0 51
217 161 45 0.6208 0.5388 156.598 153.919 -0.23084 0.37869 1 51
217 175 46 0.6163 0.6359 151.156 151.695 -0.25484 0.46269 1 50
217 218 47 0.683 0.6779 160.097 160.713 -0.34484 0.42069 1 51
217 196 48 0.6294 0.6359 151.363 151.695 -0.25484 0.46269 0 50
217 228 49 0.632 0.6465 159.897 161.257 -0.33284 0.39669 0 51
260 294 0 0.7717 0.7793 148.273 148.33 -0.27884 0.59469 0 51
260 323 1 0.7345 0.7511 158.299 159.174 -0.36884 0.48069 0 51
260 161 2 0.6967 0.7152 146.512 148.212 -0.25484 0.54669 0 51
260 305 3 0.7201 0.7364 160.26 160.743 -0.37484 0.45669 0 51
260 288 4 0.7666 0.7735 148.425 148.535 -0.27884 0.58869 0 51
260 343 5 0.7578 0.7614 158.12 158.601 -0.36884 0.49269 0 51
260 282 6 0.7117 0.7358 159.352 160.062 -0.36884 0.46269 0 51
260 358 7 0.7616 0.7622 159.468 159.919 -0.38084 0.48069 0 51
260 265 8 0.7508 0.7575 148.375 148.511 -0.27284 0.57669 0 51
260 199 9 0.679 0.6607 154.815 154.139 -0.28484 0.46269 1 51
260 246 10 0.7249 0.746 153.291 153.401 -0.31484 0.52869 0 51
260 224 11 0.7158 0.7504 155.649 157.836 -0.35684 0.49269 0 51
260 216 12 0.6171 0.6119 147.053 146.065 -0.20084 0.48069 -0 51
260 193 13 0.6712 0.6649 149.108 149.604 -0.24884 0.49869 0 51
260 177 14 0.7081 0.7502 154.421 156.497 -0.34484 0.50469 0 51
260 285 15 0.7778 0.777 149.891 149.61 -0.29084 0.58269 0 52
260 216 16 0.6142 0.6119 147.086 146.065 -0.20084 0.48069 -0 51
260 228 17 0.665 0.6556 154.291 153.665 -0.27884 0.46269 0 51
260 230 18 0.7107 0.7233 148.85 149.837 -0.27284 0.54069 0 51
260 199 19 0.6233 0.6342 154.452 154.064 -0.27284 0.44469 0 50
260 335 20 0.7351 0.7515 159.388 159.841 -0.37484 0.47469 0 51
260 323 21 0.7513 0.7611 157.216 157.941 -0.36284 0.49869 0 51
260 176 22 0.6202 0.6391 156.59 157.695 -0.30284 0.42069 0 51
260 284 23 0.7426 0.761 154.594 155.3 -0.33884 0.52269 0 51
260 276 24 0.756 0.7703 147.041 147.45 -0.26684 0.59469 0 51
260 325 25 0.7441 0.7562 157.697 158.885 -0.36884 0.48669 0 51
260 207 26 0.6966 0.746 157.074 159.466 -0.36884 0.47469 1 51
260 284 27 0.7123 0.7314 160.453 161.052 -0.37484 0.45069 0 51
260 230 28 0.7215 0.7346 148.102 149.382 -0.27284 0.55269 0 51
260 196 29 0.6789 0.6607 155.231 154.139 -0.28484 0.46269 1 51
260 291 30 0.766 0.7748 147.729 147.893 -0.27284 0.59469 0 51
260 217 31 0.6689 0.6583 150.515 150.614 -0.25484 0.48669 0 51
260 311 32 0.7517 0.7609 156.552 157.281 -0.35684 0.50469 0 51
260 213 33 0.6693 0.6553 155.037 154.431 -0.28484 0.45669 0 51
260 204 34 0.6719 0.6656 157.305 157.625 -0.31484 0.43869 1 51
260 349 35 0.7448 0.7572 160.032 160.212 -0.38084 0.47469 0 51
260 222 36 0.6524 0.6479 149.473 150.373 -0.24884 0.48069 0 51
260 203 37 0.6725 0.6604 155.833 154.899 -0.29084 0.45669 1 51
260 282 38 0.7413 0.7612 154.276 154.64 -0.33284 0.52869 0 51
260 353 39 0.7471 0.7572 159.768 160.212 -0.38084 0.47469 0 51
260 260 40 0.7222 0.7367 151.616 151.866 -0.29684 0.53469 0 51
260 296 41 0.7491 0.7576 152.008 152.244 -0.30884 0.54669 0 51
260 352 42 0.7703 0.7669 159.048 158.976 -0.37484 0.49269 0 51
260 212 43 0.6604 0.655 156.074 155.198 -0.29084 0.45069 1 51
260 317 44 0.7678 0.7725 152.896 153.488 -0.32684 0.54669 0 52
260 268 45 0.644 0.6515 159.678 160.907 -0.33284 0.40269 0 51
260 332 46 0.7759 0.7823 154.531 154.932 -0.34484 0.54069 0 52
260 246 47 0.641 0.6463 151.609 151.919 -0.26084 0.46869 0 50
260 197 48 0.6653 0.6603 148.781 149.1 -0.24284 0.49869 0 51
260 246 49 0.7152 0.7263 151.555 151.669 -0.29084 0.52869 0 51
304 293 0 0.743 0.7543 146.905 147.404 -0.26084 0.58269 0 52
304 231 1 0.6797 0.6658 155.487 154.606 -0.29084 0.46269 1 51
304 234 2 0.7025 0.714 147.745 148.908 -0.26084 0.54069 0 51
304 260 3 0.6604 0.6553 155.378 154.431 -0.28484 0.45669 0 51
304 322 4 0.7444 0.7487 150.164 150.719 -0.29084 0.55269 0 52
304 278 5 0.6576 0.6506 153.942 153.184 -0.27284 0.46269 0 51
304 202 6 0.675 0.6686 147.042 147.365 -0.23084 0.51669 0 51
304 237 7 0.6247 0.6394 157.393 158.481 -0.30884 0.41469 0 51
304 297 8 0.7257 0.7336 149.401 150.061 -0.27884 0.54669 0 51
304 369 9 0.7661 0.7716 155.256 155.439 -0.34484 0.52869 0 52
304 198 10 0.6973 0.6771 154.248 153.291 -0.28484 0.48069 0 52
304 292 11 0.7195 0.7319 151.554 151.426 -0.29084 0.53469 0 51
304 325 12 0.771 0.7724 149.547 149.179 -0.28484 0.58269 0 52
304 227 13 0.6802 0.6708 156.757 156.563 -0.30884 0.45069 1 51
304 256 14 0.627 0.6397 153.812 153.766 -0.27284 0.45069 0 50
304 252 15 0.6436 0.6497 157.119 157.821 -0.30884 0.42669 0 51
304 334 16 0.7468 0.7527 151.779 151.819 -0.30284 0.54669 0 52
304 290 17 0.6454 0.6463 151.505 151.919 -0.26084 0.46869 0 50
304 251 18 0.6508 0.6443 148.617 149.086 -0.23684 0.48669 0 51
304 287 19 0.7025 0.7251 158.926 159.984 -0.36284 0.45669 0 52
304 252 20 0.6938 0.7088 158.213 159.509 -0.35084 0.45069 0 52
304 312 21 0.7317 0.7431 150.273 150.951 -0.29084 0.54669 0 52
304 306 22 0.6194 0.6308 160.374 161.55 -0.32684 0.38469 0 51
304 250 23 0.6217 0.6346 153.334 153.273 -0.26684 0.45069 0 50
304 242 24 0.7126 0.7504 155.684 157.836 -0.35684 0.49269 0 52
304 311 25 0.7544 0.7659 146.23 147.003 -0.26084 0.59469 0 51
304 260 26 0.6353 0.634 148.39 148.815 -0.23084 0.48069 0 51
304 195 27 0.6985 0.6876 154.303 153.478 -0.29084 0.48669 0 52
304 270 28 0.6258 0.6352 152.284 152.483 -0.26084 0.45669 0 50
304 260 29 0.6388 0.6447 154.888 154.25 -0.27884 0.45069 0 50
304 277 30 0.6603 0.6574 151.11 151.374 -0.26084 0.48069 0 51
304 311 31 0.7323 0.7383 149.953 150.509 -0.28484 0.54669 0 52
304 350 32 0.7541 0.7662 155.365 155.698 -0.34484 0.52269 0 52
304 275 33 0.6988 0.7144 158.861 159.904 -0.35684 0.45069 0 52
304 299 34 0.7043 0.7257 159.722 160.675 -0.36884 0.45069 0 52
304 225 35 0.6599 0.6482 147.181 146.779 -0.21884 0.50469 -0 51
304 304 36 0.7005 0.705 161.025 161.244 -0.36284 0.43269 0 52
304 320 37 0.758 0.7703 147.094 147.45 -0.26684 0.59469 0 51
304 376 38 0.7353 0.7471 160.806 160.809 -0.38084 0.46269 0 52
304 259 39 0.6187 0.631 150.453 151.183 -0.24884 0.46269 0 51
304 361 40 0.761 0.7666 154.135 154.387 -0.33284 0.53469 0 52
304 392 41 0.7529 0.7617 158.849 159.26 -0.37484 0.48669 0 51
304 268 42 0.6228 0.631 150.781 151.183 -0.24884 0.46269 0 50
304 389 43 0.7761 0.7669 158.931 158.976 -0.37484 0.49269 0 51
304 226 44 0.6616 0.6497 146.636 146.017 -0.21284 0.51069 -0 51
304 286 45 0.6473 0.6457 153.223 152.695 -0.26684 0.46269 0 50
304 278 46 0.7189 0.7289 148.78 149.608 -0.27284 0.54669 0 51
304 375 47 0.7402 0.7511 158.552 159.174 -0.36884 0.48069 0 51
304 332 48 0.7699 0.7761 146.445 147.252 -0.26684 0.60069 0 51
304 318 49 0.7458 0.7487 149.983 150.719 -0.29084 0.55269 0 52
347 422 0 0.755 0.7614 157.924 158.601 -0.36884 0.49269 0 52
347 331 1 0.6544 0.6512 152.772 152.413 -0.26684 0.46869 0 51
347 316 2 0.6585 0.6556 154.256 153.665 -0.27884 0.46269 0 51
347 276 3 0.7038 0.7096 152.709 152.42 -0.29084 0.51069 0 52
347 396 4 0.756 0.7664 154.647 155.043 -0.33884 0.52869 0 52
347 310 5 0.6993 0.7144 158.686 159.904 -0.35684 0.45069 0 52
347 405 6 0.7653 0.7721 153.588 154.138 -0.33284 0.54069 0 52
347 332 7 0.6875 0.6829 159.836 160.382 -0.34484 0.42669 0 52
347 333 8 0.6351 0.6458 159.206 160.482 -0.32684 0.40269 0 51
347 416 9 0.7473 0.7562 158.037 158.885 -0.36884 0.48669 0 52
347 285 10 0.6728 0.6604 155.366 154.899 -0.29084 0.45669 0 51
347 300 11 0.6206 0.622 146.906 146.391 -0.20684 0.48669 -0 51
347 289 12 0.6362 0.6445 155.404 155.03 -0.28484 0.44469 0 51
347 305 13 0.6349 0.6397 154.283 153.766 -0.27284 0.45069 0 51
347 379 14 0.7268 0.746 158.135 159.466 -0.36884 0.47469 0 52
347 294 15 0.6646 0.6592 149.598 149.856 -0.24884 0.49269 0 51
347 290 16 0.6728 0.6607 154.917 154.139 -0.28484 0.46269 0 51
347 280 17 0.6817 0.6743 150.574 150.591 -0.26084 0.49869 0 51
347 294 18 0.6551 0.6489 149.022 149.603 -0.24284 0.48669 -0 51
347 394 19 0.7564 0.7662 155.573 155.698 -0.34484 0.52269 -0 52
347 347 20 0.6191 0.6308 160.466 161.55 -0.32684 0.38469 0 52
347 334 21 0.7447 0.7601 146.654 147.202 -0.26084 0.58869 0 52
347 269 22 0.6902 0.7026 148.555 149.37 -0.26084 0.52869 0 52
347 296 23 0.6329 0.6308 147.618 147.492 -0.21884 0.48669 -0 51
347 289 24 0.6792 0.6666 153.544 153.099 -0.27884 0.47469 0 51
347 332 25 0.7221 0.7336 149.485 150.061 -0.27884 0.54669 0 52
347 273 26 0.6583 0.6512 147.818 148.071 -0.23084 0.49869 -0 51
347 350 27 0.7382 0.744 149.491 150.279 -0.28484 0.55269 0 52
347 291 28 0.6689 0.6604 155.638 154.899 -0.29084 0.45669 0 51
347 293 29 0.6463 0.6496 156.511 156.274 -0.29684 0.43869 0 51
347 312 30 0.6423 0.6432 149.36 149.861 -0.24284 0.48069 -0 51
347 433 31 0.7454 0.7521 160.054 160.508 -0.38084 0.46869 0 52
347 390 32 0.7278 0.746 158.506 159.466 -0.36884 0.47469 0 52
347 332 33 0.6509 0.656 158.853 159.797 -0.32684 0.41469 0 52
347 296 34 0.6194 0.6206 147.409 147.188 -0.21284 0.48069 -0 51
347 443 35 0.7533 0.7572 160.182 160.212 -0.38084 0.47469 0 52
347 366 36 0.6331 0.6416 160.773 161.613 -0.33284 0.39069 0 52
347 408 37 0.7671 0.7714 155.705 156.091 -0.35084 0.52269 -0 52
347 342 38 0.7482 0.7601 146.579 147.202 -0.26084 0.58869 -0 52
347 352 39 0.753 0.7659 146.422 147.003 -0.26084 0.59469 0 52
347 280 40 0.6261 0.6393 154.721 154.551 -0.27884 0.44469 0 51
347 284 41 0.6696 0.6655 156.754 156.87 -0.30884 0.44469 0 52
347 283 42 0.6673 0.6649 149.163 149.604 -0.24884 0.49869 0 51
347 312 43 0.634 0.6397 153.697 153.766 -0.27284 0.45069 0 51
347 366 44 0.738 0.7465 152.756 152.729 -0.30884 0.53469 0 52
347 439 45 0.7493 0.7572 160.078 160.212 -0.38084 0.47469 0 52
347 441 46 0.7552 0.7566 159.366 159.549 -0.37484 0.48069 0 52
347 326 47 0.6568 0.6512 153.064 152.413 -0.26684 0.46869 0 51
347 371 48 0.7449 0.7608 155.753 156.621 -0.35084 0.51069 0 52
347 367 49 0.7684 0.7724 149.369 149.179 -0.28484 0.58269 -0 52
390 376 0 0.7235 0.7452 156.83 158.119 -0.35684 0.48669 0 53
390 332 1 0.6402 0.6366 147.293 147.25 -0.21884 0.49269 -0 52
390 293 2 0.6196 0.6284 155.628 155.966 -0.28484 0.42669 0 51
390 483 3 0.7593 0.7617 159.051 159.26 -0.37484 0.48669 -0 52
390 356 4 0.727 0.7401 154.183 154.332 -0.32084 0.51669 0 53
390 330 5 0.6491 0.6455 148.09 148.314 -0.23084 0.49269 -0 52
390 354 6 0.714 0.7256 152.355 152.359 -0.29684 0.52269 0 52
390 437 7 0.7608 0.7675 152.877 153.079 -0.32084 0.54669 -0 53
390 273 8 0.6828 0.6802 146.52 146.914 -0.23084 0.52869 -0 52
390 342 9 0.6389 0.6295 146.343 145.371 -0.20084 0.49869 -0 52
390 329 10 0.7037 0.7103 152.158 151.714 -0.28484 0.51669 0 52
390 350 11 0.6395 0.6386 149.015 149.342 -0.23684 0.48069 -0 51
390 331 12 0.6353 0.6445 155.253 155.03 -0.28484 0.44469 0 51
390 364 13 0.6295 0.6402 159.03 160.05 -0.32084 0.40269 0 52
390 409 14 0.7397 0.7465 152.419 152.729 -0.30884 0.53469 0 53
390 427 15 0.7515 0.757 152.496 152.906 -0.31484 0.54069 -0 53
390 404 16 0.7462 0.7487 150.144 150.719 -0.29084 0.55269 -0 53
390 434 17 0.7552 0.7615 153.44 153.981 -0.32684 0.53469 -0 53
390 424 18 0.7591 0.7631 151.616 152.007 -0.30884 0.55269 -0 53
390 309 19 0.6207 0.6288 154.57 154.368 -0.27284 0.43869 0 51
390 357 20 0.649 0.6502 154.497 153.955 -0.27884 0.45669 0 51
390 358 21 0.6425 0.6432 149.799 149.861 -0.24284 0.48069 -0 51
390 321 22 0.6285 0.6394 157.42 158.481 -0.30884 0.41469 0 52
390 379 23 0.6176 0.6251 160.247 161.117 -0.32084 0.38469 0 52
390 286 24 0.6907 0.6767 154.96 154.033 -0.29084 0.47469 0 52
390 349 25 0.6667 0.6556 154.158 153.665 -0.27884 0.46269 0 51
390 462 26 0.746 0.7562 158.446 158.885 -0.36884 0.48669 0 52
390 357 27 0.6447 0.6432 149.709 149.861 -0.24284 0.48069 -0 51
390 383 28 0.7201 0.7456 157.506 158.793 -0.36284 0.48069 0 53
390 301 29 0.666 0.6556 146.31 145.795 -0.21284 0.51669 -0 52
390 369 30 0.6487 0.6506 153.423 153.184 -0.27284 0.46269 0 51
390 321 31 0.66 0.6557 148.494 148.589 -0.23684 0.49869 -0 52
390 349 32 0.7262 0.7449 155.296 156.096 -0.33884 0.50469 0 53
390 385 33 0.7032 0.71 160.414 160.922 -0.36284 0.43869 0 53
390 374 34 0.6456 0.6457 152.537 152.695 -0.26684 0.46269 0 51
390 427 35 0.7561 0.7576 151.961 152.244 -0.30884 0.54669 -0 53
390 451 36 0.7641 0.7662 156.939 157.01 -0.35684 0.51069 -0 53
390 287 37 0.6134 0.6234 154.524 154.676 -0.27284 0.43269 0 51
390 420 38 0.7201 0.7358 159.529 160.062 -0.36884 0.46269 0 53
390 455 39 0.7755 0.7767 156.334 156.478 -0.35684 0.52269 -0 53
390 343 40 0.692 0.6982 158.724 159.419 -0.34484 0.44469 0 53
390 335 41 0.6627 0.6602 157.053 157.182 -0.30884 0.43869 0 52
390 472 42 0.745 0.7521 160.734 160.508 -0.38084 0.46869 0 52
390 373 43 0.6802 0.6773 159.502 159.973 -0.33884 0.42669 0 52
390 369 44 0.6652 0.6666 158.909 159.886 -0.33284 0.42069 0 52
390 443 45 0.7607 0.7661 156.065 156.354 -0.35084 0.51669 0 53
390 361 46 0.6602 0.6574 151.135 151.374 -0.26084 0.48069 0 51
390 359 47 0.664 0.6561 152.952 152.9 -0.27284 0.46869 0 51
390 322 48 0.6925 0.7016 149.353 150.08 -0.26684 0.52269 0 52
390 373 49 0.7262 0.7336 149.123 150.061 -0.27884 0.54669 0 52
434 422 0 0.7153 0.7353 158.228 159.38 -0.36284 0.46869 0 53
434 395 1 0.642 0.6432 149.29 149.861 -0.24284 0.48069 -0 52
434 327 2 0.7031 0.7122 146.442 147.037 -0.24284 0.55269 -0 53
434 463 3 0.7205 0.7307 159.874 160.367 -0.36884 0.45669 0 53
434 364 4 0.6522 0.6512 147.849 148.071 -0.23084 0.49869 -0 52
434 482 5 0.7632 0.7675 152.847 153.079 -0.32084 0.54669 -0 53
434 364 6 0.7108 0.7198 147.642 148.683 -0.26084 0.54669 -0 53
434 384 7 0.6724 0.663 151.33 151.109 -0.26084 0.48669 0 52
434 425 8 0.7208 0.7271 150.852 150.98 -0.28484 0.53469 0 53
434 333 9 0.6889 0.6867 156.966 157.134 -0.32084 0.45669 0 53
434 346 10 0.6778 0.6763 148.668 149.113 -0.24884 0.51069 -0 52
434 369 11 0.6388 0.6443 156.77 157.369 -0.30284 0.42669 0 52
434 523 12 0.7692 0.7628 160.834 160.576 -0.38684 0.47469 -0 52
434 414 13 0.6553 0.6512 152.695 152.413 -0.26684 0.46869 0 51
434 409 14 0.66 0.6567 152.486 152.136 -0.26684 0.47469 0 51
434 449 15 0.7438 0.7487 150.664 150.719 -0.29084 0.55269 -0 53
434 368 16 0.6834 0.679 151.249 151.074 -0.26684 0.49869 0 52
434 528 17 0.7671 0.7673 159.75 159.63 -0.38084 0.48669 -0 53
434 392 18 0.6496 0.6499 155.177 154.728 -0.28484 0.45069 0 52
434 365 19 0.6844 0.679 151.049 151.074 -0.26684 0.49869 0 52
434 465 20 0.7288 0.746 158.33 159.466 -0.36884 0.47469 0 53
434 402 21 0.6285 0.6359 151.163 151.695 -0.25484 0.46269 -0 51
434 415 22 0.7264 0.7355 152.997 153.228 -0.30884 0.52269 0 53
434 440 23 0.7563 0.7659 146.737 147.003 -0.26084 0.59469 -0 53
434 365 24 0.6834 0.6734 151.711 151.333 -0.26684 0.49269 0 52
434 374 25 0.6138 0.6148 147.492 147.436 -0.21284 0.47469 -0 52
434 381 26 0.7002 0.7111 150.675 151.01 -0.27884 0.52269 -0 52
434 417 27 0.7021 0.715 159.907 160.605 -0.36284 0.44469 0 53
434 361 28 0.6158 0.6297 152.585 152.772 -0.26084 0.45069 0 51
434 504 29 0.7578 0.7614 157.901 158.601 -0.36884 0.49269 0 53
434 463 30 0.7755 0.7736 152.049 152.19 -0.31484 0.55869 -0 54
434 370 31 0.7222 0.7397 155.138 155.69 -0.33284 0.50469 0 53
434 458 32 0.7726 0.7735 148.697 148.535 -0.27884 0.58869 -0 53
434 521 33 0.7666 0.7669 158.78 158.976 -0.37484 0.49269 -0 53
434 442 34 0.7575 0.7621 148.597 148.955 -0.27884 0.57669 -0 53
434 352 35 0.696 0.7038 148.155 148.661 -0.25484 0.53469 -0 52
434 523 36 0.7511 0.7566 159.358 159.549 -0.37484 0.48069 -0 53
434 401 37 0.6564 0.6502 154.291 153.955 -0.27884 0.45669 0 52
434 467 38 0.7617 0.7631 151.681 152.007 -0.30884 0.55269 -0 53
434 383 39 0.6414 0.6445 155.381 155.03 -0.28484 0.44469 0 52
434 489 40 0.7714 0.7725 153.334 153.488 -0.32684 0.54669 -0 53
434 409 41 0.6234 0.6352 159.508 160.4 -0.32084 0.39669 0 52
434 344 42 0.7132 0.7344 155.841 157.33 -0.34484 0.48669 0 53
434 365 43 0.6477 0.6424 146.95 147.013 -0.21884 0.49869 -0 52
434 391 44 0.6292 0.6346 153.176 153.273 -0.26684 0.45069 0 51
434 448 45 0.7357 0.7416 152.27 152.3 -0.30284 0.53469 -0 53
434 395 46 0.6264 0.6319 150.136 150.391 -0.24284 0.46869 -0 51
434 436 47 0.7405 0.7555 155.42 156.227 -0.34484 0.51069 0 53
434 397 48 0.7022 0.7144 158.827 159.904 -0.35684 0.45069 0 53
434 405 49 0.7116 0.7223 150.294 150.528 -0.27884 0.53469 -0 53
477 461 0 0.6438 0.6509 159.18 160.137 -0.32684 0.40869 -0 53
477 485 1 0.6542 0.6565 160.103 160.561 -0.33284 0.40869 -0 53
477 494 2 0.7548 0.7543 150.294 150.491 -0.29084 0.55869 -0 54
477 469 3 0.7495 0.753 147.764 148.063 -0.26684 0.57669 -0 54
477 414 4 0.6445 0.641 147.872 147.786 -0.22484 0.49269 -1 52
477 403 5 0.6926 0.6894 151.665 151.294 -0.27284 0.50469 0 53
477 472 6 0.6863 0.6886 160.594 160.785 -0.35084 0.42669 0 54
477 441 7 0.629 0.6346 158.898 159.61 -0.31484 0.40269 -0 53
477 467 8 0.684 0.6829 160.221 160.382 -0.34484 0.42669 0 54
477 399 9 0.6149 0.6247 152.456 152.264 -0.25484 0.45069 0 52
477 344 10 0.6967 0.6869 155.415 154.939 -0.30284 0.47469 0 54
477 364 11 0.7066 0.7086 154.057 153.835 -0.30284 0.49869 0 54
477 438 12 0.669 0.6713 158.396 158.809 -0.32684 0.43269 0 53
477 485 13 0.7319 0.7375 151.013 151.187 -0.29084 0.54069 -0 53
477 455 14 0.6512 0.6457 152.996 152.695 -0.26684 0.46269 -0 52
477 510 15 0.7503 0.7565 153.56 153.569 -0.32084 0.53469 -0 54
477 439 16 0.7214 0.7398 156.854 157.727 -0.35084 0.48669 0 54
477 348 17 0.6946 0.6869 155.354 154.939 -0.30284 0.47469 0 54
477 490 18 0.7617 0.7678 148.55 148.743 -0.27884 0.58269 -0 54
477 421 19 0.6636 0.655 155.508 155.198 -0.29084 0.45069 0 52
477 460 20 0.7247 0.7336 149.392 150.061 -0.27884 0.54669 -0 53
477 456 21 0.7231 0.7336 149.38 150.061 -0.27884 0.54669 -0 53
477 511 22 0.7543 0.7625 152.403 152.664 -0.31484 0.54669 -0 54
477 502 23 0.7471 0.7565 153.514 153.569 -0.32084 0.53469 -0 54
477 517 24 0.7559 0.7615 153.52 153.981 -0.32684 0.53469 -0 54
477 468 25 0.6689 0.6666 159.627 159.886 -0.33284 0.42069 0 53
477 507 26 0.7405 0.7504 157.255 157.836 -0.35684 0.49269 0 54
477 470 27 0.6532 0.656 159.56 159.797 -0.32684 0.41469 -0 53
477 529 28 0.7726 0.7725 153.242 153.488 -0.32684 0.54669 -0 54
477 482 29 0.6257 0.6308 160.836 161.55 -0.32684 0.38469 -0 53
477 444 30 0.6487 0.6502 154.225 153.955 -0.27884 0.45669 -0 52
477 459 31 0.7122 0.7302 158.676 159.68 -0.36284 0.46269 0 54
477 380 32 0.7062 0.724 156.639 157.905 -0.34484 0.47469 0 54
477 421 33 0.707 0.7103 152.02 151.714 -0.28484 0.51669 0 53
477 405 34 0.6856 0.6847 150.491 150.82 -0.26684 0.50469 -0 53
477 568 35 0.7562 0.7622 159.717 159.919 -0.38084 0.48069 -0 53
477 469 36 0.6713 0.6723 159.649 160.303 -0.33884 0.42069 0 53
477 573 37 0.7621 0.7622 159.932 159.919 -0.38084 0.48069 -0 53
477 428 38 0.7059 0.7159 151.469 151.466 -0.28484 0.52269 -0 53
477 385 39 0.6772 0.6763 148.473 149.113 -0.24884 0.51069 -0 53
477 502 40 0.7643 0.7639 151.067 151.351 -0.30284 0.55869 -0 54
477 420 41 0.6587 0.6602 157.242 157.182 -0.30884 0.43869 0 53
477 425 42 0.7076 0.7103 151.822 151.714 -0.28484 0.51669 -0 53
477 418 43 0.6185 0.6237 148.629 148.535 -0.22484 0.47469 -0 52
477 443 44 0.6652 0.6662 158.467 159.133 -0.32684 0.42669 0 53
477 414 45 0.68 0.6734 151.812 151.333 -0.26684 0.49269 0 53
477 447 46 0.655 0.6527 150.842 150.877 -0.25484 0.48069 -0 52
477 433 47 0.6291 0.6346 153.169 153.273 -0.26684 0.45069 0 51
477 433 48 0.6681 0.6611 153.583 153.38 -0.27884 0.46869 0 52
477 427 49 0.731 0.7383 146.751 147.355 -0.25484 0.57069 -0 53
520 494 0 0.7335 0.7453 154.606 154.748 -0.32684 0.51669 -0 55
520 498 1 0.6557 0.6512 152.491 152.413 -0.26684 0.46869 -0 52
520 494 2 0.7329 0.7453 154.354 154.748 -0.32684 0.51669 -0 55
520 479 3 0.7279 0.7449 155.973 156.771 -0.34484 0.49869 0 55
520 443 4 0.72 0.7347 154.428 154.594 -0.32084 0.51069 0 54
520 458 5 0.6435 0.641 147.892 147.786 -0.22484 0.49269 -1 53
520 474 6 0.648 0.6499 155.12 154.728 -0.28484 0.45069 0 52
520 414 7 0.693 0.6948 147.291 147.69 -0.24284 0.53469 -0 54
520 493 8 0.658 0.6561 152.871 152.9 -0.27284 0.46869 -0 52
520 542 9 0.7417 0.7471 151.808 152.058 -0.30284 0.54069 -0 54
520 529 10 0.7569 0.761 149.437 149.609 -0.28484 0.57069 -0 54
520 428 11 0.6832 0.6761 156.885 157.004 -0.31484 0.45069 0 54
520 447 12 0.7173 0.7344 156.286 157.33 -0.34484 0.48669 0 54
520 532 13 0.7599 0.761 149.71 149.609 -0.28484 0.57069 -0 54
520 483 14 0.6398 0.6376 149.726 150.124 -0.24284 0.47469 -0 52
520 461 15 0.6699 0.6656 157.58 157.625 -0.31484 0.43869 0 54
520 435 16 0.7178 0.7238 146.395 146.619 -0.24284 0.56469 -0 54
520 520 17 0.7284 0.7319 151.276 151.426 -0.29084 0.53469 -0 54
520 530 18 0.7409 0.751 153.648 153.82 -0.32084 0.52869 -0 55
520 518 19 0.7499 0.7563 148.971 149.169 -0.27884 0.57069 -0 54
520 471 20 0.6594 0.655 155.449 155.198 -0.29084 0.45069 0 53
520 475 21 0.6577 0.6553 154.995 154.431 -0.28484 0.45669 0 53
520 538 22 0.7204 0.7358 159.337 160.062 -0.36884 0.46269 0 54
520 491 23 0.7358 0.7415 148.034 148.487 -0.26684 0.56469 -0 54
520 456 24 0.6338 0.6391 155.09 155.336 -0.28484 0.43869 -0 52
520 539 25 0.7668 0.7639 151.028 151.351 -0.30284 0.55869 -0 55
520 534 26 0.7735 0.7695 150.986 151.123 -0.30284 0.56469 -0 55
520 578 27 0.751 0.7559 157.712 158.221 -0.36284 0.49269 -0 54
520 497 28 0.68 0.6773 159.508 159.973 -0.33884 0.42669 0 54
520 472 29 0.7243 0.7312 147.97 148.243 -0.26084 0.55869 -0 54
520 560 30 0.727 0.7358 159.59 160.062 -0.36884 0.46269 0 54
520 472 31 0.6647 0.6583 150.451 150.614 -0.25484 0.48669 -0 53
520 560 32 0.7545 0.7608 156.451 156.621 -0.35084 0.51069 -0 54
520 455 33 0.698 0.7073 149.492 149.842 -0.26684 0.52869 -0 53
520 505 34 0.6789 0.6773 159.715 159.973 -0.33884 0.42669 0 54
520 516 35 0.7446 0.7506 149.113 149.387 -0.27884 0.56469 -0 54
520 454 36 0.6353 0.6391 155.625 155.336 -0.28484 0.43869 -0 52
520 438 37 0.6156 0.6297 152.632 152.772 -0.26084 0.45069 0 52
520 450 38 0.6485 0.6468 147.595 147.545 -0.22484 0.49869 -1 53
520 495 39 0.7156 0.7215 151.282 151.221 -0.28484 0.52869 -0 54
520 610 40 0.7618 0.7628 160.748 160.576 -0.38684 0.47469 -0 54
520 459 41 0.6303 0.6342 154.419 154.064 -0.27284 0.44469 0 52
520 466 42 0.6496 0.6497 157.412 157.821 -0.30884 0.42669 -0 53
520 479 43 0.6483 0.6499 154.757 154.728 -0.28484 0.45069 -0 52
520 511 44 0.6561 0.656 159.495 159.797 -0.32684 0.41469 -0 54
520 448 45 0.6601 0.6557 148.484 148.589 -0.23684 0.49869 -1 53
520 520 46 0.659 0.6616 159.806 160.221 -0.33284 0.41469 0 54
520 476 47 0.6165 0.6178 146.287 145.829 -0.20084 0.48669 -1 53
520 449 48 0.6324 0.6391 157.238 157.695 -0.30284 0.42069 -0 53
520 563 49 0.7573 0.7666 154.192 154.387 -0.33284 0.53469 -0 55
564 576 0 0.6526 0.6515 160.538 160.907 -0.33284 0.40269 -0 54
564 531 1 0.6599 0.6611 158.674 159.463 -0.32684 0.42069 -0 54
564 542 2 0.7282 0.7355 153.158 153.228 -0.30884 0.52269 -0 55
564 521 3 0.6248 0.6295 159.09 159.96 -0.31484 0.39669 -0 54
564 479 4 0.6843 0.6866 149.289 149.363 -0.25484 0.51669 -0 54
564 583 5 0.7499 0.7535 150.847 151.154 -0.29684 0.55269 -0 55
564 630 6 0.7783 0.7769 155.137 155.184 -0.34484 0.53469 -0 55
564 603 7 0.7354 0.7456 158.35 158.793 -0.36284 0.48069 -0 55
564 465 8 0.703 0.7188 157.231 158.2 -0.34484 0.46869 0 55
564 542 9 0.6715 0.6717 159.301 159.557 -0.33284 0.42669 0 55
564 610 10 0.7597 0.7615 153.887 153.981 -0.32684 0.53469 -0 55
564 528 11 0.6158 0.6194 159.924 160.676 -0.31484 0.38469 -0 54
564 576 12 0.7448 0.7556 156.159 156.892 -0.35084 0.50469 -0 55
564 554 13 0.6724 0.6723 159.767 160.303 -0.33884 0.42069 0 54
564 555 14 0.7071 0.715 160.271 160.605 -0.36284 0.44469 0 55
564 542 15 0.6485 0.6504 158.996 159.366 -0.32084 0.41469 -0 54
564 549 16 0.6641 0.6666 159.368 159.886 -0.33284 0.42069 -0 54
564 521 17 0.6456 0.65 158.193 158.594 -0.31484 0.42069 -0 54
564 550 18 0.6669 0.6666 159.409 159.886 -0.33284 0.42069 -0 54
564 455 19 0.6126 0.6233 157.193 157.901 -0.29684 0.40869 -0 54
564 554 20 0.7471 0.7518 148.661 148.724 -0.27284 0.57069 -0 55
564 626 21 0.775 0.7772 154.542 154.538 -0.33884 0.54069 -0 55
564 543 22 0.6452 0.6463 152.092 151.919 -0.26084 0.46869 -0 52
564 532 23 0.6436 0.6504 158.655 159.366 -0.32084 0.41469 -0 54
564 580 24 0.7637 0.7659 146.908 147.003 -0.26084 0.59469 -1 54
564 577 25 0.7582 0.76 150.094 150.266 -0.29084 0.56469 -0 55
564 530 26 0.7179 0.7256 152.294 152.359 -0.29684 0.52269 -0 55
564 620 27 0.7783 0.7767 156.794 156.478 -0.35684 0.52269 -0 55
564 549 28 0.7478 0.7558 146.366 146.747 -0.25484 0.58869 -1 55
564 632 29 0.7771 0.7717 158.197 158.044 -0.36884 0.50469 -0 54
564 556 30 0.7424 0.745 149.099 149.608 -0.27884 0.55869 -1 55
564 543 31 0.7427 0.7473 148.107 148.273 -0.26684 0.57069 -0 55
564 494 32 0.6832 0.679 151.335 151.074 -0.26684 0.49869 -0 54
564 495 33 0.6332 0.6391 157.505 157.695 -0.30284 0.42069 -0 54
564 508 34 0.6721 0.671 158.04 158.061 -0.32084 0.43869 0 54
564 623 35 0.7549 0.7611 157.799 157.941 -0.36284 0.49869 -0 55
564 568 36 0.742 0.7556 156.128 156.892 -0.35084 0.50469 -0 55
564 559 37 0.7318 0.7383 150.057 150.509 -0.28484 0.54669 -0 55
564 483 38 0.6739 0.6706 149.159 149.356 -0.24884 0.50469 -1 54
564 641 39 0.7584 0.7614 158.407 158.601 -0.36884 0.49269 -0 55
564 481 40 0.6793 0.6661 154.361 153.852 -0.28484 0.46869 0 54
564 530 41 0.6222 0.6301 159.623 160.756 -0.32084 0.39069 -0 54
564 522 42 0.6579 0.6553 154.693 154.431 -0.28484 0.45669 -0 53
564 607 43 0.7431 0.7507 157.766 158.505 -0.36284 0.48669 -0 55
564 624 44 0.7692 0.7715 157.151 157.393 -0.36284 0.51069 -0 55
564 462 45 0.6207 0.6284 156.504 156.765 -0.29084 0.42069 0 53
564 551 46 0.727 0.728 149.99 150.293 -0.27884 0.54069 -0 55
564 557 47 0.6279 0.6358 160.344 161.188 -0.32684 0.39069 -0 54
564 491 48 0.6235 0.6342 157.976 158.819 -0.30884 0.40869 -0 54
564 494 49 0.6794 0.6743 150.65 150.591 -0.26084 0.49869 -0 54
607 647 0 0.756 0.7609 156.705 157.281 -0.35684 0.50469 -0 56
607 552 1 0.6893 0.6875 158.79 159.327 -0.33884 0.43869 0 56
607 557 2 0.6699 0.6679 151.607 151.597 -0.26684 0.48669 -0 54
607 559 3 0.6583 0.6536 150.073 150.112 -0.24884 0.48669 -1 54
607 529 4 0.6732 0.6708 156.685 156.563 -0.30884 0.45069 0 55
607 621 5 0.766 0.7656 150.2 150.044 -0.29084 0.57069 -1 56
607 650 6 0.7605 0.7661 155.898 156.354 -0.35084 0.51669 -0 56
607 548 7 0.654 0.6546 149.167 149.349 -0.24284 0.49269 -1 54
607 545 8 0.652 0.6496 156.866 157.048 -0.30284 0.43269 -0 54
607 572 9 0.6449 0.6504 158.577 159.366 -0.32084 0.41469 -0 55
607 668 10 0.7781 0.7768 155.618 155.831 -0.35084 0.52869 -1 56
607 553 11 0.6605 0.655 155.378 155.198 -0.29084 0.45069 -0 54
607 599 12 0.7272 0.7319 151.636 151.426 -0.29084 0.53469 -0 55
607 577 13 0.652 0.6555 158.727 159.032 -0.32084 0.42069 -0 55
607 578 14 0.6574 0.6561 153.054 152.9 -0.27284 0.46869 -0 53
607 481 15 0.6955 0.6926 154.283 153.932 -0.29684 0.48669 0 55
607 622 16 0.6613 0.6622 160.981 160.978 -0.33884 0.40869 -0 55
607 637 17 0.7606 0.7576 152.091 152.244 -0.30884 0.54669 -0 56
607 519 18 0.659 0.6497 146.459 146.017 -0.21284 0.51069 -1 55
607 582 19 0.6172 0.6251 160.305 161.117 -0.32084 0.38469 -0 55
607 690 20 0.7644 0.7669 158.807 158.976 -0.37484 0.49269 -0 55
607 581 21 0.6876 0.688 159.749 160.056 -0.34484 0.43269 -0 56
607 560 22 0.6597 0.6583 150.225 150.614 -0.25484 0.48669 -1 54
607 586 23 0.7215 0.728 149.786 150.293 -0.27884 0.54069 -0 55
607 556 24 0.6816 0.682 158.719 158.912 -0.33284 0.43869 0 55
607 581 25 0.6408 0.6457 152.617 152.695 -0.26684 0.46269 -0 53
607 505 26 0.6706 0.6672 147.693 148.108 -0.23684 0.51069 -1 55
607 516 27 0.719 0.7293 154.665 154.859 -0.32084 0.50469 -0 56
607 557 28 0.6386 0.6447 154.361 154.25 -0.27884 0.45069 -0 53
607 483 29 0.7114 0.7186 155.11 155.403 -0.32084 0.49269 0 56
607 691 30 0.7529 0.7566 159.629 159.549 -0.37484 0.48069 -0 55
607 621 31 0.7659 0.7656 150.138 150.044 -0.29084 0.57069 -1 56
607 512 32 0.7129 0.7223 146.756 147.304 -0.24884 0.55869 -0 55
607 617 33 0.7409 0.7503 156.714 157.166 -0.35084 0.49869 -0 56
607 583 34 0.7238 0.7336 149.566 150.061 -0.27884 0.54669 -0 55
607 539 35 0.722 0.7397 156.29 157.048 -0.34484 0.49269 -0 56
607 617 36 0.663 0.6622 160.529 160.978 -0.33884 0.40869 -0 55
607 561 37 0.6592 0.6556 154.358 153.665 -0.27884 0.46269 -0 54
607 670 38 0.7423 0.7511 158.948 159.174 -0.36884 0.48069 -0 55
607 571 39 0.7327 0.7358 148.183 148.704 -0.26684 0.55869 -0 55
607 597 40 0.7448 0.7506 148.892 149.387 -0.27884 0.56469 -1 56
607 587 41 0.7463 0.7543 147.258 147.404 -0.26084 0.58269 -1 55
607 509 42 0.6968 0.6936 152.976 152.484 -0.28484 0.49869 -0 55
607 471 43 0.6954 0.6869 155.176 154.939 -0.30284 0.47469 0 56
607 692 44 0.7633 0.7617 159.032 159.26 -0.37484 0.48669 -0 55
607 569 45 0.7298 0.7401 154.052 154.332 -0.32084 0.51669 -0 56
607 637 46 0.7362 0.7456 157.986 158.793 -0.36284 0.48069 -0 56
607 632 47 0.7233 0.7358 159.52 160.062 -0.36884 0.46269 -0 56
607 612 48 0.7142 0.7207 160.541 160.988 -0.36884 0.44469 0 56
607 509 49 0.6898 0.6869 157.452 157.866 -0.32684 0.45069 0 56
651 527 0 0.6131 0.618 154.87 154.991 -0.27284 0.42669 -0 54
651 678 1 0.7429 0.7504 157.358 157.836 -0.35684 0.49269 -0 56
651 545 2 0.6694 0.6686 147.297 147.365 -0.23084 0.51669 -1 55
651 601 3 0.6143 0.6245 159.645 160.315 -0.31484 0.39069 -0 55
651 598 4 0.716 0.7294 157.648 158.304 -0.35084 0.47469 -0 57
651 613 5 0.6538 0.6506 153.828 153.184 -0.27284 0.46269 -0 54
651 643 6 0.7497 0.7563 148.927 149.169 -0.27884 0.57069 -1 56
651 674 7 0.7381 0.7507 157.67 158.505 -0.36284 0.48669 -0 56
651 603 8 0.6197 0.6178 146.148 145.829 -0.20084 0.48669 -1 55
651 585 9 0.668 0.6656 157.34 157.625 -0.31484 0.43869 -0 55
651 593 10 0.6218 0.6303 151.764 151.977 -0.25484 0.45669 -0 54
651 728 11 0.747 0.7515 159.916 159.841 -0.37484 0.47469 -0 56
651 527 12 0.7051 0.7132 156.483 157.09 -0.33284 0.47469 0 57
651 634 13 0.7465 0.7518 148.241 148.724 -0.27284 0.57069 -1 56
651 575 14 0.6877 0.6894 151.34 151.294 -0.27284 0.50469 -0 55
651 564 15 0.6221 0.6288 154.168 154.368 -0.27284 0.43869 -0 54
651 575 16 0.6801 0.6721 153.235 152.823 -0.27884 0.48069 -0 55
651 514 17 0.6943 0.6867 155.805 155.671 -0.30884 0.46869 0 56
651 706 18 0.7496 0.7559 158.028 158.221 -0.36284 0.49269 -0 56
651 736 19 0.7607 0.7578 160.97 160.873 -0.38684 0.46869 -0 56
651 610 20 0.7151 0.7207 151.997 151.915 -0.29084 0.52269 -0 56
651 547 21 0.7077 0.709 153.54 153.127 -0.29684 0.50469 -0 56
651 597 22 0.6709 0.6623 152.089 151.864 -0.26684 0.48069 -0 54
651 612 23 0.6605 0.6567 151.868 152.136 -0.26684 0.47469 -1 54
651 588 24 0.6405 0.6443 155.581 155.809 -0.29084 0.43869 -0 54
651 657 25 0.7484 0.7487 150.254 150.719 -0.29084 0.55269 -1 56
651 560 26 0.6902 0.6887 152.527 152.021 -0.27884 0.49869 -0 55
651 539 27 0.6977 0.6986 153.357 152.941 -0.29084 0.49869 -0 56
651 664 28 0.7673 0.7656 150.114 150.044 -0.29084 0.57069 -1 57
651 641 29 0.7391 0.7456 154.193 154.074 -0.32084 0.52269 -0 57
651 699 30 0.7658 0.767 153.425 153.733 -0.32684 0.54069 -1 57
651 524 31 0.6991 0.702 146.229 146.762 -0.23684 0.54669 -1 56
651 636 32 0.6996 0.6993 160.754 160.855 -0.35684 0.43269 -0 57
651 551 33 0.6958 0.6992 147.728 148.179 -0.24884 0.53469 -1 56
651 527 34 0.6799 0.6817 146.217 146.187 -0.22484 0.53469 -1 56
651 534 35 0.6953 0.6973 157.083 157.26 -0.32684 0.46269 0 57
651 662 36 0.7709 0.7695 150.883 151.123 -0.30284 0.56469 -1 57
651 589 37 0.6467 0.6496 156.905 157.048 -0.30284 0.43269 -0 55
651 666 38 0.7406 0.7423 151.498 151.625 -0.29684 0.54069 -1 56
651 708 39 0.7345 0.7414 160.468 160.438 -0.37484 0.46269 -0 56
651 677 40 0.7486 0.752 152.454 152.485 -0.30884 0.54069 -1 57
651 621 41 0.6554 0.6519 151.921 151.644 -0.26084 0.47469 -1 54
651 571 42 0.709 0.7152 147.803 148.212 -0.25484 0.54669 -1 56
651 580 43 0.6945 0.7007 150.717 150.793 -0.27284 0.51669 -0 55
651 558 44 0.6765 0.6763 148.699 149.113 -0.24884 0.51069 -1 55
651 569 45 0.6908 0.6969 149.408 149.606 -0.26084 0.52269 -1 55
651 573 46 0.6127 0.6215 149.806 150.136 -0.23684 0.46269 -1 54
651 726 47 0.7731 0.772 158.499 158.695 -0.37484 0.49869 -1 56
651 564 48 0.6173 0.6235 157.994 158.707 -0.30284 0.40269 -0 55
651 665 49 0.7668 0.7695 150.937 151.123 -0.30284 0.56469 -1 57
43 130 0 0.6203 0.5388 149.883 153.919 -0.23084 0.37869 1 50
43 132 1 0.67 0.5388 152.085 153.919 -0.23084 0.37869 1 50
43 132 2 0.6693 0.5388 153.285 153.919 -0.23084 0.37869 1 50
43 131 3 0.6939 0.5388 160.099 153.919 -0.23084 0.37869 1 50
43 135 4 0.731 0.7622 157.656 159.919 -0.38084 0.48069 1 50
43 131 5 0.6933 0.5388 153.386 153.919 -0.23084 0.37869 1 50
43 131 6 0.7141 0.5388 149.578 153.919 -0.23084 0.37869 1 50
43 131 7 0.7093 0.5388 155.087 153.919 -0.23084 0.37869 1 50
43 130 8 0.768 0.5388 148.822 153.919 -0.23084 0.37869 1 50
43 130 9 0.7778 0.5388 152.335 153.919 -0.23084 0.37869 1 51
43 131 10 0.7571 0.5388 156.228 153.919 -0.23084 0.37869 1 50
43 130 11 0.7596 0.5388 152.43 153.919 -0.23084 0.37869 1 50
43 131 12 0.7636 0.5388 148.84 153.919 -0.23084 0.37869 1 50
43 132 13 0.699 0.5388 153.868 153.919 -0.23084 0.37869 1 50
43 146 14 0.7456 0.7622 159.285 159.919 -0.38084 0.48069 1 50
43 132 15 0.6804 0.5388 149.757 153.919 -0.23084 0.37869 1 50
43 129 16 0.7428 0.5388 152.801 153.919 -0.23084 0.37869 1 50
43 131 17 0.6827 0.5388 159.346 153.919 -0.23084 0.37869 1 50
43 131 18 0.7121 0.5388 160.059 153.919 -0.23084 0.37869 1 50
43 130 19 0.6409 0.5388 146.309 153.919 -0.23084 0.37869 1 50
43 131 20 0.6517 0.5388 152.666 153.919 -0.23084 0.37869 1 50
43 131 21 0.7224 0.7622 157.335 159.919 -0.38084 0.48069 1 50
43 133 22 0.7175 0.7572 158.294 160.212 -0.38084 0.47469 1 50
43 131 23 0.7652 0.5388 148.504 153.919 -0.23084 0.37869 1 50
43 131 24 0.7713 0.5388 146.169 153.919 -0.23084 0.37869 1 50
43 131 25 0.6335 0.5388 149.978 153.919 -0.23084 0.37869 1 50
43 131 26 0.7281 0.5388 150.093 153.919 -0.23084 0.37869 1 50
43 133 27 0.6773 0.5388 153.769 153.919 -0.23084 0.37869 1 50
43 131 28 0.7261 0.5388 147.446 153.919 -0.23084 0.37869 1 50
43 132 29 0.6418 0.5388 153.233 153.919 -0.23084 0.37869 1 50
43 131 30 0.7169 0.5388 154.796 153.919 -0.23084 0.37869 1 50
43 137 31 0.6129 0.5388 155.051 153.919 -0.23084 0.37869 1 50
43 131 32 0.775 0.5388 149.661 153.919 -0.23084 0.37869 1 50
43 131 33 0.6746 0.5388 147.993 153.919 -0.23084 0.37869 1 50
43 130 34 0.7713 0.5388 152.119 153.919 -0.23084 0.37869 1 51
43 131 35 0.7424 0.5388 148.356 153.919 -0.23084 0.37869 1 50
43 131 36 0.7036 0.5388 149.151 153.919 -0.23084 0.37869 1 50
43 132 37 0.6806 0.5388 160.966 153.919 -0.23084 0.37869 1 50
43 130 38 0.6827 0.5388 155.357 153.919 -0.23084 0.37869 1 50
43 140 39 0.7309 0.7572 159.768 160.212 -0.38084 0.47469 1 50
43 130 40 0.7635 0.5388 153.071 153.919 -0.23084 0.37869 1 51
43 146 41 0.7444 0.7572 160.388 160.212 -0.38084 0.47469 1 50
43 131 42 0.7718 0.5388 148.733 153.919 -0.23084 0.37869 1 50
43 131 43 0.6738 0.5388 157.741 153.919 -0.23084 0.37869 1 50
43 149 44 0.7574 0.7622 159.654 159.919 -0.38084 0.48069 1 50
43 135 45 0.6288 0.5388 155.934 153.919 -0.23084 0.37869 1 50
43 132 46 0.6591 0.5388 151.108 153.919 -0.23084 0.37869 1 50
43 132 47 0.6661 0.5388 151.965 153.919 -0.23084 0.37869 1 50
43 130 48 0.7648 0.5388 149.73 153.919 -0.23084 0.37869 1 50
43 144 49 0.7483 0.7572 161.055 160.212 -0.38084 0.47469 1 50
87 130 0 0.7481 0.5388 147.519 153.919 -0.23084 0.37869 1 51
87 134 1 0.6514 0.5388 154.698 153.919 -0.23084 0.37869 1 50
87 138 2 0.7404 0.7716 155.099 155.439 -0.34484 0.52869 1 50
87 133 3 0.6506 0.5388 156.262 153.919 -0.23084 0.37869 1 50
87 130 4 0.6911 0.5388 146.077 153.919 -0.23084 0.37869 1 50
87 129 5 0.7492 0.5388 149.512 153.919 -0.23084 0.37869 1 51
87 131 6 0.6866 0.5388 157.976 153.919 -0.23084 0.37869 1 50
87 134 7 0.6978 0.7521 160.533 160.508 -0.38084 0.46869 1 50
87 165 8 0.7214 0.7572 158.741 160.212 -0.38084 0.47469 1 50
87 132 9 0.6796 0.5388 155.104 153.919 -0.23084 0.37869 1 50
87 146 10 0.7191 0.7566 156.403 159.549 -0.37484 0.48069 1 50
87 133 11 0.672 0.5388 149.157 153.919 -0.23084 0.37869 1 50
87 132 12 0.6602 0.5388 160.302 153.919 -0.23084 0.37869 1 50
87 131 13 0.6298 0.5388 151.511 153.919 -0.23084 0.37869 1 50
87 131 14 0.6274 0.5388 146.858 153.919 -0.23084 0.37869 1 50
87 129 15 0.6169 0.5388 149.148 153.919 -0.23084 0.37869 1 50
87 130 16 0.6576 0.5388 146.296 153.919 -0.23084 0.37869 1 50
87 158 17 0.7605 0.7823 153.988 154.932 -0.34484 0.54069 1 50
87 138 18 0.7119 0.7566 156.044 159.549 -0.37484 0.48069 1 50
87 176 19 0.7411 0.7617 157.943 159.26 -0.37484 0.48669 1 50
87 130 20 0.6894 0.7572 159.37 160.212 -0.38084 0.47469 1 50
87 131 21 0.7693 0.5388 149.36 153.919 -0.23084 0.37869 1 51
87 132 22 0.7781 0.7895 149.016 148.557 -0.28484 0.60069 1 51
87 130 23 0.7241 0.5388 146.552 153.919 -0.23084 0.37869 1 50
87 135 24 0.633 0.5388 155.014 153.919 -0.23084 0.37869 1 50
87 132 25 0.6923 0.5388 149.868 153.919 -0.23084 0.37869 1 50
87 132 26 0.7236 0.5388 153.023 153.919 -0.23084 0.37869 1 51
87 132 27 0.6565 0.5388 152.157 153.919 -0.23084 0.37869 1 50
87 154 28 0.7692 0.7826 152.658 154.29 -0.33884 0.54669 1 51
87 133 29 0.617 0.5393 152.976 152.988 -0.22484 0.38469 1 50
87 130 30 0.7396 0.5388 146.362 153.919 -0.23084 0.37869 1 50
87 128 31 0.6149 0.5388 148.456 153.919 -0.23084 0.37869 1 50
87 131 32 0.7562 0.5388 146.984 153.919 -0.23084 0.37869 1 51
87 131 33 0.6722 0.5388 154.828 153.919 -0.23084 0.37869 1 50
87 133 34 0.7042 0.7566 156.043 159.549 -0.37484 0.48069 1 50
87 130 35 0.6681 0.5388 160.85 153.919 -0.23084 0.37869 1 51
87 131 36 0.7492 0.5388 147.174 153.919 -0.23084 0.37869 1 50
87 130 37 0.7137 0.5388 149.234 153.919 -0.23084 0.37869 1 50
87 134 38 0.6536 0.5388 155.182 153.919 -0.23084 0.37869 1 50
87 150 39 0.7516 0.7772 153.427 154.538 -0.33884 0.54069 1 50
87 140 40 0.6991 0.7521 159.393 160.508 -0.38084 0.46869 1 50
87 159 41 0.7606 0.7823 154.11 154.932 -0.34484 0.54069 0 50
87 131 42 0.7617 0.5388 149.949 153.919 -0.23084 0.37869 1 51
87 130 43 0.6957 0.5388 147.062 153.919 -0.23084 0.37869 1 50
87 132 44 0.7154 0.5388 150.036 153.919 -0.23084 0.37869 1 50
87 130 45 0.6573 0.5388 147.063 153.919 -0.23084 0.37869 1 50
87 139 46 0.628 0.5388 157.347 153.919 -0.23084 0.37869 1 50
87 134 47 0.6405 0.5388 160.932 153.919 -0.23084 0.37869 1 50
87 151 48 0.7715 0.7826 152.361 154.29 -0.33884 0.54669 1 51
87 132 49 0.6407 0.5388 148.087 153.919 -0.23084 0.37869 1 50
130 129 0 0.6327 0.5388 149.62 153.919 -0.23084 0.37869 1 50
130 186 1 0.7701 0.783 152.255 153.649 -0.33284 0.55269 0 51
130 186 2 0.7591 0.7725 152.551 153.488 -0.32684 0.54669 0 51
130 225 3 0.7732 0.7669 159.008 158.976 -0.37484 0.49269 0 50
130 139 4 0.6955 0.7566 155.906 159.549 -0.37484 0.48069 1 50
130 152 5 0.7519 0.7748 147.361 147.893 -0.27284 0.59469 0 51
130 144 6 0.7087 0.7562 155.553 158.885 -0.36884 0.48669 1 50
130 157 7 0.7317 0.7664 153.685 155.043 -0.33884 0.52869 1 51
130 233 8 0.7556 0.7622 159.681 159.919 -0.38084 0.48069 0 50
130 155 9 0.6126 0.5388 158.153 153.919 -0.23084 0.37869 1 50
130 132 10 0.6615 0.5388 157.82 153.919 -0.23084 0.37869 1 50
130 136 11 0.6452 0.5388 158.198 153.919 -0.23084 0.37869 1 50
130 226 12 0.7428 0.7572 159.957 160.212 -0.38084 0.47469 1 50
130 133 13 0.6878 0.5388 152.147 153.919 -0.23084 0.37869 1 50
130 204 14 0.7659 0.7665 157.086 158.321 -0.36884 0.49869 0 51
130 135 15 0.7163 0.5388 154.308 153.919 -0.23084 0.37869 1 51
130 227 16 0.7603 0.7617 158.631 159.26 -0.37484 0.48669 0 50
130 129 17 0.6214 0.5388 149.065 153.919 -0.23084 0.37869 1 50
130 131 18 0.6219 0.5388 146.206 153.919 -0.23084 0.37869 1 51
130 134 19 0.702 0.5388 154.225 153.919 -0.23084 0.37869 1 50
130 135 20 0.636 0.5388 154.437 153.919 -0.23084 0.37869 1 50
130 140 21 0.676 0.6729 159.856 161.048 -0.34484 0.41469 1 51
130 131 22 0.637 0.5388 149.071 153.919 -0.23084 0.37869 1 50
130 130 23 0.6332 0.5388 151.136 153.919 -0.23084 0.37869 1 50
130 165 24 0.7611 0.7748 147.694 147.893 -0.27284 0.59469 0 51
130 133 25 0.6904 0.5388 150.352 153.919 -0.23084 0.37869 1 50
130 129 26 0.6157 0.5388 149.866 153.919 -0.23084 0.37869 1 50
130 199 27 0.7758 0.7768 156.871 157.124 -0.36284 0.51669 0 51
130 143 28 0.7272 0.7431 149.754 150.951 -0.29084 0.54669 0 51
130 131 29 0.6517 0.5388 148.413 153.919 -0.23084 0.37869 1 50
130 133 30 0.7055 0.5388 152.342 153.919 -0.23084 0.37869 1 51
130 131 31 0.6658 0.5388 158.317 153.919 -0.23084 0.37869 1 51
130 129 32 0.7089 0.5388 147.483 153.919 -0.23084 0.37869 1 51
130 131 33 0.6446 0.5388 151.778 153.919 -0.23084 0.37869 1 50
130 151 34 0.7289 0.7666 153.475 154.387 -0.33284 0.53469 1 51
130 145 35 0.7248 0.7515 152.321 153.152 -0.31484 0.53469 1 50
130 130 36 0.7125 0.5388 148.993 153.919 -0.23084 0.37869 1 51
130 131 37 0.7093 0.5388 149.933 153.919 -0.23084 0.37869 1 51
130 146 38 0.7478 0.76 149.227 150.266 -0.29084 0.56469 1 51
130 226 39 0.7523 0.7617 158.802 159.26 -0.37484 0.48669 0 50
130 134 40 0.6667 0.5388 152.642 153.919 -0.23084 0.37869 1 50
130 131 41 0.738 0.7646 147.008 147.651 -0.26684 0.58869 1 50
130 178 42 0.7447 0.7716 154.494 155.439 -0.34484 0.52869 0 51
130 131 43 0.6333 0.5388 146.765 153.919 -0.23084 0.37869 1 50
130 153 44 0.6165 0.5388 157.16 153.919 -0.23084 0.37869 1 50
130 130 45 0.628 0.5388 148.438 153.919 -0.23084 0.37869 1 50
130 181 46 0.7646 0.7725 151.987 153.488 -0.32684 0.54669 0 51
130 161 47 0.6348 0.6473 160.413 162.031 -0.33884 0.39069 1 50
130 181 48 0.762 0.7725 152.026 153.488 -0.32684 0.54669 0 51
130 140 49 0.6347 0.5388 158.882 153.919 -0.23084 0.37869 1 50
173 209 0 0.7457 0.7576 151.914 152.244 -0.30884 0.54669 0 51
173 132 1 0.6592 0.5388 148.126 153.919 -0.23084 0.37869 1 51
173 176 2 0.6961 0.7364 159.932 160.743 -0.37484 0.45669 1 51
173 173 3 0.6976 0.7515 157.426 159.841 -0.37484 0.47469 1 51
173 248 4 0.7692 0.7717 157.407 158.044 -0.36884 0.50469 0 51
173 150 5 0.6137 0.5399 153.234 152.059 -0.21884 0.39069 1 50
173 204 6 0.772 0.7781 149.223 148.969 -0.28484 0.58869 0 51
173 245 7 0.7705 0.7715 157.083 157.393 -0.36284 0.51069 0 51
173 231 8 0.7562 0.7716 154.99 155.439 -0.34484 0.52869 0 51
173 145 9 0.6348 0.6172 146.665 143.662 -0.18284 0.49869 0 50
173 185 10 0.7279 0.7515 152.723 153.152 -0.31484 0.53469 0 51
173 135 11 0.6759 0.7515 157.136 159.841 -0.37484 0.47469 1 51
173 151 12 0.7109 0.728 148.731 150.293 -0.27884 0.54069 0 51
173 140 13 0.6731 0.6574 151.808 151.374 -0.26084 0.48069 1 50
173 130 14 0.6502 0.5388 148.325 153.919 -0.23084 0.37869 1 50
173 132 15 0.6782 0.5388 151.173 153.919 -0.23084 0.37869 1 51
173 187 16 0.7001 0.7414 159.312 160.438 -0.37484 0.46269 1 51
173 207 17 0.7744 0.7838 148.99 148.762 -0.28484 0.59469 0 51
173 139 18 0.6978 0.7271 149.914 150.98 -0.28484 0.53469 1 51
173 183 19 0.7284 0.7431 149.763 150.951 -0.29084 0.54669 0 51
173 270 20 0.7615 0.7628 161.017 160.576 -0.38684 0.47469 0 51
173 178 21 0.6561 0.6565 159.206 160.561 -0.33284 0.40869 1 51
173 141 22 0.6218 0.5393 153.384 152.988 -0.22484 0.38469 1 50
173 220 23 0.7144 0.7465 159.315 160.138 -0.37484 0.46869 0 51
173 128 24 0.6902 0.5388 146.616 153.919 -0.23084 0.37869 1 51
173 166 25 0.7017 0.7511 156.284 159.174 -0.36884 0.48069 1 51
173 132 26 0.676 0.5388 148.505 153.919 -0.23084 0.37869 1 51
173 193 27 0.7395 0.7487 150.017 150.719 -0.29084 0.55269 0 51
173 161 28 0.6581 0.6512 152.386 152.413 -0.26684 0.46869 1 50
173 129 29 0.6662 0.5388 146.494 153.919 -0.23084 0.37869 1 51
173 147 30 0.6307 0.6172 146.65 143.662 -0.18284 0.49869 0 50
173 143 31 0.6381 0.6172 146.566 143.662 -0.18284 0.49869 0 50
173 129 32 0.6944 0.5388 147.534 153.919 -0.23084 0.37869 1 51
173 149 33 0.7121 0.741 152.779 152.977 -0.30884 0.52869 1 51
173 143 34 0.6585 0.6502 155.102 153.955 -0.27884 0.45669 1 50
173 142 35 0.6734 0.6561 153.259 152.9 -0.27284 0.46869 1 50
173 269 36 0.7496 0.7572 159.541 160.212 -0.38084 0.47469 0 51
173 132 37 0.6424 0.6432 148.407 149.861 -0.24284 0.48069 0 50
173 138 38 0.6517 0.6611 157.431 159.463 -0.32684 0.42069 1 50
173 213 39 0.7636 0.768 151.45 152.426 -0.31484 0.55269 0 51
173 153 40 0.6224 0.5388 156.941 153.919 -0.23084 0.37869 1 50
173 131 41 0.6998 0.5388 147.949 153.919 -0.23084 0.37869 1 51
173 191 42 0.7244 0.7559 155.925 158.221 -0.36284 0.49269 0 51
173 140 43 0.617 0.5399 152.415 152.059 -0.21884 0.39069 1 50
173 148 44 0.6237 0.5393 155.061 152.988 -0.22484 0.38469 1 50
173 139 45 0.6386 0.5388 156.494 153.919 -0.23084 0.37869 1 50
173 138 46 0.7149 0.7346 147.562 149.382 -0.27284 0.55269 0 51
173 191 47 0.7328 0.7609 154.965 155.961 -0.34484 0.51669 0 51
173 147 48 0.6454 0.6232 146.248 143.451 -0.18284 0.50469 0 50
173 162 49 0.6408 0.6457 152.638 152.695 -0.26684 0.46269 1 50
217 208 0 0.6888 0.6886 159.779 160.785 -0.35084 0.42669 1 51
217 270 1 0.7369 0.7562 157.28 158.885 -0.36884 0.48669 0 51
217 142 2 0.6919 0.6672 153.761 152.347 -0.27284 0.48069 1 51
217 149 3 0.6674 0.6391 146.228 143.606 -0.18884 0.51669 0 51
217 144 4 0.6621 0.6512 147.724 148.071 -0.23084 0.49869 0 51
217 158 5 0.6834 0.6616 154.008 152.621 -0.27284 0.47469 1 51
217 315 6 0.7621 0.7617 159.275 159.26 -0.37484 0.48669 0 51
217 225 7 0.6894 0.6836 160.988 161.115 -0.35084 0.42069 0 51
217 199 8 0.635 0.6414 150.684 151.417 -0.25484 0.46869 0 50
217 181 9 0.6298 0.6329 148.809 149.602 -0.23684 0.47469 0 50
217 255 10 0.7696 0.7761 146.83 147.252 -0.26684 0.60069 0 51
217 314 11 0.7673 0.7628 160.663 160.576 -0.38684 0.47469 0 51
217 173 12 0.6744 0.6713 157.762 158.809 -0.32684 0.43269 1 51
217 182 13 0.7279 0.7486 146.762 147.609 -0.26084 0.57669 0 51
217 169 14 0.6306 0.6453 157.441 159.705 -0.32084 0.40869 0 50
217 206 15 0.6196 0.6358 159.218 161.188 -0.32684 0.39069 0 51
217 194 16 0.694 0.7358 158.463 160.062 -0.36884 0.46269 1 51
217 305 17 0.7726 0.7669 158.591 158.976 -0.37484 0.49269 0 51
217 193 18 0.6661 0.6567 152.264 152.136 -0.26684 0.47469 1 50
217 289 19 0.7564 0.7665 157.37 158.321 -0.36884 0.49869 0 51
217 173 20 0.6988 0.7223 149.258 150.528 -0.27884 0.53469 0 51
217 242 21 0.7385 0.7515 152.83 153.152 -0.31484 0.53469 0 51
217 220 22 0.7221 0.7367 151.521 151.866 -0.29684 0.53469 0 51
217 168 23 0.6185 0.6237 147.96 148.535 -0.22484 0.47469 0 50
217 155 24 0.6341 0.6443 156.396 156.589 -0.29684 0.43269 1 50
217 183 25 0.6308 0.6397 153.818 153.766 -0.27284 0.45069 1 50
217 182 26 0.6201 0.631 150.723 151.183 -0.24884 0.46269 0 50
217 205 27 0.6482 0.6463 152.456 151.919 -0.26084 0.46869 0 50
217 198 28 0.7271 0.7403 148.096 149.159 -0.27284 0.55869 0 51
217 172 29 0.6368 0.634 148.142 148.815 -0.23084 0.48069 0 50
217 238 30 0.6744 0.6679 161.01 161.388 -0.34484 0.40869 0 51
217 287 31 0.7723 0.7715 157.132 157.393 -0.36284 0.51069 0 51
217 251 32 0.7437 0.7565 153.217 153.569 -0.32084 0.53469 0 51
217 196 33 0.7086 0.7271 150.738 150.98 -0.28484 0.53469 0 51
217 166 34 0.7035 0.7256 152.406 152.359 -0.29684 0.52269 1 51
217 241 35 0.6238 0.6366 161.029 161.975 -0.33284 0.38469 0 51
217 136 36 0.6828 0.6969 148.292 149.606 -0.26084 0.52269 0 51
217 190 37 0.65 0.6502 154.648 153.955 -0.27884 0.45669 1 50
217 155 38 0.6876 0.6679 152.138 151.597 -0.26684 0.48669 1 51
217 187 39 0.7189 0.7346 148.034 149.382 -0.27284 0.55269 0 51
217 281 40 0.7516 0.7611 157.145 157.941 -0.36284 0.49869 0 51
217 188 41 0.6251 0.6407 151.922 152.199 -0.26084 0.46269 0 50
217 193 42 0.6474 0.6451 154.331 153.472 -0.27284 0.45669 1 50
217 171 43 0.6225 0.6346 153.57 153.273 -0.26684 0.45069 1 50
217 163 44 0.6411 0.6496 156.377 156.274 -0.29684 0.43869 1 50
217 246 45 0.7163 0.746 157.887 159.466 -0.36884 0.47469 0 51
217 243 46 0.7398 0.7471 151.364 152.058 -0.30284 0.54069 0 51
217 180 47 0.6301 0.6453 157.865 159.705 -0.32084 0.40869 0 50
217 162 48 0.7079 0.7557 154.772 157.557 -0.35684 0.49869 1 51
217 153 49 0.6976 0.7562 155.051 158.885 -0.36884 0.48669 1 51
260 290 0 0.7433 0.7565 153.025 153.569 -0.32084 0.53469 0 51
260 152 1 0.6805 0.6846 146.929 147.418 -0.23684 0.52869 0 51
260 327 2 0.7764 0.7767 156.309 156.478 -0.35684 0.52269 0 51
260 216 3 0.7003 0.7119 149.547 150.308 -0.27284 0.52869 0 51
260 272 4 0.7324 0.7431 150.214 150.951 -0.29084 0.54669 0 51
260 201 5 0.6771 0.6607 155.055 154.139 -0.28484 0.46269 1 51
260 270 6 0.6482 0.6515 159.758 160.907 -0.33284 0.40269 0 51
260 211 7 0.6767 0.663 151.249 151.109 -0.26084 0.48669 0 51
260 334 8 0.759 0.7665 157.605 158.321 -0.36884 0.49869 0 51
260 300 9 0.7491 0.7664 154.554 155.043 -0.33884 0.52869 0 51
260 200 10 0.6483 0.6424 147.438 147.013 -0.21884 0.49869 0 51
260 179 11 0.6904 0.746 156.393 159.466 -0.36884 0.47469 1 51
260 275 12 0.7423 0.7487 149.899 150.719 -0.29084 0.55269 0 51
260 291 13 0.7449 0.7527 151.551 151.819 -0.30284 0.54669 0 51
260 239 14 0.7155 0.7311 152.253 152.111 -0.29684 0.52869 0 51
260 300 15 0.7773 0.7785 152.183 152.602 -0.32084 0.55869 0 52
260 225 16 0.7114 0.7233 148.565 149.837 -0.27284 0.54069 0 51
260 230 17 0.7181 0.7289 148.384 149.608 -0.27284 0.54669 0 51
260 233 18 0.6829 0.6824 158.858 159.647 -0.33884 0.43269 1 51
260 196 19 0.6579 0.65 148.156 148.835 -0.23684 0.49269 0 51
260 231 20 0.6674 0.6561 153.446 152.9 -0.27284 0.46869 1 50
260 217 21 0.7273 0.7441 146.558 147.149 -0.25484 0.57669 0 51
260 234 22 0.7071 0.7223 150.006 150.528 -0.27884 0.53469 0 51
260 274 23 0.6809 0.6786 160.965 161.451 -0.35084 0.41469 0 51
260 251 24 0.6908 0.6886 160.09 160.785 -0.35084 0.42669 0 51
260 198 25 0.6581 0.6413 146.292 144.929 -0.20084 0.51069 0 51
260 248 26 0.7069 0.7409 157.698 159.762 -0.36884 0.46869 0 51
260 284 27 0.7718 0.7695 150.714 151.123 -0.30284 0.56469 0 52
260 208 28 0.6702 0.6604 155.632 154.899 -0.29084 0.45669 1 51
260 216 29 0.7082 0.7233 148.431 149.837 -0.27284 0.54069 0 51
260 246 30 0.7206 0.7504 156.074 157.836 -0.35684 0.49269 0 51
260 237 31 0.696 0.7201 159.032 160.292 -0.36284 0.45069 1 51
260 285 32 0.6395 0.6465 160.671 161.257 -0.33284 0.39669 0 51
260 317 33 0.7508 0.7611 156.919 157.941 -0.36284 0.49869 0 51
260 220 34 0.6215 0.6352 152.502 152.483 -0.26084 0.45669 0 50
260 257 35 0.6147 0.6308 160.183 161.55 -0.32684 0.38469 0 51
260 190 36 0.6283 0.6391 156.741 157.695 -0.30284 0.42069 0 51
260 182 37 0.6158 0.6342 157.055 158.819 -0.30884 0.40869 0 51
260 211 38 0.6446 0.6497 157.261 157.821 -0.30884 0.42669 1 51
260 231 39 0.6763 0.6717 158.565 159.557 -0.33284 0.42669 1 51
260 224 40 0.6612 0.6553 154.981 154.431 -0.28484 0.45669 1 51
260 231 41 0.7202 0.7405 153.505 153.654 -0.31484 0.52269 0 51
260 252 42 0.7056 0.7409 158.197 159.762 -0.36884 0.46869 0 51
260 290 43 0.7607 0.7639 151.022 151.351 -0.30284 0.55869 0 52
260 281 44 0.7642 0.7667 149.376 149.393 -0.28484 0.57669 0 51
260 303 45 0.7784 0.7805 147.856 147.692 -0.27284 0.60069 0 51
260 353 46 0.7736 0.7678 160.414 160.283 -0.38684 0.48069 0 51
260 225 47 0.7052 0.7215 151.266 151.221 -0.28484 0.52869 0 51
260 359 48 0.7584 0.7622 160.027 159.919 -0.38084 0.48069 0 51
260 186 49 0.6238 0.6391 155.396 155.336 -0.28484 0.43869 1 50
304 312 0 0.7541 0.7621 148.62 148.955 -0.27884 0.57669 0 52
304 303 1 0.6822 0.6779 160.232 160.713 -0.34484 0.42069 0 52
304 250 2 0.6456 0.6496 157.009 157.048 -0.30284 0.43269 0 51
304 278 3 0.6525 0.6502 154.19 153.955 -0.27884 0.45669 0 51
304 251 4 0.702 0.7103 151.739 151.714 -0.28484 0.51669 0 51
304 390 5 0.7745 0.7628 160.975 160.576 -0.38684 0.47469 0 51
304 399 6 0.7645 0.7622 160.417 159.919 -0.38084 0.48069 0 51
304 324 7 0.7647 0.7656 149.985 150.044 -0.29084 0.57069 0 52
304 336 8 0.7472 0.7615 153.659 153.981 -0.32684 0.53469 0 52
304 237 9 0.6326 0.6443 156.891 157.369 -0.30284 0.42669 0 51
304 256 10 0.6608 0.655 155.853 155.198 -0.29084 0.45069 1 51
304 228 11 0.6595 0.6497 146.744 146.017 -0.21284 0.51069 -0 51
304 233 12 0.6796 0.6607 155.042 154.139 -0.28484 0.46269 0 51
304 281 13 0.6628 0.6567 152.37 152.136 -0.26684 0.47469 0 51
304 347 14 0.7727 0.773 152.253 152.839 -0.32084 0.55269 0 52
304 336 15 0.7468 0.7565 153.521 153.569 -0.32084 0.53469 0 52
304 278 16 0.6547 0.6527 150.608 150.877 -0.25484 0.48069 0 51
304 308 17 0.7317 0.741 152.99 152.977 -0.30884 0.52869 0 52
304 218 18 0.6135 0.6287 157.173 158.364 -0.30284 0.40869 0 51
304 269 19 0.6209 0.6352 158.723 160.4 -0.32084 0.39669 0 51
304 325 20 0.7186 0.746 158.307 159.466 -0.36884 0.47469 0 52
304 315 21 0.6629 0.6622 160.167 160.978 -0.33884 0.40869 0 51
304 259 22 0.7292 0.7441 146.461 147.149 -0.25484 0.57669 0 52
304 273 23 0.6442 0.6447 154.461 154.25 -0.27884 0.45069 0 50
304 281 24 0.7285 0.7403 148.296 149.159 -0.27284 0.55869 0 51
304 389 25 0.7443 0.7515 159.418 159.841 -0.37484 0.47469 0 51
304 278 26 0.7137 0.7456 156.812 158.793 -0.36284 0.48069 0 52
304 397 27 0.7535 0.7566 159.179 159.549 -0.37484 0.48069 0 51
304 276 28 0.6356 0.6401 153.454 152.981 -0.26684 0.45669 0 50
304 310 29 0.6861 0.6836 160.817 161.115 -0.35084 0.42069 0 52
304 356 30 0.755 0.7662 156.549 157.01 -0.35684 0.51069 0 52
304 276 31 0.7057 0.7353 157.721 159.38 -0.36284 0.46869 0 52
304 242 32 0.622 0.6342 153.982 154.064 -0.27284 0.44469 0 50
304 324 33 0.7424 0.7612 154.25 154.64 -0.33284 0.52869 0 52
304 257 34 0.6223 0.622 147.093 146.391 -0.20684 0.48669 -0 51
304 273 35 0.7242 0.7456 153.919 154.074 -0.32084 0.52269 0 52
304 262 36 0.6211 0.6319 150.157 150.391 -0.24284 0.46869 0 51
304 253 37 0.6677 0.6639 150.076 150.355 -0.25484 0.49269 0 51
304 268 38 0.7261 0.7358 147.7 148.704 -0.26684 0.55869 0 51
304 339 39 0.7677 0.768 151.73 152.426 -0.31484 0.55269 0 52
304 278 40 0.6284 0.6402 158.812 160.05 -0.32084 0.40269 0 51
304 255 41 0.7123 0.7305 152.95 152.796 -0.30284 0.52269 0 52
304 191 42 0.6822 0.6758 146.545 146.404 -0.22484 0.52869 0 51
304 335 43 0.7768 0.7736 151.819 152.19 -0.31484 0.55869 0 52
304 319 44 0.7595 0.7667 149.237 149.393 -0.28484 0.57669 0 52
304 383 45 0.7389 0.7521 160.037 160.508 -0.38084 0.46869 0 52
304 216 46 0.696 0.7095 147.287 148.435 -0.25484 0.54069 0 51
304 264 47 0.6728 0.6616 152.92 152.621 -0.27284 0.47469 0 51
304 239 48 0.6343 0.639 156.1 156.123 -0.29084 0.43269 0 51
304 279 49 0.7331 0.7415 147.865 148.487 -0.26684 0.56469 0 52
347 325 0 0.6555 0.6506 153.697 153.184 -0.27284 0.46269 0 51
347 299 1 0.7162 0.7243 148.077 149.148 -0.26684 0.54669 0 52
347 249 2 0.7034 0.7166 146.478 147.518 -0.24884 0.55269 0 52
347 438 3 0.7734 0.7673 159.614 159.63 -0.38084 0.48669 -0 52
347 313 4 0.6266 0.6352 152.405 152.483 -0.26084 0.45669 0 50
347 295 5 0.6325 0.6449 157.8 158.927 -0.31484 0.41469 0 51
347 262 6 0.6951 0.7038 147.733 148.661 -0.25484 0.53469 0 52
347 280 7 0.6341 0.639 156.08 156.123 -0.29084 0.43269 0 51
347 301 8 0.6474 0.6496 155.654 155.501 -0.29084 0.44469 0 51
347 236 9 0.6783 0.6758 146.643 146.404 -0.22484 0.52869 0 52
347 280 10 0.6857 0.6903 150.364 150.569 -0.26684 0.51069 0 51
347 399 11 0.743 0.7559 157.488 158.221 -0.36284 0.49269 0 52
347 315 12 0.7262 0.7401 154.102 154.332 -0.32084 0.51669 0 52
347 362 13 0.7612 0.7667 149.102 149.393 -0.28484 0.57669 -0 52
347 312 14 0.6612 0.6556 154.412 153.665 -0.27884 0.46269 0 51
347 331 15 0.6457 0.6463 152.313 151.919 -0.26084 0.46869 0 51
347 244 16 0.6164 0.6284 155.886 155.966 -0.28484 0.42669 0 51
347 282 17 0.6768 0.6743 150.143 150.591 -0.26084 0.49869 0 51
347 264 18 0.714 0.7347 154.43 154.594 -0.32084 0.51069 0 52
347 360 19 0.7354 0.7431 150.763 150.951 -0.29084 0.54669 0 52
347 329 20 0.6384 0.6407 151.805 152.199 -0.26084 0.46269 0 50
347 316 21 0.7145 0.7256 152.169 152.359 -0.29684 0.52269 0 52
347 274 22 0.6948 0.7026 148.458 149.37 -0.26084 0.52869 0 52
347 303 23 0.6573 0.655 155.552 155.198 -0.29084 0.45069 0 51
347 290 24 0.6448 0.6337 146.622 145.925 -0.20684 0.49869 -0 51
347 279 25 0.681 0.6799 150.089 150.339 -0.26084 0.50469 0 51
347 353 26 0.7356 0.744 149.802 150.279 -0.28484 0.55269 0 52
347 437 27 0.7729 0.7673 160.097 159.63 -0.38084 0.48669 -0 52
347 247 28 0.7061 0.7141 153.878 153.569 -0.30284 0.50469 0 52
347 312 29 0.6153 0.6245 159.165 160.315 -0.31484 0.39069 0 51
347 290 30 0.6766 0.6765 157.797 158.49 -0.32684 0.43869 0 52
347 329 31 0.7221 0.7361 152.639 152.546 -0.30284 0.52869 0 52
347 269 32 0.6199 0.6342 154.353 154.064 -0.27284 0.44469 0 51
347 344 33 0.7223 0.7456 157.16 158.793 -0.36284 0.48069 0 52
347 309 34 0.667 0.6611 153.894 153.38 -0.27884 0.46869 0 51
347 286 35 0.629 0.6394 157.665 158.481 -0.30884 0.41469 0 51
347 279 36 0.6792 0.6661 154.707 153.852 -0.28484 0.46869 0 51
347 353 37 0.7534 0.7633 147.895 148.302 -0.27284 0.58269 -0 52
347 324 38 0.7115 0.7223 150.076 150.528 -0.27884 0.53469 0 52
347 319 39 0.6812 0.6824 158.961 159.647 -0.33884 0.43269 0 52
347 317 40 0.6608 0.6662 158.404 159.133 -0.32684 0.42669 0 52
347 303 41 0.6717 0.663 151.422 151.109 -0.26084 0.48669 0 51
347 306 42 0.6469 0.6499 155.113 154.728 -0.28484 0.45069 0 51
347 324 43 0.6469 0.647 150.48 151.145 -0.25484 0.47469 0 51
347 385 44 0.7458 0.7557 156.735 157.557 -0.35684 0.49869 0 52
347 292 45 0.6389 0.6445 157.386 158.148 -0.30884 0.42069 0 51
347 278 46 0.704 0.714 147.866 148.908 -0.26084 0.54069 0 52
347 307 47 0.6627 0.6607 157.994 158.703 -0.32084 0.42669 0 52
347 343 48 0.6872 0.6886 160.287 160.785 -0.35084 0.42669 0 52
347 392 49 0.7491 0.7609 156.806 157.281 -0.35684 0.50469 0 52
390 338 0 0.6311 0.6308 147.468 147.492 -0.21884 0.48669 -0 52
390 476 1 0.7732 0.7678 160.842 160.283 -0.38684 0.48069 -0 52
390 388 2 0.7084 0.7201 159.885 160.292 -0.36284 0.45069 0 53
390 366 3 0.7128 0.7215 151.148 151.221 -0.28484 0.52869 0 52
390 305 4 0.6683 0.6615 148.154 148.347 -0.23684 0.50469 -0 52
390 395 5 0.7535 0.7588 147.748 147.856 -0.26684 0.58269 -0 52
390 336 6 0.6454 0.6496 156.136 156.274 -0.29684 0.43869 0 51
390 302 7 0.6138 0.6292 153.588 153.569 -0.26684 0.44469 0 51
390 431 8 0.7653 0.768 152.169 152.426 -0.31484 0.55269 -0 53
390 351 9 0.7306 0.737 147.37 148.028 -0.26084 0.56469 -0 52
390 431 10 0.7541 0.7661 155.795 156.354 -0.35084 0.51669 0 53
390 352 11 0.6288 0.6236 146.087 145.598 -0.20084 0.49269 -0 52
390 451 12 0.7669 0.7718 154.348 154.788 -0.33884 0.53469 -0 53
390 363 13 0.6546 0.6527 150.998 150.877 -0.25484 0.48069 -0 51
390 371 14 0.6596 0.6611 158.835 159.463 -0.32684 0.42069 0 52
390 330 15 0.7214 0.7449 155.17 156.096 -0.33884 0.50469 0 53
390 394 16 0.7515 0.7563 148.863 149.169 -0.27884 0.57069 -0 53
390 397 17 0.73 0.7367 151.841 151.866 -0.29684 0.53469 0 52
390 408 18 0.7147 0.7307 159.966 160.367 -0.36884 0.45669 0 53
390 418 19 0.7777 0.7793 148.771 148.33 -0.27884 0.59469 -0 53
390 365 20 0.6608 0.6567 151.935 152.136 -0.26684 0.47469 0 51
390 410 21 0.7409 0.752 152.266 152.485 -0.30884 0.54069 0 53
390 397 22 0.7399 0.7556 155.186 155.562 -0.33884 0.51669 0 53
390 329 23 0.7211 0.7449 155.219 156.096 -0.33884 0.50469 0 53
390 330 24 0.6758 0.671 157.658 158.061 -0.32084 0.43869 0 52
390 452 25 0.7756 0.7767 156.689 156.478 -0.35684 0.52269 -0 53
390 401 26 0.7467 0.7496 149.827 150.052 -0.28484 0.55869 -0 53
390 326 27 0.7199 0.7268 147.011 147.777 -0.25484 0.55869 -0 52
390 308 28 0.6809 0.6658 155.087 154.606 -0.29084 0.46269 0 52
390 341 29 0.6252 0.6283 148.539 149.072 -0.23084 0.47469 -0 51
390 348 30 0.6274 0.6329 149.542 149.602 -0.23684 0.47469 -0 51
390 388 31 0.7004 0.705 160.948 161.244 -0.36284 0.43269 0 53
390 424 32 0.7774 0.7793 148.398 148.33 -0.27884 0.59469 -0 53
390 351 33 0.733 0.7428 147.049 147.817 -0.26084 0.57069 -0 52
390 415 34 0.7499 0.7535 150.879 151.154 -0.29684 0.55269 -0 53
390 313 35 0.6582 0.6526 147.277 147.309 -0.22484 0.50469 -0 52
390 438 36 0.7566 0.7661 156.16 156.354 -0.35084 0.51669 -0 53
390 377 37 0.7205 0.7263 151.621 151.669 -0.29084 0.52869 0 52
390 323 38 0.6779 0.6762 157.494 157.747 -0.32084 0.44469 0 52
390 276 39 0.6824 0.6774 146.077 145.674 -0.21884 0.53469 -0 52
390 442 40 0.7613 0.7662 155.727 155.698 -0.34484 0.52269 -0 53
390 347 41 0.6278 0.6346 158.484 159.61 -0.31484 0.40269 0 52
390 355 42 0.7118 0.7349 157.536 158.697 -0.35684 0.47469 0 53
390 320 43 0.633 0.639 156.196 156.123 -0.29084 0.43269 0 51
390 307 44 0.6986 0.6992 152.721 152.223 -0.28484 0.50469 0 52
390 385 45 0.7487 0.7588 147.618 147.856 -0.26684 0.58269 -0 52
390 429 46 0.7524 0.7612 154.276 154.64 -0.33284 0.52869 -0 53
390 423 47 0.7502 0.7609 155.423 155.961 -0.34484 0.51669 0 53
390 321 48 0.6861 0.6839 151.809 151.551 -0.27284 0.49869 0 52
390 454 49 0.769 0.7718 154.627 154.788 -0.33884 0.53469 -0 53
434 373 0 0.6164 0.6254 150.826 151.463 -0.24884 0.45669 0 51
434 367 1 0.6831 0.679 151.474 151.074 -0.26684 0.49869 0 52
434 344 2 0.6889 0.6826 153.496 153.018 -0.28484 0.48669 0 52
434 505 3 0.7536 0.7614 158.027 158.601 -0.36884 0.49269 0 53
434 390 4 0.6484 0.6489 149.387 149.603 -0.24284 0.48669 -0 52
434 372 5 0.7195 0.7268 147.198 147.777 -0.25484 0.55869 -0 53
434 455 6 0.7555 0.7591 150.619 150.924 -0.29684 0.55869 -0 53
434 386 7 0.7221 0.7351 153.712 153.911 -0.31484 0.51669 0 53
434 404 8 0.7193 0.7289 148.964 149.608 -0.27284 0.54669 -0 53
434 526 9 0.7547 0.7572 159.879 160.212 -0.38084 0.47469 -0 53
434 419 10 0.6537 0.656 159.036 159.797 -0.32684 0.41469 0 52
434 525 11 0.7696 0.7622 160.1 159.919 -0.38084 0.48069 -0 52
434 464 12 0.7567 0.7583 151.25 151.583 -0.30284 0.55269 -0 53
434 452 13 0.7405 0.7465 152.291 152.729 -0.30884 0.53469 -0 53
434 376 14 0.6374 0.6322 147.167 146.707 -0.21284 0.49269 -1 52
434 397 15 0.6841 0.6824 158.945 159.647 -0.33884 0.43269 0 53
434 318 16 0.7056 0.7086 154.208 153.835 -0.30284 0.49869 0 53
434 429 17 0.7286 0.7383 149.944 150.509 -0.28484 0.54669 -0 53
434 362 18 0.6929 0.6894 151.574 151.294 -0.27284 0.50469 0 52
434 397 19 0.728 0.7449 155.761 156.771 -0.34484 0.49869 0 53
434 528 20 0.759 0.7622 159.609 159.919 -0.38084 0.48069 -0 53
434 433 21 0.7181 0.7353 158.316 159.38 -0.36284 0.46869 0 53
434 320 22 0.614 0.6231 156.087 156.289 -0.28484 0.42069 0 52
434 460 23 0.7643 0.7639 151.126 151.351 -0.30284 0.55869 -0 53
434 489 24 0.7652 0.7661 156.199 156.354 -0.35084 0.51669 -0 53
434 440 25 0.7564 0.7633 148.264 148.302 -0.27284 0.58269 -0 53
434 528 26 0.7584 0.7622 159.9 159.919 -0.38084 0.48069 -0 53
434 496 27 0.7526 0.7614 157.745 158.601 -0.36884 0.49269 0 53
434 402 28 0.6321 0.6352 152.663 152.483 -0.26084 0.45669 0 51
434 457 29 0.7261 0.7404 158.298 159.084 -0.36284 0.47469 0 53
434 390 30 0.6966 0.7038 158.836 159.821 -0.35084 0.44469 0 53
434 381 31 0.6576 0.6536 149.454 150.112 -0.24884 0.48669 -0 52
434 444 32 0.652 0.6565 160.18 160.561 -0.33284 0.40869 -0 53
434 399 33 0.7074 0.7246 158.406 159.292 -0.35684 0.46269 0 53
434 486 34 0.7591 0.7662 156.572 157.01 -0.35684 0.51069 -0 53
434 431 35 0.6471 0.6509 159.571 160.137 -0.32684 0.40869 0 52
434 419 36 0.6987 0.7043 160.095 160.533 -0.35684 0.43869 0 53
434 405 37 0.6597 0.6561 153.429 152.9 -0.27284 0.46869 0 51
434 438 38 0.7557 0.7659 146.506 147.003 -0.26084 0.59469 -0 53
434 378 39 0.7239 0.7449 155.358 156.096 -0.33884 0.50469 0 53
434 458 40 0.7677 0.7761 146.823 147.252 -0.26684 0.60069 -0 53
434 431 41 0.6762 0.6723 160.071 160.303 -0.33884 0.42069 0 53
434 398 42 0.643 0.6504 158.317 159.366 -0.32084 0.41469 0 52
434 449 43 0.7156 0.7307 159.966 160.367 -0.36884 0.45669 0 53
434 325 44 0.7115 0.7344 155.156 155.962 -0.33284 0.49869 0 53
434 377 45 0.6785 0.6679 152.064 151.597 -0.26684 0.48669 0 52
434 484 46 0.7649 0.7675 152.987 153.079 -0.32084 0.54669 -0 53
434 386 47 0.7185 0.7398 156.589 157.727 -0.35084 0.48669 0 53
434 364 48 0.707 0.714 147.973 148.908 -0.26084 0.54069 -0 53
434 395 49 0.6306 0.6401 153.036 152.981 -0.26684 0.45669 0 51
477 419 0 0.706 0.7129 148.738 149.607 -0.26684 0.53469 -0 53
477 443 1 0.6156 0.6245 159.753 160.315 -0.31484 0.39069 -0 53
477 437 2 0.6576 0.6553 154.825 154.431 -0.28484 0.45669 -0 52
477 429 3 0.6656 0.6607 154.633 154.139 -0.28484 0.46269 0 52
477 447 4 0.6326 0.6366 150.969 150.908 -0.24884 0.46869 -0 52
477 505 5 0.7492 0.7527 151.54 151.819 -0.30284 0.54669 -0 54
477 405 6 0.6335 0.639 155.797 156.123 -0.29084 0.43269 0 52
477 429 7 0.6236 0.6272 149.602 149.867 -0.23684 0.46869 -0 52
477 457 8 0.7245 0.7336 149.294 150.061 -0.27884 0.54669 -0 53
477 392 9 0.6781 0.6656 155.929 155.36 -0.29684 0.45669 0 53
477 441 10 0.6643 0.6561 153.461 152.9 -0.27284 0.46869 0 52
477 407 11 0.7209 0.7396 155.689 156.369 -0.33884 0.49869 0 54
477 455 12 0.732 0.7403 148.671 149.159 -0.27284 0.55869 -0 53
477 402 13 0.6876 0.6839 152.014 151.551 -0.27284 0.49869 0 53
477 453 14 0.7315 0.7503 156.071 157.166 -0.35084 0.49869 0 54
477 485 15 0.7455 0.7496 149.848 150.052 -0.28484 0.55869 -0 54
477 458 16 0.7319 0.7405 153.833 153.654 -0.31484 0.52269 -0 54
477 477 17 0.7384 0.751 153.792 153.82 -0.32084 0.52869 -0 54
477 507 18 0.7328 0.7456 157.918 158.793 -0.36284 0.48069 0 54
477 515 19 0.7252 0.7358 159.78 160.062 -0.36884 0.46269 0 54
477 418 20 0.6439 0.6496 156.196 156.274 -0.29684 0.43869 0 52
477 421 21 0.6522 0.6489 148.991 149.603 -0.24284 0.48669 -0 52
477 493 22 0.7386 0.7416 152.116 152.3 -0.30284 0.53469 -0 54
477 558 23 0.7458 0.7521 160.6 160.508 -0.38084 0.46869 -0 53
477 485 24 0.7352 0.7431 150.755 150.951 -0.29084 0.54669 -0 53
477 414 25 0.6877 0.6926 158.308 159.011 -0.33884 0.44469 0 54
477 511 26 0.7513 0.7615 153.695 153.981 -0.32684 0.53469 -0 54
477 358 27 0.7017 0.7186 156.357 157.501 -0.33884 0.47469 0 54
477 368 28 0.6128 0.6234 154.272 154.676 -0.27284 0.43269 0 52
477 491 29 0.7358 0.7423 151.578 151.625 -0.29684 0.54069 -0 54
477 455 30 0.715 0.7215 151.055 151.221 -0.28484 0.52869 -0 53
477 423 31 0.6273 0.6295 148.009 148.28 -0.22484 0.48069 -0 52
477 407 32 0.6844 0.6783 152.221 151.812 -0.27284 0.49269 0 53
477 389 33 0.6612 0.657 147.425 147.831 -0.23084 0.50469 -0 53
477 472 34 0.7396 0.745 149.181 149.608 -0.27884 0.55869 -0 54
477 465 35 0.7312 0.745 156.537 157.445 -0.35084 0.49269 0 54
477 466 36 0.749 0.7543 146.946 147.404 -0.26084 0.58269 -0 53
477 481 37 0.7153 0.7251 159.451 159.984 -0.36284 0.45669 0 54
477 460 38 0.6484 0.6463 152.103 151.919 -0.26084 0.46869 -0 52
477 424 39 0.6817 0.682 158.342 158.912 -0.33284 0.43869 0 53
477 499 40 0.7444 0.7479 151.15 151.388 -0.29684 0.54669 -0 54
477 495 41 0.725 0.7404 158.321 159.084 -0.36284 0.47469 0 54
477 427 42 0.6245 0.622 146.827 146.391 -0.20684 0.48669 -1 53
477 429 43 0.6552 0.655 155.514 155.198 -0.29084 0.45069 0 52
477 532 44 0.7345 0.746 158.894 159.466 -0.36884 0.47469 0 53
477 436 45 0.6628 0.6583 150.519 150.614 -0.25484 0.48669 -0 52
477 425 46 0.6322 0.6397 154.098 153.766 -0.27284 0.45069 -0 52
477 404 47 0.7096 0.7198 147.708 148.683 -0.26084 0.54669 -0 53
477 372 48 0.6147 0.6234 154.634 154.676 -0.27284 0.43269 0 52
477 402 49 0.6507 0.6482 146.917 146.779 -0.21884 0.50469 -1 53
520 465 0 0.6699 0.6611 154.216 153.38 -0.27884 0.46869 0 53
520 537 1 0.6599 0.6622 160.759 160.978 -0.33884 0.40869 -0 54
520 519 2 0.6749 0.6779 160.389 160.713 -0.34484 0.42069 0 54
520 449 3 0.6938 0.6978 158.198 158.7 -0.33884 0.45069 0 54
520 442 4 0.7113 0.7145 153.264 152.867 -0.29684 0.51069 0 54
520 407 5 0.7064 0.7141 153.96 153.569 -0.30284 0.50469 0 54
520 465 6 0.6679 0.6607 154.799 154.139 -0.28484 0.46269 0 53
520 462 7 0.6365 0.6393 155.049 154.551 -0.27884 0.44469 0 52
520 405 8 0.704 0.7036 153.945 153.391 -0.29684 0.49869 0 54
520 517 9 0.728 0.7367 151.833 151.866 -0.29684 0.53469 -0 54
520 439 10 0.6828 0.6721 153.581 152.823 -0.27884 0.48069 0 53
520 448 11 0.6335 0.639 155.825 156.123 -0.29084 0.43269 -0 52
520 588 12 0.7603 0.7665 157.827 158.321 -0.36884 0.49869 -0 54
520 530 13 0.7476 0.7496 150.03 150.052 -0.28484 0.55869 -0 54
520 460 14 0.6498 0.65 148.544 148.835 -0.23684 0.49269 -1 53
520 457 15 0.6432 0.638 146.517 146.473 -0.21284 0.49869 -1 53
520 405 16 0.6798 0.6802 146.841 146.914 -0.23084 0.52869 -0 54
520 520 17 0.7318 0.7327 150.473 150.743 -0.28484 0.54069 -0 54
520 570 18 0.7307 0.7414 159.83 160.438 -0.37484 0.46269 -0 54
520 423 19 0.6873 0.6877 148.111 148.638 -0.24884 0.52269 -0 54
520 477 20 0.6333 0.6397 158.541 159.266 -0.31484 0.40869 -0 53
520 465 21 0.6685 0.6607 154.602 154.139 -0.28484 0.46269 0 53
520 516 22 0.6829 0.6779 160.594 160.713 -0.34484 0.42069 0 54
520 422 23 0.6205 0.6285 156.807 157.565 -0.29684 0.41469 0 53
520 476 24 0.7068 0.7111 151.102 151.01 -0.27884 0.52269 -0 54
520 486 25 0.6461 0.6451 154.085 153.472 -0.27284 0.45669 -0 52
520 511 26 0.6284 0.6358 160.172 161.188 -0.32684 0.39069 -0 53
520 507 27 0.733 0.7405 153.623 153.654 -0.31484 0.52269 -0 54
520 404 28 0.6786 0.6758 146.697 146.404 -0.22484 0.52869 -1 54
520 499 29 0.642 0.6463 151.638 151.919 -0.26084 0.46869 -0 52
520 519 30 0.6477 0.6509 159.846 160.137 -0.32684 0.40869 -0 53
520 569 31 0.7351 0.746 158.647 159.466 -0.36884 0.47469 -0 54
520 499 32 0.7332 0.7456 154.059 154.074 -0.32084 0.52269 -0 54
520 528 33 0.7396 0.746 153.419 153.401 -0.31484 0.52869 -0 54
520 570 34 0.7618 0.7662 155.39 155.698 -0.34484 0.52269 -0 54
520 522 35 0.6662 0.6672 160.052 160.638 -0.33884 0.41469 -0 54
520 460 36 0.6745 0.6666 153.684 153.099 -0.27884 0.47469 0 53
520 460 37 0.6679 0.6604 155.436 154.899 -0.29084 0.45669 0 53
520 461 38 0.6594 0.6546 149.256 149.349 -0.24284 0.49269 -1 53
520 434 39 0.697 0.7029 157.741 158.394 -0.33884 0.45669 0 54
520 530 40 0.7582 0.761 149.393 149.609 -0.28484 0.57069 -0 54
520 426 41 0.6813 0.6761 156.543 156.261 -0.30884 0.45669 0 54
520 452 42 0.6147 0.6239 158.513 159.511 -0.30884 0.39669 -0 53
520 477 43 0.6323 0.6329 149.371 149.602 -0.23684 0.47469 -0 52
520 426 44 0.6718 0.6672 148.052 148.108 -0.23684 0.51069 -0 53
520 413 45 0.6994 0.6986 153.534 152.941 -0.29084 0.49869 0 54
520 542 46 0.6559 0.6572 160.918 161.324 -0.33884 0.40269 -0 54
520 490 47 0.7086 0.7195 158.783 159.596 -0.35684 0.45669 0 54
520 480 48 0.6155 0.6245 159.548 160.315 -0.31484 0.39069 -0 53
520 470 49 0.6219 0.6263 150.361 150.664 -0.24284 0.46269 -0 52
564 529 0 0.6375 0.6376 149.875 150.124 -0.24284 0.47469 -1 53
564 586 1 0.7525 0.7535 151.057 151.154 -0.29684 0.55269 -0 55
564 472 2 0.6232 0.6285 155.107 155.166 -0.27884 0.43269 0 53
564 503 3 0.7231 0.7351 154.009 153.911 -0.31484 0.51669 0 55
564 509 4 0.6453 0.6445 155.508 155.03 -0.28484 0.44469 -0 53
564 581 5 0.7481 0.7556 155.154 155.562 -0.33884 0.51669 -0 55
564 530 6 0.7317 0.7358 148.254 148.704 -0.26684 0.55869 -0 55
564 501 7 0.7066 0.7191 157.92 158.898 -0.35084 0.46269 0 55
564 614 8 0.764 0.7714 155.85 156.091 -0.35084 0.52269 -0 55
564 537 9 0.7043 0.7094 159.502 160.216 -0.35684 0.44469 0 55
564 578 10 0.6476 0.6515 160.642 160.907 -0.33284 0.40269 -0 54
564 561 11 0.6574 0.6616 159.79 160.221 -0.33284 0.41469 -0 54
564 498 12 0.6165 0.6215 149.68 150.136 -0.23684 0.46269 -0 53
564 560 13 0.7321 0.7361 152.743 152.546 -0.30284 0.52869 -0 55
564 607 14 0.7301 0.7364 160.964 160.743 -0.37484 0.45669 -0 55
564 527 15 0.6627 0.6574 151.436 151.374 -0.26084 0.48069 -0 53
564 520 16 0.6285 0.6352 152.615 152.483 -0.26084 0.45669 -0 52
564 483 17 0.7073 0.7152 147.817 148.212 -0.25484 0.54669 -0 54
564 495 18 0.6151 0.6206 150.711 150.941 -0.24284 0.45669 -0 53
564 485 19 0.6551 0.6497 146.456 146.017 -0.21284 0.51069 -1 54
564 530 20 0.6338 0.6352 152.614 152.483 -0.26084 0.45669 -0 52
564 607 21 0.7324 0.746 158.949 159.466 -0.36884 0.47469 -0 55
564 513 22 0.6244 0.622 146.392 146.391 -0.20684 0.48669 -1 54
564 532 23 0.7212 0.7289 149.04 149.608 -0.27284 0.54669 -0 54
564 505 24 0.6712 0.671 157.745 158.061 -0.32084 0.43869 0 54
564 450 25 0.6934 0.6921 156.913 157.56 -0.32684 0.45669 0 55
564 511 26 0.6338 0.6397 158.298 159.266 -0.31484 0.40869 -0 54
564 493 27 0.6124 0.618 148.402 148.793 -0.22484 0.46869 -1 53
564 533 28 0.6156 0.6251 160.133 161.117 -0.32084 0.38469 -0 54
564 496 29 0.6677 0.6656 155.678 155.36 -0.29684 0.45669 0 54
564 546 30 0.7224 0.7311 152.032 152.111 -0.29684 0.52869 -0 55
564 530 31 0.6245 0.6295 159.449 159.96 -0.31484 0.39669 -0 54
564 610 32 0.7669 0.7675 152.96 153.079 -0.32084 0.54669 -0 55
564 543 33 0.6319 0.6352 159.632 160.4 -0.32084 0.39669 -0 54
564 514 34 0.6596 0.6604 157.786 157.943 -0.31484 0.43269 -0 54
564 536 35 0.6384 0.6414 151.619 151.417 -0.25484 0.46869 -0 52
564 503 36 0.7112 0.7186 148.428 149.376 -0.26684 0.54069 -0 54
564 579 37 0.7231 0.7358 159.112 160.062 -0.36884 0.46269 0 55
564 580 38 0.7776 0.777 149.579 149.61 -0.29084 0.58269 -1 55
564 522 39 0.6468 0.6447 154.658 154.25 -0.27884 0.45069 -0 53
564 547 40 0.748 0.7514 146.145 146.287 -0.24884 0.58869 -0 55
564 502 41 0.6557 0.6546 148.976 149.349 -0.24284 0.49269 -1 53
564 493 42 0.6148 0.6254 151.159 151.463 -0.24884 0.45669 -0 53
564 536 43 0.6434 0.6451 153.3 153.472 -0.27284 0.45669 -0 52
564 502 44 0.6629 0.6602 156.935 157.182 -0.30884 0.43869 0 54
564 552 45 0.7495 0.7543 147.419 147.404 -0.26084 0.58269 -1 55
564 492 46 0.6846 0.6839 151.621 151.551 -0.27284 0.49869 -0 54
564 548 47 0.7378 0.7504 154.821 155.158 -0.33284 0.51669 -0 55
564 580 48 0.6512 0.6572 160.877 161.324 -0.33884 0.40269 -0 54
564 545 49 0.6652 0.6666 159.252 159.886 -0.33284 0.42069 -0 54
607 550 0 0.6733 0.6679 152.101 151.597 -0.26684 0.48669 -0 54
607 528 1 0.713 0.724 157.019 157.905 -0.34484 0.47469 0 56
607 643 2 0.7675 0.768 152.512 152.426 -0.31484 0.55269 -1 56
607 523 3 0.6692 0.666 148.811 148.855 -0.24284 0.50469 -1 54
607 567 4 0.7282 0.7358 148.171 148.704 -0.26684 0.55869 -1 55
607 515 5 0.7088 0.724 157.029 157.905 -0.34484 0.47469 0 56
607 548 6 0.6535 0.6546 149.181 149.349 -0.24284 0.49269 -1 54
607 539 7 0.697 0.7063 150.229 150.548 -0.27284 0.52269 -0 55
607 496 8 0.6763 0.6744 147.292 147.138 -0.23084 0.52269 -1 55
607 635 9 0.7742 0.7748 147.835 147.893 -0.27284 0.59469 -1 55
607 556 10 0.6138 0.6245 159.466 160.315 -0.31484 0.39069 -0 55
607 540 11 0.6375 0.6443 155.701 155.809 -0.29084 0.43869 -0 54
607 498 12 0.6702 0.67 146.652 146.624 -0.22484 0.52269 -1 55
607 659 13 0.7486 0.7559 157.7 158.221 -0.36284 0.49269 -0 56
607 546 14 0.6406 0.6445 155.446 155.03 -0.28484 0.44469 -0 54
607 631 15 0.7357 0.7456 157.883 158.793 -0.36284 0.48069 -0 56
607 539 16 0.6374 0.6391 157.335 157.695 -0.30284 0.42069 -0 54
607 575 17 0.6567 0.6506 153.371 153.184 -0.27284 0.46269 -0 53
607 638 18 0.76 0.7631 151.876 152.007 -0.30884 0.55269 -1 56
607 550 19 0.6601 0.6592 149.628 149.856 -0.24884 0.49269 -1 54
607 623 20 0.7477 0.7535 150.948 151.154 -0.29684 0.55269 -0 56
607 622 21 0.7691 0.7667 149.52 149.393 -0.28484 0.57669 -1 56
607 565 22 0.6481 0.6499 154.674 154.728 -0.28484 0.45069 -0 53
607 587 23 0.7087 0.7144 159.498 159.904 -0.35684 0.45069 0 56
607 536 24 0.6637 0.6649 149.184 149.604 -0.24884 0.49869 -1 54
607 657 25 0.7625 0.7664 154.844 155.043 -0.33884 0.52869 -0 56
607 486 26 0.7129 0.7186 155.14 155.403 -0.32084 0.49269 0 56
607 552 27 0.6163 0.6178 146.473 145.829 -0.20084 0.48669 -1 54
607 692 28 0.7507 0.7572 159.998 160.212 -0.38084 0.47469 -0 55
607 599 29 0.7374 0.7456 153.942 154.074 -0.32084 0.52269 -0 56
607 611 30 0.723 0.7353 158.534 159.38 -0.36284 0.46869 -0 56
607 540 31 0.6706 0.6696 149.925 150.101 -0.25484 0.49869 -1 54
607 549 32 0.6596 0.6592 149.461 149.856 -0.24884 0.49269 -1 54
607 549 33 0.671 0.671 157.931 158.061 -0.32084 0.43869 -0 55
607 485 34 0.6962 0.702 146.561 146.762 -0.23684 0.54669 -1 55
607 523 35 0.6836 0.6776 153.157 152.551 -0.27884 0.48669 -0 54
607 588 36 0.6939 0.6936 160.187 160.459 -0.35084 0.43269 -0 56
607 551 37 0.7098 0.7152 152.059 152.166 -0.29084 0.51669 -0 55
607 637 38 0.753 0.761 155.121 155.3 -0.33884 0.52269 -0 56
607 531 39 0.6523 0.6468 147.703 147.545 -0.22484 0.49869 -1 54
607 521 40 0.7018 0.7095 147.993 148.435 -0.25484 0.54069 -1 55
607 464 41 0.7003 0.6974 155.334 155.098 -0.30884 0.48069 0 56
607 572 42 0.6491 0.6479 150.238 150.373 -0.24884 0.48069 -1 53
607 489 43 0.6775 0.6758 146.692 146.404 -0.22484 0.52869 -1 55
607 610 44 0.7555 0.761 149.438 149.609 -0.28484 0.57069 -1 56
607 553 45 0.664 0.6553 154.886 154.431 -0.28484 0.45669 -0 54
607 512 46 0.6973 0.7038 147.834 148.661 -0.25484 0.53469 -1 55
607 557 47 0.7334 0.7383 147.241 147.355 -0.25484 0.57069 -1 55
607 538 48 0.6696 0.6656 155.568 155.36 -0.29684 0.45669 -0 54
607 558 49 0.632 0.6295 146.076 145.371 -0.20084 0.49869 -1 54
651 563 0 0.7203 0.7293 154.607 154.859 -0.32084 0.50469 -0 57
651 689 1 0.7783 0.778 152.855 153.247 -0.32684 0.55269 -1 57
651 563 2 0.6718 0.6706 148.893 149.356 -0.24884 0.50469 -1 55
651 604 3 0.6491 0.6499 154.931 154.728 -0.28484 0.45069 -0 54
651 551 4 0.6777 0.6775 148.28 148.377 -0.24284 0.51669 -1 55
651 647 5 0.7509 0.7506 149.149 149.387 -0.27884 0.56469 -1 56
651 650 6 0.661 0.6616 159.982 160.221 -0.33284 0.41469 -0 56
651 682 7 0.7518 0.7609 156.682 157.281 -0.35684 0.50469 -0 57
651 615 8 0.6337 0.6366 150.982 150.908 -0.24884 0.46869 -1 54
651 568 9 0.666 0.666 148.801 148.855 -0.24284 0.50469 -1 55
651 535 10 0.6828 0.6846 147.426 147.418 -0.23684 0.52869 -1 56
651 537 11 0.6173 0.6231 156.522 157.095 -0.29084 0.41469 -0 55
651 723 12 0.7642 0.7665 158.095 158.321 -0.36884 0.49869 -0 56
651 661 13 0.752 0.7543 150.102 150.491 -0.29084 0.55869 -1 57
651 661 14 0.7465 0.7555 156.112 156.227 -0.34484 0.51069 -0 57
651 585 15 0.6959 0.7033 158.58 159.108 -0.34484 0.45069 0 56
651 611 16 0.7096 0.7167 150.353 150.767 -0.27884 0.52869 -0 56
651 536 17 0.691 0.6821 154.192 153.753 -0.29084 0.48069 -0 56
651 705 18 0.735 0.7465 159.822 160.138 -0.37484 0.46869 -0 56
651 556 19 0.717 0.7291 156.153 156.927 -0.33884 0.48669 -0 57
651 593 20 0.6259 0.6283 148.651 149.072 -0.23084 0.47469 -1 54
651 603 21 0.7225 0.725 153.224 153.05 -0.30284 0.51669 -0 56
651 547 22 0.6915 0.6869 157.473 157.866 -0.32684 0.45069 0 57
651 616 23 0.7125 0.7215 150.968 151.221 -0.28484 0.52869 -0 56
651 629 24 0.6952 0.6936 160.264 160.459 -0.35084 0.43269 -0 57
651 575 25 0.6345 0.6391 157.109 157.695 -0.30284 0.42069 -0 55
651 539 26 0.6723 0.67 146.613 146.624 -0.22484 0.52269 -1 55
651 588 27 0.7065 0.7103 151.98 151.714 -0.28484 0.51669 -0 56
651 658 28 0.7411 0.746 153.146 153.401 -0.31484 0.52869 -0 57
651 709 29 0.7737 0.7715 157.094 157.393 -0.36284 0.51069 -1 56
651 649 30 0.7325 0.7367 152.073 151.866 -0.29684 0.53469 -0 56
651 719 31 0.7746 0.7717 158.022 158.044 -0.36884 0.50469 -1 56
651 602 32 0.707 0.7119 149.784 150.308 -0.27284 0.52869 -1 55
651 662 33 0.7489 0.7487 150.407 150.719 -0.29084 0.55269 -1 56
651 589 34 0.6359 0.6352 148.269 148.031 -0.22484 0.48669 -1 54
651 652 35 0.7587 0.7616 146.235 146.551 -0.25484 0.59469 -1 56
651 635 36 0.7248 0.7311 152.046 152.111 -0.29684 0.52869 -0 56
651 567 37 0.6976 0.6992 152.212 152.223 -0.28484 0.50469 -0 56
651 656 38 0.6694 0.6672 160.601 160.638 -0.33884 0.41469 -0 56
651 576 39 0.7044 0.7047 152.281 151.967 -0.28484 0.51069 -0 56
651 562 40 0.7089 0.7188 157.265 158.2 -0.34484 0.46869 0 57
651 586 41 0.6608 0.6549 156.025 155.965 -0.29684 0.44469 -0 55
651 614 42 0.7409 0.75 146.688 146.947 -0.25484 0.58269 -1 56
651 590 43 0.6972 0.7033 158.682 159.108 -0.34484 0.45069 -0 57
651 587 44 0.7038 0.7103 151.689 151.714 -0.28484 0.51669 -0 56
651 669 45 0.76 0.7591 151.017 150.924 -0.29684 0.55869 -1 57
651 595 46 0.6462 0.6497 157.613 157.821 -0.30884 0.42669 -0 55
651 591 47 0.628 0.6283 148.6 149.072 -0.23084 0.47469 -1 54
651 624 48 0.7412 0.7473 147.919 148.273 -0.26684 0.57069 -1 56
651 547 49 0.7124 0.7191 153.906 154.005 -0.30884 0.50469 -0 56
43 132 0 0.6755 0.5388 155.284 153.919 -0.23084 0.37869 1 50
43 131 1 0.7208 0.5388 157.015 153.919 -0.23084 0.37869 1 50
43 131 2 0.6344 0.5388 148.574 153.919 -0.23084 0.37869 1 50
43 129 3 0.6711 0.5388 160.187 153.919 -0.23084 0.37869 1 50
43 130 4 0.6632 0.5388 147.669 153.919 -0.23084 0.37869 1 50
43 133 5 0.644 0.5388 157.445 153.919 -0.23084 0.37869 1 50
43 136 6 0.6222 0.5388 157.164 153.919 -0.23084 0.37869 1 50
43 131 7 0.7188 0.5388 157.199 153.919 -0.23084 0.37869 1 50
43 133 8 0.6325 0.5388 160.38 153.919 -0.23084 0.37869 1 50
43 130 9 0.6489 0.5388 146.865 153.919 -0.23084 0.37869 1 50
43 131 10 0.6697 0.5388 159.82 153.919 -0.23084 0.37869 1 50
43 130 11 0.6464 0.5388 147.274 153.919 -0.23084 0.37869 1 50
43 133 12 0.6374 0.5388 154.089 153.919 -0.23084 0.37869 1 50
43 142 13 0.7351 0.7622 158.617 159.919 -0.38084 0.48069 1 50
43 136 14 0.7336 0.7622 157.704 159.919 -0.38084 0.48069 1 50
43 131 15 0.7543 0.5388 148.566 153.919 -0.23084 0.37869 1 50
43 130 16 0.6861 0.5388 158.32 153.919 -0.23084 0.37869 1 50
43 132 17 0.7439 0.5388 154.354 153.919 -0.23084 0.37869 1 50
43 132 18 0.6706 0.5388 151.863 153.919 -0.23084 0.37869 1 50
43 131 19 0.6657 0.5388 148.64 153.919 -0.23084 0.37869 1 50
43 133 20 0.6173 0.5388 152.331 153.919 -0.23084 0.37869 1 50
43 130 21 0.7735 0.5388 152.322 153.919 -0.23084 0.37869 1 51
43 134 22 0.6293 0.5388 160.061 153.919 -0.23084 0.37869 1 50
43 131 23 0.6649 0.5388 151.342 153.919 -0.23084 0.37869 1 50
43 131 24 0.677 0.5388 151.494 153.919 -0.23084 0.37869 1 50
43 131 25 0.7069 0.5388 152.133 153.919 -0.23084 0.37869 1 50
43 132 26 0.63 0.5388 153.102 153.919 -0.23084 0.37869 1 50
43 133 27 0.644 0.5388 160.254 153.919 -0.23084 0.37869 1 50
43 130 28 0.6679 0.5388 147.288 153.919 -0.23084 0.37869 1 50
43 141 29 0.7337 0.7572 158.909 160.212 -0.38084 0.47469 1 50
43 129 30 0.7239 0.5388 148.789 153.919 -0.23084 0.37869 1 50
43 131 31 0.7131 0.5388 155.129 153.919 -0.23084 0.37869 1 50
43 133 32 0.6365 0.5388 160.614 153.919 -0.23084 0.37869 1 50
43 130 33 0.6968 0.5388 155.954 153.919 -0.23084 0.37869 1 50
43 131 34 0.7746 0.5388 149.425 153.919 -0.23084 0.37869 1 50
43 131 35 0.681 0.5388 155.785 153.919 -0.23084 0.37869 1 50
43 132 36 0.7013 0.5388 153.945 153.919 -0.23084 0.37869 1 50
43 131 37 0.6153 0.5388 150.686 153.919 -0.23084 0.37869 1 50
43 130 38 0.7578 0.5388 149.863 153.919 -0.23084 0.37869 1 50
43 131 39 0.6621 0.5388 148.467 153.919 -0.23084 0.37869 1 50
43 132 40 0.6488 0.5388 148.61 153.919 -0.23084 0.37869 1 50
43 139 41 0.7577 0.7617 157.575 159.26 -0.37484 0.48669 1 50
43 134 42 0.6303 0.5388 159.971 153.919 -0.23084 0.37869 1 50
43 131 43 0.6772 0.5388 148.938 153.919 -0.23084 0.37869 1 50
43 131 44 0.7048 0.5388 148.883 153.919 -0.23084 0.37869 1 50
43 132 45 0.6592 0.5388 158.617 153.919 -0.23084 0.37869 1 50
43 133 46 0.665 0.5388 150.483 153.919 -0.23084 0.37869 1 50
43 135 47 0.6219 0.5388 155.836 153.919 -0.23084 0.37869 1 50
43 131 48 0.7181 0.5388 154.762 153.919 -0.23084 0.37869 1 50
43 131 49 0.7602 0.5388 147.564 153.919 -0.23084 0.37869 1 50
87 134 0 0.7383 0.7772 153.061 154.538 -0.33884 0.54069 1 50
87 147 1 0.712 0.7521 160.997 160.508 -0.38084 0.46869 1 50
87 128 2 0.7407 0.5388 147.966 153.919 -0.23084 0.37869 1 50
87 135 3 0.6411 0.5388 156.839 153.919 -0.23084 0.37869 1 50
87 184 4 0.7446 0.7572 160.627 160.212 -0.38084 0.47469 1 50
87 134 5 0.6455 0.5388 158.109 153.919 -0.23084 0.37869 1 50
87 133 6 0.651 0.5388 158.592 153.919 -0.23084 0.37869 1 50
87 130 7 0.6856 0.5388 147.082 153.919 -0.23084 0.37869 1 50
87 130 8 0.7174 0.5388 146.098 153.919 -0.23084 0.37869 1 50
87 133 9 0.6596 0.5388 158.958 153.919 -0.23084 0.37869 1 50
87 131 10 0.7317 0.5388 152.803 153.919 -0.23084 0.37869 1 51
87 158 11 0.7594 0.7823 154.235 154.932 -0.34484 0.54069 1 50
87 137 12 0.6303 0.5388 160.033 153.919 -0.23084 0.37869 1 50
87 131 13 0.6645 0.5388 146.119 153.919 -0.23084 0.37869 1 50
87 190 14 0.7603 0.7622 160.37 159.919 -0.38084 0.48069 1 50
87 129 15 0.7383 0.5388 150.618 153.919 -0.23084 0.37869 1 51
87 133 16 0.7282 0.5388 154.872 153.919 -0.23084 0.37869 1 51
87 130 17 0.6887 0.5388 159.95 153.919 -0.23084 0.37869 1 51
87 131 18 0.7037 0.5388 147.785 153.919 -0.23084 0.37869 1 50
87 169 19 0.7578 0.7669 157.212 158.976 -0.37484 0.49269 1 50
87 137 20 0.6949 0.7572 158.73 160.212 -0.38084 0.47469 1 50
87 134 21 0.6461 0.5388 155.266 153.919 -0.23084 0.37869 1 50
87 191 22 0.7603 0.7622 159.756 159.919 -0.38084 0.48069 0 50
87 132 23 0.6589 0.5388 148.654 153.919 -0.23084 0.37869 1 50
87 137 24 0.6338 0.5388 156.673 153.919 -0.23084 0.37869 1 50
87 129 25 0.6509 0.5388 147.283 153.919 -0.23084 0.37869 1 50
87 166 26 0.7217 0.7572 158.782 160.212 -0.38084 0.47469 1 50
87 160 27 0.7635 0.7665 156.635 158.321 -0.36884 0.49869 1 50
87 141 28 0.701 0.7521 159.887 160.508 -0.38084 0.46869 1 50
87 130 29 0.7501 0.5388 146.213 153.919 -0.23084 0.37869 1 50
87 133 30 0.7152 0.7617 155.453 159.26 -0.37484 0.48669 1 50
87 129 31 0.7331 0.5388 147.67 153.919 -0.23084 0.37869 1 50
87 141 32 0.7462 0.7772 152.696 154.538 -0.33884 0.54069 1 50
87 130 33 0.6442 0.5388 153.094 153.919 -0.23084 0.37869 1 50
87 132 34 0.673 0.5388 154.469 153.919 -0.23084 0.37869 1 50
87 149 35 0.7306 0.7617 156.144 159.26 -0.37484 0.48669 1 50
87 188 36 0.7608 0.7622 159.065 159.919 -0.38084 0.48069 1 50
87 131 37 0.6422 0.5388 150.688 153.919 -0.23084 0.37869 1 50
87 132 38 0.7 0.5388 154.16 153.919 -0.23084 0.37869 1 50
87 135 39 0.6439 0.5388 155.222 153.919 -0.23084 0.37869 1 50
87 133 40 0.6754 0.5388 149.114 153.919 -0.23084 0.37869 1 50
87 132 41 0.7141 0.5388 153.872 153.919 -0.23084 0.37869 1 50
87 135 42 0.6954 0.7521 159.829 160.508 -0.38084 0.46869 1 50
87 131 43 0.7602 0.5388 146.641 153.919 -0.23084 0.37869 1 51
87 131 44 0.7349 0.5388 152.283 153.919 -0.23084 0.37869 1 51
87 133 45 0.6532 0.5388 158.701 153.919 -0.23084 0.37869 1 50
87 136 46 0.6939 0.7572 157.905 160.212 -0.38084 0.47469 1 50
87 132 47 0.6887 0.5388 150.044 153.919 -0.23084 0.37869 1 50
87 132 48 0.6969 0.5388 153.312 153.919 -0.23084 0.37869 1 50
87 132 49 0.7079 0.5388 153.716 153.919 -0.23084 0.37869 1 50
130 131 0 0.6663 0.5388 149.183 153.919 -0.23084 0.37869 1 50
130 130 1 0.6247 0.5388 151.015 153.919 -0.23084 0.37869 1 50
130 152 2 0.6186 0.5388 157.126 153.919 -0.23084 0.37869 1 50
130 134 3 0.6467 0.5388 156.301 153.919 -0.23084 0.37869 1 50
130 189 4 0.7171 0.7515 158.14 159.841 -0.37484 0.47469 1 50
130 207 5 0.7758 0.7821 155.476 155.575 -0.35084 0.53469 0 51
130 132 6 0.7076 0.5388 149.199 153.919 -0.23084 0.37869 1 51
130 204 7 0.7709 0.7821 155.552 155.575 -0.35084 0.53469 0 51
130 145 8 0.6186 0.5393 154.691 152.988 -0.22484 0.38469 1 50
130 154 9 0.7762 0.776 150.295 150.253 -0.29684 0.57669 0 51
130 132 10 0.6623 0.5388 153.291 153.919 -0.23084 0.37869 1 50
130 164 11 0.7686 0.7793 148.793 148.33 -0.27884 0.59469 0 51
130 130 12 0.6396 0.5388 146.682 153.919 -0.23084 0.37869 1 50
130 167 13 0.7621 0.7761 146.669 147.252 -0.26684 0.60069 1 50
130 129 14 0.6241 0.5388 147.654 153.919 -0.23084 0.37869 1 50
130 132 15 0.6874 0.5388 155.712 153.919 -0.23084 0.37869 1 50
130 138 16 0.6431 0.6515 158.941 160.907 -0.33284 0.40269 1 50
130 143 17 0.6942 0.7566 156.539 159.549 -0.37484 0.48069 1 50
130 167 18 0.7687 0.7793 148.515 148.33 -0.27884 0.59469 0 51
130 143 19 0.6878 0.7521 158.813 160.508 -0.38084 0.46869 1 51
130 136 20 0.6739 0.6672 159.486 160.638 -0.33884 0.41469 1 51
130 135 21 0.6874 0.7566 156.399 159.549 -0.37484 0.48069 1 50
130 133 22 0.6614 0.5388 154.878 153.919 -0.23084 0.37869 1 50
130 156 23 0.6239 0.6424 160.322 162.392 -0.33884 0.38469 1 50
130 211 24 0.7338 0.7566 158.416 159.549 -0.37484 0.48069 0 50
130 183 25 0.7558 0.7725 152.45 153.488 -0.32684 0.54669 0 51
130 129 26 0.6878 0.5388 146.2 153.919 -0.23084 0.37869 1 50
130 206 27 0.7654 0.7665 157.168 158.321 -0.36884 0.49869 0 51
130 150 28 0.6168 0.6366 160.163 161.975 -0.33284 0.38469 1 50
130 129 29 0.687 0.5388 146.605 153.919 -0.23084 0.37869 1 50
130 130 30 0.6606 0.5388 146.16 153.919 -0.23084 0.37869 1 50
130 134 31 0.69 0.5388 153.29 153.919 -0.23084 0.37869 1 50
130 147 32 0.6264 0.5388 157.659 153.919 -0.23084 0.37869 1 50
130 153 33 0.6963 0.7471 159.927 160.809 -0.38084 0.46269 1 51
130 130 34 0.6249 0.5388 150.076 153.919 -0.23084 0.37869 1 50
130 197 35 0.7613 0.7768 155.477 155.831 -0.35084 0.52869 0 51
130 132 36 0.7033 0.5388 151.748 153.919 -0.23084 0.37869 1 50
130 163 37 0.7421 0.7527 150.994 151.819 -0.30284 0.54669 1 51
130 146 38 0.6901 0.7521 158.753 160.508 -0.38084 0.46869 1 50
130 170 39 0.7623 0.768 151.24 152.426 -0.31484 0.55269 0 51
130 147 40 0.6257 0.5388 157.498 153.919 -0.23084 0.37869 1 50
130 132 41 0.7046 0.5388 149.287 153.919 -0.23084 0.37869 1 50
130 147 42 0.6912 0.7515 157.622 159.841 -0.37484 0.47469 1 50
130 152 43 0.72 0.7614 155.437 158.601 -0.36884 0.49269 1 50
130 164 44 0.7039 0.7471 160.442 160.809 -0.38084 0.46269 1 51
130 165 45 0.7501 0.7583 150.918 151.583 -0.30284 0.55269 0 51
130 130 46 0.6226 0.5388 146.839 153.919 -0.23084 0.37869 1 50
130 131 47 0.7116 0.5388 148.546 153.919 -0.23084 0.37869 1 51
130 137 48 0.6363 0.5388 154.71 153.919 -0.23084 0.37869 1 50
130 130 49 0.7142 0.5388 149.481 153.919 -0.23084 0.37869 1 51
173 131 0 0.6745 0.5388 150.607 153.919 -0.23084 0.37869 1 51
173 146 1 0.6821 0.7465 157.831 160.138 -0.37484 0.46869 1 51
173 156 2 0.6193 0.5388 156.8 153.919 -0.23084 0.37869 1 50
173 132 3 0.6948 0.5388 150.281 153.919 -0.23084 0.37869 1 51
173 152 4 0.6307 0.6401 152.872 152.981 -0.26684 0.45669 1 50
173 173 5 0.7174 0.7319 150.967 151.426 -0.29084 0.53469 1 51
173 159 6 0.6472 0.647 150.732 151.145 -0.25484 0.47469 1 50
173 143 7 0.6299 0.6401 153.657 152.981 -0.26684 0.45669 1 50
173 202 8 0.624 0.6366 161.019 161.975 -0.33284 0.38469 1 51
173 225 9 0.7263 0.7511 157.553 159.174 -0.36884 0.48069 1 51
173 140 10 0.6317 0.5388 154.897 153.919 -0.23084 0.37869 1 50
173 131 11 0.6136 0.6077 147.508 145.491 -0.19484 0.48069 0 50
173 194 12 0.676 0.6679 160.93 161.388 -0.34484 0.40869 1 51
173 162 13 0.6149 0.5388 158.264 153.919 -0.23084 0.37869 1 51
173 138 14 0.7009 0.7263 151.565 151.669 -0.29084 0.52869 1 51
173 141 15 0.6637 0.6502 154.907 153.955 -0.27884 0.45669 1 50
173 194 16 0.6386 0.6465 159.984 161.257 -0.33284 0.39669 0 50
173 149 17 0.6345 0.6172 146.485 143.662 -0.18284 0.49869 0 50
173 132 18 0.6123 0.5399 150.626 152.059 -0.21884 0.39069 1 50
173 209 19 0.7285 0.7562 156.488 158.885 -0.36884 0.48669 1 51
173 128 20 0.6931 0.5388 146.64 153.919 -0.23084 0.37869 1 51
173 192 21 0.7322 0.7608 155.228 156.621 -0.35084 0.51069 0 51
173 151 22 0.64 0.6451 154.028 153.472 -0.27284 0.45669 1 50
173 159 23 0.7322 0.7461 147.776 148.94 -0.27284 0.56469 0 51
173 131 24 0.6773 0.5388 148.368 153.919 -0.23084 0.37869 1 51
173 128 25 0.6867 0.5388 146.462 153.919 -0.23084 0.37869 1 51
173 141 26 0.6226 0.6319 149.352 150.391 -0.24284 0.46869 0 50
173 135 27 0.6523 0.5388 157.193 153.919 -0.23084 0.37869 1 51
173 134 28 0.6568 0.5388 157.234 153.919 -0.23084 0.37869 1 51
173 197 29 0.772 0.7703 150.191 150.473 -0.29684 0.57069 0 51
173 255 30 0.7353 0.7521 160.616 160.508 -0.38084 0.46869 0 51
173 192 31 0.731 0.7423 151.196 151.625 -0.29684 0.54069 0 51
173 166 32 0.6672 0.6723 158.879 160.303 -0.33884 0.42069 1 51
173 133 33 0.6253 0.6329 148.207 149.602 -0.23684 0.47469 0 50
173 152 34 0.6566 0.6611 158.049 159.463 -0.32684 0.42069 1 50
173 155 35 0.6634 0.6519 151.739 151.644 -0.26084 0.47469 1 50
173 189 36 0.6675 0.6622 160.014 160.978 -0.33884 0.40869 1 51
173 133 37 0.6704 0.5388 157.507 153.919 -0.23084 0.37869 1 51
173 262 38 0.7783 0.7669 159.03 158.976 -0.37484 0.49269 0 51
173 162 39 0.6464 0.6463 151.226 151.919 -0.26084 0.46869 1 50
173 203 40 0.7676 0.7735 148.891 148.535 -0.27884 0.58869 0 51
173 140 41 0.6998 0.7223 149.444 150.528 -0.27884 0.53469 1 51
173 145 42 0.633 0.5388 157.103 153.919 -0.23084 0.37869 1 50
173 231 43 0.7326 0.7562 157.306 158.885 -0.36884 0.48669 0 51
173 168 44 0.6926 0.7465 158.028 160.138 -0.37484 0.46869 1 51
173 185 45 0.6995 0.7465 158.669 160.138 -0.37484 0.46869 0 51
173 197 46 0.7352 0.7479 150.849 151.388 -0.29684 0.54669 0 51
173 143 47 0.6473 0.6479 149.21 150.373 -0.24884 0.48069 0 50
173 130 48 0.6745 0.5388 147.509 153.919 -0.23084 0.37869 1 50
173 177 49 0.723 0.7383 149.83 150.509 -0.28484 0.54669 0 51
217 203 0 0.6754 0.6773 159.057 159.973 -0.33884 0.42669 1 51
217 242 1 0.7761 0.777 149.816 149.61 -0.29084 0.58269 0 51
217 193 2 0.6166 0.6094 146.227 144.682 -0.18884 0.48669 0 51
217 269 3 0.7419 0.7559 156.992 158.221 -0.36284 0.49269 0 51
217 173 4 0.7067 0.7507 155.322 158.505 -0.36284 0.48669 0 51
217 243 5 0.7627 0.769 147.977 148.096 -0.27284 0.58869 0 51
217 174 6 0.6533 0.6496 155.897 155.501 -0.29084 0.44469 1 50
217 186 7 0.649 0.6502 154.837 153.955 -0.27884 0.45669 1 50
217 130 8 0.6802 0.5388 147.883 153.919 -0.23084 0.37869 1 51
217 200 9 0.6353 0.6414 151.407 151.417 -0.25484 0.46869 0 50
217 158 10 0.6515 0.6455 147.79 148.314 -0.23084 0.49269 0 51
217 262 11 0.7192 0.7421 160.741 161.114 -0.38084 0.45669 0 51
217 239 12 0.6596 0.6622 160.405 160.978 -0.33884 0.40869 0 51
217 163 13 0.6967 0.7176 148.503 150.071 -0.27284 0.53469 0 51
217 238 14 0.6388 0.6465 160.209 161.257 -0.33284 0.39669 0 51
217 204 15 0.6466 0.6457 153.212 152.695 -0.26684 0.46269 0 50
217 215 16 0.7227 0.7383 149.707 150.509 -0.28484 0.54669 0 51
217 173 17 0.7 0.7511 155.855 159.174 -0.36884 0.48069 1 51
217 175 18 0.7015 0.7176 148.791 150.071 -0.27284 0.53469 0 51
217 223 19 0.749 0.7633 147.968 148.302 -0.27284 0.58269 0 51
217 154 20 0.6536 0.6354 147.025 145.148 -0.20084 0.50469 0 51
217 200 21 0.655 0.6616 158.469 160.221 -0.33284 0.41469 0 51
217 195 22 0.6351 0.6423 150.07 150.638 -0.24884 0.47469 0 50
217 163 23 0.6411 0.6496 156.482 157.048 -0.30284 0.43269 1 50
217 245 24 0.7581 0.7591 150.517 150.924 -0.29684 0.55869 0 51
217 197 25 0.6666 0.6666 158.505 159.886 -0.33284 0.42069 1 51
217 250 26 0.7449 0.7527 151.576 151.819 -0.30284 0.54669 0 51
217 218 27 0.7416 0.7506 148.631 149.387 -0.27884 0.56469 0 51
217 177 28 0.7105 0.7305 152.94 152.796 -0.30284 0.52269 0 51
217 255 29 0.7721 0.7761 146.796 147.252 -0.26684 0.60069 0 51
217 187 30 0.6488 0.6479 149.56 150.373 -0.24884 0.48069 0 50
217 188 31 0.6468 0.6479 149.627 150.373 -0.24884 0.48069 0 50
217 145 32 0.6908 0.7129 148.142 149.607 -0.26684 0.53469 0 51
217 174 33 0.7248 0.7441 146.361 147.149 -0.25484 0.57669 0 51
217 193 34 0.6656 0.6561 153.295 152.9 -0.27284 0.46869 1 50
217 282 35 0.7333 0.7511 158.259 159.174 -0.36884 0.48069 0 51
217 172 36 0.6613 0.6536 149.45 150.112 -0.24884 0.48669 0 50
217 253 37 0.7687 0.7748 147.793 147.893 -0.27284 0.59469 0 51
217 202 38 0.7166 0.7559 155.771 158.221 -0.36284 0.49269 1 51
217 139 39 0.6829 0.6969 148.513 149.606 -0.26084 0.52269 0 51
217 312 40 0.7747 0.7673 159.928 159.63 -0.38084 0.48669 0 51
217 138 41 0.6672 0.6615 147.696 148.347 -0.23684 0.50469 0 51
217 157 42 0.7171 0.7383 146.23 147.355 -0.25484 0.57069 0 51
217 224 43 0.7216 0.7507 156.351 158.505 -0.36284 0.48669 1 51
217 185 44 0.6243 0.6366 149.93 150.908 -0.24884 0.46869 0 50
217 259 45 0.7511 0.757 152.512 152.906 -0.31484 0.54069 0 51
217 174 46 0.6166 0.6319 149.633 150.391 -0.24284 0.46869 0 50
217 164 47 0.642 0.6352 147.644 148.031 -0.22484 0.48669 0 51
217 201 48 0.7207 0.7557 155.399 157.557 -0.35684 0.49869 0 51
217 204 49 0.6398 0.6463 151.554 151.919 -0.26084 0.46869 0 50
260 182 0 0.7118 0.7281 146.154 147.094 -0.24884 0.56469 0 51
260 211 1 0.6177 0.6283 148.511 149.072 -0.23084 0.47469 0 51
260 214 2 0.6358 0.634 148.123 148.815 -0.23084 0.48069 0 51
260 221 3 0.6453 0.6432 148.989 149.861 -0.24284 0.48069 0 51
260 223 4 0.6572 0.6607 157.74 158.703 -0.32084 0.42669 0 51
260 193 5 0.686 0.6959 149.707 150.323 -0.26684 0.51669 0 51
260 189 6 0.6642 0.6472 146.2 144.715 -0.20084 0.51669 0 51
260 199 7 0.6852 0.6727 152.554 152.077 -0.27284 0.48669 0 51
260 167 8 0.6914 0.6661 155.267 153.852 -0.28484 0.46869 1 51
260 211 9 0.6483 0.6552 157.134 158.266 -0.31484 0.42669 1 51
260 237 10 0.6419 0.6451 153.816 153.472 -0.27284 0.45669 0 50
260 215 11 0.7167 0.7503 155.165 157.166 -0.35084 0.49869 0 51
260 274 12 0.7105 0.7358 158.816 160.062 -0.36884 0.46269 0 51
260 200 13 0.7057 0.7243 147.725 149.148 -0.26684 0.54669 0 51
260 308 14 0.7539 0.7662 155.25 155.698 -0.34484 0.52269 0 51
260 258 15 0.7314 0.7555 155.312 156.227 -0.34484 0.51069 0 51
260 349 16 0.7444 0.7515 159.497 159.841 -0.37484 0.47469 0 51
260 288 17 0.7415 0.752 152.327 152.485 -0.30884 0.54069 0 51
260 212 18 0.6441 0.6497 157.296 157.821 -0.30884 0.42669 0 51
260 242 19 0.6572 0.6506 153.28 153.184 -0.27284 0.46269 0 50
260 203 20 0.6935 0.7007 150.44 150.793 -0.27284 0.51669 0 51
260 230 21 0.7322 0.7486 146.717 147.609 -0.26084 0.57669 0 51
260 263 22 0.7343 0.744 149.319 150.279 -0.28484 0.55269 0 51
260 199 23 0.6208 0.6397 157.538 159.266 -0.31484 0.40869 0 51
260 235 24 0.6286 0.6359 151.024 151.695 -0.25484 0.46269 0 50
260 266 25 0.7517 0.7575 148.235 148.511 -0.27284 0.57669 0 51
260 174 26 0.6837 0.6923 148.026 149.125 -0.25484 0.52269 0 51
260 163 27 0.6954 0.6716 154.616 153.569 -0.28484 0.47469 1 51
260 277 28 0.6496 0.6515 160.081 160.907 -0.33284 0.40269 0 51
260 213 29 0.6203 0.6283 148.655 149.072 -0.23084 0.47469 0 51
260 255 30 0.6901 0.6886 160.175 160.785 -0.35084 0.42669 1 51
260 215 31 0.6678 0.6583 150.128 150.614 -0.25484 0.48669 0 51
260 329 32 0.7313 0.7471 160.346 160.809 -0.38084 0.46269 0 51
260 303 33 0.7223 0.746 158.635 159.466 -0.36884 0.47469 0 51
260 216 34 0.6492 0.6552 157.382 158.266 -0.31484 0.42669 1 51
260 297 35 0.7706 0.7748 147.727 147.893 -0.27284 0.59469 0 51
260 225 36 0.63 0.6194 146.503 145.032 -0.19484 0.49269 0 51
260 302 37 0.7505 0.7664 154.731 155.043 -0.33884 0.52869 0 51
260 263 38 0.7481 0.7563 148.631 149.169 -0.27884 0.57069 0 51
260 223 39 0.6216 0.6352 151.996 152.483 -0.26084 0.45669 0 50
260 242 40 0.7122 0.7215 150.99 151.221 -0.28484 0.52869 0 51
260 222 41 0.6368 0.6504 157.913 159.366 -0.32084 0.41469 0 51
260 282 42 0.7117 0.7364 159.95 160.743 -0.37484 0.45669 0 51
260 236 43 0.6566 0.6527 150.763 150.877 -0.25484 0.48069 0 50
260 353 44 0.7727 0.7622 160.093 159.919 -0.38084 0.48069 0 51
260 262 45 0.7285 0.741 152.895 152.977 -0.30884 0.52869 0 51
260 330 46 0.7728 0.7769 154.766 155.184 -0.34484 0.53469 0 52
260 283 47 0.6627 0.6622 160.772 160.978 -0.33884 0.40869 0 51
260 286 48 0.7418 0.7479 151.025 151.388 -0.29684 0.54669 0 51
260 182 49 0.6876 0.6661 154.749 153.852 -0.28484 0.46869 1 51
304 344 0 0.7761 0.7805 147.546 147.692 -0.27284 0.60069 0 51
304 299 1 0.6837 0.6779 160.134 160.713 -0.34484 0.42069 0 52
304 236 2 0.6856 0.6903 150.173 150.569 -0.26684 0.51069 0 51
304 228 3 0.6799 0.6658 155.653 154.606 -0.29084 0.46269 1 51
304 221 4 0.6881 0.6716 154.291 153.569 -0.28484 0.47469 0 51
304 238 5 0.6845 0.6721 153.392 152.823 -0.27884 0.48069 1 51
304 263 6 0.7055 0.7404 157.142 159.084 -0.36284 0.47469 0 52
304 344 7 0.7439 0.7557 156.757 157.557 -0.35684 0.49869 0 52
304 264 8 0.7056 0.7404 157.197 159.084 -0.36284 0.47469 0 52
304 289 9 0.6433 0.6457 152.689 152.695 -0.26684 0.46269 0 50
304 286 10 0.7016 0.7201 159.141 160.292 -0.36284 0.45069 0 52
304 255 11 0.6511 0.6496 156.069 155.501 -0.29084 0.44469 0 51
304 262 12 0.6256 0.6346 153.076 153.273 -0.26684 0.45069 0 50
304 375 13 0.7459 0.7562 158.071 158.885 -0.36884 0.48669 0 52
304 235 14 0.6249 0.6339 154.934 154.856 -0.27884 0.43869 0 51
304 270 15 0.6414 0.6432 149.32 149.861 -0.24284 0.48069 0 51
304 255 16 0.6512 0.6552 157.313 158.266 -0.31484 0.42669 0 51
304 345 17 0.7202 0.7364 160.16 160.743 -0.37484 0.45669 0 52
304 287 18 0.7371 0.7461 147.993 148.94 -0.27284 0.56469 0 52
304 402 19 0.76 0.7572 160.187 160.212 -0.38084 0.47469 0 51
304 188 20 0.6977 0.6767 155.162 154.033 -0.29084 0.47469 1 52
304 323 21 0.7413 0.7565 153.405 153.569 -0.32084 0.53469 0 52
304 398 22 0.7649 0.7617 159.226 159.26 -0.37484 0.48669 0 51
304 400 23 0.7556 0.7622 159.699 159.919 -0.38084 0.48069 0 51
304 373 24 0.7751 0.7772 154.557 154.538 -0.33884 0.54069 0 52
304 286 25 0.7095 0.7404 157.693 159.084 -0.36284 0.47469 0 52
304 248 26 0.681 0.6672 153.139 152.347 -0.27284 0.48069 0 51
304 394 27 0.7764 0.7673 159.701 159.63 -0.38084 0.48669 0 51
304 275 28 0.7053 0.7353 157.81 159.38 -0.36284 0.46869 0 52
304 235 29 0.6572 0.6512 147.887 148.071 -0.23084 0.49869 0 51
304 237 30 0.7111 0.745 155.637 157.445 -0.35084 0.49269 0 52
304 317 31 0.7561 0.761 149.561 149.609 -0.28484 0.57069 0 52
304 262 32 0.7193 0.7503 155.623 157.166 -0.35084 0.49869 0 52
304 287 33 0.6489 0.6457 153.224 152.695 -0.26684 0.46269 0 50
304 248 34 0.6138 0.631 150.661 151.183 -0.24884 0.46269 0 51
304 267 35 0.6234 0.6319 149.975 150.391 -0.24284 0.46869 0 51
304 380 36 0.7771 0.772 158.283 158.695 -0.37484 0.49869 0 51
304 245 37 0.6301 0.6393 155.033 154.551 -0.27884 0.44469 0 51
304 265 38 0.6296 0.6453 158.305 159.705 -0.32084 0.40869 0 51
304 243 39 0.6169 0.6346 157.911 159.61 -0.31484 0.40269 0 51
304 257 40 0.6456 0.6496 155.649 155.501 -0.29084 0.44469 0 51
304 324 41 0.7377 0.7465 152.575 152.729 -0.30884 0.53469 0 52
304 273 42 0.7165 0.7452 156.329 158.119 -0.35684 0.48669 0 52
304 261 43 0.6506 0.6552 157.634 158.266 -0.31484 0.42669 0 51
304 348 44 0.7257 0.746 158.651 159.466 -0.36884 0.47469 0 52
304 258 45 0.7012 0.7119 149.372 150.308 -0.27284 0.52869 0 51
304 277 46 0.638 0.6423 149.879 150.638 -0.24884 0.47469 0 51
304 270 47 0.6979 0.7144 158.656 159.904 -0.35684 0.45069 0 52
304 300 48 0.7236 0.7327 150.021 150.743 -0.28484 0.54069 0 51
304 279 49 0.7151 0.7311 152.089 152.111 -0.29684 0.52869 0 51
347 267 0 0.6787 0.6809 148.982 149.605 -0.25484 0.51069 0 51
347 414 1 0.773 0.7772 154.55 154.538 -0.33884 0.54069 -0 52
347 353 2 0.6808 0.6779 160.711 160.713 -0.34484 0.42069 0 52
347 254 3 0.7109 0.7449 155.174 156.771 -0.34484 0.49869 0 52
347 240 4 0.7015 0.7401 155.87 158.406 -0.35684 0.48069 0 52
347 331 5 0.6424 0.6457 152.68 152.695 -0.26684 0.46269 0 50
347 285 6 0.7161 0.7312 147.234 148.243 -0.26084 0.55869 0 52
347 354 7 0.7385 0.7507 154.297 154.488 -0.32684 0.52269 0 52
347 276 8 0.7097 0.7255 147.361 148.461 -0.26084 0.55269 0 52
347 306 9 0.6896 0.6931 158.74 159.735 -0.34484 0.43869 0 52
347 354 10 0.6207 0.6308 160.74 161.55 -0.32684 0.38469 0 52
347 378 11 0.7694 0.7761 146.871 147.252 -0.26684 0.60069 -0 52
347 429 12 0.7766 0.7678 160.968 160.283 -0.38684 0.48069 -0 51
347 337 13 0.7003 0.71 160.187 160.922 -0.36284 0.43869 0 52
347 411 14 0.775 0.7768 156.94 157.124 -0.36284 0.51669 0 52
347 363 15 0.7616 0.7667 149.056 149.393 -0.28484 0.57669 -0 52
347 284 16 0.7155 0.745 155.72 157.445 -0.35084 0.49269 0 52
347 336 17 0.706 0.7251 159.186 159.984 -0.36284 0.45669 0 52
347 362 18 0.7129 0.7264 160.878 161.365 -0.37484 0.44469 0 52
347 355 19 0.7295 0.7375 151.171 151.187 -0.29084 0.54069 0 52
347 336 20 0.7014 0.715 159.933 160.605 -0.36284 0.44469 0 52
347 306 21 0.657 0.6499 155.146 154.728 -0.28484 0.45069 0 51
347 255 22 0.6926 0.6826 153.72 153.018 -0.28484 0.48669 0 52
347 273 23 0.6794 0.6658 155.239 154.606 -0.29084 0.46269 0 52
347 274 24 0.6773 0.6752 149.401 149.851 -0.25484 0.50469 0 51
347 294 25 0.6345 0.6322 147.243 146.707 -0.21284 0.49269 -0 51
347 325 26 0.6893 0.688 159.563 160.056 -0.34484 0.43269 0 52
347 431 27 0.7527 0.7617 158.657 159.26 -0.37484 0.48669 0 52
347 254 28 0.6897 0.6716 154.486 153.569 -0.28484 0.47469 0 52
347 295 29 0.6613 0.6592 149.407 149.856 -0.24884 0.49269 0 51
347 332 30 0.7389 0.7461 148.208 148.94 -0.27284 0.56469 0 52
347 348 31 0.7261 0.7319 151.149 151.426 -0.29084 0.53469 0 52
347 299 32 0.653 0.6552 157.426 158.266 -0.31484 0.42669 0 51
347 318 33 0.6617 0.6574 151.161 151.374 -0.26084 0.48069 0 51
347 416 34 0.7772 0.7823 154.79 154.932 -0.34484 0.54069 -0 52
347 287 35 0.7158 0.73 153.687 153.483 -0.30884 0.51669 0 52
347 321 36 0.6172 0.6301 159.387 160.756 -0.32084 0.39069 0 51
347 384 37 0.7522 0.7576 151.981 152.244 -0.30884 0.54669 -0 52
347 415 38 0.7725 0.7769 154.794 155.184 -0.34484 0.53469 0 52
347 308 39 0.6655 0.6662 158.104 159.133 -0.32684 0.42669 0 52
347 295 40 0.6767 0.6616 153.158 152.621 -0.27284 0.47469 0 51
347 346 41 0.7467 0.7506 148.811 149.387 -0.27884 0.56469 -0 52
347 295 42 0.7102 0.7256 152.59 152.359 -0.29684 0.52269 0 52
347 298 43 0.6396 0.6397 148.241 148.562 -0.23084 0.48669 -0 51
347 289 44 0.6679 0.6639 149.676 150.355 -0.25484 0.49269 -0 51
347 296 45 0.6486 0.6496 156.356 156.274 -0.29684 0.43869 0 51
347 273 46 0.6805 0.6856 149.629 150.09 -0.26084 0.51069 0 51
347 295 47 0.6737 0.671 157.812 158.061 -0.32084 0.43869 0 52
347 312 48 0.6312 0.6366 149.965 150.908 -0.24884 0.46869 -0 51
347 339 49 0.6506 0.656 159.2 159.797 -0.32684 0.41469 0 52
390 331 0 0.6427 0.641 147.665 147.786 -0.22484 0.49269 -0 52
390 376 1 0.7184 0.7404 157.484 159.084 -0.36284 0.47469 0 53
390 327 2 0.7215 0.7326 146.73 147.564 -0.25484 0.56469 -0 52
390 374 3 0.6644 0.6666 159.063 159.886 -0.33284 0.42069 0 52
390 361 4 0.6426 0.6423 150.016 150.638 -0.24884 0.47469 -0 51
390 360 5 0.7105 0.7215 151.087 151.221 -0.28484 0.52869 0 52
390 485 6 0.7668 0.7622 160.325 159.919 -0.38084 0.48069 -0 52
390 372 7 0.6877 0.688 159.784 160.056 -0.34484 0.43269 0 53
390 467 8 0.7541 0.7614 158.3 158.601 -0.36884 0.49269 0 52
390 311 9 0.6961 0.6943 152.399 151.762 -0.27884 0.50469 0 52
390 322 10 0.6722 0.6655 156.51 156.115 -0.30284 0.45069 0 52
390 347 11 0.667 0.6658 158.092 158.38 -0.32084 0.43269 0 52
390 382 12 0.6622 0.6616 159.392 160.221 -0.33284 0.41469 0 52
390 382 13 0.7215 0.7271 150.639 150.98 -0.28484 0.53469 0 52
390 304 14 0.686 0.6814 157.204 157.438 -0.32084 0.45069 0 52
390 371 15 0.6377 0.6407 151.842 152.199 -0.26084 0.46269 -0 51
390 337 16 0.6625 0.6602 157.255 157.182 -0.30884 0.43869 0 52
390 404 17 0.7632 0.7718 146.081 146.807 -0.26084 0.60069 -0 52
390 329 18 0.7254 0.7398 146.193 146.685 -0.24884 0.57669 -0 52
390 363 19 0.7109 0.7223 150.017 150.528 -0.27884 0.53469 0 52
390 326 20 0.6319 0.6391 155.388 155.336 -0.28484 0.43869 0 51
390 463 21 0.739 0.7515 159.403 159.841 -0.37484 0.47469 0 52
390 482 22 0.7722 0.7673 159.791 159.63 -0.38084 0.48669 -0 52
390 260 23 0.7027 0.7237 155.381 156.517 -0.33284 0.48669 0 53
390 322 24 0.6849 0.6847 150.522 150.82 -0.26684 0.50469 0 52
390 308 25 0.7128 0.7223 146.609 147.304 -0.24884 0.55869 -0 52
390 302 26 0.7121 0.7397 155.61 157.048 -0.34484 0.49269 0 53
390 374 27 0.6961 0.7043 160.057 160.533 -0.35684 0.43869 0 53
390 442 28 0.7598 0.767 153.527 153.733 -0.32684 0.54069 -0 53
390 374 29 0.7215 0.7311 152.327 152.111 -0.29684 0.52869 0 52
390 344 30 0.7093 0.7349 157.434 158.697 -0.35684 0.47469 0 53
390 385 31 0.6229 0.6358 160.308 161.188 -0.32684 0.39069 0 52
390 330 32 0.6451 0.6396 146.525 145.699 -0.20684 0.50469 -0 52
390 368 33 0.6509 0.647 150.939 151.145 -0.25484 0.47469 -0 51
390 343 34 0.6469 0.6443 148.87 149.086 -0.23684 0.48669 -0 51
390 303 35 0.7148 0.7347 154.488 154.594 -0.32084 0.51069 0 53
390 311 36 0.7059 0.7294 156.687 158.304 -0.35084 0.47469 0 53
390 419 37 0.7756 0.7736 151.858 152.19 -0.31484 0.55869 -0 53
390 323 38 0.7149 0.7255 147.28 148.461 -0.26084 0.55269 -0 52
390 403 39 0.7551 0.76 149.762 150.266 -0.29084 0.56469 -0 53
390 430 40 0.7533 0.7609 155.774 155.961 -0.34484 0.51669 0 53
390 282 41 0.707 0.7344 155.617 157.33 -0.34484 0.48669 0 53
390 467 42 0.7405 0.7521 160.372 160.508 -0.38084 0.46869 0 52
390 357 43 0.6224 0.6352 159.068 160.4 -0.32084 0.39669 0 52
390 343 44 0.6221 0.6272 149.439 149.867 -0.23684 0.46869 -0 51
390 458 45 0.774 0.7772 154.452 154.538 -0.33884 0.54069 -0 53
390 361 46 0.6549 0.6502 154.247 153.955 -0.27884 0.45669 0 51
390 347 47 0.6244 0.6319 149.603 150.391 -0.24284 0.46869 -0 51
390 393 48 0.7351 0.7383 149.865 150.509 -0.28484 0.54669 -0 52
390 441 49 0.7666 0.7675 152.926 153.079 -0.32084 0.54669 -0 53
434 423 0 0.7362 0.7555 155.571 156.227 -0.34484 0.51069 0 53
434 504 1 0.7373 0.7465 159.706 160.138 -0.37484 0.46869 0 53
434 374 2 0.697 0.7063 150.407 150.548 -0.27284 0.52269 0 52
434 378 3 0.6165 0.6295 158.684 159.96 -0.31484 0.39669 0 52
434 453 4 0.7393 0.7423 151.375 151.625 -0.29684 0.54069 -0 53
434 386 5 0.6247 0.622 146.564 146.391 -0.20684 0.48669 -0 52
434 386 6 0.6602 0.655 155.544 155.198 -0.29084 0.45069 0 52
434 349 7 0.6608 0.654 146.872 146.55 -0.21884 0.51069 -0 52
434 419 8 0.721 0.7327 150.303 150.743 -0.28484 0.54069 0 53
434 403 9 0.6531 0.6527 150.482 150.877 -0.25484 0.48069 -0 51
434 371 10 0.633 0.6391 155.145 155.336 -0.28484 0.43869 0 51
434 499 11 0.7354 0.7465 159.598 160.138 -0.37484 0.46869 0 53
434 407 12 0.7172 0.7263 151.966 151.669 -0.29084 0.52869 0 53
434 404 13 0.6326 0.6366 150.981 150.908 -0.24884 0.46869 -0 51
434 374 14 0.7172 0.7398 156.315 157.727 -0.35084 0.48669 0 53
434 416 15 0.7094 0.7251 158.901 159.984 -0.36284 0.45669 0 53
434 385 16 0.6697 0.6611 154.063 153.38 -0.27884 0.46869 0 52
434 378 17 0.6458 0.6496 156.057 156.274 -0.29684 0.43869 0 52
434 353 18 0.6795 0.6809 149.124 149.605 -0.25484 0.51069 -0 52
434 457 19 0.7481 0.7609 155.307 155.961 -0.34484 0.51669 0 53
434 347 20 0.6753 0.6763 148.616 149.113 -0.24884 0.51069 -0 52
434 445 21 0.7584 0.761 149.537 149.609 -0.28484 0.57069 -0 53
434 320 22 0.6937 0.6821 154.521 153.753 -0.29084 0.48069 0 53
434 458 23 0.7756 0.7781 148.941 148.969 -0.28484 0.58869 -0 53
434 383 24 0.6257 0.6264 147.163 146.945 -0.21284 0.48669 -0 52
434 479 25 0.7572 0.7615 153.66 153.981 -0.32684 0.53469 -0 53
434 350 26 0.679 0.6656 155.84 155.36 -0.29684 0.45669 0 53
434 369 27 0.6953 0.7016 149.423 150.08 -0.26684 0.52269 -0 52
434 390 28 0.6713 0.6623 151.986 151.864 -0.26684 0.48069 0 52
434 325 29 0.6853 0.689 147.214 147.916 -0.24284 0.52869 -0 53
434 409 30 0.6606 0.6567 152.148 152.136 -0.26684 0.47469 -0 51
434 517 31 0.7456 0.7515 159.807 159.841 -0.37484 0.47469 -0 53
434 375 32 0.7002 0.7073 149.171 149.842 -0.26684 0.52869 -0 52
434 444 33 0.758 0.7659 146.84 147.003 -0.26084 0.59469 -0 53
434 476 34 0.7612 0.7625 152.335 152.664 -0.31484 0.54669 -0 53
434 332 35 0.6932 0.6992 147.307 148.179 -0.24884 0.53469 -0 53
434 390 36 0.6692 0.6611 153.775 153.38 -0.27884 0.46869 0 52
434 427 37 0.7257 0.7311 151.9 152.111 -0.29684 0.52869 0 53
434 373 38 0.6982 0.7073 149.61 149.842 -0.26684 0.52869 0 52
434 359 39 0.705 0.714 147.824 148.908 -0.26084 0.54069 -0 53
434 373 40 0.616 0.6254 151.337 151.463 -0.24884 0.45669 0 51
434 406 41 0.7197 0.7256 152.502 152.359 -0.29684 0.52269 0 53
434 418 42 0.7443 0.7543 147.214 147.404 -0.26084 0.58269 -0 53
434 487 43 0.7628 0.767 153.403 153.733 -0.32684 0.54069 -0 53
434 407 44 0.7023 0.7144 159.233 159.904 -0.35684 0.45069 0 53
434 363 45 0.7144 0.725 153.544 153.05 -0.30284 0.51669 0 53
434 458 46 0.7223 0.7409 158.922 159.762 -0.36884 0.46869 0 53
434 456 47 0.6466 0.6465 160.92 161.257 -0.33284 0.39669 -0 53
434 384 48 0.6291 0.6283 148.672 149.072 -0.23084 0.47469 -0 52
434 314 49 0.706 0.7291 155.632 156.927 -0.33884 0.48669 0 53
477 432 0 0.6407 0.6386 149.008 149.342 -0.23684 0.48069 -0 52
477 403 1 0.6852 0.6783 152.457 151.812 -0.27284 0.49269 0 53
477 499 2 0.7628 0.7639 150.861 151.351 -0.30284 0.55869 -0 54
477 421 3 0.6153 0.6239 158.865 159.511 -0.30884 0.39669 0 53
477 474 4 0.6581 0.6616 159.644 160.221 -0.33284 0.41469 0 53
477 487 5 0.7135 0.7207 161.032 160.988 -0.36884 0.44469 0 54
477 408 6 0.6978 0.6999 151.714 151.507 -0.27884 0.51069 0 53
477 407 7 0.6126 0.6169 149.34 149.601 -0.23084 0.46269 -0 52
477 497 8 0.7644 0.7647 150.813 150.697 -0.29684 0.56469 -0 54
477 482 9 0.6569 0.6565 160.022 160.561 -0.33284 0.40869 -0 53
477 554 10 0.7707 0.7665 158.367 158.321 -0.36884 0.49869 -0 53
477 505 11 0.758 0.7583 151.233 151.583 -0.30284 0.55269 -0 54
477 388 12 0.6865 0.6771 153.957 153.291 -0.28484 0.48069 0 53
477 366 13 0.683 0.6846 147.178 147.418 -0.23684 0.52869 -0 53
477 570 14 0.754 0.7572 160.248 160.212 -0.38084 0.47469 -0 53
477 461 15 0.7213 0.728 150.157 150.293 -0.27884 0.54069 -0 53
477 392 16 0.7156 0.7397 155.96 157.048 -0.34484 0.49269 0 54
477 475 17 0.7527 0.7575 148.049 148.511 -0.27284 0.57669 -0 54
477 488 18 0.7371 0.7431 150.525 150.951 -0.29084 0.54669 -0 53
477 440 19 0.7276 0.7449 156.017 156.771 -0.34484 0.49869 0 54
477 474 20 0.7296 0.7367 152.136 151.866 -0.29684 0.53469 -0 54
477 454 21 0.7049 0.7144 159.344 159.904 -0.35684 0.45069 0 54
477 425 22 0.6297 0.6397 153.758 153.766 -0.27284 0.45069 0 52
477 446 23 0.6358 0.6401 153.19 152.981 -0.26684 0.45669 -0 51
477 354 24 0.6921 0.6763 155.344 154.775 -0.29684 0.46869 0 54
477 387 25 0.6134 0.6235 157.659 158.707 -0.30284 0.40269 0 53
477 451 26 0.6339 0.6407 152.049 152.199 -0.26084 0.46269 -0 51
477 395 27 0.6155 0.6235 157.794 158.707 -0.30284 0.40269 0 53
477 458 28 0.7342 0.7502 155.676 156.497 -0.34484 0.50469 0 54
477 494 29 0.7772 0.7743 151.531 151.543 -0.30884 0.56469 -0 54
477 398 30 0.6907 0.6923 157.884 158.286 -0.33284 0.45069 0 54
477 523 31 0.7272 0.7364 160.66 160.743 -0.37484 0.45669 0 54
477 445 32 0.6517 0.6502 154.382 153.955 -0.27884 0.45669 0 52
477 409 33 0.7046 0.714 148.373 148.908 -0.26084 0.54069 -0 53
477 408 34 0.697 0.7026 149.047 149.37 -0.26084 0.52869 -0 53
477 369 35 0.6882 0.6814 156.583 156.701 -0.31484 0.45669 0 54
477 489 36 0.7777 0.776 150.079 150.253 -0.29684 0.57669 -0 54
477 499 37 0.6466 0.6465 160.948 161.257 -0.33284 0.39669 -0 53
477 488 38 0.742 0.7556 156.088 156.892 -0.35084 0.50469 0 54
477 432 39 0.6672 0.6658 158.021 158.38 -0.32084 0.43269 0 53
477 449 40 0.7269 0.7346 148.65 149.382 -0.27284 0.55269 -0 53
477 456 41 0.7236 0.7401 157.113 158.406 -0.35684 0.48069 0 54
477 493 42 0.7674 0.7667 149.246 149.393 -0.28484 0.57669 -0 54
477 475 43 0.7187 0.7353 158.365 159.38 -0.36284 0.46869 0 54
477 480 44 0.6468 0.6515 159.991 160.907 -0.33284 0.40269 -0 53
477 545 45 0.746 0.7562 158.511 158.885 -0.36884 0.48669 -0 53
477 569 46 0.7666 0.7628 160.682 160.576 -0.38684 0.47469 -0 53
477 450 47 0.714 0.7223 150.51 150.528 -0.27884 0.53469 -0 53
477 412 48 0.6701 0.6696 149.766 150.101 -0.25484 0.49869 -0 52
477 409 49 0.6475 0.6439 146.554 146.243 -0.21284 0.50469 -1 53
520 453 0 0.6972 0.7073 149.4 149.842 -0.26684 0.52869 -0 53
520 414 1 0.7057 0.7122 146.356 147.037 -0.24284 0.55269 -0 54
520 515 2 0.7066 0.71 160.643 160.922 -0.36284 0.43869 0 55
520 464 3 0.661 0.6592 149.574 149.856 -0.24884 0.49269 -1 53
520 477 4 0.6366 0.6386 149.184 149.342 -0.23684 0.48069 -0 52
520 592 5 0.7395 0.7471 160.671 160.809 -0.38084 0.46269 -0 54
520 564 6 0.7757 0.778 152.812 153.247 -0.32684 0.55269 -0 55
520 456 7 0.638 0.6443 155.842 155.809 -0.29084 0.43869 0 53
520 529 8 0.7308 0.7452 157.561 158.119 -0.35684 0.48669 -0 54
520 516 9 0.6849 0.6836 160.659 161.115 -0.35084 0.42069 0 54
520 475 10 0.6702 0.6623 152.331 151.864 -0.26684 0.48069 -0 53
520 562 11 0.7559 0.7615 153.932 153.981 -0.32684 0.53469 -0 55
520 460 12 0.7073 0.7191 157.866 158.898 -0.35084 0.46269 0 54
520 457 13 0.6434 0.6443 156.317 156.589 -0.29684 0.43269 -0 53
520 454 14 0.6682 0.6655 156.227 156.115 -0.30284 0.45069 0 53
520 457 15 0.695 0.7007 150.576 150.793 -0.27284 0.51669 -0 53
520 497 16 0.7346 0.7503 155.349 155.827 -0.33884 0.51069 -0 55
520 574 17 0.766 0.767 153.717 153.733 -0.32684 0.54069 -0 55
520 451 18 0.7068 0.714 148.158 148.908 -0.26084 0.54069 -0 54
520 450 19 0.6927 0.6926 158.253 159.011 -0.33884 0.44469 0 54
520 463 20 0.6233 0.6206 147.404 147.188 -0.21284 0.48069 -1 53
520 479 21 0.6314 0.6376 149.943 150.124 -0.24284 0.47469 -0 52
520 476 22 0.6236 0.631 151.094 151.183 -0.24884 0.46269 -0 52
520 481 23 0.737 0.7486 147.141 147.609 -0.26084 0.57669 -0 54
520 504 24 0.7194 0.7271 151.026 150.98 -0.28484 0.53469 -0 54
520 420 25 0.7142 0.7343 155.766 156.646 -0.33884 0.49269 0 55
520 454 26 0.6257 0.6342 157.975 158.819 -0.30884 0.40869 -0 53
520 564 27 0.7623 0.7675 152.692 153.079 -0.32084 0.54669 -0 55
520 534 28 0.7158 0.7207 160.875 160.988 -0.36884 0.44469 0 55
520 472 29 0.7331 0.7441 146.791 147.149 -0.25484 0.57669 -0 54
520 455 30 0.6734 0.6696 150.265 150.101 -0.25484 0.49869 -0 53
520 452 31 0.6273 0.6342 154.422 154.064 -0.27284 0.44469 0 52
520 469 32 0.6314 0.634 148.632 148.815 -0.23084 0.48069 -1 53
520 450 33 0.6138 0.6206 150.49 150.941 -0.24284 0.45669 -0 52
520 515 34 0.7257 0.7319 150.987 151.426 -0.29084 0.53469 -0 54
520 498 35 0.7418 0.7473 147.883 148.273 -0.26684 0.57069 -0 54
520 493 36 0.7008 0.7094 159.522 160.216 -0.35684 0.44469 0 54
520 579 37 0.7396 0.746 158.845 159.466 -0.36884 0.47469 -0 54
520 482 38 0.7076 0.7167 150.282 150.767 -0.27884 0.52869 -0 54
520 474 39 0.6558 0.655 155.285 155.198 -0.29084 0.45069 0 53
520 458 40 0.6326 0.6393 154.82 154.551 -0.27884 0.44469 -0 52
520 487 41 0.6688 0.6662 158.734 159.133 -0.32684 0.42669 0 54
520 470 42 0.6513 0.6552 157.627 158.266 -0.31484 0.42669 0 53
520 406 43 0.6982 0.7063 146.636 147.251 -0.24284 0.54669 -0 54
520 540 44 0.7676 0.769 148.307 148.096 -0.27284 0.58869 -0 54
520 497 45 0.6534 0.6519 151.885 151.644 -0.26084 0.47469 -0 52
520 429 46 0.6803 0.6761 156.431 156.261 -0.30884 0.45669 0 54
520 491 47 0.6317 0.6359 151.576 151.695 -0.25484 0.46269 -0 52
520 502 48 0.6213 0.6301 160.124 160.756 -0.32084 0.39069 -0 53
520 512 49 0.7238 0.7401 157.66 158.406 -0.35684 0.48069 0 54
564 526 0 0.705 0.7144 158.974 159.904 -0.35684 0.45069 0 55
564 516 1 0.6475 0.6489 149.325 149.603 -0.24284 0.48669 -1 53
564 562 2 0.6848 0.6836 160.801 161.115 -0.35084 0.42069 -0 55
564 534 3 0.7252 0.7305 153.086 152.796 -0.30284 0.52269 -0 55
564 525 4 0.6413 0.6397 153.998 153.766 -0.27284 0.45069 -0 53
564 484 5 0.6314 0.639 156.644 156.909 -0.29684 0.42669 -0 53
564 480 6 0.6779 0.6658 155.146 154.606 -0.29084 0.46269 0 54
564 597 7 0.7543 0.7609 155.771 155.961 -0.34484 0.51669 -0 55
564 522 8 0.6554 0.6607 158.257 158.703 -0.32084 0.42669 -0 54
564 456 9 0.6834 0.6832 147.666 148.144 -0.24284 0.52269 -1 54
564 443 10 0.6923 0.6962 146.544 146.977 -0.23684 0.54069 -1 54
564 595 11 0.7512 0.752 152.432 152.485 -0.30884 0.54069 -0 55
564 505 12 0.6708 0.6611 154.084 153.38 -0.27884 0.46869 -0 53
564 510 13 0.6449 0.6445 155.463 155.03 -0.28484 0.44469 -0 53
564 506 14 0.6248 0.6297 153.003 152.772 -0.26084 0.45069 -0 52
564 469 15 0.7114 0.7292 156.489 157.616 -0.34484 0.48069 0 55
564 535 16 0.7201 0.7233 149.427 149.837 -0.27284 0.54069 -0 54
564 460 17 0.6904 0.6935 147.722 148.407 -0.24884 0.52869 -1 54
564 600 18 0.7533 0.7565 153.475 153.569 -0.32084 0.53469 -0 55
564 488 19 0.6514 0.6468 147.376 147.545 -0.22484 0.49869 -1 54
564 540 20 0.6514 0.6519 151.571 151.644 -0.26084 0.47469 -0 52
564 580 21 0.7757 0.777 149.603 149.61 -0.29084 0.58269 -1 55
564 499 22 0.6692 0.6658 154.999 154.606 -0.29084 0.46269 0 54
564 634 23 0.7648 0.7665 157.896 158.321 -0.36884 0.49869 -0 55
564 489 24 0.6181 0.6297 152.704 152.772 -0.26084 0.45069 -0 53
564 528 25 0.6306 0.6352 152.328 152.483 -0.26084 0.45669 -0 52
564 428 26 0.6956 0.6921 155.512 155.382 -0.30884 0.47469 0 55
564 469 27 0.6847 0.6923 148.566 149.125 -0.25484 0.52269 -0 54
564 484 28 0.665 0.6603 148.698 149.1 -0.24284 0.49869 -1 54
564 566 29 0.7434 0.7504 154.888 155.158 -0.33284 0.51669 -0 55
564 454 30 0.6959 0.7006 147.034 147.469 -0.24284 0.54069 -0 54
564 495 31 0.618 0.6303 151.779 151.977 -0.25484 0.45669 -0 53
564 516 32 0.7161 0.7243 148.68 149.148 -0.26684 0.54669 -0 54
564 519 33 0.6567 0.6536 150.104 150.112 -0.24884 0.48669 -1 53
564 598 34 0.7533 0.7615 153.859 153.981 -0.32684 0.53469 -0 55
564 465 35 0.6129 0.6242 153.157 153.067 -0.26084 0.44469 -0 53
564 477 36 0.7063 0.7152 147.52 148.212 -0.25484 0.54669 -0 54
564 580 37 0.7471 0.7558 154.8 154.897 -0.33284 0.52269 -0 55
564 476 38 0.6828 0.6866 149.033 149.363 -0.25484 0.51669 -0 54
564 480 39 0.7176 0.7296 154.168 154.171 -0.31484 0.51069 0 55
564 564 40 0.7554 0.7588 147.611 147.856 -0.26684 0.58269 -0 55
564 577 41 0.7437 0.7431 150.758 150.951 -0.29084 0.54669 -0 55
564 557 42 0.6949 0.6943 160.968 161.181 -0.35684 0.42669 0 55
564 552 43 0.7253 0.7311 152.112 152.111 -0.29684 0.52869 -0 55
564 514 44 0.6701 0.6672 152.598 152.347 -0.27284 0.48069 -0 53
564 627 45 0.7761 0.7768 155.804 155.831 -0.35084 0.52869 -0 55
564 494 46 0.646 0.6424 147.448 147.013 -0.21884 0.49869 -1 54
564 514 47 0.6487 0.6489 149.215 149.603 -0.24284 0.48669 -1 53
564 491 48 0.634 0.639 155.842 156.123 -0.29084 0.43269 -0 53
564 545 49 0.6691 0.6666 159.352 159.886 -0.33284 0.42069 -0 54
607 629 0 0.7674 0.7703 147.314 147.45 -0.26684 0.59469 -1 55
607 555 1 0.6325 0.634 148.506 148.815 -0.23084 0.48069 -1 54
607 613 2 0.7137 0.7207 160.645 160.988 -0.36884 0.44469 0 56
607 547 3 0.6193 0.6206 147.063 147.188 -0.21284 0.48069 -1 54
607 585 4 0.6222 0.6301 160.08 160.756 -0.32084 0.39069 -0 55
607 491 5 0.7044 0.7186 156.7 157.501 -0.33884 0.47469 0 56
607 546 6 0.6694 0.6607 154.414 154.139 -0.28484 0.46269 -0 54
607 589 7 0.6649 0.6666 159.288 159.886 -0.33284 0.42069 -0 55
607 529 8 0.6339 0.639 156.447 156.909 -0.29684 0.42669 -0 54
607 564 9 0.6728 0.6713 158.652 158.809 -0.32684 0.43269 -0 55
607 619 10 0.7609 0.7646 147.37 147.651 -0.26684 0.58869 -1 55
607 473 11 0.6963 0.6923 154.826 154.657 -0.30284 0.48069 0 55
607 637 12 0.7774 0.7785 152.444 152.602 -0.32084 0.55869 -1 56
607 545 13 0.6987 0.7063 150.223 150.548 -0.27284 0.52269 -0 55
607 537 14 0.6686 0.6649 149.554 149.604 -0.24884 0.49869 -1 54
607 698 15 0.7576 0.7572 160.104 160.212 -0.38084 0.47469 -0 55
607 535 16 0.6159 0.6239 158.547 159.511 -0.30884 0.39669 -0 54
607 588 17 0.6353 0.6402 159.499 160.05 -0.32084 0.40269 -0 55
607 664 18 0.7546 0.7611 157.69 157.941 -0.36284 0.49869 -0 56
607 539 19 0.6481 0.6455 147.939 148.314 -0.23084 0.49269 -1 54
607 561 20 0.6571 0.6583 150.228 150.614 -0.25484 0.48669 -1 53
607 644 21 0.7392 0.7507 157.982 158.505 -0.36284 0.48669 -0 56
607 502 22 0.7156 0.729 155.589 156.237 -0.33284 0.49269 0 56
607 569 23 0.7322 0.7453 154.578 154.748 -0.32684 0.51669 -0 56
607 670 24 0.7708 0.7715 157.46 157.393 -0.36284 0.51069 -0 55
607 530 25 0.6765 0.6708 157.23 157.312 -0.31484 0.44469 0 55
607 658 26 0.7472 0.7559 157.782 158.221 -0.36284 0.49269 -0 56
607 541 27 0.7274 0.734 146.605 146.888 -0.24884 0.57069 -0 55
607 541 28 0.6158 0.6215 150.088 150.136 -0.23684 0.46269 -1 53
607 486 29 0.6824 0.6817 146.255 146.187 -0.22484 0.53469 -1 55
607 519 30 0.7143 0.7223 146.928 147.304 -0.24884 0.55869 -0 55
607 602 31 0.6717 0.6723 159.976 160.303 -0.33884 0.42069 -0 55
607 569 32 0.7215 0.7289 148.849 149.608 -0.27284 0.54669 -1 55
607 547 33 0.6334 0.6352 147.811 148.031 -0.22484 0.48669 -1 54
607 511 34 0.6625 0.6584 146.874 147.077 -0.22484 0.51069 -1 55
607 534 35 0.6838 0.6847 150.775 150.82 -0.26684 0.50469 -0 54
607 551 36 0.6625 0.6604 155.313 154.899 -0.29084 0.45669 -0 54
607 596 37 0.748 0.7518 148.431 148.724 -0.27284 0.57069 -1 55
607 690 38 0.7712 0.7673 159.449 159.63 -0.38084 0.48669 -1 55
607 645 39 0.757 0.7612 154.739 154.64 -0.33284 0.52869 -0 56
607 542 40 0.6648 0.6602 156.673 156.421 -0.30284 0.44469 -0 55
607 649 41 0.759 0.7608 156.361 156.621 -0.35084 0.51069 -0 56
607 602 42 0.6882 0.6836 161.004 161.115 -0.35084 0.42069 -0 56
607 698 43 0.7564 0.7572 160.085 160.212 -0.38084 0.47469 -0 55
607 550 44 0.7088 0.7152 152.006 152.166 -0.29084 0.51669 -0 55
607 555 45 0.6263 0.6283 148.852 149.072 -0.23084 0.47469 -1 54
607 578 46 0.6365 0.6414 151.079 151.417 -0.25484 0.46869 -0 53
607 572 47 0.7129 0.7223 150.046 150.528 -0.27884 0.53469 -0 55
607 616 48 0.6548 0.6565 160.556 160.561 -0.33284 0.40869 -0 55
607 523 49 0.6931 0.6887 152.236 152.021 -0.27884 0.49869 -0 55
651 629 0 0.6717 0.6717 159.436 159.557 -0.33284 0.42669 -0 56
651 631 1 0.6607 0.6611 159.261 159.463 -0.32684 0.42069 -0 56
651 572 2 0.6191 0.6235 158.216 158.707 -0.30284 0.40269 -0 55
651 612 3 0.7334 0.7451 154.997 155.422 -0.33284 0.51069 -0 57
651 538 4 0.706 0.7078 146.358 146.551 -0.23684 0.55269 -1 56
651 552 5 0.7083 0.7166 147.004 147.518 -0.24884 0.55269 -1 56
651 646 6 0.7541 0.7601 146.993 147.202 -0.26084 0.58869 -1 56
651 596 7 0.6333 0.634 148.486 148.815 -0.23084 0.48069 -1 54
651 548 8 0.7045 0.709 153.3 153.127 -0.29684 0.50469 -0 56
651 659 9 0.7442 0.7556 156.271 156.892 -0.35084 0.50469 -0 57
651 573 10 0.7125 0.724 157.224 157.905 -0.34484 0.47469 0 57
651 661 11 0.7621 0.7646 147.294 147.651 -0.26684 0.58869 -1 56
651 665 12 0.7783 0.777 149.66 149.61 -0.29084 0.58269 -1 57
651 607 13 0.64 0.6432 149.631 149.861 -0.24284 0.48069 -1 54
651 601 14 0.6611 0.6553 154.824 154.431 -0.28484 0.45669 -0 54
651 571 15 0.6341 0.639 156.953 156.909 -0.29684 0.42669 -0 55
651 735 16 0.7574 0.7617 159.165 159.26 -0.37484 0.48669 -0 56
651 664 17 0.6495 0.6515 160.744 160.907 -0.33284 0.40269 -0 56
651 532 18 0.7082 0.7238 156.443 157.211 -0.33884 0.48069 0 57
651 668 19 0.7459 0.7515 153.333 153.152 -0.31484 0.53469 -0 57
651 586 20 0.673 0.671 157.688 158.061 -0.32084 0.43869 -0 56
651 596 21 0.6483 0.6496 155.685 155.501 -0.29084 0.44469 -0 54
651 641 22 0.74 0.7502 155.861 156.497 -0.34484 0.50469 -0 57
651 716 23 0.7398 0.7471 160.437 160.809 -0.38084 0.46269 -0 56
651 560 24 0.7197 0.7293 154.523 154.859 -0.32084 0.50469 -0 57
651 698 25 0.7629 0.7662 155.751 155.698 -0.34484 0.52269 -1 56
651 617 26 0.6776 0.6773 159.293 159.973 -0.33884 0.42669 0 56
651 590 27 0.7103 0.7152 152.374 152.166 -0.29084 0.51669 -0 56
651 595 28 0.6582 0.6536 149.775 150.112 -0.24884 0.48669 -1 54
651 620 29 0.718 0.7233 149.475 149.837 -0.27284 0.54069 -0 56
651 667 30 0.7495 0.7556 155.187 155.562 -0.33884 0.51669 -0 57
651 712 31 0.7424 0.7511 158.929 159.174 -0.36884 0.48069 -0 56
651 619 32 0.7183 0.7207 151.939 151.915 -0.29084 0.52269 -0 56
651 591 33 0.6467 0.6443 148.714 149.086 -0.23684 0.48669 -1 54
651 661 34 0.7408 0.7431 151.032 150.951 -0.29084 0.54669 -1 56
651 570 35 0.6896 0.6871 158.076 158.597 -0.33284 0.44469 0 56
651 575 36 0.6359 0.6391 157.114 157.695 -0.30284 0.42069 -0 55
651 651 37 0.6657 0.6672 160.16 160.638 -0.33884 0.41469 -0 56
651 585 38 0.7073 0.7152 152.18 152.166 -0.29084 0.51669 -0 56
651 578 39 0.6742 0.6661 154.453 153.852 -0.28484 0.46869 -0 55
651 723 40 0.751 0.7562 158.599 158.885 -0.36884 0.48669 -0 56
651 610 41 0.6443 0.6447 154.442 154.25 -0.27884 0.45069 -0 54
651 615 42 0.6375 0.6423 150.456 150.638 -0.24884 0.47469 -1 54
651 540 43 0.6156 0.6234 154.436 154.676 -0.27284 0.43269 -0 54
651 595 44 0.7326 0.7383 146.921 147.355 -0.25484 0.57069 -1 56
651 558 45 0.6221 0.6288 154.626 154.368 -0.27284 0.43869 -0 54
651 606 46 0.7073 0.7119 150.102 150.308 -0.27284 0.52869 -0 55
651 726 47 0.7759 0.7724 159.639 159.345 -0.38084 0.49269 -1 56
651 612 48 0.6359 0.6376 150.111 150.124 -0.24284 0.47469 -1 54
651 569 49 0.695 0.6943 151.907 151.762 -0.27884 0.50469 -0 55
43 132 0 0.7438 0.5388 155.587 153.919 -0.23084 0.37869 1 50
43 129 1 0.6945 0.5388 159.041 153.919 -0.23084 0.37869 1 50
43 131 2 0.6963 0.5388 154.377 153.919 -0.23084 0.37869 1 50
43 148 3 0.7544 0.7622 159.636 159.919 -0.38084 0.48069 1 50
43 129 4 0.7236 0.5388 148.361 153.919 -0.23084 0.37869 1 50
43 133 5 0.6478 0.5388 160.274 153.919 -0.23084 0.37869 1 50
43 144 6 0.7449 0.7572 160.884 160.212 -0.38084 0.47469 1 50
43 131 7 0.7704 0.5388 146.558 153.919 -0.23084 0.37869 1 50
43 130 8 0.7539 0.5388 150.923 153.919 -0.23084 0.37869 1 50
43 130 9 0.7378 0.5388 150.177 153.919 -0.23084 0.37869 1 50
43 131 10 0.7122 0.5388 159.534 153.919 -0.23084 0.37869 1 50
43 129 11 0.7166 0.5388 147.665 153.919 -0.23084 0.37869 1 50
43 131 12 0.7111 0.5388 149.38 153.919 -0.23084 0.37869 1 50
43 130 13 0.7036 0.5388 159.909 153.919 -0.23084 0.37869 1 50
43 129 14 0.6972 0.5388 158.941 153.919 -0.23084 0.37869 1 50
43 131 15 0.6581 0.5388 155.995 153.919 -0.23084 0.37869 1 50
43 130 16 0.7732 0.5388 156.361 153.919 -0.23084 0.37869 1 51
43 132 17 0.678 0.5388 150.043 153.919 -0.23084 0.37869 1 50
43 130 18 0.69 0.5388 157.748 153.919 -0.23084 0.37869 1 50
43 132 19 0.6827 0.5388 152.761 153.919 -0.23084 0.37869 1 50
43 131 20 0.6909 0.5388 160.499 153.919 -0.23084 0.37869 1 50
43 130 21 0.7507 0.5388 151.417 153.919 -0.23084 0.37869 1 50
43 130 22 0.7732 0.5388 157.062 153.919 -0.23084 0.37869 1 51
43 135 23 0.614 0.5388 153.823 153.919 -0.23084 0.37869 1 50
43 136 24 0.6266 0.5388 158.721 153.919 -0.23084 0.37869 1 50
43 129 25 0.7202 0.5388 146.967 153.919 -0.23084 0.37869 1 50
43 134 26 0.6246 0.5388 154.721 153.919 -0.23084 0.37869 1 50
43 133 27 0.6458 0.5388 158.701 153.919 -0.23084 0.37869 1 50
43 130 28 0.6514 0.5388 148.339 153.919 -0.23084 0.37869 1 50
43 147 29 0.7778 0.7622 160.54 159.919 -0.38084 0.48069 1 50
43 130 30 0.6988 0.5388 156.585 153.919 -0.23084 0.37869 1 50
43 130 31 0.74 0.5388 148.371 153.919 -0.23084 0.37869 1 50
43 134 32 0.6373 0.5388 158.164 153.919 -0.23084 0.37869 1 50
43 132 33 0.6704 0.5388 155.287 153.919 -0.23084 0.37869 1 50
43 130 34 0.7658 0.5388 153.45 153.919 -0.23084 0.37869 1 51
43 130 35 0.7635 0.5388 149.612 153.919 -0.23084 0.37869 1 50
43 131 36 0.6525 0.5388 156.21 153.919 -0.23084 0.37869 1 50
43 131 37 0.7396 0.5388 147.257 153.919 -0.23084 0.37869 1 50
43 130 38 0.7301 0.5388 147.204 153.919 -0.23084 0.37869 1 50
43 130 39 0.7068 0.5388 157.586 153.919 -0.23084 0.37869 1 50
43 131 40 0.7238 0.5388 156.916 153.919 -0.23084 0.37869 1 50
43 132 41 0.6143 0.5388 153.015 153.919 -0.23084 0.37869 1 50
43 131 42 0.6622 0.5388 160.405 153.919 -0.23084 0.37869 1 50
43 130 43 0.7641 0.5388 149.998 153.919 -0.23084 0.37869 1 50
43 131 44 0.7543 0.5388 155.701 153.919 -0.23084 0.37869 1 50
43 132 45 0.6495 0.5388 149.308 153.919 -0.23084 0.37869 1 50
43 131 46 0.7585 0.5388 155.966 153.919 -0.23084 0.37869 1 50
43 132 47 0.6913 0.5388 151.279 153.919 -0.23084 0.37869 1 50
43 131 48 0.739 0.5388 154.66 153.919 -0.23084 0.37869 1 50
43 130 49 0.7026 0.5388 152.624 153.919 -0.23084 0.37869 1 50
87 130 0 0.7437 0.5388 147.233 153.919 -0.23084 0.37869 1 51
87 135 1 0.6437 0.5388 158.947 153.919 -0.23084 0.37869 1 50
87 130 2 0.6267 0.5388 148.111 153.919 -0.23084 0.37869 1 50
87 143 3 0.7071 0.7566 157.261 159.549 -0.37484 0.48069 1 50
87 132 4 0.6653 0.5388 156.853 153.919 -0.23084 0.37869 1 50
87 141 5 0.6247 0.5388 158.553 153.919 -0.23084 0.37869 1 50
87 133 6 0.7069 0.5388 152.495 153.919 -0.23084 0.37869 1 50
87 128 7 0.7317 0.5388 147.054 153.919 -0.23084 0.37869 1 50
87 130 8 0.6814 0.5388 159.748 153.919 -0.23084 0.37869 1 50
87 136 9 0.6312 0.5388 160.304 153.919 -0.23084 0.37869 1 50
87 133 10 0.6437 0.5388 153.665 153.919 -0.23084 0.37869 1 50
87 171 11 0.7255 0.7572 159.291 160.212 -0.38084 0.47469 1 50
87 146 12 0.7223 0.7617 156.198 159.26 -0.37484 0.48669 1 50
87 132 13 0.6648 0.5388 159.161 153.919 -0.23084 0.37869 1 50
87 133 14 0.7285 0.5388 153.429 153.919 -0.23084 0.37869 1 51
87 130 15 0.7187 0.5388 147.283 153.919 -0.23084 0.37869 1 50
87 130 16 0.7384 0.5388 147.292 153.919 -0.23084 0.37869 1 50
87 181 17 0.7395 0.7566 158.985 159.549 -0.37484 0.48069 1 50
87 133 18 0.6532 0.5388 160.47 153.919 -0.23084 0.37869 1 50
87 131 19 0.6687 0.5388 147.319 153.919 -0.23084 0.37869 1 50
87 129 20 0.679 0.5388 158.52 153.919 -0.23084 0.37869 1 50
87 131 21 0.7588 0.5388 147.695 153.919 -0.23084 0.37869 1 51
87 130 22 0.6327 0.5388 149.189 153.919 -0.23084 0.37869 1 50
87 167 23 0.7333 0.7566 157.445 159.549 -0.37484 0.48069 1 50
87 133 24 0.6555 0.5388 157.641 153.919 -0.23084 0.37869 1 50
87 130 25 0.6586 0.5388 147.304 153.919 -0.23084 0.37869 1 50
87 133 26 0.6586 0.5388 153.502 153.919 -0.23084 0.37869 1 50
87 133 27 0.699 0.7521 160.897 160.508 -0.38084 0.46869 1 50
87 137 28 0.7009 0.7566 157.081 159.549 -0.37484 0.48069 1 50
87 132 29 0.6323 0.5388 153.045 153.919 -0.23084 0.37869 1 50
87 129 30 0.7254 0.5388 148.608 153.919 -0.23084 0.37869 1 50
87 130 31 0.6816 0.5388 158.293 153.919 -0.23084 0.37869 1 50
87 131 32 0.673 0.5388 147.221 153.919 -0.23084 0.37869 1 50
87 140 33 0.7416 0.7718 153.94 154.788 -0.33884 0.53469 1 50
87 139 34 0.6151 0.5393 154.048 152.988 -0.22484 0.38469 1 50
87 164 35 0.7243 0.7566 157.831 159.549 -0.37484 0.48069 1 50
87 132 36 0.6948 0.5388 149.836 153.919 -0.23084 0.37869 1 50
87 135 37 0.6931 0.7572 157.837 160.212 -0.38084 0.47469 1 50
87 131 38 0.689 0.5388 153.877 153.919 -0.23084 0.37869 1 50
87 141 39 0.7777 0.7908 147.648 147.928 -0.27884 0.60669 1 50
87 138 40 0.6271 0.5388 155.914 153.919 -0.23084 0.37869 1 50
87 174 41 0.7326 0.7566 158.441 159.549 -0.37484 0.48069 1 50
87 154 42 0.7091 0.7521 159.627 160.508 -0.38084 0.46869 1 50
87 129 43 0.7108 0.5388 147.508 153.919 -0.23084 0.37869 1 50
87 133 44 0.636 0.5388 153.912 153.919 -0.23084 0.37869 1 50
87 130 45 0.7575 0.5388 151.018 153.919 -0.23084 0.37869 1 51
87 176 46 0.7398 0.7566 158.045 159.549 -0.37484 0.48069 1 50
87 141 47 0.6249 0.5388 157.351 153.919 -0.23084 0.37869 1 50
87 140 48 0.7023 0.7515 157.516 159.841 -0.37484 0.47469 1 50
87 159 49 0.7156 0.7572 159.211 160.212 -0.38084 0.47469 1 50
130 146 0 0.6392 0.6465 159.354 161.257 -0.33284 0.39669 1 50
130 132 1 0.6714 0.5388 153.405 153.919 -0.23084 0.37869 1 50
130 165 2 0.7032 0.7515 157.63 159.841 -0.37484 0.47469 1 50
130 129 3 0.688 0.5388 146.836 153.919 -0.23084 0.37869 1 50
130 131 4 0.6329 0.5388 151.674 153.919 -0.23084 0.37869 1 50
130 176 5 0.7627 0.773 151.702 152.839 -0.32084 0.55269 0 51
130 131 6 0.6273 0.5388 147.518 153.919 -0.23084 0.37869 1 50
130 151 7 0.757 0.7667 149.13 149.393 -0.28484 0.57669 0 51
130 131 8 0.6647 0.5388 155.329 153.919 -0.23084 0.37869 1 50
130 131 9 0.6248 0.5388 146.194 153.919 -0.23084 0.37869 1 51
130 130 10 0.664 0.5388 146.318 153.919 -0.23084 0.37869 1 50
130 131 11 0.6739 0.5388 155.971 153.919 -0.23084 0.37869 1 50
130 133 12 0.693 0.5388 150.268 153.919 -0.23084 0.37869 1 50
130 134 13 0.6793 0.6729 159.599 161.048 -0.34484 0.41469 1 51
130 176 14 0.7095 0.7471 160.403 160.809 -0.38084 0.46269 1 51
130 143 15 0.7439 0.7543 149.089 150.491 -0.29084 0.55869 1 51
130 131 16 0.7119 0.5388 151.614 153.919 -0.23084 0.37869 1 51
130 132 17 0.6351 0.5388 152.512 153.919 -0.23084 0.37869 1 50
130 150 18 0.7394 0.7487 149.717 150.719 -0.29084 0.55269 1 51
130 140 19 0.7224 0.7431 150.034 150.951 -0.29084 0.54669 1 50
130 164 20 0.774 0.7838 149.306 148.762 -0.28484 0.59469 0 51
130 129 21 0.7049 0.5388 149.179 153.919 -0.23084 0.37869 1 50
130 144 22 0.7486 0.761 148.866 149.609 -0.28484 0.57069 0 51
130 129 23 0.6158 0.5388 149.998 153.919 -0.23084 0.37869 1 50
130 157 24 0.6205 0.6375 160.767 162.759 -0.33884 0.37869 0 50
130 217 25 0.7548 0.7617 157.917 159.26 -0.37484 0.48669 1 50
130 153 26 0.73 0.7661 154.842 156.354 -0.35084 0.51669 1 51
130 206 27 0.7342 0.7566 157.832 159.549 -0.37484 0.48069 1 50
130 132 28 0.6596 0.5388 150.498 153.919 -0.23084 0.37869 1 50
130 148 29 0.7491 0.7761 146.131 147.252 -0.26684 0.60069 0 50
130 132 30 0.6478 0.5388 147.588 153.919 -0.23084 0.37869 1 50
130 131 31 0.6721 0.5388 157.396 153.919 -0.23084 0.37869 1 50
130 134 32 0.6474 0.5388 154 153.919 -0.23084 0.37869 1 50
130 197 33 0.7604 0.7769 154.964 155.184 -0.34484 0.53469 0 51
130 130 34 0.6502 0.5388 148.155 153.919 -0.23084 0.37869 1 50
130 134 35 0.6271 0.5388 153.243 153.919 -0.23084 0.37869 1 50
130 132 36 0.7125 0.5388 151.748 153.919 -0.23084 0.37869 1 51
130 128 37 0.7349 0.5388 146.978 153.919 -0.23084 0.37869 1 51
130 139 38 0.6361 0.5388 158.499 153.919 -0.23084 0.37869 1 50
130 132 39 0.6722 0.5388 150.237 153.919 -0.23084 0.37869 1 50
130 131 40 0.6742 0.5388 157.523 153.919 -0.23084 0.37869 1 51
130 163 41 0.751 0.7583 150.627 151.583 -0.30284 0.55269 0 51
130 150 42 0.6192 0.5388 158.699 153.919 -0.23084 0.37869 1 50
130 167 43 0.6511 0.6523 161.001 161.675 -0.33884 0.39669 1 50
130 133 44 0.6589 0.5388 155.132 153.919 -0.23084 0.37869 1 50
130 189 45 0.7146 0.7465 159.311 160.138 -0.37484 0.46869 1 50
130 132 46 0.6571 0.5388 148.079 153.919 -0.23084 0.37869 1 50
130 193 47 0.7575 0.7772 153.795 154.538 -0.33884 0.54069 0 51
130 144 48 0.6197 0.5393 154.528 152.988 -0.22484 0.38469 1 50
130 133 49 0.6886 0.5388 150.863 153.919 -0.23084 0.37869 1 50
173 128 0 0.6916 0.5388 146.483 153.919 -0.23084 0.37869 1 51
173 136 1 0.7049 0.5388 152.965 153.919 -0.23084 0.37869 1 51
173 132 2 0.693 0.5388 151.146 153.919 -0.23084 0.37869 1 51
173 130 3 0.6372 0.5388 147.44 153.919 -0.23084 0.37869 1 51
173 217 4 0.7477 0.762 152.814 153.322 -0.32084 0.54069 0 51
173 272 5 0.7491 0.7572 159.883 160.212 -0.38084 0.47469 0 51
173 233 6 0.757 0.7716 154.857 155.439 -0.34484 0.52869 0 51
173 266 7 0.7527 0.7617 158.547 159.26 -0.37484 0.48669 0 51
173 131 8 0.6872 0.5388 154.88 153.919 -0.23084 0.37869 1 51
173 192 9 0.6542 0.6572 159.913 161.324 -0.33884 0.40269 1 51
173 207 10 0.636 0.6473 160.954 162.031 -0.33884 0.39069 1 51
173 143 11 0.706 0.728 148.537 150.293 -0.27884 0.54069 0 51
173 156 12 0.6802 0.6773 158.876 159.973 -0.33884 0.42669 1 51
173 150 13 0.6595 0.6506 154.415 153.184 -0.27284 0.46269 1 50
173 195 14 0.6185 0.6317 160.828 162.342 -0.33284 0.37869 1 51
173 133 15 0.6782 0.5388 154.353 153.919 -0.23084 0.37869 1 50
173 144 16 0.6238 0.5393 154.299 152.988 -0.22484 0.38469 1 50
173 215 17 0.7586 0.768 151.664 152.426 -0.31484 0.55269 0 51
173 151 18 0.6238 0.5388 156.359 153.919 -0.23084 0.37869 1 50
173 241 19 0.7669 0.7714 156.595 156.742 -0.35684 0.51669 0 51
173 180 20 0.7426 0.7553 148.802 149.829 -0.28484 0.56469 0 51
173 151 21 0.6402 0.6423 149.686 150.638 -0.24884 0.47469 0 50
173 180 22 0.7251 0.7609 155.286 157.281 -0.35684 0.50469 1 51
173 130 23 0.7141 0.5388 147.092 153.919 -0.23084 0.37869 1 51
173 273 24 0.7666 0.7622 160.476 159.919 -0.38084 0.48069 0 51
173 142 25 0.7121 0.7609 154.13 155.961 -0.34484 0.51669 1 51
173 134 26 0.7056 0.5388 152.78 153.919 -0.23084 0.37869 1 51
173 248 27 0.7587 0.7665 157.263 158.321 -0.36884 0.49869 0 51
173 132 28 0.6939 0.5388 149.86 153.919 -0.23084 0.37869 1 51
173 180 29 0.6808 0.6779 160.108 160.713 -0.34484 0.42069 1 51
173 186 30 0.6998 0.7364 159.762 160.743 -0.37484 0.45669 1 51
173 194 31 0.7221 0.7562 156.229 158.885 -0.36884 0.48669 1 51
173 132 32 0.662 0.6499 155.787 154.728 -0.28484 0.45069 1 50
173 199 33 0.7733 0.777 149.751 149.61 -0.29084 0.58269 0 51
173 131 34 0.6333 0.5388 147.869 153.919 -0.23084 0.37869 1 51
173 142 35 0.6239 0.6153 146.947 144.458 -0.18884 0.49269 0 50
173 130 36 0.681 0.5388 149.876 153.919 -0.23084 0.37869 1 51
173 271 37 0.7711 0.7673 159.481 159.63 -0.38084 0.48669 0 51
173 146 38 0.6881 0.7515 156.291 159.841 -0.37484 0.47469 1 50
173 186 39 0.7491 0.7646 147.223 147.651 -0.26684 0.58869 0 51
173 134 40 0.6629 0.5388 156.374 153.919 -0.23084 0.37869 1 51
173 168 41 0.7016 0.7511 156.401 159.174 -0.36884 0.48069 1 51
173 209 42 0.7421 0.7661 155.491 156.354 -0.35084 0.51669 0 51
173 229 43 0.7195 0.7471 160.213 160.809 -0.38084 0.46269 1 51
173 261 44 0.7429 0.7566 158.701 159.549 -0.37484 0.48069 0 51
173 132 45 0.6607 0.5388 148.288 153.919 -0.23084 0.37869 1 51
173 129 46 0.6727 0.5388 147.679 153.919 -0.23084 0.37869 1 51
173 196 47 0.7655 0.7656 149.73 150.044 -0.29084 0.57069 0 51
173 147 48 0.6716 0.6567 152.73 152.136 -0.26684 0.47469 1 50
173 135 49 0.7016 0.5388 152.987 153.919 -0.23084 0.37869 1 51
217 181 0 0.6298 0.6453 157.929 159.705 -0.32084 0.40869 0 50
217 170 1 0.6152 0.6303 151.865 151.977 -0.25484 0.45669 1 50
217 155 2 0.6878 0.6672 153.195 152.347 -0.27284 0.48069 1 51
217 161 3 0.6238 0.6342 154.432 154.064 -0.27284 0.44469 1 50
217 153 4 0.6838 0.6847 150.451 150.82 -0.26684 0.50469 0 51
217 220 5 0.6991 0.705 161.028 161.244 -0.36284 0.43269 1 51
217 209 6 0.7217 0.7383 149.301 150.509 -0.28484 0.54669 0 51
217 233 7 0.7321 0.7431 150.703 150.951 -0.29084 0.54669 0 51
217 258 8 0.7608 0.768 151.78 152.426 -0.31484 0.55269 0 51
217 249 9 0.6456 0.6523 160.895 161.675 -0.33884 0.39669 0 51
217 286 10 0.7673 0.7715 157.057 157.393 -0.36284 0.51069 0 51
217 193 11 0.6433 0.6451 154.2 153.472 -0.27284 0.45669 1 50
217 242 12 0.7673 0.7724 149.016 149.179 -0.28484 0.58269 0 51
217 178 13 0.6683 0.6583 150.679 150.614 -0.25484 0.48669 0 50
217 258 14 0.7349 0.7559 156.847 158.221 -0.36284 0.49269 0 51
217 239 15 0.7361 0.7423 151.099 151.625 -0.29684 0.54069 0 51
217 235 16 0.6553 0.6572 160.118 161.324 -0.33884 0.40269 0 51
217 176 17 0.7152 0.7555 154.525 156.227 -0.34484 0.51069 0 51
217 203 18 0.7185 0.7559 155.679 158.221 -0.36284 0.49269 0 51
217 220 19 0.6729 0.6672 159.769 160.638 -0.33884 0.41469 0 51
217 149 20 0.6814 0.6607 155.65 154.139 -0.28484 0.46269 1 51
217 254 21 0.7239 0.7511 157.494 159.174 -0.36884 0.48069 0 51
217 161 22 0.6312 0.6393 155.341 154.551 -0.27884 0.44469 1 50
217 240 23 0.7093 0.7364 160.393 160.743 -0.37484 0.45669 0 51
217 223 24 0.6721 0.6672 159.882 160.638 -0.33884 0.41469 1 51
217 151 25 0.627 0.5388 156.462 153.919 -0.23084 0.37869 1 51
217 204 26 0.6521 0.6463 151.73 151.919 -0.26084 0.46869 0 50
217 220 27 0.7472 0.7646 146.878 147.651 -0.26684 0.58869 0 51
217 247 28 0.7688 0.7735 148.608 148.535 -0.27884 0.58869 0 51
217 130 29 0.6903 0.5388 147.037 153.919 -0.23084 0.37869 1 51
217 232 30 0.7215 0.7507 156.659 158.505 -0.36284 0.48669 0 51
217 177 31 0.6329 0.634 148.35 148.815 -0.23084 0.48069 0 50
217 204 32 0.6454 0.6463 151.358 151.919 -0.26084 0.46869 0 50
217 149 33 0.6861 0.7515 155.908 159.841 -0.37484 0.47469 1 51
217 237 34 0.7077 0.7364 160.185 160.743 -0.37484 0.45669 0 51
217 166 35 0.6638 0.6549 156.421 155.965 -0.29684 0.44469 1 51
217 154 36 0.6906 0.7511 155.755 159.174 -0.36884 0.48069 1 51
217 232 37 0.6777 0.6729 160.697 161.048 -0.34484 0.41469 1 51
217 134 38 0.6838 0.7026 148.041 149.37 -0.26084 0.52869 0 51
217 172 39 0.6907 0.746 157.097 159.466 -0.36884 0.47469 1 51
217 239 40 0.6614 0.6622 160.51 160.978 -0.33884 0.40869 0 51
217 286 41 0.7685 0.7715 157.009 157.393 -0.36284 0.51069 0 51
217 128 42 0.6887 0.5388 146.981 153.919 -0.23084 0.37869 1 51
217 170 43 0.6283 0.6453 157.532 159.705 -0.32084 0.40869 0 50
217 232 44 0.7359 0.761 154.365 155.3 -0.33884 0.52269 0 51
217 166 45 0.6142 0.6226 148.588 149.334 -0.23084 0.46869 0 50
217 166 46 0.6308 0.6393 155.09 154.551 -0.27884 0.44469 1 50
217 153 47 0.6855 0.7515 156.314 159.841 -0.37484 0.47469 1 51
217 277 48 0.7408 0.7562 157.364 158.885 -0.36884 0.48669 0 51
217 178 49 0.6612 0.6553 155.386 154.431 -0.28484 0.45669 1 50
260 185 0 0.6828 0.6912 149.134 149.846 -0.26084 0.51669 0 51
260 245 1 0.7169 0.7311 152.142 152.111 -0.29684 0.52869 0 51
260 214 2 0.6161 0.6162 147.203 146.631 -0.20684 0.48069 0 51
260 199 3 0.6493 0.641 147.495 147.786 -0.22484 0.49269 0 51
260 328 4 0.759 0.7663 157.233 157.665 -0.36284 0.50469 0 51
260 330 5 0.772 0.7772 154.128 154.538 -0.33884 0.54069 0 52
260 242 6 0.7254 0.7556 155.302 156.892 -0.35084 0.50469 0 51
260 213 7 0.663 0.655 155.901 155.198 -0.29084 0.45069 1 51
260 249 8 0.7422 0.7543 146.817 147.404 -0.26084 0.58269 0 51
260 245 9 0.7397 0.7543 146.946 147.404 -0.26084 0.58269 0 51
260 195 10 0.6557 0.6396 146.712 145.699 -0.20684 0.50469 0 51
260 282 11 0.7363 0.7471 151.689 152.058 -0.30284 0.54069 0 51
260 290 12 0.7428 0.7515 152.956 153.152 -0.31484 0.53469 0 51
260 195 13 0.6258 0.6393 155.085 154.551 -0.27884 0.44469 0 50
260 298 14 0.7488 0.7612 154.085 154.64 -0.33284 0.52869 0 51
260 266 15 0.7045 0.7157 160.817 161.305 -0.36884 0.43869 0 52
260 316 16 0.7575 0.7662 156.337 157.01 -0.35684 0.51069 0 51
260 353 17 0.7584 0.7578 161.07 160.873 -0.38684 0.46869 0 51
260 201 18 0.7119 0.73 153.594 153.483 -0.30884 0.51669 0 51
260 223 19 0.6623 0.6583 150.185 150.614 -0.25484 0.48669 0 51
260 303 20 0.7777 0.7805 147.65 147.692 -0.27284 0.60069 0 51
260 224 21 0.6267 0.6401 153.088 152.981 -0.26684 0.45669 0 50
260 213 22 0.6752 0.663 151.178 151.109 -0.26084 0.48669 0 51
260 213 23 0.6999 0.7404 156.906 159.084 -0.36284 0.47469 1 51
260 358 24 0.7584 0.7572 160.493 160.212 -0.38084 0.47469 0 51
260 287 25 0.7674 0.7735 148.352 148.535 -0.27884 0.58869 0 51
260 342 26 0.7394 0.7515 159.27 159.841 -0.37484 0.47469 0 51
260 242 27 0.6373 0.6414 150.716 151.417 -0.25484 0.46869 0 50
260 192 28 0.6897 0.6839 151.951 151.551 -0.27284 0.49869 0 51
260 198 29 0.7175 0.7326 146.573 147.564 -0.25484 0.56469 0 51
260 204 30 0.6459 0.641 147.775 147.786 -0.22484 0.49269 0 51
260 159 31 0.6945 0.7095 146.617 148.435 -0.25484 0.54069 0 51
260 172 32 0.6935 0.714 147.227 148.908 -0.26084 0.54069 0 51
260 276 33 0.7087 0.7257 160.137 160.675 -0.36884 0.45069 0 51
260 179 34 0.6131 0.5388 156.101 153.919 -0.23084 0.37869 1 51
260 244 35 0.657 0.6519 152.012 151.644 -0.26084 0.47469 0 50
260 224 36 0.6474 0.6432 149.272 149.861 -0.24284 0.48069 0 50
260 322 37 0.7663 0.7714 156.227 156.742 -0.35684 0.51669 0 51
260 224 38 0.7308 0.75 146.112 146.947 -0.25484 0.58269 0 51
260 200 39 0.6546 0.6413 146.511 144.929 -0.20084 0.51069 0 51
260 327 40 0.7776 0.7767 156.343 156.478 -0.35684 0.52269 0 51
260 215 41 0.7079 0.7507 156.076 158.505 -0.36284 0.48669 0 51
260 228 42 0.6575 0.6502 154.914 153.955 -0.27884 0.45669 1 50
260 198 43 0.6722 0.6655 156.767 156.87 -0.30884 0.44469 1 51
260 286 44 0.7721 0.7724 149.267 149.179 -0.28484 0.58269 0 51
260 294 45 0.748 0.7527 151.465 151.819 -0.30284 0.54669 0 51
260 199 46 0.6822 0.682 157.637 158.912 -0.33284 0.43869 1 51
260 203 47 0.7206 0.7383 146.445 147.355 -0.25484 0.57069 0 51
260 219 48 0.672 0.663 151.088 151.109 -0.26084 0.48669 0 51
260 218 49 0.7278 0.7428 146.647 147.817 -0.26084 0.57069 0 51
304 251 0 0.677 0.6616 153.636 152.621 -0.27284 0.47469 0 51
304 310 1 0.6837 0.6836 160.661 161.115 -0.35084 0.42069 0 52
304 321 2 0.7784 0.7751 150.696 150.897 -0.30284 0.57069 0 52
304 239 3 0.6753 0.6604 155.792 154.899 -0.29084 0.45669 1 51
304 397 4 0.7674 0.7628 160.548 160.576 -0.38684 0.47469 0 51
304 357 5 0.7338 0.7511 158.029 159.174 -0.36884 0.48069 0 52
304 257 6 0.6538 0.6496 156.015 155.501 -0.29084 0.44469 0 51
304 288 7 0.6495 0.6457 153.076 152.695 -0.26684 0.46269 0 50
304 368 8 0.7701 0.7714 156.68 156.742 -0.35684 0.51669 0 52
304 212 9 0.7101 0.7399 154.501 155.011 -0.32684 0.51069 0 52
304 255 10 0.7255 0.7383 146.669 147.355 -0.25484 0.57069 0 51
304 220 11 0.6242 0.639 156.238 156.909 -0.29684 0.42669 0 51
304 331 12 0.6443 0.6523 160.966 161.675 -0.33884 0.39669 0 51
304 262 13 0.7259 0.737 147.367 148.028 -0.26084 0.56469 0 51
304 224 14 0.6839 0.6866 148.83 149.363 -0.25484 0.51669 0 51
304 258 15 0.6485 0.6489 148.834 149.603 -0.24284 0.48669 0 51
304 265 16 0.6963 0.7144 158.569 159.904 -0.35684 0.45069 0 52
304 233 17 0.708 0.7255 147.184 148.461 -0.26084 0.55269 0 51
304 262 18 0.667 0.663 150.726 151.109 -0.26084 0.48669 0 51
304 323 19 0.7461 0.7487 150.31 150.719 -0.29084 0.55269 0 52
304 297 20 0.6675 0.6666 159.292 159.886 -0.33284 0.42069 0 51
304 222 21 0.6849 0.6762 157.151 157.747 -0.32084 0.44469 1 52
304 267 22 0.6159 0.6301 158.923 160.756 -0.32084 0.39069 0 51
304 283 23 0.7066 0.7353 157.99 159.38 -0.36284 0.46869 0 52
304 266 24 0.6225 0.631 150.543 151.183 -0.24884 0.46269 0 50
304 268 25 0.6502 0.6479 149.571 150.373 -0.24884 0.48069 0 51
304 269 26 0.6394 0.6447 154.315 154.25 -0.27884 0.45069 0 50
304 281 27 0.6449 0.6451 153.896 153.472 -0.27284 0.45669 0 50
304 291 28 0.6895 0.6936 159.865 160.459 -0.35084 0.43269 0 52
304 363 29 0.7697 0.7725 153.243 153.488 -0.32684 0.54669 0 52
304 299 30 0.7321 0.7456 153.815 154.074 -0.32084 0.52269 0 52
304 269 31 0.625 0.6359 151.768 151.695 -0.25484 0.46269 0 50
304 325 32 0.7131 0.7307 159.739 160.367 -0.36884 0.45669 0 52
304 366 33 0.7515 0.7611 157.369 157.941 -0.36284 0.49869 0 52
304 325 34 0.7674 0.7724 149.206 149.179 -0.28484 0.58269 0 52
304 235 35 0.6844 0.6721 153.554 152.823 -0.27884 0.48069 0 51
304 239 36 0.651 0.6468 147.645 147.545 -0.22484 0.49869 -0 51
304 241 37 0.6376 0.6443 156.585 156.589 -0.29684 0.43269 0 51
304 270 38 0.6433 0.6432 149.379 149.861 -0.24284 0.48069 0 51
304 330 39 0.7206 0.746 158.284 159.466 -0.36884 0.47469 0 52
304 252 40 0.6544 0.6549 156.624 156.732 -0.30284 0.43869 0 51
304 284 41 0.7133 0.7223 150.003 150.528 -0.27884 0.53469 0 51
304 211 42 0.6173 0.6285 155.247 155.166 -0.27884 0.43269 0 51
304 337 43 0.7724 0.7748 148.07 147.893 -0.27284 0.59469 0 52
304 236 44 0.6253 0.6339 154.929 154.856 -0.27884 0.43869 0 50
304 256 45 0.7054 0.7233 148.71 149.837 -0.27284 0.54069 0 51
304 326 46 0.7436 0.7609 155.126 155.961 -0.34484 0.51669 0 52
304 253 47 0.647 0.6354 146.245 145.148 -0.20084 0.50469 -0 51
304 341 48 0.7603 0.7631 151.751 152.007 -0.30884 0.55269 0 52
304 243 49 0.6639 0.6592 149.06 149.856 -0.24884 0.49269 0 51
347 240 0 0.6768 0.6744 146.93 147.138 -0.23084 0.52269 -0 52
347 251 1 0.6735 0.673 147.712 147.874 -0.23684 0.51669 -0 52
347 270 2 0.7044 0.7198 147.426 148.683 -0.26084 0.54669 0 52
347 278 3 0.686 0.6727 152.852 152.077 -0.27284 0.48669 0 51
347 359 4 0.6718 0.6729 160.645 161.048 -0.34484 0.41469 0 52
347 366 5 0.714 0.7257 160.126 160.675 -0.36884 0.45069 0 52
347 364 6 0.7553 0.76 150.04 150.266 -0.29084 0.56469 -0 52
347 249 7 0.6714 0.6615 146.437 145.578 -0.21284 0.52269 -0 52
347 340 8 0.7145 0.7404 157.935 159.084 -0.36284 0.47469 0 52
347 394 9 0.7603 0.7675 152.84 153.079 -0.32084 0.54669 -0 52
347 344 10 0.7129 0.7353 158.382 159.38 -0.36284 0.46869 0 52
347 270 11 0.7125 0.7268 146.725 147.777 -0.25484 0.55869 0 52
347 380 12 0.7726 0.7748 147.985 147.893 -0.27284 0.59469 -0 52
347 378 13 0.7697 0.7687 151.738 151.774 -0.30884 0.55869 -0 53
347 279 14 0.6752 0.6656 155.928 155.36 -0.29684 0.45669 0 52
347 399 15 0.7638 0.7725 153.103 153.488 -0.32684 0.54669 -0 52
347 295 16 0.6931 0.6982 158.408 159.419 -0.34484 0.44469 0 52
347 293 17 0.6659 0.6656 157.392 157.625 -0.31484 0.43869 0 52
347 352 18 0.7516 0.7601 146.889 147.202 -0.26084 0.58869 -0 52
347 333 19 0.6536 0.656 158.911 159.797 -0.32684 0.41469 0 52
347 320 20 0.6616 0.6519 151.815 151.644 -0.26084 0.47469 0 51
347 320 21 0.6351 0.6401 153.249 152.981 -0.26684 0.45669 0 51
347 287 22 0.6138 0.6254 150.736 151.463 -0.24884 0.45669 0 51
347 440 23 0.7691 0.7673 159.389 159.63 -0.38084 0.48669 -0 52
347 398 24 0.7412 0.7562 157.644 158.885 -0.36884 0.48669 0 52
347 270 25 0.6247 0.6339 157.088 158.027 -0.30284 0.41469 0 51
347 332 26 0.6451 0.6463 151.512 151.919 -0.26084 0.46869 -0 51
347 314 27 0.6187 0.6136 146.142 145.259 -0.19484 0.48669 -0 52
347 387 28 0.7559 0.7625 152.187 152.664 -0.31484 0.54669 -0 52
347 305 29 0.7241 0.7453 154.321 154.748 -0.32684 0.51669 0 52
347 368 30 0.6328 0.6416 160.936 161.613 -0.33284 0.39069 0 52
347 286 31 0.6938 0.7007 150.388 150.793 -0.27284 0.51669 0 51
347 353 32 0.7192 0.7404 157.846 159.084 -0.36284 0.47469 0 52
347 409 33 0.7348 0.746 158.889 159.466 -0.36884 0.47469 0 52
347 297 34 0.6352 0.634 148.171 148.815 -0.23084 0.48069 -0 51
347 311 35 0.7226 0.7503 155.884 157.166 -0.35084 0.49869 0 52
347 303 36 0.7242 0.7451 154.671 155.422 -0.33284 0.51069 0 52
347 233 37 0.6891 0.6904 146.643 147.196 -0.23684 0.53469 0 52
347 330 38 0.6482 0.647 151.136 151.145 -0.25484 0.47469 0 51
347 250 39 0.6907 0.6716 154.647 153.569 -0.28484 0.47469 0 52
347 359 40 0.7354 0.7431 150.375 150.951 -0.29084 0.54669 0 52
347 276 41 0.6315 0.6443 156.759 157.369 -0.30284 0.42669 0 51
347 401 42 0.7596 0.7666 154.369 154.387 -0.33284 0.53469 0 52
347 278 43 0.666 0.6603 148.821 149.1 -0.24284 0.49869 -0 51
347 315 44 0.6579 0.6527 150.493 150.877 -0.25484 0.48069 0 51
347 271 45 0.6803 0.6658 155.079 154.606 -0.29084 0.46269 0 52
347 338 46 0.6712 0.6723 159.444 160.303 -0.33884 0.42069 0 52
347 259 47 0.6831 0.6708 156.212 155.814 -0.30284 0.45669 1 52
347 386 48 0.7519 0.762 152.9 153.322 -0.32084 0.54069 0 52
347 253 49 0.69 0.698 147.677 148.891 -0.25484 0.52869 0 52
390 338 0 0.7198 0.7351 153.751 153.911 -0.31484 0.51669 0 53
390 295 1 0.6912 0.6771 154.179 153.291 -0.28484 0.48069 0 52
390 324 2 0.7111 0.7198 147.642 148.683 -0.26084 0.54669 0 52
390 331 3 0.6795 0.6734 151.375 151.333 -0.26684 0.49269 0 52
390 399 4 0.735 0.7504 156.63 157.836 -0.35684 0.49269 0 53
390 346 5 0.6639 0.6553 154.934 154.431 -0.28484 0.45669 0 51
390 296 6 0.6677 0.6599 146.772 146.325 -0.21884 0.51669 -0 52
390 295 7 0.6848 0.6761 156.428 156.261 -0.30884 0.45669 0 52
390 340 8 0.6394 0.65 157.742 158.594 -0.31484 0.42069 0 52
390 347 9 0.6272 0.6346 152.903 153.273 -0.26684 0.45069 0 51
390 374 10 0.7305 0.7346 148.852 149.382 -0.27284 0.55269 0 52
390 341 11 0.6426 0.6354 146.142 145.148 -0.20084 0.50469 -0 52
390 315 12 0.687 0.6776 152.932 152.551 -0.27884 0.48669 0 52
390 335 13 0.6785 0.6672 152.818 152.347 -0.27284 0.48069 0 52
390 334 14 0.6795 0.6727 152.129 152.077 -0.27284 0.48669 0 52
390 338 15 0.6188 0.6303 151.698 151.977 -0.25484 0.45669 0 51
390 327 16 0.7001 0.7103 151.751 151.714 -0.28484 0.51669 0 52
390 258 17 0.6977 0.6921 155.726 155.382 -0.30884 0.47469 0 53
390 353 18 0.7277 0.7451 154.968 155.422 -0.33284 0.51069 0 53
390 338 19 0.6205 0.6272 149.102 149.867 -0.23684 0.46869 -0 51
390 402 20 0.7546 0.7553 149.605 149.829 -0.28484 0.56469 -0 53
390 313 21 0.7046 0.7349 156.889 158.697 -0.35684 0.47469 0 53
390 380 22 0.7472 0.7558 146.147 146.747 -0.25484 0.58869 -0 52
390 311 23 0.6882 0.6969 148.886 149.606 -0.26084 0.52269 -0 52
390 274 24 0.688 0.6904 146.612 147.196 -0.23684 0.53469 -0 52
390 322 25 0.7107 0.725 153.171 153.05 -0.30284 0.51669 0 52
390 400 26 0.6806 0.6786 161.039 161.451 -0.35084 0.41469 0 53
390 274 27 0.6962 0.6821 154.66 153.753 -0.29084 0.48069 0 52
390 336 28 0.6181 0.6226 149.125 149.334 -0.23084 0.46869 -0 51
390 395 29 0.7099 0.7257 160.25 160.675 -0.36884 0.45069 0 53
390 454 30 0.7758 0.7715 157.198 157.393 -0.36284 0.51069 -0 53
390 338 31 0.6486 0.6496 156.298 156.274 -0.29684 0.43869 0 51
390 273 32 0.7065 0.7188 154.62 154.704 -0.31484 0.49869 0 53
390 387 33 0.678 0.6779 160.014 160.713 -0.34484 0.42069 0 52
390 300 34 0.6692 0.6672 147.694 148.108 -0.23684 0.51069 -0 52
390 332 35 0.6743 0.6687 150.545 150.848 -0.26084 0.49269 0 51
390 366 36 0.6272 0.6352 159.232 160.4 -0.32084 0.39669 0 52
390 362 37 0.7202 0.7305 152.828 152.796 -0.30284 0.52269 0 52
390 440 38 0.7265 0.7414 159.917 160.438 -0.37484 0.46269 0 52
390 330 39 0.6995 0.714 158.027 159.201 -0.35084 0.45669 0 53
390 474 40 0.7683 0.7669 158.571 158.976 -0.37484 0.49269 -0 52
390 412 41 0.742 0.7471 151.498 152.058 -0.30284 0.54069 -0 53
390 318 42 0.6821 0.6666 153.64 153.099 -0.27884 0.47469 0 52
390 368 43 0.6375 0.6407 151.654 152.199 -0.26084 0.46269 -0 51
390 314 44 0.6766 0.6708 156.724 156.563 -0.30884 0.45069 0 52
390 374 45 0.7173 0.7263 151.507 151.669 -0.29084 0.52869 0 52
390 278 46 0.6968 0.6876 154.25 153.478 -0.29084 0.48669 0 52
390 420 47 0.7727 0.7736 151.768 152.19 -0.31484 0.55869 -0 53
390 417 48 0.7625 0.7639 151.032 151.351 -0.30284 0.55869 -0 53
390 320 49 0.6516 0.6468 147.388 147.545 -0.22484 0.49869 -0 52
434 439 0 0.6522 0.6565 159.885 160.561 -0.33284 0.40869 0 52
434 401 1 0.6397 0.6451 153.754 153.472 -0.27284 0.45669 -0 51
434 496 2 0.7732 0.7767 156.361 156.478 -0.35684 0.52269 -0 53
434 527 3 0.7682 0.7622 160.173 159.919 -0.38084 0.48069 -0 52
434 328 4 0.6947 0.6876 153.944 153.478 -0.29084 0.48669 0 53
434 394 5 0.6554 0.6536 150.085 150.112 -0.24884 0.48669 -0 52
434 449 6 0.7726 0.7703 150.275 150.473 -0.29684 0.57069 -0 54
434 456 7 0.652 0.6572 160.97 161.324 -0.33884 0.40269 -0 53
434 390 8 0.6226 0.6178 146.526 145.829 -0.20084 0.48669 -0 52
434 496 9 0.7714 0.7772 154.168 154.538 -0.33884 0.54069 -0 53
434 511 10 0.7508 0.7562 158.472 158.885 -0.36884 0.48669 0 53
434 364 11 0.6704 0.6655 156.595 156.87 -0.30884 0.44469 0 52
434 434 12 0.7364 0.746 153.628 153.401 -0.31484 0.52869 0 53
434 411 13 0.7238 0.7289 149.09 149.608 -0.27284 0.54669 -0 53
434 416 14 0.6499 0.6463 151.862 151.919 -0.26084 0.46869 -0 51
434 374 15 0.7068 0.7298 157.493 158.993 -0.35684 0.46869 0 53
434 394 16 0.6623 0.6583 150.67 150.614 -0.25484 0.48669 -0 52
434 408 17 0.6353 0.6414 150.984 151.417 -0.25484 0.46869 -0 51
434 352 18 0.7017 0.7096 152.699 152.42 -0.29084 0.51069 0 53
434 397 19 0.6633 0.6556 153.941 153.665 -0.27884 0.46269 0 52
434 464 20 0.7711 0.7748 147.719 147.893 -0.27284 0.59469 -0 53
434 419 21 0.6123 0.6201 160.7 161.484 -0.32084 0.37869 -0 52
434 494 22 0.7692 0.7715 156.886 157.393 -0.36284 0.51069 -0 53
434 450 23 0.6475 0.6515 160.583 160.907 -0.33284 0.40269 -0 53
434 392 24 0.6296 0.6376 149.583 150.124 -0.24284 0.47469 -0 51
434 398 25 0.6543 0.6555 158.245 159.032 -0.32084 0.42069 0 52
434 433 26 0.6465 0.6509 159.718 160.137 -0.32684 0.40869 0 52
434 382 27 0.6486 0.6443 148.791 149.086 -0.23684 0.48669 -0 52
434 465 28 0.7507 0.761 155.15 155.3 -0.33884 0.52269 0 53
434 382 29 0.6359 0.6393 154.855 154.551 -0.27884 0.44469 0 51
434 410 30 0.7211 0.7311 152.416 152.111 -0.29684 0.52869 0 53
434 454 31 0.7166 0.7257 160.392 160.675 -0.36884 0.45069 0 53
434 492 32 0.7327 0.7421 160.929 161.114 -0.38084 0.45669 0 53
434 490 33 0.7654 0.7714 155.709 156.091 -0.35084 0.52269 -0 53
434 421 34 0.6961 0.6993 160.29 160.855 -0.35684 0.43269 0 53
434 315 35 0.6948 0.6977 146.16 146.267 -0.23084 0.54669 -0 53
434 394 36 0.6536 0.6499 154.877 154.728 -0.28484 0.45069 0 52
434 397 37 0.6385 0.6397 153.99 153.766 -0.27284 0.45069 0 51
434 364 38 0.7004 0.7191 157.797 158.898 -0.35084 0.46269 0 53
434 429 39 0.704 0.71 160.521 160.922 -0.36284 0.43869 0 53
434 366 40 0.6842 0.679 151.18 151.074 -0.26684 0.49869 0 52
434 398 41 0.6654 0.6623 151.863 151.864 -0.26684 0.48069 0 52
434 415 42 0.734 0.7403 148.581 149.159 -0.27284 0.55869 -0 53
434 387 43 0.6557 0.6552 157.721 158.266 -0.31484 0.42669 0 52
434 395 44 0.6323 0.6401 153.282 152.981 -0.26684 0.45669 0 51
434 453 45 0.6506 0.6572 160.81 161.324 -0.33884 0.40269 -0 53
434 448 46 0.7173 0.7358 159.363 160.062 -0.36884 0.46269 0 53
434 360 47 0.7161 0.7246 153.905 153.742 -0.30884 0.51069 0 53
434 462 48 0.778 0.7793 148.591 148.33 -0.27884 0.59469 -0 53
434 407 49 0.6576 0.6506 153.545 153.184 -0.27284 0.46269 0 51
477 535 0 0.7382 0.746 158.764 159.466 -0.36884 0.47469 0 54
477 471 1 0.709 0.7201 159.884 160.292 -0.36284 0.45069 0 54
477 571 2 0.7631 0.7622 160.082 159.919 -0.38084 0.48069 -0 53
477 388 3 0.6624 0.6556 146.543 145.795 -0.21284 0.51669 -1 53
477 387 4 0.6222 0.6285 156.956 157.565 -0.29684 0.41469 0 52
477 416 5 0.6534 0.65 148.71 148.835 -0.23684 0.49269 -0 52
477 457 6 0.6417 0.6463 151.69 151.919 -0.26084 0.46869 -0 51
477 388 7 0.6872 0.6771 153.852 153.291 -0.28484 0.48069 0 53
477 476 8 0.6722 0.6723 160.199 160.303 -0.33884 0.42069 0 53
477 396 9 0.657 0.6526 147.219 147.309 -0.22484 0.50469 -1 53
477 382 10 0.6981 0.7136 157.355 158.498 -0.34484 0.46269 0 54
477 500 11 0.6456 0.6465 160.99 161.257 -0.33284 0.39669 -0 53
477 382 12 0.7065 0.7166 146.931 147.518 -0.24884 0.55269 -0 53
477 459 13 0.7085 0.7251 159.149 159.984 -0.36284 0.45669 0 54
477 526 14 0.7293 0.7414 159.848 160.438 -0.37484 0.46269 0 54
477 536 15 0.7648 0.7662 157.029 157.01 -0.35684 0.51069 -0 54
477 427 16 0.6305 0.6329 148.879 149.602 -0.23684 0.47469 -0 52
477 444 17 0.7153 0.7349 157.644 158.697 -0.35684 0.47469 0 54
477 410 18 0.6761 0.6661 154.376 153.852 -0.28484 0.46869 0 53
477 419 19 0.6455 0.6496 156.314 156.274 -0.29684 0.43869 0 52
477 448 20 0.7309 0.7401 154.141 154.332 -0.32084 0.51669 0 54
477 430 21 0.7224 0.73 153.663 153.483 -0.30884 0.51669 0 54
477 425 22 0.6756 0.6679 151.929 151.597 -0.26684 0.48669 0 52
477 389 23 0.6807 0.671 155.622 155.065 -0.29684 0.46269 0 53
477 454 24 0.6378 0.6453 159.088 159.705 -0.32084 0.40869 -0 53
477 548 25 0.7534 0.7614 158.129 158.601 -0.36884 0.49269 -0 54
477 427 26 0.7173 0.725 153.115 153.05 -0.30284 0.51669 0 54
477 456 27 0.6523 0.6463 152.031 151.919 -0.26084 0.46869 -0 52
477 494 28 0.7669 0.7667 149.379 149.393 -0.28484 0.57669 -0 54
477 403 29 0.6732 0.6656 156.04 155.36 -0.29684 0.45669 0 53
477 561 30 0.7513 0.7566 159.058 159.549 -0.37484 0.48069 -0 53
477 420 31 0.6191 0.6226 149.044 149.334 -0.23084 0.46869 -0 52
477 497 32 0.7414 0.7465 152.451 152.729 -0.30884 0.53469 -0 54
477 468 33 0.7224 0.7271 150.786 150.98 -0.28484 0.53469 -0 53
477 392 34 0.6702 0.666 148.537 148.855 -0.24284 0.50469 -0 53
477 489 35 0.7435 0.7555 155.807 156.227 -0.34484 0.51069 0 54
477 418 36 0.6196 0.6239 158.593 159.511 -0.30884 0.39669 0 53
477 357 37 0.7015 0.7186 156.431 157.501 -0.33884 0.47469 0 54
477 400 38 0.66 0.6557 148.162 148.589 -0.23684 0.49869 -0 53
477 424 39 0.6284 0.6346 153.676 153.273 -0.26684 0.45069 0 52
477 420 40 0.6564 0.6549 156.385 155.965 -0.29684 0.44469 0 52
477 470 41 0.6988 0.6993 160.83 160.855 -0.35684 0.43269 0 54
477 481 42 0.7107 0.7207 160.897 160.988 -0.36884 0.44469 0 54
477 491 43 0.7734 0.7751 150.795 150.897 -0.30284 0.57069 -0 54
477 400 44 0.7078 0.7152 147.636 148.212 -0.25484 0.54669 -0 53
477 460 45 0.6819 0.6829 159.738 160.382 -0.34484 0.42669 0 54
477 429 46 0.6199 0.6178 146.58 145.829 -0.20084 0.48669 -1 53
477 466 47 0.6207 0.6251 160.408 161.117 -0.32084 0.38469 -0 53
477 460 48 0.616 0.6251 160.346 161.117 -0.32084 0.38469 -0 53
477 431 49 0.6448 0.65 157.911 158.594 -0.31484 0.42069 0 53
520 594 0 0.7406 0.7471 160.763 160.809 -0.38084 0.46269 -0 54
520 572 1 0.7625 0.7661 156.285 156.354 -0.35084 0.51669 -0 54
520 432 2 0.6748 0.6763 148.671 149.113 -0.24884 0.51069 -0 53
520 518 3 0.6885 0.6836 160.95 161.115 -0.35084 0.42069 0 54
520 453 4 0.6753 0.671 157.58 158.061 -0.32084 0.43869 0 54
520 454 5 0.6724 0.6607 154.531 154.139 -0.28484 0.46269 0 53
520 398 6 0.7006 0.6981 154.176 153.659 -0.29684 0.49269 0 54
520 571 7 0.7568 0.7609 156.952 157.281 -0.35684 0.50469 -0 54
520 436 8 0.6291 0.639 156.709 156.909 -0.29684 0.42669 0 53
520 479 9 0.6482 0.6499 154.768 154.728 -0.28484 0.45069 -0 52
520 558 10 0.7307 0.746 158.696 159.466 -0.36884 0.47469 0 54
520 418 11 0.7155 0.7291 154.953 155.548 -0.32684 0.49869 0 54
520 598 12 0.7749 0.772 158.539 158.695 -0.37484 0.49869 -0 54
520 460 13 0.7025 0.7129 149.147 149.607 -0.26684 0.53469 -0 53
520 415 14 0.6161 0.6234 154.642 154.676 -0.27284 0.43269 0 52
520 442 15 0.6237 0.6288 154.305 154.368 -0.27284 0.43869 0 52
520 496 16 0.7186 0.7349 157.761 158.697 -0.35684 0.47469 0 54
520 501 17 0.6451 0.6457 152.561 152.695 -0.26684 0.46269 -0 52
520 538 18 0.7168 0.7257 160.222 160.675 -0.36884 0.45069 0 54
520 423 19 0.6189 0.6285 157.022 157.565 -0.29684 0.41469 0 53
520 499 20 0.7266 0.7305 152.955 152.796 -0.30284 0.52269 -0 54
520 481 21 0.6663 0.6623 152.095 151.864 -0.26684 0.48069 -0 52
520 512 22 0.7258 0.7367 151.653 151.866 -0.29684 0.53469 -0 54
520 596 23 0.7776 0.772 159.012 158.695 -0.37484 0.49869 -0 54
520 477 24 0.6263 0.6303 152.008 151.977 -0.25484 0.45669 -0 52
520 554 25 0.7242 0.7358 159.607 160.062 -0.36884 0.46269 0 54
520 506 26 0.6389 0.6458 159.502 160.482 -0.32684 0.40269 -0 53
520 480 27 0.7042 0.7144 158.862 159.904 -0.35684 0.45069 0 55
520 449 28 0.7073 0.7096 152.65 152.42 -0.29084 0.51069 -0 54
520 584 29 0.7727 0.7769 154.87 155.184 -0.34484 0.53469 -0 55
520 569 30 0.7767 0.778 153.185 153.247 -0.32684 0.55269 -0 55
520 598 31 0.7445 0.7515 159.403 159.841 -0.37484 0.47469 -0 54
520 541 32 0.7559 0.7535 150.959 151.154 -0.29684 0.55269 -0 55
520 415 33 0.6932 0.6921 157.083 157.56 -0.32684 0.45669 0 54
520 480 34 0.6498 0.6499 154.623 154.728 -0.28484 0.45069 -0 52
520 480 35 0.658 0.6553 154.536 154.431 -0.28484 0.45669 -0 52
520 488 36 0.6327 0.6352 152.22 152.483 -0.26084 0.45669 -0 52
520 540 37 0.7466 0.7479 151.045 151.388 -0.29684 0.54669 -0 54
520 590 38 0.7389 0.7471 160.785 160.809 -0.38084 0.46269 -0 54
520 464 39 0.6193 0.6263 150.07 150.664 -0.24284 0.46269 -0 52
520 442 40 0.6204 0.6287 157.804 158.364 -0.30284 0.40869 0 53
520 493 41 0.6398 0.6401 153.131 152.981 -0.26684 0.45669 -0 52
520 460 42 0.7222 0.7312 147.469 148.243 -0.26084 0.55869 -0 54
520 573 43 0.7646 0.7714 155.854 156.091 -0.35084 0.52269 -0 54
520 504 44 0.7235 0.7311 152.257 152.111 -0.29684 0.52869 -0 54
520 462 45 0.6597 0.6602 156.415 156.421 -0.30284 0.44469 0 53
520 464 46 0.6584 0.655 157.288 157.499 -0.30884 0.43269 0 53
520 482 47 0.6694 0.6713 158.521 158.809 -0.32684 0.43269 0 54
520 451 48 0.6931 0.6951 150.876 151.042 -0.27284 0.51069 -0 53
520 605 49 0.764 0.7669 158.759 158.976 -0.37484 0.49269 -0 54
564 619 0 0.7758 0.7775 153.632 153.892 -0.33284 0.54669 -0 55
564 506 1 0.648 0.6496 155.903 155.501 -0.29084 0.44469 -0 53
564 571 2 0.6517 0.6515 160.324 160.907 -0.33284 0.40269 -0 54
564 522 3 0.709 0.7111 151.007 151.01 -0.27884 0.52269 -0 54
564 657 4 0.7647 0.7622 160.111 159.919 -0.38084 0.48069 -0 54
564 624 5 0.7697 0.7718 154.821 154.788 -0.33884 0.53469 -0 55
564 502 6 0.6723 0.6611 154.03 153.38 -0.27884 0.46869 -0 54
564 487 7 0.6233 0.6342 153.978 154.064 -0.27284 0.44469 -0 53
564 536 8 0.6215 0.6301 159.783 160.756 -0.32084 0.39069 -0 54
564 500 9 0.6276 0.6342 154.113 154.064 -0.27284 0.44469 -0 53
564 493 10 0.6139 0.6239 158.61 159.511 -0.30884 0.39669 -0 54
564 423 11 0.7036 0.708 155.298 155.253 -0.31484 0.48669 0 55
564 543 12 0.6211 0.6301 160.134 160.756 -0.32084 0.39069 -0 54
564 497 13 0.6307 0.6393 154.691 154.551 -0.27884 0.44469 -0 53
564 578 14 0.7658 0.7718 146.357 146.807 -0.26084 0.60069 -1 54
564 534 15 0.6398 0.6423 150.627 150.638 -0.24884 0.47469 -0 53
564 494 16 0.6332 0.6391 155.473 155.336 -0.28484 0.43869 -0 53
564 510 17 0.6318 0.6279 146.658 146.156 -0.20684 0.49269 -1 54
564 537 18 0.7175 0.7263 151.713 151.669 -0.29084 0.52869 -0 55
564 580 19 0.7667 0.7647 150.839 150.697 -0.29684 0.56469 -0 55
564 612 20 0.7615 0.767 153.472 153.733 -0.32684 0.54069 -0 55
564 497 21 0.6768 0.6743 150.383 150.591 -0.26084 0.49869 -0 53
564 494 22 0.6214 0.6297 153.027 152.772 -0.26084 0.45069 -0 52
564 451 23 0.6158 0.6231 156.492 157.095 -0.29084 0.41469 0 53
564 531 24 0.6518 0.6527 150.633 150.877 -0.25484 0.48069 -0 53
564 590 25 0.7726 0.7736 152.105 152.19 -0.31484 0.55869 -0 56
564 493 26 0.7204 0.7344 156.261 157.33 -0.34484 0.48669 0 55
564 581 27 0.7418 0.7557 156.946 157.557 -0.35684 0.49869 -0 55
564 623 28 0.7729 0.7714 156.032 156.091 -0.35084 0.52269 -0 55
564 507 29 0.6657 0.6604 155.268 154.899 -0.29084 0.45669 0 53
564 624 30 0.7744 0.7768 157.087 157.124 -0.36284 0.51669 -0 55
564 525 31 0.638 0.6397 153.658 153.766 -0.27284 0.45069 -0 52
564 509 32 0.6745 0.6679 151.956 151.597 -0.26684 0.48669 -0 53
564 571 33 0.7536 0.7553 149.625 149.829 -0.28484 0.56469 -1 55
564 510 34 0.6346 0.6337 146.289 145.925 -0.20684 0.49869 -1 54
564 455 35 0.6733 0.67 146.803 146.624 -0.22484 0.52269 -1 54
564 564 36 0.7324 0.7452 157.159 158.119 -0.35684 0.48669 -0 55
564 528 37 0.716 0.7298 157.86 158.993 -0.35684 0.46869 0 55
564 508 38 0.7037 0.714 158.427 159.201 -0.35084 0.45669 0 55
564 535 39 0.66 0.6567 152.159 152.136 -0.26684 0.47469 -0 53
564 574 40 0.7369 0.7375 151.132 151.187 -0.29084 0.54069 -0 55
564 532 41 0.6522 0.6555 158.57 159.032 -0.32084 0.42069 -0 54
564 606 42 0.7284 0.7414 160.219 160.438 -0.37484 0.46269 -0 55
564 540 43 0.7345 0.7502 155.978 156.497 -0.34484 0.50469 0 55
564 513 44 0.6712 0.6672 152.59 152.347 -0.27284 0.48069 -0 53
564 616 45 0.7721 0.7775 153.628 153.892 -0.33284 0.54669 -0 55
564 591 46 0.7666 0.7631 151.829 152.007 -0.30884 0.55269 -0 56
564 492 47 0.6947 0.6951 151.342 151.042 -0.27284 0.51069 -0 54
564 492 48 0.6836 0.6817 157.947 158.175 -0.32684 0.44469 0 55
564 500 49 0.6386 0.6322 146.95 146.707 -0.21284 0.49269 -1 54
607 534 0 0.635 0.6391 155.713 155.336 -0.28484 0.43869 -0 54
607 544 1 0.6189 0.6237 148.477 148.535 -0.22484 0.47469 -1 54
607 575 2 0.718 0.7207 151.891 151.915 -0.29084 0.52269 -0 55
607 630 3 0.7483 0.7527 151.832 151.819 -0.30284 0.54669 -0 56
607 616 4 0.7616 0.761 149.754 149.609 -0.28484 0.57069 -1 56
607 547 5 0.6577 0.6549 156.346 155.965 -0.29684 0.44469 -0 54
607 648 6 0.758 0.762 153.174 153.322 -0.32084 0.54069 -0 56
607 491 7 0.7132 0.7239 154.85 155.129 -0.32084 0.49869 0 56
607 609 8 0.6403 0.6408 160.364 160.832 -0.32684 0.39669 -0 55
607 651 9 0.7599 0.7662 155.512 155.698 -0.34484 0.52269 -0 56
607 564 10 0.6667 0.6623 151.755 151.864 -0.26684 0.48069 -0 54
607 555 11 0.6387 0.6393 154.688 154.551 -0.27884 0.44469 -0 53
607 609 12 0.7574 0.7616 146.374 146.551 -0.25484 0.59469 -1 55
607 560 13 0.6443 0.6432 149.341 149.861 -0.24284 0.48069 -1 53
607 542 14 0.6387 0.6352 147.755 148.031 -0.22484 0.48669 -1 54
607 582 15 0.7266 0.7289 149.174 149.608 -0.27284 0.54669 -1 55
607 670 16 0.7769 0.7769 155.362 155.184 -0.34484 0.53469 -1 56
607 492 17 0.6142 0.6179 156.866 157.43 -0.29084 0.40869 -0 54
607 677 18 0.7414 0.7471 160.559 160.809 -0.38084 0.46269 -0 55
607 485 19 0.6125 0.6234 154.707 154.676 -0.27284 0.43269 -0 54
607 510 20 0.6991 0.705 147.686 147.955 -0.24884 0.54069 -1 55
607 495 21 0.7139 0.7242 154.601 154.435 -0.31484 0.50469 0 56
607 555 22 0.7049 0.7111 151.013 151.01 -0.27884 0.52269 -0 55
607 634 23 0.7592 0.7583 151.617 151.583 -0.30284 0.55269 -0 56
607 587 24 0.6733 0.6773 159.576 159.973 -0.33884 0.42669 -0 55
607 542 25 0.6172 0.6206 147.343 147.188 -0.21284 0.48069 -1 54
607 575 26 0.7335 0.7453 154.61 154.748 -0.32684 0.51669 -0 56
607 603 27 0.7547 0.7601 147.317 147.202 -0.26084 0.58869 -1 55
607 622 28 0.7696 0.7695 150.953 151.123 -0.30284 0.56469 -0 56
607 508 29 0.7128 0.7246 153.854 153.742 -0.30884 0.51069 -0 56
607 554 30 0.6473 0.6497 157.657 157.821 -0.30884 0.42669 -0 54
607 618 31 0.7767 0.776 150.332 150.253 -0.29684 0.57669 -0 56
607 606 32 0.7305 0.7375 151.122 151.187 -0.29084 0.54069 -0 55
607 623 33 0.7471 0.7555 155.991 156.227 -0.34484 0.51069 -0 56
607 547 34 0.6588 0.6602 156.966 157.182 -0.30884 0.43869 -0 54
607 623 35 0.7419 0.7465 152.367 152.729 -0.30884 0.53469 -0 56
607 618 36 0.7364 0.7423 151.598 151.625 -0.29684 0.54069 -0 56
607 510 37 0.6772 0.6775 148.27 148.377 -0.24284 0.51669 -1 54
607 593 38 0.7344 0.745 156.583 157.445 -0.35084 0.49269 -0 56
607 538 39 0.6452 0.641 147.571 147.786 -0.22484 0.49269 -1 54
607 631 40 0.7232 0.7307 159.816 160.367 -0.36884 0.45669 -0 56
607 619 41 0.7749 0.7743 151.239 151.543 -0.30884 0.56469 -1 56
607 553 42 0.6731 0.6679 151.637 151.597 -0.26684 0.48669 -0 54
607 582 43 0.7157 0.7215 151.15 151.221 -0.28484 0.52869 -0 55
607 518 44 0.6822 0.6716 153.852 153.569 -0.28484 0.47469 -0 55
607 479 45 0.7101 0.7186 155.188 155.403 -0.32084 0.49269 0 56
607 505 46 0.6131 0.6242 153.174 153.067 -0.26084 0.44469 -0 53
607 621 47 0.6361 0.6416 161.024 161.613 -0.33284 0.39069 -0 55
607 554 48 0.653 0.6496 155.504 155.501 -0.29084 0.44469 -0 54
607 556 49 0.6556 0.655 155.508 155.198 -0.29084 0.45069 -0 54
651 596 0 0.7106 0.7191 158.175 158.898 -0.35084 0.46269 0 57
651 707 1 0.7748 0.7714 156.635 156.742 -0.35684 0.51669 -1 56
651 618 2 0.6577 0.6561 153.127 152.9 -0.27284 0.46869 -0 54
651 728 3 0.7603 0.7614 158.406 158.601 -0.36884 0.49269 -0 56
651 653 4 0.7319 0.7367 151.858 151.866 -0.29684 0.53469 -0 56
651 645 5 0.673 0.6723 160.329 160.303 -0.33884 0.42069 -0 56
651 671 6 0.7516 0.7535 151.105 151.154 -0.29684 0.55269 -1 57
651 585 7 0.7085 0.7152 152.383 152.166 -0.29084 0.51669 -0 56
651 573 8 0.6931 0.6969 149.449 149.606 -0.26084 0.52269 -1 55
651 637 9 0.7329 0.745 156.872 157.445 -0.35084 0.49269 -0 57
651 612 10 0.7183 0.7349 157.797 158.697 -0.35684 0.47469 -0 57
651 527 11 0.7001 0.6981 153.963 153.659 -0.29684 0.49269 -0 56
651 598 12 0.7185 0.725 152.871 153.05 -0.30284 0.51669 -0 56
651 576 13 0.6782 0.6799 150.269 150.339 -0.26084 0.50469 -1 55
651 581 14 0.6987 0.7073 149.42 149.842 -0.26684 0.52869 -0 55
651 656 15 0.742 0.744 150.078 150.279 -0.28484 0.55269 -1 56
651 522 16 0.6909 0.6818 155.091 154.489 -0.29684 0.47469 0 56
651 580 17 0.6456 0.6439 146.587 146.243 -0.21284 0.50469 -1 55
651 605 18 0.6627 0.663 150.997 151.109 -0.26084 0.48669 -1 54
651 649 19 0.676 0.6779 160.521 160.713 -0.34484 0.42069 -0 56
651 663 20 0.7628 0.7659 146.874 147.003 -0.26084 0.59469 -1 56
651 603 21 0.7309 0.737 147.642 148.028 -0.26084 0.56469 -1 56
651 523 22 0.6937 0.6977 146.292 146.267 -0.23084 0.54669 -1 56
651 597 23 0.6621 0.6583 150.191 150.614 -0.25484 0.48669 -1 54
651 575 24 0.7082 0.7096 152.709 152.42 -0.29084 0.51069 -0 56
651 678 25 0.7591 0.7631 151.697 152.007 -0.30884 0.55269 -1 57
651 595 26 0.6483 0.6496 155.759 155.501 -0.29084 0.44469 -0 54
651 671 27 0.7611 0.7639 151.091 151.351 -0.30284 0.55869 -1 57
651 701 28 0.766 0.767 153.534 153.733 -0.32684 0.54069 -1 57
651 667 29 0.7728 0.7724 149.387 149.179 -0.28484 0.58269 -1 57
651 735 30 0.7724 0.7673 159.695 159.63 -0.38084 0.48669 -1 56
651 643 31 0.7355 0.7393 149.535 149.833 -0.27884 0.55269 -1 56
651 519 32 0.7085 0.7137 154.656 154.272 -0.30884 0.49869 0 57
651 574 33 0.7232 0.7281 146.668 147.094 -0.24884 0.56469 -1 56
651 594 34 0.6244 0.6272 149.42 149.867 -0.23684 0.46869 -1 54
651 575 35 0.6279 0.6339 154.707 154.856 -0.27884 0.43869 -0 54
651 722 36 0.7665 0.7665 158.065 158.321 -0.36884 0.49869 -0 56
651 739 37 0.7645 0.7628 160.576 160.576 -0.38684 0.47469 -0 55
651 608 38 0.6617 0.6556 153.958 153.665 -0.27884 0.46269 -0 54
651 540 39 0.6197 0.6284 156.21 156.765 -0.29084 0.42069 -0 55
651 609 40 0.6431 0.6447 154.142 154.25 -0.27884 0.45069 -0 54
651 594 41 0.7041 0.714 158.597 159.201 -0.35084 0.45669 0 57
651 534 42 0.6977 0.7006 146.867 147.469 -0.24284 0.54069 -1 56
651 624 43 0.7223 0.728 149.62 150.293 -0.27884 0.54069 -1 56
651 699 44 0.7698 0.7725 153.457 153.488 -0.32684 0.54669 -1 57
651 581 45 0.6664 0.6655 157.012 156.87 -0.30884 0.44469 -0 55
651 662 46 0.7651 0.7678 148.498 148.743 -0.27884 0.58269 -1 56
651 605 47 0.735 0.737 147.635 148.028 -0.26084 0.56469 -1 56
651 580 48 0.6679 0.6649 149.469 149.604 -0.24884 0.49869 -1 55
651 657 49 0.7613 0.7621 149.095 148.955 -0.27884 0.57669 -1 56
