73  461  0000  0.275  0.238   -51   160  0.03294  0.20118  -4  153
73  459  0001  0.291  0.238  -109   160  0.03294  0.20118  -3  154
73  459  0002  0.265  0.238    48   160  0.03294  0.20118  -3  155
73  460  0003  0.284  0.238   123   160  0.03294  0.20118  -3  154
73  462  0004  0.295  0.238   -10   160  0.03294  0.20118  -3  155
73  463  0005  0.293  0.238   115   160  0.03294  0.20118  -3  153
73  464  0006  0.295  0.238   117   160  0.03294  0.20118  -3  154
73  461  0007  0.294  0.238   -68   160  0.03294  0.20118  -4  155
73  460  0008  0.281  0.238    59   160  0.03294  0.20118  -3  155
73  461  0009  0.281  0.238   103   160  0.03294  0.20118  -3  154
73  463  0010  0.279  0.238    35   160  0.03294  0.20118  -3  153
73  459  0011  0.277  0.238  -154   160  0.03294  0.20118  -2  158
73  461  0012  0.290  0.238   -51   160  0.03294  0.20118  -3  154
73  460  0013  0.287  0.238    94   160  0.03294  0.20118  -3  154
73  460  0014  0.261  0.238   112   160  0.03294  0.20118  -4  154
73  463  0015  0.290  0.260  -164  -169  -0.09906  0.19518  -4  156
73  463  0016  0.296  0.238  -155   160  0.03294  0.20118  -3  157
73  461  0017  0.269  0.238    49   160  0.03294  0.20118  -3  154
73  463  0018  0.281  0.238   132   160  0.03294  0.20118  -3  155
73  461  0019  0.264  0.238    33   160  0.03294  0.20118  -3  153
73  462  0020  0.275  0.238   -68   160  0.03294  0.20118  -3  154
73  461  0021  0.283  0.238   -51   160  0.03294  0.20118  -3  153
73  462  0022  0.295  0.238  -155   160  0.03294  0.20118  -3  157
73  462  0023  0.274  0.238   -49   160  0.03294  0.20118  -4  153
73  465  0024  0.279  0.238   111   160  0.03294  0.20118  -3  154
73  461  0025  0.270  0.238    18   160  0.03294  0.20118  -3  153
73  463  0026  0.289  0.238   -51   160  0.03294  0.20118  -3  153
73  457  0027  0.280  0.238  -101   160  0.03294  0.20118  -3  153
73  460  0028  0.267  0.238    55   160  0.03294  0.20118  -3  155
73  468  0029  0.295  0.238   -12   160  0.03294  0.20118  -3  155
73  453  0030  0.271  0.238   130   160  0.03294  0.20118  -3  156
73  461  0031  0.267  0.238  -127   160  0.03294  0.20118  -3  155
73  458  0032  0.274  0.238   -90   160  0.03294  0.20118  -3  153
73  462  0033  0.291  0.238   -22   160  0.03294  0.20118  -3  155
73  462  0034  0.274  0.238    98   160  0.03294  0.20118  -4  154
73  459  0035  0.269  0.238   138   160  0.03294  0.20118  -3  156
73  465  0036  0.282  0.238   -14   160  0.03294  0.20118  -3  154
73  468  0037  0.268  0.238   177   161  0.02694  0.20118  -3  157
73  462  0038  0.266  0.238    60   160  0.03294  0.20118  -3  155
73  459  0039  0.287  0.238    26   160  0.03294  0.20118  -3  154
73  460  0040  0.294  0.238  -157   160  0.03294  0.20118  -2  157
73  458  0041  0.273  0.238   138   160  0.03294  0.20118  -3  156
73  463  0042  0.282  0.238   -25   160  0.03294  0.20118  -4  154
73  459  0043  0.263  0.238   132   160  0.03294  0.20118  -3  156
73  461  0044  0.281  0.238   -58   160  0.03294  0.20118  -3  154
73  458  0045  0.260  0.238  -126   160  0.03294  0.20118  -3  155
73  466  0046  0.289  0.260  -165  -169  -0.09906  0.19518  -4  156
73  458  0047  0.270  0.238   -86   160  0.03294  0.20118  -3  153
73  463  0048  0.269  0.238   179   160  0.03294  0.20118  -3  158
73  509  0049  0.267  0.238   161   160  0.03294  0.20118  -4  156
109  463  0000  0.286  0.238    32   160  0.03294  0.20118  -3  153
109  452  0001  0.266  0.238   -16   160  0.03294  0.20118  -3  153
109  457  0002  0.268  0.238   -20   160  0.03294  0.20118  -3  153
109  462  0003  0.279  0.238   178   161  0.02694  0.20118  -3  158
109  461  0004  0.278  0.238    34   160  0.03294  0.20118  -3  152
109  491  0005  0.284  0.239   153   157  0.04494  0.20118  -4  155
109  461  0006  0.290  0.238   -92   160  0.03294  0.20118  -4  153
109  464  0007  0.287  0.238   -29   160  0.03294  0.20118  -3  154
109  462  0008  0.288  0.238   -67   160  0.03294  0.20118  -4  155
109  462  0009  0.294  0.238    53   160  0.03294  0.20118  -3  156
109  460  0010  0.284  0.238    36   160  0.03294  0.20118  -3  153
109  458  0011  0.277  0.238    50   160  0.03294  0.20118  -4  155
109  459  0012  0.284  0.238  -115   160  0.03294  0.20118  -4  155
109  508  0013  0.280  0.238   160   160  0.03294  0.20118  -4  156
109  460  0014  0.282  0.238    69   160  0.03294  0.20118  -4  155
109  458  0015  0.260  0.238    48   160  0.03294  0.20118  -3  154
109  461  0016  0.262  0.238   -66   160  0.03294  0.20118  -4  154
109  473  0017  0.288  0.238   173   161  0.02694  0.20118  -3  157
109  456  0018  0.266  0.238   -94   160  0.03294  0.20118  -3  152
109  460  0019  0.287  0.238  -151   160  0.03294  0.20118  -3  159
109  464  0020  0.289  0.238   -29   160  0.03294  0.20118  -3  155
109  465  0021  0.291  0.238  -138   160  0.03294  0.20118  -3  157
109  459  0022  0.275  0.238   135   160  0.03294  0.20118  -3  156
109  462  0023  0.266  0.238   -81   160  0.03294  0.20118  -3  153
109  459  0024  0.279  0.238    -2   160  0.03294  0.20118  -3  155
109  500  0025  0.285  0.238   163   160  0.03294  0.20118  -4  155
109  460  0026  0.279  0.238   133   160  0.03294  0.20118  -3  156
109  466  0027  0.264  0.234   142   154  0.05694  0.19518  -3  157
109  462  0028  0.266  0.238  -135   160  0.03294  0.20118  -3  157
109  460  0029  0.294  0.238    86   160  0.03294  0.20118  -3  155
109  456  0030  0.275  0.238    87   160  0.03294  0.20118  -3  155
109  454  0031  0.260  0.238  -138   160  0.03294  0.20118  -4  157
109  459  0032  0.280  0.238    68   160  0.03294  0.20118  -3  155
109  454  0033  0.269  0.238   -19   160  0.03294  0.20118  -3  153
109  460  0034  0.272  0.238  -112   160  0.03294  0.20118  -3  155
109  469  0035  0.282  0.238   176   161  0.02694  0.20118  -3  158
109  460  0036  0.289  0.238   136   160  0.03294  0.20118  -3  155
109  454  0037  0.266  0.238  -101   160  0.03294  0.20118  -3  153
109  461  0038  0.276  0.238  -126   160  0.03294  0.20118  -3  155
109  458  0039  0.269  0.238     5   160  0.03294  0.20118  -2  154
109  461  0040  0.276  0.238   -23   160  0.03294  0.20118  -3  154
109  459  0041  0.276  0.238   -90   160  0.03294  0.20118  -3  153
109  456  0042  0.268  0.238    -6   160  0.03294  0.20118  -3  154
109  465  0043  0.292  0.238   105   160  0.03294  0.20118  -3  153
109  458  0044  0.289  0.239   143   158  0.03894  0.20118  -4  155
109  461  0045  0.287  0.238  -144   160  0.03294  0.20118  -3  158
109  461  0046  0.267  0.238   -76   160  0.03294  0.20118  -3  154
109  462  0047  0.282  0.238   130   160  0.03294  0.20118  -3  156
109  458  0048  0.289  0.238  -105   160  0.03294  0.20118  -4  154
109  454  0049  0.281  0.238    78   160  0.03294  0.20118  -3  155
145  454  0000  0.293  0.238    78   160  0.03294  0.20118  -3  156
145  460  0001  0.277  0.238    31   160  0.03294  0.20118  -3  152
145  461  0002  0.279  0.238    -6   160  0.03294  0.20118  -3  155
145  458  0003  0.261  0.238    53   160  0.03294  0.20118  -4  156
145  456  0004  0.290  0.238  -104   160  0.03294  0.20118  -3  154
145  460  0005  0.282  0.238    88   160  0.03294  0.20118  -3  155
145  456  0006  0.273  0.239   125   158  0.03894  0.20118  -3  156
145  457  0007  0.273  0.238    77   160  0.03294  0.20118  -3  155
145  456  0008  0.271  0.238   -80   160  0.03294  0.20118  -3  154
145  542  0009  0.273  0.263  -166  -167  -0.10506  0.19518  -4  159
145  460  0010  0.289  0.238    34   160  0.03294  0.20118  -3  153
145  458  0011  0.283  0.238   128   160  0.03294  0.20118  -3  156
145  453  0012  0.266  0.238  -102   160  0.03294  0.20118  -3  154
145  460  0013  0.288  0.238    75   160  0.03294  0.20118  -4  156
145  454  0014  0.269  0.238   -40   160  0.03294  0.20118  -3  152
145  461  0015  0.293  0.238   177   161  0.02694  0.20118  -4  158
145  456  0016  0.271  0.238    -9   160  0.03294  0.20118  -2  154
145  460  0017  0.287  0.238     7   160  0.03294  0.20118  -3  155
145  462  0018  0.294  0.238   -71   160  0.03294  0.20118  -3  156
145  463  0019  0.282  0.238   -37   160  0.03294  0.20118  -3  154
145  462  0020  0.287  0.238    41   160  0.03294  0.20118  -3  154
145  457  0021  0.273  0.238    53   160  0.03294  0.20118  -4  156
145  533  0022  0.267  0.255  -176  -171  -0.08706  0.19518  -5  159
145  461  0023  0.262  0.238   -60   160  0.03294  0.20118  -3  153
145  459  0024  0.275  0.238    36   160  0.03294  0.20118  -3  152
145  516  0025  0.265  0.252  -179  -172  -0.08106  0.19518  -5  159
145  456  0026  0.281  0.238    28   160  0.03294  0.20118  -2  153
145  460  0027  0.286  0.238    66   160  0.03294  0.20118  -3  156
145  457  0028  0.290  0.238  -112   160  0.03294  0.20118  -3  155
145  488  0029  0.292  0.239   154   158  0.03894  0.20118  -4  154
145  456  0030  0.285  0.238   100   160  0.03294  0.20118  -3  154
145  470  0031  0.262  0.235   142   152  0.06294  0.19518  -3  159
145  463  0032  0.283  0.238   105   160  0.03294  0.20118  -4  153
145  462  0033  0.292  0.238  -135   160  0.03294  0.20118  -4  157
145  453  0034  0.283  0.238    83   160  0.03294  0.20118  -3  155
145  515  0035  0.271  0.252  -178  -172  -0.08106  0.19518  -5  159
145  458  0036  0.264  0.238    13   160  0.03294  0.20118  -2  152
145  460  0037  0.265  0.238    15   160  0.03294  0.20118  -2  152
145  461  0038  0.288  0.238    61   160  0.03294  0.20118  -4  157
145  455  0039  0.269  0.238   -41   160  0.03294  0.20118  -3  152
145  509  0040  0.278  0.245   170   164  0.01494  0.20718  -5  158
145  555  0041  0.261  0.255  -174  -171  -0.08706  0.19518  -4  159
145  460  0042  0.268  0.239  -143   158  0.03894  0.20118  -3  160
145  461  0043  0.280  0.238    67   160  0.03294  0.20118  -3  156
145  459  0044  0.274  0.238    90   160  0.03294  0.20118  -4  156
145  458  0045  0.262  0.238  -130   160  0.03294  0.20118  -4  157
145  461  0046  0.284  0.238  -118   160  0.03294  0.20118  -4  155
145  457  0047  0.263  0.238    19   160  0.03294  0.20118  -2  152
145  459  0048  0.266  0.238  -153   160  0.03294  0.20118  -2  162
145  473  0049  0.276  0.252   178  -172  -0.08106  0.19518  -4  159
182  458  0000  0.279  0.238   103   160  0.03294  0.20118  -4  154
182  454  0001  0.264  0.238   -59   160  0.03294  0.20118  -4  152
182  455  0002  0.261  0.238    81   160  0.03294  0.20118  -4  156
182  453  0003  0.284  0.238  -115   160  0.03294  0.20118  -4  156
182  461  0004  0.285  0.238   119   160  0.03294  0.20118  -3  155
182  454  0005  0.285  0.238    88   160  0.03294  0.20118  -4  156
182  546  0006  0.273  0.245   169   164  0.01494  0.20718  -5  159
182  455  0007  0.285  0.238   -99   160  0.03294  0.20118  -4  153
182  453  0008  0.267  0.238   126   160  0.03294  0.20118  -4  158
182  457  0009  0.271  0.238  -129   160  0.03294  0.20118  -4  157
182  459  0010  0.295  0.238    25   160  0.03294  0.20118  -2  155
182  457  0011  0.276  0.238   -40   160  0.03294  0.20118  -3  152
182  460  0012  0.291  0.238    13   160  0.03294  0.20118  -2  155
182  454  0013  0.279  0.238   139   160  0.03294  0.20118  -3  158
182  463  0014  0.290  0.238    39   160  0.03294  0.20118  -3  153
182  452  0015  0.284  0.238  -113   160  0.03294  0.20118  -4  156
182  532  0016  0.270  0.250  -179  -174  -0.07506  0.19518  -4  160
182  457  0017  0.280  0.238    59   160  0.03294  0.20118  -4  157
182  456  0018  0.278  0.238    60   160  0.03294  0.20118  -4  157
182  460  0019  0.285  0.238    40   160  0.03294  0.20118  -3  153
182  457  0020  0.293  0.238    94   160  0.03294  0.20118  -4  155
182  573  0021  0.270  0.245   165   163  0.02094  0.20718  -5  158
182  457  0022  0.261  0.238   104   160  0.03294  0.20118  -4  156
182  489  0023  0.295  0.239   153   157  0.04494  0.20118  -4  154
182  459  0024  0.273  0.238    44   160  0.03294  0.20118  -3  154
182  457  0025  0.274  0.238   129   160  0.03294  0.20118  -3  158
182  458  0026  0.268  0.238   -64   160  0.03294  0.20118  -4  154
182  459  0027  0.293  0.238     9   160  0.03294  0.20118  -2  156
182  460  0028  0.284  0.238  -146   160  0.03294  0.20118  -2  162
182  460  0029  0.279  0.238     8   160  0.03294  0.20118  -2  155
182  448  0030  0.265  0.238   -83   160  0.03294  0.20118  -3  153
182  453  0031  0.266  0.238    89   160  0.03294  0.20118  -4  157
182  455  0032  0.267  0.238    48   160  0.03294  0.20118  -4  155
182  453  0033  0.272  0.238   -25   160  0.03294  0.20118  -3  153
182  455  0034  0.268  0.238  -151   160  0.03294  0.20118  -2  164
182  463  0035  0.280  0.238   110   160  0.03294  0.20118  -3  154
182  456  0036  0.266  0.238    43   160  0.03294  0.20118  -3  153
182  458  0037  0.271  0.238   -33   160  0.03294  0.20118  -3  152
182  459  0038  0.270  0.238   102   160  0.03294  0.20118  -4  155
182  457  0039  0.275  0.238  -134   160  0.03294  0.20118  -4  158
182  452  0040  0.270  0.238   -18   160  0.03294  0.20118  -3  153
182  472  0041  0.282  0.245   177   164  0.01494  0.20718  -4  161
182  460  0042  0.276  0.238    -5   160  0.03294  0.20118  -3  155
182  461  0043  0.279  0.238   115   160  0.03294  0.20118  -3  155
182  457  0044  0.265  0.238    10   160  0.03294  0.20118  -2  153
182  461  0045  0.285  0.238   109   160  0.03294  0.20118  -3  153
182  531  0046  0.278  0.266  -162  -166  -0.11106  0.19518  -4  161
182  458  0047  0.274  0.238   -71   160  0.03294  0.20118  -4  155
182  454  0048  0.268  0.238    98   160  0.03294  0.20118  -4  156
182  453  0049  0.266  0.238    99   160  0.03294  0.20118  -3  156
218  460  0000  0.280  0.238    12   160  0.03294  0.20118  -1  155
218  467  0001  0.290  0.238   128   160  0.03294  0.20118  -3  157
218  462  0002  0.278  0.238  -144   160  0.03294  0.20118  -2  163
218  449  0003  0.273  0.238   -17   160  0.03294  0.20118  -3  154
218  452  0004  0.286  0.238  -115   160  0.03294  0.20118  -4  157
218  534  0005  0.272  0.263  -160  -165  -0.11706  0.18918  -4  163
218  454  0006  0.273  0.238   -12   160  0.03294  0.20118  -3  154
218  450  0007  0.268  0.238   134   160  0.03294  0.20118  -3  161
218  455  0008  0.271  0.238   -58   160  0.03294  0.20118  -4  153
218  463  0009  0.290  0.238   108   160  0.03294  0.20118  -4  153
218  457  0010  0.277  0.238   -12   160  0.03294  0.20118  -3  155
218  515  0011  0.294  0.245   165   163  0.02094  0.20718  -5  157
218  454  0012  0.277  0.238   -25   160  0.03294  0.20118  -3  154
218  596  0013  0.262  0.245   169   164  0.01494  0.20718  -6  161
218  462  0014  0.289  0.238   -16   160  0.03294  0.20118  -3  157
218  461  0015  0.292  0.238   118   160  0.03294  0.20118  -3  154
218  458  0016  0.283  0.238   -11   160  0.03294  0.20118  -3  156
218  459  0017  0.279  0.238  -127   160  0.03294  0.20118  -4  157
218  461  0018  0.295  0.238   -52   160  0.03294  0.20118  -4  154
218  461  0019  0.282  0.238   -39   160  0.03294  0.20118  -3  154
218  457  0020  0.275  0.238   -47   160  0.03294  0.20118  -4  152
218  454  0021  0.271  0.238    74   160  0.03294  0.20118  -4  156
218  530  0022  0.285  0.239   154   157  0.04494  0.20118  -4  156
218  458  0023  0.293  0.238  -119   160  0.03294  0.20118  -4  156
218  458  0024  0.280  0.238   -41   160  0.03294  0.20118  -3  153
218  458  0025  0.271  0.238    59   160  0.03294  0.20118  -4  158
218  455  0026  0.285  0.238    26   160  0.03294  0.20118  -2  154
218  452  0027  0.264  0.238   100   160  0.03294  0.20118  -4  156
218  458  0028  0.284  0.238   -51   160  0.03294  0.20118  -4  153
218  457  0029  0.269  0.238    13   160  0.03294  0.20118  -1  153
218  454  0030  0.270  0.238   132   160  0.03294  0.20118  -3  160
218  449  0031  0.278  0.238   -97   160  0.03294  0.20118  -4  152
218  451  0032  0.260  0.238     5   160  0.03294  0.20118  -2  153
218  457  0033  0.272  0.238   -30   160  0.03294  0.20118  -3  153
218  458  0034  0.285  0.238    59   160  0.03294  0.20118  -4  159
218  459  0035  0.286  0.234   143   154  0.05694  0.19518  -3  158
218  462  0036  0.286  0.238  -130   160  0.03294  0.20118  -4  158
218  455  0037  0.269  0.238   -34   160  0.03294  0.20118  -2  152
218  457  0038  0.292  0.238   -90   160  0.03294  0.20118  -4  153
218  458  0039  0.262  0.238  -146   160  0.03294  0.20118  -2  164
218  449  0040  0.266  0.238   -97   160  0.03294  0.20118  -4  152
218  453  0041  0.268  0.238   -61   160  0.03294  0.20118  -4  153
218  449  0042  0.275  0.238    81   160  0.03294  0.20118  -4  157
218  571  0043  0.280  0.245   162   161  0.02694  0.20718  -6  158
218  453  0044  0.263  0.238  -150   160  0.03294  0.20118  -2  165
218  456  0045  0.292  0.238    60   160  0.03294  0.20118  -4  159
218  457  0046  0.280  0.238  -136   160  0.03294  0.20118  -4  160
218  472  0047  0.269  0.263  -156  -165  -0.11706  0.18918  -3  164
218  459  0048  0.269  0.238   102   160  0.03294  0.20118  -4  156
218  463  0049  0.291  0.238   -37   160  0.03294  0.20118  -3  155
255  452  0000  0.271  0.238   -10   160  0.03294  0.20118  -2  155
255  460  0001  0.288  0.238   -70   160  0.03294  0.20118  -4  158
255  509  0002  0.289  0.252  -180  -172  -0.08106  0.19518  -5  161
255  463  0003  0.295  0.238    56   160  0.03294  0.20118  -4  160
255  458  0004  0.284  0.238   -58   160  0.03294  0.20118  -4  155
255  452  0005  0.262  0.238    45   160  0.03294  0.20118  -4  155
255  456  0006  0.287  0.238   -90   160  0.03294  0.20118  -4  153
255  445  0007  0.266  0.238   -51   160  0.03294  0.20118  -4  151
255  588  0008  0.266  0.241   150   154  0.05694  0.20118  -5  160
255  450  0009  0.260  0.238  -109   160  0.03294  0.20118  -4  158
255  450  0010  0.274  0.238   -88   160  0.03294  0.20118  -4  153
255  456  0011  0.279  0.238   -57   160  0.03294  0.20118  -4  154
255  453  0012  0.291  0.238    83   160  0.03294  0.20118  -3  158
255  449  0013  0.262  0.238   -30   160  0.03294  0.20118  -3  151
255  460  0014  0.294  0.238    14   160  0.03294  0.20118  -1  157
255  458  0015  0.273  0.238   -68   160  0.03294  0.20118  -4  156
255  458  0016  0.270  0.238    17   160  0.03294  0.20118  -1  153
255  625  0017  0.262  0.240   153   155  0.05094  0.20118  -5  161
255  459  0018  0.282  0.238    40   160  0.03294  0.20118  -3  154
255  451  0019  0.262  0.238    71   160  0.03294  0.20118  -4  157
255  462  0020  0.288  0.238   106   160  0.03294  0.20118  -4  153
255  450  0021  0.271  0.238  -109   160  0.03294  0.20118  -4  157
255  451  0022  0.269  0.238    -6   160  0.03294  0.20118  -2  155
255  458  0023  0.268  0.238    10   160  0.03294  0.20118  -1  154
255  453  0024  0.269  0.238   -43   160  0.03294  0.20118  -3  151
255  458  0025  0.293  0.238    25   160  0.03294  0.20118  -1  156
255  452  0026  0.281  0.238   -92   160  0.03294  0.20118  -4  152
255  464  0027  0.289  0.238   111   160  0.03294  0.20118  -3  153
255  478  0028  0.292  0.234   147   154  0.05694  0.19518  -3  157
255  458  0029  0.291  0.238     2   160  0.03294  0.20118  -2  158
255  447  0030  0.264  0.238   -21   160  0.03294  0.20118  -3  152
255  455  0031  0.293  0.238    88   160  0.03294  0.20118  -4  157
255  641  0032  0.262  0.245   167   164  0.01494  0.20718  -6  162
255  458  0033  0.276  0.238   115   160  0.03294  0.20118  -4  156
255  461  0034  0.291  0.285  -148  -147  -0.19506  0.15918  -3  165
255  452  0035  0.275  0.238    84   160  0.03294  0.20118  -4  158
255  504  0036  0.291  0.240   151   155  0.05094  0.20118  -4  156
255  458  0037  0.275  0.238    32   160  0.03294  0.20118  -2  152
255  584  0038  0.277  0.252   167   164  0.01494  0.21318  -6  160
255  458  0039  0.280  0.238    39   160  0.03294  0.20118  -3  153
255  464  0040  0.294  0.238   -17   160  0.03294  0.20118  -4  158
255  577  0041  0.278  0.246   156   159  0.03894  0.20718  -6  157
255  452  0042  0.274  0.238   -23   160  0.03294  0.20118  -3  154
255  461  0043  0.288  0.238    11   160  0.03294  0.20118  -1  157
255  457  0044  0.275  0.238    64   160  0.03294  0.20118  -4  158
255  463  0045  0.292  0.238   -39   160  0.03294  0.20118  -3  155
255  459  0046  0.278  0.238     9   160  0.03294  0.20118  -1  155
255  454  0047  0.286  0.238   -91   160  0.03294  0.20118  -4  153
255  452  0048  0.268  0.238   -34   160  0.03294  0.20118  -2  152
255  457  0049  0.294  0.238     0   160  0.03294  0.20118  -3  159
291  448  0000  0.262  0.238    -9   160  0.03294  0.20118  -2  154
291  455  0001  0.277  0.238   -75   160  0.03294  0.20118  -4  158
291  498  0002  0.286  0.281  -152  -150  -0.18306  0.16518  -3  167
291  454  0003  0.288  0.238  -113   160  0.03294  0.20118  -4  158
291  447  0004  0.262  0.238    75   160  0.03294  0.20118  -4  158
291  455  0005  0.275  0.238  -131   160  0.03294  0.20118  -4  161
291  456  0006  0.274  0.238  -105   160  0.03294  0.20118  -4  157
291  456  0007  0.289  0.238    71   160  0.03294  0.20118  -3  159
291  483  0008  0.293  0.240   148   155  0.05094  0.20118  -3  157
291  449  0009  0.264  0.238   116   160  0.03294  0.20118  -4  159
291  450  0010  0.269  0.238    -3   160  0.03294  0.20118  -2  157
291  644  0011  0.267  0.266  -163  -166  -0.11106  0.19518  -4  165
291  447  0012  0.272  0.238   -21   160  0.03294  0.20118  -3  154
291  454  0013  0.292  0.238   -79   160  0.03294  0.20118  -4  159
291  452  0014  0.261  0.238    -3   160  0.03294  0.20118  -2  156
291  456  0015  0.284  0.238  -138   160  0.03294  0.20118  -3  164
291  449  0016  0.268  0.238  -131   160  0.03294  0.20118  -5  162
291  453  0017  0.284  0.238   -92   160  0.03294  0.20118  -4  153
291  456  0018  0.290  0.239   -93   158  0.03894  0.20118  -4  153
291  451  0019  0.268  0.238   117   160  0.03294  0.20118  -4  158
291  494  0020  0.287  0.281  -152  -150  -0.18306  0.16518  -3  166
291  453  0021  0.265  0.238  -127   160  0.03294  0.20118  -5  160
291  451  0022  0.288  0.238    87   160  0.03294  0.20118  -4  158
291  542  0023  0.294  0.246   158   159  0.03894  0.20718  -6  156
291  453  0024  0.265  0.238    30   160  0.03294  0.20118  -2  151
291  457  0025  0.281  0.238   103   160  0.03294  0.20118  -4  155
291  470  0026  0.294  0.279  -155  -155  -0.16506  0.17718  -3  166
291  451  0027  0.277  0.238   -85   160  0.03294  0.20118  -4  155
291  613  0028  0.285  0.264  -174  -170  -0.09306  0.20118  -5  162
291  536  0029  0.274  0.236   146   151  0.06894  0.19518  -4  161
291  635  0030  0.269  0.252   168   166  0.00894  0.21318  -7  162
291  602  0031  0.294  0.269  -170  -168  -0.10506  0.20118  -5  161
291  449  0032  0.261  0.238    70   160  0.03294  0.20118  -4  158
291  448  0033  0.284  0.238   -97   160  0.03294  0.20118  -4  153
291  462  0034  0.294  0.238   -50   160  0.03294  0.20118  -4  155
291  620  0035  0.273  0.269  -162  -165  -0.11706  0.19518  -4  165
291  446  0036  0.260  0.238    74   160  0.03294  0.20118  -4  158
291  517  0037  0.291  0.240   151   155  0.05094  0.20118  -4  157
291  460  0038  0.294  0.238   -50   160  0.03294  0.20118  -3  155
291  447  0039  0.260  0.238    74   160  0.03294  0.20118  -4  157
291  454  0040  0.268  0.238    18   160  0.03294  0.20118  -0  153
291  448  0041  0.263  0.238  -133   160  0.03294  0.20118  -4  162
291  457  0042  0.287  0.238   103   160  0.03294  0.20118  -4  154
291  455  0043  0.282  0.238    19   160  0.03294  0.20118  -1  155
291  661  0044  0.265  0.245   166   164  0.01494  0.20718  -6  163
291  575  0045  0.276  0.241   151   154  0.05694  0.20118  -5  159
291  448  0046  0.283  0.238   -93   160  0.03294  0.20118  -4  153
291  452  0047  0.273  0.238    -3   160  0.03294  0.20118  -2  157
291  447  0048  0.264  0.238   -54   160  0.03294  0.20118  -4  151
291  454  0049  0.282  0.238    65   160  0.03294  0.20118  -4  160
327  586  0000  0.268  0.247   175   170  -0.00906  0.20718  -5  167
327  457  0001  0.280  0.238  -138   160  0.03294  0.20118  -3  166
327  450  0002  0.260  0.238     1   160  0.03294  0.20118  -1  156
327  457  0003  0.284  0.238    50   160  0.03294  0.20118  -4  160
327  671  0004  0.281  0.266  -165  -166  -0.11106  0.19518  -5  165
327  453  0005  0.277  0.238  -122   160  0.03294  0.20118  -4  160
327  458  0006  0.291  0.238   -61   160  0.03294  0.20118  -3  158
327  447  0007  0.282  0.238  -113   160  0.03294  0.20118  -4  160
327  453  0008  0.268  0.238    63   160  0.03294  0.20118  -4  161
327  466  0009  0.294  0.238   -19   160  0.03294  0.20118  -4  160
327  449  0010  0.266  0.238  -121   160  0.03294  0.20118  -5  161
327  714  0011  0.267  0.257  -171  -170  -0.09306  0.19518  -5  165
327  451  0012  0.280  0.238  -105   160  0.03294  0.20118  -4  157
327  448  0013  0.289  0.238  -102   160  0.03294  0.20118  -4  155
327  461  0014  0.286  0.238   -28   160  0.03294  0.20118  -3  158
327  452  0015  0.274  0.238  -138   160  0.03294  0.20118  -4  166
327  442  0016  0.263  0.238   -96   160  0.03294  0.20118  -4  153
327  455  0017  0.275  0.238   118   160  0.03294  0.20118  -3  159
327  518  0018  0.292  0.276  -157  -160  -0.14106  0.18918  -3  167
327  458  0019  0.277  0.238    41   160  0.03294  0.20118  -4  155
327  447  0020  0.275  0.238    88   160  0.03294  0.20118  -4  160
327  445  0021  0.268  0.238  -101   160  0.03294  0.20118  -4  156
327  466  0022  0.274  0.232   138   147  0.08094  0.18918  -3  165
327  462  0023  0.290  0.238   117   160  0.03294  0.20118  -3  156
327  450  0024  0.271  0.238    93   160  0.03294  0.20118  -4  160
327  459  0025  0.290  0.238    18   160  0.03294  0.20118  -1  158
327  462  0026  0.283  0.238   132   160  0.03294  0.20118  -2  163
327  469  0027  0.295  0.289  -142  -143  -0.21306  0.14718  -4  166
327  460  0028  0.296  0.238   -51   160  0.03294  0.20118  -4  156
327  456  0029  0.272  0.238    64   160  0.03294  0.20118  -4  161
327  458  0030  0.291  0.238   -45   160  0.03294  0.20118  -3  155
327  458  0031  0.290  0.238   -81   160  0.03294  0.20118  -5  159
327  613  0032  0.280  0.259  -177  -173  -0.08106  0.20118  -6  164
327  456  0033  0.283  0.238   -76   160  0.03294  0.20118  -4  160
327  459  0034  0.291  0.238   -45   160  0.03294  0.20118  -3  156
327  450  0035  0.274  0.238  -108   161  0.02694  0.20118  -4  159
327  457  0036  0.278  0.238   -63   160  0.03294  0.20118  -4  157
327  448  0037  0.262  0.238  -113   160  0.03294  0.20118  -4  161
327  449  0038  0.271  0.238   -51   160  0.03294  0.20118  -4  152
327  488  0039  0.275  0.232   140   147  0.08094  0.18918  -3  164
327  631  0040  0.288  0.272  -163  -164  -0.12306  0.19518  -4  165
327  447  0041  0.271  0.238   -50   160  0.03294  0.20118  -4  152
327  602  0042  0.274  0.241   151   154  0.05694  0.20118  -5  161
327  448  0043  0.273  0.238   -47   160  0.03294  0.20118  -4  152
327  461  0044  0.295  0.238  -132   160  0.03294  0.20118  -4  162
327  459  0045  0.286  0.238   121   160  0.03294  0.20118  -3  159
327  447  0046  0.261  0.238   -40   160  0.03294  0.20118  -3  150
327  451  0047  0.289  0.238    85   160  0.03294  0.20118  -4  160
327  445  0048  0.273  0.238   -96   160  0.03294  0.20118  -4  153
327  460  0049  0.290  0.238    34   160  0.03294  0.20118  -2  155
364  440  0000  0.265  0.238   -14   160  0.03294  0.20118  -2  155
364  455  0001  0.276  0.238    47   160  0.03294  0.20118  -5  159
364  451  0002  0.276  0.238   -59   160  0.03294  0.20118  -4  156
364  464  0003  0.292  0.238   118   160  0.03294  0.20118  -3  157
364  450  0004  0.265  0.238    43   160  0.03294  0.20118  -4  156
364  453  0005  0.279  0.238   -52   160  0.03294  0.20118  -4  154
364  724  0006  0.261  0.259  -164  -166  -0.11106  0.18918  -5  168
364  456  0007  0.263  0.223   103   102  0.20094  0.09318  -3  162
364  457  0008  0.287  0.238    13   160  0.03294  0.20118  -1  159
364  474  0009  0.291  0.235   144   152  0.06294  0.19518  -3  161
364  566  0010  0.260  0.265  -147  -147  -0.18306  0.14718  -4  169
364  460  0011  0.292  0.238    49   160  0.03294  0.20118  -5  161
364  449  0012  0.278  0.238    71   160  0.03294  0.20118  -4  161
364  578  0013  0.267  0.271  -150  -150  -0.17706  0.15918  -4  169
364  461  0014  0.287  0.238   136   160  0.03294  0.20118  -2  164
364  612  0015  0.280  0.273  -159  -161  -0.13506  0.18918  -3  169
364  446  0016  0.279  0.238    78   160  0.03294  0.20118  -4  161
364  458  0017  0.289  0.238   136   160  0.03294  0.20118  -2  164
364  442  0018  0.269  0.238   -18   160  0.03294  0.20118  -3  155
364  453  0019  0.283  0.238   -45   160  0.03294  0.20118  -3  155
364  457  0020  0.273  0.238    25   160  0.03294  0.20118  -0  155
364  446  0021  0.270  0.238   -24   160  0.03294  0.20118  -3  154
364  545  0022  0.295  0.285  -151  -149  -0.18906  0.16518  -3  167
364  448  0023  0.260  0.238   -58   160  0.03294  0.20118  -4  153
364  603  0024  0.279  0.241   152   154  0.05694  0.20118  -5  161
364  622  0025  0.267  0.245   179  -176  -0.06306  0.19518  -5  169
364  434  0026  0.263  0.238   -90   160  0.03294  0.20118  -3  153
364  453  0027  0.268  0.238    24   160  0.03294  0.20118  0  154
364  450  0028  0.264  0.238    46   160  0.03294  0.20118  -4  158
364  465  0029  0.291  0.238   131   160  0.03294  0.20118  -3  163
364  522  0030  0.266  0.236   139   144  0.09294  0.18918  -4  166
364  435  0031  0.260  0.238   -90   160  0.03294  0.20118  -4  152
364  455  0032  0.281  0.238   134   160  0.03294  0.20118  -2  165
364  449  0033  0.275  0.238   -46   160  0.03294  0.20118  -3  153
364  598  0034  0.285  0.252   169   166  0.00894  0.21318  -6  163
364  449  0035  0.272  0.238    74   160  0.03294  0.20118  -4  161
364  454  0036  0.287  0.238  -122   160  0.03294  0.20118  -4  161
364  449  0037  0.279  0.238   -82   160  0.03294  0.20118  -4  158
364  442  0038  0.264  0.238    75   160  0.03294  0.20118  -4  160
364  446  0039  0.279  0.238   -88   160  0.03294  0.20118  -4  155
364  454  0040  0.282  0.238  -121   160  0.03294  0.20118  -5  161
364  451  0041  0.289  0.238  -116   160  0.03294  0.20118  -4  160
364  457  0042  0.287  0.238    47   160  0.03294  0.20118  -5  160
364  460  0043  0.289  0.238   130   160  0.03294  0.20118  -2  163
364  593  0044  0.270  0.248   176   171  -0.01506  0.20718  -5  169
364  445  0045  0.281  0.238   -94   160  0.03294  0.20118  -4  154
364  462  0046  0.295  0.238  -123   160  0.03294  0.20118  -4  160
364  461  0047  0.293  0.238   -48   160  0.03294  0.20118  -3  156
364  465  0048  0.292  0.317   -23   -22  -0.05706  -0.26682  -3  161
364  689  0049  0.266  0.240   154   155  0.05094  0.20118  -6  164
400  444  0000  0.261  0.238   -76   160  0.03294  0.20118  -4  158
400  447  0001  0.272  0.238    49   160  0.03294  0.20118  -4  162
400  454  0002  0.286  0.238     8   160  0.03294  0.20118  -1  162
400  446  0003  0.282  0.238  -103   161  0.02694  0.20118  -4  158
400  451  0004  0.269  0.238   -60   160  0.03294  0.20118  -4  157
400  475  0005  0.274  0.280   132   131  0.16494  0.20118  -4  167
400  447  0006  0.261  0.238    -1   160  0.03294  0.20118  -1  158
400  468  0007  0.264  0.277    57    56  0.25494  -0.06882  -6  164
400  626  0008  0.279  0.248   153   154  0.05694  0.20718  -6  161
400  459  0009  0.286  0.238   115   160  0.03294  0.20118  -4  158
400  445  0010  0.265  0.239    85   158  0.03894  0.20118  -4  164
400  656  0011  0.267  0.254   174   170  -0.00906  0.21318  -6  169
400  455  0012  0.292  0.238   140   160  0.03294  0.20118  -2  164
400  461  0013  0.288  0.238   115   160  0.03294  0.20118  -3  157
400  524  0014  0.291  0.261   175   170  -0.00906  0.21918  -5  166
400  456  0015  0.294  0.238   102   160  0.03294  0.20118  -4  155
400  440  0016  0.264  0.238    74   160  0.03294  0.20118  -4  162
400  457  0017  0.286  0.238    31   160  0.03294  0.20118  -1  157
400  453  0018  0.280  0.238    43   160  0.03294  0.20118  -4  158
400  460  0019  0.284  0.238   117   160  0.03294  0.20118  -3  159
400  459  0020  0.267  0.272   127   128  0.17094  0.18918  -5  166
400  714  0021  0.282  0.272  -163  -164  -0.12306  0.19518  -4  168
400  733  0022  0.268  0.252   167   166  0.00894  0.21318  -8  166
400  580  0023  0.271  0.239   144   148  0.08094  0.19518  -5  166
400  482  0024  0.270  0.283    57    56  0.26094  -0.06882  -6  164
400  453  0025  0.279  0.299   -76   -75  -0.26706  -0.12882  -5  161
400  538  0026  0.262  0.270  -142  -144  -0.19506  0.14118  -6  169
400  459  0027  0.284  0.238   -33   160  0.03294  0.20118  -2  159
400  497  0028  0.280  0.289    58    57  0.26694  -0.06882  -6  164
400  441  0029  0.267  0.238   -80   160  0.03294  0.20118  -4  158
400  457  0030  0.280  0.238    41   160  0.03294  0.20118  -4  157
400  466  0031  0.295  0.238   114   160  0.03294  0.20118  -3  156
400  452  0032  0.273  0.238   -60   160  0.03294  0.20118  -4  157
400  454  0033  0.268  0.238    23   160  0.03294  0.20118  0  155
400  451  0034  0.275  0.238  -135   160  0.03294  0.20118  -4  169
400  670  0035  0.267  0.242   150   153  0.06294  0.20118  -6  165
400  700  0036  0.276  0.252   166   164  0.01494  0.21318  -7  165
400  572  0037  0.287  0.257  -180  -174  -0.07506  0.20118  -5  167
400  454  0038  0.292  0.238   -91   160  0.03294  0.20118  -4  156
400  455  0039  0.265  0.238   108   160  0.03294  0.20118  -4  161
400  511  0040  0.273  0.236   140   144  0.09294  0.18918  -3  167
400  446  0041  0.263  0.238    45   160  0.03294  0.20118  -4  158
400  456  0042  0.280  0.238    42   160  0.03294  0.20118  -4  157
400  465  0043  0.284  0.238    34   160  0.03294  0.20118  -2  155
400  695  0044  0.273  0.269  -161  -162  -0.12906  0.18918  -4  170
400  454  0045  0.266  0.238   110   160  0.03294  0.20118  -4  161
400  454  0046  0.266  0.238    -1   160  0.03294  0.20118  -1  159
400  466  0047  0.293  0.238   -37   160  0.03294  0.20118  -2  160
400  446  0048  0.263  0.238    -3   160  0.03294  0.20118  -1  159
400  475  0049  0.279  0.276   133   132  0.15894  0.20118  -4  166
436  536  0000  0.291  0.294  -140  -141  -0.22506  0.14118  -5  169
436  462  0001  0.292  0.238   121   160  0.03294  0.20118  -3  161
436  465  0002  0.295  0.238   109   160  0.03294  0.20118  -3  155
436  450  0003  0.283  0.238   -84   160  0.03294  0.20118  -5  160
436  461  0004  0.289  0.238    37   160  0.03294  0.20118  -3  157
436  440  0005  0.259  0.238    -8   160  0.03294  0.20118  -2  158
436  450  0006  0.269  0.238   115   160  0.03294  0.20118  -4  163
436  437  0007  0.260  0.238    82   160  0.03294  0.20118  -3  165
436  504  0008  0.284  0.290  -138  -140  -0.22506  0.13518  -5  169
436  438  0009  0.268  0.238   -99   160  0.03294  0.20118  -4  157
436  457  0010  0.277  0.238   109   160  0.03294  0.20118  -4  160
436  438  0011  0.265  0.238    77   160  0.03294  0.20118  -4  164
436  448  0012  0.286  0.238  -100   160  0.03294  0.20118  -4  157
436  560  0013  0.259  0.234   137   141  0.10494  0.18318  -4  171
436  445  0014  0.274  0.238  -120   160  0.03294  0.20118  -5  165
436  489  0015  0.292  0.304     3     2  0.07494  -0.24282  -3  163
436  443  0016  0.271  0.238   -51   161  0.02694  0.20118  -4  153
436  724  0017  0.282  0.275  -162  -163  -0.12906  0.19518  -4  170
436  450  0018  0.259  0.238    35   160  0.03294  0.20118  -2  153
436  509  0019  0.278  0.280   131   131  0.16494  0.20118  -4  167
436  469  0020  0.285  0.284   126   127  0.18294  0.19518  -4  165
436  433  0021  0.261  0.238   -12   160  0.03294  0.20118  -2  156
436  449  0022  0.276  0.238  -121   160  0.03294  0.20118  -5  164
436  458  0023  0.279  0.238   -68   160  0.03294  0.20118  -5  163
436  462  0024  0.281  0.294    79    78  0.29094  0.02118  -4  164
436  473  0025  0.279  0.286  -136  -137  -0.23106  0.12318  -6  169
436  729  0026  0.287  0.278  -163  -165  -0.12306  0.20118  -4  169
436  510  0027  0.293  0.324    26    24  0.18894  -0.20682  0  160
436  450  0028  0.267  0.238    20   160  0.03294  0.20118  1  156
436  535  0029  0.294  0.316   -18   -18  -0.03906  -0.26682  -4  163
436  468  0030  0.287  0.294    78    78  0.29094  0.02118  -5  164
436  740  0031  0.266  0.247   154   156  0.05094  0.20718  -8  165
436  452  0032  0.278  0.238  -129   160  0.03294  0.20118  -5  167
436  454  0033  0.281  0.238  -108   161  0.02694  0.20118  -4  162
436  634  0034  0.268  0.275  -147  -147  -0.18906  0.15318  -5  171
436  435  0035  0.265  0.238   -22   160  0.03294  0.20118  -3  155
436  647  0036  0.265  0.271  -150  -150  -0.17706  0.15918  -4  172
436  489  0037  0.289  0.311   -25   -24  -0.06906  -0.26082  -4  162
436  799  0038  0.261  0.259  -165  -166  -0.11106  0.18918  -5  171
436  493  0039  0.288  0.283   130   130  0.17094  0.20118  -4  165
436  535  0040  0.295  0.300    55    54  0.27294  -0.08082  -6  165
436  456  0041  0.288  0.238   -52   160  0.03294  0.20118  -3  158
436  729  0042  0.263  0.242   151   153  0.06294  0.20118  -6  167
436  454  0043  0.282  0.238    42   160  0.03294  0.20118  -3  159
436  453  0044  0.280  0.238    10   160  0.03294  0.20118  -0  161
436  455  0045  0.294  0.238    87   160  0.03294  0.20118  -4  163
436  442  0046  0.277  0.238   -90   160  0.03294  0.20118  -4  155
436  453  0047  0.270  0.238   -70   160  0.03294  0.20118  -4  162
436  541  0048  0.288  0.262   176   171  -0.01506  0.21918  -6  169
436  458  0049  0.285  0.238   -66   160  0.03294  0.20118  -4  163
473  467  0000  0.290  0.295    72    72  0.29094  -0.00282  -5  165
473  505  0001  0.262  0.223   104   102  0.20094  0.09318  -3  165
473  458  0002  0.288  0.238   112   160  0.03294  0.20118  -3  158
473  436  0003  0.263  0.238   -10   160  0.03294  0.20118  -2  159
473  475  0004  0.264  0.223   106   102  0.20094  0.09318  -3  165
473  448  0005  0.282  0.238  -117   160  0.03294  0.20118  -4  165
473  441  0006  0.267  0.238   -10   160  0.03294  0.20118  -2  161
473  449  0007  0.277  0.238    67   160  0.03294  0.20118  -4  167
473  569  0008  0.285  0.295    58    57  0.27294  -0.06882  -7  166
473  489  0009  0.285  0.308   -28   -28  -0.08706  -0.25482  -4  161
473  611  0010  0.294  0.267   169   167  0.00294  0.22518  -7  165
473  693  0011  0.266  0.250   176   174  -0.02706  0.20718  -7  174
473  480  0012  0.288  0.284   125   127  0.18294  0.19518  -4  165
473  779  0013  0.281  0.272  -163  -164  -0.12306  0.19518  -5  171
473  444  0014  0.275  0.238  -117   160  0.03294  0.20118  -5  166
473  447  0015  0.292  0.238   -97   160  0.03294  0.20118  -5  157
473  458  0016  0.286  0.238   112   160  0.03294  0.20118  -4  159
473  510  0017  0.272  0.286    51    52  0.25494  -0.08682  -7  164
473  680  0018  0.279  0.277  -157  -157  -0.15306  0.18318  -3  174
473  605  0019  0.290  0.289  -142  -143  -0.21306  0.14718  -5  170
473  452  0020  0.280  0.238  -105   161  0.02694  0.20118  -4  162
473  504  0021  0.262  0.223    97    98  0.20694  0.08118  -3  167
473  453  0022  0.290  0.238   -89   160  0.03294  0.20118  -5  159
473  456  0023  0.286  0.238   -58   160  0.03294  0.20118  -4  161
473  657  0024  0.284  0.279  -155  -155  -0.16506  0.17718  -4  173
473  455  0025  0.287  0.238   -60   160  0.03294  0.20118  -4  162
473  766  0026  0.263  0.266  -161  -163  -0.12306  0.18918  -5  174
473  448  0027  0.277  0.238    68   160  0.03294  0.20118  -4  166
473  458  0028  0.294  0.238   103   160  0.03294  0.20118  -4  157
473  492  0029  0.264  0.223   104   102  0.20094  0.09318  -3  165
473  437  0030  0.261  0.238    75   160  0.03294  0.20118  -4  165
473  492  0031  0.289  0.295    49    51  0.26094  -0.09282  -6  165
473  577  0032  0.276  0.241   144   146  0.08694  0.19518  -5  167
473  457  0033  0.296  0.238   -89   160  0.03294  0.20118  -5  159
473  462  0034  0.294  0.238  -125   160  0.03294  0.20118  -5  165
473  442  0035  0.269  0.238   -43   160  0.03294  0.20118  -3  153
473  450  0036  0.279  0.238  -108   161  0.02694  0.20118  -4  164
473  453  0037  0.294  0.238  -109   161  0.02694  0.20118  -4  163
473  543  0038  0.286  0.292    52    52  0.26094  -0.08682  -7  165
473  438  0039  0.262  0.238   -51   161  0.02694  0.20118  -4  152
473  566  0040  0.294  0.322    22    21  0.17694  -0.21282  -0  161
473  546  0041  0.274  0.276   133   132  0.15894  0.20118  -5  169
473  498  0042  0.285  0.239   142   148  0.08094  0.19518  -3  167
473  449  0043  0.264  0.238    10   160  0.03294  0.20118  0  158
473  679  0044  0.262  0.241   144   146  0.08694  0.19518  -6  169
473  441  0045  0.272  0.238  -112   160  0.03294  0.20118  -4  166
473  451  0046  0.263  0.224   110   107  0.19494  0.10518  -3  166
473  577  0047  0.283  0.244   147   150  0.07494  0.20118  -5  164
473  445  0048  0.288  0.238  -116   160  0.03294  0.20118  -4  165
473  454  0049  0.276  0.238   108   160  0.03294  0.20118  -4  161
509  434  0000  0.275  0.238   -98   160  0.03294  0.20118  -4  159
509  544  0001  0.288  0.294    -5    -4  0.03894  -0.24282  -4  165
509  565  0002  0.291  0.299    -1     0  0.05694  -0.24282  -5  165
509  560  0003  0.294  0.316   -29   -29  -0.09306  -0.26082  -4  164
509  725  0004  0.273  0.254   173   170  -0.00906  0.21318  -8  173
509  774  0005  0.288  0.275  -162  -163  -0.12906  0.19518  -4  172
509  482  0006  0.278  0.290    66    64  0.27894  -0.03882  -6  167
509  685  0007  0.292  0.285  -151  -149  -0.18906  0.16518  -4  173
509  648  0008  0.294  0.266   166   165  0.01494  0.22518  -7  165
509  813  0009  0.268  0.252   168   166  0.00894  0.21318  -9  172
509  544  0010  0.288  0.291  -136  -136  -0.23706  0.12318  -7  170
509  871  0011  0.263  0.255  -173  -171  -0.08706  0.19518  -7  173
509  546  0012  0.281  0.297   -73   -74  -0.26106  -0.13482  -7  164
509  866  0013  0.260  0.245   161   160  0.03294  0.20718  -9  171
509  461  0014  0.283  0.238    38   160  0.03294  0.20118  -3  159
509  692  0015  0.285  0.260   159   159  0.03894  0.21918  -8  163
509  476  0016  0.292  0.298    69    68  0.29094  -0.02082  -5  167
509  538  0017  0.289  0.315   -15   -16  -0.02706  -0.26682  -4  165
509  844  0018  0.281  0.272  -167  -167  -0.11106  0.20118  -6  172
509  876  0019  0.268  0.267  -170  -169  -0.09906  0.20118  -6  173
509  446  0020  0.271  0.238   -53   160  0.03294  0.20118  -4  156
509  463  0021  0.285  0.301   -65   -66  -0.24306  -0.16482  -6  164
509  820  0022  0.264  0.247   155   156  0.05094  0.20718  -8  168
509  496  0023  0.277  0.290     5     3  0.07494  -0.23082  -2  163
509  557  0024  0.282  0.286    51    52  0.25494  -0.08682  -8  166
509  549  0025  0.291  0.311     6     5  0.09294  -0.24282  -3  165
509  454  0026  0.291  0.238   -86   160  0.03294  0.20118  -5  162
509  578  0027  0.275  0.283    53    53  0.25494  -0.08082  -8  166
509  540  0028  0.281  0.293     2     0  0.06294  -0.23682  -3  164
509  562  0029  0.270  0.251   138   140  0.11694  0.19518  -6  171
509  752  0030  0.281  0.268  -176  -172  -0.08706  0.20718  -7  172
509  460  0031  0.291  0.238   106   160  0.03294  0.20118  -4  158
509  500  0032  0.268  0.267   122   122  0.18894  0.17118  -6  168
509  841  0033  0.262  0.252   168   166  0.00894  0.21318  -9  172
509  459  0034  0.294  0.238   103   160  0.03294  0.20118  -4  158
509  627  0035  0.292  0.253   157   157  0.04494  0.21318  -7  162
509  448  0036  0.290  0.238  -114   160  0.03294  0.20118  -4  167
509  482  0037  0.293  0.301    47    49  0.26094  -0.10482  -6  164
509  489  0038  0.279  0.307    10    10  0.11694  -0.23082  -1  162
509  845  0039  0.277  0.269  -165  -165  -0.11706  0.19518  -5  173
509  470  0040  0.281  0.294    67    65  0.28494  -0.03282  -6  167
509  598  0041  0.291  0.294  -140  -141  -0.22506  0.14118  -6  171
509  450  0042  0.276  0.238    44   160  0.03294  0.20118  -4  162
509  455  0043  0.274  0.238    40   160  0.03294  0.20118  -3  159
509  445  0044  0.271  0.289   -37   -35  -0.11706  -0.23082  -3  157
509  459  0045  0.290  0.238    33   160  0.03294  0.20118  -1  160
509  566  0046  0.289  0.316    16    16  0.14694  -0.22482  -1  161
509  448  0047  0.284  0.238  -107   161  0.02694  0.20118  -4  165
509  489  0048  0.273  0.271   121   121  0.19494  0.17118  -6  167
509  842  0049  0.282  0.272  -167  -167  -0.11106  0.20118  -6  172
73  461  0000  0.282  0.238   -80   160  0.03294  0.20118  -3  154
73  460  0001  0.291  0.238    89   160  0.03294  0.20118  -3  154
73  460  0002  0.290  0.238  -158   160  0.03294  0.20118  -3  158
73  457  0003  0.265  0.238   -83   160  0.03294  0.20118  -4  153
73  461  0004  0.273  0.238   135   160  0.03294  0.20118  -3  156
73  457  0005  0.280  0.238   -90   160  0.03294  0.20118  -3  153
73  459  0006  0.269  0.238   -92   160  0.03294  0.20118  -3  153
73  459  0007  0.269  0.238   -48   160  0.03294  0.20118  -4  153
73  463  0008  0.276  0.238   -43   160  0.03294  0.20118  -3  153
73  462  0009  0.280  0.238   138   160  0.03294  0.20118  -3  155
73  462  0010  0.285  0.238    86   160  0.03294  0.20118  -3  155
73  459  0011  0.275  0.260  -162  -169  -0.09906  0.19518  -4  157
73  461  0012  0.260  0.238   106   160  0.03294  0.20118  -3  154
73  458  0013  0.283  0.238    68   160  0.03294  0.20118  -4  154
73  463  0014  0.290  0.238   101   160  0.03294  0.20118  -4  153
73  462  0015  0.294  0.238   104   160  0.03294  0.20118  -3  153
73  464  0016  0.263  0.238   178   161  0.02694  0.20118  -3  158
73  499  0017  0.266  0.238   167   161  0.02694  0.20118  -4  157
73  457  0018  0.263  0.238    90   160  0.03294  0.20118  -3  155
73  459  0019  0.260  0.238   -80   160  0.03294  0.20118  -4  153
73  459  0020  0.269  0.238   -97   160  0.03294  0.20118  -3  153
73  459  0021  0.293  0.238  -104   160  0.03294  0.20118  -3  154
73  487  0022  0.285  0.239   155   158  0.03894  0.20118  -4  154
73  462  0023  0.294  0.238   122   160  0.03294  0.20118  -3  154
73  459  0024  0.271  0.238    29   160  0.03294  0.20118  -3  153
73  458  0025  0.264  0.238   -46   160  0.03294  0.20118  -3  152
73  485  0026  0.273  0.260  -168  -169  -0.09906  0.19518  -4  156
73  460  0027  0.277  0.238   -59   160  0.03294  0.20118  -3  153
73  498  0028  0.261  0.239   152   157  0.04494  0.20118  -4  156
73  457  0029  0.264  0.238  -154   160  0.03294  0.20118  -3  158
73  461  0030  0.292  0.238    97   160  0.03294  0.20118  -3  154
73  463  0031  0.286  0.238  -125   160  0.03294  0.20118  -4  155
73  460  0032  0.265  0.238    40   160  0.03294  0.20118  -3  153
73  459  0033  0.283  0.238    26   160  0.03294  0.20118  -3  153
73  461  0034  0.281  0.238    52   160  0.03294  0.20118  -4  155
73  459  0035  0.283  0.238   -54   160  0.03294  0.20118  -3  153
73  462  0036  0.270  0.254  -162  -168  -0.09906  0.18918  -4  157
73  460  0037  0.278  0.238    -4   160  0.03294  0.20118  -3  154
73  460  0038  0.286  0.238    55   160  0.03294  0.20118  -4  155
73  461  0039  0.277  0.238   -40   160  0.03294  0.20118  -3  153
73  459  0040  0.268  0.238    -7   160  0.03294  0.20118  -3  154
73  463  0041  0.277  0.238    95   160  0.03294  0.20118  -3  154
73  461  0042  0.270  0.238  -143   160  0.03294  0.20118  -3  157
73  459  0043  0.291  0.238    23   160  0.03294  0.20118  -3  154
73  457  0044  0.260  0.238   -90   160  0.03294  0.20118  -3  153
73  459  0045  0.268  0.238    28   160  0.03294  0.20118  -3  153
73  461  0046  0.293  0.238   143   160  0.03294  0.20118  -3  154
73  475  0047  0.276  0.239   149   158  0.03894  0.20118  -3  155
73  500  0048  0.262  0.239   153   158  0.03894  0.20118  -4  156
73  455  0049  0.260  0.238   139   160  0.03294  0.20118  -3  157
109  459  0000  0.276  0.238   -81   160  0.03294  0.20118  -4  154
109  458  0001  0.261  0.238   -74   160  0.03294  0.20118  -3  154
109  459  0002  0.263  0.238    41   160  0.03294  0.20118  -3  153
109  458  0003  0.277  0.238  -113   160  0.03294  0.20118  -3  155
109  495  0004  0.284  0.245   166   163  0.02094  0.20718  -4  156
109  506  0005  0.280  0.260  -168  -169  -0.09906  0.19518  -4  157
109  463  0006  0.293  0.238   -44   160  0.03294  0.20118  -3  154
109  458  0007  0.278  0.238   122   160  0.03294  0.20118  -3  155
109  489  0008  0.266  0.263  -162  -167  -0.10506  0.19518  -4  159
109  462  0009  0.285  0.238  -145   160  0.03294  0.20118  -3  158
109  507  0010  0.280  0.239   156   158  0.03894  0.20118  -4  155
109  462  0011  0.286  0.238    -2   160  0.03294  0.20118  -3  155
109  484  0012  0.276  0.263  -162  -167  -0.10506  0.19518  -4  158
109  458  0013  0.268  0.238    -8   160  0.03294  0.20118  -3  154
109  460  0014  0.273  0.238    -9   160  0.03294  0.20118  -3  154
109  465  0015  0.291  0.238    64   160  0.03294  0.20118  -3  156
109  462  0016  0.291  0.238    -4   160  0.03294  0.20118  -3  155
109  461  0017  0.282  0.238   -32   160  0.03294  0.20118  -3  154
109  462  0018  0.282  0.238    40   160  0.03294  0.20118  -3  153
109  491  0019  0.273  0.255  -178  -171  -0.08706  0.19518  -4  158
109  459  0020  0.277  0.238    36   160  0.03294  0.20118  -3  152
109  460  0021  0.286  0.238    95   160  0.03294  0.20118  -4  154
109  490  0022  0.262  0.238   174   163  0.02094  0.20118  -4  159
109  460  0023  0.264  0.238    70   160  0.03294  0.20118  -3  155
109  461  0024  0.295  0.238   139   160  0.03294  0.20118  -3  155
109  472  0025  0.273  0.263  -160  -167  -0.10506  0.19518  -3  159
109  515  0026  0.274  0.257  -171  -170  -0.09306  0.19518  -4  157
109  462  0027  0.271  0.238   -41   160  0.03294  0.20118  -3  152
109  461  0028  0.287  0.238    55   160  0.03294  0.20118  -3  156
109  461  0029  0.278  0.238  -150   160  0.03294  0.20118  -3  159
109  463  0030  0.282  0.238  -122   160  0.03294  0.20118  -3  155
109  462  0031  0.278  0.238   132   160  0.03294  0.20118  -3  156
109  460  0032  0.290  0.263  -161  -167  -0.10506  0.19518  -4  158
109  470  0033  0.287  0.239   148   158  0.03894  0.20118  -3  155
109  459  0034  0.267  0.238    -4   160  0.03294  0.20118  -3  154
109  460  0035  0.271  0.238    48   160  0.03294  0.20118  -3  155
109  461  0036  0.283  0.238   -63   160  0.03294  0.20118  -3  154
109  460  0037  0.275  0.238  -119   160  0.03294  0.20118  -3  155
109  460  0038  0.266  0.238   -62   160  0.03294  0.20118  -3  154
109  536  0039  0.265  0.238   163   160  0.03294  0.20118  -4  158
109  459  0040  0.276  0.238  -117   160  0.03294  0.20118  -4  155
109  489  0041  0.260  0.238   174   163  0.02094  0.20118  -3  159
109  458  0042  0.270  0.238    -6   160  0.03294  0.20118  -3  154
109  462  0043  0.272  0.238    36   160  0.03294  0.20118  -3  152
109  514  0044  0.272  0.245   166   163  0.02094  0.20718  -4  156
109  464  0045  0.291  0.238   -37   160  0.03294  0.20118  -3  154
109  460  0046  0.294  0.238    62   160  0.03294  0.20118  -4  156
109  458  0047  0.284  0.238  -111   160  0.03294  0.20118  -3  155
109  464  0048  0.282  0.238   112   160  0.03294  0.20118  -3  153
109  455  0049  0.265  0.238   -97   160  0.03294  0.20118  -3  153
145  462  0000  0.267  0.238    14   160  0.03294  0.20118  -2  152
145  453  0001  0.265  0.238    99   160  0.03294  0.20118  -3  155
145  461  0002  0.288  0.238   -65   160  0.03294  0.20118  -4  155
145  529  0003  0.261  0.252  -178  -172  -0.08106  0.19518  -5  160
145  460  0004  0.263  0.238    53   160  0.03294  0.20118  -4  156
145  460  0005  0.271  0.238  -133   160  0.03294  0.20118  -3  157
145  458  0006  0.271  0.238    74   160  0.03294  0.20118  -4  155
145  459  0007  0.264  0.238   -82   160  0.03294  0.20118  -3  153
145  462  0008  0.267  0.238  -128   160  0.03294  0.20118  -4  156
145  460  0009  0.294  0.238  -106   160  0.03294  0.20118  -3  154
145  463  0010  0.283  0.238   -86   160  0.03294  0.20118  -4  153
145  454  0011  0.265  0.238    86   160  0.03294  0.20118  -3  156
145  460  0012  0.290  0.238    89   160  0.03294  0.20118  -4  155
145  461  0013  0.266  0.238   -70   160  0.03294  0.20118  -4  154
145  460  0014  0.267  0.238   101   160  0.03294  0.20118  -4  155
145  457  0015  0.295  0.238   100   160  0.03294  0.20118  -3  153
145  458  0016  0.284  0.238     2   160  0.03294  0.20118  -3  156
145  458  0017  0.289  0.238  -115   160  0.03294  0.20118  -4  155
145  463  0018  0.267  0.256  -157  -167  -0.10506  0.18918  -3  161
145  458  0019  0.274  0.238    31   160  0.03294  0.20118  -3  152
145  455  0020  0.269  0.238   -89   160  0.03294  0.20118  -3  152
145  523  0021  0.283  0.263  -165  -167  -0.10506  0.19518  -4  159
145  457  0022  0.280  0.238  -107   160  0.03294  0.20118  -3  155
145  459  0023  0.270  0.238    28   160  0.03294  0.20118  -2  152
145  464  0024  0.291  0.255   179  -171  -0.08706  0.19518  -4  157
145  462  0025  0.293  0.238   130   160  0.03294  0.20118  -3  156
145  459  0026  0.286  0.238   -58   160  0.03294  0.20118  -4  154
145  452  0027  0.271  0.238   138   160  0.03294  0.20118  -4  158
145  461  0028  0.289  0.238  -107   160  0.03294  0.20118  -3  155
145  458  0029  0.292  0.238    29   160  0.03294  0.20118  -2  154
145  457  0030  0.274  0.238    15   160  0.03294  0.20118  -2  153
145  464  0031  0.292  0.238   176   161  0.02694  0.20118  -3  158
145  486  0032  0.262  0.250   178  -174  -0.07506  0.19518  -4  160
145  502  0033  0.292  0.245   163   161  0.02694  0.20718  -4  155
145  460  0034  0.266  0.238    26   160  0.03294  0.20118  -2  152
145  454  0035  0.277  0.238    83   160  0.03294  0.20118  -3  156
145  467  0036  0.294  0.238   128   160  0.03294  0.20118  -3  155
145  461  0037  0.295  0.238  -125   160  0.03294  0.20118  -4  155
145  462  0038  0.286  0.238   -87   160  0.03294  0.20118  -4  153
145  464  0039  0.273  0.238   109   160  0.03294  0.20118  -3  154
145  457  0040  0.295  0.238  -158   160  0.03294  0.20118  -2  160
145  456  0041  0.275  0.238   -38   160  0.03294  0.20118  -3  152
145  461  0042  0.290  0.238    15   160  0.03294  0.20118  -2  155
145  455  0043  0.275  0.238   -14   160  0.03294  0.20118  -3  154
145  463  0044  0.295  0.238    12   160  0.03294  0.20118  -2  155
145  460  0045  0.281  0.238    54   160  0.03294  0.20118  -4  156
145  458  0046  0.275  0.238   -57   160  0.03294  0.20118  -4  153
145  460  0047  0.271  0.238   -46   160  0.03294  0.20118  -3  152
145  462  0048  0.282  0.238   -72   160  0.03294  0.20118  -3  156
145  456  0049  0.273  0.238  -115   160  0.03294  0.20118  -4  156
182  452  0000  0.262  0.238    -9   160  0.03294  0.20118  -3  153
182  453  0001  0.268  0.238    85   160  0.03294  0.20118  -3  156
182  453  0002  0.270  0.238   120   160  0.03294  0.20118  -4  156
182  460  0003  0.286  0.238  -127   160  0.03294  0.20118  -4  156
182  458  0004  0.260  0.238   -30   160  0.03294  0.20118  -3  151
182  457  0005  0.296  0.238    62   160  0.03294  0.20118  -4  158
182  458  0006  0.277  0.238    59   160  0.03294  0.20118  -4  157
182  457  0007  0.266  0.238    51   160  0.03294  0.20118  -4  156
182  590  0008  0.262  0.260  -168  -169  -0.09906  0.19518  -5  160
182  461  0009  0.288  0.238   -18   160  0.03294  0.20118  -3  155
182  449  0010  0.261  0.238    80   160  0.03294  0.20118  -3  156
182  454  0011  0.266  0.238   -56   160  0.03294  0.20118  -4  152
182  464  0012  0.284  0.238    32   160  0.03294  0.20118  -2  153
182  520  0013  0.280  0.252  -178  -172  -0.08106  0.19518  -5  159
182  460  0014  0.281  0.238    68   160  0.03294  0.20118  -3  156
182  456  0015  0.288  0.238    90   160  0.03294  0.20118  -4  156
182  451  0016  0.260  0.238   124   160  0.03294  0.20118  -3  158
182  458  0017  0.267  0.238    33   160  0.03294  0.20118  -3  152
182  462  0018  0.287  0.238   104   160  0.03294  0.20118  -3  153
182  459  0019  0.284  0.238   -33   160  0.03294  0.20118  -3  154
182  456  0020  0.279  0.238    93   160  0.03294  0.20118  -3  156
182  459  0021  0.276  0.238     6   160  0.03294  0.20118  -2  155
182  456  0022  0.262  0.238   -75   160  0.03294  0.20118  -3  154
182  552  0023  0.271  0.239   154   157  0.04494  0.20118  -4  158
182  464  0024  0.285  0.238   -40   160  0.03294  0.20118  -3  153
182  454  0025  0.269  0.238    82   160  0.03294  0.20118  -3  156
182  457  0026  0.265  0.238    69   160  0.03294  0.20118  -4  155
182  452  0027  0.270  0.238   -22   160  0.03294  0.20118  -3  153
182  455  0028  0.266  0.238   -70   160  0.03294  0.20118  -4  155
182  450  0029  0.262  0.239   -85   158  0.03894  0.20118  -3  152
182  446  0030  0.261  0.238   131   160  0.03294  0.20118  -3  159
182  529  0031  0.276  0.245   170   164  0.01494  0.20718  -5  159
182  450  0032  0.264  0.238   -14   160  0.03294  0.20118  -3  153
182  462  0033  0.294  0.238   116   160  0.03294  0.20118  -3  153
182  449  0034  0.261  0.238   -38   160  0.03294  0.20118  -3  150
182  457  0035  0.287  0.238    24   160  0.03294  0.20118  -2  155
182  459  0036  0.280  0.238  -138   160  0.03294  0.20118  -3  159
182  461  0037  0.281  0.238   -89   160  0.03294  0.20118  -4  152
182  461  0038  0.295  0.238   105   160  0.03294  0.20118  -4  152
182  460  0039  0.290  0.238    35   160  0.03294  0.20118  -3  153
182  453  0040  0.259  0.238   -49   160  0.03294  0.20118  -4  150
182  495  0041  0.290  0.245   169   163  0.02094  0.20718  -5  157
182  464  0042  0.279  0.238    33   160  0.03294  0.20118  -3  152
182  454  0043  0.284  0.238    92   160  0.03294  0.20118  -4  155
182  466  0044  0.296  0.238   174   161  0.02694  0.20118  -3  159
182  460  0045  0.293  0.238    91   160  0.03294  0.20118  -4  155
182  458  0046  0.281  0.238   -10   160  0.03294  0.20118  -3  155
182  460  0047  0.284  0.238    -3   160  0.03294  0.20118  -3  156
182  462  0048  0.272  0.238    11   160  0.03294  0.20118  -2  153
182  537  0049  0.274  0.252  -177  -172  -0.08106  0.19518  -4  160
218  449  0000  0.271  0.238  -102   160  0.03294  0.20118  -4  154
218  465  0001  0.288  0.238   -28   160  0.03294  0.20118  -3  156
218  463  0002  0.296  0.238    36   160  0.03294  0.20118  -3  154
218  451  0003  0.262  0.238    -9   160  0.03294  0.20118  -3  154
218  516  0004  0.274  0.235   147   152  0.06294  0.19518  -3  159
218  453  0005  0.273  0.238  -138   160  0.03294  0.20118  -4  161
218  450  0006  0.263  0.238   -95   160  0.03294  0.20118  -4  152
218  458  0007  0.272  0.238    40   160  0.03294  0.20118  -4  153
218  451  0008  0.262  0.238    -9   160  0.03294  0.20118  -2  153
218  464  0009  0.294  0.238  -131   160  0.03294  0.20118  -4  158
218  455  0010  0.263  0.238    30   160  0.03294  0.20118  -2  151
218  456  0011  0.288  0.238    98   160  0.03294  0.20118  -4  154
218  454  0012  0.265  0.238   -63   160  0.03294  0.20118  -4  154
218  451  0013  0.284  0.238   139   160  0.03294  0.20118  -3  159
218  457  0014  0.293  0.238  -102   160  0.03294  0.20118  -4  154
218  459  0015  0.296  0.238    83   160  0.03294  0.20118  -3  157
218  455  0016  0.260  0.238    36   160  0.03294  0.20118  -3  151
218  456  0017  0.285  0.238     1   160  0.03294  0.20118  -3  157
218  457  0018  0.269  0.238    59   160  0.03294  0.20118  -4  158
218  463  0019  0.288  0.238   -35   160  0.03294  0.20118  -3  155
218  458  0020  0.266  0.238    10   160  0.03294  0.20118  -1  153
218  536  0021  0.260  0.236   145   151  0.06894  0.19518  -4  160
218  457  0022  0.281  0.238    74   160  0.03294  0.20118  -4  157
218  460  0023  0.291  0.238    71   160  0.03294  0.20118  -3  157
218  537  0024  0.295  0.275  -164  -166  -0.11706  0.20118  -4  161
218  453  0025  0.278  0.238   -86   160  0.03294  0.20118  -4  153
218  448  0026  0.271  0.238  -101   160  0.03294  0.20118  -4  154
218  460  0027  0.296  0.238    72   160  0.03294  0.20118  -3  157
218  450  0028  0.271  0.238   -21   160  0.03294  0.20118  -3  153
218  457  0029  0.262  0.238   111   160  0.03294  0.20118  -4  157
218  449  0030  0.263  0.238   -22   160  0.03294  0.20118  -3  152
218  451  0031  0.276  0.238   137   160  0.03294  0.20118  -3  160
218  449  0032  0.264  0.238   -23   160  0.03294  0.20118  -3  151
218  451  0033  0.272  0.238    77   160  0.03294  0.20118  -4  156
218  455  0034  0.292  0.238  -101   160  0.03294  0.20118  -4  154
218  464  0035  0.295  0.233   146   155  0.05094  0.19518  -3  155
218  454  0036  0.272  0.238    82   160  0.03294  0.20118  -4  157
218  512  0037  0.273  0.250   178  -174  -0.07506  0.19518  -4  162
218  450  0038  0.261  0.238  -109   160  0.03294  0.20118  -3  157
218  454  0039  0.274  0.238   -87   160  0.03294  0.20118  -4  153
218  458  0040  0.294  0.238   -96   160  0.03294  0.20118  -4  153
218  601  0041  0.273  0.263  -166  -167  -0.10506  0.19518  -4  161
218  459  0042  0.260  0.238    59   160  0.03294  0.20118  -4  158
218  453  0043  0.265  0.238   -60   160  0.03294  0.20118  -4  153
218  448  0044  0.263  0.238   -25   160  0.03294  0.20118  -3  151
218  458  0045  0.278  0.238    29   160  0.03294  0.20118  -2  153
218  517  0046  0.270  0.250   178  -174  -0.07506  0.19518  -4  163
218  457  0047  0.273  0.238     7   160  0.03294  0.20118  -2  154
218  461  0048  0.293  0.238    73   160  0.03294  0.20118  -3  157
218  454  0049  0.275  0.238   -94   160  0.03294  0.20118  -4  152
255  460  0000  0.284  0.238    32   160  0.03294  0.20118  -2  153
255  457  0001  0.284  0.238   -71   160  0.03294  0.20118  -4  158
255  469  0002  0.274  0.275  -148  -147  -0.18906  0.15318  -3  165
255  649  0003  0.263  0.245   164   163  0.02094  0.20718  -6  161
255  510  0004  0.291  0.272  -159  -164  -0.12306  0.19518  -3  164
255  457  0005  0.281  0.238   -23   160  0.03294  0.20118  -3  156
255  448  0006  0.265  0.238   -45   160  0.03294  0.20118  -3  150
255  451  0007  0.261  0.238    71   160  0.03294  0.20118  -4  157
255  618  0008  0.278  0.267  -172  -169  -0.09906  0.20118  -4  162
255  470  0009  0.283  0.276  -150  -149  -0.18306  0.15918  -3  165
255  461  0010  0.285  0.238   -66   160  0.03294  0.20118  -4  157
255  562  0011  0.286  0.245   160   160  0.03294  0.20718  -5  157
255  455  0012  0.291  0.238   -97   160  0.03294  0.20118  -4  153
255  449  0013  0.274  0.238   -77   160  0.03294  0.20118  -4  156
255  446  0014  0.276  0.238   -93   160  0.03294  0.20118  -4  152
255  566  0015  0.284  0.252   166   164  0.01494  0.21318  -6  159
255  451  0016  0.279  0.238    79   160  0.03294  0.20118  -3  158
255  448  0017  0.263  0.238  -104   160  0.03294  0.20118  -3  156
255  456  0018  0.277  0.238   -61   160  0.03294  0.20118  -4  155
255  453  0019  0.278  0.238    20   160  0.03294  0.20118  -1  154
255  456  0020  0.283  0.238    62   160  0.03294  0.20118  -4  159
255  456  0021  0.275  0.238   -57   160  0.03294  0.20118  -4  153
255  465  0022  0.290  0.238   -16   160  0.03294  0.20118  -3  157
255  607  0023  0.278  0.266  -164  -166  -0.11106  0.19518  -4  163
255  450  0024  0.263  0.238   -39   160  0.03294  0.20118  -3  150
255  573  0025  0.294  0.275  -165  -166  -0.11706  0.20118  -4  161
255  451  0026  0.267  0.238   126   160  0.03294  0.20118  -3  160
255  461  0027  0.275  0.238  -146   160  0.03294  0.20118  -2  166
255  452  0028  0.280  0.238   -88   160  0.03294  0.20118  -4  153
255  459  0029  0.264  0.238    56   160  0.03294  0.20118  -5  159
255  460  0030  0.280  0.238   114   160  0.03294  0.20118  -3  155
255  445  0031  0.272  0.238   -86   160  0.03294  0.20118  -4  153
255  455  0032  0.277  0.238  -141   160  0.03294  0.20118  -3  164
255  455  0033  0.280  0.238    22   160  0.03294  0.20118  -1  154
255  613  0034  0.268  0.239   155   157  0.04494  0.20118  -5  160
255  459  0035  0.285  0.238   -41   160  0.03294  0.20118  -3  154
255  455  0036  0.271  0.238   128   160  0.03294  0.20118  -3  161
255  452  0037  0.268  0.238   -79   160  0.03294  0.20118  -4  155
255  456  0038  0.264  0.238     7   160  0.03294  0.20118  -1  154
255  452  0039  0.275  0.238   -50   160  0.03294  0.20118  -4  152
255  622  0040  0.270  0.245   165   163  0.02094  0.20718  -6  161
255  458  0041  0.272  0.238   109   160  0.03294  0.20118  -4  155
255  456  0042  0.268  0.238   112   160  0.03294  0.20118  -4  156
255  465  0043  0.296  0.238  -127   160  0.03294  0.20118  -4  158
255  454  0044  0.281  0.238    95   160  0.03294  0.20118  -4  156
255  450  0045  0.287  0.238  -102   160  0.03294  0.20118  -4  154
255  443  0046  0.264  0.238  -101   160  0.03294  0.20118  -4  155
255  460  0047  0.289  0.238    59   160  0.03294  0.20118  -4  160
255  474  0048  0.275  0.276  -149  -149  -0.18306  0.15918  -3  165
255  477  0049  0.292  0.234   147   154  0.05694  0.19518  -3  157
291  583  0000  0.266  0.246   174   168  -0.00306  0.20718  -5  166
291  444  0001  0.265  0.238   -18   160  0.03294  0.20118  -3  153
291  453  0002  0.267  0.238   103   160  0.03294  0.20118  -4  157
291  673  0003  0.263  0.245   159   160  0.03294  0.20718  -6  162
291  453  0004  0.270  0.238   -54   160  0.03294  0.20118  -4  152
291  559  0005  0.287  0.252   168   164  0.01494  0.21318  -6  160
291  457  0006  0.286  0.238    58   160  0.03294  0.20118  -4  161
291  455  0007  0.278  0.238   -79   160  0.03294  0.20118  -4  157
291  451  0008  0.265  0.238   114   160  0.03294  0.20118  -4  158
291  458  0009  0.281  0.238   126   160  0.03294  0.20118  -3  160
291  626  0010  0.287  0.267  -171  -169  -0.09906  0.20118  -5  162
291  443  0011  0.266  0.238   -16   160  0.03294  0.20118  -3  154
291  461  0012  0.273  0.238    36   160  0.03294  0.20118  -3  153
291  560  0013  0.269  0.246   175   168  -0.00306  0.20718  -5  166
291  456  0014  0.274  0.238  -123   160  0.03294  0.20118  -4  159
291  582  0015  0.276  0.266  -160  -163  -0.12306  0.18918  -4  166
291  617  0016  0.278  0.252   165   163  0.02094  0.21318  -6  160
291  643  0017  0.267  0.245   168   164  0.01494  0.20718  -6  163
291  455  0018  0.269  0.238     3   160  0.03294  0.20118  -1  156
291  512  0019  0.268  0.271  -150  -150  -0.17706  0.15918  -3  167
291  446  0020  0.273  0.238    97   160  0.03294  0.20118  -4  158
291  686  0021  0.262  0.263  -167  -167  -0.10506  0.19518  -5  164
291  457  0022  0.260  0.238    36   160  0.03294  0.20118  -3  152
291  458  0023  0.273  0.238    56   160  0.03294  0.20118  -4  161
291  453  0024  0.269  0.238   -74   160  0.03294  0.20118  -4  157
291  458  0025  0.287  0.238    24   160  0.03294  0.20118  -1  156
291  462  0026  0.292  0.238  -128   160  0.03294  0.20118  -4  159
291  449  0027  0.269  0.238   133   160  0.03294  0.20118  -3  164
291  454  0028  0.284  0.238    91   160  0.03294  0.20118  -4  158
291  464  0029  0.294  0.238  -133   160  0.03294  0.20118  -4  161
291  452  0030  0.262  0.238   -70   160  0.03294  0.20118  -4  156
291  460  0031  0.284  0.238   -67   160  0.03294  0.20118  -4  158
291  458  0032  0.281  0.238   119   160  0.03294  0.20118  -3  157
291  457  0033  0.288  0.238    13   160  0.03294  0.20118  -2  157
291  457  0034  0.295  0.238    12   160  0.03294  0.20118  -2  158
291  446  0035  0.263  0.238    80   160  0.03294  0.20118  -3  159
291  450  0036  0.260  0.238  -127   160  0.03294  0.20118  -5  161
291  461  0037  0.285  0.238   -23   160  0.03294  0.20118  -3  157
291  456  0038  0.281  0.238    17   160  0.03294  0.20118  -0  156
291  452  0039  0.286  0.238    95   160  0.03294  0.20118  -4  157
291  459  0040  0.270  0.275  -143  -145  -0.19506  0.14718  -4  166
291  458  0041  0.295  0.238    66   160  0.03294  0.20118  -3  160
291  453  0042  0.289  0.238    83   160  0.03294  0.20118  -4  159
291  447  0043  0.259  0.238  -101   160  0.03294  0.20118  -4  155
291  456  0044  0.286  0.238   -77   160  0.03294  0.20118  -4  158
291  456  0045  0.293  0.238    24   160  0.03294  0.20118  -1  157
291  463  0046  0.291  0.238   -22   160  0.03294  0.20118  -4  158
291  460  0047  0.290  0.238    56   160  0.03294  0.20118  -4  162
291  457  0048  0.273  0.238    64   160  0.03294  0.20118  -4  159
291  453  0049  0.274  0.238   119   160  0.03294  0.20118  -4  159
327  449  0000  0.275  0.238    72   160  0.03294  0.20118  -3  160
327  453  0001  0.293  0.238    80   160  0.03294  0.20118  -4  160
327  447  0002  0.262  0.238    -4   160  0.03294  0.20118  -2  156
327  462  0003  0.293  0.238    73   160  0.03294  0.20118  -3  160
327  449  0004  0.264  0.238    44   160  0.03294  0.20118  -4  156
327  453  0005  0.266  0.238    25   160  0.03294  0.20118  -0  153
327  570  0006  0.288  0.246   156   157  0.04494  0.20718  -6  157
327  458  0007  0.287  0.238    19   160  0.03294  0.20118  -1  157
327  566  0008  0.269  0.238   145   149  0.07494  0.19518  -4  163
327  445  0009  0.260  0.238   -50   160  0.03294  0.20118  -4  150
327  457  0010  0.271  0.238    69   160  0.03294  0.20118  -3  159
327  578  0011  0.290  0.252   163   162  0.02694  0.21318  -6  158
327  456  0012  0.285  0.238   -75   160  0.03294  0.20118  -4  160
327  463  0013  0.295  0.238  -126   160  0.03294  0.20118  -4  160
327  455  0014  0.275  0.238    23   160  0.03294  0.20118  -0  154
327  459  0015  0.286  0.238  -131   160  0.03294  0.20118  -4  162
327  460  0016  0.287  0.238   -74   160  0.03294  0.20118  -4  161
327  558  0017  0.271  0.238   145   149  0.07494  0.19518  -4  162
327  447  0018  0.271  0.238    95   160  0.03294  0.20118  -4  159
327  456  0019  0.265  0.238    53   160  0.03294  0.20118  -5  161
327  453  0020  0.268  0.238    68   160  0.03294  0.20118  -4  160
327  582  0021  0.288  0.261  -177  -172  -0.08706  0.20118  -5  163
327  448  0022  0.264  0.238  -127   160  0.03294  0.20118  -5  162
327  601  0023  0.295  0.267  -172  -169  -0.09906  0.20118  -5  162
327  591  0024  0.276  0.241   151   154  0.05694  0.20118  -5  160
327  455  0025  0.280  0.238     0   160  0.03294  0.20118  -2  159
327  453  0026  0.278  0.238  -138   160  0.03294  0.20118  -3  166
327  615  0027  0.264  0.247   174   170  -0.00906  0.20718  -6  167
327  510  0028  0.290  0.282  -154  -152  -0.17706  0.17118  -3  167
327  458  0029  0.290  0.238    44   160  0.03294  0.20118  -4  157
327  447  0030  0.275  0.238   -86   160  0.03294  0.20118  -4  154
327  459  0031  0.292  0.238   102   160  0.03294  0.20118  -4  154
327  458  0032  0.272  0.238    59   160  0.03294  0.20118  -4  162
327  458  0033  0.284  0.238   -15   160  0.03294  0.20118  -3  159
327  444  0034  0.264  0.238    73   161  0.02694  0.20118  -4  159
327  455  0035  0.286  0.238   -76   160  0.03294  0.20118  -4  160
327  450  0036  0.266  0.238   -62   160  0.03294  0.20118  -4  155
327  728  0037  0.261  0.260  -169  -169  -0.09906  0.19518  -5  166
327  454  0038  0.270  0.238   115   160  0.03294  0.20118  -4  159
327  535  0039  0.277  0.274  -154  -154  -0.16506  0.17118  -3  169
327  467  0040  0.293  0.238   -14   160  0.03294  0.20118  -3  160
327  441  0041  0.263  0.238   -18   160  0.03294  0.20118  -3  153
327  487  0042  0.283  0.284  -143  -144  -0.20706  0.14718  -4  166
327  452  0043  0.260  0.238    38   160  0.03294  0.20118  -3  152
327  464  0044  0.288  0.238   125   160  0.03294  0.20118  -3  160
327  442  0045  0.268  0.238   -18   160  0.03294  0.20118  -3  154
327  627  0046  0.269  0.250  -179  -174  -0.07506  0.19518  -5  166
327  534  0047  0.266  0.270  -147  -148  -0.18306  0.15318  -4  168
327  454  0048  0.273  0.238    16   160  0.03294  0.20118  -0  155
327  454  0049  0.285  0.238    73   160  0.03294  0.20118  -3  160
364  505  0000  0.285  0.284  -142  -144  -0.20706  0.14718  -5  167
364  450  0001  0.270  0.238   120   160  0.03294  0.20118  -4  162
364  557  0002  0.285  0.241   150   154  0.05694  0.20118  -4  160
364  458  0003  0.296  0.238   -81   160  0.03294  0.20118  -4  161
364  711  0004  0.278  0.269  -165  -165  -0.11706  0.19518  -4  167
364  452  0005  0.267  0.238     1   160  0.03294  0.20118  -1  159
364  458  0006  0.292  0.238   -56   160  0.03294  0.20118  -3  157
364  651  0007  0.263  0.266  -160  -163  -0.12306  0.18918  -4  169
364  438  0008  0.264  0.238   -13   160  0.03294  0.20118  -2  155
364  455  0009  0.281  0.238    70   160  0.03294  0.20118  -3  161
364  444  0010  0.264  0.238    74   160  0.03294  0.20118  -4  160
364  449  0011  0.279  0.238   -51   160  0.03294  0.20118  -4  154
364  443  0012  0.275  0.238   -93   160  0.03294  0.20118  -4  153
364  452  0013  0.286  0.238    84   160  0.03294  0.20118  -4  161
364  444  0014  0.275  0.238   -88   160  0.03294  0.20118  -4  154
364  459  0015  0.290  0.232    30   156  0.04494  0.19518  -1  156
364  604  0016  0.274  0.242   149   153  0.06294  0.20118  -5  162
364  540  0017  0.293  0.289  -145  -145  -0.20706  0.15318  -4  167
364  458  0018  0.286  0.238    46   160  0.03294  0.20118  -4  159
364  453  0019  0.284  0.238    99   160  0.03294  0.20118  -4  157
364  452  0020  0.284  0.238    80   160  0.03294  0.20118  -4  162
364  448  0021  0.283  0.238  -100   160  0.03294  0.20118  -4  156
364  714  0022  0.260  0.240   154   155  0.05094  0.20118  -6  165
364  709  0023  0.264  0.252   168   166  0.00894  0.21318  -7  165
364  452  0024  0.260  0.238    21   160  0.03294  0.20118  0  152
364  457  0025  0.289  0.238    39   160  0.03294  0.20118  -3  156
364  681  0026  0.269  0.259  -177  -173  -0.08106  0.20118  -6  167
364  456  0027  0.280  0.238  -126   160  0.03294  0.20118  -5  162
364  550  0028  0.290  0.289  -146  -147  -0.20106  0.15918  -4  168
364  452  0029  0.278  0.238   -77   160  0.03294  0.20118  -4  160
364  576  0030  0.260  0.268  -154  -153  -0.16506  0.16518  -3  170
364  454  0031  0.276  0.238   -37   160  0.03294  0.20118  -3  155
364  528  0032  0.284  0.236   147   151  0.06894  0.19518  -3  161
364  456  0033  0.278  0.238   -67   160  0.03294  0.20118  -4  160
364  441  0034  0.269  0.238   -84   160  0.03294  0.20118  -4  155
364  451  0035  0.264  0.238    59   160  0.03294  0.20118  -5  163
364  448  0036  0.262  0.238   -73   160  0.03294  0.20118  -4  158
364  600  0037  0.289  0.252   160   160  0.03294  0.21318  -7  159
364  460  0038  0.287  0.238   -66   160  0.03294  0.20118  -4  160
364  533  0039  0.283  0.254   178  -175  -0.06906  0.20118  -4  168
364  465  0040  0.261  0.226   100   100  0.20694  0.08718  -2  163
364  458  0041  0.282  0.238    59   160  0.03294  0.20118  -4  164
364  465  0042  0.290  0.238   112   160  0.03294  0.20118  -3  155
364  450  0043  0.262  0.238     4   160  0.03294  0.20118  -1  157
364  444  0044  0.281  0.238   -94   160  0.03294  0.20118  -4  153
364  445  0045  0.266  0.238   -29   160  0.03294  0.20118  -2  153
364  446  0046  0.266  0.238    91   160  0.03294  0.20118  -3  162
364  449  0047  0.276  0.238  -109   161  0.02694  0.20118  -4  160
364  458  0048  0.287  0.238    10   160  0.03294  0.20118  -1  159
364  454  0049  0.274  0.238    58   160  0.03294  0.20118  -5  164
400  464  0000  0.288  0.238   135   160  0.03294  0.20118  -2  166
400  468  0001  0.288  0.238   142   149  0.07494  0.19518  -3  164
400  633  0002  0.264  0.239   145   148  0.08094  0.19518  -5  166
400  447  0003  0.283  0.238    80   160  0.03294  0.20118  -3  163
400  464  0004  0.291  0.238   108   160  0.03294  0.20118  -4  155
400  481  0005  0.295  0.250   177  -174  -0.07506  0.19518  -4  167
400  442  0006  0.275  0.238   -16   160  0.03294  0.20118  -3  158
400  573  0007  0.289  0.260   172   168  -0.00306  0.21918  -6  165
400  471  0008  0.290  0.320    12    12  0.12894  -0.23682  -1  161
400  443  0009  0.266  0.238   -48   160  0.03294  0.20118  -4  151
400  463  0010  0.295  0.238    34   160  0.03294  0.20118  -2  157
400  453  0011  0.277  0.238   119   160  0.03294  0.20118  -4  162
400  440  0012  0.279  0.238   -97   160  0.03294  0.20118  -4  155
400  448  0013  0.263  0.238   -63   160  0.03294  0.20118  -4  157
400  647  0014  0.285  0.252   160   160  0.03294  0.21318  -7  161
400  444  0015  0.269  0.238    -8   160  0.03294  0.20118  -2  159
400  463  0016  0.291  0.238   116   160  0.03294  0.20118  -3  157
400  466  0017  0.293  0.238   114   160  0.03294  0.20118  -3  156
400  704  0018  0.289  0.269  -170  -168  -0.10506  0.20118  -5  166
400  728  0019  0.274  0.269  -163  -165  -0.11706  0.19518  -4  169
400  454  0020  0.280  0.238   -38   160  0.03294  0.20118  -2  157
400  456  0021  0.280  0.238    40   160  0.03294  0.20118  -3  156
400  456  0022  0.291  0.238   -59   160  0.03294  0.20118  -3  159
400  511  0023  0.296  0.323    15    15  0.14694  -0.23082  -0  161
400  561  0024  0.276  0.239   145   148  0.08094  0.19518  -4  164
400  446  0025  0.268  0.238   -35   160  0.03294  0.20118  -2  154
400  437  0026  0.261  0.238   -26   160  0.03294  0.20118  -2  152
400  454  0027  0.289  0.238     5   160  0.03294  0.20118  -1  163
400  454  0028  0.270  0.238    40   160  0.03294  0.20118  -3  155
400  702  0029  0.285  0.272  -163  -164  -0.12306  0.19518  -5  168
400  451  0030  0.274  0.238  -110   160  0.03294  0.20118  -4  162
400  607  0031  0.289  0.252   159   160  0.03294  0.21318  -7  159
400  454  0032  0.283  0.238    69   160  0.03294  0.20118  -3  163
400  568  0033  0.286  0.241   151   154  0.05694  0.20118  -4  161
400  456  0034  0.285  0.238     9   160  0.03294  0.20118  -1  161
400  716  0035  0.270  0.246   157   157  0.04494  0.20718  -7  163
400  462  0036  0.293  0.238   129   160  0.03294  0.20118  -2  164
400  485  0037  0.276  0.289    54    54  0.26094  -0.08082  -6  164
400  461  0038  0.276  0.286    61    58  0.26694  -0.06282  -5  164
400  443  0039  0.276  0.238    91   160  0.03294  0.20118  -4  162
400  450  0040  0.269  0.238     2   160  0.03294  0.20118  -1  160
400  460  0041  0.271  0.238    34   160  0.03294  0.20118  -2  154
400  455  0042  0.277  0.238  -123   160  0.03294  0.20118  -5  163
400  499  0043  0.291  0.250   177  -174  -0.07506  0.19518  -4  169
400  452  0044  0.283  0.238    21   160  0.03294  0.20118  0  158
400  447  0045  0.264  0.238  -125   160  0.03294  0.20118  -5  165
400  665  0046  0.282  0.252   161   162  0.02694  0.21318  -8  161
400  731  0047  0.271  0.252   163   163  0.02094  0.21318  -8  165
400  460  0048  0.293  0.238   -50   160  0.03294  0.20118  -3  157
400  479  0049  0.291  0.297    52    53  0.26694  -0.08682  -6  164
436  442  0000  0.269  0.238   -80   160  0.03294  0.20118  -4  160
436  484  0001  0.280  0.234   139   146  0.08694  0.18918  -2  168
436  648  0002  0.284  0.260   170   167  0.00294  0.21918  -7  166
436  518  0003  0.291  0.318    21    21  0.17094  -0.21282  -1  160
436  472  0004  0.276  0.288    -4    -2  0.04494  -0.23682  -3  162
436  435  0005  0.262  0.238   -92   160  0.03294  0.20118  -4  154
436  448  0006  0.278  0.238  -117   160  0.03294  0.20118  -4  164
436  760  0007  0.270  0.252   166   164  0.01494  0.21318  -8  167
436  729  0008  0.260  0.247   173   170  -0.00906  0.20718  -7  172
436  458  0009  0.282  0.297     4     2  0.07494  -0.23682  -2  162
436  463  0010  0.288  0.293  -134  -134  -0.24306  0.11718  -5  168
436  501  0011  0.284  0.282   134   133  0.15894  0.20718  -4  167
436  644  0012  0.263  0.266  -149  -149  -0.17706  0.15318  -4  171
436  631  0013  0.286  0.259  -178  -173  -0.08106  0.20118  -6  168
436  636  0014  0.272  0.244   147   150  0.07494  0.20118  -5  165
436  455  0015  0.273  0.238   110   160  0.03294  0.20118  -4  161
436  459  0016  0.281  0.238    31   160  0.03294  0.20118  -1  156
436  454  0017  0.291  0.238    88   160  0.03294  0.20118  -4  163
436  781  0018  0.266  0.252   162   162  0.02694  0.21318  -8  166
436  809  0019  0.267  0.257  -171  -170  -0.09306  0.19518  -6  170
436  454  0020  0.279  0.238     5   160  0.03294  0.20118  -1  162
436  460  0021  0.295  0.238   -46   160  0.03294  0.20118  -3  159
436  496  0022  0.286  0.288   131   131  0.17094  0.20718  -4  166
436  494  0023  0.283  0.296    62    60  0.27894  -0.05682  -6  165
436  442  0024  0.272  0.238    81   160  0.03294  0.20118  -3  165
436  451  0025  0.284  0.238    87   160  0.03294  0.20118  -4  164
436  480  0026  0.283  0.281   127   128  0.17694  0.19518  -4  166
436  457  0027  0.275  0.238    38   160  0.03294  0.20118  -3  156
436  619  0028  0.293  0.289  -147  -147  -0.20106  0.15918  -4  169
436  446  0029  0.265  0.238   -73   160  0.03294  0.20118  -4  161
436  462  0030  0.293  0.295    49    51  0.26094  -0.09282  -6  164
436  496  0031  0.268  0.281    59    58  0.26094  -0.06282  -7  165
436  454  0032  0.289  0.238   -51   160  0.03294  0.20118  -3  157
436  451  0033  0.278  0.238  -122   160  0.03294  0.20118  -5  165
436  452  0034  0.274  0.238     9   160  0.03294  0.20118  -0  160
436  615  0035  0.282  0.248   152   154  0.05694  0.20718  -6  162
436  448  0036  0.274  0.238   -43   160  0.03294  0.20118  -3  155
436  642  0037  0.269  0.270  -148  -148  -0.18306  0.15318  -4  171
436  809  0038  0.266  0.266  -166  -166  -0.11106  0.19518  -5  171
436  442  0039  0.272  0.238    86   160  0.03294  0.20118  -3  165
436  442  0040  0.264  0.238    84   160  0.03294  0.20118  -3  165
436  483  0041  0.286  0.238   142   149  0.07494  0.19518  -3  165
436  503  0042  0.289  0.322    23    21  0.17694  -0.21282  0  160
436  609  0043  0.290  0.283  -155  -154  -0.17106  0.17718  -3  171
436  451  0044  0.270  0.238    14   160  0.03294  0.20118  1  157
436  612  0045  0.277  0.284  -145  -146  -0.20106  0.15318  -5  171
436  636  0046  0.286  0.260   170   167  0.00294  0.21918  -7  166
436  449  0047  0.273  0.238   120   160  0.03294  0.20118  -4  164
436  459  0048  0.268  0.283     0    -1  0.05094  -0.23082  -2  161
436  452  0049  0.294  0.238  -112   160  0.03294  0.20118  -4  163
473  572  0000  0.283  0.292    56    55  0.26694  -0.07482  -7  166
473  719  0001  0.265  0.243   149   151  0.06894  0.20118  -7  167
473  454  0002  0.276  0.238   -63   160  0.03294  0.20118  -5  162
473  647  0003  0.294  0.286  -152  -151  -0.18306  0.17118  -3  172
473  462  0004  0.272  0.293   -80   -78  -0.26706  -0.11682  -5  161
473  442  0005  0.264  0.282    75    75  0.27894  0.00918  -5  165
473  442  0006  0.281  0.238   -92   160  0.03294  0.20118  -4  156
473  650  0007  0.287  0.267   170   167  0.00294  0.22518  -7  167
473  439  0008  0.261  0.238    88   160  0.03294  0.20118  -3  167
473  441  0009  0.265  0.238   -49   160  0.03294  0.20118  -3  153
473  548  0010  0.295  0.318    26    25  0.18894  -0.20082  -1  160
473  462  0011  0.281  0.238    39   160  0.03294  0.20118  -3  158
473  698  0012  0.275  0.270  -158  -159  -0.14106  0.18318  -3  174
473  548  0013  0.278  0.289    53    54  0.26094  -0.08082  -7  165
473  446  0014  0.274  0.291   -82   -79  -0.26706  -0.11082  -5  161
473  774  0015  0.288  0.275  -165  -166  -0.11706  0.20118  -5  169
473  567  0016  0.282  0.292    56    55  0.26694  -0.07482  -7  165
473  726  0017  0.273  0.253   171   168  -0.00306  0.21318  -7  170
473  449  0018  0.262  0.238    32   160  0.03294  0.20118  -2  154
473  463  0019  0.294  0.238   123   160  0.03294  0.20118  -2  164
473  448  0020  0.281  0.238  -110   161  0.02694  0.20118  -4  165
473  498  0021  0.269  0.283    -1    -1  0.05094  -0.23082  -3  161
473  448  0022  0.270  0.238    20   160  0.03294  0.20118  2  157
473  532  0023  0.290  0.299    -1     0  0.05694  -0.24282  -5  164
473  773  0024  0.270  0.253   158   159  0.03894  0.21318  -8  165
473  515  0025  0.295  0.242   149   153  0.06294  0.20118  -3  161
473  448  0026  0.281  0.238   101   160  0.03294  0.20118  -4  161
473  673  0027  0.261  0.264  -155  -154  -0.15906  0.16518  -4  175
473  519  0028  0.286  0.320    17    17  0.15294  -0.22482  -0  160
473  444  0029  0.263  0.238    10   160  0.03294  0.20118  0  158
473  435  0030  0.268  0.238   -90   160  0.03294  0.20118  -4  156
473  650  0031  0.286  0.260   171   168  -0.00306  0.21918  -7  168
473  556  0032  0.278  0.289    54    54  0.26094  -0.08082  -7  165
473  574  0033  0.295  0.316   -22   -21  -0.05106  -0.26682  -5  163
473  485  0034  0.281  0.317    18    18  0.15894  -0.21882  0  160
473  493  0035  0.284  0.311   -25   -24  -0.06906  -0.26082  -4  161
473  451  0036  0.282  0.238    45   160  0.03294  0.20118  -4  162
473  450  0037  0.262  0.238    27   160  0.03294  0.20118  0  154
473  728  0038  0.279  0.273  -160  -161  -0.13506  0.18918  -4  173
473  685  0039  0.267  0.271  -151  -150  -0.17706  0.15918  -4  173
473  493  0040  0.283  0.289  -134  -133  -0.24306  0.11118  -6  169
473  837  0041  0.260  0.245   161   160  0.03294  0.20718  -8  170
473  481  0042  0.288  0.284   125   127  0.18294  0.19518  -4  165
473  446  0043  0.291  0.238  -113   160  0.03294  0.20118  -4  165
473  449  0044  0.270  0.238  -124   160  0.03294  0.20118  -5  167
473  441  0045  0.271  0.238  -112   160  0.03294  0.20118  -4  167
473  588  0046  0.275  0.241   144   146  0.08694  0.19518  -5  167
473  445  0047  0.277  0.238   100   160  0.03294  0.20118  -4  162
473  464  0048  0.295  0.238   121   160  0.03294  0.20118  -2  162
473  618  0049  0.262  0.238   140   143  0.09894  0.18918  -5  171
509  743  0000  0.277  0.260   170   167  0.00294  0.21918  -8  171
509  462  0001  0.268  0.267  -121  -121  -0.24906  0.05718  -7  168
509  488  0002  0.268  0.288   -79   -77  -0.26106  -0.11682  -5  161
509  813  0003  0.270  0.252   160   160  0.03294  0.21318  -9  168
509  447  0004  0.273  0.277    86    84  0.27294  0.04518  -5  168
509  485  0005  0.292  0.286   140   138  0.14094  0.21918  -3  168
509  692  0006  0.284  0.279  -155  -155  -0.16506  0.17718  -4  175
509  679  0007  0.282  0.284  -145  -146  -0.20106  0.15318  -5  173
509  638  0008  0.292  0.260   159   159  0.03894  0.21918  -8  162
509  468  0009  0.279  0.280  -124  -125  -0.25506  0.07518  -7  168
509  470  0010  0.275  0.313    17    17  0.15294  -0.21882  1  159
509  598  0011  0.294  0.316   -22   -21  -0.05106  -0.26682  -6  164
509  522  0012  0.272  0.278  -135  -134  -0.23106  0.11118  -7  171
509  438  0013  0.275  0.238   -89   160  0.03294  0.20118  -4  158
509  665  0014  0.278  0.250   150   152  0.06894  0.20718  -7  165
509  450  0015  0.277  0.238   -49   160  0.03294  0.20118  -3  156
509  461  0016  0.290  0.305   -63   -63  -0.23706  -0.17682  -5  164
509  484  0017  0.280  0.276   122   122  0.19494  0.17718  -5  166
509  746  0018  0.282  0.259   164   163  0.02094  0.21918  -8  167
509  547  0019  0.274  0.281  -137  -137  -0.22506  0.12318  -7  172
509  436  0020  0.261  0.238   -53   161  0.02694  0.20118  -4  154
509  554  0021  0.289  0.296  -137  -137  -0.23706  0.12918  -6  170
509  753  0022  0.281  0.259   164   163  0.02094  0.21918  -8  167
509  527  0023  0.282  0.309   -21   -21  -0.05106  -0.26082  -5  161
509  513  0024  0.264  0.276     0    -1  0.05094  -0.22482  -2  161
509  652  0025  0.293  0.267   167   166  0.00894  0.22518  -7  166
509  441  0026  0.264  0.238   -38   160  0.03294  0.20118  -2  154
509  493  0027  0.259  0.262   121   121  0.18894  0.16518  -6  169
509  446  0028  0.275  0.238    98   160  0.03294  0.20118  -4  165
509  445  0029  0.265  0.238   -64   160  0.03294  0.20118  -5  162
509  514  0030  0.266  0.280    50    51  0.24894  -0.08682  -8  165
509  516  0031  0.284  0.287  -130  -130  -0.24906  0.09918  -7  168
509  676  0032  0.292  0.289  -145  -145  -0.20706  0.15318  -5  172
509  466  0033  0.273  0.294   -34   -34  -0.11106  -0.23682  -3  158
509  443  0034  0.274  0.238  -105   161  0.02694  0.20118  -4  164
509  455  0035  0.283  0.238   -43   160  0.03294  0.20118  -2  160
509  434  0036  0.264  0.238   -11   160  0.03294  0.20118  -2  161
509  460  0037  0.282  0.238    39   160  0.03294  0.20118  -3  159
509  584  0038  0.292  0.304   -77   -76  -0.27306  -0.12882  -7  163
509  502  0039  0.260  0.263   122   123  0.18294  0.17118  -6  169
509  555  0040  0.281  0.290    -1    -1  0.05094  -0.23682  -4  164
509  488  0041  0.291  0.286   140   138  0.14094  0.21918  -3  168
509  576  0042  0.288  0.302   -74   -74  -0.26706  -0.13482  -7  164
509  433  0043  0.280  0.238   -95   160  0.03294  0.20118  -4  157
509  594  0044  0.293  0.316   -20   -20  -0.04506  -0.26682  -5  164
509  534  0045  0.271  0.281    -3    -2  0.04494  -0.23082  -3  162
509  539  0046  0.277  0.275   126   127  0.17694  0.18918  -6  167
509  530  0047  0.270  0.283     0    -1  0.05094  -0.23082  -3  162
509  454  0048  0.288  0.238  -108   161  0.02694  0.20118  -4  165
509  721  0049  0.266  0.249   178  -179  -0.05106  0.20118  -6  177
73  460  0000  0.292  0.238     1   160  0.03294  0.20118  -3  155
73  460  0001  0.290  0.238  -158   160  0.03294  0.20118  -3  157
73  464  0002  0.285  0.238   -14   160  0.03294  0.20118  -3  154
73  459  0003  0.291  0.238    27   160  0.03294  0.20118  -3  154
73  459  0004  0.287  0.239   142   158  0.03894  0.20118  -4  155
73  458  0005  0.260  0.238   -81   160  0.03294  0.20118  -3  153
73  464  0006  0.276  0.238  -179   160  0.03294  0.20118  -3  158
73  460  0007  0.291  0.238  -103   160  0.03294  0.20118  -3  154
73  460  0008  0.271  0.238   -55   160  0.03294  0.20118  -3  153
73  480  0009  0.281  0.260  -169  -169  -0.09906  0.19518  -4  156
73  490  0010  0.282  0.239   157   158  0.03894  0.20118  -4  155
73  464  0011  0.286  0.238   -13   160  0.03294  0.20118  -3  154
73  461  0012  0.278  0.238  -141   160  0.03294  0.20118  -3  157
73  460  0013  0.269  0.238   -98   160  0.03294  0.20118  -3  153
73  469  0014  0.275  0.255  -176  -171  -0.08706  0.19518  -4  157
73  465  0015  0.287  0.238   119   160  0.03294  0.20118  -3  154
73  464  0016  0.275  0.238   114   160  0.03294  0.20118  -3  154
73  464  0017  0.279  0.238    32   160  0.03294  0.20118  -3  153
73  463  0018  0.286  0.238   175   161  0.02694  0.20118  -3  156
73  461  0019  0.295  0.238    17   160  0.03294  0.20118  -3  154
73  464  0020  0.282  0.238   106   160  0.03294  0.20118  -3  153
73  461  0021  0.268  0.238  -143   160  0.03294  0.20118  -3  157
73  459  0022  0.287  0.238    82   160  0.03294  0.20118  -3  155
73  462  0023  0.269  0.238     6   160  0.03294  0.20118  -2  154
73  504  0024  0.264  0.238   166   161  0.02694  0.20118  -4  157
73  476  0025  0.281  0.238   170   161  0.02694  0.20118  -4  156
73  465  0026  0.283  0.238    48   160  0.03294  0.20118  -4  154
73  463  0027  0.293  0.238   -23   160  0.03294  0.20118  -3  155
73  464  0028  0.291  0.238    73   160  0.03294  0.20118  -3  154
73  464  0029  0.284  0.238  -126   160  0.03294  0.20118  -4  155
73  464  0030  0.284  0.238   114   160  0.03294  0.20118  -3  153
73  461  0031  0.265  0.238   -10   160  0.03294  0.20118  -3  154
73  461  0032  0.263  0.238   -69   160  0.03294  0.20118  -3  154
73  460  0033  0.262  0.238    10   160  0.03294  0.20118  -2  153
73  457  0034  0.270  0.238  -100   160  0.03294  0.20118  -3  153
73  460  0035  0.287  0.238    59   160  0.03294  0.20118  -3  155
73  463  0036  0.288  0.238  -135   160  0.03294  0.20118  -3  155
73  460  0037  0.294  0.238   -47   160  0.03294  0.20118  -3  154
73  460  0038  0.268  0.238   -77   160  0.03294  0.20118  -3  154
73  458  0039  0.260  0.238   -87   160  0.03294  0.20118  -3  153
73  460  0040  0.263  0.238    55   160  0.03294  0.20118  -3  155
73  460  0041  0.274  0.238    47   160  0.03294  0.20118  -3  154
73  460  0042  0.283  0.238   -74   160  0.03294  0.20118  -3  155
73  459  0043  0.289  0.238  -110   160  0.03294  0.20118  -3  154
73  460  0044  0.294  0.238    28   160  0.03294  0.20118  -3  154
73  462  0045  0.286  0.238   100   160  0.03294  0.20118  -4  154
73  461  0046  0.271  0.238   -69   160  0.03294  0.20118  -4  154
73  463  0047  0.289  0.238  -138   160  0.03294  0.20118  -3  156
73  463  0048  0.273  0.238   113   160  0.03294  0.20118  -3  154
73  460  0049  0.284  0.260  -163  -169  -0.09906  0.19518  -4  157
109  460  0000  0.293  0.238    -3   160  0.03294  0.20118  -3  155
109  482  0001  0.290  0.255  -176  -171  -0.08706  0.19518  -4  157
109  460  0002  0.270  0.238    90   160  0.03294  0.20118  -3  155
109  455  0003  0.271  0.238   -13   160  0.03294  0.20118  -3  153
109  461  0004  0.287  0.238    14   160  0.03294  0.20118  -2  154
109  461  0005  0.287  0.238    -6   160  0.03294  0.20118  -3  155
109  460  0006  0.260  0.238     3   160  0.03294  0.20118  -2  153
109  462  0007  0.277  0.238    44   160  0.03294  0.20118  -3  154
109  454  0008  0.260  0.238   -25   160  0.03294  0.20118  -3  152
109  461  0009  0.260  0.238    63   160  0.03294  0.20118  -4  155
109  459  0010  0.277  0.238   -80   160  0.03294  0.20118  -3  154
109  458  0011  0.282  0.238    26   160  0.03294  0.20118  -2  153
109  460  0012  0.269  0.238  -141   160  0.03294  0.20118  -3  158
109  454  0013  0.262  0.238   -13   160  0.03294  0.20118  -3  153
109  461  0014  0.280  0.238    54   160  0.03294  0.20118  -3  156
109  486  0015  0.266  0.234   146   154  0.05694  0.19518  -3  157
109  460  0016  0.266  0.238    42   160  0.03294  0.20118  -4  153
109  470  0017  0.287  0.239   148   158  0.03894  0.20118  -3  155
109  460  0018  0.264  0.238    16   160  0.03294  0.20118  -2  153
109  461  0019  0.292  0.238   -44   160  0.03294  0.20118  -3  154
109  484  0020  0.275  0.239   149   157  0.04494  0.20118  -3  156
109  457  0021  0.274  0.238    93   160  0.03294  0.20118  -3  155
109  499  0022  0.264  0.263  -163  -167  -0.10506  0.19518  -4  159
109  478  0023  0.284  0.263  -162  -167  -0.10506  0.19518  -3  158
109  458  0024  0.289  0.238    68   160  0.03294  0.20118  -3  155
109  459  0025  0.263  0.238   104   160  0.03294  0.20118  -3  155
109  468  0026  0.290  0.238   174   161  0.02694  0.20118  -3  157
109  456  0027  0.276  0.238   139   160  0.03294  0.20118  -3  156
109  458  0028  0.259  0.238  -155   160  0.03294  0.20118  -3  160
109  458  0029  0.266  0.238   -46   160  0.03294  0.20118  -4  152
109  462  0030  0.294  0.238    88   160  0.03294  0.20118  -3  155
109  463  0031  0.295  0.238   -79   160  0.03294  0.20118  -3  155
109  460  0032  0.259  0.238    12   160  0.03294  0.20118  -2  152
109  458  0033  0.278  0.238    57   160  0.03294  0.20118  -3  156
109  461  0034  0.274  0.238    31   160  0.03294  0.20118  -3  152
109  467  0035  0.295  0.238  -139   160  0.03294  0.20118  -3  157
109  451  0036  0.260  0.238   -18   160  0.03294  0.20118  -3  152
109  455  0037  0.266  0.238    95   160  0.03294  0.20118  -3  155
109  468  0038  0.278  0.238   177   161  0.02694  0.20118  -3  158
109  457  0039  0.286  0.238     2   160  0.03294  0.20118  -3  155
109  461  0040  0.294  0.238  -130   160  0.03294  0.20118  -4  155
109  458  0041  0.272  0.238    88   160  0.03294  0.20118  -3  155
109  459  0042  0.282  0.238   128   160  0.03294  0.20118  -3  155
109  460  0043  0.284  0.238   -70   160  0.03294  0.20118  -4  155
109  455  0044  0.272  0.239   141   158  0.03894  0.20118  -3  157
109  497  0045  0.287  0.238   161   160  0.03294  0.20118  -3  155
109  460  0046  0.284  0.238   122   160  0.03294  0.20118  -3  155
109  463  0047  0.267  0.238    10   160  0.03294  0.20118  -2  153
109  455  0048  0.266  0.238    95   160  0.03294  0.20118  -4  155
109  459  0049  0.277  0.238    67   160  0.03294  0.20118  -3  155
145  466  0000  0.288  0.238   176   161  0.02694  0.20118  -3  159
145  538  0001  0.275  0.239   158   158  0.03894  0.20118  -4  157
145  539  0002  0.276  0.245   160   160  0.03294  0.20718  -5  156
145  452  0003  0.260  0.238   -44   160  0.03294  0.20118  -3  151
145  459  0004  0.286  0.238  -114   160  0.03294  0.20118  -4  155
145  461  0005  0.262  0.238     3   160  0.03294  0.20118  -2  153
145  460  0006  0.288  0.238    28   160  0.03294  0.20118  -2  154
145  463  0007  0.283  0.238   -15   160  0.03294  0.20118  -3  154
145  475  0008  0.295  0.239   150   157  0.04494  0.20118  -3  154
145  479  0009  0.290  0.266  -161  -166  -0.11106  0.19518  -3  159
145  463  0010  0.290  0.238  -126   160  0.03294  0.20118  -4  155
145  456  0011  0.263  0.238  -147   160  0.03294  0.20118  -2  161
145  457  0012  0.277  0.238    88   160  0.03294  0.20118  -3  155
145  461  0013  0.291  0.238    44   160  0.03294  0.20118  -3  154
145  461  0014  0.268  0.238   -70   160  0.03294  0.20118  -4  155
145  450  0015  0.269  0.238   -21   160  0.03294  0.20118  -3  153
145  459  0016  0.271  0.238  -116   160  0.03294  0.20118  -4  156
145  512  0017  0.287  0.245   160   160  0.03294  0.20718  -5  155
145  455  0018  0.265  0.238    86   160  0.03294  0.20118  -3  156
145  455  0019  0.267  0.238   -39   160  0.03294  0.20118  -3  151
145  456  0020  0.265  0.238    70   160  0.03294  0.20118  -4  155
145  460  0021  0.289  0.238  -149   160  0.03294  0.20118  -2  160
145  463  0022  0.294  0.238  -135   160  0.03294  0.20118  -4  157
145  523  0023  0.285  0.257  -172  -170  -0.09306  0.19518  -4  158
145  460  0024  0.278  0.238    69   160  0.03294  0.20118  -3  155
145  463  0025  0.285  0.238   -63   160  0.03294  0.20118  -3  155
145  453  0026  0.269  0.238   -94   160  0.03294  0.20118  -3  152
145  460  0027  0.288  0.238   108   160  0.03294  0.20118  -4  153
145  463  0028  0.296  0.238    15   160  0.03294  0.20118  -2  155
145  531  0029  0.283  0.260  -168  -169  -0.09906  0.19518  -4  158
145  456  0030  0.267  0.238   -54   160  0.03294  0.20118  -3  152
145  458  0031  0.270  0.238   -57   160  0.03294  0.20118  -3  153
145  520  0032  0.277  0.239   153   157  0.04494  0.20118  -4  156
145  460  0033  0.277  0.238  -155   160  0.03294  0.20118  -2  161
145  461  0034  0.260  0.238    20   160  0.03294  0.20118  -2  152
145  458  0035  0.270  0.238  -119   160  0.03294  0.20118  -4  156
145  460  0036  0.271  0.238    63   160  0.03294  0.20118  -4  156
145  455  0037  0.280  0.238   100   160  0.03294  0.20118  -4  154
145  459  0038  0.292  0.238  -101   160  0.03294  0.20118  -4  153
145  467  0039  0.294  0.239   148   158  0.03894  0.20118  -4  155
145  463  0040  0.296  0.238  -157   160  0.03294  0.20118  -2  160
145  459  0041  0.291  0.238     3   160  0.03294  0.20118  -3  156
145  455  0042  0.266  0.238   121   160  0.03294  0.20118  -3  156
145  459  0043  0.266  0.238  -138   160  0.03294  0.20118  -3  158
145  452  0044  0.265  0.238    96   160  0.03294  0.20118  -3  156
145  458  0045  0.264  0.238    33   160  0.03294  0.20118  -3  152
145  471  0046  0.282  0.238   176   161  0.02694  0.20118  -3  159
145  460  0047  0.267  0.238   103   160  0.03294  0.20118  -4  155
145  452  0048  0.275  0.238   -17   160  0.03294  0.20118  -3  154
145  459  0049  0.282  0.238    55   160  0.03294  0.20118  -4  157
182  452  0000  0.271  0.238   -12   160  0.03294  0.20118  -3  154
182  507  0001  0.272  0.245   174   166  0.00894  0.20718  -4  161
182  460  0002  0.286  0.238    48   160  0.03294  0.20118  -4  156
182  462  0003  0.286  0.238   -15   160  0.03294  0.20118  -3  156
182  460  0004  0.261  0.238    60   160  0.03294  0.20118  -4  156
182  459  0005  0.267  0.238   110   160  0.03294  0.20118  -3  155
182  456  0006  0.260  0.238    54   160  0.03294  0.20118  -4  157
182  507  0007  0.269  0.235   146   152  0.06294  0.19518  -3  159
182  461  0008  0.271  0.238   104   160  0.03294  0.20118  -3  154
182  458  0009  0.286  0.238   -58   160  0.03294  0.20118  -3  154
182  455  0010  0.275  0.238    91   160  0.03294  0.20118  -3  156
182  449  0011  0.259  0.238   -47   160  0.03294  0.20118  -4  150
182  464  0012  0.295  0.238   -90   160  0.03294  0.20118  -4  153
182  455  0013  0.272  0.238  -152   160  0.03294  0.20118  -2  163
182  453  0014  0.274  0.238   -92   160  0.03294  0.20118  -4  152
182  460  0015  0.283  0.238   -64   160  0.03294  0.20118  -4  155
182  461  0016  0.294  0.238   -45   160  0.03294  0.20118  -3  154
182  457  0017  0.289  0.238   -65   160  0.03294  0.20118  -4  156
182  457  0018  0.260  0.238    51   160  0.03294  0.20118  -4  156
182  457  0019  0.264  0.238    89   160  0.03294  0.20118  -3  157
182  459  0020  0.289  0.238    59   160  0.03294  0.20118  -4  158
182  457  0021  0.279  0.238   129   160  0.03294  0.20118  -3  157
182  464  0022  0.291  0.239   -92   158  0.03894  0.20118  -4  152
182  454  0023  0.290  0.238    95   160  0.03294  0.20118  -4  155
182  463  0024  0.275  0.238   104   160  0.03294  0.20118  -4  154
182  454  0025  0.261  0.238    50   160  0.03294  0.20118  -4  156
182  460  0026  0.289  0.238   -46   160  0.03294  0.20118  -3  153
182  459  0027  0.285  0.238    59   160  0.03294  0.20118  -4  158
182  578  0028  0.267  0.245   166   163  0.02094  0.20718  -5  159
182  508  0029  0.264  0.236   145   151  0.06894  0.19518  -4  159
182  445  0030  0.263  0.238   -15   160  0.03294  0.20118  -3  153
182  596  0031  0.262  0.245   160   160  0.03294  0.20718  -5  158
182  453  0032  0.289  0.238    99   160  0.03294  0.20118  -4  154
182  459  0033  0.285  0.238  -111   160  0.03294  0.20118  -4  156
182  459  0034  0.292  0.238    24   160  0.03294  0.20118  -2  155
182  450  0035  0.261  0.238   -95   160  0.03294  0.20118  -3  152
182  533  0036  0.281  0.245   167   163  0.02094  0.20718  -4  158
182  458  0037  0.277  0.238    70   160  0.03294  0.20118  -4  156
182  459  0038  0.269  0.238    40   160  0.03294  0.20118  -4  152
182  457  0039  0.277  0.238  -149   160  0.03294  0.20118  -2  163
182  462  0040  0.294  0.238   177   161  0.02694  0.20118  -3  160
182  459  0041  0.279  0.238     0   160  0.03294  0.20118  -3  156
182  486  0042  0.286  0.245   173   164  0.01494  0.20718  -4  159
182  450  0043  0.260  0.238   119   160  0.03294  0.20118  -4  157
182  464  0044  0.294  0.238   -25   160  0.03294  0.20118  -3  156
182  462  0045  0.289  0.238    11   160  0.03294  0.20118  -2  155
182  454  0046  0.267  0.238   -36   160  0.03294  0.20118  -3  151
182  457  0047  0.296  0.238  -148   160  0.03294  0.20118  -2  161
182  452  0048  0.279  0.238   -81   160  0.03294  0.20118  -3  155
182  458  0049  0.265  0.238   -78   160  0.03294  0.20118  -3  154
218  454  0000  0.263  0.238    48   160  0.03294  0.20118  -4  155
218  529  0001  0.262  0.263  -159  -165  -0.11706  0.18918  -4  163
218  459  0002  0.283  0.238   -68   160  0.03294  0.20118  -4  157
218  460  0003  0.272  0.238    56   160  0.03294  0.20118  -4  158
218  457  0004  0.279  0.238   -61   160  0.03294  0.20118  -4  154
218  460  0005  0.289  0.238  -148   160  0.03294  0.20118  -2  164
218  450  0006  0.281  0.238    87   160  0.03294  0.20118  -4  157
218  456  0007  0.272  0.238   -29   160  0.03294  0.20118  -3  153
218  453  0008  0.265  0.238   -38   160  0.03294  0.20118  -3  151
218  560  0009  0.292  0.272  -167  -167  -0.11106  0.20118  -4  160
218  460  0010  0.286  0.238  -124   160  0.03294  0.20118  -4  157
218  448  0011  0.266  0.238   134   160  0.03294  0.20118  -3  161
218  460  0012  0.276  0.238    36   160  0.03294  0.20118  -3  152
218  509  0013  0.291  0.245   168   163  0.02094  0.20718  -5  158
218  483  0014  0.292  0.245   173   164  0.01494  0.20718  -4  159
218  456  0015  0.281  0.238  -117   160  0.03294  0.20118  -4  157
218  462  0016  0.290  0.238    29   160  0.03294  0.20118  -2  154
218  449  0017  0.262  0.238   -44   160  0.03294  0.20118  -3  150
218  454  0018  0.292  0.238    80   160  0.03294  0.20118  -3  157
218  544  0019  0.281  0.245   168   164  0.01494  0.20718  -5  159
218  452  0020  0.265  0.238   -10   160  0.03294  0.20118  -2  154
218  457  0021  0.282  0.238  -137   160  0.03294  0.20118  -4  161
218  456  0022  0.260  0.238    24   160  0.03294  0.20118  -1  152
218  459  0023  0.291  0.238   -86   160  0.03294  0.20118  -4  154
218  458  0024  0.294  0.238   -73   160  0.03294  0.20118  -4  158
218  457  0025  0.276  0.238  -150   160  0.03294  0.20118  -2  165
218  465  0026  0.295  0.238    73   160  0.03294  0.20118  -3  157
218  450  0027  0.260  0.238   -55   160  0.03294  0.20118  -4  151
218  569  0028  0.286  0.266  -165  -166  -0.11106  0.19518  -4  161
218  457  0029  0.285  0.238  -150   160  0.03294  0.20118  -2  164
218  467  0030  0.295  0.238   -39   160  0.03294  0.20118  -3  155
218  463  0031  0.287  0.238   -17   160  0.03294  0.20118  -3  156
218  453  0032  0.259  0.238  -105   160  0.03294  0.20118  -3  156
218  452  0033  0.271  0.238   121   160  0.03294  0.20118  -4  157
218  457  0034  0.270  0.238   -33   160  0.03294  0.20118  -3  152
218  458  0035  0.263  0.238    55   160  0.03294  0.20118  -4  158
218  458  0036  0.290  0.238   -88   160  0.03294  0.20118  -4  154
218  454  0037  0.274  0.238  -122   160  0.03294  0.20118  -4  157
218  448  0038  0.259  0.238  -139   160  0.03294  0.20118  -3  162
218  458  0039  0.284  0.238    -6   160  0.03294  0.20118  -3  157
218  447  0040  0.260  0.238   -95   160  0.03294  0.20118  -4  152
218  459  0041  0.292  0.238    -9   160  0.03294  0.20118  -3  157
218  496  0042  0.274  0.250   177  -174  -0.07506  0.19518  -4  163
218  501  0043  0.282  0.245   174   166  0.00894  0.20718  -4  161
218  454  0044  0.280  0.238  -105   160  0.03294  0.20118  -3  155
218  478  0045  0.286  0.234   146   154  0.05694  0.19518  -3  157
218  455  0046  0.268  0.238   -59   160  0.03294  0.20118  -4  153
218  551  0047  0.265  0.246   173   167  0.00294  0.20718  -5  162
218  464  0048  0.284  0.238   122   160  0.03294  0.20118  -4  156
218  456  0049  0.288  0.238   140   160  0.03294  0.20118  -3  158
255  461  0000  0.290  0.238  -126   160  0.03294  0.20118  -4  158
255  461  0001  0.295  0.238    -7   160  0.03294  0.20118  -3  159
255  646  0002  0.264  0.255  -173  -171  -0.08706  0.19518  -5  162
255  451  0003  0.262  0.238    99   160  0.03294  0.20118  -4  158
255  460  0004  0.271  0.238    34   160  0.03294  0.20118  -2  152
255  459  0005  0.267  0.238    58   160  0.03294  0.20118  -4  159
255  448  0006  0.261  0.238  -132   160  0.03294  0.20118  -4  161
255  452  0007  0.294  0.238  -115   160  0.03294  0.20118  -4  157
255  453  0008  0.291  0.238   -99   160  0.03294  0.20118  -4  153
255  615  0009  0.261  0.259  -163  -166  -0.11106  0.18918  -4  164
255  458  0010  0.281  0.238    43   160  0.03294  0.20118  -4  155
255  451  0011  0.264  0.238  -136   160  0.03294  0.20118  -4  162
255  456  0012  0.265  0.238    19   160  0.03294  0.20118  -1  152
255  466  0013  0.278  0.275  -147  -147  -0.18906  0.15318  -3  165
255  449  0014  0.260  0.238    75   160  0.03294  0.20118  -4  157
255  451  0015  0.284  0.238  -102   160  0.03294  0.20118  -4  154
255  445  0016  0.262  0.238   -91   160  0.03294  0.20118  -3  152
255  459  0017  0.292  0.238     3   160  0.03294  0.20118  -2  158
255  628  0018  0.270  0.245   163   161  0.02694  0.20718  -6  160
255  631  0019  0.268  0.255  -174  -171  -0.08706  0.19518  -5  162
255  556  0020  0.261  0.263  -159  -165  -0.11706  0.18918  -3  165
255  453  0021  0.270  0.238   -77   160  0.03294  0.20118  -4  156
255  599  0022  0.269  0.245   169   166  0.00894  0.20718  -5  162
255  454  0023  0.278  0.238   -53   160  0.03294  0.20118  -4  153
255  459  0024  0.282  0.238    71   160  0.03294  0.20118  -4  158
255  456  0025  0.260  0.238    19   160  0.03294  0.20118  -1  152
255  455  0026  0.277  0.238    19   160  0.03294  0.20118  -1  154
255  461  0027  0.278  0.238    61   160  0.03294  0.20118  -4  159
255  463  0028  0.286  0.238  -128   160  0.03294  0.20118  -4  159
255  457  0029  0.291  0.238   -49   160  0.03294  0.20118  -4  154
255  444  0030  0.265  0.238   -51   160  0.03294  0.20118  -4  150
255  456  0031  0.278  0.238   -12   160  0.03294  0.20118  -3  156
255  571  0032  0.289  0.269  -163  -165  -0.11706  0.19518  -4  162
255  455  0033  0.274  0.238     7   160  0.03294  0.20118  -1  155
255  447  0034  0.262  0.238   -10   160  0.03294  0.20118  -3  154
255  452  0035  0.265  0.238   -28   160  0.03294  0.20118  -2  151
255  463  0036  0.291  0.238  -128   160  0.03294  0.20118  -4  158
255  454  0037  0.273  0.238   125   160  0.03294  0.20118  -4  160
255  461  0038  0.284  0.238   111   160  0.03294  0.20118  -4  154
255  633  0039  0.268  0.245   164   163  0.02094  0.20718  -6  161
255  445  0040  0.264  0.238   -14   160  0.03294  0.20118  -3  153
255  457  0041  0.266  0.232   137   147  0.08094  0.18918  -3  163
255  456  0042  0.271  0.238    12   160  0.03294  0.20118  -1  153
255  577  0043  0.265  0.246   173   167  0.00294  0.20718  -5  164
255  462  0044  0.288  0.238   109   160  0.03294  0.20118  -3  153
255  457  0045  0.291  0.238     1   160  0.03294  0.20118  -3  158
255  462  0046  0.277  0.238    33   160  0.03294  0.20118  -2  153
255  621  0047  0.274  0.257  -173  -170  -0.09306  0.19518  -5  162
255  450  0048  0.264  0.238  -116   160  0.03294  0.20118  -4  159
255  456  0049  0.287  0.238    22   160  0.03294  0.20118  -1  156
291  462  0000  0.282  0.238   130   160  0.03294  0.20118  -3  161
291  454  0001  0.281  0.238   -49   160  0.03294  0.20118  -4  153
291  454  0002  0.294  0.238  -115   160  0.03294  0.20118  -4  158
291  463  0003  0.290  0.238  -125   160  0.03294  0.20118  -4  159
291  462  0004  0.286  0.238     9   160  0.03294  0.20118  -1  157
291  447  0005  0.262  0.238   -30   160  0.03294  0.20118  -2  151
291  611  0006  0.280  0.272  -162  -164  -0.12306  0.19518  -4  165
291  452  0007  0.260  0.238    40   160  0.03294  0.20118  -3  153
291  459  0008  0.294  0.238    -4   160  0.03294  0.20118  -3  160
291  558  0009  0.280  0.253   172   167  0.00294  0.21318  -5  163
291  454  0010  0.272  0.238   -24   160  0.03294  0.20118  -3  154
291  544  0011  0.292  0.252   166   164  0.01494  0.21318  -6  159
291  446  0012  0.260  0.238    -9   160  0.03294  0.20118  -2  154
291  507  0013  0.289  0.241   149   154  0.05694  0.20118  -4  157
291  455  0014  0.280  0.238    -8   160  0.03294  0.20118  -2  158
291  497  0015  0.284  0.235   146   152  0.06294  0.19518  -3  159
291  449  0016  0.286  0.238    85   160  0.03294  0.20118  -4  159
291  556  0017  0.285  0.246   154   157  0.04494  0.20718  -5  157
291  467  0018  0.296  0.238    72   160  0.03294  0.20118  -3  159
291  449  0019  0.269  0.238   -34   160  0.03294  0.20118  -2  152
291  462  0020  0.296  0.238  -130   160  0.03294  0.20118  -4  159
291  452  0021  0.286  0.238  -106   160  0.03294  0.20118  -3  157
291  461  0022  0.287  0.238   -13   160  0.03294  0.20118  -3  158
291  686  0023  0.265  0.263  -167  -167  -0.10506  0.19518  -5  164
291  507  0024  0.275  0.276  -149  -149  -0.18306  0.15918  -3  167
291  456  0025  0.293  0.238    24   160  0.03294  0.20118  -1  157
291  561  0026  0.276  0.253   173   167  0.00294  0.21318  -5  163
291  461  0027  0.295  0.238    30   160  0.03294  0.20118  -1  155
291  449  0028  0.279  0.238    90   160  0.03294  0.20118  -4  158
291  457  0029  0.290  0.238    44   160  0.03294  0.20118  -4  156
291  448  0030  0.260  0.238    45   160  0.03294  0.20118  -4  155
291  565  0031  0.280  0.240   152   155  0.05094  0.20118  -4  158
291  455  0032  0.276  0.238   -34   160  0.03294  0.20118  -2  154
291  446  0033  0.273  0.238   -91   160  0.03294  0.20118  -4  152
291  441  0034  0.260  0.238   -23   160  0.03294  0.20118  -3  151
291  455  0035  0.265  0.275  -143  -145  -0.19506  0.14718  -4  166
291  457  0036  0.273  0.238    70   160  0.03294  0.20118  -3  158
291  454  0037  0.270  0.238   -71   160  0.03294  0.20118  -4  157
291  448  0038  0.261  0.238   -54   160  0.03294  0.20118  -4  151
291  447  0039  0.283  0.238   -96   160  0.03294  0.20118  -4  153
291  455  0040  0.293  0.238    84   160  0.03294  0.20118  -4  158
291  555  0041  0.291  0.245   160   160  0.03294  0.20718  -5  157
291  447  0042  0.266  0.238   -13   160  0.03294  0.20118  -2  154
291  460  0043  0.275  0.238   -71   160  0.03294  0.20118  -4  158
291  460  0044  0.292  0.238  -134   160  0.03294  0.20118  -4  162
291  451  0045  0.283  0.238   -88   160  0.03294  0.20118  -4  154
291  463  0046  0.294  0.238    36   160  0.03294  0.20118  -2  155
291  458  0047  0.283  0.238  -136   160  0.03294  0.20118  -4  163
291  463  0048  0.295  0.238   -40   160  0.03294  0.20118  -3  157
291  464  0049  0.292  0.238   -20   160  0.03294  0.20118  -4  159
327  615  0000  0.276  0.247   154   156  0.05094  0.20718  -6  160
327  460  0001  0.296  0.238  -134   160  0.03294  0.20118  -4  163
327  566  0002  0.292  0.252   166   164  0.01494  0.21318  -6  160
327  653  0003  0.286  0.267  -171  -169  -0.09906  0.20118  -5  163
327  455  0004  0.279  0.238    65   160  0.03294  0.20118  -4  161
327  605  0005  0.263  0.266  -159  -163  -0.12306  0.18918  -3  168
327  441  0006  0.260  0.238    76   160  0.03294  0.20118  -4  159
327  454  0007  0.280  0.238    93   160  0.03294  0.20118  -4  159
327  456  0008  0.291  0.238   -62   160  0.03294  0.20118  -3  158
327  461  0009  0.293  0.238    39   160  0.03294  0.20118  -3  155
327  458  0010  0.291  0.238    57   160  0.03294  0.20118  -4  163
327  516  0011  0.263  0.270  -145  -146  -0.18906  0.14718  -4  167
327  464  0012  0.293  0.238   -18   160  0.03294  0.20118  -4  160
327  454  0013  0.283  0.238   -82   160  0.03294  0.20118  -4  157
327  549  0014  0.295  0.252   161   162  0.02694  0.21318  -6  157
327  460  0015  0.290  0.238    42   160  0.03294  0.20118  -4  156
327  455  0016  0.280  0.238    18   160  0.03294  0.20118  -1  156
327  459  0017  0.283  0.238   -70   160  0.03294  0.20118  -4  160
327  459  0018  0.277  0.238   111   160  0.03294  0.20118  -4  157
327  452  0019  0.268  0.238   -62   160  0.03294  0.20118  -4  156
327  436  0020  0.261  0.238   -85   160  0.03294  0.20118  -3  153
327  455  0021  0.286  0.238    18   160  0.03294  0.20118  -0  157
327  448  0022  0.276  0.238  -120   160  0.03294  0.20118  -4  160
327  467  0023  0.292  0.238   110   160  0.03294  0.20118  -3  154
327  681  0024  0.281  0.269  -170  -168  -0.10506  0.20118  -5  164
327  531  0025  0.279  0.278  -154  -153  -0.17106  0.17118  -3  169
327  460  0026  0.284  0.238    42   160  0.03294  0.20118  -4  156
327  590  0027  0.277  0.269  -159  -162  -0.12906  0.18918  -3  167
327  456  0028  0.288  0.238   105   160  0.03294  0.20118  -4  154
327  612  0029  0.272  0.250  -179  -174  -0.07506  0.19518  -5  166
327  519  0030  0.282  0.284  -145  -146  -0.20106  0.15318  -4  167
327  454  0031  0.262  0.238    63   160  0.03294  0.20118  -5  160
327  687  0032  0.265  0.252  -175  -172  -0.08106  0.19518  -6  165
327  444  0033  0.275  0.238   -98   160  0.03294  0.20118  -4  154
327  539  0034  0.266  0.270  -149  -148  -0.18306  0.15318  -3  168
327  457  0035  0.283  0.238    13   160  0.03294  0.20118  -1  157
327  448  0036  0.264  0.238  -140   160  0.03294  0.20118  -3  168
327  446  0037  0.264  0.238   -78   160  0.03294  0.20118  -4  156
327  456  0038  0.285  0.238   -16   160  0.03294  0.20118  -3  159
327  460  0039  0.285  0.238   -64   160  0.03294  0.20118  -4  158
327  721  0040  0.260  0.263  -167  -167  -0.10506  0.19518  -5  166
327  464  0041  0.296  0.238   -40   160  0.03294  0.20118  -2  158
327  452  0042  0.277  0.238   -15   160  0.03294  0.20118  -2  157
327  447  0043  0.261  0.238    87   160  0.03294  0.20118  -3  161
327  450  0044  0.270  0.238   117   160  0.03294  0.20118  -4  159
327  461  0045  0.286  0.238   112   160  0.03294  0.20118  -4  155
327  459  0046  0.287  0.238     9   160  0.03294  0.20118  -1  158
327  458  0047  0.281  0.238    56   160  0.03294  0.20118  -4  162
327  611  0048  0.281  0.246   157   159  0.03894  0.20718  -6  159
327  456  0049  0.282  0.238   133   160  0.03294  0.20118  -3  163
364  626  0000  0.276  0.247   153   156  0.05094  0.20718  -6  161
364  454  0001  0.262  0.238    31   160  0.03294  0.20118  -2  152
364  460  0002  0.288  0.238    34   160  0.03294  0.20118  -2  155
364  455  0003  0.275  0.238    28   160  0.03294  0.20118  -1  154
364  452  0004  0.264  0.238    11   160  0.03294  0.20118  -0  154
364  455  0005  0.273  0.238   -64   160  0.03294  0.20118  -4  158
364  715  0006  0.259  0.245   169   166  0.00894  0.20718  -7  167
364  528  0007  0.275  0.239   143   148  0.08094  0.19518  -4  163
364  456  0008  0.269  0.238   -70   160  0.03294  0.20118  -4  159
364  445  0009  0.264  0.238   -76   160  0.03294  0.20118  -4  158
364  453  0010  0.268  0.238   -63   160  0.03294  0.20118  -4  157
364  611  0011  0.268  0.238   147   149  0.07494  0.19518  -5  164
364  450  0012  0.270  0.238   -39   160  0.03294  0.20118  -2  152
364  448  0013  0.261  0.238  -128   160  0.03294  0.20118  -5  164
364  559  0014  0.276  0.280  -146  -146  -0.19506  0.15318  -4  168
364  463  0015  0.289  0.238   -34   160  0.03294  0.20118  -2  159
364  455  0016  0.280  0.238  -125   160  0.03294  0.20118  -5  162
364  452  0017  0.273  0.238    15   160  0.03294  0.20118  -0  156
364  451  0018  0.286  0.238    24   160  0.03294  0.20118  -0  157
364  540  0019  0.279  0.279  -144  -145  -0.20106  0.14718  -4  168
364  459  0020  0.284  0.238   133   160  0.03294  0.20118  -3  165
364  753  0021  0.259  0.255  -173  -171  -0.08706  0.19518  -6  167
364  447  0022  0.259  0.238    -2   160  0.03294  0.20118  -2  157
364  535  0023  0.295  0.289  -145  -145  -0.20706  0.15318  -4  167
364  467  0024  0.295  0.238   134   160  0.03294  0.20118  -2  163
364  459  0025  0.282  0.238    -6   160  0.03294  0.20118  -2  161
364  448  0026  0.268  0.238   -40   160  0.03294  0.20118  -3  152
364  498  0027  0.295  0.241   149   154  0.05694  0.20118  -3  158
364  557  0028  0.278  0.255   176   171  -0.01506  0.21318  -5  167
364  458  0029  0.293  0.238    30   160  0.03294  0.20118  -1  157
364  594  0030  0.272  0.254   175   170  -0.00906  0.21318  -5  168
364  462  0031  0.285  0.238   126   160  0.03294  0.20118  -3  162
364  453  0032  0.275  0.238   -26   160  0.03294  0.20118  -3  156
364  464  0033  0.293  0.238   132   160  0.03294  0.20118  -2  163
364  458  0034  0.288  0.238   -56   160  0.03294  0.20118  -4  157
364  462  0035  0.281  0.238    34   160  0.03294  0.20118  -2  155
364  700  0036  0.269  0.252   167   164  0.01494  0.21318  -8  164
364  549  0037  0.271  0.239   143   148  0.08094  0.19518  -4  164
364  450  0038  0.266  0.238    69   160  0.03294  0.20118  -4  160
364  456  0039  0.276  0.238   126   160  0.03294  0.20118  -3  164
364  464  0040  0.285  0.238   119   160  0.03294  0.20118  -3  159
364  459  0041  0.295  0.238  -139   160  0.03294  0.20118  -3  167
364  455  0042  0.280  0.238   -73   160  0.03294  0.20118  -4  161
364  448  0043  0.267  0.238   -26   160  0.03294  0.20118  -2  153
364  461  0044  0.279  0.238    32   160  0.03294  0.20118  -2  154
364  457  0045  0.288  0.238  -108   160  0.03294  0.20118  -4  159
364  450  0046  0.264  0.238    40   160  0.03294  0.20118  -4  154
364  620  0047  0.272  0.254  -180  -175  -0.06906  0.20118  -6  168
364  445  0048  0.268  0.238    72   160  0.03294  0.20118  -4  160
364  455  0049  0.279  0.238    25   160  0.03294  0.20118  -1  156
400  715  0000  0.274  0.252   161   162  0.02694  0.21318  -8  163
400  638  0001  0.280  0.246   155   157  0.04494  0.20718  -6  161
400  708  0002  0.265  0.250  -178  -174  -0.07506  0.19518  -6  170
400  476  0003  0.268  0.280    56    54  0.25494  -0.07482  -7  164
400  457  0004  0.282  0.238    65   160  0.03294  0.20118  -4  164
400  580  0005  0.291  0.289  -146  -147  -0.20106  0.15918  -4  168
400  437  0006  0.269  0.238   -98   160  0.03294  0.20118  -4  156
400  455  0007  0.294  0.238   141   160  0.03294  0.20118  -2  163
400  444  0008  0.276  0.238    91   160  0.03294  0.20118  -4  162
400  454  0009  0.274  0.238     8   160  0.03294  0.20118  -0  159
400  454  0010  0.285  0.238  -123   160  0.03294  0.20118  -4  162
400  448  0011  0.266  0.238    64   160  0.03294  0.20118  -4  163
400  453  0012  0.261  0.238    66   160  0.03294  0.20118  -4  162
400  468  0013  0.264  0.277    57    56  0.25494  -0.06882  -7  164
400  458  0014  0.283  0.238   -37   160  0.03294  0.20118  -2  158
400  457  0015  0.272  0.238    36   160  0.03294  0.20118  -2  154
400  450  0016  0.291  0.238    98   161  0.02694  0.20118  -5  157
400  448  0017  0.270  0.238   -35   160  0.03294  0.20118  -2  154
400  443  0018  0.267  0.238   -78   160  0.03294  0.20118  -4  159
400  461  0019  0.266  0.281    59    58  0.26094  -0.06282  -6  164
400  449  0020  0.283  0.238    18   160  0.03294  0.20118  0  159
400  446  0021  0.280  0.238  -115   160  0.03294  0.20118  -4  163
400  448  0022  0.264  0.238     7   160  0.03294  0.20118  -0  157
400  551  0023  0.268  0.236   140   144  0.09294  0.18918  -4  168
400  595  0024  0.292  0.259   166   164  0.01494  0.21918  -7  162
400  460  0025  0.287  0.238   107   160  0.03294  0.20118  -4  156
400  447  0026  0.260  0.238  -123   160  0.03294  0.20118  -5  164
400  457  0027  0.281  0.238  -135   160  0.03294  0.20118  -4  168
400  449  0028  0.275  0.238   -25   160  0.03294  0.20118  -3  157
400  744  0029  0.268  0.252   163   163  0.02094  0.21318  -8  165
400  451  0030  0.278  0.238  -132   160  0.03294  0.20118  -5  166
400  443  0031  0.272  0.238    97   160  0.03294  0.20118  -4  161
400  439  0032  0.264  0.238   -15   160  0.03294  0.20118  -2  155
400  787  0033  0.262  0.257  -172  -170  -0.09306  0.19518  -6  168
400  448  0034  0.280  0.238    73   160  0.03294  0.20118  -4  163
400  446  0035  0.264  0.238   122   160  0.03294  0.20118  -4  166
400  460  0036  0.296  0.238    -4   160  0.03294  0.20118  -2  165
400  462  0037  0.276  0.279   136   134  0.15294  0.20718  -4  167
400  448  0038  0.279  0.238  -109   161  0.02694  0.20118  -4  162
400  443  0039  0.266  0.238   -32   160  0.03294  0.20118  -2  154
400  678  0040  0.292  0.278  -163  -165  -0.12306  0.20118  -5  167
400  463  0041  0.296  0.238   -45   160  0.03294  0.20118  -3  158
400  646  0042  0.264  0.249   178  -179  -0.05106  0.20118  -5  171
400  473  0043  0.292  0.315   -15   -16  -0.02706  -0.26682  -3  163
400  674  0044  0.281  0.259   165   164  0.01494  0.21918  -7  163
400  455  0045  0.282  0.238  -131   160  0.03294  0.20118  -5  166
400  460  0046  0.285  0.238   -35   160  0.03294  0.20118  -2  159
400  448  0047  0.287  0.238  -103   160  0.03294  0.20118  -4  158
400  447  0048  0.269  0.238  -123   160  0.03294  0.20118  -5  164
400  490  0049  0.291  0.323    15    15  0.14694  -0.23082  0  160
436  452  0000  0.274  0.238    68   160  0.03294  0.20118  -4  165
436  476  0001  0.289  0.307   -33   -33  -0.11106  -0.24882  -4  161
436  454  0002  0.265  0.238    36   160  0.03294  0.20118  -3  154
436  472  0003  0.291  0.300    79    78  0.29694  0.02118  -5  164
436  466  0004  0.263  0.277    51    53  0.24894  -0.08082  -7  163
436  525  0005  0.296  0.298    60    58  0.27894  -0.06282  -6  165
436  455  0006  0.288  0.238    69   160  0.03294  0.20118  -3  165
436  448  0007  0.281  0.238   100   160  0.03294  0.20118  -4  160
436  467  0008  0.291  0.238   110   160  0.03294  0.20118  -3  156
436  460  0009  0.293  0.238    90   160  0.03294  0.20118  -5  162
436  446  0010  0.269  0.238   -26   160  0.03294  0.20118  -2  156
436  447  0011  0.273  0.238    48   160  0.03294  0.20118  -5  163
436  441  0012  0.260  0.238   -53   160  0.03294  0.20118  -4  152
436  640  0013  0.277  0.280  -148  -148  -0.18906  0.15918  -5  171
436  512  0014  0.290  0.304   -77   -76  -0.27306  -0.12882  -6  162
436  447  0015  0.260  0.238     2   160  0.03294  0.20118  -1  159
436  434  0016  0.260  0.238   -90   160  0.03294  0.20118  -4  153
436  629  0017  0.282  0.279  -155  -155  -0.16506  0.17718  -4  172
436  529  0018  0.293  0.319    15    14  0.14094  -0.23082  -1  161
436  514  0019  0.277  0.289    53    54  0.26094  -0.08082  -6  164
436  450  0020  0.277  0.238   -24   160  0.03294  0.20118  -3  159
436  451  0021  0.280  0.238    25   160  0.03294  0.20118  -0  158
436  591  0022  0.261  0.238   139   143  0.09894  0.18918  -5  169
436  439  0023  0.269  0.238    78   160  0.03294  0.20118  -3  164
436  781  0024  0.281  0.269  -169  -168  -0.10506  0.20118  -6  168
436  458  0025  0.296  0.238   139   160  0.03294  0.20118  -2  165
436  507  0026  0.266  0.280    55    54  0.25494  -0.07482  -7  165
436  453  0027  0.286  0.238  -121   160  0.03294  0.20118  -5  164
436  449  0028  0.267  0.238    70   160  0.03294  0.20118  -4  163
436  450  0029  0.281  0.238   -81   160  0.03294  0.20118  -4  161
436  442  0030  0.261  0.238    72   160  0.03294  0.20118  -4  162
436  444  0031  0.267  0.238   -44   160  0.03294  0.20118  -3  152
436  451  0032  0.277  0.238    17   160  0.03294  0.20118  0  158
436  448  0033  0.264  0.238    19   160  0.03294  0.20118  1  154
436  452  0034  0.278  0.238   104   160  0.03294  0.20118  -4  159
436  452  0035  0.269  0.238    16   160  0.03294  0.20118  0  156
436  610  0036  0.264  0.243   142   145  0.09294  0.19518  -5  168
436  438  0037  0.268  0.238    85   160  0.03294  0.20118  -3  165
436  536  0038  0.288  0.254   178  -175  -0.06906  0.20118  -5  170
436  443  0039  0.266  0.238  -114   160  0.03294  0.20118  -4  166
436  462  0040  0.285  0.238    39   160  0.03294  0.20118  -3  157
436  460  0041  0.286  0.238   108   160  0.03294  0.20118  -4  157
436  793  0042  0.276  0.272  -167  -167  -0.11106  0.20118  -5  170
436  639  0043  0.289  0.259   168   166  0.00894  0.21918  -7  164
436  478  0044  0.277  0.288    -3    -2  0.04494  -0.23682  -3  162
436  454  0045  0.276  0.238     3   160  0.03294  0.20118  -0  162
436  458  0046  0.266  0.283    -1    -1  0.05094  -0.23082  -2  161
436  714  0047  0.263  0.269  -160  -162  -0.12906  0.18918  -4  173
436  504  0048  0.280  0.282   134   133  0.15894  0.20718  -4  168
436  461  0049  0.283  0.238   110   160  0.03294  0.20118  -4  158
473  448  0000  0.273  0.238   102   160  0.03294  0.20118  -4  163
473  713  0001  0.264  0.249   175   173  -0.02106  0.20718  -7  174
473  456  0002  0.292  0.300    84    82  0.29694  0.03918  -5  165
473  497  0003  0.265  0.270   125   126  0.17694  0.18318  -5  168
473  440  0004  0.281  0.238   -98   160  0.03294  0.20118  -4  158
473  500  0005  0.272  0.277  -136  -136  -0.22506  0.11718  -7  170
473  443  0006  0.277  0.238  -113   160  0.03294  0.20118  -4  166
473  451  0007  0.280  0.238   -54   160  0.03294  0.20118  -4  157
473  507  0008  0.292  0.316    28    26  0.19494  -0.19482  -1  160
473  679  0009  0.274  0.272  -156  -157  -0.15306  0.17718  -4  174
473  469  0010  0.263  0.280    -5    -3  0.03894  -0.23082  -3  160
473  606  0011  0.279  0.244   147   150  0.07494  0.20118  -5  165
473  712  0012  0.285  0.279  -160  -162  -0.13506  0.19518  -4  172
473  600  0013  0.281  0.255   178   179  -0.05106  0.20718  -6  172
473  661  0014  0.272  0.280  -146  -146  -0.19506  0.15318  -5  173
473  505  0015  0.270  0.284    62    59  0.26694  -0.05682  -6  166
473  662  0016  0.283  0.285  -147  -147  -0.19506  0.15918  -5  172
473  457  0017  0.295  0.238    69   160  0.03294  0.20118  -3  166
473  457  0018  0.293  0.238    68   160  0.03294  0.20118  -3  167
473  457  0019  0.287  0.238   -12   160  0.03294  0.20118  -3  165
473  444  0020  0.282  0.238    90   160  0.03294  0.20118  -4  165
473  516  0021  0.271  0.284    61    59  0.26694  -0.05682  -7  166
473  469  0022  0.278  0.309   -22   -21  -0.05106  -0.26082  -4  159
473  690  0023  0.259  0.264  -157  -159  -0.14106  0.17718  -4  175
473  697  0024  0.284  0.259   161   162  0.02694  0.21918  -8  164
473  463  0025  0.292  0.238  -125   160  0.03294  0.20118  -5  165
473  443  0026  0.281  0.238   -96   160  0.03294  0.20118  -4  157
473  492  0027  0.286  0.304   -81   -79  -0.27906  -0.11682  -6  162
473  549  0028  0.293  0.294  -139  -141  -0.22506  0.14118  -6  169
473  435  0029  0.261  0.238   -97   160  0.03294  0.20118  -4  157
473  714  0030  0.274  0.247   154   156  0.05094  0.20718  -7  165
473  760  0031  0.292  0.279  -169  -168  -0.11106  0.20718  -6  168
473  439  0032  0.262  0.238   -39   160  0.03294  0.20118  -2  153
473  450  0033  0.271  0.238   118   160  0.03294  0.20118  -4  166
473  447  0034  0.293  0.238   -94   160  0.03294  0.20118  -5  157
473  449  0035  0.271  0.238   114   160  0.03294  0.20118  -4  164
473  442  0036  0.263  0.238   -39   160  0.03294  0.20118  -2  153
473  671  0037  0.286  0.267   169   167  0.00294  0.22518  -7  167
473  443  0038  0.265  0.238    87   160  0.03294  0.20118  -3  167
473  449  0039  0.266  0.238    36   160  0.03294  0.20118  -2  155
473  737  0040  0.265  0.243   150   151  0.06894  0.20118  -6  168
473  562  0041  0.266  0.275  -140  -142  -0.20706  0.13518  -6  171
473  446  0042  0.271  0.238   119   160  0.03294  0.20118  -4  166
473  441  0043  0.262  0.238    84   160  0.03294  0.20118  -3  167
473  440  0044  0.261  0.238    -8   160  0.03294  0.20118  -2  159
473  451  0045  0.274  0.238   115   160  0.03294  0.20118  -4  163
473  462  0046  0.290  0.238    40   160  0.03294  0.20118  -3  159
473  455  0047  0.287  0.238   -58   160  0.03294  0.20118  -4  161
473  473  0048  0.261  0.267  -131  -130  -0.23106  0.09318  -7  169
473  455  0049  0.283  0.238   -43   160  0.03294  0.20118  -2  158
509  436  0000  0.274  0.238   -86   160  0.03294  0.20118  -4  159
509  776  0001  0.273  0.259  -177  -173  -0.08106  0.20118  -7  173
509  698  0002  0.286  0.277  -157  -157  -0.15306  0.18318  -3  174
509  601  0003  0.285  0.289    57    57  0.26694  -0.06882  -8  167
509  440  0004  0.261  0.238   -31   160  0.03294  0.20118  -2  155
509  646  0005  0.292  0.294  -143  -144  -0.21306  0.15318  -5  172
509  518  0006  0.286  0.291  -131  -131  -0.24906  0.10518  -7  169
509  696  0007  0.266  0.246   146   148  0.08094  0.20118  -7  169
509  755  0008  0.273  0.247   155   156  0.05094  0.20718  -8  166
509  453  0009  0.279  0.302   -13   -13  -0.00906  -0.25482  -3  163
509  435  0010  0.263  0.238   -12   160  0.03294  0.20118  -2  159
509  551  0011  0.287  0.288   135   134  0.15894  0.21318  -4  168
509  560  0012  0.291  0.314    10    10  0.11694  -0.23682  -2  163
509  875  0013  0.269  0.267  -170  -169  -0.09906  0.20118  -7  173
509  450  0014  0.293  0.238  -103   160  0.03294  0.20118  -4  161
509  442  0015  0.273  0.238  -106   161  0.02694  0.20118  -4  165
509  445  0016  0.260  0.238    41   160  0.03294  0.20118  -4  158
509  542  0017  0.283  0.294    -5    -4  0.03894  -0.24282  -4  165
509  434  0018  0.273  0.238   -99   160  0.03294  0.20118  -4  160
509  446  0019  0.277  0.238   -12   160  0.03294  0.20118  -2  164
509  451  0020  0.261  0.282   -71   -72  -0.24306  -0.13482  -5  162
509  473  0021  0.290  0.298    69    68  0.29094  -0.02082  -5  166
509  452  0022  0.290  0.238  -111   160  0.03294  0.20118  -4  166
509  439  0023  0.264  0.238   -27   160  0.03294  0.20118  -2  156
509  779  0024  0.276  0.259   166   164  0.01494  0.21918  -9  169
509  446  0025  0.274  0.238   -52   161  0.02694  0.20118  -4  156
509  494  0026  0.260  0.273    -5    -3  0.03894  -0.22482  -2  160
509  461  0027  0.293  0.299    46    47  0.25494  -0.11082  -6  164
509  682  0028  0.269  0.246   146   148  0.08094  0.20118  -6  169
509  697  0029  0.283  0.263  -178  -175  -0.07506  0.20718  -6  172
509  658  0030  0.279  0.257   179  -178  -0.05706  0.20718  -6  174
509  544  0031  0.280  0.292     1     0  0.05694  -0.23682  -3  164
509  672  0032  0.280  0.249   152   153  0.06294  0.20718  -7  165
509  574  0033  0.289  0.316   -20   -20  -0.04506  -0.26682  -5  163
509  651  0034  0.270  0.274  -143  -144  -0.20106  0.14118  -6  173
509  443  0035  0.261  0.238    36   160  0.03294  0.20118  -2  155
509  642  0036  0.288  0.263  -179  -175  -0.07506  0.20718  -6  171
509  596  0037  0.279  0.289    57    57  0.26694  -0.06882  -8  167
509  450  0038  0.279  0.238   -44   160  0.03294  0.20118  -2  158
509  444  0039  0.281  0.238  -111   161  0.02694  0.20118  -4  167
509  598  0040  0.295  0.300    54    54  0.27294  -0.08082  -7  166
509  491  0041  0.296  0.312   -84   -81  -0.29106  -0.11082  -6  162
509  498  0042  0.286  0.241   142   146  0.08694  0.19518  -3  168
509  523  0043  0.285  0.304   -70   -71  -0.26106  -0.14682  -6  165
509  430  0044  0.265  0.238   -22   160  0.03294  0.20118  -2  156
509  521  0045  0.289  0.308   -69   -70  -0.26106  -0.15282  -6  165
509  451  0046  0.274  0.238    25   160  0.03294  0.20118  1  159
509  580  0047  0.266  0.270  -139  -141  -0.20706  0.12918  -7  172
509  444  0048  0.277  0.238    97   160  0.03294  0.20118  -5  165
509  501  0049  0.281  0.304   -31   -30  -0.09906  -0.24882  -4  160
73  460  0000  0.271  0.238  -123   160  0.03294  0.20118  -4  155
73  461  0001  0.289  0.238    55   160  0.03294  0.20118  -3  155
73  459  0002  0.293  0.260  -164  -169  -0.09906  0.19518  -4  156
73  455  0003  0.275  0.238   128   160  0.03294  0.20118  -3  155
73  461  0004  0.285  0.238   -74   160  0.03294  0.20118  -3  155
73  460  0005  0.289  0.238    66   160  0.03294  0.20118  -3  155
73  462  0006  0.264  0.238   -67   160  0.03294  0.20118  -4  154
73  460  0007  0.264  0.238    77   160  0.03294  0.20118  -3  155
73  461  0008  0.281  0.238   -88   160  0.03294  0.20118  -4  153
73  460  0009  0.264  0.238   -31   160  0.03294  0.20118  -3  153
73  460  0010  0.273  0.238    56   160  0.03294  0.20118  -3  155
73  462  0011  0.282  0.238   -63   160  0.03294  0.20118  -3  154
73  459  0012  0.273  0.238  -160   160  0.03294  0.20118  -2  158
73  460  0013  0.282  0.238  -137   160  0.03294  0.20118  -3  156
73  462  0014  0.284  0.238    41   160  0.03294  0.20118  -3  153
73  458  0015  0.261  0.238   -44   160  0.03294  0.20118  -3  152
73  460  0016  0.278  0.238  -151   160  0.03294  0.20118  -3  158
73  461  0017  0.285  0.238   -59   160  0.03294  0.20118  -3  154
73  463  0018  0.281  0.238    13   160  0.03294  0.20118  -2  154
73  461  0019  0.271  0.238   123   160  0.03294  0.20118  -3  155
73  458  0020  0.272  0.238   -11   160  0.03294  0.20118  -3  154
73  460  0021  0.268  0.238  -149   160  0.03294  0.20118  -3  158
73  465  0022  0.264  0.238   121   160  0.03294  0.20118  -3  155
73  458  0023  0.269  0.238    28   160  0.03294  0.20118  -3  153
73  462  0024  0.276  0.238   118   160  0.03294  0.20118  -3  154
73  461  0025  0.291  0.238    20   160  0.03294  0.20118  -3  154
73  484  0026  0.267  0.239   150   157  0.04494  0.20118  -4  156
73  498  0027  0.268  0.239   154   158  0.03894  0.20118  -4  155
73  459  0028  0.281  0.238    70   160  0.03294  0.20118  -3  154
73  460  0029  0.281  0.238    26   160  0.03294  0.20118  -3  153
73  460  0030  0.280  0.238    67   160  0.03294  0.20118  -3  155
73  464  0031  0.286  0.238  -126   160  0.03294  0.20118  -4  155
73  458  0032  0.266  0.238    68   160  0.03294  0.20118  -3  154
73  465  0033  0.287  0.238   119   160  0.03294  0.20118  -3  154
73  463  0034  0.263  0.238  -122   160  0.03294  0.20118  -3  155
73  459  0035  0.263  0.238  -154   160  0.03294  0.20118  -2  158
73  461  0036  0.261  0.238    77   160  0.03294  0.20118  -3  154
73  459  0037  0.267  0.238    -2   160  0.03294  0.20118  -3  154
73  463  0038  0.261  0.238     7   160  0.03294  0.20118  -3  153
73  461  0039  0.264  0.239   143   158  0.03894  0.20118  -3  156
73  491  0040  0.271  0.238   169   161  0.02694  0.20118  -4  156
73  458  0041  0.260  0.238    -5   160  0.03294  0.20118  -3  154
73  487  0042  0.268  0.257  -170  -170  -0.09306  0.19518  -4  157
73  459  0043  0.281  0.238    70   160  0.03294  0.20118  -3  154
73  460  0044  0.265  0.238  -125   160  0.03294  0.20118  -3  155
73  460  0045  0.276  0.238    98   160  0.03294  0.20118  -3  154
73  466  0046  0.288  0.238   116   160  0.03294  0.20118  -3  154
73  459  0047  0.282  0.238    82   160  0.03294  0.20118  -3  155
73  465  0048  0.284  0.238   -31   160  0.03294  0.20118  -3  154
73  463  0049  0.293  0.238  -134   160  0.03294  0.20118  -4  155
109  464  0000  0.289  0.238   109   160  0.03294  0.20118  -3  153
109  457  0001  0.268  0.238    66   160  0.03294  0.20118  -4  155
109  462  0002  0.294  0.238   -91   160  0.03294  0.20118  -4  153
109  462  0003  0.285  0.238   -17   160  0.03294  0.20118  -3  154
109  459  0004  0.264  0.238    35   160  0.03294  0.20118  -3  152
109  459  0005  0.282  0.238    70   160  0.03294  0.20118  -3  155
109  521  0006  0.268  0.239   154   157  0.04494  0.20118  -4  156
109  482  0007  0.270  0.252  -180  -172  -0.08106  0.19518  -4  158
109  460  0008  0.288  0.238    76   160  0.03294  0.20118  -3  155
109  461  0009  0.265  0.238  -109   160  0.03294  0.20118  -3  155
109  466  0010  0.292  0.238   126   160  0.03294  0.20118  -3  155
109  449  0011  0.265  0.238   129   160  0.03294  0.20118  -3  157
109  462  0012  0.295  0.238   139   160  0.03294  0.20118  -3  155
109  457  0013  0.274  0.238   117   160  0.03294  0.20118  -3  155
109  509  0014  0.275  0.245   167   163  0.02094  0.20718  -4  156
109  465  0015  0.269  0.238   111   160  0.03294  0.20118  -3  154
109  458  0016  0.294  0.238    60   160  0.03294  0.20118  -4  156
109  527  0017  0.260  0.245   168   163  0.02094  0.20718  -4  157
109  459  0018  0.279  0.238  -158   160  0.03294  0.20118  -2  160
109  461  0019  0.291  0.238   -15   160  0.03294  0.20118  -3  155
109  478  0020  0.284  0.238   171   161  0.02694  0.20118  -3  157
109  456  0021  0.263  0.238    -5   160  0.03294  0.20118  -3  154
109  509  0022  0.279  0.257  -171  -170  -0.09306  0.19518  -4  157
109  455  0023  0.265  0.238   -26   160  0.03294  0.20118  -3  152
109  462  0024  0.284  0.238   -73   160  0.03294  0.20118  -3  155
109  458  0025  0.263  0.238    80   160  0.03294  0.20118  -3  155
109  458  0026  0.274  0.238   -97   160  0.03294  0.20118  -3  153
109  458  0027  0.260  0.238   -82   160  0.03294  0.20118  -3  153
109  459  0028  0.296  0.238  -157   160  0.03294  0.20118  -3  159
109  460  0029  0.269  0.238  -158   160  0.03294  0.20118  -2  160
109  461  0030  0.286  0.238   -11   160  0.03294  0.20118  -3  155
109  460  0031  0.291  0.238    16   160  0.03294  0.20118  -2  154
109  500  0032  0.285  0.260  -169  -169  -0.09906  0.19518  -4  157
109  461  0033  0.280  0.238    35   160  0.03294  0.20118  -3  153
109  463  0034  0.295  0.238  -123   160  0.03294  0.20118  -3  154
109  453  0035  0.267  0.238   -22   160  0.03294  0.20118  -3  153
109  460  0036  0.279  0.238   131   160  0.03294  0.20118  -3  156
109  458  0037  0.289  0.238    26   160  0.03294  0.20118  -3  154
109  462  0038  0.277  0.238   -35   160  0.03294  0.20118  -3  153
109  458  0039  0.285  0.238    93   160  0.03294  0.20118  -4  154
109  465  0040  0.287  0.238  -135   160  0.03294  0.20118  -3  156
109  458  0041  0.286  0.238  -100   160  0.03294  0.20118  -3  153
109  457  0042  0.281  0.238  -108   160  0.03294  0.20118  -4  155
109  462  0043  0.288  0.238   -51   160  0.03294  0.20118  -4  153
109  460  0044  0.287  0.238    95   160  0.03294  0.20118  -4  154
109  475  0045  0.278  0.234   148   154  0.05694  0.19518  -3  156
109  450  0046  0.260  0.238   132   160  0.03294  0.20118  -3  157
109  465  0047  0.294  0.238   112   160  0.03294  0.20118  -3  153
109  461  0048  0.269  0.238   -76   160  0.03294  0.20118  -4  154
109  459  0049  0.266  0.238    54   160  0.03294  0.20118  -4  155
145  462  0000  0.264  0.238  -131   160  0.03294  0.20118  -4  157
145  550  0001  0.262  0.260  -166  -169  -0.09906  0.19518  -4  159
145  450  0002  0.259  0.238    93   160  0.03294  0.20118  -3  156
145  459  0003  0.263  0.238    22   160  0.03294  0.20118  -1  152
145  485  0004  0.280  0.252  -180  -172  -0.08106  0.19518  -4  158
145  453  0005  0.263  0.238   -95   160  0.03294  0.20118  -3  152
145  457  0006  0.280  0.238    69   160  0.03294  0.20118  -4  155
145  457  0007  0.288  0.238  -100   160  0.03294  0.20118  -4  153
145  464  0008  0.296  0.238   -81   160  0.03294  0.20118  -4  155
145  516  0009  0.264  0.245   172   164  0.01494  0.20718  -4  159
145  459  0010  0.285  0.238    62   160  0.03294  0.20118  -3  156
145  546  0011  0.270  0.245   165   163  0.02094  0.20718  -5  157
145  465  0012  0.289  0.238    64   160  0.03294  0.20118  -4  156
145  457  0013  0.261  0.238   127   160  0.03294  0.20118  -3  158
145  460  0014  0.265  0.238    35   160  0.03294  0.20118  -3  152
145  471  0015  0.296  0.255  -179  -171  -0.08706  0.19518  -4  157
145  460  0016  0.272  0.238    42   160  0.03294  0.20118  -3  153
145  458  0017  0.276  0.238   -88   160  0.03294  0.20118  -4  153
145  459  0018  0.265  0.238  -156   160  0.03294  0.20118  -2  162
145  548  0019  0.271  0.245   164   161  0.02694  0.20718  -5  157
145  461  0020  0.264  0.238    29   160  0.03294  0.20118  -2  152
145  518  0021  0.288  0.260  -168  -169  -0.09906  0.19518  -4  158
145  461  0022  0.290  0.238    -6   160  0.03294  0.20118  -3  156
145  460  0023  0.295  0.238  -117   160  0.03294  0.20118  -4  155
145  455  0024  0.266  0.238   -97   160  0.03294  0.20118  -3  152
145  546  0025  0.269  0.245   167   163  0.02094  0.20718  -5  158
145  450  0026  0.261  0.238   -17   160  0.03294  0.20118  -3  152
145  460  0027  0.265  0.238     3   160  0.03294  0.20118  -2  154
145  521  0028  0.276  0.245   168   163  0.02094  0.20718  -5  158
145  457  0029  0.269  0.238    49   160  0.03294  0.20118  -4  155
145  459  0030  0.261  0.238  -125   160  0.03294  0.20118  -4  156
145  551  0031  0.270  0.260  -170  -169  -0.09906  0.19518  -4  159
145  476  0032  0.291  0.238   173   161  0.02694  0.20118  -4  158
145  459  0033  0.270  0.238   -56   160  0.03294  0.20118  -4  152
145  512  0034  0.287  0.239   157   158  0.03894  0.20118  -4  155
145  458  0035  0.279  0.238    25   160  0.03294  0.20118  -2  153
145  546  0036  0.273  0.245   160   160  0.03294  0.20718  -5  157
145  460  0037  0.284  0.238     6   160  0.03294  0.20118  -2  155
145  468  0038  0.291  0.266  -160  -166  -0.11106  0.19518  -3  159
145  452  0039  0.274  0.238    96   160  0.03294  0.20118  -3  155
145  462  0040  0.275  0.238  -106   160  0.03294  0.20118  -3  155
145  461  0041  0.282  0.238   -69   160  0.03294  0.20118  -4  155
145  461  0042  0.294  0.238  -145   160  0.03294  0.20118  -3  159
145  457  0043  0.289  0.238   -97   160  0.03294  0.20118  -3  152
145  459  0044  0.261  0.238  -121   160  0.03294  0.20118  -4  156
145  462  0045  0.292  0.238    42   160  0.03294  0.20118  -3  154
145  449  0046  0.267  0.238   136   160  0.03294  0.20118  -3  158
145  460  0047  0.270  0.238  -135   160  0.03294  0.20118  -3  158
145  463  0048  0.283  0.238   -84   160  0.03294  0.20118  -4  154
145  460  0049  0.293  0.238   115   160  0.03294  0.20118  -3  153
182  472  0000  0.295  0.245   173   164  0.01494  0.20718  -4  158
182  552  0001  0.273  0.239   156   158  0.03894  0.20118  -5  157
182  453  0002  0.295  0.238    22   160  0.03294  0.20118  -2  155
182  456  0003  0.269  0.238    92   160  0.03294  0.20118  -4  156
182  466  0004  0.290  0.238   177   161  0.02694  0.20118  -3  160
182  458  0005  0.266  0.238    16   160  0.03294  0.20118  -1  152
182  551  0006  0.275  0.245   167   163  0.02094  0.20718  -5  159
182  459  0007  0.279  0.238  -143   160  0.03294  0.20118  -3  161
182  459  0008  0.283  0.238    59   160  0.03294  0.20118  -4  158
182  467  0009  0.288  0.238   -28   160  0.03294  0.20118  -3  155
182  544  0010  0.279  0.239   157   158  0.03894  0.20118  -4  156
182  521  0011  0.294  0.267  -172  -169  -0.09906  0.20118  -5  158
182  458  0012  0.266  0.238   -66   160  0.03294  0.20118  -4  154
182  531  0013  0.262  0.259  -161  -166  -0.11106  0.18918  -4  161
182  456  0014  0.294  0.238   142   160  0.03294  0.20118  -3  156
182  564  0015  0.261  0.263  -164  -167  -0.10506  0.19518  -4  161
182  475  0016  0.289  0.269  -159  -165  -0.11706  0.19518  -3  161
182  455  0017  0.268  0.238    43   160  0.03294  0.20118  -3  153
182  456  0018  0.267  0.238  -150   160  0.03294  0.20118  -2  163
182  461  0019  0.291  0.238     8   160  0.03294  0.20118  -2  156
182  514  0020  0.296  0.267  -172  -169  -0.09906  0.20118  -4  158
182  459  0021  0.284  0.238   -70   160  0.03294  0.20118  -4  156
182  452  0022  0.275  0.238   137   160  0.03294  0.20118  -3  159
182  456  0023  0.270  0.238    42   160  0.03294  0.20118  -4  153
182  461  0024  0.296  0.239   146   158  0.03894  0.20118  -3  155
182  452  0025  0.260  0.238   -58   160  0.03294  0.20118  -4  152
182  453  0026  0.279  0.238    93   160  0.03294  0.20118  -3  156
182  459  0027  0.281  0.238   -19   160  0.03294  0.20118  -3  155
182  583  0028  0.261  0.239   154   157  0.04494  0.20118  -5  158
182  459  0029  0.264  0.238   102   160  0.03294  0.20118  -4  156
182  463  0030  0.284  0.238   -85   160  0.03294  0.20118  -4  154
182  453  0031  0.276  0.238   139   160  0.03294  0.20118  -3  159
182  463  0032  0.277  0.238   -40   160  0.03294  0.20118  -3  152
182  549  0033  0.286  0.269  -169  -168  -0.10506  0.20118  -4  159
182  460  0034  0.290  0.238   -56   160  0.03294  0.20118  -3  154
182  449  0035  0.263  0.238   128   160  0.03294  0.20118  -3  159
182  558  0036  0.268  0.245   169   164  0.01494  0.20718  -5  160
182  462  0037  0.287  0.238    14   160  0.03294  0.20118  -2  155
182  452  0038  0.281  0.238  -100   160  0.03294  0.20118  -4  153
182  459  0039  0.293  0.238     9   160  0.03294  0.20118  -2  156
182  465  0040  0.290  0.238   -37   160  0.03294  0.20118  -3  155
182  456  0041  0.264  0.238    46   160  0.03294  0.20118  -4  154
182  584  0042  0.267  0.257  -172  -170  -0.09306  0.19518  -5  160
182  484  0043  0.279  0.234   146   154  0.05694  0.19518  -4  157
182  573  0044  0.264  0.245   168   164  0.01494  0.20718  -5  160
182  453  0045  0.277  0.238   -19   160  0.03294  0.20118  -3  154
182  456  0046  0.266  0.238    34   160  0.03294  0.20118  -3  152
182  556  0047  0.276  0.245   165   163  0.02094  0.20718  -5  158
182  459  0048  0.266  0.238   108   160  0.03294  0.20118  -4  155
182  458  0049  0.263  0.238   -76   160  0.03294  0.20118  -4  154
218  462  0000  0.288  0.238  -127   160  0.03294  0.20118  -4  157
218  562  0001  0.274  0.245   169   164  0.01494  0.20718  -5  160
218  456  0002  0.269  0.238     5   160  0.03294  0.20118  -2  154
218  499  0003  0.292  0.239   152   157  0.04494  0.20118  -4  155
218  457  0004  0.273  0.238    31   160  0.03294  0.20118  -2  152
218  452  0005  0.270  0.238   -93   160  0.03294  0.20118  -4  151
218  466  0006  0.296  0.238   -41   160  0.03294  0.20118  -3  155
218  534  0007  0.261  0.246   175   167  0.00294  0.20718  -4  163
218  455  0008  0.293  0.238   -91   160  0.03294  0.20118  -4  153
218  459  0009  0.281  0.238    53   160  0.03294  0.20118  -4  158
218  459  0010  0.293  0.238   103   160  0.03294  0.20118  -4  153
218  462  0011  0.292  0.238    37   160  0.03294  0.20118  -3  153
218  453  0012  0.262  0.231   137   149  0.07494  0.18918  -3  162
218  457  0013  0.273  0.238     6   160  0.03294  0.20118  -2  155
218  457  0014  0.266  0.238    16   160  0.03294  0.20118  -1  152
218  453  0015  0.270  0.238  -105   160  0.03294  0.20118  -3  156
218  460  0016  0.278  0.238     2   160  0.03294  0.20118  -2  156
218  459  0017  0.280  0.238   -33   160  0.03294  0.20118  -3  154
218  456  0018  0.277  0.238   100   160  0.03294  0.20118  -4  155
218  557  0019  0.282  0.255  -175  -171  -0.08706  0.19518  -5  160
218  541  0020  0.264  0.263  -160  -165  -0.11706  0.18918  -3  163
218  458  0021  0.261  0.238  -144   160  0.03294  0.20118  -2  164
218  458  0022  0.285  0.238    50   160  0.03294  0.20118  -4  157
218  457  0023  0.270  0.238    17   160  0.03294  0.20118  -1  153
218  455  0024  0.268  0.238   -54   160  0.03294  0.20118  -4  152
218  462  0025  0.293  0.238  -137   160  0.03294  0.20118  -4  160
218  451  0026  0.263  0.238   -52   160  0.03294  0.20118  -4  151
218  462  0027  0.284  0.238   113   160  0.03294  0.20118  -3  154
218  456  0028  0.265  0.238    35   160  0.03294  0.20118  -3  152
218  458  0029  0.279  0.238   -71   160  0.03294  0.20118  -4  156
218  462  0030  0.270  0.238    57   160  0.03294  0.20118  -4  158
218  464  0031  0.288  0.238   126   160  0.03294  0.20118  -3  157
218  522  0032  0.284  0.240   152   155  0.05094  0.20118  -4  156
218  462  0033  0.292  0.238    -4   160  0.03294  0.20118  -3  158
218  461  0034  0.282  0.238     4   160  0.03294  0.20118  -2  156
218  461  0035  0.283  0.238   -15   160  0.03294  0.20118  -3  156
218  453  0036  0.277  0.238   -54   160  0.03294  0.20118  -4  153
218  452  0037  0.264  0.238  -107   160  0.03294  0.20118  -3  156
218  457  0038  0.284  0.238     1   160  0.03294  0.20118  -3  157
218  458  0039  0.290  0.238   101   160  0.03294  0.20118  -4  154
218  453  0040  0.277  0.238    88   160  0.03294  0.20118  -3  157
218  462  0041  0.285  0.238   -35   160  0.03294  0.20118  -3  155
218  451  0042  0.263  0.238   -57   160  0.03294  0.20118  -4  152
218  458  0043  0.292  0.238    18   160  0.03294  0.20118  -2  156
218  459  0044  0.277  0.238  -130   160  0.03294  0.20118  -4  158
218  456  0045  0.281  0.238    57   160  0.03294  0.20118  -4  159
218  453  0046  0.274  0.238    89   160  0.03294  0.20118  -4  157
218  452  0047  0.266  0.238   -92   160  0.03294  0.20118  -3  151
218  459  0048  0.270  0.238  -153   160  0.03294  0.20118  -1  166
218  549  0049  0.280  0.245   168   164  0.01494  0.20718  -5  159
255  451  0000  0.261  0.238  -128   160  0.03294  0.20118  -5  159
255  460  0001  0.288  0.238   118   160  0.03294  0.20118  -3  155
255  455  0002  0.273  0.238    73   160  0.03294  0.20118  -4  157
255  459  0003  0.295  0.238   -89   160  0.03294  0.20118  -4  154
255  509  0004  0.292  0.252  -179  -172  -0.08106  0.19518  -5  161
255  531  0005  0.287  0.239   153   157  0.04494  0.20118  -4  156
255  449  0006  0.271  0.238  -104   160  0.03294  0.20118  -4  156
255  452  0007  0.276  0.238   102   160  0.03294  0.20118  -4  155
255  450  0008  0.265  0.238   -25   160  0.03294  0.20118  -3  152
255  459  0009  0.293  0.238    57   160  0.03294  0.20118  -4  160
255  456  0010  0.282  0.238   -73   160  0.03294  0.20118  -4  158
255  443  0011  0.262  0.238   -82   160  0.03294  0.20118  -3  153
255  642  0012  0.263  0.255  -174  -171  -0.08706  0.19518  -5  163
255  456  0013  0.278  0.238   -22   160  0.03294  0.20118  -3  155
255  576  0014  0.296  0.269  -169  -168  -0.10506  0.20118  -5  160
255  447  0015  0.267  0.238    77   160  0.03294  0.20118  -4  157
255  458  0016  0.279  0.238   -62   160  0.03294  0.20118  -4  155
255  450  0017  0.288  0.238    80   160  0.03294  0.20118  -3  158
255  459  0018  0.277  0.238   132   160  0.03294  0.20118  -3  161
255  455  0019  0.271  0.238   -74   160  0.03294  0.20118  -4  156
255  458  0020  0.291  0.238  -138   160  0.03294  0.20118  -4  162
255  444  0021  0.262  0.238   -12   160  0.03294  0.20118  -3  153
255  443  0022  0.264  0.238   -89   160  0.03294  0.20118  -3  152
255  458  0023  0.282  0.238    49   160  0.03294  0.20118  -4  158
255  460  0024  0.292  0.238   -65   160  0.03294  0.20118  -4  158
255  454  0025  0.278  0.238   -13   160  0.03294  0.20118  -2  156
255  457  0026  0.285  0.238    65   160  0.03294  0.20118  -4  158
255  456  0027  0.263  0.238  -124   160  0.03294  0.20118  -4  159
255  456  0028  0.271  0.238    44   160  0.03294  0.20118  -4  155
255  466  0029  0.293  0.238   129   160  0.03294  0.20118  -3  158
255  458  0030  0.290  0.238   -43   160  0.03294  0.20118  -3  155
255  458  0031  0.284  0.238    45   160  0.03294  0.20118  -4  156
255  450  0032  0.259  0.238   -33   160  0.03294  0.20118  -2  150
255  442  0033  0.261  0.238   -23   160  0.03294  0.20118  -3  151
255  450  0034  0.271  0.238   -79   160  0.03294  0.20118  -4  155
255  454  0035  0.263  0.238    30   160  0.03294  0.20118  -2  151
255  458  0036  0.289  0.238   -53   160  0.03294  0.20118  -4  154
255  454  0037  0.277  0.238  -106   161  0.02694  0.20118  -3  156
255  445  0038  0.265  0.238   -96   160  0.03294  0.20118  -4  152
255  453  0039  0.262  0.238   -63   160  0.03294  0.20118  -4  154
255  447  0040  0.267  0.238    77   160  0.03294  0.20118  -4  157
255  457  0041  0.286  0.238   -57   160  0.03294  0.20118  -4  154
255  454  0042  0.261  0.238     1   160  0.03294  0.20118  -2  155
255  451  0043  0.282  0.238  -104   160  0.03294  0.20118  -3  155
255  457  0044  0.290  0.238  -107   160  0.03294  0.20118  -4  156
255  469  0045  0.261  0.270  -148  -148  -0.18306  0.15318  -3  165
255  455  0046  0.289  0.238   138   160  0.03294  0.20118  -3  159
255  448  0047  0.275  0.238   -83   160  0.03294  0.20118  -4  155
255  456  0048  0.262  0.238    12   160  0.03294  0.20118  -1  152
255  513  0049  0.292  0.252   169   164  0.01494  0.21318  -5  158
291  450  0000  0.266  0.238  -131   160  0.03294  0.20118  -4  162
291  476  0001  0.292  0.252   177  -172  -0.08106  0.19518  -4  163
291  459  0002  0.282  0.238    45   160  0.03294  0.20118  -4  156
291  509  0003  0.277  0.276  -150  -149  -0.18306  0.15918  -3  167
291  445  0004  0.266  0.238   -82   160  0.03294  0.20118  -3  155
291  453  0005  0.292  0.238    84   160  0.03294  0.20118  -4  159
291  440  0006  0.260  0.238   -17   160  0.03294  0.20118  -2  152
291  451  0007  0.280  0.238   137   160  0.03294  0.20118  -3  162
291  447  0008  0.260  0.238   -50   160  0.03294  0.20118  -4  150
291  453  0009  0.275  0.238  -136   160  0.03294  0.20118  -4  163
291  460  0010  0.287  0.238   -70   160  0.03294  0.20118  -4  159
291  449  0011  0.262  0.238  -136   160  0.03294  0.20118  -4  164
291  518  0012  0.282  0.250   178  -174  -0.07506  0.19518  -4  165
291  450  0013  0.273  0.238    91   160  0.03294  0.20118  -4  159
291  451  0014  0.259  0.238   -71   160  0.03294  0.20118  -4  156
291  447  0015  0.265  0.238  -106   160  0.03294  0.20118  -4  158
291  695  0016  0.259  0.245   161   161  0.02694  0.20718  -7  162
291  454  0017  0.290  0.238    74   160  0.03294  0.20118  -3  159
291  455  0018  0.264  0.238    69   160  0.03294  0.20118  -4  158
291  450  0019  0.268  0.238  -111   160  0.03294  0.20118  -4  159
291  448  0020  0.262  0.238   -31   160  0.03294  0.20118  -2  151
291  463  0021  0.291  0.238    11   160  0.03294  0.20118  -1  158
291  456  0022  0.277  0.238   -55   160  0.03294  0.20118  -4  153
291  467  0023  0.288  0.284  -144  -146  -0.20106  0.15318  -4  166
291  457  0024  0.294  0.238    89   160  0.03294  0.20118  -4  157
291  456  0025  0.294  0.238    99   160  0.03294  0.20118  -4  154
291  551  0026  0.269  0.247   176   170  -0.00906  0.20718  -5  166
291  448  0027  0.277  0.238   -95   160  0.03294  0.20118  -4  153
291  511  0028  0.288  0.252   179  -172  -0.08106  0.19518  -4  163
291  478  0029  0.294  0.245   175   166  0.00894  0.20718  -4  162
291  454  0030  0.269  0.238     9   160  0.03294  0.20118  -1  155
291  457  0031  0.285  0.238   102   160  0.03294  0.20118  -4  155
291  461  0032  0.291  0.238   116   160  0.03294  0.20118  -3  155
291  461  0033  0.288  0.238    28   160  0.03294  0.20118  -1  155
291  464  0034  0.295  0.238  -128   160  0.03294  0.20118  -4  159
291  448  0035  0.267  0.238  -116   160  0.03294  0.20118  -4  160
291  457  0036  0.283  0.238   119   160  0.03294  0.20118  -3  157
291  466  0037  0.295  0.238   -37   160  0.03294  0.20118  -3  158
291  450  0038  0.260  0.238   115   160  0.03294  0.20118  -4  159
291  456  0039  0.283  0.238   125   160  0.03294  0.20118  -3  160
291  447  0040  0.268  0.238   -48   160  0.03294  0.20118  -4  151
291  453  0041  0.280  0.238   -83   160  0.03294  0.20118  -4  156
291  613  0042  0.286  0.264  -173  -170  -0.09306  0.20118  -5  162
291  449  0043  0.285  0.238  -102   160  0.03294  0.20118  -4  155
291  506  0044  0.267  0.234   141   146  0.08694  0.18918  -3  163
291  449  0045  0.276  0.238    99   160  0.03294  0.20118  -4  157
291  450  0046  0.279  0.238    78   160  0.03294  0.20118  -3  159
291  457  0047  0.281  0.238    -9   160  0.03294  0.20118  -3  158
291  456  0048  0.286  0.238    18   160  0.03294  0.20118  -1  156
291  458  0049  0.270  0.238    66   160  0.03294  0.20118  -4  159
327  458  0000  0.289  0.238   -43   160  0.03294  0.20118  -3  155
327  452  0001  0.271  0.238    99   160  0.03294  0.20118  -4  158
327  635  0002  0.277  0.246   157   159  0.03894  0.20718  -6  160
327  485  0003  0.295  0.252   178  -172  -0.08106  0.19518  -4  164
327  440  0004  0.266  0.238   -99   160  0.03294  0.20118  -4  155
327  459  0005  0.287  0.238  -129   160  0.03294  0.20118  -4  161
327  454  0006  0.269  0.238    67   160  0.03294  0.20118  -4  160
327  455  0007  0.285  0.238   -44   160  0.03294  0.20118  -3  155
327  458  0008  0.283  0.238    29   160  0.03294  0.20118  -1  155
327  458  0009  0.287  0.238   -51   160  0.03294  0.20118  -4  155
327  453  0010  0.261  0.238    53   160  0.03294  0.20118  -5  161
327  457  0011  0.283  0.238    46   160  0.03294  0.20118  -4  158
327  460  0012  0.292  0.238  -121   160  0.03294  0.20118  -4  159
327  445  0013  0.265  0.238    81   160  0.03294  0.20118  -3  160
327  451  0014  0.266  0.238    17   160  0.03294  0.20118  -1  153
327  453  0015  0.278  0.238   -21   160  0.03294  0.20118  -3  157
327  455  0016  0.275  0.238   -62   160  0.03294  0.20118  -4  156
327  438  0017  0.259  0.238   -16   160  0.03294  0.20118  -3  153
327  464  0018  0.293  0.238    36   160  0.03294  0.20118  -2  155
327  455  0019  0.263  0.238   -67   160  0.03294  0.20118  -5  156
327  447  0020  0.260  0.238    84   160  0.03294  0.20118  -3  160
327  456  0021  0.285  0.238    93   160  0.03294  0.20118  -4  158
327  461  0022  0.287  0.238    50   160  0.03294  0.20118  -4  161
327  638  0023  0.268  0.250  -178  -174  -0.07506  0.19518  -6  166
327  451  0024  0.263  0.238     5   160  0.03294  0.20118  -1  155
327  454  0025  0.261  0.238    60   160  0.03294  0.20118  -5  161
327  456  0026  0.276  0.238    67   160  0.03294  0.20118  -4  160
327  585  0027  0.295  0.275  -161  -163  -0.12906  0.19518  -3  165
327  461  0028  0.289  0.238   113   160  0.03294  0.20118  -3  155
327  447  0029  0.262  0.239    87   158  0.03894  0.20118  -4  161
327  515  0030  0.287  0.284  -145  -146  -0.20106  0.15318  -4  167
327  450  0031  0.280  0.238   -21   160  0.03294  0.20118  -3  157
327  457  0032  0.282  0.238   -39   160  0.03294  0.20118  -3  155
327  457  0033  0.280  0.238    44   160  0.03294  0.20118  -4  157
327  451  0034  0.273  0.238   130   160  0.03294  0.20118  -3  164
327  671  0035  0.277  0.264  -173  -170  -0.09306  0.20118  -5  164
327  447  0036  0.270  0.238  -114   160  0.03294  0.20118  -4  161
327  650  0037  0.271  0.252   169   166  0.00894  0.21318  -7  164
327  458  0038  0.272  0.238    38   160  0.03294  0.20118  -3  153
327  455  0039  0.260  0.238    33   160  0.03294  0.20118  -2  151
327  703  0040  0.271  0.266  -166  -166  -0.11106  0.19518  -5  166
327  458  0041  0.269  0.238   -66   160  0.03294  0.20118  -4  157
327  457  0042  0.282  0.238   -18   160  0.03294  0.20118  -3  158
327  464  0043  0.289  0.238   -26   160  0.03294  0.20118  -3  159
327  464  0044  0.290  0.238   133   160  0.03294  0.20118  -2  162
327  458  0045  0.284  0.238   -12   160  0.03294  0.20118  -3  159
327  447  0046  0.269  0.238   -81   160  0.03294  0.20118  -4  156
327  458  0047  0.291  0.238   -61   160  0.03294  0.20118  -4  158
327  458  0048  0.291  0.238   -58   160  0.03294  0.20118  -3  157
327  464  0049  0.287  0.238   115   160  0.03294  0.20118  -3  156
364  464  0000  0.290  0.238   -36   160  0.03294  0.20118  -3  159
364  451  0001  0.276  0.238  -110   161  0.02694  0.20118  -4  161
364  446  0002  0.276  0.238    78   160  0.03294  0.20118  -4  161
364  455  0003  0.278  0.238   -60   160  0.03294  0.20118  -4  157
364  470  0004  0.272  0.275  -140  -142  -0.20706  0.13518  -5  168
364  443  0005  0.276  0.238    86   160  0.03294  0.20118  -3  162
364  461  0006  0.288  0.238   112   160  0.03294  0.20118  -4  155
364  442  0007  0.265  0.238    99   160  0.03294  0.20118  -4  161
364  663  0008  0.271  0.247   154   156  0.05094  0.20718  -6  162
364  546  0009  0.284  0.254   175   170  -0.00906  0.21318  -5  166
364  449  0010  0.270  0.238   -34   160  0.03294  0.20118  -2  154
364  681  0011  0.259  0.246   172   168  -0.00306  0.20718  -6  168
364  453  0012  0.276  0.238   121   160  0.03294  0.20118  -4  162
364  447  0013  0.274  0.238  -108   161  0.02694  0.20118  -4  160
364  449  0014  0.280  0.238  -112   160  0.03294  0.20118  -4  161
364  455  0015  0.283  0.238  -105   161  0.02694  0.20118  -4  158
364  446  0016  0.270  0.238   -48   160  0.03294  0.20118  -3  152
364  456  0017  0.267  0.238    39   160  0.03294  0.20118  -3  154
364  455  0018  0.279  0.238   -22   160  0.03294  0.20118  -3  157
364  462  0019  0.284  0.238   109   160  0.03294  0.20118  -4  155
364  557  0020  0.291  0.290  -149  -148  -0.19506  0.16518  -4  168
364  457  0021  0.272  0.238    23   160  0.03294  0.20118  -0  155
364  441  0022  0.260  0.238    77   160  0.03294  0.20118  -4  160
364  437  0023  0.262  0.238   -15   160  0.03294  0.20118  -2  154
364  450  0024  0.283  0.238    18   160  0.03294  0.20118  -0  158
364  454  0025  0.274  0.238   126   160  0.03294  0.20118  -3  164
364  452  0026  0.261  0.238   110   160  0.03294  0.20118  -4  161
364  447  0027  0.268  0.238   -36   160  0.03294  0.20118  -3  153
364  689  0028  0.284  0.267  -171  -169  -0.09906  0.20118  -6  165
364  443  0029  0.271  0.238   -97   160  0.03294  0.20118  -4  154
364  454  0030  0.259  0.238    59   160  0.03294  0.20118  -5  163
364  447  0031  0.271  0.238   -25   160  0.03294  0.20118  -3  155
364  447  0032  0.270  0.238   -24   160  0.03294  0.20118  -3  154
364  452  0033  0.266  0.238   -64   160  0.03294  0.20118  -4  157
364  466  0034  0.294  0.238  -127   160  0.03294  0.20118  -4  161
364  597  0035  0.286  0.259  -178  -173  -0.08106  0.20118  -6  165
364  453  0036  0.274  0.238   -38   160  0.03294  0.20118  -3  154
364  451  0037  0.268  0.238    46   160  0.03294  0.20118  -5  158
364  451  0038  0.267  0.238   -62   160  0.03294  0.20118  -4  156
364  457  0039  0.286  0.238   -62   160  0.03294  0.20118  -4  159
364  488  0040  0.292  0.250   177  -174  -0.07506  0.19518  -4  166
364  447  0041  0.273  0.238   -13   160  0.03294  0.20118  -3  157
364  453  0042  0.278  0.238    66   160  0.03294  0.20118  -4  162
364  457  0043  0.282  0.238  -138   160  0.03294  0.20118  -3  168
364  456  0044  0.279  0.238   -70   161  0.02694  0.20118  -4  161
364  456  0045  0.289  0.238    -4   160  0.03294  0.20118  -2  162
364  453  0046  0.274  0.238   -35   160  0.03294  0.20118  -2  155
364  566  0047  0.265  0.270  -147  -148  -0.18306  0.15318  -4  169
364  455  0048  0.282  0.238   104   160  0.03294  0.20118  -4  156
364  443  0049  0.273  0.238   -20   160  0.03294  0.20118  -3  156
400  457  0000  0.280  0.238   -57   160  0.03294  0.20118  -4  157
400  436  0001  0.266  0.238   -16   160  0.03294  0.20118  -2  155
400  487  0002  0.292  0.313   -77   -75  -0.27906  -0.13482  -6  162
400  447  0003  0.259  0.238   -70   160  0.03294  0.20118  -4  158
400  459  0004  0.286  0.238    29   160  0.03294  0.20118  -1  157
400  453  0005  0.293  0.238  -102   160  0.03294  0.20118  -4  157
400  447  0006  0.274  0.238   -19   160  0.03294  0.20118  -3  157
400  640  0007  0.285  0.252   159   160  0.03294  0.21318  -7  160
400  453  0008  0.293  0.238    82   160  0.03294  0.20118  -4  163
400  451  0009  0.269  0.275   126   127  0.17694  0.18918  -4  166
400  459  0010  0.290  0.238    -9   160  0.03294  0.20118  -3  163
400  454  0011  0.275  0.238   110   160  0.03294  0.20118  -4  159
400  443  0012  0.278  0.238    79   160  0.03294  0.20118  -4  163
400  461  0013  0.271  0.238    33   160  0.03294  0.20118  -2  154
400  444  0014  0.280  0.238  -101   160  0.03294  0.20118  -4  157
400  454  0015  0.283  0.238    69   160  0.03294  0.20118  -3  163
400  456  0016  0.278  0.238    37   160  0.03294  0.20118  -3  155
400  624  0017  0.266  0.268  -157  -158  -0.14706  0.17718  -3  172
400  444  0018  0.264  0.238  -118   160  0.03294  0.20118  -5  164
400  542  0019  0.279  0.238   145   149  0.07494  0.19518  -4  164
400  456  0020  0.260  0.238    33   160  0.03294  0.20118  -2  152
400  607  0021  0.293  0.268  -176  -172  -0.08706  0.20718  -6  165
400  461  0022  0.286  0.238   112   160  0.03294  0.20118  -4  157
400  500  0023  0.295  0.294  -140  -141  -0.22506  0.14118  -5  168
400  451  0024  0.269  0.238    69   160  0.03294  0.20118  -4  162
400  784  0025  0.265  0.263  -167  -167  -0.10506  0.19518  -5  169
400  766  0026  0.262  0.245   163   161  0.02694  0.20718  -8  166
400  451  0027  0.283  0.238    92   160  0.03294  0.20118  -4  161
400  450  0028  0.264  0.238   106   160  0.03294  0.20118  -4  161
400  464  0029  0.290  0.238   127   160  0.03294  0.20118  -3  163
400  608  0030  0.280  0.280  -149  -148  -0.18906  0.15918  -4  170
400  706  0031  0.266  0.250  -178  -174  -0.07506  0.19518  -6  169
400  457  0032  0.282  0.238   -60   160  0.03294  0.20118  -4  158
400  454  0033  0.266  0.238   108   160  0.03294  0.20118  -4  161
400  597  0034  0.289  0.290  -149  -148  -0.19506  0.16518  -4  169
400  458  0035  0.292  0.238    -7   160  0.03294  0.20118  -3  164
400  611  0036  0.267  0.268  -154  -153  -0.16506  0.16518  -3  172
400  749  0037  0.262  0.246   156   157  0.04494  0.20718  -7  165
400  461  0038  0.294  0.302     2     1  0.06894  -0.24282  -3  164
400  454  0039  0.290  0.238   138   160  0.03294  0.20118  -2  165
400  448  0040  0.264  0.238    64   160  0.03294  0.20118  -4  163
400  445  0041  0.262  0.238  -103   161  0.02694  0.20118  -3  159
400  449  0042  0.289  0.238    78   160  0.03294  0.20118  -4  163
400  436  0043  0.264  0.238   -23   160  0.03294  0.20118  -3  154
400  447  0044  0.263  0.238  -106   161  0.02694  0.20118  -4  161
400  443  0045  0.265  0.238   -50   160  0.03294  0.20118  -4  152
400  446  0046  0.263  0.238   126   160  0.03294  0.20118  -4  167
400  447  0047  0.264  0.238  -121   160  0.03294  0.20118  -5  164
400  454  0048  0.286  0.238     4   160  0.03294  0.20118  -1  163
400  736  0049  0.267  0.252   167   166  0.00894  0.21318  -8  166
436  701  0000  0.280  0.252   160   160  0.03294  0.21318  -8  163
436  662  0001  0.271  0.243   149   151  0.06894  0.20118  -6  165
436  454  0002  0.294  0.238    82   160  0.03294  0.20118  -4  164
436  448  0003  0.279  0.238    71   160  0.03294  0.20118  -4  164
436  441  0004  0.259  0.238    50   160  0.03294  0.20118  -5  163
436  445  0005  0.271  0.238    47   160  0.03294  0.20118  -5  162
436  468  0006  0.271  0.281    -3    -2  0.04494  -0.23082  -2  161
436  448  0007  0.270  0.238    13   160  0.03294  0.20118  0  157
436  450  0008  0.279  0.309   -21   -21  -0.05106  -0.26082  -4  159
436  458  0009  0.294  0.238   -63   160  0.03294  0.20118  -4  163
436  469  0010  0.288  0.294    77    76  0.29094  0.01518  -5  164
436  593  0011  0.278  0.252   178  -177  -0.06306  0.20118  -5  172
436  719  0012  0.264  0.254  -179  -175  -0.06906  0.20118  -6  172
436  441  0013  0.267  0.238   -79   160  0.03294  0.20118  -4  160
436  734  0014  0.278  0.261  -175  -172  -0.08706  0.20118  -6  169
436  454  0015  0.287  0.238    74   160  0.03294  0.20118  -3  164
436  461  0016  0.288  0.238  -131   160  0.03294  0.20118  -5  167
436  467  0017  0.286  0.304   -70   -71  -0.26106  -0.14682  -6  163
436  458  0018  0.276  0.238   118   160  0.03294  0.20118  -4  163
436  445  0019  0.261  0.238    43   160  0.03294  0.20118  -4  158
436  464  0020  0.284  0.238    36   160  0.03294  0.20118  -2  157
436  518  0021  0.291  0.318    21    21  0.17094  -0.21282  -0  159
436  776  0022  0.266  0.252   161   162  0.02694  0.21318  -9  166
436  441  0023  0.280  0.238   -90   160  0.03294  0.20118  -4  156
436  657  0024  0.271  0.252   179  -177  -0.06306  0.20118  -6  172
436  452  0025  0.277  0.238  -128   160  0.03294  0.20118  -5  166
436  443  0026  0.265  0.238   -45   160  0.03294  0.20118  -4  152
436  448  0027  0.288  0.238   -95   160  0.03294  0.20118  -5  156
436  804  0028  0.270  0.263  -169  -167  -0.10506  0.19518  -6  170
436  453  0029  0.275  0.238    65   160  0.03294  0.20118  -4  165
436  798  0030  0.261  0.246   159   159  0.03894  0.20718  -8  167
436  451  0031  0.269  0.238    43   160  0.03294  0.20118  -4  158
436  436  0032  0.260  0.238    80   160  0.03294  0.20118  -3  164
436  449  0033  0.290  0.238  -116   160  0.03294  0.20118  -4  163
436  456  0034  0.274  0.238    31   160  0.03294  0.20118  -1  155
436  453  0035  0.283  0.238    27   160  0.03294  0.20118  -0  158
436  630  0036  0.289  0.285  -148  -147  -0.19506  0.15918  -5  170
436  446  0037  0.277  0.238   -15   160  0.03294  0.20118  -2  160
436  450  0038  0.276  0.238   -43   160  0.03294  0.20118  -3  155
436  442  0039  0.265  0.238    71   160  0.03294  0.20118  -4  163
436  443  0040  0.273  0.238   -80   160  0.03294  0.20118  -4  160
436  445  0041  0.261  0.238   112   160  0.03294  0.20118  -4  164
436  459  0042  0.283  0.238    35   160  0.03294  0.20118  -2  156
436  457  0043  0.281  0.238   -40   160  0.03294  0.20118  -2  158
436  448  0044  0.277  0.238  -108   160  0.03294  0.20118  -4  163
436  454  0045  0.292  0.238    99   160  0.03294  0.20118  -4  158
436  441  0046  0.270  0.238    95   160  0.03294  0.20118  -4  164
436  537  0047  0.289  0.289  -140  -141  -0.21906  0.14118  -5  169
436  447  0048  0.271  0.238   -43   160  0.03294  0.20118  -3  153
436  439  0049  0.266  0.238    79   160  0.03294  0.20118  -3  164
473  548  0000  0.292  0.311   -73   -74  -0.27306  -0.14082  -6  164
473  449  0001  0.269  0.282    82    79  0.27894  0.02718  -5  166
473  458  0002  0.270  0.282    75    75  0.27894  0.00918  -5  165
473  459  0003  0.293  0.238   -56   160  0.03294  0.20118  -3  161
473  830  0004  0.273  0.266  -166  -166  -0.11106  0.19518  -5  172
473  438  0005  0.272  0.238   -19   160  0.03294  0.20118  -3  159
473  450  0006  0.270  0.238   -63   160  0.03294  0.20118  -4  161
473  500  0007  0.293  0.297  -135  -135  -0.24306  0.12318  -6  168
473  764  0008  0.273  0.252   159   160  0.03294  0.21318  -8  165
473  454  0009  0.292  0.238    71   160  0.03294  0.20118  -3  166
473  453  0010  0.262  0.224   110   107  0.19494  0.10518  -3  166
473  458  0011  0.289  0.238   -56   160  0.03294  0.20118  -3  160
473  456  0012  0.280  0.238   112   160  0.03294  0.20118  -4  161
473  443  0013  0.261  0.275    79    78  0.27294  0.02118  -5  165
473  451  0014  0.270  0.286    65    62  0.27294  -0.04482  -5  166
473  590  0015  0.284  0.243   149   151  0.06894  0.20118  -5  164
473  451  0016  0.280  0.238    67   160  0.03294  0.20118  -4  167
473  546  0017  0.290  0.316   -21   -21  -0.05106  -0.26682  -5  162
473  755  0018  0.275  0.252   161   162  0.02694  0.21318  -8  165
473  629  0019  0.293  0.283  -155  -154  -0.17106  0.17718  -3  172
473  526  0020  0.294  0.300    51    51  0.26694  -0.09282  -7  165
473  452  0021  0.272  0.238   -60   160  0.03294  0.20118  -4  159
473  448  0022  0.275  0.238  -121   160  0.03294  0.20118  -5  166
473  459  0023  0.277  0.238    33   160  0.03294  0.20118  -1  157
473  439  0024  0.275  0.238   -88   160  0.03294  0.20118  -4  157
473  450  0025  0.270  0.238   -31   160  0.03294  0.20118  -2  157
473  432  0026  0.266  0.238   -92   160  0.03294  0.20118  -3  155
473  551  0027  0.276  0.289    54    54  0.26094  -0.08082  -7  165
473  665  0028  0.283  0.253   156   157  0.04494  0.21318  -8  162
473  669  0029  0.277  0.274  -155  -154  -0.16506  0.17118  -3  174
473  528  0030  0.289  0.285   133   132  0.16494  0.20718  -4  166
473  452  0031  0.291  0.238   -87   160  0.03294  0.20118  -5  160
473  449  0032  0.288  0.238  -107   161  0.02694  0.20118  -4  163
473  471  0033  0.290  0.301   -83   -80  -0.27906  -0.11082  -7  162
473  551  0034  0.284  0.244   146   150  0.07494  0.20118  -4  165
473  457  0035  0.284  0.238  -126   160  0.03294  0.20118  -5  167
473  448  0036  0.262  0.238     5   160  0.03294  0.20118  0  160
473  741  0037  0.262  0.252  -180  -177  -0.06306  0.20118  -6  174
473  435  0038  0.261  0.238   -94   160  0.03294  0.20118  -4  155
473  510  0039  0.265  0.271  -137  -139  -0.21306  0.12318  -7  171
473  450  0040  0.280  0.238  -117   160  0.03294  0.20118  -4  166
473  716  0041  0.277  0.253   156   157  0.04494  0.21318  -8  163
473  434  0042  0.266  0.238   -83   160  0.03294  0.20118  -4  158
473  449  0043  0.284  0.238  -110   161  0.02694  0.20118  -4  164
473  451  0044  0.279  0.292    -9    -6  0.02694  -0.24282  -3  163
473  473  0045  0.283  0.299   -69   -71  -0.25506  -0.14682  -6  164
473  515  0046  0.276  0.290    62    60  0.27294  -0.05682  -7  166
473  496  0047  0.288  0.239   143   148  0.08094  0.19518  -3  166
473  666  0048  0.266  0.275  -147  -147  -0.18906  0.15318  -5  172
473  454  0049  0.273  0.238   -66   160  0.03294  0.20118  -4  163
509  603  0000  0.287  0.295    57    57  0.27294  -0.06882  -8  167
509  503  0001  0.280  0.318    21    21  0.17094  -0.21282  1  160
509  666  0002  0.267  0.241   144   146  0.08694  0.19518  -6  170
509  453  0003  0.289  0.238  -107   161  0.02694  0.20118  -4  164
509  494  0004  0.284  0.286  -127  -127  -0.25506  0.08718  -6  168
509  790  0005  0.293  0.282  -167  -166  -0.11706  0.20718  -5  170
509  499  0006  0.280  0.307    10    10  0.11694  -0.23082  -1  162
509  714  0007  0.285  0.259   164   163  0.02094  0.21918  -8  166
509  465  0008  0.264  0.282   -71   -72  -0.24306  -0.13482  -6  163
509  637  0009  0.275  0.246   146   148  0.08094  0.20118  -6  168
509  559  0010  0.285  0.282   135   133  0.15894  0.20718  -5  169
509  595  0011  0.293  0.294  -140  -141  -0.22506  0.14118  -6  171
509  521  0012  0.263  0.229    98    98  0.21294  0.08118  -4  166
509  449  0013  0.263  0.238    40   160  0.03294  0.20118  -3  157
509  699  0014  0.286  0.280  -149  -148  -0.18906  0.15918  -5  173
509  449  0015  0.263  0.238    32   160  0.03294  0.20118  -1  155
509  503  0016  0.262  0.267  -131  -130  -0.23106  0.09318  -7  170
509  770  0017  0.265  0.254   173   170  -0.00906  0.21318  -8  174
509  451  0018  0.269  0.238    26   160  0.03294  0.20118  1  157
509  444  0019  0.281  0.238    91   160  0.03294  0.20118  -4  167
509  574  0020  0.286  0.243   148   151  0.06894  0.20118  -5  165
509  441  0021  0.261  0.272    47    49  0.23694  -0.09282  -6  163
509  493  0022  0.267  0.269  -126  -125  -0.24306  0.07518  -7  168
509  439  0023  0.270  0.238   -12   160  0.03294  0.20118  -2  162
509  485  0024  0.265  0.284   -73   -74  -0.24906  -0.12882  -6  163
509  464  0025  0.295  0.238  -125   160  0.03294  0.20118  -5  167
509  481  0026  0.264  0.247    92    92  0.23694  0.06918  -5  167
509  448  0027  0.262  0.238    21   160  0.03294  0.20118  1  156
509  522  0028  0.295  0.300    82    80  0.29694  0.03318  -6  165
509  517  0029  0.274  0.282  -131  -131  -0.24306  0.09918  -8  170
509  562  0030  0.271  0.286    60    58  0.26694  -0.06282  -7  166
509  530  0031  0.266  0.272  -136  -137  -0.21906  0.11718  -8  171
509  632  0032  0.284  0.249   151   153  0.06294  0.20718  -6  164
509  447  0033  0.280  0.238  -106   161  0.02694  0.20118  -4  164
509  455  0034  0.284  0.238   -52   160  0.03294  0.20118  -3  159
509  491  0035  0.280  0.294   -69   -70  -0.24906  -0.14682  -6  164
509  445  0036  0.267  0.238    45   160  0.03294  0.20118  -5  163
509  455  0037  0.293  0.238  -120   160  0.03294  0.20118  -5  166
509  438  0038  0.260  0.238   -41   160  0.03294  0.20118  -3  152
509  651  0039  0.293  0.259   162   162  0.02694  0.21918  -8  163
509  447  0040  0.285  0.238    99   160  0.03294  0.20118  -4  162
509  522  0041  0.283  0.241   142   146  0.08694  0.19518  -4  169
509  488  0042  0.285  0.294    84    82  0.29094  0.03918  -6  166
509  487  0043  0.272  0.286    65    62  0.27294  -0.04482  -6  167
509  467  0044  0.262  0.262   112   113  0.21294  0.14118  -6  165
509  759  0045  0.287  0.279  -161  -162  -0.13506  0.19518  -4  173
509  452  0046  0.284  0.238   -42   160  0.03294  0.20118  -2  160
509  500  0047  0.277  0.288    82    81  0.28494  0.03318  -6  166
509  519  0048  0.269  0.278  -134  -134  -0.23106  0.11118  -7  171
509  445  0049  0.265  0.238   -28   160  0.03294  0.20118  -2  157
73  460  0000  0.280  0.238  -109   160  0.03294  0.20118  -3  155
73  458  0001  0.262  0.238    82   160  0.03294  0.20118  -3  155
73  455  0002  0.262  0.238   139   160  0.03294  0.20118  -3  156
73  460  0003  0.268  0.238    66   160  0.03294  0.20118  -3  154
73  465  0004  0.296  0.238   -80   160  0.03294  0.20118  -3  155
73  459  0005  0.286  0.238   -94   160  0.03294  0.20118  -4  153
73  459  0006  0.277  0.238  -109   160  0.03294  0.20118  -3  155
73  515  0007  0.260  0.239   157   158  0.03894  0.20118  -4  156
73  458  0008  0.273  0.238  -160   160  0.03294  0.20118  -3  158
73  457  0009  0.273  0.238    23   160  0.03294  0.20118  -2  153
73  476  0010  0.286  0.260  -167  -169  -0.09906  0.19518  -4  156
73  460  0011  0.295  0.238  -112   160  0.03294  0.20118  -4  154
73  457  0012  0.280  0.238     0   160  0.03294  0.20118  -3  154
73  460  0013  0.267  0.238  -141   160  0.03294  0.20118  -3  157
73  462  0014  0.279  0.238    19   160  0.03294  0.20118  -3  154
73  464  0015  0.273  0.238   -71   160  0.03294  0.20118  -3  154
73  461  0016  0.274  0.238     5   160  0.03294  0.20118  -3  154
73  462  0017  0.275  0.238   -37   160  0.03294  0.20118  -3  153
73  462  0018  0.274  0.238   -24   160  0.03294  0.20118  -3  154
73  466  0019  0.276  0.239   146   158  0.03894  0.20118  -3  155
73  459  0020  0.293  0.238  -144   160  0.03294  0.20118  -3  156
73  461  0021  0.284  0.238    -4   160  0.03294  0.20118  -3  155
73  461  0022  0.278  0.238   -23   160  0.03294  0.20118  -3  154
73  473  0023  0.265  0.254  -163  -168  -0.09906  0.18918  -4  157
73  461  0024  0.271  0.238   -38   160  0.03294  0.20118  -3  153
73  459  0025  0.287  0.238    79   160  0.03294  0.20118  -3  155
73  462  0026  0.294  0.238    17   160  0.03294  0.20118  -2  154
73  458  0027  0.260  0.238    89   160  0.03294  0.20118  -3  155
73  475  0028  0.293  0.239   154   158  0.03894  0.20118  -3  154
73  463  0029  0.264  0.238    61   160  0.03294  0.20118  -3  155
73  483  0030  0.279  0.238   169   161  0.02694  0.20118  -3  156
73  464  0031  0.288  0.238  -148   160  0.03294  0.20118  -3  157
73  463  0032  0.280  0.238   -74   160  0.03294  0.20118  -3  155
73  460  0033  0.287  0.239   145   158  0.03894  0.20118  -3  155
73  469  0034  0.269  0.245  -178  -172  -0.08106  0.18918  -4  157
73  463  0035  0.295  0.238   -87   160  0.03294  0.20118  -3  154
73  488  0036  0.264  0.260  -167  -169  -0.09906  0.19518  -5  157
73  461  0037  0.290  0.238    29   160  0.03294  0.20118  -3  154
73  459  0038  0.274  0.238  -102   160  0.03294  0.20118  -3  154
73  458  0039  0.283  0.238    22   160  0.03294  0.20118  -3  154
73  483  0040  0.271  0.239   150   157  0.04494  0.20118  -4  155
73  459  0041  0.294  0.238  -159   160  0.03294  0.20118  -3  157
73  458  0042  0.262  0.238   -83   160  0.03294  0.20118  -4  153
73  460  0043  0.275  0.238   136   160  0.03294  0.20118  -3  156
73  457  0044  0.264  0.238   -48   160  0.03294  0.20118  -3  153
73  459  0045  0.274  0.238  -107   160  0.03294  0.20118  -3  154
73  464  0046  0.285  0.238   -35   160  0.03294  0.20118  -3  154
73  458  0047  0.276  0.238   -98   160  0.03294  0.20118  -3  153
73  463  0048  0.263  0.238    59   160  0.03294  0.20118  -3  155
73  463  0049  0.294  0.238   101   160  0.03294  0.20118  -3  153
109  485  0000  0.282  0.245   170   163  0.02094  0.20718  -4  157
109  461  0001  0.268  0.238  -146   160  0.03294  0.20118  -3  159
109  459  0002  0.293  0.238    25   160  0.03294  0.20118  -2  154
109  458  0003  0.264  0.238    50   160  0.03294  0.20118  -3  155
109  534  0004  0.261  0.239   155   157  0.04494  0.20118  -4  157
109  459  0005  0.272  0.238   -34   160  0.03294  0.20118  -3  153
109  456  0006  0.268  0.238   -28   160  0.03294  0.20118  -3  153
109  461  0007  0.274  0.238    28   160  0.03294  0.20118  -2  153
109  463  0008  0.293  0.238   133   160  0.03294  0.20118  -3  155
109  467  0009  0.294  0.238   125   160  0.03294  0.20118  -3  155
109  461  0010  0.295  0.238   103   160  0.03294  0.20118  -4  153
109  457  0011  0.278  0.238   -94   160  0.03294  0.20118  -3  152
109  460  0012  0.291  0.238    43   160  0.03294  0.20118  -4  154
109  458  0013  0.293  0.238   142   160  0.03294  0.20118  -3  155
109  455  0014  0.266  0.238   -56   160  0.03294  0.20118  -3  153
109  457  0015  0.260  0.238  -102   160  0.03294  0.20118  -3  154
109  462  0016  0.294  0.238   -16   160  0.03294  0.20118  -3  155
109  456  0017  0.272  0.238    98   160  0.03294  0.20118  -3  155
109  509  0018  0.270  0.245   169   163  0.02094  0.20718  -5  157
109  496  0019  0.286  0.239   155   158  0.03894  0.20118  -4  154
109  517  0020  0.276  0.239   157   158  0.03894  0.20118  -4  156
109  460  0021  0.291  0.238    26   160  0.03294  0.20118  -3  154
109  465  0022  0.295  0.238   -19   160  0.03294  0.20118  -3  155
109  460  0023  0.284  0.238   126   160  0.03294  0.20118  -3  156
109  456  0024  0.269  0.238   -23   160  0.03294  0.20118  -3  153
109  519  0025  0.263  0.260  -167  -169  -0.09906  0.19518  -4  158
109  461  0026  0.293  0.238   140   160  0.03294  0.20118  -3  155
109  459  0027  0.266  0.238  -106   160  0.03294  0.20118  -3  155
109  461  0028  0.269  0.238   -67   160  0.03294  0.20118  -4  154
109  462  0029  0.281  0.238   -13   160  0.03294  0.20118  -3  154
109  457  0030  0.267  0.238   -10   160  0.03294  0.20118  -3  154
109  459  0031  0.279  0.238  -107   160  0.03294  0.20118  -3  155
109  455  0032  0.273  0.238   123   160  0.03294  0.20118  -3  155
109  459  0033  0.287  0.238     4   160  0.03294  0.20118  -3  155
109  462  0034  0.269  0.238    28   160  0.03294  0.20118  -3  153
109  458  0035  0.282  0.238  -119   160  0.03294  0.20118  -4  155
109  452  0036  0.261  0.238   -11   160  0.03294  0.20118  -3  153
109  464  0037  0.289  0.238   -70   160  0.03294  0.20118  -4  155
109  460  0038  0.282  0.238    13   160  0.03294  0.20118  -2  154
109  463  0039  0.279  0.238   -30   160  0.03294  0.20118  -3  154
109  462  0040  0.285  0.238   -14   160  0.03294  0.20118  -3  154
109  459  0041  0.284  0.238    89   160  0.03294  0.20118  -3  155
109  464  0042  0.286  0.238   133   160  0.03294  0.20118  -3  156
109  457  0043  0.275  0.238    77   160  0.03294  0.20118  -3  155
109  459  0044  0.276  0.238   -20   160  0.03294  0.20118  -3  154
109  459  0045  0.288  0.238  -119   160  0.03294  0.20118  -4  155
109  461  0046  0.290  0.238    18   160  0.03294  0.20118  -2  154
109  460  0047  0.271  0.238   -30   160  0.03294  0.20118  -3  153
109  465  0048  0.295  0.238   128   160  0.03294  0.20118  -3  155
109  458  0049  0.272  0.238   126   160  0.03294  0.20118  -3  156
145  461  0000  0.263  0.238  -136   160  0.03294  0.20118  -4  158
145  463  0001  0.287  0.238    17   160  0.03294  0.20118  -2  154
145  465  0002  0.280  0.238   105   160  0.03294  0.20118  -4  153
145  456  0003  0.260  0.238  -150   160  0.03294  0.20118  -2  161
145  465  0004  0.283  0.238   -37   160  0.03294  0.20118  -3  154
145  461  0005  0.282  0.238  -137   160  0.03294  0.20118  -3  158
145  458  0006  0.281  0.238    22   160  0.03294  0.20118  -2  153
145  462  0007  0.291  0.238   136   160  0.03294  0.20118  -3  156
145  458  0008  0.269  0.238   124   160  0.03294  0.20118  -3  157
145  456  0009  0.272  0.238  -150   160  0.03294  0.20118  -2  161
145  459  0010  0.289  0.238    54   160  0.03294  0.20118  -4  157
145  456  0011  0.289  0.238  -110   160  0.03294  0.20118  -4  155
145  460  0012  0.295  0.238   -59   160  0.03294  0.20118  -3  154
145  461  0013  0.285  0.238  -141   160  0.03294  0.20118  -3  159
145  467  0014  0.293  0.238   -35   160  0.03294  0.20118  -3  155
145  461  0015  0.269  0.238    32   160  0.03294  0.20118  -2  152
145  463  0016  0.295  0.238   -78   160  0.03294  0.20118  -3  156
145  499  0017  0.292  0.257  -174  -170  -0.09306  0.19518  -4  157
145  461  0018  0.266  0.238  -124   160  0.03294  0.20118  -4  156
145  460  0019  0.259  0.238   -61   160  0.03294  0.20118  -4  153
145  453  0020  0.263  0.238   -98   160  0.03294  0.20118  -3  153
145  561  0021  0.264  0.239   159   158  0.03894  0.20118  -4  158
145  462  0022  0.284  0.238    37   160  0.03294  0.20118  -3  153
145  450  0023  0.263  0.238   134   160  0.03294  0.20118  -3  158
145  450  0024  0.266  0.238   137   160  0.03294  0.20118  -3  158
145  459  0025  0.270  0.238  -120   160  0.03294  0.20118  -3  156
145  459  0026  0.272  0.238  -138   160  0.03294  0.20118  -3  159
145  457  0027  0.264  0.238   101   160  0.03294  0.20118  -4  155
145  458  0028  0.279  0.238    53   160  0.03294  0.20118  -4  156
145  461  0029  0.292  0.238    11   160  0.03294  0.20118  -2  155
145  460  0030  0.274  0.238    55   160  0.03294  0.20118  -4  157
145  450  0031  0.259  0.238   137   160  0.03294  0.20118  -3  159
145  460  0032  0.288  0.238   -11   160  0.03294  0.20118  -3  155
145  462  0033  0.282  0.238    19   160  0.03294  0.20118  -2  154
145  463  0034  0.285  0.238   -41   160  0.03294  0.20118  -3  153
145  457  0035  0.272  0.238    94   160  0.03294  0.20118  -4  155
145  459  0036  0.270  0.238   -79   160  0.03294  0.20118  -4  154
145  460  0037  0.286  0.238    -1   160  0.03294  0.20118  -3  156
145  484  0038  0.265  0.245   176   164  0.01494  0.20718  -4  160
145  458  0039  0.279  0.238    88   160  0.03294  0.20118  -3  155
145  459  0040  0.278  0.238  -148   160  0.03294  0.20118  -2  161
145  454  0041  0.263  0.238    -4   160  0.03294  0.20118  -2  154
145  459  0042  0.287  0.238   139   160  0.03294  0.20118  -3  156
145  464  0043  0.270  0.238   111   160  0.03294  0.20118  -3  154
145  463  0044  0.288  0.238    72   160  0.03294  0.20118  -3  156
145  462  0045  0.268  0.238     4   160  0.03294  0.20118  -2  154
145  451  0046  0.265  0.238   126   160  0.03294  0.20118  -3  157
145  460  0047  0.275  0.238     1   160  0.03294  0.20118  -2  155
145  458  0048  0.266  0.238    20   160  0.03294  0.20118  -2  152
145  459  0049  0.275  0.238   -56   160  0.03294  0.20118  -3  153
182  456  0000  0.261  0.238    28   160  0.03294  0.20118  -2  151
182  458  0001  0.281  0.238   136   160  0.03294  0.20118  -3  158
182  544  0002  0.279  0.255  -175  -171  -0.08706  0.19518  -5  159
182  451  0003  0.264  0.238   -95   160  0.03294  0.20118  -4  152
182  455  0004  0.278  0.238  -113   160  0.03294  0.20118  -4  156
182  456  0005  0.269  0.238  -133   160  0.03294  0.20118  -4  158
182  462  0006  0.283  0.238   -84   160  0.03294  0.20118  -4  154
182  457  0007  0.261  0.238    47   160  0.03294  0.20118  -4  155
182  459  0008  0.276  0.238    66   160  0.03294  0.20118  -4  156
182  458  0009  0.294  0.238  -115   160  0.03294  0.20118  -4  155
182  453  0010  0.273  0.238  -155   160  0.03294  0.20118  -2  164
182  456  0011  0.262  0.238    35   160  0.03294  0.20118  -3  151
182  546  0012  0.285  0.266  -165  -166  -0.11106  0.19518  -4  160
182  460  0013  0.278  0.238   -89   160  0.03294  0.20118  -4  152
182  464  0014  0.292  0.238   110   160  0.03294  0.20118  -4  153
182  454  0015  0.267  0.238   116   160  0.03294  0.20118  -4  156
182  456  0016  0.280  0.238  -112   160  0.03294  0.20118  -4  156
182  460  0017  0.296  0.238   -57   160  0.03294  0.20118  -3  155
182  462  0018  0.290  0.238    15   160  0.03294  0.20118  -2  155
182  460  0019  0.291  0.238    70   160  0.03294  0.20118  -3  156
182  460  0020  0.286  0.238    45   160  0.03294  0.20118  -4  155
182  453  0021  0.268  0.238   -38   160  0.03294  0.20118  -3  152
182  462  0022  0.271  0.238    64   160  0.03294  0.20118  -4  156
182  458  0023  0.274  0.238   -74   160  0.03294  0.20118  -4  155
182  452  0024  0.262  0.238  -140   160  0.03294  0.20118  -3  160
182  452  0025  0.265  0.238   118   160  0.03294  0.20118  -4  156
182  456  0026  0.274  0.238    96   160  0.03294  0.20118  -4  156
182  455  0027  0.288  0.238    84   160  0.03294  0.20118  -3  156
182  459  0028  0.281  0.238   -64   160  0.03294  0.20118  -4  155
182  462  0029  0.283  0.238    69   160  0.03294  0.20118  -3  156
182  450  0030  0.279  0.238    86   160  0.03294  0.20118  -3  156
182  452  0031  0.269  0.238   -51   160  0.03294  0.20118  -4  151
182  452  0032  0.268  0.238  -132   160  0.03294  0.20118  -4  158
182  459  0033  0.269  0.238     4   160  0.03294  0.20118  -2  154
182  466  0034  0.295  0.238   -29   160  0.03294  0.20118  -3  156
182  459  0035  0.280  0.238   -30   160  0.03294  0.20118  -3  154
182  458  0036  0.272  0.238   -33   160  0.03294  0.20118  -3  153
182  477  0037  0.295  0.269  -160  -165  -0.11706  0.19518  -3  160
182  459  0038  0.281  0.238   -44   160  0.03294  0.20118  -3  152
182  456  0039  0.273  0.238  -136   160  0.03294  0.20118  -4  159
182  505  0040  0.279  0.252  -180  -172  -0.08106  0.19518  -4  160
182  458  0041  0.273  0.238   -60   160  0.03294  0.20118  -4  153
182  459  0042  0.279  0.238     8   160  0.03294  0.20118  -2  155
182  458  0043  0.277  0.238    -6   160  0.03294  0.20118  -3  155
182  587  0044  0.265  0.255  -173  -171  -0.08706  0.19518  -5  160
182  455  0045  0.291  0.238  -110   160  0.03294  0.20118  -4  156
182  451  0046  0.269  0.238  -104   160  0.03294  0.20118  -4  155
182  461  0047  0.282  0.238   -16   160  0.03294  0.20118  -3  155
182  463  0048  0.289  0.238   -90   160  0.03294  0.20118  -4  153
182  458  0049  0.279  0.238    55   160  0.03294  0.20118  -4  157
218  443  0000  0.260  0.238   -82   160  0.03294  0.20118  -3  153
218  458  0001  0.280  0.238    70   160  0.03294  0.20118  -4  157
218  532  0002  0.279  0.252  -179  -172  -0.08106  0.19518  -5  161
218  453  0003  0.259  0.238  -103   160  0.03294  0.20118  -3  155
218  458  0004  0.270  0.238   -70   160  0.03294  0.20118  -4  156
218  454  0005  0.263  0.238    49   160  0.03294  0.20118  -4  156
218  459  0006  0.279  0.238     5   160  0.03294  0.20118  -2  155
218  451  0007  0.272  0.238    -9   160  0.03294  0.20118  -3  155
218  457  0008  0.273  0.238   -75   160  0.03294  0.20118  -4  156
218  452  0009  0.260  0.238    45   160  0.03294  0.20118  -4  154
218  452  0010  0.265  0.238    97   160  0.03294  0.20118  -3  157
218  458  0011  0.278  0.238  -153   160  0.03294  0.20118  -1  165
218  460  0012  0.290  0.238     7   160  0.03294  0.20118  -2  157
218  459  0013  0.275  0.238   -63   160  0.03294  0.20118  -4  154
218  456  0014  0.292  0.238    95   160  0.03294  0.20118  -4  155
218  459  0015  0.289  0.238    52   160  0.03294  0.20118  -4  158
218  567  0016  0.262  0.245   172   166  0.00894  0.20718  -5  162
218  458  0017  0.288  0.238    27   160  0.03294  0.20118  -2  154
218  455  0018  0.286  0.238    75   160  0.03294  0.20118  -3  157
218  455  0019  0.266  0.238    17   160  0.03294  0.20118  -1  152
218  452  0020  0.275  0.238   -94   160  0.03294  0.20118  -4  152
218  465  0021  0.293  0.238   -37   160  0.03294  0.20118  -3  156
218  448  0022  0.264  0.238    79   160  0.03294  0.20118  -3  157
218  451  0023  0.261  0.238   -36   160  0.03294  0.20118  -3  150
218  457  0024  0.293  0.238     9   160  0.03294  0.20118  -2  156
218  460  0025  0.280  0.238   116   160  0.03294  0.20118  -3  155
218  454  0026  0.266  0.238    72   160  0.03294  0.20118  -4  156
218  464  0027  0.295  0.238   -91   160  0.03294  0.20118  -4  153
218  454  0028  0.262  0.238    48   160  0.03294  0.20118  -4  155
218  453  0029  0.274  0.238   124   160  0.03294  0.20118  -3  158
218  456  0030  0.274  0.238   -36   160  0.03294  0.20118  -3  152
218  454  0031  0.269  0.238  -134   160  0.03294  0.20118  -4  160
218  459  0032  0.273  0.238   111   160  0.03294  0.20118  -4  155
218  459  0033  0.263  0.238    28   160  0.03294  0.20118  -2  152
218  458  0034  0.292  0.238   -97   160  0.03294  0.20118  -4  153
218  450  0035  0.269  0.238   -18   160  0.03294  0.20118  -3  153
218  461  0036  0.269  0.238    64   160  0.03294  0.20118  -4  157
218  457  0037  0.267  0.238    13   160  0.03294  0.20118  -1  152
218  458  0038  0.278  0.238   -61   160  0.03294  0.20118  -4  154
218  453  0039  0.268  0.238  -138   160  0.03294  0.20118  -3  161
218  453  0040  0.268  0.238  -131   160  0.03294  0.20118  -4  159
218  458  0041  0.267  0.238   108   160  0.03294  0.20118  -4  155
218  462  0042  0.294  0.238   -79   160  0.03294  0.20118  -4  157
218  454  0043  0.274  0.238  -135   160  0.03294  0.20118  -4  160
218  448  0044  0.272  0.238   -19   160  0.03294  0.20118  -4  154
218  456  0045  0.268  0.238  -151   160  0.03294  0.20118  -2  165
218  592  0046  0.265  0.252  -176  -172  -0.08106  0.19518  -5  162
218  454  0047  0.270  0.238    46   160  0.03294  0.20118  -4  155
218  457  0048  0.273  0.238    60   160  0.03294  0.20118  -4  158
218  474  0049  0.266  0.263  -156  -165  -0.11706  0.18918  -3  164
255  453  0000  0.293  0.238  -114   160  0.03294  0.20118  -4  157
255  460  0001  0.290  0.238   -59   160  0.03294  0.20118  -4  156
255  458  0002  0.292  0.238  -140   160  0.03294  0.20118  -3  163
255  451  0003  0.266  0.238   -50   160  0.03294  0.20118  -4  151
255  449  0004  0.263  0.238    98   160  0.03294  0.20118  -4  158
255  450  0005  0.260  0.238  -119   160  0.03294  0.20118  -4  159
255  457  0006  0.293  0.238   -97   160  0.03294  0.20118  -4  153
255  459  0007  0.282  0.238   103   160  0.03294  0.20118  -4  154
255  460  0008  0.272  0.238    65   160  0.03294  0.20118  -4  158
255  449  0009  0.262  0.238  -115   160  0.03294  0.20118  -4  159
255  639  0010  0.262  0.246   157   159  0.03894  0.20718  -6  160
255  601  0011  0.270  0.240   154   155  0.05094  0.20118  -5  159
255  467  0012  0.285  0.281  -150  -150  -0.18306  0.16518  -3  165
255  449  0013  0.261  0.238   -35   160  0.03294  0.20118  -2  150
255  455  0014  0.282  0.238   -83   160  0.03294  0.20118  -4  155
255  461  0015  0.290  0.238   -48   160  0.03294  0.20118  -4  154
255  457  0016  0.291  0.238    62   160  0.03294  0.20118  -4  160
255  459  0017  0.296  0.238    11   160  0.03294  0.20118  -2  157
255  452  0018  0.284  0.238  -103   160  0.03294  0.20118  -4  155
255  453  0019  0.268  0.238  -119   160  0.03294  0.20118  -4  158
255  452  0020  0.269  0.238    47   160  0.03294  0.20118  -4  156
255  449  0021  0.271  0.238    78   160  0.03294  0.20118  -4  157
255  457  0022  0.289  0.238    55   160  0.03294  0.20118  -4  160
255  571  0023  0.276  0.240   153   155  0.05094  0.20118  -5  158
255  447  0024  0.259  0.238   -55   160  0.03294  0.20118  -4  151
255  453  0025  0.275  0.238    83   160  0.03294  0.20118  -4  158
255  515  0026  0.288  0.252   171   166  0.00894  0.21318  -5  160
255  448  0027  0.263  0.238   -35   160  0.03294  0.20118  -2  151
255  518  0028  0.288  0.272  -159  -164  -0.12306  0.19518  -3  164
255  461  0029  0.294  0.238    -2   160  0.03294  0.20118  -3  159
255  568  0030  0.269  0.235   149   152  0.06294  0.19518  -4  160
255  456  0031  0.283  0.238  -119   160  0.03294  0.20118  -4  158
255  478  0032  0.292  0.245   175   166  0.00894  0.20718  -4  161
255  461  0033  0.286  0.238   -68   160  0.03294  0.20118  -4  158
255  454  0034  0.271  0.238   -57   160  0.03294  0.20118  -4  153
255  449  0035  0.261  0.238   -42   160  0.03294  0.20118  -3  150
255  449  0036  0.261  0.238   -41   160  0.03294  0.20118  -3  150
255  455  0037  0.280  0.238   123   160  0.03294  0.20118  -3  158
255  452  0038  0.274  0.238   -48   160  0.03294  0.20118  -4  151
255  451  0039  0.291  0.238    86   160  0.03294  0.20118  -4  157
255  449  0040  0.272  0.238   -88   160  0.03294  0.20118  -4  153
255  453  0041  0.267  0.238   -75   160  0.03294  0.20118  -4  155
255  482  0042  0.292  0.252   178  -172  -0.08106  0.19518  -4  161
255  458  0043  0.286  0.238   135   160  0.03294  0.20118  -3  160
255  462  0044  0.295  0.238    45   160  0.03294  0.20118  -4  156
255  455  0045  0.287  0.238  -107   161  0.02694  0.20118  -4  156
255  450  0046  0.266  0.238   -48   160  0.03294  0.20118  -4  150
255  449  0047  0.266  0.238    75   160  0.03294  0.20118  -4  157
255  450  0048  0.269  0.238    83   160  0.03294  0.20118  -3  158
255  451  0049  0.261  0.238   100   160  0.03294  0.20118  -4  158
291  618  0000  0.283  0.269  -163  -165  -0.11706  0.19518  -4  164
291  449  0001  0.270  0.238    97   160  0.03294  0.20118  -4  158
291  686  0002  0.260  0.245   163   161  0.02694  0.20718  -7  162
291  456  0003  0.296  0.238  -117   160  0.03294  0.20118  -4  157
291  456  0004  0.290  0.238    65   160  0.03294  0.20118  -4  160
291  449  0005  0.273  0.238    87   160  0.03294  0.20118  -4  159
291  544  0006  0.261  0.232   142   147  0.08094  0.18918  -3  164
291  604  0007  0.276  0.252   169   166  0.00894  0.21318  -6  161
291  450  0008  0.287  0.238  -116   160  0.03294  0.20118  -4  158
291  449  0009  0.288  0.238    84   160  0.03294  0.20118  -3  159
291  640  0010  0.260  0.250  -178  -174  -0.07506  0.19518  -5  165
291  459  0011  0.281  0.238  -132   160  0.03294  0.20118  -4  161
291  457  0012  0.283  0.238     4   160  0.03294  0.20118  -2  158
291  459  0013  0.296  0.238    56   160  0.03294  0.20118  -4  161
291  449  0014  0.262  0.238   128   160  0.03294  0.20118  -3  163
291  449  0015  0.268  0.238    72   160  0.03294  0.20118  -4  158
291  464  0016  0.290  0.238    36   160  0.03294  0.20118  -3  154
291  452  0017  0.263  0.238  -110   160  0.03294  0.20118  -4  159
291  456  0018  0.282  0.238   137   160  0.03294  0.20118  -3  162
291  463  0019  0.285  0.238    39   160  0.03294  0.20118  -3  154
291  446  0020  0.271  0.238   -86   160  0.03294  0.20118  -4  153
291  447  0021  0.262  0.238   -39   160  0.03294  0.20118  -2  150
291  455  0022  0.282  0.238    50   160  0.03294  0.20118  -4  159
291  440  0023  0.260  0.238   -88   160  0.03294  0.20118  -3  152
291  462  0024  0.285  0.238   -31   160  0.03294  0.20118  -3  157
291  445  0025  0.265  0.238   123   160  0.03294  0.20118  -4  161
291  452  0026  0.273  0.238   127   160  0.03294  0.20118  -3  161
291  453  0027  0.275  0.238   -15   160  0.03294  0.20118  -3  156
291  461  0028  0.282  0.238   -30   160  0.03294  0.20118  -3  156
291  451  0029  0.268  0.238   -57   160  0.03294  0.20118  -4  153
291  462  0030  0.288  0.238    49   160  0.03294  0.20118  -4  159
291  457  0031  0.269  0.238    38   160  0.03294  0.20118  -3  153
291  606  0032  0.271  0.250  -178  -174  -0.07506  0.19518  -5  164
291  454  0033  0.295  0.238    98   160  0.03294  0.20118  -4  154
291  447  0034  0.269  0.238    73   160  0.03294  0.20118  -4  158
291  459  0035  0.292  0.238   -55   160  0.03294  0.20118  -4  156
291  456  0036  0.267  0.238    -2   160  0.03294  0.20118  -2  157
291  567  0037  0.267  0.246   175   168  -0.00306  0.20718  -5  166
291  465  0038  0.278  0.238    35   160  0.03294  0.20118  -2  153
291  456  0039  0.283  0.238     4   160  0.03294  0.20118  -2  158
291  611  0040  0.285  0.269  -163  -165  -0.11706  0.19518  -4  164
291  451  0041  0.274  0.238  -111   160  0.03294  0.20118  -4  159
291  670  0042  0.263  0.245   166   164  0.01494  0.20718  -6  163
291  458  0043  0.292  0.238  -136   160  0.03294  0.20118  -4  163
291  452  0044  0.275  0.238   -10   160  0.03294  0.20118  -3  156
291  459  0045  0.295  0.238     4   160  0.03294  0.20118  -2  160
291  457  0046  0.286  0.238    -6   160  0.03294  0.20118  -2  159
291  508  0047  0.273  0.238   143   149  0.07494  0.19518  -3  162
291  454  0048  0.295  0.238  -115   160  0.03294  0.20118  -4  158
291  446  0049  0.280  0.238   -99   160  0.03294  0.20118  -4  154
327  528  0000  0.284  0.285  -147  -147  -0.19506  0.15918  -4  167
327  619  0001  0.283  0.261  -176  -172  -0.08706  0.20118  -5  164
327  453  0002  0.260  0.238   -65   160  0.03294  0.20118  -5  155
327  449  0003  0.269  0.238    -1   160  0.03294  0.20118  -2  158
327  454  0004  0.282  0.238  -125   160  0.03294  0.20118  -5  160
327  452  0005  0.270  0.238    41   160  0.03294  0.20118  -4  154
327  459  0006  0.291  0.238   -69   160  0.03294  0.20118  -4  161
327  452  0007  0.261  0.238    41   160  0.03294  0.20118  -4  154
327  516  0008  0.295  0.276  -157  -160  -0.14106  0.18918  -3  166
327  461  0009  0.286  0.238  -141   160  0.03294  0.20118  -3  168
327  453  0010  0.263  0.238   109   160  0.03294  0.20118  -4  159
327  452  0011  0.271  0.238    43   160  0.03294  0.20118  -4  156
327  448  0012  0.268  0.238   133   160  0.03294  0.20118  -3  166
327  522  0013  0.294  0.285  -150  -149  -0.18906  0.16518  -3  166
327  457  0014  0.290  0.238    91   160  0.03294  0.20118  -4  158
327  459  0015  0.292  0.238   -45   160  0.03294  0.20118  -3  156
327  451  0016  0.262  0.238    54   160  0.03294  0.20118  -5  161
327  541  0017  0.277  0.277  -151  -151  -0.17706  0.16518  -3  168
327  461  0018  0.282  0.238    35   160  0.03294  0.20118  -3  154
327  444  0019  0.282  0.238   -96   160  0.03294  0.20118  -4  153
327  455  0020  0.274  0.238   135   160  0.03294  0.20118  -3  165
327  455  0021  0.281  0.238   -54   160  0.03294  0.20118  -4  154
327  461  0022  0.295  0.238    70   160  0.03294  0.20118  -3  160
327  461  0023  0.288  0.238   -31   160  0.03294  0.20118  -3  158
327  451  0024  0.275  0.238  -131   160  0.03294  0.20118  -5  163
327  459  0025  0.287  0.238   -71   160  0.03294  0.20118  -4  160
327  453  0026  0.266  0.238     3   160  0.03294  0.20118  -1  157
327  460  0027  0.284  0.238   -37   160  0.03294  0.20118  -2  156
327  445  0028  0.261  0.238   133   160  0.03294  0.20118  -3  167
327  454  0029  0.263  0.238     2   160  0.03294  0.20118  -1  156
327  459  0030  0.290  0.238   -74   160  0.03294  0.20118  -4  161
327  445  0031  0.268  0.238    96   160  0.03294  0.20118  -4  160
327  452  0032  0.286  0.238    82   160  0.03294  0.20118  -4  160
327  448  0033  0.263  0.238   -35   160  0.03294  0.20118  -2  151
327  556  0034  0.269  0.239   144   148  0.08094  0.19518  -4  163
327  449  0035  0.274  0.238   -20   160  0.03294  0.20118  -3  155
327  452  0036  0.277  0.238    73   160  0.03294  0.20118  -3  160
327  447  0037  0.260  0.238    46   160  0.03294  0.20118  -4  157
327  456  0038  0.284  0.238    15   160  0.03294  0.20118  -0  157
327  453  0039  0.274  0.238   135   160  0.03294  0.20118  -3  165
327  460  0040  0.294  0.238   104   160  0.03294  0.20118  -4  153
327  451  0041  0.282  0.238    94   160  0.03294  0.20118  -4  158
327  453  0042  0.275  0.238   -54   160  0.03294  0.20118  -4  153
327  458  0043  0.284  0.238    63   160  0.03294  0.20118  -4  162
327  448  0044  0.270  0.238   -77   160  0.03294  0.20118  -4  157
327  460  0045  0.270  0.238    31   160  0.03294  0.20118  -2  153
327  455  0046  0.269  0.238    20   160  0.03294  0.20118  0  154
327  452  0047  0.262  0.238     3   160  0.03294  0.20118  -1  156
327  447  0048  0.263  0.238  -124   160  0.03294  0.20118  -5  161
327  462  0049  0.288  0.238   -23   160  0.03294  0.20118  -3  159
364  446  0000  0.268  0.238   -10   160  0.03294  0.20118  -2  157
364  460  0001  0.295  0.238   -44   160  0.03294  0.20118  -3  157
364  457  0002  0.287  0.238   -60   160  0.03294  0.20118  -4  158
364  452  0003  0.281  0.238   -81   160  0.03294  0.20118  -4  159
364  455  0004  0.281  0.238   -34   160  0.03294  0.20118  -3  157
364  449  0005  0.270  0.238  -112   160  0.03294  0.20118  -4  162
364  459  0006  0.294  0.239     3   158  0.03894  0.20118  -2  162
364  450  0007  0.267  0.238   -59   160  0.03294  0.20118  -4  155
364  456  0008  0.279  0.238    43   160  0.03294  0.20118  -4  157
364  633  0009  0.281  0.246   158   159  0.03894  0.20718  -6  160
364  452  0010  0.278  0.238  -105   160  0.03294  0.20118  -4  158
364  457  0011  0.285  0.238    -9   160  0.03294  0.20118  -2  161
364  461  0012  0.295  0.238    10   160  0.03294  0.20118  -1  161
364  624  0013  0.285  0.252   163   163  0.02094  0.21318  -7  161
364  453  0014  0.277  0.238   132   160  0.03294  0.20118  -3  166
364  447  0015  0.276  0.238    89   160  0.03294  0.20118  -4  161
364  595  0016  0.275  0.254   179  -175  -0.06906  0.20118  -5  168
364  446  0017  0.276  0.238    93   160  0.03294  0.20118  -4  160
364  461  0018  0.282  0.238    38   160  0.03294  0.20118  -3  155
364  447  0019  0.274  0.238    86   160  0.03294  0.20118  -4  162
364  461  0020  0.293  0.238   -47   160  0.03294  0.20118  -3  156
364  452  0021  0.267  0.238    58   160  0.03294  0.20118  -5  163
364  453  0022  0.280  0.238   103   160  0.03294  0.20118  -4  157
364  450  0023  0.265  0.238   -63   160  0.03294  0.20118  -4  156
364  443  0024  0.261  0.238    72   161  0.02694  0.20118  -4  159
364  457  0025  0.285  0.238    -9   160  0.03294  0.20118  -2  161
364  472  0026  0.270  0.275  -140  -142  -0.20706  0.13518  -5  167
364  462  0027  0.284  0.238   134   160  0.03294  0.20118  -3  165
364  455  0028  0.280  0.238    68   160  0.03294  0.20118  -4  161
364  435  0029  0.260  0.238   -22   160  0.03294  0.20118  -3  152
364  453  0030  0.269  0.238  -129   160  0.03294  0.20118  -5  164
364  456  0031  0.282  0.238  -122   160  0.03294  0.20118  -5  161
364  459  0032  0.287  0.238    29   160  0.03294  0.20118  -1  156
364  453  0033  0.277  0.238    70   160  0.03294  0.20118  -3  161
364  449  0034  0.267  0.238    18   160  0.03294  0.20118  0  154
364  457  0035  0.288  0.238    48   160  0.03294  0.20118  -4  161
364  458  0036  0.286  0.238   -54   160  0.03294  0.20118  -4  156
364  451  0037  0.269  0.238    47   160  0.03294  0.20118  -5  159
364  459  0038  0.284  0.238  -137   160  0.03294  0.20118  -4  167
364  448  0039  0.264  0.238  -137   160  0.03294  0.20118  -4  168
364  453  0040  0.284  0.238    95   160  0.03294  0.20118  -4  159
364  661  0041  0.277  0.252   159   160  0.03294  0.21318  -7  161
364  450  0042  0.266  0.238   -58   160  0.03294  0.20118  -4  154
364  462  0043  0.295  0.238    39   160  0.03294  0.20118  -3  156
364  552  0044  0.275  0.280  -145  -146  -0.19506  0.15318  -4  168
364  447  0045  0.276  0.238   -76   160  0.03294  0.20118  -4  160
364  446  0046  0.260  0.238    -2   160  0.03294  0.20118  -2  157
364  448  0047  0.269  0.238   -32   160  0.03294  0.20118  -3  154
364  445  0048  0.279  0.238  -102   160  0.03294  0.20118  -4  157
364  734  0049  0.263  0.245   162   161  0.02694  0.20718  -7  165
400  441  0000  0.273  0.238    77   160  0.03294  0.20118  -3  163
400  449  0001  0.269  0.238  -134   160  0.03294  0.20118  -5  168
400  461  0002  0.294  0.238   -65   160  0.03294  0.20118  -3  162
400  451  0003  0.286  0.238    96   160  0.03294  0.20118  -4  159
400  452  0004  0.279  0.238   -77   160  0.03294  0.20118  -4  162
400  448  0005  0.280  0.238   -83   160  0.03294  0.20118  -4  158
400  460  0006  0.287  0.238   -14   160  0.03294  0.20118  -3  162
400  456  0007  0.278  0.238   113   160  0.03294  0.20118  -4  159
400  496  0008  0.296  0.241   149   154  0.05694  0.20118  -4  159
400  572  0009  0.280  0.279  -144  -145  -0.20106  0.14718  -5  169
400  555  0010  0.293  0.247   154   156  0.05094  0.20718  -5  158
400  451  0011  0.266  0.238     8   160  0.03294  0.20118  -0  157
400  438  0012  0.268  0.238   -96   160  0.03294  0.20118  -4  155
400  446  0013  0.261  0.238   -60   160  0.03294  0.20118  -4  155
400  455  0014  0.287  0.238  -123   160  0.03294  0.20118  -5  162
400  536  0015  0.277  0.279  -142  -143  -0.20706  0.14118  -5  169
400  684  0016  0.295  0.279  -168  -168  -0.11106  0.20718  -5  165
400  443  0017  0.279  0.238  -101   160  0.03294  0.20118  -4  157
400  452  0018  0.278  0.238   -52   160  0.03294  0.20118  -4  155
400  446  0019  0.264  0.238   115   160  0.03294  0.20118  -4  162
400  457  0020  0.286  0.238   -51   160  0.03294  0.20118  -4  156
400  452  0021  0.272  0.238     1   160  0.03294  0.20118  -1  161
400  453  0022  0.287  0.238    93   160  0.03294  0.20118  -5  160
400  445  0023  0.289  0.238   -98   160  0.03294  0.20118  -4  156
400  452  0024  0.287  0.238  -111   161  0.02694  0.20118  -4  162
400  453  0025  0.281  0.238    23   160  0.03294  0.20118  0  158
400  754  0026  0.259  0.245   168   166  0.00894  0.20718  -7  168
400  489  0027  0.289  0.294    53    54  0.26694  -0.08082  -6  164
400  453  0028  0.288  0.238    79   160  0.03294  0.20118  -4  163
400  442  0029  0.275  0.238   -89   160  0.03294  0.20118  -4  155
400  440  0030  0.271  0.238   -87   160  0.03294  0.20118  -4  155
400  456  0031  0.269  0.238   -69   160  0.03294  0.20118  -4  160
400  454  0032  0.279  0.238    46   160  0.03294  0.20118  -5  160
400  455  0033  0.281  0.238   -12   160  0.03294  0.20118  -2  161
400  450  0034  0.290  0.238  -117   160  0.03294  0.20118  -4  162
400  439  0035  0.266  0.238   -14   160  0.03294  0.20118  -2  156
400  450  0036  0.289  0.238  -113   160  0.03294  0.20118  -4  162
400  433  0037  0.263  0.238   -96   160  0.03294  0.20118  -4  155
400  462  0038  0.295  0.239   144   158  0.03894  0.20118  -2  161
400  460  0039  0.295  0.238  -121   160  0.03294  0.20118  -4  161
400  564  0040  0.288  0.248   152   154  0.05694  0.20718  -6  159
400  453  0041  0.270  0.238    11   160  0.03294  0.20118  -0  157
400  448  0042  0.285  0.238    99   160  0.03294  0.20118  -5  158
400  771  0043  0.271  0.267  -170  -169  -0.09906  0.20118  -6  168
400  462  0044  0.287  0.310   -78   -77  -0.27906  -0.12882  -5  161
400  783  0045  0.260  0.255  -173  -171  -0.08706  0.19518  -6  169
400  449  0046  0.269  0.238  -137   160  0.03294  0.20118  -4  170
400  680  0047  0.267  0.269  -160  -162  -0.12906  0.18918  -4  171
400  436  0048  0.265  0.238   -14   160  0.03294  0.20118  -2  156
400  451  0049  0.293  0.238   -95   160  0.03294  0.20118  -4  155
436  445  0000  0.271  0.238  -115   160  0.03294  0.20118  -4  165
436  451  0001  0.260  0.238    35   160  0.03294  0.20118  -2  153
436  737  0002  0.268  0.247   155   156  0.05094  0.20718  -7  165
436  455  0003  0.284  0.238  -123   160  0.03294  0.20118  -5  164
436  481  0004  0.278  0.299   -76   -75  -0.26706  -0.12882  -6  162
436  636  0005  0.285  0.281  -151  -150  -0.18306  0.16518  -4  171
436  444  0006  0.269  0.238   -11   160  0.03294  0.20118  -2  159
436  454  0007  0.291  0.238   138   160  0.03294  0.20118  -2  166
436  460  0008  0.280  0.238    38   160  0.03294  0.20118  -3  156
436  449  0009  0.272  0.238   -31   160  0.03294  0.20118  -2  157
436  497  0010  0.291  0.297    -2    -1  0.05094  -0.24282  -4  164
436  458  0011  0.288  0.238   -58   160  0.03294  0.20118  -3  160
436  505  0012  0.264  0.271   131   131  0.15894  0.19518  -5  169
436  450  0013  0.288  0.238   -92   160  0.03294  0.20118  -4  156
436  773  0014  0.270  0.261  -174  -172  -0.08706  0.20118  -7  169
436  450  0015  0.282  0.238   101   160  0.03294  0.20118  -4  160
436  442  0016  0.278  0.238   -93   160  0.03294  0.20118  -4  155
436  502  0017  0.276  0.283    52    53  0.25494  -0.08082  -7  164
436  453  0018  0.269  0.238    27   160  0.03294  0.20118  -0  155
436  447  0019  0.262  0.238    13   160  0.03294  0.20118  0  155
436  448  0020  0.277  0.238    73   160  0.03294  0.20118  -4  164
436  451  0021  0.279  0.238   -41   160  0.03294  0.20118  -3  156
436  455  0022  0.277  0.238    16   160  0.03294  0.20118  0  159
436  443  0023  0.278  0.238    98   160  0.03294  0.20118  -4  161
436  713  0024  0.278  0.252   160   160  0.03294  0.21318  -8  163
436  649  0025  0.273  0.276  -150  -149  -0.18306  0.15918  -4  172
436  459  0026  0.291  0.238   -44   160  0.03294  0.20118  -3  159
436  436  0027  0.264  0.238    80   160  0.03294  0.20118  -3  164
436  457  0028  0.296  0.238   -88   160  0.03294  0.20118  -5  159
436  458  0029  0.260  0.278    61    59  0.26094  -0.05682  -6  164
436  460  0030  0.291  0.238   124   160  0.03294  0.20118  -3  163
436  654  0031  0.273  0.274  -157  -158  -0.14706  0.18318  -3  173
436  456  0032  0.280  0.238     7   160  0.03294  0.20118  -0  162
436  463  0033  0.293  0.298  -134  -134  -0.24906  0.11718  -6  167
436  458  0034  0.292  0.238    74   160  0.03294  0.20118  -3  165
436  441  0035  0.267  0.238  -105   161  0.02694  0.20118  -4  162
436  454  0036  0.284  0.238   104   160  0.03294  0.20118  -4  158
436  450  0037  0.284  0.238  -111   161  0.02694  0.20118  -4  163
436  477  0038  0.263  0.271  -137  -139  -0.21306  0.12318  -6  170
436  452  0039  0.264  0.238   -68   160  0.03294  0.20118  -4  160
436  633  0040  0.296  0.271  -175  -171  -0.09306  0.20718  -6  165
436  454  0041  0.286  0.238  -124   160  0.03294  0.20118  -5  164
436  607  0042  0.293  0.283  -157  -158  -0.15306  0.18918  -4  170
436  454  0043  0.295  0.238  -102   160  0.03294  0.20118  -4  158
436  457  0044  0.295  0.238  -132   160  0.03294  0.20118  -5  167
436  446  0045  0.283  0.238  -103   161  0.02694  0.20118  -4  159
436  750  0046  0.272  0.252   161   162  0.02694  0.21318  -8  165
436  480  0047  0.263  0.223    96    98  0.20694  0.08118  -3  166
436  449  0048  0.266  0.238   112   160  0.03294  0.20118  -4  163
436  446  0049  0.263  0.238   116   160  0.03294  0.20118  -4  164
473  450  0000  0.269  0.238    21   160  0.03294  0.20118  2  157
473  485  0001  0.269  0.278  -134  -134  -0.23106  0.11118  -7  170
473  444  0002  0.268  0.249    93    94  0.23694  0.07518  -5  165
473  447  0003  0.271  0.238    45   160  0.03294  0.20118  -5  162
473  446  0004  0.263  0.263  -123  -123  -0.24306  0.06318  -7  167
473  660  0005  0.279  0.248   152   154  0.05694  0.20718  -6  164
473  543  0006  0.277  0.280   131   131  0.16494  0.20118  -5  168
473  553  0007  0.292  0.317    18    18  0.15894  -0.21882  -1  161
473  661  0008  0.272  0.280  -146  -146  -0.19506  0.15318  -5  172
473  459  0009  0.296  0.238   139   160  0.03294  0.20118  -2  166
473  651  0010  0.290  0.266  -177  -173  -0.08106  0.20718  -6  168
473  449  0011  0.287  0.238  -115   160  0.03294  0.20118  -4  165
473  434  0012  0.260  0.238   -83   160  0.03294  0.20118  -4  157
473  446  0013  0.272  0.238    71   160  0.03294  0.20118  -4  165
473  797  0014  0.259  0.253   170   167  0.00294  0.21318  -8  171
473  671  0015  0.285  0.285  -150  -149  -0.18906  0.16518  -5  172
473  445  0016  0.273  0.238    97   160  0.03294  0.20118  -4  164
473  674  0017  0.262  0.270  -148  -148  -0.18306  0.15318  -5  173
473  445  0018  0.274  0.238    99   160  0.03294  0.20118  -4  163
473  492  0019  0.291  0.285   137   135  0.15294  0.21318  -4  167
473  648  0020  0.265  0.270  -145  -146  -0.18906  0.14718  -6  172
473  478  0021  0.279  0.309   -22   -21  -0.05106  -0.26082  -4  160
473  497  0022  0.269  0.281    -3    -2  0.04494  -0.23082  -3  161
473  522  0023  0.287  0.300     1     0  0.06294  -0.24282  -4  164
473  438  0024  0.275  0.238  -100   161  0.02694  0.20118  -4  158
473  457  0025  0.280  0.238   106   160  0.03294  0.20118  -4  160
473  651  0026  0.266  0.241   144   146  0.08694  0.19518  -6  169
473  560  0027  0.292  0.248   152   154  0.05694  0.20718  -5  161
473  458  0028  0.294  0.238    90   160  0.03294  0.20118  -5  163
473  479  0029  0.279  0.310    14    14  0.13494  -0.22482  -0  160
473  445  0030  0.263  0.238    48   160  0.03294  0.20118  -5  164
473  828  0031  0.273  0.266  -166  -166  -0.11106  0.19518  -5  172
473  459  0032  0.285  0.238    44   160  0.03294  0.20118  -4  161
473  533  0033  0.292  0.311   -25   -24  -0.06906  -0.26082  -5  163
473  558  0034  0.290  0.298    60    58  0.27894  -0.06282  -7  166
473  466  0035  0.296  0.238   114   160  0.03294  0.20118  -3  158
473  541  0036  0.295  0.315   -15   -16  -0.02706  -0.26682  -4  165
473  457  0037  0.266  0.238    33   160  0.03294  0.20118  -2  155
473  452  0038  0.277  0.238   -61   160  0.03294  0.20118  -4  161
473  456  0039  0.277  0.318    21    21  0.17094  -0.21282  1  159
473  466  0040  0.268  0.223    98    98  0.20694  0.08118  -3  166
473  449  0041  0.271  0.238   103   160  0.03294  0.20118  -4  163
473  716  0042  0.277  0.253   157   157  0.04494  0.21318  -8  164
473  510  0043  0.279  0.292     1     0  0.05694  -0.23682  -3  163
473  443  0044  0.278  0.238   -85   160  0.03294  0.20118  -4  159
473  458  0045  0.290  0.238   -44   160  0.03294  0.20118  -2  160
473  619  0046  0.287  0.268   173   170  -0.00906  0.22518  -7  169
473  446  0047  0.263  0.238   -64   160  0.03294  0.20118  -5  160
473  443  0048  0.265  0.238    47   160  0.03294  0.20118  -5  163
473  458  0049  0.296  0.238    85   160  0.03294  0.20118  -4  165
509  740  0000  0.287  0.279  -160  -162  -0.13506  0.19518  -4  173
509  450  0001  0.291  0.238  -119   160  0.03294  0.20118  -5  166
509  565  0002  0.294  0.304    -2    -2  0.05094  -0.24882  -5  166
509  641  0003  0.285  0.269   174   171  -0.01506  0.22518  -7  172
509  529  0004  0.283  0.310    14    14  0.13494  -0.22482  -1  161
509  640  0005  0.281  0.250   150   152  0.06894  0.20718  -6  164
509  447  0006  0.277  0.238  -111   161  0.02694  0.20118  -4  168
509  774  0007  0.274  0.253   158   159  0.03894  0.21318  -9  166
509  445  0008  0.271  0.238   -43   160  0.03294  0.20118  -3  155
509  667  0009  0.285  0.289  -144  -145  -0.20706  0.15318  -6  173
509  450  0010  0.292  0.238   100   160  0.03294  0.20118  -4  160
509  451  0011  0.269  0.238   -64   160  0.03294  0.20118  -4  163
509  534  0012  0.288  0.310   -31   -30  -0.09906  -0.25482  -4  162
509  822  0013  0.261  0.250  -177  -174  -0.07506  0.19518  -7  175
509  517  0014  0.271  0.289   -75   -74  -0.25506  -0.12882  -6  163
509  443  0015  0.268  0.238   -53   160  0.03294  0.20118  -4  156
509  464  0016  0.295  0.238   -46   160  0.03294  0.20118  -3  161
509  521  0017  0.283  0.280   139   137  0.14094  0.21318  -4  169
509  451  0018  0.290  0.238  -107   161  0.02694  0.20118  -4  165
509  527  0019  0.287  0.306     7     7  0.09894  -0.23682  -2  164
509  518  0020  0.272  0.278  -134  -134  -0.23106  0.11118  -7  171
509  547  0021  0.287  0.317    19    18  0.15894  -0.21882  -0  161
509  783  0022  0.269  0.247   155   156  0.05094  0.20718  -8  167
509  454  0023  0.274  0.238   -65   160  0.03294  0.20118  -4  164
509  460  0024  0.295  0.238   -55   160  0.03294  0.20118  -3  162
509  712  0025  0.271  0.276  -149  -149  -0.18306  0.15918  -5  174
509  488  0026  0.260  0.276     1    -1  0.05094  -0.22482  -2  161
509  542  0027  0.286  0.316    23    22  0.17694  -0.20682  -0  160
509  430  0028  0.267  0.238   -17   160  0.03294  0.20118  -2  159
509  543  0029  0.288  0.304     3     2  0.07494  -0.24282  -4  164
509  436  0030  0.259  0.238   -55   160  0.03294  0.20118  -4  155
509  451  0031  0.279  0.238    44   160  0.03294  0.20118  -4  162
509  700  0032  0.284  0.285  -147  -147  -0.19506  0.15918  -5  173
509  539  0033  0.284  0.295    50    51  0.26094  -0.09282  -7  165
509  455  0034  0.292  0.238    89   160  0.03294  0.20118  -4  166
509  436  0035  0.264  0.238   -41   160  0.03294  0.20118  -2  154
509  459  0036  0.293  0.238    90   160  0.03294  0.20118  -4  165
509  717  0037  0.285  0.259   165   164  0.01494  0.21918  -8  166
509  635  0038  0.283  0.289  -142  -143  -0.21306  0.14718  -6  172
509  524  0039  0.288  0.304   -37   -35  -0.12306  -0.24282  -4  161
509  450  0040  0.287  0.238   103   160  0.03294  0.20118  -4  160
509  516  0041  0.284  0.308   -28   -28  -0.08706  -0.25482  -5  162
509  490  0042  0.278  0.310    13    14  0.13494  -0.22482  -0  161
509  611  0043  0.296  0.316   -20   -20  -0.04506  -0.26682  -5  164
509  504  0044  0.264  0.278     1     0  0.05694  -0.22482  -2  161
509  773  0045  0.263  0.263  -160  -162  -0.12906  0.18318  -4  176
509  487  0046  0.284  0.300   -39   -37  -0.12906  -0.23682  -4  160
509  492  0047  0.266  0.223   103   102  0.20094  0.09318  -4  166
509  706  0048  0.283  0.285  -150  -149  -0.18906  0.16518  -5  174
509  498  0049  0.277  0.292    65    62  0.27894  -0.04482  -6  167
73  462  0000  0.285  0.238  -149   160  0.03294  0.20118  -3  157
73  462  0001  0.294  0.238   -52   160  0.03294  0.20118  -3  154
73  459  0002  0.275  0.238    26   160  0.03294  0.20118  -3  153
73  464  0003  0.270  0.238   111   160  0.03294  0.20118  -3  154
73  460  0004  0.275  0.238   137   160  0.03294  0.20118  -3  156
73  464  0005  0.293  0.238  -123   160  0.03294  0.20118  -4  154
73  458  0006  0.278  0.238    82   160  0.03294  0.20118  -3  155
73  460  0007  0.284  0.255  -178  -171  -0.08706  0.19518  -4  156
73  464  0008  0.280  0.238   -22   160  0.03294  0.20118  -3  154
73  462  0009  0.269  0.238    94   160  0.03294  0.20118  -3  155
73  459  0010  0.275  0.238    42   160  0.03294  0.20118  -3  154
73  460  0011  0.286  0.238    70   160  0.03294  0.20118  -3  154
73  464  0012  0.288  0.238   132   160  0.03294  0.20118  -3  155
73  460  0013  0.273  0.238  -123   160  0.03294  0.20118  -4  155
73  457  0014  0.259  0.238    35   160  0.03294  0.20118  -3  152
73  462  0015  0.268  0.238  -115   160  0.03294  0.20118  -3  155
73  462  0016  0.265  0.238   107   160  0.03294  0.20118  -3  154
73  461  0017  0.276  0.238   -35   160  0.03294  0.20118  -3  153
73  463  0018  0.294  0.238  -136   160  0.03294  0.20118  -3  156
73  459  0019  0.288  0.238  -130   160  0.03294  0.20118  -4  155
73  460  0020  0.288  0.238  -117   160  0.03294  0.20118  -4  154
73  464  0021  0.264  0.245  -180  -172  -0.08106  0.18918  -4  157
73  465  0022  0.291  0.238   -11   160  0.03294  0.20118  -3  155
73  464  0023  0.282  0.238   -37   160  0.03294  0.20118  -3  154
73  459  0024  0.282  0.238    49   160  0.03294  0.20118  -3  154
73  460  0025  0.288  0.238   -91   160  0.03294  0.20118  -3  153
73  463  0026  0.281  0.238   -30   160  0.03294  0.20118  -3  154
73  460  0027  0.274  0.238   135   160  0.03294  0.20118  -3  156
73  462  0028  0.274  0.238    37   160  0.03294  0.20118  -3  153
73  462  0029  0.294  0.238   -76   160  0.03294  0.20118  -3  155
73  513  0030  0.261  0.239   158   158  0.03894  0.20118  -4  156
73  458  0031  0.274  0.238    -4   160  0.03294  0.20118  -3  154
73  463  0032  0.291  0.238   175   160  0.03294  0.20118  -3  156
73  463  0033  0.286  0.238   -26   160  0.03294  0.20118  -3  154
73  460  0034  0.281  0.238  -135   160  0.03294  0.20118  -3  156
73  460  0035  0.284  0.238    18   160  0.03294  0.20118  -2  154
73  463  0036  0.285  0.238   114   160  0.03294  0.20118  -3  154
73  459  0037  0.270  0.238    -7   160  0.03294  0.20118  -3  154
73  465  0038  0.281  0.255  -176  -171  -0.08706  0.19518  -4  156
73  466  0039  0.275  0.238  -115   160  0.03294  0.20118  -3  155
73  465  0040  0.288  0.238   114   160  0.03294  0.20118  -3  153
73  462  0041  0.277  0.238    -8   160  0.03294  0.20118  -3  154
73  458  0042  0.275  0.238    70   160  0.03294  0.20118  -3  154
73  458  0043  0.279  0.238    83   160  0.03294  0.20118  -3  155
73  465  0044  0.295  0.238   105   160  0.03294  0.20118  -3  153
73  461  0045  0.292  0.238    91   160  0.03294  0.20118  -3  154
73  458  0046  0.271  0.238    -5   160  0.03294  0.20118  -3  154
73  461  0047  0.272  0.238   113   160  0.03294  0.20118  -3  154
73  462  0048  0.272  0.238   -74   160  0.03294  0.20118  -3  154
73  459  0049  0.288  0.238    82   160  0.03294  0.20118  -3  155
109  459  0000  0.287  0.238   -47   160  0.03294  0.20118  -4  153
109  461  0001  0.271  0.238  -141   160  0.03294  0.20118  -3  158
109  461  0002  0.269  0.238   -81   160  0.03294  0.20118  -3  154
109  494  0003  0.276  0.239   151   157  0.04494  0.20118  -4  155
109  463  0004  0.261  0.238   -73   160  0.03294  0.20118  -4  154
109  522  0005  0.265  0.260  -168  -169  -0.09906  0.19518  -4  158
109  461  0006  0.294  0.238   -78   160  0.03294  0.20118  -3  155
109  514  0007  0.271  0.245   167   163  0.02094  0.20718  -4  157
109  458  0008  0.262  0.238    38   160  0.03294  0.20118  -3  152
109  461  0009  0.286  0.238   -72   160  0.03294  0.20118  -3  155
109  460  0010  0.271  0.238    90   160  0.03294  0.20118  -3  155
109  463  0011  0.262  0.238  -137   160  0.03294  0.20118  -3  158
109  463  0012  0.288  0.238   139   160  0.03294  0.20118  -3  156
109  460  0013  0.294  0.238  -154   160  0.03294  0.20118  -3  158
109  458  0014  0.273  0.238   -28   160  0.03294  0.20118  -3  153
109  464  0015  0.288  0.238   -80   160  0.03294  0.20118  -3  155
109  456  0016  0.279  0.238   128   160  0.03294  0.20118  -3  156
109  492  0017  0.281  0.238   169   161  0.02694  0.20118  -4  157
109  462  0018  0.281  0.238   -77   160  0.03294  0.20118  -3  155
109  459  0019  0.265  0.238   104   160  0.03294  0.20118  -3  155
109  460  0020  0.274  0.238    56   160  0.03294  0.20118  -3  155
109  463  0021  0.285  0.238    -5   160  0.03294  0.20118  -3  155
109  456  0022  0.261  0.238   -95   160  0.03294  0.20118  -3  152
109  465  0023  0.294  0.238   -86   160  0.03294  0.20118  -3  154
109  464  0024  0.288  0.238  -138   160  0.03294  0.20118  -3  157
109  460  0025  0.277  0.238   100   160  0.03294  0.20118  -3  154
109  457  0026  0.290  0.238    84   160  0.03294  0.20118  -3  155
109  461  0027  0.284  0.238    54   160  0.03294  0.20118  -3  156
109  457  0028  0.264  0.238   -86   160  0.03294  0.20118  -3  153
109  460  0029  0.282  0.238   -92   160  0.03294  0.20118  -4  153
109  458  0030  0.279  0.238  -120   160  0.03294  0.20118  -4  155
109  466  0031  0.272  0.238   178   161  0.02694  0.20118  -3  159
109  493  0032  0.289  0.238   165   160  0.03294  0.20118  -3  156
109  462  0033  0.283  0.238    42   160  0.03294  0.20118  -4  153
109  462  0034  0.288  0.238   -67   160  0.03294  0.20118  -4  155
109  463  0035  0.259  0.238   119   160  0.03294  0.20118  -3  155
109  460  0036  0.292  0.238   -93   160  0.03294  0.20118  -4  153
109  501  0037  0.267  0.245   171   164  0.01494  0.20718  -4  157
109  456  0038  0.277  0.238    83   160  0.03294  0.20118  -3  155
109  458  0039  0.269  0.238   -21   160  0.03294  0.20118  -3  153
109  460  0040  0.273  0.238   -43   160  0.03294  0.20118  -3  152
109  467  0041  0.292  0.238   174   161  0.02694  0.20118  -3  157
109  460  0042  0.295  0.238  -108   160  0.03294  0.20118  -3  155
109  455  0043  0.262  0.238   -83   160  0.03294  0.20118  -3  153
109  457  0044  0.286  0.238  -110   160  0.03294  0.20118  -4  155
109  460  0045  0.268  0.238    13   160  0.03294  0.20118  -2  153
109  506  0046  0.266  0.255  -176  -171  -0.08706  0.19518  -5  158
109  456  0047  0.261  0.238   135   160  0.03294  0.20118  -4  157
109  463  0048  0.274  0.238    43   160  0.03294  0.20118  -3  153
109  464  0049  0.277  0.238  -131   160  0.03294  0.20118  -4  156
145  536  0000  0.265  0.245   170   164  0.01494  0.20718  -5  159
145  527  0001  0.276  0.239   157   158  0.03894  0.20118  -4  156
145  458  0002  0.290  0.238    96   160  0.03294  0.20118  -4  154
145  452  0003  0.265  0.238   139   160  0.03294  0.20118  -3  158
145  476  0004  0.286  0.245   174   164  0.01494  0.20718  -4  158
145  458  0005  0.273  0.238  -113   160  0.03294  0.20118  -4  156
145  462  0006  0.289  0.238   -48   160  0.03294  0.20118  -3  153
145  463  0007  0.294  0.238    52   160  0.03294  0.20118  -4  156
145  463  0008  0.277  0.238  -133   160  0.03294  0.20118  -3  157
145  532  0009  0.275  0.263  -165  -167  -0.10506  0.19518  -4  159
145  461  0010  0.259  0.238    55   160  0.03294  0.20118  -4  156
145  463  0011  0.277  0.238   135   160  0.03294  0.20118  -3  157
145  461  0012  0.291  0.238   101   160  0.03294  0.20118  -4  153
145  458  0013  0.292  0.238  -114   160  0.03294  0.20118  -4  155
145  461  0014  0.263  0.238  -152   160  0.03294  0.20118  -2  161
145  458  0015  0.262  0.238  -119   160  0.03294  0.20118  -4  156
145  454  0016  0.265  0.238   -35   160  0.03294  0.20118  -3  152
145  545  0017  0.268  0.263  -166  -167  -0.10506  0.19518  -4  159
145  452  0018  0.260  0.238   120   160  0.03294  0.20118  -3  156
145  462  0019  0.286  0.238  -144   160  0.03294  0.20118  -3  160
145  465  0020  0.293  0.238    63   160  0.03294  0.20118  -4  156
145  459  0021  0.265  0.238  -134   160  0.03294  0.20118  -3  158
145  466  0022  0.292  0.238   126   160  0.03294  0.20118  -3  155
145  461  0023  0.269  0.238  -121   160  0.03294  0.20118  -4  156
145  462  0024  0.275  0.238  -138   160  0.03294  0.20118  -3  158
145  455  0025  0.263  0.238  -156   160  0.03294  0.20118  -2  162
145  500  0026  0.285  0.245   168   163  0.02094  0.20718  -4  157
145  461  0027  0.291  0.238  -141   160  0.03294  0.20118  -3  159
145  456  0028  0.289  0.238    90   160  0.03294  0.20118  -4  155
145  460  0029  0.265  0.238     6   160  0.03294  0.20118  -2  153
145  463  0030  0.294  0.238   -42   160  0.03294  0.20118  -3  154
145  462  0031  0.280  0.238   108   160  0.03294  0.20118  -3  153
145  462  0032  0.284  0.238   -43   160  0.03294  0.20118  -3  153
145  458  0033  0.289  0.238    95   160  0.03294  0.20118  -4  154
145  460  0034  0.292  0.238    68   160  0.03294  0.20118  -3  156
145  463  0035  0.277  0.238  -132   160  0.03294  0.20118  -4  157
145  463  0036  0.287  0.238   -16   160  0.03294  0.20118  -3  155
145  462  0037  0.280  0.238   -26   160  0.03294  0.20118  -3  154
145  462  0038  0.288  0.238   -44   160  0.03294  0.20118  -3  154
145  461  0039  0.283  0.238   116   160  0.03294  0.20118  -3  154
145  457  0040  0.267  0.238  -121   160  0.03294  0.20118  -3  156
145  460  0041  0.284  0.238    -1   160  0.03294  0.20118  -2  155
145  453  0042  0.283  0.238    76   160  0.03294  0.20118  -3  155
145  552  0043  0.267  0.239   156   157  0.04494  0.20118  -5  157
145  465  0044  0.289  0.238   -26   160  0.03294  0.20118  -3  155
145  463  0045  0.291  0.238   -82   160  0.03294  0.20118  -4  155
145  460  0046  0.287  0.238   -49   160  0.03294  0.20118  -4  153
145  459  0047  0.296  0.238    60   160  0.03294  0.20118  -3  157
145  460  0048  0.278  0.238   -77   160  0.03294  0.20118  -4  155
145  457  0049  0.279  0.238    69   160  0.03294  0.20118  -3  155
182  460  0000  0.283  0.238    14   160  0.03294  0.20118  -2  154
182  454  0001  0.263  0.238    77   160  0.03294  0.20118  -4  156
182  455  0002  0.273  0.238    -6   160  0.03294  0.20118  -3  155
182  460  0003  0.284  0.238  -125   160  0.03294  0.20118  -4  156
182  458  0004  0.274  0.238   -71   160  0.03294  0.20118  -4  155
182  461  0005  0.274  0.239  -140   158  0.03894  0.20118  -3  160
182  459  0006  0.295  0.238  -158   160  0.03294  0.20118  -1  162
182  460  0007  0.277  0.238  -124   160  0.03294  0.20118  -4  156
182  452  0008  0.274  0.238   -24   160  0.03294  0.20118  -3  153
182  462  0009  0.293  0.238   109   160  0.03294  0.20118  -3  153
182  579  0010  0.263  0.255  -174  -171  -0.08706  0.19518  -5  160
182  462  0011  0.289  0.238    11   160  0.03294  0.20118  -2  155
182  555  0012  0.266  0.240   152   155  0.05094  0.20118  -5  158
182  564  0013  0.262  0.240   152   155  0.05094  0.20118  -5  158
182  455  0014  0.274  0.238  -135   160  0.03294  0.20118  -3  158
182  462  0015  0.282  0.238   -26   160  0.03294  0.20118  -3  154
182  454  0016  0.271  0.238  -109   160  0.03294  0.20118  -4  156
182  520  0017  0.285  0.255  -177  -171  -0.08706  0.19518  -4  159
182  466  0018  0.289  0.238   123   160  0.03294  0.20118  -3  155
182  458  0019  0.292  0.238   -97   160  0.03294  0.20118  -4  153
182  551  0020  0.281  0.266  -165  -166  -0.11106  0.19518  -4  160
182  460  0021  0.274  0.238   -28   160  0.03294  0.20118  -3  153
182  463  0022  0.282  0.238   130   160  0.03294  0.20118  -3  157
182  457  0023  0.274  0.238   -72   160  0.03294  0.20118  -4  155
182  455  0024  0.283  0.238   -97   160  0.03294  0.20118  -4  152
182  455  0025  0.264  0.238    83   160  0.03294  0.20118  -3  156
182  498  0026  0.289  0.255  -178  -171  -0.08706  0.19518  -5  158
182  460  0027  0.280  0.238    52   160  0.03294  0.20118  -4  157
182  458  0028  0.289  0.238   -98   160  0.03294  0.20118  -4  153
182  460  0029  0.279  0.238     0   160  0.03294  0.20118  -2  156
182  457  0030  0.289  0.238  -118   160  0.03294  0.20118  -4  156
182  461  0031  0.284  0.238   120   160  0.03294  0.20118  -3  155
182  462  0032  0.293  0.238  -119   160  0.03294  0.20118  -4  155
182  456  0033  0.272  0.238    63   160  0.03294  0.20118  -4  156
182  457  0034  0.260  0.238    17   160  0.03294  0.20118  -2  152
182  449  0035  0.264  0.238   -17   160  0.03294  0.20118  -3  152
182  448  0036  0.270  0.238   -81   160  0.03294  0.20118  -3  154
182  460  0037  0.263  0.238    21   160  0.03294  0.20118  -1  152
182  447  0038  0.266  0.238   -45   160  0.03294  0.20118  -3  151
182  458  0039  0.276  0.238    69   160  0.03294  0.20118  -3  156
182  461  0040  0.281  0.238    19   160  0.03294  0.20118  -2  154
182  455  0041  0.260  0.238    49   160  0.03294  0.20118  -4  155
182  454  0042  0.283  0.238   139   160  0.03294  0.20118  -3  158
182  457  0043  0.264  0.238  -106   160  0.03294  0.20118  -3  156
182  454  0044  0.273  0.238   127   160  0.03294  0.20118  -3  158
182  458  0045  0.267  0.238   104   160  0.03294  0.20118  -4  155
182  461  0046  0.284  0.238   -24   160  0.03294  0.20118  -3  155
182  460  0047  0.276  0.238   111   160  0.03294  0.20118  -3  154
182  458  0048  0.275  0.238    14   160  0.03294  0.20118  -2  153
182  454  0049  0.270  0.238   -94   160  0.03294  0.20118  -4  152
218  458  0000  0.284  0.238     2   160  0.03294  0.20118  -2  157
218  459  0001  0.283  0.238   -49   160  0.03294  0.20118  -4  153
218  451  0002  0.262  0.238   101   160  0.03294  0.20118  -4  157
218  620  0003  0.267  0.257  -171  -170  -0.09306  0.19518  -5  161
218  455  0004  0.259  0.238  -154   160  0.03294  0.20118  -1  166
218  455  0005  0.272  0.238    74   160  0.03294  0.20118  -4  156
218  462  0006  0.295  0.238   137   160  0.03294  0.20118  -3  157
218  599  0007  0.262  0.252  -176  -172  -0.08106  0.19518  -5  162
218  453  0008  0.266  0.238   -34   160  0.03294  0.20118  -2  151
218  455  0009  0.285  0.238  -103   160  0.03294  0.20118  -4  154
218  458  0010  0.285  0.238    15   160  0.03294  0.20118  -1  155
218  461  0011  0.295  0.238    66   160  0.03294  0.20118  -3  158
218  452  0012  0.265  0.238     3   160  0.03294  0.20118  -2  154
218  457  0013  0.266  0.238    19   160  0.03294  0.20118  -1  152
218  458  0014  0.290  0.238    74   160  0.03294  0.20118  -3  157
218  453  0015  0.268  0.238   -33   160  0.03294  0.20118  -3  152
218  453  0016  0.291  0.238    79   160  0.03294  0.20118  -3  157
218  574  0017  0.287  0.269  -168  -168  -0.10506  0.20118  -5  160
218  453  0018  0.268  0.238  -120   160  0.03294  0.20118  -4  157
218  456  0019  0.290  0.238    21   160  0.03294  0.20118  -1  156
218  454  0020  0.287  0.238  -104   160  0.03294  0.20118  -4  155
218  454  0021  0.288  0.238   -95   160  0.03294  0.20118  -4  153
218  462  0022  0.286  0.238    30   160  0.03294  0.20118  -2  153
218  454  0023  0.270  0.238  -119   160  0.03294  0.20118  -4  157
218  457  0024  0.288  0.238   -83   160  0.03294  0.20118  -4  155
218  460  0025  0.288  0.238    -1   160  0.03294  0.20118  -3  157
218  454  0026  0.264  0.238  -124   160  0.03294  0.20118  -4  157
218  458  0027  0.291  0.238   -63   160  0.03294  0.20118  -3  156
218  458  0028  0.290  0.238     4   160  0.03294  0.20118  -3  157
218  515  0029  0.296  0.245   163   161  0.02694  0.20718  -5  156
218  458  0030  0.280  0.238    25   160  0.03294  0.20118  -2  154
218  594  0031  0.280  0.269  -169  -168  -0.10506  0.20118  -5  161
218  465  0032  0.292  0.238   134   160  0.03294  0.20118  -3  158
218  449  0033  0.265  0.238    97   160  0.03294  0.20118  -3  157
218  452  0034  0.272  0.238   101   160  0.03294  0.20118  -4  156
218  454  0035  0.283  0.238   141   160  0.03294  0.20118  -3  159
218  456  0036  0.278  0.238   -51   160  0.03294  0.20118  -4  152
218  460  0037  0.295  0.238  -103   160  0.03294  0.20118  -4  154
218  453  0038  0.283  0.238    90   160  0.03294  0.20118  -4  156
218  456  0039  0.266  0.238    89   160  0.03294  0.20118  -3  158
218  576  0040  0.282  0.266  -165  -166  -0.11106  0.19518  -4  161
218  459  0041  0.274  0.238    33   160  0.03294  0.20118  -3  152
218  459  0042  0.278  0.238  -144   160  0.03294  0.20118  -3  163
218  502  0043  0.291  0.239   152   157  0.04494  0.20118  -4  155
218  452  0044  0.260  0.238    71   160  0.03294  0.20118  -4  156
218  455  0045  0.294  0.238    18   160  0.03294  0.20118  -1  156
218  457  0046  0.282  0.238    63   160  0.03294  0.20118  -4  158
218  461  0047  0.294  0.238    55   160  0.03294  0.20118  -4  159
218  603  0048  0.264  0.263  -165  -167  -0.10506  0.19518  -4  162
218  457  0049  0.269  0.238    32   160  0.03294  0.20118  -2  152
255  456  0000  0.273  0.238    55   160  0.03294  0.20118  -4  160
255  449  0001  0.261  0.238   -35   160  0.03294  0.20118  -2  150
255  450  0002  0.275  0.238    89   160  0.03294  0.20118  -4  158
255  524  0003  0.287  0.252  -179  -172  -0.08106  0.19518  -5  161
255  633  0004  0.267  0.266  -165  -166  -0.11106  0.19518  -4  164
255  453  0005  0.271  0.238  -141   160  0.03294  0.20118  -3  164
255  455  0006  0.271  0.238   -29   160  0.03294  0.20118  -3  153
255  656  0007  0.267  0.260  -170  -169  -0.09906  0.19518  -5  163
255  630  0008  0.262  0.245   168   164  0.01494  0.20718  -6  162
255  457  0009  0.290  0.238  -139   160  0.03294  0.20118  -3  163
255  455  0010  0.261  0.238    16   160  0.03294  0.20118  -0  152
255  463  0011  0.294  0.238   -52   160  0.03294  0.20118  -4  155
255  461  0012  0.295  0.238    92   160  0.03294  0.20118  -4  156
255  460  0013  0.267  0.238  -143   160  0.03294  0.20118  -2  165
255  517  0014  0.293  0.261  -178  -172  -0.08706  0.20118  -5  160
255  449  0015  0.261  0.238    82   160  0.03294  0.20118  -4  158
255  450  0016  0.276  0.238    85   160  0.03294  0.20118  -3  158
255  460  0017  0.272  0.238    58   160  0.03294  0.20118  -4  160
255  457  0018  0.278  0.238   -47   160  0.03294  0.20118  -4  152
255  462  0019  0.282  0.238   -25   160  0.03294  0.20118  -3  156
255  600  0020  0.259  0.259  -162  -166  -0.11106  0.18918  -4  164
255  461  0021  0.287  0.238   -26   160  0.03294  0.20118  -3  157
255  647  0022  0.269  0.263  -168  -167  -0.10506  0.19518  -5  163
255  520  0023  0.284  0.240   150   155  0.05094  0.20118  -4  157
255  461  0024  0.289  0.238   -34   160  0.03294  0.20118  -3  156
255  454  0025  0.285  0.238  -111   160  0.03294  0.20118  -4  157
255  458  0026  0.290  0.238  -134   160  0.03294  0.20118  -4  161
255  576  0027  0.265  0.248  -180  -175  -0.06906  0.19518  -5  164
255  580  0028  0.263  0.236   148   151  0.06894  0.19518  -4  161
255  456  0029  0.276  0.238   -26   160  0.03294  0.20118  -3  154
255  459  0030  0.291  0.238   136   160  0.03294  0.20118  -2  159
255  460  0031  0.282  0.238    33   160  0.03294  0.20118  -2  153
255  501  0032  0.278  0.269  -157  -162  -0.12906  0.18918  -3  165
255  447  0033  0.263  0.238   -35   160  0.03294  0.20118  -2  151
255  451  0034  0.273  0.238   -77   160  0.03294  0.20118  -4  156
255  577  0035  0.269  0.241   150   154  0.05694  0.20118  -5  160
255  463  0036  0.291  0.238   -24   160  0.03294  0.20118  -3  157
255  457  0037  0.274  0.238   131   160  0.03294  0.20118  -3  161
255  455  0038  0.276  0.238   -11   160  0.03294  0.20118  -3  156
255  560  0039  0.292  0.264  -174  -170  -0.09306  0.20118  -5  160
255  459  0040  0.282  0.238    49   160  0.03294  0.20118  -4  158
255  450  0041  0.285  0.238   -96   160  0.03294  0.20118  -4  153
255  456  0042  0.278  0.238  -135   160  0.03294  0.20118  -4  161
255  456  0043  0.289  0.238  -101   160  0.03294  0.20118  -4  154
255  461  0044  0.283  0.238    32   160  0.03294  0.20118  -2  153
255  600  0045  0.266  0.245   170   166  0.00894  0.20718  -6  162
255  458  0046  0.266  0.238    30   160  0.03294  0.20118  -2  152
255  648  0047  0.260  0.263  -166  -167  -0.10506  0.19518  -5  163
255  456  0048  0.272  0.238     6   160  0.03294  0.20118  -1  155
255  459  0049  0.278  0.238  -144   160  0.03294  0.20118  -2  165
291  458  0000  0.273  0.238    67   160  0.03294  0.20118  -4  159
291  445  0001  0.272  0.238   -20   160  0.03294  0.20118  -3  154
291  449  0002  0.267  0.238   -12   160  0.03294  0.20118  -3  154
291  454  0003  0.266  0.238   107   160  0.03294  0.20118  -4  157
291  449  0004  0.289  0.238   140   160  0.03294  0.20118  -2  160
291  495  0005  0.293  0.276  -157  -160  -0.14106  0.18918  -3  165
291  547  0006  0.283  0.253   172   167  0.00294  0.21318  -5  162
291  451  0007  0.273  0.238   -23   160  0.03294  0.20118  -3  154
291  589  0008  0.281  0.246   157   159  0.03894  0.20718  -6  158
291  688  0009  0.261  0.245   163   161  0.02694  0.20718  -6  162
291  447  0010  0.270  0.238  -113   160  0.03294  0.20118  -4  159
291  456  0011  0.279  0.238   -77   160  0.03294  0.20118  -4  158
291  458  0012  0.287  0.238    70   160  0.03294  0.20118  -3  159
291  451  0013  0.270  0.238  -118   160  0.03294  0.20118  -4  159
291  455  0014  0.277  0.238    50   160  0.03294  0.20118  -4  159
291  461  0015  0.295  0.238    70   160  0.03294  0.20118  -3  159
291  609  0016  0.293  0.272  -166  -167  -0.11106  0.20118  -4  162
291  457  0017  0.276  0.238  -129   160  0.03294  0.20118  -4  160
291  462  0018  0.278  0.279  -143  -145  -0.20106  0.14718  -4  166
291  467  0019  0.293  0.238   -31   160  0.03294  0.20118  -3  159
291  450  0020  0.271  0.238   -79   160  0.03294  0.20118  -4  156
291  462  0021  0.294  0.238   -45   160  0.03294  0.20118  -3  155
291  554  0022  0.286  0.246   155   157  0.04494  0.20718  -5  157
291  453  0023  0.269  0.238  -123   160  0.03294  0.20118  -4  160
291  453  0024  0.280  0.238   -45   160  0.03294  0.20118  -3  153
291  455  0025  0.274  0.238   -79   160  0.03294  0.20118  -4  156
291  451  0026  0.268  0.238  -118   160  0.03294  0.20118  -4  159
291  446  0027  0.269  0.238   -18   160  0.03294  0.20118  -3  154
291  556  0028  0.286  0.259  -178  -173  -0.08106  0.20118  -5  162
291  459  0029  0.287  0.238   -74   160  0.03294  0.20118  -4  159
291  455  0030  0.286  0.238   -86   160  0.03294  0.20118  -4  155
291  483  0031  0.295  0.240   148   155  0.05094  0.20118  -3  156
291  510  0032  0.268  0.272  -152  -152  -0.17106  0.16518  -3  167
291  457  0033  0.292  0.238    79   160  0.03294  0.20118  -4  159
291  482  0034  0.271  0.270  -145  -146  -0.18906  0.14718  -4  166
291  449  0035  0.288  0.238    88   160  0.03294  0.20118  -4  158
291  447  0036  0.269  0.238   -25   160  0.03294  0.20118  -3  153
291  451  0037  0.262  0.238   105   160  0.03294  0.20118  -4  158
291  451  0038  0.271  0.238   -76   160  0.03294  0.20118  -4  157
291  458  0039  0.274  0.238   -32   160  0.03294  0.20118  -2  154
291  456  0040  0.270  0.238   -64   160  0.03294  0.20118  -4  156
291  508  0041  0.264  0.270  -148  -148  -0.18306  0.15318  -3  166
291  458  0042  0.277  0.238    66   160  0.03294  0.20118  -4  159
291  464  0043  0.294  0.238   107   160  0.03294  0.20118  -4  153
291  513  0044  0.293  0.252   171   166  0.00894  0.21318  -5  160
291  503  0045  0.278  0.274  -154  -154  -0.16506  0.17118  -3  167
291  459  0046  0.285  0.238   136   160  0.03294  0.20118  -2  161
291  461  0047  0.295  0.238   -54   160  0.03294  0.20118  -4  156
291  458  0048  0.269  0.238    30   160  0.03294  0.20118  -2  152
291  458  0049  0.294  0.238     4   160  0.03294  0.20118  -3  160
327  454  0000  0.280  0.238    19   160  0.03294  0.20118  -0  156
327  681  0001  0.272  0.269  -164  -165  -0.11706  0.19518  -4  166
327  437  0002  0.259  0.238   -21   160  0.03294  0.20118  -3  151
327  454  0003  0.281  0.238    71   160  0.03294  0.20118  -3  160
327  457  0004  0.286  0.238    68   160  0.03294  0.20118  -3  161
327  461  0005  0.285  0.238   110   160  0.03294  0.20118  -4  155
327  456  0006  0.283  0.238   134   160  0.03294  0.20118  -2  163
327  458  0007  0.290  0.238    44   160  0.03294  0.20118  -4  157
327  692  0008  0.261  0.259  -164  -166  -0.11106  0.18918  -5  166
327  449  0009  0.262  0.238   116   160  0.03294  0.20118  -4  160
327  450  0010  0.278  0.238   -14   160  0.03294  0.20118  -2  157
327  458  0011  0.285  0.238   -19   160  0.03294  0.20118  -4  159
327  637  0012  0.277  0.252   166   164  0.01494  0.21318  -7  162
327  456  0013  0.280  0.238   120   160  0.03294  0.20118  -4  159
327  462  0014  0.278  0.232   139   147  0.08094  0.18918  -3  164
327  700  0015  0.269  0.266  -165  -166  -0.11106  0.19518  -4  166
327  530  0016  0.272  0.275  -146  -147  -0.18906  0.15318  -4  167
327  450  0017  0.281  0.238   -89   160  0.03294  0.20118  -4  154
327  456  0018  0.276  0.238    55   160  0.03294  0.20118  -5  162
327  565  0019  0.271  0.238   146   149  0.07494  0.19518  -5  162
327  516  0020  0.271  0.232   142   147  0.08094  0.18918  -3  164
327  454  0021  0.281  0.238   -82   160  0.03294  0.20118  -4  157
327  610  0022  0.266  0.247   174   170  -0.00906  0.20718  -6  167
327  457  0023  0.282  0.238   -26   160  0.03294  0.20118  -3  157
327  440  0024  0.261  0.238   -95   160  0.03294  0.20118  -4  153
327  445  0025  0.268  0.238   -15   160  0.03294  0.20118  -2  155
327  459  0026  0.288  0.238    16   160  0.03294  0.20118  -1  158
327  672  0027  0.264  0.240   154   155  0.05094  0.20118  -6  163
327  443  0028  0.268  0.238    78   160  0.03294  0.20118  -3  160
327  455  0029  0.283  0.238  -108   160  0.03294  0.20118  -3  159
327  464  0030  0.285  0.238   126   160  0.03294  0.20118  -3  161
327  444  0031  0.262  0.238   -79   160  0.03294  0.20118  -4  156
327  457  0032  0.288  0.238   -63   160  0.03294  0.20118  -4  159
327  449  0033  0.268  0.238    85   160  0.03294  0.20118  -3  161
327  454  0034  0.288  0.238   -88   160  0.03294  0.20118  -4  155
327  545  0035  0.260  0.267  -152  -151  -0.17106  0.15918  -3  168
327  444  0036  0.268  0.238    77   160  0.03294  0.20118  -4  159
327  458  0037  0.280  0.238   -39   160  0.03294  0.20118  -2  155
327  454  0038  0.283  0.238  -109   160  0.03294  0.20118  -3  159
327  522  0039  0.276  0.238   144   149  0.07494  0.19518  -3  162
327  631  0040  0.295  0.269  -169  -168  -0.10506  0.20118  -5  162
327  463  0041  0.284  0.238   119   160  0.03294  0.20118  -3  158
327  446  0042  0.280  0.238    97   160  0.03294  0.20118  -4  157
327  679  0043  0.262  0.245   169   166  0.00894  0.20718  -6  165
327  457  0044  0.287  0.238  -133   160  0.03294  0.20118  -4  163
327  461  0045  0.295  0.238   -69   160  0.03294  0.20118  -4  161
327  462  0046  0.289  0.238   -69   160  0.03294  0.20118  -4  160
327  549  0047  0.268  0.271  -150  -150  -0.17706  0.15918  -3  168
327  456  0048  0.293  0.238  -103   160  0.03294  0.20118  -4  156
327  447  0049  0.267  0.238   -10   160  0.03294  0.20118  -2  156
364  459  0000  0.273  0.238    37   160  0.03294  0.20118  -3  153
364  450  0001  0.260  0.238     2   160  0.03294  0.20118  -1  157
364  458  0002  0.283  0.238    11   160  0.03294  0.20118  -1  158
364  442  0003  0.271  0.238   -88   160  0.03294  0.20118  -4  154
364  583  0004  0.287  0.246   155   157  0.04494  0.20718  -6  159
364  465  0005  0.288  0.294    54    54  0.26694  -0.08082  -6  164
364  458  0006  0.288  0.232    30   156  0.04494  0.19518  -1  156
364  458  0007  0.281  0.238  -127   160  0.03294  0.20118  -5  162
364  465  0008  0.289  0.238   118   160  0.03294  0.20118  -3  158
364  455  0009  0.290  0.232   -89   156  0.04494  0.19518  -4  156
364  756  0010  0.260  0.263  -167  -167  -0.10506  0.19518  -5  168
364  582  0011  0.259  0.236   141   144  0.09294  0.18918  -4  167
364  457  0012  0.281  0.238   121   160  0.03294  0.20118  -4  161
364  446  0013  0.267  0.238    14   160  0.03294  0.20118  -0  154
364  450  0014  0.264  0.238   -59   160  0.03294  0.20118  -4  154
364  456  0015  0.290  0.232   -90   156  0.04494  0.19518  -4  155
364  447  0016  0.263  0.238  -107   161  0.02694  0.20118  -4  160
364  459  0017  0.268  0.238    35   160  0.03294  0.20118  -3  153
364  450  0018  0.268  0.238    11   160  0.03294  0.20118  -0  155
364  574  0019  0.277  0.277  -151  -151  -0.17706  0.16518  -4  169
364  466  0020  0.294  0.238  -128   160  0.03294  0.20118  -4  162
364  447  0021  0.273  0.238    88   160  0.03294  0.20118  -4  162
364  450  0022  0.261  0.238   -64   160  0.03294  0.20118  -4  156
364  446  0023  0.267  0.238    -4   160  0.03294  0.20118  -2  158
364  452  0024  0.272  0.238   123   160  0.03294  0.20118  -3  163
364  456  0025  0.295  0.238    62   160  0.03294  0.20118  -4  164
364  454  0026  0.277  0.238    28   160  0.03294  0.20118  -1  155
364  457  0027  0.272  0.238    40   160  0.03294  0.20118  -4  155
364  445  0028  0.275  0.238    77   160  0.03294  0.20118  -3  161
364  646  0029  0.282  0.252   162   162  0.02694  0.21318  -7  161
364  532  0030  0.283  0.255   176   171  -0.01506  0.21318  -5  167
364  443  0031  0.266  0.238   -47   160  0.03294  0.20118  -3  151
364  447  0032  0.272  0.238    -7   160  0.03294  0.20118  -2  159
364  707  0033  0.261  0.263  -163  -165  -0.11706  0.18918  -5  168
364  518  0034  0.270  0.234   140   146  0.08694  0.18918  -3  166
364  448  0035  0.269  0.238  -135   160  0.03294  0.20118  -4  167
364  452  0036  0.268  0.238    -1   160  0.03294  0.20118  -2  159
364  452  0037  0.283  0.238   -45   160  0.03294  0.20118  -3  155
364  452  0038  0.286  0.238    84   160  0.03294  0.20118  -4  161
364  458  0039  0.293  0.238   -70   160  0.03294  0.20118  -4  163
364  457  0040  0.277  0.238    68   160  0.03294  0.20118  -4  161
364  446  0041  0.260  0.238   -53   160  0.03294  0.20118  -4  151
364  454  0042  0.282  0.238  -105   160  0.03294  0.20118  -4  158
364  664  0043  0.278  0.252   160   160  0.03294  0.21318  -7  161
364  446  0044  0.274  0.238   -85   160  0.03294  0.20118  -4  156
364  450  0045  0.274  0.238    72   160  0.03294  0.20118  -4  161
364  440  0046  0.262  0.238    93   160  0.03294  0.20118  -3  162
364  456  0047  0.284  0.238   -41   160  0.03294  0.20118  -2  156
364  446  0048  0.280  0.238    84   160  0.03294  0.20118  -4  161
364  466  0049  0.296  0.238   108   160  0.03294  0.20118  -3  153
400  458  0000  0.295  0.238   -51   160  0.03294  0.20118  -4  157
400  451  0001  0.271  0.238     0   160  0.03294  0.20118  -1  160
400  651  0002  0.284  0.252   162   162  0.02694  0.21318  -7  162
400  579  0003  0.284  0.241   151   154  0.05694  0.20118  -5  161
400  455  0004  0.287  0.238   101   160  0.03294  0.20118  -4  157
400  671  0005  0.266  0.243   149   151  0.06894  0.20118  -6  165
400  449  0006  0.294  0.238  -100   160  0.03294  0.20118  -4  156
400  722  0007  0.285  0.275  -165  -166  -0.11706  0.20118  -4  167
400  457  0008  0.294  0.238   -58   160  0.03294  0.20118  -3  159
400  463  0009  0.294  0.238   107   160  0.03294  0.20118  -4  154
400  452  0010  0.281  0.238    -9   160  0.03294  0.20118  -2  162
400  502  0011  0.292  0.316   -21   -21  -0.05106  -0.26682  -4  162
400  455  0012  0.277  0.238   -62   160  0.03294  0.20118  -4  159
400  449  0013  0.273  0.238    -3   160  0.03294  0.20118  -2  161
400  647  0014  0.269  0.254   174   170  -0.00906  0.21318  -6  169
400  448  0015  0.273  0.238    -1   160  0.03294  0.20118  -2  162
400  455  0016  0.269  0.238   107   160  0.03294  0.20118  -4  160
400  458  0017  0.286  0.238   104   160  0.03294  0.20118  -4  156
400  453  0018  0.294  0.238    79   160  0.03294  0.20118  -4  163
400  456  0019  0.278  0.238   -72   160  0.03294  0.20118  -5  162
400  470  0020  0.277  0.234   138   146  0.08694  0.18918  -3  168
400  461  0021  0.287  0.238    37   160  0.03294  0.20118  -2  156
400  450  0022  0.271  0.238    48   160  0.03294  0.20118  -5  161
400  694  0023  0.277  0.252   166   164  0.01494  0.21318  -7  164
400  441  0024  0.277  0.238   -95   160  0.03294  0.20118  -4  154
400  451  0025  0.267  0.238    68   160  0.03294  0.20118  -4  162
400  602  0026  0.279  0.254   174   170  -0.00906  0.21318  -6  168
400  449  0027  0.271  0.238    62   160  0.03294  0.20118  -5  164
400  442  0028  0.261  0.238   -45   160  0.03294  0.20118  -3  150
400  453  0029  0.286  0.238   -82   160  0.03294  0.20118  -4  160
400  447  0030  0.265  0.238    15   160  0.03294  0.20118  -0  154
400  488  0031  0.273  0.286    56    55  0.26094  -0.07482  -6  164
400  449  0032  0.274  0.238  -132   160  0.03294  0.20118  -5  167
400  456  0033  0.271  0.238    35   160  0.03294  0.20118  -2  154
400  449  0034  0.272  0.238   -36   160  0.03294  0.20118  -2  155
400  446  0035  0.283  0.238    90   160  0.03294  0.20118  -4  162
400  440  0036  0.271  0.238   -96   160  0.03294  0.20118  -4  155
400  441  0037  0.263  0.238   -13   160  0.03294  0.20118  -2  155
400  465  0038  0.293  0.238   114   160  0.03294  0.20118  -3  156
400  455  0039  0.284  0.238    29   160  0.03294  0.20118  -1  157
400  439  0040  0.270  0.238   -88   160  0.03294  0.20118  -4  154
400  441  0041  0.273  0.238    78   160  0.03294  0.20118  -4  163
400  460  0042  0.292  0.238   -43   160  0.03294  0.20118  -3  158
400  471  0043  0.288  0.323    18    18  0.15894  -0.22482  0  160
400  694  0044  0.291  0.278  -164  -165  -0.12306  0.20118  -5  167
400  694  0045  0.266  0.241   152   154  0.05694  0.20118  -6  165
400  458  0046  0.281  0.232   124   156  0.04494  0.19518  -3  164
400  444  0047  0.261  0.238    91   160  0.03294  0.20118  -3  164
400  601  0048  0.278  0.278  -154  -153  -0.17106  0.17118  -3  172
400  693  0049  0.292  0.278  -164  -165  -0.12306  0.20118  -5  167
436  453  0000  0.280  0.238  -125   160  0.03294  0.20118  -5  165
436  825  0001  0.262  0.263  -168  -167  -0.10506  0.19518  -6  170
436  638  0002  0.273  0.275  -148  -147  -0.18906  0.15318  -5  171
436  492  0003  0.277  0.279   136   134  0.15294  0.20718  -4  168
436  454  0004  0.294  0.238   141   160  0.03294  0.20118  -2  165
436  463  0005  0.290  0.238   111   160  0.03294  0.20118  -4  157
436  443  0006  0.265  0.238  -106   161  0.02694  0.20118  -4  162
436  673  0007  0.293  0.279  -161  -162  -0.13506  0.19518  -4  169
436  472  0008  0.294  0.301    -6    -4  0.03894  -0.24882  -4  164
436  471  0009  0.292  0.300    79    78  0.29694  0.02118  -5  164
436  710  0010  0.281  0.275  -161  -163  -0.12906  0.19518  -4  171
436  499  0011  0.294  0.315   -28   -27  -0.08706  -0.26082  -4  163
436  492  0012  0.288  0.301   -79   -77  -0.27306  -0.12282  -6  162
436  435  0013  0.264  0.238   -13   160  0.03294  0.20118  -2  157
436  449  0014  0.270  0.238    11   160  0.03294  0.20118  -0  158
436  459  0015  0.272  0.282  -135  -136  -0.23106  0.11718  -6  169
436  432  0016  0.270  0.238  -100   160  0.03294  0.20118  -4  158
436  607  0017  0.294  0.283  -157  -158  -0.15306  0.18918  -3  170
436  503  0018  0.278  0.236   140   144  0.09294  0.18918  -3  168
436  539  0019  0.292  0.295    58    57  0.27294  -0.06882  -6  165
436  442  0020  0.262  0.271  -132  -132  -0.23106  0.09918  -6  168
436  470  0021  0.281  0.284   126   127  0.18294  0.19518  -4  166
436  462  0022  0.288  0.238   121   160  0.03294  0.20118  -3  162
436  485  0023  0.290  0.313   -27   -26  -0.08106  -0.26082  -3  162
436  503  0024  0.275  0.277   129   129  0.17094  0.19518  -5  167
436  456  0025  0.291  0.238   140   160  0.03294  0.20118  -2  166
436  626  0026  0.287  0.259  -178  -173  -0.08106  0.20118  -6  168
436  757  0027  0.261  0.241   153   154  0.05694  0.20118  -7  167
436  464  0028  0.281  0.279   125   126  0.18294  0.18918  -4  165
436  438  0029  0.263  0.238    91   160  0.03294  0.20118  -4  165
436  600  0030  0.268  0.241   143   146  0.08694  0.19518  -5  167
436  609  0031  0.294  0.294  -146  -146  -0.20706  0.15918  -5  169
436  588  0032  0.293  0.253   157   159  0.03894  0.21318  -7  158
436  463  0033  0.268  0.281    -2    -2  0.04494  -0.23082  -2  161
436  465  0034  0.295  0.238    41   160  0.03294  0.20118  -3  159
436  537  0035  0.277  0.280  -140  -141  -0.21306  0.13518  -6  170
436  512  0036  0.288  0.238   145   149  0.07494  0.19518  -3  164
436  657  0037  0.268  0.244   147   150  0.07494  0.20118  -6  165
436  441  0038  0.265  0.238   -10   160  0.03294  0.20118  -2  158
436  446  0039  0.272  0.238   -46   160  0.03294  0.20118  -3  153
436  457  0040  0.288  0.238    -9   160  0.03294  0.20118  -2  164
436  450  0041  0.276  0.238  -120   160  0.03294  0.20118  -5  165
436  459  0042  0.285  0.238   106   160  0.03294  0.20118  -4  157
436  455  0043  0.276  0.238  -132   160  0.03294  0.20118  -5  168
436  451  0044  0.275  0.238   -28   160  0.03294  0.20118  -3  158
436  432  0045  0.262  0.238   -89   160  0.03294  0.20118  -3  154
436  459  0046  0.279  0.238    34   160  0.03294  0.20118  -2  156
436  463  0047  0.295  0.238  -128   160  0.03294  0.20118  -4  165
436  484  0048  0.293  0.285   133   132  0.16494  0.20718  -3  165
436  731  0049  0.280  0.264  -174  -170  -0.09306  0.20118  -6  168
473  504  0000  0.260  0.266   126   127  0.17094  0.18318  -6  169
473  443  0001  0.269  0.238  -120   160  0.03294  0.20118  -5  167
473  449  0002  0.280  0.238  -120   160  0.03294  0.20118  -5  166
473  455  0003  0.283  0.238   -43   160  0.03294  0.20118  -2  158
473  478  0004  0.286  0.304   -69   -71  -0.26106  -0.14682  -6  164
473  445  0005  0.262  0.238    44   160  0.03294  0.20118  -4  160
473  494  0006  0.282  0.316    16    16  0.14694  -0.22482  -0  160
473  648  0007  0.293  0.291  -151  -150  -0.18906  0.17118  -4  171
473  451  0008  0.284  0.238   -51   160  0.03294  0.20118  -4  158
473  509  0009  0.292  0.300    77    76  0.29694  0.01518  -5  164
473  507  0010  0.259  0.237  -114  -112  -0.23106  0.02118  -5  166
473  447  0011  0.263  0.238    13   160  0.03294  0.20118  0  156
473  453  0012  0.262  0.238    26   160  0.03294  0.20118  1  154
473  452  0013  0.296  0.238   -94   160  0.03294  0.20118  -5  157
473  453  0014  0.278  0.309     8     8  0.10494  -0.23682  -1  162
473  461  0015  0.261  0.262   121   121  0.18894  0.16518  -6  167
473  746  0016  0.295  0.279  -168  -168  -0.11106  0.20718  -6  167
473  459  0017  0.263  0.241    92    93  0.23094  0.06918  -5  166
473  444  0018  0.264  0.238  -122   160  0.03294  0.20118  -5  168
473  444  0019  0.267  0.278    -8    -6  0.02694  -0.23082  -3  161
473  455  0020  0.292  0.238  -121   160  0.03294  0.20118  -5  164
473  477  0021  0.276  0.278  -130  -129  -0.24306  0.09318  -6  168
473  450  0022  0.289  0.238   102   160  0.03294  0.20118  -4  159
473  448  0023  0.281  0.238   -12   160  0.03294  0.20118  -2  164
473  517  0024  0.267  0.272   127   128  0.17094  0.18918  -5  168
473  440  0025  0.263  0.238   -49   160  0.03294  0.20118  -4  152
473  467  0026  0.263  0.266  -128  -127  -0.23706  0.08118  -7  168
473  484  0027  0.280  0.288    80    79  0.28494  0.02718  -5  165
473  559  0028  0.292  0.298    60    58  0.27894  -0.06282  -7  166
473  757  0029  0.287  0.278  -163  -165  -0.12306  0.20118  -5  171
473  439  0030  0.260  0.238   -36   160  0.03294  0.20118  -2  152
473  656  0031  0.290  0.266  -177  -173  -0.08106  0.20718  -6  169
473  441  0032  0.264  0.238   -55   161  0.02694  0.20118  -4  155
473  774  0033  0.262  0.253   171   168  -0.00306  0.21318  -8  172
473  566  0034  0.284  0.289    57    57  0.26694  -0.06882  -7  166
473  439  0035  0.277  0.238   -96   160  0.03294  0.20118  -4  157
473  455  0036  0.277  0.238   -69   160  0.03294  0.20118  -5  165
473  524  0037  0.286  0.306   -73   -73  -0.26706  -0.14082  -7  164
473  441  0038  0.266  0.238  -103   161  0.02694  0.20118  -4  162
473  448  0039  0.274  0.238   117   160  0.03294  0.20118  -4  164
473  525  0040  0.292  0.311     9     9  0.11094  -0.23682  -2  163
473  570  0041  0.285  0.289  -140  -141  -0.21906  0.14118  -6  170
473  449  0042  0.263  0.238    41   160  0.03294  0.20118  -4  157
473  448  0043  0.260  0.238     4   160  0.03294  0.20118  -0  160
473  770  0044  0.283  0.273  -172  -170  -0.09906  0.20718  -6  169
473  657  0045  0.267  0.239   145   148  0.08094  0.19518  -5  168
473  457  0046  0.281  0.238    32   160  0.03294  0.20118  -1  157
473  600  0047  0.286  0.262   175   171  -0.01506  0.21918  -6  170
473  817  0048  0.277  0.272  -166  -167  -0.11106  0.20118  -5  171
473  621  0049  0.269  0.274  -143  -144  -0.20106  0.14118  -6  172
509  670  0000  0.285  0.268   172   170  -0.00906  0.22518  -7  170
509  444  0001  0.266  0.238    70   160  0.03294  0.20118  -4  166
509  446  0002  0.261  0.238    29   160  0.03294  0.20118  0  155
509  602  0003  0.273  0.280  -140  -141  -0.21306  0.13518  -6  173
509  587  0004  0.275  0.283    58    56  0.26094  -0.06882  -8  167
509  446  0005  0.284  0.238  -104   161  0.02694  0.20118  -4  162
509  452  0006  0.270  0.238   108   160  0.03294  0.20118  -4  165
509  432  0007  0.264  0.238   -83   160  0.03294  0.20118  -4  159
509  493  0008  0.290  0.303   -10   -10  0.00894  -0.25482  -4  165
509  452  0009  0.290  0.238   100   160  0.03294  0.20118  -5  160
509  463  0010  0.276  0.308   -16   -16  -0.02706  -0.26082  -3  161
509  663  0011  0.261  0.265  -144  -145  -0.18906  0.14118  -7  173
509  449  0012  0.271  0.238    13   160  0.03294  0.20118  1  160
509  523  0013  0.262  0.271    51    52  0.24294  -0.08082  -8  164
509  439  0014  0.276  0.238   -91   160  0.03294  0.20118  -4  157
509  724  0015  0.273  0.249   152   153  0.06294  0.20718  -7  166
509  453  0016  0.280  0.238    43   160  0.03294  0.20118  -4  162
509  605  0017  0.292  0.297    57    56  0.27294  -0.07482  -8  167
509  454  0018  0.293  0.238    93   161  0.02694  0.20118  -5  163
509  675  0019  0.286  0.253   157   157  0.04494  0.21318  -7  163
509  679  0020  0.264  0.243   143   145  0.09294  0.19518  -6  170
509  489  0021  0.262  0.275    49    51  0.24294  -0.08682  -8  164
509  478  0022  0.265  0.240  -107  -107  -0.23706  0.00318  -4  165
509  454  0023  0.276  0.238   108   160  0.03294  0.20118  -4  163
509  626  0024  0.293  0.275   171   168  -0.00306  0.23118  -7  168
509  474  0025  0.266  0.226   106   104  0.20094  0.09918  -4  165
509  438  0026  0.264  0.238   -37   160  0.03294  0.20118  -2  155
509  537  0027  0.294  0.300    64    61  0.28494  -0.05082  -6  167
509  503  0028  0.290  0.289   139   137  0.14694  0.21918  -4  168
509  474  0029  0.270  0.285   -81   -79  -0.26106  -0.11082  -5  161
509  445  0030  0.262  0.238     5   160  0.03294  0.20118  0  161
509  445  0031  0.260  0.238    18   160  0.03294  0.20118  2  155
509  434  0032  0.262  0.238   -11   160  0.03294  0.20118  -2  160
509  434  0033  0.274  0.238   -98   160  0.03294  0.20118  -4  159
509  810  0034  0.272  0.252   163   163  0.02094  0.21318  -9  169
509  445  0035  0.268  0.238    13   160  0.03294  0.20118  1  159
509  776  0036  0.294  0.278  -165  -165  -0.12306  0.20118  -5  170
509  764  0037  0.269  0.253   172   168  -0.00306  0.21318  -8  173
509  550  0038  0.277  0.281   127   128  0.17694  0.19518  -5  168
509  455  0039  0.285  0.238  -123   160  0.03294  0.20118  -5  168
509  458  0040  0.288  0.238   112   160  0.03294  0.20118  -3  160
509  471  0041  0.281  0.275   120   120  0.20094  0.17118  -5  166
509  448  0042  0.278  0.238   -46   160  0.03294  0.20118  -3  157
509  565  0043  0.286  0.296    62    60  0.27894  -0.05682  -7  167
509  534  0044  0.269  0.281    -2    -2  0.04494  -0.23082  -3  162
509  483  0045  0.282  0.291    -9    -7  0.02094  -0.24282  -4  164
509  453  0046  0.285  0.238   102   160  0.03294  0.20118  -4  161
509  800  0047  0.285  0.276  -171  -169  -0.10506  0.20718  -6  170
509  459  0048  0.263  0.282    74    74  0.27894  0.00318  -5  166
509  439  0049  0.275  0.238   -14   160  0.03294  0.20118  -2  163
73  487  0000  0.287  0.238   158   160  0.03294  0.20118  -4  155
73  463  0001  0.289  0.238   -51   160  0.03294  0.20118  -3  154
73  460  0002  0.295  0.238  -101   160  0.03294  0.20118  -3  154
73  459  0003  0.294  0.238    -2   160  0.03294  0.20118  -3  155
73  460  0004  0.278  0.238  -138   160  0.03294  0.20118  -3  156
73  460  0005  0.286  0.238   -72   160  0.03294  0.20118  -4  155
73  459  0006  0.268  0.238  -140   160  0.03294  0.20118  -3  156
73  500  0007  0.275  0.238   159   160  0.03294  0.20118  -4  155
73  458  0008  0.261  0.238    51   160  0.03294  0.20118  -4  155
73  467  0009  0.283  0.238   116   160  0.03294  0.20118  -3  154
73  459  0010  0.283  0.238   -93   160  0.03294  0.20118  -4  153
73  463  0011  0.265  0.238   -27   160  0.03294  0.20118  -3  153
73  479  0012  0.287  0.238   167   160  0.03294  0.20118  -3  156
73  462  0013  0.296  0.238  -152   160  0.03294  0.20118  -3  157
73  462  0014  0.283  0.238   -77   160  0.03294  0.20118  -3  155
73  463  0015  0.286  0.238  -124   160  0.03294  0.20118  -3  155
73  466  0016  0.281  0.238  -117   160  0.03294  0.20118  -3  155
73  461  0017  0.284  0.238    21   160  0.03294  0.20118  -2  154
73  462  0018  0.267  0.238   -83   160  0.03294  0.20118  -3  153
73  458  0019  0.276  0.238   -11   160  0.03294  0.20118  -3  154
73  460  0020  0.260  0.238   -28   160  0.03294  0.20118  -3  153
73  460  0021  0.294  0.238  -121   160  0.03294  0.20118  -4  154
73  456  0022  0.278  0.238    73   160  0.03294  0.20118  -3  154
73  481  0023  0.276  0.257  -173  -170  -0.09306  0.19518  -4  156
73  483  0024  0.289  0.239   156   158  0.03894  0.20118  -4  154
73  459  0025  0.263  0.238  -133   160  0.03294  0.20118  -4  155
73  459  0026  0.268  0.238  -138   160  0.03294  0.20118  -3  156
73  461  0027  0.296  0.238  -161   160  0.03294  0.20118  -2  157
73  457  0028  0.262  0.238   -22   160  0.03294  0.20118  -3  153
73  466  0029  0.295  0.238   -30   160  0.03294  0.20118  -3  155
73  489  0030  0.260  0.233   149   155  0.05094  0.19518  -3  157
73  460  0031  0.275  0.238   -63   160  0.03294  0.20118  -4  154
73  461  0032  0.271  0.238   -28   160  0.03294  0.20118  -3  153
73  462  0033  0.270  0.238   -27   160  0.03294  0.20118  -3  153
73  462  0034  0.278  0.238    16   160  0.03294  0.20118  -3  153
73  461  0035  0.294  0.238  -161   160  0.03294  0.20118  -2  157
73  458  0036  0.276  0.238  -101   160  0.03294  0.20118  -3  153
73  461  0037  0.260  0.238   -34   160  0.03294  0.20118  -3  152
73  488  0038  0.271  0.239   152   158  0.03894  0.20118  -3  155
73  466  0039  0.288  0.260  -165  -169  -0.09906  0.19518  -4  156
73  462  0040  0.291  0.238    50   160  0.03294  0.20118  -3  155
73  460  0041  0.267  0.238   121   160  0.03294  0.20118  -3  155
73  457  0042  0.294  0.257  -175  -170  -0.09306  0.19518  -4  156
73  460  0043  0.295  0.238   -48   160  0.03294  0.20118  -3  154
73  471  0044  0.290  0.238   171   160  0.03294  0.20118  -3  156
73  458  0045  0.276  0.238   -86   160  0.03294  0.20118  -3  153
73  490  0046  0.261  0.257  -169  -170  -0.09306  0.19518  -4  157
73  461  0047  0.283  0.238     3   160  0.03294  0.20118  -3  154
73  472  0048  0.286  0.257  -172  -170  -0.09306  0.19518  -4  156
73  459  0049  0.290  0.238    23   160  0.03294  0.20118  -3  154
109  460  0000  0.287  0.238   -64   160  0.03294  0.20118  -3  154
109  460  0001  0.289  0.238   -56   160  0.03294  0.20118  -3  154
109  460  0002  0.294  0.238  -147   160  0.03294  0.20118  -3  158
109  459  0003  0.295  0.238    57   160  0.03294  0.20118  -4  156
109  465  0004  0.290  0.238   -40   160  0.03294  0.20118  -3  154
109  461  0005  0.275  0.238   -25   160  0.03294  0.20118  -3  153
109  463  0006  0.295  0.238   -82   160  0.03294  0.20118  -3  155
109  464  0007  0.288  0.238  -138   160  0.03294  0.20118  -3  157
109  463  0008  0.281  0.238   -72   160  0.03294  0.20118  -3  155
109  459  0009  0.275  0.238    30   160  0.03294  0.20118  -3  153
109  461  0010  0.292  0.238  -124   160  0.03294  0.20118  -3  155
109  457  0011  0.263  0.238    42   160  0.03294  0.20118  -4  153
109  516  0012  0.276  0.238   162   160  0.03294  0.20118  -4  156
109  461  0013  0.295  0.238    97   160  0.03294  0.20118  -4  154
109  456  0014  0.270  0.238   -98   160  0.03294  0.20118  -3  153
109  457  0015  0.270  0.238   133   160  0.03294  0.20118  -4  157
109  463  0016  0.271  0.238   112   160  0.03294  0.20118  -3  154
109  455  0017  0.278  0.238  -101   160  0.03294  0.20118  -3  153
109  457  0018  0.272  0.238    69   160  0.03294  0.20118  -3  155
109  461  0019  0.266  0.238   120   160  0.03294  0.20118  -3  155
109  460  0020  0.270  0.238  -146   160  0.03294  0.20118  -2  159
109  460  0021  0.268  0.238    -9   160  0.03294  0.20118  -3  154
109  459  0022  0.275  0.238  -149   160  0.03294  0.20118  -2  159
109  457  0023  0.295  0.238   144   160  0.03294  0.20118  -3  154
109  458  0024  0.271  0.234   142   154  0.05694  0.19518  -3  157
109  464  0025  0.289  0.238   -28   160  0.03294  0.20118  -3  155
109  461  0026  0.284  0.238    99   160  0.03294  0.20118  -4  154
109  461  0027  0.278  0.238  -137   160  0.03294  0.20118  -3  157
109  461  0028  0.287  0.238    43   160  0.03294  0.20118  -3  153
109  460  0029  0.276  0.238   121   160  0.03294  0.20118  -3  155
109  460  0030  0.280  0.238   -64   160  0.03294  0.20118  -4  155
109  462  0031  0.264  0.238  -128   160  0.03294  0.20118  -4  156
109  456  0032  0.295  0.238  -115   160  0.03294  0.20118  -4  154
109  457  0033  0.276  0.238    88   160  0.03294  0.20118  -3  155
109  461  0034  0.274  0.238    36   160  0.03294  0.20118  -3  152
109  453  0035  0.261  0.238   -43   160  0.03294  0.20118  -3  152
109  460  0036  0.287  0.238     4   160  0.03294  0.20118  -3  155
109  462  0037  0.295  0.238   116   160  0.03294  0.20118  -3  153
109  492  0038  0.284  0.255  -175  -171  -0.08706  0.19518  -5  157
109  458  0039  0.268  0.238   135   160  0.03294  0.20118  -3  157
109  475  0040  0.262  0.234   144   154  0.05694  0.19518  -3  157
109  463  0041  0.274  0.238   -70   160  0.03294  0.20118  -3  155
109  462  0042  0.261  0.238   -61   160  0.03294  0.20118  -3  153
109  462  0043  0.269  0.238   -83   160  0.03294  0.20118  -3  153
109  456  0044  0.272  0.238    79   160  0.03294  0.20118  -3  155
109  472  0045  0.269  0.252   179  -172  -0.08106  0.19518  -4  158
109  450  0046  0.264  0.238   -20   160  0.03294  0.20118  -3  153
109  458  0047  0.278  0.238   122   160  0.03294  0.20118  -3  155
109  461  0048  0.277  0.238   -36   160  0.03294  0.20118  -3  153
109  506  0049  0.261  0.254  -164  -168  -0.09906  0.18918  -4  158
145  462  0000  0.271  0.238  -130   160  0.03294  0.20118  -3  157
145  513  0001  0.290  0.263  -167  -167  -0.10506  0.19518  -4  158
145  456  0002  0.263  0.238    -4   160  0.03294  0.20118  -2  154
145  460  0003  0.293  0.238     4   160  0.03294  0.20118  -3  156
145  457  0004  0.266  0.238    41   160  0.03294  0.20118  -3  153
145  459  0005  0.262  0.238  -125   160  0.03294  0.20118  -4  156
145  463  0006  0.267  0.238    63   160  0.03294  0.20118  -3  156
145  459  0007  0.287  0.238    -7   160  0.03294  0.20118  -3  156
145  534  0008  0.277  0.239   158   158  0.03894  0.20118  -4  156
145  451  0009  0.260  0.238   134   160  0.03294  0.20118  -3  159
145  462  0010  0.262  0.238    31   160  0.03294  0.20118  -3  152
145  457  0011  0.270  0.238   117   160  0.03294  0.20118  -3  155
145  458  0012  0.284  0.238   124   160  0.03294  0.20118  -3  156
145  462  0013  0.296  0.238    49   160  0.03294  0.20118  -4  156
145  461  0014  0.293  0.238   -66   160  0.03294  0.20118  -3  156
145  455  0015  0.266  0.238    45   160  0.03294  0.20118  -4  154
145  554  0016  0.268  0.260  -168  -169  -0.09906  0.19518  -5  159
145  455  0017  0.274  0.238   -24   160  0.03294  0.20118  -3  153
145  461  0018  0.262  0.238    63   160  0.03294  0.20118  -4  156
145  460  0019  0.281  0.238   -51   160  0.03294  0.20118  -4  153
145  451  0020  0.269  0.238   138   160  0.03294  0.20118  -3  158
145  455  0021  0.269  0.238   125   160  0.03294  0.20118  -3  157
145  453  0022  0.262  0.238   -92   160  0.03294  0.20118  -3  152
145  462  0023  0.277  0.238   -29   160  0.03294  0.20118  -3  153
145  463  0024  0.292  0.239   147   158  0.03894  0.20118  -4  155
145  522  0025  0.282  0.239   158   158  0.03894  0.20118  -4  156
145  543  0026  0.268  0.239   154   157  0.04494  0.20118  -4  157
145  462  0027  0.270  0.238   107   160  0.03294  0.20118  -4  154
145  508  0028  0.279  0.255  -177  -171  -0.08706  0.19518  -5  158
145  462  0029  0.278  0.238   -15   160  0.03294  0.20118  -3  154
145  498  0030  0.278  0.245   172   164  0.01494  0.20718  -4  158
145  461  0031  0.286  0.238  -141   160  0.03294  0.20118  -3  159
145  496  0032  0.290  0.245   167   163  0.02094  0.20718  -4  156
145  463  0033  0.296  0.238   -39   160  0.03294  0.20118  -3  155
145  455  0034  0.262  0.238   115   160  0.03294  0.20118  -4  156
145  459  0035  0.261  0.238    50   160  0.03294  0.20118  -4  155
145  461  0036  0.261  0.238    63   160  0.03294  0.20118  -4  156
145  465  0037  0.280  0.238    57   160  0.03294  0.20118  -4  156
145  460  0038  0.273  0.238    55   160  0.03294  0.20118  -4  156
145  461  0039  0.291  0.238  -123   160  0.03294  0.20118  -4  155
145  458  0040  0.259  0.238    89   160  0.03294  0.20118  -3  156
145  472  0041  0.275  0.238   177   163  0.02094  0.20118  -3  160
145  460  0042  0.290  0.238    83   160  0.03294  0.20118  -3  156
145  483  0043  0.281  0.252  -180  -172  -0.08106  0.19518  -4  158
145  454  0044  0.272  0.238   -88   160  0.03294  0.20118  -3  152
145  464  0045  0.293  0.238   -36   160  0.03294  0.20118  -3  155
145  461  0046  0.262  0.238   -60   160  0.03294  0.20118  -3  153
145  460  0047  0.269  0.238    14   160  0.03294  0.20118  -2  152
145  458  0048  0.285  0.238    20   160  0.03294  0.20118  -2  154
145  457  0049  0.272  0.238   -56   160  0.03294  0.20118  -4  153
182  460  0000  0.290  0.239   -94   158  0.03894  0.20118  -4  152
182  517  0001  0.287  0.255  -176  -171  -0.08706  0.19518  -5  159
182  505  0002  0.270  0.235   146   152  0.06294  0.19518  -3  158
182  460  0003  0.281  0.238    68   160  0.03294  0.20118  -3  156
182  462  0004  0.293  0.238   109   160  0.03294  0.20118  -4  152
182  455  0005  0.266  0.238   -57   160  0.03294  0.20118  -3  152
182  461  0006  0.259  0.238    63   160  0.03294  0.20118  -4  156
182  459  0007  0.266  0.238   105   160  0.03294  0.20118  -4  155
182  458  0008  0.262  0.238  -145   160  0.03294  0.20118  -2  162
182  455  0009  0.268  0.238  -149   160  0.03294  0.20118  -2  163
182  456  0010  0.264  0.238   109   160  0.03294  0.20118  -3  155
182  462  0011  0.292  0.238   177   161  0.02694  0.20118  -3  160
182  462  0012  0.286  0.238   -78   160  0.03294  0.20118  -4  156
182  493  0013  0.286  0.240   150   155  0.05094  0.20118  -4  155
182  472  0014  0.296  0.245   172   163  0.02094  0.20718  -4  158
182  456  0015  0.281  0.238   117   160  0.03294  0.20118  -3  155
182  588  0016  0.265  0.245   160   160  0.03294  0.20718  -5  158
182  462  0017  0.294  0.238    32   160  0.03294  0.20118  -3  154
182  518  0018  0.276  0.240   150   155  0.05094  0.20118  -4  157
182  462  0019  0.294  0.238  -123   160  0.03294  0.20118  -4  155
182  463  0020  0.291  0.238   -26   160  0.03294  0.20118  -3  156
182  456  0021  0.269  0.238    -1   160  0.03294  0.20118  -2  155
182  456  0022  0.278  0.238   -75   160  0.03294  0.20118  -4  156
182  450  0023  0.261  0.238    93   160  0.03294  0.20118  -3  157
182  454  0024  0.286  0.238    87   160  0.03294  0.20118  -3  156
182  458  0025  0.287  0.238    17   160  0.03294  0.20118  -1  155
182  457  0026  0.288  0.238   -64   160  0.03294  0.20118  -4  155
182  581  0027  0.268  0.245   163   161  0.02694  0.20718  -5  158
182  460  0028  0.294  0.238   121   160  0.03294  0.20118  -3  155
182  559  0029  0.275  0.245   161   160  0.03294  0.20718  -5  157
182  460  0030  0.281  0.238     7   160  0.03294  0.20118  -2  155
182  459  0031  0.294  0.238     2   160  0.03294  0.20118  -3  157
182  452  0032  0.271  0.238   -52   160  0.03294  0.20118  -4  152
182  462  0033  0.291  0.238  -124   160  0.03294  0.20118  -4  156
182  459  0034  0.275  0.238   -30   160  0.03294  0.20118  -3  153
182  457  0035  0.271  0.238    28   160  0.03294  0.20118  -2  152
182  461  0036  0.280  0.238   -77   160  0.03294  0.20118  -4  155
182  452  0037  0.278  0.238   -98   160  0.03294  0.20118  -4  152
182  461  0038  0.289  0.238  -120   160  0.03294  0.20118  -4  156
182  453  0039  0.270  0.238     0   160  0.03294  0.20118  -2  155
182  459  0040  0.270  0.238   -74   160  0.03294  0.20118  -4  155
182  456  0041  0.275  0.238   120   160  0.03294  0.20118  -3  156
182  457  0042  0.292  0.238   -65   160  0.03294  0.20118  -3  156
182  461  0043  0.282  0.238  -129   160  0.03294  0.20118  -4  157
182  464  0044  0.295  0.238   115   160  0.03294  0.20118  -3  153
182  588  0045  0.264  0.245   160   160  0.03294  0.20718  -5  158
182  513  0046  0.294  0.257  -173  -170  -0.09306  0.19518  -5  158
182  461  0047  0.289  0.238   -88   160  0.03294  0.20118  -4  153
182  467  0048  0.286  0.238   177   163  0.02094  0.20118  -3  160
182  452  0049  0.263  0.238   -51   160  0.03294  0.20118  -4  151
218  450  0000  0.279  0.238   -92   160  0.03294  0.20118  -4  152
218  459  0001  0.276  0.238    13   160  0.03294  0.20118  -1  154
218  452  0002  0.292  0.238    78   160  0.03294  0.20118  -3  157
218  449  0003  0.262  0.238  -112   160  0.03294  0.20118  -4  157
218  455  0004  0.293  0.239   143   158  0.03894  0.20118  -3  156
218  452  0005  0.265  0.238   -54   160  0.03294  0.20118  -4  151
218  456  0006  0.273  0.238   132   160  0.03294  0.20118  -3  160
218  457  0007  0.295  0.238    24   160  0.03294  0.20118  -1  156
218  456  0008  0.269  0.238    36   160  0.03294  0.20118  -3  152
218  453  0009  0.266  0.238    26   160  0.03294  0.20118  -2  152
218  468  0010  0.265  0.232   139   147  0.08094  0.18918  -3  161
218  458  0011  0.282  0.238    75   160  0.03294  0.20118  -3  157
218  461  0012  0.273  0.238    38   160  0.03294  0.20118  -3  152
218  463  0013  0.295  0.238   120   160  0.03294  0.20118  -3  155
218  458  0014  0.281  0.238   -22   160  0.03294  0.20118  -3  155
218  458  0015  0.280  0.238   -73   160  0.03294  0.20118  -4  157
218  453  0016  0.266  0.238  -141   160  0.03294  0.20118  -3  162
218  459  0017  0.288  0.238   -78   160  0.03294  0.20118  -4  157
218  452  0018  0.269  0.238   -96   160  0.03294  0.20118  -4  152
218  458  0019  0.266  0.238   -70   160  0.03294  0.20118  -4  155
218  454  0020  0.264  0.238    41   160  0.03294  0.20118  -3  153
218  448  0021  0.264  0.238   -19   160  0.03294  0.20118  -3  153
218  455  0022  0.269  0.238    62   160  0.03294  0.20118  -4  157
218  457  0023  0.278  0.238   -76   160  0.03294  0.20118  -4  156
218  459  0024  0.279  0.238  -128   160  0.03294  0.20118  -4  157
218  451  0025  0.273  0.238   -14   160  0.03294  0.20118  -3  154
218  456  0026  0.292  0.238   -90   160  0.03294  0.20118  -4  153
218  457  0027  0.281  0.238    81   160  0.03294  0.20118  -3  157
218  620  0028  0.264  0.257  -171  -170  -0.09306  0.19518  -5  161
218  459  0029  0.296  0.238    96   160  0.03294  0.20118  -4  154
218  459  0030  0.280  0.238   -40   160  0.03294  0.20118  -3  153
218  458  0031  0.284  0.238    60   160  0.03294  0.20118  -4  158
218  452  0032  0.286  0.239   141   158  0.03894  0.20118  -3  158
218  489  0033  0.292  0.252  -180  -172  -0.08106  0.19518  -4  160
218  461  0034  0.286  0.238    37   160  0.03294  0.20118  -3  153
218  607  0035  0.265  0.255  -174  -171  -0.08706  0.19518  -5  161
218  457  0036  0.272  0.238    94   160  0.03294  0.20118  -4  157
218  588  0037  0.278  0.266  -165  -166  -0.11106  0.19518  -4  161
218  458  0038  0.293  0.238  -103   160  0.03294  0.20118  -4  154
218  453  0039  0.271  0.238    82   160  0.03294  0.20118  -4  157
218  455  0040  0.269  0.231   138   149  0.07494  0.18918  -3  161
218  456  0041  0.283  0.238   -91   160  0.03294  0.20118  -4  152
218  566  0042  0.278  0.246   157   159  0.03894  0.20718  -5  157
218  457  0043  0.285  0.238   -76   160  0.03294  0.20118  -4  157
218  456  0044  0.263  0.238  -148   160  0.03294  0.20118  -2  165
218  452  0045  0.272  0.238   124   160  0.03294  0.20118  -3  158
218  463  0046  0.288  0.238   128   160  0.03294  0.20118  -3  157
218  452  0047  0.265  0.238  -142   160  0.03294  0.20118  -3  163
218  462  0048  0.277  0.238    36   160  0.03294  0.20118  -3  152
218  578  0049  0.271  0.245   168   164  0.01494  0.20718  -5  160
255  458  0000  0.295  0.238    94   160  0.03294  0.20118  -4  155
255  451  0001  0.272  0.238  -104   160  0.03294  0.20118  -4  156
255  455  0002  0.273  0.238   -40   160  0.03294  0.20118  -3  152
255  451  0003  0.272  0.238  -120   160  0.03294  0.20118  -4  158
255  449  0004  0.263  0.238    -7   160  0.03294  0.20118  -2  154
255  459  0005  0.286  0.238   -60   160  0.03294  0.20118  -4  155
255  504  0006  0.288  0.245   173   166  0.00894  0.20718  -5  161
255  458  0007  0.292  0.238  -151   160  0.03294  0.20118  -1  166
255  461  0008  0.295  0.232    35   156  0.04494  0.19518  -2  154
255  456  0009  0.280  0.238   -43   160  0.03294  0.20118  -3  153
255  454  0010  0.273  0.238    26   160  0.03294  0.20118  -1  153
255  458  0011  0.283  0.238  -136   160  0.03294  0.20118  -4  161
255  451  0012  0.278  0.238   102   160  0.03294  0.20118  -4  155
255  454  0013  0.284  0.238  -110   161  0.02694  0.20118  -4  157
255  555  0014  0.262  0.246   175   168  -0.00306  0.20718  -5  165
255  452  0015  0.285  0.238    90   160  0.03294  0.20118  -4  157
255  449  0016  0.266  0.238  -105   161  0.02694  0.20118  -4  156
255  456  0017  0.272  0.238    64   160  0.03294  0.20118  -4  158
255  462  0018  0.293  0.238   107   160  0.03294  0.20118  -4  152
255  462  0019  0.285  0.238   -27   160  0.03294  0.20118  -3  156
255  459  0020  0.286  0.238   -82   160  0.03294  0.20118  -4  156
255  457  0021  0.287  0.238    78   160  0.03294  0.20118  -4  158
255  467  0022  0.295  0.238   127   160  0.03294  0.20118  -3  157
255  459  0023  0.288  0.238   137   160  0.03294  0.20118  -3  159
255  454  0024  0.274  0.238  -106   161  0.02694  0.20118  -3  156
255  454  0025  0.292  0.238    22   160  0.03294  0.20118  -1  156
255  575  0026  0.277  0.239   155   157  0.04494  0.20118  -4  158
255  457  0027  0.269  0.238    19   160  0.03294  0.20118  -1  153
255  467  0028  0.287  0.238   -14   160  0.03294  0.20118  -3  157
255  455  0029  0.269  0.238   107   160  0.03294  0.20118  -4  156
255  645  0030  0.267  0.263  -166  -167  -0.10506  0.19518  -5  163
255  571  0031  0.274  0.240   152   155  0.05094  0.20118  -5  159
255  455  0032  0.273  0.238    26   160  0.03294  0.20118  -1  153
255  514  0033  0.283  0.250   179  -174  -0.07506  0.19518  -4  162
255  457  0034  0.268  0.238   111   160  0.03294  0.20118  -4  156
255  450  0035  0.262  0.238   125   160  0.03294  0.20118  -3  160
255  527  0036  0.284  0.240   151   155  0.05094  0.20118  -4  157
255  516  0037  0.269  0.238   144   149  0.07494  0.19518  -4  161
255  460  0038  0.285  0.238   134   160  0.03294  0.20118  -3  160
255  458  0039  0.272  0.238   -67   160  0.03294  0.20118  -4  156
255  453  0040  0.279  0.238   -85   160  0.03294  0.20118  -4  154
255  448  0041  0.267  0.238   118   160  0.03294  0.20118  -4  158
255  448  0042  0.269  0.238   -37   160  0.03294  0.20118  -3  152
255  593  0043  0.291  0.272  -168  -167  -0.11106  0.20118  -5  161
255  486  0044  0.294  0.245   172   164  0.01494  0.20718  -4  160
255  460  0045  0.268  0.238    67   160  0.03294  0.20118  -3  158
255  461  0046  0.287  0.238   -48   160  0.03294  0.20118  -4  153
255  464  0047  0.278  0.274  -155  -154  -0.16506  0.17118  -2  166
255  452  0048  0.263  0.238    -3   160  0.03294  0.20118  -2  155
255  455  0049  0.272  0.238    44   160  0.03294  0.20118  -4  155
291  455  0000  0.273  0.238    20   160  0.03294  0.20118  -0  154
291  451  0001  0.272  0.238   -13   160  0.03294  0.20118  -2  155
291  449  0002  0.271  0.238   -50   160  0.03294  0.20118  -4  151
291  457  0003  0.276  0.238    49   160  0.03294  0.20118  -4  158
291  449  0004  0.276  0.238  -116   160  0.03294  0.20118  -4  159
291  454  0005  0.272  0.238   -59   160  0.03294  0.20118  -4  154
291  452  0006  0.259  0.238     5   160  0.03294  0.20118  -1  154
291  612  0007  0.280  0.261  -175  -172  -0.08706  0.20118  -6  163
291  447  0008  0.265  0.238  -105   160  0.03294  0.20118  -3  157
291  457  0009  0.285  0.238  -123   160  0.03294  0.20118  -4  158
291  447  0010  0.270  0.238   -15   160  0.03294  0.20118  -2  155
291  509  0011  0.269  0.268  -154  -153  -0.16506  0.16518  -3  167
291  452  0012  0.274  0.238   -56   160  0.03294  0.20118  -4  153
291  459  0013  0.294  0.238   -69   160  0.03294  0.20118  -3  160
291  568  0014  0.267  0.246   175   168  -0.00306  0.20718  -5  166
291  486  0015  0.264  0.234   138   146  0.08694  0.18918  -4  164
291  463  0016  0.284  0.238    38   160  0.03294  0.20118  -3  154
291  540  0017  0.293  0.252   166   164  0.01494  0.21318  -6  158
291  456  0018  0.278  0.238    64   160  0.03294  0.20118  -4  160
291  459  0019  0.287  0.238   -64   160  0.03294  0.20118  -4  157
291  456  0020  0.278  0.238   130   160  0.03294  0.20118  -3  162
291  600  0021  0.273  0.272  -161  -164  -0.12306  0.19518  -4  166
291  458  0022  0.294  0.238  -104   160  0.03294  0.20118  -4  156
291  473  0023  0.273  0.275  -144  -145  -0.19506  0.14718  -4  166
291  457  0024  0.273  0.238     9   160  0.03294  0.20118  -1  155
291  461  0025  0.292  0.238   -82   160  0.03294  0.20118  -4  158
291  460  0026  0.293  0.238    10   160  0.03294  0.20118  -2  158
291  455  0027  0.284  0.238   131   160  0.03294  0.20118  -3  161
291  495  0028  0.287  0.280  -149  -148  -0.18906  0.15918  -4  166
291  451  0029  0.269  0.238    45   160  0.03294  0.20118  -4  156
291  449  0030  0.261  0.238  -103   160  0.03294  0.20118  -4  156
291  449  0031  0.270  0.238    97   160  0.03294  0.20118  -4  158
291  484  0032  0.291  0.289  -146  -147  -0.20106  0.15918  -4  166
291  452  0033  0.279  0.238    91   160  0.03294  0.20118  -4  158
291  444  0034  0.261  0.238   126   160  0.03294  0.20118  -3  162
291  448  0035  0.264  0.238   -11   160  0.03294  0.20118  -2  154
291  455  0036  0.281  0.238    -4   160  0.03294  0.20118  -2  159
291  445  0037  0.259  0.238   123   160  0.03294  0.20118  -4  161
291  449  0038  0.264  0.238   -29   160  0.03294  0.20118  -3  152
291  625  0039  0.269  0.269  -162  -165  -0.11706  0.19518  -4  166
291  453  0040  0.267  0.238    43   160  0.03294  0.20118  -4  155
291  452  0041  0.269  0.238    83   160  0.03294  0.20118  -3  159
291  457  0042  0.285  0.238  -127   160  0.03294  0.20118  -4  159
291  457  0043  0.274  0.238    66   160  0.03294  0.20118  -4  159
291  461  0044  0.296  0.238    48   160  0.03294  0.20118  -4  158
291  451  0045  0.278  0.238    72   160  0.03294  0.20118  -3  159
291  612  0046  0.264  0.263  -161  -165  -0.11706  0.18918  -4  166
291  456  0047  0.281  0.238  -123   160  0.03294  0.20118  -4  159
291  567  0048  0.276  0.269  -159  -162  -0.12906  0.18918  -3  166
291  455  0049  0.277  0.238     9   160  0.03294  0.20118  -1  156
327  445  0000  0.268  0.238   -52   160  0.03294  0.20118  -4  152
327  456  0001  0.265  0.238   -68   160  0.03294  0.20118  -4  157
327  461  0002  0.287  0.238   -33   160  0.03294  0.20118  -3  158
327  455  0003  0.260  0.238    61   160  0.03294  0.20118  -4  161
327  442  0004  0.267  0.238   -16   160  0.03294  0.20118  -2  154
327  445  0005  0.278  0.238  -102   161  0.02694  0.20118  -4  156
327  536  0006  0.284  0.281  -151  -150  -0.18306  0.16518  -3  168
327  435  0007  0.265  0.238   -89   160  0.03294  0.20118  -4  152
327  454  0008  0.266  0.238    95   160  0.03294  0.20118  -4  160
327  453  0009  0.267  0.238   104   160  0.03294  0.20118  -4  158
327  456  0010  0.275  0.238    48   160  0.03294  0.20118  -4  159
327  661  0011  0.263  0.241   152   154  0.05694  0.20118  -6  163
327  456  0012  0.284  0.238   103   160  0.03294  0.20118  -4  155
327  454  0013  0.289  0.238    92   160  0.03294  0.20118  -4  158
327  457  0014  0.279  0.238   -11   160  0.03294  0.20118  -2  158
327  449  0015  0.271  0.238   131   160  0.03294  0.20118  -3  165
327  439  0016  0.263  0.238   -14   160  0.03294  0.20118  -2  154
327  455  0017  0.291  0.238    64   160  0.03294  0.20118  -4  162
327  449  0018  0.268  0.238  -119   160  0.03294  0.20118  -4  161
327  464  0019  0.284  0.238   119   160  0.03294  0.20118  -3  158
327  465  0020  0.292  0.238  -129   160  0.03294  0.20118  -5  161
327  452  0021  0.287  0.238  -101   160  0.03294  0.20118  -4  155
327  449  0022  0.267  0.238  -129   160  0.03294  0.20118  -5  162
327  457  0023  0.267  0.238    63   160  0.03294  0.20118  -4  161
327  453  0024  0.263  0.238     8   160  0.03294  0.20118  -0  154
327  452  0025  0.285  0.238   -85   160  0.03294  0.20118  -4  156
327  458  0026  0.292  0.238    69   160  0.03294  0.20118  -3  160
327  457  0027  0.267  0.238   -69   160  0.03294  0.20118  -4  158
327  452  0028  0.284  0.238    82   160  0.03294  0.20118  -4  160
327  527  0029  0.283  0.285  -147  -147  -0.19506  0.15918  -4  167
327  454  0030  0.261  0.238    63   160  0.03294  0.20118  -4  160
327  448  0031  0.267  0.238   -55   160  0.03294  0.20118  -4  152
327  450  0032  0.271  0.238   116   160  0.03294  0.20118  -4  159
327  455  0033  0.283  0.238     0   160  0.03294  0.20118  -2  160
327  452  0034  0.284  0.238   -87   160  0.03294  0.20118  -4  155
327  453  0035  0.265  0.238   -67   160  0.03294  0.20118  -5  157
327  536  0036  0.266  0.270  -147  -148  -0.18306  0.15318  -4  168
327  453  0037  0.265  0.238    55   160  0.03294  0.20118  -5  161
327  454  0038  0.275  0.238  -126   160  0.03294  0.20118  -5  161
327  698  0039  0.265  0.245   163   161  0.02694  0.20718  -7  164
327  581  0040  0.281  0.240   153   155  0.05094  0.20118  -5  159
327  454  0041  0.260  0.238   -70   160  0.03294  0.20118  -4  156
327  468  0042  0.293  0.234   144   154  0.05694  0.19518  -2  159
327  457  0043  0.283  0.238    10   160  0.03294  0.20118  -1  157
327  455  0044  0.280  0.238    58   160  0.03294  0.20118  -4  162
327  523  0045  0.286  0.242   148   153  0.06294  0.20118  -4  159
327  454  0046  0.280  0.238    -4   160  0.03294  0.20118  -2  160
327  455  0047  0.280  0.238   -60   160  0.03294  0.20118  -4  156
327  458  0048  0.292  0.238    54   160  0.03294  0.20118  -4  163
327  452  0049  0.260  0.238    38   160  0.03294  0.20118  -3  152
364  460  0000  0.287  0.238   -28   160  0.03294  0.20118  -2  160
364  453  0001  0.265  0.232   134   142  0.09894  0.18318  -3  168
364  488  0002  0.279  0.279  -141  -143  -0.20706  0.14118  -5  167
364  454  0003  0.285  0.238   103   160  0.03294  0.20118  -4  156
364  572  0004  0.271  0.275  -148  -147  -0.18906  0.15318  -4  169
364  454  0005  0.278  0.238    14   160  0.03294  0.20118  -0  157
364  457  0006  0.274  0.238    31   160  0.03294  0.20118  -2  154
364  581  0007  0.265  0.268  -154  -153  -0.16506  0.16518  -3  170
364  457  0008  0.273  0.238    27   160  0.03294  0.20118  -1  154
364  456  0009  0.285  0.238    61   160  0.03294  0.20118  -4  164
364  549  0010  0.266  0.234   141   146  0.08694  0.18918  -4  166
364  696  0011  0.263  0.241   153   154  0.05694  0.20118  -6  164
364  457  0012  0.279  0.238    42   160  0.03294  0.20118  -4  156
364  454  0013  0.273  0.238   108   160  0.03294  0.20118  -4  158
364  450  0014  0.271  0.238  -112   160  0.03294  0.20118  -4  162
364  462  0015  0.292  0.238   -48   160  0.03294  0.20118  -3  156
364  450  0016  0.266  0.238   -72   160  0.03294  0.20118  -4  159
364  440  0017  0.269  0.238   -86   160  0.03294  0.20118  -4  154
364  454  0018  0.272  0.238   -31   160  0.03294  0.20118  -2  155
364  454  0019  0.284  0.238    96   160  0.03294  0.20118  -4  158
364  463  0020  0.287  0.238    35   160  0.03294  0.20118  -2  155
364  454  0021  0.271  0.238   106   160  0.03294  0.20118  -4  158
364  459  0022  0.288  0.238  -125   160  0.03294  0.20118  -4  161
364  449  0023  0.269  0.238   102   160  0.03294  0.20118  -5  159
364  562  0024  0.286  0.241   152   154  0.05694  0.20118  -5  160
364  449  0025  0.290  0.238   -98   160  0.03294  0.20118  -4  155
364  696  0026  0.275  0.261  -174  -172  -0.08706  0.20118  -6  165
364  454  0027  0.270  0.238   105   160  0.03294  0.20118  -4  158
364  557  0028  0.286  0.253   173   168  -0.00306  0.21318  -6  165
364  453  0029  0.285  0.238    73   160  0.03294  0.20118  -3  161
364  567  0030  0.260  0.265  -147  -147  -0.18306  0.14718  -4  169
364  457  0031  0.285  0.238    12   160  0.03294  0.20118  -1  158
364  455  0032  0.295  0.238   101   160  0.03294  0.20118  -4  155
364  449  0033  0.283  0.238    83   160  0.03294  0.20118  -4  162
364  451  0034  0.276  0.238   -79   160  0.03294  0.20118  -4  159
364  575  0035  0.280  0.281  -151  -150  -0.18306  0.16518  -3  169
364  459  0036  0.284  0.238   134   160  0.03294  0.20118  -2  164
364  456  0037  0.281  0.238    11   160  0.03294  0.20118  -0  158
364  461  0038  0.296  0.238   -83   160  0.03294  0.20118  -4  160
364  714  0039  0.267  0.252   165   164  0.01494  0.21318  -8  164
364  462  0040  0.287  0.238   -28   160  0.03294  0.20118  -3  159
364  480  0041  0.295  0.245   176   166  0.00894  0.20718  -4  165
364  441  0042  0.260  0.238   -93   160  0.03294  0.20118  -3  152
364  454  0043  0.277  0.238   119   160  0.03294  0.20118  -4  161
364  693  0044  0.262  0.241   152   154  0.05694  0.20118  -6  164
364  446  0045  0.274  0.238  -116   161  0.02694  0.20118  -4  162
364  441  0046  0.273  0.238   -19   160  0.03294  0.20118  -3  156
364  651  0047  0.268  0.253   172   168  -0.00306  0.21318  -7  167
364  434  0048  0.260  0.238   -87   160  0.03294  0.20118  -3  153
364  562  0049  0.292  0.259  -178  -173  -0.08106  0.20118  -5  164
400  453  0000  0.269  0.238   106   160  0.03294  0.20118  -4  160
400  457  0001  0.285  0.238     5   160  0.03294  0.20118  -1  162
400  452  0002  0.284  0.238   -48   160  0.03294  0.20118  -3  155
400  463  0003  0.295  0.238   121   160  0.03294  0.20118  -2  159
400  448  0004  0.268  0.238  -132   160  0.03294  0.20118  -5  167
400  460  0005  0.292  0.307   -80   -78  -0.27906  -0.12282  -6  161
400  441  0006  0.274  0.238   -92   160  0.03294  0.20118  -4  154
400  453  0007  0.283  0.238    72   160  0.03294  0.20118  -4  163
400  456  0008  0.285  0.238  -130   160  0.03294  0.20118  -4  165
400  459  0009  0.284  0.238  -134   160  0.03294  0.20118  -4  167
400  602  0010  0.262  0.234   142   146  0.08694  0.18918  -4  168
400  450  0011  0.261  0.229  -109  -109  -0.22506  0.00918  -3  164
400  489  0012  0.280  0.285  -139  -140  -0.21906  0.13518  -5  168
400  545  0013  0.284  0.255   176   171  -0.01506  0.21318  -5  168
400  453  0014  0.293  0.238  -106   160  0.03294  0.20118  -4  159
400  458  0015  0.277  0.238    27   160  0.03294  0.20118  -0  156
400  447  0016  0.267  0.238   -53   160  0.03294  0.20118  -4  153
400  441  0017  0.272  0.238    96   160  0.03294  0.20118  -4  162
400  438  0018  0.273  0.238   -98   160  0.03294  0.20118  -4  155
400  454  0019  0.276  0.238   116   160  0.03294  0.20118  -4  161
400  485  0020  0.270  0.275  -139  -142  -0.20706  0.13518  -6  169
400  459  0021  0.288  0.238  -129   160  0.03294  0.20118  -5  164
400  451  0022  0.279  0.238   -14   160  0.03294  0.20118  -2  160
400  452  0023  0.280  0.238  -133   160  0.03294  0.20118  -5  167
400  456  0024  0.282  0.238   -27   160  0.03294  0.20118  -3  159
400  453  0025  0.280  0.238   -16   160  0.03294  0.20118  -3  159
400  459  0026  0.290  0.238   -49   160  0.03294  0.20118  -3  157
400  613  0027  0.267  0.271  -150  -150  -0.17706  0.15918  -4  170
400  629  0028  0.259  0.234   143   146  0.08694  0.18918  -5  168
400  464  0029  0.291  0.299    -1     0  0.05694  -0.24282  -3  163
400  449  0030  0.280  0.238    21   160  0.03294  0.20118  0  158
400  451  0031  0.280  0.238    16   160  0.03294  0.20118  0  158
400  442  0032  0.271  0.238   -81   160  0.03294  0.20118  -4  158
400  463  0033  0.294  0.238   -66   160  0.03294  0.20118  -4  163
400  680  0034  0.276  0.246   157   157  0.04494  0.20718  -7  162
400  438  0035  0.262  0.238   -95   160  0.03294  0.20118  -4  154
400  457  0036  0.282  0.238    45   160  0.03294  0.20118  -4  159
400  436  0037  0.260  0.238   -14   160  0.03294  0.20118  -2  154
400  449  0038  0.288  0.238  -103   160  0.03294  0.20118  -4  158
400  453  0039  0.260  0.229  -108  -109  -0.22506  0.00918  -3  164
400  441  0040  0.272  0.238   -88   160  0.03294  0.20118  -4  154
400  677  0041  0.280  0.252   160   160  0.03294  0.21318  -8  162
400  595  0042  0.284  0.247   153   156  0.05094  0.20718  -6  160
400  471  0043  0.262  0.265   130   131  0.15894  0.18918  -5  168
400  453  0044  0.277  0.238    44   160  0.03294  0.20118  -4  158
400  449  0045  0.265  0.238   114   160  0.03294  0.20118  -4  162
400  459  0046  0.285  0.238   115   160  0.03294  0.20118  -4  158
400  475  0047  0.274  0.236   137   144  0.09294  0.18918  -3  168
400  453  0048  0.289  0.238    65   160  0.03294  0.20118  -4  164
400  453  0049  0.263  0.238    51   160  0.03294  0.20118  -5  162
436  440  0000  0.272  0.238   -96   160  0.03294  0.20118  -4  156
436  538  0001  0.281  0.238   145   149  0.07494  0.19518  -4  164
436  473  0002  0.275  0.290    -2    -1  0.05094  -0.23682  -2  162
436  462  0003  0.293  0.307    -7    -5  0.03294  -0.25482  -4  165
436  452  0004  0.268  0.238    13   160  0.03294  0.20118  1  157
436  522  0005  0.295  0.316   -16   -17  -0.03306  -0.26682  -4  164
436  498  0006  0.277  0.279   135   134  0.15294  0.20718  -4  168
436  442  0007  0.265  0.238   -53   161  0.02694  0.20118  -4  153
436  443  0008  0.280  0.238    84   160  0.03294  0.20118  -4  165
436  448  0009  0.282  0.238   -86   160  0.03294  0.20118  -5  158
436  463  0010  0.285  0.238    39   160  0.03294  0.20118  -3  157
436  446  0011  0.265  0.223    94    98  0.20694  0.08118  -2  166
436  542  0012  0.288  0.262   176   171  -0.01506  0.21918  -6  169
436  615  0013  0.290  0.289  -146  -147  -0.20106  0.15918  -5  169
436  445  0014  0.271  0.238  -120   160  0.03294  0.20118  -5  165
436  447  0015  0.271  0.238    -6   160  0.03294  0.20118  -1  161
436  465  0016  0.286  0.238   113   160  0.03294  0.20118  -3  159
436  722  0017  0.260  0.245  -180  -176  -0.06306  0.19518  -6  173
436  475  0018  0.281  0.234   139   146  0.08694  0.18918  -3  168
436  439  0019  0.274  0.238   -93   160  0.03294  0.20118  -4  155
436  476  0020  0.281  0.296   -78   -77  -0.26706  -0.12282  -5  162
436  686  0021  0.283  0.279  -160  -162  -0.13506  0.19518  -3  171
436  522  0022  0.291  0.254   178  -175  -0.06906  0.20118  -5  169
436  504  0023  0.280  0.282   134   133  0.15894  0.20718  -4  168
436  457  0024  0.290  0.238   -55   160  0.03294  0.20118  -4  159
436  445  0025  0.277  0.238   -83   160  0.03294  0.20118  -4  159
436  426  0026  0.260  0.238   -22   160  0.03294  0.20118  -3  153
436  445  0027  0.266  0.238  -133   160  0.03294  0.20118  -5  170
436  518  0028  0.274  0.283    58    56  0.26094  -0.06882  -7  165
436  629  0029  0.290  0.252   160   160  0.03294  0.21318  -7  161
436  445  0030  0.272  0.238    73   160  0.03294  0.20118  -4  164
436  450  0031  0.277  0.288    76    76  0.28494  0.01518  -5  164
436  521  0032  0.273  0.283    57    56  0.26094  -0.06882  -7  165
436  441  0033  0.271  0.238    97   160  0.03294  0.20118  -4  163
436  432  0034  0.261  0.238   -90   160  0.03294  0.20118  -4  154
436  456  0035  0.283  0.238    44   160  0.03294  0.20118  -4  160
436  445  0036  0.273  0.238  -105   161  0.02694  0.20118  -4  161
436  553  0037  0.292  0.257  -180  -174  -0.07506  0.20118  -5  168
436  443  0038  0.269  0.238    74   160  0.03294  0.20118  -4  164
436  485  0039  0.291  0.304     3     2  0.07494  -0.24282  -3  163
436  458  0040  0.285  0.304     6     6  0.09294  -0.23682  -2  162
436  711  0041  0.280  0.275  -161  -163  -0.12906  0.19518  -4  171
436  569  0042  0.287  0.262   175   171  -0.01506  0.21918  -6  168
436  444  0043  0.268  0.238    71   160  0.03294  0.20118  -4  163
436  680  0044  0.261  0.245   177   177  -0.03906  0.20118  -6  174
436  453  0045  0.284  0.238    72   160  0.03294  0.20118  -3  164
436  464  0046  0.283  0.294    79    78  0.29094  0.02118  -5  164
436  455  0047  0.279  0.238   -27   160  0.03294  0.20118  -3  160
436  441  0048  0.262  0.238   -45   160  0.03294  0.20118  -4  151
436  447  0049  0.271  0.238   -32   160  0.03294  0.20118  -2  156
473  449  0000  0.271  0.238   103   160  0.03294  0.20118  -4  163
473  544  0001  0.295  0.315   -79   -77  -0.28506  -0.12882  -7  163
473  682  0002  0.261  0.266  -150  -149  -0.17706  0.15318  -4  173
473  482  0003  0.263  0.226   106   104  0.20094  0.09918  -4  165
473  445  0004  0.288  0.238   -96   160  0.03294  0.20118  -5  157
473  451  0005  0.280  0.238   -50   160  0.03294  0.20118  -3  156
473  530  0006  0.295  0.302     2     1  0.06894  -0.24282  -4  164
473  488  0007  0.281  0.294    80    79  0.29094  0.02718  -5  165
473  443  0008  0.271  0.238  -116   160  0.03294  0.20118  -5  167
473  686  0009  0.288  0.276  -159  -160  -0.14106  0.18918  -4  172
473  438  0010  0.262  0.238   -51   160  0.03294  0.20118  -4  152
473  745  0011  0.273  0.253   157   157  0.04494  0.21318  -8  165
473  456  0012  0.295  0.238    69   160  0.03294  0.20118  -3  166
473  445  0013  0.267  0.270   117   117  0.20694  0.15918  -6  165
473  537  0014  0.270  0.270   135   135  0.14694  0.20118  -5  170
473  834  0015  0.273  0.269  -168  -168  -0.10506  0.20118  -6  171
473  457  0016  0.275  0.238    26   160  0.03294  0.20118  1  158
473  445  0017  0.269  0.238   -52   160  0.03294  0.20118  -4  155
473  741  0018  0.293  0.278  -164  -165  -0.12306  0.20118  -5  169
473  493  0019  0.285  0.293  -134  -134  -0.24306  0.11718  -6  169
473  584  0020  0.265  0.240   139   142  0.10494  0.18918  -5  171
473  445  0021  0.277  0.238    85   160  0.03294  0.20118  -4  167
473  631  0022  0.280  0.262   175   171  -0.01506  0.21918  -6  171
473  520  0023  0.287  0.316    14    13  0.13494  -0.23082  -1  161
473  448  0024  0.278  0.238  -109   161  0.02694  0.20118  -4  165
473  449  0025  0.280  0.238  -106   161  0.02694  0.20118  -4  163
473  475  0026  0.292  0.293  -130  -130  -0.25506  0.09918  -6  167
473  440  0027  0.264  0.238    71   160  0.03294  0.20118  -4  165
473  446  0028  0.269  0.238    67   160  0.03294  0.20118  -4  166
473  450  0029  0.283  0.238  -121   160  0.03294  0.20118  -5  166
473  443  0030  0.280  0.238  -112   160  0.03294  0.20118  -4  166
473  449  0031  0.261  0.238     6   160  0.03294  0.20118  0  159
473  767  0032  0.263  0.242   152   153  0.06294  0.20118  -7  168
473  648  0033  0.288  0.281  -156  -156  -0.15906  0.18318  -4  173
473  456  0034  0.295  0.300    67    65  0.29094  -0.03282  -5  166
473  731  0035  0.280  0.259   165   164  0.01494  0.21918  -8  166
473  735  0036  0.293  0.276  -171  -169  -0.10506  0.20718  -6  167
473  678  0037  0.271  0.272  -156  -157  -0.15306  0.17718  -3  175
473  779  0038  0.268  0.252   168   166  0.00894  0.21318  -8  170
473  460  0039  0.262  0.262   121   121  0.18894  0.16518  -6  167
473  453  0040  0.283  0.238  -122   160  0.03294  0.20118  -5  165
473  821  0041  0.262  0.245   160   160  0.03294  0.20718  -8  169
473  649  0042  0.284  0.284  -145  -146  -0.20106  0.15318  -5  171
473  529  0043  0.284  0.292    51    52  0.26094  -0.08682  -7  165
473  463  0044  0.293  0.238   122   160  0.03294  0.20118  -2  163
473  463  0045  0.284  0.295    72    72  0.29094  -0.00282  -5  165
473  488  0046  0.278  0.287    78    78  0.28494  0.02118  -5  165
473  453  0047  0.266  0.238    33   160  0.03294  0.20118  -2  154
473  523  0048  0.283  0.281   128   128  0.17694  0.19518  -4  167
473  440  0049  0.261  0.238  -103   161  0.02694  0.20118  -3  162
509  440  0000  0.263  0.238   -31   160  0.03294  0.20118  -2  156
509  575  0001  0.288  0.308   -75   -75  -0.27306  -0.13482  -7  164
509  435  0002  0.264  0.238  -100   161  0.02694  0.20118  -3  160
509  530  0003  0.284  0.294    76    76  0.29094  0.01518  -6  165
509  446  0004  0.271  0.238   -41   160  0.03294  0.20118  -2  156
509  448  0005  0.277  0.238   101   160  0.03294  0.20118  -4  163
509  725  0006  0.273  0.254   173   170  -0.00906  0.21318  -8  173
509  450  0007  0.278  0.238    45   160  0.03294  0.20118  -4  163
509  458  0008  0.259  0.284   -73   -74  -0.24906  -0.12882  -5  162
509  481  0009  0.276  0.309   -18   -19  -0.03906  -0.26082  -4  160
509  438  0010  0.262  0.238   -52   160  0.03294  0.20118  -4  154
509  432  0011  0.274  0.238   -94   160  0.03294  0.20118  -4  157
509  510  0012  0.287  0.316    28    26  0.19494  -0.19482  -1  160
509  667  0013  0.289  0.289  -144  -145  -0.20706  0.15318  -6  172
509  436  0014  0.272  0.238   -93   160  0.03294  0.20118  -4  157
509  454  0015  0.276  0.238    39   160  0.03294  0.20118  -3  159
509  436  0016  0.267  0.238   -20   160  0.03294  0.20118  -3  158
509  556  0017  0.276  0.279   136   134  0.15294  0.20718  -5  171
509  567  0018  0.294  0.309   -71   -72  -0.26706  -0.14682  -6  165
509  439  0019  0.260  0.238   -56   160  0.03294  0.20118  -4  156
509  499  0020  0.263  0.243    94    94  0.23094  0.07518  -5  166
509  546  0021  0.259  0.223   104   102  0.20094  0.09318  -4  167
509  705  0022  0.286  0.259   161   162  0.02694  0.21918  -8  164
509  542  0023  0.291  0.286   128   129  0.17694  0.20118  -4  166
509  867  0024  0.260  0.252   162   162  0.02694  0.21318  -10  170
509  483  0025  0.284  0.309   -13   -14  -0.01506  -0.26082  -4  164
509  539  0026  0.294  0.300    -6    -5  0.03294  -0.24882  -5  166
509  445  0027  0.262  0.234  -103  -105  -0.23106  -0.00282  -3  164
509  866  0028  0.261  0.259  -165  -166  -0.11106  0.18918  -5  174
509  551  0029  0.287  0.316    13    13  0.13494  -0.23082  -1  162
509  528  0030  0.275  0.282  -135  -136  -0.23106  0.11718  -7  171
509  458  0031  0.274  0.288    67    65  0.27894  -0.03282  -6  167
509  534  0032  0.267  0.277    51    53  0.24894  -0.08082  -8  165
509  683  0033  0.289  0.277  -157  -157  -0.15306  0.18318  -3  174
509  446  0034  0.275  0.238  -121   160  0.03294  0.20118  -5  168
509  462  0035  0.281  0.293   -84   -81  -0.27306  -0.10482  -5  161
509  522  0036  0.283  0.280   139   137  0.14094  0.21318  -5  169
509  440  0037  0.266  0.238   -48   160  0.03294  0.20118  -3  153
509  634  0038  0.270  0.274  -142  -144  -0.20106  0.14118  -7  173
509  713  0039  0.264  0.268  -153  -153  -0.16506  0.16518  -4  176
509  501  0040  0.282  0.281  -128  -128  -0.24906  0.08718  -7  168
509  578  0041  0.260  0.259   133   133  0.14694  0.18918  -7  172
509  470  0042  0.261  0.286   -76   -76  -0.25506  -0.12282  -5  161
509  507  0043  0.281  0.311    19    19  0.15894  -0.21282  -0  159
509  500  0044  0.263  0.241  -108  -109  -0.23706  0.00918  -5  165
509  502  0045  0.267  0.267   122   122  0.18894  0.17118  -6  168
509  882  0046  0.261  0.257  -172  -170  -0.09306  0.19518  -7  173
509  481  0047  0.267  0.245    96    96  0.23094  0.08118  -6  165
509  532  0048  0.288  0.310   -31   -30  -0.09906  -0.25482  -4  162
509  452  0049  0.293  0.238   -97   160  0.03294  0.20118  -4  158
73  459  0000  0.289  0.238    28   160  0.03294  0.20118  -3  154
73  460  0001  0.268  0.238   122   160  0.03294  0.20118  -3  155
73  458  0002  0.281  0.238   121   160  0.03294  0.20118  -3  154
73  459  0003  0.281  0.238  -102   160  0.03294  0.20118  -3  154
73  460  0004  0.291  0.238  -143   160  0.03294  0.20118  -3  156
73  461  0005  0.285  0.238    72   160  0.03294  0.20118  -3  154
73  487  0006  0.286  0.239   156   158  0.03894  0.20118  -4  154
73  466  0007  0.270  0.238   179   160  0.03294  0.20118  -3  158
73  493  0008  0.283  0.238   160   160  0.03294  0.20118  -4  155
73  463  0009  0.262  0.238    56   160  0.03294  0.20118  -4  155
73  459  0010  0.285  0.238  -152   160  0.03294  0.20118  -2  157
73  462  0011  0.283  0.238   -80   160  0.03294  0.20118  -3  154
73  457  0012  0.260  0.238   -51   160  0.03294  0.20118  -3  152
73  462  0013  0.279  0.238   103   160  0.03294  0.20118  -3  154
73  458  0014  0.274  0.238    73   160  0.03294  0.20118  -4  154
73  461  0015  0.271  0.238   111   160  0.03294  0.20118  -3  154
73  463  0016  0.279  0.238  -149   160  0.03294  0.20118  -3  157
73  465  0017  0.292  0.238  -135   160  0.03294  0.20118  -3  155
73  457  0018  0.269  0.238    48   160  0.03294  0.20118  -3  154
73  460  0019  0.292  0.238    28   160  0.03294  0.20118  -3  154
73  462  0020  0.277  0.238    35   160  0.03294  0.20118  -3  153
73  459  0021  0.265  0.238   113   160  0.03294  0.20118  -3  154
73  459  0022  0.277  0.238    85   160  0.03294  0.20118  -3  155
73  461  0023  0.277  0.238    89   160  0.03294  0.20118  -3  155
73  456  0024  0.274  0.238   140   160  0.03294  0.20118  -3  156
73  462  0025  0.281  0.238   -62   160  0.03294  0.20118  -3  154
73  459  0026  0.263  0.238    47   160  0.03294  0.20118  -3  154
73  462  0027  0.272  0.238   -76   160  0.03294  0.20118  -3  154
73  460  0028  0.274  0.238   -57   160  0.03294  0.20118  -3  153
73  464  0029  0.288  0.238   128   160  0.03294  0.20118  -3  155
73  496  0030  0.278  0.239   158   158  0.03894  0.20118  -3  155
73  459  0031  0.288  0.238    79   160  0.03294  0.20118  -3  155
73  459  0032  0.263  0.238    41   160  0.03294  0.20118  -4  153
73  459  0033  0.292  0.238  -160   160  0.03294  0.20118  -3  157
73  461  0034  0.288  0.238    91   160  0.03294  0.20118  -3  154
73  460  0035  0.295  0.238  -147   160  0.03294  0.20118  -3  157
73  459  0036  0.268  0.238   -61   160  0.03294  0.20118  -3  153
73  460  0037  0.292  0.238   -54   160  0.03294  0.20118  -3  154
73  509  0038  0.267  0.238   159   160  0.03294  0.20118  -4  156
73  461  0039  0.294  0.238   -92   160  0.03294  0.20118  -4  153
73  462  0040  0.288  0.238   124   160  0.03294  0.20118  -3  155
73  461  0041  0.286  0.239   144   158  0.03894  0.20118  -3  155
73  462  0042  0.274  0.238    35   160  0.03294  0.20118  -3  153
73  468  0043  0.294  0.239   150   158  0.03894  0.20118  -3  154
73  459  0044  0.262  0.238    26   160  0.03294  0.20118  -3  153
73  459  0045  0.262  0.238  -144   160  0.03294  0.20118  -3  157
73  460  0046  0.274  0.238   -88   160  0.03294  0.20118  -3  153
73  461  0047  0.293  0.238   -56   160  0.03294  0.20118  -3  154
73  459  0048  0.294  0.238    81   160  0.03294  0.20118  -3  155
73  460  0049  0.285  0.238    62   160  0.03294  0.20118  -4  155
109  464  0000  0.272  0.238   110   160  0.03294  0.20118  -3  154
109  455  0001  0.265  0.238    86   160  0.03294  0.20118  -3  155
109  538  0002  0.261  0.238   163   160  0.03294  0.20118  -4  158
109  506  0003  0.278  0.239   155   158  0.03894  0.20118  -4  155
109  456  0004  0.284  0.238    79   160  0.03294  0.20118  -3  155
109  461  0005  0.278  0.238    21   160  0.03294  0.20118  -2  153
109  462  0006  0.264  0.238    21   160  0.03294  0.20118  -2  152
109  456  0007  0.266  0.238   -63   160  0.03294  0.20118  -4  153
109  462  0008  0.294  0.238   -53   160  0.03294  0.20118  -3  154
109  459  0009  0.263  0.238   106   160  0.03294  0.20118  -3  154
109  461  0010  0.280  0.238   -20   160  0.03294  0.20118  -3  154
109  461  0011  0.267  0.238    47   160  0.03294  0.20118  -3  154
109  519  0012  0.263  0.257  -173  -170  -0.09306  0.19518  -5  158
109  455  0013  0.260  0.238   -86   160  0.03294  0.20118  -3  153
109  461  0014  0.284  0.238   -52   160  0.03294  0.20118  -4  153
109  462  0015  0.293  0.238    29   160  0.03294  0.20118  -2  154
109  459  0016  0.282  0.238   -48   160  0.03294  0.20118  -3  153
109  522  0017  0.264  0.260  -167  -169  -0.09906  0.19518  -4  158
109  458  0018  0.270  0.238   -34   160  0.03294  0.20118  -3  153
109  454  0019  0.271  0.238   -92   160  0.03294  0.20118  -3  152
109  518  0020  0.264  0.260  -166  -169  -0.09906  0.19518  -4  158
109  456  0021  0.279  0.238  -102   160  0.03294  0.20118  -3  154
109  465  0022  0.284  0.238   -29   160  0.03294  0.20118  -3  154
109  461  0023  0.286  0.238  -132   160  0.03294  0.20118  -3  156
109  459  0024  0.291  0.238     7   160  0.03294  0.20118  -3  155
109  458  0025  0.282  0.238   -87   160  0.03294  0.20118  -3  153
109  465  0026  0.283  0.238  -144   160  0.03294  0.20118  -3  158
109  465  0027  0.276  0.238   120   160  0.03294  0.20118  -3  155
109  522  0028  0.267  0.257  -171  -170  -0.09306  0.19518  -4  158
109  497  0029  0.261  0.263  -163  -167  -0.10506  0.19518  -4  158
109  463  0030  0.282  0.238   -72   160  0.03294  0.20118  -3  155
109  524  0031  0.266  0.260  -169  -169  -0.09906  0.19518  -4  158
109  458  0032  0.264  0.238   -44   160  0.03294  0.20118  -3  152
109  459  0033  0.275  0.238   -55   160  0.03294  0.20118  -4  153
109  463  0034  0.286  0.238  -152   160  0.03294  0.20118  -3  159
109  457  0035  0.259  0.238   -48   160  0.03294  0.20118  -3  151
109  456  0036  0.260  0.238  -100   160  0.03294  0.20118  -3  153
109  458  0037  0.285  0.238   116   160  0.03294  0.20118  -3  154
109  462  0038  0.293  0.238   -92   160  0.03294  0.20118  -4  153
109  461  0039  0.272  0.234   143   154  0.05694  0.19518  -3  157
109  479  0040  0.288  0.263  -163  -167  -0.10506  0.19518  -4  158
109  463  0041  0.282  0.238   178   161  0.02694  0.20118  -3  158
109  509  0042  0.274  0.239   154   157  0.04494  0.20118  -4  155
109  464  0043  0.269  0.238   113   160  0.03294  0.20118  -3  155
109  462  0044  0.292  0.238  -124   160  0.03294  0.20118  -3  155
109  481  0045  0.296  0.260  -167  -169  -0.09906  0.19518  -4  157
109  458  0046  0.261  0.238   -56   160  0.03294  0.20118  -4  153
109  461  0047  0.291  0.238   -17   160  0.03294  0.20118  -3  155
109  456  0048  0.266  0.238    -8   160  0.03294  0.20118  -3  154
109  458  0049  0.267  0.238  -128   160  0.03294  0.20118  -4  156
145  461  0000  0.274  0.238     7   160  0.03294  0.20118  -2  154
145  462  0001  0.262  0.238    60   160  0.03294  0.20118  -4  156
145  457  0002  0.277  0.238    27   160  0.03294  0.20118  -3  153
145  449  0003  0.266  0.238   138   160  0.03294  0.20118  -3  158
145  461  0004  0.288  0.238   -66   160  0.03294  0.20118  -3  155
145  459  0005  0.270  0.238  -116   160  0.03294  0.20118  -4  156
145  458  0006  0.290  0.238   -98   160  0.03294  0.20118  -3  153
145  456  0007  0.265  0.238  -134   160  0.03294  0.20118  -3  157
145  461  0008  0.276  0.238    11   160  0.03294  0.20118  -2  154
145  458  0009  0.277  0.238  -157   160  0.03294  0.20118  -2  162
145  460  0010  0.273  0.238    31   160  0.03294  0.20118  -3  152
145  456  0011  0.275  0.238    27   160  0.03294  0.20118  -2  153
145  457  0012  0.287  0.238    84   160  0.03294  0.20118  -3  156
145  551  0013  0.266  0.260  -167  -169  -0.09906  0.19518  -4  159
145  456  0014  0.274  0.238  -110   160  0.03294  0.20118  -4  156
145  460  0015  0.278  0.238   137   160  0.03294  0.20118  -3  157
145  459  0016  0.279  0.238    42   160  0.03294  0.20118  -4  153
145  454  0017  0.275  0.238  -100   160  0.03294  0.20118  -3  153
145  531  0018  0.265  0.240   152   155  0.05094  0.20118  -4  157
145  465  0019  0.287  0.238   111   160  0.03294  0.20118  -3  153
145  453  0020  0.271  0.238  -113   160  0.03294  0.20118  -4  156
145  452  0021  0.265  0.238   -94   160  0.03294  0.20118  -3  152
145  461  0022  0.280  0.238    33   160  0.03294  0.20118  -3  152
145  454  0023  0.261  0.238   -31   160  0.03294  0.20118  -3  151
145  461  0024  0.289  0.238   -46   160  0.03294  0.20118  -4  154
145  462  0025  0.292  0.238   179   161  0.02694  0.20118  -3  159
145  460  0026  0.291  0.238   -97   160  0.03294  0.20118  -3  153
145  455  0027  0.264  0.238   -95   160  0.03294  0.20118  -3  152
145  458  0028  0.279  0.238    54   160  0.03294  0.20118  -4  156
145  459  0029  0.272  0.238  -155   160  0.03294  0.20118  -2  162
145  459  0030  0.261  0.238  -143   160  0.03294  0.20118  -3  160
145  458  0031  0.274  0.238   136   160  0.03294  0.20118  -3  158
145  534  0032  0.274  0.245   165   163  0.02094  0.20718  -5  157
145  460  0033  0.263  0.238   -72   160  0.03294  0.20118  -4  154
145  498  0034  0.283  0.245   170   164  0.01494  0.20718  -5  157
145  459  0035  0.289  0.238    60   160  0.03294  0.20118  -3  157
145  462  0036  0.282  0.238   103   160  0.03294  0.20118  -4  153
145  459  0037  0.260  0.238  -117   160  0.03294  0.20118  -4  156
145  461  0038  0.272  0.238     9   160  0.03294  0.20118  -2  154
145  455  0039  0.265  0.238   126   160  0.03294  0.20118  -3  157
145  460  0040  0.261  0.238  -153   160  0.03294  0.20118  -2  162
145  464  0041  0.270  0.234   142   154  0.05694  0.19518  -3  158
145  462  0042  0.277  0.238   -24   160  0.03294  0.20118  -3  154
145  462  0043  0.290  0.238   -51   160  0.03294  0.20118  -4  154
145  454  0044  0.268  0.238   -94   160  0.03294  0.20118  -4  152
145  455  0045  0.263  0.238  -114   160  0.03294  0.20118  -4  156
145  463  0046  0.293  0.238   112   160  0.03294  0.20118  -3  153
145  462  0047  0.266  0.234   141   154  0.05694  0.19518  -3  158
145  461  0048  0.275  0.238   115   160  0.03294  0.20118  -3  154
145  457  0049  0.261  0.238    67   160  0.03294  0.20118  -3  155
182  461  0000  0.293  0.238  -158   160  0.03294  0.20118  -2  162
182  456  0001  0.276  0.238    -2   160  0.03294  0.20118  -3  155
182  451  0002  0.263  0.238   -96   160  0.03294  0.20118  -3  152
182  459  0003  0.285  0.238     5   160  0.03294  0.20118  -2  156
182  463  0004  0.290  0.269  -158  -165  -0.11706  0.19518  -3  161
182  454  0005  0.274  0.238  -103   160  0.03294  0.20118  -4  154
182  449  0006  0.260  0.238   132   160  0.03294  0.20118  -3  160
182  462  0007  0.294  0.238   -50   160  0.03294  0.20118  -4  154
182  459  0008  0.262  0.238  -142   160  0.03294  0.20118  -2  161
182  458  0009  0.280  0.238  -128   160  0.03294  0.20118  -4  157
182  462  0010  0.289  0.238    65   160  0.03294  0.20118  -3  157
182  458  0011  0.279  0.238    71   160  0.03294  0.20118  -4  156
182  461  0012  0.289  0.238   -89   160  0.03294  0.20118  -4  153
182  457  0013  0.285  0.238    60   160  0.03294  0.20118  -4  157
182  462  0014  0.273  0.238   -27   160  0.03294  0.20118  -3  153
182  533  0015  0.262  0.235   147   152  0.06294  0.19518  -3  159
182  461  0016  0.289  0.238  -135   160  0.03294  0.20118  -4  158
182  453  0017  0.267  0.238    86   160  0.03294  0.20118  -4  156
182  502  0018  0.261  0.246   176   167  0.00294  0.20718  -4  162
182  543  0019  0.282  0.245   159   160  0.03294  0.20718  -5  156
182  581  0020  0.270  0.257  -171  -170  -0.09306  0.19518  -5  160
182  458  0021  0.262  0.238    69   160  0.03294  0.20118  -4  155
182  459  0022  0.270  0.238    20   160  0.03294  0.20118  -2  153
182  459  0023  0.265  0.238    62   160  0.03294  0.20118  -4  156
182  454  0024  0.272  0.238   123   160  0.03294  0.20118  -3  157
182  599  0025  0.260  0.245   163   161  0.02694  0.20718  -6  159
182  457  0026  0.277  0.238    43   160  0.03294  0.20118  -4  154
182  458  0027  0.260  0.238    56   160  0.03294  0.20118  -4  157
182  547  0028  0.276  0.239   156   157  0.04494  0.20118  -4  157
182  454  0029  0.275  0.238  -138   160  0.03294  0.20118  -4  159
182  464  0030  0.295  0.238   -38   160  0.03294  0.20118  -3  155
182  457  0031  0.276  0.238    15   160  0.03294  0.20118  -1  153
182  458  0032  0.278  0.238    30   160  0.03294  0.20118  -2  153
182  464  0033  0.282  0.238   112   160  0.03294  0.20118  -3  154
182  546  0034  0.273  0.245   169   164  0.01494  0.20718  -5  159
182  455  0035  0.277  0.238   124   160  0.03294  0.20118  -3  157
182  461  0036  0.295  0.238   -12   160  0.03294  0.20118  -3  156
182  463  0037  0.289  0.238   -14   160  0.03294  0.20118  -3  156
182  461  0038  0.284  0.238    70   160  0.03294  0.20118  -3  156
182  451  0039  0.259  0.238   -95   160  0.03294  0.20118  -3  152
182  462  0040  0.278  0.238     3   160  0.03294  0.20118  -2  155
182  454  0041  0.287  0.238    79   160  0.03294  0.20118  -3  156
182  491  0042  0.279  0.269  -159  -165  -0.11706  0.19518  -3  161
182  499  0043  0.293  0.245   167   163  0.02094  0.20718  -4  157
182  462  0044  0.291  0.238    28   160  0.03294  0.20118  -2  154
182  449  0045  0.262  0.238    95   160  0.03294  0.20118  -3  157
182  461  0046  0.292  0.238    -2   160  0.03294  0.20118  -3  157
182  455  0047  0.278  0.238   127   160  0.03294  0.20118  -3  157
182  451  0048  0.268  0.238   134   160  0.03294  0.20118  -3  159
182  453  0049  0.265  0.238    -6   160  0.03294  0.20118  -2  154
218  452  0000  0.268  0.238  -141   160  0.03294  0.20118  -3  162
218  458  0001  0.284  0.238   101   160  0.03294  0.20118  -3  154
218  456  0002  0.273  0.238   -31   160  0.03294  0.20118  -3  153
218  453  0003  0.264  0.238   -59   160  0.03294  0.20118  -4  153
218  454  0004  0.259  0.238    81   160  0.03294  0.20118  -4  157
218  464  0005  0.296  0.238   120   160  0.03294  0.20118  -3  155
218  452  0006  0.296  0.238    80   160  0.03294  0.20118  -3  157
218  450  0007  0.260  0.238   -42   160  0.03294  0.20118  -3  150
218  479  0008  0.273  0.236   142   151  0.06894  0.19518  -3  159
218  574  0009  0.272  0.245   168   164  0.01494  0.20718  -5  160
218  456  0010  0.265  0.238  -149   160  0.03294  0.20118  -2  165
218  459  0011  0.279  0.238    27   160  0.03294  0.20118  -2  153
218  451  0012  0.262  0.232    98   156  0.04494  0.19518  -3  157
218  507  0013  0.265  0.236   143   151  0.06894  0.19518  -4  160
218  464  0014  0.296  0.238   -38   160  0.03294  0.20118  -3  156
218  449  0015  0.264  0.238   127   160  0.03294  0.20118  -3  160
218  590  0016  0.271  0.255  -174  -171  -0.08706  0.19518  -5  161
218  451  0017  0.290  0.238    20   160  0.03294  0.20118  -1  155
218  460  0018  0.282  0.238   -12   160  0.03294  0.20118  -3  156
218  456  0019  0.259  0.238    30   160  0.03294  0.20118  -2  151
218  460  0020  0.289  0.238    -6   160  0.03294  0.20118  -3  157
218  454  0021  0.266  0.238    45   160  0.03294  0.20118  -4  154
218  448  0022  0.264  0.238   -94   160  0.03294  0.20118  -4  152
218  449  0023  0.260  0.238   -32   160  0.03294  0.20118  -2  151
218  504  0024  0.293  0.239   153   157  0.04494  0.20118  -4  155
218  458  0025  0.290  0.238   -88   160  0.03294  0.20118  -4  154
218  462  0026  0.289  0.238    -2   160  0.03294  0.20118  -3  157
218  459  0027  0.282  0.238    -4   160  0.03294  0.20118  -3  157
218  457  0028  0.284  0.238     9   160  0.03294  0.20118  -2  155
218  459  0029  0.287  0.238    58   160  0.03294  0.20118  -4  159
218  460  0030  0.263  0.238    67   160  0.03294  0.20118  -4  156
218  454  0031  0.271  0.238   123   160  0.03294  0.20118  -4  158
218  453  0032  0.267  0.238   -33   160  0.03294  0.20118  -3  152
218  451  0033  0.273  0.238   137   160  0.03294  0.20118  -3  160
218  533  0034  0.277  0.245   172   166  0.00894  0.20718  -4  161
218  459  0035  0.284  0.238   -41   160  0.03294  0.20118  -3  153
218  450  0036  0.267  0.238   -48   160  0.03294  0.20118  -4  150
218  450  0037  0.261  0.238  -115   160  0.03294  0.20118  -4  158
218  459  0038  0.281  0.238   -72   160  0.03294  0.20118  -4  157
218  454  0039  0.280  0.238   -16   160  0.03294  0.20118  -3  155
218  455  0040  0.280  0.238   -75   160  0.03294  0.20118  -4  156
218  459  0041  0.286  0.238    -9   160  0.03294  0.20118  -3  157
218  457  0042  0.283  0.238   -10   160  0.03294  0.20118  -3  156
218  585  0043  0.275  0.245   161   161  0.02694  0.20718  -6  158
218  456  0044  0.267  0.238    25   160  0.03294  0.20118  -1  152
218  459  0045  0.281  0.238   -69   160  0.03294  0.20118  -4  156
218  458  0046  0.281  0.238   -23   160  0.03294  0.20118  -3  155
218  457  0047  0.267  0.238    20   160  0.03294  0.20118  -1  152
218  453  0048  0.278  0.238   -78   160  0.03294  0.20118  -4  156
218  457  0049  0.270  0.238    60   160  0.03294  0.20118  -4  158
255  458  0000  0.280  0.238     1   160  0.03294  0.20118  -2  157
255  534  0001  0.290  0.252   167   164  0.01494  0.21318  -6  158
255  647  0002  0.264  0.245   163   161  0.02694  0.20718  -6  161
255  631  0003  0.276  0.263  -167  -167  -0.10506  0.19518  -4  162
255  455  0004  0.263  0.238    11   160  0.03294  0.20118  -1  153
255  454  0005  0.270  0.238    54   160  0.03294  0.20118  -4  159
255  451  0006  0.278  0.238  -113   160  0.03294  0.20118  -4  158
255  463  0007  0.290  0.238    35   160  0.03294  0.20118  -3  154
255  452  0008  0.274  0.238    85   160  0.03294  0.20118  -3  158
255  473  0009  0.268  0.268  -154  -153  -0.16506  0.16518  -3  166
255  461  0010  0.288  0.238  -131   160  0.03294  0.20118  -4  159
255  451  0011  0.282  0.238  -104   161  0.02694  0.20118  -4  155
255  459  0012  0.294  0.238  -148   160  0.03294  0.20118  -2  165
255  503  0013  0.295  0.245   169   164  0.01494  0.20718  -4  159
255  452  0014  0.261  0.238     1   160  0.03294  0.20118  -2  155
255  554  0015  0.288  0.245   163   161  0.02694  0.20718  -5  157
255  610  0016  0.280  0.267  -172  -169  -0.09906  0.20118  -5  161
255  460  0017  0.295  0.238   117   160  0.03294  0.20118  -3  154
255  476  0018  0.270  0.272  -153  -152  -0.17106  0.16518  -3  166
255  560  0019  0.292  0.264  -174  -170  -0.09306  0.20118  -5  160
255  452  0020  0.269  0.238  -120   160  0.03294  0.20118  -4  158
255  629  0021  0.274  0.257  -172  -170  -0.09306  0.19518  -5  162
255  454  0022  0.292  0.238    96   160  0.03294  0.20118  -4  155
255  460  0023  0.286  0.238  -131   160  0.03294  0.20118  -4  159
255  455  0024  0.279  0.238  -128   160  0.03294  0.20118  -4  159
255  461  0025  0.292  0.238   -69   160  0.03294  0.20118  -4  159
255  457  0026  0.280  0.238    45   160  0.03294  0.20118  -4  156
255  453  0027  0.274  0.238   102   160  0.03294  0.20118  -4  156
255  448  0028  0.261  0.238    77   160  0.03294  0.20118  -3  157
255  472  0029  0.277  0.276  -149  -149  -0.18306  0.15918  -3  165
255  451  0030  0.275  0.238  -118   160  0.03294  0.20118  -4  158
255  462  0031  0.287  0.238   116   160  0.03294  0.20118  -3  155
255  460  0032  0.271  0.238    38   160  0.03294  0.20118  -3  153
255  541  0033  0.284  0.240   153   155  0.05094  0.20118  -4  157
255  467  0034  0.294  0.238   122   160  0.03294  0.20118  -3  156
255  458  0035  0.283  0.238   -58   160  0.03294  0.20118  -4  155
255  452  0036  0.270  0.238   -42   160  0.03294  0.20118  -3  151
255  455  0037  0.271  0.238   128   160  0.03294  0.20118  -3  161
255  622  0038  0.261  0.245   169   166  0.00894  0.20718  -6  162
255  452  0039  0.274  0.238   -11   160  0.03294  0.20118  -2  155
255  453  0040  0.267  0.238  -104   160  0.03294  0.20118  -3  156
255  456  0041  0.280  0.238   -40   160  0.03294  0.20118  -3  153
255  452  0042  0.273  0.238    93   160  0.03294  0.20118  -4  158
255  457  0043  0.281  0.238    -7   160  0.03294  0.20118  -3  157
255  518  0044  0.286  0.252  -180  -172  -0.08106  0.19518  -5  161
255  454  0045  0.271  0.238   125   160  0.03294  0.20118  -3  160
255  460  0046  0.280  0.238  -134   160  0.03294  0.20118  -4  161
255  455  0047  0.259  0.238    53   160  0.03294  0.20118  -5  158
255  460  0048  0.284  0.238   106   160  0.03294  0.20118  -4  154
255  451  0049  0.275  0.238   -23   160  0.03294  0.20118  -3  154
291  455  0000  0.279  0.238    26   160  0.03294  0.20118  -1  154
291  462  0001  0.294  0.238    71   160  0.03294  0.20118  -3  159
291  457  0002  0.287  0.238   -51   160  0.03294  0.20118  -4  154
291  652  0003  0.281  0.272  -167  -167  -0.11106  0.20118  -5  163
291  446  0004  0.264  0.238  -102   160  0.03294  0.20118  -4  156
291  455  0005  0.289  0.238    74   160  0.03294  0.20118  -3  159
291  456  0006  0.296  0.238   -77   160  0.03294  0.20118  -4  160
291  455  0007  0.276  0.238    63   160  0.03294  0.20118  -4  160
291  455  0008  0.272  0.238   129   160  0.03294  0.20118  -3  162
291  448  0009  0.280  0.238    90   160  0.03294  0.20118  -4  158
291  635  0010  0.260  0.263  -162  -165  -0.11706  0.18918  -4  165
291  446  0011  0.272  0.238   -20   160  0.03294  0.20118  -3  154
291  460  0012  0.294  0.239   144   158  0.03894  0.20118  -3  158
291  457  0013  0.278  0.238  -128   160  0.03294  0.20118  -5  160
291  459  0014  0.287  0.238    -7   160  0.03294  0.20118  -3  159
291  459  0015  0.295  0.238  -120   160  0.03294  0.20118  -4  158
291  450  0016  0.270  0.238     0   160  0.03294  0.20118  -2  157
291  453  0017  0.280  0.238    75   160  0.03294  0.20118  -3  158
291  461  0018  0.281  0.238    67   160  0.03294  0.20118  -4  159
291  445  0019  0.269  0.238    73   160  0.03294  0.20118  -4  158
291  454  0020  0.275  0.238    45   160  0.03294  0.20118  -4  156
291  464  0021  0.287  0.238    37   160  0.03294  0.20118  -3  154
291  456  0022  0.275  0.238   -73   160  0.03294  0.20118  -4  158
291  448  0023  0.269  0.238   -23   160  0.03294  0.20118  -3  153
291  455  0024  0.272  0.238    19   160  0.03294  0.20118  -1  154
291  458  0025  0.285  0.238    -9   160  0.03294  0.20118  -3  159
291  449  0026  0.289  0.238    85   160  0.03294  0.20118  -4  159
291  460  0027  0.295  0.238   -42   160  0.03294  0.20118  -2  156
291  686  0028  0.268  0.260  -169  -169  -0.09906  0.19518  -5  164
291  456  0029  0.278  0.238    43   160  0.03294  0.20118  -4  155
291  505  0030  0.272  0.274  -154  -154  -0.16506  0.17118  -3  167
291  577  0031  0.288  0.272  -161  -164  -0.12306  0.19518  -4  165
291  451  0032  0.272  0.238  -137   160  0.03294  0.20118  -4  164
291  529  0033  0.284  0.253   173   167  0.00294  0.21318  -5  162
291  447  0034  0.265  0.238   117   160  0.03294  0.20118  -4  159
291  456  0035  0.293  0.238  -142   160  0.03294  0.20118  -3  165
291  448  0036  0.261  0.238   131   160  0.03294  0.20118  -3  164
291  574  0037  0.277  0.241   152   154  0.05694  0.20118  -5  159
291  444  0038  0.266  0.238   -19   160  0.03294  0.20118  -3  153
291  456  0039  0.270  0.238    18   160  0.03294  0.20118  -0  153
291  458  0040  0.294  0.238   -85   160  0.03294  0.20118  -4  156
291  622  0041  0.270  0.252  -177  -172  -0.08106  0.19518  -5  164
291  452  0042  0.285  0.238    76   160  0.03294  0.20118  -3  159
291  455  0043  0.282  0.238     0   160  0.03294  0.20118  -2  158
291  461  0044  0.284  0.238    39   160  0.03294  0.20118  -3  154
291  457  0045  0.284  0.238   -63   160  0.03294  0.20118  -4  157
291  463  0046  0.292  0.238  -122   160  0.03294  0.20118  -4  158
291  453  0047  0.272  0.238  -132   160  0.03294  0.20118  -4  161
291  453  0048  0.273  0.238   118   160  0.03294  0.20118  -4  158
291  453  0049  0.262  0.238     7   160  0.03294  0.20118  -1  154
327  456  0000  0.274  0.238   116   160  0.03294  0.20118  -4  158
327  455  0001  0.288  0.238   -87   160  0.03294  0.20118  -4  155
327  634  0002  0.262  0.248  -180  -175  -0.06906  0.19518  -5  167
327  456  0003  0.273  0.238    57   160  0.03294  0.20118  -5  162
327  452  0004  0.270  0.238  -119   160  0.03294  0.20118  -4  161
327  600  0005  0.293  0.264  -174  -170  -0.09306  0.20118  -5  162
327  697  0006  0.271  0.257  -172  -170  -0.09306  0.19518  -5  165
327  459  0007  0.288  0.238    -9   160  0.03294  0.20118  -3  160
327  454  0008  0.286  0.238  -111   160  0.03294  0.20118  -3  159
327  617  0009  0.266  0.248  -180  -175  -0.06906  0.19518  -5  167
327  460  0010  0.290  0.238   116   160  0.03294  0.20118  -3  155
327  460  0011  0.277  0.238    36   160  0.03294  0.20118  -3  154
327  676  0012  0.277  0.269  -164  -165  -0.11706  0.19518  -4  166
327  448  0013  0.260  0.238   -71   160  0.03294  0.20118  -4  157
327  457  0014  0.286  0.238   -73   160  0.03294  0.20118  -4  160
327  449  0015  0.264  0.238   -42   160  0.03294  0.20118  -3  150
327  454  0016  0.276  0.238    64   160  0.03294  0.20118  -4  161
327  455  0017  0.260  0.238    37   160  0.03294  0.20118  -3  152
327  455  0018  0.296  0.238  -114   160  0.03294  0.20118  -4  159
327  723  0019  0.262  0.263  -168  -167  -0.10506  0.19518  -5  166
327  455  0020  0.279  0.238    44   160  0.03294  0.20118  -4  157
327  631  0021  0.279  0.252   167   164  0.01494  0.21318  -6  162
327  446  0022  0.265  0.238   -30   160  0.03294  0.20118  -2  152
327  460  0023  0.272  0.238    35   160  0.03294  0.20118  -2  153
327  453  0024  0.270  0.238   -53   160  0.03294  0.20118  -4  152
327  448  0025  0.265  0.238   121   160  0.03294  0.20118  -4  161
327  451  0026  0.265  0.238   123   160  0.03294  0.20118  -4  162
327  462  0027  0.288  0.238   -27   160  0.03294  0.20118  -3  159
327  450  0028  0.269  0.238    -1   160  0.03294  0.20118  -2  158
327  465  0029  0.286  0.238   126   160  0.03294  0.20118  -3  161
327  451  0030  0.278  0.238     1   160  0.03294  0.20118  -2  159
327  453  0031  0.269  0.238    56   160  0.03294  0.20118  -5  162
327  459  0032  0.295  0.238     3   160  0.03294  0.20118  -2  161
327  456  0033  0.281  0.238    47   160  0.03294  0.20118  -4  159
327  480  0034  0.285  0.284  -142  -144  -0.20706  0.14718  -4  166
327  584  0035  0.275  0.257  -180  -174  -0.07506  0.20118  -6  166
327  451  0036  0.282  0.238   -86   160  0.03294  0.20118  -4  155
327  456  0037  0.281  0.238   125   160  0.03294  0.20118  -3  161
327  458  0038  0.293  0.238    11   160  0.03294  0.20118  -1  159
327  452  0039  0.279  0.238  -104   160  0.03294  0.20118  -3  157
327  458  0040  0.292  0.238   -49   160  0.03294  0.20118  -3  155
327  459  0041  0.265  0.238    34   160  0.03294  0.20118  -2  152
327  456  0042  0.287  0.238    -1   160  0.03294  0.20118  -2  161
327  468  0043  0.292  0.235   144   152  0.06294  0.19518  -3  160
327  464  0044  0.286  0.238    39   160  0.03294  0.20118  -3  155
327  464  0045  0.285  0.238    40   160  0.03294  0.20118  -3  155
327  549  0046  0.268  0.271  -151  -150  -0.17706  0.15918  -3  168
327  455  0047  0.280  0.238    42   160  0.03294  0.20118  -4  156
327  453  0048  0.267  0.238  -128   160  0.03294  0.20118  -5  162
327  458  0049  0.295  0.238    57   160  0.03294  0.20118  -4  163
364  549  0000  0.264  0.270  -145  -146  -0.18906  0.14718  -5  168
364  447  0001  0.274  0.238   -83   160  0.03294  0.20118  -4  157
364  575  0002  0.272  0.272  -156  -157  -0.15306  0.17718  -3  170
364  453  0003  0.288  0.238    84   160  0.03294  0.20118  -4  161
364  453  0004  0.279  0.238   -13   160  0.03294  0.20118  -3  159
364  452  0005  0.268  0.238    70   160  0.03294  0.20118  -4  160
364  460  0006  0.295  0.238    48   160  0.03294  0.20118  -5  161
364  454  0007  0.265  0.238   -67   160  0.03294  0.20118  -4  158
364  464  0008  0.290  0.238   -24   160  0.03294  0.20118  -4  161
364  449  0009  0.281  0.238    88   160  0.03294  0.20118  -4  161
364  460  0010  0.293  0.238   120   160  0.03294  0.20118  -3  158
364  455  0011  0.285  0.238  -122   160  0.03294  0.20118  -5  161
364  457  0012  0.287  0.238  -132   160  0.03294  0.20118  -5  164
364  453  0013  0.267  0.238    58   160  0.03294  0.20118  -5  163
364  452  0014  0.290  0.238  -102   160  0.03294  0.20118  -4  156
364  454  0015  0.279  0.238   -31   160  0.03294  0.20118  -2  157
364  590  0016  0.267  0.239   145   148  0.08094  0.19518  -4  164
364  448  0017  0.272  0.238   -12   160  0.03294  0.20118  -2  157
364  444  0018  0.267  0.238   -47   160  0.03294  0.20118  -3  151
364  464  0019  0.282  0.238   120   160  0.03294  0.20118  -3  160
364  457  0020  0.276  0.238    68   160  0.03294  0.20118  -3  162
364  447  0021  0.272  0.238   -12   160  0.03294  0.20118  -2  157
364  454  0022  0.285  0.238   103   160  0.03294  0.20118  -4  156
364  679  0023  0.268  0.253   170   167  0.00294  0.21318  -7  166
364  457  0024  0.281  0.238   121   160  0.03294  0.20118  -3  160
364  438  0025  0.265  0.238   -98   160  0.03294  0.20118  -4  155
364  450  0026  0.290  0.238   -93   160  0.03294  0.20118  -4  154
364  459  0027  0.294  0.238    82   160  0.03294  0.20118  -4  161
364  527  0028  0.294  0.240   153   155  0.05094  0.20118  -4  157
364  445  0029  0.261  0.238  -104   161  0.02694  0.20118  -4  159
364  561  0030  0.288  0.280  -149  -148  -0.18906  0.15918  -4  168
364  448  0031  0.267  0.238   -41   160  0.03294  0.20118  -3  151
364  446  0032  0.268  0.238   -43   160  0.03294  0.20118  -3  151
364  456  0033  0.282  0.238   -52   160  0.03294  0.20118  -4  154
364  549  0034  0.277  0.280  -145  -146  -0.19506  0.15318  -4  168
364  457  0035  0.276  0.238   -62   160  0.03294  0.20118  -4  157
364  540  0036  0.289  0.253   173   168  -0.00306  0.21318  -6  165
364  690  0037  0.284  0.267  -171  -169  -0.09906  0.20118  -6  164
364  447  0038  0.273  0.238  -113   160  0.03294  0.20118  -4  162
364  455  0039  0.287  0.238   101   160  0.03294  0.20118  -4  156
364  598  0040  0.290  0.252   164   163  0.02094  0.21318  -6  160
364  509  0041  0.290  0.241   148   154  0.05694  0.20118  -4  159
364  446  0042  0.282  0.238  -114   160  0.03294  0.20118  -4  161
364  467  0043  0.295  0.323   -16   -17  -0.03306  -0.27282  -3  162
364  447  0044  0.266  0.238    45   160  0.03294  0.20118  -4  158
364  461  0045  0.295  0.238   -51   160  0.03294  0.20118  -4  156
364  468  0046  0.295  0.301    59    57  0.27894  -0.06882  -5  164
364  657  0047  0.273  0.247   154   156  0.05094  0.20718  -6  161
364  458  0048  0.281  0.238    41   160  0.03294  0.20118  -3  156
364  447  0049  0.271  0.238    86   160  0.03294  0.20118  -4  162
400  774  0000  0.270  0.260  -170  -169  -0.09906  0.19518  -6  168
400  450  0001  0.273  0.238   -41   160  0.03294  0.20118  -3  154
400  448  0002  0.271  0.238     3   160  0.03294  0.20118  -1  160
400  454  0003  0.274  0.238    35   160  0.03294  0.20118  -2  154
400  454  0004  0.293  0.238  -121   160  0.03294  0.20118  -4  161
400  450  0005  0.284  0.238    21   160  0.03294  0.20118  -0  158
400  457  0006  0.288  0.238    47   160  0.03294  0.20118  -5  161
400  652  0007  0.291  0.275  -161  -163  -0.12906  0.19518  -4  168
400  460  0008  0.286  0.238   114   160  0.03294  0.20118  -4  158
400  457  0009  0.291  0.238   -42   160  0.03294  0.20118  -3  158
400  449  0010  0.281  0.238    97   160  0.03294  0.20118  -4  160
400  680  0011  0.293  0.276  -171  -169  -0.10506  0.20718  -6  165
400  444  0012  0.264  0.238   -37   160  0.03294  0.20118  -2  152
400  583  0013  0.295  0.259   164   163  0.02094  0.21918  -7  160
400  455  0014  0.281  0.238   -56   160  0.03294  0.20118  -4  156
400  453  0015  0.288  0.232   -89   156  0.04494  0.19518  -4  156
400  461  0016  0.285  0.238   -64   160  0.03294  0.20118  -4  161
400  479  0017  0.277  0.280   132   131  0.16494  0.20118  -4  166
400  469  0018  0.293  0.238   110   160  0.03294  0.20118  -3  155
400  460  0019  0.290  0.238    42   160  0.03294  0.20118  -3  158
400  448  0020  0.286  0.238  -115   160  0.03294  0.20118  -4  162
400  777  0021  0.262  0.255  -173  -171  -0.08706  0.19518  -6  169
400  450  0022  0.275  0.238    72   160  0.03294  0.20118  -4  162
400  692  0023  0.285  0.264  -173  -170  -0.09306  0.20118  -6  166
400  457  0024  0.286  0.238   136   160  0.03294  0.20118  -2  166
400  451  0025  0.285  0.238  -111   161  0.02694  0.20118  -4  162
400  600  0026  0.279  0.278  -154  -153  -0.17106  0.17118  -3  172
400  440  0027  0.263  0.238    77   160  0.03294  0.20118  -3  162
400  453  0028  0.278  0.238   -34   160  0.03294  0.20118  -2  157
400  452  0029  0.268  0.238    69   160  0.03294  0.20118  -4  162
400  751  0030  0.261  0.252   168   166  0.00894  0.21318  -8  167
400  450  0031  0.274  0.238    51   160  0.03294  0.20118  -5  163
400  460  0032  0.278  0.238    39   160  0.03294  0.20118  -3  156
400  449  0033  0.264  0.238    63   160  0.03294  0.20118  -5  164
400  767  0034  0.266  0.266  -165  -166  -0.11106  0.19518  -5  170
400  451  0035  0.266  0.238    43   160  0.03294  0.20118  -4  157
400  455  0036  0.278  0.238   125   160  0.03294  0.20118  -3  165
400  502  0037  0.282  0.239   143   148  0.08094  0.19518  -4  164
400  648  0038  0.281  0.260   169   167  0.00294  0.21918  -7  165
400  452  0039  0.294  0.238  -101   160  0.03294  0.20118  -4  157
400  505  0040  0.294  0.323    18    18  0.15894  -0.22482  -0  160
400  433  0041  0.263  0.238   -85   160  0.03294  0.20118  -4  155
400  456  0042  0.285  0.238    48   160  0.03294  0.20118  -4  162
400  459  0043  0.290  0.238    46   160  0.03294  0.20118  -4  160
400  652  0044  0.269  0.243   149   151  0.06894  0.20118  -6  164
400  448  0045  0.262  0.238    48   160  0.03294  0.20118  -5  161
400  442  0046  0.260  0.238   -80   160  0.03294  0.20118  -3  157
400  707  0047  0.275  0.252   166   164  0.01494  0.21318  -8  165
400  455  0048  0.264  0.238    25   160  0.03294  0.20118  0  153
400  439  0049  0.268  0.238   -22   160  0.03294  0.20118  -3  155
436  448  0000  0.278  0.238   -16   160  0.03294  0.20118  -3  160
436  460  0001  0.292  0.238  -129   160  0.03294  0.20118  -4  165
436  440  0002  0.276  0.238   -94   160  0.03294  0.20118  -4  155
436  452  0003  0.272  0.238    28   160  0.03294  0.20118  -0  155
436  483  0004  0.283  0.292     1     0  0.05694  -0.23682  -3  163
436  441  0005  0.271  0.238    84   160  0.03294  0.20118  -4  165
436  518  0006  0.293  0.294  -139  -141  -0.22506  0.14118  -5  168
436  445  0007  0.272  0.238    72   160  0.03294  0.20118  -4  163
436  450  0008  0.276  0.238  -131   160  0.03294  0.20118  -5  168
436  637  0009  0.260  0.236   142   144  0.09294  0.18918  -5  169
436  454  0010  0.290  0.238   -83   160  0.03294  0.20118  -5  161
436  474  0011  0.261  0.271  -137  -139  -0.21306  0.12318  -6  169
436  461  0012  0.291  0.238    42   160  0.03294  0.20118  -3  159
436  473  0013  0.281  0.293     2     0  0.06294  -0.23682  -2  163
436  485  0014  0.280  0.285  -137  -138  -0.22506  0.12918  -6  169
436  450  0015  0.261  0.238    66   160  0.03294  0.20118  -5  163
436  453  0016  0.280  0.238    -9   160  0.03294  0.20118  -2  163
436  447  0017  0.279  0.238    89   160  0.03294  0.20118  -4  164
436  453  0018  0.277  0.238   -38   160  0.03294  0.20118  -2  157
436  463  0019  0.295  0.238   -11   160  0.03294  0.20118  -3  165
436  441  0020  0.261  0.238   119   160  0.03294  0.20118  -4  166
436  441  0021  0.270  0.238   -82   160  0.03294  0.20118  -4  159
436  445  0022  0.285  0.238   -94   160  0.03294  0.20118  -4  156
436  485  0023  0.293  0.296  -137  -137  -0.23706  0.12918  -5  168
436  658  0024  0.281  0.246   156   157  0.04494  0.20718  -7  162
436  456  0025  0.283  0.238   116   160  0.03294  0.20118  -4  160
436  781  0026  0.262  0.246   157   157  0.04494  0.20718  -8  166
436  449  0027  0.263  0.238     2   160  0.03294  0.20118  -0  160
436  453  0028  0.296  0.238    84   160  0.03294  0.20118  -4  164
436  553  0029  0.289  0.294  -141  -142  -0.21906  0.14718  -5  169
436  593  0030  0.273  0.239   145   148  0.08094  0.19518  -5  166
436  449  0031  0.260  0.238     1   160  0.03294  0.20118  -1  159
436  442  0032  0.262  0.232    83   156  0.04494  0.19518  -3  165
436  614  0033  0.269  0.275  -145  -145  -0.19506  0.14718  -5  171
436  436  0034  0.267  0.238   -17   160  0.03294  0.20118  -2  157
436  447  0035  0.285  0.238    84   160  0.03294  0.20118  -4  164
436  451  0036  0.276  0.238   -38   160  0.03294  0.20118  -2  157
436  441  0037  0.270  0.238  -104   161  0.02694  0.20118  -4  161
436  445  0038  0.267  0.238    48   160  0.03294  0.20118  -5  162
436  519  0039  0.294  0.294    53    54  0.26694  -0.08082  -6  164
436  453  0040  0.278  0.238   104   160  0.03294  0.20118  -4  160
436  447  0041  0.271  0.238   -30   160  0.03294  0.20118  -2  157
436  458  0042  0.279  0.238   111   160  0.03294  0.20118  -4  159
436  458  0043  0.292  0.238   -52   160  0.03294  0.20118  -3  158
436  437  0044  0.267  0.238   -87   160  0.03294  0.20118  -4  155
436  535  0045  0.295  0.316   -74   -74  -0.27906  -0.14082  -6  163
436  451  0046  0.279  0.238  -104   160  0.03294  0.20118  -4  160
436  508  0047  0.294  0.315   -15   -16  -0.02706  -0.26682  -4  164
436  451  0048  0.261  0.238     9   160  0.03294  0.20118  0  156
436  450  0049  0.272  0.238    66   160  0.03294  0.20118  -4  165
473  459  0000  0.281  0.238    36   160  0.03294  0.20118  -2  157
473  492  0001  0.281  0.309   -19   -19  -0.03906  -0.26082  -4  160
473  822  0002  0.261  0.252  -175  -172  -0.08106  0.19518  -6  172
473  504  0003  0.282  0.309   -20   -20  -0.04506  -0.26082  -5  161
473  460  0004  0.293  0.238   -48   160  0.03294  0.20118  -3  160
473  512  0005  0.289  0.311     9     9  0.11094  -0.23682  -1  163
473  445  0006  0.269  0.238   -43   160  0.03294  0.20118  -3  154
473  580  0007  0.295  0.294  -141  -142  -0.21906  0.14718  -6  170
473  456  0008  0.292  0.238   -50   160  0.03294  0.20118  -3  159
473  561  0009  0.290  0.254   179  -175  -0.06906  0.20118  -5  170
473  445  0010  0.275  0.309   -18   -19  -0.03906  -0.26082  -4  159
473  449  0011  0.285  0.238   -88   160  0.03294  0.20118  -4  159
473  497  0012  0.264  0.277    51    53  0.24894  -0.08082  -7  164
473  439  0013  0.261  0.238   -29   160  0.03294  0.20118  -2  154
473  808  0014  0.270  0.261  -174  -172  -0.08706  0.20118  -7  171
473  557  0015  0.287  0.264   177   174  -0.02706  0.21918  -6  171
473  551  0016  0.260  0.253   134   135  0.13494  0.18918  -6  170
473  453  0017  0.290  0.238    93   161  0.02694  0.20118  -5  162
473  436  0018  0.271  0.238   -92   160  0.03294  0.20118  -4  156
473  750  0019  0.293  0.279  -169  -168  -0.11106  0.20718  -6  168
473  567  0020  0.276  0.280  -140  -141  -0.21306  0.13518  -6  171
473  440  0021  0.269  0.238  -119   160  0.03294  0.20118  -5  167
473  458  0022  0.281  0.238   -68   160  0.03294  0.20118  -4  165
473  769  0023  0.268  0.253   170   167  0.00294  0.21318  -8  171
473  512  0024  0.273  0.286    51    52  0.25494  -0.08682  -7  164
473  447  0025  0.272  0.238   -56   160  0.03294  0.20118  -4  157
473  444  0026  0.270  0.238   -39   160  0.03294  0.20118  -2  155
473  643  0027  0.284  0.247   154   156  0.05094  0.20718  -7  162
473  729  0028  0.291  0.282  -162  -164  -0.12906  0.20118  -4  170
473  645  0029  0.292  0.283  -157  -158  -0.15306  0.18918  -4  172
473  477  0030  0.276  0.288    75    75  0.28494  0.00918  -5  165
473  530  0031  0.287  0.306   -73   -73  -0.26706  -0.14082  -7  164
473  529  0032  0.288  0.316   -18   -18  -0.03906  -0.26682  -4  162
473  491  0033  0.288  0.304   -37   -35  -0.12306  -0.24282  -4  160
473  494  0034  0.282  0.309   -21   -21  -0.05106  -0.26082  -4  160
473  443  0035  0.272  0.238    95   160  0.03294  0.20118  -4  165
473  486  0036  0.285  0.302     6     5  0.08694  -0.23682  -2  163
473  501  0037  0.269  0.284    62    59  0.26694  -0.05682  -7  165
473  461  0038  0.290  0.238  -127   160  0.03294  0.20118  -5  166
473  442  0039  0.283  0.238   -95   160  0.03294  0.20118  -4  157
473  469  0040  0.263  0.224   108   107  0.19494  0.10518  -4  165
473  453  0041  0.275  0.238   -61   160  0.03294  0.20118  -4  160
473  462  0042  0.294  0.232   106   156  0.04494  0.19518  -4  156
473  464  0043  0.269  0.281    78    78  0.27894  0.02118  -5  165
473  446  0044  0.286  0.238  -103   160  0.03294  0.20118  -4  160
473  451  0045  0.270  0.238   -65   160  0.03294  0.20118  -4  162
473  460  0046  0.286  0.238   106   160  0.03294  0.20118  -4  158
473  570  0047  0.287  0.292    55    55  0.26694  -0.07482  -7  166
473  448  0048  0.281  0.238   100   160  0.03294  0.20118  -4  161
473  835  0049  0.271  0.267  -171  -169  -0.09906  0.20118  -6  171
509  460  0000  0.296  0.238    39   160  0.03294  0.20118  -3  161
509  439  0001  0.284  0.238   -98   160  0.03294  0.20118  -4  159
509  437  0002  0.276  0.238   -87   160  0.03294  0.20118  -5  159
509  431  0003  0.268  0.238   -93   160  0.03294  0.20118  -4  156
509  603  0004  0.286  0.292    55    55  0.26694  -0.07482  -8  167
509  444  0005  0.284  0.238   -93   160  0.03294  0.20118  -5  158
509  448  0006  0.285  0.238  -116   160  0.03294  0.20118  -5  167
509  451  0007  0.274  0.238    43   160  0.03294  0.20118  -4  161
509  431  0008  0.265  0.238   -14   160  0.03294  0.20118  -2  159
509  536  0009  0.286  0.294    77    76  0.29094  0.01518  -6  165
509  865  0010  0.268  0.264  -172  -170  -0.09306  0.20118  -7  173
509  569  0011  0.290  0.316    23    22  0.17694  -0.20682  -0  161
509  577  0012  0.270  0.271   132   131  0.15894  0.19518  -6  170
509  445  0013  0.276  0.238  -104   160  0.03294  0.20118  -4  163
509  618  0014  0.291  0.268   173   170  -0.00906  0.22518  -7  169
509  765  0015  0.273  0.260   170   167  0.00294  0.21918  -8  171
509  456  0016  0.286  0.238    45   160  0.03294  0.20118  -4  164
509  698  0017  0.292  0.271  -175  -171  -0.09306  0.20718  -7  169
509  503  0018  0.283  0.299   -69   -71  -0.25506  -0.14682  -6  165
509  546  0019  0.279  0.292     0     0  0.05694  -0.23682  -3  163
509  803  0020  0.276  0.272  -162  -164  -0.12306  0.19518  -5  174
509  715  0021  0.271  0.276  -149  -149  -0.18306  0.15918  -5  175
509  640  0022  0.292  0.260   159   159  0.03894  0.21918  -8  162
509  452  0023  0.291  0.238  -104   161  0.02694  0.20118  -4  162
509  657  0024  0.289  0.253   158   159  0.03894  0.21318  -7  163
509  517  0025  0.285  0.293    -7    -5  0.03294  -0.24282  -4  165
509  555  0026  0.290  0.314    10    10  0.11694  -0.23682  -2  163
509  869  0027  0.272  0.269  -168  -168  -0.10506  0.20118  -6  173
509  448  0028  0.263  0.265    85    85  0.26094  0.04518  -5  168
509  442  0029  0.277  0.238  -114   160  0.03294  0.20118  -4  168
509  732  0030  0.283  0.259   163   163  0.02094  0.21918  -8  166
509  458  0031  0.288  0.238   118   160  0.03294  0.20118  -3  163
509  668  0032  0.287  0.253   157   157  0.04494  0.21318  -8  163
509  452  0033  0.274  0.238   -62   160  0.03294  0.20118  -4  162
509  537  0034  0.291  0.304   -81   -79  -0.27906  -0.11682  -8  162
509  518  0035  0.296  0.300  -132  -132  -0.25506  0.11118  -6  168
509  445  0036  0.281  0.238    93   161  0.02694  0.20118  -5  165
509  517  0037  0.294  0.300  -132  -132  -0.25506  0.11118  -6  168
509  711  0038  0.267  0.249   178  -179  -0.05106  0.20118  -6  176
509  474  0039  0.276  0.310    23    23  0.17694  -0.20082  0  159
509  452  0040  0.288  0.238    93   160  0.03294  0.20118  -5  164
509  438  0041  0.282  0.238   -99   161  0.02694  0.20118  -4  159
509  457  0042  0.281  0.238    30   160  0.03294  0.20118  -0  159
509  483  0043  0.273  0.291   -81   -79  -0.26706  -0.11082  -6  161
509  511  0044  0.290  0.244   145   150  0.07494  0.20118  -4  166
509  450  0045  0.284  0.238    90   160  0.03294  0.20118  -4  166
509  461  0046  0.290  0.238    38   160  0.03294  0.20118  -2  160
509  455  0047  0.272  0.283    47    50  0.24894  -0.09282  -7  164
509  446  0048  0.282  0.238   -89   160  0.03294  0.20118  -5  159
509  445  0049  0.282  0.238    90   160  0.03294  0.20118  -4  167
73  495  0000  0.280  0.239   158   158  0.03894  0.20118  -4  155
73  461  0001  0.282  0.239   145   158  0.03894  0.20118  -3  155
73  459  0002  0.292  0.238   -73   160  0.03294  0.20118  -4  155
73  463  0003  0.291  0.238    16   160  0.03294  0.20118  -3  154
73  459  0004  0.271  0.238    20   160  0.03294  0.20118  -2  153
73  463  0005  0.265  0.238  -116   160  0.03294  0.20118  -3  155
73  462  0006  0.288  0.260  -164  -169  -0.09906  0.19518  -4  157
73  458  0007  0.283  0.238  -100   160  0.03294  0.20118  -3  153
73  462  0008  0.261  0.238    99   160  0.03294  0.20118  -3  155
73  465  0009  0.295  0.238   129   160  0.03294  0.20118  -3  155
73  462  0010  0.282  0.238    27   160  0.03294  0.20118  -3  154
73  459  0011  0.274  0.238    23   160  0.03294  0.20118  -3  153
73  461  0012  0.287  0.238   -17   160  0.03294  0.20118  -3  154
73  458  0013  0.280  0.238    29   160  0.03294  0.20118  -3  153
73  488  0014  0.284  0.238   163   160  0.03294  0.20118  -3  155
73  457  0015  0.276  0.238    81   160  0.03294  0.20118  -3  155
73  459  0016  0.275  0.238  -109   160  0.03294  0.20118  -3  155
73  462  0017  0.288  0.239   146   158  0.03894  0.20118  -3  154
73  459  0018  0.263  0.238  -149   160  0.03294  0.20118  -2  158
73  466  0019  0.275  0.238   116   160  0.03294  0.20118  -3  154
73  458  0020  0.271  0.238  -109   160  0.03294  0.20118  -3  155
73  463  0021  0.271  0.238  -117   160  0.03294  0.20118  -3  155
73  458  0022  0.272  0.238    24   160  0.03294  0.20118  -3  153
73  463  0023  0.291  0.238     9   160  0.03294  0.20118  -3  155
73  463  0024  0.264  0.238   -60   160  0.03294  0.20118  -3  153
73  464  0025  0.264  0.238   -63   160  0.03294  0.20118  -4  154
73  454  0026  0.276  0.238   128   160  0.03294  0.20118  -3  155
73  461  0027  0.260  0.238   105   160  0.03294  0.20118  -3  155
73  461  0028  0.286  0.238   137   160  0.03294  0.20118  -3  155
73  460  0029  0.291  0.238    28   160  0.03294  0.20118  -3  154
73  461  0030  0.264  0.238   -31   160  0.03294  0.20118  -3  153
73  463  0031  0.292  0.238   115   160  0.03294  0.20118  -3  153
73  463  0032  0.290  0.238   -24   160  0.03294  0.20118  -3  154
73  460  0033  0.283  0.238    47   160  0.03294  0.20118  -3  154
73  460  0034  0.266  0.238    25   160  0.03294  0.20118  -3  153
73  460  0035  0.283  0.238  -151   160  0.03294  0.20118  -3  157
73  459  0036  0.282  0.238    79   160  0.03294  0.20118  -3  155
73  464  0037  0.270  0.238   115   160  0.03294  0.20118  -3  154
73  463  0038  0.295  0.238  -141   160  0.03294  0.20118  -3  156
73  480  0039  0.273  0.257  -174  -170  -0.09306  0.19518  -4  156
73  463  0040  0.272  0.260  -162  -169  -0.09906  0.19518  -4  157
73  459  0041  0.285  0.238   -98   160  0.03294  0.20118  -3  153
73  464  0042  0.285  0.238    12   160  0.03294  0.20118  -3  154
73  459  0043  0.288  0.238  -100   160  0.03294  0.20118  -3  153
73  459  0044  0.294  0.238    82   160  0.03294  0.20118  -3  155
73  462  0045  0.285  0.238  -130   160  0.03294  0.20118  -3  155
73  459  0046  0.276  0.238   130   160  0.03294  0.20118  -3  156
73  457  0047  0.263  0.238  -136   160  0.03294  0.20118  -3  156
73  462  0048  0.273  0.238   -77   160  0.03294  0.20118  -3  154
73  461  0049  0.266  0.238    75   160  0.03294  0.20118  -4  154
109  460  0000  0.280  0.238   -63   160  0.03294  0.20118  -3  154
109  464  0001  0.275  0.238   120   160  0.03294  0.20118  -4  155
109  487  0002  0.273  0.263  -162  -167  -0.10506  0.19518  -4  158
109  461  0003  0.278  0.238   -44   160  0.03294  0.20118  -3  153
109  460  0004  0.282  0.238    19   160  0.03294  0.20118  -2  153
109  459  0005  0.266  0.238    51   160  0.03294  0.20118  -4  155
109  461  0006  0.275  0.238    43   160  0.03294  0.20118  -3  153
109  457  0007  0.273  0.238    55   160  0.03294  0.20118  -4  155
109  459  0008  0.277  0.238    57   160  0.03294  0.20118  -4  156
109  458  0009  0.276  0.238  -127   160  0.03294  0.20118  -4  155
109  461  0010  0.275  0.238   -76   160  0.03294  0.20118  -3  154
109  517  0011  0.275  0.245   165   161  0.02694  0.20718  -5  156
109  462  0012  0.289  0.238   -34   160  0.03294  0.20118  -3  154
109  512  0013  0.268  0.245   168   163  0.02094  0.20718  -5  157
109  462  0014  0.291  0.238  -124   160  0.03294  0.20118  -3  155
109  462  0015  0.268  0.238  -132   160  0.03294  0.20118  -3  156
109  476  0016  0.265  0.263  -160  -167  -0.10506  0.19518  -4  159
109  460  0017  0.263  0.238  -112   160  0.03294  0.20118  -4  155
109  459  0018  0.291  0.238    21   160  0.03294  0.20118  -2  154
109  455  0019  0.271  0.238   -13   160  0.03294  0.20118  -3  153
109  464  0020  0.260  0.238   -74   160  0.03294  0.20118  -3  154
109  461  0021  0.270  0.238  -139   160  0.03294  0.20118  -3  157
109  460  0022  0.269  0.238  -105   160  0.03294  0.20118  -3  154
109  461  0023  0.270  0.238   -77   160  0.03294  0.20118  -3  154
109  466  0024  0.283  0.238   -28   160  0.03294  0.20118  -3  154
109  463  0025  0.295  0.238   -35   160  0.03294  0.20118  -3  155
109  467  0026  0.275  0.263  -160  -167  -0.10506  0.19518  -4  159
109  461  0027  0.286  0.238  -129   160  0.03294  0.20118  -4  155
109  458  0028  0.289  0.238    67   160  0.03294  0.20118  -3  155
109  497  0029  0.289  0.238   158   160  0.03294  0.20118  -3  155
109  457  0030  0.271  0.238    16   160  0.03294  0.20118  -2  153
109  460  0031  0.296  0.238    25   160  0.03294  0.20118  -2  154
109  457  0032  0.270  0.238  -125   160  0.03294  0.20118  -4  155
109  458  0033  0.280  0.238    75   160  0.03294  0.20118  -3  155
109  462  0034  0.284  0.238    62   160  0.03294  0.20118  -4  156
109  457  0035  0.265  0.238    72   160  0.03294  0.20118  -3  155
109  459  0036  0.290  0.238  -115   160  0.03294  0.20118  -4  155
109  455  0037  0.265  0.238   -42   160  0.03294  0.20118  -3  152
109  463  0038  0.295  0.238    43   160  0.03294  0.20118  -4  154
109  456  0039  0.274  0.238   -92   160  0.03294  0.20118  -4  153
109  459  0040  0.264  0.238    54   160  0.03294  0.20118  -4  155
109  501  0041  0.260  0.245   172   164  0.01494  0.20718  -4  158
109  461  0042  0.285  0.238   -65   160  0.03294  0.20118  -3  155
109  461  0043  0.277  0.238    93   160  0.03294  0.20118  -3  155
109  462  0044  0.282  0.238   -39   160  0.03294  0.20118  -3  153
109  465  0045  0.294  0.238   -30   160  0.03294  0.20118  -3  155
109  461  0046  0.266  0.238     1   160  0.03294  0.20118  -2  154
109  461  0047  0.282  0.238    -1   160  0.03294  0.20118  -3  155
109  460  0048  0.291  0.238   179   161  0.02694  0.20118  -3  158
109  464  0049  0.260  0.238   119   160  0.03294  0.20118  -3  155
145  458  0000  0.266  0.238  -142   160  0.03294  0.20118  -3  159
145  453  0001  0.263  0.238    -6   160  0.03294  0.20118  -2  154
145  455  0002  0.272  0.238   -84   160  0.03294  0.20118  -3  153
145  454  0003  0.272  0.238   -21   160  0.03294  0.20118  -3  153
145  457  0004  0.280  0.238    61   160  0.03294  0.20118  -4  156
145  461  0005  0.292  0.238   -87   160  0.03294  0.20118  -4  154
145  467  0006  0.290  0.238   -26   160  0.03294  0.20118  -3  155
145  458  0007  0.293  0.238  -112   160  0.03294  0.20118  -3  155
145  457  0008  0.285  0.238   -95   160  0.03294  0.20118  -3  152
145  460  0009  0.273  0.238    46   160  0.03294  0.20118  -4  154
145  513  0010  0.276  0.239   152   157  0.04494  0.20118  -4  156
145  459  0011  0.294  0.238  -137   160  0.03294  0.20118  -3  158
145  460  0012  0.277  0.238    50   160  0.03294  0.20118  -4  155
145  461  0013  0.268  0.238     6   160  0.03294  0.20118  -2  154
145  453  0014  0.269  0.238   126   160  0.03294  0.20118  -3  157
145  518  0015  0.261  0.256  -162  -167  -0.10506  0.18918  -4  160
145  461  0016  0.291  0.238   -92   160  0.03294  0.20118  -4  153
145  460  0017  0.290  0.238    15   160  0.03294  0.20118  -2  155
145  463  0018  0.269  0.238   111   160  0.03294  0.20118  -3  155
145  464  0019  0.292  0.238  -132   160  0.03294  0.20118  -4  156
145  460  0020  0.272  0.238   -71   160  0.03294  0.20118  -4  155
145  459  0021  0.268  0.238    30   160  0.03294  0.20118  -3  152
145  457  0022  0.282  0.238  -110   160  0.03294  0.20118  -4  155
145  458  0023  0.263  0.238  -120   160  0.03294  0.20118  -4  156
145  457  0024  0.266  0.238  -133   160  0.03294  0.20118  -4  157
145  543  0025  0.262  0.245   169   164  0.01494  0.20718  -5  159
145  463  0026  0.284  0.238   109   160  0.03294  0.20118  -3  153
145  461  0027  0.296  0.238    56   160  0.03294  0.20118  -4  157
145  458  0028  0.294  0.238    19   160  0.03294  0.20118  -2  155
145  465  0029  0.291  0.238   -29   160  0.03294  0.20118  -3  155
145  531  0030  0.260  0.256  -163  -167  -0.10506  0.18918  -4  160
145  481  0031  0.286  0.255  -179  -171  -0.08706  0.19518  -4  158
145  451  0032  0.266  0.238   -90   160  0.03294  0.20118  -3  152
145  460  0033  0.294  0.238     0   160  0.03294  0.20118  -3  156
145  456  0034  0.276  0.238   -26   160  0.03294  0.20118  -3  154
145  459  0035  0.285  0.238    42   160  0.03294  0.20118  -3  154
145  459  0036  0.294  0.238    68   160  0.03294  0.20118  -3  156
145  462  0037  0.288  0.238   -73   160  0.03294  0.20118  -4  156
145  466  0038  0.288  0.238   111   160  0.03294  0.20118  -3  153
145  458  0039  0.295  0.238  -114   160  0.03294  0.20118  -4  155
145  454  0040  0.272  0.238    96   160  0.03294  0.20118  -3  155
145  461  0041  0.276  0.238  -128   160  0.03294  0.20118  -4  156
145  456  0042  0.260  0.238  -150   160  0.03294  0.20118  -2  161
145  458  0043  0.266  0.238   -32   160  0.03294  0.20118  -3  152
145  461  0044  0.270  0.238  -153   160  0.03294  0.20118  -2  161
145  460  0045  0.275  0.238   -46   160  0.03294  0.20118  -4  152
145  461  0046  0.284  0.238   -64   160  0.03294  0.20118  -4  155
145  461  0047  0.288  0.238   -15   160  0.03294  0.20118  -3  155
145  454  0048  0.264  0.238    80   160  0.03294  0.20118  -3  155
145  460  0049  0.282  0.238  -150   160  0.03294  0.20118  -2  161
182  456  0000  0.277  0.238   125   160  0.03294  0.20118  -3  157
182  458  0001  0.283  0.238    -5   160  0.03294  0.20118  -3  156
182  460  0002  0.272  0.238    25   160  0.03294  0.20118  -2  153
182  530  0003  0.287  0.245   162   161  0.02694  0.20718  -5  156
182  459  0004  0.274  0.238     4   160  0.03294  0.20118  -2  155
182  460  0005  0.294  0.238    29   160  0.03294  0.20118  -2  154
182  457  0006  0.273  0.238   -13   160  0.03294  0.20118  -3  154
182  563  0007  0.281  0.260  -169  -169  -0.09906  0.19518  -4  159
182  458  0008  0.293  0.238    16   160  0.03294  0.20118  -2  155
182  536  0009  0.288  0.266  -165  -166  -0.11106  0.19518  -4  160
182  589  0010  0.261  0.257  -170  -170  -0.09306  0.19518  -5  160
182  528  0011  0.285  0.266  -163  -166  -0.11106  0.19518  -4  160
182  460  0012  0.295  0.238    58   160  0.03294  0.20118  -4  158
182  451  0013  0.274  0.238  -102   160  0.03294  0.20118  -3  154
182  457  0014  0.279  0.238   117   160  0.03294  0.20118  -4  155
182  461  0015  0.279  0.238   107   160  0.03294  0.20118  -4  153
182  456  0016  0.272  0.238    71   160  0.03294  0.20118  -4  156
182  454  0017  0.268  0.238    43   160  0.03294  0.20118  -4  153
182  461  0018  0.271  0.238    17   160  0.03294  0.20118  -2  153
182  462  0019  0.286  0.238   -80   160  0.03294  0.20118  -3  156
182  457  0020  0.290  0.238  -145   160  0.03294  0.20118  -3  161
182  453  0021  0.262  0.238   114   160  0.03294  0.20118  -3  156
182  454  0022  0.271  0.238  -116   160  0.03294  0.20118  -4  156
182  450  0023  0.268  0.238   -14   160  0.03294  0.20118  -3  153
182  510  0024  0.265  0.246   175   167  0.00294  0.20718  -4  162
182  456  0025  0.288  0.238    88   160  0.03294  0.20118  -4  156
182  451  0026  0.275  0.238   -95   160  0.03294  0.20118  -4  152
182  457  0027  0.288  0.238   138   160  0.03294  0.20118  -3  157
182  460  0028  0.283  0.238   -20   160  0.03294  0.20118  -3  155
182  457  0029  0.278  0.238   -12   160  0.03294  0.20118  -3  155
182  459  0030  0.295  0.238   -60   160  0.03294  0.20118  -3  155
182  452  0031  0.266  0.238  -154   160  0.03294  0.20118  -2  164
182  460  0032  0.289  0.238    67   160  0.03294  0.20118  -3  156
182  463  0033  0.294  0.238  -140   160  0.03294  0.20118  -3  160
182  515  0034  0.277  0.240   150   155  0.05094  0.20118  -4  156
182  510  0035  0.260  0.259  -159  -166  -0.11106  0.18918  -3  162
182  456  0036  0.271  0.238  -152   160  0.03294  0.20118  -2  164
182  454  0037  0.280  0.238  -107   160  0.03294  0.20118  -3  155
182  460  0038  0.262  0.238    54   160  0.03294  0.20118  -4  157
182  459  0039  0.272  0.238     5   160  0.03294  0.20118  -2  154
182  454  0040  0.263  0.238  -135   160  0.03294  0.20118  -4  159
182  457  0041  0.266  0.238   110   160  0.03294  0.20118  -4  155
182  457  0042  0.277  0.238     0   160  0.03294  0.20118  -2  155
182  456  0043  0.273  0.238  -114   160  0.03294  0.20118  -4  156
182  450  0044  0.261  0.238   -42   160  0.03294  0.20118  -3  150
182  452  0045  0.267  0.238  -101   160  0.03294  0.20118  -4  154
182  481  0046  0.288  0.239   148   157  0.04494  0.20118  -3  156
182  532  0047  0.275  0.252  -178  -172  -0.08106  0.19518  -5  160
182  559  0048  0.276  0.245   162   161  0.02694  0.20718  -5  157
182  479  0049  0.276  0.263  -158  -165  -0.11706  0.18918  -4  162
218  456  0000  0.267  0.238   -31   160  0.03294  0.20118  -3  152
218  524  0001  0.274  0.235   149   152  0.06294  0.19518  -4  159
218  462  0002  0.296  0.238   119   160  0.03294  0.20118  -3  154
218  466  0003  0.292  0.238   -28   160  0.03294  0.20118  -3  157
218  464  0004  0.288  0.238   -17   160  0.03294  0.20118  -3  156
218  454  0005  0.266  0.238    82   160  0.03294  0.20118  -4  157
218  453  0006  0.269  0.238    45   160  0.03294  0.20118  -4  154
218  462  0007  0.290  0.238   120   160  0.03294  0.20118  -3  155
218  531  0008  0.276  0.241   150   154  0.05694  0.20118  -4  157
218  453  0009  0.286  0.238   -93   160  0.03294  0.20118  -4  152
218  467  0010  0.285  0.238   130   160  0.03294  0.20118  -3  158
218  517  0011  0.295  0.245   163   161  0.02694  0.20718  -5  156
218  574  0012  0.273  0.252  -176  -172  -0.08106  0.19518  -5  161
218  456  0013  0.269  0.238    30   160  0.03294  0.20118  -2  152
218  450  0014  0.278  0.238   -96   160  0.03294  0.20118  -4  152
218  466  0015  0.295  0.238   128   160  0.03294  0.20118  -3  157
218  457  0016  0.276  0.238    -6   160  0.03294  0.20118  -3  156
218  451  0017  0.281  0.238   -95   160  0.03294  0.20118  -4  152
218  448  0018  0.274  0.238   -84   160  0.03294  0.20118  -4  154
218  458  0019  0.295  0.238   -52   160  0.03294  0.20118  -4  154
218  455  0020  0.260  0.238    81   160  0.03294  0.20118  -3  157
218  464  0021  0.293  0.238  -140   160  0.03294  0.20118  -3  161
218  461  0022  0.292  0.238   -51   160  0.03294  0.20118  -4  154
218  454  0023  0.292  0.238   -93   160  0.03294  0.20118  -3  153
218  448  0024  0.275  0.238    80   160  0.03294  0.20118  -4  157
218  537  0025  0.284  0.239   155   157  0.04494  0.20118  -5  156
218  541  0026  0.288  0.269  -162  -165  -0.11706  0.19518  -4  161
218  456  0027  0.283  0.238   -84   160  0.03294  0.20118  -4  154
218  604  0028  0.267  0.255  -174  -171  -0.08706  0.19518  -5  161
218  457  0029  0.264  0.238     1   160  0.03294  0.20118  -2  154
218  456  0030  0.266  0.238   -29   160  0.03294  0.20118  -3  152
218  451  0031  0.269  0.238   123   160  0.03294  0.20118  -3  158
218  457  0032  0.260  0.238    25   160  0.03294  0.20118  -1  151
218  540  0033  0.259  0.236   145   151  0.06894  0.19518  -4  160
218  459  0034  0.280  0.238     2   160  0.03294  0.20118  -2  156
218  462  0035  0.295  0.238  -135   160  0.03294  0.20118  -4  159
218  460  0036  0.290  0.238    27   160  0.03294  0.20118  -2  154
218  458  0037  0.294  0.238   142   160  0.03294  0.20118  -3  157
218  454  0038  0.270  0.238  -149   160  0.03294  0.20118  -2  165
218  536  0039  0.277  0.245   171   166  0.00894  0.20718  -5  160
218  456  0040  0.270  0.238  -148   160  0.03294  0.20118  -2  165
218  453  0041  0.273  0.238   -41   160  0.03294  0.20118  -3  152
218  600  0042  0.271  0.257  -173  -170  -0.09306  0.19518  -5  161
218  453  0043  0.264  0.238   102   160  0.03294  0.20118  -4  156
218  458  0044  0.269  0.238    11   160  0.03294  0.20118  -2  153
218  444  0045  0.266  0.238   -85   160  0.03294  0.20118  -3  153
218  612  0046  0.260  0.255  -174  -171  -0.08706  0.19518  -5  161
218  463  0047  0.291  0.238  -130   160  0.03294  0.20118  -4  158
218  453  0048  0.268  0.238   -34   160  0.03294  0.20118  -3  152
218  457  0049  0.289  0.238  -108   161  0.02694  0.20118  -3  156
255  460  0000  0.287  0.238     4   160  0.03294  0.20118  -2  158
255  464  0001  0.294  0.238    39   160  0.03294  0.20118  -3  154
255  458  0002  0.276  0.238    30   160  0.03294  0.20118  -2  153
255  459  0003  0.288  0.238   120   160  0.03294  0.20118  -3  156
255  564  0004  0.286  0.245   160   160  0.03294  0.20718  -5  157
255  458  0005  0.273  0.238   107   160  0.03294  0.20118  -4  155
255  538  0006  0.291  0.252   165   163  0.02094  0.21318  -6  158
255  462  0007  0.291  0.238    36   160  0.03294  0.20118  -3  154
255  452  0008  0.280  0.238  -105   160  0.03294  0.20118  -3  156
255  548  0009  0.282  0.240   153   155  0.05094  0.20118  -5  157
255  452  0010  0.260  0.238   100   160  0.03294  0.20118  -4  158
255  551  0011  0.289  0.245   163   161  0.02694  0.20718  -6  158
255  445  0012  0.261  0.238   -93   160  0.03294  0.20118  -3  152
255  458  0013  0.289  0.238  -111   160  0.03294  0.20118  -4  157
255  555  0014  0.288  0.245   159   160  0.03294  0.20718  -5  157
255  460  0015  0.295  0.238    41   160  0.03294  0.20118  -3  154
255  447  0016  0.261  0.238   -81   160  0.03294  0.20118  -3  154
255  452  0017  0.267  0.238   -39   160  0.03294  0.20118  -2  151
255  581  0018  0.289  0.269  -164  -165  -0.11706  0.19518  -4  162
255  452  0019  0.296  0.238    80   160  0.03294  0.20118  -3  158
255  508  0020  0.270  0.266  -157  -163  -0.12306  0.18918  -3  165
255  469  0021  0.296  0.245   175   164  0.01494  0.20718  -4  161
255  622  0022  0.268  0.266  -164  -166  -0.11106  0.19518  -4  164
255  460  0023  0.270  0.238    65   160  0.03294  0.20118  -4  158
255  530  0024  0.266  0.245   177  -176  -0.06306  0.19518  -4  165
255  459  0025  0.278  0.238    69   160  0.03294  0.20118  -3  158
255  578  0026  0.273  0.240   152   155  0.05094  0.20118  -5  159
255  461  0027  0.291  0.238    52   160  0.03294  0.20118  -4  159
255  460  0028  0.286  0.238   117   160  0.03294  0.20118  -3  155
255  532  0029  0.287  0.239   153   157  0.04494  0.20118  -4  156
255  451  0030  0.261  0.238    87   160  0.03294  0.20118  -3  159
255  448  0031  0.265  0.238   -44   160  0.03294  0.20118  -4  150
255  458  0032  0.283  0.238    23   160  0.03294  0.20118  -1  155
255  637  0033  0.263  0.263  -165  -167  -0.10506  0.19518  -4  163
255  456  0034  0.274  0.238    51   160  0.03294  0.20118  -4  158
255  657  0035  0.264  0.257  -171  -170  -0.09306  0.19518  -5  163
255  459  0036  0.288  0.238   137   160  0.03294  0.20118  -3  159
255  536  0037  0.275  0.250   179  -174  -0.07506  0.19518  -4  163
255  459  0038  0.292  0.238    55   160  0.03294  0.20118  -4  160
255  453  0039  0.267  0.238    90   160  0.03294  0.20118  -3  158
255  449  0040  0.278  0.238   -92   160  0.03294  0.20118  -4  152
255  446  0041  0.262  0.238   -98   160  0.03294  0.20118  -4  153
255  458  0042  0.275  0.238  -145   160  0.03294  0.20118  -2  166
255  455  0043  0.293  0.238    86   160  0.03294  0.20118  -4  157
255  453  0044  0.267  0.238     4   160  0.03294  0.20118  -2  155
255  470  0045  0.281  0.281  -151  -150  -0.18306  0.16518  -3  166
255  456  0046  0.278  0.238    58   160  0.03294  0.20118  -4  160
255  456  0047  0.275  0.238  -134   160  0.03294  0.20118  -4  161
255  458  0048  0.277  0.238    69   160  0.03294  0.20118  -3  158
255  455  0049  0.261  0.238   -65   160  0.03294  0.20118  -4  154
291  459  0000  0.284  0.238  -139   160  0.03294  0.20118  -3  164
291  456  0001  0.274  0.238   108   160  0.03294  0.20118  -4  156
291  449  0002  0.285  0.238    84   160  0.03294  0.20118  -3  159
291  455  0003  0.276  0.238   -40   160  0.03294  0.20118  -3  153
291  463  0004  0.289  0.238   -34   160  0.03294  0.20118  -3  157
291  454  0005  0.269  0.238    25   160  0.03294  0.20118  -1  153
291  451  0006  0.277  0.238    93   160  0.03294  0.20118  -4  158
291  454  0007  0.284  0.238   -53   160  0.03294  0.20118  -4  154
291  459  0008  0.278  0.238  -130   160  0.03294  0.20118  -5  161
291  456  0009  0.280  0.238    66   160  0.03294  0.20118  -4  159
291  448  0010  0.273  0.238    87   160  0.03294  0.20118  -4  159
291  458  0011  0.290  0.238    68   160  0.03294  0.20118  -4  159
291  657  0012  0.280  0.269  -168  -168  -0.10506  0.20118  -5  163
291  458  0013  0.290  0.238    -6   160  0.03294  0.20118  -3  160
291  487  0014  0.268  0.234   139   146  0.08694  0.18918  -3  164
291  458  0015  0.285  0.238  -141   160  0.03294  0.20118  -3  165
291  461  0016  0.289  0.238   106   160  0.03294  0.20118  -4  153
291  453  0017  0.282  0.238   -50   160  0.03294  0.20118  -4  153
291  450  0018  0.273  0.238   -50   160  0.03294  0.20118  -4  152
291  449  0019  0.264  0.238   130   160  0.03294  0.20118  -3  164
291  451  0020  0.261  0.238   -59   160  0.03294  0.20118  -4  153
291  452  0021  0.271  0.238    11   160  0.03294  0.20118  -1  154
291  459  0022  0.292  0.238  -134   160  0.03294  0.20118  -4  162
291  534  0023  0.269  0.266  -157  -160  -0.13506  0.18318  -3  167
291  448  0024  0.280  0.238   -93   160  0.03294  0.20118  -4  153
291  456  0025  0.281  0.238   -75   160  0.03294  0.20118  -4  158
291  457  0026  0.290  0.238   -91   160  0.03294  0.20118  -4  154
291  455  0027  0.278  0.238  -138   160  0.03294  0.20118  -4  164
291  448  0028  0.272  0.238    87   160  0.03294  0.20118  -4  159
291  525  0029  0.275  0.248   177  -175  -0.06906  0.19518  -4  166
291  671  0030  0.270  0.257  -172  -170  -0.09306  0.19518  -5  164
291  449  0031  0.267  0.238    -6   160  0.03294  0.20118  -2  156
291  459  0032  0.286  0.238   107   160  0.03294  0.20118  -4  154
291  455  0033  0.290  0.238  -100   160  0.03294  0.20118  -4  154
291  449  0034  0.272  0.238   -14   160  0.03294  0.20118  -3  156
291  454  0035  0.262  0.238    16   160  0.03294  0.20118  -1  152
291  498  0036  0.286  0.280  -149  -148  -0.18906  0.15918  -4  166
291  459  0037  0.293  0.238    79   160  0.03294  0.20118  -4  159
291  616  0038  0.279  0.245   160   160  0.03294  0.20718  -6  159
291  455  0039  0.280  0.238  -139   160  0.03294  0.20118  -3  165
291  448  0040  0.264  0.238  -132   160  0.03294  0.20118  -4  162
291  451  0041  0.267  0.238    87   160  0.03294  0.20118  -3  160
291  447  0042  0.272  0.238    97   160  0.03294  0.20118  -4  158
291  459  0043  0.285  0.238   -31   160  0.03294  0.20118  -3  157
291  465  0044  0.293  0.238   -24   160  0.03294  0.20118  -3  159
291  453  0045  0.292  0.238  -110   160  0.03294  0.20118  -4  158
291  461  0046  0.285  0.238   -21   160  0.03294  0.20118  -3  157
291  472  0047  0.288  0.235   144   152  0.06294  0.19518  -3  159
291  454  0048  0.275  0.238  -139   160  0.03294  0.20118  -4  165
291  447  0049  0.264  0.238   124   160  0.03294  0.20118  -4  161
327  451  0000  0.267  0.238   -60   160  0.03294  0.20118  -4  155
327  453  0001  0.263  0.238    69   160  0.03294  0.20118  -4  159
327  540  0002  0.270  0.274  -154  -154  -0.16506  0.17118  -3  169
327  461  0003  0.286  0.238   -14   160  0.03294  0.20118  -3  159
327  455  0004  0.265  0.238    57   160  0.03294  0.20118  -5  162
327  456  0005  0.283  0.238   -79   160  0.03294  0.20118  -4  159
327  454  0006  0.275  0.238   -61   160  0.03294  0.20118  -4  156
327  626  0007  0.280  0.252   166   164  0.01494  0.21318  -6  162
327  464  0008  0.292  0.238   -16   160  0.03294  0.20118  -3  160
327  446  0009  0.269  0.238   -49   160  0.03294  0.20118  -4  151
327  464  0010  0.291  0.238   -47   160  0.03294  0.20118  -3  155
327  455  0011  0.268  0.238   112   160  0.03294  0.20118  -4  158
327  459  0012  0.284  0.238    13   160  0.03294  0.20118  -1  157
327  451  0013  0.271  0.238    -1   160  0.03294  0.20118  -2  158
327  446  0014  0.262  0.238  -102   161  0.02694  0.20118  -4  156
327  459  0015  0.288  0.238    -5   160  0.03294  0.20118  -2  161
327  545  0016  0.282  0.242   149   153  0.06294  0.20118  -4  159
327  456  0017  0.290  0.238   -78   160  0.03294  0.20118  -4  160
327  455  0018  0.278  0.238  -127   160  0.03294  0.20118  -4  161
327  452  0019  0.273  0.238     0   160  0.03294  0.20118  -1  158
327  445  0020  0.266  0.238   -51   160  0.03294  0.20118  -4  151
327  447  0021  0.265  0.238   124   160  0.03294  0.20118  -4  163
327  465  0022  0.296  0.238   135   160  0.03294  0.20118  -2  161
327  447  0023  0.270  0.238   -52   160  0.03294  0.20118  -4  152
327  558  0024  0.269  0.247   177   178  -0.04506  0.20118  -5  168
327  452  0025  0.288  0.238    98   160  0.03294  0.20118  -4  156
327  626  0026  0.278  0.246   157   159  0.03894  0.20718  -6  160
327  454  0027  0.259  0.238    24   160  0.03294  0.20118  -0  151
327  446  0028  0.266  0.238   -46   160  0.03294  0.20118  -4  150
327  446  0029  0.275  0.238   -18   160  0.03294  0.20118  -3  156
327  458  0030  0.295  0.238    58   160  0.03294  0.20118  -4  163
327  449  0031  0.279  0.238   -87   160  0.03294  0.20118  -4  154
327  451  0032  0.272  0.238  -138   160  0.03294  0.20118  -4  166
327  447  0033  0.283  0.238    91   160  0.03294  0.20118  -4  159
327  456  0034  0.282  0.238    16   160  0.03294  0.20118  -0  157
327  457  0035  0.279  0.238   -33   160  0.03294  0.20118  -2  156
327  550  0036  0.288  0.273  -158  -161  -0.13506  0.18918  -3  167
327  585  0037  0.289  0.252   162   162  0.02694  0.21318  -6  158
327  451  0038  0.259  0.238    67   160  0.03294  0.20118  -4  159
327  453  0039  0.259  0.238     0   160  0.03294  0.20118  -2  156
327  456  0040  0.286  0.238   -43   160  0.03294  0.20118  -3  155
327  447  0041  0.270  0.238   -25   160  0.03294  0.20118  -3  153
327  456  0042  0.294  0.238    78   160  0.03294  0.20118  -3  160
327  448  0043  0.259  0.238  -112   160  0.03294  0.20118  -4  161
327  462  0044  0.290  0.238   -11   160  0.03294  0.20118  -3  160
327  459  0045  0.292  0.238    -9   160  0.03294  0.20118  -3  161
327  457  0046  0.295  0.238    24   160  0.03294  0.20118  -1  158
327  451  0047  0.282  0.238  -118   160  0.03294  0.20118  -4  160
327  457  0048  0.273  0.238    63   160  0.03294  0.20118  -4  161
327  445  0049  0.265  0.238   -55   160  0.03294  0.20118  -4  152
364  456  0000  0.278  0.238  -127   160  0.03294  0.20118  -5  163
364  460  0001  0.292  0.238   -77   160  0.03294  0.20118  -4  162
364  451  0002  0.286  0.238    82   160  0.03294  0.20118  -4  162
364  462  0003  0.290  0.238   131   160  0.03294  0.20118  -2  163
364  441  0004  0.264  0.238    77   160  0.03294  0.20118  -3  160
364  445  0005  0.263  0.238    71   160  0.03294  0.20118  -4  160
364  461  0006  0.293  0.238    -9   160  0.03294  0.20118  -3  162
364  451  0007  0.269  0.238  -111   161  0.02694  0.20118  -4  162
364  638  0008  0.291  0.272  -162  -164  -0.12306  0.19518  -4  166
364  618  0009  0.293  0.271  -174  -171  -0.09306  0.20718  -6  163
364  551  0010  0.270  0.275  -145  -145  -0.19506  0.14718  -5  168
364  460  0011  0.295  0.238    48   160  0.03294  0.20118  -5  161
364  644  0012  0.264  0.236   148   151  0.06894  0.19518  -5  164
364  455  0013  0.289  0.239   -90   158  0.03894  0.20118  -4  155
364  449  0014  0.262  0.238     6   160  0.03294  0.20118  -1  156
364  447  0015  0.263  0.238  -138   160  0.03294  0.20118  -4  168
364  475  0016  0.281  0.284  -140  -142  -0.21306  0.14118  -4  167
364  456  0017  0.280  0.238    66   160  0.03294  0.20118  -4  162
364  445  0018  0.271  0.238   -78   160  0.03294  0.20118  -4  158
364  466  0019  0.295  0.323    13    13  0.13494  -0.23682  -0  161
364  453  0020  0.282  0.238    74   160  0.03294  0.20118  -3  161
364  446  0021  0.262  0.238   129   160  0.03294  0.20118  -3  167
364  463  0022  0.288  0.238   -27   160  0.03294  0.20118  -3  160
364  448  0023  0.280  0.238   -88   160  0.03294  0.20118  -4  155
364  462  0024  0.294  0.232   127   156  0.04494  0.19518  -2  161
364  445  0025  0.272  0.238    75   160  0.03294  0.20118  -4  161
364  515  0026  0.296  0.253   172   167  0.00294  0.21318  -5  163
364  454  0027  0.279  0.238   -22   160  0.03294  0.20118  -3  157
364  446  0028  0.273  0.238    92   160  0.03294  0.20118  -4  161
364  461  0029  0.291  0.238   122   160  0.03294  0.20118  -3  159
364  460  0030  0.290  0.238    52   160  0.03294  0.20118  -4  163
364  692  0031  0.265  0.240   154   155  0.05094  0.20118  -6  164
364  628  0032  0.273  0.242   151   153  0.06294  0.20118  -5  163
364  705  0033  0.280  0.269  -165  -165  -0.11706  0.19518  -5  167
364  457  0034  0.281  0.238   -40   160  0.03294  0.20118  -3  155
364  587  0035  0.292  0.279  -159  -162  -0.13506  0.19518  -3  167
364  615  0036  0.274  0.242   150   153  0.06294  0.20118  -5  162
364  447  0037  0.268  0.238   -28   160  0.03294  0.20118  -2  154
364  440  0038  0.266  0.238   -83   160  0.03294  0.20118  -4  155
364  453  0039  0.291  0.238  -118   160  0.03294  0.20118  -4  160
364  456  0040  0.278  0.238   114   160  0.03294  0.20118  -4  158
364  443  0041  0.263  0.239    91   158  0.03894  0.20118  -3  162
364  653  0042  0.277  0.246   157   157  0.04494  0.20718  -6  161
364  456  0043  0.281  0.238    44   160  0.03294  0.20118  -4  158
364  461  0044  0.292  0.238    52   160  0.03294  0.20118  -4  163
364  627  0045  0.262  0.238   146   149  0.07494  0.19518  -5  165
364  459  0046  0.288  0.238   -16   160  0.03294  0.20118  -3  161
364  454  0047  0.265  0.238     9   160  0.03294  0.20118  -0  155
364  444  0048  0.263  0.238   -27   160  0.03294  0.20118  -2  152
364  448  0049  0.282  0.238    78   160  0.03294  0.20118  -4  161
400  446  0000  0.280  0.238   101   160  0.03294  0.20118  -4  159
400  459  0001  0.274  0.286    61    58  0.26694  -0.06282  -6  164
400  758  0002  0.272  0.266  -165  -166  -0.11106  0.19518  -5  169
400  447  0003  0.264  0.238   113   160  0.03294  0.20118  -4  162
400  453  0004  0.291  0.238    78   160  0.03294  0.20118  -4  163
400  758  0005  0.271  0.264  -172  -170  -0.09306  0.20118  -6  168
400  567  0006  0.285  0.242   150   153  0.06294  0.20118  -4  162
400  449  0007  0.272  0.238    -4   160  0.03294  0.20118  -2  161
400  476  0008  0.286  0.292    61    58  0.27294  -0.06282  -5  164
400  457  0009  0.278  0.238   110   160  0.03294  0.20118  -4  158
400  444  0010  0.271  0.238    74   160  0.03294  0.20118  -4  162
400  640  0011  0.286  0.259   163   163  0.02094  0.21918  -7  162
400  458  0012  0.291  0.238   -52   160  0.03294  0.20118  -4  157
400  451  0013  0.287  0.238  -103   160  0.03294  0.20118  -4  158
400  454  0014  0.269  0.238    23   160  0.03294  0.20118  1  155
400  453  0015  0.269  0.238    14   160  0.03294  0.20118  0  156
400  654  0016  0.277  0.273  -159  -161  -0.13506  0.18918  -3  170
400  462  0017  0.289  0.238    40   160  0.03294  0.20118  -3  157
400  464  0018  0.294  0.297    51    53  0.26694  -0.08682  -6  164
400  472  0019  0.267  0.271   131   131  0.15894  0.19518  -5  167
400  448  0020  0.267  0.238    13   160  0.03294  0.20118  0  156
400  454  0021  0.278  0.238    -6   160  0.03294  0.20118  -2  162
400  699  0022  0.259  0.247   173   170  -0.00906  0.20718  -7  170
400  445  0023  0.267  0.238  -118   160  0.03294  0.20118  -5  164
400  458  0024  0.286  0.238   -47   160  0.03294  0.20118  -3  156
400  453  0025  0.283  0.238   -55   160  0.03294  0.20118  -4  157
400  446  0026  0.273  0.238  -110   160  0.03294  0.20118  -4  163
400  468  0027  0.276  0.280  -138  -139  -0.21906  0.12918  -5  168
400  453  0028  0.274  0.238    70   160  0.03294  0.20118  -4  162
400  445  0029  0.271  0.238   -52   160  0.03294  0.20118  -4  153
400  462  0030  0.294  0.238  -130   160  0.03294  0.20118  -5  164
400  471  0031  0.278  0.289    52    54  0.26094  -0.08082  -6  164
400  457  0032  0.282  0.238    42   160  0.03294  0.20118  -4  157
400  501  0033  0.290  0.289  -140  -141  -0.21906  0.14118  -5  168
400  456  0034  0.289  0.238    44   160  0.03294  0.20118  -4  159
400  444  0035  0.262  0.238   -35   160  0.03294  0.20118  -2  152
400  452  0036  0.264  0.238    40   160  0.03294  0.20118  -3  155
400  453  0037  0.268  0.238     3   160  0.03294  0.20118  -1  159
400  439  0038  0.263  0.238   -25   160  0.03294  0.20118  -2  153
400  446  0039  0.271  0.238    -7   160  0.03294  0.20118  -2  160
400  696  0040  0.275  0.252   159   160  0.03294  0.21318  -7  162
400  448  0041  0.266  0.238   -33   160  0.03294  0.20118  -2  154
400  450  0042  0.288  0.238   -90   160  0.03294  0.20118  -4  155
400  452  0043  0.267  0.238    63   160  0.03294  0.20118  -4  164
400  447  0044  0.268  0.238   -36   160  0.03294  0.20118  -3  154
400  446  0045  0.270  0.238    88   160  0.03294  0.20118  -4  163
400  464  0046  0.295  0.238   128   160  0.03294  0.20118  -2  163
400  454  0047  0.279  0.238  -128   160  0.03294  0.20118  -5  165
400  460  0048  0.278  0.238    31   160  0.03294  0.20118  -1  155
400  599  0049  0.260  0.265  -147  -147  -0.18306  0.14718  -5  170
436  607  0000  0.286  0.247   154   156  0.05094  0.20718  -6  161
436  473  0001  0.293  0.236   144   151  0.06894  0.19518  -3  163
436  736  0002  0.264  0.266  -161  -163  -0.12306  0.18918  -4  172
436  442  0003  0.261  0.238   113   160  0.03294  0.20118  -4  164
436  453  0004  0.287  0.238   -90   160  0.03294  0.20118  -4  157
436  447  0005  0.270  0.238   -33   160  0.03294  0.20118  -2  156
436  455  0006  0.265  0.238    24   160  0.03294  0.20118  0  155
436  447  0007  0.276  0.238  -119   160  0.03294  0.20118  -5  165
436  703  0008  0.280  0.259   163   163  0.02094  0.21918  -8  164
436  450  0009  0.261  0.238    64   160  0.03294  0.20118  -4  164
436  629  0010  0.290  0.290  -149  -148  -0.19506  0.16518  -4  170
436  451  0011  0.272  0.238     8   160  0.03294  0.20118  0  160
436  481  0012  0.277  0.290    -1    -1  0.05094  -0.23682  -3  162
436  442  0013  0.276  0.238   -90   160  0.03294  0.20118  -4  155
436  453  0014  0.272  0.238   -65   160  0.03294  0.20118  -4  161
436  478  0015  0.282  0.276   137   135  0.14694  0.20718  -4  167
436  445  0016  0.271  0.238  -117   160  0.03294  0.20118  -5  165
436  554  0017  0.267  0.238   139   143  0.09894  0.18918  -4  169
436  495  0018  0.284  0.292    51    52  0.26094  -0.08682  -6  164
436  436  0019  0.268  0.238   -16   160  0.03294  0.20118  -2  157
436  450  0020  0.271  0.238    17   160  0.03294  0.20118  1  157
436  456  0021  0.277  0.296   -79   -77  -0.26706  -0.12282  -5  161
436  455  0022  0.282  0.238   -13   160  0.03294  0.20118  -3  162
436  535  0023  0.282  0.284  -140  -142  -0.21306  0.14118  -5  170
436  648  0024  0.263  0.271  -151  -150  -0.17706  0.15918  -4  172
436  448  0025  0.267  0.238    70   160  0.03294  0.20118  -4  163
436  785  0026  0.263  0.246   159   159  0.03894  0.20718  -8  167
436  458  0027  0.283  0.294    75    75  0.29094  0.00918  -4  164
436  451  0028  0.280  0.238  -107   161  0.02694  0.20118  -4  162
436  456  0029  0.280  0.317    18    18  0.15894  -0.21882  0  159
436  448  0030  0.270  0.238   -43   160  0.03294  0.20118  -3  153
436  436  0031  0.264  0.238   -13   160  0.03294  0.20118  -2  157
436  498  0032  0.290  0.299     0     0  0.05694  -0.24282  -4  164
436  537  0033  0.289  0.262   176   171  -0.01506  0.21918  -5  168
436  447  0034  0.278  0.238    75   160  0.03294  0.20118  -4  164
436  457  0035  0.295  0.238    97   161  0.02694  0.20118  -5  158
436  450  0036  0.278  0.238   -53   160  0.03294  0.20118  -4  156
436  442  0037  0.277  0.238   -86   160  0.03294  0.20118  -4  157
436  434  0038  0.266  0.238   -97   160  0.03294  0.20118  -4  156
436  447  0039  0.268  0.238   -30   160  0.03294  0.20118  -2  155
436  450  0040  0.260  0.238   111   160  0.03294  0.20118  -4  164
436  548  0041  0.284  0.257   177   174  -0.02706  0.21318  -6  170
436  447  0042  0.272  0.238   -35   160  0.03294  0.20118  -2  156
436  510  0043  0.275  0.283    53    53  0.25494  -0.08082  -7  164
436  630  0044  0.286  0.285  -147  -147  -0.19506  0.15918  -5  170
436  444  0045  0.265  0.238   -56   160  0.03294  0.20118  -4  155
436  535  0046  0.287  0.257   177   174  -0.02706  0.21318  -5  170
436  444  0047  0.267  0.238    73   160  0.03294  0.20118  -4  163
436  616  0048  0.276  0.280  -145  -146  -0.19506  0.15318  -5  171
436  456  0049  0.289  0.238   -53   160  0.03294  0.20118  -4  158
473  448  0000  0.293  0.238   -95   160  0.03294  0.20118  -4  157
473  436  0001  0.259  0.238    73   161  0.02694  0.20118  -4  164
473  473  0002  0.262  0.267  -131  -130  -0.23106  0.09318  -7  169
473  449  0003  0.276  0.238    67   160  0.03294  0.20118  -4  167
473  756  0004  0.288  0.278  -163  -165  -0.12306  0.20118  -5  171
473  447  0005  0.275  0.238   -14   160  0.03294  0.20118  -2  161
473  702  0006  0.280  0.253   157   157  0.04494  0.21318  -8  164
473  486  0007  0.283  0.304   -70   -71  -0.26106  -0.14682  -6  164
473  461  0008  0.276  0.283    48    50  0.24894  -0.09282  -6  164
473  454  0009  0.263  0.238    26   160  0.03294  0.20118  0  155
473  444  0010  0.279  0.238    95   160  0.03294  0.20118  -5  163
473  515  0011  0.284  0.295    -4    -2  0.04494  -0.24282  -4  164
473  449  0012  0.277  0.238  -120   160  0.03294  0.20118  -5  166
473  720  0013  0.274  0.273  -159  -161  -0.13506  0.18918  -4  174
473  443  0014  0.275  0.238   -12   160  0.03294  0.20118  -2  162
473  454  0015  0.293  0.238    90   161  0.02694  0.20118  -5  163
473  459  0016  0.274  0.286    65    62  0.27294  -0.04482  -5  166
473  446  0017  0.282  0.238   -92   160  0.03294  0.20118  -4  156
473  532  0018  0.289  0.310   -23   -22  -0.05706  -0.26082  -5  162
473  453  0019  0.290  0.238    93   161  0.02694  0.20118  -5  162
473  453  0020  0.280  0.238   -58   160  0.03294  0.20118  -4  160
473  523  0021  0.296  0.303    -4    -3  0.04494  -0.24882  -5  165
473  443  0022  0.270  0.238  -113   160  0.03294  0.20118  -4  167
473  447  0023  0.260  0.238    40   160  0.03294  0.20118  -3  156
473  443  0024  0.274  0.238    93   160  0.03294  0.20118  -4  165
473  455  0025  0.289  0.238    45   160  0.03294  0.20118  -4  162
473  517  0026  0.285  0.279   136   134  0.15294  0.20718  -4  168
473  465  0027  0.278  0.316    16    16  0.14694  -0.22482  0  159
473  452  0028  0.275  0.238   114   160  0.03294  0.20118  -4  163
473  429  0029  0.262  0.238   -16   160  0.03294  0.20118  -2  156
473  452  0030  0.271  0.238   -65   160  0.03294  0.20118  -4  162
473  552  0031  0.292  0.316   -17   -17  -0.03306  -0.26682  -4  163
473  446  0032  0.273  0.238   104   160  0.03294  0.20118  -4  162
473  487  0033  0.294  0.300    82    80  0.29694  0.03318  -5  165
473  449  0034  0.268  0.238    18   160  0.03294  0.20118  2  157
473  507  0035  0.276  0.287    -4    -3  0.03894  -0.23682  -3  163
473  505  0036  0.272  0.281    -2    -2  0.04494  -0.23082  -3  162
473  460  0037  0.296  0.238   -54   160  0.03294  0.20118  -3  160
473  444  0038  0.277  0.238  -106   161  0.02694  0.20118  -4  163
473  627  0039  0.293  0.259   162   162  0.02694  0.21918  -8  162
473  446  0040  0.271  0.238   -44   160  0.03294  0.20118  -3  154
473  448  0041  0.276  0.238  -122   160  0.03294  0.20118  -5  167
473  477  0042  0.266  0.282    63    61  0.26694  -0.05082  -7  165
473  528  0043  0.288  0.306   -72   -73  -0.26706  -0.14082  -6  164
473  458  0044  0.273  0.291   -70   -71  -0.24906  -0.14082  -6  163
473  454  0045  0.274  0.238    29   160  0.03294  0.20118  -0  157
473  476  0046  0.264  0.268   123   124  0.18294  0.17718  -6  168
473  431  0047  0.260  0.238   -24   160  0.03294  0.20118  -2  154
473  449  0048  0.266  0.245  -116  -114  -0.23706  0.02718  -6  166
473  520  0049  0.271  0.272   127   128  0.17094  0.18918  -5  168
509  445  0000  0.262  0.238    20   160  0.03294  0.20118  2  156
509  540  0001  0.270  0.280    51    51  0.24894  -0.08682  -8  165
509  442  0002  0.274  0.238   -11   160  0.03294  0.20118  -2  164
509  527  0003  0.284  0.294    64    61  0.27894  -0.05082  -6  167
509  587  0004  0.288  0.294    53    54  0.26694  -0.08082  -8  166
509  513  0005  0.283  0.305   -26   -26  -0.07506  -0.25482  -5  161
509  438  0006  0.263  0.238   -44   160  0.03294  0.20118  -3  152
509  480  0007  0.261  0.261   115   115  0.20694  0.14718  -7  166
509  479  0008  0.278  0.276   121   122  0.19494  0.17718  -5  166
509  545  0009  0.286  0.316   -18   -18  -0.03906  -0.26682  -4  163
509  736  0010  0.276  0.254   155   156  0.05094  0.21318  -8  165
509  577  0011  0.291  0.317    18    18  0.15894  -0.21882  -0  161
509  448  0012  0.290  0.238   -91   160  0.03294  0.20118  -5  159
509  468  0013  0.279  0.280  -124  -125  -0.25506  0.07518  -7  168
509  817  0014  0.259  0.263  -162  -165  -0.11706  0.18918  -5  175
509  591  0015  0.278  0.247   144   147  0.08694  0.20118  -5  168
509  442  0016  0.276  0.238  -110   160  0.03294  0.20118  -4  167
509  739  0017  0.295  0.282  -162  -164  -0.12906  0.20118  -4  171
509  481  0018  0.260  0.278     2     0  0.05694  -0.22482  -1  161
509  480  0019  0.269  0.270   117   117  0.20694  0.15918  -6  166
509  579  0020  0.268  0.280    55    54  0.25494  -0.07482  -8  166
509  473  0021  0.274  0.291   -69   -71  -0.24906  -0.14082  -6  165
509  430  0022  0.264  0.238   -86   160  0.03294  0.20118  -4  158
509  686  0023  0.285  0.263  -178  -175  -0.07506  0.20718  -6  171
509  466  0024  0.278  0.300   -39   -37  -0.12906  -0.23682  -4  158
509  835  0025  0.265  0.252   167   166  0.00894  0.21318  -9  171
509  762  0026  0.263  0.255   174   171  -0.01506  0.21318  -8  175
509  708  0027  0.283  0.281  -151  -150  -0.18306  0.16518  -4  174
509  455  0028  0.289  0.238  -124   160  0.03294  0.20118  -5  167
509  523  0029  0.285  0.311     9     9  0.11094  -0.23682  -1  163
509  532  0030  0.288  0.294    75    75  0.29094  0.00918  -5  165
509  447  0031  0.281  0.238   100   160  0.03294  0.20118  -4  162
509  690  0032  0.277  0.249   152   153  0.06294  0.20718  -7  165
509  458  0033  0.275  0.238    35   160  0.03294  0.20118  -2  157
509  463  0034  0.292  0.238    36   160  0.03294  0.20118  -2  160
509  630  0035  0.281  0.263   176   172  -0.02106  0.21918  -6  173
509  482  0036  0.294  0.288   124   126  0.18894  0.19518  -3  165
509  451  0037  0.291  0.238  -111   161  0.02694  0.20118  -4  166
509  679  0038  0.279  0.262   174   171  -0.01506  0.21918  -7  172
509  709  0039  0.261  0.268  -153  -153  -0.16506  0.16518  -4  176
509  644  0040  0.291  0.267   171   168  -0.00306  0.22518  -7  168
509  491  0041  0.278  0.299   -33   -32  -0.10506  -0.24282  -4  159
509  514  0042  0.272  0.292   -73   -73  -0.25506  -0.13482  -6  163
509  447  0043  0.265  0.238    66   160  0.03294  0.20118  -5  167
509  597  0044  0.292  0.276   174   171  -0.01506  0.23118  -6  170
509  477  0045  0.277  0.301   -29   -28  -0.08706  -0.24882  -4  159
509  453  0046  0.288  0.238  -122   160  0.03294  0.20118  -5  167
509  430  0047  0.263  0.238   -24   160  0.03294  0.20118  -2  156
509  787  0048  0.275  0.259   164   163  0.02094  0.21918  -9  168
509  540  0049  0.290  0.310   -31   -30  -0.09906  -0.25482  -4  163
73  451  0000  0.267  0.238   128   160  0.03294  0.20118  -3  156
73  461  0001  0.267  0.238  -155   160  0.03294  0.20118  -3  158
73  458  0002  0.261  0.238  -137   160  0.03294  0.20118  -3  156
73  459  0003  0.292  0.238  -118   160  0.03294  0.20118  -4  154
73  463  0004  0.260  0.238   100   160  0.03294  0.20118  -4  155
73  459  0005  0.287  0.238    97   160  0.03294  0.20118  -4  154
73  459  0006  0.294  0.238   -50   160  0.03294  0.20118  -3  154
73  461  0007  0.293  0.238  -101   160  0.03294  0.20118  -3  154
73  460  0008  0.293  0.238  -103   160  0.03294  0.20118  -3  154
73  458  0009  0.262  0.238    82   160  0.03294  0.20118  -3  155
73  464  0010  0.270  0.238    21   160  0.03294  0.20118  -2  153
73  461  0011  0.296  0.238    24   160  0.03294  0.20118  -3  154
73  476  0012  0.265  0.233   147   155  0.05094  0.19518  -3  156
73  462  0013  0.284  0.238   -66   160  0.03294  0.20118  -3  155
73  461  0014  0.275  0.238  -141   160  0.03294  0.20118  -3  156
73  464  0015  0.296  0.238    10   160  0.03294  0.20118  -3  155
73  464  0016  0.279  0.238   -32   160  0.03294  0.20118  -3  154
73  460  0017  0.286  0.238    98   160  0.03294  0.20118  -3  154
73  462  0018  0.282  0.238  -159   160  0.03294  0.20118  -2  158
73  469  0019  0.285  0.238   174   160  0.03294  0.20118  -3  156
73  461  0020  0.291  0.238    81   160  0.03294  0.20118  -3  155
73  462  0021  0.264  0.238    17   160  0.03294  0.20118  -2  153
73  461  0022  0.290  0.238   -71   160  0.03294  0.20118  -3  155
73  461  0023  0.274  0.238    53   160  0.03294  0.20118  -4  155
73  461  0024  0.286  0.238     4   160  0.03294  0.20118  -3  155
73  460  0025  0.279  0.238  -153   160  0.03294  0.20118  -3  158
73  458  0026  0.263  0.238  -126   160  0.03294  0.20118  -3  155
73  480  0027  0.287  0.239   153   158  0.03894  0.20118  -3  154
73  456  0028  0.262  0.238   -51   160  0.03294  0.20118  -3  152
73  458  0029  0.270  0.238    72   160  0.03294  0.20118  -3  154
73  463  0030  0.282  0.238  -106   160  0.03294  0.20118  -3  154
73  458  0031  0.274  0.238   -92   160  0.03294  0.20118  -3  153
73  462  0032  0.279  0.238  -142   160  0.03294  0.20118  -3  157
73  465  0033  0.291  0.238   -14   160  0.03294  0.20118  -3  154
73  457  0034  0.267  0.238   -52   160  0.03294  0.20118  -3  153
73  464  0035  0.276  0.238  -140   160  0.03294  0.20118  -3  157
73  459  0036  0.274  0.238  -154   160  0.03294  0.20118  -2  158
73  460  0037  0.260  0.238   114   160  0.03294  0.20118  -3  155
73  464  0038  0.284  0.238   131   160  0.03294  0.20118  -3  155
73  461  0039  0.286  0.238    35   160  0.03294  0.20118  -3  153
73  461  0040  0.276  0.238  -106   160  0.03294  0.20118  -3  154
73  465  0041  0.289  0.238   -27   160  0.03294  0.20118  -3  154
73  463  0042  0.281  0.238   -43   160  0.03294  0.20118  -3  153
73  461  0043  0.283  0.238    51   160  0.03294  0.20118  -3  155
73  462  0044  0.280  0.238   124   160  0.03294  0.20118  -3  155
73  461  0045  0.283  0.238     9   160  0.03294  0.20118  -2  154
73  465  0046  0.275  0.238  -113   160  0.03294  0.20118  -3  155
73  485  0047  0.290  0.238   159   160  0.03294  0.20118  -4  154
73  464  0048  0.283  0.255  -177  -171  -0.08706  0.19518  -4  156
73  463  0049  0.272  0.238  -180   160  0.03294  0.20118  -3  158
109  463  0000  0.262  0.238    98   160  0.03294  0.20118  -3  155
109  460  0001  0.264  0.238    15   160  0.03294  0.20118  -2  152
109  458  0002  0.277  0.238   136   160  0.03294  0.20118  -3  156
109  459  0003  0.293  0.238    27   160  0.03294  0.20118  -2  154
109  461  0004  0.289  0.238   -95   160  0.03294  0.20118  -3  153
109  460  0005  0.281  0.238   101   160  0.03294  0.20118  -4  154
109  477  0006  0.281  0.255  -178  -171  -0.08706  0.19518  -4  157
109  518  0007  0.261  0.254  -166  -168  -0.09906  0.18918  -4  158
109  461  0008  0.290  0.238  -122   160  0.03294  0.20118  -4  154
109  480  0009  0.294  0.238   167   161  0.02694  0.20118  -3  155
109  461  0010  0.284  0.238    61   160  0.03294  0.20118  -3  156
109  462  0011  0.273  0.238    37   160  0.03294  0.20118  -3  152
109  460  0012  0.285  0.238    64   160  0.03294  0.20118  -3  155
109  457  0013  0.265  0.238  -150   160  0.03294  0.20118  -2  159
109  473  0014  0.294  0.238   170   160  0.03294  0.20118  -3  156
109  461  0015  0.286  0.238  -136   160  0.03294  0.20118  -3  156
109  455  0016  0.269  0.238   127   160  0.03294  0.20118  -3  156
109  462  0017  0.296  0.238   177   161  0.02694  0.20118  -3  157
109  456  0018  0.292  0.238  -160   160  0.03294  0.20118  -2  159
109  460  0019  0.286  0.238   139   160  0.03294  0.20118  -3  156
109  469  0020  0.265  0.234   143   154  0.05694  0.19518  -3  157
109  460  0021  0.279  0.238    21   160  0.03294  0.20118  -2  154
109  457  0022  0.265  0.238   -32   160  0.03294  0.20118  -3  152
109  461  0023  0.288  0.238    38   160  0.03294  0.20118  -3  153
109  465  0024  0.280  0.238   107   160  0.03294  0.20118  -3  153
109  453  0025  0.282  0.238    84   160  0.03294  0.20118  -3  155
109  454  0026  0.271  0.238   -15   160  0.03294  0.20118  -3  153
109  463  0027  0.280  0.238   -52   160  0.03294  0.20118  -3  153
109  450  0028  0.261  0.238   -44   160  0.03294  0.20118  -3  152
109  465  0029  0.295  0.238   125   160  0.03294  0.20118  -3  155
109  460  0030  0.259  0.238    66   160  0.03294  0.20118  -4  155
109  461  0031  0.270  0.238  -132   160  0.03294  0.20118  -3  156
109  459  0032  0.261  0.238   -80   160  0.03294  0.20118  -3  153
109  464  0033  0.289  0.238   -29   160  0.03294  0.20118  -3  155
109  461  0034  0.269  0.238   103   160  0.03294  0.20118  -4  154
109  527  0035  0.270  0.239   158   158  0.03894  0.20118  -4  156
109  458  0036  0.287  0.238    19   160  0.03294  0.20118  -2  154
109  464  0037  0.284  0.238    45   160  0.03294  0.20118  -4  154
109  459  0038  0.277  0.238  -126   160  0.03294  0.20118  -4  155
109  460  0039  0.286  0.238    58   160  0.03294  0.20118  -4  156
109  474  0040  0.266  0.238   177   161  0.02694  0.20118  -3  159
109  464  0041  0.295  0.238   129   160  0.03294  0.20118  -3  155
109  457  0042  0.259  0.238    -5   160  0.03294  0.20118  -3  153
109  459  0043  0.262  0.238    71   160  0.03294  0.20118  -3  155
109  457  0044  0.263  0.238  -156   160  0.03294  0.20118  -2  160
109  461  0045  0.292  0.238  -145   160  0.03294  0.20118  -3  158
109  461  0046  0.274  0.238   -29   160  0.03294  0.20118  -3  153
109  458  0047  0.270  0.238  -102   160  0.03294  0.20118  -3  154
109  462  0048  0.280  0.238   -62   160  0.03294  0.20118  -4  154
109  459  0049  0.281  0.238    87   160  0.03294  0.20118  -3  155
145  458  0000  0.263  0.238   109   160  0.03294  0.20118  -4  155
145  460  0001  0.281  0.238     0   160  0.03294  0.20118  -2  155
145  545  0002  0.270  0.239   156   158  0.03894  0.20118  -4  157
145  464  0003  0.294  0.238   -12   160  0.03294  0.20118  -3  156
145  500  0004  0.271  0.252  -180  -172  -0.08106  0.19518  -4  159
145  509  0005  0.286  0.255  -175  -171  -0.08706  0.19518  -4  158
145  456  0006  0.282  0.238  -108   160  0.03294  0.20118  -4  155
145  461  0007  0.264  0.238   119   160  0.03294  0.20118  -4  156
145  460  0008  0.284  0.238   -92   160  0.03294  0.20118  -4  152
145  459  0009  0.274  0.238    40   160  0.03294  0.20118  -3  153
145  455  0010  0.269  0.238  -105   160  0.03294  0.20118  -3  155
145  570  0011  0.260  0.238   160   160  0.03294  0.20118  -4  158
145  462  0012  0.290  0.238   -19   160  0.03294  0.20118  -3  155
145  453  0013  0.269  0.238   -23   160  0.03294  0.20118  -3  152
145  462  0014  0.272  0.238  -126   160  0.03294  0.20118  -3  156
145  456  0015  0.272  0.238   123   160  0.03294  0.20118  -3  156
145  458  0016  0.262  0.238   108   160  0.03294  0.20118  -4  155
145  455  0017  0.282  0.238    79   160  0.03294  0.20118  -3  156
145  459  0018  0.263  0.238    18   160  0.03294  0.20118  -2  152
145  549  0019  0.270  0.245   161   160  0.03294  0.20718  -5  157
145  454  0020  0.277  0.238   -91   160  0.03294  0.20118  -4  152
145  455  0021  0.265  0.238    -8   160  0.03294  0.20118  -3  154
145  458  0022  0.264  0.238    21   160  0.03294  0.20118  -2  152
145  461  0023  0.294  0.238   174   161  0.02694  0.20118  -4  158
145  460  0024  0.265  0.238  -125   160  0.03294  0.20118  -3  156
145  454  0025  0.267  0.238    84   160  0.03294  0.20118  -3  156
145  458  0026  0.293  0.239    82   158  0.03894  0.20118  -3  156
145  459  0027  0.279  0.238   -34   160  0.03294  0.20118  -3  153
145  456  0028  0.262  0.238  -149   160  0.03294  0.20118  -2  161
145  524  0029  0.283  0.263  -165  -167  -0.10506  0.19518  -4  159
145  451  0030  0.260  0.238   133   160  0.03294  0.20118  -3  159
145  462  0031  0.283  0.238   106   160  0.03294  0.20118  -4  153
145  459  0032  0.291  0.238    40   160  0.03294  0.20118  -3  153
145  463  0033  0.282  0.238    13   160  0.03294  0.20118  -2  154
145  459  0034  0.283  0.238    55   160  0.03294  0.20118  -4  157
145  456  0035  0.280  0.238  -108   160  0.03294  0.20118  -4  155
145  455  0036  0.264  0.238  -104   160  0.03294  0.20118  -3  155
145  464  0037  0.289  0.238   -13   160  0.03294  0.20118  -3  155
145  459  0038  0.270  0.238  -136   160  0.03294  0.20118  -4  158
145  454  0039  0.280  0.238  -101   160  0.03294  0.20118  -3  153
145  501  0040  0.276  0.252  -179  -172  -0.08106  0.19518  -4  159
145  455  0041  0.266  0.238   120   160  0.03294  0.20118  -4  156
145  455  0042  0.283  0.238   140   160  0.03294  0.20118  -3  157
145  458  0043  0.266  0.238   -81   160  0.03294  0.20118  -3  153
145  462  0044  0.286  0.238  -123   160  0.03294  0.20118  -3  155
145  461  0045  0.268  0.234   141   154  0.05694  0.19518  -3  158
145  461  0046  0.283  0.238   -20   160  0.03294  0.20118  -3  154
145  453  0047  0.267  0.238   -27   160  0.03294  0.20118  -3  152
145  455  0048  0.283  0.238    79   160  0.03294  0.20118  -3  155
145  458  0049  0.294  0.238    86   160  0.03294  0.20118  -3  155
182  454  0000  0.265  0.238  -100   160  0.03294  0.20118  -3  153
182  456  0001  0.271  0.238   129   160  0.03294  0.20118  -3  158
182  458  0002  0.267  0.238   129   160  0.03294  0.20118  -3  159
182  590  0003  0.264  0.245   162   161  0.02694  0.20718  -6  158
182  458  0004  0.262  0.238    65   160  0.03294  0.20118  -4  156
182  459  0005  0.279  0.238   -64   160  0.03294  0.20118  -3  154
182  453  0006  0.272  0.238    42   160  0.03294  0.20118  -4  153
182  581  0007  0.267  0.245   159   160  0.03294  0.20718  -5  158
182  465  0008  0.286  0.238   123   160  0.03294  0.20118  -3  156
182  458  0009  0.291  0.238   140   160  0.03294  0.20118  -3  156
182  460  0010  0.276  0.238  -148   160  0.03294  0.20118  -2  163
182  456  0011  0.294  0.238    99   160  0.03294  0.20118  -4  153
182  463  0012  0.289  0.238   -38   160  0.03294  0.20118  -3  154
182  548  0013  0.281  0.245   162   161  0.02694  0.20718  -5  156
182  508  0014  0.284  0.239   152   157  0.04494  0.20118  -4  156
182  461  0015  0.294  0.238    69   160  0.03294  0.20118  -3  156
182  458  0016  0.266  0.238   -68   160  0.03294  0.20118  -4  155
182  463  0017  0.287  0.238   -26   160  0.03294  0.20118  -3  155
182  458  0018  0.277  0.238   -75   160  0.03294  0.20118  -4  156
182  459  0019  0.290  0.238     4   160  0.03294  0.20118  -2  156
182  460  0020  0.261  0.238    21   160  0.03294  0.20118  -1  152
182  460  0021  0.265  0.238   -75   160  0.03294  0.20118  -3  155
182  567  0022  0.276  0.257  -172  -170  -0.09306  0.19518  -5  159
182  452  0023  0.263  0.238   122   160  0.03294  0.20118  -4  157
182  454  0024  0.271  0.238   123   160  0.03294  0.20118  -3  157
182  453  0025  0.284  0.238  -101   160  0.03294  0.20118  -4  153
182  453  0026  0.283  0.238    95   160  0.03294  0.20118  -4  155
182  455  0027  0.268  0.238   121   160  0.03294  0.20118  -3  157
182  454  0028  0.271  0.238   100   160  0.03294  0.20118  -3  155
182  462  0029  0.283  0.238   -39   160  0.03294  0.20118  -3  153
182  458  0030  0.268  0.238   115   160  0.03294  0.20118  -4  155
182  456  0031  0.270  0.238    47   160  0.03294  0.20118  -4  155
182  464  0032  0.290  0.238   -27   160  0.03294  0.20118  -3  155
182  452  0033  0.284  0.238    88   160  0.03294  0.20118  -4  156
182  458  0034  0.268  0.238    54   160  0.03294  0.20118  -4  157
182  485  0035  0.269  0.250   177  -174  -0.07506  0.19518  -4  162
182  462  0036  0.285  0.238   121   160  0.03294  0.20118  -3  155
182  458  0037  0.261  0.238    13   160  0.03294  0.20118  -2  152
182  461  0038  0.293  0.238    93   160  0.03294  0.20118  -4  154
182  460  0039  0.289  0.238    -2   160  0.03294  0.20118  -3  157
182  539  0040  0.283  0.257  -174  -170  -0.09306  0.19518  -5  159
182  453  0041  0.276  0.238   -90   160  0.03294  0.20118  -4  152
182  458  0042  0.263  0.238   -30   160  0.03294  0.20118  -3  151
182  456  0043  0.279  0.238  -109   160  0.03294  0.20118  -4  156
182  456  0044  0.271  0.238    50   160  0.03294  0.20118  -4  156
182  460  0045  0.286  0.238   129   160  0.03294  0.20118  -3  157
182  463  0046  0.287  0.238   -48   160  0.03294  0.20118  -4  153
182  454  0047  0.260  0.238    74   160  0.03294  0.20118  -4  155
182  460  0048  0.287  0.238   -74   160  0.03294  0.20118  -4  156
182  456  0049  0.276  0.238   -36   160  0.03294  0.20118  -3  153
218  631  0000  0.260  0.245   162   161  0.02694  0.20718  -6  160
218  462  0001  0.280  0.238     4   160  0.03294  0.20118  -2  156
218  589  0002  0.280  0.267  -171  -169  -0.09906  0.20118  -5  160
218  458  0003  0.277  0.238    68   160  0.03294  0.20118  -3  157
218  458  0004  0.264  0.238    12   160  0.03294  0.20118  -1  152
218  460  0005  0.284  0.238   128   160  0.03294  0.20118  -3  158
218  505  0006  0.294  0.255  -177  -171  -0.08706  0.19518  -5  159
218  458  0007  0.292  0.238   -97   160  0.03294  0.20118  -4  153
218  457  0008  0.268  0.238   112   160  0.03294  0.20118  -4  156
218  462  0009  0.295  0.238    35   160  0.03294  0.20118  -3  154
218  457  0010  0.276  0.238   -35   160  0.03294  0.20118  -3  153
218  450  0011  0.262  0.238   -41   160  0.03294  0.20118  -3  150
218  456  0012  0.287  0.238    93   160  0.03294  0.20118  -4  156
218  449  0013  0.267  0.238   -19   160  0.03294  0.20118  -3  153
218  450  0014  0.264  0.238    -8   160  0.03294  0.20118  -2  154
218  455  0015  0.269  0.238    52   160  0.03294  0.20118  -4  157
218  452  0016  0.261  0.238  -124   160  0.03294  0.20118  -4  158
218  450  0017  0.262  0.238   123   160  0.03294  0.20118  -4  159
218  523  0018  0.289  0.255  -177  -171  -0.08706  0.19518  -5  159
218  474  0019  0.264  0.263  -156  -165  -0.11706  0.18918  -3  164
218  453  0020  0.281  0.238    92   160  0.03294  0.20118  -3  156
218  458  0021  0.283  0.238  -148   160  0.03294  0.20118  -2  164
218  459  0022  0.291  0.238   103   160  0.03294  0.20118  -4  153
218  447  0023  0.262  0.238   -41   160  0.03294  0.20118  -3  150
218  449  0024  0.262  0.238   127   160  0.03294  0.20118  -3  160
218  457  0025  0.267  0.238    28   160  0.03294  0.20118  -2  152
218  462  0026  0.293  0.238  -120   160  0.03294  0.20118  -4  156
218  447  0027  0.262  0.238   131   160  0.03294  0.20118  -3  161
218  454  0028  0.275  0.238    94   160  0.03294  0.20118  -4  156
218  454  0029  0.261  0.238   101   160  0.03294  0.20118  -4  157
218  599  0030  0.263  0.240   154   155  0.05094  0.20118  -5  159
218  554  0031  0.279  0.269  -162  -165  -0.11706  0.19518  -4  162
218  465  0032  0.295  0.238   -19   160  0.03294  0.20118  -3  157
218  603  0033  0.272  0.263  -166  -167  -0.10506  0.19518  -5  162
218  457  0034  0.274  0.238     7   160  0.03294  0.20118  -2  154
218  455  0035  0.275  0.238   118   160  0.03294  0.20118  -4  156
218  460  0036  0.280  0.238  -151   160  0.03294  0.20118  -1  165
218  474  0037  0.293  0.245   174   164  0.01494  0.20718  -4  160
218  451  0038  0.285  0.238  -101   160  0.03294  0.20118  -4  154
218  452  0039  0.277  0.238   138   160  0.03294  0.20118  -3  160
218  459  0040  0.288  0.238   119   160  0.03294  0.20118  -3  155
218  453  0041  0.271  0.238  -115   160  0.03294  0.20118  -4  157
218  461  0042  0.285  0.238   -25   160  0.03294  0.20118  -3  156
218  620  0043  0.260  0.260  -167  -169  -0.09906  0.19518  -5  162
218  460  0044  0.291  0.238    -7   160  0.03294  0.20118  -3  157
218  461  0045  0.284  0.238  -122   160  0.03294  0.20118  -4  156
218  449  0046  0.266  0.238    78   160  0.03294  0.20118  -3  157
218  454  0047  0.260  0.238   -62   160  0.03294  0.20118  -4  153
218  455  0048  0.271  0.238   117   160  0.03294  0.20118  -4  156
218  453  0049  0.269  0.238  -117   160  0.03294  0.20118  -4  157
255  451  0000  0.278  0.238    96   160  0.03294  0.20118  -4  156
255  455  0001  0.273  0.238    -6   160  0.03294  0.20118  -2  156
255  449  0002  0.267  0.238   -23   160  0.03294  0.20118  -3  152
255  450  0003  0.275  0.238  -105   161  0.02694  0.20118  -4  156
255  452  0004  0.266  0.238  -137   160  0.03294  0.20118  -3  162
255  462  0005  0.289  0.238   112   160  0.03294  0.20118  -4  153
255  623  0006  0.264  0.252  -176  -172  -0.08106  0.19518  -5  163
255  454  0007  0.274  0.238   -76   160  0.03294  0.20118  -4  157
255  450  0008  0.265  0.238  -134   160  0.03294  0.20118  -4  161
255  508  0009  0.283  0.235   148   152  0.06294  0.19518  -3  158
255  453  0010  0.263  0.238    47   160  0.03294  0.20118  -4  156
255  458  0011  0.273  0.238    30   160  0.03294  0.20118  -2  152
255  524  0012  0.268  0.248   177  -175  -0.06906  0.19518  -4  165
255  496  0013  0.288  0.234   148   154  0.05694  0.19518  -3  157
255  455  0014  0.288  0.238  -100   160  0.03294  0.20118  -4  154
255  458  0015  0.279  0.238    41   160  0.03294  0.20118  -4  154
255  452  0016  0.276  0.238   -11   160  0.03294  0.20118  -2  156
255  467  0017  0.295  0.238   123   160  0.03294  0.20118  -3  156
255  547  0018  0.275  0.246   173   167  0.00294  0.20718  -5  163
255  457  0019  0.281  0.238  -139   160  0.03294  0.20118  -4  163
255  448  0020  0.281  0.238   -99   160  0.03294  0.20118  -4  153
255  557  0021  0.288  0.245   160   160  0.03294  0.20718  -5  157
255  446  0022  0.264  0.238   -48   160  0.03294  0.20118  -4  150
255  454  0023  0.263  0.238   -70   160  0.03294  0.20118  -4  156
255  447  0024  0.273  0.238   -95   160  0.03294  0.20118  -4  152
255  456  0025  0.293  0.238    97   160  0.03294  0.20118  -4  154
255  456  0026  0.277  0.238    65   160  0.03294  0.20118  -4  158
255  448  0027  0.278  0.238   139   160  0.03294  0.20118  -3  161
255  465  0028  0.290  0.238   -38   160  0.03294  0.20118  -3  156
255  461  0029  0.287  0.238    35   160  0.03294  0.20118  -3  154
255  461  0030  0.286  0.238    39   160  0.03294  0.20118  -3  153
255  451  0031  0.268  0.238   101   160  0.03294  0.20118  -4  156
255  457  0032  0.290  0.238   -86   160  0.03294  0.20118  -4  154
255  550  0033  0.271  0.236   148   151  0.06894  0.19518  -4  160
255  453  0034  0.271  0.238  -113   160  0.03294  0.20118  -4  158
255  455  0035  0.280  0.238  -106   160  0.03294  0.20118  -4  156
255  452  0036  0.287  0.238    88   160  0.03294  0.20118  -4  157
255  635  0037  0.264  0.266  -165  -166  -0.11106  0.19518  -4  163
255  451  0038  0.261  0.238   -32   160  0.03294  0.20118  -3  151
255  455  0039  0.275  0.238    47   160  0.03294  0.20118  -4  156
255  456  0040  0.274  0.238    17   160  0.03294  0.20118  -1  154
255  458  0041  0.293  0.238    11   160  0.03294  0.20118  -2  157
255  630  0042  0.268  0.245   163   161  0.02694  0.20718  -6  160
255  522  0043  0.291  0.239   154   157  0.04494  0.20118  -4  156
255  460  0044  0.283  0.238    13   160  0.03294  0.20118  -1  155
255  462  0045  0.294  0.238    30   160  0.03294  0.20118  -2  155
255  457  0046  0.279  0.238    43   160  0.03294  0.20118  -4  155
255  453  0047  0.287  0.238    24   160  0.03294  0.20118  -2  155
255  452  0048  0.269  0.238   128   160  0.03294  0.20118  -3  161
255  464  0049  0.292  0.238  -123   160  0.03294  0.20118  -4  157
291  634  0000  0.273  0.252   166   164  0.01494  0.21318  -7  161
291  460  0001  0.291  0.238   -51   160  0.03294  0.20118  -3  155
291  451  0002  0.281  0.238   -19   160  0.03294  0.20118  -3  156
291  652  0003  0.276  0.267  -172  -169  -0.09906  0.20118  -5  163
291  457  0004  0.287  0.238    52   160  0.03294  0.20118  -4  160
291  457  0005  0.269  0.238    17   160  0.03294  0.20118  -1  153
291  459  0006  0.289  0.238   -52   160  0.03294  0.20118  -4  154
291  457  0007  0.281  0.238   -60   160  0.03294  0.20118  -4  155
291  462  0008  0.289  0.238   -33   160  0.03294  0.20118  -3  157
291  460  0009  0.288  0.238   -67   160  0.03294  0.20118  -4  159
291  447  0010  0.268  0.238    96   160  0.03294  0.20118  -4  159
291  442  0011  0.268  0.238    78   160  0.03294  0.20118  -4  158
291  457  0012  0.273  0.238    25   160  0.03294  0.20118  -1  153
291  458  0013  0.268  0.238   -70   160  0.03294  0.20118  -4  157
291  454  0014  0.295  0.238   -93   160  0.03294  0.20118  -4  153
291  450  0015  0.289  0.238    81   160  0.03294  0.20118  -4  159
291  449  0016  0.264  0.238   102   160  0.03294  0.20118  -4  158
291  592  0017  0.288  0.272  -162  -164  -0.12306  0.19518  -4  164
291  524  0018  0.285  0.253   173   167  0.00294  0.21318  -5  162
291  632  0019  0.289  0.269  -169  -168  -0.10506  0.20118  -5  162
291  455  0020  0.273  0.238    21   160  0.03294  0.20118  -0  154
291  458  0021  0.274  0.238    25   160  0.03294  0.20118  -1  154
291  505  0022  0.283  0.281  -151  -150  -0.18306  0.16518  -3  167
291  454  0023  0.285  0.238  -110   160  0.03294  0.20118  -4  158
291  619  0024  0.277  0.252   165   163  0.02094  0.21318  -6  160
291  465  0025  0.291  0.238   132   160  0.03294  0.20118  -2  160
291  454  0026  0.278  0.238    73   160  0.03294  0.20118  -3  159
291  605  0027  0.270  0.263  -161  -165  -0.11706  0.18918  -4  165
291  455  0028  0.292  0.238  -107   161  0.02694  0.20118  -4  157
291  458  0029  0.279  0.238   -35   160  0.03294  0.20118  -2  155
291  615  0030  0.277  0.269  -162  -165  -0.11706  0.19518  -4  165
291  458  0031  0.290  0.238    93   160  0.03294  0.20118  -4  157
291  646  0032  0.281  0.267  -171  -169  -0.09906  0.20118  -6  162
291  449  0033  0.270  0.238  -115   160  0.03294  0.20118  -4  159
291  459  0034  0.292  0.238   -50   160  0.03294  0.20118  -4  154
291  490  0035  0.293  0.285  -150  -149  -0.18906  0.16518  -3  166
291  452  0036  0.287  0.238   140   160  0.03294  0.20118  -3  161
291  524  0037  0.275  0.248   177  -175  -0.06906  0.19518  -4  166
291  453  0038  0.293  0.238   -97   160  0.03294  0.20118  -4  153
291  461  0039  0.290  0.238   -68   160  0.03294  0.20118  -4  159
291  460  0040  0.275  0.238    69   160  0.03294  0.20118  -4  159
291  456  0041  0.280  0.238    21   160  0.03294  0.20118  -1  155
291  499  0042  0.287  0.246   175   167  0.00294  0.20718  -4  164
291  460  0043  0.290  0.238    -8   160  0.03294  0.20118  -3  159
291  458  0044  0.275  0.238   109   160  0.03294  0.20118  -4  156
291  463  0045  0.294  0.238   -27   160  0.03294  0.20118  -3  159
291  459  0046  0.269  0.238    69   160  0.03294  0.20118  -4  158
291  459  0047  0.286  0.238     5   160  0.03294  0.20118  -1  158
291  450  0048  0.276  0.238    75   160  0.03294  0.20118  -4  158
291  660  0049  0.261  0.239   155   157  0.04494  0.20118  -6  162
327  536  0000  0.294  0.276  -158  -160  -0.14106  0.18918  -3  166
327  455  0001  0.278  0.238    -7   160  0.03294  0.20118  -2  159
327  467  0002  0.292  0.238  -128   160  0.03294  0.20118  -5  161
327  649  0003  0.277  0.252   165   163  0.02094  0.21318  -7  162
327  445  0004  0.260  0.238  -105   161  0.02694  0.20118  -4  158
327  691  0005  0.265  0.266  -164  -166  -0.11106  0.19518  -4  167
327  461  0006  0.285  0.238   115   160  0.03294  0.20118  -3  156
327  452  0007  0.280  0.238   102   160  0.03294  0.20118  -4  156
327  459  0008  0.291  0.238   -74   160  0.03294  0.20118  -4  161
327  454  0009  0.276  0.238    42   160  0.03294  0.20118  -4  155
327  454  0010  0.278  0.238   -35   160  0.03294  0.20118  -2  155
327  450  0011  0.266  0.238    44   160  0.03294  0.20118  -4  156
327  453  0012  0.285  0.238   -79   160  0.03294  0.20118  -4  160
327  456  0013  0.285  0.238  -107   161  0.02694  0.20118  -4  158
327  528  0014  0.289  0.285  -150  -149  -0.18906  0.16518  -4  167
327  458  0015  0.276  0.238   -33   160  0.03294  0.20118  -2  155
327  461  0016  0.288  0.238  -122   160  0.03294  0.20118  -4  159
327  635  0017  0.279  0.252   165   163  0.02094  0.21318  -7  161
327  455  0018  0.272  0.238    25   160  0.03294  0.20118  -0  154
327  449  0019  0.260  0.238    52   160  0.03294  0.20118  -5  160
327  462  0020  0.287  0.238   111   160  0.03294  0.20118  -4  154
327  449  0021  0.262  0.238   116   160  0.03294  0.20118  -4  160
327  457  0022  0.260  0.238    59   160  0.03294  0.20118  -5  161
327  442  0023  0.260  0.238   -92   160  0.03294  0.20118  -3  152
327  451  0024  0.281  0.238  -111   160  0.03294  0.20118  -4  159
327  435  0025  0.260  0.238   -86   160  0.03294  0.20118  -4  153
327  444  0026  0.269  0.238   -23   160  0.03294  0.20118  -3  153
327  462  0027  0.291  0.238   -16   160  0.03294  0.20118  -4  160
327  621  0028  0.270  0.250  -179  -174  -0.07506  0.19518  -5  166
327  443  0029  0.267  0.238   -84   160  0.03294  0.20118  -4  154
327  456  0030  0.289  0.238   -83   160  0.03294  0.20118  -4  158
327  457  0031  0.274  0.238    25   160  0.03294  0.20118  -1  154
327  456  0032  0.278  0.238    -6   160  0.03294  0.20118  -2  159
327  539  0033  0.274  0.275  -147  -147  -0.18906  0.15318  -4  167
327  458  0034  0.277  0.238   -70   160  0.03294  0.20118  -4  159
327  454  0035  0.271  0.238   -59   160  0.03294  0.20118  -4  154
327  592  0036  0.278  0.241   152   154  0.05694  0.20118  -5  160
327  461  0037  0.293  0.238   108   160  0.03294  0.20118  -4  153
327  447  0038  0.263  0.238  -106   161  0.02694  0.20118  -4  159
327  547  0039  0.296  0.252   162   162  0.02694  0.21318  -6  157
327  454  0040  0.294  0.238    64   160  0.03294  0.20118  -4  162
327  455  0041  0.296  0.238  -102   160  0.03294  0.20118  -4  155
327  459  0042  0.283  0.238   -35   160  0.03294  0.20118  -2  157
327  645  0043  0.293  0.272  -167  -167  -0.11106  0.20118  -5  163
327  456  0044  0.287  0.238   -80   160  0.03294  0.20118  -4  159
327  444  0045  0.265  0.238   -48   160  0.03294  0.20118  -3  150
327  455  0046  0.283  0.238    58   160  0.03294  0.20118  -4  163
327  449  0047  0.280  0.238   102   160  0.03294  0.20118  -4  156
327  585  0048  0.269  0.247   175   170  -0.00906  0.20718  -5  167
327  446  0049  0.274  0.238   -86   160  0.03294  0.20118  -4  154
364  451  0000  0.277  0.238   -23   160  0.03294  0.20118  -3  157
364  443  0001  0.276  0.238   -95   160  0.03294  0.20118  -4  154
364  567  0002  0.294  0.252   160   160  0.03294  0.21318  -6  158
364  452  0003  0.281  0.238   -50   160  0.03294  0.20118  -4  154
364  454  0004  0.285  0.238    25   160  0.03294  0.20118  -1  157
364  446  0005  0.262  0.238  -134   160  0.03294  0.20118  -5  167
364  696  0006  0.272  0.252   161   162  0.02694  0.21318  -8  162
364  478  0007  0.286  0.236   143   151  0.06894  0.19518  -3  162
364  451  0008  0.271  0.238   -35   160  0.03294  0.20118  -3  154
364  456  0009  0.288  0.238   103   160  0.03294  0.20118  -4  155
364  453  0010  0.273  0.238    23   160  0.03294  0.20118  -0  155
364  442  0011  0.262  0.238   127   160  0.03294  0.20118  -4  166
364  456  0012  0.289  0.238    76   160  0.03294  0.20118  -3  162
364  459  0013  0.275  0.286    56    55  0.26094  -0.07482  -6  163
364  447  0014  0.260  0.238    69   160  0.03294  0.20118  -4  160
364  458  0015  0.291  0.238  -134   160  0.03294  0.20118  -4  165
364  708  0016  0.269  0.252   161   162  0.02694  0.21318  -8  163
364  506  0017  0.272  0.274  -142  -144  -0.20106  0.14118  -5  168
364  451  0018  0.275  0.238    -6   160  0.03294  0.20118  -2  160
364  556  0019  0.285  0.241   150   154  0.05694  0.20118  -4  160
364  656  0020  0.275  0.259  -177  -173  -0.08106  0.20118  -6  166
364  454  0021  0.281  0.238    49   160  0.03294  0.20118  -4  161
364  456  0022  0.288  0.238   139   160  0.03294  0.20118  -2  164
364  451  0023  0.285  0.238  -110   161  0.02694  0.20118  -4  160
364  448  0024  0.269  0.238    47   160  0.03294  0.20118  -5  159
364  442  0025  0.266  0.238    93   160  0.03294  0.20118  -3  162
364  450  0026  0.276  0.238   134   160  0.03294  0.20118  -2  166
364  458  0027  0.283  0.238  -137   160  0.03294  0.20118  -4  167
364  462  0028  0.293  0.238    -8   160  0.03294  0.20118  -3  162
364  455  0029  0.289  0.238    61   160  0.03294  0.20118  -3  164
364  455  0030  0.283  0.238     3   160  0.03294  0.20118  -1  161
364  574  0031  0.271  0.247   177   178  -0.04506  0.20118  -5  170
364  435  0032  0.263  0.238   -19   160  0.03294  0.20118  -3  153
364  459  0033  0.281  0.238   109   160  0.03294  0.20118  -4  157
364  473  0034  0.279  0.232   140   147  0.08094  0.18918  -3  165
364  458  0035  0.285  0.238   -69   160  0.03294  0.20118  -4  161
364  499  0036  0.294  0.289  -142  -143  -0.21306  0.14718  -4  167
364  465  0037  0.294  0.238   128   160  0.03294  0.20118  -2  161
364  458  0038  0.289  0.238     1   160  0.03294  0.20118  -2  163
364  448  0039  0.274  0.238   -81   160  0.03294  0.20118  -4  158
364  583  0040  0.277  0.242   149   153  0.06294  0.20118  -5  162
364  453  0041  0.282  0.238   -44   160  0.03294  0.20118  -3  155
364  448  0042  0.276  0.238   -85   160  0.03294  0.20118  -4  156
364  440  0043  0.260  0.238   -81   160  0.03294  0.20118  -4  156
364  645  0044  0.263  0.247   174   170  -0.00906  0.20718  -6  169
364  578  0045  0.268  0.268  -156  -158  -0.14706  0.17718  -3  170
364  705  0046  0.260  0.241   153   154  0.05694  0.20118  -6  165
364  449  0047  0.263  0.238    18   160  0.03294  0.20118  0  153
364  698  0048  0.272  0.252   164   163  0.02094  0.21318  -7  163
364  453  0049  0.272  0.238    26   160  0.03294  0.20118  -1  154
400  743  0000  0.280  0.272  -166  -167  -0.11106  0.20118  -5  168
400  452  0001  0.263  0.238    41   160  0.03294  0.20118  -3  155
400  441  0002  0.271  0.238  -102   161  0.02694  0.20118  -4  158
400  459  0003  0.294  0.238    70   160  0.03294  0.20118  -3  163
400  462  0004  0.289  0.317    11    11  0.12294  -0.23682  -1  161
400  453  0005  0.268  0.283    52    53  0.25494  -0.08082  -6  163
400  448  0006  0.271  0.238  -135   160  0.03294  0.20118  -4  169
400  669  0007  0.282  0.259   165   164  0.01494  0.21918  -7  163
400  454  0008  0.286  0.238    68   160  0.03294  0.20118  -3  163
400  776  0009  0.269  0.263  -167  -167  -0.10506  0.19518  -5  169
400  452  0010  0.279  0.238    22   160  0.03294  0.20118  0  157
400  451  0011  0.286  0.238  -104   160  0.03294  0.20118  -4  159
400  457  0012  0.294  0.238   103   160  0.03294  0.20118  -4  155
400  461  0013  0.294  0.238   -41   160  0.03294  0.20118  -2  159
400  698  0014  0.267  0.257  -178  -174  -0.07506  0.20118  -6  169
400  458  0015  0.292  0.238   -46   160  0.03294  0.20118  -3  157
400  477  0016  0.262  0.223   103   102  0.20094  0.09318  -3  163
400  453  0017  0.273  0.232   125   156  0.04494  0.19518  -3  166
400  456  0018  0.288  0.238   -50   160  0.03294  0.20118  -4  156
400  645  0019  0.263  0.249   176   173  -0.02106  0.20718  -6  171
400  642  0020  0.283  0.259   168   166  0.00894  0.21918  -7  164
400  499  0021  0.290  0.250   177  -174  -0.07506  0.19518  -4  169
400  790  0022  0.264  0.260  -169  -169  -0.09906  0.19518  -6  169
400  443  0023  0.261  0.238   -31   160  0.03294  0.20118  -2  152
400  458  0024  0.287  0.238   116   160  0.03294  0.20118  -4  158
400  489  0025  0.291  0.313   -75   -75  -0.27906  -0.13482  -5  162
400  723  0026  0.277  0.272  -163  -164  -0.12306  0.19518  -4  169
400  459  0027  0.292  0.238    33   160  0.03294  0.20118  -2  157
400  622  0028  0.290  0.279  -159  -162  -0.13506  0.19518  -3  169
400  502  0029  0.270  0.275  -140  -142  -0.20706  0.13518  -5  168
400  450  0030  0.272  0.238    50   160  0.03294  0.20118  -5  162
400  454  0031  0.286  0.238    68   160  0.03294  0.20118  -4  163
400  445  0032  0.284  0.238   -95   160  0.03294  0.20118  -4  155
400  434  0033  0.266  0.238   -18   160  0.03294  0.20118  -3  155
400  658  0034  0.293  0.282  -162  -164  -0.12906  0.20118  -4  167
400  442  0035  0.274  0.238   -88   160  0.03294  0.20118  -4  155
400  436  0036  0.265  0.238   -91   160  0.03294  0.20118  -4  153
400  452  0037  0.276  0.238   -57   160  0.03294  0.20118  -4  156
400  450  0038  0.262  0.238    68   160  0.03294  0.20118  -4  161
400  463  0039  0.290  0.238   120   160  0.03294  0.20118  -3  159
400  450  0040  0.284  0.238    75   160  0.03294  0.20118  -3  163
400  608  0041  0.279  0.276  -150  -149  -0.18306  0.15918  -4  170
400  453  0042  0.296  0.238    84   160  0.03294  0.20118  -4  162
400  466  0043  0.278  0.279   135   134  0.15294  0.20718  -4  167
400  453  0044  0.279  0.238   121   160  0.03294  0.20118  -4  162
400  448  0045  0.277  0.238  -116   160  0.03294  0.20118  -4  163
400  445  0046  0.265  0.238   -76   160  0.03294  0.20118  -4  159
400  472  0047  0.289  0.320    24    23  0.18294  -0.20682  0  159
400  460  0048  0.288  0.238   106   160  0.03294  0.20118  -4  155
400  452  0049  0.286  0.238    26   160  0.03294  0.20118  -1  158
436  457  0000  0.284  0.238   -27   160  0.03294  0.20118  -3  161
436  733  0001  0.273  0.252   159   160  0.03294  0.21318  -8  164
436  450  0002  0.278  0.238   -26   160  0.03294  0.20118  -3  159
436  448  0003  0.266  0.238  -125   160  0.03294  0.20118  -5  166
436  454  0004  0.287  0.238  -123   160  0.03294  0.20118  -5  164
436  448  0005  0.261  0.238    14   160  0.03294  0.20118  0  155
436  450  0006  0.284  0.238  -109   161  0.02694  0.20118  -4  163
436  448  0007  0.280  0.238   -12   160  0.03294  0.20118  -2  162
436  454  0008  0.284  0.238    44   160  0.03294  0.20118  -4  160
436  427  0009  0.262  0.238   -22   160  0.03294  0.20118  -2  154
436  450  0010  0.271  0.291   -76   -76  -0.26106  -0.12282  -5  161
436  427  0011  0.260  0.238   -16   160  0.03294  0.20118  -2  154
436  450  0012  0.278  0.238    98   160  0.03294  0.20118  -4  161
436  453  0013  0.282  0.238    74   160  0.03294  0.20118  -3  164
436  450  0014  0.275  0.287    78    78  0.28494  0.02118  -4  164
436  447  0015  0.274  0.238   100   160  0.03294  0.20118  -4  162
436  453  0016  0.284  0.238   104   160  0.03294  0.20118  -4  158
436  451  0017  0.277  0.238   -37   160  0.03294  0.20118  -2  157
436  463  0018  0.282  0.316   -18   -18  -0.03906  -0.26682  -3  161
436  443  0019  0.264  0.238   -44   160  0.03294  0.20118  -3  151
436  459  0020  0.290  0.238  -126   160  0.03294  0.20118  -5  164
436  453  0021  0.276  0.238   -60   160  0.03294  0.20118  -4  159
436  793  0022  0.262  0.246   159   159  0.03894  0.20718  -8  167
436  461  0023  0.292  0.238    -9   160  0.03294  0.20118  -3  165
436  453  0024  0.269  0.238     5   160  0.03294  0.20118  0  160
436  750  0025  0.280  0.272  -163  -164  -0.12306  0.19518  -4  170
436  446  0026  0.268  0.238   -35   160  0.03294  0.20118  -2  155
436  449  0027  0.282  0.238   -83   160  0.03294  0.20118  -5  160
436  630  0028  0.285  0.247   155   156  0.05094  0.20718  -6  161
436  453  0029  0.273  0.238    22   160  0.03294  0.20118  1  157
436  598  0030  0.260  0.238   139   143  0.09894  0.18918  -5  170
436  446  0031  0.283  0.238    83   160  0.03294  0.20118  -4  165
436  512  0032  0.295  0.315   -15   -16  -0.02706  -0.26682  -4  164
436  628  0033  0.276  0.280  -146  -146  -0.19506  0.15318  -5  171
436  436  0034  0.260  0.238    82   160  0.03294  0.20118  -3  165
436  447  0035  0.270  0.238    47   160  0.03294  0.20118  -5  162
436  446  0036  0.263  0.238    70   160  0.03294  0.20118  -4  162
436  475  0037  0.294  0.292   129   130  0.17694  0.20718  -3  164
436  459  0038  0.291  0.238  -132   160  0.03294  0.20118  -4  167
436  533  0039  0.275  0.280  -140  -141  -0.21306  0.13518  -6  170
436  540  0040  0.294  0.261   174   170  -0.00906  0.21918  -6  166
436  711  0041  0.276  0.259  -177  -173  -0.08106  0.20118  -6  169
436  731  0042  0.263  0.253   172   168  -0.00306  0.21318  -8  171
436  453  0043  0.290  0.238   -84   160  0.03294  0.20118  -5  161
436  450  0044  0.270  0.238   104   160  0.03294  0.20118  -4  162
436  465  0045  0.295  0.238   107   160  0.03294  0.20118  -4  155
436  445  0046  0.264  0.238   -38   160  0.03294  0.20118  -3  153
436  450  0047  0.293  0.238  -118   160  0.03294  0.20118  -4  163
436  452  0048  0.277  0.238  -127   160  0.03294  0.20118  -5  166
436  553  0049  0.284  0.284  -141  -142  -0.21306  0.14118  -5  169
473  623  0000  0.291  0.266  -178  -173  -0.08106  0.20718  -6  168
473  801  0001  0.269  0.252   164   163  0.02094  0.21318  -9  168
473  490  0002  0.285  0.318    26    25  0.18894  -0.20082  -0  159
473  565  0003  0.296  0.316   -17   -17  -0.03306  -0.26682  -5  164
473  707  0004  0.282  0.259   161   162  0.02694  0.21918  -8  164
473  454  0005  0.291  0.238   -89   160  0.03294  0.20118  -4  159
473  446  0006  0.269  0.238   -52   160  0.03294  0.20118  -4  155
473  509  0007  0.278  0.297   -74   -74  -0.26106  -0.13482  -6  163
473  511  0008  0.283  0.295    -4    -2  0.04494  -0.24282  -4  164
473  642  0009  0.295  0.294  -146  -146  -0.20706  0.15918  -5  170
473  447  0010  0.269  0.238    18   160  0.03294  0.20118  1  157
473  458  0011  0.281  0.238   -68   160  0.03294  0.20118  -4  165
473  454  0012  0.269  0.238    30   160  0.03294  0.20118  -1  155
473  441  0013  0.262  0.238   -40   160  0.03294  0.20118  -2  152
473  476  0014  0.267  0.223   102   102  0.20094  0.09318  -3  165
473  445  0015  0.265  0.238  -122   160  0.03294  0.20118  -6  168
473  573  0016  0.291  0.295    58    57  0.27294  -0.06882  -7  166
473  517  0017  0.277  0.276   137   135  0.14694  0.20718  -5  169
473  451  0018  0.276  0.238   103   160  0.03294  0.20118  -4  161
473  448  0019  0.283  0.238   -89   160  0.03294  0.20118  -4  158
473  448  0020  0.263  0.238    20   160  0.03294  0.20118  2  155
473  464  0021  0.293  0.238   112   160  0.03294  0.20118  -3  157
473  442  0022  0.276  0.238  -106   161  0.02694  0.20118  -4  163
473  504  0023  0.270  0.284    62    59  0.26694  -0.05682  -6  166
473  514  0024  0.291  0.308     5     4  0.08694  -0.24282  -3  164
473  444  0025  0.262  0.261  -122  -121  -0.24306  0.05718  -6  167
473  824  0026  0.268  0.264  -173  -170  -0.09306  0.20118  -6  171
473  454  0027  0.275  0.238   -63   160  0.03294  0.20118  -4  162
473  454  0028  0.274  0.238     9   160  0.03294  0.20118  0  161
473  439  0029  0.261  0.238   -43   160  0.03294  0.20118  -3  151
473  452  0030  0.266  0.238    36   160  0.03294  0.20118  -2  155
473  446  0031  0.289  0.238   -96   160  0.03294  0.20118  -4  157
473  452  0032  0.271  0.238    25   160  0.03294  0.20118  1  157
473  462  0033  0.288  0.289  -128  -128  -0.25506  0.09318  -6  166
473  467  0034  0.265  0.243  -114  -112  -0.23706  0.02118  -5  166
473  541  0035  0.288  0.316   -20   -20  -0.04506  -0.26682  -5  162
473  440  0036  0.266  0.238  -104   161  0.02694  0.20118  -4  163
473  461  0037  0.277  0.309   -21   -20  -0.04506  -0.26082  -4  159
473  498  0038  0.289  0.300    80    79  0.29694  0.02718  -5  165
473  460  0039  0.292  0.238   -50   160  0.03294  0.20118  -3  159
473  551  0040  0.271  0.283    57    56  0.26094  -0.06882  -8  166
473  618  0041  0.288  0.289  -143  -143  -0.21306  0.14718  -5  171
473  450  0042  0.268  0.238    43   160  0.03294  0.20118  -4  159
473  501  0043  0.287  0.305   -32   -32  -0.10506  -0.24882  -4  161
473  663  0044  0.282  0.280  -147  -146  -0.19506  0.15318  -5  172
473  450  0045  0.285  0.238   -86   160  0.03294  0.20118  -5  160
473  528  0046  0.284  0.286   129   129  0.17694  0.20118  -4  167
473  492  0047  0.291  0.321    29    27  0.20094  -0.19482  -1  160
473  470  0048  0.278  0.296   -70   -72  -0.25506  -0.14082  -6  164
473  480  0049  0.291  0.299    -8    -6  0.02694  -0.24882  -4  165
509  453  0000  0.290  0.238   -46   160  0.03294  0.20118  -3  160
509  511  0001  0.283  0.314    24    24  0.18294  -0.20082  -0  159
509  450  0002  0.269  0.238    40   160  0.03294  0.20118  -3  158
509  496  0003  0.296  0.310   -65   -65  -0.24906  -0.17082  -5  165
509  448  0004  0.260  0.238    35   160  0.03294  0.20118  -2  155
509  563  0005  0.274  0.280  -138  -139  -0.21906  0.12918  -7  172
509  445  0006  0.270  0.238    46   160  0.03294  0.20118  -5  164
509  459  0007  0.278  0.291    70    69  0.28494  -0.01482  -5  167
509  454  0008  0.269  0.238   108   160  0.03294  0.20118  -4  165
509  523  0009  0.288  0.282   138   136  0.14694  0.21318  -4  168
509  534  0010  0.294  0.297  -135  -135  -0.24306  0.12318  -6  169
509  749  0011  0.288  0.271  -174  -171  -0.09306  0.20718  -7  170
509  442  0012  0.267  0.238   -56   161  0.02694  0.20118  -5  157
509  454  0013  0.286  0.238   -62   160  0.03294  0.20118  -4  164
509  446  0014  0.274  0.238    99   160  0.03294  0.20118  -4  165
509  457  0015  0.294  0.238    92   160  0.03294  0.20118  -5  163
509  517  0016  0.280  0.297     4     2  0.07494  -0.23682  -2  163
509  434  0017  0.267  0.238   -21   160  0.03294  0.20118  -3  158
509  551  0018  0.282  0.247   144   147  0.08694  0.20118  -5  167
509  455  0019  0.273  0.309   -18   -19  -0.03906  -0.26082  -4  159
509  786  0020  0.272  0.253   158   159  0.03894  0.21318  -9  166
509  650  0021  0.267  0.270  -143  -144  -0.19506  0.14118  -6  173
509  666  0022  0.291  0.294  -144  -144  -0.21306  0.15318  -5  172
509  449  0023  0.272  0.238    43   160  0.03294  0.20118  -4  161
509  454  0024  0.274  0.238   108   160  0.03294  0.20118  -5  164
509  550  0025  0.290  0.295    -4    -2  0.04494  -0.24282  -5  166
509  783  0026  0.262  0.254   173   170  -0.00906  0.21318  -8  174
509  708  0027  0.271  0.270  -155  -155  -0.15906  0.17118  -4  176
509  452  0028  0.266  0.271    85    84  0.26694  0.04518  -5  168
509  469  0029  0.283  0.297   -66   -67  -0.24306  -0.15882  -6  165
509  541  0030  0.277  0.275   126   127  0.17694  0.18918  -6  168
509  696  0031  0.286  0.259   160   160  0.03294  0.21918  -8  164
509  513  0032  0.268  0.273  -130  -130  -0.23706  0.09318  -8  169
509  880  0033  0.264  0.266  -166  -166  -0.11106  0.19518  -5  174
509  562  0034  0.288  0.317    18    18  0.15894  -0.21882  -0  161
509  530  0035  0.294  0.288   136   134  0.15894  0.21318  -3  167
509  484  0036  0.289  0.304   -41   -39  -0.14106  -0.23682  -4  160
509  442  0037  0.268  0.238    69   160  0.03294  0.20118  -4  167
509  445  0038  0.271  0.309   -18   -19  -0.03906  -0.26082  -4  159
509  719  0039  0.285  0.259   164   163  0.02094  0.21918  -8  166
509  500  0040  0.283  0.292    48    49  0.25494  -0.09882  -7  165
509  447  0041  0.268  0.238   -32   160  0.03294  0.20118  -2  158
509  512  0042  0.267  0.280    -5    -3  0.03894  -0.23082  -3  161
509  862  0043  0.261  0.252   162   162  0.02694  0.21318  -10  170
509  523  0044  0.271  0.278  -135  -134  -0.23106  0.11118  -7  171
509  469  0045  0.282  0.302   -40   -38  -0.13506  -0.23682  -4  159
509  452  0046  0.290  0.238   -87   160  0.03294  0.20118  -5  161
509  496  0047  0.281  0.301   -29   -28  -0.08706  -0.24882  -5  160
509  709  0048  0.277  0.275  -156  -156  -0.15906  0.17718  -4  176
509  529  0049  0.296  0.311   -68   -69  -0.26106  -0.15882  -5  165
36  476  0000  0.268  0.238   169   160  0.03294  0.20118  -3  155
36  464  0001  0.264  0.238    -4   160  0.03294  0.20118  -3  154
36  461  0002  0.269  0.238    79   160  0.03294  0.20118  -3  155
36  460  0003  0.261  0.238   103   160  0.03294  0.20118  -3  154
36  464  0004  0.265  0.238  -180   160  0.03294  0.20118  -3  156
36  461  0005  0.285  0.238   -41   160  0.03294  0.20118  -3  154
36  464  0006  0.266  0.238   127   160  0.03294  0.20118  -3  155
36  462  0007  0.277  0.238  -177   160  0.03294  0.20118  -3  156
36  461  0008  0.286  0.238  -120   160  0.03294  0.20118  -3  154
36  462  0009  0.273  0.238   -10   160  0.03294  0.20118  -3  154
36  482  0010  0.279  0.239   158   158  0.03894  0.20118  -3  155
36  457  0011  0.273  0.238  -159   160  0.03294  0.20118  -3  156
36  461  0012  0.273  0.238   115   160  0.03294  0.20118  -3  154
36  462  0013  0.267  0.238   -62   160  0.03294  0.20118  -3  154
36  470  0014  0.291  0.238   156   160  0.03294  0.20118  -3  154
36  462  0015  0.289  0.238  -127   160  0.03294  0.20118  -3  154
36  461  0016  0.287  0.238   179   160  0.03294  0.20118  -3  156
36  463  0017  0.291  0.238    93   160  0.03294  0.20118  -3  154
36  462  0018  0.295  0.238   -24   160  0.03294  0.20118  -3  154
36  461  0019  0.296  0.238    60   160  0.03294  0.20118  -3  155
36  461  0020  0.291  0.238  -174   160  0.03294  0.20118  -3  156
36  479  0021  0.281  0.238   159   160  0.03294  0.20118  -3  155
36  463  0022  0.292  0.238  -136   160  0.03294  0.20118  -3  155
36  460  0023  0.272  0.238   131   160  0.03294  0.20118  -3  155
36  462  0024  0.279  0.238   -54   160  0.03294  0.20118  -3  154
36  464  0025  0.283  0.238    -7   160  0.03294  0.20118  -3  154
36  466  0026  0.278  0.238    38   160  0.03294  0.20118  -3  154
36  462  0027  0.289  0.238  -133   160  0.03294  0.20118  -3  155
36  467  0028  0.296  0.239   149   158  0.03894  0.20118  -3  154
36  461  0029  0.291  0.238   -95   160  0.03294  0.20118  -3  154
36  464  0030  0.292  0.238    92   160  0.03294  0.20118  -3  154
36  462  0031  0.260  0.238     8   160  0.03294  0.20118  -3  154
36  463  0032  0.293  0.238    25   160  0.03294  0.20118  -3  154
36  460  0033  0.274  0.238    76   160  0.03294  0.20118  -3  155
36  461  0034  0.287  0.238   -51   160  0.03294  0.20118  -3  154
36  486  0035  0.264  0.238   158   160  0.03294  0.20118  -4  155
36  462  0036  0.265  0.238   -70   160  0.03294  0.20118  -3  154
36  461  0037  0.273  0.238   101   160  0.03294  0.20118  -3  154
36  460  0038  0.281  0.238   129   160  0.03294  0.20118  -3  155
36  462  0039  0.283  0.238   -12   160  0.03294  0.20118  -3  154
36  464  0040  0.286  0.238   -27   160  0.03294  0.20118  -3  154
36  463  0041  0.282  0.238    -6   160  0.03294  0.20118  -3  154
36  465  0042  0.271  0.238   -26   160  0.03294  0.20118  -3  154
36  460  0043  0.270  0.238  -168   160  0.03294  0.20118  -3  157
36  465  0044  0.282  0.239   146   158  0.03894  0.20118  -3  155
36  463  0045  0.260  0.238   -80   160  0.03294  0.20118  -3  154
36  462  0046  0.281  0.238    80   160  0.03294  0.20118  -3  154
36  461  0047  0.268  0.238   -37   160  0.03294  0.20118  -4  154
36  462  0048  0.274  0.238   -82   160  0.03294  0.20118  -4  154
36  461  0049  0.267  0.238   -97   160  0.03294  0.20118  -3  153
36  461  0050  0.294  0.238  -115   160  0.03294  0.20118  -3  154
36  463  0051  0.285  0.238   -91   160  0.03294  0.20118  -4  154
36  465  0052  0.286  0.238    -9   160  0.03294  0.20118  -3  154
36  463  0053  0.289  0.238  -144   160  0.03294  0.20118  -3  155
36  460  0054  0.278  0.238   136   160  0.03294  0.20118  -3  155
36  461  0055  0.260  0.238   -26   160  0.03294  0.20118  -3  154
36  464  0056  0.264  0.238   -19   160  0.03294  0.20118  -3  154
36  460  0057  0.276  0.238   121   160  0.03294  0.20118  -3  154
36  460  0058  0.288  0.238  -159   160  0.03294  0.20118  -3  156
36  462  0059  0.294  0.238   109   160  0.03294  0.20118  -3  154
36  463  0060  0.264  0.238  -134   160  0.03294  0.20118  -3  155
36  464  0061  0.280  0.238    83   160  0.03294  0.20118  -3  155
36  466  0062  0.280  0.239   144   158  0.03894  0.20118  -3  155
36  464  0063  0.271  0.238  -145   160  0.03294  0.20118  -3  156
36  459  0064  0.278  0.238    61   160  0.03294  0.20118  -3  155
36  460  0065  0.284  0.238   -98   160  0.03294  0.20118  -3  154
36  461  0066  0.276  0.238    94   160  0.03294  0.20118  -3  154
36  458  0067  0.259  0.238   130   160  0.03294  0.20118  -3  155
36  463  0068  0.265  0.238   -64   160  0.03294  0.20118  -3  154
36  461  0069  0.262  0.238    94   160  0.03294  0.20118  -3  155
36  460  0070  0.273  0.238   111   160  0.03294  0.20118  -3  154
36  463  0071  0.269  0.238    52   160  0.03294  0.20118  -3  155
36  466  0072  0.268  0.238   173   160  0.03294  0.20118  -3  156
36  462  0073  0.284  0.238   -39   160  0.03294  0.20118  -3  154
36  463  0074  0.279  0.238  -125   160  0.03294  0.20118  -3  155
36  461  0075  0.292  0.238    81   160  0.03294  0.20118  -3  155
36  472  0076  0.292  0.238   158   160  0.03294  0.20118  -3  154
36  464  0077  0.281  0.238   -32   160  0.03294  0.20118  -3  154
36  472  0078  0.289  0.238   155   160  0.03294  0.20118  -3  154
36  483  0079  0.270  0.238   161   160  0.03294  0.20118  -3  155
36  462  0080  0.265  0.238    -2   160  0.03294  0.20118  -3  154
36  462  0081  0.275  0.238  -116   160  0.03294  0.20118  -3  154
36  461  0082  0.289  0.238  -139   160  0.03294  0.20118  -3  155
36  464  0083  0.290  0.238    84   160  0.03294  0.20118  -3  155
36  462  0084  0.274  0.238     1   160  0.03294  0.20118  -3  154
36  460  0085  0.268  0.238  -173   160  0.03294  0.20118  -3  156
36  462  0086  0.267  0.238   -25   160  0.03294  0.20118  -3  154
36  460  0087  0.277  0.238    92   160  0.03294  0.20118  -3  154
36  460  0088  0.290  0.238    70   160  0.03294  0.20118  -3  154
36  464  0089  0.281  0.238   -69   160  0.03294  0.20118  -3  155
36  463  0090  0.292  0.238    48   160  0.03294  0.20118  -3  154
36  464  0091  0.289  0.239   146   158  0.03894  0.20118  -3  154
36  461  0092  0.291  0.238  -111   160  0.03294  0.20118  -4  155
36  461  0093  0.285  0.238   115   160  0.03294  0.20118  -3  154
36  461  0094  0.290  0.238    88   160  0.03294  0.20118  -3  154
36  461  0095  0.270  0.238   177   160  0.03294  0.20118  -3  156
36  462  0096  0.266  0.238   136   160  0.03294  0.20118  -3  155
36  465  0097  0.260  0.238    80   160  0.03294  0.20118  -3  154
36  461  0098  0.271  0.238    80   160  0.03294  0.20118  -3  154
36  460  0099  0.271  0.238  -160   160  0.03294  0.20118  -3  156
36  463  0100  0.267  0.238  -147   160  0.03294  0.20118  -3  155
36  460  0101  0.268  0.239  -170   158  0.03894  0.20118  -3  156
36  461  0102  0.279  0.238    25   160  0.03294  0.20118  -3  154
36  462  0103  0.278  0.238   -28   160  0.03294  0.20118  -3  154
36  462  0104  0.270  0.238  -129   160  0.03294  0.20118  -3  155
36  463  0105  0.287  0.238   -76   160  0.03294  0.20118  -3  155
36  461  0106  0.261  0.238     2   160  0.03294  0.20118  -3  154
36  464  0107  0.276  0.238   174   160  0.03294  0.20118  -3  156
36  469  0108  0.262  0.238   177   160  0.03294  0.20118  -3  156
36  464  0109  0.275  0.238  -117   160  0.03294  0.20118  -3  154
36  460  0110  0.268  0.238    95   160  0.03294  0.20118  -3  154
36  489  0111  0.260  0.238   164   160  0.03294  0.20118  -4  155
36  485  0112  0.261  0.238   166   160  0.03294  0.20118  -3  155
36  460  0113  0.278  0.238   -19   160  0.03294  0.20118  -3  154
36  459  0114  0.277  0.238   -33   160  0.03294  0.20118  -3  154
36  463  0115  0.268  0.238  -124   160  0.03294  0.20118  -3  155
36  461  0116  0.269  0.238   132   160  0.03294  0.20118  -3  155
36  463  0117  0.269  0.238  -126   160  0.03294  0.20118  -3  155
36  461  0118  0.273  0.238   -70   160  0.03294  0.20118  -3  154
36  478  0119  0.282  0.238   159   160  0.03294  0.20118  -3  154
36  460  0120  0.266  0.238    65   160  0.03294  0.20118  -4  154
36  464  0121  0.284  0.238    14   160  0.03294  0.20118  -3  154
36  460  0122  0.280  0.238    89   160  0.03294  0.20118  -4  154
36  459  0123  0.269  0.238  -177   160  0.03294  0.20118  -3  156
36  459  0124  0.262  0.238  -138   160  0.03294  0.20118  -3  155
36  460  0125  0.261  0.238  -105   160  0.03294  0.20118  -3  154
36  463  0126  0.265  0.238   -41   160  0.03294  0.20118  -3  153
36  463  0127  0.270  0.238     9   160  0.03294  0.20118  -3  154
36  465  0128  0.279  0.238  -144   160  0.03294  0.20118  -3  156
36  463  0129  0.263  0.238   -65   160  0.03294  0.20118  -3  154
36  459  0130  0.266  0.238   139   160  0.03294  0.20118  -3  155
36  463  0131  0.277  0.238   -72   160  0.03294  0.20118  -3  154
36  463  0132  0.291  0.238    55   160  0.03294  0.20118  -3  155
36  467  0133  0.281  0.238   173   160  0.03294  0.20118  -3  155
36  463  0134  0.289  0.238    49   160  0.03294  0.20118  -3  154
36  459  0135  0.275  0.238    90   160  0.03294  0.20118  -3  155
36  462  0136  0.290  0.238  -171   160  0.03294  0.20118  -3  156
36  463  0137  0.268  0.238    10   160  0.03294  0.20118  -2  154
36  464  0138  0.274  0.238   -67   160  0.03294  0.20118  -3  154
36  463  0139  0.268  0.238    97   160  0.03294  0.20118  -3  155
36  463  0140  0.289  0.238   -35   160  0.03294  0.20118  -3  154
36  464  0141  0.261  0.238   118   160  0.03294  0.20118  -3  154
36  460  0142  0.274  0.238    93   160  0.03294  0.20118  -3  154
36  458  0143  0.263  0.238  -147   160  0.03294  0.20118  -3  155
36  461  0144  0.283  0.238   113   160  0.03294  0.20118  -3  154
36  464  0145  0.275  0.238   106   160  0.03294  0.20118  -3  154
36  460  0146  0.284  0.238  -114   160  0.03294  0.20118  -3  154
36  461  0147  0.262  0.238   -12   160  0.03294  0.20118  -3  154
36  464  0148  0.273  0.238   -74   160  0.03294  0.20118  -3  155
36  457  0149  0.272  0.238   -13   160  0.03294  0.20118  -3  154
36  463  0150  0.275  0.238   175   160  0.03294  0.20118  -3  156
36  464  0151  0.293  0.238  -179   160  0.03294  0.20118  -3  155
36  465  0152  0.295  0.238   -40   160  0.03294  0.20118  -3  154
36  481  0153  0.273  0.238   163   160  0.03294  0.20118  -3  155
36  463  0154  0.291  0.238   -36   160  0.03294  0.20118  -3  154
36  463  0155  0.274  0.238    20   160  0.03294  0.20118  -3  154
36  477  0156  0.278  0.238   165   160  0.03294  0.20118  -3  155
36  463  0157  0.261  0.238    13   160  0.03294  0.20118  -3  154
36  461  0158  0.295  0.238  -100   160  0.03294  0.20118  -3  154
36  462  0159  0.278  0.238  -165   160  0.03294  0.20118  -3  157
36  461  0160  0.272  0.238    -3   160  0.03294  0.20118  -3  154
36  465  0161  0.281  0.238    49   160  0.03294  0.20118  -3  155
36  461  0162  0.291  0.238    19   160  0.03294  0.20118  -3  154
36  462  0163  0.279  0.238  -161   160  0.03294  0.20118  -3  156
36  459  0164  0.280  0.238   110   160  0.03294  0.20118  -3  154
36  476  0165  0.280  0.239   154   158  0.03894  0.20118  -3  155
36  462  0166  0.284  0.238  -149   160  0.03294  0.20118  -3  156
36  463  0167  0.277  0.238    33   160  0.03294  0.20118  -3  153
36  462  0168  0.295  0.238    25   160  0.03294  0.20118  -3  154
36  461  0169  0.266  0.238    96   160  0.03294  0.20118  -3  154
36  465  0170  0.277  0.238    38   160  0.03294  0.20118  -3  154
36  461  0171  0.291  0.238   -69   160  0.03294  0.20118  -3  154
36  461  0172  0.293  0.238    38   160  0.03294  0.20118  -3  154
36  460  0173  0.275  0.238    62   160  0.03294  0.20118  -4  154
36  461  0174  0.289  0.238    59   160  0.03294  0.20118  -3  155
36  464  0175  0.274  0.238  -152   160  0.03294  0.20118  -3  156
36  462  0176  0.279  0.238   139   160  0.03294  0.20118  -3  155
36  461  0177  0.261  0.238  -145   160  0.03294  0.20118  -3  156
36  466  0178  0.287  0.238   169   160  0.03294  0.20118  -3  155
36  461  0179  0.292  0.238    67   160  0.03294  0.20118  -3  154
36  460  0180  0.267  0.238   -16   160  0.03294  0.20118  -3  153
36  461  0181  0.284  0.238   -70   160  0.03294  0.20118  -3  154
36  470  0182  0.277  0.239   147   158  0.03894  0.20118  -3  155
36  460  0183  0.280  0.238   -53   160  0.03294  0.20118  -3  154
36  462  0184  0.291  0.238  -135   160  0.03294  0.20118  -3  155
36  461  0185  0.276  0.238   125   160  0.03294  0.20118  -3  155
36  464  0186  0.269  0.238     6   160  0.03294  0.20118  -3  154
36  461  0187  0.260  0.238    96   160  0.03294  0.20118  -3  154
36  460  0188  0.276  0.238  -101   160  0.03294  0.20118  -3  154
36  463  0189  0.265  0.238   -35   160  0.03294  0.20118  -3  153
36  482  0190  0.262  0.238   167   160  0.03294  0.20118  -3  155
36  465  0191  0.288  0.238    39   160  0.03294  0.20118  -3  154
36  462  0192  0.290  0.238  -130   160  0.03294  0.20118  -3  155
36  460  0193  0.272  0.238   -50   160  0.03294  0.20118  -3  154
36  459  0194  0.266  0.238   -21   160  0.03294  0.20118  -3  154
36  462  0195  0.290  0.238  -112   160  0.03294  0.20118  -3  155
36  463  0196  0.272  0.238   -56   160  0.03294  0.20118  -3  154
36  463  0197  0.294  0.238    13   160  0.03294  0.20118  -3  154
36  462  0198  0.265  0.238  -167   160  0.03294  0.20118  -3  157
36  463  0199  0.285  0.238   -68   160  0.03294  0.20118  -3  154
36  461  0200  0.285  0.238   -22   160  0.03294  0.20118  -4  154
36  461  0201  0.290  0.238    28   160  0.03294  0.20118  -3  154
36  464  0202  0.277  0.238  -151   160  0.03294  0.20118  -3  156
36  465  0203  0.278  0.238    33   160  0.03294  0.20118  -3  154
36  457  0204  0.261  0.238   138   160  0.03294  0.20118  -3  155
36  461  0205  0.284  0.238  -148   160  0.03294  0.20118  -3  155
36  460  0206  0.272  0.238  -100   160  0.03294  0.20118  -3  154
36  461  0207  0.294  0.238   -64   160  0.03294  0.20118  -3  154
36  463  0208  0.272  0.238  -138   160  0.03294  0.20118  -3  155
36  462  0209  0.284  0.238     1   160  0.03294  0.20118  -3  154
36  460  0210  0.285  0.238   -23   160  0.03294  0.20118  -3  154
36  460  0211  0.267  0.238    95   160  0.03294  0.20118  -3  154
36  461  0212  0.267  0.238    88   160  0.03294  0.20118  -3  155
36  463  0213  0.275  0.238   -36   160  0.03294  0.20118  -3  154
36  463  0214  0.295  0.238   -12   160  0.03294  0.20118  -3  154
36  460  0215  0.266  0.238  -138   160  0.03294  0.20118  -3  155
36  462  0216  0.290  0.238    18   160  0.03294  0.20118  -3  154
36  461  0217  0.290  0.238   -20   160  0.03294  0.20118  -3  154
36  465  0218  0.285  0.238   122   160  0.03294  0.20118  -3  154
36  462  0219  0.265  0.238   110   160  0.03294  0.20118  -3  154
36  461  0220  0.292  0.238   130   160  0.03294  0.20118  -3  154
36  462  0221  0.295  0.238   134   160  0.03294  0.20118  -3  155
36  460  0222  0.265  0.257  -172  -170  -0.09306  0.19518  -4  156
36  466  0223  0.288  0.238  -178   160  0.03294  0.20118  -3  156
36  465  0224  0.291  0.238   118   160  0.03294  0.20118  -3  154
36  459  0225  0.285  0.238   -95   160  0.03294  0.20118  -3  154
36  466  0226  0.265  0.238   177   160  0.03294  0.20118  -3  156
36  459  0227  0.296  0.238    63   160  0.03294  0.20118  -3  155
36  462  0228  0.283  0.238  -144   160  0.03294  0.20118  -3  155
36  463  0229  0.270  0.238   -27   160  0.03294  0.20118  -3  154
36  463  0230  0.289  0.238    79   160  0.03294  0.20118  -3  155
36  462  0231  0.280  0.238   -40   160  0.03294  0.20118  -3  154
36  463  0232  0.283  0.238    77   160  0.03294  0.20118  -3  155
36  460  0233  0.265  0.238  -147   160  0.03294  0.20118  -3  156
36  466  0234  0.281  0.238    29   160  0.03294  0.20118  -3  154
36  462  0235  0.277  0.238  -116   160  0.03294  0.20118  -3  154
36  462  0236  0.281  0.238   -38   160  0.03294  0.20118  -3  154
36  460  0237  0.282  0.238   -52   160  0.03294  0.20118  -3  154
36  463  0238  0.276  0.238  -150   160  0.03294  0.20118  -3  156
36  465  0239  0.272  0.238    21   160  0.03294  0.20118  -3  154
36  464  0240  0.295  0.238  -177   160  0.03294  0.20118  -3  155
36  462  0241  0.282  0.238    41   160  0.03294  0.20118  -3  154
36  463  0242  0.280  0.238  -124   160  0.03294  0.20118  -3  154
36  461  0243  0.275  0.238  -147   160  0.03294  0.20118  -3  155
36  460  0244  0.263  0.238   133   160  0.03294  0.20118  -3  155
36  462  0245  0.268  0.238   -66   160  0.03294  0.20118  -3  154
36  463  0246  0.276  0.238   -86   160  0.03294  0.20118  -3  154
36  465  0247  0.274  0.238  -136   160  0.03294  0.20118  -3  155
36  463  0248  0.294  0.238  -171   160  0.03294  0.20118  -3  156
36  463  0249  0.277  0.238   -22   160  0.03294  0.20118  -3  154
36  463  0250  0.264  0.238   -64   160  0.03294  0.20118  -3  154
36  460  0251  0.276  0.238   -99   160  0.03294  0.20118  -3  154
36  462  0252  0.261  0.238  -150   160  0.03294  0.20118  -3  156
36  461  0253  0.262  0.238     3   160  0.03294  0.20118  -3  154
36  461  0254  0.289  0.238   -23   160  0.03294  0.20118  -3  154
36  461  0255  0.271  0.238   139   160  0.03294  0.20118  -3  155
36  460  0256  0.290  0.238   -55   160  0.03294  0.20118  -3  154
36  459  0257  0.260  0.238    69   160  0.03294  0.20118  -3  154
36  462  0258  0.285  0.238   -21   160  0.03294  0.20118  -3  154
36  463  0259  0.293  0.238     5   160  0.03294  0.20118  -3  154
36  464  0260  0.294  0.238  -179   160  0.03294  0.20118  -3  155
36  463  0261  0.267  0.238    12   160  0.03294  0.20118  -3  154
36  462  0262  0.268  0.238    47   160  0.03294  0.20118  -3  154
36  461  0263  0.296  0.238  -105   160  0.03294  0.20118  -3  154
36  474  0264  0.289  0.238   160   160  0.03294  0.20118  -4  154
36  459  0265  0.266  0.238   -16   160  0.03294  0.20118  -3  154
36  466  0266  0.275  0.238   -62   160  0.03294  0.20118  -3  154
36  459  0267  0.295  0.238  -146   160  0.03294  0.20118  -3  155
36  459  0268  0.280  0.238    68   160  0.03294  0.20118  -3  154
36  464  0269  0.273  0.238   109   160  0.03294  0.20118  -3  154
36  462  0270  0.283  0.238   -74   160  0.03294  0.20118  -3  154
36  462  0271  0.267  0.238   -60   160  0.03294  0.20118  -3  154
36  462  0272  0.278  0.238   178   160  0.03294  0.20118  -3  156
36  462  0273  0.291  0.238   -23   160  0.03294  0.20118  -3  154
36  462  0274  0.292  0.238  -134   160  0.03294  0.20118  -3  155
36  463  0275  0.294  0.238    16   160  0.03294  0.20118  -3  154
36  464  0276  0.267  0.238   -79   160  0.03294  0.20118  -3  154
36  463  0277  0.284  0.238   -85   160  0.03294  0.20118  -3  154
36  460  0278  0.266  0.238   -39   160  0.03294  0.20118  -3  153
36  482  0279  0.267  0.238   165   160  0.03294  0.20118  -3  155
36  463  0280  0.287  0.238    48   160  0.03294  0.20118  -4  154
36  464  0281  0.260  0.238   179   160  0.03294  0.20118  -3  156
36  460  0282  0.263  0.238   140   160  0.03294  0.20118  -3  155
36  461  0283  0.273  0.238  -178   160  0.03294  0.20118  -3  156
36  463  0284  0.275  0.238  -124   160  0.03294  0.20118  -3  155
36  464  0285  0.274  0.238   -86   160  0.03294  0.20118  -3  154
36  476  0286  0.285  0.238   163   160  0.03294  0.20118  -3  155
36  463  0287  0.260  0.238  -113   160  0.03294  0.20118  -3  155
36  462  0288  0.293  0.238  -158   160  0.03294  0.20118  -3  155
36  458  0289  0.270  0.238    -9   160  0.03294  0.20118  -3  154
36  479  0290  0.273  0.239   153   158  0.03894  0.20118  -3  155
36  472  0291  0.288  0.238   161   160  0.03294  0.20118  -3  154
36  472  0292  0.295  0.238   164   160  0.03294  0.20118  -3  154
36  462  0293  0.284  0.238   140   160  0.03294  0.20118  -3  155
36  462  0294  0.281  0.238    96   160  0.03294  0.20118  -3  154
36  461  0295  0.282  0.238   -93   160  0.03294  0.20118  -3  154
36  463  0296  0.280  0.238     8   160  0.03294  0.20118  -3  154
36  464  0297  0.259  0.238  -124   160  0.03294  0.20118  -3  155
36  471  0298  0.286  0.238   168   160  0.03294  0.20118  -3  155
36  461  0299  0.285  0.238  -146   160  0.03294  0.20118  -3  155
36  460  0300  0.260  0.238    39   160  0.03294  0.20118  -3  154
36  462  0301  0.264  0.238  -120   160  0.03294  0.20118  -3  155
36  468  0302  0.295  0.238   -90   160  0.03294  0.20118  -3  154
36  462  0303  0.264  0.238     6   160  0.03294  0.20118  -3  154
36  460  0304  0.269  0.238  -160   160  0.03294  0.20118  -3  156
36  462  0305  0.286  0.238  -141   160  0.03294  0.20118  -3  155
36  461  0306  0.266  0.238    58   160  0.03294  0.20118  -3  155
36  464  0307  0.286  0.238   -85   160  0.03294  0.20118  -3  154
36  462  0308  0.283  0.238   -10   160  0.03294  0.20118  -3  154
36  463  0309  0.284  0.238    48   160  0.03294  0.20118  -4  154
36  467  0310  0.290  0.238  -178   160  0.03294  0.20118  -3  156
36  464  0311  0.273  0.238   -83   160  0.03294  0.20118  -3  154
36  466  0312  0.289  0.238   116   160  0.03294  0.20118  -3  154
36  459  0313  0.263  0.238  -167   160  0.03294  0.20118  -3  157
36  460  0314  0.274  0.238    52   160  0.03294  0.20118  -3  154
36  461  0315  0.288  0.238  -146   160  0.03294  0.20118  -3  155
36  463  0316  0.276  0.238   -90   160  0.03294  0.20118  -3  154
36  463  0317  0.279  0.238    20   160  0.03294  0.20118  -3  154
36  462  0318  0.281  0.238   103   160  0.03294  0.20118  -3  154
36  462  0319  0.290  0.238   175   160  0.03294  0.20118  -3  155
36  460  0320  0.295  0.238   -68   160  0.03294  0.20118  -3  154
36  464  0321  0.264  0.238   176   160  0.03294  0.20118  -3  156
36  460  0322  0.282  0.238    72   160  0.03294  0.20118  -3  154
36  460  0323  0.271  0.238  -179   160  0.03294  0.20118  -3  156
36  468  0324  0.275  0.239   143   158  0.03894  0.20118  -3  155
36  462  0325  0.261  0.238   -29   160  0.03294  0.20118  -3  153
36  462  0326  0.291  0.238     9   160  0.03294  0.20118  -3  154
36  463  0327  0.296  0.238    96   160  0.03294  0.20118  -3  154
36  461  0328  0.278  0.238   -91   160  0.03294  0.20118  -4  154
36  462  0329  0.272  0.238    47   160  0.03294  0.20118  -3  154
36  458  0330  0.270  0.238    37   160  0.03294  0.20118  -3  154
36  464  0331  0.289  0.238    37   160  0.03294  0.20118  -3  154
36  457  0332  0.272  0.238   -13   160  0.03294  0.20118  -3  154
36  463  0333  0.264  0.238  -140   160  0.03294  0.20118  -3  155
36  460  0334  0.279  0.238   -16   160  0.03294  0.20118  -3  154
36  465  0335  0.278  0.238    35   160  0.03294  0.20118  -3  154
36  463  0336  0.279  0.238   -46   160  0.03294  0.20118  -3  153
36  464  0337  0.280  0.238    99   160  0.03294  0.20118  -3  154
36  461  0338  0.293  0.238  -164   160  0.03294  0.20118  -3  156
36  459  0339  0.270  0.238    65   160  0.03294  0.20118  -3  154
36  460  0340  0.276  0.238  -141   160  0.03294  0.20118  -3  155
36  460  0341  0.269  0.257  -169  -170  -0.09306  0.19518  -4  156
36  458  0342  0.260  0.238   -88   160  0.03294  0.20118  -3  153
36  463  0343  0.292  0.238   -79   160  0.03294  0.20118  -3  155
36  461  0344  0.295  0.238   -21   160  0.03294  0.20118  -3  154
36  461  0345  0.280  0.238    20   160  0.03294  0.20118  -3  154
36  461  0346  0.264  0.238    43   160  0.03294  0.20118  -3  154
36  463  0347  0.290  0.238   122   160  0.03294  0.20118  -3  154
36  462  0348  0.278  0.238  -168   160  0.03294  0.20118  -3  156
36  461  0349  0.262  0.238  -110   160  0.03294  0.20118  -3  155
36  461  0350  0.280  0.238    63   160  0.03294  0.20118  -3  154
36  464  0351  0.295  0.238    85   160  0.03294  0.20118  -3  155
36  462  0352  0.285  0.238    29   160  0.03294  0.20118  -3  154
36  460  0353  0.265  0.238   122   160  0.03294  0.20118  -3  155
36  462  0354  0.287  0.238   -13   160  0.03294  0.20118  -3  154
36  463  0355  0.291  0.238   105   160  0.03294  0.20118  -3  154
36  460  0356  0.286  0.238  -135   160  0.03294  0.20118  -3  155
36  467  0357  0.271  0.238   172   160  0.03294  0.20118  -3  155
36  464  0358  0.285  0.238  -173   160  0.03294  0.20118  -3  156
36  463  0359  0.286  0.238    85   160  0.03294  0.20118  -3  155
36  458  0360  0.285  0.238  -158   160  0.03294  0.20118  -3  156
36  461  0361  0.278  0.238  -173   160  0.03294  0.20118  -3  156
36  463  0362  0.296  0.238   -74   160  0.03294  0.20118  -3  155
36  469  0363  0.281  0.238   171   160  0.03294  0.20118  -3  155
36  461  0364  0.260  0.238   -13   160  0.03294  0.20118  -3  154
36  463  0365  0.293  0.238   147   160  0.03294  0.20118  -3  154
36  464  0366  0.276  0.238    55   160  0.03294  0.20118  -3  155
36  461  0367  0.283  0.238  -178   160  0.03294  0.20118  -3  156
36  462  0368  0.290  0.238    57   160  0.03294  0.20118  -3  155
36  460  0369  0.267  0.238    59   160  0.03294  0.20118  -3  155
36  461  0370  0.289  0.238    87   160  0.03294  0.20118  -3  154
36  461  0371  0.263  0.238  -157   160  0.03294  0.20118  -3  156
36  465  0372  0.288  0.238   -32   160  0.03294  0.20118  -3  154
36  463  0373  0.283  0.238   123   160  0.03294  0.20118  -3  154
36  461  0374  0.268  0.238   115   160  0.03294  0.20118  -4  154
36  461  0375  0.283  0.238  -106   160  0.03294  0.20118  -3  154
36  463  0376  0.271  0.238   126   160  0.03294  0.20118  -3  155
36  462  0377  0.289  0.238   -43   160  0.03294  0.20118  -3  154
36  460  0378  0.292  0.238   -56   160  0.03294  0.20118  -3  154
36  462  0379  0.266  0.238    35   160  0.03294  0.20118  -3  154
36  463  0380  0.264  0.238   131   160  0.03294  0.20118  -3  155
36  461  0381  0.282  0.238    70   160  0.03294  0.20118  -3  154
36  460  0382  0.261  0.238   -24   160  0.03294  0.20118  -3  154
36  463  0383  0.265  0.238  -129   160  0.03294  0.20118  -3  155
36  462  0384  0.278  0.238  -122   160  0.03294  0.20118  -3  154
36  462  0385  0.282  0.238   -74   160  0.03294  0.20118  -3  154
36  460  0386  0.264  0.238   124   160  0.03294  0.20118  -3  155
36  456  0387  0.262  0.238  -159   160  0.03294  0.20118  -3  156
36  461  0388  0.294  0.238    61   160  0.03294  0.20118  -3  155
36  461  0389  0.271  0.238  -167   160  0.03294  0.20118  -3  156
36  460  0390  0.263  0.238    28   160  0.03294  0.20118  -3  154
36  484  0391  0.263  0.238   166   160  0.03294  0.20118  -3  155
36  476  0392  0.266  0.238   170   160  0.03294  0.20118  -3  156
36  461  0393  0.290  0.238  -177   160  0.03294  0.20118  -3  156
36  459  0394  0.279  0.238  -134   160  0.03294  0.20118  -3  155
36  475  0395  0.277  0.238   167   160  0.03294  0.20118  -3  155
36  461  0396  0.287  0.238   -59   160  0.03294  0.20118  -3  154
36  463  0397  0.272  0.238    30   160  0.03294  0.20118  -3  154
36  460  0398  0.261  0.238   -50   160  0.03294  0.20118  -3  153
36  463  0399  0.264  0.238  -112   160  0.03294  0.20118  -3  155
36  460  0400  0.276  0.238   -73   160  0.03294  0.20118  -3  154
36  461  0401  0.278  0.238  -132   160  0.03294  0.20118  -3  155
36  461  0402  0.272  0.238    94   160  0.03294  0.20118  -3  154
36  461  0403  0.292  0.238  -117   160  0.03294  0.20118  -3  154
36  463  0404  0.289  0.238   -72   160  0.03294  0.20118  -3  154
36  461  0405  0.284  0.238    97   160  0.03294  0.20118  -3  154
36  463  0406  0.264  0.238  -130   160  0.03294  0.20118  -3  155
36  463  0407  0.260  0.238  -113   160  0.03294  0.20118  -3  155
36  464  0408  0.282  0.238    32   160  0.03294  0.20118  -3  154
36  460  0409  0.266  0.238   -12   160  0.03294  0.20118  -3  154
36  467  0410  0.286  0.239   148   158  0.03894  0.20118  -3  154
36  461  0411  0.266  0.238   120   160  0.03294  0.20118  -3  155
36  469  0412  0.281  0.239   149   158  0.03894  0.20118  -3  155
36  463  0413  0.271  0.238    58   160  0.03294  0.20118  -3  155
36  473  0414  0.287  0.238   157   160  0.03294  0.20118  -3  154
36  462  0415  0.293  0.238  -105   160  0.03294  0.20118  -3  154
36  464  0416  0.265  0.238  -180   160  0.03294  0.20118  -3  156
36  462  0417  0.262  0.238   -29   160  0.03294  0.20118  -3  153
36  455  0418  0.260  0.238  -155   160  0.03294  0.20118  -3  156
36  460  0419  0.262  0.238   116   160  0.03294  0.20118  -3  154
36  463  0420  0.293  0.238    18   160  0.03294  0.20118  -3  154
36  465  0421  0.269  0.238  -120   160  0.03294  0.20118  -3  155
36  463  0422  0.271  0.238   -27   160  0.03294  0.20118  -3  154
36  463  0423  0.294  0.238  -130   160  0.03294  0.20118  -4  155
36  465  0424  0.292  0.238   117   160  0.03294  0.20118  -3  154
36  464  0425  0.277  0.238    -4   160  0.03294  0.20118  -3  154
36  465  0426  0.293  0.238   103   160  0.03294  0.20118  -3  154
36  463  0427  0.261  0.238    77   160  0.03294  0.20118  -3  154
36  464  0428  0.271  0.238   -59   160  0.03294  0.20118  -3  154
36  487  0429  0.267  0.238   159   160  0.03294  0.20118  -3  155
36  459  0430  0.277  0.238    63   160  0.03294  0.20118  -3  154
36  460  0431  0.259  0.238   111   160  0.03294  0.20118  -3  154
36  479  0432  0.277  0.238   165   160  0.03294  0.20118  -3  155
36  462  0433  0.281  0.238   -12   160  0.03294  0.20118  -3  154
36  463  0434  0.294  0.238  -118   160  0.03294  0.20118  -3  154
36  463  0435  0.280  0.238   -46   160  0.03294  0.20118  -3  153
36  482  0436  0.275  0.238   160   160  0.03294  0.20118  -4  155
36  462  0437  0.274  0.238   -68   160  0.03294  0.20118  -3  154
36  487  0438  0.267  0.238   162   160  0.03294  0.20118  -3  155
36  461  0439  0.283  0.238   -22   160  0.03294  0.20118  -3  154
36  460  0440  0.282  0.238    73   160  0.03294  0.20118  -3  154
36  462  0441  0.279  0.238    16   160  0.03294  0.20118  -3  154
36  456  0442  0.287  0.238  -160   160  0.03294  0.20118  -3  156
36  462  0443  0.276  0.238   -35   160  0.03294  0.20118  -3  154
36  483  0444  0.272  0.238   158   160  0.03294  0.20118  -3  155
36  461  0445  0.260  0.238    32   160  0.03294  0.20118  -3  153
36  460  0446  0.268  0.238    73   160  0.03294  0.20118  -3  154
36  461  0447  0.267  0.238  -109   160  0.03294  0.20118  -3  154
36  461  0448  0.265  0.238    48   160  0.03294  0.20118  -3  154
36  461  0449  0.265  0.238   143   160  0.03294  0.20118  -3  155
36  461  0450  0.273  0.238    61   160  0.03294  0.20118  -3  155
36  462  0451  0.295  0.238  -147   160  0.03294  0.20118  -3  155
36  461  0452  0.275  0.238    -5   160  0.03294  0.20118  -3  154
36  463  0453  0.296  0.238   146   160  0.03294  0.20118  -3  154
36  463  0454  0.294  0.238   -26   160  0.03294  0.20118  -4  154
36  463  0455  0.280  0.238    28   160  0.03294  0.20118  -3  154
36  463  0456  0.264  0.238  -175   160  0.03294  0.20118  -3  157
36  462  0457  0.286  0.238   -68   160  0.03294  0.20118  -3  154
36  464  0458  0.273  0.238  -143   160  0.03294  0.20118  -3  156
36  461  0459  0.283  0.238   -73   160  0.03294  0.20118  -3  155
36  460  0460  0.282  0.238    -1   160  0.03294  0.20118  -3  154
36  460  0461  0.270  0.239   141   158  0.03894  0.20118  -3  155
36  462  0462  0.267  0.238    32   160  0.03294  0.20118  -3  153
36  471  0463  0.281  0.238   169   160  0.03294  0.20118  -3  155
36  463  0464  0.283  0.238  -170   160  0.03294  0.20118  -3  156
36  462  0465  0.261  0.238    54   160  0.03294  0.20118  -3  155
36  464  0466  0.286  0.238   -86   160  0.03294  0.20118  -4  154
36  462  0467  0.278  0.238  -179   160  0.03294  0.20118  -3  156
36  462  0468  0.292  0.238    44   160  0.03294  0.20118  -3  154
36  465  0469  0.284  0.238   -67   160  0.03294  0.20118  -3  154
36  461  0470  0.281  0.238   -22   160  0.03294  0.20118  -3  154
36  460  0471  0.278  0.238  -105   160  0.03294  0.20118  -3  154
36  462  0472  0.267  0.238   -28   160  0.03294  0.20118  -3  154
36  462  0473  0.277  0.238  -148   160  0.03294  0.20118  -3  156
36  460  0474  0.284  0.238    -1   160  0.03294  0.20118  -3  154
36  462  0475  0.276  0.238  -102   160  0.03294  0.20118  -3  154
36  465  0476  0.281  0.238  -176   160  0.03294  0.20118  -3  156
36  463  0477  0.286  0.238     7   160  0.03294  0.20118  -3  154
36  461  0478  0.283  0.238   142   160  0.03294  0.20118  -3  155
36  463  0479  0.273  0.238    47   160  0.03294  0.20118  -3  154
