89  1238  0000  0.510  0.610    10    -1  0.49120  -0.29079  -8  994
89  1238  0001  0.582  0.610     9    -1  0.49120  -0.29079  -8  994
89  1238  0002  0.467  0.610    11    -1  0.49120  -0.29079  -8  994
89  1239  0003  0.516  0.610    21    -1  0.49120  -0.29079  -8  994
89  1242  0004  0.464  0.610     7    -1  0.49120  -0.29079  -8  994
89  1237  0005  0.462  0.610    18    -1  0.49120  -0.29079  -8  994
89  1237  0006  0.498  0.610    17    -1  0.49120  -0.29079  -8  994
89  1239  0007  0.538  0.610    18    -1  0.49120  -0.29079  -8  994
89  1236  0008  0.473  0.610    13    -1  0.49120  -0.29079  -8  994
89  1237  0009  0.510  0.610    11    -1  0.49120  -0.29079  -8  994
89  1237  0010  0.600  0.610    23    -1  0.49120  -0.29079  -8  994
89  1239  0011  0.568  0.610    21    -1  0.49120  -0.29079  -8  994
89  1238  0012  0.494  0.610    18    -1  0.49120  -0.29079  -8  994
89  1239  0013  0.496  0.610    10    -1  0.49120  -0.29079  -8  994
89  1238  0014  0.530  0.610    22    -1  0.49120  -0.29079  -8  994
89  1238  0015  0.603  0.610    20    -1  0.49120  -0.29079  -8  994
89  1236  0016  0.518  0.610     7    -1  0.49120  -0.29079  -8  994
89  1235  0017  0.537  0.610     8    -1  0.49120  -0.29079  -8  994
89  1238  0018  0.538  0.610    22    -1  0.49120  -0.29079  -8  994
89  1236  0019  0.462  0.610    14    -1  0.49120  -0.29079  -8  994
89  1238  0020  0.569  0.610    23    -1  0.49120  -0.29079  -8  994
89  1236  0021  0.601  0.610    17    -1  0.49120  -0.29079  -8  994
89  1238  0022  0.501  0.610    11    -1  0.49120  -0.29079  -8  994
89  1239  0023  0.610  0.610     7    -1  0.49120  -0.29079  -8  994
89  1239  0024  0.612  0.610     8    -1  0.49120  -0.29079  -8  994
89  1239  0025  0.545  0.610    19    -1  0.49120  -0.29079  -8  994
89  1236  0026  0.495  0.610    15    -1  0.49120  -0.29079  -8  994
89  1239  0027  0.573  0.610    22    -1  0.49120  -0.29079  -8  994
89  1236  0028  0.497  0.610    15    -1  0.49120  -0.29079  -8  994
89  1241  0029  0.479  0.610     7    -1  0.49120  -0.29079  -8  994
89  1234  0030  0.563  0.610     7    -1  0.49120  -0.29079  -8  994
89  1237  0031  0.524  0.610     9    -1  0.49120  -0.29079  -8  994
89  1239  0032  0.525  0.610    18    -1  0.49120  -0.29079  -8  994
89  1236  0033  0.537  0.610    11    -1  0.49120  -0.29079  -8  994
89  1238  0034  0.462  0.610    19    -1  0.49120  -0.29079  -8  994
89  1238  0035  0.504  0.610    18    -1  0.49120  -0.29079  -8  994
89  1239  0036  0.601  0.610     8    -1  0.49120  -0.29079  -8  994
89  1237  0037  0.465  0.610    12    -1  0.49120  -0.29079  -8  994
89  1239  0038  0.491  0.610    10    -1  0.49120  -0.29079  -8  994
89  1236  0039  0.540  0.610    11    -1  0.49120  -0.29079  -8  994
89  1237  0040  0.490  0.610    12    -1  0.49120  -0.29079  -8  994
89  1236  0041  0.516  0.610    13    -1  0.49120  -0.29079  -8  994
89  1238  0042  0.595  0.610    20    -1  0.49120  -0.29079  -8  994
89  1236  0043  0.480  0.610    16    -1  0.49120  -0.29079  -8  994
89  1238  0044  0.482  0.610    19    -1  0.49120  -0.29079  -8  994
89  1234  0045  0.527  0.610     7    -1  0.49120  -0.29079  -8  994
89  1238  0046  0.613  0.610     6    -1  0.49120  -0.29079  -8  994
89  1239  0047  0.618  0.610    11    -1  0.49120  -0.29079  -8  994
89  1238  0048  0.612  0.610    22    -1  0.49120  -0.29079  -8  994
89  1238  0049  0.503  0.610     8    -1  0.49120  -0.29079  -8  994
134  1239  0000  0.594  0.610    10    -1  0.49120  -0.29079  -8  994
134  1240  0001  0.537  0.610    20    -1  0.49120  -0.29079  -8  994
134  1237  0002  0.478  0.610    22    -1  0.49120  -0.29079  -8  994
134  1235  0003  0.481  0.610    15    -1  0.49120  -0.29079  -8  994
134  1235  0004  0.527  0.610    13    -1  0.49120  -0.29079  -8  994
134  1236  0005  0.560  0.610    16    -1  0.49120  -0.29079  -8  994
134  1237  0006  0.570  0.610    10    -1  0.49120  -0.29079  -8  994
134  1234  0007  0.532  0.610     8    -1  0.49120  -0.29079  -8  994
134  1237  0008  0.496  0.610    22    -1  0.49120  -0.29079  -8  994
134  1237  0009  0.481  0.610    22    -1  0.49120  -0.29079  -8  994
134  1240  0010  0.566  0.610    21    -1  0.49120  -0.29079  -8  994
134  1240  0011  0.559  0.610    19    -1  0.49120  -0.29079  -8  994
134  1235  0012  0.517  0.610    14    -1  0.49120  -0.29079  -8  994
134  1238  0013  0.598  0.610     7    -1  0.49120  -0.29079  -8  994
134  1236  0014  0.506  0.610    13    -1  0.49120  -0.29079  -8  994
134  1235  0015  0.577  0.610    14    -1  0.49120  -0.29079  -8  994
134  1237  0016  0.478  0.610    12    -1  0.49120  -0.29079  -8  994
134  1236  0017  0.496  0.610    15    -1  0.49120  -0.29079  -8  994
134  1240  0018  0.566  0.610    21    -1  0.49120  -0.29079  -8  994
134  1239  0019  0.593  0.610    20    -1  0.49120  -0.29079  -8  994
134  1239  0020  0.586  0.610    20    -1  0.49120  -0.29079  -8  994
134  1239  0021  0.528  0.610    17    -1  0.49120  -0.29079  -8  994
134  1236  0022  0.594  0.610    13    -1  0.49120  -0.29079  -8  994
134  1238  0023  0.618  0.610     7    -1  0.49120  -0.29079  -8  994
134  1237  0024  0.599  0.610    19    -1  0.49120  -0.29079  -8  994
134  1237  0025  0.509  0.610    16    -1  0.49120  -0.29079  -8  994
134  1240  0026  0.560  0.610    19    -1  0.49120  -0.29079  -8  994
134  1236  0027  0.478  0.610    12    -1  0.49120  -0.29079  -8  994
134  1239  0028  0.578  0.610    20    -1  0.49120  -0.29079  -8  994
134  1236  0029  0.478  0.610    16    -1  0.49120  -0.29079  -8  994
134  1236  0030  0.564  0.610    11    -1  0.49120  -0.29079  -8  994
134  1230  0031  0.558  0.610     6    -1  0.49120  -0.29079  -8  994
134  1233  0032  0.574  0.610     6    -1  0.49120  -0.29079  -8  994
134  1238  0033  0.486  0.610    21    -1  0.49120  -0.29079  -8  994
134  1238  0034  0.586  0.610    23    -1  0.49120  -0.29079  -8  994
134  1237  0035  0.503  0.610    16    -1  0.49120  -0.29079  -8  994
134  1235  0036  0.588  0.610    16    -1  0.49120  -0.29079  -8  994
134  1235  0037  0.581  0.610     7    -1  0.49120  -0.29079  -8  994
134  1237  0038  0.514  0.610     9    -1  0.49120  -0.29079  -8  994
134  1239  0039  0.552  0.610    18    -1  0.49120  -0.29079  -8  994
134  1238  0040  0.501  0.610     7    -1  0.49120  -0.29079  -8  994
134  1236  0041  0.519  0.610    15    -1  0.49120  -0.29079  -8  994
134  1235  0042  0.550  0.610    11    -1  0.49120  -0.29079  -8  994
134  1236  0043  0.570  0.610     8    -1  0.49120  -0.29079  -8  994
134  1235  0044  0.477  0.610    15    -1  0.49120  -0.29079  -8  994
134  1238  0045  0.502  0.610    18    -1  0.49120  -0.29079  -8  994
134  1242  0046  0.480  0.610     8    -1  0.49120  -0.29079  -8  994
134  1236  0047  0.485  0.610    13    -1  0.49120  -0.29079  -8  994
134  1235  0048  0.569  0.610    13    -1  0.49120  -0.29079  -8  994
134  1235  0049  0.564  0.610     8    -1  0.49120  -0.29079  -8  994
179  1234  0000  0.481  0.610    13    -1  0.49120  -0.29079  -8  994
179  1234  0001  0.588  0.610    15    -1  0.49120  -0.29079  -8  994
179  1238  0002  0.522  0.610    23    -1  0.49120  -0.29079  -8  994
179  1245  0003  0.470  0.610     8    -1  0.49120  -0.29079  -8  994
179  1236  0004  0.573  0.610    17    -1  0.49120  -0.29079  -8  994
179  1236  0005  0.471  0.610    17    -1  0.49120  -0.29079  -8  994
179  1235  0006  0.570  0.610    15    -1  0.49120  -0.29079  -8  994
179  1234  0007  0.546  0.610     9    -1  0.49120  -0.29079  -8  994
179  1238  0008  0.493  0.610    11    -1  0.49120  -0.29079  -8  994
179  1233  0009  0.521  0.610     7    -1  0.49120  -0.29079  -8  994
179  1238  0010  0.494  0.610    11    -1  0.49120  -0.29079  -8  994
179  1234  0011  0.488  0.610    15    -1  0.49120  -0.29079  -8  994
179  1240  0012  0.573  0.610    20    -1  0.49120  -0.29079  -8  994
179  1235  0013  0.536  0.610    14    -1  0.49120  -0.29079  -8  994
179  1234  0014  0.604  0.610    15    -1  0.49120  -0.29079  -8  994
179  1237  0015  0.577  0.610    11    -1  0.49120  -0.29079  -8  994
179  1235  0016  0.495  0.610    13    -1  0.49120  -0.29079  -8  994
179  1240  0017  0.524  0.610    20    -1  0.49120  -0.29079  -8  994
179  1240  0018  0.519  0.610    20    -1  0.49120  -0.29079  -8  994
179  1234  0019  0.618  0.610    14    -1  0.49120  -0.29079  -8  994
179  1234  0020  0.603  0.610    14    -1  0.49120  -0.29079  -8  994
179  1237  0021  0.542  0.610    16    -1  0.49120  -0.29079  -8  994
179  1238  0022  0.519  0.610    17    -1  0.49120  -0.29079  -8  994
179  1233  0023  0.613  0.610    15    -1  0.49120  -0.29079  -8  994
179  1236  0024  0.506  0.610    16    -1  0.49120  -0.29079  -8  994
179  1236  0025  0.563  0.610    16    -1  0.49120  -0.29079  -8  994
179  1228  0026  0.552  0.610     7    -1  0.49120  -0.29079  -8  994
179  1244  0027  0.476  0.610     9    -1  0.49120  -0.29079  -8  994
179  1238  0028  0.502  0.610     7    -1  0.49120  -0.29079  -8  994
179  1239  0029  0.586  0.610     9    -1  0.49120  -0.29079  -8  994
179  1235  0030  0.571  0.610     8    -1  0.49120  -0.29079  -8  994
179  1227  0031  0.550  0.610     6    -1  0.49120  -0.29079  -8  994
179  1235  0032  0.479  0.610    17    -1  0.49120  -0.29079  -8  994
179  1234  0033  0.549  0.610    10    -1  0.49120  -0.29079  -8  994
179  1237  0034  0.473  0.610    21    -1  0.49120  -0.29079  -8  994
179  1243  0035  0.481  0.610     9    -1  0.49120  -0.29079  -8  994
179  1235  0036  0.568  0.610    11    -1  0.49120  -0.29079  -8  994
179  1240  0037  0.465  0.610    10    -1  0.49120  -0.29079  -8  994
179  1234  0038  0.541  0.610     9    -1  0.49120  -0.29079  -8  994
179  1239  0039  0.502  0.610    10    -1  0.49120  -0.29079  -8  994
179  1240  0040  0.556  0.610    19    -1  0.49120  -0.29079  -8  994
179  1239  0041  0.586  0.610    10    -1  0.49120  -0.29079  -8  994
179  1238  0042  0.608  0.610    20    -1  0.49120  -0.29079  -8  994
179  1241  0043  0.542  0.610    19    -1  0.49120  -0.29079  -8  994
179  1239  0044  0.500  0.610    20    -1  0.49120  -0.29079  -8  994
179  1235  0045  0.599  0.610    13    -1  0.49120  -0.29079  -8  994
179  1240  0046  0.496  0.610     7    -1  0.49120  -0.29079  -8  994
179  1234  0047  0.554  0.610    14    -1  0.49120  -0.29079  -8  994
179  1239  0048  0.563  0.610    18    -1  0.49120  -0.29079  -8  994
179  1233  0049  0.611  0.610    16    -1  0.49120  -0.29079  -8  994
223  1238  0000  0.568  0.610    23    -1  0.49120  -0.29079  -8  994
223  1236  0001  0.493  0.610    16    -1  0.49120  -0.29079  -8  994
223  1235  0002  0.520  0.610    11    -1  0.49120  -0.29079  -8  994
223  1241  0003  0.524  0.610    18    -1  0.49120  -0.29079  -8  994
223  1241  0004  0.577  0.610    21    -1  0.49120  -0.29079  -8  994
223  1235  0005  0.534  0.610    15    -1  0.49120  -0.29079  -8  994
223  1236  0006  0.611  0.610    13    -1  0.49120  -0.29079  -8  994
223  1240  0007  0.574  0.610    19    -1  0.49120  -0.29079  -8  994
223  1241  0008  0.539  0.610    18    -1  0.49120  -0.29079  -8  994
223  1235  0009  0.512  0.610    12    -1  0.49120  -0.29079  -8  994
223  1241  0010  0.524  0.610    19    -1  0.49120  -0.29079  -8  994
223  1242  0011  0.551  0.610    19    -1  0.49120  -0.29079  -8  994
223  1236  0012  0.516  0.610    10    -1  0.49120  -0.29079  -8  994
223  1241  0013  0.617  0.610    10    -1  0.49120  -0.29079  -8  994
223  1240  0014  0.616  0.610    11    -1  0.49120  -0.29079  -8  994
223  1238  0015  0.530  0.610    17    -1  0.49120  -0.29079  -8  994
223  1236  0016  0.605  0.610    13    -1  0.49120  -0.29079  -8  994
223  1234  0017  0.501  0.610    14    -1  0.49120  -0.29079  -8  994
223  1242  0018  0.482  0.610    10    -1  0.49120  -0.29079  -8  994
223  1236  0019  0.573  0.610    11    -1  0.49120  -0.29079  -8  994
223  1237  0020  0.494  0.610    11    -1  0.49120  -0.29079  -8  994
223  1239  0021  0.580  0.610    22    -1  0.49120  -0.29079  -8  994
223  1235  0022  0.546  0.610    15    -1  0.49120  -0.29079  -8  994
223  1237  0023  0.575  0.610    10    -1  0.49120  -0.29079  -8  994
223  1245  0024  0.470  0.610     9    -1  0.49120  -0.29079  -8  994
223  1236  0025  0.499  0.610    12    -1  0.49120  -0.29079  -8  994
223  1234  0026  0.577  0.610    14    -1  0.49120  -0.29079  -8  994
223  1234  0027  0.558  0.610    11    -1  0.49120  -0.29079  -8  994
223  1234  0028  0.558  0.610    11    -1  0.49120  -0.29079  -8  994
223  1236  0029  0.492  0.610    12    -1  0.49120  -0.29079  -8  994
223  1233  0030  0.607  0.610    15    -1  0.49120  -0.29079  -8  994
223  1238  0031  0.610  0.610     7    -1  0.49120  -0.29079  -8  995
223  1240  0032  0.500  0.610     8    -1  0.49120  -0.29079  -8  994
223  1239  0033  0.595  0.610    20    -1  0.49120  -0.29079  -8  994
223  1239  0034  0.589  0.610    11    -1  0.49120  -0.29079  -8  994
223  1236  0035  0.506  0.610    11    -1  0.49120  -0.29079  -8  994
223  1240  0036  0.614  0.610    11    -1  0.49120  -0.29079  -8  994
223  1242  0037  0.615  0.610     8    -1  0.49120  -0.29079  -8  994
223  1235  0038  0.497  0.610    12    -1  0.49120  -0.29079  -8  994
223  1237  0039  0.505  0.610    16    -1  0.49120  -0.29079  -8  994
223  1236  0040  0.596  0.610    19    -1  0.49120  -0.29079  -8  994
223  1238  0041  0.577  0.610    10    -1  0.49120  -0.29079  -8  994
223  1238  0042  0.593  0.610    22    -1  0.49120  -0.29079  -8  994
223  1239  0043  0.568  0.610    22    -1  0.49120  -0.29079  -8  994
223  1234  0044  0.564  0.610    15    -1  0.49120  -0.29079  -8  994
223  1235  0045  0.550  0.610    15    -1  0.49120  -0.29079  -8  994
223  1235  0046  0.612  0.610    19    -1  0.49120  -0.29079  -8  994
223  1233  0047  0.465  0.610    15    -1  0.49120  -0.29079  -8  994
223  1241  0048  0.565  0.610    21    -1  0.49120  -0.29079  -8  994
223  1237  0049  0.604  0.610    12    -1  0.49120  -0.29079  -8  994
268  1235  0000  0.520  0.610    11    -1  0.49120  -0.29079  -8  994
268  1238  0001  0.607  0.610    22    -1  0.49120  -0.29079  -8  994
268  1233  0002  0.549  0.610    11    -1  0.49120  -0.29079  -8  994
268  1242  0003  0.566  0.610    21    -1  0.49120  -0.29079  -8  994
268  1238  0004  0.582  0.610     8    -1  0.49120  -0.29079  -8  995
268  1233  0005  0.550  0.610    15    -1  0.49120  -0.29079  -8  994
268  1235  0006  0.564  0.610    16    -1  0.49120  -0.29079  -8  994
268  1237  0007  0.606  0.610    22    -1  0.49120  -0.29079  -8  994
268  1236  0008  0.580  0.610    18    -1  0.49120  -0.29079  -8  994
268  1232  0009  0.587  0.610    15    -1  0.49120  -0.29079  -8  994
268  1242  0010  0.564  0.610    20    -1  0.49120  -0.29079  -8  994
268  1237  0011  0.462  0.610    22    -1  0.49120  -0.29079  -8  994
268  1233  0012  0.608  0.610    14    -1  0.49120  -0.29079  -8  994
268  1240  0013  0.576  0.610    19    -1  0.49120  -0.29079  -8  994
268  1235  0014  0.558  0.610    16    -1  0.49120  -0.29079  -8  994
268  1232  0015  0.477  0.610    15    -1  0.49120  -0.29079  -8  994
268  1224  0016  0.562  0.610     6    -1  0.49120  -0.29079  -8  995
268  1232  0017  0.544  0.610    12    -1  0.49120  -0.29079  -8  994
268  1228  0018  0.561  0.610     7    -1  0.49120  -0.29079  -8  995
268  1231  0019  0.604  0.610    17    -1  0.49120  -0.29079  -8  994
268  1241  0020  0.598  0.610    10    -1  0.49120  -0.29079  -8  995
268  1233  0021  0.518  0.610    13    -1  0.49120  -0.29079  -8  994
268  1241  0022  0.605  0.610    10    -1  0.49120  -0.29079  -8  995
268  1239  0023  0.537  0.610    22    -1  0.49120  -0.29079  -8  994
268  1238  0024  0.513  0.610    17    -1  0.49120  -0.29079  -8  994
268  1238  0025  0.485  0.610    21    -1  0.49120  -0.29079  -8  994
268  1232  0026  0.468  0.610    14    -1  0.49120  -0.29079  -8  994
268  1237  0027  0.470  0.610    11    -1  0.49120  -0.29079  -8  994
268  1250  0028  0.465  0.610     7    -1  0.49120  -0.29079  -8  994
268  1238  0029  0.604  0.610    12    -1  0.49120  -0.29079  -8  995
268  1241  0030  0.552  0.610    18    -1  0.49120  -0.29079  -8  994
268  1232  0031  0.462  0.610    13    -1  0.49120  -0.29079  -8  994
268  1234  0032  0.573  0.610    12    -1  0.49120  -0.29079  -8  994
268  1233  0033  0.554  0.610    14    -1  0.49120  -0.29079  -8  994
268  1238  0034  0.509  0.610    10    -1  0.49120  -0.29079  -8  994
268  1242  0035  0.523  0.610    19    -1  0.49120  -0.29079  -8  994
268  1237  0036  0.509  0.610    11    -1  0.49120  -0.29079  -8  994
268  1232  0037  0.557  0.610    13    -1  0.49120  -0.29079  -8  994
268  1241  0038  0.524  0.610    18    -1  0.49120  -0.29079  -8  994
268  1234  0039  0.500  0.610    16    -1  0.49120  -0.29079  -8  994
268  1234  0040  0.486  0.610    13    -1  0.49120  -0.29079  -8  994
268  1239  0041  0.498  0.610    18    -1  0.49120  -0.29079  -8  994
268  1233  0042  0.462  0.610    16    -1  0.49120  -0.29079  -8  994
268  1235  0043  0.579  0.610    17    -1  0.49120  -0.29079  -8  994
268  1233  0044  0.522  0.610    12    -1  0.49120  -0.29079  -8  994
268  1233  0045  0.526  0.610    14    -1  0.49120  -0.29079  -8  994
268  1242  0046  0.499  0.610     8    -1  0.49120  -0.29079  -8  994
268  1243  0047  0.493  0.610     7    -1  0.49120  -0.29079  -8  994
268  1242  0048  0.540  0.610    21    -1  0.49120  -0.29079  -8  994
268  1242  0049  0.604  0.610     8    -1  0.49120  -0.29079  -8  995
313  1242  0000  0.563  0.610    21    -1  0.49120  -0.29079  -8  994
313  1232  0001  0.605  0.610    14    -1  0.49120  -0.29079  -8  995
313  1228  0002  0.614  0.610    16    -1  0.49120  -0.29079  -8  994
313  1232  0003  0.522  0.610    12    -1  0.49120  -0.29079  -8  994
313  1238  0004  0.552  0.610    17    -1  0.49120  -0.29079  -8  994
313  1243  0005  0.615  0.610    10    -1  0.49120  -0.29079  -8  995
313  1241  0006  0.528  0.610    17    -1  0.49120  -0.29079  -8  994
313  1238  0007  0.509  0.610    10    -1  0.49120  -0.29079  -8  994
313  1231  0008  0.509  0.610     6    -1  0.49120  -0.29079  -8  994
313  1237  0009  0.487  0.610    22    -1  0.49120  -0.29079  -8  994
313  1243  0010  0.520  0.610    20    -1  0.49120  -0.29079  -8  994
313  1232  0011  0.539  0.610    14    -1  0.49120  -0.29079  -8  994
313  1243  0012  0.554  0.610    20    -1  0.49120  -0.29079  -8  994
313  1234  0013  0.508  0.610    15    -1  0.49120  -0.29079  -8  994
313  1231  0014  0.537  0.610    11    -1  0.49120  -0.29079  -8  994
313  1229  0015  0.612  0.610    15    -1  0.49120  -0.29079  -8  995
313  1232  0016  0.517  0.610    13    -1  0.49120  -0.29079  -8  994
313  1239  0017  0.560  0.610    18    -1  0.49120  -0.29079  -8  994
313  1253  0018  0.470  0.610     6    -1  0.49120  -0.29079  -8  994
313  1232  0019  0.515  0.610    13    -1  0.49120  -0.29079  -8  994
313  1243  0020  0.556  0.610    19    -1  0.49120  -0.29079  -8  994
313  1238  0021  0.545  0.610    17    -1  0.49120  -0.29079  -8  994
313  1238  0022  0.483  0.610    20    -1  0.49120  -0.29079  -8  994
313  1240  0023  0.505  0.610    18    -1  0.49120  -0.29079  -8  994
313  1238  0024  0.617  0.610    21    -1  0.49120  -0.29079  -8  994
313  1243  0025  0.524  0.610    19    -1  0.49120  -0.29079  -8  994
313  1238  0026  0.507  0.610    17    -1  0.49120  -0.29079  -8  994
313  1232  0027  0.558  0.610     9    -1  0.49120  -0.29079  -8  995
313  1240  0028  0.509  0.610    21    -1  0.49120  -0.29079  -8  994
313  1242  0029  0.528  0.610    18    -1  0.49120  -0.29079  -8  994
313  1243  0030  0.605  0.610     9    -1  0.49120  -0.29079  -8  995
313  1233  0031  0.574  0.610    12    -1  0.49120  -0.29079  -8  995
313  1241  0032  0.512  0.610    18    -1  0.49120  -0.29079  -8  994
313  1231  0033  0.482  0.610    14    -1  0.49120  -0.29079  -8  994
313  1238  0034  0.601  0.610    12    -1  0.49120  -0.29079  -8  995
313  1233  0035  0.510  0.610    15    -1  0.49120  -0.29079  -8  994
313  1241  0036  0.562  0.610    18    -1  0.49120  -0.29079  -8  994
313  1240  0037  0.600  0.610    21    -1  0.49120  -0.29079  -8  994
313  1237  0038  0.505  0.610    23    -1  0.49120  -0.29079  -8  994
313  1241  0039  0.500  0.610     8    -1  0.49120  -0.29079  -8  994
313  1237  0040  0.481  0.610    21    -1  0.49120  -0.29079  -8  994
313  1238  0041  0.584  0.610    11    -1  0.49120  -0.29079  -8  995
313  1237  0042  0.468  0.610    22    -1  0.49120  -0.29079  -8  994
313  1236  0043  0.470  0.610    23    -1  0.49120  -0.29079  -8  994
313  1227  0044  0.572  0.610     7    -1  0.49120  -0.29079  -8  995
313  1243  0045  0.555  0.610    19    -1  0.49120  -0.29079  -8  994
313  1239  0046  0.465  0.610    11    -1  0.49120  -0.29079  -8  994
313  1238  0047  0.572  0.610    18    -1  0.49120  -0.29079  -8  994
313  1232  0048  0.569  0.610    13    -1  0.49120  -0.29079  -8  995
313  1241  0049  0.552  0.610    21    -1  0.49120  -0.29079  -8  994
357  1230  0000  0.562  0.610    13    -1  0.49120  -0.29079  -8  995
357  1230  0001  0.545  0.610    14    -1  0.49120  -0.29079  -8  995
357  1244  0002  0.550  0.610    19    -1  0.49120  -0.29079  -8  994
357  1236  0003  0.572  0.610     9    -1  0.49120  -0.29079  -8  995
357  1232  0004  0.508  0.610    15    -1  0.49120  -0.29079  -8  994
357  1231  0005  0.520  0.610    14    -1  0.49120  -0.29079  -8  994
357  1241  0006  0.606  0.610     7    -1  0.49120  -0.29079  -8  995
357  1243  0007  0.545  0.610    18    -1  0.49120  -0.29079  -8  994
357  1237  0008  0.487  0.610    11    -1  0.49120  -0.29079  -8  994
357  1232  0009  0.525  0.610    11    -1  0.49120  -0.29079  -8  995
357  1232  0010  0.523  0.610    11    -1  0.49120  -0.29079  -8  995
357  1234  0011  0.565  0.610     9    -1  0.49120  -0.29079  -8  995
357  1243  0012  0.601  0.610     8    -1  0.49120  -0.29079  -8  995
357  1238  0013  0.529  0.610    16    -1  0.49120  -0.29079  -8  994
357  1231  0014  0.575  0.610    13    -1  0.49120  -0.29079  -8  995
357  1233  0015  0.552  0.610    15    -1  0.49120  -0.29079  -8  994
357  1230  0016  0.596  0.610    14    -1  0.49120  -0.29079  -8  995
357  1240  0017  0.596  0.610    11    -1  0.49120  -0.29079  -8  995
357  1230  0018  0.541  0.610     9    -1  0.49120  -0.29079  -8  995
357  1239  0019  0.490  0.610    19    -1  0.49120  -0.29079  -8  994
357  1237  0020  0.594  0.610    12    -1  0.49120  -0.29079  -8  995
357  1236  0021  0.564  0.610    17    -1  0.49120  -0.29079  -8  994
357  1236  0022  0.491  0.610    22    -1  0.49120  -0.29079  -8  994
357  1233  0023  0.512  0.610    15    -1  0.49120  -0.29079  -8  994
357  1243  0024  0.515  0.610    19    -1  0.49120  -0.29079  -8  994
357  1235  0025  0.526  0.610    16    -1  0.49120  -0.29079  -8  994
357  1229  0026  0.555  0.610     8    -1  0.49120  -0.29079  -8  995
357  1231  0027  0.561  0.610    12    -1  0.49120  -0.29079  -8  995
357  1234  0028  0.577  0.610     8    -1  0.49120  -0.29079  -8  995
357  1237  0029  0.477  0.610    21    -1  0.49120  -0.29079  -8  994
357  1241  0030  0.546  0.610    22    -1  0.49120  -0.29079  -8  994
357  1242  0031  0.546  0.610    21    -1  0.49120  -0.29079  -8  994
357  1230  0032  0.572  0.610     7    -1  0.49120  -0.29079  -8  995
357  1235  0033  0.599  0.610    12    -1  0.49120  -0.29079  -8  995
357  1231  0034  0.579  0.610     7    -1  0.49120  -0.29079  -8  995
357  1233  0035  0.566  0.610    11    -1  0.49120  -0.29079  -8  995
357  1237  0036  0.597  0.610    19    -1  0.49120  -0.29079  -8  994
357  1246  0037  0.487  0.610     9    -1  0.49120  -0.29079  -8  994
357  1242  0038  0.594  0.610     8    -1  0.49120  -0.29079  -8  995
357  1235  0039  0.509  0.610     7    -1  0.49120  -0.29079  -8  995
357  1231  0040  0.546  0.610    10    -1  0.49120  -0.29079  -8  995
357  1238  0041  0.469  0.610    20    -1  0.49120  -0.29079  -8  994
357  1249  0042  0.470  0.610     9    -1  0.49120  -0.29079  -8  994
357  1242  0043  0.500  0.610     9    -1  0.49120  -0.29079  -8  995
357  1233  0044  0.572  0.610    12    -1  0.49120  -0.29079  -8  995
357  1231  0045  0.526  0.610    12    -1  0.49120  -0.29079  -8  995
357  1233  0046  0.565  0.610    11    -1  0.49120  -0.29079  -8  995
357  1243  0047  0.519  0.610    18    -1  0.49120  -0.29079  -8  994
357  1231  0048  0.501  0.610    14    -1  0.49120  -0.29079  -8  994
357  1233  0049  0.480  0.610    12    -1  0.49120  -0.29079  -8  994
402  1242  0000  0.581  0.610    20    -1  0.49120  -0.29079  -8  994
402  1233  0001  0.515  0.610    11    -1  0.49120  -0.29079  -8  995
402  1245  0002  0.535  0.610    20    -1  0.49120  -0.29079  -8  994
402  1242  0003  0.596  0.610    10    -1  0.49120  -0.29079  -8  995
402  1241  0004  0.496  0.610     6    -1  0.49120  -0.29079  -8  995
402  1228  0005  0.599  0.610    15    -1  0.49120  -0.29079  -8  995
402  1242  0006  0.573  0.610    21    -1  0.49120  -0.29079  -8  994
402  1237  0007  0.507  0.610    22    -1  0.49120  -0.29079  -8  994
402  1235  0008  0.543  0.610    16    -1  0.49120  -0.29079  -8  994
402  1232  0009  0.477  0.610    17    -1  0.49120  -0.29079  -8  994
402  1229  0010  0.548  0.610    12    -1  0.49120  -0.29079  -8  995
402  1230  0011  0.537  0.610    14    -1  0.49120  -0.29079  -8  995
402  1238  0012  0.485  0.610    20    -1  0.49120  -0.29079  -8  994
402  1238  0013  0.521  0.610    16    -1  0.49120  -0.29079  -8  994
402  1243  0014  0.542  0.610    21    -1  0.49120  -0.29079  -8  994
402  1232  0015  0.617  0.610    19    -1  0.49120  -0.29079  -8  995
402  1236  0016  0.589  0.610     7    -1  0.49120  -0.29079  -8  995
402  1226  0017  0.615  0.610    16    -1  0.49120  -0.29079  -8  995
402  1229  0018  0.548  0.610    11    -1  0.49120  -0.29079  -8  995
402  1229  0019  0.587  0.610    15    -1  0.49120  -0.29079  -8  995
402  1239  0020  0.519  0.610    17    -1  0.49120  -0.29079  -8  994
402  1231  0021  0.474  0.610    13    -1  0.49120  -0.29079  -8  994
402  1222  0022  0.551  0.610     7    -1  0.49120  -0.29079  -8  995
402  1240  0023  0.542  0.610    22    -1  0.49120  -0.29079  -8  994
402  1234  0024  0.591  0.610    18    -1  0.49120  -0.29079  -8  995
402  1236  0025  0.510  0.610    16    -1  0.49120  -0.29079  -8  994
402  1244  0026  0.550  0.610    19    -1  0.49120  -0.29079  -8  994
402  1236  0027  0.476  0.610    12    -1  0.49120  -0.29079  -8  994
402  1238  0028  0.504  0.610    22    -1  0.49120  -0.29079  -8  994
402  1229  0029  0.552  0.610    12    -1  0.49120  -0.29079  -8  995
402  1241  0030  0.498  0.610    10    -1  0.49120  -0.29079  -8  995
402  1231  0031  0.512  0.610    12    -1  0.49120  -0.29079  -8  995
402  1243  0032  0.571  0.610    21    -1  0.49120  -0.29079  -8  994
402  1241  0033  0.591  0.610    20    -1  0.49120  -0.29079  -8  994
402  1250  0034  0.482  0.610     9    -1  0.49120  -0.29079  -8  995
402  1236  0035  0.615  0.610    22    -1  0.49120  -0.29079  -8  994
402  1242  0036  0.589  0.610     9    -1  0.49120  -0.29079  -8  995
402  1240  0037  0.584  0.610    19    -1  0.49120  -0.29079  -8  994
402  1226  0038  0.614  0.610    16    -1  0.49120  -0.29079  -8  995
402  1230  0039  0.588  0.610    14    -1  0.49120  -0.29079  -8  995
402  1236  0040  0.466  0.610    22    -1  0.49120  -0.29079  -8  994
402  1228  0041  0.595  0.610    16    -1  0.49120  -0.29079  -8  995
402  1244  0042  0.560  0.610    20    -1  0.49120  -0.29079  -8  994
402  1232  0043  0.478  0.610    16    -1  0.49120  -0.29079  -8  994
402  1232  0044  0.616  0.610    14    -1  0.49120  -0.29079  -8  995
402  1229  0045  0.535  0.610    12    -1  0.49120  -0.29079  -8  995
402  1245  0046  0.533  0.610    19    -1  0.49120  -0.29079  -8  994
402  1240  0047  0.549  0.610    17    -1  0.49120  -0.29079  -8  994
402  1232  0048  0.593  0.610    13    -1  0.49120  -0.29079  -8  995
402  1230  0049  0.589  0.610    14    -1  0.49120  -0.29079  -8  995
446  1225  0000  0.616  0.610    15    -1  0.49120  -0.29079  -7  995
446  1242  0001  0.572  0.610    22    -1  0.49120  -0.29079  -8  994
446  1229  0002  0.537  0.610    10    -1  0.49120  -0.29079  -8  995
446  1222  0003  0.525  0.610     7    -1  0.49120  -0.29079  -8  995
446  1233  0004  0.511  0.610    15    -1  0.49120  -0.29079  -8  995
446  1241  0005  0.505  0.610     8    -1  0.49120  -0.29079  -8  995
446  1243  0006  0.576  0.610    21    -1  0.49120  -0.29079  -8  994
446  1228  0007  0.535  0.610    12    -1  0.49120  -0.29079  -8  995
446  1241  0008  0.533  0.610    17    -1  0.49120  -0.29079  -8  994
446  1230  0009  0.532  0.610    10    -1  0.49120  -0.29079  -8  995
446  1231  0010  0.465  0.610    16    -1  0.49120  -0.29079  -7  994
446  1226  0011  0.618  0.610    18    -1  0.49120  -0.29079  -8  995
446  1229  0012  0.542  0.610    11    -1  0.49120  -0.29079  -8  995
446  1239  0013  0.491  0.610    20    -1  0.49120  -0.29079  -8  994
446  1241  0014  0.567  0.610    22    -1  0.49120  -0.29079  -8  994
446  1242  0015  0.593  0.610    21    -1  0.49120  -0.29079  -8  994
446  1236  0016  0.475  0.610    23    -1  0.49120  -0.29079  -8  994
446  1237  0017  0.608  0.610    22    -1  0.49120  -0.29079  -8  994
446  1230  0018  0.549  0.610    10    -1  0.49120  -0.29079  -8  995
446  1234  0019  0.500  0.610    16    -1  0.49120  -0.29079  -8  994
446  1230  0020  0.555  0.610    15    -1  0.49120  -0.29079  -8  995
446  1245  0021  0.532  0.610    18    -1  0.49120  -0.29079  -8  994
446  1237  0022  0.480  0.610    19    -1  0.49120  -0.29079  -8  994
446  1248  0023  0.485  0.610     9    -1  0.49120  -0.29079  -8  995
446  1238  0024  0.576  0.610    10    -1  0.49120  -0.29079  -8  995
446  1244  0025  0.495  0.610     9    -1  0.49120  -0.29079  -8  995
446  1228  0026  0.590  0.610    16    -1  0.49120  -0.29079  -8  995
446  1239  0027  0.490  0.610    19    -1  0.49120  -0.29079  -8  994
446  1216  0028  0.531  0.610     7    -1  0.49120  -0.29079  -8  995
446  1244  0029  0.597  0.610     8    -1  0.49120  -0.29079  -8  996
446  1234  0030  0.555  0.610    16    -1  0.49120  -0.29079  -8  995
446  1242  0031  0.515  0.610    18    -1  0.49120  -0.29079  -8  994
446  1235  0032  0.491  0.610    12    -1  0.49120  -0.29079  -8  995
446  1240  0033  0.583  0.610    19    -1  0.49120  -0.29079  -8  995
446  1233  0034  0.502  0.610    12    -1  0.49120  -0.29079  -8  995
446  1230  0035  0.589  0.610    14    -1  0.49120  -0.29079  -7  995
446  1246  0036  0.535  0.610    20    -1  0.49120  -0.29079  -8  994
446  1232  0037  0.585  0.610    17    -1  0.49120  -0.29079  -8  995
446  1236  0038  0.511  0.610    16    -1  0.49120  -0.29079  -8  994
446  1242  0039  0.486  0.610    10    -1  0.49120  -0.29079  -8  995
446  1239  0040  0.527  0.610    22    -1  0.49120  -0.29079  -8  994
446  1230  0041  0.576  0.610    16    -1  0.49120  -0.29079  -8  995
446  1242  0042  0.569  0.610    22    -1  0.49120  -0.29079  -8  994
446  1236  0043  0.467  0.610    18    -1  0.49120  -0.29079  -8  994
446  1231  0044  0.492  0.610    13    -1  0.49120  -0.29079  -8  995
446  1243  0045  0.581  0.610    20    -1  0.49120  -0.29079  -8  994
446  1238  0046  0.573  0.610    23    -1  0.49120  -0.29079  -8  994
446  1242  0047  0.563  0.610    18    -1  0.49120  -0.29079  -8  994
446  1240  0048  0.604  0.610    21    -1  0.49120  -0.29079  -8  994
446  1219  0049  0.557  0.610     7    -1  0.49120  -0.29079  -8  995
491  1245  0000  0.516  0.610    20    -1  0.49120  -0.29079  -8  994
491  1233  0001  0.598  0.610    13    -1  0.49120  -0.29079  -7  996
491  1228  0002  0.490  0.610    14    -1  0.49120  -0.29079  -7  995
491  1227  0003  0.614  0.610    15    -1  0.49120  -0.29079  -7  995
491  1234  0004  0.576  0.610    17    -1  0.49120  -0.29079  -8  995
491  1230  0005  0.589  0.610    17    -1  0.49120  -0.29079  -7  995
491  1251  0006  0.487  0.610     9    -1  0.49120  -0.29079  -8  995
491  1262  0007  0.464  0.610     6    -1  0.49120  -0.29079  -8  995
491  1224  0008  0.516  0.610     7    -1  0.49120  -0.29079  -8  995
491  1227  0009  0.597  0.610    14    -1  0.49120  -0.29079  -7  995
491  1228  0010  0.552  0.610    12    -1  0.49120  -0.29079  -8  995
491  1239  0011  0.558  0.610    17    -1  0.49120  -0.29079  -8  995
491  1232  0012  0.559  0.610    16    -1  0.49120  -0.29079  -7  995
491  1245  0013  0.532  0.610    18    -1  0.49120  -0.29079  -8  994
491  1242  0014  0.581  0.610    19    -1  0.49120  -0.29079  -8  995
491  1250  0015  0.483  0.610     9    -1  0.49120  -0.29079  -8  995
491  1239  0016  0.606  0.610    22    -1  0.49120  -0.29079  -8  994
491  1227  0017  0.486  0.610    14    -1  0.49120  -0.29079  -7  995
491  1231  0018  0.607  0.610    13    -1  0.49120  -0.29079  -7  996
491  1226  0019  0.559  0.610     8    -1  0.49120  -0.29079  -8  996
491  1230  0020  0.491  0.610    16    -1  0.49120  -0.29079  -7  995
491  1232  0021  0.477  0.610    17    -1  0.49120  -0.29079  -7  994
491  1233  0022  0.578  0.610    12    -1  0.49120  -0.29079  -7  996
491  1238  0023  0.483  0.610    19    -1  0.49120  -0.29079  -7  994
491  1213  0024  0.532  0.610     7    -1  0.49120  -0.29079  -8  995
491  1227  0025  0.547  0.610     9    -1  0.49120  -0.29079  -8  995
491  1229  0026  0.505  0.610    13    -1  0.49120  -0.29079  -7  995
491  1259  0027  0.463  0.610     7    -1  0.49120  -0.29079  -8  995
491  1214  0028  0.531  0.610     7    -1  0.49120  -0.29079  -8  995
491  1240  0029  0.499  0.610    21    -1  0.49120  -0.29079  -8  994
491  1228  0030  0.565  0.610    13    -1  0.49120  -0.29079  -7  995
491  1238  0031  0.617  0.610    21    -1  0.49120  -0.29079  -8  995
491  1242  0032  0.554  0.610    18    -1  0.49120  -0.29079  -8  995
491  1230  0033  0.591  0.610    17    -1  0.49120  -0.29079  -8  995
491  1238  0034  0.473  0.610    20    -1  0.49120  -0.29079  -7  994
491  1244  0035  0.572  0.610    20    -1  0.49120  -0.29079  -8  995
491  1223  0036  0.610  0.610    16    -1  0.49120  -0.29079  -7  995
491  1267  0037  0.615  0.628     8     6  0.54520  -0.21879  -8  996
491  1237  0038  0.475  0.610    19    -1  0.49120  -0.29079  -7  994
491  1246  0039  0.604  0.610     8    -1  0.49120  -0.29079  -8  996
491  1245  0040  0.562  0.610    20    -1  0.49120  -0.29079  -8  994
491  1224  0041  0.610  0.610    16    -1  0.49120  -0.29079  -7  995
491  1242  0042  0.475  0.610    11    -1  0.49120  -0.29079  -8  995
491  1243  0043  0.556  0.610    22    -1  0.49120  -0.29079  -8  994
491  1211  0044  0.540  0.610     7    -1  0.49120  -0.29079  -8  996
491  1237  0045  0.512  0.610    22    -1  0.49120  -0.29079  -8  994
491  1228  0046  0.591  0.610    17    -1  0.49120  -0.29079  -7  995
491  1223  0047  0.612  0.610    16    -1  0.49120  -0.29079  -7  995
491  1240  0048  0.506  0.610    21    -1  0.49120  -0.29079  -8  994
491  1234  0049  0.502  0.610    16    -1  0.49120  -0.29079  -7  995
536  1225  0000  0.610  0.610    18    -1  0.49120  -0.29079  -7  995
536  1232  0001  0.607  0.610    19    -1  0.49120  -0.29079  -8  995
536  1236  0002  0.549  0.610    16    -1  0.49120  -0.29079  -7  995
536  1236  0003  0.465  0.610    22    -1  0.49120  -0.29079  -7  994
536  1238  0004  0.613  0.610    22    -1  0.49120  -0.29079  -8  995
536  1243  0005  0.506  0.610    19    -1  0.49120  -0.29079  -7  994
536  1226  0006  0.472  0.610    15    -1  0.49120  -0.29079  -7  995
536  1227  0007  0.557  0.610     9    -1  0.49120  -0.29079  -8  996
536  1229  0008  0.515  0.610    13    -1  0.49120  -0.29079  -7  995
536  1237  0009  0.469  0.610    21    -1  0.49120  -0.29079  -7  994
536  1235  0010  0.483  0.610    22    -1  0.49120  -0.29079  -7  994
536  1239  0011  0.504  0.610    21    -1  0.49120  -0.29079  -8  994
536  1231  0012  0.522  0.610    11    -1  0.49120  -0.29079  -8  995
536  1235  0013  0.510  0.610    16    -1  0.49120  -0.29079  -7  995
536  1227  0014  0.511  0.610     7    -1  0.49120  -0.29079  -8  995
536  1243  0015  0.543  0.610    18    -1  0.49120  -0.29079  -8  995
536  1228  0016  0.558  0.610    12    -1  0.49120  -0.29079  -7  996
536  1226  0017  0.462  0.610    14    -1  0.49120  -0.29079  -7  995
536  1232  0018  0.585  0.610    12    -1  0.49120  -0.29079  -7  996
536  1239  0019  0.615  0.610    21    -1  0.49120  -0.29079  -8  995
536  1242  0020  0.593  0.610    21    -1  0.49120  -0.29079  -8  995
536  1247  0021  0.550  0.610    19    -1  0.49120  -0.29079  -8  995
536  1240  0022  0.498  0.610    21    -1  0.49120  -0.29079  -8  994
536  1241  0023  0.511  0.610    18    -1  0.49120  -0.29079  -7  995
536  1242  0024  0.503  0.610    20    -1  0.49120  -0.29079  -8  994
536  1246  0025  0.496  0.610     7    -1  0.49120  -0.29079  -8  995
536  1228  0026  0.566  0.610    12    -1  0.49120  -0.29079  -7  996
536  1224  0027  0.601  0.610    16    -1  0.49120  -0.29079  -7  995
536  1272  0028  0.595  0.614     8     7  0.53920  -0.20079  -8  996
536  1234  0029  0.481  0.610    18    -1  0.49120  -0.29079  -7  994
536  1238  0030  0.486  0.610    20    -1  0.49120  -0.29079  -7  994
536  1224  0031  0.599  0.610    17    -1  0.49120  -0.29079  -7  995
536  1232  0032  0.522  0.610    15    -1  0.49120  -0.29079  -7  995
536  1232  0033  0.492  0.610    17    -1  0.49120  -0.29079  -7  995
536  1226  0034  0.554  0.610    14    -1  0.49120  -0.29079  -7  995
536  1239  0035  0.596  0.611    12    12  0.55120  -0.15879  -7  996
536  1233  0036  0.535  0.610    15    -1  0.49120  -0.29079  -7  995
536  1237  0037  0.618  0.610    22    -1  0.49120  -0.29079  -8  995
536  1238  0038  0.485  0.610    19    -1  0.49120  -0.29079  -7  994
536  1245  0039  0.519  0.610    20    -1  0.49120  -0.29079  -8  994
536  1245  0040  0.522  0.610    18    -1  0.49120  -0.29079  -8  995
536  1237  0041  0.495  0.610    18    -1  0.49120  -0.29079  -7  995
536  1226  0042  0.545  0.610    12    -1  0.49120  -0.29079  -7  995
536  1238  0043  0.488  0.610    21    -1  0.49120  -0.29079  -7  994
536  1252  0044  0.482  0.610     9    -1  0.49120  -0.29079  -8  995
536  1240  0045  0.605  0.610    21    -1  0.49120  -0.29079  -8  995
536  1235  0046  0.505  0.610    11    -1  0.49120  -0.29079  -8  995
536  1226  0047  0.556  0.610    13    -1  0.49120  -0.29079  -7  995
536  1242  0048  0.503  0.610     9    -1  0.49120  -0.29079  -8  995
536  1226  0049  0.470  0.610    15    -1  0.49120  -0.29079  -7  995
580  1211  0000  0.550  0.610     7    -1  0.49120  -0.29079  -8  996
580  1247  0001  0.554  0.610    19    -1  0.49120  -0.29079  -8  995
580  1224  0002  0.602  0.610    15    -1  0.49120  -0.29079  -7  996
580  1240  0003  0.519  0.610    17    -1  0.49120  -0.29079  -7  995
580  1238  0004  0.508  0.610    22    -1  0.49120  -0.29079  -8  994
580  1233  0005  0.468  0.610    18    -1  0.49120  -0.29079  -7  995
580  1231  0006  0.495  0.610    16    -1  0.49120  -0.29079  -7  995
580  1235  0007  0.466  0.610    18    -1  0.49120  -0.29079  -7  995
580  1237  0008  0.465  0.610    21    -1  0.49120  -0.29079  -7  994
580  1226  0009  0.482  0.610    14    -1  0.49120  -0.29079  -7  995
580  1237  0010  0.475  0.610    19    -1  0.49120  -0.29079  -7  995
580  1298  0011  0.578  0.601     7     6  0.52120  -0.21279  -8  996
580  1234  0012  0.579  0.610    18    -1  0.49120  -0.29079  -7  995
580  1246  0013  0.549  0.610    21    -1  0.49120  -0.29079  -8  994
580  1228  0014  0.528  0.610    11    -1  0.49120  -0.29079  -7  996
580  1236  0015  0.513  0.610    10    -1  0.49120  -0.29079  -8  996
580  1240  0016  0.505  0.610    21    -1  0.49120  -0.29079  -7  994
580  1225  0017  0.538  0.610    13    -1  0.49120  -0.29079  -7  995
580  1223  0018  0.600  0.610    16    -1  0.49120  -0.29079  -7  996
580  1239  0019  0.546  0.610    17    -1  0.49120  -0.29079  -7  995
580  1255  0020  0.486  0.610     8    -1  0.49120  -0.29079  -8  995
580  1243  0021  0.504  0.610    20    -1  0.49120  -0.29079  -7  995
580  1232  0022  0.519  0.610     9    -1  0.49120  -0.29079  -8  996
580  1263  0023  0.613  0.622    13    12  0.56320  -0.15279  -7  996
580  1234  0024  0.480  0.610    12    -1  0.49120  -0.29079  -7  995
580  1226  0025  0.539  0.610     9    -1  0.49120  -0.29079  -8  996
580  1234  0026  0.525  0.610    16    -1  0.49120  -0.29079  -7  995
580  1257  0027  0.477  0.610     9    -1  0.49120  -0.29079  -8  995
580  1235  0028  0.477  0.610    22    -1  0.49120  -0.29079  -7  994
580  1228  0029  0.606  0.610    14    -1  0.49120  -0.29079  -7  996
580  1292  0030  0.591  0.603    10    10  0.53920  -0.17079  -8  996
580  1226  0031  0.576  0.610    15    -1  0.49120  -0.29079  -7  996
580  1243  0032  0.589  0.610    21    -1  0.49120  -0.29079  -8  995
580  1222  0033  0.606  0.610    17    -1  0.49120  -0.29079  -7  996
580  1247  0034  0.537  0.610    18    -1  0.49120  -0.29079  -8  995
580  1307  0035  0.617  0.624    10    10  0.55720  -0.17679  -7  996
580  1302  0036  0.597  0.611     9    10  0.54520  -0.17679  -8  996
580  1250  0037  0.472  0.610    10    -1  0.49120  -0.29079  -8  995
580  1308  0038  0.603  0.614     9     9  0.54520  -0.18279  -8  996
580  1236  0039  0.470  0.610    18    -1  0.49120  -0.29079  -7  995
580  1252  0040  0.576  0.595    10    11  0.53320  -0.16479  -7  996
580  1236  0041  0.465  0.610    22    -1  0.49120  -0.29079  -7  994
580  1235  0042  0.486  0.610    23    -1  0.49120  -0.29079  -7  994
580  1222  0043  0.611  0.610    15    -1  0.49120  -0.29079  -7  996
580  1301  0044  0.596  0.611    10    10  0.54520  -0.17679  -8  996
580  1238  0045  0.478  0.610    20    -1  0.49120  -0.29079  -7  994
580  1248  0046  0.536  0.610    20    -1  0.49120  -0.29079  -8  995
580  1238  0047  0.605  0.610    20    -1  0.49120  -0.29079  -8  995
580  1228  0048  0.504  0.610    13    -1  0.49120  -0.29079  -7  995
580  1249  0049  0.488  0.610    10    -1  0.49120  -0.29079  -8  995
625  1235  0000  0.499  0.610    17    -1  0.49120  -0.29079  -7  995
625  1225  0001  0.560  0.610    14    -1  0.49120  -0.29079  -7  996
625  1247  0002  0.527  0.610    18    -1  0.49120  -0.29079  -7  995
625  1224  0003  0.476  0.610    15    -1  0.49120  -0.29079  -7  995
625  1220  0004  0.613  0.610    16    -1  0.49120  -0.29079  -7  996
625  1229  0005  0.595  0.610    18    -1  0.49120  -0.29079  -7  995
625  1227  0006  0.552  0.610    10    -1  0.49120  -0.29079  -7  996
625  1247  0007  0.538  0.610    18    -1  0.49120  -0.29079  -7  995
625  1256  0008  0.485  0.610     6    -1  0.49120  -0.29079  -8  995
625  1277  0009  0.598  0.614    13    13  0.55720  -0.14679  -7  996
625  1224  0010  0.535  0.610    12    -1  0.49120  -0.29079  -7  996
625  1212  0011  0.525  0.610     7    -1  0.49120  -0.29079  -8  996
625  1244  0012  0.508  0.610    19    -1  0.49120  -0.29079  -7  995
625  1258  0013  0.476  0.610     9    -1  0.49120  -0.29079  -8  995
625  1227  0014  0.469  0.610    16    -1  0.49120  -0.29079  -7  995
625  1234  0015  0.488  0.610    17    -1  0.49120  -0.29079  -7  995
625  1246  0016  0.553  0.610    18    -1  0.49120  -0.29079  -7  995
625  1227  0017  0.517  0.610    14    -1  0.49120  -0.29079  -7  995
625  1246  0018  0.546  0.610    21    -1  0.49120  -0.29079  -8  995
625  1242  0019  0.593  0.610    21    -1  0.49120  -0.29079  -8  995
625  1227  0020  0.526  0.610    14    -1  0.49120  -0.29079  -7  995
625  1232  0021  0.559  0.610    16    -1  0.49120  -0.29079  -7  995
625  1354  0022  0.610  0.620     9     9  0.55120  -0.18279  -8  997
625  1226  0023  0.549  0.610    10    -1  0.49120  -0.29079  -7  996
625  1237  0024  0.570  0.610    18    -1  0.49120  -0.29079  -7  995
625  1227  0025  0.507  0.610    13    -1  0.49120  -0.29079  -7  995
625  1225  0026  0.540  0.610    11    -1  0.49120  -0.29079  -7  996
625  1236  0027  0.588  0.610    23    -1  0.49120  -0.29079  -8  994
625  1240  0028  0.553  0.610    17    -1  0.49120  -0.29079  -7  995
625  1230  0029  0.524  0.610    10    -1  0.49120  -0.29079  -8  996
625  1276  0030  0.596  0.608    13    13  0.55120  -0.14679  -7  996
625  1226  0031  0.516  0.610    13    -1  0.49120  -0.29079  -7  995
625  1227  0032  0.580  0.610    13    -1  0.49120  -0.29079  -7  996
625  1225  0033  0.586  0.610    16    -1  0.49120  -0.29079  -7  996
625  1279  0034  0.571  0.589    10    10  0.52720  -0.16479  -8  996
625  1246  0035  0.546  0.610    21    -1  0.49120  -0.29079  -8  995
625  1241  0036  0.546  0.610    22    -1  0.49120  -0.29079  -8  994
625  1236  0037  0.483  0.610    11    -1  0.49120  -0.29079  -7  995
625  1226  0038  0.492  0.610    15    -1  0.49120  -0.29079  -7  995
625  1230  0039  0.492  0.610    12    -1  0.49120  -0.29079  -7  995
625  1229  0040  0.615  0.610    19    -1  0.49120  -0.29079  -7  995
625  1304  0041  0.582  0.599    11    11  0.53920  -0.15879  -8  996
625  1238  0042  0.510  0.610    17    -1  0.49120  -0.29079  -7  995
625  1238  0043  0.470  0.610    20    -1  0.49120  -0.29079  -7  995
625  1239  0044  0.591  0.610    19    -1  0.49120  -0.29079  -7  995
625  1232  0045  0.506  0.610    16    -1  0.49120  -0.29079  -7  995
625  1242  0046  0.482  0.610    11    -1  0.49120  -0.29079  -8  995
625  1247  0047  0.533  0.610    18    -1  0.49120  -0.29079  -7  995
625  1228  0048  0.557  0.610    11    -1  0.49120  -0.29079  -7  996
625  1220  0049  0.607  0.610    16    -1  0.49120  -0.29079  -7  996
89  1236  0000  0.536  0.610    14    -1  0.49120  -0.29079  -8  994
89  1238  0001  0.607  0.610    20    -1  0.49120  -0.29079  -8  994
89  1238  0002  0.584  0.610     9    -1  0.49120  -0.29079  -8  994
89  1237  0003  0.504  0.610    12    -1  0.49120  -0.29079  -8  994
89  1238  0004  0.610  0.610     7    -1  0.49120  -0.29079  -8  994
89  1238  0005  0.596  0.610    20    -1  0.49120  -0.29079  -8  994
89  1237  0006  0.583  0.610     7    -1  0.49120  -0.29079  -8  994
89  1236  0007  0.516  0.610     8    -1  0.49120  -0.29079  -8  994
89  1236  0008  0.529  0.610    14    -1  0.49120  -0.29079  -8  994
89  1241  0009  0.467  0.610     8    -1  0.49120  -0.29079  -8  994
89  1236  0010  0.590  0.610    15    -1  0.49120  -0.29079  -8  994
89  1241  0011  0.477  0.610     7    -1  0.49120  -0.29079  -8  994
89  1237  0012  0.571  0.610    10    -1  0.49120  -0.29079  -8  994
89  1239  0013  0.574  0.610    19    -1  0.49120  -0.29079  -8  994
89  1238  0014  0.504  0.610    22    -1  0.49120  -0.29079  -8  994
89  1239  0015  0.582  0.610    20    -1  0.49120  -0.29079  -8  994
89  1237  0016  0.547  0.610    16    -1  0.49120  -0.29079  -8  994
89  1235  0017  0.546  0.610     8    -1  0.49120  -0.29079  -8  994
89  1236  0018  0.562  0.610    14    -1  0.49120  -0.29079  -8  994
89  1237  0019  0.462  0.610    18    -1  0.49120  -0.29079  -8  994
89  1238  0020  0.555  0.610    17    -1  0.49120  -0.29079  -8  994
89  1236  0021  0.572  0.610    13    -1  0.49120  -0.29079  -8  994
89  1238  0022  0.478  0.610    21    -1  0.49120  -0.29079  -8  994
89  1237  0023  0.512  0.610     8    -1  0.49120  -0.29079  -8  994
89  1238  0024  0.575  0.610    18    -1  0.49120  -0.29079  -8  994
89  1237  0025  0.473  0.610    23    -1  0.49120  -0.29079  -8  994
89  1237  0026  0.558  0.610    15    -1  0.49120  -0.29079  -8  994
89  1239  0027  0.588  0.610    21    -1  0.49120  -0.29079  -8  994
89  1236  0028  0.539  0.610    13    -1  0.49120  -0.29079  -8  994
89  1235  0029  0.614  0.610    16    -1  0.49120  -0.29079  -8  994
89  1239  0030  0.498  0.610     8    -1  0.49120  -0.29079  -8  994
89  1239  0031  0.510  0.610    18    -1  0.49120  -0.29079  -8  994
89  1239  0032  0.569  0.610    19    -1  0.49120  -0.29079  -8  994
89  1236  0033  0.554  0.610    12    -1  0.49120  -0.29079  -8  994
89  1236  0034  0.506  0.610    13    -1  0.49120  -0.29079  -8  994
89  1238  0035  0.488  0.610    19    -1  0.49120  -0.29079  -8  994
89  1237  0036  0.491  0.610    17    -1  0.49120  -0.29079  -8  994
89  1238  0037  0.502  0.610    20    -1  0.49120  -0.29079  -8  994
89  1239  0038  0.541  0.610    18    -1  0.49120  -0.29079  -8  994
89  1236  0039  0.553  0.610    12    -1  0.49120  -0.29079  -8  994
89  1236  0040  0.558  0.610    12    -1  0.49120  -0.29079  -8  994
89  1238  0041  0.485  0.610    19    -1  0.49120  -0.29079  -8  994
89  1237  0042  0.584  0.610     7    -1  0.49120  -0.29079  -8  994
89  1236  0043  0.580  0.610    15    -1  0.49120  -0.29079  -8  994
89  1234  0044  0.557  0.610     7    -1  0.49120  -0.29079  -8  994
89  1239  0045  0.498  0.610    10    -1  0.49120  -0.29079  -8  994
89  1237  0046  0.562  0.610    11    -1  0.49120  -0.29079  -8  994
89  1239  0047  0.517  0.610    21    -1  0.49120  -0.29079  -8  994
89  1239  0048  0.467  0.610    10    -1  0.49120  -0.29079  -8  994
89  1236  0049  0.540  0.610    11    -1  0.49120  -0.29079  -8  994
134  1237  0000  0.602  0.610    13    -1  0.49120  -0.29079  -8  994
134  1238  0001  0.494  0.610    19    -1  0.49120  -0.29079  -8  994
134  1239  0002  0.496  0.610    10    -1  0.49120  -0.29079  -8  994
134  1235  0003  0.502  0.610    13    -1  0.49120  -0.29079  -8  994
134  1240  0004  0.544  0.610    20    -1  0.49120  -0.29079  -8  994
134  1239  0005  0.507  0.610    20    -1  0.49120  -0.29079  -8  994
134  1237  0006  0.606  0.610    19    -1  0.49120  -0.29079  -8  994
134  1237  0007  0.589  0.610    12    -1  0.49120  -0.29079  -8  994
134  1238  0008  0.602  0.610    21    -1  0.49120  -0.29079  -8  994
134  1244  0009  0.462  0.610     7    -1  0.49120  -0.29079  -8  994
134  1235  0010  0.519  0.610    13    -1  0.49120  -0.29079  -8  994
134  1236  0011  0.602  0.610    14    -1  0.49120  -0.29079  -8  994
134  1237  0012  0.509  0.610    11    -1  0.49120  -0.29079  -8  994
134  1237  0013  0.509  0.610    16    -1  0.49120  -0.29079  -8  994
134  1235  0014  0.587  0.610    16    -1  0.49120  -0.29079  -8  994
134  1237  0015  0.486  0.610    22    -1  0.49120  -0.29079  -8  994
134  1235  0016  0.595  0.610    14    -1  0.49120  -0.29079  -8  994
134  1235  0017  0.485  0.610    14    -1  0.49120  -0.29079  -8  994
134  1236  0018  0.511  0.610    15    -1  0.49120  -0.29079  -8  994
134  1242  0019  0.468  0.610     9    -1  0.49120  -0.29079  -8  994
134  1232  0020  0.554  0.610     7    -1  0.49120  -0.29079  -8  994
134  1240  0021  0.547  0.610    21    -1  0.49120  -0.29079  -8  994
134  1239  0022  0.583  0.610     9    -1  0.49120  -0.29079  -8  994
134  1238  0023  0.481  0.610    19    -1  0.49120  -0.29079  -8  994
134  1235  0024  0.522  0.610    12    -1  0.49120  -0.29079  -8  994
134  1235  0025  0.499  0.610    13    -1  0.49120  -0.29079  -8  994
134  1237  0026  0.564  0.610    16    -1  0.49120  -0.29079  -8  994
134  1237  0027  0.537  0.610    16    -1  0.49120  -0.29079  -8  994
134  1238  0028  0.610  0.610    12    -1  0.49120  -0.29079  -8  994
134  1238  0029  0.489  0.610    11    -1  0.49120  -0.29079  -8  994
134  1236  0030  0.593  0.610    18    -1  0.49120  -0.29079  -8  994
134  1236  0031  0.612  0.610    14    -1  0.49120  -0.29079  -8  994
134  1238  0032  0.492  0.610    20    -1  0.49120  -0.29079  -8  994
134  1235  0033  0.572  0.610    15    -1  0.49120  -0.29079  -8  994
134  1241  0034  0.489  0.610     9    -1  0.49120  -0.29079  -8  994
134  1237  0035  0.485  0.610    18    -1  0.49120  -0.29079  -8  994
134  1237  0036  0.572  0.610    17    -1  0.49120  -0.29079  -8  994
134  1240  0037  0.549  0.610    18    -1  0.49120  -0.29079  -8  994
134  1235  0038  0.547  0.610    10    -1  0.49120  -0.29079  -8  994
134  1240  0039  0.569  0.610    20    -1  0.49120  -0.29079  -8  994
134  1238  0040  0.570  0.610    22    -1  0.49120  -0.29079  -8  994
134  1236  0041  0.584  0.610    13    -1  0.49120  -0.29079  -8  994
134  1234  0042  0.511  0.610     6    -1  0.49120  -0.29079  -8  994
134  1236  0043  0.578  0.610    12    -1  0.49120  -0.29079  -8  994
134  1238  0044  0.502  0.610    22    -1  0.49120  -0.29079  -8  994
134  1235  0045  0.546  0.610     9    -1  0.49120  -0.29079  -8  994
134  1236  0046  0.527  0.610     9    -1  0.49120  -0.29079  -8  994
134  1233  0047  0.555  0.610     7    -1  0.49120  -0.29079  -8  994
134  1238  0048  0.482  0.610    11    -1  0.49120  -0.29079  -8  994
134  1235  0049  0.466  0.610    13    -1  0.49120  -0.29079  -8  994
179  1236  0000  0.567  0.610    11    -1  0.49120  -0.29079  -8  994
179  1241  0001  0.615  0.610     9    -1  0.49120  -0.29079  -8  994
179  1238  0002  0.522  0.610    23    -1  0.49120  -0.29079  -8  994
179  1239  0003  0.602  0.610    20    -1  0.49120  -0.29079  -8  994
179  1235  0004  0.463  0.610    12    -1  0.49120  -0.29079  -8  994
179  1240  0005  0.567  0.610    21    -1  0.49120  -0.29079  -8  994
179  1239  0006  0.515  0.610    18    -1  0.49120  -0.29079  -8  994
179  1226  0007  0.553  0.610     6    -1  0.49120  -0.29079  -8  994
179  1239  0008  0.516  0.610    18    -1  0.49120  -0.29079  -8  994
179  1239  0009  0.605  0.610    21    -1  0.49120  -0.29079  -8  994
179  1234  0010  0.539  0.610    14    -1  0.49120  -0.29079  -8  994
179  1237  0011  0.581  0.610    18    -1  0.49120  -0.29079  -8  994
179  1239  0012  0.586  0.610    22    -1  0.49120  -0.29079  -8  994
179  1237  0013  0.565  0.610    17    -1  0.49120  -0.29079  -8  994
179  1234  0014  0.489  0.610    14    -1  0.49120  -0.29079  -8  994
179  1236  0015  0.566  0.610    10    -1  0.49120  -0.29079  -8  994
179  1234  0016  0.568  0.610    13    -1  0.49120  -0.29079  -8  994
179  1239  0017  0.567  0.610    22    -1  0.49120  -0.29079  -8  994
179  1235  0018  0.595  0.610    17    -1  0.49120  -0.29079  -8  994
179  1235  0019  0.563  0.610    16    -1  0.49120  -0.29079  -8  994
179  1233  0020  0.563  0.610     8    -1  0.49120  -0.29079  -8  994
179  1236  0021  0.515  0.610    15    -1  0.49120  -0.29079  -8  994
179  1238  0022  0.471  0.610    20    -1  0.49120  -0.29079  -8  994
179  1239  0023  0.502  0.610    18    -1  0.49120  -0.29079  -8  994
179  1234  0024  0.486  0.610    14    -1  0.49120  -0.29079  -8  994
179  1237  0025  0.508  0.610    23    -1  0.49120  -0.29079  -8  994
179  1234  0026  0.614  0.610    14    -1  0.49120  -0.29079  -8  994
179  1235  0027  0.556  0.610    10    -1  0.49120  -0.29079  -8  994
179  1244  0028  0.472  0.610     8    -1  0.49120  -0.29079  -8  994
179  1235  0029  0.516  0.610    14    -1  0.49120  -0.29079  -8  994
179  1240  0030  0.570  0.610    21    -1  0.49120  -0.29079  -8  994
179  1239  0031  0.518  0.610    21    -1  0.49120  -0.29079  -8  994
179  1236  0032  0.579  0.610    18    -1  0.49120  -0.29079  -8  994
179  1237  0033  0.463  0.610    22    -1  0.49120  -0.29079  -8  994
179  1235  0034  0.558  0.610    11    -1  0.49120  -0.29079  -8  994
179  1236  0035  0.574  0.610    12    -1  0.49120  -0.29079  -8  994
179  1235  0036  0.478  0.610    13    -1  0.49120  -0.29079  -8  994
179  1240  0037  0.554  0.610    22    -1  0.49120  -0.29079  -8  994
179  1236  0038  0.573  0.610    17    -1  0.49120  -0.29079  -8  994
179  1238  0039  0.507  0.610    17    -1  0.49120  -0.29079  -8  994
179  1242  0040  0.493  0.610     8    -1  0.49120  -0.29079  -8  994
179  1240  0041  0.583  0.610    20    -1  0.49120  -0.29079  -8  994
179  1237  0042  0.565  0.610    17    -1  0.49120  -0.29079  -8  994
179  1237  0043  0.602  0.610    12    -1  0.49120  -0.29079  -8  994
179  1240  0044  0.526  0.610    17    -1  0.49120  -0.29079  -8  994
179  1238  0045  0.603  0.610    22    -1  0.49120  -0.29079  -8  994
179  1238  0046  0.582  0.610    23    -1  0.49120  -0.29079  -8  994
179  1238  0047  0.619  0.610     7    -1  0.49120  -0.29079  -8  994
179  1236  0048  0.470  0.610    17    -1  0.49120  -0.29079  -8  994
179  1234  0049  0.594  0.610    15    -1  0.49120  -0.29079  -8  994
223  1248  0000  0.470  0.610     7    -1  0.49120  -0.29079  -8  994
223  1236  0001  0.597  0.610    18    -1  0.49120  -0.29079  -8  994
223  1237  0002  0.566  0.610    17    -1  0.49120  -0.29079  -8  994
223  1240  0003  0.510  0.610    19    -1  0.49120  -0.29079  -8  994
223  1233  0004  0.530  0.610    13    -1  0.49120  -0.29079  -8  994
223  1235  0005  0.586  0.610    13    -1  0.49120  -0.29079  -8  994
223  1242  0006  0.545  0.610    20    -1  0.49120  -0.29079  -8  994
223  1244  0007  0.478  0.610     9    -1  0.49120  -0.29079  -8  994
223  1242  0008  0.539  0.610    19    -1  0.49120  -0.29079  -8  994
223  1235  0009  0.580  0.610     7    -1  0.49120  -0.29079  -8  994
223  1233  0010  0.567  0.610    14    -1  0.49120  -0.29079  -8  994
223  1238  0011  0.602  0.610     6    -1  0.49120  -0.29079  -8  995
223  1236  0012  0.530  0.610    15    -1  0.49120  -0.29079  -8  994
223  1237  0013  0.490  0.610    18    -1  0.49120  -0.29079  -8  994
223  1236  0014  0.578  0.610    17    -1  0.49120  -0.29079  -8  994
223  1240  0015  0.514  0.610    20    -1  0.49120  -0.29079  -8  994
223  1233  0016  0.571  0.610     8    -1  0.49120  -0.29079  -8  994
223  1241  0017  0.491  0.610    10    -1  0.49120  -0.29079  -8  994
223  1241  0018  0.550  0.610    18    -1  0.49120  -0.29079  -8  994
223  1237  0019  0.492  0.610    22    -1  0.49120  -0.29079  -8  994
223  1234  0020  0.554  0.610    15    -1  0.49120  -0.29079  -8  994
223  1240  0021  0.469  0.610    11    -1  0.49120  -0.29079  -8  994
223  1228  0022  0.564  0.610     7    -1  0.49120  -0.29079  -8  994
223  1231  0023  0.533  0.610     8    -1  0.49120  -0.29079  -8  994
223  1236  0024  0.475  0.610    17    -1  0.49120  -0.29079  -8  994
223  1239  0025  0.502  0.610    18    -1  0.49120  -0.29079  -8  994
223  1236  0026  0.584  0.610     7    -1  0.49120  -0.29079  -8  994
223  1234  0027  0.562  0.610    15    -1  0.49120  -0.29079  -8  994
223  1234  0028  0.475  0.610    16    -1  0.49120  -0.29079  -8  994
223  1237  0029  0.574  0.610    10    -1  0.49120  -0.29079  -8  994
223  1236  0030  0.604  0.610    13    -1  0.49120  -0.29079  -8  994
223  1237  0031  0.525  0.610    16    -1  0.49120  -0.29079  -8  994
223  1235  0032  0.584  0.610     7    -1  0.49120  -0.29079  -8  994
223  1232  0033  0.541  0.610     9    -1  0.49120  -0.29079  -8  994
223  1236  0034  0.492  0.610    17    -1  0.49120  -0.29079  -8  994
223  1233  0035  0.477  0.610    15    -1  0.49120  -0.29079  -8  994
223  1233  0036  0.559  0.610    14    -1  0.49120  -0.29079  -8  994
223  1233  0037  0.591  0.610    16    -1  0.49120  -0.29079  -8  994
223  1231  0038  0.616  0.610    16    -1  0.49120  -0.29079  -8  994
223  1246  0039  0.477  0.610     8    -1  0.49120  -0.29079  -8  994
223  1233  0040  0.465  0.610    14    -1  0.49120  -0.29079  -8  994
223  1235  0041  0.467  0.610    17    -1  0.49120  -0.29079  -8  994
223  1240  0042  0.581  0.610    21    -1  0.49120  -0.29079  -8  994
223  1240  0043  0.522  0.610    21    -1  0.49120  -0.29079  -8  994
223  1235  0044  0.591  0.610    13    -1  0.49120  -0.29079  -8  994
223  1231  0045  0.523  0.610     7    -1  0.49120  -0.29079  -8  994
223  1233  0046  0.535  0.610    12    -1  0.49120  -0.29079  -8  994
223  1236  0047  0.575  0.610    17    -1  0.49120  -0.29079  -8  994
223  1241  0048  0.597  0.610     8    -1  0.49120  -0.29079  -8  994
223  1237  0049  0.473  0.610    22    -1  0.49120  -0.29079  -8  994
268  1239  0000  0.506  0.610     9    -1  0.49120  -0.29079  -8  994
268  1235  0001  0.579  0.610    12    -1  0.49120  -0.29079  -8  994
268  1237  0002  0.592  0.610    23    -1  0.49120  -0.29079  -8  994
268  1238  0003  0.575  0.610    23    -1  0.49120  -0.29079  -8  994
268  1229  0004  0.540  0.610     8    -1  0.49120  -0.29079  -8  994
268  1233  0005  0.555  0.610    10    -1  0.49120  -0.29079  -8  994
268  1238  0006  0.515  0.610    16    -1  0.49120  -0.29079  -8  994
268  1235  0007  0.581  0.610    12    -1  0.49120  -0.29079  -8  994
268  1243  0008  0.617  0.610     9    -1  0.49120  -0.29079  -8  995
268  1240  0009  0.606  0.610    11    -1  0.49120  -0.29079  -8  995
268  1233  0010  0.570  0.610    15    -1  0.49120  -0.29079  -8  994
268  1234  0011  0.567  0.610    16    -1  0.49120  -0.29079  -8  994
268  1234  0012  0.464  0.610    12    -1  0.49120  -0.29079  -8  994
268  1233  0013  0.481  0.610    13    -1  0.49120  -0.29079  -8  994
268  1239  0014  0.582  0.610    10    -1  0.49120  -0.29079  -8  995
268  1232  0015  0.491  0.610    14    -1  0.49120  -0.29079  -8  994
268  1238  0016  0.509  0.610    10    -1  0.49120  -0.29079  -8  994
268  1236  0017  0.609  0.610    23    -1  0.49120  -0.29079  -8  994
268  1232  0018  0.481  0.610    14    -1  0.49120  -0.29079  -8  994
268  1242  0019  0.497  0.610     8    -1  0.49120  -0.29079  -8  994
268  1230  0020  0.522  0.610     7    -1  0.49120  -0.29079  -8  994
268  1232  0021  0.582  0.610    15    -1  0.49120  -0.29079  -8  994
268  1241  0022  0.582  0.610    20    -1  0.49120  -0.29079  -8  994
268  1238  0023  0.604  0.610    12    -1  0.49120  -0.29079  -8  995
268  1240  0024  0.490  0.610    11    -1  0.49120  -0.29079  -8  994
268  1233  0025  0.571  0.610    15    -1  0.49120  -0.29079  -8  994
268  1232  0026  0.543  0.610     9    -1  0.49120  -0.29079  -8  994
268  1241  0027  0.502  0.610     9    -1  0.49120  -0.29079  -8  994
268  1232  0028  0.554  0.610    13    -1  0.49120  -0.29079  -8  994
268  1234  0029  0.516  0.610    12    -1  0.49120  -0.29079  -8  994
268  1239  0030  0.602  0.610    21    -1  0.49120  -0.29079  -8  994
268  1249  0031  0.467  0.610     8    -1  0.49120  -0.29079  -8  994
268  1234  0032  0.465  0.610    17    -1  0.49120  -0.29079  -8  994
268  1238  0033  0.478  0.610    19    -1  0.49120  -0.29079  -8  994
268  1236  0034  0.512  0.610    11    -1  0.49120  -0.29079  -8  994
268  1232  0035  0.533  0.610    13    -1  0.49120  -0.29079  -8  994
268  1237  0036  0.502  0.610    22    -1  0.49120  -0.29079  -8  994
268  1231  0037  0.552  0.610     8    -1  0.49120  -0.29079  -8  994
268  1238  0038  0.480  0.610    11    -1  0.49120  -0.29079  -8  994
268  1240  0039  0.558  0.610    22    -1  0.49120  -0.29079  -8  994
268  1234  0040  0.509  0.610    12    -1  0.49120  -0.29079  -8  994
268  1222  0041  0.553  0.610     6    -1  0.49120  -0.29079  -8  995
268  1241  0042  0.529  0.610    18    -1  0.49120  -0.29079  -8  994
268  1234  0043  0.585  0.610    13    -1  0.49120  -0.29079  -8  994
268  1231  0044  0.599  0.610    16    -1  0.49120  -0.29079  -8  994
268  1240  0045  0.488  0.610    10    -1  0.49120  -0.29079  -8  994
268  1241  0046  0.528  0.610    21    -1  0.49120  -0.29079  -8  994
268  1239  0047  0.497  0.610    10    -1  0.49120  -0.29079  -8  994
268  1236  0048  0.601  0.610    23    -1  0.49120  -0.29079  -8  994
268  1237  0049  0.469  0.610    22    -1  0.49120  -0.29079  -8  994
313  1228  0000  0.530  0.610     8    -1  0.49120  -0.29079  -8  995
313  1236  0001  0.488  0.610    22    -1  0.49120  -0.29079  -8  994
313  1242  0002  0.596  0.610     8    -1  0.49120  -0.29079  -8  995
313  1237  0003  0.486  0.610    18    -1  0.49120  -0.29079  -8  994
313  1239  0004  0.599  0.610     7    -1  0.49120  -0.29079  -8  995
313  1239  0005  0.505  0.610     8    -1  0.49120  -0.29079  -8  994
313  1233  0006  0.526  0.610    14    -1  0.49120  -0.29079  -8  994
313  1238  0007  0.567  0.610    23    -1  0.49120  -0.29079  -8  994
313  1231  0008  0.608  0.610    14    -1  0.49120  -0.29079  -8  995
313  1241  0009  0.533  0.610    21    -1  0.49120  -0.29079  -8  994
313  1231  0010  0.533  0.610    13    -1  0.49120  -0.29079  -8  994
313  1231  0011  0.467  0.610    15    -1  0.49120  -0.29079  -8  994
313  1232  0012  0.548  0.610    14    -1  0.49120  -0.29079  -8  994
313  1234  0013  0.492  0.610    12    -1  0.49120  -0.29079  -8  994
313  1241  0014  0.570  0.610    22    -1  0.49120  -0.29079  -8  994
313  1236  0015  0.609  0.610    12    -1  0.49120  -0.29079  -8  995
313  1243  0016  0.610  0.610     8    -1  0.49120  -0.29079  -8  995
313  1233  0017  0.481  0.610    16    -1  0.49120  -0.29079  -8  994
313  1238  0018  0.501  0.610    22    -1  0.49120  -0.29079  -8  994
313  1242  0019  0.601  0.610     8    -1  0.49120  -0.29079  -8  995
313  1244  0020  0.607  0.610     9    -1  0.49120  -0.29079  -8  995
313  1238  0021  0.488  0.610    19    -1  0.49120  -0.29079  -8  994
313  1231  0022  0.595  0.610    15    -1  0.49120  -0.29079  -8  995
313  1243  0023  0.525  0.610    19    -1  0.49120  -0.29079  -8  994
313  1233  0024  0.527  0.610     9    -1  0.49120  -0.29079  -8  995
313  1243  0025  0.556  0.610    20    -1  0.49120  -0.29079  -8  994
313  1242  0026  0.496  0.610    10    -1  0.49120  -0.29079  -8  994
313  1241  0027  0.584  0.610    21    -1  0.49120  -0.29079  -8  994
313  1241  0028  0.506  0.610    19    -1  0.49120  -0.29079  -8  994
313  1243  0029  0.522  0.610    20    -1  0.49120  -0.29079  -8  994
313  1242  0030  0.572  0.610    20    -1  0.49120  -0.29079  -8  994
313  1242  0031  0.577  0.610    20    -1  0.49120  -0.29079  -8  994
313  1224  0032  0.542  0.610     7    -1  0.49120  -0.29079  -8  995
313  1240  0033  0.606  0.610    11    -1  0.49120  -0.29079  -8  995
313  1229  0034  0.611  0.610    17    -1  0.49120  -0.29079  -8  994
313  1240  0035  0.504  0.610    20    -1  0.49120  -0.29079  -8  994
313  1235  0036  0.515  0.610     8    -1  0.49120  -0.29079  -8  994
313  1245  0037  0.492  0.610     8    -1  0.49120  -0.29079  -8  994
313  1231  0038  0.569  0.610    14    -1  0.49120  -0.29079  -8  994
313  1240  0039  0.558  0.610    22    -1  0.49120  -0.29079  -8  994
313  1238  0040  0.492  0.610    11    -1  0.49120  -0.29079  -8  994
313  1237  0041  0.468  0.610    22    -1  0.49120  -0.29079  -8  994
313  1267  0042  0.604  0.623     6     3  0.52720  -0.24879  -8  995
313  1236  0043  0.482  0.610    18    -1  0.49120  -0.29079  -8  994
313  1241  0044  0.573  0.610    21    -1  0.49120  -0.29079  -8  994
313  1222  0045  0.554  0.610     7    -1  0.49120  -0.29079  -8  995
313  1243  0046  0.496  0.610     9    -1  0.49120  -0.29079  -8  994
313  1240  0047  0.609  0.610     7    -1  0.49120  -0.29079  -8  995
313  1234  0048  0.588  0.610    13    -1  0.49120  -0.29079  -8  995
313  1229  0049  0.616  0.610    16    -1  0.49120  -0.29079  -8  995
357  1244  0000  0.606  0.610     8    -1  0.49120  -0.29079  -8  995
357  1234  0001  0.565  0.610    10    -1  0.49120  -0.29079  -8  995
357  1237  0002  0.490  0.610    22    -1  0.49120  -0.29079  -8  994
357  1236  0003  0.571  0.610     9    -1  0.49120  -0.29079  -8  995
357  1247  0004  0.471  0.610     9    -1  0.49120  -0.29079  -8  994
357  1241  0005  0.534  0.610    22    -1  0.49120  -0.29079  -8  994
357  1234  0006  0.584  0.610    18    -1  0.49120  -0.29079  -8  994
357  1232  0007  0.566  0.610     8    -1  0.49120  -0.29079  -8  995
357  1242  0008  0.571  0.610    19    -1  0.49120  -0.29079  -8  994
357  1235  0009  0.511  0.610     8    -1  0.49120  -0.29079  -8  995
357  1244  0010  0.529  0.610    20    -1  0.49120  -0.29079  -8  994
357  1238  0011  0.492  0.610    18    -1  0.49120  -0.29079  -8  994
357  1231  0012  0.474  0.610    13    -1  0.49120  -0.29079  -8  994
357  1240  0013  0.536  0.610    17    -1  0.49120  -0.29079  -8  994
357  1230  0014  0.539  0.610    12    -1  0.49120  -0.29079  -8  995
357  1230  0015  0.591  0.610    15    -1  0.49120  -0.29079  -8  995
357  1239  0016  0.507  0.610    17    -1  0.49120  -0.29079  -8  994
357  1240  0017  0.601  0.610    11    -1  0.49120  -0.29079  -8  995
357  1236  0018  0.616  0.610    12    -1  0.49120  -0.29079  -8  995
357  1243  0019  0.521  0.610    20    -1  0.49120  -0.29079  -8  994
357  1238  0020  0.595  0.610     7    -1  0.49120  -0.29079  -8  995
357  1230  0021  0.589  0.610    16    -1  0.49120  -0.29079  -8  995
357  1231  0022  0.489  0.610    15    -1  0.49120  -0.29079  -8  994
357  1231  0023  0.526  0.610    13    -1  0.49120  -0.29079  -8  994
357  1232  0024  0.532  0.610    11    -1  0.49120  -0.29079  -8  995
357  1226  0025  0.558  0.610     8    -1  0.49120  -0.29079  -8  995
357  1234  0026  0.614  0.610    13    -1  0.49120  -0.29079  -8  995
357  1227  0027  0.618  0.610    16    -1  0.49120  -0.29079  -8  995
357  1249  0028  0.584  0.615     6     3  0.52120  -0.24279  -8  995
357  1239  0029  0.555  0.610    22    -1  0.49120  -0.29079  -8  994
357  1234  0030  0.557  0.610    16    -1  0.49120  -0.29079  -8  994
357  1242  0031  0.597  0.610    10    -1  0.49120  -0.29079  -8  995
357  1245  0032  0.477  0.610    10    -1  0.49120  -0.29079  -8  994
357  1239  0033  0.485  0.610    11    -1  0.49120  -0.29079  -8  994
357  1244  0034  0.525  0.610    20    -1  0.49120  -0.29079  -8  994
357  1232  0035  0.533  0.610    15    -1  0.49120  -0.29079  -8  994
357  1238  0036  0.491  0.610    21    -1  0.49120  -0.29079  -8  994
357  1231  0037  0.536  0.610    11    -1  0.49120  -0.29079  -8  995
357  1242  0038  0.591  0.610     9    -1  0.49120  -0.29079  -8  995
357  1227  0039  0.571  0.610     7    -1  0.49120  -0.29079  -8  995
357  1235  0040  0.572  0.610     9    -1  0.49120  -0.29079  -8  995
357  1234  0041  0.570  0.610    11    -1  0.49120  -0.29079  -8  995
357  1238  0042  0.509  0.610    17    -1  0.49120  -0.29079  -8  994
357  1231  0043  0.527  0.610    12    -1  0.49120  -0.29079  -8  995
357  1240  0044  0.494  0.610    10    -1  0.49120  -0.29079  -8  994
357  1240  0045  0.595  0.610    20    -1  0.49120  -0.29079  -8  994
357  1231  0046  0.552  0.610     9    -1  0.49120  -0.29079  -8  995
357  1232  0047  0.616  0.610    19    -1  0.49120  -0.29079  -8  994
357  1239  0048  0.607  0.610    21    -1  0.49120  -0.29079  -8  994
357  1231  0049  0.569  0.610    15    -1  0.49120  -0.29079  -8  995
402  1229  0000  0.479  0.610    15    -1  0.49120  -0.29079  -8  994
402  1238  0001  0.470  0.610    21    -1  0.49120  -0.29079  -8  994
402  1234  0002  0.567  0.610    10    -1  0.49120  -0.29079  -8  995
402  1238  0003  0.548  0.610    23    -1  0.49120  -0.29079  -8  994
402  1231  0004  0.537  0.610    14    -1  0.49120  -0.29079  -8  995
402  1237  0005  0.503  0.610    11    -1  0.49120  -0.29079  -8  995
402  1226  0006  0.618  0.610    16    -1  0.49120  -0.29079  -8  995
402  1242  0007  0.595  0.610    10    -1  0.49120  -0.29079  -8  995
402  1234  0008  0.486  0.610    17    -1  0.49120  -0.29079  -8  994
402  1242  0009  0.581  0.610    21    -1  0.49120  -0.29079  -8  994
402  1233  0010  0.576  0.615     6     3  0.52120  -0.24279  -8  995
402  1250  0011  0.474  0.610     9    -1  0.49120  -0.29079  -8  995
402  1230  0012  0.529  0.610    12    -1  0.49120  -0.29079  -8  995
402  1229  0013  0.539  0.610    13    -1  0.49120  -0.29079  -8  995
402  1236  0014  0.512  0.610     8    -1  0.49120  -0.29079  -8  995
402  1228  0015  0.612  0.610    15    -1  0.49120  -0.29079  -8  995
402  1242  0016  0.502  0.610     8    -1  0.49120  -0.29079  -8  995
402  1231  0017  0.600  0.610    14    -1  0.49120  -0.29079  -8  995
402  1237  0018  0.562  0.610    17    -1  0.49120  -0.29079  -8  994
402  1234  0019  0.488  0.610    17    -1  0.49120  -0.29079  -8  994
402  1231  0020  0.618  0.610    19    -1  0.49120  -0.29079  -8  995
402  1238  0021  0.485  0.610    20    -1  0.49120  -0.29079  -8  994
402  1243  0022  0.485  0.610    10    -1  0.49120  -0.29079  -8  995
402  1241  0023  0.533  0.610    17    -1  0.49120  -0.29079  -8  994
402  1245  0024  0.600  0.610     9    -1  0.49120  -0.29079  -8  995
402  1240  0025  0.586  0.610    22    -1  0.49120  -0.29079  -8  994
402  1233  0026  0.501  0.610    16    -1  0.49120  -0.29079  -8  994
402  1243  0027  0.561  0.610    19    -1  0.49120  -0.29079  -8  994
402  1223  0028  0.515  0.610     6    -1  0.49120  -0.29079  -8  995
402  1238  0029  0.607  0.610    20    -1  0.49120  -0.29079  -8  994
402  1244  0030  0.540  0.610    21    -1  0.49120  -0.29079  -8  994
402  1233  0031  0.561  0.610    10    -1  0.49120  -0.29079  -8  995
402  1235  0032  0.509  0.610    11    -1  0.49120  -0.29079  -8  995
402  1248  0033  0.484  0.610     9    -1  0.49120  -0.29079  -8  995
402  1235  0034  0.463  0.610    18    -1  0.49120  -0.29079  -8  994
402  1239  0035  0.612  0.610    20    -1  0.49120  -0.29079  -8  994
402  1229  0036  0.589  0.610    16    -1  0.49120  -0.29079  -8  995
402  1243  0037  0.575  0.610    20    -1  0.49120  -0.29079  -8  994
402  1245  0038  0.613  0.610    10    -1  0.49120  -0.29079  -8  995
402  1231  0039  0.571  0.610    13    -1  0.49120  -0.29079  -8  995
402  1232  0040  0.592  0.610    18    -1  0.49120  -0.29079  -8  995
402  1241  0041  0.504  0.610    18    -1  0.49120  -0.29079  -8  994
402  1246  0042  0.488  0.610     9    -1  0.49120  -0.29079  -8  995
402  1239  0043  0.537  0.610    17    -1  0.49120  -0.29079  -8  994
402  1232  0044  0.489  0.610    16    -1  0.49120  -0.29079  -8  994
402  1244  0045  0.563  0.610    20    -1  0.49120  -0.29079  -8  994
402  1231  0046  0.513  0.610    14    -1  0.49120  -0.29079  -8  995
402  1235  0047  0.606  0.610    19    -1  0.49120  -0.29079  -8  995
402  1230  0048  0.551  0.610    11    -1  0.49120  -0.29079  -8  995
402  1223  0049  0.560  0.610     7    -1  0.49120  -0.29079  -8  995
446  1231  0000  0.609  0.610    14    -1  0.49120  -0.29079  -7  995
446  1229  0001  0.555  0.610    14    -1  0.49120  -0.29079  -8  995
446  1239  0002  0.501  0.610    21    -1  0.49120  -0.29079  -8  994
446  1240  0003  0.605  0.610    21    -1  0.49120  -0.29079  -8  994
446  1234  0004  0.519  0.610    10    -1  0.49120  -0.29079  -8  995
446  1232  0005  0.483  0.610    16    -1  0.49120  -0.29079  -7  994
446  1236  0006  0.531  0.610    16    -1  0.49120  -0.29079  -8  995
446  1228  0007  0.483  0.610    15    -1  0.49120  -0.29079  -7  994
446  1230  0008  0.521  0.610    12    -1  0.49120  -0.29079  -8  995
446  1229  0009  0.541  0.610    11    -1  0.49120  -0.29079  -8  995
446  1241  0010  0.504  0.610    21    -1  0.49120  -0.29079  -8  994
446  1230  0011  0.508  0.610    14    -1  0.49120  -0.29079  -8  995
446  1307  0012  0.606  0.621     7     5  0.53320  -0.23079  -8  996
446  1251  0013  0.468  0.610     9    -1  0.49120  -0.29079  -8  995
446  1283  0014  0.595  0.615     7     4  0.52720  -0.23079  -8  996
446  1236  0015  0.487  0.610    22    -1  0.49120  -0.29079  -8  994
446  1233  0016  0.469  0.610    17    -1  0.49120  -0.29079  -7  994
446  1235  0017  0.609  0.610    19    -1  0.49120  -0.29079  -8  995
446  1241  0018  0.473  0.610    11    -1  0.49120  -0.29079  -8  995
446  1231  0019  0.525  0.610    11    -1  0.49120  -0.29079  -8  995
446  1238  0020  0.600  0.610    22    -1  0.49120  -0.29079  -8  994
446  1241  0021  0.498  0.610     7    -1  0.49120  -0.29079  -8  995
446  1229  0022  0.575  0.610    15    -1  0.49120  -0.29079  -7  995
446  1237  0023  0.521  0.610    23    -1  0.49120  -0.29079  -8  994
446  1257  0024  0.463  0.610     7    -1  0.49120  -0.29079  -8  995
446  1237  0025  0.573  0.610    10    -1  0.49120  -0.29079  -8  995
446  1244  0026  0.520  0.610    20    -1  0.49120  -0.29079  -8  994
446  1236  0027  0.483  0.610    18    -1  0.49120  -0.29079  -8  994
446  1238  0028  0.485  0.610    19    -1  0.49120  -0.29079  -8  994
446  1231  0029  0.527  0.610    11    -1  0.49120  -0.29079  -8  995
446  1229  0030  0.490  0.610    14    -1  0.49120  -0.29079  -8  995
446  1246  0031  0.496  0.610     8    -1  0.49120  -0.29079  -8  995
446  1231  0032  0.475  0.610    13    -1  0.49120  -0.29079  -8  995
446  1250  0033  0.462  0.610     9    -1  0.49120  -0.29079  -8  995
446  1243  0034  0.581  0.610    21    -1  0.49120  -0.29079  -8  994
446  1234  0035  0.467  0.610    12    -1  0.49120  -0.29079  -8  995
446  1240  0036  0.474  0.610    11    -1  0.49120  -0.29079  -8  995
446  1212  0037  0.536  0.610     7    -1  0.49120  -0.29079  -8  995
446  1240  0038  0.492  0.610    11    -1  0.49120  -0.29079  -8  995
446  1229  0039  0.465  0.610    16    -1  0.49120  -0.29079  -7  994
446  1246  0040  0.495  0.610     8    -1  0.49120  -0.29079  -8  995
446  1234  0041  0.579  0.610    17    -1  0.49120  -0.29079  -8  995
446  1257  0042  0.465  0.610     8    -1  0.49120  -0.29079  -8  995
446  1239  0043  0.587  0.610    11    -1  0.49120  -0.29079  -8  995
446  1252  0044  0.485  0.610     7    -1  0.49120  -0.29079  -8  995
446  1226  0045  0.599  0.610    16    -1  0.49120  -0.29079  -7  995
446  1239  0046  0.540  0.610    17    -1  0.49120  -0.29079  -8  995
446  1230  0047  0.531  0.610    11    -1  0.49120  -0.29079  -8  995
446  1258  0048  0.470  0.610     7    -1  0.49120  -0.29079  -8  995
446  1236  0049  0.599  0.610    23    -1  0.49120  -0.29079  -8  994
491  1241  0000  0.599  0.610    21    -1  0.49120  -0.29079  -8  994
491  1241  0001  0.583  0.610     9    -1  0.49120  -0.29079  -8  996
491  1247  0002  0.615  0.610    10    -1  0.49120  -0.29079  -8  996
491  1235  0003  0.487  0.610    12    -1  0.49120  -0.29079  -8  995
491  1228  0004  0.481  0.610    16    -1  0.49120  -0.29079  -7  995
491  1236  0005  0.532  0.610    16    -1  0.49120  -0.29079  -7  995
491  1245  0006  0.605  0.610    10    -1  0.49120  -0.29079  -8  996
491  1237  0007  0.472  0.610    11    -1  0.49120  -0.29079  -8  995
491  1244  0008  0.536  0.610    18    -1  0.49120  -0.29079  -8  995
491  1233  0009  0.583  0.610    12    -1  0.49120  -0.29079  -7  996
491  1245  0010  0.530  0.610    21    -1  0.49120  -0.29079  -8  994
491  1233  0011  0.584  0.610    12    -1  0.49120  -0.29079  -7  995
491  1239  0012  0.606  0.610    20    -1  0.49120  -0.29079  -8  995
491  1250  0013  0.490  0.610     8    -1  0.49120  -0.29079  -8  995
491  1230  0014  0.588  0.610    17    -1  0.49120  -0.29079  -7  995
491  1231  0015  0.582  0.610    17    -1  0.49120  -0.29079  -8  995
491  1242  0016  0.549  0.610    22    -1  0.49120  -0.29079  -8  994
491  1232  0017  0.591  0.610    13    -1  0.49120  -0.29079  -7  995
491  1237  0018  0.477  0.610    19    -1  0.49120  -0.29079  -7  994
491  1228  0019  0.582  0.610    15    -1  0.49120  -0.29079  -7  995
491  1228  0020  0.569  0.610    14    -1  0.49120  -0.29079  -7  995
491  1248  0021  0.492  0.610     9    -1  0.49120  -0.29079  -8  995
491  1241  0022  0.479  0.610    11    -1  0.49120  -0.29079  -8  995
491  1266  0023  0.593  0.616     7     6  0.53320  -0.21879  -8  996
491  1227  0024  0.593  0.610    15    -1  0.49120  -0.29079  -7  995
491  1233  0025  0.499  0.610    12    -1  0.49120  -0.29079  -8  995
491  1232  0026  0.501  0.610    16    -1  0.49120  -0.29079  -7  995
491  1245  0027  0.598  0.610     8    -1  0.49120  -0.29079  -8  996
491  1243  0028  0.519  0.610    18    -1  0.49120  -0.29079  -8  994
491  1240  0029  0.572  0.610    22    -1  0.49120  -0.29079  -8  994
491  1233  0030  0.537  0.610    15    -1  0.49120  -0.29079  -7  995
491  1246  0031  0.495  0.610     9    -1  0.49120  -0.29079  -8  995
491  1230  0032  0.478  0.610    13    -1  0.49120  -0.29079  -7  995
491  1228  0033  0.537  0.610    11    -1  0.49120  -0.29079  -8  995
491  1242  0034  0.569  0.610    19    -1  0.49120  -0.29079  -8  995
491  1239  0035  0.503  0.610    21    -1  0.49120  -0.29079  -8  994
491  1230  0036  0.595  0.610    18    -1  0.49120  -0.29079  -8  995
491  1246  0037  0.525  0.610    20    -1  0.49120  -0.29079  -8  994
491  1227  0038  0.589  0.610    16    -1  0.49120  -0.29079  -7  995
491  1237  0039  0.477  0.610    19    -1  0.49120  -0.29079  -7  994
491  1244  0040  0.494  0.610     6    -1  0.49120  -0.29079  -8  995
491  1230  0041  0.563  0.610    15    -1  0.49120  -0.29079  -7  995
491  1222  0042  0.543  0.610     8    -1  0.49120  -0.29079  -8  995
491  1241  0043  0.499  0.610    10    -1  0.49120  -0.29079  -8  995
491  1227  0044  0.585  0.610    15    -1  0.49120  -0.29079  -7  995
491  1236  0045  0.493  0.610    22    -1  0.49120  -0.29079  -8  994
491  1271  0046  0.587  0.612     7     5  0.52720  -0.22479  -8  996
491  1234  0047  0.568  0.610    10    -1  0.49120  -0.29079  -8  996
491  1234  0048  0.582  0.610    18    -1  0.49120  -0.29079  -8  995
491  1238  0049  0.573  0.610    18    -1  0.49120  -0.29079  -8  995
536  1210  0000  0.559  0.610     7    -1  0.49120  -0.29079  -8  996
536  1335  0001  0.604  0.622     7     6  0.53920  -0.21879  -8  996
536  1238  0002  0.499  0.610    21    -1  0.49120  -0.29079  -8  994
536  1223  0003  0.601  0.610    16    -1  0.49120  -0.29079  -7  995
536  1240  0004  0.500  0.610    18    -1  0.49120  -0.29079  -7  995
536  1238  0005  0.597  0.610    19    -1  0.49120  -0.29079  -8  995
536  1229  0006  0.553  0.610    10    -1  0.49120  -0.29079  -8  996
536  1229  0007  0.563  0.610    11    -1  0.49120  -0.29079  -7  996
536  1247  0008  0.542  0.610    20    -1  0.49120  -0.29079  -8  994
536  1242  0009  0.564  0.610    18    -1  0.49120  -0.29079  -8  995
536  1241  0010  0.600  0.610    21    -1  0.49120  -0.29079  -8  995
536  1236  0011  0.514  0.610    10    -1  0.49120  -0.29079  -8  995
536  1237  0012  0.475  0.610    19    -1  0.49120  -0.29079  -7  994
536  1244  0013  0.596  0.611    12    12  0.55120  -0.15879  -7  996
536  1216  0014  0.546  0.610     7    -1  0.49120  -0.29079  -8  996
536  1227  0015  0.564  0.610    13    -1  0.49120  -0.29079  -7  996
536  1224  0016  0.598  0.610    15    -1  0.49120  -0.29079  -7  995
536  1238  0017  0.518  0.610    22    -1  0.49120  -0.29079  -8  994
536  1231  0018  0.593  0.610    18    -1  0.49120  -0.29079  -7  995
536  1239  0019  0.562  0.610    18    -1  0.49120  -0.29079  -8  995
536  1241  0020  0.600  0.610    21    -1  0.49120  -0.29079  -8  995
536  1226  0021  0.551  0.610    12    -1  0.49120  -0.29079  -7  995
536  1235  0022  0.513  0.610    11    -1  0.49120  -0.29079  -8  995
536  1237  0023  0.475  0.610    21    -1  0.49120  -0.29079  -7  994
536  1368  0024  0.596  0.615     7     4  0.52720  -0.23079  -8  996
536  1246  0025  0.536  0.610    18    -1  0.49120  -0.29079  -8  995
536  1238  0026  0.476  0.610    11    -1  0.49120  -0.29079  -8  995
536  1237  0027  0.517  0.610    23    -1  0.49120  -0.29079  -8  994
536  1247  0028  0.524  0.610    20    -1  0.49120  -0.29079  -8  994
536  1240  0029  0.508  0.610    21    -1  0.49120  -0.29079  -8  994
536  1226  0030  0.591  0.610    15    -1  0.49120  -0.29079  -7  995
536  1224  0031  0.614  0.610    15    -1  0.49120  -0.29079  -7  996
536  1225  0032  0.468  0.610    14    -1  0.49120  -0.29079  -7  995
536  1228  0033  0.498  0.610    14    -1  0.49120  -0.29079  -7  995
536  1239  0034  0.606  0.610    22    -1  0.49120  -0.29079  -8  995
536  1346  0035  0.607  0.624     7     5  0.53920  -0.22479  -8  996
536  1247  0036  0.555  0.610    20    -1  0.49120  -0.29079  -8  995
536  1246  0037  0.525  0.610    20    -1  0.49120  -0.29079  -8  994
536  1247  0038  0.601  0.611    12    12  0.55120  -0.15879  -7  996
536  1226  0039  0.524  0.610     8    -1  0.49120  -0.29079  -8  996
536  1240  0040  0.581  0.610    10    -1  0.49120  -0.29079  -8  996
536  1233  0041  0.516  0.610     8    -1  0.49120  -0.29079  -8  995
536  1237  0042  0.493  0.610    18    -1  0.49120  -0.29079  -7  995
536  1226  0043  0.545  0.610    12    -1  0.49120  -0.29079  -7  995
536  1223  0044  0.603  0.610    16    -1  0.49120  -0.29079  -7  995
536  1235  0045  0.472  0.610    18    -1  0.49120  -0.29079  -7  994
536  1246  0046  0.563  0.610    20    -1  0.49120  -0.29079  -8  995
536  1227  0047  0.556  0.610     9    -1  0.49120  -0.29079  -8  996
536  1230  0048  0.526  0.610    11    -1  0.49120  -0.29079  -8  995
536  1228  0049  0.578  0.610    16    -1  0.49120  -0.29079  -7  995
580  1227  0000  0.500  0.610    13    -1  0.49120  -0.29079  -7  995
580  1264  0001  0.470  0.610     7    -1  0.49120  -0.29079  -8  995
580  1258  0002  0.483  0.610     7    -1  0.49120  -0.29079  -8  995
580  1221  0003  0.616  0.610    16    -1  0.49120  -0.29079  -7  996
580  1236  0004  0.613  0.610    20    -1  0.49120  -0.29079  -8  995
580  1235  0005  0.520  0.610    16    -1  0.49120  -0.29079  -7  995
580  1230  0006  0.519  0.610    11    -1  0.49120  -0.29079  -7  995
580  1233  0007  0.471  0.610    18    -1  0.49120  -0.29079  -7  995
580  1243  0008  0.568  0.610    22    -1  0.49120  -0.29079  -8  994
580  1228  0009  0.511  0.610    13    -1  0.49120  -0.29079  -7  995
580  1251  0010  0.471  0.610    10    -1  0.49120  -0.29079  -8  995
580  1247  0011  0.525  0.610    20    -1  0.49120  -0.29079  -8  995
580  1350  0012  0.603  0.619     8     6  0.53920  -0.21279  -8  996
580  1231  0013  0.544  0.610    15    -1  0.49120  -0.29079  -7  995
580  1291  0014  0.606  0.618    12    12  0.55720  -0.15879  -7  996
580  1242  0015  0.495  0.610    10    -1  0.49120  -0.29079  -8  995
580  1235  0016  0.505  0.610    16    -1  0.49120  -0.29079  -7  995
580  1218  0017  0.562  0.585     7     6  0.50920  -0.20079  -8  996
580  1222  0018  0.563  0.610     8    -1  0.49120  -0.29079  -8  996
580  1242  0019  0.595  0.610    20    -1  0.49120  -0.29079  -8  995
580  1207  0020  0.538  0.610     7    -1  0.49120  -0.29079  -8  996
580  1243  0021  0.567  0.610    19    -1  0.49120  -0.29079  -8  995
580  1233  0022  0.506  0.610    16    -1  0.49120  -0.29079  -7  995
580  1264  0023  0.464  0.610     7    -1  0.49120  -0.29079  -8  995
580  1259  0024  0.477  0.610     8    -1  0.49120  -0.29079  -8  995
580  1244  0025  0.525  0.610    21    -1  0.49120  -0.29079  -8  994
580  1236  0026  0.603  0.610    19    -1  0.49120  -0.29079  -8  995
580  1231  0027  0.524  0.610    15    -1  0.49120  -0.29079  -7  995
580  1238  0028  0.612  0.610    20    -1  0.49120  -0.29079  -8  995
580  1281  0029  0.614  0.624    12    12  0.56320  -0.15879  -7  996
580  1226  0030  0.549  0.610    12    -1  0.49120  -0.29079  -7  996
580  1227  0031  0.486  0.610    13    -1  0.49120  -0.29079  -7  995
580  1227  0032  0.585  0.610    14    -1  0.49120  -0.29079  -7  996
580  1242  0033  0.584  0.610    19    -1  0.49120  -0.29079  -8  995
580  1223  0034  0.609  0.610    17    -1  0.49120  -0.29079  -7  995
580  1240  0035  0.508  0.610     9    -1  0.49120  -0.29079  -8  996
580  1345  0036  0.589  0.610     7     5  0.52720  -0.21879  -8  996
580  1258  0037  0.462  0.610     8    -1  0.49120  -0.29079  -8  995
580  1231  0038  0.468  0.610    17    -1  0.49120  -0.29079  -7  995
580  1227  0039  0.551  0.610    14    -1  0.49120  -0.29079  -7  995
580  1226  0040  0.580  0.610    15    -1  0.49120  -0.29079  -7  996
580  1243  0041  0.558  0.610    22    -1  0.49120  -0.29079  -8  994
580  1255  0042  0.486  0.610     6    -1  0.49120  -0.29079  -8  995
580  1229  0043  0.618  0.610    19    -1  0.49120  -0.29079  -7  995
580  1227  0044  0.519  0.610    14    -1  0.49120  -0.29079  -7  995
580  1228  0045  0.557  0.610    11    -1  0.49120  -0.29079  -7  996
580  1227  0046  0.493  0.610    13    -1  0.49120  -0.29079  -7  995
580  1228  0047  0.564  0.610     8    -1  0.49120  -0.29079  -8  996
580  1236  0048  0.472  0.610    22    -1  0.49120  -0.29079  -7  994
580  1235  0049  0.513  0.610    10    -1  0.49120  -0.29079  -8  996
625  1245  0000  0.573  0.610    19    -1  0.49120  -0.29079  -8  995
625  1216  0001  0.546  0.610     8    -1  0.49120  -0.29079  -8  996
625  1233  0002  0.580  0.610    18    -1  0.49120  -0.29079  -7  995
625  1225  0003  0.573  0.610    14    -1  0.49120  -0.29079  -7  996
625  1235  0004  0.609  0.610    19    -1  0.49120  -0.29079  -7  995
625  1232  0005  0.474  0.610    17    -1  0.49120  -0.29079  -7  995
625  1226  0006  0.562  0.610    12    -1  0.49120  -0.29079  -7  996
625  1242  0007  0.570  0.610    19    -1  0.49120  -0.29079  -7  995
625  1242  0008  0.515  0.610    21    -1  0.49120  -0.29079  -7  995
625  1345  0009  0.609  0.619    11    11  0.55720  -0.16479  -7  996
625  1243  0010  0.506  0.610    18    -1  0.49120  -0.29079  -7  995
625  1313  0011  0.606  0.616    13    12  0.55720  -0.15279  -7  996
625  1239  0012  0.490  0.610    21    -1  0.49120  -0.29079  -7  995
625  1230  0013  0.495  0.610    16    -1  0.49120  -0.29079  -7  995
625  1244  0014  0.585  0.610    21    -1  0.49120  -0.29079  -8  995
625  1354  0015  0.603  0.618     9     8  0.54520  -0.19479  -8  997
625  1232  0016  0.518  0.610    15    -1  0.49120  -0.29079  -7  995
625  1351  0017  0.596  0.612     8     8  0.53920  -0.19479  -8  997
625  1229  0018  0.584  0.610    17    -1  0.49120  -0.29079  -7  996
625  1226  0019  0.496  0.610    15    -1  0.49120  -0.29079  -7  995
625  1226  0020  0.593  0.610    17    -1  0.49120  -0.29079  -7  996
625  1340  0021  0.596  0.607    11    11  0.54520  -0.16479  -8  996
625  1223  0022  0.594  0.610    16    -1  0.49120  -0.29079  -7  996
625  1224  0023  0.588  0.610    16    -1  0.49120  -0.29079  -7  996
625  1274  0024  0.570  0.591    10    10  0.52720  -0.17079  -8  996
625  1241  0025  0.541  0.610    17    -1  0.49120  -0.29079  -7  995
625  1351  0026  0.611  0.621    10    11  0.55720  -0.17079  -8  996
625  1236  0027  0.467  0.610    19    -1  0.49120  -0.29079  -7  995
625  1231  0028  0.501  0.610    16    -1  0.49120  -0.29079  -7  995
625  1224  0029  0.546  0.610    12    -1  0.49120  -0.29079  -7  996
625  1347  0030  0.594  0.606     8     8  0.53320  -0.19479  -8  997
625  1240  0031  0.578  0.610    19    -1  0.49120  -0.29079  -7  995
625  1246  0032  0.540  0.610    18    -1  0.49120  -0.29079  -7  995
625  1243  0033  0.547  0.610    22    -1  0.49120  -0.29079  -8  994
625  1232  0034  0.517  0.610    11    -1  0.49120  -0.29079  -8  996
625  1224  0035  0.555  0.610    13    -1  0.49120  -0.29079  -7  996
625  1309  0036  0.617  0.624    13    12  0.56320  -0.15879  -7  996
625  1225  0037  0.575  0.610    15    -1  0.49120  -0.29079  -7  996
625  1226  0038  0.472  0.610    16    -1  0.49120  -0.29079  -7  995
625  1225  0039  0.508  0.616     6    -1  0.49720  -0.29079  -8  996
625  1238  0040  0.528  0.610    23    -1  0.49120  -0.29079  -8  994
625  1225  0041  0.464  0.610    15    -1  0.49120  -0.29079  -7  995
625  1248  0042  0.558  0.610    20    -1  0.49120  -0.29079  -8  995
625  1490  0043  0.601  0.618     6     5  0.53320  -0.22479  -8  996
625  1225  0044  0.493  0.610    14    -1  0.49120  -0.29079  -7  995
625  1244  0045  0.564  0.581    11    11  0.52120  -0.15879  -7  996
625  1228  0046  0.507  0.610    13    -1  0.49120  -0.29079  -7  995
625  1232  0047  0.486  0.610    17    -1  0.49120  -0.29079  -7  995
625  1224  0048  0.551  0.610     9    -1  0.49120  -0.29079  -8  996
625  1241  0049  0.500  0.610    20    -1  0.49120  -0.29079  -7  995
89  1236  0000  0.493  0.610    13    -1  0.49120  -0.29079  -8  994
89  1238  0001  0.538  0.610    16    -1  0.49120  -0.29079  -8  994
89  1238  0002  0.504  0.610     8    -1  0.49120  -0.29079  -8  994
89  1236  0003  0.592  0.610    17    -1  0.49120  -0.29079  -8  994
89  1237  0004  0.516  0.610     9    -1  0.49120  -0.29079  -8  994
89  1237  0005  0.517  0.610     9    -1  0.49120  -0.29079  -8  994
89  1237  0006  0.601  0.610    13    -1  0.49120  -0.29079  -8  994
89  1237  0007  0.533  0.610    15    -1  0.49120  -0.29079  -8  994
89  1238  0008  0.594  0.610    19    -1  0.49120  -0.29079  -8  994
89  1238  0009  0.542  0.610    23    -1  0.49120  -0.29079  -8  993
89  1235  0010  0.613  0.610    17    -1  0.49120  -0.29079  -8  994
89  1237  0011  0.564  0.610    11    -1  0.49120  -0.29079  -8  994
89  1239  0012  0.579  0.610    20    -1  0.49120  -0.29079  -8  994
89  1237  0013  0.571  0.610    10    -1  0.49120  -0.29079  -8  994
89  1239  0014  0.557  0.610    18    -1  0.49120  -0.29079  -8  994
89  1237  0015  0.526  0.610    16    -1  0.49120  -0.29079  -8  994
89  1239  0016  0.518  0.610    18    -1  0.49120  -0.29079  -8  994
89  1237  0017  0.468  0.610    18    -1  0.49120  -0.29079  -8  994
89  1236  0018  0.537  0.610    11    -1  0.49120  -0.29079  -8  994
89  1236  0019  0.480  0.610    13    -1  0.49120  -0.29079  -8  994
89  1240  0020  0.615  0.610     9    -1  0.49120  -0.29079  -8  994
89  1237  0021  0.463  0.610    17    -1  0.49120  -0.29079  -8  994
89  1237  0022  0.482  0.610    22    -1  0.49120  -0.29079  -8  994
89  1235  0023  0.613  0.610    17    -1  0.49120  -0.29079  -8  994
89  1238  0024  0.476  0.610    21    -1  0.49120  -0.29079  -8  994
89  1237  0025  0.469  0.610    17    -1  0.49120  -0.29079  -8  994
89  1238  0026  0.594  0.610    12    -1  0.49120  -0.29079  -8  994
89  1236  0027  0.600  0.610    18    -1  0.49120  -0.29079  -8  994
89  1238  0028  0.611  0.610     6    -1  0.49120  -0.29079  -8  994
89  1238  0029  0.590  0.610    11    -1  0.49120  -0.29079  -8  994
89  1237  0030  0.510  0.610    16    -1  0.49120  -0.29079  -8  994
89  1239  0031  0.526  0.610    18    -1  0.49120  -0.29079  -8  994
89  1238  0032  0.505  0.610    21    -1  0.49120  -0.29079  -8  994
89  1238  0033  0.614  0.610     7    -1  0.49120  -0.29079  -8  994
89  1236  0034  0.479  0.610    16    -1  0.49120  -0.29079  -8  994
89  1241  0035  0.479  0.610     8    -1  0.49120  -0.29079  -8  994
89  1238  0036  0.476  0.610    21    -1  0.49120  -0.29079  -8  994
89  1236  0037  0.501  0.610    14    -1  0.49120  -0.29079  -8  994
89  1239  0038  0.611  0.610    10    -1  0.49120  -0.29079  -8  994
89  1237  0039  0.505  0.610     7    -1  0.49120  -0.29079  -8  994
89  1236  0040  0.546  0.610    13    -1  0.49120  -0.29079  -8  994
89  1236  0041  0.534  0.610    13    -1  0.49120  -0.29079  -8  994
89  1237  0042  0.470  0.610    18    -1  0.49120  -0.29079  -8  994
89  1238  0043  0.463  0.610    20    -1  0.49120  -0.29079  -8  994
89  1237  0044  0.491  0.610    17    -1  0.49120  -0.29079  -8  994
89  1236  0045  0.580  0.610     7    -1  0.49120  -0.29079  -8  994
89  1237  0046  0.515  0.610    15    -1  0.49120  -0.29079  -8  994
89  1236  0047  0.503  0.610    14    -1  0.49120  -0.29079  -8  994
89  1238  0048  0.507  0.610     9    -1  0.49120  -0.29079  -8  994
89  1234  0049  0.557  0.610     7    -1  0.49120  -0.29079  -8  994
134  1240  0000  0.534  0.610    19    -1  0.49120  -0.29079  -8  994
134  1239  0001  0.579  0.610    21    -1  0.49120  -0.29079  -8  994
134  1235  0002  0.591  0.610    16    -1  0.49120  -0.29079  -8  994
134  1240  0003  0.494  0.610     7    -1  0.49120  -0.29079  -8  994
134  1236  0004  0.554  0.610    10    -1  0.49120  -0.29079  -8  994
134  1238  0005  0.588  0.610    19    -1  0.49120  -0.29079  -8  994
134  1235  0006  0.533  0.610    12    -1  0.49120  -0.29079  -8  994
134  1235  0007  0.467  0.610    15    -1  0.49120  -0.29079  -8  994
134  1237  0008  0.477  0.610    23    -1  0.49120  -0.29079  -8  994
134  1240  0009  0.493  0.610    10    -1  0.49120  -0.29079  -8  994
134  1235  0010  0.618  0.610    14    -1  0.49120  -0.29079  -8  994
134  1236  0011  0.558  0.610     9    -1  0.49120  -0.29079  -8  994
134  1235  0012  0.536  0.610     9    -1  0.49120  -0.29079  -8  994
134  1244  0013  0.468  0.610     7    -1  0.49120  -0.29079  -8  994
134  1236  0014  0.525  0.610    15    -1  0.49120  -0.29079  -8  994
134  1235  0015  0.604  0.610    14    -1  0.49120  -0.29079  -8  994
134  1238  0016  0.481  0.610    21    -1  0.49120  -0.29079  -8  994
134  1237  0017  0.485  0.610    12    -1  0.49120  -0.29079  -8  994
134  1240  0018  0.605  0.610     8    -1  0.49120  -0.29079  -8  994
134  1239  0019  0.555  0.610    18    -1  0.49120  -0.29079  -8  994
134  1236  0020  0.497  0.610    16    -1  0.49120  -0.29079  -8  994
134  1238  0021  0.464  0.610    20    -1  0.49120  -0.29079  -8  994
134  1238  0022  0.466  0.610    19    -1  0.49120  -0.29079  -8  994
134  1240  0023  0.610  0.610    10    -1  0.49120  -0.29079  -8  994
134  1240  0024  0.615  0.610     9    -1  0.49120  -0.29079  -8  994
134  1235  0025  0.545  0.610    13    -1  0.49120  -0.29079  -8  994
134  1240  0026  0.530  0.610    19    -1  0.49120  -0.29079  -8  994
134  1235  0027  0.520  0.610     8    -1  0.49120  -0.29079  -8  994
134  1237  0028  0.518  0.610     9    -1  0.49120  -0.29079  -8  994
134  1236  0029  0.466  0.610    16    -1  0.49120  -0.29079  -8  994
134  1236  0030  0.600  0.610    18    -1  0.49120  -0.29079  -8  994
134  1239  0031  0.535  0.610    22    -1  0.49120  -0.29079  -8  994
134  1235  0032  0.494  0.610    14    -1  0.49120  -0.29079  -8  994
134  1235  0033  0.546  0.610    10    -1  0.49120  -0.29079  -8  994
134  1231  0034  0.562  0.610     6    -1  0.49120  -0.29079  -8  994
134  1234  0035  0.530  0.610     8    -1  0.49120  -0.29079  -8  994
134  1238  0036  0.471  0.610    11    -1  0.49120  -0.29079  -8  994
134  1235  0037  0.525  0.610    14    -1  0.49120  -0.29079  -8  994
134  1237  0038  0.579  0.610    11    -1  0.49120  -0.29079  -8  994
134  1236  0039  0.592  0.610    13    -1  0.49120  -0.29079  -8  994
134  1238  0040  0.496  0.610    19    -1  0.49120  -0.29079  -8  994
134  1238  0041  0.520  0.610    17    -1  0.49120  -0.29079  -8  994
134  1234  0042  0.598  0.610    16    -1  0.49120  -0.29079  -8  994
134  1235  0043  0.587  0.610    14    -1  0.49120  -0.29079  -8  994
134  1239  0044  0.530  0.610    22    -1  0.49120  -0.29079  -8  994
134  1236  0045  0.584  0.610     7    -1  0.49120  -0.29079  -8  994
134  1235  0046  0.529  0.610    12    -1  0.49120  -0.29079  -8  994
134  1234  0047  0.538  0.610     8    -1  0.49120  -0.29079  -8  994
134  1235  0048  0.542  0.610    14    -1  0.49120  -0.29079  -8  994
134  1240  0049  0.523  0.610    20    -1  0.49120  -0.29079  -8  994
179  1234  0000  0.553  0.610    11    -1  0.49120  -0.29079  -8  994
179  1238  0001  0.488  0.610    18    -1  0.49120  -0.29079  -8  994
179  1238  0002  0.577  0.610    18    -1  0.49120  -0.29079  -8  994
179  1235  0003  0.494  0.610    13    -1  0.49120  -0.29079  -8  994
179  1241  0004  0.561  0.610    20    -1  0.49120  -0.29079  -8  994
179  1234  0005  0.470  0.610    13    -1  0.49120  -0.29079  -8  994
179  1240  0006  0.567  0.610    21    -1  0.49120  -0.29079  -8  994
179  1246  0007  0.470  0.610     7    -1  0.49120  -0.29079  -8  994
179  1233  0008  0.610  0.610    16    -1  0.49120  -0.29079  -8  994
179  1240  0009  0.572  0.610    20    -1  0.49120  -0.29079  -8  994
179  1239  0010  0.506  0.610    20    -1  0.49120  -0.29079  -8  994
179  1235  0011  0.517  0.610    12    -1  0.49120  -0.29079  -8  994
179  1239  0012  0.603  0.610    21    -1  0.49120  -0.29079  -8  994
179  1238  0013  0.482  0.610    19    -1  0.49120  -0.29079  -8  994
179  1229  0014  0.551  0.610     7    -1  0.49120  -0.29079  -8  994
179  1237  0015  0.488  0.610    11    -1  0.49120  -0.29079  -8  994
179  1228  0016  0.552  0.610     7    -1  0.49120  -0.29079  -8  994
179  1235  0017  0.501  0.610    13    -1  0.49120  -0.29079  -8  994
179  1237  0018  0.590  0.610    12    -1  0.49120  -0.29079  -8  994
179  1235  0019  0.586  0.610    14    -1  0.49120  -0.29079  -8  994
179  1241  0020  0.538  0.610    18    -1  0.49120  -0.29079  -8  994
179  1240  0021  0.513  0.610    21    -1  0.49120  -0.29079  -8  994
179  1237  0022  0.488  0.610    22    -1  0.49120  -0.29079  -8  994
179  1237  0023  0.517  0.610    10    -1  0.49120  -0.29079  -8  994
179  1240  0024  0.517  0.610    21    -1  0.49120  -0.29079  -8  994
179  1240  0025  0.595  0.610     9    -1  0.49120  -0.29079  -8  994
179  1235  0026  0.580  0.610    16    -1  0.49120  -0.29079  -8  994
179  1238  0027  0.611  0.610     6    -1  0.49120  -0.29079  -8  994
179  1241  0028  0.606  0.610     9    -1  0.49120  -0.29079  -8  994
179  1239  0029  0.582  0.610    19    -1  0.49120  -0.29079  -8  994
179  1237  0030  0.487  0.610    11    -1  0.49120  -0.29079  -8  994
179  1234  0031  0.565  0.610    13    -1  0.49120  -0.29079  -8  994
179  1232  0032  0.514  0.610     6    -1  0.49120  -0.29079  -8  994
179  1238  0033  0.591  0.610    19    -1  0.49120  -0.29079  -8  994
179  1241  0034  0.528  0.610    19    -1  0.49120  -0.29079  -8  994
179  1238  0035  0.491  0.610    11    -1  0.49120  -0.29079  -8  994
179  1246  0036  0.463  0.610     7    -1  0.49120  -0.29079  -8  994
179  1234  0037  0.561  0.610    13    -1  0.49120  -0.29079  -8  994
179  1233  0038  0.607  0.610    17    -1  0.49120  -0.29079  -8  994
179  1239  0039  0.504  0.610    20    -1  0.49120  -0.29079  -8  994
179  1241  0040  0.551  0.610    20    -1  0.49120  -0.29079  -8  994
179  1235  0041  0.481  0.610    13    -1  0.49120  -0.29079  -8  994
179  1235  0042  0.520  0.610    12    -1  0.49120  -0.29079  -8  994
179  1237  0043  0.514  0.610    16    -1  0.49120  -0.29079  -8  994
179  1239  0044  0.587  0.610    20    -1  0.49120  -0.29079  -8  994
179  1238  0045  0.576  0.610    22    -1  0.49120  -0.29079  -8  994
179  1235  0046  0.595  0.610    13    -1  0.49120  -0.29079  -8  994
179  1240  0047  0.565  0.610    21    -1  0.49120  -0.29079  -8  994
179  1235  0048  0.556  0.610    11    -1  0.49120  -0.29079  -8  994
179  1237  0049  0.464  0.610    22    -1  0.49120  -0.29079  -8  994
223  1227  0000  0.542  0.610     7    -1  0.49120  -0.29079  -8  994
223  1231  0001  0.544  0.610     8    -1  0.49120  -0.29079  -8  994
223  1240  0002  0.559  0.610    18    -1  0.49120  -0.29079  -8  994
223  1238  0003  0.557  0.610    17    -1  0.49120  -0.29079  -8  994
223  1241  0004  0.563  0.610    21    -1  0.49120  -0.29079  -8  994
223  1230  0005  0.572  0.610     6    -1  0.49120  -0.29079  -8  994
223  1241  0006  0.569  0.610    20    -1  0.49120  -0.29079  -8  994
223  1242  0007  0.538  0.610    20    -1  0.49120  -0.29079  -8  994
223  1233  0008  0.479  0.610    14    -1  0.49120  -0.29079  -8  994
223  1239  0009  0.485  0.610    11    -1  0.49120  -0.29079  -8  994
223  1233  0010  0.488  0.610    14    -1  0.49120  -0.29079  -8  994
223  1240  0011  0.516  0.610    18    -1  0.49120  -0.29079  -8  994
223  1241  0012  0.533  0.610    18    -1  0.49120  -0.29079  -8  994
223  1233  0013  0.562  0.610    14    -1  0.49120  -0.29079  -8  994
223  1234  0014  0.518  0.610    12    -1  0.49120  -0.29079  -8  994
223  1238  0015  0.533  0.610    23    -1  0.49120  -0.29079  -8  994
223  1232  0016  0.617  0.610    18    -1  0.49120  -0.29079  -8  994
223  1238  0017  0.505  0.610    18    -1  0.49120  -0.29079  -8  994
223  1232  0018  0.609  0.610    15    -1  0.49120  -0.29079  -8  994
223  1237  0019  0.604  0.610    22    -1  0.49120  -0.29079  -8  994
223  1241  0020  0.533  0.610    20    -1  0.49120  -0.29079  -8  994
223  1240  0021  0.561  0.610    19    -1  0.49120  -0.29079  -8  994
223  1235  0022  0.564  0.610    10    -1  0.49120  -0.29079  -8  994
223  1240  0023  0.600  0.610    11    -1  0.49120  -0.29079  -8  994
223  1234  0024  0.523  0.610     9    -1  0.49120  -0.29079  -8  994
223  1240  0025  0.605  0.610    11    -1  0.49120  -0.29079  -8  994
223  1239  0026  0.506  0.610    10    -1  0.49120  -0.29079  -8  994
223  1235  0027  0.526  0.610    11    -1  0.49120  -0.29079  -8  994
223  1240  0028  0.497  0.610     7    -1  0.49120  -0.29079  -8  994
223  1233  0029  0.568  0.610     8    -1  0.49120  -0.29079  -8  994
223  1237  0030  0.479  0.610    18    -1  0.49120  -0.29079  -8  994
223  1242  0031  0.544  0.610    19    -1  0.49120  -0.29079  -8  994
223  1233  0032  0.523  0.610    13    -1  0.49120  -0.29079  -8  994
223  1238  0033  0.578  0.610    23    -1  0.49120  -0.29079  -8  994
223  1242  0034  0.615  0.610     9    -1  0.49120  -0.29079  -8  994
223  1241  0035  0.540  0.610    21    -1  0.49120  -0.29079  -8  994
223  1239  0036  0.608  0.610    11    -1  0.49120  -0.29079  -8  994
223  1246  0037  0.479  0.610     8    -1  0.49120  -0.29079  -8  994
223  1243  0038  0.492  0.610     7    -1  0.49120  -0.29079  -8  994
223  1233  0039  0.578  0.610    14    -1  0.49120  -0.29079  -8  994
223  1236  0040  0.543  0.610    16    -1  0.49120  -0.29079  -8  994
223  1238  0041  0.593  0.610     7    -1  0.49120  -0.29079  -8  995
223  1238  0042  0.529  0.610    22    -1  0.49120  -0.29079  -8  994
223  1235  0043  0.499  0.610    13    -1  0.49120  -0.29079  -8  994
223  1240  0044  0.491  0.610    10    -1  0.49120  -0.29079  -8  994
223  1237  0045  0.603  0.610    23    -1  0.49120  -0.29079  -8  994
223  1234  0046  0.514  0.610    12    -1  0.49120  -0.29079  -8  994
223  1244  0047  0.488  0.610     7    -1  0.49120  -0.29079  -8  994
223  1237  0048  0.591  0.610    19    -1  0.49120  -0.29079  -8  994
223  1242  0049  0.535  0.610    20    -1  0.49120  -0.29079  -8  994
268  1239  0000  0.605  0.610    22    -1  0.49120  -0.29079  -8  994
268  1238  0001  0.508  0.610    10    -1  0.49120  -0.29079  -8  994
268  1240  0002  0.500  0.610    20    -1  0.49120  -0.29079  -8  994
268  1242  0003  0.604  0.610     8    -1  0.49120  -0.29079  -8  995
268  1233  0004  0.549  0.610    15    -1  0.49120  -0.29079  -8  994
268  1237  0005  0.515  0.610    16    -1  0.49120  -0.29079  -8  994
268  1234  0006  0.566  0.610    11    -1  0.49120  -0.29079  -8  994
268  1236  0007  0.542  0.610    16    -1  0.49120  -0.29079  -8  994
268  1239  0008  0.506  0.610     9    -1  0.49120  -0.29079  -8  994
268  1239  0009  0.588  0.610    22    -1  0.49120  -0.29079  -8  994
268  1233  0010  0.589  0.610    14    -1  0.49120  -0.29079  -8  994
268  1237  0011  0.490  0.610    18    -1  0.49120  -0.29079  -8  994
268  1238  0012  0.556  0.610    23    -1  0.49120  -0.29079  -8  994
268  1240  0013  0.504  0.610     9    -1  0.49120  -0.29079  -8  994
268  1239  0014  0.507  0.610    21    -1  0.49120  -0.29079  -8  994
268  1237  0015  0.595  0.610    22    -1  0.49120  -0.29079  -8  994
268  1242  0016  0.595  0.610     9    -1  0.49120  -0.29079  -8  995
268  1237  0017  0.611  0.610    12    -1  0.49120  -0.29079  -8  995
268  1233  0018  0.552  0.610    15    -1  0.49120  -0.29079  -8  994
268  1237  0019  0.469  0.610    21    -1  0.49120  -0.29079  -8  994
268  1235  0020  0.564  0.610     9    -1  0.49120  -0.29079  -8  995
268  1234  0021  0.566  0.610    12    -1  0.49120  -0.29079  -8  994
268  1234  0022  0.563  0.610    16    -1  0.49120  -0.29079  -8  994
268  1234  0023  0.541  0.610    15    -1  0.49120  -0.29079  -8  994
268  1234  0024  0.494  0.610    12    -1  0.49120  -0.29079  -8  994
268  1239  0025  0.549  0.610    17    -1  0.49120  -0.29079  -8  994
268  1242  0026  0.538  0.610    21    -1  0.49120  -0.29079  -8  994
268  1234  0027  0.601  0.610    14    -1  0.49120  -0.29079  -8  994
268  1233  0028  0.602  0.610    18    -1  0.49120  -0.29079  -8  994
268  1262  0029  0.606  0.623     6     3  0.52720  -0.24879  -8  995
268  1233  0030  0.576  0.610    13    -1  0.49120  -0.29079  -8  994
268  1248  0031  0.471  0.610     8    -1  0.49120  -0.29079  -8  994
268  1234  0032  0.561  0.610    10    -1  0.49120  -0.29079  -8  994
268  1241  0033  0.486  0.610    10    -1  0.49120  -0.29079  -8  994
268  1240  0034  0.529  0.610    21    -1  0.49120  -0.29079  -8  994
268  1238  0035  0.512  0.610    17    -1  0.49120  -0.29079  -8  994
268  1249  0036  0.463  0.610     8    -1  0.49120  -0.29079  -8  994
268  1238  0037  0.593  0.610     7    -1  0.49120  -0.29079  -8  995
268  1233  0038  0.522  0.610    13    -1  0.49120  -0.29079  -8  994
268  1238  0039  0.569  0.610    23    -1  0.49120  -0.29079  -8  994
268  1232  0040  0.552  0.610    12    -1  0.49120  -0.29079  -8  994
268  1234  0041  0.534  0.610    15    -1  0.49120  -0.29079  -8  994
268  1233  0042  0.505  0.610    14    -1  0.49120  -0.29079  -8  994
268  1238  0043  0.580  0.610    10    -1  0.49120  -0.29079  -8  995
268  1239  0044  0.497  0.610    20    -1  0.49120  -0.29079  -8  994
268  1235  0045  0.471  0.610    17    -1  0.49120  -0.29079  -8  994
268  1234  0046  0.529  0.610    10    -1  0.49120  -0.29079  -8  994
268  1235  0047  0.513  0.610    15    -1  0.49120  -0.29079  -8  994
268  1233  0048  0.464  0.610    13    -1  0.49120  -0.29079  -8  994
268  1237  0049  0.573  0.610     9    -1  0.49120  -0.29079  -8  995
313  1235  0000  0.574  0.610    11    -1  0.49120  -0.29079  -8  995
313  1242  0001  0.593  0.610    10    -1  0.49120  -0.29079  -8  995
313  1231  0002  0.546  0.610    14    -1  0.49120  -0.29079  -8  994
313  1237  0003  0.524  0.610    16    -1  0.49120  -0.29079  -8  994
313  1232  0004  0.467  0.610    16    -1  0.49120  -0.29079  -8  994
313  1231  0005  0.591  0.610    14    -1  0.49120  -0.29079  -8  995
313  1227  0006  0.568  0.610     7    -1  0.49120  -0.29079  -8  995
313  1234  0007  0.508  0.610    15    -1  0.49120  -0.29079  -8  994
313  1234  0008  0.515  0.610     8    -1  0.49120  -0.29079  -8  994
313  1229  0009  0.615  0.610    16    -1  0.49120  -0.29079  -8  995
313  1232  0010  0.555  0.610    11    -1  0.49120  -0.29079  -8  995
313  1238  0011  0.463  0.610    20    -1  0.49120  -0.29079  -8  994
313  1238  0012  0.604  0.610    22    -1  0.49120  -0.29079  -8  994
313  1239  0013  0.577  0.610    19    -1  0.49120  -0.29079  -8  994
313  1234  0014  0.615  0.610    13    -1  0.49120  -0.29079  -8  995
313  1242  0015  0.528  0.610    21    -1  0.49120  -0.29079  -8  994
313  1238  0016  0.487  0.610    11    -1  0.49120  -0.29079  -8  994
313  1231  0017  0.467  0.610    13    -1  0.49120  -0.29079  -8  994
313  1226  0018  0.544  0.610     8    -1  0.49120  -0.29079  -8  995
313  1231  0019  0.559  0.610    13    -1  0.49120  -0.29079  -8  995
313  1229  0020  0.605  0.610    15    -1  0.49120  -0.29079  -8  995
313  1235  0021  0.518  0.610    10    -1  0.49120  -0.29079  -8  994
313  1236  0022  0.493  0.610    23    -1  0.49120  -0.29079  -8  994
313  1238  0023  0.605  0.610    20    -1  0.49120  -0.29079  -8  994
313  1235  0024  0.467  0.610    12    -1  0.49120  -0.29079  -8  994
313  1239  0025  0.500  0.610    10    -1  0.49120  -0.29079  -8  994
313  1229  0026  0.537  0.610     8    -1  0.49120  -0.29079  -8  995
313  1236  0027  0.580  0.610    12    -1  0.49120  -0.29079  -8  995
313  1237  0028  0.489  0.610    22    -1  0.49120  -0.29079  -8  994
313  1244  0029  0.490  0.610     7    -1  0.49120  -0.29079  -8  994
313  1234  0030  0.586  0.610    17    -1  0.49120  -0.29079  -8  994
313  1231  0031  0.566  0.610    14    -1  0.49120  -0.29079  -8  994
313  1243  0032  0.520  0.610    20    -1  0.49120  -0.29079  -8  994
313  1231  0033  0.587  0.610    16    -1  0.49120  -0.29079  -8  994
313  1236  0034  0.589  0.610    18    -1  0.49120  -0.29079  -8  994
313  1238  0035  0.493  0.610    18    -1  0.49120  -0.29079  -8  994
313  1241  0036  0.580  0.610    20    -1  0.49120  -0.29079  -8  994
313  1232  0037  0.529  0.610    12    -1  0.49120  -0.29079  -8  994
313  1242  0038  0.551  0.610    21    -1  0.49120  -0.29079  -8  994
313  1234  0039  0.464  0.610    17    -1  0.49120  -0.29079  -8  994
313  1234  0040  0.497  0.610    16    -1  0.49120  -0.29079  -8  994
313  1234  0041  0.494  0.610    12    -1  0.49120  -0.29079  -8  994
313  1240  0042  0.595  0.610    20    -1  0.49120  -0.29079  -8  994
313  1241  0043  0.512  0.610    18    -1  0.49120  -0.29079  -8  994
313  1231  0044  0.557  0.610    13    -1  0.49120  -0.29079  -8  994
313  1233  0045  0.570  0.610    16    -1  0.49120  -0.29079  -8  994
313  1240  0046  0.574  0.610    22    -1  0.49120  -0.29079  -8  994
313  1240  0047  0.615  0.610    11    -1  0.49120  -0.29079  -8  995
313  1235  0048  0.567  0.610    10    -1  0.49120  -0.29079  -8  995
313  1236  0049  0.515  0.610    16    -1  0.49120  -0.29079  -8  994
357  1241  0000  0.588  0.610    20    -1  0.49120  -0.29079  -8  994
357  1240  0001  0.596  0.610    22    -1  0.49120  -0.29079  -8  994
357  1246  0002  0.489  0.610     7    -1  0.49120  -0.29079  -8  994
357  1240  0003  0.590  0.610    22    -1  0.49120  -0.29079  -8  994
357  1237  0004  0.610  0.610    12    -1  0.49120  -0.29079  -8  995
357  1240  0005  0.579  0.610    22    -1  0.49120  -0.29079  -8  994
357  1241  0006  0.540  0.610    17    -1  0.49120  -0.29079  -8  994
357  1250  0007  0.482  0.610     8    -1  0.49120  -0.29079  -8  994
357  1234  0008  0.566  0.610    11    -1  0.49120  -0.29079  -8  995
357  1255  0009  0.465  0.610     7    -1  0.49120  -0.29079  -8  994
357  1231  0010  0.538  0.610    10    -1  0.49120  -0.29079  -8  995
357  1233  0011  0.510  0.610    15    -1  0.49120  -0.29079  -8  994
357  1230  0012  0.598  0.610    17    -1  0.49120  -0.29079  -8  995
357  1235  0013  0.514  0.610    11    -1  0.49120  -0.29079  -8  995
357  1228  0014  0.607  0.610    17    -1  0.49120  -0.29079  -8  995
357  1234  0015  0.587  0.610    13    -1  0.49120  -0.29079  -8  995
357  1229  0016  0.596  0.610    15    -1  0.49120  -0.29079  -8  995
357  1223  0017  0.564  0.610     7    -1  0.49120  -0.29079  -8  995
357  1237  0018  0.501  0.610    11    -1  0.49120  -0.29079  -8  994
357  1240  0019  0.607  0.610    11    -1  0.49120  -0.29079  -8  995
357  1240  0020  0.497  0.610    19    -1  0.49120  -0.29079  -8  994
357  1233  0021  0.560  0.610    10    -1  0.49120  -0.29079  -8  995
357  1237  0022  0.615  0.610    12    -1  0.49120  -0.29079  -8  995
357  1240  0023  0.596  0.610    11    -1  0.49120  -0.29079  -8  995
357  1237  0024  0.464  0.610    22    -1  0.49120  -0.29079  -8  994
357  1231  0025  0.493  0.610    14    -1  0.49120  -0.29079  -8  994
357  1234  0026  0.520  0.610    10    -1  0.49120  -0.29079  -8  995
357  1231  0027  0.579  0.610    16    -1  0.49120  -0.29079  -8  995
357  1232  0028  0.489  0.610    13    -1  0.49120  -0.29079  -8  994
357  1237  0029  0.508  0.610    10    -1  0.49120  -0.29079  -8  995
357  1237  0030  0.466  0.610    22    -1  0.49120  -0.29079  -8  994
357  1243  0031  0.556  0.610    21    -1  0.49120  -0.29079  -8  994
357  1240  0032  0.520  0.610    21    -1  0.49120  -0.29079  -8  994
357  1254  0033  0.472  0.610     7    -1  0.49120  -0.29079  -8  994
357  1232  0034  0.517  0.610     8    -1  0.49120  -0.29079  -8  995
357  1238  0035  0.594  0.610    19    -1  0.49120  -0.29079  -8  994
357  1235  0036  0.584  0.610    12    -1  0.49120  -0.29079  -8  995
357  1232  0037  0.530  0.610    10    -1  0.49120  -0.29079  -8  995
357  1233  0038  0.572  0.610    12    -1  0.49120  -0.29079  -8  995
357  1231  0039  0.581  0.610    14    -1  0.49120  -0.29079  -8  995
357  1237  0040  0.491  0.610    22    -1  0.49120  -0.29079  -8  994
357  1233  0041  0.566  0.610     9    -1  0.49120  -0.29079  -8  995
357  1240  0042  0.605  0.610    21    -1  0.49120  -0.29079  -8  994
357  1230  0043  0.590  0.610    15    -1  0.49120  -0.29079  -8  995
357  1253  0044  0.474  0.610     7    -1  0.49120  -0.29079  -8  994
357  1238  0045  0.481  0.610    19    -1  0.49120  -0.29079  -8  994
357  1233  0046  0.539  0.610    15    -1  0.49120  -0.29079  -8  994
357  1230  0047  0.548  0.610    11    -1  0.49120  -0.29079  -8  995
357  1238  0048  0.510  0.610     9    -1  0.49120  -0.29079  -8  995
357  1234  0049  0.545  0.610    15    -1  0.49120  -0.29079  -8  994
402  1230  0000  0.516  0.610     7    -1  0.49120  -0.29079  -8  995
402  1236  0001  0.572  0.610     9    -1  0.49120  -0.29079  -8  995
402  1231  0002  0.463  0.610    13    -1  0.49120  -0.29079  -8  994
402  1240  0003  0.557  0.610    22    -1  0.49120  -0.29079  -8  994
402  1233  0004  0.526  0.610    15    -1  0.49120  -0.29079  -8  994
402  1241  0005  0.561  0.610    22    -1  0.49120  -0.29079  -8  994
402  1231  0006  0.573  0.610    13    -1  0.49120  -0.29079  -8  995
402  1216  0007  0.530  0.610     7    -1  0.49120  -0.29079  -8  995
402  1239  0008  0.508  0.610    10    -1  0.49120  -0.29079  -8  995
402  1234  0009  0.573  0.610     8    -1  0.49120  -0.29079  -8  995
402  1232  0010  0.551  0.610    15    -1  0.49120  -0.29079  -8  995
402  1229  0011  0.560  0.610    14    -1  0.49120  -0.29079  -8  995
402  1244  0012  0.560  0.610    20    -1  0.49120  -0.29079  -8  994
402  1244  0013  0.562  0.610    19    -1  0.49120  -0.29079  -8  994
402  1235  0014  0.496  0.610    17    -1  0.49120  -0.29079  -8  994
402  1238  0015  0.491  0.610    21    -1  0.49120  -0.29079  -8  994
402  1241  0016  0.571  0.610    22    -1  0.49120  -0.29079  -8  994
402  1237  0017  0.545  0.610    16    -1  0.49120  -0.29079  -8  994
402  1245  0018  0.539  0.610    19    -1  0.49120  -0.29079  -8  994
402  1245  0019  0.547  0.610    20    -1  0.49120  -0.29079  -8  994
402  1242  0020  0.568  0.610    19    -1  0.49120  -0.29079  -8  994
402  1229  0021  0.539  0.610     9    -1  0.49120  -0.29079  -8  995
402  1243  0022  0.572  0.610    21    -1  0.49120  -0.29079  -8  994
402  1235  0023  0.484  0.610    17    -1  0.49120  -0.29079  -8  994
402  1235  0024  0.579  0.610    18    -1  0.49120  -0.29079  -8  995
402  1235  0025  0.476  0.610    18    -1  0.49120  -0.29079  -8  994
402  1241  0026  0.536  0.610    17    -1  0.49120  -0.29079  -8  994
402  1241  0027  0.585  0.610     9    -1  0.49120  -0.29079  -8  995
402  1240  0028  0.602  0.610    20    -1  0.49120  -0.29079  -8  994
402  1235  0029  0.572  0.610     9    -1  0.49120  -0.29079  -8  995
402  1243  0030  0.517  0.610    20    -1  0.49120  -0.29079  -8  994
402  1236  0031  0.473  0.610    12    -1  0.49120  -0.29079  -8  994
402  1249  0032  0.486  0.610     9    -1  0.49120  -0.29079  -8  995
402  1236  0033  0.521  0.610    16    -1  0.49120  -0.29079  -8  994
402  1245  0034  0.543  0.610    19    -1  0.49120  -0.29079  -8  994
402  1243  0035  0.575  0.610    21    -1  0.49120  -0.29079  -8  994
402  1231  0036  0.473  0.610    16    -1  0.49120  -0.29079  -8  994
402  1238  0037  0.560  0.610    23    -1  0.49120  -0.29079  -8  994
402  1235  0038  0.613  0.610    23    -1  0.49120  -0.29079  -8  994
402  1245  0039  0.607  0.610     9    -1  0.49120  -0.29079  -8  995
402  1234  0040  0.566  0.610    10    -1  0.49120  -0.29079  -8  995
402  1229  0041  0.601  0.610    14    -1  0.49120  -0.29079  -8  995
402  1241  0042  0.593  0.610    10    -1  0.49120  -0.29079  -8  995
402  1233  0043  0.570  0.610    11    -1  0.49120  -0.29079  -8  995
402  1223  0044  0.530  0.610     7    -1  0.49120  -0.29079  -8  995
402  1230  0045  0.534  0.610    14    -1  0.49120  -0.29079  -8  995
402  1245  0046  0.468  0.610    10    -1  0.49120  -0.29079  -8  994
402  1240  0047  0.582  0.610    22    -1  0.49120  -0.29079  -8  994
402  1244  0048  0.533  0.610    20    -1  0.49120  -0.29079  -8  994
402  1310  0049  0.617  0.629     7     4  0.53920  -0.23679  -8  995
446  1241  0000  0.592  0.610    20    -1  0.49120  -0.29079  -8  994
446  1238  0001  0.588  0.610    11    -1  0.49120  -0.29079  -8  995
446  1235  0002  0.463  0.610    12    -1  0.49120  -0.29079  -8  995
446  1228  0003  0.530  0.610     9    -1  0.49120  -0.29079  -8  995
446  1237  0004  0.612  0.610    20    -1  0.49120  -0.29079  -8  995
446  1238  0005  0.516  0.610    17    -1  0.49120  -0.29079  -8  994
446  1237  0006  0.476  0.610    21    -1  0.49120  -0.29079  -8  994
446  1229  0007  0.470  0.610    16    -1  0.49120  -0.29079  -7  994
446  1231  0008  0.513  0.610    12    -1  0.49120  -0.29079  -8  995
446  1229  0009  0.546  0.610    14    -1  0.49120  -0.29079  -8  995
446  1230  0010  0.558  0.610    15    -1  0.49120  -0.29079  -8  995
446  1254  0011  0.481  0.610     8    -1  0.49120  -0.29079  -8  995
446  1229  0012  0.537  0.610    14    -1  0.49120  -0.29079  -8  995
446  1238  0013  0.592  0.610    11    -1  0.49120  -0.29079  -8  995
446  1240  0014  0.525  0.610    17    -1  0.49120  -0.29079  -8  994
446  1228  0015  0.480  0.610    14    -1  0.49120  -0.29079  -7  994
446  1233  0016  0.567  0.610     9    -1  0.49120  -0.29079  -8  995
446  1239  0017  0.531  0.610    17    -1  0.49120  -0.29079  -8  995
446  1237  0018  0.472  0.610    21    -1  0.49120  -0.29079  -8  994
446  1228  0019  0.482  0.610    15    -1  0.49120  -0.29079  -7  994
446  1258  0020  0.465  0.610     7    -1  0.49120  -0.29079  -8  995
446  1246  0021  0.533  0.610    19    -1  0.49120  -0.29079  -8  994
446  1242  0022  0.527  0.610    21    -1  0.49120  -0.29079  -8  994
446  1242  0023  0.506  0.610    20    -1  0.49120  -0.29079  -8  994
446  1229  0024  0.546  0.610    11    -1  0.49120  -0.29079  -8  995
446  1225  0025  0.518  0.610     7    -1  0.49120  -0.29079  -8  995
446  1230  0026  0.480  0.610    13    -1  0.49120  -0.29079  -8  995
446  1234  0027  0.610  0.610    19    -1  0.49120  -0.29079  -8  995
446  1249  0028  0.474  0.610     9    -1  0.49120  -0.29079  -8  995
446  1228  0029  0.611  0.610    15    -1  0.49120  -0.29079  -7  995
446  1215  0030  0.563  0.610     6    -1  0.49120  -0.29079  -8  996
446  1210  0031  0.536  0.610     6    -1  0.49120  -0.29079  -8  995
446  1246  0032  0.542  0.610    20    -1  0.49120  -0.29079  -8  994
446  1248  0033  0.466  0.610     9    -1  0.49120  -0.29079  -8  995
446  1251  0034  0.482  0.610     9    -1  0.49120  -0.29079  -8  995
446  1228  0035  0.538  0.610    12    -1  0.49120  -0.29079  -8  995
446  1234  0036  0.589  0.610    12    -1  0.49120  -0.29079  -7  995
446  1245  0037  0.522  0.610    20    -1  0.49120  -0.29079  -8  994
446  1238  0038  0.527  0.610    23    -1  0.49120  -0.29079  -8  994
446  1239  0039  0.506  0.610    10    -1  0.49120  -0.29079  -8  995
446  1230  0040  0.598  0.610    18    -1  0.49120  -0.29079  -8  995
446  1237  0041  0.482  0.610    19    -1  0.49120  -0.29079  -8  994
446  1245  0042  0.561  0.610    20    -1  0.49120  -0.29079  -8  994
446  1236  0043  0.602  0.610    19    -1  0.49120  -0.29079  -8  995
446  1235  0044  0.492  0.610    12    -1  0.49120  -0.29079  -8  995
446  1235  0045  0.497  0.610    17    -1  0.49120  -0.29079  -8  994
446  1242  0046  0.567  0.610    22    -1  0.49120  -0.29079  -8  994
446  1232  0047  0.584  0.610    17    -1  0.49120  -0.29079  -8  995
446  1230  0048  0.552  0.610    11    -1  0.49120  -0.29079  -8  995
446  1239  0049  0.492  0.610    19    -1  0.49120  -0.29079  -8  994
491  1258  0000  0.467  0.610     8    -1  0.49120  -0.29079  -8  995
491  1235  0001  0.552  0.610    16    -1  0.49120  -0.29079  -8  995
491  1230  0002  0.565  0.610    12    -1  0.49120  -0.29079  -7  995
491  1230  0003  0.517  0.610    12    -1  0.49120  -0.29079  -8  995
491  1226  0004  0.601  0.610    17    -1  0.49120  -0.29079  -7  995
491  1228  0005  0.539  0.610    11    -1  0.49120  -0.29079  -8  995
491  1238  0006  0.601  0.610    20    -1  0.49120  -0.29079  -8  995
491  1237  0007  0.462  0.610    22    -1  0.49120  -0.29079  -7  994
491  1237  0008  0.469  0.610    21    -1  0.49120  -0.29079  -7  994
491  1231  0009  0.565  0.610     8    -1  0.49120  -0.29079  -8  996
491  1234  0010  0.517  0.610     9    -1  0.49120  -0.29079  -8  995
491  1228  0011  0.577  0.610    14    -1  0.49120  -0.29079  -7  995
491  1232  0012  0.513  0.610    12    -1  0.49120  -0.29079  -8  995
491  1225  0013  0.552  0.610     8    -1  0.49120  -0.29079  -8  996
491  1235  0014  0.598  0.610    12    -1  0.49120  -0.29079  -7  996
491  1236  0015  0.474  0.610    18    -1  0.49120  -0.29079  -7  994
491  1237  0016  0.603  0.610    12    -1  0.49120  -0.29079  -7  996
491  1238  0017  0.577  0.610     9    -1  0.49120  -0.29079  -8  996
491  1228  0018  0.551  0.610    11    -1  0.49120  -0.29079  -8  995
491  1230  0019  0.507  0.610    15    -1  0.49120  -0.29079  -7  995
491  1239  0020  0.500  0.610    18    -1  0.49120  -0.29079  -7  994
491  1232  0021  0.553  0.610    16    -1  0.49120  -0.29079  -7  995
491  1239  0022  0.594  0.610    22    -1  0.49120  -0.29079  -8  994
491  1242  0023  0.557  0.610    22    -1  0.49120  -0.29079  -8  994
491  1245  0024  0.527  0.610    18    -1  0.49120  -0.29079  -8  994
491  1238  0025  0.485  0.610    11    -1  0.49120  -0.29079  -8  995
491  1227  0026  0.484  0.610    15    -1  0.49120  -0.29079  -7  995
491  1241  0027  0.526  0.610    22    -1  0.49120  -0.29079  -8  994
491  1228  0028  0.538  0.610    12    -1  0.49120  -0.29079  -8  995
491  1227  0029  0.532  0.610    13    -1  0.49120  -0.29079  -7  995
491  1243  0030  0.492  0.610    10    -1  0.49120  -0.29079  -8  995
491  1239  0031  0.489  0.610    19    -1  0.49120  -0.29079  -7  994
491  1232  0032  0.521  0.610     9    -1  0.49120  -0.29079  -8  995
491  1244  0033  0.595  0.610    10    -1  0.49120  -0.29079  -8  996
491  1253  0034  0.484  0.610     8    -1  0.49120  -0.29079  -8  995
491  1241  0035  0.501  0.610     7    -1  0.49120  -0.29079  -8  995
491  1227  0036  0.468  0.610    14    -1  0.49120  -0.29079  -7  995
491  1233  0037  0.507  0.610    12    -1  0.49120  -0.29079  -8  995
491  1232  0038  0.513  0.610    12    -1  0.49120  -0.29079  -8  995
491  1232  0039  0.567  0.610     9    -1  0.49120  -0.29079  -8  996
491  1237  0040  0.525  0.610    16    -1  0.49120  -0.29079  -7  995
491  1237  0041  0.494  0.610    11    -1  0.49120  -0.29079  -8  995
491  1225  0042  0.600  0.610    16    -1  0.49120  -0.29079  -7  995
491  1243  0043  0.592  0.610    10    -1  0.49120  -0.29079  -8  996
491  1237  0044  0.552  0.610    17    -1  0.49120  -0.29079  -8  995
491  1236  0045  0.606  0.610    19    -1  0.49120  -0.29079  -8  995
491  1228  0046  0.523  0.610    13    -1  0.49120  -0.29079  -8  995
491  1247  0047  0.464  0.610    10    -1  0.49120  -0.29079  -8  995
491  1235  0048  0.609  0.610    13    -1  0.49120  -0.29079  -7  996
491  1240  0049  0.597  0.610    20    -1  0.49120  -0.29079  -8  995
536  1247  0000  0.554  0.610    20    -1  0.49120  -0.29079  -8  994
536  1247  0001  0.556  0.610    20    -1  0.49120  -0.29079  -8  995
536  1220  0002  0.532  0.610     8    -1  0.49120  -0.29079  -8  996
536  1226  0003  0.544  0.610    11    -1  0.49120  -0.29079  -7  995
536  1236  0004  0.541  0.610    16    -1  0.49120  -0.29079  -7  995
536  1260  0005  0.476  0.610     7    -1  0.49120  -0.29079  -8  995
536  1227  0006  0.533  0.610    12    -1  0.49120  -0.29079  -7  995
536  1227  0007  0.575  0.610    15    -1  0.49120  -0.29079  -7  995
536  1247  0008  0.543  0.610    19    -1  0.49120  -0.29079  -8  995
536  1241  0009  0.474  0.610    11    -1  0.49120  -0.29079  -8  995
536  1250  0010  0.611  0.619    12    11  0.55720  -0.16479  -7  996
536  1236  0011  0.468  0.610    18    -1  0.49120  -0.29079  -7  994
536  1239  0012  0.590  0.610    22    -1  0.49120  -0.29079  -8  994
536  1227  0013  0.492  0.610    15    -1  0.49120  -0.29079  -7  995
536  1241  0014  0.497  0.610     7    -1  0.49120  -0.29079  -8  995
536  1244  0015  0.565  0.610    21    -1  0.49120  -0.29079  -8  994
536  1245  0016  0.569  0.610    20    -1  0.49120  -0.29079  -8  995
536  1261  0017  0.599  0.616     9     9  0.54520  -0.18879  -8  996
536  1246  0018  0.555  0.610    19    -1  0.49120  -0.29079  -8  995
536  1231  0019  0.576  0.610    17    -1  0.49120  -0.29079  -7  995
536  1239  0020  0.537  0.610    22    -1  0.49120  -0.29079  -8  994
536  1238  0021  0.613  0.610    22    -1  0.49120  -0.29079  -8  995
536  1242  0022  0.589  0.610    20    -1  0.49120  -0.29079  -8  995
536  1243  0023  0.567  0.610    19    -1  0.49120  -0.29079  -8  995
536  1231  0024  0.583  0.610    17    -1  0.49120  -0.29079  -7  995
536  1247  0025  0.550  0.610    20    -1  0.49120  -0.29079  -8  994
536  1225  0026  0.617  0.610    18    -1  0.49120  -0.29079  -7  995
536  1238  0027  0.541  0.610    23    -1  0.49120  -0.29079  -8  994
536  1246  0028  0.549  0.610    21    -1  0.49120  -0.29079  -8  994
536  1224  0029  0.601  0.610    16    -1  0.49120  -0.29079  -7  995
536  1377  0030  0.608  0.624     7     5  0.53920  -0.22479  -8  996
536  1226  0031  0.534  0.610    13    -1  0.49120  -0.29079  -7  995
536  1246  0032  0.549  0.610    19    -1  0.49120  -0.29079  -8  995
536  1238  0033  0.491  0.610    19    -1  0.49120  -0.29079  -7  994
536  1236  0034  0.608  0.610    20    -1  0.49120  -0.29079  -8  995
536  1248  0035  0.534  0.610    19    -1  0.49120  -0.29079  -8  994
536  1226  0036  0.557  0.610    14    -1  0.49120  -0.29079  -7  995
536  1248  0037  0.488  0.610    10    -1  0.49120  -0.29079  -8  995
536  1211  0038  0.549  0.610     7    -1  0.49120  -0.29079  -8  996
536  1341  0039  0.609  0.622     7     6  0.53920  -0.21879  -8  996
536  1205  0040  0.537  0.610     6    -1  0.49120  -0.29079  -8  996
536  1231  0041  0.488  0.610    12    -1  0.49120  -0.29079  -7  995
536  1236  0042  0.525  0.610    16    -1  0.49120  -0.29079  -7  995
536  1242  0043  0.544  0.610    22    -1  0.49120  -0.29079  -8  994
536  1226  0044  0.536  0.610    12    -1  0.49120  -0.29079  -7  995
536  1238  0045  0.472  0.610    20    -1  0.49120  -0.29079  -7  994
536  1224  0046  0.617  0.610    15    -1  0.49120  -0.29079  -7  996
536  1237  0047  0.489  0.610    11    -1  0.49120  -0.29079  -8  995
536  1228  0048  0.587  0.610    14    -1  0.49120  -0.29079  -7  996
536  1254  0049  0.465  0.610     9    -1  0.49120  -0.29079  -8  995
580  1248  0000  0.527  0.610    19    -1  0.49120  -0.29079  -8  995
580  1241  0001  0.497  0.610    19    -1  0.49120  -0.29079  -7  995
580  1230  0002  0.510  0.610    15    -1  0.49120  -0.29079  -7  995
580  1245  0003  0.525  0.610    18    -1  0.49120  -0.29079  -7  995
580  1227  0004  0.568  0.610    12    -1  0.49120  -0.29079  -7  996
580  1246  0005  0.557  0.610    21    -1  0.49120  -0.29079  -8  994
580  1228  0006  0.531  0.610     9    -1  0.49120  -0.29079  -8  996
580  1242  0007  0.501  0.610    10    -1  0.49120  -0.29079  -8  995
580  1212  0008  0.535  0.610     7    -1  0.49120  -0.29079  -8  996
580  1225  0009  0.592  0.610    15    -1  0.49120  -0.29079  -7  996
580  1228  0010  0.578  0.610    16    -1  0.49120  -0.29079  -7  995
580  1230  0011  0.498  0.610    16    -1  0.49120  -0.29079  -7  995
580  1225  0012  0.538  0.610    13    -1  0.49120  -0.29079  -7  995
580  1226  0013  0.530  0.610    13    -1  0.49120  -0.29079  -7  995
580  1231  0014  0.588  0.610    18    -1  0.49120  -0.29079  -7  995
580  1227  0015  0.479  0.610    16    -1  0.49120  -0.29079  -7  995
580  1243  0016  0.539  0.610    17    -1  0.49120  -0.29079  -7  995
580  1241  0017  0.498  0.610    20    -1  0.49120  -0.29079  -7  995
580  1241  0018  0.527  0.610    22    -1  0.49120  -0.29079  -8  994
580  1244  0019  0.577  0.610    21    -1  0.49120  -0.29079  -8  995
580  1230  0020  0.577  0.610    12    -1  0.49120  -0.29079  -7  996
580  1227  0021  0.596  0.610    14    -1  0.49120  -0.29079  -7  996
580  1241  0022  0.572  0.592     8     8  0.52120  -0.18879  -8  996
580  1420  0023  0.609  0.624     7     5  0.53920  -0.22479  -8  996
580  1233  0024  0.568  0.610    10    -1  0.49120  -0.29079  -7  996
580  1250  0025  0.494  0.610     8    -1  0.49120  -0.29079  -8  995
580  1224  0026  0.605  0.610    15    -1  0.49120  -0.29079  -7  996
580  1407  0027  0.599  0.618     7     5  0.53320  -0.22479  -8  996
580  1238  0028  0.483  0.610    20    -1  0.49120  -0.29079  -7  994
580  1234  0029  0.491  0.610    17    -1  0.49120  -0.29079  -7  995
580  1355  0030  0.580  0.607     6     5  0.52120  -0.22479  -8  996
580  1241  0031  0.598  0.610    20    -1  0.49120  -0.29079  -8  995
580  1227  0032  0.547  0.610    14    -1  0.49120  -0.29079  -7  995
580  1243  0033  0.507  0.610    19    -1  0.49120  -0.29079  -7  995
580  1230  0034  0.525  0.610    10    -1  0.49120  -0.29079  -8  996
580  1242  0035  0.598  0.610    21    -1  0.49120  -0.29079  -8  995
580  1230  0036  0.502  0.610    15    -1  0.49120  -0.29079  -7  995
580  1256  0037  0.614  0.622    13    12  0.56320  -0.15279  -7  996
580  1237  0038  0.506  0.610    22    -1  0.49120  -0.29079  -8  994
580  1305  0039  0.595  0.612     8     8  0.53920  -0.19479  -8  996
580  1248  0040  0.551  0.610    20    -1  0.49120  -0.29079  -8  995
580  1225  0041  0.584  0.610    15    -1  0.49120  -0.29079  -7  996
580  1227  0042  0.558  0.610    15    -1  0.49120  -0.29079  -7  995
580  1229  0043  0.612  0.610    14    -1  0.49120  -0.29079  -7  996
580  1232  0044  0.478  0.610    17    -1  0.49120  -0.29079  -7  995
580  1242  0045  0.504  0.610    19    -1  0.49120  -0.29079  -7  995
580  1225  0046  0.545  0.610    12    -1  0.49120  -0.29079  -7  996
580  1220  0047  0.563  0.610     7    -1  0.49120  -0.29079  -8  996
580  1228  0048  0.559  0.610    15    -1  0.49120  -0.29079  -7  995
580  1242  0049  0.570  0.610    19    -1  0.49120  -0.29079  -8  995
625  1247  0000  0.495  0.616     7    -1  0.49720  -0.29079  -8  996
625  1349  0001  0.600  0.615    11    10  0.55120  -0.17079  -8  996
625  1239  0002  0.500  0.610    18    -1  0.49120  -0.29079  -7  995
625  1231  0003  0.463  0.610    12    -1  0.49120  -0.29079  -7  995
625  1248  0004  0.555  0.610    19    -1  0.49120  -0.29079  -8  995
625  1224  0005  0.560  0.610    13    -1  0.49120  -0.29079  -7  996
625  1231  0006  0.501  0.610    12    -1  0.49120  -0.29079  -7  995
625  1239  0007  0.469  0.610    11    -1  0.49120  -0.29079  -7  995
625  1239  0008  0.611  0.610    22    -1  0.49120  -0.29079  -8  995
625  1237  0009  0.474  0.610    21    -1  0.49120  -0.29079  -7  995
625  1244  0010  0.501  0.610     8    -1  0.49120  -0.29079  -8  996
625  1223  0011  0.549  0.610     9    -1  0.49120  -0.29079  -8  996
625  1260  0012  0.481  0.610     7    -1  0.49120  -0.29079  -8  995
625  1249  0013  0.543  0.610    19    -1  0.49120  -0.29079  -8  995
625  1232  0014  0.472  0.610    17    -1  0.49120  -0.29079  -7  995
625  1229  0015  0.474  0.610    17    -1  0.49120  -0.29079  -7  995
625  1382  0016  0.590  0.607     7     6  0.52720  -0.21279  -8  996
625  1243  0017  0.546  0.610    22    -1  0.49120  -0.29079  -8  994
625  1237  0018  0.577  0.610    18    -1  0.49120  -0.29079  -7  995
625  1240  0019  0.608  0.610    21    -1  0.49120  -0.29079  -8  995
625  1234  0020  0.579  0.610    18    -1  0.49120  -0.29079  -7  995
625  1249  0021  0.545  0.610    20    -1  0.49120  -0.29079  -8  995
625  1237  0022  0.475  0.610    19    -1  0.49120  -0.29079  -7  995
625  1233  0023  0.577  0.610    17    -1  0.49120  -0.29079  -7  995
625  1242  0024  0.517  0.610    21    -1  0.49120  -0.29079  -7  995
625  1253  0025  0.468  0.610     9    -1  0.49120  -0.29079  -8  995
625  1250  0026  0.554  0.573     7     6  0.49720  -0.20079  -8  996
625  1293  0027  0.597  0.610    13    12  0.55120  -0.15279  -7  996
625  1347  0028  0.601  0.613    11    11  0.55120  -0.16479  -8  996
625  1243  0029  0.534  0.610    22    -1  0.49120  -0.29079  -8  994
625  1227  0030  0.517  0.610    14    -1  0.49120  -0.29079  -7  995
625  1222  0031  0.548  0.610     9    -1  0.49120  -0.29079  -8  996
625  1229  0032  0.469  0.610    12    -1  0.49120  -0.29079  -7  995
625  1238  0033  0.464  0.610    20    -1  0.49120  -0.29079  -7  995
625  1245  0034  0.577  0.610    21    -1  0.49120  -0.29079  -8  995
625  1247  0035  0.567  0.610    20    -1  0.49120  -0.29079  -8  995
625  1230  0036  0.474  0.610    17    -1  0.49120  -0.29079  -7  995
625  1419  0037  0.615  0.628     7     6  0.54520  -0.21879  -8  996
625  1232  0038  0.475  0.610    17    -1  0.49120  -0.29079  -7  995
625  1221  0039  0.609  0.610    17    -1  0.49120  -0.29079  -7  996
625  1244  0040  0.563  0.610    18    -1  0.49120  -0.29079  -7  995
625  1243  0041  0.506  0.610    20    -1  0.49120  -0.29079  -7  995
625  1240  0042  0.559  0.610    18    -1  0.49120  -0.29079  -7  995
625  1236  0043  0.555  0.610    17    -1  0.49120  -0.29079  -7  995
625  1230  0044  0.523  0.610     9    -1  0.49120  -0.29079  -8  996
625  1224  0045  0.538  0.610    12    -1  0.49120  -0.29079  -7  996
625  1228  0046  0.469  0.610    13    -1  0.49120  -0.29079  -7  995
625  1242  0047  0.537  0.610    17    -1  0.49120  -0.29079  -7  995
625  1230  0048  0.605  0.610    19    -1  0.49120  -0.29079  -7  995
625  1242  0049  0.532  0.610    22    -1  0.49120  -0.29079  -8  994
89  1239  0000  0.553  0.610    18    -1  0.49120  -0.29079  -8  994
89  1236  0001  0.606  0.610    15    -1  0.49120  -0.29079  -8  994
89  1237  0002  0.476  0.610    22    -1  0.49120  -0.29079  -8  994
89  1238  0003  0.580  0.610    22    -1  0.49120  -0.29079  -8  994
89  1238  0004  0.579  0.610     9    -1  0.49120  -0.29079  -8  994
89  1236  0005  0.567  0.610    12    -1  0.49120  -0.29079  -8  994
89  1239  0006  0.601  0.610    10    -1  0.49120  -0.29079  -8  994
89  1236  0007  0.464  0.610    14    -1  0.49120  -0.29079  -8  994
89  1239  0008  0.533  0.610    18    -1  0.49120  -0.29079  -8  994
89  1236  0009  0.462  0.610    16    -1  0.49120  -0.29079  -8  994
89  1236  0010  0.561  0.610    13    -1  0.49120  -0.29079  -8  994
89  1236  0011  0.480  0.610    13    -1  0.49120  -0.29079  -8  994
89  1239  0012  0.550  0.610    22    -1  0.49120  -0.29079  -8  994
89  1236  0013  0.466  0.610    14    -1  0.49120  -0.29079  -8  994
89  1237  0014  0.585  0.610    12    -1  0.49120  -0.29079  -8  994
89  1235  0015  0.560  0.610     8    -1  0.49120  -0.29079  -8  994
89  1236  0016  0.487  0.610    14    -1  0.49120  -0.29079  -8  994
89  1238  0017  0.596  0.610     7    -1  0.49120  -0.29079  -8  994
89  1238  0018  0.582  0.610    23    -1  0.49120  -0.29079  -8  994
89  1236  0019  0.579  0.610    14    -1  0.49120  -0.29079  -8  994
89  1238  0020  0.585  0.610    11    -1  0.49120  -0.29079  -8  994
89  1239  0021  0.518  0.610    20    -1  0.49120  -0.29079  -8  994
89  1238  0022  0.493  0.610    19    -1  0.49120  -0.29079  -8  994
89  1235  0023  0.554  0.610     8    -1  0.49120  -0.29079  -8  994
89  1239  0024  0.519  0.610    17    -1  0.49120  -0.29079  -8  994
89  1237  0025  0.463  0.610    22    -1  0.49120  -0.29079  -8  994
89  1237  0026  0.505  0.610    12    -1  0.49120  -0.29079  -8  994
89  1237  0027  0.594  0.610    13    -1  0.49120  -0.29079  -8  994
89  1238  0028  0.504  0.610    22    -1  0.49120  -0.29079  -8  994
89  1236  0029  0.556  0.610    10    -1  0.49120  -0.29079  -8  994
89  1242  0030  0.474  0.610     7    -1  0.49120  -0.29079  -8  994
89  1236  0031  0.574  0.610    15    -1  0.49120  -0.29079  -8  994
89  1236  0032  0.561  0.610    12    -1  0.49120  -0.29079  -8  994
89  1237  0033  0.618  0.610    22    -1  0.49120  -0.29079  -8  994
89  1236  0034  0.478  0.610    13    -1  0.49120  -0.29079  -8  994
89  1238  0035  0.604  0.610    22    -1  0.49120  -0.29079  -8  994
89  1238  0036  0.601  0.610    11    -1  0.49120  -0.29079  -8  994
89  1238  0037  0.545  0.610    22    -1  0.49120  -0.29079  -8  994
89  1235  0038  0.608  0.610    16    -1  0.49120  -0.29079  -8  994
89  1237  0039  0.580  0.610    17    -1  0.49120  -0.29079  -8  994
89  1237  0040  0.462  0.610    18    -1  0.49120  -0.29079  -8  994
89  1237  0041  0.520  0.610    11    -1  0.49120  -0.29079  -8  994
89  1238  0042  0.521  0.610    17    -1  0.49120  -0.29079  -8  994
89  1237  0043  0.568  0.610    17    -1  0.49120  -0.29079  -8  994
89  1241  0044  0.477  0.610     8    -1  0.49120  -0.29079  -8  994
89  1238  0045  0.614  0.610     7    -1  0.49120  -0.29079  -8  994
89  1237  0046  0.469  0.610    12    -1  0.49120  -0.29079  -8  994
89  1238  0047  0.491  0.610    11    -1  0.49120  -0.29079  -8  994
89  1238  0048  0.482  0.610    20    -1  0.49120  -0.29079  -8  994
89  1236  0049  0.562  0.610    14    -1  0.49120  -0.29079  -8  994
134  1236  0000  0.567  0.610    16    -1  0.49120  -0.29079  -8  994
134  1239  0001  0.500  0.610    19    -1  0.49120  -0.29079  -8  994
134  1243  0002  0.469  0.610     8    -1  0.49120  -0.29079  -8  994
134  1240  0003  0.563  0.610    20    -1  0.49120  -0.29079  -8  994
134  1238  0004  0.589  0.610    11    -1  0.49120  -0.29079  -8  994
134  1234  0005  0.555  0.610     8    -1  0.49120  -0.29079  -8  994
134  1238  0006  0.487  0.610    20    -1  0.49120  -0.29079  -8  994
134  1237  0007  0.560  0.610    16    -1  0.49120  -0.29079  -8  994
134  1229  0008  0.546  0.610     6    -1  0.49120  -0.29079  -8  994
134  1239  0009  0.533  0.610    21    -1  0.49120  -0.29079  -8  994
134  1238  0010  0.601  0.610    12    -1  0.49120  -0.29079  -8  994
134  1236  0011  0.590  0.610    13    -1  0.49120  -0.29079  -8  994
134  1235  0012  0.496  0.610    13    -1  0.49120  -0.29079  -8  994
134  1240  0013  0.496  0.610     8    -1  0.49120  -0.29079  -8  994
134  1240  0014  0.573  0.610    20    -1  0.49120  -0.29079  -8  994
134  1239  0015  0.587  0.610     8    -1  0.49120  -0.29079  -8  994
134  1239  0016  0.522  0.610    17    -1  0.49120  -0.29079  -8  994
134  1233  0017  0.525  0.610     7    -1  0.49120  -0.29079  -8  994
134  1240  0018  0.596  0.610     9    -1  0.49120  -0.29079  -8  994
134  1235  0019  0.496  0.610    13    -1  0.49120  -0.29079  -8  994
134  1239  0020  0.587  0.610     9    -1  0.49120  -0.29079  -8  994
134  1239  0021  0.586  0.610     9    -1  0.49120  -0.29079  -8  994
134  1237  0022  0.493  0.610    11    -1  0.49120  -0.29079  -8  994
134  1235  0023  0.557  0.610     8    -1  0.49120  -0.29079  -8  994
134  1240  0024  0.594  0.610     9    -1  0.49120  -0.29079  -8  994
134  1236  0025  0.522  0.610     9    -1  0.49120  -0.29079  -8  994
134  1235  0026  0.592  0.610    15    -1  0.49120  -0.29079  -8  994
134  1239  0027  0.533  0.610    18    -1  0.49120  -0.29079  -8  994
134  1235  0028  0.530  0.610    13    -1  0.49120  -0.29079  -8  994
134  1235  0029  0.593  0.610    14    -1  0.49120  -0.29079  -8  994
134  1236  0030  0.558  0.610    10    -1  0.49120  -0.29079  -8  994
134  1236  0031  0.578  0.610    17    -1  0.49120  -0.29079  -8  994
134  1235  0032  0.553  0.610    12    -1  0.49120  -0.29079  -8  994
134  1236  0033  0.509  0.610    13    -1  0.49120  -0.29079  -8  994
134  1236  0034  0.587  0.610    13    -1  0.49120  -0.29079  -8  994
134  1234  0035  0.526  0.610     8    -1  0.49120  -0.29079  -8  994
134  1235  0036  0.555  0.610    13    -1  0.49120  -0.29079  -8  994
134  1237  0037  0.469  0.610    18    -1  0.49120  -0.29079  -8  994
134  1239  0038  0.595  0.610     8    -1  0.49120  -0.29079  -8  994
134  1236  0039  0.469  0.610    17    -1  0.49120  -0.29079  -8  994
134  1233  0040  0.525  0.610     7    -1  0.49120  -0.29079  -8  994
134  1238  0041  0.596  0.610     7    -1  0.49120  -0.29079  -8  994
134  1235  0042  0.547  0.610    10    -1  0.49120  -0.29079  -8  994
134  1239  0043  0.509  0.610    18    -1  0.49120  -0.29079  -8  994
134  1237  0044  0.503  0.610     6    -1  0.49120  -0.29079  -8  994
134  1236  0045  0.462  0.610    13    -1  0.49120  -0.29079  -8  994
134  1235  0046  0.468  0.610    14    -1  0.49120  -0.29079  -8  994
134  1240  0047  0.536  0.610    20    -1  0.49120  -0.29079  -8  994
134  1240  0048  0.529  0.610    20    -1  0.49120  -0.29079  -8  994
134  1240  0049  0.529  0.610    19    -1  0.49120  -0.29079  -8  994
179  1235  0000  0.476  0.610    16    -1  0.49120  -0.29079  -8  994
179  1236  0001  0.482  0.610    17    -1  0.49120  -0.29079  -8  994
179  1239  0002  0.506  0.610    18    -1  0.49120  -0.29079  -8  994
179  1239  0003  0.504  0.610    19    -1  0.49120  -0.29079  -8  994
179  1242  0004  0.491  0.610     8    -1  0.49120  -0.29079  -8  994
179  1243  0005  0.476  0.610     9    -1  0.49120  -0.29079  -8  994
179  1234  0006  0.502  0.610    14    -1  0.49120  -0.29079  -8  994
179  1241  0007  0.547  0.610    20    -1  0.49120  -0.29079  -8  994
179  1239  0008  0.586  0.610    20    -1  0.49120  -0.29079  -8  994
179  1236  0009  0.576  0.610    17    -1  0.49120  -0.29079  -8  994
179  1238  0010  0.506  0.610    10    -1  0.49120  -0.29079  -8  994
179  1239  0011  0.581  0.610    10    -1  0.49120  -0.29079  -8  994
179  1238  0012  0.467  0.610    19    -1  0.49120  -0.29079  -8  994
179  1236  0013  0.501  0.610    16    -1  0.49120  -0.29079  -8  994
179  1238  0014  0.606  0.610    20    -1  0.49120  -0.29079  -8  994
179  1236  0015  0.470  0.610    12    -1  0.49120  -0.29079  -8  994
179  1244  0016  0.467  0.610     8    -1  0.49120  -0.29079  -8  994
179  1240  0017  0.513  0.610    20    -1  0.49120  -0.29079  -8  994
179  1233  0018  0.563  0.610     8    -1  0.49120  -0.29079  -8  994
179  1234  0019  0.550  0.610    13    -1  0.49120  -0.29079  -8  994
179  1239  0020  0.538  0.610    22    -1  0.49120  -0.29079  -8  994
179  1239  0021  0.548  0.610    17    -1  0.49120  -0.29079  -8  994
179  1235  0022  0.463  0.610    13    -1  0.49120  -0.29079  -8  994
179  1237  0023  0.508  0.610    11    -1  0.49120  -0.29079  -8  994
179  1226  0024  0.546  0.610     6    -1  0.49120  -0.29079  -8  994
179  1234  0025  0.523  0.610    13    -1  0.49120  -0.29079  -8  994
179  1234  0026  0.580  0.610    14    -1  0.49120  -0.29079  -8  994
179  1234  0027  0.556  0.610    14    -1  0.49120  -0.29079  -8  994
179  1240  0028  0.555  0.610    19    -1  0.49120  -0.29079  -8  994
179  1240  0029  0.570  0.610    20    -1  0.49120  -0.29079  -8  994
179  1238  0030  0.589  0.610    22    -1  0.49120  -0.29079  -8  994
179  1236  0031  0.574  0.610    12    -1  0.49120  -0.29079  -8  994
179  1236  0032  0.493  0.610    12    -1  0.49120  -0.29079  -8  994
179  1236  0033  0.537  0.610    15    -1  0.49120  -0.29079  -8  994
179  1237  0034  0.591  0.610    12    -1  0.49120  -0.29079  -8  994
179  1235  0035  0.495  0.610    12    -1  0.49120  -0.29079  -8  994
179  1235  0036  0.507  0.610    15    -1  0.49120  -0.29079  -8  994
179  1234  0037  0.584  0.610    14    -1  0.49120  -0.29079  -8  994
179  1234  0038  0.564  0.610    15    -1  0.49120  -0.29079  -8  994
179  1244  0039  0.480  0.610     8    -1  0.49120  -0.29079  -8  994
179  1235  0040  0.567  0.610    13    -1  0.49120  -0.29079  -8  994
179  1238  0041  0.496  0.610    19    -1  0.49120  -0.29079  -8  994
179  1234  0042  0.530  0.610    11    -1  0.49120  -0.29079  -8  994
179  1236  0043  0.487  0.610    12    -1  0.49120  -0.29079  -8  994
179  1236  0044  0.520  0.610     9    -1  0.49120  -0.29079  -8  994
179  1241  0045  0.600  0.610     8    -1  0.49120  -0.29079  -8  994
179  1235  0046  0.525  0.610    12    -1  0.49120  -0.29079  -8  994
179  1238  0047  0.463  0.610    20    -1  0.49120  -0.29079  -8  994
179  1241  0048  0.546  0.610    19    -1  0.49120  -0.29079  -8  994
179  1244  0049  0.485  0.610     7    -1  0.49120  -0.29079  -8  994
223  1240  0000  0.495  0.610     6    -1  0.49120  -0.29079  -8  994
223  1237  0001  0.481  0.610    23    -1  0.49120  -0.29079  -8  994
223  1239  0002  0.589  0.610    22    -1  0.49120  -0.29079  -8  994
223  1237  0003  0.488  0.610    22    -1  0.49120  -0.29079  -8  994
223  1239  0004  0.601  0.610    22    -1  0.49120  -0.29079  -8  994
223  1241  0005  0.605  0.610    10    -1  0.49120  -0.29079  -8  994
223  1238  0006  0.535  0.610    17    -1  0.49120  -0.29079  -8  994
223  1236  0007  0.585  0.610    12    -1  0.49120  -0.29079  -8  994
223  1238  0008  0.531  0.610    22    -1  0.49120  -0.29079  -8  994
223  1233  0009  0.481  0.610    13    -1  0.49120  -0.29079  -8  994
223  1239  0010  0.605  0.610    20    -1  0.49120  -0.29079  -8  994
223  1227  0011  0.555  0.610     7    -1  0.49120  -0.29079  -8  994
223  1233  0012  0.553  0.610    13    -1  0.49120  -0.29079  -8  994
223  1237  0013  0.478  0.610    19    -1  0.49120  -0.29079  -8  994
223  1233  0014  0.551  0.610    13    -1  0.49120  -0.29079  -8  994
223  1243  0015  0.479  0.610     9    -1  0.49120  -0.29079  -8  994
223  1243  0016  0.472  0.610     9    -1  0.49120  -0.29079  -8  994
223  1241  0017  0.548  0.610    20    -1  0.49120  -0.29079  -8  994
223  1238  0018  0.506  0.610    10    -1  0.49120  -0.29079  -8  994
223  1233  0019  0.467  0.610    14    -1  0.49120  -0.29079  -8  994
223  1235  0020  0.504  0.610    15    -1  0.49120  -0.29079  -8  994
223  1238  0021  0.589  0.610     8    -1  0.49120  -0.29079  -8  994
223  1247  0022  0.475  0.610     8    -1  0.49120  -0.29079  -8  994
223  1236  0023  0.564  0.610    10    -1  0.49120  -0.29079  -8  994
223  1235  0024  0.522  0.610    11    -1  0.49120  -0.29079  -8  994
223  1233  0025  0.595  0.610    15    -1  0.49120  -0.29079  -8  994
223  1234  0026  0.539  0.610    14    -1  0.49120  -0.29079  -8  994
223  1238  0027  0.579  0.610    10    -1  0.49120  -0.29079  -8  994
223  1235  0028  0.473  0.610    17    -1  0.49120  -0.29079  -8  994
223  1238  0029  0.612  0.610     6    -1  0.49120  -0.29079  -8  995
223  1241  0030  0.542  0.610    21    -1  0.49120  -0.29079  -8  994
223  1241  0031  0.463  0.610    10    -1  0.49120  -0.29079  -8  994
223  1240  0032  0.591  0.610     8    -1  0.49120  -0.29079  -8  994
223  1239  0033  0.522  0.610    17    -1  0.49120  -0.29079  -8  994
223  1233  0034  0.541  0.610    13    -1  0.49120  -0.29079  -8  994
223  1235  0035  0.541  0.610    15    -1  0.49120  -0.29079  -8  994
223  1233  0036  0.477  0.610    15    -1  0.49120  -0.29079  -8  994
223  1240  0037  0.553  0.610    18    -1  0.49120  -0.29079  -8  994
223  1241  0038  0.557  0.610    19    -1  0.49120  -0.29079  -8  994
223  1242  0039  0.545  0.610    20    -1  0.49120  -0.29079  -8  994
223  1234  0040  0.614  0.610    14    -1  0.49120  -0.29079  -8  994
223  1239  0041  0.497  0.610    20    -1  0.49120  -0.29079  -8  994
223  1241  0042  0.569  0.610    20    -1  0.49120  -0.29079  -8  994
223  1243  0043  0.492  0.610     8    -1  0.49120  -0.29079  -8  994
223  1241  0044  0.524  0.610    18    -1  0.49120  -0.29079  -8  994
223  1234  0045  0.472  0.610    16    -1  0.49120  -0.29079  -8  994
223  1237  0046  0.516  0.610    10    -1  0.49120  -0.29079  -8  994
223  1238  0047  0.499  0.610    21    -1  0.49120  -0.29079  -8  994
223  1237  0048  0.479  0.610    21    -1  0.49120  -0.29079  -8  994
223  1238  0049  0.488  0.610    19    -1  0.49120  -0.29079  -8  994
268  1234  0000  0.574  0.610    16    -1  0.49120  -0.29079  -8  994
268  1233  0001  0.524  0.610    12    -1  0.49120  -0.29079  -8  994
268  1228  0002  0.565  0.610     7    -1  0.49120  -0.29079  -8  995
268  1233  0003  0.590  0.610    14    -1  0.49120  -0.29079  -8  994
268  1238  0004  0.580  0.610    10    -1  0.49120  -0.29079  -8  995
268  1233  0005  0.603  0.610    18    -1  0.49120  -0.29079  -8  994
268  1242  0006  0.532  0.610    18    -1  0.49120  -0.29079  -8  994
268  1239  0007  0.542  0.610    22    -1  0.49120  -0.29079  -8  994
268  1235  0008  0.484  0.610    17    -1  0.49120  -0.29079  -8  994
268  1237  0009  0.584  0.610    23    -1  0.49120  -0.29079  -8  994
268  1232  0010  0.494  0.610    14    -1  0.49120  -0.29079  -8  994
268  1239  0011  0.507  0.610     9    -1  0.49120  -0.29079  -8  994
268  1234  0012  0.604  0.610    19    -1  0.49120  -0.29079  -8  994
268  1239  0013  0.478  0.610    11    -1  0.49120  -0.29079  -8  994
268  1233  0014  0.524  0.610    14    -1  0.49120  -0.29079  -8  994
268  1242  0015  0.549  0.610    20    -1  0.49120  -0.29079  -8  994
268  1230  0016  0.525  0.610     8    -1  0.49120  -0.29079  -8  994
268  1243  0017  0.541  0.610    20    -1  0.49120  -0.29079  -8  994
268  1233  0018  0.514  0.610    13    -1  0.49120  -0.29079  -8  994
268  1239  0019  0.520  0.610    22    -1  0.49120  -0.29079  -8  994
268  1241  0020  0.526  0.610    18    -1  0.49120  -0.29079  -8  994
268  1239  0021  0.498  0.610    19    -1  0.49120  -0.29079  -8  994
268  1238  0022  0.599  0.610     7    -1  0.49120  -0.29079  -8  995
268  1239  0023  0.617  0.610    11    -1  0.49120  -0.29079  -8  995
268  1235  0024  0.478  0.610    17    -1  0.49120  -0.29079  -8  994
268  1238  0025  0.490  0.610    20    -1  0.49120  -0.29079  -8  994
268  1237  0026  0.465  0.610    18    -1  0.49120  -0.29079  -8  994
268  1233  0027  0.512  0.610     7    -1  0.49120  -0.29079  -8  994
268  1231  0028  0.614  0.610    15    -1  0.49120  -0.29079  -8  994
268  1239  0029  0.559  0.610    18    -1  0.49120  -0.29079  -8  994
268  1237  0030  0.599  0.610    19    -1  0.49120  -0.29079  -8  994
268  1240  0031  0.545  0.610    18    -1  0.49120  -0.29079  -8  994
268  1235  0032  0.519  0.610     9    -1  0.49120  -0.29079  -8  994
268  1233  0033  0.499  0.610    14    -1  0.49120  -0.29079  -8  994
268  1235  0034  0.506  0.610    16    -1  0.49120  -0.29079  -8  994
268  1238  0035  0.598  0.610    20    -1  0.49120  -0.29079  -8  994
268  1239  0036  0.590  0.610    19    -1  0.49120  -0.29079  -8  994
268  1234  0037  0.566  0.610    16    -1  0.49120  -0.29079  -8  994
268  1232  0038  0.585  0.610    16    -1  0.49120  -0.29079  -8  994
268  1228  0039  0.566  0.610     7    -1  0.49120  -0.29079  -8  995
268  1244  0040  0.476  0.610    10    -1  0.49120  -0.29079  -8  994
268  1235  0041  0.583  0.610    12    -1  0.49120  -0.29079  -8  994
268  1242  0042  0.498  0.610     8    -1  0.49120  -0.29079  -8  994
268  1238  0043  0.490  0.610    20    -1  0.49120  -0.29079  -8  994
268  1231  0044  0.516  0.610     7    -1  0.49120  -0.29079  -8  994
268  1237  0045  0.468  0.610    22    -1  0.49120  -0.29079  -8  994
268  1237  0046  0.464  0.610    22    -1  0.49120  -0.29079  -8  994
268  1237  0047  0.475  0.610    21    -1  0.49120  -0.29079  -8  994
268  1232  0048  0.553  0.610    13    -1  0.49120  -0.29079  -8  994
268  1240  0049  0.541  0.610    17    -1  0.49120  -0.29079  -8  994
313  1241  0000  0.489  0.610    10    -1  0.49120  -0.29079  -8  994
313  1249  0001  0.479  0.610     8    -1  0.49120  -0.29079  -8  994
313  1231  0002  0.543  0.610    13    -1  0.49120  -0.29079  -8  994
313  1238  0003  0.522  0.610    22    -1  0.49120  -0.29079  -8  994
313  1232  0004  0.589  0.610    14    -1  0.49120  -0.29079  -8  995
313  1232  0005  0.527  0.610     9    -1  0.49120  -0.29079  -8  995
313  1242  0006  0.543  0.610    21    -1  0.49120  -0.29079  -8  994
313  1238  0007  0.505  0.610    10    -1  0.49120  -0.29079  -8  994
313  1239  0008  0.604  0.610    21    -1  0.49120  -0.29079  -8  994
313  1241  0009  0.581  0.610    20    -1  0.49120  -0.29079  -8  994
313  1245  0010  0.488  0.610     9    -1  0.49120  -0.29079  -8  994
313  1232  0011  0.514  0.610    13    -1  0.49120  -0.29079  -8  994
313  1239  0012  0.525  0.610    22    -1  0.49120  -0.29079  -8  994
313  1238  0013  0.613  0.610    21    -1  0.49120  -0.29079  -8  994
313  1240  0014  0.579  0.610    22    -1  0.49120  -0.29079  -8  994
313  1218  0015  0.540  0.610     6    -1  0.49120  -0.29079  -8  995
313  1233  0016  0.553  0.610    15    -1  0.49120  -0.29079  -8  994
313  1235  0017  0.545  0.610    15    -1  0.49120  -0.29079  -8  994
313  1232  0018  0.534  0.610    10    -1  0.49120  -0.29079  -8  995
313  1287  0019  0.609  0.623     6     3  0.52720  -0.24879  -8  995
313  1240  0020  0.613  0.610     7    -1  0.49120  -0.29079  -8  995
313  1236  0021  0.481  0.610    18    -1  0.49120  -0.29079  -8  994
313  1243  0022  0.531  0.610    18    -1  0.49120  -0.29079  -8  994
313  1235  0023  0.577  0.610     8    -1  0.49120  -0.29079  -8  995
313  1236  0024  0.484  0.610    12    -1  0.49120  -0.29079  -8  994
313  1228  0025  0.541  0.610     8    -1  0.49120  -0.29079  -8  995
313  1230  0026  0.603  0.610    15    -1  0.49120  -0.29079  -8  995
313  1240  0027  0.583  0.610    22    -1  0.49120  -0.29079  -8  994
313  1240  0028  0.475  0.610    11    -1  0.49120  -0.29079  -8  994
313  1235  0029  0.529  0.610    15    -1  0.49120  -0.29079  -8  994
313  1237  0030  0.505  0.610    11    -1  0.49120  -0.29079  -8  994
313  1232  0031  0.610  0.610    18    -1  0.49120  -0.29079  -8  994
313  1227  0032  0.556  0.610     8    -1  0.49120  -0.29079  -8  995
313  1243  0033  0.618  0.610     9    -1  0.49120  -0.29079  -8  995
313  1240  0034  0.588  0.610    10    -1  0.49120  -0.29079  -8  995
313  1242  0035  0.524  0.610    21    -1  0.49120  -0.29079  -8  994
313  1231  0036  0.564  0.610    14    -1  0.49120  -0.29079  -8  994
313  1232  0037  0.559  0.610    15    -1  0.49120  -0.29079  -8  994
313  1240  0038  0.590  0.610     8    -1  0.49120  -0.29079  -8  995
313  1232  0039  0.593  0.610    14    -1  0.49120  -0.29079  -8  995
313  1245  0040  0.486  0.610     9    -1  0.49120  -0.29079  -8  994
313  1234  0041  0.476  0.610    17    -1  0.49120  -0.29079  -8  994
313  1232  0042  0.558  0.610    14    -1  0.49120  -0.29079  -8  994
313  1238  0043  0.581  0.610    18    -1  0.49120  -0.29079  -8  994
313  1234  0044  0.589  0.610    18    -1  0.49120  -0.29079  -8  994
313  1233  0045  0.593  0.610    13    -1  0.49120  -0.29079  -8  995
313  1232  0046  0.542  0.610    14    -1  0.49120  -0.29079  -8  994
313  1231  0047  0.569  0.610    14    -1  0.49120  -0.29079  -8  994
313  1249  0048  0.481  0.610     7    -1  0.49120  -0.29079  -8  994
313  1234  0049  0.601  0.610    13    -1  0.49120  -0.29079  -8  995
357  1250  0000  0.473  0.610     9    -1  0.49120  -0.29079  -8  994
357  1241  0001  0.514  0.610    18    -1  0.49120  -0.29079  -8  994
357  1244  0002  0.599  0.610     9    -1  0.49120  -0.29079  -8  995
357  1240  0003  0.507  0.610    18    -1  0.49120  -0.29079  -8  994
357  1231  0004  0.502  0.610    14    -1  0.49120  -0.29079  -8  994
357  1239  0005  0.495  0.610    19    -1  0.49120  -0.29079  -8  994
357  1230  0006  0.580  0.610    15    -1  0.49120  -0.29079  -8  995
357  1236  0007  0.468  0.610    22    -1  0.49120  -0.29079  -8  994
357  1237  0008  0.608  0.610    12    -1  0.49120  -0.29079  -8  995
357  1243  0009  0.598  0.610     8    -1  0.49120  -0.29079  -8  995
357  1232  0010  0.510  0.610    14    -1  0.49120  -0.29079  -8  994
357  1242  0011  0.591  0.610     9    -1  0.49120  -0.29079  -8  995
357  1230  0012  0.586  0.610    16    -1  0.49120  -0.29079  -8  995
357  1230  0013  0.468  0.610    15    -1  0.49120  -0.29079  -8  994
357  1243  0014  0.493  0.610     6    -1  0.49120  -0.29079  -8  995
357  1238  0015  0.476  0.610    20    -1  0.49120  -0.29079  -8  994
357  1232  0016  0.555  0.610    15    -1  0.49120  -0.29079  -8  994
357  1240  0017  0.602  0.610    11    -1  0.49120  -0.29079  -8  995
357  1233  0018  0.498  0.610    12    -1  0.49120  -0.29079  -8  994
357  1220  0019  0.542  0.610     7    -1  0.49120  -0.29079  -8  995
357  1237  0020  0.588  0.610     7    -1  0.49120  -0.29079  -8  995
357  1230  0021  0.552  0.610    12    -1  0.49120  -0.29079  -8  995
357  1220  0022  0.551  0.610     7    -1  0.49120  -0.29079  -8  995
357  1237  0023  0.464  0.610    21    -1  0.49120  -0.29079  -8  994
357  1233  0024  0.506  0.610    12    -1  0.49120  -0.29079  -8  994
357  1239  0025  0.534  0.610    22    -1  0.49120  -0.29079  -8  994
357  1234  0026  0.464  0.610    17    -1  0.49120  -0.29079  -8  994
357  1243  0027  0.467  0.610    10    -1  0.49120  -0.29079  -8  994
357  1232  0028  0.544  0.610    15    -1  0.49120  -0.29079  -8  994
357  1232  0029  0.463  0.610    13    -1  0.49120  -0.29079  -8  994
357  1231  0030  0.497  0.610    13    -1  0.49120  -0.29079  -8  994
357  1233  0031  0.581  0.610     7    -1  0.49120  -0.29079  -8  995
357  1230  0032  0.589  0.610    16    -1  0.49120  -0.29079  -8  995
357  1239  0033  0.520  0.610    22    -1  0.49120  -0.29079  -8  994
357  1236  0034  0.565  0.610    17    -1  0.49120  -0.29079  -8  994
357  1240  0035  0.537  0.610    17    -1  0.49120  -0.29079  -8  994
357  1316  0036  0.618  0.626     6     4  0.53320  -0.24279  -8  995
357  1231  0037  0.548  0.610     9    -1  0.49120  -0.29079  -8  995
357  1231  0038  0.575  0.610    15    -1  0.49120  -0.29079  -8  995
357  1241  0039  0.541  0.610    17    -1  0.49120  -0.29079  -8  994
357  1235  0040  0.489  0.610    12    -1  0.49120  -0.29079  -8  994
357  1231  0041  0.465  0.610    13    -1  0.49120  -0.29079  -8  994
357  1242  0042  0.564  0.610    19    -1  0.49120  -0.29079  -8  994
357  1239  0043  0.594  0.610     7    -1  0.49120  -0.29079  -8  995
357  1231  0044  0.519  0.610    14    -1  0.49120  -0.29079  -8  994
357  1238  0045  0.571  0.610    18    -1  0.49120  -0.29079  -8  994
357  1232  0046  0.554  0.610    10    -1  0.49120  -0.29079  -8  995
357  1254  0047  0.465  0.610     7    -1  0.49120  -0.29079  -8  994
357  1232  0048  0.506  0.610    14    -1  0.49120  -0.29079  -8  994
357  1232  0049  0.561  0.610    11    -1  0.49120  -0.29079  -8  995
402  1245  0000  0.546  0.610    19    -1  0.49120  -0.29079  -8  994
402  1237  0001  0.486  0.610    22    -1  0.49120  -0.29079  -8  994
402  1232  0002  0.493  0.610    16    -1  0.49120  -0.29079  -8  994
402  1237  0003  0.546  0.610    16    -1  0.49120  -0.29079  -8  994
402  1230  0004  0.527  0.610     8    -1  0.49120  -0.29079  -8  995
402  1245  0005  0.495  0.610     9    -1  0.49120  -0.29079  -8  995
402  1227  0006  0.535  0.610     8    -1  0.49120  -0.29079  -8  995
402  1234  0007  0.571  0.610    11    -1  0.49120  -0.29079  -8  995
402  1236  0008  0.469  0.610    18    -1  0.49120  -0.29079  -8  994
402  1232  0009  0.472  0.610    12    -1  0.49120  -0.29079  -8  994
402  1247  0010  0.463  0.610     9    -1  0.49120  -0.29079  -8  994
402  1245  0011  0.609  0.610     8    -1  0.49120  -0.29079  -8  995
402  1237  0012  0.486  0.610    18    -1  0.49120  -0.29079  -8  994
402  1231  0013  0.470  0.610    16    -1  0.49120  -0.29079  -8  994
402  1238  0014  0.577  0.610    18    -1  0.49120  -0.29079  -8  994
402  1244  0015  0.498  0.610     9    -1  0.49120  -0.29079  -8  995
402  1231  0016  0.530  0.610    14    -1  0.49120  -0.29079  -8  995
402  1236  0017  0.498  0.610    17    -1  0.49120  -0.29079  -8  994
402  1240  0018  0.558  0.610    22    -1  0.49120  -0.29079  -8  994
402  1232  0019  0.580  0.610    17    -1  0.49120  -0.29079  -8  995
402  1352  0020  0.617  0.626     6     4  0.53320  -0.24279  -8  995
402  1226  0021  0.609  0.610    16    -1  0.49120  -0.29079  -8  995
402  1242  0022  0.497  0.610    10    -1  0.49120  -0.29079  -8  995
402  1229  0023  0.590  0.610    16    -1  0.49120  -0.29079  -8  995
402  1238  0024  0.555  0.610    23    -1  0.49120  -0.29079  -8  994
402  1238  0025  0.464  0.610    21    -1  0.49120  -0.29079  -8  994
402  1245  0026  0.533  0.610    19    -1  0.49120  -0.29079  -8  994
402  1227  0027  0.547  0.610     8    -1  0.49120  -0.29079  -8  995
402  1247  0028  0.482  0.610     9    -1  0.49120  -0.29079  -8  995
402  1239  0029  0.541  0.610    17    -1  0.49120  -0.29079  -8  994
402  1229  0030  0.484  0.610    14    -1  0.49120  -0.29079  -8  994
402  1230  0031  0.521  0.610    13    -1  0.49120  -0.29079  -8  995
402  1234  0032  0.568  0.610     9    -1  0.49120  -0.29079  -8  995
402  1242  0033  0.510  0.610    20    -1  0.49120  -0.29079  -8  994
402  1235  0034  0.579  0.610    12    -1  0.49120  -0.29079  -8  995
402  1247  0035  0.488  0.610     6    -1  0.49120  -0.29079  -8  995
402  1230  0036  0.571  0.610    14    -1  0.49120  -0.29079  -8  995
402  1235  0037  0.546  0.610    16    -1  0.49120  -0.29079  -8  995
402  1241  0038  0.500  0.610    19    -1  0.49120  -0.29079  -8  994
402  1229  0039  0.480  0.610    14    -1  0.49120  -0.29079  -8  994
402  1231  0040  0.558  0.610     9    -1  0.49120  -0.29079  -8  995
402  1231  0041  0.525  0.610     9    -1  0.49120  -0.29079  -8  995
402  1229  0042  0.468  0.610    13    -1  0.49120  -0.29079  -8  994
402  1245  0043  0.532  0.610    19    -1  0.49120  -0.29079  -8  994
402  1226  0044  0.523  0.610     7    -1  0.49120  -0.29079  -8  995
402  1226  0045  0.617  0.610    17    -1  0.49120  -0.29079  -8  995
402  1344  0046  0.614  0.626     6     4  0.53320  -0.24279  -8  995
402  1232  0047  0.572  0.610    12    -1  0.49120  -0.29079  -8  995
402  1232  0048  0.563  0.610     9    -1  0.49120  -0.29079  -8  995
402  1238  0049  0.502  0.610     7    -1  0.49120  -0.29079  -8  995
446  1237  0000  0.545  0.610    16    -1  0.49120  -0.29079  -8  995
446  1230  0001  0.550  0.610    10    -1  0.49120  -0.29079  -8  995
446  1248  0002  0.492  0.610     8    -1  0.49120  -0.29079  -8  995
446  1229  0003  0.594  0.610    17    -1  0.49120  -0.29079  -8  995
446  1238  0004  0.581  0.610    22    -1  0.49120  -0.29079  -8  994
446  1236  0005  0.515  0.610     9    -1  0.49120  -0.29079  -8  995
446  1233  0006  0.522  0.610     9    -1  0.49120  -0.29079  -8  995
446  1210  0007  0.553  0.610     6    -1  0.49120  -0.29079  -8  995
446  1240  0008  0.541  0.610    22    -1  0.49120  -0.29079  -8  994
446  1237  0009  0.471  0.610    21    -1  0.49120  -0.29079  -8  994
446  1228  0010  0.482  0.610    14    -1  0.49120  -0.29079  -7  994
446  1244  0011  0.565  0.610    21    -1  0.49120  -0.29079  -8  994
446  1245  0012  0.614  0.610     8    -1  0.49120  -0.29079  -8  996
446  1233  0013  0.603  0.610    13    -1  0.49120  -0.29079  -7  995
446  1230  0014  0.518  0.610    13    -1  0.49120  -0.29079  -8  995
446  1219  0015  0.523  0.610     7    -1  0.49120  -0.29079  -8  995
446  1228  0016  0.551  0.610    13    -1  0.49120  -0.29079  -8  995
446  1238  0017  0.570  0.610    18    -1  0.49120  -0.29079  -8  995
446  1241  0018  0.505  0.610    18    -1  0.49120  -0.29079  -8  994
446  1237  0019  0.502  0.610    11    -1  0.49120  -0.29079  -8  995
446  1225  0020  0.613  0.610    16    -1  0.49120  -0.29079  -7  995
446  1235  0021  0.600  0.610    19    -1  0.49120  -0.29079  -8  995
446  1240  0022  0.601  0.610    11    -1  0.49120  -0.29079  -8  995
446  1231  0023  0.594  0.610    18    -1  0.49120  -0.29079  -8  995
446  1243  0024  0.523  0.610    21    -1  0.49120  -0.29079  -8  994
446  1238  0025  0.488  0.610    20    -1  0.49120  -0.29079  -8  994
446  1235  0026  0.613  0.610    22    -1  0.49120  -0.29079  -8  994
446  1245  0027  0.534  0.610    21    -1  0.49120  -0.29079  -8  994
446  1240  0028  0.579  0.610    22    -1  0.49120  -0.29079  -8  994
446  1245  0029  0.533  0.610    20    -1  0.49120  -0.29079  -8  994
446  1246  0030  0.601  0.610     9    -1  0.49120  -0.29079  -8  996
446  1245  0031  0.523  0.610    19    -1  0.49120  -0.29079  -8  994
446  1229  0032  0.538  0.610    10    -1  0.49120  -0.29079  -8  995
446  1243  0033  0.547  0.610    18    -1  0.49120  -0.29079  -8  994
446  1245  0034  0.538  0.610    21    -1  0.49120  -0.29079  -8  994
446  1237  0035  0.463  0.610    21    -1  0.49120  -0.29079  -8  994
446  1207  0036  0.545  0.610     6    -1  0.49120  -0.29079  -8  995
446  1240  0037  0.575  0.610    22    -1  0.49120  -0.29079  -8  994
446  1228  0038  0.588  0.610    15    -1  0.49120  -0.29079  -7  995
446  1243  0039  0.599  0.610    10    -1  0.49120  -0.29079  -8  996
446  1229  0040  0.577  0.610    15    -1  0.49120  -0.29079  -7  995
446  1227  0041  0.617  0.610    15    -1  0.49120  -0.29079  -7  995
446  1234  0042  0.514  0.610    11    -1  0.49120  -0.29079  -8  995
446  1228  0043  0.469  0.610    15    -1  0.49120  -0.29079  -7  994
446  1230  0044  0.498  0.610    13    -1  0.49120  -0.29079  -8  995
446  1236  0045  0.468  0.610    18    -1  0.49120  -0.29079  -7  994
446  1228  0046  0.555  0.610    14    -1  0.49120  -0.29079  -8  995
446  1250  0047  0.488  0.610     8    -1  0.49120  -0.29079  -8  995
446  1228  0048  0.534  0.610    12    -1  0.49120  -0.29079  -8  995
446  1243  0049  0.549  0.610    21    -1  0.49120  -0.29079  -8  994
491  1257  0000  0.467  0.610     8    -1  0.49120  -0.29079  -8  995
491  1230  0001  0.488  0.610    16    -1  0.49120  -0.29079  -7  995
491  1228  0002  0.575  0.610    15    -1  0.49120  -0.29079  -7  995
491  1231  0003  0.481  0.610    17    -1  0.49120  -0.29079  -7  994
491  1223  0004  0.551  0.610     8    -1  0.49120  -0.29079  -8  996
491  1239  0005  0.492  0.610    19    -1  0.49120  -0.29079  -7  994
491  1247  0006  0.549  0.610    20    -1  0.49120  -0.29079  -8  994
491  1224  0007  0.560  0.610     8    -1  0.49120  -0.29079  -8  996
491  1239  0008  0.561  0.610    23    -1  0.49120  -0.29079  -8  994
491  1229  0009  0.574  0.610    13    -1  0.49120  -0.29079  -7  995
491  1229  0010  0.512  0.610    14    -1  0.49120  -0.29079  -7  995
491  1232  0011  0.568  0.610    16    -1  0.49120  -0.29079  -7  995
491  1236  0012  0.584  0.610     8    -1  0.49120  -0.29079  -8  996
491  1271  0013  0.583  0.607     7     5  0.52120  -0.22479  -8  996
491  1232  0014  0.514  0.610    12    -1  0.49120  -0.29079  -8  995
491  1233  0015  0.522  0.610    15    -1  0.49120  -0.29079  -7  995
491  1242  0016  0.502  0.610     9    -1  0.49120  -0.29079  -8  995
491  1237  0017  0.495  0.610    22    -1  0.49120  -0.29079  -8  994
491  1230  0018  0.466  0.610    16    -1  0.49120  -0.29079  -7  994
491  1240  0019  0.533  0.610    22    -1  0.49120  -0.29079  -8  994
491  1260  0020  0.473  0.610     7    -1  0.49120  -0.29079  -8  995
491  1247  0021  0.474  0.610    10    -1  0.49120  -0.29079  -8  995
491  1229  0022  0.477  0.610    13    -1  0.49120  -0.29079  -7  995
491  1240  0023  0.605  0.610    21    -1  0.49120  -0.29079  -8  995
491  1243  0024  0.552  0.610    21    -1  0.49120  -0.29079  -8  994
491  1244  0025  0.515  0.610    19    -1  0.49120  -0.29079  -8  994
491  1254  0026  0.484  0.610     8    -1  0.49120  -0.29079  -8  995
491  1212  0027  0.535  0.610     7    -1  0.49120  -0.29079  -8  995
491  1232  0028  0.521  0.610    15    -1  0.49120  -0.29079  -7  995
491  1417  0029  0.615  0.629     6     4  0.53920  -0.23679  -8  996
491  1240  0030  0.504  0.610    21    -1  0.49120  -0.29079  -8  994
491  1245  0031  0.541  0.610    18    -1  0.49120  -0.29079  -8  995
491  1240  0032  0.503  0.610    18    -1  0.49120  -0.29079  -8  994
491  1228  0033  0.573  0.610    15    -1  0.49120  -0.29079  -7  995
491  1239  0034  0.498  0.610    11    -1  0.49120  -0.29079  -8  995
491  1230  0035  0.517  0.610    12    -1  0.49120  -0.29079  -8  995
491  1254  0036  0.479  0.610     8    -1  0.49120  -0.29079  -8  995
491  1238  0037  0.615  0.610    12    -1  0.49120  -0.29079  -7  996
491  1229  0038  0.536  0.610    10    -1  0.49120  -0.29079  -8  995
491  1229  0039  0.503  0.610    14    -1  0.49120  -0.29079  -7  995
491  1243  0040  0.609  0.610    11    -1  0.49120  -0.29079  -7  996
491  1232  0041  0.597  0.610    13    -1  0.49120  -0.29079  -7  996
491  1237  0042  0.510  0.610     8    -1  0.49120  -0.29079  -8  995
491  1233  0043  0.468  0.610    17    -1  0.49120  -0.29079  -7  994
491  1234  0044  0.518  0.610    10    -1  0.49120  -0.29079  -8  995
491  1240  0045  0.604  0.610    11    -1  0.49120  -0.29079  -7  996
491  1229  0046  0.565  0.610    15    -1  0.49120  -0.29079  -7  995
491  1242  0047  0.594  0.610     8    -1  0.49120  -0.29079  -8  996
491  1243  0048  0.520  0.610    21    -1  0.49120  -0.29079  -8  994
491  1228  0049  0.537  0.610    11    -1  0.49120  -0.29079  -8  995
536  1248  0000  0.478  0.610    10    -1  0.49120  -0.29079  -8  995
536  1224  0001  0.526  0.610     8    -1  0.49120  -0.29079  -8  996
536  1237  0002  0.481  0.610    19    -1  0.49120  -0.29079  -7  994
536  1235  0003  0.519  0.610    16    -1  0.49120  -0.29079  -7  995
536  1237  0004  0.470  0.610    21    -1  0.49120  -0.29079  -7  994
536  1239  0005  0.498  0.610    18    -1  0.49120  -0.29079  -7  995
536  1247  0006  0.556  0.610    20    -1  0.49120  -0.29079  -8  995
536  1238  0007  0.486  0.610    19    -1  0.49120  -0.29079  -7  994
536  1227  0008  0.600  0.610    17    -1  0.49120  -0.29079  -7  995
536  1228  0009  0.514  0.610    13    -1  0.49120  -0.29079  -7  995
536  1231  0010  0.530  0.610    15    -1  0.49120  -0.29079  -7  995
536  1223  0011  0.602  0.610    16    -1  0.49120  -0.29079  -7  995
536  1227  0012  0.579  0.610    15    -1  0.49120  -0.29079  -7  995
536  1228  0013  0.530  0.610    12    -1  0.49120  -0.29079  -7  995
536  1246  0014  0.538  0.610    18    -1  0.49120  -0.29079  -8  995
536  1245  0015  0.529  0.610    18    -1  0.49120  -0.29079  -8  995
536  1239  0016  0.483  0.610    11    -1  0.49120  -0.29079  -8  995
536  1235  0017  0.573  0.610    11    -1  0.49120  -0.29079  -7  996
536  1242  0018  0.507  0.610    18    -1  0.49120  -0.29079  -7  995
536  1235  0019  0.486  0.610    22    -1  0.49120  -0.29079  -7  994
536  1237  0020  0.607  0.610    20    -1  0.49120  -0.29079  -8  995
536  1226  0021  0.600  0.610    17    -1  0.49120  -0.29079  -7  995
536  1230  0022  0.553  0.610    15    -1  0.49120  -0.29079  -7  995
536  1231  0023  0.503  0.610    12    -1  0.49120  -0.29079  -7  995
536  1238  0024  0.608  0.610    20    -1  0.49120  -0.29079  -8  995
536  1237  0025  0.500  0.610    22    -1  0.49120  -0.29079  -8  994
536  1239  0026  0.520  0.610    22    -1  0.49120  -0.29079  -8  994
536  1230  0027  0.464  0.610    12    -1  0.49120  -0.29079  -7  995
536  1249  0028  0.493  0.610     8    -1  0.49120  -0.29079  -8  995
536  1231  0029  0.593  0.610    18    -1  0.49120  -0.29079  -7  995
536  1230  0030  0.507  0.610    12    -1  0.49120  -0.29079  -7  995
536  1227  0031  0.541  0.610    11    -1  0.49120  -0.29079  -8  995
536  1222  0032  0.608  0.610    16    -1  0.49120  -0.29079  -7  995
536  1246  0033  0.564  0.610    21    -1  0.49120  -0.29079  -8  994
536  1225  0034  0.475  0.610    14    -1  0.49120  -0.29079  -7  995
536  1234  0035  0.471  0.610    18    -1  0.49120  -0.29079  -7  994
536  1295  0036  0.616  0.629     8     7  0.55120  -0.20679  -8  996
536  1239  0037  0.602  0.610    20    -1  0.49120  -0.29079  -8  995
536  1234  0038  0.583  0.610    18    -1  0.49120  -0.29079  -8  995
536  1235  0039  0.466  0.610    18    -1  0.49120  -0.29079  -7  994
536  1263  0040  0.471  0.610     6    -1  0.49120  -0.29079  -8  995
536  1239  0041  0.539  0.610    17    -1  0.49120  -0.29079  -7  995
536  1226  0042  0.465  0.610    14    -1  0.49120  -0.29079  -7  995
536  1237  0043  0.473  0.610    21    -1  0.49120  -0.29079  -7  994
536  1236  0044  0.512  0.610    23    -1  0.49120  -0.29079  -8  994
536  1238  0045  0.462  0.610    20    -1  0.49120  -0.29079  -7  994
536  1237  0046  0.488  0.610    11    -1  0.49120  -0.29079  -8  995
536  1228  0047  0.553  0.610    14    -1  0.49120  -0.29079  -7  995
536  1226  0048  0.549  0.610    12    -1  0.49120  -0.29079  -7  995
536  1235  0049  0.515  0.610    10    -1  0.49120  -0.29079  -8  995
580  1247  0000  0.547  0.610    21    -1  0.49120  -0.29079  -8  995
580  1288  0001  0.589  0.603    10    10  0.53920  -0.17079  -8  996
580  1224  0002  0.598  0.610    15    -1  0.49120  -0.29079  -7  996
580  1225  0003  0.558  0.610    13    -1  0.49120  -0.29079  -7  996
580  1245  0004  0.521  0.610    18    -1  0.49120  -0.29079  -7  995
580  1248  0005  0.543  0.610    19    -1  0.49120  -0.29079  -8  995
580  1227  0006  0.490  0.610    15    -1  0.49120  -0.29079  -7  995
580  1244  0007  0.497  0.610     7    -1  0.49120  -0.29079  -8  995
580  1239  0008  0.507  0.610    10    -1  0.49120  -0.29079  -8  995
580  1229  0009  0.527  0.610    11    -1  0.49120  -0.29079  -8  996
580  1240  0010  0.525  0.610    17    -1  0.49120  -0.29079  -7  995
580  1226  0011  0.531  0.610    13    -1  0.49120  -0.29079  -7  995
580  1228  0012  0.483  0.610    16    -1  0.49120  -0.29079  -7  995
580  1229  0013  0.502  0.610    15    -1  0.49120  -0.29079  -7  995
580  1275  0014  0.583  0.599     9     9  0.53320  -0.17679  -8  996
580  1223  0015  0.550  0.610     9    -1  0.49120  -0.29079  -8  996
580  1220  0016  0.616  0.610    17    -1  0.49120  -0.29079  -7  996
580  1228  0017  0.495  0.610    15    -1  0.49120  -0.29079  -7  995
580  1220  0018  0.613  0.610    16    -1  0.49120  -0.29079  -7  996
580  1236  0019  0.473  0.610    22    -1  0.49120  -0.29079  -7  994
580  1230  0020  0.508  0.610    12    -1  0.49120  -0.29079  -7  995
580  1238  0021  0.464  0.610    20    -1  0.49120  -0.29079  -7  994
580  1236  0022  0.511  0.610     8    -1  0.49120  -0.29079  -8  996
580  1248  0023  0.536  0.610    20    -1  0.49120  -0.29079  -8  995
580  1231  0024  0.513  0.610     8    -1  0.49120  -0.29079  -8  996
580  1241  0025  0.574  0.595    11    11  0.53320  -0.16479  -7  996
580  1227  0026  0.467  0.610    16    -1  0.49120  -0.29079  -7  995
580  1242  0027  0.540  0.610    17    -1  0.49120  -0.29079  -7  995
580  1227  0028  0.534  0.610    14    -1  0.49120  -0.29079  -7  995
580  1256  0029  0.485  0.610     8    -1  0.49120  -0.29079  -8  995
580  1227  0030  0.497  0.610    14    -1  0.49120  -0.29079  -7  995
580  1225  0031  0.588  0.610    15    -1  0.49120  -0.29079  -7  996
580  1343  0032  0.585  0.604     7     5  0.52120  -0.21879  -8  996
580  1279  0033  0.586  0.601    11    11  0.53920  -0.16479  -8  996
580  1232  0034  0.473  0.610    17    -1  0.49120  -0.29079  -7  995
580  1248  0035  0.549  0.610    20    -1  0.49120  -0.29079  -8  995
580  1227  0036  0.486  0.610    13    -1  0.49120  -0.29079  -7  995
580  1243  0037  0.565  0.610    19    -1  0.49120  -0.29079  -8  995
580  1219  0038  0.530  0.610     8    -1  0.49120  -0.29079  -8  996
580  1232  0039  0.609  0.610    19    -1  0.49120  -0.29079  -7  995
580  1239  0040  0.566  0.610    23    -1  0.49120  -0.29079  -8  994
580  1213  0041  0.555  0.575     7     5  0.49720  -0.20679  -8  996
580  1239  0042  0.502  0.610    18    -1  0.49120  -0.29079  -7  995
580  1420  0043  0.606  0.624     7     5  0.53920  -0.22479  -8  996
580  1245  0044  0.527  0.610    18    -1  0.49120  -0.29079  -7  995
580  1249  0045  0.589  0.603    12    12  0.54520  -0.15279  -7  996
580  1239  0046  0.499  0.610    21    -1  0.49120  -0.29079  -7  994
580  1319  0047  0.617  0.624     9     8  0.55120  -0.19479  -8  996
580  1249  0048  0.486  0.610    10    -1  0.49120  -0.29079  -8  995
580  1281  0049  0.580  0.602     7     7  0.52720  -0.20079  -8  996
625  1247  0000  0.520  0.610    19    -1  0.49120  -0.29079  -7  995
625  1227  0001  0.573  0.610    13    -1  0.49120  -0.29079  -7  996
625  1229  0002  0.593  0.610    18    -1  0.49120  -0.29079  -7  995
625  1229  0003  0.559  0.610    15    -1  0.49120  -0.29079  -7  996
625  1224  0004  0.483  0.610    15    -1  0.49120  -0.29079  -7  995
625  1246  0005  0.536  0.610    18    -1  0.49120  -0.29079  -7  995
625  1244  0006  0.486  0.610    10    -1  0.49120  -0.29079  -8  995
625  1329  0007  0.599  0.611    12    12  0.55120  -0.15879  -7  996
625  1226  0008  0.550  0.610    14    -1  0.49120  -0.29079  -7  996
625  1239  0009  0.486  0.610    20    -1  0.49120  -0.29079  -7  995
625  1226  0010  0.515  0.610    13    -1  0.49120  -0.29079  -7  995
625  1228  0011  0.501  0.610    13    -1  0.49120  -0.29079  -7  995
625  1225  0012  0.492  0.610    14    -1  0.49120  -0.29079  -7  995
625  1282  0013  0.573  0.595    11    11  0.53320  -0.16479  -8  996
625  1243  0014  0.573  0.610    19    -1  0.49120  -0.29079  -8  995
625  1246  0015  0.558  0.610    21    -1  0.49120  -0.29079  -8  995
625  1253  0016  0.488  0.616     6    -1  0.49720  -0.29079  -8  996
625  1256  0017  0.483  0.610     9    -1  0.49120  -0.29079  -8  995
625  1225  0018  0.584  0.610    16    -1  0.49120  -0.29079  -7  996
625  1286  0019  0.563  0.587     7     6  0.50920  -0.20679  -8  996
625  1230  0020  0.540  0.610    15    -1  0.49120  -0.29079  -7  995
625  1234  0021  0.486  0.610    17    -1  0.49120  -0.29079  -7  995
625  1223  0022  0.599  0.610    15    -1  0.49120  -0.29079  -7  996
625  1233  0023  0.567  0.585    12    11  0.52720  -0.15279  -7  996
625  1240  0024  0.497  0.610    18    -1  0.49120  -0.29079  -7  995
625  1228  0025  0.598  0.612    14    13  0.55720  -0.14079  -7  996
625  1235  0026  0.490  0.610    23    -1  0.49120  -0.29079  -7  995
625  1224  0027  0.547  0.610    12    -1  0.49120  -0.29079  -7  996
625  1521  0028  0.612  0.627     6     5  0.53920  -0.23079  -8  996
625  1244  0029  0.560  0.610    19    -1  0.49120  -0.29079  -8  995
625  1240  0030  0.498  0.610    11    -1  0.49120  -0.29079  -8  996
625  1247  0031  0.565  0.610    20    -1  0.49120  -0.29079  -8  995
625  1224  0032  0.543  0.610    12    -1  0.49120  -0.29079  -7  996
625  1237  0033  0.560  0.581     9     9  0.51520  -0.17679  -7  996
625  1228  0034  0.527  0.610     9    -1  0.49120  -0.29079  -8  996
625  1251  0035  0.488  0.610     9    -1  0.49120  -0.29079  -8  996
625  1263  0036  0.470  0.610     8    -1  0.49120  -0.29079  -8  995
625  1247  0037  0.518  0.610    19    -1  0.49120  -0.29079  -7  995
625  1224  0038  0.592  0.610    15    -1  0.49120  -0.29079  -7  996
625  1235  0039  0.471  0.610    22    -1  0.49120  -0.29079  -7  995
625  1249  0040  0.528  0.610    19    -1  0.49120  -0.29079  -7  995
625  1243  0041  0.582  0.610    22    -1  0.49120  -0.29079  -8  995
625  1291  0042  0.574  0.594     8     7  0.52120  -0.19479  -8  996
625  1220  0043  0.546  0.610     8    -1  0.49120  -0.29079  -8  996
625  1224  0044  0.466  0.610    15    -1  0.49120  -0.29079  -7  995
625  1258  0045  0.566  0.583    10    10  0.52120  -0.16479  -7  996
625  1233  0046  0.496  0.610    12    -1  0.49120  -0.29079  -7  995
625  1245  0047  0.528  0.610    21    -1  0.49120  -0.29079  -8  995
625  1231  0048  0.558  0.610    16    -1  0.49120  -0.29079  -7  995
625  1246  0049  0.575  0.610    20    -1  0.49120  -0.29079  -8  995
89  1237  0000  0.537  0.610    15    -1  0.49120  -0.29079  -8  994
89  1236  0001  0.562  0.610    12    -1  0.49120  -0.29079  -8  994
89  1238  0002  0.615  0.610    12    -1  0.49120  -0.29079  -8  994
89  1236  0003  0.587  0.610    14    -1  0.49120  -0.29079  -8  994
89  1238  0004  0.567  0.610    22    -1  0.49120  -0.29079  -8  994
89  1236  0005  0.497  0.610    16    -1  0.49120  -0.29079  -8  994
89  1239  0006  0.511  0.610    20    -1  0.49120  -0.29079  -8  994
89  1240  0007  0.476  0.610     9    -1  0.49120  -0.29079  -8  994
89  1239  0008  0.603  0.610     9    -1  0.49120  -0.29079  -8  994
89  1240  0009  0.489  0.610     9    -1  0.49120  -0.29079  -8  994
89  1239  0010  0.569  0.610    19    -1  0.49120  -0.29079  -8  994
89  1237  0011  0.519  0.610     9    -1  0.49120  -0.29079  -8  994
89  1238  0012  0.545  0.610    22    -1  0.49120  -0.29079  -8  994
89  1239  0013  0.531  0.610    17    -1  0.49120  -0.29079  -8  994
89  1238  0014  0.604  0.610    11    -1  0.49120  -0.29079  -8  994
89  1239  0015  0.578  0.610    20    -1  0.49120  -0.29079  -8  994
89  1238  0016  0.500  0.610    22    -1  0.49120  -0.29079  -8  994
89  1238  0017  0.553  0.610    18    -1  0.49120  -0.29079  -8  994
89  1232  0018  0.536  0.610     7    -1  0.49120  -0.29079  -8  994
89  1236  0019  0.468  0.610    16    -1  0.49120  -0.29079  -8  994
89  1237  0020  0.602  0.610    23    -1  0.49120  -0.29079  -8  994
89  1236  0021  0.601  0.610    18    -1  0.49120  -0.29079  -8  994
89  1241  0022  0.480  0.610     9    -1  0.49120  -0.29079  -8  994
89  1239  0023  0.609  0.610     9    -1  0.49120  -0.29079  -8  994
89  1236  0024  0.480  0.610    13    -1  0.49120  -0.29079  -8  994
89  1238  0025  0.613  0.610     6    -1  0.49120  -0.29079  -8  994
89  1238  0026  0.581  0.610    19    -1  0.49120  -0.29079  -8  994
89  1236  0027  0.538  0.610    13    -1  0.49120  -0.29079  -8  994
89  1236  0028  0.472  0.610    14    -1  0.49120  -0.29079  -8  994
89  1237  0029  0.577  0.610    11    -1  0.49120  -0.29079  -8  994
89  1237  0030  0.589  0.610    18    -1  0.49120  -0.29079  -8  994
89  1236  0031  0.541  0.610    12    -1  0.49120  -0.29079  -8  994
89  1235  0032  0.550  0.610     8    -1  0.49120  -0.29079  -8  994
89  1235  0033  0.574  0.610     6    -1  0.49120  -0.29079  -8  994
89  1239  0034  0.542  0.610    18    -1  0.49120  -0.29079  -8  994
89  1236  0035  0.547  0.610    14    -1  0.49120  -0.29079  -8  994
89  1238  0036  0.501  0.610    20    -1  0.49120  -0.29079  -8  994
89  1236  0037  0.550  0.610     9    -1  0.49120  -0.29079  -8  994
89  1236  0038  0.534  0.610    11    -1  0.49120  -0.29079  -8  994
89  1239  0039  0.566  0.610    22    -1  0.49120  -0.29079  -8  994
89  1236  0040  0.601  0.610    15    -1  0.49120  -0.29079  -8  994
89  1239  0041  0.497  0.610     9    -1  0.49120  -0.29079  -8  994
89  1236  0042  0.488  0.610    14    -1  0.49120  -0.29079  -8  994
89  1236  0043  0.474  0.610    15    -1  0.49120  -0.29079  -8  994
89  1238  0044  0.489  0.610    18    -1  0.49120  -0.29079  -8  994
89  1236  0045  0.483  0.610    13    -1  0.49120  -0.29079  -8  994
89  1237  0046  0.563  0.610    17    -1  0.49120  -0.29079  -8  994
89  1238  0047  0.612  0.610    21    -1  0.49120  -0.29079  -8  994
89  1241  0048  0.479  0.610     7    -1  0.49120  -0.29079  -8  994
89  1236  0049  0.479  0.610    16    -1  0.49120  -0.29079  -8  994
134  1242  0000  0.484  0.610     9    -1  0.49120  -0.29079  -8  994
134  1238  0001  0.541  0.610    17    -1  0.49120  -0.29079  -8  994
134  1237  0002  0.576  0.610    12    -1  0.49120  -0.29079  -8  994
134  1235  0003  0.563  0.610    12    -1  0.49120  -0.29079  -8  994
134  1236  0004  0.564  0.610    10    -1  0.49120  -0.29079  -8  994
134  1243  0005  0.472  0.610     8    -1  0.49120  -0.29079  -8  994
134  1237  0006  0.483  0.610    12    -1  0.49120  -0.29079  -8  994
134  1237  0007  0.487  0.610    22    -1  0.49120  -0.29079  -8  994
134  1239  0008  0.593  0.610    10    -1  0.49120  -0.29079  -8  994
134  1237  0009  0.515  0.610    11    -1  0.49120  -0.29079  -8  994
134  1238  0010  0.500  0.610    18    -1  0.49120  -0.29079  -8  994
134  1238  0011  0.586  0.610    19    -1  0.49120  -0.29079  -8  994
134  1237  0012  0.597  0.610     6    -1  0.49120  -0.29079  -8  994
134  1230  0013  0.540  0.610     7    -1  0.49120  -0.29079  -8  994
134  1240  0014  0.563  0.610    21    -1  0.49120  -0.29079  -8  994
134  1237  0015  0.517  0.610     9    -1  0.49120  -0.29079  -8  994
134  1237  0016  0.590  0.610    12    -1  0.49120  -0.29079  -8  994
134  1235  0017  0.519  0.610    13    -1  0.49120  -0.29079  -8  994
134  1237  0018  0.497  0.610    22    -1  0.49120  -0.29079  -8  994
134  1238  0019  0.502  0.610    10    -1  0.49120  -0.29079  -8  994
134  1237  0020  0.563  0.610    16    -1  0.49120  -0.29079  -8  994
134  1235  0021  0.549  0.610     9    -1  0.49120  -0.29079  -8  994
134  1240  0022  0.533  0.610    20    -1  0.49120  -0.29079  -8  994
134  1238  0023  0.602  0.610    22    -1  0.49120  -0.29079  -8  994
134  1235  0024  0.580  0.610    14    -1  0.49120  -0.29079  -8  994
134  1237  0025  0.587  0.610    18    -1  0.49120  -0.29079  -8  994
134  1230  0026  0.544  0.610     7    -1  0.49120  -0.29079  -8  994
134  1242  0027  0.478  0.610     8    -1  0.49120  -0.29079  -8  994
134  1235  0028  0.607  0.610    14    -1  0.49120  -0.29079  -8  994
134  1236  0029  0.520  0.610    10    -1  0.49120  -0.29079  -8  994
134  1238  0030  0.574  0.610    18    -1  0.49120  -0.29079  -8  994
134  1236  0031  0.518  0.610     8    -1  0.49120  -0.29079  -8  994
134  1235  0032  0.606  0.610    14    -1  0.49120  -0.29079  -8  994
134  1240  0033  0.539  0.610    20    -1  0.49120  -0.29079  -8  994
134  1240  0034  0.486  0.610    10    -1  0.49120  -0.29079  -8  994
134  1238  0035  0.504  0.610     7    -1  0.49120  -0.29079  -8  994
134  1243  0036  0.479  0.610     6    -1  0.49120  -0.29079  -8  994
134  1235  0037  0.508  0.610     6    -1  0.49120  -0.29079  -8  994
134  1235  0038  0.538  0.610    13    -1  0.49120  -0.29079  -8  994
134  1235  0039  0.502  0.610    15    -1  0.49120  -0.29079  -8  994
134  1238  0040  0.587  0.610    19    -1  0.49120  -0.29079  -8  994
134  1240  0041  0.529  0.610    20    -1  0.49120  -0.29079  -8  994
134  1237  0042  0.466  0.610    22    -1  0.49120  -0.29079  -8  994
134  1235  0043  0.520  0.610    13    -1  0.49120  -0.29079  -8  994
134  1237  0044  0.480  0.610    22    -1  0.49120  -0.29079  -8  994
134  1240  0045  0.617  0.610     9    -1  0.49120  -0.29079  -8  994
134  1238  0046  0.498  0.610    21    -1  0.49120  -0.29079  -8  994
134  1238  0047  0.502  0.610    10    -1  0.49120  -0.29079  -8  994
134  1236  0048  0.530  0.610     9    -1  0.49120  -0.29079  -8  994
134  1237  0049  0.592  0.610    19    -1  0.49120  -0.29079  -8  994
179  1234  0000  0.566  0.610    13    -1  0.49120  -0.29079  -8  994
179  1236  0001  0.550  0.610    16    -1  0.49120  -0.29079  -8  994
179  1238  0002  0.590  0.610    11    -1  0.49120  -0.29079  -8  994
179  1240  0003  0.587  0.610    21    -1  0.49120  -0.29079  -8  994
179  1237  0004  0.603  0.610    12    -1  0.49120  -0.29079  -8  994
179  1235  0005  0.553  0.610    11    -1  0.49120  -0.29079  -8  994
179  1238  0006  0.580  0.610     9    -1  0.49120  -0.29079  -8  994
179  1237  0007  0.514  0.610     9    -1  0.49120  -0.29079  -8  994
179  1235  0008  0.584  0.610    13    -1  0.49120  -0.29079  -8  994
179  1238  0009  0.563  0.610    23    -1  0.49120  -0.29079  -8  994
179  1230  0010  0.568  0.610     6    -1  0.49120  -0.29079  -8  994
179  1240  0011  0.566  0.610    20    -1  0.49120  -0.29079  -8  994
179  1238  0012  0.592  0.610    22    -1  0.49120  -0.29079  -8  994
179  1235  0013  0.573  0.610    13    -1  0.49120  -0.29079  -8  994
179  1238  0014  0.490  0.610    20    -1  0.49120  -0.29079  -8  994
179  1237  0015  0.469  0.610    21    -1  0.49120  -0.29079  -8  994
179  1237  0016  0.604  0.610    23    -1  0.49120  -0.29079  -8  994
179  1234  0017  0.566  0.610    14    -1  0.49120  -0.29079  -8  994
179  1242  0018  0.490  0.610     8    -1  0.49120  -0.29079  -8  994
179  1234  0019  0.536  0.610    14    -1  0.49120  -0.29079  -8  994
179  1240  0020  0.538  0.610    18    -1  0.49120  -0.29079  -8  994
179  1234  0021  0.545  0.610    12    -1  0.49120  -0.29079  -8  994
179  1235  0022  0.585  0.610    17    -1  0.49120  -0.29079  -8  994
179  1243  0023  0.481  0.610     9    -1  0.49120  -0.29079  -8  994
179  1244  0024  0.462  0.610     8    -1  0.49120  -0.29079  -8  994
179  1237  0025  0.489  0.610    23    -1  0.49120  -0.29079  -8  994
179  1239  0026  0.595  0.610    11    -1  0.49120  -0.29079  -8  994
179  1236  0027  0.480  0.610    17    -1  0.49120  -0.29079  -8  994
179  1235  0028  0.610  0.610    14    -1  0.49120  -0.29079  -8  994
179  1234  0029  0.605  0.610    14    -1  0.49120  -0.29079  -8  994
179  1239  0030  0.576  0.610    22    -1  0.49120  -0.29079  -8  994
179  1234  0031  0.465  0.610    15    -1  0.49120  -0.29079  -8  994
179  1238  0032  0.494  0.610    21    -1  0.49120  -0.29079  -8  994
179  1240  0033  0.593  0.610     9    -1  0.49120  -0.29079  -8  994
179  1239  0034  0.534  0.610    22    -1  0.49120  -0.29079  -8  994
179  1236  0035  0.574  0.610     8    -1  0.49120  -0.29079  -8  994
179  1237  0036  0.471  0.610    19    -1  0.49120  -0.29079  -8  994
179  1239  0037  0.558  0.610    18    -1  0.49120  -0.29079  -8  994
179  1228  0038  0.535  0.610     7    -1  0.49120  -0.29079  -8  994
179  1234  0039  0.539  0.610     9    -1  0.49120  -0.29079  -8  994
179  1240  0040  0.579  0.610    21    -1  0.49120  -0.29079  -8  994
179  1236  0041  0.476  0.610    12    -1  0.49120  -0.29079  -8  994
179  1238  0042  0.612  0.610    20    -1  0.49120  -0.29079  -8  994
179  1236  0043  0.570  0.610    17    -1  0.49120  -0.29079  -8  994
179  1237  0044  0.579  0.610     8    -1  0.49120  -0.29079  -8  994
179  1236  0045  0.564  0.610    16    -1  0.49120  -0.29079  -8  994
179  1234  0046  0.544  0.610    13    -1  0.49120  -0.29079  -8  994
179  1232  0047  0.535  0.610     8    -1  0.49120  -0.29079  -8  994
179  1235  0048  0.483  0.610    16    -1  0.49120  -0.29079  -8  994
179  1239  0049  0.597  0.610    20    -1  0.49120  -0.29079  -8  994
223  1241  0000  0.558  0.610    20    -1  0.49120  -0.29079  -8  994
223  1240  0001  0.579  0.610    20    -1  0.49120  -0.29079  -8  994
223  1238  0002  0.507  0.610    10    -1  0.49120  -0.29079  -8  994
223  1234  0003  0.495  0.610    13    -1  0.49120  -0.29079  -8  994
223  1240  0004  0.586  0.610    22    -1  0.49120  -0.29079  -8  994
223  1239  0005  0.518  0.610    22    -1  0.49120  -0.29079  -8  994
223  1228  0006  0.555  0.610     7    -1  0.49120  -0.29079  -8  994
223  1233  0007  0.566  0.610     8    -1  0.49120  -0.29079  -8  994
223  1234  0008  0.560  0.610    15    -1  0.49120  -0.29079  -8  994
223  1239  0009  0.515  0.610    22    -1  0.49120  -0.29079  -8  994
223  1234  0010  0.554  0.610    14    -1  0.49120  -0.29079  -8  994
223  1238  0011  0.606  0.610    20    -1  0.49120  -0.29079  -8  994
223  1240  0012  0.582  0.610    21    -1  0.49120  -0.29079  -8  994
223  1233  0013  0.553  0.610    14    -1  0.49120  -0.29079  -8  994
223  1233  0014  0.466  0.610    15    -1  0.49120  -0.29079  -8  994
223  1234  0015  0.582  0.610     7    -1  0.49120  -0.29079  -8  994
223  1237  0016  0.483  0.610    18    -1  0.49120  -0.29079  -8  994
223  1235  0017  0.521  0.610    11    -1  0.49120  -0.29079  -8  994
223  1240  0018  0.573  0.610    19    -1  0.49120  -0.29079  -8  994
223  1241  0019  0.592  0.610     9    -1  0.49120  -0.29079  -8  994
223  1231  0020  0.613  0.610    16    -1  0.49120  -0.29079  -8  994
223  1234  0021  0.484  0.610    16    -1  0.49120  -0.29079  -8  994
223  1235  0022  0.583  0.610    17    -1  0.49120  -0.29079  -8  994
223  1234  0023  0.557  0.610    10    -1  0.49120  -0.29079  -8  994
223  1236  0024  0.602  0.610    23    -1  0.49120  -0.29079  -8  994
223  1239  0025  0.611  0.626     6     2  0.52720  -0.25479  -8  995
223  1234  0026  0.501  0.610    13    -1  0.49120  -0.29079  -8  994
223  1238  0027  0.487  0.610    19    -1  0.49120  -0.29079  -8  994
223  1240  0028  0.574  0.610    20    -1  0.49120  -0.29079  -8  994
223  1234  0029  0.512  0.610    13    -1  0.49120  -0.29079  -8  994
223  1242  0030  0.602  0.610     9    -1  0.49120  -0.29079  -8  994
223  1234  0031  0.520  0.610    14    -1  0.49120  -0.29079  -8  994
223  1236  0032  0.571  0.610    11    -1  0.49120  -0.29079  -8  994
223  1237  0033  0.583  0.610    11    -1  0.49120  -0.29079  -8  994
223  1233  0034  0.528  0.610    14    -1  0.49120  -0.29079  -8  994
223  1234  0035  0.537  0.610    15    -1  0.49120  -0.29079  -8  994
223  1225  0036  0.537  0.610     7    -1  0.49120  -0.29079  -8  994
223  1242  0037  0.492  0.610     7    -1  0.49120  -0.29079  -8  994
223  1243  0038  0.467  0.610     9    -1  0.49120  -0.29079  -8  994
223  1233  0039  0.485  0.610    15    -1  0.49120  -0.29079  -8  994
223  1230  0040  0.535  0.610     8    -1  0.49120  -0.29079  -8  994
223  1234  0041  0.528  0.610     9    -1  0.49120  -0.29079  -8  994
223  1241  0042  0.597  0.610    10    -1  0.49120  -0.29079  -8  994
223  1234  0043  0.609  0.610    14    -1  0.49120  -0.29079  -8  994
223  1224  0044  0.555  0.610     6    -1  0.49120  -0.29079  -8  994
223  1234  0045  0.521  0.610    12    -1  0.49120  -0.29079  -8  994
223  1238  0046  0.577  0.610     9    -1  0.49120  -0.29079  -8  994
223  1227  0047  0.565  0.610     6    -1  0.49120  -0.29079  -8  994
223  1233  0048  0.562  0.610    12    -1  0.49120  -0.29079  -8  994
223  1238  0049  0.510  0.610    10    -1  0.49120  -0.29079  -8  994
268  1240  0000  0.509  0.610    18    -1  0.49120  -0.29079  -8  994
268  1239  0001  0.598  0.610    20    -1  0.49120  -0.29079  -8  994
268  1238  0002  0.599  0.610    22    -1  0.49120  -0.29079  -8  994
268  1239  0003  0.617  0.610    11    -1  0.49120  -0.29079  -8  995
268  1229  0004  0.550  0.610     8    -1  0.49120  -0.29079  -8  994
268  1225  0005  0.534  0.610     7    -1  0.49120  -0.29079  -8  994
268  1239  0006  0.495  0.610    20    -1  0.49120  -0.29079  -8  994
268  1235  0007  0.572  0.610    12    -1  0.49120  -0.29079  -8  994
268  1237  0008  0.511  0.610    16    -1  0.49120  -0.29079  -8  994
268  1234  0009  0.524  0.610    14    -1  0.49120  -0.29079  -8  994
268  1239  0010  0.503  0.610    21    -1  0.49120  -0.29079  -8  994
268  1238  0011  0.493  0.610    21    -1  0.49120  -0.29079  -8  994
268  1237  0012  0.484  0.610    22    -1  0.49120  -0.29079  -8  994
268  1242  0013  0.544  0.610    19    -1  0.49120  -0.29079  -8  994
268  1239  0014  0.586  0.610     8    -1  0.49120  -0.29079  -8  995
268  1239  0015  0.523  0.610    22    -1  0.49120  -0.29079  -8  994
268  1239  0016  0.530  0.610    17    -1  0.49120  -0.29079  -8  994
268  1233  0017  0.488  0.610    15    -1  0.49120  -0.29079  -8  994
268  1239  0018  0.573  0.610    22    -1  0.49120  -0.29079  -8  994
268  1236  0019  0.488  0.610    17    -1  0.49120  -0.29079  -8  994
268  1238  0020  0.602  0.610    20    -1  0.49120  -0.29079  -8  994
268  1247  0021  0.482  0.610     8    -1  0.49120  -0.29079  -8  994
268  1237  0022  0.527  0.610    16    -1  0.49120  -0.29079  -8  994
268  1236  0023  0.503  0.610     6    -1  0.49120  -0.29079  -8  994
268  1238  0024  0.499  0.610    21    -1  0.49120  -0.29079  -8  994
268  1233  0025  0.565  0.610    15    -1  0.49120  -0.29079  -8  994
268  1229  0026  0.618  0.610    16    -1  0.49120  -0.29079  -8  994
268  1243  0027  0.611  0.610     9    -1  0.49120  -0.29079  -8  995
268  1233  0028  0.463  0.610    13    -1  0.49120  -0.29079  -8  994
268  1224  0029  0.550  0.610     7    -1  0.49120  -0.29079  -8  995
268  1239  0030  0.477  0.610    11    -1  0.49120  -0.29079  -8  994
268  1234  0031  0.485  0.610    12    -1  0.49120  -0.29079  -8  994
268  1233  0032  0.569  0.610    15    -1  0.49120  -0.29079  -8  994
268  1225  0033  0.527  0.610     7    -1  0.49120  -0.29079  -8  994
268  1234  0034  0.564  0.610    11    -1  0.49120  -0.29079  -8  994
268  1238  0035  0.501  0.610    11    -1  0.49120  -0.29079  -8  994
268  1235  0036  0.516  0.610     8    -1  0.49120  -0.29079  -8  994
268  1237  0037  0.598  0.610    23    -1  0.49120  -0.29079  -8  994
268  1238  0038  0.525  0.610    23    -1  0.49120  -0.29079  -8  994
268  1235  0039  0.586  0.610     7    -1  0.49120  -0.29079  -8  995
268  1242  0040  0.476  0.610    10    -1  0.49120  -0.29079  -8  994
268  1236  0041  0.574  0.610    17    -1  0.49120  -0.29079  -8  994
268  1229  0042  0.516  0.610     6    -1  0.49120  -0.29079  -8  994
268  1242  0043  0.526  0.610    18    -1  0.49120  -0.29079  -8  994
268  1232  0044  0.466  0.610    14    -1  0.49120  -0.29079  -8  994
268  1238  0045  0.487  0.610    20    -1  0.49120  -0.29079  -8  994
268  1233  0046  0.477  0.610    13    -1  0.49120  -0.29079  -8  994
268  1238  0047  0.476  0.610    20    -1  0.49120  -0.29079  -8  994
268  1239  0048  0.478  0.610    11    -1  0.49120  -0.29079  -8  994
268  1241  0049  0.528  0.610    18    -1  0.49120  -0.29079  -8  994
313  1240  0000  0.540  0.610    22    -1  0.49120  -0.29079  -8  994
313  1228  0001  0.515  0.610     7    -1  0.49120  -0.29079  -8  995
313  1242  0002  0.554  0.610    19    -1  0.49120  -0.29079  -8  994
313  1234  0003  0.526  0.610    15    -1  0.49120  -0.29079  -8  994
313  1237  0004  0.481  0.610    19    -1  0.49120  -0.29079  -8  994
313  1239  0005  0.599  0.610    20    -1  0.49120  -0.29079  -8  994
313  1252  0006  0.468  0.610     7    -1  0.49120  -0.29079  -8  994
313  1239  0007  0.552  0.610    17    -1  0.49120  -0.29079  -8  994
313  1239  0008  0.554  0.610    22    -1  0.49120  -0.29079  -8  994
313  1242  0009  0.561  0.610    21    -1  0.49120  -0.29079  -8  994
313  1243  0010  0.492  0.610     9    -1  0.49120  -0.29079  -8  994
313  1229  0011  0.617  0.610    15    -1  0.49120  -0.29079  -8  995
313  1235  0012  0.576  0.610    17    -1  0.49120  -0.29079  -8  994
313  1234  0013  0.504  0.610    12    -1  0.49120  -0.29079  -8  994
313  1234  0014  0.524  0.610    15    -1  0.49120  -0.29079  -8  994
313  1239  0015  0.579  0.610     9    -1  0.49120  -0.29079  -8  995
313  1232  0016  0.571  0.610    15    -1  0.49120  -0.29079  -8  994
313  1233  0017  0.614  0.610    18    -1  0.49120  -0.29079  -8  994
313  1236  0018  0.517  0.610    10    -1  0.49120  -0.29079  -8  994
313  1237  0019  0.588  0.610    23    -1  0.49120  -0.29079  -8  994
313  1232  0020  0.527  0.610    11    -1  0.49120  -0.29079  -8  994
313  1234  0021  0.591  0.610    13    -1  0.49120  -0.29079  -8  995
313  1238  0022  0.540  0.610    23    -1  0.49120  -0.29079  -8  994
313  1232  0023  0.530  0.610     9    -1  0.49120  -0.29079  -8  995
313  1233  0024  0.522  0.610    12    -1  0.49120  -0.29079  -8  994
313  1235  0025  0.520  0.610    16    -1  0.49120  -0.29079  -8  994
313  1223  0026  0.547  0.610     7    -1  0.49120  -0.29079  -8  995
313  1239  0027  0.523  0.610    22    -1  0.49120  -0.29079  -8  994
313  1233  0028  0.492  0.610    13    -1  0.49120  -0.29079  -8  994
313  1234  0029  0.521  0.610    11    -1  0.49120  -0.29079  -8  994
313  1237  0030  0.483  0.610    18    -1  0.49120  -0.29079  -8  994
313  1238  0031  0.482  0.610    20    -1  0.49120  -0.29079  -8  994
313  1241  0032  0.524  0.610    21    -1  0.49120  -0.29079  -8  994
313  1241  0033  0.499  0.610     9    -1  0.49120  -0.29079  -8  994
313  1231  0034  0.550  0.610    12    -1  0.49120  -0.29079  -8  995
313  1242  0035  0.480  0.610    10    -1  0.49120  -0.29079  -8  994
313  1259  0036  0.600  0.623     6     3  0.52720  -0.24879  -8  995
313  1235  0037  0.518  0.610     9    -1  0.49120  -0.29079  -8  994
313  1233  0038  0.531  0.610    10    -1  0.49120  -0.29079  -8  995
313  1241  0039  0.502  0.610     9    -1  0.49120  -0.29079  -8  994
313  1237  0040  0.503  0.610    22    -1  0.49120  -0.29079  -8  994
313  1242  0041  0.526  0.610    21    -1  0.49120  -0.29079  -8  994
313  1239  0042  0.609  0.610    21    -1  0.49120  -0.29079  -8  994
313  1231  0043  0.468  0.610    14    -1  0.49120  -0.29079  -8  994
313  1236  0044  0.516  0.610     9    -1  0.49120  -0.29079  -8  994
313  1233  0045  0.600  0.610    13    -1  0.49120  -0.29079  -8  995
313  1242  0046  0.578  0.610    21    -1  0.49120  -0.29079  -8  994
313  1228  0047  0.548  0.610     8    -1  0.49120  -0.29079  -8  995
313  1238  0048  0.596  0.610    19    -1  0.49120  -0.29079  -8  994
313  1238  0049  0.540  0.610    23    -1  0.49120  -0.29079  -8  994
357  1240  0000  0.613  0.610    11    -1  0.49120  -0.29079  -8  995
357  1232  0001  0.556  0.610    10    -1  0.49120  -0.29079  -8  995
357  1237  0002  0.513  0.610    23    -1  0.49120  -0.29079  -8  994
357  1243  0003  0.569  0.610    20    -1  0.49120  -0.29079  -8  994
357  1239  0004  0.478  0.610    11    -1  0.49120  -0.29079  -8  994
357  1231  0005  0.593  0.610    17    -1  0.49120  -0.29079  -8  995
357  1229  0006  0.593  0.610    15    -1  0.49120  -0.29079  -8  995
357  1229  0007  0.604  0.610    17    -1  0.49120  -0.29079  -8  995
357  1225  0008  0.519  0.610     7    -1  0.49120  -0.29079  -8  995
357  1286  0009  0.609  0.626     7     4  0.53320  -0.24279  -8  995
357  1230  0010  0.484  0.610    15    -1  0.49120  -0.29079  -8  994
357  1232  0011  0.604  0.610    14    -1  0.49120  -0.29079  -8  995
357  1244  0012  0.495  0.610     9    -1  0.49120  -0.29079  -8  995
357  1243  0013  0.543  0.610    21    -1  0.49120  -0.29079  -8  994
357  1229  0014  0.610  0.610    15    -1  0.49120  -0.29079  -8  995
357  1237  0015  0.469  0.610    22    -1  0.49120  -0.29079  -8  994
357  1231  0016  0.536  0.610    10    -1  0.49120  -0.29079  -8  995
357  1244  0017  0.535  0.610    18    -1  0.49120  -0.29079  -8  994
357  1253  0018  0.461  0.610     7    -1  0.49120  -0.29079  -8  994
357  1240  0019  0.539  0.610    22    -1  0.49120  -0.29079  -8  994
357  1231  0020  0.502  0.610    13    -1  0.49120  -0.29079  -8  994
357  1231  0021  0.463  0.610    15    -1  0.49120  -0.29079  -8  994
357  1234  0022  0.614  0.610    23    -1  0.49120  -0.29079  -8  994
357  1235  0023  0.538  0.610    16    -1  0.49120  -0.29079  -8  994
357  1237  0024  0.611  0.610    22    -1  0.49120  -0.29079  -8  994
357  1244  0025  0.615  0.610     8    -1  0.49120  -0.29079  -8  995
357  1230  0026  0.559  0.610     8    -1  0.49120  -0.29079  -8  995
357  1238  0027  0.595  0.610    22    -1  0.49120  -0.29079  -8  994
357  1238  0028  0.480  0.610    19    -1  0.49120  -0.29079  -8  994
357  1236  0029  0.489  0.610    22    -1  0.49120  -0.29079  -8  994
357  1237  0030  0.565  0.610    17    -1  0.49120  -0.29079  -8  994
357  1239  0031  0.504  0.610    10    -1  0.49120  -0.29079  -8  995
357  1236  0032  0.557  0.610    16    -1  0.49120  -0.29079  -8  994
357  1234  0033  0.553  0.610    16    -1  0.49120  -0.29079  -8  994
357  1238  0034  0.616  0.610    12    -1  0.49120  -0.29079  -8  995
357  1243  0035  0.555  0.610    21    -1  0.49120  -0.29079  -8  994
357  1233  0036  0.562  0.610    11    -1  0.49120  -0.29079  -8  995
357  1231  0037  0.489  0.610    13    -1  0.49120  -0.29079  -8  994
357  1232  0038  0.478  0.610    13    -1  0.49120  -0.29079  -8  994
357  1240  0039  0.528  0.610    22    -1  0.49120  -0.29079  -8  994
357  1240  0040  0.616  0.610    11    -1  0.49120  -0.29079  -8  995
357  1240  0041  0.513  0.610    21    -1  0.49120  -0.29079  -8  994
357  1239  0042  0.518  0.610    22    -1  0.49120  -0.29079  -8  994
357  1231  0043  0.474  0.610    16    -1  0.49120  -0.29079  -8  994
357  1230  0044  0.464  0.610    14    -1  0.49120  -0.29079  -8  994
357  1236  0045  0.559  0.610    16    -1  0.49120  -0.29079  -8  994
357  1244  0046  0.529  0.610    19    -1  0.49120  -0.29079  -8  994
357  1231  0047  0.557  0.610    15    -1  0.49120  -0.29079  -8  995
357  1244  0048  0.531  0.610    18    -1  0.49120  -0.29079  -8  994
357  1239  0049  0.523  0.610    17    -1  0.49120  -0.29079  -8  994
402  1243  0000  0.565  0.610    20    -1  0.49120  -0.29079  -8  994
402  1231  0001  0.510  0.610    14    -1  0.49120  -0.29079  -8  995
402  1246  0002  0.616  0.610     9    -1  0.49120  -0.29079  -8  995
402  1228  0003  0.615  0.610    15    -1  0.49120  -0.29079  -8  995
402  1240  0004  0.538  0.610    17    -1  0.49120  -0.29079  -8  994
402  1239  0005  0.606  0.610    22    -1  0.49120  -0.29079  -8  994
402  1231  0006  0.508  0.610     7    -1  0.49120  -0.29079  -8  995
402  1233  0007  0.609  0.610    19    -1  0.49120  -0.29079  -8  995
402  1234  0008  0.566  0.610    10    -1  0.49120  -0.29079  -8  995
402  1241  0009  0.526  0.610    21    -1  0.49120  -0.29079  -8  994
402  1229  0010  0.574  0.610     7    -1  0.49120  -0.29079  -8  995
402  1236  0011  0.468  0.610    22    -1  0.49120  -0.29079  -8  994
402  1242  0012  0.568  0.610    21    -1  0.49120  -0.29079  -8  994
402  1235  0013  0.551  0.610    16    -1  0.49120  -0.29079  -8  995
402  1242  0014  0.583  0.610    20    -1  0.49120  -0.29079  -8  994
402  1303  0015  0.618  0.629     7     4  0.53920  -0.23679  -8  995
402  1230  0016  0.557  0.610    12    -1  0.49120  -0.29079  -8  995
402  1236  0017  0.476  0.610    23    -1  0.49120  -0.29079  -8  994
402  1231  0018  0.518  0.610    14    -1  0.49120  -0.29079  -8  995
402  1230  0019  0.534  0.610     9    -1  0.49120  -0.29079  -8  995
402  1231  0020  0.529  0.610     9    -1  0.49120  -0.29079  -8  995
402  1230  0021  0.491  0.610    13    -1  0.49120  -0.29079  -8  994
402  1252  0022  0.466  0.610     8    -1  0.49120  -0.29079  -8  994
402  1229  0023  0.520  0.610     8    -1  0.49120  -0.29079  -8  995
402  1245  0024  0.539  0.610    19    -1  0.49120  -0.29079  -8  994
402  1241  0025  0.499  0.610     7    -1  0.49120  -0.29079  -8  995
402  1239  0026  0.502  0.610    10    -1  0.49120  -0.29079  -8  995
402  1231  0027  0.582  0.610     7    -1  0.49120  -0.29079  -8  995
402  1240  0028  0.591  0.610    22    -1  0.49120  -0.29079  -8  994
402  1246  0029  0.473  0.610    10    -1  0.49120  -0.29079  -8  995
402  1241  0030  0.510  0.610    18    -1  0.49120  -0.29079  -8  994
402  1230  0031  0.538  0.610    11    -1  0.49120  -0.29079  -8  995
402  1239  0032  0.515  0.610    22    -1  0.49120  -0.29079  -8  994
402  1230  0033  0.518  0.610     7    -1  0.49120  -0.29079  -8  995
402  1236  0034  0.512  0.610    16    -1  0.49120  -0.29079  -8  994
402  1250  0035  0.469  0.610     9    -1  0.49120  -0.29079  -8  994
402  1247  0036  0.491  0.610     7    -1  0.49120  -0.29079  -8  995
402  1233  0037  0.492  0.610    16    -1  0.49120  -0.29079  -8  994
402  1241  0038  0.500  0.610    10    -1  0.49120  -0.29079  -8  995
402  1232  0039  0.580  0.610    13    -1  0.49120  -0.29079  -8  995
402  1243  0040  0.512  0.610    19    -1  0.49120  -0.29079  -8  994
402  1238  0041  0.483  0.610    20    -1  0.49120  -0.29079  -8  994
402  1244  0042  0.492  0.610     6    -1  0.49120  -0.29079  -8  995
402  1240  0043  0.585  0.610     8    -1  0.49120  -0.29079  -8  995
402  1237  0044  0.606  0.610    20    -1  0.49120  -0.29079  -8  994
402  1232  0045  0.562  0.610    16    -1  0.49120  -0.29079  -8  995
402  1239  0046  0.604  0.610    11    -1  0.49120  -0.29079  -8  995
402  1234  0047  0.598  0.610    13    -1  0.49120  -0.29079  -8  995
402  1244  0048  0.523  0.610    19    -1  0.49120  -0.29079  -8  994
402  1230  0049  0.486  0.610    15    -1  0.49120  -0.29079  -8  994
446  1232  0000  0.577  0.610    12    -1  0.49120  -0.29079  -8  995
446  1227  0001  0.618  0.610    18    -1  0.49120  -0.29079  -8  995
446  1233  0002  0.504  0.610    16    -1  0.49120  -0.29079  -8  994
446  1231  0003  0.506  0.610    15    -1  0.49120  -0.29079  -8  995
446  1233  0004  0.503  0.610    12    -1  0.49120  -0.29079  -8  995
446  1236  0005  0.607  0.610    12    -1  0.49120  -0.29079  -7  995
446  1243  0006  0.577  0.610    20    -1  0.49120  -0.29079  -8  994
446  1241  0007  0.593  0.610    21    -1  0.49120  -0.29079  -8  994
446  1236  0008  0.481  0.610    22    -1  0.49120  -0.29079  -8  994
446  1242  0009  0.571  0.610    19    -1  0.49120  -0.29079  -8  994
446  1232  0010  0.597  0.610    18    -1  0.49120  -0.29079  -8  995
446  1235  0011  0.590  0.610    18    -1  0.49120  -0.29079  -8  995
446  1235  0012  0.466  0.610    18    -1  0.49120  -0.29079  -7  994
446  1235  0013  0.560  0.610    16    -1  0.49120  -0.29079  -8  995
446  1236  0014  0.495  0.610    23    -1  0.49120  -0.29079  -8  994
446  1241  0015  0.556  0.610    22    -1  0.49120  -0.29079  -8  994
446  1225  0016  0.517  0.610     7    -1  0.49120  -0.29079  -8  995
446  1230  0017  0.494  0.610    15    -1  0.49120  -0.29079  -7  995
446  1212  0018  0.553  0.610     6    -1  0.49120  -0.29079  -8  995
446  1235  0019  0.509  0.610     8    -1  0.49120  -0.29079  -8  995
446  1237  0020  0.575  0.610     9    -1  0.49120  -0.29079  -8  995
446  1227  0021  0.618  0.610    15    -1  0.49120  -0.29079  -7  995
446  1237  0022  0.614  0.610    22    -1  0.49120  -0.29079  -8  994
446  1238  0023  0.618  0.610    21    -1  0.49120  -0.29079  -8  994
446  1250  0024  0.589  0.615     7     4  0.52720  -0.23079  -8  996
446  1235  0025  0.573  0.610     9    -1  0.49120  -0.29079  -8  995
446  1234  0026  0.469  0.610    12    -1  0.49120  -0.29079  -8  995
446  1233  0027  0.506  0.610    16    -1  0.49120  -0.29079  -8  994
446  1224  0028  0.615  0.610    16    -1  0.49120  -0.29079  -7  995
446  1229  0029  0.482  0.610    15    -1  0.49120  -0.29079  -7  994
446  1238  0030  0.603  0.610    22    -1  0.49120  -0.29079  -8  994
446  1237  0031  0.559  0.610    17    -1  0.49120  -0.29079  -8  995
446  1239  0032  0.510  0.610    17    -1  0.49120  -0.29079  -8  994
446  1234  0033  0.601  0.610    13    -1  0.49120  -0.29079  -7  995
446  1237  0034  0.486  0.610    21    -1  0.49120  -0.29079  -8  994
446  1228  0035  0.477  0.610    15    -1  0.49120  -0.29079  -7  994
446  1244  0036  0.517  0.610    20    -1  0.49120  -0.29079  -8  994
446  1238  0037  0.509  0.610     8    -1  0.49120  -0.29079  -8  995
446  1235  0038  0.601  0.610    23    -1  0.49120  -0.29079  -8  994
446  1239  0039  0.492  0.610    20    -1  0.49120  -0.29079  -8  994
446  1229  0040  0.590  0.610    14    -1  0.49120  -0.29079  -7  995
446  1228  0041  0.535  0.610    13    -1  0.49120  -0.29079  -8  995
446  1238  0042  0.497  0.610    18    -1  0.49120  -0.29079  -8  994
446  1229  0043  0.561  0.610    14    -1  0.49120  -0.29079  -7  995
446  1258  0044  0.468  0.610     7    -1  0.49120  -0.29079  -8  995
446  1229  0045  0.581  0.610    14    -1  0.49120  -0.29079  -7  995
446  1239  0046  0.576  0.610    22    -1  0.49120  -0.29079  -8  994
446  1232  0047  0.601  0.610    18    -1  0.49120  -0.29079  -8  995
446  1238  0048  0.470  0.610    20    -1  0.49120  -0.29079  -8  994
446  1231  0049  0.560  0.610    11    -1  0.49120  -0.29079  -8  995
491  1235  0000  0.545  0.610    16    -1  0.49120  -0.29079  -7  995
491  1233  0001  0.560  0.610    16    -1  0.49120  -0.29079  -7  995
491  1214  0002  0.547  0.610     7    -1  0.49120  -0.29079  -8  996
491  1237  0003  0.573  0.610    10    -1  0.49120  -0.29079  -8  996
491  1228  0004  0.545  0.610    11    -1  0.49120  -0.29079  -8  995
491  1230  0005  0.473  0.610    13    -1  0.49120  -0.29079  -7  995
491  1234  0006  0.569  0.610    10    -1  0.49120  -0.29079  -8  996
491  1234  0007  0.604  0.610    23    -1  0.49120  -0.29079  -8  994
491  1230  0008  0.526  0.610    14    -1  0.49120  -0.29079  -7  995
491  1239  0009  0.612  0.610    21    -1  0.49120  -0.29079  -8  995
491  1233  0010  0.519  0.610     9    -1  0.49120  -0.29079  -8  995
491  1259  0011  0.618  0.631     8     7  0.55120  -0.21279  -8  996
491  1243  0012  0.509  0.610    19    -1  0.49120  -0.29079  -8  994
491  1242  0013  0.504  0.610    19    -1  0.49120  -0.29079  -8  994
491  1236  0014  0.481  0.610    18    -1  0.49120  -0.29079  -7  994
491  1238  0015  0.602  0.610    12    -1  0.49120  -0.29079  -7  996
491  1230  0016  0.613  0.610    19    -1  0.49120  -0.29079  -8  995
491  1226  0017  0.593  0.610    15    -1  0.49120  -0.29079  -7  995
491  1226  0018  0.596  0.610    15    -1  0.49120  -0.29079  -7  995
491  1228  0019  0.528  0.610    13    -1  0.49120  -0.29079  -7  995
491  1237  0020  0.468  0.610    21    -1  0.49120  -0.29079  -7  994
491  1227  0021  0.540  0.610    12    -1  0.49120  -0.29079  -8  995
491  1247  0022  0.534  0.610    19    -1  0.49120  -0.29079  -8  994
491  1249  0023  0.463  0.610     9    -1  0.49120  -0.29079  -8  995
491  1209  0024  0.546  0.610     7    -1  0.49120  -0.29079  -8  996
491  1228  0025  0.498  0.610    14    -1  0.49120  -0.29079  -7  995
491  1235  0026  0.569  0.610     9    -1  0.49120  -0.29079  -8  996
491  1227  0027  0.467  0.610    14    -1  0.49120  -0.29079  -7  995
491  1231  0028  0.558  0.610    10    -1  0.49120  -0.29079  -8  995
491  1228  0029  0.592  0.610    14    -1  0.49120  -0.29079  -7  995
491  1240  0030  0.570  0.610    18    -1  0.49120  -0.29079  -8  995
491  1235  0031  0.598  0.610    23    -1  0.49120  -0.29079  -8  994
491  1237  0032  0.472  0.610    21    -1  0.49120  -0.29079  -7  994
491  1240  0033  0.553  0.610    22    -1  0.49120  -0.29079  -8  994
491  1233  0034  0.527  0.610    15    -1  0.49120  -0.29079  -7  995
491  1227  0035  0.463  0.610    15    -1  0.49120  -0.29079  -7  994
491  1247  0036  0.541  0.610    20    -1  0.49120  -0.29079  -8  994
491  1229  0037  0.569  0.610     8    -1  0.49120  -0.29079  -8  996
491  1236  0038  0.572  0.610     9    -1  0.49120  -0.29079  -8  996
491  1228  0039  0.462  0.610    13    -1  0.49120  -0.29079  -7  995
491  1229  0040  0.515  0.610    13    -1  0.49120  -0.29079  -8  995
491  1239  0041  0.494  0.610    11    -1  0.49120  -0.29079  -8  995
491  1250  0042  0.482  0.610     9    -1  0.49120  -0.29079  -8  995
491  1228  0043  0.485  0.610    15    -1  0.49120  -0.29079  -7  995
491  1244  0044  0.513  0.610    20    -1  0.49120  -0.29079  -8  994
491  1239  0045  0.565  0.610    22    -1  0.49120  -0.29079  -8  994
491  1238  0046  0.507  0.610    17    -1  0.49120  -0.29079  -7  995
491  1242  0047  0.588  0.610    21    -1  0.49120  -0.29079  -8  994
491  1236  0048  0.471  0.610    11    -1  0.49120  -0.29079  -8  995
491  1229  0049  0.571  0.610    13    -1  0.49120  -0.29079  -7  995
536  1253  0000  0.488  0.610     8    -1  0.49120  -0.29079  -8  995
536  1244  0001  0.571  0.610    19    -1  0.49120  -0.29079  -8  995
536  1267  0002  0.605  0.615    10    10  0.55120  -0.17079  -7  996
536  1231  0003  0.551  0.610    15    -1  0.49120  -0.29079  -7  995
536  1228  0004  0.536  0.610    10    -1  0.49120  -0.29079  -8  996
536  1238  0005  0.546  0.610    17    -1  0.49120  -0.29079  -7  995
536  1238  0006  0.497  0.610    11    -1  0.49120  -0.29079  -8  995
536  1231  0007  0.578  0.610    12    -1  0.49120  -0.29079  -7  996
536  1233  0008  0.604  0.610    19    -1  0.49120  -0.29079  -8  995
536  1243  0009  0.588  0.610    21    -1  0.49120  -0.29079  -8  995
536  1237  0010  0.565  0.610    17    -1  0.49120  -0.29079  -8  995
536  1241  0011  0.506  0.610     9    -1  0.49120  -0.29079  -8  995
536  1238  0012  0.463  0.610    20    -1  0.49120  -0.29079  -7  994
536  1234  0013  0.601  0.610    12    -1  0.49120  -0.29079  -7  996
536  1228  0014  0.529  0.610     9    -1  0.49120  -0.29079  -8  996
536  1228  0015  0.531  0.610    14    -1  0.49120  -0.29079  -7  995
536  1243  0016  0.571  0.610    22    -1  0.49120  -0.29079  -8  994
536  1238  0017  0.477  0.610    20    -1  0.49120  -0.29079  -7  994
536  1259  0018  0.598  0.614     9     9  0.54520  -0.18279  -8  996
536  1228  0019  0.581  0.610    16    -1  0.49120  -0.29079  -7  995
536  1247  0020  0.590  0.604     8     8  0.53320  -0.18879  -8  996
536  1229  0021  0.578  0.610    13    -1  0.49120  -0.29079  -7  996
536  1215  0022  0.526  0.610     7    -1  0.49120  -0.29079  -8  996
536  1227  0023  0.568  0.610    14    -1  0.49120  -0.29079  -7  995
536  1236  0024  0.588  0.610    18    -1  0.49120  -0.29079  -8  995
536  1231  0025  0.562  0.610    10    -1  0.49120  -0.29079  -8  996
536  1260  0026  0.596  0.609    10    10  0.54520  -0.17079  -8  996
536  1242  0027  0.503  0.610     8    -1  0.49120  -0.29079  -8  995
536  1202  0028  0.550  0.610     6    -1  0.49120  -0.29079  -8  996
536  1237  0029  0.517  0.610    16    -1  0.49120  -0.29079  -7  995
536  1237  0030  0.575  0.610    10    -1  0.49120  -0.29079  -8  996
536  1234  0031  0.514  0.610    11    -1  0.49120  -0.29079  -8  995
536  1228  0032  0.516  0.610    14    -1  0.49120  -0.29079  -7  995
536  1232  0033  0.576  0.610    17    -1  0.49120  -0.29079  -7  995
536  1243  0034  0.537  0.610    21    -1  0.49120  -0.29079  -8  994
536  1229  0035  0.518  0.610    12    -1  0.49120  -0.29079  -7  995
536  1228  0036  0.565  0.610    15    -1  0.49120  -0.29079  -7  995
536  1226  0037  0.609  0.610    18    -1  0.49120  -0.29079  -7  995
536  1231  0038  0.577  0.610    17    -1  0.49120  -0.29079  -7  995
536  1239  0039  0.492  0.610    20    -1  0.49120  -0.29079  -7  994
536  1230  0040  0.562  0.610    11    -1  0.49120  -0.29079  -7  996
536  1257  0041  0.597  0.611     9    10  0.54520  -0.17679  -8  996
536  1253  0042  0.472  0.610     9    -1  0.49120  -0.29079  -8  995
536  1226  0043  0.468  0.610    13    -1  0.49120  -0.29079  -7  995
536  1228  0044  0.539  0.610    11    -1  0.49120  -0.29079  -8  996
536  1229  0045  0.502  0.610    15    -1  0.49120  -0.29079  -7  995
536  1258  0046  0.477  0.610     8    -1  0.49120  -0.29079  -8  995
536  1230  0047  0.500  0.610    13    -1  0.49120  -0.29079  -7  995
536  1245  0048  0.532  0.610    21    -1  0.49120  -0.29079  -8  994
536  1233  0049  0.565  0.610     9    -1  0.49120  -0.29079  -8  996
580  1240  0000  0.520  0.610    22    -1  0.49120  -0.29079  -8  994
580  1230  0001  0.525  0.610    10    -1  0.49120  -0.29079  -8  996
580  1228  0002  0.517  0.610    14    -1  0.49120  -0.29079  -7  995
580  1264  0003  0.470  0.610     7    -1  0.49120  -0.29079  -8  995
580  1262  0004  0.594  0.610    12    12  0.55120  -0.15279  -7  996
580  1216  0005  0.540  0.610     8    -1  0.49120  -0.29079  -8  996
580  1225  0006  0.594  0.610    14    -1  0.49120  -0.29079  -7  996
580  1243  0007  0.593  0.610    21    -1  0.49120  -0.29079  -8  995
580  1245  0008  0.477  0.610    10    -1  0.49120  -0.29079  -8  995
580  1228  0009  0.527  0.610    11    -1  0.49120  -0.29079  -7  996
580  1230  0010  0.526  0.610    10    -1  0.49120  -0.29079  -8  996
580  1227  0011  0.597  0.610    14    -1  0.49120  -0.29079  -7  996
580  1448  0012  0.605  0.621     6     5  0.53320  -0.23079  -8  996
580  1225  0013  0.468  0.610    15    -1  0.49120  -0.29079  -7  995
580  1226  0014  0.539  0.610     9    -1  0.49120  -0.29079  -8  996
580  1227  0015  0.565  0.610    15    -1  0.49120  -0.29079  -7  995
580  1245  0016  0.560  0.610    21    -1  0.49120  -0.29079  -8  994
580  1228  0017  0.601  0.610    14    -1  0.49120  -0.29079  -7  996
580  1241  0018  0.566  0.610    22    -1  0.49120  -0.29079  -8  994
580  1226  0019  0.538  0.610    14    -1  0.49120  -0.29079  -7  995
580  1246  0020  0.521  0.610    20    -1  0.49120  -0.29079  -8  995
580  1243  0021  0.552  0.610    18    -1  0.49120  -0.29079  -8  995
580  1255  0022  0.484  0.610     9    -1  0.49120  -0.29079  -8  995
580  1238  0023  0.473  0.610    20    -1  0.49120  -0.29079  -7  994
580  1235  0024  0.479  0.610    18    -1  0.49120  -0.29079  -7  995
580  1244  0025  0.572  0.610    19    -1  0.49120  -0.29079  -8  995
580  1220  0026  0.612  0.610    17    -1  0.49120  -0.29079  -7  996
580  1235  0027  0.489  0.610    18    -1  0.49120  -0.29079  -7  995
580  1224  0028  0.477  0.610    14    -1  0.49120  -0.29079  -7  995
580  1235  0029  0.473  0.610    22    -1  0.49120  -0.29079  -7  994
580  1238  0030  0.601  0.610    20    -1  0.49120  -0.29079  -8  995
580  1227  0031  0.566  0.610    15    -1  0.49120  -0.29079  -7  995
580  1253  0032  0.577  0.597    10    10  0.53320  -0.17079  -7  996
580  1291  0033  0.591  0.604     8     8  0.53320  -0.18879  -8  996
580  1225  0034  0.536  0.610    12    -1  0.49120  -0.29079  -7  996
580  1231  0035  0.565  0.610    11    -1  0.49120  -0.29079  -7  996
580  1229  0036  0.593  0.610    13    -1  0.49120  -0.29079  -7  996
580  1236  0037  0.465  0.610    22    -1  0.49120  -0.29079  -7  994
580  1246  0038  0.547  0.610    18    -1  0.49120  -0.29079  -8  995
580  1246  0039  0.556  0.610    19    -1  0.49120  -0.29079  -8  995
580  1308  0040  0.601  0.614     9     9  0.54520  -0.18279  -8  996
580  1298  0041  0.609  0.619    12    11  0.55720  -0.16479  -7  996
580  1230  0042  0.603  0.610    18    -1  0.49120  -0.29079  -7  995
580  1229  0043  0.502  0.610    13    -1  0.49120  -0.29079  -7  995
580  1272  0044  0.612  0.624    13    12  0.56320  -0.15879  -7  996
580  1246  0045  0.541  0.610    18    -1  0.49120  -0.29079  -8  995
580  1226  0046  0.580  0.610    15    -1  0.49120  -0.29079  -7  996
580  1230  0047  0.560  0.610    10    -1  0.49120  -0.29079  -8  996
580  1225  0048  0.545  0.610    13    -1  0.49120  -0.29079  -7  996
580  1236  0049  0.544  0.610    16    -1  0.49120  -0.29079  -7  995
625  1348  0000  0.609  0.619    11    11  0.55720  -0.16479  -7  996
625  1356  0001  0.596  0.614     8     7  0.53920  -0.20079  -8  996
625  1227  0002  0.570  0.610    13    -1  0.49120  -0.29079  -7  996
625  1351  0003  0.606  0.615    11    10  0.55120  -0.17079  -8  996
625  1225  0004  0.556  0.610     9    -1  0.49120  -0.29079  -8  996
625  1239  0005  0.463  0.610    11    -1  0.49120  -0.29079  -7  995
625  1239  0006  0.507  0.610     8    -1  0.49120  -0.29079  -8  996
625  1240  0007  0.511  0.610    21    -1  0.49120  -0.29079  -7  995
625  1243  0008  0.500  0.610    10    -1  0.49120  -0.29079  -8  996
625  1322  0009  0.578  0.597     7     7  0.52120  -0.20079  -8  996
625  1248  0010  0.555  0.610    20    -1  0.49120  -0.29079  -8  995
625  1239  0011  0.562  0.610    17    -1  0.49120  -0.29079  -7  995
625  1227  0012  0.564  0.610    15    -1  0.49120  -0.29079  -7  996
625  1210  0013  0.534  0.610     7    -1  0.49120  -0.29079  -8  996
625  1238  0014  0.612  0.610    20    -1  0.49120  -0.29079  -7  995
625  1230  0015  0.513  0.610     7    -1  0.49120  -0.29079  -8  996
625  1226  0016  0.470  0.610    16    -1  0.49120  -0.29079  -7  995
625  1241  0017  0.569  0.610    22    -1  0.49120  -0.29079  -8  995
625  1228  0018  0.483  0.610    13    -1  0.49120  -0.29079  -7  995
625  1229  0019  0.578  0.610    17    -1  0.49120  -0.29079  -7  996
625  1245  0020  0.516  0.610    21    -1  0.49120  -0.29079  -7  995
625  1233  0021  0.517  0.610    10    -1  0.49120  -0.29079  -8  996
625  1266  0022  0.590  0.608    13    13  0.55120  -0.14679  -7  996
625  1226  0023  0.525  0.610    13    -1  0.49120  -0.29079  -7  996
625  1214  0024  0.518  0.610     6    -1  0.49120  -0.29079  -8  996
625  1258  0025  0.484  0.610     7    -1  0.49120  -0.29079  -8  995
625  1218  0026  0.617  0.610    16    -1  0.49120  -0.29079  -7  996
625  1243  0027  0.550  0.610    18    -1  0.49120  -0.29079  -7  995
625  1241  0028  0.506  0.610     8    -1  0.49120  -0.29079  -8  996
625  1241  0029  0.470  0.610    11    -1  0.49120  -0.29079  -7  995
625  1245  0030  0.575  0.610    21    -1  0.49120  -0.29079  -8  995
625  1246  0031  0.514  0.610    20    -1  0.49120  -0.29079  -7  995
625  1247  0032  0.551  0.610    19    -1  0.49120  -0.29079  -8  995
625  1351  0033  0.572  0.598     6     5  0.51520  -0.21879  -8  996
625  1232  0034  0.512  0.610     8    -1  0.49120  -0.29079  -8  996
625  1247  0035  0.530  0.610    18    -1  0.49120  -0.29079  -7  995
625  1236  0036  0.491  0.610    18    -1  0.49120  -0.29079  -7  995
625  1238  0037  0.594  0.610    19    -1  0.49120  -0.29079  -7  995
625  1244  0038  0.570  0.610    19    -1  0.49120  -0.29079  -8  995
625  1240  0039  0.473  0.610    11    -1  0.49120  -0.29079  -7  995
625  1221  0040  0.527  0.610     8    -1  0.49120  -0.29079  -8  996
625  1247  0041  0.540  0.610    18    -1  0.49120  -0.29079  -7  995
625  1253  0042  0.482  0.610     9    -1  0.49120  -0.29079  -8  995
625  1219  0043  0.535  0.610     8    -1  0.49120  -0.29079  -8  996
625  1239  0044  0.502  0.610    11    -1  0.49120  -0.29079  -8  996
625  1234  0045  0.610  0.610    22    -1  0.49120  -0.29079  -8  995
625  1228  0046  0.555  0.610    10    -1  0.49120  -0.29079  -7  996
625  1245  0047  0.561  0.610    19    -1  0.49120  -0.29079  -8  995
625  1244  0048  0.493  0.610    10    -1  0.49120  -0.29079  -8  996
625  1239  0049  0.573  0.610    23    -1  0.49120  -0.29079  -8  994
