89  188  0000  0.676  0.537  -130  -120  -0.44480  -0.28479  -19  827
89  189  0001  0.763  0.537  -127  -120  -0.44480  -0.28479  -19  827
89  188  0002  0.687  0.537  -131  -120  -0.44480  -0.28479  -19  827
89  189  0003  0.651  0.537  -133  -120  -0.44480  -0.28479  -19  827
89  187  0004  0.691  0.537  -136  -120  -0.44480  -0.28479  -19  827
89  188  0005  0.723  0.537  -138  -120  -0.44480  -0.28479  -19  827
89  188  0006  0.671  0.537  -131  -120  -0.44480  -0.28479  -19  827
89  187  0007  0.724  0.537  -129  -120  -0.44480  -0.28479  -19  827
89  187  0008  0.681  0.537  -135  -120  -0.44480  -0.28479  -19  827
89  189  0009  0.741  0.537  -137  -120  -0.44480  -0.28479  -19  827
89  188  0010  0.690  0.537  -129  -120  -0.44480  -0.28479  -19  827
89  187  0011  0.633  0.537  -136  -120  -0.44480  -0.28479  -19  827
89  189  0012  0.653  0.537  -131  -120  -0.44480  -0.28479  -19  827
89  189  0013  0.614  0.537  -135  -120  -0.44480  -0.28479  -19  827
89  190  0014  0.647  0.537  -129  -120  -0.44480  -0.28479  -19  827
89  198  0015  0.767  0.799  -136  -136  -0.73880  -0.22479  -19  828
89  187  0016  0.675  0.537  -134  -120  -0.44480  -0.28479  -19  827
89  188  0017  0.710  0.537  -136  -120  -0.44480  -0.28479  -19  827
89  190  0018  0.760  0.537  -136  -120  -0.44480  -0.28479  -19  827
89  188  0019  0.721  0.537  -133  -120  -0.44480  -0.28479  -19  827
89  188  0020  0.725  0.537  -136  -120  -0.44480  -0.28479  -19  827
89  188  0021  0.748  0.537  -129  -120  -0.44480  -0.28479  -19  827
89  191  0022  0.762  0.537  -137  -120  -0.44480  -0.28479  -19  827
89  188  0023  0.719  0.537  -134  -120  -0.44480  -0.28479  -19  827
89  189  0024  0.652  0.537  -132  -120  -0.44480  -0.28479  -19  827
89  188  0025  0.750  0.537  -133  -120  -0.44480  -0.28479  -19  827
89  189  0026  0.738  0.537  -126  -120  -0.44480  -0.28479  -19  827
89  191  0027  0.622  0.537  -133  -120  -0.44480  -0.28479  -19  827
89  188  0028  0.729  0.537  -133  -120  -0.44480  -0.28479  -19  827
89  187  0029  0.668  0.537  -134  -120  -0.44480  -0.28479  -19  827
89  188  0030  0.715  0.537  -132  -120  -0.44480  -0.28479  -19  827
89  188  0031  0.724  0.537  -134  -120  -0.44480  -0.28479  -19  827
89  189  0032  0.723  0.537  -126  -120  -0.44480  -0.28479  -19  827
89  188  0033  0.674  0.537  -126  -120  -0.44480  -0.28479  -19  827
89  192  0034  0.628  0.537  -131  -120  -0.44480  -0.28479  -19  827
89  188  0035  0.680  0.537  -130  -120  -0.44480  -0.28479  -19  827
89  187  0036  0.668  0.537  -135  -120  -0.44480  -0.28479  -19  827
89  189  0037  0.646  0.537  -132  -120  -0.44480  -0.28479  -19  827
89  188  0038  0.722  0.537  -129  -120  -0.44480  -0.28479  -19  827
89  187  0039  0.667  0.537  -135  -120  -0.44480  -0.28479  -19  827
89  189  0040  0.750  0.537  -128  -120  -0.44480  -0.28479  -19  827
89  187  0041  0.700  0.537  -138  -120  -0.44480  -0.28479  -19  827
89  189  0042  0.651  0.537  -131  -120  -0.44480  -0.28479  -19  827
89  190  0043  0.641  0.537  -129  -120  -0.44480  -0.28479  -19  827
89  188  0044  0.719  0.537  -136  -120  -0.44480  -0.28479  -19  827
89  188  0045  0.694  0.537  -127  -120  -0.44480  -0.28479  -19  827
89  187  0046  0.707  0.537  -129  -120  -0.44480  -0.28479  -19  827
89  188  0047  0.734  0.537  -133  -120  -0.44480  -0.28479  -19  827
89  186  0048  0.636  0.537  -137  -120  -0.44480  -0.28479  -19  827
89  186  0049  0.643  0.537  -136  -120  -0.44480  -0.28479  -19  827
134  187  0000  0.631  0.537  -127  -120  -0.44480  -0.28479  -19  827
134  187  0001  0.673  0.537  -132  -120  -0.44480  -0.28479  -19  827
134  189  0002  0.758  0.537  -127  -120  -0.44480  -0.28479  -19  827
134  187  0003  0.696  0.537  -130  -120  -0.44480  -0.28479  -19  827
134  188  0004  0.662  0.537  -132  -120  -0.44480  -0.28479  -19  827
134  185  0005  0.648  0.537  -136  -120  -0.44480  -0.28479  -19  827
134  189  0006  0.646  0.537  -133  -120  -0.44480  -0.28479  -19  827
134  187  0007  0.706  0.537  -131  -120  -0.44480  -0.28479  -19  827
134  186  0008  0.626  0.537  -136  -120  -0.44480  -0.28479  -19  827
134  188  0009  0.704  0.537  -135  -120  -0.44480  -0.28479  -19  827
134  184  0010  0.617  0.537  -138  -120  -0.44480  -0.28479  -19  827
134  188  0011  0.730  0.537  -137  -120  -0.44480  -0.28479  -19  827
134  187  0012  0.710  0.537  -131  -120  -0.44480  -0.28479  -19  827
134  187  0013  0.728  0.537  -130  -120  -0.44480  -0.28479  -19  827
134  189  0014  0.747  0.537  -127  -120  -0.44480  -0.28479  -19  827
134  188  0015  0.723  0.537  -133  -120  -0.44480  -0.28479  -19  827
134  188  0016  0.664  0.537  -132  -120  -0.44480  -0.28479  -19  827
134  184  0017  0.644  0.537  -137  -120  -0.44480  -0.28479  -19  827
134  188  0018  0.725  0.537  -137  -120  -0.44480  -0.28479  -19  827
134  188  0019  0.745  0.537  -131  -120  -0.44480  -0.28479  -19  827
134  185  0020  0.612  0.537  -126  -120  -0.44480  -0.28479  -19  827
134  187  0021  0.682  0.537  -131  -120  -0.44480  -0.28479  -19  827
134  185  0022  0.641  0.537  -136  -120  -0.44480  -0.28479  -19  827
134  187  0023  0.683  0.537  -134  -120  -0.44480  -0.28479  -19  827
134  187  0024  0.717  0.537  -136  -120  -0.44480  -0.28479  -19  827
134  187  0025  0.625  0.537  -136  -120  -0.44480  -0.28479  -19  827
134  190  0026  0.618  0.537  -128  -120  -0.44480  -0.28479  -19  827
134  187  0027  0.729  0.537  -129  -120  -0.44480  -0.28479  -19  827
134  188  0028  0.729  0.537  -137  -120  -0.44480  -0.28479  -19  827
134  191  0029  0.625  0.537  -129  -120  -0.44480  -0.28479  -19  827
134  187  0030  0.744  0.537  -129  -120  -0.44480  -0.28479  -19  827
134  189  0031  0.756  0.537  -127  -120  -0.44480  -0.28479  -19  827
134  189  0032  0.661  0.537  -131  -120  -0.44480  -0.28479  -19  827
134  187  0033  0.681  0.537  -135  -120  -0.44480  -0.28479  -19  827
134  186  0034  0.663  0.537  -134  -120  -0.44480  -0.28479  -19  827
134  186  0035  0.680  0.537  -137  -120  -0.44480  -0.28479  -19  827
134  188  0036  0.713  0.537  -134  -120  -0.44480  -0.28479  -19  827
134  188  0037  0.751  0.537  -132  -120  -0.44480  -0.28479  -19  827
134  191  0038  0.641  0.537  -130  -120  -0.44480  -0.28479  -19  827
134  188  0039  0.740  0.537  -133  -120  -0.44480  -0.28479  -19  827
134  188  0040  0.652  0.537  -128  -120  -0.44480  -0.28479  -19  827
134  189  0041  0.668  0.537  -129  -120  -0.44480  -0.28479  -19  827
134  192  0042  0.765  0.537  -139  -120  -0.44480  -0.28479  -19  827
134  184  0043  0.614  0.537  -138  -120  -0.44480  -0.28479  -19  827
134  185  0044  0.661  0.537  -135  -120  -0.44480  -0.28479  -19  827
134  190  0045  0.614  0.537  -128  -120  -0.44480  -0.28479  -19  827
134  188  0046  0.739  0.537  -134  -120  -0.44480  -0.28479  -19  827
134  188  0047  0.723  0.537  -134  -120  -0.44480  -0.28479  -19  827
134  186  0048  0.648  0.537  -135  -120  -0.44480  -0.28479  -19  827
134  188  0049  0.658  0.537  -132  -120  -0.44480  -0.28479  -19  827
179  184  0000  0.657  0.537  -135  -120  -0.44480  -0.28479  -19  827
179  185  0001  0.626  0.537  -136  -120  -0.44480  -0.28479  -19  827
179  221  0002  0.763  0.796  -138  -136  -0.73880  -0.21279  -19  828
179  188  0003  0.748  0.537  -128  -120  -0.44480  -0.28479  -19  827
179  190  0004  0.624  0.537  -134  -120  -0.44480  -0.28479  -19  827
179  186  0005  0.708  0.537  -138  -120  -0.44480  -0.28479  -19  827
179  189  0006  0.667  0.537  -129  -120  -0.44480  -0.28479  -19  827
179  186  0007  0.634  0.537  -135  -120  -0.44480  -0.28479  -19  827
179  185  0008  0.630  0.537  -127  -120  -0.44480  -0.28479  -19  827
179  186  0009  0.679  0.537  -134  -120  -0.44480  -0.28479  -19  827
179  186  0010  0.686  0.537  -135  -120  -0.44480  -0.28479  -19  827
179  190  0011  0.739  0.537  -137  -120  -0.44480  -0.28479  -19  827
179  219  0012  0.744  0.788  -134  -135  -0.72680  -0.23079  -19  828
179  189  0013  0.646  0.537  -133  -120  -0.44480  -0.28479  -19  827
179  182  0014  0.635  0.537  -138  -120  -0.44480  -0.28479  -19  827
179  189  0015  0.650  0.537  -133  -120  -0.44480  -0.28479  -19  827
179  182  0016  0.622  0.537  -138  -120  -0.44480  -0.28479  -19  827
179  188  0017  0.743  0.537  -128  -120  -0.44480  -0.28479  -19  827
179  183  0018  0.639  0.537  -137  -120  -0.44480  -0.28479  -19  827
179  187  0019  0.720  0.537  -132  -120  -0.44480  -0.28479  -19  827
179  185  0020  0.675  0.537  -138  -120  -0.44480  -0.28479  -19  827
179  188  0021  0.730  0.537  -137  -120  -0.44480  -0.28479  -19  827
179  188  0022  0.670  0.537  -129  -120  -0.44480  -0.28479  -19  827
179  185  0023  0.664  0.537  -134  -120  -0.44480  -0.28479  -19  827
179  189  0024  0.657  0.537  -132  -120  -0.44480  -0.28479  -19  827
179  188  0025  0.756  0.537  -130  -120  -0.44480  -0.28479  -19  827
179  183  0026  0.645  0.537  -138  -120  -0.44480  -0.28479  -19  827
179  189  0027  0.667  0.537  -130  -120  -0.44480  -0.28479  -19  827
179  184  0028  0.657  0.537  -126  -120  -0.44480  -0.28479  -19  827
179  195  0029  0.614  0.537  -130  -120  -0.44480  -0.28479  -19  827
179  251  0030  0.758  0.791  -136  -136  -0.73280  -0.21879  -19  828
179  187  0031  0.691  0.537  -129  -120  -0.44480  -0.28479  -19  827
179  190  0032  0.631  0.537  -128  -120  -0.44480  -0.28479  -19  827
179  188  0033  0.676  0.537  -128  -120  -0.44480  -0.28479  -19  827
179  194  0034  0.625  0.537  -129  -120  -0.44480  -0.28479  -19  827
179  183  0035  0.646  0.537  -138  -120  -0.44480  -0.28479  -19  827
179  196  0036  0.730  0.740  -130  -130  -0.66680  -0.27279  -19  828
179  240  0037  0.751  0.788  -135  -135  -0.72680  -0.23079  -19  828
179  185  0038  0.688  0.537  -139  -120  -0.44480  -0.28479  -19  827
179  193  0039  0.625  0.537  -129  -120  -0.44480  -0.28479  -19  827
179  196  0040  0.614  0.537  -131  -120  -0.44480  -0.28479  -19  827
179  202  0041  0.719  0.733  -129  -129  -0.65480  -0.28479  -19  828
179  192  0042  0.730  0.734  -127  -127  -0.64880  -0.30279  -19  828
179  202  0043  0.715  0.729  -128  -128  -0.64880  -0.29079  -19  828
179  183  0044  0.623  0.537  -138  -120  -0.44480  -0.28479  -19  827
179  191  0045  0.647  0.537  -131  -120  -0.44480  -0.28479  -19  827
179  218  0046  0.743  0.787  -136  -135  -0.72680  -0.22479  -19  828
179  187  0047  0.686  0.537  -134  -120  -0.44480  -0.28479  -19  827
179  186  0048  0.678  0.537  -134  -120  -0.44480  -0.28479  -19  827
179  188  0049  0.719  0.537  -133  -120  -0.44480  -0.28479  -19  827
223  246  0000  0.721  0.733  -129  -129  -0.65480  -0.28479  -19  828
223  196  0001  0.614  0.537  -130  -120  -0.44480  -0.28479  -19  827
223  195  0002  0.629  0.537  -132  -120  -0.44480  -0.28479  -19  827
223  183  0003  0.638  0.537  -136  -120  -0.44480  -0.28479  -19  827
223  202  0004  0.733  0.785  -136  -136  -0.72680  -0.21879  -19  828
223  184  0005  0.652  0.537  -127  -120  -0.44480  -0.28479  -19  827
223  183  0006  0.665  0.537  -136  -120  -0.44480  -0.28479  -19  827
223  279  0007  0.755  0.791  -136  -136  -0.73280  -0.21879  -19  828
223  187  0008  0.679  0.537  -129  -120  -0.44480  -0.28479  -19  827
223  201  0009  0.702  0.733  -131  -130  -0.66080  -0.26679  -19  827
223  186  0010  0.615  0.537  -136  -120  -0.44480  -0.28479  -19  826
223  187  0011  0.698  0.537  -132  -120  -0.44480  -0.28479  -19  827
223  227  0012  0.735  0.780  -135  -135  -0.72080  -0.22479  -19  828
223  220  0013  0.745  0.743  -128  -128  -0.66080  -0.29679  -19  828
223  185  0014  0.648  0.537  -134  -120  -0.44480  -0.28479  -19  827
223  216  0015  0.752  0.752  -129  -129  -0.67280  -0.29079  -19  828
223  301  0016  0.766  0.797  -137  -136  -0.73880  -0.21879  -19  828
223  242  0017  0.712  0.729  -128  -128  -0.64880  -0.29079  -19  828
223  206  0018  0.764  0.795  -139  -137  -0.73880  -0.20679  -19  828
223  219  0019  0.695  0.723  -128  -128  -0.64280  -0.29079  -19  827
223  187  0020  0.690  0.537  -132  -120  -0.44480  -0.28479  -19  827
223  189  0021  0.662  0.537  -131  -120  -0.44480  -0.28479  -19  827
223  183  0022  0.662  0.537  -136  -120  -0.44480  -0.28479  -19  827
223  189  0023  0.633  0.537  -128  -120  -0.44480  -0.28479  -19  827
223  187  0024  0.675  0.537  -131  -120  -0.44480  -0.28479  -19  827
223  193  0025  0.751  0.537  -139  -120  -0.44480  -0.28479  -19  827
223  184  0026  0.680  0.537  -139  -120  -0.44480  -0.28479  -19  827
223  184  0027  0.686  0.537  -139  -120  -0.44480  -0.28479  -19  827
223  181  0028  0.638  0.537  -126  -120  -0.44480  -0.28479  -19  827
223  232  0029  0.757  0.784  -127  -126  -0.68480  -0.34479  -19  828
223  189  0030  0.735  0.537  -138  -120  -0.44480  -0.28479  -19  827
223  185  0031  0.650  0.537  -134  -120  -0.44480  -0.28479  -19  827
223  193  0032  0.642  0.537  -130  -120  -0.44480  -0.28479  -19  827
223  208  0033  0.756  0.750  -129  -130  -0.67280  -0.28479  -19  828
223  189  0034  0.625  0.537  -135  -120  -0.44480  -0.28479  -19  827
223  186  0035  0.666  0.537  -127  -120  -0.44480  -0.28479  -19  827
223  239  0036  0.711  0.727  -129  -129  -0.64880  -0.28479  -19  828
223  216  0037  0.730  0.751  -133  -133  -0.68480  -0.24879  -19  828
223  221  0038  0.751  0.790  -138  -136  -0.73280  -0.21279  -19  828
223  187  0039  0.703  0.537  -134  -120  -0.44480  -0.28479  -19  827
223  193  0040  0.629  0.537  -133  -120  -0.44480  -0.28479  -19  827
223  189  0041  0.648  0.537  -133  -120  -0.44480  -0.28479  -19  827
223  188  0042  0.673  0.537  -129  -120  -0.44480  -0.28479  -19  827
223  191  0043  0.741  0.537  -138  -120  -0.44480  -0.28479  -19  827
223  183  0044  0.655  0.537  -136  -120  -0.44480  -0.28479  -19  827
223  183  0045  0.614  0.537  -126  -120  -0.44480  -0.28479  -19  827
223  181  0046  0.645  0.537  -137  -120  -0.44480  -0.28479  -19  827
223  273  0047  0.749  0.787  -135  -135  -0.72680  -0.22479  -19  828
223  252  0048  0.743  0.787  -135  -135  -0.72680  -0.22479  -19  828
223  244  0049  0.715  0.729  -128  -128  -0.64880  -0.29079  -19  828
268  197  0000  0.629  0.537  -132  -120  -0.44480  -0.28479  -19  827
268  193  0001  0.646  0.537  -131  -120  -0.44480  -0.28479  -19  827
268  195  0002  0.625  0.537  -133  -120  -0.44480  -0.28479  -19  827
268  283  0003  0.712  0.726  -127  -128  -0.64280  -0.29679  -19  828
268  273  0004  0.701  0.716  -126  -127  -0.63080  -0.30279  -19  828
268  192  0005  0.615  0.537  -128  -120  -0.44480  -0.28479  -19  827
268  262  0006  0.765  0.778  -132  -132  -0.70880  -0.26079  -19  828
268  198  0007  0.628  0.537  -131  -120  -0.44480  -0.28479  -19  827
268  179  0008  0.629  0.537  -139  -120  -0.44480  -0.28479  -18  826
268  289  0009  0.723  0.735  -128  -128  -0.65480  -0.29079  -19  828
268  225  0010  0.697  0.727  -131  -130  -0.65480  -0.26679  -19  827
268  267  0011  0.734  0.753  -132  -132  -0.68480  -0.25479  -19  828
268  265  0012  0.742  0.745  -128  -128  -0.66080  -0.30279  -19  828
268  193  0013  0.635  0.537  -129  -120  -0.44480  -0.28479  -19  827
268  217  0014  0.674  0.703  -127  -127  -0.61880  -0.29679  -19  827
268  290  0015  0.757  0.790  -137  -136  -0.73280  -0.21279  -19  828
268  274  0016  0.744  0.748  -130  -130  -0.67280  -0.27879  -19  828
268  198  0017  0.667  0.697  -127  -127  -0.61280  -0.29679  -19  827
268  232  0018  0.765  0.768  -130  -130  -0.69080  -0.28479  -19  828
268  278  0019  0.730  0.739  -128  -128  -0.65480  -0.30279  -19  828
268  193  0020  0.646  0.537  -130  -120  -0.44480  -0.28479  -19  827
268  179  0021  0.642  0.537  -138  -120  -0.44480  -0.28479  -18  827
268  180  0022  0.650  0.537  -138  -120  -0.44480  -0.28479  -18  827
268  266  0023  0.723  0.732  -126  -126  -0.64280  -0.31479  -19  828
268  251  0024  0.749  0.753  -128  -128  -0.66680  -0.30879  -19  828
268  266  0025  0.710  0.729  -130  -130  -0.65480  -0.27279  -19  827
268  272  0026  0.755  0.782  -126  -126  -0.68480  -0.33879  -19  828
268  283  0027  0.727  0.740  -130  -130  -0.66680  -0.27279  -19  828
268  187  0028  0.667  0.537  -132  -120  -0.44480  -0.28479  -19  827
268  198  0029  0.616  0.537  -130  -120  -0.44480  -0.28479  -19  827
268  214  0030  0.739  0.784  -138  -136  -0.72680  -0.21279  -19  828
268  285  0031  0.714  0.726  -127  -128  -0.64280  -0.29679  -19  828
268  276  0032  0.727  0.739  -131  -131  -0.66680  -0.26679  -19  828
268  185  0033  0.715  0.537  -137  -120  -0.44480  -0.28479  -19  827
268  190  0034  0.657  0.537  -131  -120  -0.44480  -0.28479  -19  827
268  188  0035  0.670  0.537  -130  -120  -0.44480  -0.28479  -19  827
268  236  0036  0.761  0.760  -129  -129  -0.67880  -0.29679  -19  828
268  283  0037  0.709  0.726  -127  -128  -0.64280  -0.29679  -19  828
268  226  0038  0.710  0.733  -132  -132  -0.66680  -0.24879  -19  827
268  264  0039  0.742  0.745  -128  -128  -0.66080  -0.30279  -19  828
268  305  0040  0.753  0.777  -134  -134  -0.71480  -0.23679  -19  828
268  252  0041  0.753  0.754  -129  -129  -0.67280  -0.29679  -19  828
268  183  0042  0.675  0.537  -137  -120  -0.44480  -0.28479  -19  827
268  186  0043  0.636  0.537  -127  -120  -0.44480  -0.28479  -19  827
268  191  0044  0.623  0.537  -128  -120  -0.44480  -0.28479  -19  827
268  244  0045  0.731  0.768  -135  -135  -0.70880  -0.22479  -19  828
268  183  0046  0.680  0.537  -138  -120  -0.44480  -0.28479  -19  827
268  191  0047  0.618  0.537  -128  -120  -0.44480  -0.28479  -19  827
268  254  0048  0.739  0.746  -126  -126  -0.65480  -0.32079  -19  828
268  292  0049  0.750  0.784  -137  -136  -0.72680  -0.21279  -19  828
313  208  0000  0.697  0.731  -133  -132  -0.66680  -0.24279  -19  827
313  190  0001  0.640  0.537  -128  -120  -0.44480  -0.28479  -19  827
313  199  0002  0.718  0.747  -136  -135  -0.69080  -0.21279  -19  828
313  181  0003  0.664  0.537  -135  -120  -0.44480  -0.28479  -19  827
313  293  0004  0.706  0.727  -130  -130  -0.65480  -0.26679  -19  827
313  266  0005  0.746  0.782  -138  -137  -0.72680  -0.20679  -19  828
313  306  0006  0.753  0.758  -131  -131  -0.68480  -0.27279  -19  828
313  200  0007  0.658  0.691  -127  -126  -0.60680  -0.29679  -19  827
313  188  0008  0.641  0.537  -134  -120  -0.44480  -0.28479  -19  827
313  289  0009  0.731  0.758  -134  -134  -0.69680  -0.23079  -19  828
313  296  0010  0.701  0.725  -130  -129  -0.64880  -0.27879  -19  827
313  317  0011  0.765  0.795  -138  -137  -0.73880  -0.20679  -19  828
313  199  0012  0.690  0.709  -137  -138  -0.66080  -0.17679  -19  827
313  326  0013  0.727  0.740  -130  -130  -0.66680  -0.27279  -19  828
313  181  0014  0.662  0.537  -136  -120  -0.44480  -0.28479  -19  827
313  278  0015  0.683  0.708  -127  -127  -0.62480  -0.29679  -19  827
313  196  0016  0.619  0.537  -129  -120  -0.44480  -0.28479  -19  827
313  274  0017  0.705  0.731  -131  -131  -0.66080  -0.26079  -19  827
313  210  0018  0.729  0.770  -137  -136  -0.71480  -0.20679  -19  828
313  204  0019  0.692  0.727  -132  -132  -0.66080  -0.24879  -19  827
313  190  0020  0.658  0.537  -131  -120  -0.44480  -0.28479  -19  827
313  181  0021  0.660  0.537  -139  -120  -0.44480  -0.28479  -18  827
313  190  0022  0.641  0.537  -133  -120  -0.44480  -0.28479  -19  827
313  307  0023  0.732  0.751  -132  -133  -0.68480  -0.24879  -19  828
313  182  0024  0.619  0.537  -137  -120  -0.44480  -0.28479  -18  826
313  301  0025  0.694  0.718  -128  -128  -0.63680  -0.29079  -19  827
313  184  0026  0.677  0.537  -134  -120  -0.44480  -0.28479  -19  827
313  293  0027  0.765  0.783  -128  -127  -0.69080  -0.32679  -19  828
313  322  0028  0.707  0.722  -127  -127  -0.63680  -0.30279  -19  828
313  188  0029  0.645  0.537  -133  -120  -0.44480  -0.28479  -19  827
313  311  0030  0.735  0.739  -127  -128  -0.65480  -0.30279  -19  828
313  180  0031  0.661  0.537  -137  -120  -0.44480  -0.28479  -18  827
313  187  0032  0.694  0.712  -136  -137  -0.66080  -0.18879  -19  827
313  187  0033  0.622  0.537  -127  -120  -0.44480  -0.28479  -19  827
313  183  0034  0.675  0.537  -135  -120  -0.44480  -0.28479  -19  827
313  195  0035  0.613  0.537  -135  -120  -0.44480  -0.28479  -18  826
313  282  0036  0.761  0.762  -130  -130  -0.68480  -0.28479  -19  828
313  262  0037  0.678  0.703  -127  -127  -0.61880  -0.29679  -19  827
313  332  0038  0.722  0.733  -129  -129  -0.65480  -0.28479  -19  828
313  186  0039  0.690  0.537  -134  -120  -0.44480  -0.28479  -19  827
313  205  0040  0.700  0.730  -134  -133  -0.66680  -0.23679  -19  827
313  182  0041  0.671  0.537  -136  -120  -0.44480  -0.28479  -19  827
313  254  0042  0.691  0.723  -130  -130  -0.64880  -0.27279  -19  827
313  274  0043  0.764  0.762  -130  -130  -0.68480  -0.28479  -19  828
313  199  0044  0.623  0.537  -130  -120  -0.44480  -0.28479  -19  827
313  293  0045  0.686  0.705  -126  -126  -0.61880  -0.30279  -19  827
313  369  0046  0.764  0.783  -134  -134  -0.72080  -0.23679  -19  828
313  181  0047  0.660  0.537  -135  -120  -0.44480  -0.28479  -19  827
313  279  0048  0.720  0.743  -133  -133  -0.67880  -0.24279  -19  828
313  190  0049  0.644  0.537  -128  -120  -0.44480  -0.28479  -19  827
357  345  0000  0.696  0.718  -128  -128  -0.63680  -0.29079  -19  827
357  261  0001  0.668  0.695  -127  -127  -0.61280  -0.29079  -19  827
357  363  0002  0.740  0.748  -130  -130  -0.67280  -0.27879  -19  828
357  344  0003  0.735  0.755  -133  -133  -0.69080  -0.24279  -19  828
357  245  0004  0.700  0.709  -137  -138  -0.66080  -0.17679  -19  827
357  366  0005  0.733  0.743  -128  -128  -0.66080  -0.29679  -19  828
357  333  0006  0.735  0.762  -135  -135  -0.70280  -0.22479  -19  828
357  177  0007  0.649  0.537  -137  -120  -0.44480  -0.28479  -18  827
357  232  0008  0.691  0.704  -136  -137  -0.65480  -0.18279  -19  827
357  305  0009  0.758  0.787  -138  -137  -0.73280  -0.20079  -19  828
357  344  0010  0.741  0.747  -127  -127  -0.66080  -0.30879  -19  828
357  232  0011  0.710  0.725  -136  -136  -0.67280  -0.19479  -19  828
357  177  0012  0.636  0.537  -139  -120  -0.44480  -0.28479  -18  826
357  199  0013  0.626  0.537  -132  -120  -0.44480  -0.28479  -19  826
357  199  0014  0.630  0.537  -132  -120  -0.44480  -0.28479  -19  826
357  345  0015  0.755  0.782  -138  -137  -0.72680  -0.20679  -19  828
357  176  0016  0.620  0.537  -139  -120  -0.44480  -0.28479  -18  826
357  189  0017  0.653  0.537  -132  -120  -0.44480  -0.28479  -19  827
357  261  0018  0.708  0.720  -138  -138  -0.67280  -0.17079  -19  828
357  351  0019  0.744  0.749  -128  -128  -0.66680  -0.29679  -19  828
357  341  0020  0.733  0.740  -126  -126  -0.64880  -0.32079  -19  828
357  311  0021  0.686  0.712  -128  -128  -0.63080  -0.29079  -19  827
357  199  0022  0.629  0.537  -130  -120  -0.44480  -0.28479  -19  827
357  215  0023  0.687  0.719  -133  -132  -0.65480  -0.24279  -19  827
357  353  0024  0.697  0.714  -127  -127  -0.63080  -0.29679  -19  828
357  236  0025  0.692  0.725  -133  -132  -0.66080  -0.24279  -19  827
357  365  0026  0.744  0.774  -135  -135  -0.71480  -0.22479  -19  828
357  341  0027  0.741  0.750  -127  -127  -0.66080  -0.31479  -19  828
357  196  0028  0.620  0.537  -134  -120  -0.44480  -0.28479  -18  826
357  367  0029  0.737  0.742  -130  -130  -0.66680  -0.27879  -19  828
357  250  0030  0.701  0.730  -133  -133  -0.66680  -0.23679  -19  827
357  301  0031  0.725  0.752  -135  -134  -0.69080  -0.23079  -19  828
357  194  0032  0.638  0.537  -132  -120  -0.44480  -0.28479  -19  827
357  374  0033  0.719  0.731  -128  -128  -0.64880  -0.29679  -19  828
357  363  0034  0.744  0.767  -133  -133  -0.70280  -0.24279  -19  828
357  198  0035  0.626  0.537  -129  -120  -0.44480  -0.28479  -19  827
357  182  0036  0.665  0.537  -135  -120  -0.44480  -0.28479  -19  827
357  328  0037  0.688  0.712  -128  -128  -0.63080  -0.29079  -19  827
357  324  0038  0.761  0.762  -130  -130  -0.68480  -0.28479  -19  828
357  266  0039  0.704  0.730  -133  -133  -0.66680  -0.23679  -19  827
357  317  0040  0.762  0.766  -129  -129  -0.68480  -0.29679  -19  828
357  197  0041  0.639  0.537  -131  -120  -0.44480  -0.28479  -19  827
357  352  0042  0.752  0.762  -131  -131  -0.69080  -0.26679  -19  828
357  189  0043  0.658  0.537  -128  -120  -0.44480  -0.28479  -19  827
357  329  0044  0.756  0.758  -129  -129  -0.67880  -0.29079  -19  828
357  197  0045  0.632  0.537  -129  -120  -0.44480  -0.28479  -19  827
357  191  0046  0.658  0.537  -130  -120  -0.44480  -0.28479  -19  827
357  229  0047  0.700  0.713  -136  -136  -0.66080  -0.19479  -19  827
357  182  0048  0.657  0.537  -134  -120  -0.44480  -0.28479  -19  827
357  257  0049  0.691  0.707  -138  -138  -0.66080  -0.16479  -19  827
402  305  0000  0.700  0.714  -138  -138  -0.66680  -0.17079  -19  828
402  301  0001  0.664  0.691  -127  -126  -0.60680  -0.29679  -19  827
402  180  0002  0.636  0.537  -127  -120  -0.44480  -0.28479  -19  827
402  178  0003  0.624  0.537  -137  -120  -0.44480  -0.28479  -18  826
402  177  0004  0.649  0.537  -139  -120  -0.44480  -0.28479  -18  827
402  303  0005  0.720  0.732  -138  -138  -0.68480  -0.17079  -19  828
402  430  0006  0.753  0.777  -134  -134  -0.71480  -0.23679  -19  828
402  407  0007  0.739  0.744  -129  -129  -0.66680  -0.28479  -19  828
402  176  0008  0.622  0.537  -138  -120  -0.44480  -0.28479  -18  826
402  281  0009  0.654  0.680  -126  -126  -0.59480  -0.29679  -19  827
402  206  0010  0.613  0.537  -131  -120  -0.44480  -0.28479  -19  826
402  394  0011  0.735  0.751  -133  -133  -0.68480  -0.24879  -19  828
402  449  0012  0.761  0.784  -136  -136  -0.72680  -0.21279  -19  828
402  303  0013  0.702  0.714  -138  -138  -0.66680  -0.17079  -19  828
402  430  0014  0.750  0.776  -134  -135  -0.71480  -0.23079  -19  828
402  189  0015  0.628  0.537  -135  -120  -0.44480  -0.28479  -18  826
402  298  0016  0.678  0.708  -129  -129  -0.63080  -0.27879  -19  827
402  200  0017  0.658  0.698  -129  -128  -0.61880  -0.28479  -19  827
402  370  0018  0.732  0.758  -134  -134  -0.69680  -0.23079  -19  828
402  406  0019  0.713  0.731  -130  -129  -0.65480  -0.27879  -19  828
402  306  0020  0.663  0.686  -126  -126  -0.60080  -0.29679  -19  827
402  409  0021  0.745  0.765  -134  -134  -0.70280  -0.23679  -19  828
402  284  0022  0.715  0.734  -136  -136  -0.67880  -0.20679  -19  828
402  186  0023  0.617  0.537  -136  -120  -0.44480  -0.28479  -18  826
402  183  0024  0.636  0.537  -135  -120  -0.44480  -0.28479  -18  826
402  413  0025  0.752  0.769  -133  -133  -0.70280  -0.24879  -19  828
402  186  0026  0.671  0.537  -132  -120  -0.44480  -0.28479  -19  827
402  192  0027  0.634  0.655  -126  -125  -0.57080  -0.29079  -19  827
402  324  0028  0.667  0.694  -126  -126  -0.60680  -0.30279  -19  827
402  182  0029  0.666  0.537  -134  -120  -0.44480  -0.28479  -19  827
402  274  0030  0.710  0.719  -136  -136  -0.66680  -0.19479  -19  828
402  192  0031  0.655  0.537  -130  -120  -0.44480  -0.28479  -19  827
402  311  0032  0.722  0.749  -135  -135  -0.69080  -0.21879  -19  828
402  345  0033  0.726  0.750  -135  -134  -0.69080  -0.22479  -19  828
402  186  0034  0.643  0.537  -127  -120  -0.44480  -0.28479  -19  827
402  175  0035  0.643  0.537  -137  -120  -0.44480  -0.28479  -18  826
402  313  0036  0.737  0.743  -139  -140  -0.69680  -0.15879  -19  828
402  314  0037  0.695  0.723  -131  -131  -0.65480  -0.25479  -19  827
402  176  0038  0.636  0.537  -137  -120  -0.44480  -0.28479  -18  826
402  205  0039  0.661  0.691  -137  -137  -0.64280  -0.17679  -19  827
402  315  0040  0.695  0.712  -139  -139  -0.66680  -0.15879  -19  828
402  186  0041  0.642  0.537  -127  -120  -0.44480  -0.28479  -19  827
402  178  0042  0.624  0.537  -127  -120  -0.44480  -0.28479  -19  827
402  365  0043  0.704  0.727  -131  -130  -0.65480  -0.26679  -19  827
402  389  0044  0.751  0.768  -126  -126  -0.67280  -0.33279  -19  828
402  186  0045  0.654  0.537  -133  -120  -0.44480  -0.28479  -19  827
402  266  0046  0.693  0.724  -133  -133  -0.66080  -0.23679  -19  827
402  311  0047  0.681  0.713  -129  -129  -0.63680  -0.27879  -19  827
402  282  0048  0.686  0.719  -131  -131  -0.64880  -0.26079  -19  827
402  244  0049  0.670  0.694  -138  -138  -0.64880  -0.16479  -19  827
446  191  0000  0.655  0.537  -131  -120  -0.44480  -0.28479  -19  827
446  343  0001  0.692  0.707  -138  -138  -0.66080  -0.16479  -19  827
446  192  0002  0.631  0.537  -134  -120  -0.44480  -0.28479  -18  826
446  473  0003  0.757  0.784  -136  -136  -0.72680  -0.21279  -19  828
446  433  0004  0.693  0.711  -127  -127  -0.62480  -0.30279  -19  828
446  186  0005  0.647  0.537  -133  -120  -0.44480  -0.28479  -19  827
446  200  0006  0.625  0.537  -133  -120  -0.44480  -0.28479  -18  826
446  459  0007  0.723  0.737  -130  -130  -0.66080  -0.27879  -19  828
446  347  0008  0.698  0.727  -132  -132  -0.66080  -0.24879  -19  827
446  459  0009  0.729  0.741  -129  -129  -0.66080  -0.29079  -19  828
446  376  0010  0.693  0.721  -130  -130  -0.64880  -0.26679  -19  827
446  328  0011  0.725  0.743  -137  -137  -0.69080  -0.19479  -19  828
446  320  0012  0.714  0.725  -136  -136  -0.67280  -0.19479  -19  828
446  220  0013  0.664  0.690  -135  -135  -0.63680  -0.20079  -19  827
446  505  0014  0.766  0.790  -136  -136  -0.73280  -0.21279  -19  828
446  347  0015  0.690  0.712  -139  -139  -0.66680  -0.15879  -19  827
446  287  0016  0.678  0.699  -136  -136  -0.64880  -0.18879  -19  827
446  322  0017  0.685  0.703  -137  -137  -0.65480  -0.17679  -19  827
446  460  0018  0.750  0.767  -133  -133  -0.70280  -0.24279  -19  828
446  193  0019  0.652  0.537  -129  -120  -0.44480  -0.28479  -18  827
446  439  0020  0.735  0.742  -127  -127  -0.65480  -0.30879  -19  828
446  205  0021  0.625  0.537  -131  -120  -0.44480  -0.28479  -19  826
446  335  0022  0.686  0.707  -138  -138  -0.66080  -0.16479  -19  827
446  240  0023  0.677  0.713  -132  -132  -0.64880  -0.24279  -19  827
446  448  0024  0.703  0.720  -127  -127  -0.63680  -0.29679  -19  828
446  382  0025  0.674  0.697  -127  -127  -0.61280  -0.29679  -19  827
446  442  0026  0.751  0.760  -132  -132  -0.69080  -0.26079  -19  828
446  443  0027  0.724  0.739  -131  -131  -0.66680  -0.26679  -19  828
446  424  0028  0.712  0.731  -131  -131  -0.66080  -0.26079  -19  828
446  454  0029  0.710  0.727  -129  -129  -0.64880  -0.28479  -19  828
446  452  0030  0.711  0.727  -129  -129  -0.64880  -0.28479  -19  828
446  338  0031  0.683  0.711  -130  -129  -0.63680  -0.27279  -19  827
446  204  0032  0.625  0.537  -130  -120  -0.44480  -0.28479  -19  826
446  445  0033  0.743  0.770  -135  -134  -0.70880  -0.23079  -19  828
446  447  0034  0.743  0.754  -132  -132  -0.68480  -0.26079  -19  828
446  360  0035  0.708  0.730  -133  -133  -0.66680  -0.23679  -19  828
446  197  0036  0.641  0.537  -130  -120  -0.44480  -0.28479  -19  827
446  231  0037  0.641  0.666  -127  -126  -0.58280  -0.29079  -19  827
446  436  0038  0.732  0.744  -127  -127  -0.65480  -0.31479  -19  828
446  243  0039  0.662  0.692  -136  -137  -0.64280  -0.18279  -19  827
446  305  0040  0.687  0.715  -132  -131  -0.64880  -0.24879  -19  827
446  455  0041  0.714  0.728  -127  -127  -0.64280  -0.30279  -19  828
446  201  0042  0.616  0.537  -129  -120  -0.44480  -0.28479  -19  826
446  288  0043  0.674  0.711  -130  -129  -0.63680  -0.27279  -19  827
446  394  0044  0.690  0.713  -129  -129  -0.63680  -0.27879  -19  827
446  345  0045  0.695  0.721  -132  -132  -0.65480  -0.24879  -19  827
446  418  0046  0.767  0.780  -128  -128  -0.69080  -0.32079  -19  828
446  446  0047  0.744  0.752  -131  -131  -0.67880  -0.27279  -19  828
446  458  0048  0.712  0.726  -127  -128  -0.64280  -0.29679  -19  828
446  370  0049  0.696  0.725  -131  -131  -0.65480  -0.26079  -19  827
491  204  0000  0.630  0.537  -130  -120  -0.44480  -0.28479  -18  826
491  200  0001  0.626  0.537  -129  -120  -0.44480  -0.28479  -18  827
491  199  0002  0.638  0.537  -131  -120  -0.44480  -0.28479  -18  826
491  494  0003  0.709  0.727  -129  -129  -0.64880  -0.28479  -19  828
491  388  0004  0.743  0.759  -138  -138  -0.70880  -0.18279  -19  828
491  468  0005  0.725  0.739  -132  -132  -0.67280  -0.24879  -19  828
491  479  0006  0.764  0.787  -138  -137  -0.73280  -0.20079  -19  828
491  488  0007  0.702  0.716  -127  -127  -0.63080  -0.30279  -19  828
491  346  0008  0.689  0.719  -132  -132  -0.65480  -0.24279  -19  827
491  395  0009  0.691  0.721  -130  -130  -0.64880  -0.26679  -19  827
491  476  0010  0.734  0.744  -127  -127  -0.65480  -0.31479  -19  828
491  195  0011  0.634  0.537  -133  -120  -0.44480  -0.28479  -18  826
491  183  0012  0.633  0.537  -135  -120  -0.44480  -0.28479  -18  826
491  363  0013  0.681  0.701  -139  -138  -0.65480  -0.16479  -19  827
491  418  0014  0.702  0.723  -132  -131  -0.65480  -0.25479  -19  827
491  204  0015  0.623  0.537  -130  -120  -0.44480  -0.28479  -18  826
491  497  0016  0.735  0.744  -129  -129  -0.66680  -0.28479  -19  828
491  495  0017  0.736  0.747  -129  -129  -0.66680  -0.29079  -19  828
491  488  0018  0.736  0.748  -132  -131  -0.67880  -0.26079  -19  828
491  389  0019  0.671  0.695  -127  -127  -0.61280  -0.29079  -19  827
491  510  0020  0.756  0.784  -136  -136  -0.72680  -0.21279  -19  828
491  532  0021  0.759  0.782  -134  -135  -0.72080  -0.23079  -19  828
491  234  0022  0.652  0.683  -138  -137  -0.63680  -0.17079  -18  827
491  313  0023  0.675  0.695  -135  -136  -0.64280  -0.19479  -19  827
491  456  0024  0.756  0.767  -128  -128  -0.67880  -0.31479  -19  828
491  480  0025  0.738  0.747  -127  -127  -0.66080  -0.30879  -19  828
491  190  0026  0.659  0.537  -131  -120  -0.44480  -0.28479  -18  827
491  370  0027  0.661  0.686  -127  -126  -0.60080  -0.29679  -19  827
491  472  0028  0.760  0.777  -127  -127  -0.68480  -0.32679  -19  828
491  177  0029  0.626  0.537  -136  -120  -0.44480  -0.28479  -18  826
491  518  0030  0.765  0.779  -133  -134  -0.71480  -0.24279  -19  828
491  323  0031  0.683  0.702  -135  -135  -0.64880  -0.20079  -19  827
491  184  0032  0.637  0.537  -135  -120  -0.44480  -0.28479  -18  826
491  435  0033  0.693  0.717  -129  -129  -0.64280  -0.27279  -19  827
491  548  0034  0.767  0.790  -137  -136  -0.73280  -0.21279  -19  828
491  202  0035  0.633  0.537  -131  -120  -0.44480  -0.28479  -18  826
491  209  0036  0.666  0.700  -132  -132  -0.63680  -0.23679  -19  827
491  387  0037  0.701  0.724  -133  -133  -0.66080  -0.23679  -19  827
491  487  0038  0.716  0.735  -130  -130  -0.66080  -0.27279  -19  828
491  196  0039  0.663  0.698  -132  -133  -0.63680  -0.23079  -19  827
491  476  0040  0.694  0.714  -127  -127  -0.63080  -0.29679  -19  828
491  201  0041  0.637  0.537  -130  -120  -0.44480  -0.28479  -18  827
491  326  0042  0.661  0.689  -128  -127  -0.60680  -0.29079  -19  827
491  199  0043  0.617  0.537  -134  -120  -0.44480  -0.28479  -18  826
491  299  0044  0.658  0.687  -128  -127  -0.60680  -0.28479  -19  827
491  549  0045  0.765  0.785  -136  -136  -0.72680  -0.21879  -19  828
491  395  0046  0.709  0.720  -138  -138  -0.67280  -0.17079  -19  828
491  415  0047  0.728  0.749  -135  -135  -0.69080  -0.21879  -19  828
491  509  0048  0.758  0.784  -137  -136  -0.72680  -0.21279  -19  828
491  419  0049  0.725  0.744  -135  -134  -0.68480  -0.22479  -19  828
536  509  0000  0.691  0.708  -127  -127  -0.62480  -0.29679  -19  828
536  373  0001  0.671  0.696  -138  -138  -0.64880  -0.17079  -19  827
536  545  0002  0.728  0.742  -130  -130  -0.66680  -0.27879  -19  828
536  524  0003  0.737  0.747  -127  -127  -0.66080  -0.30879  -19  828
536  252  0004  0.633  0.650  -127  -126  -0.57080  -0.27879  -19  827
536  194  0005  0.635  0.537  -133  -120  -0.44480  -0.28479  -18  826
536  429  0006  0.713  0.720  -138  -138  -0.67280  -0.17079  -19  828
536  507  0007  0.763  0.775  -127  -127  -0.68480  -0.32079  -19  828
536  517  0008  0.756  0.762  -131  -131  -0.69080  -0.26679  -19  828
536  434  0009  0.693  0.707  -138  -138  -0.66080  -0.16479  -19  828
536  376  0010  0.688  0.713  -132  -132  -0.64880  -0.24279  -19  827
536  497  0011  0.757  0.766  -129  -129  -0.68480  -0.29679  -19  828
536  485  0012  0.765  0.776  -129  -128  -0.69080  -0.30879  -19  828
536  542  0013  0.712  0.727  -129  -129  -0.64880  -0.28479  -19  828
536  201  0014  0.631  0.537  -129  -120  -0.44480  -0.28479  -18  827
536  499  0015  0.761  0.775  -128  -127  -0.68480  -0.32079  -19  828
536  530  0016  0.737  0.745  -128  -128  -0.66080  -0.30279  -19  828
536  334  0017  0.679  0.707  -132  -132  -0.64280  -0.24279  -19  827
536  383  0018  0.692  0.714  -134  -134  -0.65480  -0.22479  -19  827
536  178  0019  0.641  0.681  -139  -138  -0.63680  -0.15879  -18  827
536  359  0020  0.670  0.693  -139  -139  -0.64880  -0.15879  -19  827
536  207  0021  0.624  0.537  -130  -120  -0.44480  -0.28479  -18  826
536  209  0022  0.650  0.678  -134  -135  -0.62480  -0.20079  -19  827
536  528  0023  0.759  0.772  -132  -132  -0.70280  -0.26079  -19  828
536  187  0024  0.646  0.537  -133  -120  -0.44480  -0.28479  -18  827
536  497  0025  0.763  0.772  -130  -131  -0.69680  -0.27879  -19  828
536  401  0026  0.679  0.701  -138  -138  -0.65480  -0.16479  -19  827
536  198  0027  0.645  0.537  -131  -120  -0.44480  -0.28479  -18  827
536  509  0028  0.750  0.763  -127  -127  -0.67280  -0.32079  -19  828
536  213  0029  0.612  0.537  -132  -120  -0.44480  -0.28479  -18  826
536  194  0030  0.640  0.537  -129  -120  -0.44480  -0.28479  -18  827
536  289  0031  0.655  0.686  -136  -136  -0.63680  -0.18279  -19  827
536  531  0032  0.745  0.754  -132  -132  -0.68480  -0.26079  -19  828
536  204  0033  0.611  0.537  -129  -120  -0.44480  -0.28479  -18  826
536  536  0034  0.747  0.763  -133  -133  -0.69680  -0.24879  -19  828
536  198  0035  0.627  0.537  -133  -120  -0.44480  -0.28479  -18  826
536  559  0036  0.755  0.779  -136  -136  -0.72080  -0.21879  -19  828
536  188  0037  0.612  0.537  -136  -120  -0.44480  -0.28479  -18  826
536  298  0038  0.668  0.701  -130  -130  -0.63080  -0.26079  -19  827
536  499  0039  0.758  0.767  -128  -128  -0.67880  -0.31479  -19  828
536  525  0040  0.744  0.752  -129  -129  -0.67280  -0.29079  -19  828
536  191  0041  0.640  0.537  -133  -120  -0.44480  -0.28479  -18  826
536  197  0042  0.646  0.537  -130  -120  -0.44480  -0.28479  -18  827
536  204  0043  0.642  0.677  -137  -137  -0.63080  -0.17079  -18  827
536  522  0044  0.759  0.772  -132  -132  -0.70280  -0.26079  -19  828
536  196  0045  0.639  0.537  -129  -120  -0.44480  -0.28479  -18  827
536  533  0046  0.743  0.750  -131  -131  -0.67880  -0.26679  -19  828
536  519  0047  0.756  0.774  -127  -126  -0.67880  -0.33279  -19  828
536  510  0048  0.747  0.753  -128  -128  -0.66680  -0.30879  -19  828
536  206  0049  0.630  0.537  -131  -120  -0.44480  -0.28479  -18  826
580  474  0000  0.724  0.732  -138  -138  -0.68480  -0.17079  -19  828
580  351  0001  0.638  0.658  -127  -126  -0.57680  -0.28479  -19  827
580  200  0002  0.654  0.690  -131  -131  -0.62480  -0.24279  -19  827
580  557  0003  0.755  0.764  -131  -131  -0.69080  -0.27279  -19  828
580  582  0004  0.725  0.734  -127  -127  -0.64880  -0.30279  -19  828
580  414  0005  0.663  0.687  -128  -127  -0.60680  -0.28479  -19  827
580  368  0006  0.670  0.689  -135  -135  -0.63680  -0.19479  -19  827
580  562  0007  0.741  0.747  -127  -127  -0.66080  -0.30879  -19  828
580  359  0008  0.662  0.686  -136  -136  -0.63680  -0.18279  -19  827
580  539  0009  0.744  0.772  -136  -136  -0.71480  -0.21279  -19  828
580  368  0010  0.671  0.690  -135  -135  -0.63680  -0.20079  -19  827
580  287  0011  0.649  0.683  -138  -137  -0.63680  -0.17079  -19  827
580  190  0012  0.618  0.537  -135  -120  -0.44480  -0.28479  -18  826
580  210  0013  0.614  0.537  -133  -120  -0.44480  -0.28479  -18  826
580  458  0014  0.726  0.743  -137  -137  -0.69080  -0.19479  -19  828
580  231  0015  0.641  0.665  -129  -128  -0.58880  -0.27279  -19  827
580  199  0016  0.624  0.537  -134  -120  -0.44480  -0.28479  -18  826
580  505  0017  0.695  0.721  -130  -130  -0.64880  -0.26679  -19  827
580  342  0018  0.674  0.703  -131  -131  -0.63680  -0.24879  -19  827
580  452  0019  0.688  0.704  -137  -137  -0.65480  -0.18279  -19  827
580  211  0020  0.616  0.537  -130  -120  -0.44480  -0.28479  -18  826
580  168  0021  0.630  0.537  -139  -120  -0.44480  -0.28479  -18  826
580  398  0022  0.675  0.703  -130  -130  -0.63080  -0.26679  -19  827
580  401  0023  0.686  0.710  -133  -133  -0.64880  -0.23079  -19  827
580  581  0024  0.727  0.740  -131  -130  -0.66680  -0.27279  -19  828
580  556  0025  0.734  0.749  -133  -133  -0.68480  -0.24279  -19  828
580  556  0026  0.749  0.760  -126  -126  -0.66680  -0.32679  -19  828
580  556  0027  0.749  0.754  -129  -129  -0.67280  -0.29679  -19  828
580  563  0028  0.735  0.744  -127  -127  -0.65480  -0.31479  -19  828
580  201  0029  0.639  0.537  -130  -120  -0.44480  -0.28479  -18  827
580  200  0030  0.640  0.537  -129  -120  -0.44480  -0.28479  -18  827
580  472  0031  0.709  0.726  -134  -134  -0.66680  -0.22479  -19  828
580  574  0032  0.720  0.733  -131  -130  -0.66080  -0.26679  -19  828
580  540  0033  0.757  0.762  -128  -128  -0.67880  -0.30279  -19  828
580  559  0034  0.696  0.712  -128  -128  -0.63080  -0.29079  -19  828
580  362  0035  0.661  0.685  -137  -137  -0.63680  -0.17679  -19  827
580  431  0036  0.676  0.697  -137  -137  -0.64880  -0.17679  -19  827
580  187  0037  0.640  0.537  -134  -120  -0.44480  -0.28479  -18  826
580  570  0038  0.701  0.718  -128  -128  -0.63680  -0.29079  -19  828
580  408  0039  0.688  0.710  -133  -133  -0.64880  -0.23079  -19  827
580  476  0040  0.697  0.714  -138  -138  -0.66680  -0.17079  -19  828
580  580  0041  0.738  0.750  -131  -131  -0.67880  -0.26679  -19  828
580  481  0042  0.695  0.713  -138  -139  -0.66680  -0.16479  -19  828
580  196  0043  0.643  0.537  -132  -120  -0.44480  -0.28479  -18  826
580  200  0044  0.631  0.537  -133  -120  -0.44480  -0.28479  -18  826
580  632  0045  0.765  0.783  -134  -134  -0.72080  -0.23679  -19  828
580  170  0046  0.613  0.537  -138  -120  -0.44480  -0.28479  -18  826
580  359  0047  0.662  0.687  -139  -139  -0.64280  -0.15879  -19  827
580  555  0048  0.728  0.745  -133  -132  -0.67880  -0.24879  -19  828
580  441  0049  0.698  0.720  -134  -134  -0.66080  -0.22479  -19  827
625  168  0000  0.621  0.537  -138  -120  -0.44480  -0.28479  -18  826
625  612  0001  0.735  0.751  -132  -133  -0.68480  -0.24879  -19  828
625  379  0002  0.657  0.682  -138  -138  -0.63680  -0.16479  -19  827
625  538  0003  0.725  0.743  -135  -135  -0.68480  -0.21879  -19  828
625  497  0004  0.687  0.703  -137  -137  -0.65480  -0.17679  -19  827
625  259  0005  0.648  0.674  -133  -134  -0.61880  -0.20679  -19  827
625  219  0006  0.650  0.678  -132  -133  -0.61880  -0.22479  -19  827
625  169  0007  0.620  0.537  -138  -120  -0.44480  -0.28479  -18  826
625  605  0008  0.693  0.711  -126  -127  -0.62480  -0.30279  -19  828
625  631  0009  0.721  0.733  -129  -129  -0.65480  -0.28479  -19  828
625  179  0010  0.625  0.537  -136  -120  -0.44480  -0.28479  -18  826
625  628  0011  0.725  0.740  -130  -130  -0.66680  -0.27279  -19  828
625  225  0012  0.652  0.682  -131  -132  -0.61880  -0.23679  -19  827
625  204  0013  0.637  0.537  -131  -120  -0.44480  -0.28479  -18  826
625  610  0014  0.723  0.732  -126  -126  -0.64280  -0.31479  -19  828
625  189  0015  0.617  0.537  -135  -120  -0.44480  -0.28479  -18  826
625  294  0016  0.659  0.683  -133  -133  -0.62480  -0.21879  -19  827
625  595  0017  0.716  0.737  -131  -131  -0.66680  -0.26079  -19  828
625  198  0018  0.624  0.537  -134  -120  -0.44480  -0.28479  -18  826
625  168  0019  0.614  0.537  -139  -120  -0.44480  -0.28479  -18  825
625  475  0020  0.689  0.707  -136  -136  -0.65480  -0.19479  -19  827
625  599  0021  0.743  0.767  -135  -135  -0.70880  -0.21879  -19  828
625  212  0022  0.624  0.537  -131  -120  -0.44480  -0.28479  -18  826
625  381  0023  0.630  0.647  -126  -126  -0.56480  -0.28479  -19  827
625  392  0024  0.669  0.698  -130  -129  -0.62480  -0.26679  -19  827
625  529  0025  0.721  0.731  -138  -139  -0.68480  -0.16479  -19  828
625  571  0026  0.681  0.703  -127  -127  -0.61880  -0.29679  -19  828
625  447  0027  0.670  0.691  -137  -137  -0.64280  -0.17679  -19  827
625  621  0028  0.746  0.759  -132  -132  -0.69080  -0.25479  -19  828
625  535  0029  0.669  0.691  -126  -126  -0.60680  -0.29679  -19  828
625  383  0030  0.674  0.702  -132  -132  -0.63680  -0.24279  -19  827
625  340  0031  0.663  0.687  -133  -134  -0.63080  -0.21279  -19  827
625  654  0032  0.755  0.780  -135  -135  -0.72080  -0.22479  -20  828
625  510  0033  0.723  0.734  -138  -138  -0.68480  -0.17679  -19  828
625  575  0034  0.713  0.733  -132  -132  -0.66680  -0.24879  -19  828
625  590  0035  0.689  0.708  -127  -127  -0.62480  -0.29679  -19  828
625  208  0036  0.626  0.537  -132  -120  -0.44480  -0.28479  -18  826
625  455  0037  0.672  0.696  -137  -138  -0.64880  -0.17079  -19  827
625  505  0038  0.712  0.722  -137  -137  -0.67280  -0.18279  -19  828
625  208  0039  0.614  0.537  -130  -120  -0.44480  -0.28479  -18  826
625  400  0040  0.664  0.687  -135  -136  -0.63680  -0.18879  -19  827
625  500  0041  0.726  0.743  -137  -137  -0.69080  -0.19479  -19  828
625  631  0042  0.721  0.731  -128  -128  -0.64880  -0.29679  -19  828
625  460  0043  0.691  0.713  -134  -134  -0.65480  -0.21879  -19  827
625  621  0044  0.706  0.716  -127  -127  -0.63080  -0.30279  -19  828
625  210  0045  0.625  0.537  -132  -120  -0.44480  -0.28479  -18  826
625  374  0046  0.660  0.681  -135  -136  -0.63080  -0.18879  -19  827
625  357  0047  0.666  0.696  -130  -130  -0.62480  -0.26079  -19  827
625  433  0048  0.647  0.666  -127  -126  -0.58280  -0.29079  -19  827
625  631  0049  0.749  0.768  -135  -135  -0.70880  -0.22479  -19  828
89  189  0000  0.754  0.537  -132  -120  -0.44480  -0.28479  -19  827
89  187  0001  0.710  0.537  -137  -120  -0.44480  -0.28479  -19  827
89  188  0002  0.752  0.537  -129  -120  -0.44480  -0.28479  -19  827
89  185  0003  0.619  0.537  -139  -120  -0.44480  -0.28479  -19  827
89  189  0004  0.747  0.537  -135  -120  -0.44480  -0.28479  -19  827
89  191  0005  0.765  0.537  -138  -120  -0.44480  -0.28479  -19  827
89  187  0006  0.710  0.537  -129  -120  -0.44480  -0.28479  -19  827
89  189  0007  0.653  0.537  -129  -120  -0.44480  -0.28479  -19  827
89  187  0008  0.675  0.537  -137  -120  -0.44480  -0.28479  -19  827
89  188  0009  0.681  0.537  -129  -120  -0.44480  -0.28479  -19  827
89  188  0010  0.678  0.537  -133  -120  -0.44480  -0.28479  -19  827
89  189  0011  0.767  0.537  -131  -120  -0.44480  -0.28479  -19  827
89  187  0012  0.723  0.537  -131  -120  -0.44480  -0.28479  -19  827
89  187  0013  0.692  0.537  -138  -120  -0.44480  -0.28479  -19  827
89  188  0014  0.613  0.537  -127  -120  -0.44480  -0.28479  -19  827
89  186  0015  0.643  0.537  -137  -120  -0.44480  -0.28479  -19  827
89  188  0016  0.683  0.537  -134  -120  -0.44480  -0.28479  -19  827
89  191  0017  0.620  0.537  -129  -120  -0.44480  -0.28479  -19  827
89  188  0018  0.724  0.537  -128  -120  -0.44480  -0.28479  -19  827
89  191  0019  0.767  0.537  -137  -120  -0.44480  -0.28479  -19  827
89  189  0020  0.758  0.537  -134  -120  -0.44480  -0.28479  -19  827
89  191  0021  0.625  0.537  -130  -120  -0.44480  -0.28479  -19  827
89  198  0022  0.766  0.799  -135  -136  -0.73880  -0.22479  -19  828
89  189  0023  0.750  0.537  -127  -120  -0.44480  -0.28479  -19  827
89  187  0024  0.699  0.537  -137  -120  -0.44480  -0.28479  -19  827
89  188  0025  0.747  0.537  -130  -120  -0.44480  -0.28479  -19  827
89  186  0026  0.652  0.537  -137  -120  -0.44480  -0.28479  -19  827
89  188  0027  0.729  0.537  -131  -120  -0.44480  -0.28479  -19  827
89  188  0028  0.736  0.537  -134  -120  -0.44480  -0.28479  -19  827
89  186  0029  0.616  0.537  -137  -120  -0.44480  -0.28479  -19  827
89  188  0030  0.691  0.537  -129  -120  -0.44480  -0.28479  -19  827
89  188  0031  0.714  0.537  -133  -120  -0.44480  -0.28479  -19  827
89  187  0032  0.627  0.537  -136  -120  -0.44480  -0.28479  -19  827
89  188  0033  0.741  0.537  -129  -120  -0.44480  -0.28479  -19  827
89  189  0034  0.646  0.537  -128  -120  -0.44480  -0.28479  -19  827
89  189  0035  0.622  0.537  -128  -120  -0.44480  -0.28479  -19  827
89  188  0036  0.636  0.537  -127  -120  -0.44480  -0.28479  -19  827
89  191  0037  0.755  0.537  -139  -120  -0.44480  -0.28479  -19  827
89  190  0038  0.746  0.537  -138  -120  -0.44480  -0.28479  -19  827
89  188  0039  0.703  0.537  -131  -120  -0.44480  -0.28479  -19  827
89  186  0040  0.623  0.537  -138  -120  -0.44480  -0.28479  -19  827
89  188  0041  0.666  0.537  -127  -120  -0.44480  -0.28479  -19  827
89  192  0042  0.616  0.537  -131  -120  -0.44480  -0.28479  -19  827
89  188  0043  0.715  0.537  -131  -120  -0.44480  -0.28479  -19  827
89  190  0044  0.750  0.537  -138  -120  -0.44480  -0.28479  -19  827
89  187  0045  0.630  0.537  -136  -120  -0.44480  -0.28479  -19  827
89  188  0046  0.755  0.537  -130  -120  -0.44480  -0.28479  -19  827
89  187  0047  0.672  0.537  -136  -120  -0.44480  -0.28479  -19  827
89  187  0048  0.655  0.537  -135  -120  -0.44480  -0.28479  -19  827
89  188  0049  0.728  0.537  -133  -120  -0.44480  -0.28479  -19  827
134  192  0000  0.620  0.537  -134  -120  -0.44480  -0.28479  -19  827
134  187  0001  0.692  0.537  -134  -120  -0.44480  -0.28479  -19  827
134  188  0002  0.664  0.537  -131  -120  -0.44480  -0.28479  -19  827
134  194  0003  0.625  0.537  -131  -120  -0.44480  -0.28479  -19  827
134  185  0004  0.637  0.537  -126  -120  -0.44480  -0.28479  -19  827
134  188  0005  0.661  0.537  -127  -120  -0.44480  -0.28479  -19  827
134  189  0006  0.767  0.537  -128  -120  -0.44480  -0.28479  -19  827
134  184  0007  0.645  0.537  -136  -120  -0.44480  -0.28479  -19  827
134  187  0008  0.710  0.537  -135  -120  -0.44480  -0.28479  -19  827
134  188  0009  0.729  0.537  -137  -120  -0.44480  -0.28479  -19  827
134  188  0010  0.658  0.537  -128  -120  -0.44480  -0.28479  -19  827
134  186  0011  0.681  0.537  -138  -120  -0.44480  -0.28479  -19  827
134  187  0012  0.663  0.537  -133  -120  -0.44480  -0.28479  -19  827
134  184  0013  0.624  0.537  -139  -120  -0.44480  -0.28479  -19  827
134  186  0014  0.616  0.537  -137  -120  -0.44480  -0.28479  -19  827
134  188  0015  0.723  0.537  -135  -120  -0.44480  -0.28479  -19  827
134  225  0016  0.762  0.794  -134  -135  -0.73280  -0.23079  -19  828
134  186  0017  0.678  0.537  -135  -120  -0.44480  -0.28479  -19  827
134  186  0018  0.671  0.537  -139  -120  -0.44480  -0.28479  -19  827
134  189  0019  0.764  0.537  -128  -120  -0.44480  -0.28479  -19  827
134  212  0020  0.768  0.797  -137  -136  -0.73880  -0.21879  -19  828
134  188  0021  0.685  0.537  -128  -120  -0.44480  -0.28479  -19  827
134  185  0022  0.618  0.537  -137  -120  -0.44480  -0.28479  -19  827
134  188  0023  0.690  0.537  -128  -120  -0.44480  -0.28479  -19  827
134  204  0024  0.751  0.793  -136  -135  -0.73280  -0.22479  -19  828
134  187  0025  0.613  0.537  -136  -120  -0.44480  -0.28479  -19  827
134  188  0026  0.748  0.537  -128  -120  -0.44480  -0.28479  -19  827
134  188  0027  0.719  0.537  -139  -120  -0.44480  -0.28479  -19  827
134  188  0028  0.675  0.537  -130  -120  -0.44480  -0.28479  -19  827
134  187  0029  0.685  0.537  -132  -120  -0.44480  -0.28479  -19  827
134  188  0030  0.737  0.537  -133  -120  -0.44480  -0.28479  -19  827
134  189  0031  0.665  0.537  -128  -120  -0.44480  -0.28479  -19  827
134  187  0032  0.733  0.537  -130  -120  -0.44480  -0.28479  -19  827
134  188  0033  0.735  0.537  -136  -120  -0.44480  -0.28479  -19  827
134  187  0034  0.720  0.537  -130  -120  -0.44480  -0.28479  -19  827
134  183  0035  0.626  0.537  -126  -120  -0.44480  -0.28479  -19  827
134  190  0036  0.620  0.537  -135  -120  -0.44480  -0.28479  -19  827
134  185  0037  0.660  0.537  -137  -120  -0.44480  -0.28479  -19  827
134  187  0038  0.739  0.537  -129  -120  -0.44480  -0.28479  -19  827
134  188  0039  0.745  0.537  -129  -120  -0.44480  -0.28479  -19  827
134  184  0040  0.653  0.537  -138  -120  -0.44480  -0.28479  -19  827
134  189  0041  0.627  0.537  -128  -120  -0.44480  -0.28479  -19  827
134  192  0042  0.755  0.537  -139  -120  -0.44480  -0.28479  -19  827
134  189  0043  0.761  0.537  -132  -120  -0.44480  -0.28479  -19  827
134  190  0044  0.715  0.537  -126  -120  -0.44480  -0.28479  -19  827
134  213  0045  0.755  0.793  -134  -135  -0.73280  -0.22479  -19  828
134  185  0046  0.653  0.537  -139  -120  -0.44480  -0.28479  -19  827
134  189  0047  0.732  0.537  -138  -120  -0.44480  -0.28479  -19  827
134  185  0048  0.655  0.537  -138  -120  -0.44480  -0.28479  -19  827
134  193  0049  0.629  0.537  -131  -120  -0.44480  -0.28479  -19  827
179  188  0000  0.759  0.537  -129  -120  -0.44480  -0.28479  -19  827
179  189  0001  0.656  0.537  -128  -120  -0.44480  -0.28479  -19  827
179  186  0002  0.715  0.537  -136  -120  -0.44480  -0.28479  -19  827
179  228  0003  0.759  0.796  -137  -136  -0.73880  -0.21279  -19  828
179  255  0004  0.762  0.797  -137  -136  -0.73880  -0.21879  -19  828
179  187  0005  0.720  0.537  -136  -120  -0.44480  -0.28479  -19  827
179  183  0006  0.650  0.537  -137  -120  -0.44480  -0.28479  -19  827
179  194  0007  0.622  0.537  -130  -120  -0.44480  -0.28479  -19  827
179  192  0008  0.644  0.537  -130  -120  -0.44480  -0.28479  -19  827
179  193  0009  0.740  0.744  -129  -129  -0.66680  -0.28479  -19  828
179  185  0010  0.681  0.537  -137  -120  -0.44480  -0.28479  -19  827
179  187  0011  0.692  0.537  -132  -120  -0.44480  -0.28479  -19  827
179  187  0012  0.698  0.537  -131  -120  -0.44480  -0.28479  -19  827
179  187  0013  0.719  0.537  -138  -120  -0.44480  -0.28479  -19  827
179  185  0014  0.674  0.537  -135  -120  -0.44480  -0.28479  -19  827
179  188  0015  0.614  0.537  -127  -120  -0.44480  -0.28479  -19  827
179  195  0016  0.748  0.790  -138  -136  -0.73280  -0.21279  -19  828
179  190  0017  0.737  0.537  -126  -120  -0.44480  -0.28479  -19  827
179  195  0018  0.707  0.726  -127  -128  -0.64280  -0.29679  -19  828
179  186  0019  0.674  0.537  -134  -120  -0.44480  -0.28479  -19  827
179  186  0020  0.709  0.537  -139  -120  -0.44480  -0.28479  -19  827
179  185  0021  0.689  0.537  -138  -120  -0.44480  -0.28479  -19  827
179  188  0022  0.741  0.537  -128  -120  -0.44480  -0.28479  -19  827
179  195  0023  0.624  0.537  -130  -120  -0.44480  -0.28479  -19  827
179  189  0024  0.707  0.722  -126  -127  -0.63680  -0.30279  -19  828
179  191  0025  0.710  0.731  -130  -129  -0.65480  -0.27879  -19  827
179  189  0026  0.613  0.537  -136  -120  -0.44480  -0.28479  -19  827
179  186  0027  0.706  0.537  -139  -120  -0.44480  -0.28479  -19  827
179  185  0028  0.666  0.537  -135  -120  -0.44480  -0.28479  -19  827
179  274  0029  0.767  0.793  -135  -135  -0.73280  -0.22479  -19  828
179  190  0030  0.753  0.537  -127  -120  -0.44480  -0.28479  -19  827
179  187  0031  0.698  0.537  -128  -120  -0.44480  -0.28479  -19  827
179  190  0032  0.753  0.537  -127  -120  -0.44480  -0.28479  -19  827
179  187  0033  0.708  0.537  -134  -120  -0.44480  -0.28479  -19  827
179  242  0034  0.752  0.787  -135  -135  -0.72680  -0.22479  -19  828
179  183  0035  0.625  0.537  -126  -120  -0.44480  -0.28479  -19  827
179  190  0036  0.658  0.537  -130  -120  -0.44480  -0.28479  -19  827
179  187  0037  0.723  0.537  -134  -120  -0.44480  -0.28479  -19  827
179  190  0038  0.659  0.537  -129  -120  -0.44480  -0.28479  -19  827
179  187  0039  0.731  0.537  -136  -120  -0.44480  -0.28479  -19  827
179  188  0040  0.753  0.537  -131  -120  -0.44480  -0.28479  -19  827
179  228  0041  0.745  0.787  -135  -135  -0.72680  -0.22479  -19  828
179  195  0042  0.724  0.740  -130  -130  -0.66680  -0.27279  -19  828
179  186  0043  0.710  0.537  -137  -120  -0.44480  -0.28479  -19  827
179  206  0044  0.762  0.790  -127  -126  -0.69080  -0.34479  -19  828
179  187  0045  0.688  0.537  -129  -120  -0.44480  -0.28479  -19  827
179  195  0046  0.625  0.537  -132  -120  -0.44480  -0.28479  -19  827
179  192  0047  0.741  0.744  -129  -129  -0.66680  -0.28479  -19  828
179  185  0048  0.651  0.537  -135  -120  -0.44480  -0.28479  -19  827
179  199  0049  0.728  0.737  -130  -130  -0.66080  -0.27879  -19  828
223  186  0000  0.716  0.537  -136  -120  -0.44480  -0.28479  -19  827
223  212  0001  0.752  0.752  -129  -129  -0.67280  -0.29079  -19  828
223  187  0002  0.644  0.537  -127  -120  -0.44480  -0.28479  -19  827
223  225  0003  0.721  0.730  -126  -127  -0.64280  -0.30879  -19  828
223  190  0004  0.655  0.537  -129  -120  -0.44480  -0.28479  -19  827
223  202  0005  0.761  0.760  -130  -130  -0.68480  -0.27879  -19  828
223  202  0006  0.753  0.761  -127  -127  -0.67280  -0.31479  -19  828
223  186  0007  0.678  0.537  -134  -120  -0.44480  -0.28479  -19  827
223  185  0008  0.689  0.537  -139  -120  -0.44480  -0.28479  -19  827
223  222  0009  0.740  0.785  -137  -136  -0.72680  -0.21879  -19  828
223  226  0010  0.707  0.731  -130  -129  -0.65480  -0.27879  -19  827
223  183  0011  0.672  0.537  -137  -120  -0.44480  -0.28479  -19  827
223  205  0012  0.686  0.714  -128  -127  -0.63080  -0.29679  -19  827
223  184  0013  0.678  0.537  -138  -120  -0.44480  -0.28479  -19  827
223  188  0014  0.683  0.537  -128  -120  -0.44480  -0.28479  -19  827
223  196  0015  0.623  0.537  -132  -120  -0.44480  -0.28479  -19  827
223  209  0016  0.740  0.746  -126  -126  -0.65480  -0.32079  -19  828
223  183  0017  0.667  0.537  -136  -120  -0.44480  -0.28479  -19  827
223  186  0018  0.670  0.537  -126  -120  -0.44480  -0.28479  -19  827
223  187  0019  0.647  0.537  -127  -120  -0.44480  -0.28479  -19  827
223  276  0020  0.756  0.788  -134  -135  -0.72680  -0.23079  -19  828
223  187  0021  0.720  0.537  -134  -120  -0.44480  -0.28479  -19  827
223  235  0022  0.757  0.784  -126  -126  -0.68480  -0.34479  -19  828
223  186  0023  0.719  0.537  -135  -120  -0.44480  -0.28479  -19  827
223  221  0024  0.751  0.754  -130  -130  -0.67880  -0.27879  -19  828
223  187  0025  0.688  0.537  -132  -120  -0.44480  -0.28479  -19  827
223  231  0026  0.739  0.748  -131  -131  -0.67880  -0.26079  -19  828
223  187  0027  0.719  0.537  -139  -120  -0.44480  -0.28479  -19  827
223  182  0028  0.630  0.537  -137  -120  -0.44480  -0.28479  -19  827
223  215  0029  0.732  0.780  -135  -135  -0.72080  -0.22479  -19  828
223  192  0030  0.628  0.537  -129  -120  -0.44480  -0.28479  -19  827
223  186  0031  0.690  0.537  -135  -120  -0.44480  -0.28479  -19  827
223  210  0032  0.696  0.725  -129  -129  -0.64880  -0.27879  -19  827
223  219  0033  0.757  0.762  -131  -131  -0.69080  -0.26679  -19  828
223  229  0034  0.731  0.743  -131  -131  -0.67280  -0.26079  -19  828
223  181  0035  0.635  0.537  -137  -120  -0.44480  -0.28479  -19  827
223  188  0036  0.629  0.537  -135  -120  -0.44480  -0.28479  -19  827
223  219  0037  0.750  0.752  -129  -129  -0.67280  -0.29079  -19  828
223  182  0038  0.643  0.537  -136  -120  -0.44480  -0.28479  -19  827
223  181  0039  0.637  0.537  -138  -120  -0.44480  -0.28479  -19  827
223  191  0040  0.649  0.537  -129  -120  -0.44480  -0.28479  -19  827
223  181  0041  0.637  0.537  -126  -120  -0.44480  -0.28479  -19  827
223  191  0042  0.629  0.537  -134  -120  -0.44480  -0.28479  -19  827
223  184  0043  0.658  0.537  -135  -120  -0.44480  -0.28479  -19  827
223  194  0044  0.728  0.779  -136  -136  -0.72080  -0.21879  -19  828
223  221  0045  0.745  0.749  -128  -128  -0.66680  -0.29679  -19  828
223  237  0046  0.732  0.737  -128  -128  -0.65480  -0.29679  -19  828
223  190  0047  0.635  0.537  -128  -120  -0.44480  -0.28479  -19  827
223  189  0048  0.767  0.537  -130  -120  -0.44480  -0.28479  -19  827
223  228  0049  0.744  0.747  -129  -129  -0.66680  -0.29079  -19  828
268  180  0000  0.627  0.537  -126  -120  -0.44480  -0.28479  -19  827
268  282  0001  0.714  0.731  -129  -129  -0.65480  -0.27879  -19  828
268  182  0002  0.628  0.537  -136  -120  -0.44480  -0.28479  -18  826
268  235  0003  0.763  0.762  -130  -130  -0.68480  -0.28479  -19  828
268  282  0004  0.747  0.785  -136  -136  -0.72680  -0.21879  -19  828
268  181  0005  0.657  0.537  -136  -120  -0.44480  -0.28479  -19  827
268  216  0006  0.686  0.719  -129  -129  -0.64280  -0.27879  -19  827
268  187  0007  0.698  0.537  -133  -120  -0.44480  -0.28479  -19  827
268  185  0008  0.670  0.537  -134  -120  -0.44480  -0.28479  -19  827
268  287  0009  0.718  0.733  -129  -129  -0.65480  -0.28479  -19  828
268  290  0010  0.744  0.776  -134  -135  -0.71480  -0.23079  -19  828
268  184  0011  0.661  0.537  -126  -120  -0.44480  -0.28479  -19  827
268  277  0012  0.739  0.741  -129  -129  -0.66080  -0.29079  -19  828
268  179  0013  0.632  0.537  -139  -120  -0.44480  -0.28479  -18  826
268  188  0014  0.645  0.537  -128  -120  -0.44480  -0.28479  -19  827
268  230  0015  0.676  0.699  -126  -126  -0.61280  -0.30279  -19  827
268  188  0016  0.647  0.537  -133  -120  -0.44480  -0.28479  -19  827
268  200  0017  0.728  0.778  -137  -136  -0.72080  -0.21279  -19  828
268  181  0018  0.630  0.537  -126  -120  -0.44480  -0.28479  -19  827
268  184  0019  0.682  0.537  -135  -120  -0.44480  -0.28479  -19  827
268  182  0020  0.664  0.537  -138  -120  -0.44480  -0.28479  -19  827
268  186  0021  0.624  0.537  -135  -120  -0.44480  -0.28479  -19  826
268  189  0022  0.667  0.537  -129  -120  -0.44480  -0.28479  -19  827
268  288  0023  0.726  0.735  -128  -128  -0.65480  -0.29079  -19  828
268  336  0024  0.764  0.791  -137  -136  -0.73280  -0.21879  -19  828
268  285  0025  0.725  0.731  -128  -128  -0.64880  -0.29679  -19  828
268  193  0026  0.618  0.537  -134  -120  -0.44480  -0.28479  -19  826
268  255  0027  0.753  0.750  -129  -130  -0.67280  -0.28479  -19  828
268  186  0028  0.664  0.537  -127  -120  -0.44480  -0.28479  -19  827
268  183  0029  0.691  0.537  -138  -120  -0.44480  -0.28479  -19  827
268  181  0030  0.630  0.537  -136  -120  -0.44480  -0.28479  -18  827
268  192  0031  0.652  0.537  -130  -120  -0.44480  -0.28479  -19  827
268  181  0032  0.664  0.537  -137  -120  -0.44480  -0.28479  -19  827
268  271  0033  0.736  0.753  -132  -132  -0.68480  -0.25479  -19  828
268  186  0034  0.689  0.537  -133  -120  -0.44480  -0.28479  -19  827
268  281  0035  0.713  0.733  -129  -129  -0.65480  -0.28479  -19  828
268  188  0036  0.613  0.537  -136  -120  -0.44480  -0.28479  -18  826
268  193  0037  0.637  0.537  -129  -120  -0.44480  -0.28479  -19  827
268  185  0038  0.701  0.537  -136  -120  -0.44480  -0.28479  -19  827
268  191  0039  0.655  0.537  -130  -120  -0.44480  -0.28479  -19  827
268  225  0040  0.696  0.727  -131  -130  -0.65480  -0.26679  -19  827
268  311  0041  0.755  0.791  -136  -136  -0.73280  -0.21879  -19  828
268  220  0042  0.690  0.723  -130  -130  -0.64880  -0.27279  -19  827
268  185  0043  0.711  0.537  -136  -120  -0.44480  -0.28479  -19  827
268  191  0044  0.654  0.537  -131  -120  -0.44480  -0.28479  -19  827
268  186  0045  0.687  0.537  -133  -120  -0.44480  -0.28479  -19  827
268  199  0046  0.621  0.537  -132  -120  -0.44480  -0.28479  -19  827
268  191  0047  0.663  0.694  -126  -126  -0.60680  -0.30279  -19  827
268  200  0048  0.616  0.537  -132  -120  -0.44480  -0.28479  -19  827
268  290  0049  0.745  0.779  -136  -136  -0.72080  -0.21879  -19  828
313  194  0000  0.673  0.713  -129  -129  -0.63680  -0.27879  -19  827
313  248  0001  0.730  0.772  -136  -136  -0.71480  -0.21279  -19  828
313  252  0002  0.695  0.727  -131  -130  -0.65480  -0.26679  -19  827
313  266  0003  0.709  0.733  -132  -132  -0.66680  -0.24879  -19  827
313  213  0004  0.724  0.732  -138  -138  -0.68480  -0.17079  -19  828
313  239  0005  0.674  0.706  -128  -127  -0.62480  -0.29079  -19  827
313  188  0006  0.651  0.537  -133  -120  -0.44480  -0.28479  -19  827
313  181  0007  0.672  0.537  -138  -120  -0.44480  -0.28479  -18  827
313  186  0008  0.692  0.537  -134  -120  -0.44480  -0.28479  -19  827
313  188  0009  0.698  0.712  -136  -137  -0.66080  -0.18879  -19  827
313  189  0010  0.661  0.537  -131  -120  -0.44480  -0.28479  -19  827
313  289  0011  0.754  0.769  -127  -127  -0.67880  -0.32079  -19  828
313  329  0012  0.728  0.739  -129  -129  -0.66080  -0.28479  -19  828
313  299  0013  0.768  0.778  -132  -132  -0.70880  -0.26079  -19  828
313  183  0014  0.680  0.537  -136  -120  -0.44480  -0.28479  -19  827
313  311  0015  0.706  0.725  -129  -129  -0.64880  -0.27879  -19  828
313  230  0016  0.712  0.725  -138  -139  -0.67880  -0.16479  -19  828
313  291  0017  0.688  0.714  -127  -127  -0.63080  -0.29679  -19  827
313  295  0018  0.755  0.756  -130  -130  -0.67880  -0.28479  -19  828
313  318  0019  0.753  0.764  -132  -132  -0.69680  -0.25479  -19  828
313  196  0020  0.685  0.708  -137  -138  -0.66080  -0.17079  -19  827
313  321  0021  0.708  0.722  -127  -127  -0.63680  -0.30279  -19  828
313  185  0022  0.671  0.537  -133  -120  -0.44480  -0.28479  -19  827
313  324  0023  0.713  0.728  -127  -127  -0.64280  -0.30279  -19  828
313  179  0024  0.612  0.537  -139  -120  -0.44480  -0.28479  -18  826
313  320  0025  0.736  0.744  -131  -131  -0.67280  -0.26679  -19  828
313  181  0026  0.666  0.537  -136  -120  -0.44480  -0.28479  -19  827
313  199  0027  0.621  0.537  -133  -120  -0.44480  -0.28479  -19  826
313  343  0028  0.748  0.780  -135  -135  -0.72080  -0.22479  -19  828
313  231  0029  0.715  0.725  -138  -139  -0.67880  -0.16479  -19  828
313  319  0030  0.752  0.764  -132  -132  -0.69680  -0.25479  -19  828
313  178  0031  0.627  0.537  -138  -120  -0.44480  -0.28479  -18  826
313  326  0032  0.727  0.740  -130  -130  -0.66680  -0.27279  -19  828
313  300  0033  0.768  0.793  -138  -137  -0.73880  -0.20079  -19  828
313  305  0034  0.768  0.791  -127  -127  -0.69680  -0.33279  -19  828
313  247  0035  0.711  0.736  -133  -133  -0.67280  -0.23679  -19  828
313  331  0036  0.720  0.731  -128  -128  -0.64880  -0.29679  -19  828
313  210  0037  0.698  0.714  -137  -138  -0.66680  -0.17079  -19  827
313  200  0038  0.616  0.537  -130  -120  -0.44480  -0.28479  -19  827
313  273  0039  0.702  0.731  -131  -131  -0.66080  -0.26079  -19  827
313  184  0040  0.625  0.537  -127  -120  -0.44480  -0.28479  -19  827
313  313  0041  0.700  0.716  -126  -127  -0.63080  -0.30279  -19  828
313  386  0042  0.764  0.788  -134  -135  -0.72680  -0.23079  -19  828
313  293  0043  0.750  0.751  -128  -128  -0.66680  -0.30279  -19  828
313  311  0044  0.731  0.748  -132  -131  -0.67880  -0.26079  -19  828
313  318  0045  0.748  0.763  -132  -133  -0.69680  -0.24879  -19  828
313  195  0046  0.616  0.537  -134  -120  -0.44480  -0.28479  -19  826
313  229  0047  0.695  0.718  -139  -139  -0.67280  -0.15879  -19  827
313  201  0048  0.686  0.723  -131  -131  -0.65480  -0.25479  -19  827
313  287  0049  0.736  0.773  -136  -135  -0.71480  -0.21879  -19  828
357  354  0000  0.746  0.754  -130  -130  -0.67880  -0.27879  -19  828
357  179  0001  0.630  0.537  -136  -120  -0.44480  -0.28479  -18  826
357  367  0002  0.707  0.723  -128  -128  -0.64280  -0.29079  -19  828
357  309  0003  0.681  0.706  -128  -127  -0.62480  -0.29079  -19  827
357  182  0004  0.659  0.537  -134  -120  -0.44480  -0.28479  -19  827
357  358  0005  0.737  0.748  -132  -131  -0.67880  -0.26079  -19  828
357  334  0006  0.767  0.793  -138  -137  -0.73880  -0.20079  -19  828
357  409  0007  0.758  0.782  -134  -135  -0.72080  -0.23079  -19  828
357  367  0008  0.736  0.746  -131  -130  -0.67280  -0.27279  -19  828
357  380  0009  0.767  0.790  -126  -126  -0.69080  -0.34479  -19  828
357  233  0010  0.712  0.726  -136  -136  -0.67280  -0.20079  -19  828
357  238  0011  0.680  0.715  -130  -130  -0.64280  -0.26679  -19  827
357  362  0012  0.714  0.724  -126  -127  -0.63680  -0.30879  -19  828
357  340  0013  0.764  0.774  -131  -132  -0.70280  -0.26679  -19  828
357  195  0014  0.645  0.537  -130  -120  -0.44480  -0.28479  -19  827
357  253  0015  0.716  0.743  -135  -135  -0.68480  -0.21879  -19  828
357  380  0016  0.753  0.773  -133  -134  -0.70880  -0.24279  -19  828
357  241  0017  0.719  0.729  -137  -137  -0.67880  -0.18279  -19  828
357  367  0018  0.744  0.771  -134  -134  -0.70880  -0.23679  -19  828
357  245  0019  0.693  0.727  -132  -132  -0.66080  -0.24879  -19  827
357  308  0020  0.708  0.735  -132  -132  -0.66680  -0.25479  -19  827
357  338  0021  0.723  0.741  -132  -132  -0.67280  -0.25479  -19  828
357  354  0022  0.710  0.729  -130  -130  -0.65480  -0.27279  -19  828
357  360  0023  0.731  0.739  -127  -128  -0.65480  -0.30279  -19  828
357  362  0024  0.744  0.763  -133  -133  -0.69680  -0.24879  -19  828
357  305  0025  0.710  0.733  -133  -132  -0.66680  -0.24879  -19  827
357  188  0026  0.628  0.537  -128  -120  -0.44480  -0.28479  -19  827
357  187  0027  0.639  0.537  -134  -120  -0.44480  -0.28479  -19  827
357  272  0028  0.696  0.712  -139  -139  -0.66680  -0.15879  -19  827
357  194  0029  0.669  0.697  -137  -137  -0.64880  -0.17679  -19  827
357  328  0030  0.698  0.725  -130  -129  -0.64880  -0.27879  -19  827
357  309  0031  0.735  0.772  -136  -136  -0.71480  -0.21279  -19  828
357  372  0032  0.728  0.735  -128  -128  -0.65480  -0.29079  -19  828
357  193  0033  0.644  0.537  -132  -120  -0.44480  -0.28479  -19  827
357  177  0034  0.639  0.537  -139  -120  -0.44480  -0.28479  -18  826
357  348  0035  0.732  0.738  -126  -127  -0.64880  -0.31479  -19  828
357  199  0036  0.625  0.537  -130  -120  -0.44480  -0.28479  -19  827
357  193  0037  0.657  0.695  -128  -127  -0.61280  -0.29079  -19  827
357  352  0038  0.755  0.766  -132  -132  -0.69680  -0.26079  -19  828
357  177  0039  0.635  0.537  -137  -120  -0.44480  -0.28479  -18  826
357  335  0040  0.722  0.739  -132  -132  -0.67280  -0.24879  -19  828
357  186  0041  0.653  0.537  -133  -120  -0.44480  -0.28479  -19  827
357  202  0042  0.620  0.537  -132  -120  -0.44480  -0.28479  -19  826
357  329  0043  0.688  0.712  -128  -128  -0.63080  -0.29079  -19  827
357  178  0044  0.639  0.537  -136  -120  -0.44480  -0.28479  -18  826
357  373  0045  0.727  0.737  -130  -130  -0.66080  -0.27879  -19  828
357  376  0046  0.758  0.790  -137  -136  -0.73280  -0.21279  -19  828
357  327  0047  0.700  0.723  -130  -130  -0.64880  -0.27279  -19  827
357  194  0048  0.631  0.537  -133  -120  -0.44480  -0.28479  -19  826
357  181  0049  0.670  0.537  -135  -120  -0.44480  -0.28479  -19  827
402  363  0000  0.691  0.715  -129  -128  -0.63680  -0.28479  -19  827
402  193  0001  0.612  0.537  -128  -120  -0.44480  -0.28479  -19  827
402  206  0002  0.614  0.537  -132  -120  -0.44480  -0.28479  -19  826
402  407  0003  0.725  0.739  -131  -131  -0.66680  -0.26679  -19  828
402  284  0004  0.682  0.715  -130  -130  -0.64280  -0.26679  -19  827
402  273  0005  0.688  0.704  -136  -137  -0.65480  -0.18279  -19  827
402  398  0006  0.726  0.743  -132  -131  -0.67280  -0.26079  -19  828
402  264  0007  0.681  0.698  -136  -137  -0.64880  -0.18279  -19  827
402  263  0008  0.682  0.719  -131  -131  -0.64880  -0.26079  -19  827
402  371  0009  0.723  0.745  -133  -132  -0.67880  -0.24879  -19  828
402  177  0010  0.654  0.537  -137  -120  -0.44480  -0.28479  -18  827
402  180  0011  0.657  0.537  -135  -120  -0.44480  -0.28479  -19  827
402  226  0012  0.666  0.691  -137  -137  -0.64280  -0.17679  -19  827
402  405  0013  0.754  0.764  -132  -132  -0.69680  -0.25479  -19  828
402  402  0014  0.706  0.716  -126  -127  -0.63080  -0.30279  -19  828
402  415  0015  0.728  0.735  -128  -128  -0.65480  -0.29079  -19  828
402  185  0016  0.624  0.537  -127  -120  -0.44480  -0.28479  -19  827
402  198  0017  0.625  0.537  -129  -120  -0.44480  -0.28479  -19  827
402  236  0018  0.674  0.693  -136  -136  -0.64280  -0.18879  -19  827
402  351  0019  0.768  0.774  -129  -129  -0.69080  -0.30279  -19  828
402  265  0020  0.695  0.707  -136  -136  -0.65480  -0.19479  -19  827
402  396  0021  0.739  0.759  -134  -134  -0.69680  -0.23679  -19  828
402  204  0022  0.649  0.678  -127  -126  -0.59480  -0.29079  -19  827
402  196  0023  0.619  0.537  -129  -120  -0.44480  -0.28479  -19  827
402  189  0024  0.665  0.537  -130  -120  -0.44480  -0.28479  -19  827
402  229  0025  0.677  0.713  -131  -130  -0.64280  -0.26079  -19  827
402  253  0026  0.676  0.698  -136  -137  -0.64880  -0.18279  -19  827
402  210  0027  0.665  0.702  -129  -128  -0.62480  -0.27879  -19  827
402  228  0028  0.676  0.713  -131  -130  -0.64280  -0.26079  -19  827
402  204  0029  0.613  0.537  -130  -120  -0.44480  -0.28479  -19  826
402  178  0030  0.618  0.537  -126  -120  -0.44480  -0.28479  -19  827
402  387  0031  0.698  0.721  -128  -129  -0.64280  -0.28479  -19  828
402  359  0032  0.762  0.768  -129  -129  -0.68480  -0.30279  -19  828
402  402  0033  0.738  0.748  -132  -131  -0.67880  -0.26079  -19  828
402  181  0034  0.623  0.537  -127  -120  -0.44480  -0.28479  -19  827
402  292  0035  0.713  0.737  -135  -135  -0.67880  -0.21879  -19  828
402  201  0036  0.678  0.710  -133  -133  -0.64880  -0.23079  -19  827
402  256  0037  0.682  0.717  -131  -131  -0.64880  -0.25479  -19  827
402  294  0038  0.701  0.715  -137  -138  -0.66680  -0.17679  -19  828
402  201  0039  0.632  0.537  -131  -120  -0.44480  -0.28479  -19  826
402  304  0040  0.716  0.737  -135  -135  -0.67880  -0.21879  -19  828
402  268  0041  0.689  0.705  -136  -136  -0.65480  -0.18879  -19  827
402  360  0042  0.746  0.776  -137  -136  -0.72080  -0.20679  -19  828
402  377  0043  0.741  0.772  -136  -136  -0.71480  -0.21279  -19  828
402  418  0044  0.752  0.778  -136  -136  -0.72080  -0.21279  -19  828
402  374  0045  0.753  0.759  -128  -128  -0.67280  -0.30879  -19  828
402  178  0046  0.622  0.537  -127  -120  -0.44480  -0.28479  -19  827
402  201  0047  0.618  0.537  -130  -120  -0.44480  -0.28479  -19  826
402  291  0048  0.719  0.727  -138  -138  -0.67880  -0.17679  -19  828
402  227  0049  0.651  0.678  -127  -126  -0.59480  -0.29079  -19  827
446  351  0000  0.736  0.744  -139  -139  -0.69680  -0.16479  -19  828
446  244  0001  0.665  0.693  -136  -136  -0.64280  -0.18879  -19  827
446  370  0002  0.704  0.718  -139  -139  -0.67280  -0.15879  -19  828
446  235  0003  0.676  0.701  -133  -134  -0.64280  -0.21879  -19  827
446  446  0004  0.745  0.759  -132  -132  -0.69080  -0.25479  -19  828
446  181  0005  0.646  0.537  -135  -120  -0.44480  -0.28479  -18  827
446  453  0006  0.710  0.726  -127  -128  -0.64280  -0.29679  -19  828
446  452  0007  0.736  0.746  -130  -130  -0.67280  -0.27279  -19  828
446  177  0008  0.625  0.537  -137  -120  -0.44480  -0.28479  -18  826
446  336  0009  0.710  0.731  -135  -134  -0.67280  -0.21879  -19  828
446  438  0010  0.754  0.766  -132  -132  -0.69680  -0.26079  -19  828
446  223  0011  0.636  0.661  -127  -126  -0.57680  -0.29079  -19  827
446  199  0012  0.653  0.688  -138  -138  -0.64280  -0.16479  -18  827
446  182  0013  0.646  0.537  -135  -120  -0.44480  -0.28479  -18  827
446  193  0014  0.612  0.537  -128  -120  -0.44480  -0.28479  -19  827
446  190  0015  0.649  0.537  -132  -120  -0.44480  -0.28479  -19  827
446  204  0016  0.626  0.537  -130  -120  -0.44480  -0.28479  -19  826
446  452  0017  0.748  0.763  -133  -133  -0.69680  -0.24879  -19  828
446  194  0018  0.638  0.537  -129  -120  -0.44480  -0.28479  -18  827
446  337  0019  0.684  0.717  -130  -129  -0.64280  -0.27279  -19  827
446  186  0020  0.658  0.537  -133  -120  -0.44480  -0.28479  -19  827
446  386  0021  0.674  0.694  -126  -126  -0.60680  -0.30279  -19  827
446  279  0022  0.687  0.716  -133  -133  -0.65480  -0.23079  -19  827
446  341  0023  0.720  0.741  -136  -135  -0.68480  -0.21279  -19  828
446  323  0024  0.720  0.739  -136  -136  -0.68480  -0.20079  -19  828
446  448  0025  0.713  0.731  -130  -129  -0.65480  -0.27879  -19  828
446  458  0026  0.728  0.742  -130  -130  -0.66680  -0.27879  -19  828
446  488  0027  0.768  0.790  -137  -136  -0.73280  -0.21279  -19  828
446  459  0028  0.714  0.729  -128  -128  -0.64880  -0.29079  -19  828
446  291  0029  0.689  0.710  -135  -135  -0.65480  -0.20679  -19  827
446  229  0030  0.668  0.690  -135  -135  -0.63680  -0.20079  -19  827
446  422  0031  0.769  0.793  -138  -137  -0.73880  -0.20079  -19  828
446  178  0032  0.641  0.537  -136  -120  -0.44480  -0.28479  -18  826
446  441  0033  0.747  0.754  -130  -130  -0.67880  -0.27879  -19  828
446  440  0034  0.703  0.721  -129  -129  -0.64280  -0.28479  -19  828
446  194  0035  0.650  0.537  -131  -120  -0.44480  -0.28479  -19  827
446  418  0036  0.759  0.766  -130  -130  -0.69080  -0.27879  -19  828
446  196  0037  0.624  0.537  -134  -120  -0.44480  -0.28479  -18  826
446  442  0038  0.730  0.736  -127  -127  -0.64880  -0.30879  -19  828
446  350  0039  0.723  0.747  -135  -135  -0.69080  -0.21279  -19  828
446  185  0040  0.621  0.537  -136  -120  -0.44480  -0.28479  -18  826
446  268  0041  0.674  0.709  -130  -130  -0.63680  -0.26679  -19  827
446  391  0042  0.689  0.713  -129  -129  -0.63680  -0.27879  -19  827
446  411  0043  0.762  0.772  -128  -128  -0.68480  -0.31479  -19  828
446  179  0044  0.621  0.537  -127  -120  -0.44480  -0.28479  -19  827
446  329  0045  0.702  0.728  -134  -133  -0.66680  -0.23079  -19  827
446  352  0046  0.699  0.713  -138  -139  -0.66680  -0.16479  -19  828
446  405  0047  0.711  0.735  -132  -132  -0.66680  -0.25479  -19  828
446  295  0048  0.684  0.701  -135  -136  -0.64880  -0.19479  -19  827
446  344  0049  0.744  0.757  -139  -139  -0.70880  -0.17079  -19  828
491  496  0000  0.733  0.743  -128  -128  -0.66080  -0.29679  -19  828
491  421  0001  0.751  0.774  -138  -137  -0.72080  -0.19479  -19  828
491  368  0002  0.704  0.718  -137  -137  -0.66680  -0.18879  -19  828
491  390  0003  0.664  0.686  -126  -126  -0.60080  -0.29679  -19  827
491  180  0004  0.638  0.537  -135  -120  -0.44480  -0.28479  -18  826
491  499  0005  0.723  0.734  -127  -127  -0.64880  -0.30279  -19  828
491  202  0006  0.632  0.537  -132  -120  -0.44480  -0.28479  -18  826
491  407  0007  0.739  0.763  -137  -137  -0.70880  -0.20079  -19  828
491  453  0008  0.732  0.752  -134  -134  -0.69080  -0.23079  -19  828
491  190  0009  0.657  0.537  -131  -120  -0.44480  -0.28479  -18  827
491  263  0010  0.671  0.692  -134  -135  -0.63680  -0.20679  -19  827
491  478  0011  0.732  0.744  -127  -127  -0.65480  -0.31479  -19  828
491  415  0012  0.757  0.779  -138  -138  -0.72680  -0.18879  -19  828
491  476  0013  0.704  0.725  -129  -129  -0.64880  -0.27879  -19  828
491  173  0014  0.637  0.537  -137  -120  -0.44480  -0.28479  -18  826
491  311  0015  0.650  0.672  -127  -126  -0.58880  -0.29079  -19  827
491  372  0016  0.728  0.741  -137  -138  -0.69080  -0.18279  -19  828
491  204  0017  0.615  0.537  -134  -120  -0.44480  -0.28479  -18  826
491  366  0018  0.715  0.724  -137  -137  -0.67280  -0.18879  -19  828
491  297  0019  0.677  0.698  -134  -135  -0.64280  -0.20679  -19  827
491  493  0020  0.763  0.789  -137  -137  -0.73280  -0.20679  -19  828
491  381  0021  0.736  0.754  -138  -137  -0.70280  -0.18879  -19  828
491  529  0022  0.762  0.784  -137  -136  -0.72680  -0.21279  -19  828
491  200  0023  0.636  0.537  -130  -120  -0.44480  -0.28479  -18  827
491  463  0024  0.721  0.739  -132  -132  -0.67280  -0.24879  -19  828
491  430  0025  0.683  0.706  -128  -127  -0.62480  -0.29079  -19  827
491  192  0026  0.614  0.537  -135  -120  -0.44480  -0.28479  -18  826
491  210  0027  0.614  0.537  -132  -120  -0.44480  -0.28479  -18  826
491  403  0028  0.698  0.712  -139  -139  -0.66680  -0.15879  -19  828
491  415  0029  0.702  0.727  -132  -132  -0.66080  -0.24879  -19  827
491  359  0030  0.698  0.712  -136  -137  -0.66080  -0.18879  -19  828
491  204  0031  0.631  0.537  -131  -120  -0.44480  -0.28479  -18  826
491  426  0032  0.703  0.723  -131  -131  -0.65480  -0.25479  -19  827
491  305  0033  0.642  0.661  -126  -126  -0.57680  -0.29079  -19  827
491  487  0034  0.742  0.765  -134  -134  -0.70280  -0.23679  -19  828
491  207  0035  0.622  0.537  -130  -120  -0.44480  -0.28479  -18  826
491  177  0036  0.617  0.537  -137  -120  -0.44480  -0.28479  -18  826
491  182  0037  0.642  0.537  -135  -120  -0.44480  -0.28479  -18  826
491  461  0038  0.768  0.780  -128  -128  -0.69080  -0.32079  -19  828
491  180  0039  0.636  0.537  -135  -120  -0.44480  -0.28479  -18  826
491  193  0040  0.615  0.537  -135  -120  -0.44480  -0.28479  -18  826
491  436  0041  0.767  0.772  -129  -129  -0.69080  -0.29679  -19  828
491  457  0042  0.756  0.760  -129  -129  -0.67880  -0.29679  -19  828
491  470  0043  0.697  0.715  -128  -128  -0.63680  -0.28479  -19  828
491  480  0044  0.754  0.782  -137  -137  -0.72680  -0.20679  -19  828
491  175  0045  0.633  0.537  -136  -120  -0.44480  -0.28479  -18  826
491  205  0046  0.612  0.537  -130  -120  -0.44480  -0.28479  -18  826
491  464  0047  0.735  0.758  -134  -134  -0.69680  -0.23079  -19  828
491  185  0048  0.619  0.537  -136  -120  -0.44480  -0.28479  -18  826
491  194  0049  0.625  0.537  -134  -120  -0.44480  -0.28479  -18  826
536  173  0000  0.639  0.676  -138  -138  -0.63080  -0.16479  -18  827
536  441  0001  0.753  0.771  -139  -138  -0.72080  -0.18279  -19  828
536  182  0002  0.633  0.537  -135  -120  -0.44480  -0.28479  -18  826
536  519  0003  0.740  0.764  -134  -134  -0.70280  -0.23079  -19  828
536  507  0004  0.768  0.783  -128  -127  -0.69080  -0.32679  -19  828
536  449  0005  0.723  0.743  -135  -135  -0.68480  -0.21879  -19  828
536  231  0006  0.657  0.686  -133  -134  -0.63080  -0.20679  -19  827
536  538  0007  0.730  0.739  -128  -128  -0.65480  -0.30279  -19  828
536  521  0008  0.747  0.752  -129  -129  -0.67280  -0.29079  -19  828
536  490  0009  0.764  0.776  -128  -128  -0.69080  -0.30879  -19  828
536  530  0010  0.705  0.721  -129  -129  -0.64280  -0.28479  -19  828
536  496  0011  0.765  0.778  -128  -128  -0.69080  -0.31479  -19  828
536  410  0012  0.684  0.702  -137  -138  -0.65480  -0.17079  -19  827
536  534  0013  0.750  0.764  -132  -132  -0.69680  -0.25479  -19  828
536  217  0014  0.648  0.677  -135  -135  -0.62480  -0.19479  -19  827
536  187  0015  0.648  0.537  -133  -120  -0.44480  -0.28479  -18  827
536  417  0016  0.698  0.724  -133  -133  -0.66080  -0.23679  -19  827
536  420  0017  0.698  0.709  -137  -138  -0.66080  -0.17679  -19  828
536  184  0018  0.633  0.537  -135  -120  -0.44480  -0.28479  -18  826
536  532  0019  0.744  0.756  -131  -131  -0.68480  -0.26679  -19  828
536  292  0020  0.656  0.688  -138  -138  -0.64280  -0.16479  -19  827
536  222  0021  0.646  0.682  -138  -138  -0.63680  -0.16479  -18  827
536  440  0022  0.708  0.720  -138  -138  -0.67280  -0.17079  -19  828
536  391  0023  0.652  0.674  -126  -126  -0.58880  -0.29679  -19  827
536  429  0024  0.700  0.714  -138  -138  -0.66680  -0.17079  -19  828
536  313  0025  0.662  0.687  -136  -136  -0.63680  -0.18879  -19  827
536  285  0026  0.670  0.695  -133  -134  -0.63680  -0.21879  -19  827
536  185  0027  0.642  0.682  -138  -138  -0.63680  -0.16479  -18  827
536  456  0028  0.702  0.718  -139  -139  -0.67280  -0.15879  -19  828
536  582  0029  0.760  0.785  -136  -136  -0.72680  -0.21879  -19  828
536  476  0030  0.693  0.717  -129  -129  -0.64280  -0.27279  -19  827
536  171  0031  0.641  0.537  -139  -120  -0.44480  -0.28479  -18  826
536  327  0032  0.676  0.699  -134  -134  -0.64280  -0.21279  -19  827
536  491  0033  0.761  0.768  -129  -129  -0.68480  -0.30279  -19  828
536  462  0034  0.720  0.740  -134  -134  -0.67880  -0.23079  -19  828
536  485  0035  0.729  0.752  -134  -134  -0.69080  -0.23079  -19  828
536  243  0036  0.651  0.683  -135  -135  -0.63080  -0.19479  -19  827
536  478  0037  0.730  0.750  -135  -134  -0.69080  -0.22479  -19  828
536  531  0038  0.720  0.730  -126  -127  -0.64280  -0.30879  -19  828
536  505  0039  0.765  0.780  -128  -128  -0.69080  -0.32079  -19  828
536  407  0040  0.712  0.726  -136  -136  -0.67280  -0.20079  -19  828
536  206  0041  0.619  0.537  -130  -120  -0.44480  -0.28479  -18  826
536  436  0042  0.754  0.771  -139  -138  -0.72080  -0.18279  -19  828
536  532  0043  0.719  0.730  -126  -127  -0.64280  -0.30879  -19  828
536  515  0044  0.710  0.727  -130  -130  -0.65480  -0.26679  -19  828
536  208  0045  0.612  0.537  -130  -120  -0.44480  -0.28479  -18  826
536  402  0046  0.705  0.722  -135  -135  -0.66680  -0.20679  -19  828
536  413  0047  0.688  0.703  -137  -137  -0.65480  -0.17679  -19  827
536  206  0048  0.629  0.537  -131  -120  -0.44480  -0.28479  -18  826
536  439  0049  0.687  0.711  -130  -129  -0.63680  -0.27279  -19  827
580  168  0000  0.633  0.537  -139  -120  -0.44480  -0.28479  -18  826
580  399  0001  0.647  0.666  -126  -126  -0.58280  -0.29079  -19  827
580  562  0002  0.764  0.772  -132  -132  -0.70280  -0.26079  -19  828
580  172  0003  0.614  0.537  -138  -120  -0.44480  -0.28479  -18  826
580  218  0004  0.640  0.676  -138  -138  -0.63080  -0.16479  -18  827
580  558  0005  0.732  0.740  -126  -126  -0.64880  -0.32079  -19  828
580  549  0006  0.732  0.747  -133  -133  -0.68480  -0.23679  -19  828
580  548  0007  0.765  0.776  -131  -131  -0.70280  -0.27279  -19  828
580  540  0008  0.753  0.775  -137  -137  -0.72080  -0.20079  -19  828
580  288  0009  0.631  0.650  -127  -126  -0.57080  -0.27879  -19  827
580  320  0010  0.653  0.683  -137  -137  -0.63680  -0.17079  -19  827
580  190  0011  0.643  0.537  -133  -120  -0.44480  -0.28479  -18  826
580  602  0012  0.769  0.790  -126  -126  -0.69080  -0.34479  -19  828
580  391  0013  0.681  0.698  -134  -135  -0.64280  -0.20679  -19  827
580  628  0014  0.766  0.783  -134  -134  -0.72080  -0.23679  -19  828
580  565  0015  0.736  0.751  -133  -133  -0.68480  -0.24879  -19  828
580  259  0016  0.659  0.694  -130  -130  -0.62480  -0.25479  -19  827
580  361  0017  0.643  0.664  -127  -126  -0.58280  -0.28479  -19  827
580  530  0018  0.767  0.776  -129  -128  -0.69080  -0.30879  -19  828
580  477  0019  0.745  0.759  -138  -138  -0.70880  -0.18279  -19  828
580  325  0020  0.654  0.685  -137  -137  -0.63680  -0.17679  -19  827
580  537  0021  0.735  0.756  -135  -135  -0.69680  -0.22479  -19  828
580  564  0022  0.750  0.778  -136  -136  -0.72080  -0.21279  -19  828
580  513  0023  0.712  0.731  -133  -132  -0.66680  -0.24279  -19  828
580  384  0024  0.681  0.707  -132  -132  -0.64280  -0.24279  -19  827
580  529  0025  0.748  0.769  -137  -137  -0.71480  -0.20079  -19  828
580  221  0026  0.641  0.676  -138  -138  -0.63080  -0.16479  -18  827
580  574  0027  0.702  0.716  -127  -127  -0.63080  -0.30279  -19  828
580  422  0028  0.666  0.692  -128  -127  -0.61280  -0.28479  -19  827
580  317  0029  0.670  0.700  -132  -132  -0.63680  -0.23679  -19  827
580  194  0030  0.632  0.537  -134  -120  -0.44480  -0.28479  -18  826
580  267  0031  0.615  0.631  -127  -126  -0.55280  -0.27279  -19  827
580  308  0032  0.652  0.680  -136  -136  -0.63080  -0.18279  -19  827
580  457  0033  0.675  0.698  -128  -128  -0.61880  -0.28479  -19  827
580  578  0034  0.705  0.716  -127  -127  -0.63080  -0.30279  -19  828
580  390  0035  0.667  0.693  -139  -139  -0.64880  -0.15879  -19  827
580  381  0036  0.670  0.695  -135  -136  -0.64280  -0.19479  -19  827
580  406  0037  0.670  0.691  -137  -137  -0.64280  -0.17679  -19  827
580  591  0038  0.755  0.773  -133  -134  -0.70880  -0.24279  -19  828
580  170  0039  0.636  0.675  -139  -138  -0.63080  -0.15879  -18  827
580  363  0040  0.669  0.690  -135  -135  -0.63680  -0.20079  -19  827
580  572  0041  0.743  0.765  -134  -134  -0.70280  -0.23679  -19  828
580  538  0042  0.731  0.752  -134  -134  -0.69080  -0.23079  -19  828
580  234  0043  0.647  0.678  -134  -135  -0.62480  -0.20079  -19  827
580  272  0044  0.664  0.696  -131  -131  -0.63080  -0.24279  -19  827
580  495  0045  0.716  0.725  -139  -139  -0.67880  -0.16479  -19  828
580  352  0046  0.674  0.699  -134  -134  -0.64280  -0.21279  -19  827
580  248  0047  0.618  0.636  -127  -126  -0.55880  -0.27279  -19  827
580  597  0048  0.751  0.771  -134  -134  -0.70880  -0.23679  -19  828
580  573  0049  0.704  0.719  -126  -126  -0.63080  -0.30879  -19  828
625  588  0000  0.698  0.719  -129  -129  -0.64280  -0.27879  -19  828
625  469  0001  0.684  0.701  -136  -136  -0.64880  -0.19479  -19  827
625  284  0002  0.647  0.681  -139  -138  -0.63680  -0.15879  -18  827
625  169  0003  0.626  0.537  -137  -120  -0.44480  -0.28479  -18  826
625  623  0004  0.714  0.731  -130  -129  -0.65480  -0.27879  -19  828
625  390  0005  0.676  0.702  -133  -133  -0.64280  -0.22479  -19  827
625  620  0006  0.737  0.747  -129  -129  -0.66680  -0.29079  -19  828
625  625  0007  0.747  0.761  -133  -133  -0.69680  -0.24279  -19  828
625  203  0008  0.635  0.537  -132  -120  -0.44480  -0.28479  -18  826
625  641  0009  0.754  0.773  -134  -134  -0.70880  -0.24279  -19  828
625  581  0010  0.727  0.747  -133  -133  -0.68480  -0.23679  -19  828
625  609  0011  0.695  0.711  -127  -127  -0.62480  -0.30279  -19  828
625  501  0012  0.723  0.739  -136  -136  -0.68480  -0.20079  -19  828
625  498  0013  0.719  0.730  -137  -137  -0.67880  -0.18879  -19  828
625  430  0014  0.681  0.699  -134  -134  -0.64280  -0.21279  -19  827
625  315  0015  0.648  0.682  -138  -138  -0.63680  -0.16479  -19  827
625  561  0016  0.717  0.737  -133  -133  -0.67280  -0.24279  -19  828
625  628  0017  0.733  0.742  -130  -130  -0.66680  -0.27879  -19  828
625  530  0018  0.698  0.712  -139  -139  -0.66680  -0.15879  -19  828
625  368  0019  0.672  0.700  -132  -132  -0.63680  -0.23679  -19  827
625  617  0020  0.743  0.759  -134  -134  -0.69680  -0.23679  -19  828
625  594  0021  0.750  0.759  -128  -128  -0.67280  -0.30879  -19  828
625  588  0022  0.759  0.766  -130  -130  -0.69080  -0.27879  -19  828
625  625  0023  0.734  0.742  -130  -130  -0.66680  -0.27879  -19  828
625  168  0024  0.615  0.537  -139  -120  -0.44480  -0.28479  -18  825
625  269  0025  0.641  0.677  -137  -137  -0.63080  -0.17079  -18  827
625  577  0026  0.761  0.772  -129  -129  -0.69080  -0.29679  -19  828
625  321  0027  0.665  0.698  -131  -131  -0.63080  -0.24879  -19  827
625  533  0028  0.695  0.719  -131  -131  -0.64880  -0.26079  -19  828
625  492  0029  0.711  0.726  -136  -136  -0.67280  -0.20079  -19  828
625  197  0030  0.643  0.537  -132  -120  -0.44480  -0.28479  -18  826
625  392  0031  0.676  0.704  -133  -133  -0.64280  -0.23079  -19  827
625  613  0032  0.732  0.747  -132  -132  -0.67880  -0.25479  -19  828
625  637  0033  0.757  0.773  -133  -134  -0.70880  -0.24279  -19  828
625  544  0034  0.671  0.688  -126  -126  -0.60080  -0.30279  -19  828
625  531  0035  0.724  0.743  -135  -135  -0.68480  -0.21879  -19  828
625  170  0036  0.628  0.537  -137  -120  -0.44480  -0.28479  -18  826
625  511  0037  0.692  0.708  -138  -138  -0.66080  -0.17079  -19  828
625  517  0038  0.741  0.751  -139  -139  -0.70280  -0.17079  -19  828
625  574  0039  0.686  0.706  -127  -127  -0.62480  -0.29079  -19  828
625  495  0040  0.685  0.703  -137  -137  -0.65480  -0.17679  -19  827
625  602  0041  0.732  0.740  -126  -126  -0.64880  -0.32079  -19  828
625  311  0042  0.650  0.676  -129  -128  -0.60080  -0.27279  -19  827
625  600  0043  0.709  0.729  -130  -130  -0.65480  -0.27279  -19  828
625  488  0044  0.691  0.705  -136  -136  -0.65480  -0.18879  -19  828
625  274  0045  0.657  0.684  -132  -133  -0.62480  -0.22479  -19  827
625  511  0046  0.712  0.731  -135  -134  -0.67280  -0.21879  -19  828
625  599  0047  0.749  0.752  -129  -129  -0.67280  -0.29079  -19  828
625  540  0048  0.750  0.774  -138  -137  -0.72080  -0.19479  -19  828
625  217  0049  0.650  0.680  -130  -130  -0.61280  -0.24879  -19  827
89  188  0000  0.742  0.537  -134  -120  -0.44480  -0.28479  -19  827
89  188  0001  0.690  0.537  -129  -120  -0.44480  -0.28479  -19  827
89  189  0002  0.661  0.537  -128  -120  -0.44480  -0.28479  -19  827
89  188  0003  0.722  0.537  -131  -120  -0.44480  -0.28479  -19  827
89  191  0004  0.632  0.537  -129  -120  -0.44480  -0.28479  -19  827
89  188  0005  0.733  0.537  -136  -120  -0.44480  -0.28479  -19  827
89  187  0006  0.689  0.537  -139  -120  -0.44480  -0.28479  -19  827
89  186  0007  0.642  0.537  -138  -120  -0.44480  -0.28479  -19  827
89  188  0008  0.669  0.537  -127  -120  -0.44480  -0.28479  -19  827
89  187  0009  0.621  0.537  -136  -120  -0.44480  -0.28479  -19  827
89  187  0010  0.672  0.537  -134  -120  -0.44480  -0.28479  -19  827
89  188  0011  0.700  0.537  -132  -120  -0.44480  -0.28479  -19  827
89  189  0012  0.720  0.537  -127  -120  -0.44480  -0.28479  -19  827
89  191  0013  0.615  0.537  -134  -120  -0.44480  -0.28479  -19  827
89  188  0014  0.725  0.537  -127  -120  -0.44480  -0.28479  -19  827
89  189  0015  0.764  0.537  -127  -120  -0.44480  -0.28479  -19  827
89  187  0016  0.675  0.537  -136  -120  -0.44480  -0.28479  -19  827
89  188  0017  0.634  0.537  -127  -120  -0.44480  -0.28479  -19  827
89  189  0018  0.734  0.537  -126  -120  -0.44480  -0.28479  -19  827
89  186  0019  0.641  0.537  -137  -120  -0.44480  -0.28479  -19  827
89  187  0020  0.680  0.537  -135  -120  -0.44480  -0.28479  -19  827
89  187  0021  0.720  0.537  -131  -120  -0.44480  -0.28479  -19  827
89  186  0022  0.645  0.537  -135  -120  -0.44480  -0.28479  -19  827
89  191  0023  0.619  0.537  -134  -120  -0.44480  -0.28479  -19  827
89  188  0024  0.687  0.537  -132  -120  -0.44480  -0.28479  -19  827
89  187  0025  0.725  0.537  -129  -120  -0.44480  -0.28479  -19  827
89  186  0026  0.659  0.537  -136  -120  -0.44480  -0.28479  -19  827
89  186  0027  0.624  0.537  -126  -120  -0.44480  -0.28479  -19  827
89  188  0028  0.708  0.537  -128  -120  -0.44480  -0.28479  -19  827
89  189  0029  0.661  0.537  -128  -120  -0.44480  -0.28479  -19  827
89  186  0030  0.662  0.537  -138  -120  -0.44480  -0.28479  -19  827
89  190  0031  0.642  0.537  -130  -120  -0.44480  -0.28479  -19  827
89  187  0032  0.717  0.537  -130  -120  -0.44480  -0.28479  -19  827
89  191  0033  0.767  0.537  -138  -120  -0.44480  -0.28479  -19  827
89  190  0034  0.628  0.537  -129  -120  -0.44480  -0.28479  -19  827
89  191  0035  0.625  0.537  -129  -120  -0.44480  -0.28479  -19  827
89  188  0036  0.755  0.537  -131  -120  -0.44480  -0.28479  -19  827
89  188  0037  0.756  0.537  -130  -120  -0.44480  -0.28479  -19  827
89  190  0038  0.742  0.537  -138  -120  -0.44480  -0.28479  -19  827
89  187  0039  0.664  0.537  -135  -120  -0.44480  -0.28479  -19  827
89  188  0040  0.707  0.537  -128  -120  -0.44480  -0.28479  -19  827
89  189  0041  0.730  0.537  -127  -120  -0.44480  -0.28479  -19  827
89  190  0042  0.744  0.537  -139  -120  -0.44480  -0.28479  -19  827
89  188  0043  0.657  0.537  -134  -120  -0.44480  -0.28479  -19  827
89  188  0044  0.693  0.537  -134  -120  -0.44480  -0.28479  -19  827
89  188  0045  0.649  0.537  -134  -120  -0.44480  -0.28479  -19  827
89  188  0046  0.735  0.537  -134  -120  -0.44480  -0.28479  -19  827
89  188  0047  0.699  0.537  -130  -120  -0.44480  -0.28479  -19  827
89  188  0048  0.644  0.537  -134  -120  -0.44480  -0.28479  -19  827
89  187  0049  0.696  0.537  -136  -120  -0.44480  -0.28479  -19  827
134  192  0000  0.755  0.537  -138  -120  -0.44480  -0.28479  -19  827
134  189  0001  0.632  0.537  -134  -120  -0.44480  -0.28479  -19  827
134  187  0002  0.741  0.537  -130  -120  -0.44480  -0.28479  -19  827
134  188  0003  0.748  0.537  -128  -120  -0.44480  -0.28479  -19  827
134  191  0004  0.616  0.537  -134  -120  -0.44480  -0.28479  -19  827
134  186  0005  0.682  0.537  -138  -120  -0.44480  -0.28479  -19  827
134  187  0006  0.718  0.537  -136  -120  -0.44480  -0.28479  -19  827
134  187  0007  0.720  0.537  -128  -120  -0.44480  -0.28479  -19  827
134  187  0008  0.633  0.537  -127  -120  -0.44480  -0.28479  -19  827
134  188  0009  0.672  0.537  -127  -120  -0.44480  -0.28479  -19  827
134  189  0010  0.643  0.537  -128  -120  -0.44480  -0.28479  -19  827
134  189  0011  0.758  0.537  -133  -120  -0.44480  -0.28479  -19  827
134  186  0012  0.652  0.537  -135  -120  -0.44480  -0.28479  -19  827
134  185  0013  0.667  0.537  -137  -120  -0.44480  -0.28479  -19  827
134  188  0014  0.662  0.537  -128  -120  -0.44480  -0.28479  -19  827
134  187  0015  0.626  0.537  -136  -120  -0.44480  -0.28479  -19  827
134  185  0016  0.662  0.537  -138  -120  -0.44480  -0.28479  -19  827
134  188  0017  0.623  0.537  -135  -120  -0.44480  -0.28479  -19  827
134  190  0018  0.743  0.537  -137  -120  -0.44480  -0.28479  -19  827
134  187  0019  0.666  0.537  -133  -120  -0.44480  -0.28479  -19  827
134  188  0020  0.710  0.537  -128  -120  -0.44480  -0.28479  -19  827
134  215  0021  0.757  0.797  -136  -136  -0.73880  -0.21879  -19  828
134  187  0022  0.711  0.537  -138  -120  -0.44480  -0.28479  -19  827
134  187  0023  0.726  0.537  -131  -120  -0.44480  -0.28479  -19  827
134  186  0024  0.680  0.537  -139  -120  -0.44480  -0.28479  -19  827
134  188  0025  0.745  0.537  -133  -120  -0.44480  -0.28479  -19  827
134  188  0026  0.689  0.537  -127  -120  -0.44480  -0.28479  -19  827
134  186  0027  0.672  0.537  -135  -120  -0.44480  -0.28479  -19  827
134  187  0028  0.693  0.537  -135  -120  -0.44480  -0.28479  -19  827
134  190  0029  0.651  0.537  -130  -120  -0.44480  -0.28479  -19  827
134  187  0030  0.669  0.537  -133  -120  -0.44480  -0.28479  -19  827
134  186  0031  0.672  0.537  -136  -120  -0.44480  -0.28479  -19  827
134  188  0032  0.731  0.537  -137  -120  -0.44480  -0.28479  -19  827
134  188  0033  0.753  0.537  -130  -120  -0.44480  -0.28479  -19  827
134  187  0034  0.717  0.537  -137  -120  -0.44480  -0.28479  -19  827
134  187  0035  0.674  0.537  -133  -120  -0.44480  -0.28479  -19  827
134  189  0036  0.709  0.537  -126  -120  -0.44480  -0.28479  -19  827
134  188  0037  0.720  0.537  -127  -120  -0.44480  -0.28479  -19  827
134  189  0038  0.663  0.537  -129  -120  -0.44480  -0.28479  -19  827
134  228  0039  0.766  0.797  -136  -136  -0.73880  -0.21879  -19  828
134  186  0040  0.704  0.537  -137  -120  -0.44480  -0.28479  -19  827
134  187  0041  0.689  0.537  -135  -120  -0.44480  -0.28479  -19  827
134  188  0042  0.687  0.537  -128  -120  -0.44480  -0.28479  -19  827
134  189  0043  0.634  0.537  -128  -120  -0.44480  -0.28479  -19  827
134  187  0044  0.699  0.537  -129  -120  -0.44480  -0.28479  -19  827
134  189  0045  0.713  0.537  -127  -120  -0.44480  -0.28479  -19  827
134  187  0046  0.712  0.537  -131  -120  -0.44480  -0.28479  -19  827
134  189  0047  0.695  0.537  -126  -120  -0.44480  -0.28479  -19  827
134  189  0048  0.645  0.537  -133  -120  -0.44480  -0.28479  -19  827
134  193  0049  0.631  0.537  -131  -120  -0.44480  -0.28479  -19  827
179  182  0000  0.627  0.537  -126  -120  -0.44480  -0.28479  -19  827
179  199  0001  0.730  0.737  -130  -130  -0.66080  -0.27879  -19  828
179  189  0002  0.662  0.537  -130  -120  -0.44480  -0.28479  -19  827
179  186  0003  0.672  0.537  -135  -120  -0.44480  -0.28479  -19  827
179  183  0004  0.645  0.537  -137  -120  -0.44480  -0.28479  -19  827
179  192  0005  0.611  0.537  -129  -120  -0.44480  -0.28479  -19  827
179  187  0006  0.681  0.537  -134  -120  -0.44480  -0.28479  -19  827
179  187  0007  0.708  0.537  -132  -120  -0.44480  -0.28479  -19  827
179  184  0008  0.640  0.537  -136  -120  -0.44480  -0.28479  -19  827
179  194  0009  0.758  0.785  -132  -134  -0.72080  -0.24279  -19  828
179  185  0010  0.684  0.537  -137  -120  -0.44480  -0.28479  -19  827
179  199  0011  0.729  0.735  -128  -128  -0.65480  -0.29079  -19  828
179  185  0012  0.691  0.537  -137  -120  -0.44480  -0.28479  -19  827
179  189  0013  0.764  0.537  -130  -120  -0.44480  -0.28479  -19  827
179  187  0014  0.643  0.537  -127  -120  -0.44480  -0.28479  -19  827
179  188  0015  0.669  0.537  -131  -120  -0.44480  -0.28479  -19  827
179  188  0016  0.727  0.537  -138  -120  -0.44480  -0.28479  -19  827
179  275  0017  0.769  0.797  -136  -136  -0.73880  -0.21879  -19  828
179  182  0018  0.622  0.537  -139  -120  -0.44480  -0.28479  -19  827
179  187  0019  0.707  0.537  -135  -120  -0.44480  -0.28479  -19  827
179  185  0020  0.628  0.537  -127  -120  -0.44480  -0.28479  -19  827
179  189  0021  0.663  0.537  -130  -120  -0.44480  -0.28479  -19  827
179  187  0022  0.718  0.537  -137  -120  -0.44480  -0.28479  -19  827
179  189  0023  0.696  0.537  -126  -120  -0.44480  -0.28479  -19  827
179  188  0024  0.752  0.537  -129  -120  -0.44480  -0.28479  -19  827
179  186  0025  0.712  0.537  -138  -120  -0.44480  -0.28479  -19  827
179  187  0026  0.726  0.537  -134  -120  -0.44480  -0.28479  -19  827
179  187  0027  0.676  0.537  -131  -120  -0.44480  -0.28479  -19  827
179  263  0028  0.766  0.794  -134  -135  -0.73280  -0.23079  -19  828
179  190  0029  0.619  0.537  -128  -120  -0.44480  -0.28479  -19  827
179  188  0030  0.741  0.743  -128  -128  -0.66080  -0.29679  -19  828
179  186  0031  0.670  0.537  -134  -120  -0.44480  -0.28479  -19  827
179  220  0032  0.766  0.791  -133  -134  -0.72680  -0.24279  -19  828
179  189  0033  0.613  0.537  -128  -120  -0.44480  -0.28479  -19  827
179  219  0034  0.764  0.791  -133  -134  -0.72680  -0.24279  -19  828
179  188  0035  0.754  0.537  -129  -120  -0.44480  -0.28479  -19  827
179  185  0036  0.627  0.537  -127  -120  -0.44480  -0.28479  -19  827
179  186  0037  0.695  0.537  -136  -120  -0.44480  -0.28479  -19  827
179  189  0038  0.705  0.537  -126  -120  -0.44480  -0.28479  -19  827
179  191  0039  0.752  0.775  -132  -133  -0.70880  -0.24879  -19  828
179  189  0040  0.767  0.537  -128  -120  -0.44480  -0.28479  -19  827
179  185  0041  0.621  0.537  -136  -120  -0.44480  -0.28479  -19  827
179  186  0042  0.652  0.537  -134  -120  -0.44480  -0.28479  -19  827
179  184  0043  0.661  0.537  -136  -120  -0.44480  -0.28479  -19  827
179  211  0044  0.758  0.789  -133  -134  -0.72680  -0.23679  -19  828
179  189  0045  0.652  0.537  -128  -120  -0.44480  -0.28479  -19  827
179  193  0046  0.738  0.791  -137  -136  -0.73280  -0.21879  -19  827
179  184  0047  0.664  0.537  -136  -120  -0.44480  -0.28479  -19  827
179  188  0048  0.674  0.537  -128  -120  -0.44480  -0.28479  -19  827
179  209  0049  0.747  0.791  -137  -136  -0.73280  -0.21879  -19  827
223  188  0000  0.658  0.537  -128  -120  -0.44480  -0.28479  -19  827
223  190  0001  0.660  0.537  -130  -120  -0.44480  -0.28479  -19  827
223  235  0002  0.733  0.744  -131  -131  -0.67280  -0.26679  -19  828
223  185  0003  0.702  0.537  -139  -120  -0.44480  -0.28479  -19  827
223  246  0004  0.724  0.735  -129  -128  -0.65480  -0.29079  -19  828
223  235  0005  0.733  0.744  -131  -131  -0.67280  -0.26679  -19  828
223  231  0006  0.761  0.787  -127  -126  -0.69080  -0.33879  -19  828
223  199  0007  0.612  0.537  -132  -120  -0.44480  -0.28479  -19  827
223  198  0008  0.730  0.785  -136  -136  -0.72680  -0.21879  -19  828
223  223  0009  0.725  0.732  -126  -126  -0.64280  -0.31479  -19  828
223  187  0010  0.660  0.537  -133  -120  -0.44480  -0.28479  -19  827
223  194  0011  0.677  0.705  -126  -126  -0.61880  -0.30279  -19  827
223  181  0012  0.640  0.537  -137  -120  -0.44480  -0.28479  -19  827
223  181  0013  0.648  0.537  -137  -120  -0.44480  -0.28479  -19  827
223  183  0014  0.666  0.537  -139  -120  -0.44480  -0.28479  -19  827
223  228  0015  0.760  0.776  -132  -133  -0.70880  -0.25479  -19  828
223  191  0016  0.626  0.537  -128  -120  -0.44480  -0.28479  -19  827
223  182  0017  0.632  0.537  -137  -120  -0.44480  -0.28479  -19  827
223  245  0018  0.744  0.777  -134  -134  -0.71480  -0.23679  -19  828
223  187  0019  0.692  0.537  -133  -120  -0.44480  -0.28479  -19  827
223  182  0020  0.656  0.537  -136  -120  -0.44480  -0.28479  -19  827
223  210  0021  0.738  0.784  -137  -136  -0.72680  -0.21279  -19  828
223  187  0022  0.638  0.537  -134  -120  -0.44480  -0.28479  -19  827
223  189  0023  0.627  0.537  -135  -120  -0.44480  -0.28479  -19  827
223  188  0024  0.665  0.537  -128  -120  -0.44480  -0.28479  -19  827
223  191  0025  0.636  0.537  -133  -120  -0.44480  -0.28479  -19  827
223  236  0026  0.711  0.731  -129  -129  -0.65480  -0.27879  -19  827
223  182  0027  0.652  0.537  -136  -120  -0.44480  -0.28479  -19  827
223  182  0028  0.630  0.537  -126  -120  -0.44480  -0.28479  -19  827
223  237  0029  0.734  0.746  -131  -130  -0.67280  -0.27279  -19  828
223  229  0030  0.726  0.744  -131  -131  -0.67280  -0.26679  -19  828
223  182  0031  0.622  0.537  -137  -120  -0.44480  -0.28479  -18  827
223  186  0032  0.613  0.537  -127  -120  -0.44480  -0.28479  -19  827
223  186  0033  0.668  0.537  -133  -120  -0.44480  -0.28479  -19  827
223  183  0034  0.667  0.537  -137  -120  -0.44480  -0.28479  -19  827
223  187  0035  0.634  0.537  -127  -120  -0.44480  -0.28479  -19  827
223  304  0036  0.764  0.794  -134  -135  -0.73280  -0.23079  -19  828
223  193  0037  0.642  0.537  -131  -120  -0.44480  -0.28479  -19  827
223  220  0038  0.744  0.745  -128  -128  -0.66080  -0.30279  -19  828
223  186  0039  0.719  0.537  -136  -120  -0.44480  -0.28479  -19  827
223  243  0040  0.724  0.731  -128  -128  -0.64880  -0.29679  -19  828
223  186  0041  0.676  0.537  -132  -120  -0.44480  -0.28479  -19  827
223  184  0042  0.686  0.537  -137  -120  -0.44480  -0.28479  -19  827
223  185  0043  0.690  0.537  -136  -120  -0.44480  -0.28479  -19  827
223  210  0044  0.740  0.744  -126  -127  -0.65480  -0.31479  -19  828
223  186  0045  0.690  0.725  -130  -129  -0.64880  -0.27879  -19  827
223  190  0046  0.656  0.537  -131  -120  -0.44480  -0.28479  -19  827
223  187  0047  0.695  0.537  -133  -120  -0.44480  -0.28479  -19  827
223  187  0048  0.696  0.537  -134  -120  -0.44480  -0.28479  -19  827
223  238  0049  0.713  0.731  -129  -129  -0.65480  -0.27879  -19  828
268  186  0000  0.719  0.537  -138  -120  -0.44480  -0.28479  -19  827
268  180  0001  0.651  0.537  -137  -120  -0.44480  -0.28479  -19  827
268  186  0002  0.719  0.537  -136  -120  -0.44480  -0.28479  -19  827
268  216  0003  0.674  0.703  -127  -127  -0.61880  -0.29679  -19  827
268  185  0004  0.699  0.537  -136  -120  -0.44480  -0.28479  -19  827
268  183  0005  0.687  0.537  -137  -120  -0.44480  -0.28479  -19  827
268  187  0006  0.718  0.730  -138  -139  -0.68480  -0.15879  -19  828
268  249  0007  0.707  0.733  -131  -130  -0.66080  -0.26679  -19  827
268  278  0008  0.758  0.784  -126  -126  -0.68480  -0.34479  -19  828
268  191  0009  0.626  0.537  -128  -120  -0.44480  -0.28479  -19  827
268  184  0010  0.702  0.537  -137  -120  -0.44480  -0.28479  -19  827
268  179  0011  0.645  0.537  -138  -120  -0.44480  -0.28479  -18  827
268  278  0012  0.705  0.723  -128  -128  -0.64280  -0.29079  -19  828
268  186  0013  0.664  0.537  -133  -120  -0.44480  -0.28479  -19  827
268  249  0014  0.752  0.763  -127  -127  -0.67280  -0.32079  -19  828
268  253  0015  0.707  0.733  -131  -130  -0.66080  -0.26679  -19  827
268  274  0016  0.743  0.750  -131  -131  -0.67880  -0.26679  -19  828
268  181  0017  0.661  0.537  -138  -120  -0.44480  -0.28479  -19  827
268  196  0018  0.636  0.537  -131  -120  -0.44480  -0.28479  -19  827
268  186  0019  0.704  0.537  -135  -120  -0.44480  -0.28479  -19  827
268  188  0020  0.612  0.537  -136  -120  -0.44480  -0.28479  -18  826
268  189  0021  0.720  0.767  -136  -135  -0.70880  -0.21879  -19  827
268  187  0022  0.715  0.746  -135  -134  -0.68480  -0.23079  -19  827
268  186  0023  0.670  0.537  -132  -120  -0.44480  -0.28479  -19  827
268  198  0024  0.713  0.741  -134  -133  -0.67880  -0.23679  -19  827
268  220  0025  0.679  0.712  -128  -128  -0.63080  -0.29079  -19  827
268  185  0026  0.710  0.537  -137  -120  -0.44480  -0.28479  -19  827
268  184  0027  0.694  0.537  -138  -120  -0.44480  -0.28479  -19  827
268  201  0028  0.668  0.697  -127  -127  -0.61280  -0.29679  -19  827
268  228  0029  0.720  0.743  -133  -133  -0.67880  -0.24279  -19  828
268  190  0030  0.657  0.537  -129  -120  -0.44480  -0.28479  -19  827
268  275  0031  0.704  0.723  -128  -128  -0.64280  -0.29079  -19  828
268  179  0032  0.631  0.537  -138  -120  -0.44480  -0.28479  -18  826
268  180  0033  0.648  0.537  -139  -120  -0.44480  -0.28479  -18  827
268  186  0034  0.686  0.537  -133  -120  -0.44480  -0.28479  -19  827
268  187  0035  0.626  0.537  -135  -120  -0.44480  -0.28479  -19  827
268  190  0036  0.660  0.537  -130  -120  -0.44480  -0.28479  -19  827
268  186  0037  0.681  0.537  -132  -120  -0.44480  -0.28479  -19  827
268  321  0038  0.755  0.782  -134  -135  -0.72080  -0.23079  -19  828
268  186  0039  0.665  0.537  -133  -120  -0.44480  -0.28479  -19  827
268  180  0040  0.645  0.537  -139  -120  -0.44480  -0.28479  -18  827
268  191  0041  0.739  0.537  -139  -120  -0.44480  -0.28479  -19  827
268  186  0042  0.713  0.537  -136  -120  -0.44480  -0.28479  -19  827
268  281  0043  0.713  0.731  -129  -129  -0.65480  -0.27879  -19  828
268  202  0044  0.716  0.746  -134  -134  -0.68480  -0.23079  -19  827
268  243  0045  0.755  0.759  -128  -128  -0.67280  -0.30879  -19  828
268  272  0046  0.764  0.776  -132  -133  -0.70880  -0.25479  -19  828
268  182  0047  0.662  0.537  -139  -120  -0.44480  -0.28479  -18  827
268  185  0048  0.612  0.537  -137  -120  -0.44480  -0.28479  -18  826
268  185  0049  0.707  0.537  -136  -120  -0.44480  -0.28479  -19  827
313  321  0000  0.709  0.722  -127  -127  -0.63680  -0.30279  -19  828
313  382  0001  0.760  0.787  -135  -135  -0.72680  -0.22479  -19  828
313  182  0002  0.676  0.537  -136  -120  -0.44480  -0.28479  -19  827
313  178  0003  0.639  0.537  -137  -120  -0.44480  -0.28479  -18  827
313  194  0004  0.632  0.537  -129  -120  -0.44480  -0.28479  -19  827
313  280  0005  0.698  0.723  -130  -130  -0.64880  -0.27279  -19  827
313  190  0006  0.658  0.537  -131  -120  -0.44480  -0.28479  -19  827
313  180  0007  0.660  0.537  -136  -120  -0.44480  -0.28479  -19  827
313  195  0008  0.679  0.721  -130  -130  -0.64880  -0.26679  -19  827
313  201  0009  0.620  0.537  -131  -120  -0.44480  -0.28479  -19  827
313  197  0010  0.631  0.537  -132  -120  -0.44480  -0.28479  -19  827
313  200  0011  0.657  0.686  -127  -126  -0.60080  -0.29679  -19  827
313  275  0012  0.690  0.715  -129  -128  -0.63680  -0.28479  -19  827
313  184  0013  0.617  0.537  -127  -120  -0.44480  -0.28479  -19  827
313  191  0014  0.651  0.537  -129  -120  -0.44480  -0.28479  -19  827
313  184  0015  0.674  0.537  -134  -120  -0.44480  -0.28479  -19  827
313  347  0016  0.754  0.777  -134  -134  -0.71480  -0.23679  -19  828
313  200  0017  0.617  0.537  -130  -120  -0.44480  -0.28479  -19  827
313  188  0018  0.656  0.537  -132  -120  -0.44480  -0.28479  -19  827
313  318  0019  0.728  0.734  -127  -127  -0.64880  -0.30279  -19  828
313  281  0020  0.723  0.743  -133  -133  -0.67880  -0.24279  -19  828
313  188  0021  0.668  0.537  -130  -120  -0.44480  -0.28479  -19  827
313  185  0022  0.643  0.537  -127  -120  -0.44480  -0.28479  -19  827
313  187  0023  0.624  0.537  -128  -120  -0.44480  -0.28479  -19  827
313  293  0024  0.750  0.751  -128  -128  -0.66680  -0.30279  -19  828
313  180  0025  0.648  0.537  -126  -120  -0.44480  -0.28479  -19  827
313  306  0026  0.693  0.711  -126  -127  -0.62480  -0.30279  -19  828
313  295  0027  0.744  0.750  -127  -127  -0.66080  -0.31479  -19  828
313  287  0028  0.706  0.733  -131  -130  -0.66080  -0.26679  -19  827
313  178  0029  0.615  0.537  -139  -120  -0.44480  -0.28479  -18  826
313  180  0030  0.622  0.537  -137  -120  -0.44480  -0.28479  -18  826
313  232  0031  0.709  0.736  -134  -133  -0.67280  -0.23679  -19  827
313  323  0032  0.717  0.731  -130  -129  -0.65480  -0.27879  -19  828
313  191  0033  0.629  0.537  -134  -120  -0.44480  -0.28479  -19  826
313  179  0034  0.614  0.537  -138  -120  -0.44480  -0.28479  -18  826
313  245  0035  0.677  0.706  -128  -127  -0.62480  -0.29079  -19  827
313  200  0036  0.624  0.537  -131  -120  -0.44480  -0.28479  -19  827
313  184  0037  0.675  0.537  -135  -120  -0.44480  -0.28479  -19  827
313  200  0038  0.620  0.537  -130  -120  -0.44480  -0.28479  -19  827
313  317  0039  0.742  0.761  -133  -133  -0.69680  -0.24279  -19  828
313  194  0040  0.645  0.537  -130  -120  -0.44480  -0.28479  -19  827
313  184  0041  0.682  0.537  -135  -120  -0.44480  -0.28479  -19  827
313  203  0042  0.693  0.725  -133  -132  -0.66080  -0.24279  -19  827
313  198  0043  0.614  0.537  -134  -120  -0.44480  -0.28479  -19  826
313  308  0044  0.722  0.737  -131  -131  -0.66680  -0.26079  -19  828
313  306  0045  0.754  0.774  -126  -126  -0.67880  -0.33279  -19  828
313  200  0046  0.721  0.759  -136  -136  -0.70280  -0.21279  -19  828
313  188  0047  0.655  0.686  -127  -126  -0.60080  -0.29679  -19  827
313  329  0048  0.748  0.773  -133  -134  -0.70880  -0.24279  -19  828
313  326  0049  0.730  0.737  -128  -128  -0.65480  -0.29679  -19  828
357  176  0000  0.638  0.537  -126  -120  -0.44480  -0.28479  -19  827
357  197  0001  0.652  0.683  -127  -127  -0.60080  -0.29079  -19  827
357  377  0002  0.748  0.771  -134  -134  -0.70880  -0.23679  -19  828
357  195  0003  0.643  0.537  -129  -120  -0.44480  -0.28479  -19  827
357  308  0004  0.696  0.723  -130  -130  -0.64880  -0.27279  -19  827
357  184  0005  0.674  0.537  -133  -120  -0.44480  -0.28479  -19  827
357  190  0006  0.620  0.537  -128  -120  -0.44480  -0.28479  -19  827
357  185  0007  0.639  0.537  -134  -120  -0.44480  -0.28479  -19  827
357  299  0008  0.720  0.741  -134  -133  -0.67880  -0.23679  -19  828
357  237  0009  0.654  0.680  -126  -126  -0.59480  -0.29679  -19  827
357  272  0010  0.697  0.718  -139  -139  -0.67280  -0.15879  -19  828
357  370  0011  0.747  0.767  -133  -133  -0.70280  -0.24279  -19  828
357  178  0012  0.615  0.537  -138  -120  -0.44480  -0.28479  -18  826
357  195  0013  0.637  0.537  -132  -120  -0.44480  -0.28479  -19  827
357  359  0014  0.741  0.757  -133  -133  -0.69080  -0.24879  -19  828
357  214  0015  0.674  0.711  -130  -129  -0.63680  -0.27279  -19  827
357  187  0016  0.666  0.697  -137  -137  -0.64880  -0.17679  -19  827
357  183  0017  0.630  0.537  -127  -120  -0.44480  -0.28479  -19  827
357  334  0018  0.758  0.777  -127  -127  -0.68480  -0.32679  -19  828
357  187  0019  0.656  0.537  -133  -120  -0.44480  -0.28479  -19  827
357  401  0020  0.753  0.780  -135  -135  -0.72080  -0.22479  -19  828
357  199  0021  0.682  0.719  -132  -132  -0.65480  -0.24279  -19  827
357  329  0022  0.701  0.723  -130  -130  -0.64880  -0.27279  -19  827
357  360  0023  0.743  0.750  -131  -131  -0.67880  -0.26679  -19  828
357  362  0024  0.742  0.748  -130  -130  -0.67280  -0.27879  -19  828
357  198  0025  0.614  0.537  -134  -120  -0.44480  -0.28479  -18  826
357  304  0026  0.712  0.733  -133  -132  -0.66680  -0.24879  -19  827
357  302  0027  0.700  0.725  -131  -131  -0.65480  -0.26079  -19  827
357  202  0028  0.619  0.537  -132  -120  -0.44480  -0.28479  -19  826
357  404  0029  0.756  0.782  -134  -135  -0.72080  -0.23079  -19  828
357  259  0030  0.697  0.725  -133  -132  -0.66080  -0.24279  -19  827
357  346  0031  0.727  0.732  -126  -126  -0.64280  -0.31479  -19  828
357  375  0032  0.723  0.735  -128  -128  -0.65480  -0.29079  -19  828
357  367  0033  0.733  0.740  -130  -130  -0.66680  -0.27279  -19  828
357  331  0034  0.686  0.708  -127  -127  -0.62480  -0.29679  -19  827
357  185  0035  0.639  0.537  -127  -120  -0.44480  -0.28479  -19  827
357  236  0036  0.720  0.730  -137  -137  -0.67880  -0.18879  -19  828
357  332  0037  0.742  0.778  -136  -136  -0.72080  -0.21279  -19  828
357  364  0038  0.704  0.720  -127  -127  -0.63680  -0.29679  -19  828
357  340  0039  0.744  0.750  -127  -127  -0.66080  -0.31479  -19  828
357  359  0040  0.742  0.759  -132  -132  -0.69080  -0.25479  -19  828
357  193  0041  0.639  0.537  -129  -120  -0.44480  -0.28479  -19  827
357  184  0042  0.645  0.537  -127  -120  -0.44480  -0.28479  -19  827
357  179  0043  0.651  0.537  -136  -120  -0.44480  -0.28479  -18  827
357  179  0044  0.652  0.537  -136  -120  -0.44480  -0.28479  -18  827
357  308  0045  0.768  0.770  -129  -130  -0.69080  -0.29079  -19  828
357  201  0046  0.623  0.537  -130  -120  -0.44480  -0.28479  -19  827
357  234  0047  0.687  0.704  -137  -137  -0.65480  -0.18279  -19  827
357  319  0048  0.748  0.782  -137  -137  -0.72680  -0.20679  -19  828
357  301  0049  0.675  0.697  -127  -127  -0.61280  -0.29679  -19  827
402  182  0000  0.617  0.537  -137  -120  -0.44480  -0.28479  -18  826
402  202  0001  0.627  0.537  -132  -120  -0.44480  -0.28479  -19  826
402  356  0002  0.764  0.774  -129  -129  -0.69080  -0.30279  -19  828
402  184  0003  0.614  0.537  -136  -120  -0.44480  -0.28479  -18  826
402  413  0004  0.730  0.740  -130  -130  -0.66680  -0.27279  -19  828
402  176  0005  0.653  0.537  -138  -120  -0.44480  -0.28479  -18  827
402  409  0006  0.760  0.776  -132  -133  -0.70880  -0.25479  -19  828
402  449  0007  0.767  0.785  -133  -134  -0.72080  -0.24279  -19  828
402  202  0008  0.667  0.705  -130  -129  -0.63080  -0.27279  -19  827
402  200  0009  0.621  0.537  -129  -120  -0.44480  -0.28479  -19  827
402  411  0010  0.709  0.723  -128  -128  -0.64280  -0.29079  -19  828
402  296  0011  0.736  0.745  -138  -139  -0.69680  -0.17079  -19  828
402  237  0012  0.661  0.692  -128  -127  -0.61280  -0.28479  -19  827
402  179  0013  0.627  0.537  -136  -120  -0.44480  -0.28479  -18  826
402  179  0014  0.647  0.537  -135  -120  -0.44480  -0.28479  -18  827
402  397  0015  0.741  0.770  -135  -134  -0.70880  -0.23079  -19  828
402  177  0016  0.633  0.537  -137  -120  -0.44480  -0.28479  -18  826
402  286  0017  0.683  0.706  -139  -139  -0.66080  -0.15879  -19  827
402  199  0018  0.634  0.537  -130  -120  -0.44480  -0.28479  -19  827
402  467  0019  0.767  0.789  -134  -134  -0.72680  -0.23679  -19  828
402  189  0020  0.649  0.537  -128  -120  -0.44480  -0.28479  -19  827
402  338  0021  0.673  0.697  -127  -127  -0.61280  -0.29679  -19  827
402  382  0022  0.720  0.741  -132  -132  -0.67280  -0.25479  -19  828
402  370  0023  0.762  0.766  -130  -130  -0.69080  -0.27879  -19  828
402  400  0024  0.709  0.725  -129  -129  -0.64880  -0.27879  -19  828
402  200  0025  0.620  0.537  -129  -120  -0.44480  -0.28479  -19  827
402  176  0026  0.637  0.537  -137  -120  -0.44480  -0.28479  -18  826
402  411  0027  0.736  0.742  -130  -130  -0.66680  -0.27879  -19  828
402  175  0028  0.641  0.537  -138  -120  -0.44480  -0.28479  -18  826
402  328  0029  0.687  0.713  -129  -129  -0.63680  -0.27879  -19  827
402  410  0030  0.733  0.746  -131  -130  -0.67280  -0.27279  -19  828
402  392  0031  0.743  0.751  -128  -128  -0.66680  -0.30279  -19  828
402  408  0032  0.705  0.720  -128  -127  -0.63680  -0.29679  -19  828
402  269  0033  0.701  0.714  -136  -136  -0.66080  -0.20079  -19  827
402  395  0034  0.704  0.725  -129  -129  -0.64880  -0.27879  -19  828
402  198  0035  0.640  0.537  -130  -120  -0.44480  -0.28479  -19  827
402  196  0036  0.616  0.537  -134  -120  -0.44480  -0.28479  -18  826
402  180  0037  0.627  0.537  -136  -120  -0.44480  -0.28479  -18  826
402  206  0038  0.613  0.537  -132  -120  -0.44480  -0.28479  -19  826
402  192  0039  0.659  0.694  -138  -138  -0.64880  -0.16479  -19  827
402  235  0040  0.686  0.713  -134  -134  -0.65480  -0.21879  -19  827
402  389  0041  0.695  0.718  -128  -128  -0.63680  -0.29079  -19  828
402  377  0042  0.751  0.759  -128  -128  -0.67280  -0.30879  -19  828
402  417  0043  0.729  0.739  -129  -129  -0.66080  -0.28479  -19  828
402  185  0044  0.632  0.537  -135  -120  -0.44480  -0.28479  -18  826
402  346  0045  0.684  0.712  -128  -128  -0.63080  -0.29079  -19  827
402  178  0046  0.631  0.537  -136  -120  -0.44480  -0.28479  -18  826
402  386  0047  0.741  0.750  -127  -127  -0.66080  -0.31479  -19  828
402  183  0048  0.651  0.537  -134  -120  -0.44480  -0.28479  -19  827
402  189  0049  0.614  0.537  -128  -120  -0.44480  -0.28479  -19  827
446  200  0000  0.633  0.537  -132  -120  -0.44480  -0.28479  -19  826
446  449  0001  0.727  0.739  -131  -131  -0.66680  -0.26679  -19  828
446  426  0002  0.689  0.705  -126  -126  -0.61880  -0.30279  -19  828
446  455  0003  0.747  0.767  -134  -133  -0.70280  -0.24279  -19  828
446  435  0004  0.759  0.766  -132  -132  -0.69680  -0.26079  -19  828
446  194  0005  0.614  0.537  -135  -120  -0.44480  -0.28479  -18  826
446  442  0006  0.713  0.729  -130  -130  -0.65480  -0.27279  -19  828
446  457  0007  0.731  0.741  -128  -129  -0.66080  -0.29079  -19  828
446  398  0008  0.765  0.774  -129  -129  -0.69080  -0.30279  -19  828
446  334  0009  0.685  0.706  -139  -139  -0.66080  -0.15879  -19  827
446  246  0010  0.678  0.707  -134  -134  -0.64880  -0.21879  -19  827
446  177  0011  0.615  0.537  -137  -120  -0.44480  -0.28479  -18  826
446  456  0012  0.718  0.731  -130  -129  -0.65480  -0.27879  -19  828
446  243  0013  0.662  0.693  -139  -139  -0.64880  -0.15879  -19  827
446  440  0014  0.723  0.732  -126  -126  -0.64280  -0.31479  -19  828
446  466  0015  0.750  0.771  -134  -134  -0.70880  -0.23679  -19  828
446  178  0016  0.626  0.537  -136  -120  -0.44480  -0.28479  -18  826
446  272  0017  0.671  0.705  -130  -129  -0.63080  -0.27279  -19  827
446  425  0018  0.738  0.746  -126  -126  -0.65480  -0.32079  -19  828
446  184  0019  0.622  0.537  -136  -120  -0.44480  -0.28479  -18  826
446  297  0020  0.684  0.717  -131  -131  -0.64880  -0.25479  -19  827
446  194  0021  0.661  0.690  -134  -135  -0.63680  -0.20079  -19  827
446  336  0022  0.661  0.686  -127  -126  -0.60080  -0.29679  -19  827
446  252  0023  0.662  0.691  -137  -137  -0.64280  -0.17679  -19  827
446  458  0024  0.749  0.767  -133  -133  -0.70280  -0.24279  -19  828
446  187  0025  0.641  0.537  -134  -120  -0.44480  -0.28479  -18  826
446  449  0026  0.738  0.747  -129  -129  -0.66680  -0.29079  -19  828
446  339  0027  0.694  0.708  -138  -138  -0.66080  -0.17079  -19  827
446  428  0028  0.737  0.744  -127  -127  -0.65480  -0.31479  -19  828
446  422  0029  0.766  0.774  -131  -132  -0.70280  -0.26679  -19  828
446  183  0030  0.614  0.537  -127  -120  -0.44480  -0.28479  -19  827
446  189  0031  0.620  0.537  -135  -120  -0.44480  -0.28479  -18  826
446  187  0032  0.632  0.537  -135  -120  -0.44480  -0.28479  -18  826
446  205  0033  0.617  0.537  -133  -120  -0.44480  -0.28479  -18  826
446  402  0034  0.718  0.737  -133  -133  -0.67280  -0.24279  -19  828
446  517  0035  0.767  0.791  -136  -136  -0.73280  -0.21879  -19  828
446  431  0036  0.696  0.714  -128  -127  -0.63080  -0.29679  -19  828
446  367  0037  0.717  0.740  -134  -134  -0.67880  -0.23079  -19  828
446  456  0038  0.733  0.742  -130  -130  -0.66680  -0.27879  -19  828
446  196  0039  0.630  0.537  -133  -120  -0.44480  -0.28479  -18  826
446  180  0040  0.646  0.537  -135  -120  -0.44480  -0.28479  -18  827
446  177  0041  0.614  0.537  -138  -120  -0.44480  -0.28479  -18  826
446  319  0042  0.682  0.703  -137  -137  -0.65480  -0.17679  -19  827
446  458  0043  0.721  0.731  -128  -128  -0.64880  -0.29679  -19  828
446  440  0044  0.722  0.737  -131  -131  -0.66680  -0.26079  -19  828
446  433  0045  0.754  0.762  -131  -131  -0.69080  -0.26679  -19  828
446  350  0046  0.722  0.732  -138  -138  -0.68480  -0.17079  -19  828
446  359  0047  0.678  0.704  -128  -128  -0.62480  -0.28479  -19  827
446  316  0048  0.699  0.713  -136  -136  -0.66080  -0.19479  -19  827
446  185  0049  0.612  0.537  -127  -120  -0.44480  -0.28479  -19  827
491  500  0000  0.725  0.737  -128  -128  -0.65480  -0.29679  -19  828
491  467  0001  0.749  0.766  -127  -126  -0.67280  -0.32679  -19  828
491  492  0002  0.705  0.722  -127  -127  -0.63680  -0.30279  -19  828
491  365  0003  0.703  0.718  -136  -137  -0.66680  -0.18879  -19  828
491  193  0004  0.612  0.537  -128  -120  -0.44480  -0.28479  -19  827
491  312  0005  0.653  0.678  -127  -126  -0.59480  -0.29079  -19  827
491  385  0006  0.725  0.746  -136  -136  -0.69080  -0.20679  -19  828
491  467  0007  0.697  0.715  -129  -128  -0.63680  -0.28479  -19  828
491  451  0008  0.721  0.737  -133  -133  -0.67280  -0.24279  -19  828
491  195  0009  0.660  0.701  -130  -130  -0.63080  -0.26079  -19  827
491  339  0010  0.678  0.698  -136  -137  -0.64880  -0.18279  -19  827
491  204  0011  0.616  0.537  -133  -120  -0.44480  -0.28479  -18  826
491  491  0012  0.740  0.750  -131  -131  -0.67880  -0.26679  -19  828
491  172  0013  0.615  0.537  -139  -120  -0.44480  -0.28479  -18  826
491  396  0014  0.699  0.721  -132  -132  -0.65480  -0.24879  -19  827
491  458  0015  0.729  0.747  -133  -133  -0.68480  -0.23679  -19  828
491  444  0016  0.763  0.770  -129  -130  -0.69080  -0.29079  -19  828
491  369  0017  0.721  0.739  -136  -136  -0.68480  -0.20079  -19  828
491  437  0018  0.676  0.699  -126  -126  -0.61280  -0.30279  -19  828
491  314  0019  0.660  0.687  -128  -127  -0.60680  -0.28479  -19  827
491  348  0020  0.697  0.714  -135  -136  -0.66080  -0.20079  -19  827
491  521  0021  0.756  0.779  -136  -136  -0.72080  -0.21879  -19  828
491  171  0022  0.631  0.537  -138  -120  -0.44480  -0.28479  -18  826
491  309  0023  0.673  0.695  -135  -136  -0.64280  -0.19479  -19  827
491  171  0024  0.639  0.537  -138  -120  -0.44480  -0.28479  -18  826
491  504  0025  0.726  0.739  -129  -129  -0.66080  -0.28479  -19  828
491  474  0026  0.706  0.725  -130  -129  -0.64880  -0.27879  -19  828
491  190  0027  0.656  0.537  -131  -120  -0.44480  -0.28479  -19  827
491  312  0028  0.678  0.696  -135  -135  -0.64280  -0.20079  -19  827
491  264  0029  0.657  0.688  -138  -138  -0.64280  -0.16479  -19  827
491  198  0030  0.632  0.537  -129  -120  -0.44480  -0.28479  -18  827
491  417  0031  0.714  0.736  -133  -133  -0.67280  -0.23679  -19  828
491  482  0032  0.759  0.774  -127  -126  -0.67880  -0.33279  -19  828
491  436  0033  0.700  0.721  -131  -130  -0.64880  -0.26679  -19  827
491  204  0034  0.612  0.537  -134  -120  -0.44480  -0.28479  -18  826
491  293  0035  0.644  0.666  -127  -126  -0.58280  -0.29079  -19  827
491  279  0036  0.649  0.675  -127  -127  -0.59480  -0.28479  -19  827
491  483  0037  0.719  0.733  -131  -130  -0.66080  -0.26679  -19  828
491  184  0038  0.613  0.537  -136  -120  -0.44480  -0.28479  -18  826
491  287  0039  0.664  0.692  -136  -137  -0.64280  -0.18279  -19  827
491  195  0040  0.618  0.639  -127  -126  -0.55880  -0.27879  -19  827
491  487  0041  0.740  0.749  -128  -128  -0.66680  -0.29679  -19  828
491  481  0042  0.740  0.761  -133  -133  -0.69680  -0.24279  -19  828
491  364  0043  0.716  0.731  -137  -136  -0.67880  -0.19479  -19  828
491  205  0044  0.617  0.537  -133  -120  -0.44480  -0.28479  -18  826
491  459  0045  0.715  0.735  -132  -132  -0.66680  -0.25479  -19  828
491  484  0046  0.742  0.764  -134  -134  -0.70280  -0.23079  -19  828
491  497  0047  0.747  0.767  -133  -133  -0.70280  -0.24279  -19  828
491  565  0048  0.768  0.791  -136  -136  -0.73280  -0.21879  -19  828
491  193  0049  0.628  0.537  -134  -120  -0.44480  -0.28479  -18  826
536  409  0000  0.718  0.731  -137  -136  -0.67880  -0.19479  -19  828
536  233  0001  0.660  0.696  -130  -130  -0.62480  -0.26079  -19  827
536  304  0002  0.669  0.692  -134  -135  -0.63680  -0.20679  -19  827
536  404  0003  0.703  0.725  -134  -134  -0.66680  -0.21879  -19  828
536  392  0004  0.696  0.714  -134  -134  -0.65480  -0.22479  -19  827
536  574  0005  0.764  0.784  -137  -136  -0.72680  -0.21279  -19  828
536  504  0006  0.743  0.772  -136  -136  -0.71480  -0.21279  -19  828
536  453  0007  0.725  0.743  -135  -135  -0.68480  -0.21879  -19  828
536  273  0008  0.652  0.683  -137  -137  -0.63680  -0.17079  -19  827
536  391  0009  0.686  0.717  -131  -131  -0.64880  -0.25479  -19  827
536  534  0010  0.737  0.748  -132  -131  -0.67880  -0.26079  -19  828
536  398  0011  0.700  0.719  -134  -134  -0.66080  -0.21879  -19  827
536  419  0012  0.683  0.711  -130  -129  -0.63680  -0.27279  -19  827
536  382  0013  0.673  0.696  -138  -138  -0.64880  -0.17079  -19  827
536  366  0014  0.670  0.691  -137  -137  -0.64280  -0.17679  -19  827
536  227  0015  0.658  0.696  -130  -130  -0.62480  -0.26079  -19  827
536  348  0016  0.651  0.678  -127  -126  -0.59480  -0.29079  -19  827
536  433  0017  0.725  0.732  -138  -138  -0.68480  -0.17079  -19  828
536  526  0018  0.697  0.714  -127  -127  -0.63080  -0.29679  -19  828
536  472  0019  0.749  0.775  -138  -137  -0.72080  -0.20079  -19  828
536  193  0020  0.613  0.537  -128  -120  -0.44480  -0.28479  -18  827
536  471  0021  0.767  0.785  -139  -138  -0.73280  -0.18879  -19  828
536  525  0022  0.756  0.774  -126  -126  -0.67880  -0.33279  -19  828
536  530  0023  0.728  0.736  -127  -127  -0.64880  -0.30879  -19  828
536  209  0024  0.644  0.682  -138  -138  -0.63680  -0.16479  -18  827
536  210  0025  0.658  0.689  -133  -133  -0.63080  -0.21879  -19  827
536  296  0026  0.672  0.695  -133  -134  -0.63680  -0.21879  -19  827
536  305  0027  0.660  0.687  -135  -136  -0.63680  -0.18879  -19  827
536  263  0028  0.666  0.695  -133  -134  -0.63680  -0.21879  -19  827
536  172  0029  0.619  0.537  -138  -120  -0.44480  -0.28479  -18  826
536  203  0030  0.636  0.537  -130  -120  -0.44480  -0.28479  -18  826
536  169  0031  0.630  0.537  -138  -120  -0.44480  -0.28479  -18  826
536  197  0032  0.636  0.653  -128  -127  -0.57680  -0.27279  -19  827
536  205  0033  0.658  0.694  -131  -130  -0.62480  -0.25479  -19  827
536  329  0034  0.662  0.688  -138  -138  -0.64280  -0.16479  -19  827
536  441  0035  0.697  0.713  -138  -139  -0.66680  -0.16479  -19  828
536  201  0036  0.624  0.642  -128  -127  -0.56480  -0.27279  -19  827
536  432  0037  0.709  0.720  -138  -138  -0.67280  -0.17079  -19  828
536  479  0038  0.690  0.715  -129  -128  -0.63680  -0.28479  -19  827
536  530  0039  0.746  0.752  -131  -131  -0.67880  -0.27279  -19  828
536  213  0040  0.612  0.537  -132  -120  -0.44480  -0.28479  -18  826
536  293  0041  0.664  0.698  -130  -129  -0.62480  -0.26679  -19  827
536  289  0042  0.673  0.704  -132  -133  -0.64280  -0.23079  -19  827
536  473  0043  0.754  0.774  -138  -137  -0.72080  -0.19479  -19  828
536  230  0044  0.655  0.686  -134  -134  -0.63080  -0.20679  -19  827
536  210  0045  0.615  0.537  -131  -120  -0.44480  -0.28479  -18  826
536  389  0046  0.675  0.696  -138  -138  -0.64880  -0.17079  -19  827
536  190  0047  0.625  0.537  -135  -120  -0.44480  -0.28479  -18  826
536  517  0048  0.731  0.740  -126  -126  -0.64880  -0.32079  -19  828
536  191  0049  0.622  0.537  -128  -120  -0.44480  -0.28479  -18  827
580  194  0000  0.646  0.537  -132  -120  -0.44480  -0.28479  -18  827
580  535  0001  0.743  0.772  -136  -136  -0.71480  -0.21279  -19  828
580  302  0002  0.656  0.683  -135  -135  -0.63080  -0.19479  -19  827
580  472  0003  0.673  0.695  -128  -127  -0.61280  -0.29079  -19  827
580  371  0004  0.679  0.701  -133  -134  -0.64280  -0.21879  -19  827
580  628  0005  0.761  0.780  -135  -135  -0.72080  -0.22479  -19  828
580  344  0006  0.658  0.686  -136  -136  -0.63680  -0.18279  -19  827
580  373  0007  0.642  0.661  -126  -126  -0.57680  -0.29079  -19  827
580  461  0008  0.690  0.703  -137  -137  -0.65480  -0.17679  -19  828
580  347  0009  0.658  0.683  -137  -137  -0.63680  -0.17079  -19  827
580  363  0010  0.678  0.702  -133  -133  -0.64280  -0.22479  -19  827
580  551  0011  0.758  0.766  -131  -130  -0.69080  -0.27879  -19  828
580  421  0012  0.676  0.698  -136  -137  -0.64880  -0.18279  -19  827
580  213  0013  0.615  0.537  -132  -120  -0.44480  -0.28479  -18  826
580  408  0014  0.665  0.692  -128  -127  -0.61280  -0.28479  -19  827
580  437  0015  0.677  0.705  -129  -129  -0.63080  -0.27279  -19  827
580  194  0016  0.625  0.537  -134  -120  -0.44480  -0.28479  -18  826
580  201  0017  0.641  0.537  -131  -120  -0.44480  -0.28479  -18  826
580  555  0018  0.743  0.752  -127  -127  -0.66080  -0.32079  -19  828
580  608  0019  0.767  0.789  -137  -137  -0.73280  -0.20679  -19  828
580  550  0020  0.689  0.708  -127  -127  -0.62480  -0.29679  -19  828
580  575  0021  0.706  0.723  -128  -128  -0.64280  -0.29079  -19  828
580  599  0022  0.762  0.782  -137  -137  -0.72680  -0.20679  -19  828
580  183  0023  0.625  0.537  -135  -120  -0.44480  -0.28479  -18  826
580  186  0024  0.617  0.537  -136  -120  -0.44480  -0.28479  -18  826
580  171  0025  0.629  0.537  -137  -120  -0.44480  -0.28479  -18  826
580  191  0026  0.646  0.537  -133  -120  -0.44480  -0.28479  -18  826
580  207  0027  0.625  0.537  -132  -120  -0.44480  -0.28479  -18  826
580  554  0028  0.690  0.708  -127  -127  -0.62480  -0.29679  -19  828
580  486  0029  0.702  0.725  -132  -132  -0.66080  -0.24279  -19  828
580  561  0030  0.764  0.787  -138  -137  -0.73280  -0.20079  -19  828
580  581  0031  0.738  0.744  -129  -129  -0.66680  -0.28479  -19  828
580  565  0032  0.739  0.747  -127  -127  -0.66080  -0.30879  -19  828
580  529  0033  0.722  0.741  -133  -133  -0.67880  -0.23679  -19  828
580  588  0034  0.731  0.742  -130  -130  -0.66680  -0.27879  -19  828
580  433  0035  0.652  0.674  -126  -126  -0.58880  -0.29679  -19  827
580  172  0036  0.621  0.537  -137  -120  -0.44480  -0.28479  -18  826
580  259  0037  0.651  0.678  -134  -135  -0.62480  -0.20079  -19  827
580  454  0038  0.707  0.725  -135  -134  -0.66680  -0.21879  -19  828
580  365  0039  0.640  0.661  -126  -126  -0.57680  -0.29079  -19  827
580  539  0040  0.712  0.729  -132  -131  -0.66080  -0.25479  -19  828
580  569  0041  0.749  0.756  -131  -131  -0.68480  -0.26679  -19  828
580  473  0042  0.743  0.759  -138  -138  -0.70880  -0.18279  -19  828
580  395  0043  0.685  0.710  -133  -133  -0.64880  -0.23079  -19  827
580  224  0044  0.640  0.677  -137  -137  -0.63080  -0.17079  -18  827
580  201  0045  0.639  0.537  -130  -120  -0.44480  -0.28479  -18  827
580  170  0046  0.635  0.676  -138  -138  -0.63080  -0.16479  -18  827
580  382  0047  0.641  0.661  -126  -126  -0.57680  -0.29079  -19  827
580  444  0048  0.687  0.713  -131  -130  -0.64280  -0.26079  -19  827
580  458  0049  0.722  0.739  -136  -136  -0.68480  -0.20079  -19  828
625  634  0000  0.762  0.782  -137  -137  -0.72680  -0.20679  -19  828
625  335  0001  0.641  0.661  -128  -127  -0.58280  -0.27879  -19  827
625  414  0002  0.645  0.666  -127  -126  -0.58280  -0.29079  -19  827
625  177  0003  0.613  0.537  -137  -120  -0.44480  -0.28479  -18  826
625  335  0004  0.655  0.682  -129  -128  -0.60680  -0.27279  -19  827
625  531  0005  0.725  0.743  -135  -135  -0.68480  -0.21879  -19  828
625  214  0006  0.612  0.537  -133  -120  -0.44480  -0.28479  -18  826
625  497  0007  0.658  0.680  -126  -126  -0.59480  -0.29679  -19  827
625  473  0008  0.681  0.698  -136  -137  -0.64880  -0.18279  -19  827
625  181  0009  0.627  0.537  -135  -120  -0.44480  -0.28479  -18  826
625  240  0010  0.639  0.669  -135  -136  -0.61880  -0.18879  -18  827
625  514  0011  0.701  0.715  -137  -138  -0.66680  -0.17679  -19  828
625  534  0012  0.755  0.771  -138  -138  -0.72080  -0.18279  -19  828
625  594  0013  0.762  0.770  -131  -131  -0.69680  -0.27279  -19  828
625  582  0014  0.758  0.768  -129  -129  -0.68480  -0.30279  -19  828
625  337  0015  0.654  0.683  -135  -135  -0.63080  -0.19479  -19  827
625  268  0016  0.618  0.634  -128  -127  -0.55880  -0.26679  -19  827
625  166  0017  0.624  0.537  -139  -120  -0.44480  -0.28479  -18  826
625  502  0018  0.728  0.743  -137  -137  -0.69080  -0.19479  -19  828
625  666  0019  0.763  0.784  -136  -136  -0.72680  -0.21279  -19  828
625  564  0020  0.733  0.755  -135  -135  -0.69680  -0.21879  -19  828
625  218  0021  0.642  0.674  -133  -134  -0.61880  -0.20679  -19  827
625  200  0022  0.640  0.537  -132  -120  -0.44480  -0.28479  -18  826
625  286  0023  0.659  0.694  -130  -130  -0.62480  -0.25479  -19  827
625  526  0024  0.713  0.726  -138  -138  -0.67880  -0.17079  -19  828
625  625  0025  0.736  0.746  -130  -130  -0.67280  -0.27279  -19  828
625  366  0026  0.671  0.705  -131  -131  -0.63680  -0.25479  -19  827
625  393  0027  0.673  0.705  -131  -131  -0.63680  -0.25479  -19  827
625  465  0028  0.692  0.714  -134  -134  -0.65480  -0.22479  -19  827
625  618  0029  0.746  0.756  -131  -131  -0.68480  -0.26679  -19  828
625  591  0030  0.724  0.739  -133  -132  -0.67280  -0.24879  -19  828
625  531  0031  0.714  0.734  -134  -134  -0.67280  -0.23079  -19  828
625  520  0032  0.746  0.765  -138  -138  -0.71480  -0.18279  -19  828
625  508  0033  0.687  0.707  -139  -138  -0.66080  -0.16479  -19  828
625  607  0034  0.748  0.772  -136  -136  -0.71480  -0.21279  -19  828
625  564  0035  0.733  0.755  -135  -135  -0.69680  -0.21879  -19  828
625  292  0036  0.659  0.683  -133  -133  -0.62480  -0.21879  -19  827
625  304  0037  0.658  0.687  -133  -134  -0.63080  -0.21279  -19  827
625  507  0038  0.688  0.707  -138  -138  -0.66080  -0.16479  -19  828
625  202  0039  0.620  0.537  -129  -120  -0.44480  -0.28479  -18  826
625  596  0040  0.756  0.766  -130  -130  -0.69080  -0.27879  -19  828
625  212  0041  0.615  0.537  -130  -120  -0.44480  -0.28479  -18  826
625  201  0042  0.619  0.537  -134  -120  -0.44480  -0.28479  -18  826
625  536  0043  0.695  0.719  -131  -131  -0.64880  -0.26079  -19  828
625  321  0044  0.652  0.681  -139  -138  -0.63680  -0.15879  -19  827
625  518  0045  0.749  0.764  -139  -139  -0.71480  -0.17679  -19  828
625  189  0046  0.622  0.537  -135  -120  -0.44480  -0.28479  -18  826
625  442  0047  0.672  0.693  -136  -136  -0.64280  -0.18879  -19  827
625  185  0048  0.615  0.537  -136  -120  -0.44480  -0.28479  -18  826
625  622  0049  0.768  0.785  -127  -127  -0.69080  -0.33279  -19  828
89  189  0000  0.743  0.537  -126  -120  -0.44480  -0.28479  -19  827
89  188  0001  0.684  0.537  -126  -120  -0.44480  -0.28479  -19  827
89  186  0002  0.647  0.537  -138  -120  -0.44480  -0.28479  -19  827
89  188  0003  0.690  0.537  -134  -120  -0.44480  -0.28479  -19  827
89  189  0004  0.653  0.537  -128  -120  -0.44480  -0.28479  -19  827
89  188  0005  0.741  0.537  -135  -120  -0.44480  -0.28479  -19  827
89  189  0006  0.669  0.537  -128  -120  -0.44480  -0.28479  -19  827
89  189  0007  0.756  0.537  -135  -120  -0.44480  -0.28479  -19  827
89  187  0008  0.645  0.537  -135  -120  -0.44480  -0.28479  -19  827
89  186  0009  0.642  0.537  -139  -120  -0.44480  -0.28479  -19  827
89  190  0010  0.620  0.537  -128  -120  -0.44480  -0.28479  -19  827
89  187  0011  0.674  0.537  -137  -120  -0.44480  -0.28479  -19  827
89  188  0012  0.675  0.537  -126  -120  -0.44480  -0.28479  -19  827
89  188  0013  0.729  0.537  -135  -120  -0.44480  -0.28479  -19  827
89  188  0014  0.678  0.537  -130  -120  -0.44480  -0.28479  -19  827
89  186  0015  0.657  0.537  -138  -120  -0.44480  -0.28479  -19  827
89  191  0016  0.765  0.537  -139  -120  -0.44480  -0.28479  -19  827
89  189  0017  0.663  0.537  -131  -120  -0.44480  -0.28479  -19  827
89  189  0018  0.721  0.537  -127  -120  -0.44480  -0.28479  -19  827
89  187  0019  0.692  0.537  -139  -120  -0.44480  -0.28479  -19  827
89  189  0020  0.616  0.537  -128  -120  -0.44480  -0.28479  -19  827
89  188  0021  0.717  0.537  -134  -120  -0.44480  -0.28479  -19  827
89  185  0022  0.630  0.537  -138  -120  -0.44480  -0.28479  -19  827
89  188  0023  0.735  0.537  -137  -120  -0.44480  -0.28479  -19  827
89  188  0024  0.637  0.537  -135  -120  -0.44480  -0.28479  -19  827
89  188  0025  0.646  0.537  -134  -120  -0.44480  -0.28479  -19  827
89  189  0026  0.732  0.537  -127  -120  -0.44480  -0.28479  -19  827
89  192  0027  0.626  0.537  -132  -120  -0.44480  -0.28479  -19  827
89  188  0028  0.681  0.537  -132  -120  -0.44480  -0.28479  -19  827
89  188  0029  0.733  0.537  -128  -120  -0.44480  -0.28479  -19  827
89  188  0030  0.679  0.537  -129  -120  -0.44480  -0.28479  -19  827
89  188  0031  0.659  0.537  -133  -120  -0.44480  -0.28479  -19  827
89  189  0032  0.691  0.537  -126  -120  -0.44480  -0.28479  -19  827
89  190  0033  0.645  0.537  -131  -120  -0.44480  -0.28479  -19  827
89  188  0034  0.747  0.537  -129  -120  -0.44480  -0.28479  -19  827
89  189  0035  0.639  0.537  -128  -120  -0.44480  -0.28479  -19  827
89  188  0036  0.741  0.537  -134  -120  -0.44480  -0.28479  -19  827
89  188  0037  0.731  0.537  -132  -120  -0.44480  -0.28479  -19  827
89  189  0038  0.765  0.537  -126  -120  -0.44480  -0.28479  -19  827
89  188  0039  0.702  0.537  -134  -120  -0.44480  -0.28479  -19  827
89  187  0040  0.713  0.537  -131  -120  -0.44480  -0.28479  -19  827
89  190  0041  0.648  0.537  -130  -120  -0.44480  -0.28479  -19  827
89  188  0042  0.738  0.537  -133  -120  -0.44480  -0.28479  -19  827
89  189  0043  0.762  0.537  -127  -120  -0.44480  -0.28479  -19  827
89  188  0044  0.712  0.537  -128  -120  -0.44480  -0.28479  -19  827
89  187  0045  0.676  0.537  -134  -120  -0.44480  -0.28479  -19  827
89  186  0046  0.637  0.537  -137  -120  -0.44480  -0.28479  -19  827
89  189  0047  0.766  0.537  -131  -120  -0.44480  -0.28479  -19  827
89  187  0048  0.684  0.537  -137  -120  -0.44480  -0.28479  -19  827
89  188  0049  0.729  0.537  -127  -120  -0.44480  -0.28479  -19  827
134  188  0000  0.736  0.537  -133  -120  -0.44480  -0.28479  -19  827
134  188  0001  0.718  0.537  -128  -120  -0.44480  -0.28479  -19  827
134  185  0002  0.611  0.537  -138  -120  -0.44480  -0.28479  -19  827
134  190  0003  0.629  0.537  -128  -120  -0.44480  -0.28479  -19  827
134  188  0004  0.761  0.537  -129  -120  -0.44480  -0.28479  -19  827
134  192  0005  0.629  0.537  -132  -120  -0.44480  -0.28479  -19  827
134  186  0006  0.698  0.537  -137  -120  -0.44480  -0.28479  -19  827
134  188  0007  0.670  0.537  -131  -120  -0.44480  -0.28479  -19  827
134  192  0008  0.634  0.537  -131  -120  -0.44480  -0.28479  -19  827
134  191  0009  0.619  0.537  -129  -120  -0.44480  -0.28479  -19  827
134  192  0010  0.762  0.537  -139  -120  -0.44480  -0.28479  -19  827
134  187  0011  0.707  0.537  -135  -120  -0.44480  -0.28479  -19  827
134  187  0012  0.656  0.537  -133  -120  -0.44480  -0.28479  -19  827
134  188  0013  0.698  0.537  -133  -120  -0.44480  -0.28479  -19  827
134  190  0014  0.744  0.537  -138  -120  -0.44480  -0.28479  -19  827
134  185  0015  0.666  0.537  -136  -120  -0.44480  -0.28479  -19  827
134  189  0016  0.664  0.537  -128  -120  -0.44480  -0.28479  -19  827
134  186  0017  0.687  0.537  -139  -120  -0.44480  -0.28479  -19  827
134  186  0018  0.665  0.537  -135  -120  -0.44480  -0.28479  -19  827
134  184  0019  0.639  0.537  -137  -120  -0.44480  -0.28479  -19  827
134  192  0020  0.745  0.793  -134  -135  -0.73280  -0.22479  -19  828
134  187  0021  0.707  0.537  -129  -120  -0.44480  -0.28479  -19  827
134  187  0022  0.720  0.537  -128  -120  -0.44480  -0.28479  -19  827
134  186  0023  0.686  0.537  -139  -120  -0.44480  -0.28479  -19  827
134  187  0024  0.735  0.537  -129  -120  -0.44480  -0.28479  -19  827
134  188  0025  0.680  0.537  -128  -120  -0.44480  -0.28479  -19  827
134  189  0026  0.662  0.537  -130  -120  -0.44480  -0.28479  -19  827
134  187  0027  0.731  0.537  -129  -120  -0.44480  -0.28479  -19  827
134  184  0028  0.652  0.537  -137  -120  -0.44480  -0.28479  -19  827
134  186  0029  0.685  0.537  -137  -120  -0.44480  -0.28479  -19  827
134  187  0030  0.697  0.537  -129  -120  -0.44480  -0.28479  -19  827
134  185  0031  0.658  0.537  -126  -120  -0.44480  -0.28479  -19  827
134  184  0032  0.641  0.537  -137  -120  -0.44480  -0.28479  -19  827
134  188  0033  0.730  0.537  -138  -120  -0.44480  -0.28479  -19  827
134  188  0034  0.678  0.537  -127  -120  -0.44480  -0.28479  -19  827
134  187  0035  0.701  0.537  -130  -120  -0.44480  -0.28479  -19  827
134  187  0036  0.644  0.537  -127  -120  -0.44480  -0.28479  -19  827
134  189  0037  0.760  0.537  -131  -120  -0.44480  -0.28479  -19  827
134  188  0038  0.698  0.537  -134  -120  -0.44480  -0.28479  -19  827
134  187  0039  0.680  0.537  -134  -120  -0.44480  -0.28479  -19  827
134  190  0040  0.739  0.537  -139  -120  -0.44480  -0.28479  -19  827
134  190  0041  0.760  0.537  -126  -120  -0.44480  -0.28479  -19  827
134  187  0042  0.724  0.537  -131  -120  -0.44480  -0.28479  -19  827
134  187  0043  0.721  0.537  -137  -120  -0.44480  -0.28479  -19  827
134  188  0044  0.728  0.537  -138  -120  -0.44480  -0.28479  -19  827
134  192  0045  0.760  0.537  -139  -120  -0.44480  -0.28479  -19  827
134  205  0046  0.758  0.794  -134  -135  -0.73280  -0.23079  -19  828
134  192  0047  0.636  0.537  -130  -120  -0.44480  -0.28479  -19  827
134  186  0048  0.661  0.537  -126  -120  -0.44480  -0.28479  -19  827
134  187  0049  0.723  0.537  -136  -120  -0.44480  -0.28479  -19  827
179  187  0000  0.717  0.537  -136  -120  -0.44480  -0.28479  -19  827
179  188  0001  0.731  0.537  -136  -120  -0.44480  -0.28479  -19  827
179  186  0002  0.677  0.537  -135  -120  -0.44480  -0.28479  -19  827
179  188  0003  0.688  0.537  -128  -120  -0.44480  -0.28479  -19  827
179  186  0004  0.708  0.537  -138  -120  -0.44480  -0.28479  -19  827
179  194  0005  0.758  0.790  -127  -126  -0.69080  -0.34479  -19  828
179  189  0006  0.693  0.537  -126  -120  -0.44480  -0.28479  -19  827
179  205  0007  0.742  0.788  -134  -135  -0.72680  -0.23079  -19  828
179  193  0008  0.720  0.735  -130  -130  -0.66080  -0.27279  -19  828
179  188  0009  0.667  0.537  -131  -120  -0.44480  -0.28479  -19  827
179  187  0010  0.629  0.537  -135  -120  -0.44480  -0.28479  -19  827
179  189  0011  0.766  0.537  -130  -120  -0.44480  -0.28479  -19  827
179  187  0012  0.695  0.537  -129  -120  -0.44480  -0.28479  -19  827
179  188  0013  0.742  0.537  -128  -120  -0.44480  -0.28479  -19  827
179  183  0014  0.652  0.537  -139  -120  -0.44480  -0.28479  -19  827
179  188  0015  0.692  0.537  -127  -120  -0.44480  -0.28479  -19  827
179  220  0016  0.765  0.791  -133  -134  -0.72680  -0.24279  -19  828
179  186  0017  0.645  0.537  -134  -120  -0.44480  -0.28479  -19  827
179  188  0018  0.755  0.537  -129  -120  -0.44480  -0.28479  -19  827
179  186  0019  0.635  0.537  -127  -120  -0.44480  -0.28479  -19  827
179  188  0020  0.679  0.537  -128  -120  -0.44480  -0.28479  -19  827
179  195  0021  0.730  0.740  -131  -130  -0.66680  -0.27279  -19  828
179  189  0022  0.759  0.537  -131  -120  -0.44480  -0.28479  -19  827
179  270  0023  0.767  0.797  -136  -136  -0.73880  -0.21879  -19  828
179  186  0024  0.689  0.537  -136  -120  -0.44480  -0.28479  -19  827
179  189  0025  0.745  0.537  -127  -120  -0.44480  -0.28479  -19  827
179  186  0026  0.649  0.537  -134  -120  -0.44480  -0.28479  -19  827
179  189  0027  0.764  0.537  -128  -120  -0.44480  -0.28479  -19  827
179  183  0028  0.634  0.537  -126  -120  -0.44480  -0.28479  -19  827
179  187  0029  0.715  0.537  -134  -120  -0.44480  -0.28479  -19  827
179  188  0030  0.730  0.537  -138  -120  -0.44480  -0.28479  -19  827
179  184  0031  0.612  0.537  -138  -120  -0.44480  -0.28479  -19  827
179  225  0032  0.744  0.787  -135  -135  -0.72680  -0.22479  -19  828
179  216  0033  0.741  0.787  -135  -135  -0.72680  -0.22479  -19  828
179  188  0034  0.689  0.537  -128  -120  -0.44480  -0.28479  -19  827
179  187  0035  0.738  0.537  -132  -120  -0.44480  -0.28479  -19  827
179  185  0036  0.671  0.537  -136  -120  -0.44480  -0.28479  -19  827
179  187  0037  0.732  0.537  -135  -120  -0.44480  -0.28479  -19  827
179  187  0038  0.662  0.537  -132  -120  -0.44480  -0.28479  -19  827
179  189  0039  0.690  0.537  -126  -120  -0.44480  -0.28479  -19  827
179  187  0040  0.701  0.537  -135  -120  -0.44480  -0.28479  -19  827
179  183  0041  0.649  0.537  -136  -120  -0.44480  -0.28479  -19  827
179  187  0042  0.667  0.537  -133  -120  -0.44480  -0.28479  -19  827
179  184  0043  0.663  0.537  -138  -120  -0.44480  -0.28479  -19  827
179  190  0044  0.645  0.537  -128  -120  -0.44480  -0.28479  -19  827
179  184  0045  0.632  0.537  -136  -120  -0.44480  -0.28479  -19  827
179  189  0046  0.765  0.537  -129  -120  -0.44480  -0.28479  -19  827
179  186  0047  0.675  0.537  -133  -120  -0.44480  -0.28479  -19  827
179  183  0048  0.655  0.537  -138  -120  -0.44480  -0.28479  -19  827
179  186  0049  0.685  0.537  -136  -120  -0.44480  -0.28479  -19  827
223  188  0000  0.674  0.537  -129  -120  -0.44480  -0.28479  -19  827
223  235  0001  0.728  0.740  -131  -130  -0.66680  -0.27279  -19  828
223  194  0002  0.618  0.537  -129  -120  -0.44480  -0.28479  -19  827
223  241  0003  0.711  0.726  -128  -128  -0.64280  -0.29679  -19  828
223  194  0004  0.768  0.770  -131  -131  -0.69680  -0.27279  -19  828
223  190  0005  0.693  0.723  -130  -130  -0.64880  -0.27279  -19  827
223  192  0006  0.624  0.537  -129  -120  -0.44480  -0.28479  -19  827
223  198  0007  0.684  0.712  -128  -128  -0.63080  -0.29079  -19  827
223  198  0008  0.615  0.537  -133  -120  -0.44480  -0.28479  -19  827
223  184  0009  0.666  0.537  -135  -120  -0.44480  -0.28479  -19  827
223  263  0010  0.754  0.783  -133  -134  -0.72080  -0.23679  -19  828
223  190  0011  0.656  0.537  -131  -120  -0.44480  -0.28479  -19  827
223  216  0012  0.731  0.751  -133  -133  -0.68480  -0.24879  -19  828
223  219  0013  0.750  0.776  -126  -126  -0.67880  -0.33879  -19  828
223  230  0014  0.744  0.752  -130  -131  -0.67880  -0.27279  -19  828
223  244  0015  0.725  0.739  -129  -129  -0.66080  -0.28479  -19  828
223  298  0016  0.765  0.791  -137  -136  -0.73280  -0.21879  -19  828
223  184  0017  0.627  0.537  -127  -120  -0.44480  -0.28479  -19  827
223  192  0018  0.647  0.537  -131  -120  -0.44480  -0.28479  -19  827
223  201  0019  0.693  0.725  -129  -129  -0.64880  -0.27879  -19  827
223  185  0020  0.652  0.537  -134  -120  -0.44480  -0.28479  -19  827
223  184  0021  0.682  0.537  -139  -120  -0.44480  -0.28479  -19  827
223  240  0022  0.730  0.737  -128  -128  -0.65480  -0.29679  -19  828
223  211  0023  0.733  0.779  -136  -136  -0.72080  -0.21879  -19  828
223  187  0024  0.697  0.537  -133  -120  -0.44480  -0.28479  -19  827
223  225  0025  0.745  0.747  -129  -129  -0.66680  -0.29079  -19  828
223  218  0026  0.754  0.758  -131  -131  -0.68480  -0.27279  -19  828
223  186  0027  0.689  0.537  -130  -120  -0.44480  -0.28479  -19  827
223  212  0028  0.702  0.729  -130  -130  -0.65480  -0.27279  -19  827
223  197  0029  0.626  0.537  -131  -120  -0.44480  -0.28479  -19  827
223  198  0030  0.612  0.537  -131  -120  -0.44480  -0.28479  -19  827
223  186  0031  0.719  0.537  -136  -120  -0.44480  -0.28479  -19  827
223  189  0032  0.662  0.537  -130  -120  -0.44480  -0.28479  -19  827
223  229  0033  0.740  0.753  -132  -132  -0.68480  -0.25479  -19  828
223  239  0034  0.760  0.790  -127  -126  -0.69080  -0.34479  -19  828
223  194  0035  0.614  0.537  -134  -120  -0.44480  -0.28479  -19  827
223  187  0036  0.684  0.537  -129  -120  -0.44480  -0.28479  -19  827
223  191  0037  0.742  0.537  -139  -120  -0.44480  -0.28479  -19  827
223  188  0038  0.710  0.735  -132  -132  -0.66680  -0.25479  -19  827
223  182  0039  0.633  0.537  -137  -120  -0.44480  -0.28479  -19  827
223  232  0040  0.739  0.743  -128  -128  -0.66080  -0.29679  -19  828
223  184  0041  0.653  0.537  -135  -120  -0.44480  -0.28479  -19  827
223  260  0042  0.762  0.796  -138  -136  -0.73880  -0.21279  -19  828
223  186  0043  0.692  0.537  -131  -120  -0.44480  -0.28479  -19  827
223  216  0044  0.765  0.795  -139  -137  -0.73880  -0.20679  -19  828
223  197  0045  0.621  0.537  -131  -120  -0.44480  -0.28479  -19  827
223  182  0046  0.652  0.537  -138  -120  -0.44480  -0.28479  -19  827
223  219  0047  0.731  0.751  -133  -133  -0.68480  -0.24879  -19  828
223  186  0048  0.670  0.537  -133  -120  -0.44480  -0.28479  -19  827
223  290  0049  0.760  0.788  -134  -135  -0.72680  -0.23079  -19  828
268  186  0000  0.664  0.537  -127  -120  -0.44480  -0.28479  -19  827
268  189  0001  0.655  0.537  -132  -120  -0.44480  -0.28479  -19  827
268  185  0002  0.671  0.537  -134  -120  -0.44480  -0.28479  -19  827
268  197  0003  0.626  0.537  -130  -120  -0.44480  -0.28479  -19  827
268  187  0004  0.670  0.537  -131  -120  -0.44480  -0.28479  -19  827
268  232  0005  0.766  0.768  -130  -130  -0.69080  -0.28479  -19  828
268  260  0006  0.734  0.770  -134  -134  -0.70880  -0.23079  -19  828
268  193  0007  0.643  0.537  -132  -120  -0.44480  -0.28479  -19  827
268  180  0008  0.643  0.537  -137  -120  -0.44480  -0.28479  -19  827
268  198  0009  0.624  0.537  -131  -120  -0.44480  -0.28479  -19  827
268  245  0010  0.688  0.718  -128  -128  -0.63680  -0.29079  -19  827
268  263  0011  0.748  0.752  -129  -129  -0.67280  -0.29079  -19  828
268  180  0012  0.632  0.537  -137  -120  -0.44480  -0.28479  -18  827
268  182  0013  0.669  0.537  -138  -120  -0.44480  -0.28479  -19  827
268  181  0014  0.657  0.537  -138  -120  -0.44480  -0.28479  -18  827
268  183  0015  0.685  0.537  -137  -120  -0.44480  -0.28479  -19  827
268  265  0016  0.702  0.725  -129  -129  -0.64880  -0.27879  -19  827
268  195  0017  0.719  0.756  -135  -135  -0.69680  -0.22479  -19  828
268  186  0018  0.723  0.537  -136  -120  -0.44480  -0.28479  -19  827
268  190  0019  0.656  0.537  -131  -120  -0.44480  -0.28479  -19  827
268  272  0020  0.741  0.759  -132  -132  -0.69080  -0.25479  -19  828
268  184  0021  0.694  0.537  -138  -120  -0.44480  -0.28479  -19  827
268  280  0022  0.741  0.774  -135  -135  -0.71480  -0.22479  -19  828
268  276  0023  0.737  0.744  -131  -131  -0.67280  -0.26679  -19  828
268  186  0024  0.683  0.537  -132  -120  -0.44480  -0.28479  -19  827
268  181  0025  0.653  0.537  -139  -120  -0.44480  -0.28479  -18  827
268  195  0026  0.627  0.537  -129  -120  -0.44480  -0.28479  -19  827
268  185  0027  0.634  0.537  -127  -120  -0.44480  -0.28479  -19  827
268  184  0028  0.687  0.537  -136  -120  -0.44480  -0.28479  -19  827
268  230  0029  0.717  0.743  -133  -133  -0.67880  -0.24279  -19  828
268  261  0030  0.711  0.733  -131  -130  -0.66080  -0.26679  -19  827
268  284  0031  0.729  0.742  -130  -130  -0.66680  -0.27879  -19  828
268  181  0032  0.626  0.537  -137  -120  -0.44480  -0.28479  -18  826
268  307  0033  0.755  0.783  -133  -134  -0.72080  -0.23679  -19  828
268  186  0034  0.690  0.537  -133  -120  -0.44480  -0.28479  -19  827
268  186  0035  0.683  0.537  -131  -120  -0.44480  -0.28479  -19  827
268  191  0036  0.651  0.537  -131  -120  -0.44480  -0.28479  -19  827
268  266  0037  0.745  0.747  -129  -129  -0.66680  -0.29079  -19  828
268  188  0038  0.704  0.737  -133  -133  -0.67280  -0.24279  -19  827
268  265  0039  0.707  0.729  -130  -130  -0.65480  -0.27279  -19  827
268  192  0040  0.646  0.537  -132  -120  -0.44480  -0.28479  -19  827
268  195  0041  0.631  0.537  -132  -120  -0.44480  -0.28479  -19  827
268  198  0042  0.615  0.537  -133  -120  -0.44480  -0.28479  -19  827
268  188  0043  0.671  0.537  -130  -120  -0.44480  -0.28479  -19  827
268  284  0044  0.734  0.739  -129  -129  -0.66080  -0.28479  -19  828
268  289  0045  0.725  0.735  -129  -128  -0.65480  -0.29079  -19  828
268  184  0046  0.629  0.537  -136  -120  -0.44480  -0.28479  -19  827
268  181  0047  0.654  0.537  -139  -120  -0.44480  -0.28479  -18  827
268  226  0048  0.690  0.719  -130  -129  -0.64280  -0.27879  -19  827
268  253  0049  0.712  0.733  -131  -130  -0.66080  -0.26679  -19  827
313  306  0000  0.741  0.745  -127  -128  -0.66080  -0.30279  -19  828
313  328  0001  0.746  0.779  -136  -136  -0.72080  -0.21879  -19  828
313  179  0002  0.619  0.537  -138  -120  -0.44480  -0.28479  -18  826
313  274  0003  0.727  0.752  -134  -134  -0.69080  -0.23079  -19  828
313  184  0004  0.659  0.537  -134  -120  -0.44480  -0.28479  -19  827
313  182  0005  0.612  0.537  -126  -120  -0.44480  -0.28479  -19  827
313  200  0006  0.624  0.537  -132  -120  -0.44480  -0.28479  -19  827
313  241  0007  0.736  0.776  -137  -136  -0.72080  -0.20679  -19  828
313  296  0008  0.693  0.718  -128  -128  -0.63680  -0.29079  -19  827
313  224  0009  0.692  0.712  -139  -139  -0.66680  -0.15879  -19  827
313  195  0010  0.637  0.537  -130  -120  -0.44480  -0.28479  -19  827
313  307  0011  0.722  0.743  -132  -131  -0.67280  -0.26079  -19  828
313  263  0012  0.735  0.778  -136  -136  -0.72080  -0.21279  -19  828
313  226  0013  0.662  0.694  -126  -126  -0.60680  -0.30279  -19  827
313  262  0014  0.745  0.782  -138  -137  -0.72680  -0.20679  -19  828
313  263  0015  0.689  0.719  -129  -129  -0.64280  -0.27879  -19  827
313  220  0016  0.752  0.786  -139  -138  -0.73280  -0.19479  -19  828
313  277  0017  0.761  0.770  -128  -128  -0.68480  -0.30879  -19  828
313  298  0018  0.746  0.753  -127  -128  -0.66680  -0.30879  -19  828
313  186  0019  0.663  0.537  -133  -120  -0.44480  -0.28479  -19  827
313  178  0020  0.645  0.537  -137  -120  -0.44480  -0.28479  -18  827
313  300  0021  0.767  0.791  -128  -127  -0.69680  -0.33279  -19  828
313  239  0022  0.715  0.740  -134  -134  -0.67880  -0.23079  -19  827
313  326  0023  0.735  0.744  -129  -129  -0.66680  -0.28479  -19  828
313  293  0024  0.731  0.753  -134  -134  -0.69080  -0.23679  -19  828
313  189  0025  0.712  0.726  -136  -136  -0.67280  -0.20079  -19  828
313  178  0026  0.638  0.537  -138  -120  -0.44480  -0.28479  -18  826
313  331  0027  0.717  0.733  -129  -129  -0.65480  -0.28479  -19  828
313  218  0028  0.704  0.736  -134  -133  -0.67280  -0.23679  -19  827
313  181  0029  0.647  0.537  -136  -120  -0.44480  -0.28479  -19  827
313  270  0030  0.682  0.706  -128  -127  -0.62480  -0.29079  -19  827
313  180  0031  0.654  0.537  -136  -120  -0.44480  -0.28479  -19  827
313  367  0032  0.766  0.789  -134  -134  -0.72680  -0.23679  -19  828
313  253  0033  0.717  0.741  -134  -133  -0.67880  -0.23679  -19  828
313  185  0034  0.700  0.713  -136  -136  -0.66080  -0.19479  -19  827
313  184  0035  0.650  0.537  -134  -120  -0.44480  -0.28479  -19  827
313  196  0036  0.625  0.537  -133  -120  -0.44480  -0.28479  -19  826
313  246  0037  0.755  0.787  -139  -137  -0.73280  -0.20079  -19  828
313  197  0038  0.623  0.537  -129  -120  -0.44480  -0.28479  -19  827
313  328  0039  0.733  0.739  -129  -129  -0.66080  -0.28479  -19  828
313  280  0040  0.759  0.787  -138  -137  -0.73280  -0.20079  -19  828
313  330  0041  0.716  0.731  -128  -128  -0.64880  -0.29679  -19  828
313  227  0042  0.679  0.713  -129  -129  -0.63680  -0.27879  -19  827
313  183  0043  0.666  0.537  -134  -120  -0.44480  -0.28479  -19  827
313  186  0044  0.682  0.537  -132  -120  -0.44480  -0.28479  -19  827
313  262  0045  0.701  0.731  -131  -131  -0.66080  -0.26079  -19  827
313  293  0046  0.690  0.712  -128  -128  -0.63080  -0.29079  -19  827
313  189  0047  0.711  0.726  -136  -136  -0.67280  -0.20079  -19  828
313  238  0048  0.740  0.782  -138  -137  -0.72680  -0.20679  -19  828
313  179  0049  0.640  0.537  -136  -120  -0.44480  -0.28479  -18  827
357  210  0000  0.692  0.720  -134  -134  -0.66080  -0.22479  -19  827
357  178  0001  0.647  0.537  -136  -120  -0.44480  -0.28479  -18  827
357  424  0002  0.763  0.791  -136  -136  -0.73280  -0.21879  -19  828
357  179  0003  0.662  0.537  -137  -120  -0.44480  -0.28479  -18  827
357  367  0004  0.734  0.746  -130  -130  -0.67280  -0.27279  -19  828
357  183  0005  0.620  0.537  -136  -120  -0.44480  -0.28479  -18  826
357  183  0006  0.661  0.537  -134  -120  -0.44480  -0.28479  -19  827
357  186  0007  0.633  0.537  -127  -120  -0.44480  -0.28479  -19  827
357  346  0008  0.716  0.733  -131  -130  -0.66080  -0.26679  -19  828
357  179  0009  0.612  0.537  -138  -120  -0.44480  -0.28479  -18  826
357  184  0010  0.651  0.537  -134  -120  -0.44480  -0.28479  -19  827
357  190  0011  0.662  0.537  -129  -120  -0.44480  -0.28479  -19  827
357  185  0012  0.648  0.537  -134  -120  -0.44480  -0.28479  -19  827
357  266  0013  0.699  0.713  -138  -139  -0.66680  -0.16479  -19  828
357  205  0014  0.680  0.717  -131  -131  -0.64880  -0.25479  -19  827
357  192  0015  0.638  0.537  -133  -120  -0.44480  -0.28479  -19  827
357  363  0016  0.747  0.763  -133  -133  -0.69680  -0.24879  -19  828
357  185  0017  0.656  0.537  -133  -120  -0.44480  -0.28479  -19  827
357  355  0018  0.731  0.747  -132  -132  -0.67880  -0.25479  -19  828
357  323  0019  0.760  0.764  -129  -129  -0.68480  -0.29079  -19  828
357  279  0020  0.706  0.724  -139  -139  -0.67880  -0.15879  -19  828
357  273  0021  0.728  0.737  -139  -139  -0.69080  -0.16479  -19  828
357  178  0022  0.646  0.537  -136  -120  -0.44480  -0.28479  -18  827
357  363  0023  0.737  0.743  -128  -128  -0.66080  -0.29679  -19  828
357  359  0024  0.744  0.748  -130  -130  -0.67280  -0.27879  -19  828
357  180  0025  0.660  0.537  -139  -120  -0.44480  -0.28479  -18  827
357  261  0026  0.664  0.691  -127  -126  -0.60680  -0.29679  -19  827
357  184  0027  0.631  0.537  -135  -120  -0.44480  -0.28479  -18  826
357  341  0028  0.754  0.782  -137  -137  -0.72680  -0.20679  -19  828
357  233  0029  0.705  0.723  -135  -135  -0.66680  -0.21279  -19  827
357  429  0030  0.764  0.791  -136  -136  -0.73280  -0.21879  -19  828
357  311  0031  0.680  0.703  -127  -127  -0.61880  -0.29679  -19  827
357  212  0032  0.684  0.721  -132  -132  -0.65480  -0.24879  -19  827
357  357  0033  0.700  0.716  -127  -127  -0.63080  -0.30279  -19  828
357  311  0034  0.768  0.782  -129  -129  -0.69680  -0.30879  -19  828
357  378  0035  0.750  0.771  -134  -134  -0.70880  -0.23679  -19  828
357  347  0036  0.755  0.782  -137  -137  -0.72680  -0.20679  -19  828
357  179  0037  0.634  0.537  -127  -120  -0.44480  -0.28479  -19  827
357  230  0038  0.680  0.715  -131  -130  -0.64280  -0.26679  -19  827
357  348  0039  0.734  0.751  -133  -133  -0.68480  -0.24879  -19  828
357  256  0040  0.693  0.721  -132  -132  -0.65480  -0.24879  -19  827
357  352  0041  0.697  0.718  -128  -128  -0.63680  -0.29079  -19  828
357  182  0042  0.613  0.537  -127  -120  -0.44480  -0.28479  -19  827
357  221  0043  0.686  0.705  -136  -136  -0.65480  -0.18879  -19  827
357  370  0044  0.728  0.740  -130  -130  -0.66680  -0.27279  -19  828
357  287  0045  0.716  0.740  -134  -134  -0.67880  -0.23079  -19  828
357  282  0046  0.736  0.770  -137  -136  -0.71480  -0.20679  -19  828
357  367  0047  0.721  0.735  -130  -130  -0.66080  -0.27279  -19  828
357  417  0048  0.759  0.787  -135  -135  -0.72680  -0.22479  -19  828
357  324  0049  0.758  0.760  -129  -129  -0.67880  -0.29679  -19  828
402  180  0000  0.612  0.537  -137  -120  -0.44480  -0.28479  -18  826
402  401  0001  0.714  0.735  -130  -130  -0.66080  -0.27279  -19  828
402  189  0002  0.659  0.686  -136  -136  -0.63680  -0.18279  -19  827
402  389  0003  0.728  0.745  -132  -132  -0.67880  -0.24879  -19  828
402  193  0004  0.642  0.537  -129  -120  -0.44480  -0.28479  -19  827
402  334  0005  0.723  0.750  -135  -134  -0.69080  -0.22479  -19  828
402  390  0006  0.729  0.747  -132  -132  -0.67880  -0.25479  -19  828
402  386  0007  0.741  0.750  -127  -127  -0.66080  -0.31479  -19  828
402  284  0008  0.716  0.734  -136  -136  -0.67880  -0.20679  -19  828
402  299  0009  0.730  0.757  -137  -137  -0.70280  -0.20079  -19  828
402  404  0010  0.731  0.739  -127  -128  -0.65480  -0.30279  -19  828
402  410  0011  0.744  0.770  -134  -134  -0.70880  -0.23079  -19  828
402  184  0012  0.662  0.537  -133  -120  -0.44480  -0.28479  -19  827
402  402  0013  0.742  0.754  -132  -132  -0.68480  -0.26079  -19  828
402  331  0014  0.727  0.755  -135  -135  -0.69680  -0.21879  -19  828
402  197  0015  0.616  0.537  -129  -120  -0.44480  -0.28479  -19  827
402  197  0016  0.635  0.537  -132  -120  -0.44480  -0.28479  -19  826
402  189  0017  0.652  0.537  -132  -120  -0.44480  -0.28479  -19  827
402  232  0018  0.680  0.702  -135  -135  -0.64880  -0.20079  -19  827
402  227  0019  0.676  0.695  -135  -136  -0.64280  -0.19479  -19  827
402  281  0020  0.723  0.736  -137  -137  -0.68480  -0.18879  -19  828
402  182  0021  0.638  0.537  -127  -120  -0.44480  -0.28479  -19  827
402  201  0022  0.630  0.537  -131  -120  -0.44480  -0.28479  -19  827
402  402  0023  0.705  0.721  -129  -129  -0.64280  -0.28479  -19  828
402  206  0024  0.612  0.537  -131  -120  -0.44480  -0.28479  -19  826
402  292  0025  0.687  0.707  -138  -138  -0.66080  -0.16479  -19  827
402  400  0026  0.734  0.739  -127  -128  -0.65480  -0.30279  -19  828
402  185  0027  0.654  0.537  -133  -120  -0.44480  -0.28479  -19  827
402  193  0028  0.636  0.537  -133  -120  -0.44480  -0.28479  -19  826
402  268  0029  0.677  0.711  -130  -129  -0.63680  -0.27279  -19  827
402  409  0030  0.707  0.722  -127  -127  -0.63680  -0.30279  -19  828
402  394  0031  0.763  0.785  -127  -127  -0.69080  -0.33279  -19  828
402  413  0032  0.726  0.740  -130  -130  -0.66680  -0.27279  -19  828
402  180  0033  0.628  0.537  -136  -120  -0.44480  -0.28479  -18  826
402  200  0034  0.630  0.537  -130  -120  -0.44480  -0.28479  -19  827
402  327  0035  0.685  0.713  -129  -129  -0.63680  -0.27879  -19  827
402  371  0036  0.761  0.775  -128  -127  -0.68480  -0.32079  -19  828
402  255  0037  0.690  0.716  -133  -133  -0.65480  -0.23079  -19  827
402  177  0038  0.629  0.537  -127  -120  -0.44480  -0.28479  -19  827
402  451  0039  0.766  0.783  -134  -134  -0.72080  -0.23679  -19  828
402  262  0040  0.694  0.708  -135  -135  -0.65480  -0.20079  -19  827
402  235  0041  0.652  0.678  -127  -126  -0.59480  -0.29079  -19  827
402  294  0042  0.689  0.708  -138  -138  -0.66080  -0.17079  -19  827
402  308  0043  0.666  0.691  -127  -126  -0.60680  -0.29679  -19  827
402  394  0044  0.699  0.718  -128  -128  -0.63680  -0.29079  -19  828
402  379  0045  0.688  0.708  -127  -127  -0.62480  -0.29679  -19  828
402  283  0046  0.694  0.710  -137  -137  -0.66080  -0.18279  -19  827
402  391  0047  0.743  0.773  -136  -135  -0.71480  -0.21879  -19  828
402  398  0048  0.762  0.779  -127  -126  -0.68480  -0.33279  -19  828
402  282  0049  0.701  0.726  -134  -134  -0.66680  -0.22479  -19  827
446  438  0000  0.768  0.793  -138  -137  -0.73880  -0.20079  -19  828
446  173  0001  0.621  0.537  -138  -120  -0.44480  -0.28479  -18  826
446  189  0002  0.630  0.537  -134  -120  -0.44480  -0.28479  -18  826
446  229  0003  0.672  0.698  -134  -135  -0.64280  -0.20679  -19  827
446  449  0004  0.742  0.748  -130  -130  -0.67280  -0.27879  -19  828
446  198  0005  0.626  0.537  -129  -120  -0.44480  -0.28479  -19  827
446  454  0006  0.725  0.740  -130  -130  -0.66680  -0.27279  -19  828
446  341  0007  0.719  0.741  -135  -135  -0.68480  -0.21279  -19  828
446  217  0008  0.643  0.669  -127  -127  -0.58880  -0.28479  -19  827
446  187  0009  0.629  0.537  -128  -120  -0.44480  -0.28479  -19  827
446  423  0010  0.695  0.715  -128  -128  -0.63680  -0.28479  -19  828
446  444  0011  0.700  0.720  -128  -127  -0.63680  -0.29679  -19  828
446  342  0012  0.741  0.759  -138  -138  -0.70880  -0.18279  -19  828
446  209  0013  0.654  0.685  -137  -137  -0.63680  -0.17679  -19  827
446  276  0014  0.657  0.683  -128  -127  -0.60080  -0.29079  -19  827
446  401  0015  0.728  0.752  -134  -134  -0.69080  -0.23079  -19  828
446  331  0016  0.714  0.735  -135  -135  -0.67880  -0.21279  -19  828
446  454  0017  0.718  0.728  -127  -127  -0.64280  -0.30279  -19  828
446  209  0018  0.612  0.537  -132  -120  -0.44480  -0.28479  -18  826
446  242  0019  0.672  0.707  -131  -130  -0.63680  -0.26079  -19  827
446  177  0020  0.644  0.537  -136  -120  -0.44480  -0.28479  -18  827
446  446  0021  0.731  0.743  -131  -131  -0.67280  -0.26079  -19  828
446  438  0022  0.748  0.754  -130  -130  -0.67880  -0.27879  -19  828
446  390  0023  0.762  0.786  -138  -138  -0.73280  -0.19479  -19  828
446  181  0024  0.649  0.685  -137  -137  -0.63680  -0.17679  -18  827
446  447  0025  0.714  0.731  -130  -129  -0.65480  -0.27879  -19  828
446  299  0026  0.691  0.716  -133  -133  -0.65480  -0.23079  -19  827
446  448  0027  0.759  0.770  -132  -133  -0.70280  -0.25479  -19  828
446  340  0028  0.670  0.695  -128  -127  -0.61280  -0.29079  -19  827
446  310  0029  0.678  0.702  -138  -138  -0.65480  -0.17079  -19  827
446  452  0030  0.736  0.746  -130  -130  -0.67280  -0.27279  -19  828
446  203  0031  0.628  0.537  -130  -120  -0.44480  -0.28479  -19  826
446  431  0032  0.693  0.711  -126  -127  -0.62480  -0.30279  -19  828
446  195  0033  0.614  0.537  -128  -120  -0.44480  -0.28479  -19  827
446  176  0034  0.622  0.537  -137  -120  -0.44480  -0.28479  -18  826
446  424  0035  0.743  0.754  -126  -126  -0.66080  -0.32679  -19  828
446  469  0036  0.752  0.779  -136  -136  -0.72080  -0.21879  -19  828
446  419  0037  0.699  0.719  -129  -129  -0.64280  -0.27879  -19  828
446  275  0038  0.670  0.692  -136  -137  -0.64280  -0.18279  -19  827
446  432  0039  0.762  0.787  -138  -137  -0.73280  -0.20079  -19  828
446  442  0040  0.710  0.731  -130  -129  -0.65480  -0.27879  -19  828
446  214  0041  0.657  0.693  -139  -139  -0.64880  -0.15879  -19  827
446  431  0042  0.765  0.785  -127  -127  -0.69080  -0.33279  -19  828
446  327  0043  0.674  0.704  -129  -128  -0.62480  -0.28479  -19  827
446  216  0044  0.657  0.688  -139  -138  -0.64280  -0.16479  -18  827
446  200  0045  0.664  0.692  -134  -135  -0.63680  -0.20679  -19  827
446  205  0046  0.616  0.537  -133  -120  -0.44480  -0.28479  -18  826
446  197  0047  0.644  0.537  -130  -120  -0.44480  -0.28479  -19  827
446  325  0048  0.663  0.689  -127  -127  -0.60680  -0.29079  -19  827
446  199  0049  0.639  0.537  -131  -120  -0.44480  -0.28479  -19  827
491  175  0000  0.638  0.537  -136  -120  -0.44480  -0.28479  -18  826
491  351  0001  0.699  0.717  -134  -135  -0.66080  -0.21279  -19  827
491  316  0002  0.684  0.712  -133  -132  -0.64880  -0.23679  -19  827
491  280  0003  0.666  0.689  -135  -135  -0.63680  -0.19479  -19  827
491  492  0004  0.714  0.724  -127  -127  -0.63680  -0.30879  -19  828
491  420  0005  0.715  0.736  -134  -133  -0.67280  -0.23679  -19  828
491  536  0006  0.767  0.785  -134  -134  -0.72080  -0.24279  -19  828
491  192  0007  0.624  0.537  -134  -120  -0.44480  -0.28479  -18  826
491  474  0008  0.751  0.756  -130  -130  -0.67880  -0.28479  -19  828
491  338  0009  0.688  0.708  -135  -135  -0.65480  -0.20079  -19  827
491  513  0010  0.752  0.776  -134  -135  -0.71480  -0.23079  -19  828
491  191  0011  0.636  0.537  -133  -120  -0.44480  -0.28479  -18  826
491  175  0012  0.643  0.680  -136  -136  -0.63080  -0.18279  -18  827
491  538  0013  0.762  0.783  -134  -134  -0.72080  -0.23679  -19  828
491  335  0014  0.684  0.717  -131  -131  -0.64880  -0.25479  -19  827
491  193  0015  0.653  0.684  -134  -135  -0.63080  -0.20079  -19  827
491  449  0016  0.768  0.776  -131  -131  -0.70280  -0.27279  -19  828
491  497  0017  0.735  0.746  -130  -130  -0.67280  -0.27279  -19  828
491  295  0018  0.678  0.698  -134  -135  -0.64280  -0.20679  -19  827
491  504  0019  0.718  0.729  -128  -128  -0.64880  -0.29079  -19  828
491  385  0020  0.692  0.708  -138  -138  -0.66080  -0.17079  -19  827
491  365  0021  0.715  0.726  -136  -136  -0.67280  -0.20079  -19  828
491  362  0022  0.703  0.712  -136  -137  -0.66080  -0.18879  -19  828
491  365  0023  0.707  0.723  -135  -135  -0.66680  -0.21279  -19  828
491  494  0024  0.728  0.739  -127  -128  -0.65480  -0.30279  -19  828
491  357  0025  0.697  0.713  -136  -136  -0.66080  -0.19479  -19  827
491  366  0026  0.720  0.739  -136  -136  -0.68480  -0.20079  -19  828
491  403  0027  0.752  0.773  -138  -138  -0.72080  -0.18879  -19  828
491  208  0028  0.654  0.683  -134  -135  -0.63080  -0.19479  -19  827
491  319  0029  0.681  0.702  -135  -135  -0.64880  -0.20079  -19  827
491  202  0030  0.634  0.537  -130  -120  -0.44480  -0.28479  -18  826
491  315  0031  0.683  0.704  -134  -135  -0.64880  -0.20679  -19  827
491  486  0032  0.735  0.747  -132  -132  -0.67880  -0.25479  -19  828
491  318  0033  0.680  0.702  -135  -135  -0.64880  -0.20079  -19  827
491  328  0034  0.681  0.711  -131  -131  -0.64280  -0.25479  -19  827
491  367  0035  0.684  0.715  -130  -130  -0.64280  -0.26679  -19  827
491  335  0036  0.651  0.674  -126  -126  -0.58880  -0.29679  -19  827
491  195  0037  0.626  0.537  -134  -120  -0.44480  -0.28479  -18  826
491  548  0038  0.762  0.785  -136  -136  -0.72680  -0.21879  -19  828
491  504  0039  0.717  0.729  -128  -128  -0.64880  -0.29079  -19  828
491  497  0040  0.713  0.728  -127  -127  -0.64280  -0.30279  -19  828
491  394  0041  0.672  0.695  -127  -127  -0.61280  -0.29079  -19  827
491  205  0042  0.619  0.537  -133  -120  -0.44480  -0.28479  -18  826
491  460  0043  0.685  0.705  -126  -126  -0.61880  -0.30279  -19  828
491  484  0044  0.703  0.721  -129  -129  -0.64280  -0.28479  -19  828
491  311  0045  0.684  0.710  -133  -133  -0.64880  -0.23079  -19  827
491  523  0046  0.766  0.785  -133  -134  -0.72080  -0.24279  -19  828
491  352  0047  0.663  0.689  -127  -127  -0.60680  -0.29079  -19  827
491  464  0048  0.757  0.781  -138  -137  -0.72680  -0.20079  -19  828
491  238  0049  0.629  0.647  -127  -126  -0.56480  -0.28479  -19  827
536  194  0000  0.653  0.537  -131  -120  -0.44480  -0.28479  -18  827
536  194  0001  0.625  0.537  -128  -120  -0.44480  -0.28479  -18  827
536  332  0002  0.658  0.687  -128  -127  -0.60680  -0.28479  -19  827
536  405  0003  0.698  0.722  -133  -133  -0.66080  -0.23079  -19  827
536  487  0004  0.702  0.727  -130  -130  -0.65480  -0.26679  -19  828
536  197  0005  0.637  0.537  -132  -120  -0.44480  -0.28479  -18  826
536  517  0006  0.694  0.708  -127  -127  -0.62480  -0.29679  -19  828
536  378  0007  0.673  0.697  -137  -137  -0.64880  -0.17679  -19  827
536  550  0008  0.749  0.770  -134  -134  -0.70880  -0.23079  -19  828
536  211  0009  0.616  0.537  -131  -120  -0.44480  -0.28479  -18  826
536  376  0010  0.674  0.699  -139  -139  -0.65480  -0.15879  -19  827
536  340  0011  0.664  0.689  -137  -138  -0.64280  -0.17079  -19  827
536  209  0012  0.619  0.537  -132  -120  -0.44480  -0.28479  -18  826
536  395  0013  0.699  0.717  -135  -135  -0.66080  -0.21279  -19  827
536  405  0014  0.707  0.722  -135  -135  -0.66680  -0.20679  -19  828
536  419  0015  0.689  0.719  -131  -131  -0.64880  -0.26079  -19  827
536  428  0016  0.708  0.721  -138  -138  -0.67280  -0.17679  -19  828
536  268  0017  0.667  0.703  -131  -131  -0.63680  -0.24879  -19  827
536  314  0018  0.661  0.693  -139  -139  -0.64880  -0.15879  -19  827
536  430  0019  0.733  0.757  -137  -137  -0.70280  -0.20079  -19  828
536  499  0020  0.763  0.780  -128  -128  -0.69080  -0.32079  -19  828
536  532  0021  0.744  0.761  -133  -133  -0.69680  -0.24279  -19  828
536  492  0022  0.684  0.703  -127  -127  -0.61880  -0.29679  -19  828
536  410  0023  0.715  0.730  -137  -137  -0.67880  -0.18879  -19  828
536  207  0024  0.625  0.537  -130  -120  -0.44480  -0.28479  -18  826
536  170  0025  0.622  0.537  -138  -120  -0.44480  -0.28479  -18  826
536  177  0026  0.636  0.537  -136  -120  -0.44480  -0.28479  -18  826
536  523  0027  0.705  0.725  -129  -129  -0.64880  -0.27879  -19  828
536  417  0028  0.718  0.734  -136  -136  -0.67880  -0.20679  -19  828
536  511  0029  0.752  0.758  -129  -129  -0.67880  -0.29079  -19  828
536  298  0030  0.669  0.692  -134  -135  -0.63680  -0.20679  -19  827
536  463  0031  0.695  0.721  -130  -130  -0.64880  -0.26679  -19  827
536  172  0032  0.619  0.537  -138  -120  -0.44480  -0.28479  -18  826
536  384  0033  0.684  0.711  -131  -131  -0.64280  -0.25479  -19  827
536  510  0034  0.748  0.757  -128  -128  -0.67280  -0.30279  -19  828
536  197  0035  0.636  0.537  -129  -120  -0.44480  -0.28479  -18  827
536  484  0036  0.684  0.706  -127  -127  -0.62480  -0.29079  -19  828
536  504  0037  0.736  0.758  -134  -134  -0.69680  -0.23079  -19  828
536  301  0038  0.640  0.658  -127  -126  -0.57680  -0.28479  -19  827
536  533  0039  0.740  0.754  -132  -132  -0.68480  -0.26079  -19  828
536  436  0040  0.691  0.712  -139  -139  -0.66680  -0.15879  -19  828
536  524  0041  0.737  0.755  -133  -133  -0.69080  -0.24279  -19  828
536  339  0042  0.669  0.693  -136  -136  -0.64280  -0.18879  -19  827
536  206  0043  0.615  0.537  -133  -120  -0.44480  -0.28479  -18  826
536  469  0044  0.707  0.727  -132  -132  -0.66080  -0.24879  -19  828
536  479  0045  0.703  0.725  -131  -131  -0.65480  -0.26079  -19  828
536  529  0046  0.700  0.714  -127  -127  -0.63080  -0.29679  -19  828
536  447  0047  0.679  0.704  -128  -128  -0.62480  -0.28479  -19  827
536  406  0048  0.709  0.722  -135  -135  -0.66680  -0.20679  -19  828
536  538  0049  0.759  0.770  -132  -133  -0.70280  -0.25479  -19  828
580  480  0000  0.713  0.732  -134  -134  -0.67280  -0.22479  -19  828
580  172  0001  0.625  0.537  -137  -120  -0.44480  -0.28479  -18  826
580  399  0002  0.680  0.696  -135  -135  -0.64280  -0.20079  -19  827
580  196  0003  0.642  0.537  -132  -120  -0.44480  -0.28479  -18  826
580  203  0004  0.637  0.537  -131  -120  -0.44480  -0.28479  -18  826
580  502  0005  0.741  0.763  -137  -137  -0.70880  -0.20079  -19  828
580  190  0006  0.621  0.537  -135  -120  -0.44480  -0.28479  -18  826
580  478  0007  0.721  0.743  -135  -135  -0.68480  -0.21879  -19  828
580  422  0008  0.671  0.696  -129  -128  -0.61880  -0.27879  -19  827
580  653  0009  0.768  0.787  -135  -135  -0.72680  -0.22479  -19  828
580  464  0010  0.696  0.721  -132  -132  -0.65480  -0.24879  -19  827
580  168  0011  0.631  0.537  -138  -120  -0.44480  -0.28479  -18  826
580  396  0012  0.644  0.666  -126  -126  -0.58280  -0.29079  -19  827
580  567  0013  0.741  0.759  -134  -134  -0.69680  -0.23679  -19  828
580  222  0014  0.643  0.681  -139  -138  -0.63680  -0.15879  -18  827
580  226  0015  0.650  0.680  -133  -134  -0.62480  -0.20679  -19  827
580  570  0016  0.721  0.737  -131  -131  -0.66680  -0.26079  -19  828
580  551  0017  0.731  0.749  -133  -133  -0.68480  -0.24279  -19  828
580  305  0018  0.656  0.683  -135  -135  -0.63080  -0.19479  -19  827
580  465  0019  0.694  0.721  -132  -132  -0.65480  -0.24879  -19  827
580  405  0020  0.678  0.709  -130  -130  -0.63680  -0.26679  -19  827
580  170  0021  0.612  0.537  -139  -120  -0.44480  -0.28479  -18  826
580  178  0022  0.617  0.537  -137  -120  -0.44480  -0.28479  -18  826
580  502  0023  0.677  0.700  -127  -127  -0.61880  -0.29079  -19  828
580  498  0024  0.671  0.691  -126  -126  -0.60680  -0.29679  -19  827
580  469  0025  0.704  0.715  -137  -138  -0.66680  -0.17679  -19  828
580  469  0026  0.675  0.698  -128  -128  -0.61880  -0.28479  -19  827
580  544  0027  0.720  0.739  -132  -132  -0.67280  -0.24879  -19  828
580  607  0028  0.753  0.776  -135  -135  -0.71480  -0.23079  -19  828
580  325  0029  0.655  0.680  -136  -136  -0.63080  -0.18279  -19  827
580  475  0030  0.692  0.712  -139  -139  -0.66680  -0.15879  -19  828
580  334  0031  0.668  0.692  -134  -135  -0.63680  -0.20679  -19  827
580  461  0032  0.713  0.722  -137  -137  -0.67280  -0.18279  -19  828
580  568  0033  0.706  0.725  -129  -129  -0.64880  -0.27879  -19  828
580  594  0034  0.751  0.771  -134  -134  -0.70880  -0.23679  -19  828
580  455  0035  0.659  0.680  -126  -126  -0.59480  -0.29679  -19  827
580  209  0036  0.625  0.537  -130  -120  -0.44480  -0.28479  -18  826
580  338  0037  0.665  0.698  -130  -129  -0.62480  -0.26679  -19  827
580  421  0038  0.679  0.699  -136  -136  -0.64880  -0.18879  -19  827
580  558  0039  0.710  0.727  -130  -130  -0.65480  -0.26679  -19  828
580  577  0040  0.734  0.748  -132  -131  -0.67880  -0.26079  -19  828
580  468  0041  0.696  0.709  -137  -138  -0.66080  -0.17679  -19  828
580  434  0042  0.693  0.708  -135  -135  -0.65480  -0.20079  -19  827
580  585  0043  0.768  0.787  -138  -137  -0.73280  -0.20079  -19  828
580  489  0044  0.733  0.744  -139  -139  -0.69680  -0.16479  -19  828
580  524  0045  0.741  0.766  -136  -136  -0.70880  -0.21279  -19  828
580  552  0046  0.743  0.767  -136  -135  -0.70880  -0.21879  -19  828
580  485  0047  0.724  0.731  -139  -139  -0.68480  -0.16479  -19  828
580  205  0048  0.613  0.537  -134  -120  -0.44480  -0.28479  -18  826
580  190  0049  0.631  0.537  -134  -120  -0.44480  -0.28479  -18  826
625  463  0000  0.673  0.696  -138  -138  -0.64880  -0.17079  -19  827
625  209  0001  0.625  0.537  -130  -120  -0.44480  -0.28479  -18  826
625  536  0002  0.715  0.725  -139  -139  -0.67880  -0.16479  -19  828
625  534  0003  0.731  0.753  -136  -136  -0.69680  -0.21279  -19  828
625  503  0004  0.677  0.702  -128  -128  -0.62480  -0.27879  -19  827
625  442  0005  0.669  0.694  -138  -138  -0.64880  -0.16479  -19  827
625  494  0006  0.690  0.717  -131  -131  -0.64880  -0.25479  -19  827
625  614  0007  0.738  0.745  -128  -128  -0.66080  -0.30279  -19  828
625  216  0008  0.612  0.537  -132  -120  -0.44480  -0.28479  -18  826
625  447  0009  0.669  0.691  -137  -137  -0.64280  -0.17679  -19  827
625  276  0010  0.646  0.671  -129  -128  -0.59480  -0.27279  -19  827
625  594  0011  0.747  0.755  -127  -127  -0.66680  -0.31479  -19  828
625  492  0012  0.699  0.722  -133  -133  -0.66080  -0.23079  -19  827
625  569  0013  0.686  0.706  -128  -127  -0.62480  -0.29079  -19  828
625  613  0014  0.734  0.742  -127  -127  -0.65480  -0.30879  -19  828
625  303  0015  0.647  0.675  -135  -136  -0.62480  -0.18879  -19  827
625  600  0016  0.754  0.760  -130  -130  -0.68480  -0.27879  -19  828
625  386  0017  0.675  0.700  -132  -132  -0.63680  -0.23679  -19  827
625  471  0018  0.694  0.713  -134  -134  -0.65480  -0.21879  -19  827
625  590  0019  0.763  0.770  -131  -131  -0.69680  -0.27279  -19  828
625  188  0020  0.631  0.666  -136  -137  -0.61880  -0.17679  -18  827
625  215  0021  0.619  0.537  -131  -120  -0.44480  -0.28479  -18  826
625  546  0022  0.734  0.759  -136  -136  -0.70280  -0.21279  -19  828
625  629  0023  0.727  0.740  -130  -130  -0.66680  -0.27279  -19  828
625  498  0024  0.724  0.736  -137  -137  -0.68480  -0.18879  -19  828
625  498  0025  0.717  0.730  -137  -137  -0.67880  -0.18879  -19  828
625  571  0026  0.714  0.733  -132  -132  -0.66680  -0.24879  -19  828
625  226  0027  0.627  0.638  -129  -128  -0.56480  -0.26079  -19  827
625  405  0028  0.669  0.698  -130  -129  -0.62480  -0.26679  -19  827
625  180  0029  0.634  0.675  -139  -138  -0.63080  -0.15879  -18  826
625  396  0030  0.671  0.692  -134  -135  -0.63680  -0.20679  -19  827
625  639  0031  0.758  0.784  -137  -136  -0.72680  -0.21279  -19  828
625  429  0032  0.665  0.690  -129  -128  -0.61280  -0.27879  -19  827
625  526  0033  0.749  0.765  -138  -138  -0.71480  -0.18279  -19  828
625  474  0034  0.693  0.708  -135  -135  -0.65480  -0.20079  -19  827
625  175  0035  0.629  0.537  -136  -120  -0.44480  -0.28479  -18  826
625  207  0036  0.631  0.537  -132  -120  -0.44480  -0.28479  -18  826
625  539  0037  0.707  0.725  -133  -132  -0.66080  -0.24279  -19  828
625  584  0038  0.742  0.766  -136  -136  -0.70880  -0.21279  -19  828
625  323  0039  0.660  0.687  -133  -134  -0.63080  -0.21279  -19  827
625  517  0040  0.675  0.698  -128  -128  -0.61880  -0.28479  -19  827
625  629  0041  0.748  0.767  -133  -133  -0.70280  -0.24279  -19  828
625  204  0042  0.626  0.537  -133  -120  -0.44480  -0.28479  -18  826
625  502  0043  0.689  0.703  -138  -137  -0.65480  -0.17679  -19  828
625  450  0044  0.688  0.712  -133  -132  -0.64880  -0.23679  -19  827
625  612  0045  0.702  0.718  -128  -128  -0.63680  -0.29079  -19  828
625  457  0046  0.669  0.692  -128  -127  -0.61280  -0.28479  -19  827
625  575  0047  0.763  0.786  -138  -138  -0.73280  -0.19479  -19  828
625  478  0048  0.678  0.696  -138  -138  -0.64880  -0.17079  -19  827
625  184  0049  0.614  0.537  -136  -120  -0.44480  -0.28479  -18  826
89  189  0000  0.655  0.537  -131  -120  -0.44480  -0.28479  -19  827
89  191  0001  0.629  0.537  -130  -120  -0.44480  -0.28479  -19  827
89  187  0002  0.657  0.537  -134  -120  -0.44480  -0.28479  -19  827
89  187  0003  0.701  0.537  -138  -120  -0.44480  -0.28479  -19  827
89  187  0004  0.647  0.537  -135  -120  -0.44480  -0.28479  -19  827
89  187  0005  0.625  0.537  -127  -120  -0.44480  -0.28479  -19  827
89  196  0006  0.765  0.799  -136  -136  -0.73880  -0.22479  -19  828
89  189  0007  0.759  0.537  -131  -120  -0.44480  -0.28479  -19  827
89  189  0008  0.759  0.537  -134  -120  -0.44480  -0.28479  -19  827
89  187  0009  0.624  0.537  -127  -120  -0.44480  -0.28479  -19  827
89  192  0010  0.614  0.537  -131  -120  -0.44480  -0.28479  -19  827
89  188  0011  0.691  0.537  -130  -120  -0.44480  -0.28479  -19  827
89  189  0012  0.744  0.537  -127  -120  -0.44480  -0.28479  -19  827
89  187  0013  0.728  0.537  -130  -120  -0.44480  -0.28479  -19  827
89  188  0014  0.735  0.537  -136  -120  -0.44480  -0.28479  -19  827
89  188  0015  0.646  0.537  -133  -120  -0.44480  -0.28479  -19  827
89  187  0016  0.640  0.537  -127  -120  -0.44480  -0.28479  -19  827
89  189  0017  0.757  0.537  -128  -120  -0.44480  -0.28479  -19  827
89  188  0018  0.746  0.537  -133  -120  -0.44480  -0.28479  -19  827
89  187  0019  0.672  0.537  -135  -120  -0.44480  -0.28479  -19  827
89  189  0020  0.664  0.537  -131  -120  -0.44480  -0.28479  -19  827
89  187  0021  0.700  0.537  -136  -120  -0.44480  -0.28479  -19  827
89  188  0022  0.740  0.537  -129  -120  -0.44480  -0.28479  -19  827
89  187  0023  0.708  0.537  -129  -120  -0.44480  -0.28479  -19  827
89  186  0024  0.662  0.537  -139  -120  -0.44480  -0.28479  -19  827
89  185  0025  0.629  0.537  -138  -120  -0.44480  -0.28479  -19  827
89  188  0026  0.753  0.537  -132  -120  -0.44480  -0.28479  -19  827
89  186  0027  0.629  0.537  -137  -120  -0.44480  -0.28479  -19  827
89  188  0028  0.746  0.537  -130  -120  -0.44480  -0.28479  -19  827
89  189  0029  0.615  0.537  -128  -120  -0.44480  -0.28479  -19  827
89  187  0030  0.722  0.537  -129  -120  -0.44480  -0.28479  -19  827
89  189  0031  0.768  0.537  -133  -120  -0.44480  -0.28479  -19  827
89  188  0032  0.724  0.537  -136  -120  -0.44480  -0.28479  -19  827
89  187  0033  0.674  0.537  -137  -120  -0.44480  -0.28479  -19  827
89  189  0034  0.658  0.537  -129  -120  -0.44480  -0.28479  -19  827
89  187  0035  0.671  0.537  -134  -120  -0.44480  -0.28479  -19  827
89  189  0036  0.766  0.537  -133  -120  -0.44480  -0.28479  -19  827
89  186  0037  0.661  0.537  -136  -120  -0.44480  -0.28479  -19  827
89  191  0038  0.768  0.800  -134  -135  -0.73880  -0.23079  -19  828
89  187  0039  0.674  0.537  -136  -120  -0.44480  -0.28479  -19  827
89  186  0040  0.638  0.537  -136  -120  -0.44480  -0.28479  -19  827
89  192  0041  0.627  0.537  -131  -120  -0.44480  -0.28479  -19  827
89  188  0042  0.702  0.537  -133  -120  -0.44480  -0.28479  -19  827
89  188  0043  0.761  0.537  -129  -120  -0.44480  -0.28479  -19  827
89  189  0044  0.622  0.537  -128  -120  -0.44480  -0.28479  -19  827
89  189  0045  0.649  0.537  -132  -120  -0.44480  -0.28479  -19  827
89  190  0046  0.647  0.537  -129  -120  -0.44480  -0.28479  -19  827
89  188  0047  0.665  0.537  -131  -120  -0.44480  -0.28479  -19  827
89  188  0048  0.677  0.537  -133  -120  -0.44480  -0.28479  -19  827
89  186  0049  0.663  0.537  -138  -120  -0.44480  -0.28479  -19  827
134  185  0000  0.614  0.537  -138  -120  -0.44480  -0.28479  -19  827
134  188  0001  0.732  0.537  -128  -120  -0.44480  -0.28479  -19  827
134  187  0002  0.670  0.537  -133  -120  -0.44480  -0.28479  -19  827
134  188  0003  0.677  0.537  -130  -120  -0.44480  -0.28479  -19  827
134  187  0004  0.698  0.537  -129  -120  -0.44480  -0.28479  -19  827
134  187  0005  0.702  0.537  -136  -120  -0.44480  -0.28479  -19  827
134  189  0006  0.712  0.537  -126  -120  -0.44480  -0.28479  -19  827
134  189  0007  0.619  0.537  -128  -120  -0.44480  -0.28479  -19  827
134  187  0008  0.639  0.537  -127  -120  -0.44480  -0.28479  -19  827
134  193  0009  0.624  0.537  -130  -120  -0.44480  -0.28479  -19  827
134  188  0010  0.738  0.537  -135  -120  -0.44480  -0.28479  -19  827
134  190  0011  0.749  0.537  -126  -120  -0.44480  -0.28479  -19  827
134  187  0012  0.712  0.537  -136  -120  -0.44480  -0.28479  -19  827
134  194  0013  0.620  0.537  -132  -120  -0.44480  -0.28479  -19  827
134  187  0014  0.644  0.537  -134  -120  -0.44480  -0.28479  -19  827
134  188  0015  0.652  0.537  -128  -120  -0.44480  -0.28479  -19  827
134  187  0016  0.702  0.537  -130  -120  -0.44480  -0.28479  -19  827
134  188  0017  0.693  0.537  -127  -120  -0.44480  -0.28479  -19  827
134  187  0018  0.725  0.537  -131  -120  -0.44480  -0.28479  -19  827
134  188  0019  0.678  0.537  -127  -120  -0.44480  -0.28479  -19  827
134  188  0020  0.642  0.537  -134  -120  -0.44480  -0.28479  -19  827
134  187  0021  0.711  0.537  -135  -120  -0.44480  -0.28479  -19  827
134  190  0022  0.740  0.537  -138  -120  -0.44480  -0.28479  -19  827
134  188  0023  0.746  0.537  -133  -120  -0.44480  -0.28479  -19  827
134  191  0024  0.617  0.537  -134  -120  -0.44480  -0.28479  -19  827
134  191  0025  0.634  0.537  -132  -120  -0.44480  -0.28479  -19  827
134  188  0026  0.705  0.537  -134  -120  -0.44480  -0.28479  -19  827
134  193  0027  0.624  0.537  -130  -120  -0.44480  -0.28479  -19  827
134  189  0028  0.718  0.537  -127  -120  -0.44480  -0.28479  -19  827
134  185  0029  0.661  0.537  -137  -120  -0.44480  -0.28479  -19  827
134  187  0030  0.672  0.537  -133  -120  -0.44480  -0.28479  -19  827
134  202  0031  0.766  0.797  -138  -136  -0.73880  -0.21879  -19  828
134  199  0032  0.756  0.797  -137  -136  -0.73880  -0.21879  -19  828
134  189  0033  0.740  0.537  -136  -120  -0.44480  -0.28479  -19  827
134  188  0034  0.730  0.537  -133  -120  -0.44480  -0.28479  -19  827
134  187  0035  0.657  0.537  -127  -120  -0.44480  -0.28479  -19  827
134  189  0036  0.705  0.537  -126  -120  -0.44480  -0.28479  -19  827
134  187  0037  0.713  0.537  -137  -120  -0.44480  -0.28479  -19  827
134  187  0038  0.691  0.537  -134  -120  -0.44480  -0.28479  -19  827
134  187  0039  0.722  0.537  -135  -120  -0.44480  -0.28479  -19  827
134  187  0040  0.699  0.537  -135  -120  -0.44480  -0.28479  -19  827
134  191  0041  0.642  0.537  -129  -120  -0.44480  -0.28479  -19  827
134  188  0042  0.645  0.537  -134  -120  -0.44480  -0.28479  -19  827
134  185  0043  0.613  0.537  -138  -120  -0.44480  -0.28479  -19  827
134  186  0044  0.682  0.537  -138  -120  -0.44480  -0.28479  -19  827
134  198  0045  0.766  0.797  -138  -136  -0.73880  -0.21879  -19  828
134  186  0046  0.656  0.537  -134  -120  -0.44480  -0.28479  -19  827
134  187  0047  0.718  0.537  -131  -120  -0.44480  -0.28479  -19  827
134  187  0048  0.673  0.537  -126  -120  -0.44480  -0.28479  -19  827
134  187  0049  0.723  0.537  -128  -120  -0.44480  -0.28479  -19  827
179  185  0000  0.647  0.537  -135  -120  -0.44480  -0.28479  -19  827
179  208  0001  0.751  0.783  -133  -134  -0.72080  -0.23679  -19  828
179  187  0002  0.723  0.537  -138  -120  -0.44480  -0.28479  -19  827
179  199  0003  0.710  0.729  -128  -128  -0.64880  -0.29079  -19  828
179  275  0004  0.767  0.793  -136  -135  -0.73280  -0.22479  -19  828
179  184  0005  0.656  0.537  -136  -120  -0.44480  -0.28479  -19  827
179  191  0006  0.640  0.537  -129  -120  -0.44480  -0.28479  -19  827
179  185  0007  0.689  0.537  -138  -120  -0.44480  -0.28479  -19  827
179  197  0008  0.735  0.741  -129  -129  -0.66080  -0.29079  -19  828
179  184  0009  0.630  0.537  -136  -120  -0.44480  -0.28479  -19  827
179  225  0010  0.746  0.788  -134  -135  -0.72680  -0.23079  -19  828
179  198  0011  0.725  0.731  -128  -128  -0.64880  -0.29679  -19  828
179  189  0012  0.655  0.537  -132  -120  -0.44480  -0.28479  -19  827
179  186  0013  0.696  0.537  -136  -120  -0.44480  -0.28479  -19  827
179  184  0014  0.658  0.537  -136  -120  -0.44480  -0.28479  -19  827
179  188  0015  0.670  0.537  -131  -120  -0.44480  -0.28479  -19  827
179  188  0016  0.749  0.537  -132  -120  -0.44480  -0.28479  -19  827
179  207  0017  0.738  0.787  -135  -135  -0.72680  -0.22479  -19  828
179  187  0018  0.704  0.537  -136  -120  -0.44480  -0.28479  -19  827
179  186  0019  0.691  0.537  -136  -120  -0.44480  -0.28479  -19  827
179  193  0020  0.626  0.537  -129  -120  -0.44480  -0.28479  -19  827
179  187  0021  0.692  0.537  -134  -120  -0.44480  -0.28479  -19  827
179  190  0022  0.639  0.537  -128  -120  -0.44480  -0.28479  -19  827
179  187  0023  0.716  0.537  -131  -120  -0.44480  -0.28479  -19  827
179  183  0024  0.654  0.537  -136  -120  -0.44480  -0.28479  -19  827
179  187  0025  0.616  0.537  -127  -120  -0.44480  -0.28479  -19  827
179  186  0026  0.649  0.537  -134  -120  -0.44480  -0.28479  -19  827
179  188  0027  0.672  0.537  -130  -120  -0.44480  -0.28479  -19  827
179  183  0028  0.644  0.537  -136  -120  -0.44480  -0.28479  -19  827
179  198  0029  0.720  0.731  -127  -128  -0.64880  -0.29679  -19  828
179  187  0030  0.681  0.537  -132  -120  -0.44480  -0.28479  -19  827
179  187  0031  0.650  0.537  -127  -120  -0.44480  -0.28479  -19  827
179  185  0032  0.676  0.537  -136  -120  -0.44480  -0.28479  -19  827
179  190  0033  0.655  0.537  -129  -120  -0.44480  -0.28479  -19  827
179  186  0034  0.705  0.537  -130  -120  -0.44480  -0.28479  -19  827
179  192  0035  0.618  0.537  -129  -120  -0.44480  -0.28479  -19  827
179  201  0036  0.717  0.733  -129  -129  -0.65480  -0.28479  -19  828
179  193  0037  0.618  0.537  -129  -120  -0.44480  -0.28479  -19  827
179  192  0038  0.642  0.537  -129  -120  -0.44480  -0.28479  -19  827
179  279  0039  0.768  0.799  -135  -136  -0.73880  -0.22479  -19  828
179  187  0040  0.702  0.537  -131  -120  -0.44480  -0.28479  -19  827
179  187  0041  0.726  0.537  -134  -120  -0.44480  -0.28479  -19  827
179  188  0042  0.669  0.537  -130  -120  -0.44480  -0.28479  -19  827
179  195  0043  0.722  0.734  -127  -127  -0.64880  -0.30279  -19  828
179  186  0044  0.628  0.537  -136  -120  -0.44480  -0.28479  -19  827
179  187  0045  0.721  0.537  -137  -120  -0.44480  -0.28479  -19  827
179  187  0046  0.690  0.537  -131  -120  -0.44480  -0.28479  -19  827
179  187  0047  0.680  0.537  -131  -120  -0.44480  -0.28479  -19  827
179  188  0048  0.695  0.537  -127  -120  -0.44480  -0.28479  -19  827
179  187  0049  0.671  0.537  -127  -120  -0.44480  -0.28479  -19  827
223  207  0000  0.752  0.751  -128  -128  -0.66680  -0.30279  -19  828
223  271  0001  0.759  0.789  -133  -134  -0.72680  -0.23679  -19  828
223  189  0002  0.662  0.537  -129  -120  -0.44480  -0.28479  -19  827
223  243  0003  0.762  0.781  -132  -133  -0.71480  -0.24879  -19  828
223  193  0004  0.750  0.537  -139  -120  -0.44480  -0.28479  -19  827
223  186  0005  0.686  0.537  -135  -120  -0.44480  -0.28479  -19  827
223  181  0006  0.641  0.537  -139  -120  -0.44480  -0.28479  -18  827
223  183  0007  0.668  0.537  -137  -120  -0.44480  -0.28479  -19  827
223  186  0008  0.640  0.537  -127  -120  -0.44480  -0.28479  -19  827
223  185  0009  0.703  0.537  -137  -120  -0.44480  -0.28479  -19  827
223  254  0010  0.755  0.779  -133  -134  -0.71480  -0.24279  -19  828
223  230  0011  0.758  0.770  -132  -133  -0.70280  -0.25479  -19  828
223  189  0012  0.664  0.537  -129  -120  -0.44480  -0.28479  -19  827
223  236  0013  0.709  0.722  -127  -127  -0.63680  -0.30279  -19  828
223  187  0014  0.680  0.537  -130  -120  -0.44480  -0.28479  -19  827
223  189  0015  0.732  0.537  -139  -120  -0.44480  -0.28479  -19  827
223  225  0016  0.753  0.784  -126  -126  -0.68480  -0.34479  -19  828
223  194  0017  0.638  0.537  -130  -120  -0.44480  -0.28479  -19  827
223  194  0018  0.633  0.537  -132  -120  -0.44480  -0.28479  -19  827
223  187  0019  0.725  0.537  -138  -120  -0.44480  -0.28479  -19  827
223  244  0020  0.725  0.739  -129  -129  -0.66080  -0.28479  -19  828
223  181  0021  0.638  0.537  -138  -120  -0.44480  -0.28479  -19  827
223  186  0022  0.706  0.537  -139  -120  -0.44480  -0.28479  -19  827
223  228  0023  0.712  0.735  -130  -130  -0.66080  -0.27279  -19  827
223  192  0024  0.642  0.537  -132  -120  -0.44480  -0.28479  -19  827
223  187  0025  0.705  0.537  -132  -120  -0.44480  -0.28479  -19  827
223  187  0026  0.667  0.537  -132  -120  -0.44480  -0.28479  -19  827
223  183  0027  0.663  0.537  -138  -120  -0.44480  -0.28479  -19  827
223  182  0028  0.653  0.537  -138  -120  -0.44480  -0.28479  -19  827
223  187  0029  0.689  0.537  -134  -120  -0.44480  -0.28479  -19  827
223  189  0030  0.735  0.537  -138  -120  -0.44480  -0.28479  -19  827
223  224  0031  0.698  0.713  -126  -126  -0.62480  -0.30879  -19  828
223  182  0032  0.649  0.537  -136  -120  -0.44480  -0.28479  -19  827
223  185  0033  0.701  0.537  -137  -120  -0.44480  -0.28479  -19  827
223  181  0034  0.635  0.537  -138  -120  -0.44480  -0.28479  -19  827
223  194  0035  0.626  0.537  -133  -120  -0.44480  -0.28479  -19  827
223  186  0036  0.722  0.537  -137  -120  -0.44480  -0.28479  -19  827
223  181  0037  0.622  0.537  -139  -120  -0.44480  -0.28479  -18  826
223  245  0038  0.744  0.777  -134  -134  -0.71480  -0.23679  -19  828
223  185  0039  0.712  0.537  -137  -120  -0.44480  -0.28479  -19  827
223  223  0040  0.698  0.723  -128  -128  -0.64280  -0.29079  -19  827
223  189  0041  0.651  0.537  -128  -120  -0.44480  -0.28479  -19  827
223  194  0042  0.639  0.537  -130  -120  -0.44480  -0.28479  -19  827
223  193  0043  0.620  0.537  -134  -120  -0.44480  -0.28479  -19  827
223  184  0044  0.653  0.537  -126  -120  -0.44480  -0.28479  -19  827
223  188  0045  0.672  0.537  -131  -120  -0.44480  -0.28479  -19  827
223  189  0046  0.618  0.537  -135  -120  -0.44480  -0.28479  -19  827
223  233  0047  0.709  0.727  -129  -129  -0.64880  -0.28479  -19  828
223  182  0048  0.659  0.537  -137  -120  -0.44480  -0.28479  -19  827
223  193  0049  0.641  0.537  -131  -120  -0.44480  -0.28479  -19  827
268  264  0000  0.726  0.743  -132  -131  -0.67280  -0.26079  -19  828
268  201  0001  0.702  0.733  -133  -132  -0.66680  -0.24879  -19  827
268  194  0002  0.716  0.730  -139  -139  -0.68480  -0.15879  -19  828
268  184  0003  0.704  0.537  -137  -120  -0.44480  -0.28479  -19  827
268  186  0004  0.676  0.537  -132  -120  -0.44480  -0.28479  -19  827
268  187  0005  0.629  0.537  -135  -120  -0.44480  -0.28479  -19  827
268  275  0006  0.741  0.750  -131  -131  -0.67880  -0.26679  -19  828
268  273  0007  0.735  0.739  -128  -128  -0.65480  -0.30279  -19  828
268  186  0008  0.677  0.537  -131  -120  -0.44480  -0.28479  -19  827
268  185  0009  0.712  0.537  -136  -120  -0.44480  -0.28479  -19  827
268  183  0010  0.680  0.537  -138  -120  -0.44480  -0.28479  -19  827
268  319  0011  0.757  0.791  -136  -136  -0.73280  -0.21879  -19  828
268  180  0012  0.648  0.537  -138  -120  -0.44480  -0.28479  -18  827
268  199  0013  0.698  0.729  -132  -131  -0.66080  -0.25479  -19  827
268  187  0014  0.672  0.537  -131  -120  -0.44480  -0.28479  -19  827
268  190  0015  0.685  0.723  -130  -130  -0.64880  -0.27279  -19  827
268  179  0016  0.626  0.537  -138  -120  -0.44480  -0.28479  -18  826
268  190  0017  0.736  0.537  -138  -120  -0.44480  -0.28479  -19  827
268  193  0018  0.619  0.537  -128  -120  -0.44480  -0.28479  -19  827
268  181  0019  0.660  0.537  -137  -120  -0.44480  -0.28479  -19  827
268  284  0020  0.748  0.773  -133  -134  -0.70880  -0.24279  -19  828
268  187  0021  0.662  0.537  -127  -120  -0.44480  -0.28479  -19  827
268  192  0022  0.621  0.537  -134  -120  -0.44480  -0.28479  -19  827
268  183  0023  0.685  0.537  -138  -120  -0.44480  -0.28479  -19  827
268  243  0024  0.728  0.753  -134  -134  -0.69080  -0.23679  -19  828
268  197  0025  0.623  0.537  -130  -120  -0.44480  -0.28479  -19  827
268  188  0026  0.654  0.537  -132  -120  -0.44480  -0.28479  -19  827
268  286  0027  0.722  0.731  -128  -128  -0.64880  -0.29679  -19  828
268  188  0028  0.666  0.537  -131  -120  -0.44480  -0.28479  -19  827
268  181  0029  0.650  0.537  -136  -120  -0.44480  -0.28479  -19  827
268  240  0030  0.752  0.789  -138  -137  -0.73280  -0.20679  -19  828
268  194  0031  0.641  0.537  -130  -120  -0.44480  -0.28479  -19  827
268  181  0032  0.617  0.537  -126  -120  -0.44480  -0.28479  -19  827
268  189  0033  0.661  0.537  -131  -120  -0.44480  -0.28479  -19  827
268  182  0034  0.639  0.537  -136  -120  -0.44480  -0.28479  -19  827
268  301  0035  0.751  0.777  -134  -134  -0.71480  -0.23679  -19  828
268  194  0036  0.643  0.537  -130  -120  -0.44480  -0.28479  -19  827
268  234  0037  0.733  0.779  -136  -136  -0.72080  -0.21879  -19  828
268  191  0038  0.625  0.537  -134  -120  -0.44480  -0.28479  -19  827
268  274  0039  0.758  0.782  -127  -126  -0.68480  -0.33879  -19  828
268  253  0040  0.725  0.745  -133  -132  -0.67880  -0.24879  -19  828
268  199  0041  0.728  0.735  -139  -140  -0.69080  -0.15279  -19  828
268  187  0042  0.660  0.537  -132  -120  -0.44480  -0.28479  -19  827
268  191  0043  0.619  0.537  -128  -120  -0.44480  -0.28479  -19  827
268  327  0044  0.764  0.789  -134  -134  -0.72680  -0.23679  -19  828
268  241  0045  0.697  0.723  -130  -130  -0.64880  -0.27279  -19  827
268  184  0046  0.690  0.537  -139  -120  -0.44480  -0.28479  -19  827
268  287  0047  0.722  0.731  -128  -128  -0.64880  -0.29679  -19  828
268  250  0048  0.759  0.760  -130  -130  -0.68480  -0.27879  -19  828
268  331  0049  0.764  0.789  -134  -134  -0.72680  -0.23679  -19  828
313  326  0000  0.713  0.728  -127  -127  -0.64280  -0.30279  -19  828
313  239  0001  0.711  0.724  -139  -139  -0.67880  -0.15879  -19  828
313  285  0002  0.730  0.758  -134  -134  -0.69680  -0.23079  -19  828
313  276  0003  0.730  0.762  -135  -135  -0.70280  -0.22479  -19  828
313  185  0004  0.653  0.537  -127  -120  -0.44480  -0.28479  -19  827
313  182  0005  0.667  0.537  -135  -120  -0.44480  -0.28479  -19  827
313  382  0006  0.762  0.787  -136  -135  -0.72680  -0.22479  -19  828
313  318  0007  0.764  0.776  -132  -133  -0.70880  -0.25479  -19  828
313  192  0008  0.625  0.537  -134  -120  -0.44480  -0.28479  -19  826
313  181  0009  0.666  0.537  -136  -120  -0.44480  -0.28479  -19  827
313  191  0010  0.656  0.537  -129  -120  -0.44480  -0.28479  -19  827
313  190  0011  0.643  0.537  -128  -120  -0.44480  -0.28479  -19  827
313  349  0012  0.763  0.785  -133  -134  -0.72080  -0.24279  -19  828
313  181  0013  0.655  0.537  -135  -120  -0.44480  -0.28479  -19  827
313  191  0014  0.649  0.537  -128  -120  -0.44480  -0.28479  -19  827
313  194  0015  0.644  0.537  -130  -120  -0.44480  -0.28479  -19  827
313  236  0016  0.710  0.736  -134  -133  -0.67280  -0.23679  -19  827
313  305  0017  0.714  0.733  -131  -130  -0.66080  -0.26679  -19  828
313  191  0018  0.648  0.537  -132  -120  -0.44480  -0.28479  -19  827
313  259  0019  0.678  0.708  -127  -127  -0.62480  -0.29679  -19  827
313  181  0020  0.646  0.537  -135  -120  -0.44480  -0.28479  -19  827
313  283  0021  0.757  0.760  -129  -129  -0.67880  -0.29679  -19  828
313  179  0022  0.641  0.537  -137  -120  -0.44480  -0.28479  -18  827
313  180  0023  0.663  0.537  -137  -120  -0.44480  -0.28479  -18  827
313  196  0024  0.629  0.537  -133  -120  -0.44480  -0.28479  -19  827
313  193  0025  0.648  0.537  -130  -120  -0.44480  -0.28479  -19  827
313  178  0026  0.618  0.537  -138  -120  -0.44480  -0.28479  -18  826
313  199  0027  0.626  0.537  -130  -120  -0.44480  -0.28479  -19  827
313  310  0028  0.748  0.754  -130  -130  -0.67880  -0.27879  -19  828
313  189  0029  0.632  0.537  -128  -120  -0.44480  -0.28479  -19  827
313  316  0030  0.702  0.716  -126  -127  -0.63080  -0.30279  -19  828
313  187  0031  0.619  0.537  -136  -120  -0.44480  -0.28479  -18  826
313  194  0032  0.643  0.537  -131  -120  -0.44480  -0.28479  -19  827
313  272  0033  0.688  0.715  -129  -128  -0.63680  -0.28479  -19  827
313  300  0034  0.758  0.762  -131  -131  -0.69080  -0.26679  -19  828
313  360  0035  0.757  0.783  -134  -134  -0.72080  -0.23679  -19  828
313  180  0036  0.658  0.537  -136  -120  -0.44480  -0.28479  -19  827
313  193  0037  0.645  0.537  -129  -120  -0.44480  -0.28479  -19  827
313  178  0038  0.635  0.537  -139  -120  -0.44480  -0.28479  -18  826
313  304  0039  0.736  0.744  -127  -127  -0.65480  -0.31479  -19  828
313  200  0040  0.627  0.537  -131  -120  -0.44480  -0.28479  -19  827
313  300  0041  0.754  0.760  -130  -130  -0.68480  -0.27879  -19  828
313  208  0042  0.690  0.708  -138  -138  -0.66080  -0.17079  -19  827
313  189  0043  0.641  0.537  -133  -120  -0.44480  -0.28479  -19  827
313  226  0044  0.685  0.721  -130  -130  -0.64880  -0.26679  -19  827
313  183  0045  0.665  0.537  -135  -120  -0.44480  -0.28479  -19  827
313  193  0046  0.642  0.537  -129  -120  -0.44480  -0.28479  -19  827
313  198  0047  0.633  0.537  -131  -120  -0.44480  -0.28479  -19  827
313  248  0048  0.675  0.703  -127  -127  -0.61880  -0.29679  -19  827
313  188  0049  0.669  0.537  -130  -120  -0.44480  -0.28479  -19  827
357  352  0000  0.732  0.736  -127  -127  -0.64880  -0.30879  -19  828
357  299  0001  0.673  0.699  -126  -126  -0.61280  -0.30279  -19  827
357  181  0002  0.651  0.537  -135  -120  -0.44480  -0.28479  -19  827
357  354  0003  0.725  0.743  -132  -131  -0.67280  -0.26079  -19  828
357  196  0004  0.643  0.537  -130  -120  -0.44480  -0.28479  -19  827
357  178  0005  0.653  0.537  -139  -120  -0.44480  -0.28479  -18  827
357  361  0006  0.738  0.748  -131  -131  -0.67880  -0.26079  -19  828
357  387  0007  0.749  0.776  -135  -135  -0.71480  -0.23079  -19  828
357  373  0008  0.723  0.737  -130  -130  -0.66080  -0.27879  -19  828
357  180  0009  0.662  0.537  -139  -120  -0.44480  -0.28479  -18  827
357  356  0010  0.733  0.747  -132  -132  -0.67880  -0.25479  -19  828
357  274  0011  0.692  0.725  -131  -131  -0.65480  -0.26079  -19  827
357  324  0012  0.717  0.739  -132  -132  -0.67280  -0.24879  -19  828
357  363  0013  0.767  0.782  -132  -133  -0.71480  -0.25479  -19  828
357  358  0014  0.699  0.716  -127  -127  -0.63080  -0.30279  -19  828
357  181  0015  0.642  0.537  -127  -120  -0.44480  -0.28479  -19  827
357  313  0016  0.764  0.768  -129  -129  -0.68480  -0.30279  -19  828
357  255  0017  0.744  0.758  -139  -138  -0.70880  -0.17679  -19  828
357  405  0018  0.761  0.790  -137  -136  -0.73280  -0.21279  -19  828
357  216  0019  0.654  0.686  -127  -126  -0.60080  -0.29679  -19  827
357  266  0020  0.684  0.717  -130  -129  -0.64280  -0.27279  -19  827
357  422  0021  0.762  0.785  -136  -136  -0.72680  -0.21879  -19  828
357  194  0022  0.641  0.537  -132  -120  -0.44480  -0.28479  -19  827
357  199  0023  0.628  0.537  -130  -120  -0.44480  -0.28479  -19  827
357  390  0024  0.751  0.779  -135  -136  -0.72080  -0.21879  -19  828
357  315  0025  0.723  0.747  -134  -133  -0.68480  -0.23679  -19  828
357  201  0026  0.622  0.537  -132  -120  -0.44480  -0.28479  -19  826
357  277  0027  0.696  0.723  -132  -131  -0.65480  -0.25479  -19  827
357  350  0028  0.694  0.714  -127  -127  -0.63080  -0.29679  -19  828
357  434  0029  0.765  0.787  -135  -135  -0.72680  -0.22479  -19  828
357  352  0030  0.740  0.745  -128  -128  -0.66080  -0.30279  -19  828
357  194  0031  0.647  0.537  -131  -120  -0.44480  -0.28479  -19  827
357  370  0032  0.728  0.740  -130  -130  -0.66680  -0.27279  -19  828
357  195  0033  0.686  0.711  -134  -134  -0.65480  -0.21279  -19  827
357  192  0034  0.654  0.537  -130  -120  -0.44480  -0.28479  -19  827
357  319  0035  0.762  0.770  -128  -128  -0.68480  -0.30879  -19  828
357  193  0036  0.639  0.537  -133  -120  -0.44480  -0.28479  -19  827
357  196  0037  0.671  0.698  -136  -137  -0.64880  -0.18279  -19  827
357  260  0038  0.688  0.719  -131  -131  -0.64880  -0.26079  -19  827
357  355  0039  0.742  0.749  -129  -128  -0.66680  -0.29679  -19  828
357  181  0040  0.666  0.537  -135  -120  -0.44480  -0.28479  -19  827
357  182  0041  0.657  0.537  -134  -120  -0.44480  -0.28479  -19  827
357  357  0042  0.752  0.764  -132  -132  -0.69680  -0.25479  -19  828
357  365  0043  0.733  0.744  -131  -131  -0.67280  -0.26679  -19  828
357  177  0044  0.654  0.537  -138  -120  -0.44480  -0.28479  -18  827
357  183  0045  0.641  0.537  -135  -120  -0.44480  -0.28479  -18  827
357  335  0046  0.753  0.763  -127  -127  -0.67280  -0.32079  -19  828
357  177  0047  0.626  0.537  -137  -120  -0.44480  -0.28479  -18  826
357  189  0048  0.645  0.537  -133  -120  -0.44480  -0.28479  -19  827
357  333  0049  0.685  0.705  -126  -126  -0.61880  -0.30279  -19  828
402  174  0000  0.634  0.537  -138  -120  -0.44480  -0.28479  -18  826
402  177  0001  0.621  0.537  -126  -120  -0.44480  -0.28479  -19  827
402  352  0002  0.768  0.774  -129  -129  -0.69080  -0.30279  -19  828
402  292  0003  0.659  0.686  -126  -126  -0.60080  -0.29679  -19  827
402  294  0004  0.681  0.711  -130  -129  -0.63680  -0.27279  -19  827
402  276  0005  0.700  0.712  -136  -137  -0.66080  -0.18879  -19  827
402  191  0006  0.658  0.537  -129  -120  -0.44480  -0.28479  -19  827
402  365  0007  0.759  0.765  -128  -128  -0.67880  -0.30879  -19  828
402  186  0008  0.663  0.537  -133  -120  -0.44480  -0.28479  -19  827
402  252  0009  0.671  0.708  -129  -129  -0.63080  -0.27879  -19  827
402  193  0010  0.620  0.537  -135  -120  -0.44480  -0.28479  -18  826
402  184  0011  0.641  0.537  -134  -120  -0.44480  -0.28479  -18  827
402  375  0012  0.751  0.761  -128  -127  -0.67280  -0.31479  -19  828
402  266  0013  0.698  0.719  -134  -134  -0.66080  -0.21879  -19  827
402  408  0014  0.721  0.735  -130  -130  -0.66080  -0.27279  -19  828
402  397  0015  0.759  0.772  -132  -132  -0.70280  -0.26079  -19  828
402  410  0016  0.724  0.735  -130  -130  -0.66080  -0.27279  -19  828
402  249  0017  0.647  0.674  -126  -126  -0.58880  -0.29679  -19  827
402  408  0018  0.735  0.744  -131  -131  -0.67280  -0.26679  -19  828
402  271  0019  0.690  0.719  -132  -132  -0.65480  -0.24279  -19  827
402  190  0020  0.654  0.537  -128  -120  -0.44480  -0.28479  -19  827
402  176  0021  0.615  0.537  -138  -120  -0.44480  -0.28479  -18  826
402  403  0022  0.741  0.753  -132  -132  -0.68480  -0.25479  -19  828
402  297  0023  0.703  0.728  -134  -133  -0.66680  -0.23079  -19  827
402  183  0024  0.640  0.537  -135  -120  -0.44480  -0.28479  -18  827
402  192  0025  0.613  0.537  -128  -120  -0.44480  -0.28479  -19  827
402  397  0026  0.724  0.743  -131  -131  -0.67280  -0.26079  -19  828
402  441  0027  0.754  0.782  -135  -135  -0.72080  -0.23079  -19  828
402  408  0028  0.735  0.744  -131  -131  -0.67280  -0.26679  -19  828
402  415  0029  0.723  0.731  -128  -128  -0.64880  -0.29679  -19  828
402  471  0030  0.764  0.787  -136  -135  -0.72680  -0.22479  -19  828
402  379  0031  0.734  0.758  -134  -134  -0.69680  -0.23079  -19  828
402  455  0032  0.759  0.782  -134  -135  -0.72080  -0.23079  -19  828
402  286  0033  0.687  0.719  -131  -131  -0.64880  -0.26079  -19  827
402  412  0034  0.714  0.728  -127  -127  -0.64280  -0.30279  -19  828
402  205  0035  0.618  0.537  -132  -120  -0.44480  -0.28479  -19  826
402  203  0036  0.623  0.537  -130  -120  -0.44480  -0.28479  -19  826
402  195  0037  0.666  0.695  -135  -136  -0.64280  -0.19479  -19  827
402  388  0038  0.753  0.782  -137  -137  -0.72680  -0.20679  -19  828
402  191  0039  0.657  0.537  -129  -120  -0.44480  -0.28479  -19  827
402  195  0040  0.634  0.537  -133  -120  -0.44480  -0.28479  -19  826
402  266  0041  0.693  0.707  -136  -136  -0.65480  -0.19479  -19  827
402  258  0042  0.679  0.698  -136  -137  -0.64880  -0.18279  -19  827
402  451  0043  0.761  0.783  -134  -134  -0.72080  -0.23679  -19  828
402  190  0044  0.675  0.710  -133  -133  -0.64880  -0.23079  -19  827
402  195  0045  0.617  0.537  -129  -120  -0.44480  -0.28479  -19  827
402  353  0046  0.731  0.762  -135  -135  -0.70280  -0.22479  -19  828
402  364  0047  0.734  0.762  -135  -135  -0.70280  -0.22479  -19  828
402  393  0048  0.738  0.747  -127  -127  -0.66080  -0.30879  -19  828
402  394  0049  0.734  0.742  -127  -127  -0.65480  -0.30879  -19  828
446  195  0000  0.648  0.537  -130  -120  -0.44480  -0.28479  -19  827
446  449  0001  0.750  0.764  -132  -132  -0.69680  -0.25479  -19  828
446  357  0002  0.666  0.686  -126  -126  -0.60080  -0.29679  -19  827
446  193  0003  0.653  0.537  -130  -120  -0.44480  -0.28479  -19  827
446  448  0004  0.731  0.744  -131  -131  -0.67280  -0.26679  -19  828
446  442  0005  0.743  0.747  -129  -129  -0.66680  -0.29079  -19  828
446  292  0006  0.672  0.696  -137  -138  -0.64880  -0.17079  -19  827
446  398  0007  0.732  0.756  -135  -135  -0.69680  -0.22479  -19  828
446  184  0008  0.621  0.537  -136  -120  -0.44480  -0.28479  -18  826
446  444  0009  0.735  0.745  -128  -128  -0.66080  -0.30279  -19  828
446  203  0010  0.619  0.537  -130  -120  -0.44480  -0.28479  -19  826
446  362  0011  0.698  0.718  -139  -139  -0.67280  -0.15879  -19  828
446  196  0012  0.636  0.537  -129  -120  -0.44480  -0.28479  -19  827
446  462  0013  0.718  0.729  -128  -128  -0.64880  -0.29079  -19  828
446  444  0014  0.721  0.739  -131  -131  -0.66680  -0.26679  -19  828
446  201  0015  0.631  0.537  -132  -120  -0.44480  -0.28479  -19  826
446  363  0016  0.695  0.725  -131  -131  -0.65480  -0.26079  -19  827
446  173  0017  0.634  0.537  -138  -120  -0.44480  -0.28479  -18  826
446  448  0018  0.740  0.750  -129  -130  -0.67280  -0.28479  -19  828
446  174  0019  0.644  0.537  -137  -120  -0.44480  -0.28479  -18  826
446  401  0020  0.761  0.786  -138  -138  -0.73280  -0.19479  -19  828
446  333  0021  0.666  0.695  -127  -127  -0.61280  -0.29079  -19  827
446  431  0022  0.731  0.738  -126  -127  -0.64880  -0.31479  -19  828
446  198  0023  0.642  0.537  -131  -120  -0.44480  -0.28479  -19  827
446  409  0024  0.758  0.766  -129  -129  -0.68480  -0.29679  -19  828
446  465  0025  0.760  0.782  -137  -137  -0.72680  -0.20679  -19  828
446  277  0026  0.683  0.713  -132  -132  -0.64880  -0.24279  -19  827
446  361  0027  0.720  0.744  -135  -134  -0.68480  -0.22479  -19  828
446  459  0028  0.729  0.739  -129  -129  -0.66080  -0.28479  -19  828
446  295  0029  0.681  0.699  -136  -136  -0.64880  -0.18879  -19  827
446  226  0030  0.667  0.690  -135  -135  -0.63680  -0.20079  -19  827
446  279  0031  0.667  0.702  -129  -128  -0.62480  -0.27879  -19  827
446  424  0032  0.729  0.749  -133  -133  -0.68480  -0.24279  -19  828
446  179  0033  0.650  0.537  -135  -120  -0.44480  -0.28479  -18  827
446  375  0034  0.704  0.727  -132  -132  -0.66080  -0.24879  -19  827
446  493  0035  0.765  0.783  -134  -134  -0.72080  -0.23679  -19  828
446  426  0036  0.690  0.708  -127  -127  -0.62480  -0.29679  -19  828
446  289  0037  0.646  0.669  -126  -125  -0.58280  -0.29679  -19  827
446  282  0038  0.659  0.689  -128  -127  -0.60680  -0.29079  -19  827
446  199  0039  0.619  0.537  -129  -120  -0.44480  -0.28479  -19  827
446  451  0040  0.756  0.770  -132  -133  -0.70280  -0.25479  -19  828
446  246  0041  0.661  0.691  -137  -137  -0.64280  -0.17679  -19  827
446  365  0042  0.712  0.725  -139  -139  -0.67880  -0.16479  -19  828
446  184  0043  0.664  0.537  -133  -120  -0.44480  -0.28479  -19  827
446  402  0044  0.689  0.715  -128  -128  -0.63680  -0.28479  -19  827
446  290  0045  0.690  0.711  -134  -134  -0.65480  -0.21279  -19  827
446  435  0046  0.752  0.758  -131  -131  -0.68480  -0.27279  -19  828
446  424  0047  0.756  0.760  -130  -130  -0.68480  -0.27879  -19  828
446  464  0048  0.768  0.781  -133  -133  -0.71480  -0.24879  -19  828
446  187  0049  0.627  0.537  -128  -120  -0.44480  -0.28479  -19  827
491  206  0000  0.622  0.537  -130  -120  -0.44480  -0.28479  -18  826
491  493  0001  0.738  0.750  -131  -131  -0.67880  -0.26679  -19  828
491  354  0002  0.698  0.719  -134  -134  -0.66080  -0.21879  -19  827
491  532  0003  0.767  0.790  -137  -136  -0.73280  -0.21279  -19  828
491  413  0004  0.766  0.785  -139  -138  -0.73280  -0.18879  -19  828
491  361  0005  0.708  0.720  -136  -136  -0.66680  -0.20079  -19  828
491  448  0006  0.764  0.774  -130  -130  -0.69680  -0.28479  -19  828
491  492  0007  0.744  0.765  -134  -134  -0.70280  -0.23679  -19  828
491  199  0008  0.638  0.537  -130  -120  -0.44480  -0.28479  -18  827
491  497  0009  0.751  0.778  -136  -136  -0.72080  -0.21279  -19  828
491  342  0010  0.692  0.708  -135  -135  -0.65480  -0.20079  -19  827
491  188  0011  0.618  0.537  -128  -120  -0.44480  -0.28479  -18  827
491  343  0012  0.675  0.697  -137  -137  -0.64880  -0.17679  -19  827
491  483  0013  0.712  0.729  -130  -130  -0.65480  -0.27279  -19  828
491  502  0014  0.723  0.737  -129  -130  -0.66080  -0.27879  -19  828
491  483  0015  0.738  0.757  -133  -133  -0.69080  -0.24879  -19  828
491  368  0016  0.682  0.706  -139  -139  -0.66080  -0.15879  -19  827
491  384  0017  0.741  0.759  -138  -138  -0.70880  -0.18279  -19  828
491  506  0018  0.761  0.775  -133  -133  -0.70880  -0.24879  -19  828
491  445  0019  0.708  0.729  -131  -131  -0.66080  -0.25479  -19  828
491  480  0020  0.749  0.758  -131  -131  -0.68480  -0.27279  -19  828
491  320  0021  0.681  0.702  -135  -135  -0.64880  -0.20079  -19  827
491  402  0022  0.689  0.715  -130  -130  -0.64280  -0.26679  -19  827
491  174  0023  0.618  0.537  -138  -120  -0.44480  -0.28479  -18  826
491  503  0024  0.722  0.737  -130  -130  -0.66080  -0.27879  -19  828
491  305  0025  0.683  0.710  -133  -133  -0.64880  -0.23079  -19  827
491  207  0026  0.664  0.696  -132  -133  -0.63680  -0.22479  -19  827
491  454  0027  0.757  0.760  -129  -129  -0.67880  -0.29679  -19  828
491  317  0028  0.668  0.694  -138  -138  -0.64880  -0.16479  -19  827
491  189  0029  0.615  0.537  -136  -120  -0.44480  -0.28479  -18  826
491  495  0030  0.748  0.763  -133  -133  -0.69680  -0.24879  -19  828
491  182  0031  0.644  0.537  -134  -120  -0.44480  -0.28479  -18  827
491  489  0032  0.703  0.720  -127  -127  -0.63680  -0.29679  -19  828
491  400  0033  0.668  0.691  -127  -126  -0.60680  -0.29679  -19  827
491  193  0034  0.654  0.537  -130  -120  -0.44480  -0.28479  -18  827
491  198  0035  0.631  0.537  -133  -120  -0.44480  -0.28479  -18  826
491  489  0036  0.703  0.716  -127  -127  -0.63080  -0.30279  -19  828
491  214  0037  0.629  0.644  -127  -126  -0.56480  -0.27879  -19  827
491  300  0038  0.673  0.695  -135  -136  -0.64280  -0.19479  -19  827
491  201  0039  0.630  0.537  -132  -120  -0.44480  -0.28479  -18  826
491  402  0040  0.741  0.769  -137  -137  -0.71480  -0.20079  -19  828
491  474  0041  0.751  0.768  -126  -126  -0.67280  -0.33279  -19  828
491  403  0042  0.701  0.727  -132  -132  -0.66080  -0.24879  -19  827
491  450  0043  0.723  0.743  -133  -133  -0.67880  -0.24279  -19  828
491  364  0044  0.713  0.726  -136  -136  -0.67280  -0.20079  -19  828
491  360  0045  0.672  0.704  -128  -128  -0.62480  -0.28479  -19  827
491  228  0046  0.653  0.684  -129  -128  -0.60680  -0.27879  -19  827
491  201  0047  0.635  0.537  -131  -120  -0.44480  -0.28479  -18  826
491  208  0048  0.621  0.537  -131  -120  -0.44480  -0.28479  -18  826
491  304  0049  0.666  0.692  -136  -137  -0.64280  -0.18279  -19  827
536  502  0000  0.757  0.781  -138  -137  -0.72680  -0.20079  -19  828
536  330  0001  0.665  0.693  -139  -139  -0.64880  -0.15879  -19  827
536  458  0002  0.703  0.729  -132  -131  -0.66080  -0.25479  -19  827
536  346  0003  0.683  0.710  -133  -133  -0.64880  -0.23079  -19  827
536  229  0004  0.660  0.689  -133  -133  -0.63080  -0.21879  -19  827
536  191  0005  0.649  0.537  -132  -120  -0.44480  -0.28479  -18  827
536  532  0006  0.705  0.719  -126  -126  -0.63080  -0.30879  -19  828
536  192  0007  0.638  0.537  -133  -120  -0.44480  -0.28479  -18  826
536  313  0008  0.676  0.707  -132  -132  -0.64280  -0.24279  -19  827
536  183  0009  0.631  0.537  -135  -120  -0.44480  -0.28479  -18  826
536  402  0010  0.695  0.705  -136  -136  -0.65480  -0.18879  -19  828
536  508  0011  0.727  0.745  -133  -132  -0.67880  -0.24879  -19  828
536  307  0012  0.661  0.693  -139  -139  -0.64880  -0.15879  -19  827
536  346  0013  0.669  0.700  -129  -129  -0.62480  -0.27279  -19  827
536  595  0014  0.768  0.789  -134  -134  -0.72680  -0.23679  -19  828
536  489  0015  0.728  0.747  -134  -133  -0.68480  -0.23679  -19  828
536  435  0016  0.663  0.686  -126  -126  -0.60080  -0.29679  -19  827
536  208  0017  0.616  0.537  -133  -120  -0.44480  -0.28479  -18  826
536  418  0018  0.691  0.709  -137  -138  -0.66080  -0.17679  -19  827
536  477  0019  0.678  0.697  -127  -127  -0.61280  -0.29679  -19  828
536  331  0020  0.663  0.688  -138  -138  -0.64280  -0.16479  -19  827
536  363  0021  0.685  0.712  -132  -132  -0.64880  -0.23679  -19  827
536  172  0022  0.631  0.537  -137  -120  -0.44480  -0.28479  -18  826
536  200  0023  0.630  0.537  -133  -120  -0.44480  -0.28479  -18  826
536  430  0024  0.747  0.757  -139  -139  -0.70880  -0.17079  -19  828
536  506  0025  0.691  0.712  -128  -128  -0.63080  -0.29079  -19  828
536  187  0026  0.651  0.681  -133  -134  -0.62480  -0.21279  -19  827
536  502  0027  0.732  0.753  -134  -134  -0.69080  -0.23679  -19  828
536  170  0028  0.626  0.537  -138  -120  -0.44480  -0.28479  -18  826
536  576  0029  0.761  0.777  -134  -134  -0.71480  -0.23679  -19  828
536  472  0030  0.726  0.746  -134  -134  -0.68480  -0.23079  -19  828
536  413  0031  0.725  0.735  -137  -138  -0.68480  -0.18279  -19  828
536  196  0032  0.646  0.537  -129  -120  -0.44480  -0.28479  -18  827
536  389  0033  0.677  0.705  -129  -129  -0.63080  -0.27279  -19  827
536  417  0034  0.700  0.724  -133  -133  -0.66080  -0.23679  -19  827
536  198  0035  0.641  0.537  -129  -120  -0.44480  -0.28479  -18  827
536  541  0036  0.717  0.728  -127  -127  -0.64280  -0.30279  -19  828
536  255  0037  0.652  0.681  -135  -136  -0.63080  -0.18879  -19  827
536  391  0038  0.689  0.705  -136  -136  -0.65480  -0.18879  -19  827
536  340  0039  0.676  0.707  -131  -130  -0.63680  -0.26079  -19  827
536  232  0040  0.660  0.696  -130  -130  -0.62480  -0.26079  -19  827
536  197  0041  0.632  0.537  -133  -120  -0.44480  -0.28479  -18  826
536  354  0042  0.670  0.700  -129  -129  -0.62480  -0.27279  -19  827
536  247  0043  0.662  0.696  -130  -130  -0.62480  -0.26079  -19  827
536  170  0044  0.632  0.537  -139  -120  -0.44480  -0.28479  -18  826
536  425  0045  0.732  0.746  -138  -138  -0.69680  -0.17679  -19  828
536  540  0046  0.725  0.734  -127  -127  -0.64880  -0.30279  -19  828
536  529  0047  0.708  0.725  -129  -129  -0.64880  -0.27879  -19  828
536  534  0048  0.744  0.761  -133  -133  -0.69680  -0.24279  -19  828
536  372  0049  0.649  0.674  -126  -126  -0.58880  -0.29679  -19  827
580  243  0000  0.658  0.690  -132  -133  -0.63080  -0.22479  -19  827
580  500  0001  0.760  0.779  -139  -138  -0.72680  -0.18879  -19  828
580  244  0002  0.658  0.690  -132  -133  -0.63080  -0.22479  -19  827
580  268  0003  0.638  0.661  -128  -127  -0.58280  -0.27879  -19  827
580  581  0004  0.714  0.731  -130  -129  -0.65480  -0.27879  -19  828
580  260  0005  0.638  0.653  -128  -127  -0.57680  -0.27279  -19  827
580  208  0006  0.622  0.537  -132  -120  -0.44480  -0.28479  -18  826
580  569  0007  0.720  0.732  -126  -126  -0.64280  -0.31479  -19  828
580  239  0008  0.657  0.683  -132  -133  -0.62480  -0.21879  -19  827
580  354  0009  0.668  0.690  -134  -135  -0.63680  -0.20079  -19  827
580  169  0010  0.633  0.537  -139  -120  -0.44480  -0.28479  -18  826
580  454  0011  0.722  0.736  -137  -137  -0.68480  -0.18879  -19  828
580  520  0012  0.719  0.736  -133  -133  -0.67280  -0.23679  -19  828
580  246  0013  0.618  0.636  -127  -126  -0.55880  -0.27279  -19  827
580  425  0014  0.686  0.715  -131  -131  -0.64880  -0.24879  -19  827
580  492  0015  0.724  0.743  -135  -135  -0.68480  -0.21879  -19  828
580  465  0016  0.722  0.740  -136  -136  -0.68480  -0.20679  -19  828
580  475  0017  0.716  0.731  -135  -134  -0.67280  -0.21879  -19  828
580  577  0018  0.743  0.754  -132  -132  -0.68480  -0.26079  -19  828
580  470  0019  0.688  0.715  -130  -130  -0.64280  -0.26679  -19  827
580  192  0020  0.621  0.537  -135  -120  -0.44480  -0.28479  -18  826
580  572  0021  0.744  0.754  -130  -130  -0.67880  -0.27879  -19  828
580  452  0022  0.682  0.701  -139  -138  -0.65480  -0.16479  -19  827
580  578  0023  0.711  0.725  -129  -129  -0.64880  -0.27879  -19  828
580  584  0024  0.721  0.735  -130  -130  -0.66080  -0.27279  -19  828
580  382  0025  0.679  0.698  -134  -135  -0.64280  -0.20679  -19  827
580  168  0026  0.627  0.537  -139  -120  -0.44480  -0.28479  -18  826
580  517  0027  0.710  0.733  -132  -132  -0.66680  -0.24879  -19  828
580  470  0028  0.672  0.695  -128  -127  -0.61280  -0.29079  -19  827
580  543  0029  0.731  0.747  -134  -133  -0.68480  -0.23679  -19  828
580  528  0030  0.691  0.710  -128  -128  -0.63080  -0.28479  -19  828
580  569  0031  0.718  0.727  -126  -126  -0.63680  -0.31479  -19  828
580  389  0032  0.665  0.689  -137  -138  -0.64280  -0.17079  -19  827
580  169  0033  0.638  0.537  -139  -120  -0.44480  -0.28479  -18  826
580  199  0034  0.643  0.669  -129  -128  -0.59480  -0.26679  -19  827
580  467  0035  0.730  0.740  -138  -138  -0.69080  -0.17679  -19  828
580  580  0036  0.730  0.744  -131  -131  -0.67280  -0.26679  -19  828
580  582  0037  0.731  0.744  -131  -131  -0.67280  -0.26679  -19  828
580  170  0038  0.625  0.537  -138  -120  -0.44480  -0.28479  -18  826
580  553  0039  0.748  0.757  -128  -128  -0.67280  -0.30279  -19  828
580  575  0040  0.745  0.768  -135  -135  -0.70880  -0.22479  -19  828
580  589  0041  0.727  0.737  -130  -130  -0.66080  -0.27879  -19  828
580  444  0042  0.680  0.702  -138  -138  -0.65480  -0.17079  -19  827
580  194  0043  0.622  0.537  -134  -120  -0.44480  -0.28479  -18  826
580  532  0044  0.762  0.772  -129  -129  -0.69080  -0.29679  -19  828
580  574  0045  0.745  0.756  -131  -131  -0.68480  -0.26679  -19  828
580  563  0046  0.753  0.764  -131  -131  -0.69080  -0.27279  -19  828
580  394  0047  0.669  0.693  -139  -139  -0.64880  -0.15879  -19  827
580  487  0048  0.711  0.728  -134  -133  -0.66680  -0.23079  -19  828
580  556  0049  0.755  0.782  -137  -137  -0.72680  -0.20679  -19  828
625  564  0000  0.767  0.785  -139  -138  -0.73280  -0.18879  -19  828
625  263  0001  0.653  0.683  -133  -133  -0.62480  -0.21879  -19  827
625  201  0002  0.641  0.537  -130  -120  -0.44480  -0.28479  -18  827
625  536  0003  0.721  0.738  -135  -134  -0.67880  -0.22479  -19  828
625  565  0004  0.741  0.764  -136  -136  -0.70880  -0.20679  -19  828
625  631  0005  0.729  0.739  -129  -129  -0.66080  -0.28479  -19  828
625  370  0006  0.667  0.696  -130  -130  -0.62480  -0.26079  -19  827
625  206  0007  0.617  0.537  -129  -120  -0.44480  -0.28479  -18  826
625  667  0008  0.765  0.784  -136  -136  -0.72680  -0.21279  -19  828
625  593  0009  0.763  0.770  -131  -131  -0.69680  -0.27279  -19  828
625  258  0010  0.647  0.674  -134  -134  -0.61880  -0.20679  -19  827
625  571  0011  0.749  0.769  -137  -137  -0.71480  -0.20079  -19  828
625  222  0012  0.634  0.649  -129  -128  -0.57680  -0.26079  -19  827
625  210  0013  0.617  0.630  -129  -128  -0.55880  -0.25479  -19  827
625  264  0014  0.632  0.645  -128  -127  -0.57080  -0.26679  -19  827
625  550  0015  0.748  0.768  -138  -137  -0.71480  -0.19479  -19  828
625  308  0016  0.654  0.680  -129  -129  -0.60680  -0.26679  -19  827
625  605  0017  0.694  0.707  -126  -126  -0.61880  -0.30879  -19  828
625  569  0018  0.766  0.774  -129  -129  -0.69080  -0.30279  -19  828
625  207  0019  0.649  0.678  -131  -131  -0.61280  -0.24279  -19  827
625  593  0020  0.752  0.760  -129  -129  -0.67880  -0.29679  -19  828
625  200  0021  0.630  0.537  -133  -120  -0.44480  -0.28479  -18  826
625  483  0022  0.700  0.717  -135  -135  -0.66080  -0.21279  -19  828
625  199  0023  0.646  0.537  -130  -120  -0.44480  -0.28479  -18  827
625  504  0024  0.712  0.729  -135  -135  -0.67280  -0.21279  -19  828
625  375  0025  0.671  0.695  -133  -134  -0.63680  -0.21879  -19  827
625  258  0026  0.650  0.681  -133  -134  -0.62480  -0.21279  -19  827
625  552  0027  0.759  0.779  -138  -138  -0.72680  -0.18879  -19  828
625  243  0028  0.643  0.672  -134  -135  -0.61880  -0.20079  -19  827
625  622  0029  0.751  0.764  -133  -132  -0.69680  -0.25479  -19  828
625  428  0030  0.682  0.699  -134  -134  -0.64280  -0.21279  -19  827
625  623  0031  0.735  0.744  -131  -131  -0.67280  -0.26679  -19  828
625  183  0032  0.625  0.537  -135  -120  -0.44480  -0.28479  -18  826
625  166  0033  0.631  0.537  -138  -120  -0.44480  -0.28479  -18  826
625  398  0034  0.660  0.683  -137  -137  -0.63680  -0.17079  -19  827
625  565  0035  0.733  0.756  -135  -135  -0.69680  -0.22479  -19  828
625  251  0036  0.646  0.674  -133  -134  -0.61880  -0.20679  -19  827
625  617  0037  0.743  0.754  -132  -132  -0.68480  -0.26079  -19  828
625  368  0038  0.654  0.683  -137  -137  -0.63680  -0.17079  -19  827
625  204  0039  0.638  0.537  -131  -120  -0.44480  -0.28479  -18  826
625  593  0040  0.758  0.769  -127  -127  -0.67880  -0.32079  -19  828
625  628  0041  0.734  0.746  -130  -130  -0.67280  -0.27279  -19  828
625  202  0042  0.620  0.537  -134  -120  -0.44480  -0.28479  -18  826
625  479  0043  0.698  0.719  -134  -134  -0.66080  -0.21879  -19  828
625  212  0044  0.617  0.537  -133  -120  -0.44480  -0.28479  -18  826
625  584  0045  0.758  0.764  -130  -129  -0.68480  -0.29079  -19  828
625  553  0046  0.715  0.736  -133  -133  -0.67280  -0.23679  -19  828
625  497  0047  0.699  0.712  -136  -137  -0.66080  -0.18879  -19  828
625  166  0048  0.632  0.537  -138  -120  -0.44480  -0.28479  -18  826
625  607  0049  0.732  0.744  -126  -127  -0.65480  -0.31479  -19  828
