43 178 0 0.6274 0.6302 -142.488 -143.734 -0.35454 0.28917 9 73
43 166 1 0.6142 0.6273 -145.852 -144.216 -0.34854 0.28917 9 73
43 143 2 0.5816 0.6273 -146.539 -144.216 -0.34854 0.28917 9 73
43 140 3 0.5503 0.6273 -143.753 -144.216 -0.34854 0.28917 9 73
43 147 4 0.597 0.6273 -146.85 -144.216 -0.34854 0.28917 9 73
43 152 5 0.565 0.6302 -139.326 -143.734 -0.35454 0.28917 9 74
43 147 6 0.5768 0.6273 -145.125 -144.216 -0.34854 0.28917 9 73
43 152 7 0.5335 0.5297 -137.831 -134.155 -0.36654 0.21717 9 73
43 159 8 0.6551 0.6369 -148.063 -144.791 -0.34854 0.29517 9 73
43 142 9 0.5371 0.6302 -139.56 -143.734 -0.35454 0.28917 9 73
43 138 10 0.6536 0.6302 -136.4 -143.734 -0.35454 0.28917 9 73
43 142 11 0.6273 0.6302 -138.14 -143.734 -0.35454 0.28917 9 73
43 139 12 0.5385 0.6302 -148.258 -143.734 -0.35454 0.28917 9 74
43 138 13 0.5942 0.6302 -148.195 -143.734 -0.35454 0.28917 9 73
43 165 14 0.6036 0.6273 -145.293 -144.216 -0.34854 0.28917 9 73
43 152 15 0.5803 0.5335 -137.785 -133.648 -0.37254 0.21717 9 74
43 172 16 0.63 0.6369 -146.137 -144.791 -0.34854 0.29517 9 73
43 153 17 0.5807 0.5335 -137.183 -133.648 -0.37254 0.21717 9 74
43 151 18 0.564 0.6273 -143.072 -144.216 -0.34854 0.28917 9 73
43 178 19 0.6478 0.6302 -143.939 -143.734 -0.35454 0.28917 9 73
43 178 20 0.6153 0.6273 -144.288 -144.216 -0.34854 0.28917 9 73
43 165 21 0.6063 0.6273 -145.495 -144.216 -0.34854 0.28917 9 73
43 150 22 0.5575 0.6302 -139.415 -143.734 -0.35454 0.28917 9 74
43 161 23 0.65 0.6302 -142.174 -143.734 -0.35454 0.28917 9 73
43 169 24 0.5372 0.5297 -135.753 -134.155 -0.36654 0.21717 9 73
43 157 25 0.6481 0.6302 -141.62 -143.734 -0.35454 0.28917 9 73
43 140 26 0.6501 0.6302 -138.641 -143.734 -0.35454 0.28917 9 73
43 154 27 0.5703 0.6273 -143.286 -144.216 -0.34854 0.28917 9 73
43 173 28 0.6521 0.6369 -146.662 -144.791 -0.34854 0.29517 9 73
43 163 29 0.5572 0.5297 -136.695 -134.155 -0.36654 0.21717 9 73
43 179 30 0.6491 0.6397 -144.226 -144.313 -0.35454 0.29517 9 73
43 143 31 0.6422 0.6369 -149.459 -144.791 -0.34854 0.29517 9 73
43 142 32 0.5373 0.6302 -139.796 -143.734 -0.35454 0.28917 9 73
43 146 33 0.5371 0.5297 -138.685 -134.155 -0.36654 0.21717 9 73
43 178 34 0.645 0.6302 -143.514 -143.734 -0.35454 0.28917 9 73
43 139 35 0.5651 0.6302 -149.018 -143.734 -0.35454 0.28917 9 74
43 141 36 0.5347 0.6302 -140.544 -143.734 -0.35454 0.28917 9 73
43 138 37 0.6358 0.6302 -137.362 -143.734 -0.35454 0.28917 9 73
43 155 38 0.64 0.6369 -148.002 -144.791 -0.34854 0.29517 9 73
43 151 39 0.6515 0.6369 -148.673 -144.791 -0.34854 0.29517 9 73
43 139 40 0.5424 0.6302 -148.181 -143.734 -0.35454 0.28917 9 74
43 151 41 0.5629 0.6273 -142.794 -144.216 -0.34854 0.28917 9 73
43 143 42 0.6458 0.6302 -139.383 -143.734 -0.35454 0.28917 9 73
43 138 43 0.6444 0.6302 -135.658 -143.734 -0.35454 0.28917 9 73
43 152 44 0.5828 0.5335 -137.175 -133.648 -0.37254 0.21717 9 74
43 162 45 0.5796 0.6302 -141.675 -143.734 -0.35454 0.28917 9 73
43 145 46 0.6331 0.6302 -139 -143.734 -0.35454 0.28917 9 73
43 149 47 0.6423 0.6302 -140.2 -143.734 -0.35454 0.28917 9 73
43 168 48 0.5461 0.5297 -135.618 -134.155 -0.36654 0.21717 9 73
43 170 49 0.6063 0.6273 -144.819 -144.216 -0.34854 0.28917 9 73
86 162 0 0.6235 0.6341 -147.907 -145.272 -0.34254 0.29517 9 74
86 145 1 0.6041 0.5335 -135.882 -133.648 -0.37254 0.21717 9 74
86 155 2 0.591 0.5335 -135.147 -133.648 -0.37254 0.21717 9 74
86 163 3 0.6176 0.6238 -139.068 -142.656 -0.36054 0.28317 9 74
86 137 4 0.5377 0.6302 -147.637 -143.734 -0.35454 0.28917 9 74
86 138 5 0.5629 0.6302 -146.917 -143.734 -0.35454 0.28917 9 74
86 138 6 0.5799 0.6369 -147.869 -144.791 -0.34854 0.29517 9 74
86 169 7 0.5972 0.6238 -138.716 -142.656 -0.36054 0.28317 9 74
86 181 8 0.5822 0.6208 -139.454 -143.137 -0.35454 0.28317 9 74
86 173 9 0.6518 0.6332 -141.468 -143.257 -0.36054 0.28917 9 73
86 139 10 0.5839 0.6302 -148.881 -143.734 -0.35454 0.28917 9 74
86 216 11 0.6086 0.6302 -142.856 -143.734 -0.35454 0.28917 9 74
86 139 12 0.5487 0.6302 -148.69 -143.734 -0.35454 0.28917 9 74
86 209 13 0.5996 0.6208 -141.776 -143.137 -0.35454 0.28317 9 74
86 138 14 0.6074 0.6369 -149.237 -144.791 -0.34854 0.29517 9 74
86 175 15 0.5746 0.6178 -143.072 -143.624 -0.34854 0.28317 9 74
86 216 16 0.6481 0.6397 -143.796 -144.313 -0.35454 0.29517 9 73
86 176 17 0.5812 0.6208 -139.098 -143.137 -0.35454 0.28317 9 74
86 220 18 0.6372 0.6302 -143.321 -143.734 -0.35454 0.28917 9 73
86 138 19 0.5584 0.6302 -147.773 -143.734 -0.35454 0.28917 9 74
86 153 20 0.5983 0.5335 -136.076 -133.648 -0.37254 0.21717 9 74
86 138 21 0.545 0.6302 -147.418 -143.734 -0.35454 0.28917 9 74
86 161 22 0.556 0.6178 -141.13 -143.624 -0.34854 0.28317 9 74
86 172 23 0.6538 0.6332 -141.642 -143.257 -0.36054 0.28917 9 73
86 138 24 0.5765 0.6302 -148.819 -143.734 -0.35454 0.28917 9 74
86 194 25 0.5493 0.538 -137.288 -135.002 -0.36654 0.22317 9 74
86 138 26 0.5668 0.6302 -148.666 -143.734 -0.35454 0.28917 9 74
86 152 27 0.6108 0.6302 -137.922 -143.734 -0.35454 0.28917 9 74
86 218 28 0.6529 0.6369 -145.517 -144.791 -0.34854 0.29517 9 73
86 161 29 0.5801 0.6273 -145.262 -144.216 -0.34854 0.28917 9 74
86 200 30 0.59 0.6208 -141.535 -143.137 -0.35454 0.28317 9 74
86 163 31 0.5411 0.5343 -139.049 -135.513 -0.36054 0.22317 9 74
86 208 32 0.5473 0.5335 -135.2 -133.648 -0.37254 0.21717 9 74
86 148 33 0.6497 0.6369 -149.519 -144.791 -0.34854 0.29517 9 74
86 138 34 0.5789 0.6302 -149.491 -143.734 -0.35454 0.28917 9 74
86 169 35 0.6339 0.6596 -135.913 -137.663 -0.42654 0.28317 9 73
86 171 36 0.5637 0.6178 -140.981 -143.624 -0.34854 0.28317 9 74
86 190 37 0.6316 0.6341 -147.042 -145.272 -0.34254 0.29517 9 74
86 138 38 0.5741 0.6302 -149.616 -143.734 -0.35454 0.28917 9 74
86 206 39 0.5962 0.6178 -142.357 -143.624 -0.34854 0.28317 9 74
86 178 40 0.5742 0.6178 -142.634 -143.624 -0.34854 0.28317 9 74
86 205 41 0.5502 0.5335 -135.527 -133.648 -0.37254 0.21717 9 74
86 163 42 0.6362 0.6596 -135.214 -137.663 -0.42654 0.28317 9 74
86 193 43 0.5836 0.6208 -140.682 -143.137 -0.35454 0.28317 9 74
86 178 44 0.6237 0.6238 -140.07 -142.656 -0.36054 0.28317 9 73
86 140 45 0.5597 0.6273 -146.084 -144.216 -0.34854 0.28917 9 74
86 156 46 0.6219 0.6562 -137.144 -138.094 -0.42054 0.28317 9 74
86 214 47 0.6329 0.6302 -142.595 -143.734 -0.35454 0.28917 9 73
86 206 48 0.6544 0.6369 -146.82 -144.791 -0.34854 0.29517 9 73
86 204 49 0.5979 0.6273 -143.685 -144.216 -0.34854 0.28917 9 74
129 257 0 0.6491 0.6369 -145.917 -144.791 -0.34854 0.29517 9 74
129 165 1 0.5349 0.536 -147.316 -146.918 -0.27654 0.25317 9 74
129 177 2 0.6467 0.641 -148.857 -146.305 -0.33654 0.30117 9 74
129 165 3 0.6115 0.5983 -148.227 -147.158 -0.30654 0.28317 9 74
129 202 4 0.57 0.5429 -139.013 -136.332 -0.36054 0.22917 9 74
129 161 5 0.6017 0.6474 -135.141 -137.442 -0.42054 0.27717 9 74
129 202 6 0.5819 0.6149 -144.038 -144.115 -0.34254 0.28317 9 74
129 166 7 0.541 0.536 -147.25 -146.918 -0.27654 0.25317 9 74
129 186 8 0.6344 0.6527 -138.82 -138.53 -0.41454 0.28317 9 74
129 198 9 0.5299 0.5307 -138.195 -136.031 -0.35454 0.22317 9 74
129 222 10 0.5911 0.6114 -140.276 -142.522 -0.35454 0.27717 9 74
129 227 11 0.6332 0.6341 -146.825 -145.272 -0.34254 0.29517 9 74
129 185 12 0.6429 0.6527 -139.487 -138.53 -0.41454 0.28317 9 74
129 231 13 0.6178 0.6238 -140.767 -142.656 -0.36054 0.28317 9 74
129 256 14 0.6099 0.6273 -143.522 -144.216 -0.34854 0.28917 9 74
129 210 15 0.6249 0.6313 -146.999 -145.758 -0.33654 0.29517 9 74
129 246 16 0.604 0.6273 -143.719 -144.216 -0.34854 0.28917 9 74
129 182 17 0.5447 0.55 -139.968 -139.44 -0.34254 0.24117 9 74
129 202 18 0.6158 0.6238 -139.726 -142.656 -0.36054 0.28317 9 74
129 166 19 0.5784 0.5758 -149.415 -149.279 -0.27654 0.27717 9 74
129 189 20 0.5534 0.5534 -139.951 -138.918 -0.34854 0.24117 9 74
129 192 21 0.5766 0.6149 -143.933 -144.115 -0.34254 0.28317 9 74
129 177 22 0.5612 0.5636 -145.959 -146.468 -0.29454 0.26517 9 74
129 207 23 0.5979 0.6145 -139.312 -142.036 -0.36054 0.27717 9 74
129 193 24 0.6164 0.6176 -139.453 -141.555 -0.36654 0.27717 9 74
129 265 25 0.641 0.6369 -145.049 -144.791 -0.34854 0.29517 9 74
129 192 26 0.628 0.6313 -147.753 -145.758 -0.33654 0.29517 9 74
129 204 27 0.5823 0.5501 -137.715 -135.321 -0.37254 0.22917 9 74
129 149 28 0.6288 0.6341 -149.18 -145.272 -0.34254 0.29517 9 74
129 177 29 0.5913 0.5859 -147.559 -147.114 -0.30054 0.27717 9 74
129 217 30 0.6539 0.6562 -138.554 -138.094 -0.42054 0.28317 9 73
129 245 31 0.598 0.6208 -142.091 -143.137 -0.35454 0.28317 9 74
129 167 32 0.6054 0.5958 -148.372 -147.681 -0.30054 0.28317 9 74
129 264 33 0.6209 0.6302 -143.374 -143.734 -0.35454 0.28917 9 74
129 206 34 0.6462 0.6596 -135.84 -137.663 -0.42654 0.28317 9 73
129 221 35 0.599 0.6145 -139.998 -142.036 -0.36054 0.27717 9 74
129 256 36 0.654 0.6397 -144.335 -144.313 -0.35454 0.29517 9 73
129 154 37 0.6236 0.6082 -148.867 -147.712 -0.30654 0.28917 9 74
129 174 38 0.5534 0.5712 -141.897 -142.607 -0.33054 0.25917 9 74
129 225 39 0.5843 0.6178 -142.647 -143.624 -0.34854 0.28317 9 74
129 207 40 0.6372 0.6596 -136.278 -137.663 -0.42654 0.28317 9 74
129 176 41 0.5709 0.5708 -147.899 -147.613 -0.28854 0.27117 9 74
129 244 42 0.6531 0.6465 -146.655 -145.348 -0.34854 0.30117 9 74
129 187 43 0.6272 0.6439 -138.095 -137.88 -0.41454 0.27717 9 74
129 179 44 0.5942 0.5455 -136.71 -134 -0.37854 0.22317 9 74
129 166 45 0.5382 0.536 -147.147 -146.918 -0.27654 0.25317 9 74
129 161 46 0.5584 0.5658 -149.045 -148.72 -0.27654 0.27117 9 74
129 172 47 0.5477 0.561 -146.708 -147.02 -0.28854 0.26517 9 74
129 190 48 0.6281 0.6439 -138.034 -137.88 -0.41454 0.27717 9 74
129 237 49 0.5591 0.5417 -136.046 -134.497 -0.37254 0.22317 9 74
172 226 0 0.6345 0.6384 -147.992 -146.79 -0.33054 0.30117 9 74
172 200 1 0.5418 0.5433 -148.444 -148.116 -0.27054 0.25917 9 74
172 209 2 0.5877 0.5575 -135.396 -134.337 -0.38454 0.22917 9 74
172 221 3 0.5891 0.5885 -146.632 -146.584 -0.30654 0.27717 9 74
172 241 4 0.565 0.5515 -138.928 -137.125 -0.36054 0.23517 9 74
172 219 5 0.566 0.5708 -147.349 -147.613 -0.28854 0.27117 9 74
172 231 6 0.5849 0.6052 -138.87 -141.398 -0.36054 0.27117 9 74
172 214 7 0.6315 0.6405 -138.882 -138.323 -0.40854 0.27717 9 74
172 247 8 0.5859 0.6052 -139.667 -141.398 -0.36054 0.27117 9 74
172 221 9 0.5783 0.5843 -145.025 -144.935 -0.31854 0.27117 9 74
172 285 10 0.6352 0.6341 -146.185 -145.272 -0.34254 0.29517 9 74
172 219 11 0.6112 0.6116 -139.056 -140.433 -0.37254 0.27117 9 74
172 280 12 0.5393 0.5343 -136.306 -135.513 -0.36054 0.22317 9 74
172 229 13 0.6213 0.6474 -136.41 -137.442 -0.42054 0.27717 9 74
172 238 14 0.6279 0.6474 -135.784 -137.442 -0.42054 0.27717 9 74
172 229 15 0.5662 0.5836 -142.276 -142.748 -0.33654 0.26517 9 74
172 258 16 0.6128 0.6176 -140.404 -141.555 -0.36654 0.27717 9 74
172 285 17 0.6541 0.6465 -146.556 -145.348 -0.34854 0.30117 9 74
172 211 18 0.5457 0.5539 -145.3 -145.846 -0.29454 0.25917 9 74
172 265 19 0.6375 0.6341 -146.86 -145.272 -0.34254 0.29517 9 74
172 227 20 0.5843 0.5538 -136.255 -134.825 -0.37854 0.22917 9 74
172 307 21 0.6441 0.6397 -144.497 -144.313 -0.35454 0.29517 9 74
172 281 22 0.6153 0.6244 -145.115 -144.702 -0.34254 0.28917 9 74
172 254 23 0.5724 0.5501 -136.454 -135.321 -0.37254 0.22917 9 74
172 206 24 0.5907 0.5783 -149.298 -148.73 -0.28254 0.27717 9 74
172 230 25 0.6211 0.6474 -135.822 -137.442 -0.42054 0.27717 9 74
172 195 26 0.6388 0.6371 -139.994 -138.77 -0.40254 0.27717 9 74
172 267 27 0.6491 0.6332 -142.673 -143.257 -0.36054 0.28917 9 74
172 207 28 0.5825 0.5783 -149.428 -148.73 -0.28254 0.27717 9 74
172 218 29 0.6542 0.6362 -141.622 -142.784 -0.36654 0.28917 9 74
172 226 30 0.5487 0.55 -139.942 -139.44 -0.34254 0.24117 9 74
172 205 31 0.552 0.5558 -148.438 -148.14 -0.27654 0.26517 9 74
172 218 32 0.6542 0.6631 -135.142 -137.237 -0.43254 0.28317 9 73
172 290 33 0.6064 0.6178 -143.657 -143.624 -0.34854 0.28317 9 74
172 208 34 0.5372 0.536 -147.168 -146.918 -0.27654 0.25317 9 74
172 204 35 0.5507 0.5682 -142.721 -143.133 -0.32454 0.25917 9 74
172 241 36 0.6457 0.6362 -141.601 -142.784 -0.36654 0.28917 9 74
172 283 37 0.6297 0.6341 -146.069 -145.272 -0.34254 0.29517 9 74
172 246 38 0.5743 0.5455 -135.442 -134 -0.37854 0.22317 9 74
172 298 39 0.6508 0.6369 -145.813 -144.791 -0.34854 0.29517 9 74
172 237 40 0.5782 0.5455 -135.479 -134 -0.37854 0.22317 9 74
172 214 41 0.5629 0.5683 -148.061 -148.164 -0.28254 0.27117 9 74
172 227 42 0.5783 0.5872 -144.23 -144.415 -0.32454 0.27117 9 74
172 278 43 0.5553 0.538 -136.264 -135.002 -0.36654 0.22317 9 74
172 235 44 0.5371 0.5358 -138.653 -137.37 -0.34854 0.22917 9 74
172 253 45 0.6402 0.6474 -137.184 -137.442 -0.42054 0.27717 9 74
172 241 46 0.5763 0.5455 -135.643 -134 -0.37854 0.22317 9 74
172 258 47 0.6486 0.6596 -136.6 -137.663 -0.42654 0.28317 9 74
172 295 48 0.648 0.6369 -145.992 -144.791 -0.34854 0.29517 9 74
172 180 49 0.5317 0.5558 -141.914 -142.997 -0.31854 0.25317 9 74
215 333 0 0.6047 0.6178 -142.952 -143.624 -0.34854 0.28317 9 74
215 308 1 0.6315 0.6268 -141.615 -142.179 -0.36654 0.28317 9 74
215 346 2 0.6473 0.6397 -144.517 -144.313 -0.35454 0.29517 9 74
215 261 3 0.5843 0.5885 -146.581 -146.584 -0.30654 0.27717 9 74
215 329 4 0.5421 0.538 -135.766 -135.002 -0.36654 0.22317 9 74
215 252 5 0.5847 0.5575 -135.568 -134.337 -0.38454 0.22917 9 74
215 269 6 0.6294 0.6439 -137.965 -137.88 -0.41454 0.27717 9 74
215 245 7 0.6116 0.6352 -136.449 -137.213 -0.41454 0.27117 9 74
215 344 8 0.6238 0.6273 -144.522 -144.216 -0.34854 0.28917 9 74
215 238 9 0.5462 0.5509 -149.077 -149.281 -0.26454 0.26517 9 74
215 279 10 0.5712 0.5602 -138.745 -137.894 -0.36054 0.24117 9 74
215 229 11 0.6484 0.646 -140.526 -139.414 -0.40254 0.28317 9 74
215 309 12 0.5598 0.5465 -137.055 -135.823 -0.36654 0.22917 9 74
215 349 13 0.6328 0.6302 -143.609 -143.734 -0.35454 0.28917 9 74
215 238 14 0.5376 0.536 -149.671 -149.874 -0.25254 0.25917 9 74
215 286 15 0.5706 0.555 -138.006 -136.619 -0.36654 0.23517 9 74
215 302 16 0.5887 0.6021 -141.088 -141.888 -0.35454 0.27117 9 74
215 235 17 0.6163 0.6057 -149.014 -148.229 -0.30054 0.28917 9 74
215 277 18 0.5923 0.6084 -139.276 -140.913 -0.36654 0.27117 9 74
215 304 19 0.5559 0.5429 -137.588 -136.332 -0.36054 0.22917 9 74
215 313 20 0.5933 0.6084 -142.519 -143.013 -0.34854 0.27717 9 74
215 322 21 0.6056 0.6149 -143.943 -144.115 -0.34254 0.28317 9 74
215 250 22 0.5359 0.536 -147.131 -146.918 -0.27654 0.25317 9 74
215 231 23 0.5396 0.5528 -143.01 -143.539 -0.31254 0.25317 9 74
215 261 24 0.5708 0.5719 -144.803 -144.842 -0.31254 0.26517 9 74
215 277 25 0.5604 0.5568 -139.357 -138.403 -0.35454 0.24117 9 74
215 269 26 0.6208 0.6207 -139.965 -141.079 -0.37254 0.27717 9 74
215 276 27 0.5692 0.5774 -141.259 -141.572 -0.34254 0.25917 9 74
215 248 28 0.5326 0.5387 -145.65 -146.34 -0.28254 0.25317 9 74
215 244 29 0.6062 0.5932 -148.831 -148.208 -0.29454 0.28317 9 74
215 237 30 0.5355 0.536 -149.458 -149.874 -0.25254 0.25917 9 74
215 295 31 0.6418 0.6362 -141.873 -142.784 -0.36654 0.28917 9 74
215 256 32 0.5949 0.5833 -148.027 -147.648 -0.29454 0.27717 9 74
215 301 33 0.6163 0.6176 -140.705 -141.555 -0.36654 0.27717 9 74
215 257 34 0.5536 0.5584 -147.435 -147.578 -0.28254 0.26517 9 74
215 267 35 0.5956 0.594 -145.839 -145.54 -0.31854 0.27717 9 74
215 268 36 0.5628 0.5774 -141.296 -141.572 -0.34254 0.25917 9 74
215 265 37 0.5846 0.5586 -137.554 -136.119 -0.37254 0.23517 9 74
215 267 38 0.5572 0.5682 -140.719 -140.884 -0.34254 0.25317 9 74
215 261 39 0.5886 0.5859 -147.108 -147.114 -0.30054 0.27717 9 74
215 294 40 0.6461 0.6562 -138.201 -138.094 -0.42054 0.28317 9 74
215 250 41 0.5318 0.5387 -146.109 -146.34 -0.28254 0.25317 9 74
215 262 42 0.5957 0.5912 -146.397 -146.06 -0.31254 0.27717 9 74
215 280 43 0.6277 0.6474 -136.331 -137.442 -0.42054 0.27717 9 74
215 259 44 0.5559 0.561 -147.101 -147.02 -0.28854 0.26517 9 74
215 316 45 0.6323 0.6332 -141.987 -143.257 -0.36054 0.28917 9 74
215 261 46 0.6177 0.6352 -136.173 -137.213 -0.41454 0.27117 9 74
215 229 47 0.5376 0.5528 -142.58 -143.539 -0.31254 0.25317 9 74
215 296 48 0.5394 0.5393 -137.784 -136.847 -0.35454 0.22917 9 74
215 246 49 0.5933 0.5883 -149.492 -149.277 -0.28254 0.28317 9 74
258 300 0 0.5552 0.5636 -145.676 -146.468 -0.29454 0.26517 9 74
258 309 1 0.591 0.5993 -138.893 -140.25 -0.36654 0.26517 9 75
258 286 2 0.5987 0.5969 -137.929 -138.599 -0.37854 0.25917 9 75
258 331 3 0.5485 0.548 -138.452 -137.637 -0.35454 0.23517 9 74
258 293 4 0.5778 0.5783 -149.113 -148.73 -0.28254 0.27717 9 74
258 386 5 0.6173 0.6208 -142.927 -143.137 -0.35454 0.28317 8 74
258 302 6 0.5851 0.5708 -137.275 -136.403 -0.37854 0.24117 9 75
258 286 7 0.5581 0.5634 -149.269 -149.28 -0.27054 0.27117 9 74
258 300 8 0.5557 0.5636 -145.715 -146.468 -0.29454 0.26517 9 74
258 318 9 0.5704 0.5657 -139.512 -139.144 -0.35454 0.24717 9 75
258 335 10 0.6449 0.6509 -136.363 -137.009 -0.42654 0.27717 9 74
258 279 11 0.5383 0.5526 -140.923 -141.228 -0.33054 0.24717 9 74
258 338 12 0.5989 0.612 -144.611 -144.61 -0.33654 0.28317 9 74
258 342 13 0.5381 0.5393 -137.372 -136.847 -0.35454 0.22917 9 74
258 289 14 0.5706 0.5734 -149.799 -149.831 -0.27054 0.27717 9 74
258 320 15 0.6086 0.6176 -139.828 -141.555 -0.36654 0.27717 9 75
258 273 16 0.6516 0.646 -140.476 -139.414 -0.40254 0.28317 9 74
258 361 17 0.5563 0.5417 -135.359 -134.497 -0.37254 0.22317 9 74
258 301 18 0.5971 0.5912 -146.693 -146.06 -0.31254 0.27717 9 74
258 389 19 0.6312 0.6273 -144.282 -144.216 -0.34854 0.28917 8 74
258 275 20 0.6452 0.6431 -149.229 -148.287 -0.31854 0.30717 9 74
258 283 21 0.6072 0.5932 -148.969 -148.208 -0.29454 0.28317 9 74
258 310 22 0.6338 0.6405 -138.423 -138.323 -0.40854 0.27717 9 74
258 324 23 0.5762 0.5897 -141.424 -141.733 -0.34854 0.26517 9 75
258 267 24 0.6038 0.623 -135.986 -136.974 -0.40854 0.26517 9 74
258 276 25 0.5924 0.5865 -136.336 -136.199 -0.39054 0.24717 9 75
258 276 26 0.6088 0.6008 -149.382 -149.276 -0.28854 0.28917 9 74
258 314 27 0.6116 0.6161 -146.44 -146.187 -0.32454 0.28917 9 74
258 308 28 0.6263 0.6207 -140.285 -141.079 -0.37254 0.27717 9 74
258 330 29 0.6342 0.6474 -137.03 -137.442 -0.42054 0.27717 9 74
258 346 30 0.654 0.6562 -137.801 -138.094 -0.42054 0.28317 9 74
258 353 31 0.5934 0.6084 -142.392 -143.013 -0.34854 0.27717 9 74
258 318 32 0.5728 0.569 -138.884 -138.638 -0.36054 0.24717 9 75
258 276 33 0.6132 0.6032 -149.157 -148.751 -0.29454 0.28917 9 74
258 303 34 0.5683 0.5663 -145.694 -145.92 -0.30054 0.26517 9 74
258 271 35 0.538 0.5499 -143.049 -144.088 -0.30654 0.25317 9 74
258 391 36 0.6375 0.6369 -144.802 -144.791 -0.34854 0.29517 8 74
258 288 37 0.5529 0.5558 -148.487 -148.14 -0.27654 0.26517 9 74
258 301 38 0.5534 0.5558 -140.949 -140.698 -0.33654 0.24717 9 74
258 356 39 0.6122 0.6145 -141.09 -142.036 -0.36054 0.27717 9 74
258 354 40 0.557 0.5465 -136.443 -135.823 -0.36654 0.22917 9 74
258 359 41 0.5505 0.538 -136.513 -135.002 -0.36654 0.22317 9 74
258 299 42 0.6386 0.6545 -134.961 -136.581 -0.43254 0.27717 9 74
258 298 43 0.6081 0.601 -147.108 -146.639 -0.31254 0.28317 9 74
258 357 44 0.6511 0.6437 -146.914 -145.825 -0.34254 0.30117 8 74
258 354 45 0.5994 0.6149 -143.666 -144.115 -0.34254 0.28317 8 74
258 293 46 0.5754 0.5783 -149.011 -148.73 -0.28254 0.27717 9 74
258 375 47 0.6062 0.6178 -142.902 -143.624 -0.34854 0.28317 9 74
258 314 48 0.5604 0.5623 -140.102 -139.656 -0.34854 0.24717 9 74
258 281 49 0.5544 0.561 -149.316 -149.845 -0.26454 0.27117 9 74
301 378 0 0.6525 0.6596 -136.607 -137.663 -0.42654 0.28317 9 74
301 390 1 0.592 0.599 -141.984 -142.383 -0.34854 0.27117 8 75
301 316 2 0.5411 0.5499 -143.209 -144.088 -0.30654 0.25317 9 75
301 372 3 0.5663 0.555 -137.841 -136.619 -0.36654 0.23517 9 75
301 320 4 0.5432 0.5485 -149.737 -149.859 -0.25854 0.26517 9 75
301 392 5 0.5953 0.6021 -141.239 -141.888 -0.35454 0.27117 8 75
301 416 6 0.6072 0.6178 -143.277 -143.624 -0.34854 0.28317 8 75
301 356 7 0.5656 0.5682 -141.024 -140.884 -0.34254 0.25317 9 75
301 346 8 0.5855 0.5833 -147.842 -147.648 -0.29454 0.27717 9 75
301 361 9 0.5734 0.5586 -137.55 -136.119 -0.37254 0.23517 9 75
301 383 10 0.638 0.6362 -141.929 -142.784 -0.36654 0.28917 9 74
301 343 11 0.6207 0.6387 -135.859 -136.773 -0.42054 0.27117 9 74
301 343 12 0.6419 0.6299 -141.259 -141.706 -0.37254 0.28317 9 74
301 364 13 0.5743 0.5586 -137.088 -136.119 -0.37254 0.23517 9 75
301 298 14 0.5938 0.5901 -135.218 -135.728 -0.39654 0.24717 8 75
301 317 15 0.5391 0.5499 -143.362 -144.088 -0.30654 0.25317 9 75
301 340 16 0.5653 0.5747 -143.726 -144.31 -0.31854 0.26517 9 75
301 329 17 0.5431 0.5433 -148.199 -148.116 -0.27054 0.25917 9 75
301 336 18 0.6203 0.6148 -139.584 -139.958 -0.37854 0.27117 9 75
301 329 19 0.6202 0.6108 -147.867 -147.2 -0.31254 0.28917 9 75
301 335 20 0.6387 0.6371 -139.32 -138.77 -0.40254 0.27717 9 74
301 363 21 0.6454 0.6362 -141.954 -142.784 -0.36654 0.28917 9 74
301 391 22 0.6104 0.6145 -140.914 -142.036 -0.36054 0.27717 8 75
301 322 23 0.5497 0.5587 -149.685 -150.415 -0.25854 0.27117 9 75
301 328 24 0.5818 0.5696 -135.04 -134.659 -0.39054 0.23517 8 75
301 300 25 0.6321 0.6257 -149.643 -149.274 -0.30054 0.30117 9 75
301 341 26 0.6413 0.6299 -141.171 -141.706 -0.37254 0.28317 9 74
301 394 27 0.6342 0.6313 -146.451 -145.758 -0.33654 0.29517 8 74
301 386 28 0.6086 0.612 -145.035 -144.61 -0.33654 0.28317 8 75
301 323 29 0.6457 0.646 -139.934 -139.414 -0.40254 0.28317 9 74
301 388 30 0.6537 0.6596 -137.575 -137.663 -0.42654 0.28317 8 74
301 375 31 0.5606 0.5515 -138.104 -137.125 -0.36054 0.23517 9 75
301 432 32 0.6356 0.6369 -144.549 -144.791 -0.34854 0.29517 8 74
301 382 33 0.5551 0.5515 -137.824 -137.125 -0.36054 0.23517 9 75
301 373 34 0.5664 0.555 -137.743 -136.619 -0.36654 0.23517 9 75
301 432 35 0.6224 0.6302 -143.422 -143.734 -0.35454 0.28917 8 74
301 346 36 0.5698 0.5776 -143.635 -143.784 -0.32454 0.26517 9 75
301 311 37 0.6555 0.658 -134.887 -136.157 -0.43854 0.27717 9 74
301 359 38 0.655 0.6527 -139.468 -138.53 -0.41454 0.28317 9 74
301 350 39 0.5808 0.5759 -137.967 -137.645 -0.37254 0.24717 9 75
301 331 40 0.6086 0.5983 -147.883 -147.158 -0.30654 0.28317 9 75
301 400 41 0.6302 0.6238 -142.073 -142.656 -0.36054 0.28317 8 74
301 366 42 0.637 0.6509 -136.091 -137.009 -0.42654 0.27717 8 74
301 305 43 0.535 0.5404 -142.746 -143.409 -0.30654 0.24717 9 75
301 363 44 0.5751 0.5897 -141.284 -141.733 -0.34854 0.26517 9 75
301 333 45 0.5391 0.5414 -145.881 -145.768 -0.28854 0.25317 9 75
301 312 46 0.6022 0.6073 -136.91 -137.186 -0.39654 0.25917 8 75
301 359 47 0.5555 0.5534 -139.666 -138.918 -0.34854 0.24117 9 75
301 389 48 0.6548 0.6562 -138.165 -138.094 -0.42054 0.28317 8 74
301 342 49 0.5806 0.5659 -135.642 -135.139 -0.38454 0.23517 8 75
344 377 0 0.6378 0.6459 -134.926 -135.907 -0.43254 0.27117 8 74
344 412 1 0.5829 0.596 -142.706 -142.883 -0.34254 0.27117 9 75
344 352 2 0.6174 0.6157 -149.171 -148.76 -0.30054 0.29517 9 75
344 449 3 0.6392 0.6437 -146.173 -145.825 -0.34254 0.30117 8 75
344 367 4 0.6119 0.6082 -148.271 -147.712 -0.30654 0.28917 9 75
344 458 5 0.6142 0.6238 -142.111 -142.656 -0.36054 0.28317 8 75
344 457 6 0.5325 0.5297 -134.968 -134.155 -0.36654 0.21717 9 75
344 402 7 0.6486 0.6482 -147.888 -147.316 -0.33054 0.30717 8 75
344 421 8 0.6436 0.6474 -136.934 -137.442 -0.42054 0.27717 8 74
344 413 9 0.6098 0.6188 -145.674 -145.688 -0.33054 0.28917 8 75
344 389 10 0.5679 0.5636 -146.518 -146.468 -0.29454 0.26517 9 75
344 431 11 0.6058 0.612 -144.634 -144.61 -0.33654 0.28317 8 75
344 376 12 0.6286 0.6283 -138.413 -138.108 -0.40254 0.27117 8 75
344 388 13 0.5639 0.5636 -146.124 -146.468 -0.29454 0.26517 9 75
344 346 14 0.6365 0.6382 -149.486 -149.273 -0.30654 0.30717 9 75
344 395 15 0.625 0.6352 -136.566 -137.213 -0.41454 0.27117 8 75
344 409 16 0.6086 0.6084 -140.117 -140.913 -0.36654 0.27117 8 75
344 431 17 0.54 0.5393 -136.957 -136.847 -0.35454 0.22917 9 75
344 399 18 0.6006 0.6064 -145.656 -145.615 -0.32454 0.28317 9 75
344 395 19 0.537 0.5411 -138.511 -138.682 -0.34254 0.23517 9 75
344 359 20 0.6544 0.6392 -141.806 -142.316 -0.37254 0.28917 9 74
344 370 21 0.5906 0.5829 -136.993 -136.675 -0.38454 0.24717 8 75
344 366 22 0.5374 0.5435 -140.433 -140.503 -0.33054 0.24117 9 75
344 358 23 0.539 0.5499 -143.536 -144.088 -0.30654 0.25317 9 75
344 381 24 0.599 0.5983 -147.084 -147.158 -0.30654 0.28317 9 75
344 420 25 0.598 0.6052 -140.342 -141.398 -0.36054 0.27117 8 75
344 377 26 0.5586 0.5558 -148.146 -148.14 -0.27654 0.26517 9 75
344 448 27 0.5513 0.5417 -135.58 -134.497 -0.37254 0.22317 8 75
344 389 28 0.641 0.6357 -148.058 -147.279 -0.32454 0.30117 9 75
344 390 29 0.546 0.55 -139.897 -139.44 -0.34254 0.24117 9 75
344 376 30 0.6434 0.6494 -139.474 -138.97 -0.40854 0.28317 8 75
344 427 31 0.6003 0.6052 -140.628 -141.398 -0.36054 0.27117 8 75
344 378 32 0.5471 0.5485 -147.327 -146.97 -0.28254 0.25917 9 75
344 432 33 0.6547 0.6596 -137.466 -137.663 -0.42654 0.28317 8 74
344 423 34 0.5484 0.5393 -137.678 -136.847 -0.35454 0.22917 9 75
344 342 35 0.5936 0.5901 -135.32 -135.728 -0.39654 0.24717 8 75
344 441 36 0.5989 0.6114 -141.508 -142.522 -0.35454 0.27717 8 75
344 373 37 0.5346 0.5334 -147.352 -147.501 -0.27054 0.25317 9 75
344 364 38 0.6012 0.6003 -137.64 -138.123 -0.38454 0.25917 8 75
344 413 39 0.5701 0.5586 -136.739 -136.119 -0.37254 0.23517 8 75
344 338 40 0.6022 0.6144 -135.08 -136.271 -0.40854 0.25917 8 75
344 413 41 0.582 0.596 -142.43 -142.883 -0.34254 0.27117 9 75
344 372 42 0.6233 0.6283 -138.245 -138.108 -0.40254 0.27117 8 75
344 414 43 0.5821 0.5866 -141.92 -142.238 -0.34254 0.26517 8 75
344 377 44 0.6172 0.6352 -136.223 -137.213 -0.41454 0.27117 8 75
344 372 45 0.538 0.5334 -147.822 -147.501 -0.27054 0.25317 9 75
344 380 46 0.5913 0.5847 -138.276 -138.374 -0.37254 0.25317 8 75
344 375 47 0.5636 0.5658 -148.503 -148.72 -0.27654 0.27117 9 75
344 449 48 0.6361 0.6332 -142.592 -143.257 -0.36054 0.28917 8 74
344 396 49 0.561 0.5682 -140.531 -140.884 -0.34254 0.25317 9 75
387 427 0 0.5714 0.5719 -144.568 -144.842 -0.31254 0.26517 9 75
387 441 1 0.59 0.5902 -139.379 -139.568 -0.36654 0.25917 8 76
387 448 2 0.5675 0.5602 -138.541 -137.894 -0.36054 0.24117 8 76
387 433 3 0.5785 0.5734 -147.383 -147.068 -0.29454 0.27117 9 75
387 403 4 0.6178 0.6082 -148.495 -147.712 -0.30654 0.28917 9 75
387 397 5 0.6478 0.646 -140.273 -139.414 -0.40254 0.28317 8 75
387 421 6 0.6092 0.601 -147.185 -146.639 -0.31254 0.28317 8 75
387 427 7 0.5574 0.5584 -147.386 -147.578 -0.28254 0.26517 9 75
387 416 8 0.5436 0.5442 -145.007 -145.203 -0.29454 0.25317 9 75
387 409 9 0.6033 0.5932 -148.953 -148.208 -0.29454 0.28317 9 75
387 509 10 0.6186 0.6273 -143.611 -144.216 -0.34854 0.28917 8 75
387 419 11 0.5476 0.5526 -141.002 -141.228 -0.33054 0.24717 9 75
387 456 12 0.5425 0.5393 -137.99 -136.847 -0.35454 0.22917 9 75
387 411 13 0.5336 0.5378 -139.632 -139.214 -0.33654 0.23517 9 75
387 424 14 0.6214 0.6387 -135.782 -136.773 -0.42054 0.27117 8 75
387 470 15 0.5615 0.5501 -136.446 -135.321 -0.37254 0.22917 8 75
387 490 16 0.5523 0.5417 -135.41 -134.497 -0.37254 0.22317 8 75
387 405 17 0.6183 0.6283 -137.965 -138.108 -0.40254 0.27117 8 75
387 394 18 0.6005 0.6073 -136.748 -137.186 -0.39654 0.25917 8 75
387 431 19 0.6516 0.6494 -139.59 -138.97 -0.40854 0.28317 8 74
387 460 20 0.5378 0.5393 -137.603 -136.847 -0.35454 0.22917 9 75
387 424 21 0.579 0.5783 -148.739 -148.73 -0.28254 0.27717 9 75
387 412 22 0.6185 0.6283 -137.521 -138.108 -0.40254 0.27117 8 75
387 391 23 0.6529 0.646 -140.543 -139.414 -0.40254 0.28317 8 75
387 444 24 0.5322 0.5358 -137.923 -137.37 -0.34854 0.22917 9 75
387 479 25 0.6458 0.641 -146.794 -146.305 -0.33654 0.30117 8 75
387 451 26 0.6467 0.6527 -138.632 -138.53 -0.41454 0.28317 8 74
387 433 27 0.6219 0.6207 -140.207 -141.079 -0.37254 0.27717 8 75
387 407 28 0.5832 0.578 -135.381 -135.44 -0.39054 0.24117 8 75
387 457 29 0.5834 0.5866 -142.183 -142.238 -0.34254 0.26517 8 75
387 410 30 0.557 0.5634 -149.001 -149.28 -0.27054 0.27117 9 75
387 431 31 0.5661 0.5712 -142.181 -142.607 -0.33054 0.25917 9 75
387 428 32 0.5677 0.5663 -145.625 -145.92 -0.30054 0.26517 9 75
387 400 33 0.6426 0.6406 -149.223 -148.778 -0.31254 0.30717 9 75
387 487 34 0.6444 0.6332 -143.144 -143.257 -0.36054 0.28917 8 75
387 396 35 0.5313 0.5435 -140.126 -140.503 -0.33054 0.24117 9 75
387 425 36 0.5668 0.5747 -143.762 -144.31 -0.31854 0.26517 9 75
387 481 37 0.6455 0.641 -146.766 -146.305 -0.33654 0.30117 8 75
387 451 38 0.5656 0.5602 -138.022 -137.894 -0.36054 0.24117 8 76
387 510 39 0.6486 0.6465 -145.274 -145.348 -0.34854 0.30117 8 75
387 388 40 0.5328 0.5404 -142.803 -143.409 -0.30654 0.24717 9 75
387 433 41 0.5998 0.6037 -145.995 -146.125 -0.31854 0.28317 9 75
387 407 42 0.5374 0.5409 -148.637 -148.696 -0.26454 0.25917 9 75
387 503 43 0.6242 0.6238 -142.305 -142.656 -0.36054 0.28317 8 75
387 407 44 0.6514 0.6531 -149.087 -148.786 -0.31854 0.31317 8 75
387 427 45 0.6298 0.6405 -138.182 -138.323 -0.40854 0.27717 8 75
387 401 46 0.6486 0.646 -140.206 -139.414 -0.40254 0.28317 8 75
387 416 47 0.5562 0.5652 -143.185 -143.665 -0.31854 0.25917 9 75
387 432 48 0.5673 0.5734 -146.802 -147.068 -0.29454 0.27117 9 75
387 421 49 0.5874 0.5808 -148.78 -148.187 -0.28854 0.27717 9 75
429 529 0 0.6352 0.6341 -146.069 -145.272 -0.34254 0.29517 8 75
429 474 1 0.5593 0.565 -140.929 -141.404 -0.33654 0.25317 9 76
429 534 2 0.6037 0.6084 -142.799 -143.013 -0.34854 0.27717 8 75
429 507 3 0.5909 0.596 -142.951 -142.883 -0.34254 0.27117 8 76
429 551 4 0.6363 0.6332 -143.443 -143.257 -0.36054 0.28917 8 75
429 468 5 0.5826 0.5794 -137.233 -137.157 -0.37854 0.24717 8 76
429 511 6 0.602 0.612 -144.282 -144.61 -0.33654 0.28317 8 76
429 465 7 0.6386 0.6357 -148.067 -147.279 -0.32454 0.30117 8 75
429 452 8 0.541 0.547 -144.316 -144.642 -0.30054 0.25317 9 75
429 499 9 0.6007 0.6084 -140.224 -140.913 -0.36654 0.27117 8 76
429 445 10 0.6055 0.6008 -149.306 -149.276 -0.28854 0.28917 9 75
429 449 11 0.6479 0.6545 -135.065 -136.581 -0.43254 0.27717 8 74
429 523 12 0.6417 0.641 -146.661 -146.305 -0.33654 0.30117 8 75
429 504 13 0.5502 0.548 -138.167 -137.637 -0.35454 0.23517 9 76
429 481 14 0.5759 0.5806 -143.161 -143.264 -0.33054 0.26517 8 76
429 454 15 0.6114 0.6082 -147.98 -147.712 -0.30654 0.28917 9 75
429 511 16 0.5436 0.5393 -137.531 -136.847 -0.35454 0.22917 9 75
429 454 17 0.5994 0.5969 -138.181 -138.599 -0.37854 0.25917 8 76
429 474 18 0.5844 0.5833 -147.699 -147.648 -0.29454 0.27717 9 75
429 434 19 0.6065 0.6144 -135.971 -136.271 -0.40854 0.25917 8 75
429 461 20 0.598 0.5932 -148.331 -148.208 -0.29454 0.28317 9 75
429 464 21 0.5419 0.5467 -140.173 -139.968 -0.33654 0.24117 9 75
429 481 22 0.5682 0.5774 -141.389 -141.572 -0.34254 0.25917 9 76
429 476 23 0.6091 0.6161 -146.374 -146.187 -0.32454 0.28917 8 75
429 474 24 0.6247 0.6352 -136.298 -137.213 -0.41454 0.27117 8 75
429 463 25 0.5622 0.5682 -143.187 -143.133 -0.32454 0.25917 9 76
429 460 26 0.5338 0.5387 -146.134 -146.34 -0.28254 0.25317 9 75
429 503 27 0.5865 0.596 -142.25 -142.883 -0.34254 0.27117 8 76
429 540 28 0.6399 0.6341 -145.951 -145.272 -0.34254 0.29517 8 75
429 474 29 0.5935 0.5993 -139.16 -140.25 -0.36654 0.26517 8 76
429 525 30 0.549 0.5465 -136.468 -135.823 -0.36654 0.22917 8 76
429 517 31 0.6547 0.6562 -138.088 -138.094 -0.42054 0.28317 8 74
429 447 32 0.6473 0.6431 -149.006 -148.287 -0.31854 0.30717 8 75
429 480 33 0.556 0.5591 -140.366 -140.174 -0.34254 0.24717 9 76
429 505 34 0.5943 0.6025 -143.827 -144.009 -0.33654 0.27717 8 76
429 466 35 0.6545 0.6456 -148.526 -147.8 -0.32454 0.30717 8 75
429 551 36 0.6436 0.6369 -145.441 -144.791 -0.34854 0.29517 8 75
429 420 37 0.6007 0.6023 -135.379 -136.005 -0.40254 0.25317 8 75
429 444 38 0.6362 0.6304 -139.948 -139.679 -0.39054 0.27717 8 75
429 456 39 0.6198 0.6283 -137.763 -138.108 -0.40254 0.27117 8 75
429 445 40 0.6159 0.6301 -134.936 -136.084 -0.42054 0.26517 8 75
429 479 41 0.5548 0.5591 -140.392 -140.174 -0.34254 0.24717 9 76
429 542 42 0.6261 0.6244 -145.132 -144.702 -0.34254 0.28917 8 75
429 440 43 0.6078 0.6073 -137.034 -137.186 -0.39654 0.25917 8 76
429 502 44 0.5876 0.5929 -141.039 -141.234 -0.35454 0.26517 8 76
429 440 45 0.5335 0.5435 -140.339 -140.503 -0.33054 0.24117 9 75
429 482 46 0.5663 0.5682 -140.687 -140.884 -0.34254 0.25317 8 76
429 451 47 0.5593 0.5634 -149.363 -149.28 -0.27054 0.27117 9 76
429 471 48 0.5444 0.5467 -139.83 -139.968 -0.33654 0.24117 9 76
429 456 49 0.6161 0.6108 -147.75 -147.2 -0.31254 0.28917 9 75
472 489 0 0.6238 0.6181 -139.372 -139.488 -0.38454 0.27117 8 76
472 555 1 0.5366 0.5393 -136.902 -136.847 -0.35454 0.22917 9 76
472 523 2 0.6231 0.6259 -146.916 -146.742 -0.32454 0.29517 8 76
472 496 3 0.6231 0.6207 -147.974 -147.743 -0.31254 0.29517 8 76
472 494 4 0.6529 0.658 -135.368 -136.157 -0.43854 0.27717 8 75
472 484 5 0.6399 0.6406 -149.095 -148.778 -0.31254 0.30717 8 76
472 507 6 0.5941 0.5885 -147.221 -146.584 -0.30654 0.27717 8 76
472 494 7 0.6183 0.6195 -137.23 -137.427 -0.40254 0.26517 8 76
472 491 8 0.5414 0.5526 -140.898 -141.228 -0.33054 0.24717 9 76
472 511 9 0.58 0.5708 -137.219 -136.403 -0.37854 0.24117 8 76
472 516 10 0.5799 0.5843 -144.916 -144.935 -0.31854 0.27117 8 76
472 508 11 0.5651 0.5719 -144.374 -144.842 -0.31254 0.26517 9 76
472 510 12 0.5891 0.5847 -138.352 -138.374 -0.37254 0.25317 8 76
472 589 13 0.654 0.6493 -144.822 -144.876 -0.35454 0.30117 8 75
472 530 14 0.6365 0.6384 -147.351 -146.79 -0.33054 0.30117 8 76
472 483 15 0.6157 0.6057 -148.792 -148.229 -0.30054 0.28917 9 76
472 564 16 0.5992 0.6114 -141.764 -142.522 -0.35454 0.27717 8 76
472 478 17 0.6121 0.618 -135.004 -135.822 -0.41454 0.25917 8 75
472 508 18 0.6394 0.6357 -148.095 -147.279 -0.32454 0.30117 8 76
472 529 19 0.5758 0.5836 -142.401 -142.748 -0.33654 0.26517 8 76
472 530 20 0.6224 0.6286 -146.637 -146.248 -0.33054 0.29517 8 76
472 467 21 0.6396 0.6382 -149.773 -149.273 -0.30654 0.30717 9 76
472 476 22 0.5334 0.5403 -140.772 -141.044 -0.32454 0.24117 9 76
472 517 23 0.6278 0.6317 -137.686 -137.658 -0.40854 0.27117 8 75
472 478 24 0.6021 0.6073 -136.851 -137.186 -0.39654 0.25917 8 76
472 573 25 0.6033 0.6114 -141.811 -142.522 -0.35454 0.27717 8 76
472 510 26 0.6144 0.6148 -139.559 -139.958 -0.37854 0.27117 8 76
472 499 27 0.5616 0.5658 -148.809 -148.72 -0.27654 0.27117 9 76
472 572 28 0.6102 0.6149 -144.264 -144.115 -0.34254 0.28317 8 76
472 591 29 0.6318 0.6332 -142.869 -143.257 -0.36054 0.28917 8 75
472 560 30 0.5328 0.5343 -136.217 -135.513 -0.36054 0.22317 9 75
472 494 31 0.6238 0.6248 -138.366 -138.563 -0.39654 0.27117 8 76
472 494 32 0.5483 0.5588 -141.958 -142.46 -0.32454 0.25317 9 76
472 544 33 0.587 0.599 -142.036 -142.383 -0.34854 0.27117 8 76
472 515 34 0.5795 0.5843 -145.003 -144.935 -0.31854 0.27117 9 76
472 552 35 0.5921 0.6021 -141.275 -141.888 -0.35454 0.27117 8 76
472 510 36 0.6136 0.6134 -147.067 -146.691 -0.31854 0.28917 8 76
472 512 37 0.5752 0.5708 -148.091 -147.613 -0.28854 0.27117 9 76
472 546 38 0.5904 0.6021 -141.171 -141.888 -0.35454 0.27117 8 76
472 564 39 0.5532 0.5465 -136.605 -135.823 -0.36654 0.22917 8 76
472 536 40 0.5678 0.5538 -135.594 -134.825 -0.37854 0.22917 8 76
472 599 41 0.6206 0.6208 -143.171 -143.137 -0.35454 0.28317 8 76
472 472 42 0.6374 0.6382 -149.536 -149.273 -0.30654 0.30717 9 76
472 590 43 0.6151 0.6178 -143.258 -143.624 -0.34854 0.28317 8 76
472 521 44 0.6439 0.6509 -135.783 -137.009 -0.42654 0.27717 8 75
472 525 45 0.5576 0.5591 -140.312 -140.174 -0.34254 0.24717 8 76
472 502 46 0.56 0.5584 -148.134 -147.578 -0.28254 0.26517 9 76
472 504 47 0.5936 0.5958 -147.866 -147.681 -0.30054 0.28317 9 76
472 505 48 0.5439 0.5459 -147.551 -147.54 -0.27654 0.25917 9 76
472 498 49 0.5979 0.5907 -148.961 -148.741 -0.28854 0.28317 9 76
515 559 0 0.5764 0.5776 -144.002 -143.784 -0.32454 0.26517 8 76
515 538 1 0.6283 0.6332 -148.023 -147.772 -0.31854 0.30117 8 76
515 567 2 0.5654 0.5682 -140.729 -140.884 -0.34254 0.25317 8 77
515 543 3 0.5679 0.5683 -148.585 -148.164 -0.28254 0.27117 9 76
515 547 4 0.6333 0.6371 -138.821 -138.77 -0.40254 0.27717 8 76
515 557 5 0.5785 0.5708 -136.634 -136.403 -0.37854 0.24117 8 77
515 544 6 0.5342 0.536 -146.76 -146.918 -0.27654 0.25317 9 76
515 587 7 0.5459 0.548 -137.983 -137.637 -0.35454 0.23517 8 76
515 629 8 0.6153 0.6208 -142.429 -143.137 -0.35454 0.28317 8 76
515 540 9 0.6354 0.6332 -148.346 -147.772 -0.31854 0.30117 8 76
515 521 10 0.6492 0.6507 -149.542 -149.272 -0.31254 0.31317 8 76
515 548 11 0.6387 0.6371 -138.984 -138.77 -0.40254 0.27717 8 76
515 570 12 0.5981 0.5967 -145.157 -145.025 -0.32454 0.27717 8 76
515 570 13 0.6415 0.6439 -138.376 -137.88 -0.41454 0.27717 8 75
515 593 14 0.609 0.6176 -140.827 -141.555 -0.36654 0.27717 8 76
515 506 15 0.6055 0.618 -135.204 -135.822 -0.41454 0.25917 8 76
515 554 16 0.5896 0.5936 -138.676 -139.081 -0.37254 0.25917 8 77
515 536 17 0.5314 0.529 -145.545 -145.687 -0.28254 0.24717 9 76
515 555 18 0.5812 0.5759 -138.19 -137.645 -0.37254 0.24717 8 77
515 539 19 0.5535 0.5533 -148.571 -148.708 -0.27054 0.26517 9 76
515 534 20 0.6147 0.623 -136.273 -136.974 -0.40854 0.26517 8 76
515 626 21 0.6089 0.6114 -142.324 -142.522 -0.35454 0.27717 8 76
515 556 22 0.6062 0.6037 -146.523 -146.125 -0.31854 0.28317 8 76
515 525 23 0.5401 0.5495 -141.007 -141.764 -0.32454 0.24717 9 76
515 575 24 0.5532 0.5534 -138.756 -138.918 -0.34854 0.24117 8 77
515 556 25 0.5635 0.5712 -142.13 -142.607 -0.33054 0.25917 8 76
515 584 26 0.5985 0.6052 -140.449 -141.398 -0.36054 0.27117 8 77
515 537 27 0.6549 0.6531 -148.86 -148.786 -0.31854 0.31317 8 76
515 547 28 0.5474 0.5539 -145.268 -145.846 -0.29454 0.25917 9 76
515 553 29 0.5913 0.5885 -147.024 -146.584 -0.30654 0.27717 8 76
515 546 30 0.5494 0.5459 -147.667 -147.54 -0.27654 0.25917 9 76
515 561 31 0.633 0.6423 -135.521 -136.337 -0.42654 0.27117 8 75
515 521 32 0.5365 0.5375 -143.664 -143.969 -0.30054 0.24717 9 76
515 562 33 0.5812 0.5813 -138.728 -138.864 -0.36654 0.25317 8 77
515 602 34 0.5577 0.5501 -136.164 -135.321 -0.37254 0.22917 8 76
515 548 35 0.566 0.5652 -143.621 -143.665 -0.31854 0.25917 9 76
515 608 36 0.6247 0.6313 -145.601 -145.758 -0.33654 0.29517 8 76
515 600 37 0.6052 0.6149 -144.222 -144.115 -0.34254 0.28317 8 76
515 548 38 0.562 0.5682 -142.563 -143.133 -0.32454 0.25917 9 77
515 514 39 0.5353 0.5434 -142.63 -142.854 -0.31254 0.24717 9 76
515 543 40 0.6364 0.6331 -140.849 -141.239 -0.37854 0.28317 8 76
515 546 41 0.5421 0.5387 -146.448 -146.34 -0.28254 0.25317 9 76
515 633 42 0.6162 0.6178 -143.826 -143.624 -0.34854 0.28317 8 76
515 542 43 0.5893 0.5883 -149.047 -149.277 -0.28254 0.28317 9 76
515 637 44 0.6467 0.6465 -145.538 -145.348 -0.34854 0.30117 8 75
515 563 45 0.5749 0.5724 -138.553 -138.139 -0.36654 0.24717 8 77
515 550 46 0.5539 0.5512 -146.268 -146.405 -0.28854 0.25917 9 76
515 574 47 0.5684 0.5637 -137.636 -137.391 -0.36654 0.24117 8 77
515 538 48 0.6526 0.6392 -142.117 -142.316 -0.37254 0.28917 8 75
515 556 49 0.5908 0.5912 -145.882 -146.06 -0.31254 0.27717 8 76
558 594 0 0.6255 0.6239 -140.276 -140.608 -0.37854 0.27717 8 77
558 613 1 0.5865 0.5869 -139.743 -140.061 -0.36054 0.25917 8 77
558 611 2 0.573 0.5746 -139.975 -139.863 -0.35454 0.25317 8 77
558 601 3 0.5998 0.6037 -145.94 -146.125 -0.31854 0.28317 8 77
558 580 4 0.5513 0.5588 -142.413 -142.46 -0.32454 0.25317 9 77
558 602 5 0.5974 0.594 -145.606 -145.54 -0.31854 0.27717 8 77
558 544 6 0.591 0.5938 -135.02 -135.264 -0.40254 0.24717 8 77
558 602 7 0.5778 0.5813 -138.773 -138.864 -0.36654 0.25317 8 77
558 549 8 0.5319 0.5371 -141.528 -141.591 -0.31854 0.24117 9 76
558 637 9 0.5934 0.599 -141.776 -142.383 -0.34854 0.27117 8 77
558 579 10 0.6203 0.6195 -137.401 -137.427 -0.40254 0.26517 8 76
558 603 11 0.6485 0.6456 -148.09 -147.8 -0.32454 0.30717 8 76
558 583 12 0.5456 0.5433 -148.248 -148.116 -0.27054 0.25917 9 77
558 594 13 0.589 0.5847 -138.403 -138.374 -0.37254 0.25317 8 77
558 660 14 0.5321 0.5297 -134.988 -134.155 -0.36654 0.21717 8 76
558 592 15 0.6246 0.6387 -136.139 -136.773 -0.42054 0.27117 8 76
558 600 16 0.6363 0.6357 -147.805 -147.279 -0.32454 0.30117 8 76
558 672 17 0.6287 0.6341 -145.142 -145.272 -0.34254 0.29517 8 76
558 555 18 0.587 0.5817 -134.942 -134.968 -0.39654 0.24117 8 77
558 680 19 0.6211 0.6208 -143.238 -143.137 -0.35454 0.28317 8 76
558 666 20 0.6198 0.6238 -142.002 -142.656 -0.36054 0.28317 8 76
558 633 21 0.6496 0.6509 -136.685 -137.009 -0.42654 0.27717 8 75
558 616 22 0.5914 0.596 -140.021 -140.739 -0.36054 0.26517 8 77
558 572 23 0.545 0.5509 -149.305 -149.281 -0.26454 0.26517 9 77
558 582 24 0.6174 0.6266 -135.761 -136.527 -0.41454 0.26517 8 76
558 579 25 0.5491 0.5594 -144.155 -144.744 -0.30654 0.25917 9 77
558 588 26 0.6315 0.6371 -138.526 -138.77 -0.40254 0.27717 8 76
558 567 27 0.5436 0.5464 -142.401 -142.306 -0.31854 0.24717 9 77
558 663 28 0.6246 0.6238 -142.132 -142.656 -0.36054 0.28317 8 76
558 602 29 0.6473 0.6392 -142.11 -142.316 -0.37254 0.28917 8 76
558 576 30 0.5956 0.6003 -137.901 -138.123 -0.38454 0.25917 8 77
558 630 31 0.5883 0.599 -141.985 -142.383 -0.34854 0.27117 8 77
558 570 32 0.6416 0.6406 -149.112 -148.778 -0.31254 0.30717 8 76
558 604 33 0.638 0.6405 -138.567 -138.323 -0.40854 0.27717 8 76
558 596 34 0.586 0.5912 -145.943 -146.06 -0.31254 0.27717 8 77
558 627 35 0.5493 0.548 -138.219 -137.637 -0.35454 0.23517 8 77
558 593 36 0.5676 0.5747 -144.142 -144.31 -0.31854 0.26517 9 77
558 604 37 0.5845 0.5813 -138.992 -138.864 -0.36654 0.25317 8 77
558 621 38 0.6508 0.6509 -136.393 -137.009 -0.42654 0.27717 8 75
558 575 39 0.5446 0.5499 -143.914 -144.088 -0.30654 0.25317 9 77
558 596 40 0.5674 0.5682 -143.158 -143.133 -0.32454 0.25917 9 77
558 575 41 0.6336 0.6306 -148.577 -148.269 -0.31254 0.30117 8 76
558 599 42 0.5686 0.5663 -145.83 -145.92 -0.30054 0.26517 9 77
558 596 43 0.553 0.5512 -146.455 -146.405 -0.28854 0.25917 9 76
558 564 44 0.5821 0.5696 -135.012 -134.659 -0.39054 0.23517 8 77
558 626 45 0.5938 0.596 -140.583 -140.739 -0.36054 0.26517 8 77
558 583 46 0.5513 0.5594 -144.235 -144.744 -0.30654 0.25917 9 77
558 591 47 0.5841 0.5808 -148.633 -148.187 -0.28854 0.27717 8 77
558 615 48 0.6537 0.6456 -142.998 -143.372 -0.36654 0.29517 8 76
558 621 49 0.6532 0.6482 -147.587 -147.316 -0.33054 0.30717 8 76
601 608 0 0.6465 0.6495 -134.877 -135.481 -0.43854 0.27117 8 76
601 675 1 0.5969 0.6054 -143.54 -143.509 -0.34254 0.27717 8 77
601 612 2 0.6037 0.6038 -137.459 -137.652 -0.39054 0.25917 8 77
601 647 3 0.6004 0.6025 -139.392 -139.767 -0.37254 0.26517 8 77
601 692 4 0.599 0.6084 -142.619 -143.013 -0.34854 0.27717 8 77
601 706 5 0.606 0.6114 -142.34 -142.522 -0.35454 0.27717 8 77
601 640 6 0.5574 0.565 -141.136 -141.404 -0.33654 0.25317 8 77
601 698 7 0.6554 0.6465 -146.199 -145.348 -0.34854 0.30117 8 76
601 630 8 0.5785 0.5783 -148.967 -148.73 -0.28254 0.27717 9 77
601 615 9 0.6409 0.6362 -140.782 -140.776 -0.38454 0.28317 8 77
601 675 10 0.6535 0.6509 -136.937 -137.009 -0.42654 0.27717 8 75
601 599 11 0.634 0.6281 -149.258 -148.769 -0.30654 0.30117 8 77
601 670 12 0.6153 0.6188 -145.848 -145.688 -0.33054 0.28917 8 77
601 614 13 0.6336 0.6271 -140.141 -140.141 -0.38454 0.27717 8 77
601 648 14 0.6071 0.6116 -139.74 -140.433 -0.37254 0.27117 8 78
601 635 15 0.5448 0.5485 -146.792 -146.97 -0.28254 0.25917 9 77
601 615 16 0.5457 0.5485 -149.381 -149.859 -0.25854 0.26517 9 77
601 723 17 0.6233 0.6302 -143.544 -143.734 -0.35454 0.28917 8 77
601 660 18 0.5667 0.5637 -137.611 -137.391 -0.36654 0.24117 8 78
601 647 19 0.5816 0.5872 -144.015 -144.415 -0.32454 0.27117 8 77
601 669 20 0.6049 0.6092 -144.887 -145.11 -0.33054 0.28317 8 77
601 676 21 0.6084 0.6084 -140.904 -140.913 -0.36654 0.27117 8 77
601 638 22 0.6256 0.6317 -137.547 -137.658 -0.40854 0.27117 8 77
601 611 23 0.5908 0.5865 -136.48 -136.199 -0.39054 0.24717 8 77
601 686 24 0.6557 0.6596 -137.38 -137.663 -0.42654 0.28317 8 75
601 622 25 0.5682 0.5734 -149.806 -149.831 -0.27054 0.27717 9 77
601 706 26 0.5434 0.538 -135.334 -135.002 -0.36654 0.22317 8 77
601 628 27 0.5555 0.5588 -142.542 -142.46 -0.32454 0.25317 9 77
601 631 28 0.5507 0.5485 -147.43 -146.97 -0.28254 0.25917 9 77
601 623 29 0.5317 0.5387 -145.913 -146.34 -0.28254 0.25317 9 77
601 628 30 0.5943 0.5969 -138.297 -138.599 -0.37854 0.25917 8 78
601 630 31 0.5419 0.5459 -147.5 -147.54 -0.27654 0.25917 9 77
601 634 32 0.632 0.6331 -140.79 -141.239 -0.37854 0.28317 8 77
601 701 33 0.542 0.538 -135.775 -135.002 -0.36654 0.22317 8 77
601 666 34 0.5579 0.5568 -138.531 -138.403 -0.35454 0.24117 8 77
601 649 35 0.6275 0.6259 -147.134 -146.742 -0.32454 0.29517 8 77
601 619 36 0.5946 0.5916 -137.712 -137.409 -0.38454 0.25317 8 78
601 632 37 0.6261 0.6317 -137.834 -137.658 -0.40854 0.27117 8 77
601 661 38 0.5888 0.596 -140.258 -140.739 -0.36054 0.26517 8 78
601 658 39 0.5785 0.5837 -140.23 -140.559 -0.35454 0.25917 8 78
601 636 40 0.5507 0.5539 -145.484 -145.846 -0.29454 0.25917 9 77
601 618 41 0.5968 0.6003 -137.72 -138.123 -0.38454 0.25917 8 78
601 629 42 0.6097 0.6108 -147.34 -147.2 -0.31254 0.28917 8 77
601 638 43 0.5596 0.5663 -145.518 -145.92 -0.30054 0.26517 9 77
601 625 44 0.5314 0.5334 -147.551 -147.501 -0.27054 0.25317 9 77
601 619 45 0.6188 0.6301 -135.157 -136.084 -0.42054 0.26517 8 76
601 621 46 0.5796 0.5758 -149.79 -149.279 -0.27654 0.27717 9 77
601 635 47 0.547 0.5485 -147.081 -146.97 -0.28254 0.25917 9 77
601 627 48 0.5456 0.5539 -145.65 -145.846 -0.29454 0.25917 9 77
601 680 49 0.5535 0.5515 -137.265 -137.125 -0.36054 0.23517 8 77
43 147 0 0.6087 0.6302 -138.281 -143.734 -0.35454 0.28917 9 73
43 138 1 0.6357 0.6302 -135.421 -143.734 -0.35454 0.28917 9 73
43 137 2 0.54 0.6302 -146.107 -143.734 -0.35454 0.28917 9 73
43 158 3 0.5435 0.5297 -137.591 -134.155 -0.36654 0.21717 9 73
43 137 4 0.5317 0.6302 -144.866 -143.734 -0.35454 0.28917 9 73
43 140 5 0.5635 0.6302 -146.486 -143.734 -0.35454 0.28917 9 73
43 179 6 0.6145 0.6302 -142.414 -143.734 -0.35454 0.28917 9 73
43 138 7 0.5754 0.6302 -149.304 -143.734 -0.35454 0.28917 9 73
43 138 8 0.5424 0.6302 -146.973 -143.734 -0.35454 0.28917 9 73
43 155 9 0.5941 0.6273 -145.63 -144.216 -0.34854 0.28917 9 73
43 140 10 0.5692 0.6302 -147.504 -143.734 -0.35454 0.28917 9 73
43 141 11 0.6174 0.6302 -136.688 -143.734 -0.35454 0.28917 9 73
43 155 12 0.5877 0.6302 -138.837 -143.734 -0.35454 0.28917 9 74
43 172 13 0.6106 0.6302 -141.33 -143.734 -0.35454 0.28917 9 73
43 167 14 0.5886 0.6302 -141.156 -143.734 -0.35454 0.28917 9 73
43 147 15 0.6114 0.6302 -138.361 -143.734 -0.35454 0.28917 9 73
43 152 16 0.5712 0.6273 -143.905 -144.216 -0.34854 0.28917 9 73
43 148 17 0.5792 0.6273 -145.234 -144.216 -0.34854 0.28917 9 73
43 140 18 0.6453 0.6302 -137 -143.734 -0.35454 0.28917 9 73
43 139 19 0.5375 0.6302 -148.85 -143.734 -0.35454 0.28917 9 73
43 151 20 0.5768 0.6273 -144.657 -144.216 -0.34854 0.28917 9 73
43 142 21 0.6173 0.6369 -148.645 -144.791 -0.34854 0.29517 9 74
43 148 22 0.5904 0.5335 -136.395 -133.648 -0.37254 0.21717 9 73
43 146 23 0.596 0.5335 -137.36 -133.648 -0.37254 0.21717 9 74
43 157 24 0.577 0.6273 -143.697 -144.216 -0.34854 0.28917 9 73
43 142 25 0.5442 0.6302 -141.367 -143.734 -0.35454 0.28917 9 73
43 138 26 0.6295 0.6302 -149.855 -143.734 -0.35454 0.28917 9 73
43 152 27 0.5298 0.5297 -137.579 -134.155 -0.36654 0.21717 9 73
43 141 28 0.6518 0.6302 -139.46 -143.734 -0.35454 0.28917 9 73
43 140 29 0.5992 0.5335 -135.861 -133.648 -0.37254 0.21717 9 74
43 142 30 0.6174 0.6369 -148.582 -144.791 -0.34854 0.29517 9 74
43 138 31 0.5666 0.6302 -148.025 -143.734 -0.35454 0.28917 9 73
43 140 32 0.5843 0.6302 -147.961 -143.734 -0.35454 0.28917 9 73
43 138 33 0.642 0.6302 -137.02 -143.734 -0.35454 0.28917 9 73
43 139 34 0.5539 0.6302 -146.396 -143.734 -0.35454 0.28917 9 73
43 147 35 0.5907 0.5335 -136.348 -133.648 -0.37254 0.21717 9 73
43 139 36 0.5465 0.6302 -145.149 -143.734 -0.35454 0.28917 9 73
43 146 37 0.6344 0.6302 -139.339 -143.734 -0.35454 0.28917 9 73
43 155 38 0.5758 0.5335 -137.054 -133.648 -0.37254 0.21717 9 73
43 150 39 0.5582 0.6302 -139.713 -143.734 -0.35454 0.28917 9 73
43 155 40 0.578 0.6273 -144.266 -144.216 -0.34854 0.28917 9 73
43 158 41 0.5587 0.5297 -137.991 -134.155 -0.36654 0.21717 9 73
43 171 42 0.6304 0.6302 -141.802 -143.734 -0.35454 0.28917 9 73
43 141 43 0.5358 0.6302 -140.093 -143.734 -0.35454 0.28917 9 73
43 146 44 0.5512 0.6302 -140.878 -143.734 -0.35454 0.28917 9 73
43 181 45 0.6235 0.6302 -143.482 -143.734 -0.35454 0.28917 9 73
43 151 46 0.5983 0.6302 -138.378 -143.734 -0.35454 0.28917 9 74
43 170 47 0.6159 0.6302 -141.1 -143.734 -0.35454 0.28917 9 73
43 137 48 0.5566 0.6302 -148.392 -143.734 -0.35454 0.28917 9 73
43 178 49 0.6179 0.6302 -142.129 -143.734 -0.35454 0.28917 9 73
86 158 0 0.568 0.6273 -144.17 -144.216 -0.34854 0.28917 9 74
86 150 1 0.5691 0.6273 -145.162 -144.216 -0.34854 0.28917 9 74
86 145 2 0.6401 0.6369 -149.512 -144.791 -0.34854 0.29517 9 74
86 152 3 0.6081 0.6302 -137.837 -143.734 -0.35454 0.28917 9 74
86 141 4 0.536 0.6273 -142.126 -144.216 -0.34854 0.28917 9 74
86 213 5 0.6064 0.6273 -143.794 -144.216 -0.34854 0.28917 9 74
86 203 6 0.5932 0.6178 -142.768 -143.624 -0.34854 0.28317 9 74
86 142 7 0.6316 0.6369 -149.605 -144.791 -0.34854 0.29517 9 74
86 171 8 0.604 0.6244 -146.291 -144.702 -0.34254 0.28917 9 74
86 207 9 0.5984 0.6208 -141.479 -143.137 -0.35454 0.28317 9 74
86 212 10 0.6046 0.6208 -142.121 -143.137 -0.35454 0.28317 9 74
86 213 11 0.619 0.6273 -144.937 -144.216 -0.34854 0.28917 9 74
86 141 12 0.5582 0.6273 -145.68 -144.216 -0.34854 0.28917 9 74
86 180 13 0.5724 0.6178 -141.109 -143.624 -0.34854 0.28317 9 74
86 137 14 0.5918 0.6302 -149.766 -143.734 -0.35454 0.28917 9 74
86 169 15 0.5849 0.5335 -135.985 -133.648 -0.37254 0.21717 9 74
86 178 16 0.5576 0.5343 -138.69 -135.513 -0.36054 0.22317 9 74
86 170 17 0.5677 0.6178 -142.459 -143.624 -0.34854 0.28317 9 74
86 217 18 0.6102 0.6273 -143.73 -144.216 -0.34854 0.28917 9 74
86 214 19 0.6073 0.6208 -142.229 -143.137 -0.35454 0.28317 9 73
86 209 20 0.5427 0.5297 -135.439 -134.155 -0.36654 0.21717 9 74
86 153 21 0.6344 0.6369 -148.837 -144.791 -0.34854 0.29517 9 74
86 172 22 0.6378 0.6596 -136.383 -137.663 -0.42654 0.28317 9 74
86 185 23 0.5866 0.6208 -139.703 -143.137 -0.35454 0.28317 9 74
86 138 24 0.577 0.6302 -149.81 -143.734 -0.35454 0.28917 9 74
86 193 25 0.5493 0.538 -137.304 -135.002 -0.36654 0.22317 9 74
86 218 26 0.6176 0.6302 -142.33 -143.734 -0.35454 0.28917 9 73
86 216 27 0.6335 0.6302 -142.785 -143.734 -0.35454 0.28917 9 73
86 207 28 0.6475 0.6302 -143.232 -143.734 -0.35454 0.28917 9 73
86 175 29 0.5983 0.6238 -139.066 -142.656 -0.36054 0.28317 9 74
86 204 30 0.5952 0.6273 -143.063 -144.216 -0.34854 0.28917 9 74
86 172 31 0.6467 0.6596 -136.039 -137.663 -0.42654 0.28317 9 73
86 158 32 0.642 0.6341 -148.784 -145.272 -0.34254 0.29517 9 73
86 158 33 0.5699 0.6273 -144.372 -144.216 -0.34854 0.28917 9 74
86 198 34 0.5875 0.6208 -141.404 -143.137 -0.35454 0.28317 9 74
86 138 35 0.556 0.6302 -149.203 -143.734 -0.35454 0.28917 9 74
86 138 36 0.5504 0.6302 -146.625 -143.734 -0.35454 0.28917 9 74
86 210 37 0.6339 0.6369 -146.015 -144.791 -0.34854 0.29517 9 74
86 138 38 0.5304 0.6302 -146.004 -143.734 -0.35454 0.28917 9 74
86 147 39 0.6125 0.6302 -137.473 -143.734 -0.35454 0.28917 9 74
86 141 40 0.5319 0.6302 -141.521 -143.734 -0.35454 0.28917 9 74
86 205 41 0.5474 0.5297 -136.059 -134.155 -0.36654 0.21717 9 74
86 154 42 0.5955 0.5335 -135.73 -133.648 -0.37254 0.21717 9 74
86 146 43 0.5402 0.6273 -141.04 -144.216 -0.34854 0.28917 9 74
86 220 44 0.6152 0.6302 -143.224 -143.734 -0.35454 0.28917 9 74
86 186 45 0.5776 0.6178 -141.67 -143.624 -0.34854 0.28317 9 74
86 191 46 0.5616 0.538 -137.608 -135.002 -0.36654 0.22317 9 74
86 171 47 0.6357 0.6562 -136.694 -138.094 -0.42054 0.28317 9 74
86 138 48 0.5358 0.6302 -147.835 -143.734 -0.35454 0.28917 9 74
86 137 49 0.5528 0.6302 -149.53 -143.734 -0.35454 0.28917 9 74
129 151 0 0.6379 0.6341 -149.406 -145.272 -0.34254 0.29517 9 74
129 262 1 0.6179 0.6273 -143.789 -144.216 -0.34854 0.28917 9 74
129 201 2 0.5848 0.6149 -144.404 -144.115 -0.34254 0.28317 9 74
129 205 3 0.5756 0.6054 -142.794 -143.509 -0.34254 0.27717 9 74
129 158 4 0.5528 0.5634 -149.191 -149.28 -0.27054 0.27117 9 74
129 208 5 0.5775 0.6114 -139.587 -142.522 -0.35454 0.27717 9 74
129 172 6 0.5474 0.561 -146.417 -147.02 -0.28854 0.26517 9 74
129 171 7 0.5505 0.5663 -145.071 -145.92 -0.30054 0.26517 9 74
129 193 8 0.5986 0.6145 -138.795 -142.036 -0.36054 0.27717 9 74
129 215 9 0.5872 0.6145 -139.832 -142.036 -0.36054 0.27717 9 74
129 213 10 0.6024 0.6145 -139.706 -142.036 -0.36054 0.27717 9 74
129 249 11 0.5379 0.5297 -135.513 -134.155 -0.36654 0.21717 9 74
129 157 12 0.6151 0.5958 -148.974 -147.681 -0.30054 0.28317 9 74
129 259 13 0.6427 0.6369 -145.606 -144.791 -0.34854 0.29517 9 74
129 255 14 0.6093 0.6208 -142.85 -143.137 -0.35454 0.28317 9 74
129 167 15 0.6023 0.5833 -148.511 -147.648 -0.29454 0.27717 9 74
129 198 16 0.5871 0.612 -144.806 -144.61 -0.33654 0.28317 9 74
129 240 17 0.6552 0.6426 -143.672 -143.841 -0.36054 0.29517 9 73
129 223 18 0.6102 0.6244 -145.711 -144.702 -0.34254 0.28917 9 74
129 259 19 0.6201 0.6302 -142.554 -143.734 -0.35454 0.28917 9 74
129 184 20 0.6152 0.6474 -135.22 -137.442 -0.42054 0.27717 9 74
129 164 21 0.5876 0.5859 -149.746 -149.818 -0.27654 0.28317 9 74
129 183 22 0.5664 0.593 -143.157 -143.389 -0.33654 0.27117 9 74
129 244 23 0.6242 0.6238 -141.701 -142.656 -0.36054 0.28317 9 74
129 166 24 0.5982 0.5455 -135.938 -134 -0.37854 0.22317 9 74
129 236 25 0.6232 0.6341 -146.066 -145.272 -0.34254 0.29517 9 74
129 190 26 0.5482 0.5445 -139.657 -138.157 -0.34854 0.23517 9 74
129 159 27 0.5358 0.5315 -149.747 -151.072 -0.24054 0.25917 9 74
129 173 28 0.543 0.55 -140.441 -139.44 -0.34254 0.24117 9 74
129 215 29 0.5562 0.5429 -138.408 -136.332 -0.36054 0.22917 9 74
129 180 30 0.572 0.5761 -145.995 -146.527 -0.30054 0.27117 9 74
129 155 31 0.5413 0.5623 -143.013 -144.202 -0.31254 0.25917 9 74
129 220 32 0.6512 0.6596 -136.867 -137.663 -0.42654 0.28317 9 74
129 177 33 0.5875 0.5885 -146.874 -146.584 -0.30654 0.27717 9 74
129 180 34 0.5906 0.594 -146.02 -145.54 -0.31854 0.27717 9 74
129 252 35 0.6055 0.6208 -142.688 -143.137 -0.35454 0.28317 9 74
129 207 36 0.6281 0.6313 -147.258 -145.758 -0.33654 0.29517 9 74
129 177 37 0.6519 0.641 -149.01 -146.305 -0.33654 0.30117 9 74
129 172 38 0.6003 0.5859 -147.991 -147.114 -0.30054 0.27717 9 74
129 177 39 0.5866 0.5833 -147.863 -147.648 -0.29454 0.27717 9 74
129 167 40 0.6237 0.6313 -148.338 -145.758 -0.33654 0.29517 9 74
129 157 41 0.5383 0.5566 -143.682 -145.292 -0.30054 0.25917 9 74
129 167 42 0.6022 0.5417 -137.254 -134.497 -0.37254 0.22317 9 74
129 219 43 0.5856 0.6149 -143.228 -144.115 -0.34254 0.28317 9 74
129 256 44 0.6267 0.6369 -145.063 -144.791 -0.34854 0.29517 9 74
129 162 45 0.6065 0.5417 -137.464 -134.497 -0.37254 0.22317 9 74
129 206 46 0.5785 0.6114 -139.568 -142.522 -0.35454 0.27717 9 74
129 163 47 0.5466 0.5459 -148.122 -147.54 -0.27654 0.25917 9 74
129 211 48 0.5737 0.6084 -141.189 -143.013 -0.34854 0.27717 9 74
129 208 49 0.6362 0.6474 -136.425 -137.442 -0.42054 0.27717 9 74
172 215 0 0.6137 0.6352 -136.216 -137.213 -0.41454 0.27117 9 74
172 229 1 0.6216 0.6474 -136.473 -137.442 -0.42054 0.27717 9 74
172 284 2 0.5539 0.5417 -135.126 -134.497 -0.37254 0.22317 9 74
172 260 3 0.5387 0.5393 -137.406 -136.847 -0.35454 0.22917 9 74
172 219 4 0.564 0.561 -147.173 -147.02 -0.28854 0.26517 9 74
172 199 5 0.6087 0.6092 -138.03 -138.815 -0.38454 0.26517 9 74
172 254 6 0.6314 0.6313 -147.064 -145.758 -0.33654 0.29517 9 74
172 287 7 0.6336 0.6341 -146.053 -145.272 -0.34254 0.29517 9 74
172 292 8 0.6219 0.6238 -142.136 -142.656 -0.36054 0.28317 9 74
172 295 9 0.6078 0.6178 -143.014 -143.624 -0.34854 0.28317 9 74
172 231 10 0.5927 0.6092 -145.346 -145.11 -0.33054 0.28317 9 74
172 200 11 0.5459 0.5594 -143.619 -144.744 -0.30654 0.25917 9 74
172 277 12 0.552 0.538 -136.684 -135.002 -0.36654 0.22317 9 74
172 214 13 0.5513 0.5584 -147.191 -147.578 -0.28254 0.26517 9 74
172 277 14 0.594 0.6178 -142.79 -143.624 -0.34854 0.28317 9 74
172 199 15 0.6254 0.6181 -139.181 -139.488 -0.38454 0.27117 9 74
172 257 16 0.6269 0.6268 -140.926 -142.179 -0.36654 0.28317 9 74
172 221 17 0.5633 0.5636 -146.443 -146.468 -0.29454 0.26517 9 74
172 220 18 0.5609 0.5712 -142.304 -142.607 -0.33054 0.25917 9 74
172 217 19 0.5658 0.5708 -147.815 -147.613 -0.28854 0.27117 9 74
172 253 20 0.5897 0.6149 -143.914 -144.115 -0.34254 0.28317 9 74
172 214 21 0.5527 0.5584 -147.311 -147.578 -0.28254 0.26517 9 74
172 190 22 0.5344 0.547 -143.384 -144.642 -0.30054 0.25317 9 74
172 276 23 0.6065 0.6145 -140.98 -142.036 -0.36054 0.27717 9 74
172 246 24 0.6441 0.6509 -135.971 -137.009 -0.42654 0.27717 9 73
172 201 25 0.5437 0.5433 -148.342 -148.116 -0.27054 0.25917 9 74
172 209 26 0.5534 0.5691 -144.501 -145.378 -0.30654 0.26517 9 74
172 223 27 0.6186 0.6286 -147.323 -146.248 -0.33054 0.29517 9 74
172 285 28 0.6523 0.6426 -143.676 -143.841 -0.36054 0.29517 9 73
172 301 29 0.6373 0.6369 -145.432 -144.791 -0.34854 0.29517 9 74
172 217 30 0.6241 0.6405 -138.068 -138.323 -0.40854 0.27717 9 74
172 229 31 0.5592 0.5682 -140.642 -140.884 -0.34254 0.25317 9 74
172 297 32 0.6095 0.6208 -142.463 -143.137 -0.35454 0.28317 9 74
172 225 33 0.6464 0.6509 -135.14 -137.009 -0.42654 0.27717 9 74
172 203 34 0.5985 0.5969 -137.782 -138.599 -0.37854 0.25917 9 74
172 220 35 0.6384 0.6527 -139.182 -138.53 -0.41454 0.28317 9 74
172 197 36 0.6252 0.6207 -148.58 -147.743 -0.31254 0.29517 9 74
172 216 37 0.6309 0.6286 -148.057 -146.248 -0.33054 0.29517 9 74
172 208 38 0.61 0.6387 -135.354 -136.773 -0.42054 0.27117 9 74
172 205 39 0.6242 0.6233 -148.203 -147.24 -0.31854 0.29517 9 74
172 221 40 0.5734 0.5788 -145.807 -145.991 -0.30654 0.27117 9 74
172 305 41 0.6215 0.6302 -143.611 -143.734 -0.35454 0.28917 9 74
172 220 42 0.567 0.5776 -143.393 -143.784 -0.32454 0.26517 9 74
172 206 43 0.5899 0.5575 -135.662 -134.337 -0.38454 0.22917 9 74
172 226 44 0.6504 0.6631 -135.283 -137.237 -0.43254 0.28317 9 74
172 249 45 0.5411 0.5393 -138.256 -136.847 -0.35454 0.22917 9 74
172 213 46 0.644 0.6384 -148.646 -146.79 -0.33054 0.30117 9 74
172 253 47 0.64 0.6562 -137.431 -138.094 -0.42054 0.28317 9 74
172 230 48 0.63 0.6439 -138.103 -137.88 -0.41454 0.27717 9 74
172 202 49 0.5378 0.5334 -148.131 -147.501 -0.27054 0.25317 9 74
215 259 0 0.5496 0.5558 -140.723 -140.698 -0.33654 0.24717 9 74
215 277 1 0.578 0.5586 -137.782 -136.119 -0.37254 0.23517 9 74
215 249 2 0.5338 0.536 -146.562 -146.918 -0.27654 0.25317 9 74
215 313 3 0.5544 0.5465 -136.9 -135.823 -0.36654 0.22917 9 74
215 267 4 0.5841 0.5672 -137.95 -136.894 -0.37254 0.24117 9 74
215 308 5 0.6156 0.6216 -145.63 -145.193 -0.33654 0.28917 9 74
215 251 6 0.5392 0.5512 -145.67 -146.405 -0.28854 0.25917 9 74
215 256 7 0.5644 0.5747 -143.687 -144.31 -0.31854 0.26517 9 74
215 300 8 0.5877 0.6084 -142.539 -143.013 -0.34854 0.27717 9 74
215 348 9 0.6345 0.6302 -143.681 -143.734 -0.35454 0.28917 9 74
215 340 10 0.6179 0.6208 -142.422 -143.137 -0.35454 0.28317 9 74
215 283 11 0.5932 0.6052 -139.601 -141.398 -0.36054 0.27117 9 74
215 268 12 0.6326 0.6405 -138.351 -138.323 -0.40854 0.27717 9 74
215 243 13 0.6524 0.6362 -141.428 -142.784 -0.36654 0.28917 9 74
215 279 14 0.6301 0.6286 -147.355 -146.248 -0.33054 0.29517 9 74
215 241 15 0.6235 0.6207 -148.354 -147.743 -0.31254 0.29517 9 74
215 252 16 0.5406 0.5485 -146.468 -146.97 -0.28254 0.25917 9 74
215 265 17 0.584 0.5622 -137.165 -135.626 -0.37854 0.23517 9 74
215 269 18 0.5851 0.5872 -144.801 -144.415 -0.32454 0.27117 9 74
215 252 19 0.5588 0.5719 -144.236 -144.842 -0.31254 0.26517 9 74
215 278 20 0.6257 0.6286 -147.187 -146.248 -0.33054 0.29517 9 74
215 238 21 0.6074 0.6352 -135.407 -137.213 -0.41454 0.27117 9 74
215 238 22 0.5318 0.5442 -144.192 -145.203 -0.29454 0.25317 9 74
215 265 23 0.6239 0.6207 -139.986 -141.079 -0.37254 0.27717 9 74
215 272 24 0.6482 0.6545 -135.529 -136.581 -0.43254 0.27717 9 74
215 349 25 0.6429 0.6397 -144.605 -144.313 -0.35454 0.29517 9 74
215 297 26 0.6418 0.641 -147.359 -146.305 -0.33654 0.30117 9 74
215 290 27 0.5806 0.599 -141.924 -142.383 -0.34854 0.27117 9 74
215 242 28 0.5544 0.5634 -149.132 -149.28 -0.27054 0.27117 9 74
215 265 29 0.5603 0.5742 -141.484 -142.087 -0.33654 0.25917 9 74
215 268 30 0.6432 0.6509 -135.253 -137.009 -0.42654 0.27717 9 74
215 261 31 0.5603 0.5636 -145.986 -146.468 -0.29454 0.26517 9 74
215 250 32 0.6007 0.5932 -148.37 -148.208 -0.29454 0.28317 9 74
215 238 33 0.6294 0.6271 -139.554 -140.141 -0.38454 0.27717 9 74
215 261 34 0.5526 0.5558 -140.735 -140.698 -0.33654 0.24717 9 74
215 275 35 0.5649 0.5623 -139.928 -139.656 -0.34854 0.24717 9 74
215 285 36 0.5759 0.5897 -140.761 -141.733 -0.34854 0.26517 9 74
215 308 37 0.5612 0.5465 -136.877 -135.823 -0.36654 0.22917 9 74
215 326 38 0.5465 0.538 -136.011 -135.002 -0.36654 0.22317 9 74
215 278 39 0.5907 0.6052 -139.391 -141.398 -0.36054 0.27117 9 74
215 304 40 0.5658 0.5501 -136.151 -135.321 -0.37254 0.22917 9 74
215 332 41 0.6153 0.6238 -141.85 -142.656 -0.36054 0.28317 9 74
215 270 42 0.5568 0.5591 -140.198 -140.174 -0.34254 0.24717 9 74
215 258 43 0.5566 0.5636 -145.682 -146.468 -0.29454 0.26517 9 74
215 254 44 0.5431 0.5485 -146.874 -146.97 -0.28254 0.25917 9 74
215 240 45 0.5532 0.561 -149.638 -149.845 -0.26454 0.27117 9 74
215 345 46 0.6431 0.6397 -144.024 -144.313 -0.35454 0.29517 9 74
215 269 47 0.5587 0.5591 -140.218 -140.174 -0.34254 0.24717 9 74
215 285 48 0.5744 0.5538 -136.321 -134.825 -0.37854 0.22917 9 74
215 256 49 0.5542 0.5619 -141.621 -141.929 -0.33054 0.25317 9 74
258 361 0 0.6244 0.6341 -145.676 -145.272 -0.34254 0.29517 9 74
258 321 1 0.574 0.5866 -141.451 -142.238 -0.34254 0.26517 9 75
258 280 2 0.5303 0.5284 -148.553 -148.684 -0.25854 0.25317 9 74
258 377 3 0.6499 0.6465 -146.006 -145.348 -0.34854 0.30117 8 74
258 363 4 0.6525 0.6426 -143.592 -143.841 -0.36054 0.29517 9 74
258 279 5 0.6548 0.6531 -149.28 -148.786 -0.31854 0.31317 9 74
258 313 6 0.5661 0.5742 -141.479 -142.087 -0.33654 0.25917 9 75
258 347 7 0.5571 0.5465 -137.252 -135.823 -0.36654 0.22917 9 75
258 274 8 0.5992 0.5951 -136.987 -136.936 -0.39054 0.25317 9 75
258 297 9 0.5517 0.565 -141.144 -141.404 -0.33654 0.25317 9 74
258 300 10 0.5599 0.5712 -142.345 -142.607 -0.33054 0.25917 9 74
258 293 11 0.5363 0.5387 -146.079 -146.34 -0.28254 0.25317 9 74
258 339 12 0.6124 0.6176 -140.465 -141.555 -0.36654 0.27717 9 74
258 378 13 0.6087 0.6178 -143.011 -143.624 -0.34854 0.28317 8 74
258 266 14 0.6028 0.6108 -135.998 -136.726 -0.40254 0.25917 9 74
258 264 15 0.6032 0.6266 -135.064 -136.527 -0.41454 0.26517 9 74
258 328 16 0.584 0.5929 -140.245 -141.234 -0.35454 0.26517 9 75
258 325 17 0.6344 0.6268 -141.189 -142.179 -0.36654 0.28317 9 74
258 280 18 0.5473 0.5509 -149.249 -149.281 -0.26454 0.26517 9 74
258 310 19 0.6012 0.6064 -146.072 -145.615 -0.32454 0.28317 9 74
258 373 20 0.6154 0.6273 -144.342 -144.216 -0.34854 0.28917 8 74
258 273 21 0.6347 0.6306 -148.991 -148.269 -0.31254 0.30117 9 74
258 304 22 0.5839 0.5859 -147.274 -147.114 -0.30054 0.27717 9 74
258 388 23 0.6231 0.6302 -143.691 -143.734 -0.35454 0.28917 8 74
258 300 24 0.5903 0.5833 -148.166 -147.648 -0.29454 0.27717 9 74
258 300 25 0.5525 0.565 -141.07 -141.404 -0.33654 0.25317 9 74
258 344 26 0.6411 0.641 -147.083 -146.305 -0.33654 0.30117 9 74
258 278 27 0.536 0.547 -143.816 -144.642 -0.30054 0.25317 9 74
258 350 28 0.6329 0.6313 -146.507 -145.758 -0.33654 0.29517 8 74
258 319 29 0.573 0.5836 -142.329 -142.748 -0.33654 0.26517 9 74
258 294 30 0.615 0.6148 -139.154 -139.958 -0.37854 0.27117 9 75
258 283 31 0.6332 0.6332 -148.543 -147.772 -0.31854 0.30117 9 74
258 391 32 0.6295 0.6302 -143.931 -143.734 -0.35454 0.28917 9 74
258 312 33 0.612 0.6161 -146.601 -146.187 -0.32454 0.28917 9 74
258 308 34 0.5887 0.594 -145.535 -145.54 -0.31854 0.27717 9 74
258 316 35 0.5411 0.5445 -138.899 -138.157 -0.34854 0.23517 9 74
258 286 36 0.5341 0.5334 -148.013 -147.501 -0.27054 0.25317 9 74
258 278 37 0.5363 0.536 -149.392 -149.874 -0.25254 0.25917 9 74
258 284 38 0.5497 0.5623 -143.367 -144.202 -0.31254 0.25917 9 74
258 291 39 0.5326 0.536 -146.594 -146.918 -0.27654 0.25317 9 74
258 353 40 0.5928 0.6084 -142.42 -143.013 -0.34854 0.27717 9 74
258 337 41 0.6263 0.6268 -141.008 -142.179 -0.36654 0.28317 9 74
258 346 42 0.5924 0.6021 -141.027 -141.888 -0.35454 0.27117 8 74
258 257 43 0.6331 0.6257 -149.71 -149.274 -0.30054 0.30117 9 74
258 354 44 0.5566 0.5465 -136.85 -135.823 -0.36654 0.22917 9 74
258 365 45 0.5392 0.5343 -136.063 -135.513 -0.36054 0.22317 9 74
258 293 46 0.5478 0.5566 -144.835 -145.292 -0.30054 0.25917 9 74
258 314 47 0.5734 0.5836 -142.776 -142.748 -0.33654 0.26517 9 74
258 292 48 0.5659 0.5658 -148.732 -148.72 -0.27654 0.27117 9 74
258 384 49 0.6234 0.6273 -144.537 -144.216 -0.34854 0.28917 8 74
301 353 0 0.6337 0.6357 -147.613 -147.279 -0.32454 0.30117 9 74
301 350 1 0.5977 0.6025 -139.097 -139.767 -0.37254 0.26517 8 75
301 370 2 0.5965 0.5996 -144.64 -144.514 -0.33054 0.27717 9 75
301 388 3 0.5634 0.5501 -135.941 -135.321 -0.37254 0.22917 8 75
301 425 4 0.6401 0.6369 -145.445 -144.791 -0.34854 0.29517 8 74
301 420 5 0.6445 0.6397 -143.832 -144.313 -0.35454 0.29517 8 74
301 423 6 0.6157 0.6273 -143.888 -144.216 -0.34854 0.28917 8 74
301 432 7 0.6276 0.6273 -144.025 -144.216 -0.34854 0.28917 8 74
301 346 8 0.5764 0.5708 -147.806 -147.613 -0.28854 0.27117 9 75
301 310 9 0.5343 0.5495 -140.95 -141.764 -0.32454 0.24717 9 75
301 346 10 0.5871 0.5912 -146.02 -146.06 -0.31254 0.27717 9 75
301 342 11 0.5846 0.5794 -137.508 -137.157 -0.37854 0.24717 8 75
301 347 12 0.5918 0.5912 -146.039 -146.06 -0.31254 0.27717 9 75
301 335 13 0.5417 0.5414 -145.686 -145.768 -0.28854 0.25317 9 75
301 381 14 0.6108 0.6216 -145.472 -145.193 -0.33654 0.28917 9 75
301 325 15 0.6122 0.6266 -135.849 -136.527 -0.41454 0.26517 8 74
301 319 16 0.5885 0.578 -135.711 -135.44 -0.39054 0.24117 8 75
301 428 17 0.6151 0.6208 -142.893 -143.137 -0.35454 0.28317 8 74
301 414 18 0.6182 0.6238 -141.838 -142.656 -0.36054 0.28317 8 74
301 326 19 0.532 0.5414 -144.994 -145.768 -0.28854 0.25317 9 75
301 341 20 0.6428 0.6545 -135.063 -136.581 -0.43254 0.27717 9 74
301 430 21 0.6376 0.6302 -143.802 -143.734 -0.35454 0.28917 8 74
301 299 22 0.5313 0.5464 -141.823 -142.306 -0.31854 0.24717 9 75
301 314 23 0.6421 0.6406 -149.304 -148.778 -0.31254 0.30717 9 74
301 354 24 0.6082 0.6116 -139.551 -140.433 -0.37254 0.27117 8 75
301 387 25 0.5955 0.6021 -140.995 -141.888 -0.35454 0.27117 8 75
301 345 26 0.5884 0.5833 -147.782 -147.648 -0.29454 0.27717 9 75
301 346 27 0.5875 0.5885 -146.741 -146.584 -0.30654 0.27717 9 75
301 386 28 0.5625 0.5465 -136.7 -135.823 -0.36654 0.22917 9 75
301 376 29 0.6252 0.6268 -140.981 -142.179 -0.36654 0.28317 8 75
301 348 30 0.5752 0.5776 -144.015 -143.784 -0.32454 0.26517 9 75
301 360 31 0.642 0.6509 -135.638 -137.009 -0.42654 0.27717 9 74
301 329 32 0.6145 0.6266 -135.565 -136.527 -0.41454 0.26517 8 74
301 345 33 0.5859 0.5885 -146.613 -146.584 -0.30654 0.27717 9 75
301 417 34 0.6336 0.6332 -142.672 -143.257 -0.36054 0.28917 8 74
301 326 35 0.5839 0.5696 -135.349 -134.659 -0.39054 0.23517 9 75
301 340 36 0.5549 0.5539 -145.599 -145.846 -0.29454 0.25917 9 75
301 390 37 0.5983 0.6145 -141.107 -142.036 -0.36054 0.27717 8 75
301 335 38 0.5347 0.536 -146.87 -146.918 -0.27654 0.25317 9 75
301 331 39 0.5411 0.5442 -145.099 -145.203 -0.29454 0.25317 9 74
301 357 40 0.5775 0.5779 -138.925 -139.361 -0.36054 0.25317 9 75
301 353 41 0.5796 0.5672 -137.553 -136.894 -0.37254 0.24117 8 75
301 390 42 0.6307 0.6313 -146.418 -145.758 -0.33654 0.29517 8 74
301 376 43 0.6491 0.641 -147.486 -146.305 -0.33654 0.30117 8 74
301 330 44 0.5688 0.5734 -149.567 -149.831 -0.27054 0.27717 9 75
301 347 45 0.6247 0.6259 -147.436 -146.742 -0.32454 0.29517 9 74
301 397 46 0.5953 0.6084 -142.264 -143.013 -0.34854 0.27717 8 75
301 323 47 0.5442 0.5409 -148.963 -148.696 -0.26454 0.25917 9 75
301 347 48 0.6122 0.6116 -139.509 -140.433 -0.37254 0.27117 8 75
301 348 49 0.6455 0.6494 -139.241 -138.97 -0.40854 0.28317 8 74
344 376 0 0.5847 0.5744 -136.234 -135.919 -0.38454 0.24117 8 75
344 392 1 0.57 0.5712 -142.648 -142.607 -0.33054 0.25917 9 75
344 388 2 0.5613 0.5663 -145.91 -145.92 -0.30054 0.26517 9 75
344 395 3 0.632 0.6423 -135.77 -136.337 -0.42654 0.27117 8 74
344 377 4 0.6421 0.6299 -141.217 -141.706 -0.37254 0.28317 8 75
344 421 5 0.593 0.6025 -143.608 -144.009 -0.33654 0.27717 9 75
344 349 6 0.5296 0.5375 -143.267 -143.969 -0.30054 0.24717 9 75
344 355 7 0.6403 0.6406 -149.256 -148.778 -0.31254 0.30717 9 75
344 426 8 0.6518 0.6596 -136.864 -137.663 -0.42654 0.28317 8 74
344 409 9 0.5661 0.5602 -138.195 -137.894 -0.36054 0.24117 8 75
344 383 10 0.5486 0.5558 -140.709 -140.698 -0.33654 0.24717 9 75
344 377 11 0.5971 0.5932 -148.185 -148.208 -0.29454 0.28317 9 75
344 363 12 0.6154 0.616 -137.731 -137.884 -0.39654 0.26517 8 75
344 335 13 0.5999 0.6059 -134.946 -135.548 -0.40854 0.25317 8 75
344 407 14 0.5503 0.5534 -139.065 -138.918 -0.34854 0.24117 9 75
344 387 15 0.5873 0.5847 -138.559 -138.374 -0.37254 0.25317 8 75
344 381 16 0.6303 0.6423 -134.94 -136.337 -0.42654 0.27117 8 74
344 378 17 0.6128 0.6108 -147.435 -147.2 -0.31254 0.28917 9 75
344 384 18 0.5747 0.5708 -148.178 -147.613 -0.28854 0.27117 9 75
344 411 19 0.6238 0.6207 -140.85 -141.079 -0.37254 0.27717 8 75
344 385 20 0.6172 0.6134 -147.17 -146.691 -0.31854 0.28917 9 75
344 398 21 0.5671 0.5774 -141.191 -141.572 -0.34254 0.25917 9 75
344 403 22 0.5703 0.569 -138.788 -138.638 -0.36054 0.24717 9 75
344 404 23 0.6315 0.6439 -137.246 -137.88 -0.41454 0.27717 8 74
344 375 24 0.6175 0.623 -136.683 -136.974 -0.40854 0.26517 8 75
344 374 25 0.6172 0.6181 -139.154 -139.488 -0.38454 0.27117 8 75
344 348 26 0.5349 0.5495 -141.464 -141.764 -0.32454 0.24717 9 75
344 350 27 0.6545 0.6423 -141.622 -141.852 -0.37854 0.28917 9 74
344 362 28 0.6106 0.623 -136.087 -136.974 -0.40854 0.26517 8 75
344 426 29 0.6495 0.6596 -137.233 -137.663 -0.42654 0.28317 9 74
344 394 30 0.633 0.6405 -138.176 -138.323 -0.40854 0.27717 8 75
344 389 31 0.5506 0.5558 -140.503 -140.698 -0.33654 0.24717 9 75
344 424 32 0.6464 0.6474 -137.173 -137.442 -0.42054 0.27717 8 74
344 356 33 0.6305 0.6306 -148.807 -148.269 -0.31254 0.30117 9 75
344 474 34 0.64 0.6397 -144.624 -144.313 -0.35454 0.29517 8 74
344 401 35 0.5706 0.5774 -141.515 -141.572 -0.34254 0.25917 9 75
344 345 36 0.5337 0.5434 -142.542 -142.854 -0.31254 0.24717 9 75
344 474 37 0.6272 0.6273 -144.409 -144.216 -0.34854 0.28917 8 75
344 374 38 0.5783 0.5758 -149.458 -149.279 -0.27654 0.27717 9 75
344 409 39 0.6225 0.6207 -140.655 -141.079 -0.37254 0.27717 8 75
344 390 40 0.629 0.6423 -135.45 -136.337 -0.42654 0.27117 8 74
344 396 41 0.5741 0.5806 -143.227 -143.264 -0.33054 0.26517 9 75
344 381 42 0.5486 0.5558 -140.827 -140.698 -0.33654 0.24717 9 75
344 389 43 0.6504 0.6482 -148.258 -147.316 -0.33054 0.30717 8 75
344 448 44 0.5378 0.5343 -136.067 -135.513 -0.36054 0.22317 9 75
344 355 45 0.5366 0.547 -143.546 -144.642 -0.30054 0.25317 9 75
344 459 46 0.6454 0.6426 -143.608 -143.841 -0.36054 0.29517 8 74
344 382 47 0.5877 0.5833 -148.252 -147.648 -0.29454 0.27717 9 75
344 346 48 0.532 0.5404 -142.811 -143.409 -0.30654 0.24717 9 75
344 440 49 0.6237 0.6268 -141.541 -142.179 -0.36654 0.28317 8 75
387 412 0 0.5369 0.5414 -145.103 -145.768 -0.28854 0.25317 9 75
387 464 1 0.6039 0.6084 -140.585 -140.913 -0.36654 0.27117 8 75
387 408 2 0.5392 0.5409 -148.496 -148.696 -0.26454 0.25917 9 75
387 408 3 0.5409 0.5526 -140.807 -141.228 -0.33054 0.24717 9 75
387 414 4 0.6323 0.6371 -139.013 -138.77 -0.40254 0.27717 8 75
387 416 5 0.6317 0.6239 -140.366 -140.608 -0.37854 0.27717 8 75
387 406 6 0.535 0.5309 -148.544 -148.09 -0.26454 0.25317 9 75
387 386 7 0.531 0.5403 -140.842 -141.044 -0.32454 0.24117 9 75
387 421 8 0.5556 0.5594 -144.603 -144.744 -0.30654 0.25917 9 75
387 499 9 0.6163 0.6238 -141.945 -142.656 -0.36054 0.28317 8 75
387 405 10 0.6542 0.6494 -140.22 -138.97 -0.40854 0.28317 8 75
387 481 11 0.555 0.5465 -136.49 -135.823 -0.36654 0.22917 8 75
387 426 12 0.5723 0.5683 -148.297 -148.164 -0.28254 0.27117 9 75
387 472 13 0.5395 0.5393 -137.127 -136.847 -0.35454 0.22917 9 75
387 430 14 0.564 0.5712 -142.151 -142.607 -0.33054 0.25917 9 75
387 441 15 0.5796 0.59 -143.538 -143.899 -0.33054 0.27117 9 75
387 491 16 0.6082 0.6149 -143.842 -144.115 -0.34254 0.28317 8 75
387 379 17 0.5297 0.5434 -142.308 -142.854 -0.31254 0.24717 9 75
387 380 18 0.6369 0.6358 -149.84 -149.771 -0.30054 0.30717 9 75
387 436 19 0.6005 0.6025 -139.32 -139.767 -0.37254 0.26517 8 75
387 451 20 0.653 0.6482 -147.741 -147.316 -0.33054 0.30717 8 75
387 514 21 0.6344 0.6397 -144.208 -144.313 -0.35454 0.29517 8 75
387 404 22 0.6427 0.646 -139.791 -139.414 -0.40254 0.28317 8 75
387 465 23 0.6428 0.6474 -137.062 -137.442 -0.42054 0.27717 8 74
387 442 24 0.571 0.5805 -140.796 -141.063 -0.34854 0.25917 8 76
387 430 25 0.5687 0.5734 -147.174 -147.068 -0.29454 0.27117 9 75
387 415 26 0.6341 0.6423 -134.889 -136.337 -0.42654 0.27117 8 74
387 396 27 0.5956 0.5951 -136.496 -136.936 -0.39054 0.25317 8 75
387 430 28 0.5972 0.6025 -138.92 -139.767 -0.37254 0.26517 8 76
387 484 29 0.6432 0.6437 -146.532 -145.825 -0.34254 0.30117 8 75
387 505 30 0.6104 0.6178 -143.197 -143.624 -0.34854 0.28317 8 75
387 405 31 0.6441 0.646 -139.852 -139.414 -0.40254 0.28317 8 75
387 408 32 0.6275 0.6207 -148.249 -147.743 -0.31254 0.29517 9 75
387 411 33 0.5996 0.6003 -138.027 -138.123 -0.38454 0.25917 8 75
387 417 34 0.5795 0.5758 -149.463 -149.279 -0.27654 0.27717 9 75
387 442 35 0.5785 0.5779 -139.333 -139.361 -0.36054 0.25317 8 76
387 412 36 0.6296 0.6332 -148.188 -147.772 -0.31854 0.30117 9 75
387 409 37 0.5491 0.5558 -142.717 -142.997 -0.31854 0.25317 9 75
387 503 38 0.6312 0.6341 -145.525 -145.272 -0.34254 0.29517 8 75
387 470 39 0.5617 0.5501 -136.435 -135.321 -0.37254 0.22917 8 75
387 418 40 0.6433 0.6431 -148.447 -148.287 -0.31854 0.30717 9 75
387 420 41 0.6185 0.6352 -136.377 -137.213 -0.41454 0.27117 8 75
387 444 42 0.5983 0.5967 -145.207 -145.025 -0.32454 0.27717 8 75
387 507 43 0.6193 0.6178 -143.48 -143.624 -0.34854 0.28317 8 75
387 410 44 0.551 0.5623 -143.577 -144.202 -0.31254 0.25917 9 75
387 471 45 0.5984 0.6052 -140.953 -141.398 -0.36054 0.27117 8 75
387 430 46 0.5599 0.565 -141.533 -141.404 -0.33654 0.25317 9 75
387 507 47 0.6242 0.6273 -144.594 -144.216 -0.34854 0.28917 8 75
387 419 48 0.565 0.5658 -148.518 -148.72 -0.27654 0.27117 9 75
387 506 49 0.6334 0.6341 -145.233 -145.272 -0.34254 0.29517 8 75
429 444 0 0.5952 0.5951 -136.895 -136.936 -0.39054 0.25317 8 76
429 470 1 0.6213 0.6239 -140.048 -140.608 -0.37854 0.27717 8 76
429 461 2 0.5378 0.5387 -146.12 -146.34 -0.28254 0.25317 9 75
429 491 3 0.6401 0.6299 -141.873 -141.706 -0.37254 0.28317 8 75
429 484 4 0.5718 0.5637 -138.179 -137.391 -0.36654 0.24117 8 76
429 513 5 0.6011 0.6052 -140.804 -141.398 -0.36054 0.27117 8 76
429 476 6 0.5966 0.6025 -139.217 -139.767 -0.37254 0.26517 8 76
429 526 7 0.5296 0.5343 -135.755 -135.513 -0.36054 0.22317 8 75
429 466 8 0.564 0.5708 -147.685 -147.613 -0.28854 0.27117 9 76
429 510 9 0.6496 0.6456 -143.036 -143.372 -0.36654 0.29517 8 75
429 456 10 0.5541 0.5533 -148.783 -148.708 -0.27054 0.26517 9 76
429 465 11 0.6447 0.6494 -139.382 -138.97 -0.40854 0.28317 8 75
429 469 12 0.5702 0.5683 -148.335 -148.164 -0.28254 0.27117 9 75
429 442 13 0.6443 0.6362 -141.011 -140.776 -0.38454 0.28317 8 75
429 532 14 0.626 0.6238 -142.062 -142.656 -0.36054 0.28317 8 75
429 507 15 0.646 0.6474 -137.13 -137.442 -0.42054 0.27717 8 74
429 456 16 0.5432 0.5433 -148.144 -148.116 -0.27054 0.25917 9 75
429 485 17 0.6144 0.6116 -140.151 -140.433 -0.37254 0.27117 8 76
429 455 18 0.6046 0.5958 -148.325 -147.681 -0.30054 0.28317 9 76
429 445 19 0.5438 0.5528 -143.131 -143.539 -0.31254 0.25317 9 76
429 503 20 0.5863 0.5897 -141.449 -141.733 -0.34854 0.26517 8 76
429 472 21 0.5785 0.5708 -136.446 -136.403 -0.37854 0.24117 8 76
429 462 22 0.5575 0.5594 -144.872 -144.744 -0.30654 0.25917 9 76
429 468 23 0.607 0.6058 -139.261 -139.288 -0.37854 0.26517 8 76
429 461 24 0.5532 0.5558 -148.207 -148.14 -0.27654 0.26517 9 75
429 491 25 0.6527 0.6482 -147.832 -147.316 -0.33054 0.30717 8 75
429 450 26 0.5888 0.5829 -136.528 -136.675 -0.38454 0.24717 8 76
429 469 27 0.593 0.5859 -147.306 -147.114 -0.30054 0.27717 9 76
429 521 28 0.6141 0.6216 -144.958 -145.193 -0.33654 0.28917 8 75
429 477 29 0.5966 0.594 -145.631 -145.54 -0.31854 0.27717 8 76
429 448 30 0.6457 0.646 -139.905 -139.414 -0.40254 0.28317 8 75
429 491 31 0.6372 0.6474 -136.339 -137.442 -0.42054 0.27717 8 75
429 497 32 0.5616 0.5602 -138.162 -137.894 -0.36054 0.24117 8 76
429 511 33 0.5525 0.5515 -137.459 -137.125 -0.36054 0.23517 8 76
429 473 34 0.5571 0.5591 -140.684 -140.174 -0.34254 0.24717 9 76
429 518 35 0.6072 0.612 -144.418 -144.61 -0.33654 0.28317 8 75
429 435 36 0.6418 0.6427 -140.165 -139.864 -0.39654 0.28317 8 75
429 483 37 0.5956 0.5993 -139.465 -140.25 -0.36654 0.26517 8 76
429 552 38 0.6235 0.6273 -144.488 -144.216 -0.34854 0.28917 8 75
429 428 39 0.6438 0.6483 -149.844 -149.761 -0.30654 0.31317 9 75
429 519 40 0.6021 0.6149 -143.822 -144.115 -0.34254 0.28317 8 76
429 449 41 0.6461 0.6331 -141.421 -141.239 -0.37854 0.28317 8 75
429 523 42 0.6337 0.6268 -142.24 -142.179 -0.36654 0.28317 8 75
429 512 43 0.5615 0.5538 -135.084 -134.825 -0.37854 0.22917 8 75
429 547 44 0.6347 0.6341 -145.645 -145.272 -0.34254 0.29517 8 75
429 500 45 0.6317 0.6286 -146.777 -146.248 -0.33054 0.29517 8 75
429 503 46 0.6501 0.6508 -147.374 -146.837 -0.33654 0.30717 8 75
429 429 47 0.6057 0.6144 -135.383 -136.271 -0.40854 0.25917 8 75
429 480 48 0.5579 0.5591 -140.478 -140.174 -0.34254 0.24717 9 76
429 508 49 0.6052 0.6052 -140.77 -141.398 -0.36054 0.27117 8 76
472 509 0 0.546 0.5512 -146.027 -146.405 -0.28854 0.25917 9 76
472 546 1 0.55 0.548 -138.123 -137.637 -0.35454 0.23517 8 76
472 498 2 0.5322 0.5334 -147.685 -147.501 -0.27054 0.25317 9 76
472 529 3 0.569 0.5575 -135.032 -134.337 -0.38454 0.22917 8 76
472 514 4 0.5748 0.5788 -145.545 -145.991 -0.30654 0.27117 9 76
472 529 5 0.5771 0.5837 -140.299 -140.559 -0.35454 0.25917 8 76
472 514 6 0.59 0.5912 -146.002 -146.06 -0.31254 0.27717 8 76
472 591 7 0.6369 0.6332 -143.545 -143.257 -0.36054 0.28917 8 75
472 515 8 0.6514 0.6392 -142.304 -142.316 -0.37254 0.28917 8 75
472 522 9 0.5723 0.5659 -135.573 -135.139 -0.38454 0.23517 8 76
472 542 10 0.5535 0.548 -138.349 -137.637 -0.35454 0.23517 8 76
472 525 11 0.5691 0.5714 -140.007 -140.37 -0.34854 0.25317 8 76
472 511 12 0.6439 0.6456 -148.201 -147.8 -0.32454 0.30717 8 76
472 492 13 0.5376 0.5442 -144.447 -145.203 -0.29454 0.25317 9 76
472 512 14 0.5764 0.5815 -144.992 -145.461 -0.31254 0.27117 9 76
472 517 15 0.5919 0.594 -145.724 -145.54 -0.31854 0.27717 8 76
472 535 16 0.6552 0.6527 -139.082 -138.53 -0.41454 0.28317 8 75
472 480 17 0.6183 0.6157 -149.072 -148.76 -0.30054 0.29517 9 76
472 490 18 0.6057 0.6057 -148.587 -148.229 -0.30054 0.28917 9 76
472 485 19 0.6241 0.6182 -148.512 -148.249 -0.30654 0.29517 9 76
472 535 20 0.5902 0.6025 -143.776 -144.009 -0.33654 0.27717 8 76
472 505 21 0.5517 0.5558 -141.079 -140.698 -0.33654 0.24717 9 76
472 522 22 0.5762 0.5806 -143.41 -143.264 -0.33054 0.26517 8 76
472 517 23 0.6309 0.6405 -137.906 -138.323 -0.40854 0.27717 8 75
472 493 24 0.5526 0.5509 -149.458 -149.281 -0.26454 0.26517 9 76
472 527 25 0.5922 0.5993 -139.615 -140.25 -0.36654 0.26517 8 76
472 583 26 0.65 0.6426 -143.937 -143.841 -0.36054 0.29517 8 75
472 564 27 0.5408 0.5429 -136.578 -136.332 -0.36054 0.22917 8 76
472 506 28 0.6205 0.6266 -136.043 -136.527 -0.41454 0.26517 8 75
472 525 29 0.571 0.5746 -139.967 -139.863 -0.35454 0.25317 8 76
472 519 30 0.6429 0.6405 -138.878 -138.323 -0.40854 0.27717 8 75
472 469 31 0.533 0.5434 -142.185 -142.854 -0.31254 0.24717 9 76
472 602 32 0.6252 0.6273 -144.016 -144.216 -0.34854 0.28917 8 75
472 502 33 0.5352 0.5387 -146.278 -146.34 -0.28254 0.25317 9 76
472 495 34 0.6008 0.6003 -138.121 -138.123 -0.38454 0.25917 8 76
472 503 35 0.5478 0.5459 -147.423 -147.54 -0.27654 0.25917 9 76
472 503 36 0.5482 0.5539 -145.178 -145.846 -0.29454 0.25917 9 76
472 506 37 0.5464 0.5512 -146.496 -146.405 -0.28854 0.25917 9 76
472 524 38 0.5725 0.5742 -141.819 -142.087 -0.33654 0.25917 8 76
472 506 39 0.5446 0.5485 -146.522 -146.97 -0.28254 0.25917 9 76
472 574 40 0.603 0.6114 -141.852 -142.522 -0.35454 0.27717 8 76
472 509 41 0.5601 0.5584 -147.835 -147.578 -0.28254 0.26517 9 76
472 525 42 0.5806 0.5806 -143.331 -143.264 -0.33054 0.26517 8 76
472 510 43 0.5648 0.5708 -147.653 -147.613 -0.28854 0.27117 9 76
472 478 44 0.6082 0.6144 -135.74 -136.271 -0.40854 0.25917 8 76
472 502 45 0.6015 0.5958 -147.828 -147.681 -0.30054 0.28317 9 76
472 497 46 0.6196 0.6301 -135.141 -136.084 -0.42054 0.26517 8 75
472 511 47 0.585 0.5833 -148.078 -147.648 -0.29454 0.27717 9 76
472 557 48 0.6132 0.6216 -145.144 -145.193 -0.33654 0.28917 8 76
472 561 49 0.6079 0.612 -144.408 -144.61 -0.33654 0.28317 8 76
515 547 0 0.5928 0.5833 -147.925 -147.648 -0.29454 0.27717 9 76
515 571 1 0.5708 0.5622 -136.301 -135.626 -0.37854 0.23517 8 76
515 568 2 0.5748 0.5836 -142.57 -142.748 -0.33654 0.26517 8 76
515 558 3 0.5672 0.5712 -142.553 -142.607 -0.33054 0.25917 8 76
515 560 4 0.627 0.6387 -136.252 -136.773 -0.42054 0.27117 8 76
515 520 5 0.607 0.6108 -136.32 -136.726 -0.40254 0.25917 8 76
515 560 6 0.5812 0.5843 -144.743 -144.935 -0.31854 0.27117 9 76
515 563 7 0.5374 0.5445 -138.359 -138.157 -0.34854 0.23517 9 76
515 545 8 0.6257 0.6301 -135.366 -136.084 -0.42054 0.26517 8 75
515 546 9 0.5546 0.5594 -144.674 -144.744 -0.30654 0.25917 9 76
515 562 10 0.5909 0.594 -145.471 -145.54 -0.31854 0.27717 8 76
515 518 11 0.5333 0.5435 -140.461 -140.503 -0.33054 0.24117 9 76
515 539 12 0.5515 0.5619 -141.787 -141.929 -0.33054 0.25317 9 76
515 565 13 0.5682 0.5682 -140.633 -140.884 -0.34254 0.25317 8 77
515 577 14 0.58 0.5805 -140.96 -141.063 -0.34854 0.25917 8 77
515 535 15 0.5383 0.5435 -140.118 -140.503 -0.33054 0.24117 9 76
515 590 16 0.6161 0.6216 -145.596 -145.193 -0.33654 0.28917 8 76
515 525 17 0.6021 0.6038 -137.238 -137.652 -0.39054 0.25917 8 77
515 599 18 0.6535 0.6562 -138.119 -138.094 -0.42054 0.28317 8 75
515 555 19 0.558 0.561 -146.615 -147.02 -0.28854 0.26517 9 76
515 530 20 0.5418 0.5495 -141.498 -141.764 -0.32454 0.24717 9 76
515 549 21 0.5545 0.5566 -145.412 -145.292 -0.30054 0.25917 9 76
515 569 22 0.5801 0.5806 -143.312 -143.264 -0.33054 0.26517 8 76
515 571 23 0.576 0.5774 -141.787 -141.572 -0.34254 0.25917 8 77
515 534 24 0.5437 0.547 -144.135 -144.642 -0.30054 0.25317 9 76
515 551 25 0.5546 0.5566 -145.106 -145.292 -0.30054 0.25917 9 76
515 544 26 0.5934 0.5907 -148.985 -148.741 -0.28854 0.28317 9 76
515 567 27 0.5668 0.5682 -140.848 -140.884 -0.34254 0.25317 8 77
515 541 28 0.5454 0.5526 -141.087 -141.228 -0.33054 0.24717 9 76
515 569 29 0.574 0.5774 -141.755 -141.572 -0.34254 0.25917 8 77
515 526 30 0.6496 0.6495 -135.027 -135.481 -0.43854 0.27117 8 75
515 555 31 0.6004 0.6025 -139.109 -139.767 -0.37254 0.26517 8 77
515 582 32 0.5819 0.5866 -141.988 -142.238 -0.34254 0.26517 8 77
515 529 33 0.6267 0.6207 -148.37 -147.743 -0.31254 0.29517 8 76
515 609 34 0.6294 0.6313 -146.017 -145.758 -0.33654 0.29517 8 76
515 633 35 0.6203 0.6208 -142.698 -143.137 -0.35454 0.28317 8 76
515 600 36 0.6406 0.6362 -142.428 -142.784 -0.36654 0.28917 8 76
515 580 37 0.5958 0.5996 -144.351 -144.514 -0.33054 0.27717 8 76
515 540 38 0.538 0.5334 -147.902 -147.501 -0.27054 0.25317 9 76
515 558 39 0.5616 0.565 -141.564 -141.404 -0.33654 0.25317 9 76
515 596 40 0.6365 0.641 -146.657 -146.305 -0.33654 0.30117 8 76
515 595 41 0.6024 0.6025 -144.178 -144.009 -0.33654 0.27717 8 76
515 554 42 0.5593 0.5584 -147.518 -147.578 -0.28254 0.26517 9 76
515 588 43 0.6442 0.6509 -136.559 -137.009 -0.42654 0.27717 8 75
515 625 44 0.6519 0.6465 -146.003 -145.348 -0.34854 0.30117 8 75
515 529 45 0.5326 0.5284 -149.07 -148.684 -0.25854 0.25317 9 76
515 560 46 0.5739 0.5776 -143.784 -143.784 -0.32454 0.26517 8 76
515 542 47 0.5391 0.5414 -145.427 -145.768 -0.28854 0.25317 9 76
515 541 48 0.601 0.5932 -148.577 -148.208 -0.29454 0.28317 9 76
515 526 49 0.606 0.5984 -149.848 -149.806 -0.28254 0.28917 9 76
558 605 0 0.5947 0.5993 -139.437 -140.25 -0.36654 0.26517 8 77
558 658 1 0.6159 0.6145 -141.687 -142.036 -0.36054 0.27717 8 76
558 627 2 0.651 0.6508 -147.42 -146.837 -0.33654 0.30717 8 76
558 567 3 0.534 0.5346 -144.098 -144.536 -0.29454 0.24717 9 76
558 599 4 0.547 0.55 -139.894 -139.44 -0.34254 0.24117 9 77
558 650 5 0.6109 0.6145 -141.332 -142.036 -0.36054 0.27717 8 77
558 600 6 0.5735 0.5788 -145.746 -145.991 -0.30654 0.27117 9 77
558 633 7 0.5962 0.6025 -143.607 -144.009 -0.33654 0.27717 8 77
558 595 8 0.6437 0.6494 -139.108 -138.97 -0.40854 0.28317 8 76
558 552 9 0.6009 0.6023 -135.809 -136.005 -0.40254 0.25317 8 77
558 597 10 0.5689 0.5712 -142.941 -142.607 -0.33054 0.25917 8 77
558 619 11 0.5652 0.5637 -137.693 -137.391 -0.36654 0.24117 8 77
558 558 12 0.6269 0.6281 -149.053 -148.769 -0.30654 0.30117 8 77
558 673 13 0.6218 0.6244 -144.563 -144.702 -0.34254 0.28917 8 76
558 660 14 0.5339 0.5343 -135.591 -135.513 -0.36054 0.22317 8 76
558 655 15 0.6073 0.6149 -143.998 -144.115 -0.34254 0.28317 8 77
558 576 16 0.6054 0.6057 -148.515 -148.229 -0.30054 0.28917 8 77
558 641 17 0.5941 0.599 -142.315 -142.383 -0.34854 0.27117 8 77
558 675 18 0.6178 0.6208 -142.582 -143.137 -0.35454 0.28317 8 76
558 611 19 0.6157 0.6161 -146.446 -146.187 -0.32454 0.28917 8 77
558 657 20 0.6139 0.6145 -141.538 -142.036 -0.36054 0.27717 8 77
558 562 21 0.6423 0.6395 -140.271 -140.317 -0.39054 0.28317 8 76
558 622 22 0.5633 0.5602 -137.927 -137.894 -0.36054 0.24117 8 77
558 597 23 0.5429 0.55 -139.559 -139.44 -0.34254 0.24117 9 77
558 582 24 0.6107 0.6108 -147.597 -147.2 -0.31254 0.28917 8 77
558 682 25 0.6399 0.6369 -145.242 -144.791 -0.34854 0.29517 8 76
558 583 26 0.5758 0.5734 -149.739 -149.831 -0.27054 0.27717 9 77
558 601 27 0.5836 0.5833 -147.706 -147.648 -0.29454 0.27717 9 77
558 570 28 0.6037 0.6008 -149.607 -149.276 -0.28854 0.28917 9 76
558 570 29 0.6139 0.6057 -148.461 -148.229 -0.30054 0.28917 8 77
558 617 30 0.5967 0.5993 -140.241 -140.25 -0.36654 0.26517 8 77
558 563 31 0.6417 0.6406 -149.277 -148.778 -0.31254 0.30717 8 76
558 597 32 0.5432 0.5467 -139.993 -139.968 -0.33654 0.24117 9 77
558 617 33 0.6361 0.6474 -137.113 -137.442 -0.42054 0.27717 8 76
558 655 34 0.6311 0.6268 -142.338 -142.179 -0.36654 0.28317 8 76
558 579 35 0.6552 0.6531 -149.026 -148.786 -0.31854 0.31317 8 76
558 649 36 0.6155 0.6176 -141.291 -141.555 -0.36654 0.27717 8 77
558 585 37 0.5388 0.536 -146.829 -146.918 -0.27654 0.25317 9 76
558 610 38 0.6387 0.6405 -138.46 -138.323 -0.40854 0.27717 8 76
558 558 39 0.6407 0.6382 -149.594 -149.273 -0.30654 0.30717 8 76
558 624 40 0.5849 0.5866 -142.4 -142.238 -0.34254 0.26517 8 77
558 649 41 0.6169 0.6176 -141.28 -141.555 -0.36654 0.27717 8 77
558 675 42 0.652 0.6465 -145.419 -145.348 -0.34854 0.30117 8 76
558 587 43 0.5857 0.5881 -137.745 -137.889 -0.37854 0.25317 8 77
558 674 44 0.6185 0.6208 -142.567 -143.137 -0.35454 0.28317 8 76
558 603 45 0.573 0.5761 -146.223 -146.527 -0.30054 0.27117 9 77
558 590 46 0.5526 0.5566 -144.864 -145.292 -0.30054 0.25917 9 77
558 577 47 0.551 0.5533 -148.908 -148.708 -0.27054 0.26517 9 77
558 582 48 0.5692 0.5734 -149.795 -149.831 -0.27054 0.27717 9 77
558 598 49 0.5919 0.5936 -138.922 -139.081 -0.37254 0.25917 8 77
601 627 0 0.5329 0.5334 -147.538 -147.501 -0.27054 0.25317 9 77
601 647 1 0.5727 0.5734 -146.982 -147.068 -0.29454 0.27117 9 77
601 616 2 0.5407 0.547 -144.032 -144.642 -0.30054 0.25317 9 77
601 697 3 0.6075 0.6145 -141.494 -142.036 -0.36054 0.27717 8 77
601 627 4 0.5524 0.5588 -142.042 -142.46 -0.32454 0.25317 9 77
601 620 5 0.6163 0.6195 -137.359 -137.427 -0.40254 0.26517 8 77
601 617 6 0.618 0.6301 -135.153 -136.084 -0.42054 0.26517 8 76
601 637 7 0.5895 0.5833 -147.873 -147.648 -0.29454 0.27717 8 77
601 676 8 0.6416 0.6474 -137.146 -137.442 -0.42054 0.27717 8 76
601 648 9 0.5488 0.55 -139.818 -139.44 -0.34254 0.24117 8 77
601 661 10 0.6304 0.6286 -146.862 -146.248 -0.33054 0.29517 8 77
601 709 11 0.5395 0.538 -135.379 -135.002 -0.36654 0.22317 8 77
601 712 12 0.6163 0.6178 -143.916 -143.624 -0.34854 0.28317 8 77
601 710 13 0.5383 0.538 -135.185 -135.002 -0.36654 0.22317 8 76
601 640 14 0.5767 0.5815 -145.45 -145.461 -0.31254 0.27117 8 77
601 646 15 0.5771 0.5724 -138.517 -138.139 -0.36654 0.24717 8 78
601 636 16 0.6462 0.6459 -135.499 -135.907 -0.43254 0.27117 8 76
601 674 17 0.5964 0.6021 -141.083 -141.888 -0.35454 0.27117 8 78
601 639 18 0.5841 0.5808 -148.233 -148.187 -0.28854 0.27717 8 77
601 629 19 0.5844 0.5783 -148.777 -148.73 -0.28254 0.27717 8 77
601 715 20 0.6376 0.6302 -143.657 -143.734 -0.35454 0.28917 8 76
601 625 21 0.5428 0.5414 -145.472 -145.768 -0.28854 0.25317 9 77
601 653 22 0.5558 0.5591 -140.056 -140.174 -0.34254 0.24717 8 77
601 609 23 0.5325 0.5344 -139.866 -139.753 -0.33054 0.23517 9 77
601 613 24 0.5463 0.5495 -142.059 -141.764 -0.32454 0.24717 9 77
601 669 25 0.5966 0.6052 -140.545 -141.398 -0.36054 0.27117 8 78
601 627 26 0.5316 0.5378 -138.987 -139.214 -0.33654 0.23517 9 77
601 615 27 0.6239 0.6215 -139.384 -139.023 -0.39054 0.27117 8 77
601 626 28 0.5388 0.5414 -145.834 -145.768 -0.28854 0.25317 9 77
601 622 29 0.602 0.5932 -148.713 -148.208 -0.29454 0.28317 8 77
601 637 30 0.5761 0.5659 -135.803 -135.139 -0.38454 0.23517 8 77
601 615 31 0.5339 0.5346 -144.582 -144.536 -0.29454 0.24717 9 77
601 627 32 0.5616 0.5658 -148.698 -148.72 -0.27654 0.27117 9 77
601 693 33 0.5493 0.5501 -135.594 -135.321 -0.37254 0.22917 8 77
601 639 34 0.6388 0.6423 -135.494 -136.337 -0.42654 0.27117 8 76
601 621 35 0.5321 0.5387 -146.26 -146.34 -0.28254 0.25317 9 77
601 697 36 0.6244 0.6268 -141.763 -142.179 -0.36654 0.28317 8 77
601 627 37 0.6419 0.6459 -135.132 -135.907 -0.43254 0.27117 8 76
601 642 38 0.5758 0.5734 -147.445 -147.068 -0.29454 0.27117 9 77
601 657 39 0.637 0.6387 -136.36 -136.773 -0.42054 0.27117 8 76
601 695 40 0.6055 0.6054 -143.55 -143.509 -0.34254 0.27717 8 77
601 661 41 0.6319 0.6299 -141.313 -141.706 -0.37254 0.28317 8 77
601 644 42 0.5391 0.5411 -139.033 -138.682 -0.34254 0.23517 8 77
601 629 43 0.5871 0.5881 -137.974 -137.889 -0.37854 0.25317 8 78
601 698 44 0.6257 0.6268 -141.819 -142.179 -0.36654 0.28317 8 77
601 640 45 0.6185 0.6161 -146.858 -146.187 -0.32454 0.28917 8 77
601 590 46 0.6247 0.6233 -149.788 -149.783 -0.29454 0.30117 8 77
601 696 47 0.643 0.641 -146.481 -146.305 -0.33654 0.30117 8 76
601 666 48 0.6474 0.6482 -147.328 -147.316 -0.33054 0.30717 8 77
601 625 49 0.5965 0.5907 -148.788 -148.741 -0.28854 0.28317 8 77
43 163 0 0.601 0.6273 -145.336 -144.216 -0.34854 0.28917 9 73
43 137 1 0.5516 0.6302 -147.457 -143.734 -0.35454 0.28917 9 73
43 157 2 0.641 0.6302 -141.243 -143.734 -0.35454 0.28917 9 73
43 165 3 0.5978 0.6302 -140.355 -143.734 -0.35454 0.28917 9 74
43 172 4 0.5986 0.6273 -143.313 -144.216 -0.34854 0.28917 9 73
43 139 5 0.5381 0.6302 -148.812 -143.734 -0.35454 0.28917 9 73
43 159 6 0.5656 0.5297 -137.206 -134.155 -0.36654 0.21717 9 73
43 155 7 0.6374 0.6302 -140.7 -143.734 -0.35454 0.28917 9 73
43 162 8 0.5613 0.5297 -136.606 -134.155 -0.36654 0.21717 9 73
43 160 9 0.5326 0.5297 -136.856 -134.155 -0.36654 0.21717 9 73
43 168 10 0.6159 0.6273 -145.667 -144.216 -0.34854 0.28917 9 73
43 139 11 0.5398 0.6302 -147.035 -143.734 -0.35454 0.28917 9 73
43 149 12 0.5858 0.5335 -137.788 -133.648 -0.37254 0.21717 9 74
43 158 13 0.6491 0.6302 -141.767 -143.734 -0.35454 0.28917 9 73
43 140 14 0.6199 0.6302 -136.517 -143.734 -0.35454 0.28917 9 73
43 155 15 0.6162 0.6369 -147.053 -144.791 -0.34854 0.29517 9 73
43 164 16 0.628 0.6369 -146.729 -144.791 -0.34854 0.29517 9 73
43 138 17 0.5609 0.6302 -146.532 -143.734 -0.35454 0.28917 9 73
43 141 18 0.6306 0.6302 -137.79 -143.734 -0.35454 0.28917 9 73
43 160 19 0.5755 0.6273 -142.208 -144.216 -0.34854 0.28917 9 73
43 169 20 0.5922 0.6273 -142.821 -144.216 -0.34854 0.28917 9 73
43 140 21 0.612 0.6302 -135.787 -143.734 -0.35454 0.28917 9 73
43 167 22 0.6492 0.6302 -142.56 -143.734 -0.35454 0.28917 9 73
43 139 23 0.5771 0.6302 -149.285 -143.734 -0.35454 0.28917 9 73
43 175 24 0.6423 0.6302 -142.848 -143.734 -0.35454 0.28917 9 73
43 139 25 0.5377 0.6302 -146.788 -143.734 -0.35454 0.28917 9 73
43 140 26 0.6195 0.6369 -149.087 -144.791 -0.34854 0.29517 9 73
43 139 27 0.5404 0.6302 -143.075 -143.734 -0.35454 0.28917 9 73
43 142 28 0.5375 0.6302 -140.746 -143.734 -0.35454 0.28917 9 73
43 140 29 0.6048 0.6302 -135.387 -143.734 -0.35454 0.28917 9 73
43 159 30 0.606 0.6302 -139.626 -143.734 -0.35454 0.28917 9 73
43 176 31 0.6068 0.6273 -143.529 -144.216 -0.34854 0.28917 9 73
43 169 32 0.6002 0.6273 -144.401 -144.216 -0.34854 0.28917 9 73
43 138 33 0.6391 0.6302 -136.406 -143.734 -0.35454 0.28917 9 73
43 140 34 0.6107 0.6302 -135.352 -143.734 -0.35454 0.28917 9 73
43 140 35 0.6172 0.6302 -135.908 -143.734 -0.35454 0.28917 9 73
43 145 36 0.5858 0.5335 -134.941 -133.648 -0.37254 0.21717 9 73
43 141 37 0.6329 0.6302 -138.105 -143.734 -0.35454 0.28917 9 73
43 176 38 0.648 0.6302 -143.511 -143.734 -0.35454 0.28917 9 73
43 142 39 0.6055 0.6369 -148.114 -144.791 -0.34854 0.29517 9 73
43 146 40 0.6076 0.6369 -147.496 -144.791 -0.34854 0.29517 9 73
43 149 41 0.5563 0.6302 -139.676 -143.734 -0.35454 0.28917 9 73
43 138 42 0.6344 0.6302 -136.952 -143.734 -0.35454 0.28917 9 73
43 176 43 0.6522 0.6397 -143.968 -144.313 -0.35454 0.29517 9 73
43 150 44 0.5621 0.6273 -142.805 -144.216 -0.34854 0.28917 9 73
43 152 45 0.5987 0.6302 -138.635 -143.734 -0.35454 0.28917 9 74
43 143 46 0.58 0.6273 -146.486 -144.216 -0.34854 0.28917 9 73
43 158 47 0.6101 0.6273 -146.353 -144.216 -0.34854 0.28917 9 73
43 139 48 0.5551 0.6302 -149.03 -143.734 -0.35454 0.28917 9 73
43 142 49 0.5388 0.6302 -139.616 -143.734 -0.35454 0.28917 9 73
86 179 0 0.5746 0.538 -138.287 -135.002 -0.36654 0.22317 9 74
86 174 1 0.6136 0.6238 -139.388 -142.656 -0.36054 0.28317 9 74
86 178 2 0.6098 0.6244 -146.312 -144.702 -0.34254 0.28917 9 74
86 137 3 0.5514 0.6302 -149.647 -143.734 -0.35454 0.28917 9 74
86 139 4 0.5389 0.6302 -145.042 -143.734 -0.35454 0.28917 9 74
86 139 5 0.5834 0.6302 -148.896 -143.734 -0.35454 0.28917 9 74
86 184 6 0.5798 0.6208 -139.979 -143.137 -0.35454 0.28317 9 74
86 214 7 0.6521 0.6397 -143.925 -144.313 -0.35454 0.29517 9 73
86 191 8 0.643 0.6341 -147.319 -145.272 -0.34254 0.29517 9 73
86 182 9 0.602 0.6244 -145.607 -144.702 -0.34254 0.28917 9 74
86 194 10 0.6288 0.6341 -146.76 -145.272 -0.34254 0.29517 9 74
86 150 11 0.6029 0.5335 -136.561 -133.648 -0.37254 0.21717 9 74
86 195 12 0.6303 0.6341 -146.742 -145.272 -0.34254 0.29517 9 74
86 156 13 0.6072 0.6341 -147.26 -145.272 -0.34254 0.29517 9 74
86 214 14 0.6524 0.6397 -143.924 -144.313 -0.35454 0.29517 9 73
86 160 15 0.5873 0.5335 -135.1 -133.648 -0.37254 0.21717 9 74
86 143 16 0.6092 0.5335 -136.434 -133.648 -0.37254 0.21717 9 74
86 138 17 0.5728 0.6302 -147.92 -143.734 -0.35454 0.28917 9 74
86 181 18 0.5757 0.6208 -140.131 -143.137 -0.35454 0.28317 9 74
86 164 19 0.6272 0.6562 -136.629 -138.094 -0.42054 0.28317 9 74
86 220 20 0.6189 0.6273 -144.158 -144.216 -0.34854 0.28917 9 73
86 137 21 0.5996 0.6302 -149.841 -143.734 -0.35454 0.28917 9 74
86 139 22 0.5484 0.6369 -145.754 -144.791 -0.34854 0.29517 9 74
86 223 23 0.6372 0.6369 -144.821 -144.791 -0.34854 0.29517 9 73
86 205 24 0.62 0.6302 -141.518 -143.734 -0.35454 0.28917 9 74
86 205 25 0.5379 0.5297 -135.995 -134.155 -0.36654 0.21717 9 74
86 162 26 0.635 0.6562 -138.339 -138.094 -0.42054 0.28317 9 74
86 152 27 0.615 0.6474 -136.084 -137.442 -0.42054 0.27717 9 74
86 147 28 0.5744 0.6273 -146.122 -144.216 -0.34854 0.28917 9 74
86 138 29 0.5779 0.6302 -148.202 -143.734 -0.35454 0.28917 9 74
86 164 30 0.6301 0.6596 -135.759 -137.663 -0.42654 0.28317 9 74
86 190 31 0.5469 0.5343 -137.475 -135.513 -0.36054 0.22317 9 74
86 164 32 0.6474 0.6332 -140.825 -143.257 -0.36054 0.28917 9 73
86 221 33 0.6482 0.6397 -144.835 -144.313 -0.35454 0.29517 9 73
86 202 34 0.6062 0.6273 -144.672 -144.216 -0.34854 0.28917 9 74
86 141 35 0.5311 0.6273 -140.792 -144.216 -0.34854 0.28917 9 74
86 173 36 0.6521 0.6562 -138.772 -138.094 -0.42054 0.28317 9 73
86 138 37 0.5814 0.6302 -148.533 -143.734 -0.35454 0.28917 9 74
86 137 38 0.5504 0.6302 -149.72 -143.734 -0.35454 0.28917 9 74
86 198 39 0.6496 0.6369 -147.127 -144.791 -0.34854 0.29517 9 74
86 219 40 0.6147 0.6273 -143.907 -144.216 -0.34854 0.28917 9 74
86 137 41 0.5997 0.6302 -149.494 -143.734 -0.35454 0.28917 9 74
86 188 42 0.568 0.538 -137.514 -135.002 -0.36654 0.22317 9 74
86 157 43 0.5976 0.6273 -146.713 -144.216 -0.34854 0.28917 9 74
86 215 44 0.615 0.6302 -142.111 -143.734 -0.35454 0.28917 9 74
86 220 45 0.6495 0.6397 -145.016 -144.313 -0.35454 0.29517 9 73
86 138 46 0.6031 0.6302 -149.684 -143.734 -0.35454 0.28917 9 74
86 137 47 0.5451 0.6302 -149.517 -143.734 -0.35454 0.28917 9 74
86 155 48 0.591 0.6273 -146.565 -144.216 -0.34854 0.28917 9 74
86 176 49 0.6039 0.6244 -146.054 -144.702 -0.34254 0.28917 9 74
129 245 0 0.5475 0.538 -135.65 -135.002 -0.36654 0.22317 9 74
129 166 1 0.5401 0.5539 -144.907 -145.846 -0.29454 0.25917 9 74
129 194 2 0.6541 0.641 -148.572 -146.305 -0.33654 0.30117 9 74
129 197 3 0.6279 0.6313 -147.612 -145.758 -0.33654 0.29517 9 74
129 236 4 0.5919 0.6178 -141.971 -143.624 -0.34854 0.28317 9 74
129 207 5 0.5719 0.6084 -140.691 -143.013 -0.34854 0.27717 9 74
129 244 6 0.6456 0.6332 -142.956 -143.257 -0.36054 0.28917 9 73
129 201 7 0.6063 0.6216 -146.255 -145.193 -0.33654 0.28917 9 74
129 177 8 0.6067 0.6216 -147.096 -145.193 -0.33654 0.28917 9 74
129 213 9 0.5977 0.6145 -139.532 -142.036 -0.36054 0.27717 9 74
129 172 10 0.5881 0.5808 -148.554 -148.187 -0.28854 0.27717 9 74
129 195 11 0.5686 0.6054 -142.399 -143.509 -0.34254 0.27717 9 74
129 230 12 0.5882 0.6178 -142.501 -143.624 -0.34854 0.28317 9 74
129 163 13 0.6063 0.5932 -148.882 -148.208 -0.29454 0.28317 9 74
129 173 14 0.5978 0.5417 -136.935 -134.497 -0.37254 0.22317 9 74
129 155 15 0.5467 0.5533 -149.044 -148.708 -0.27054 0.26517 9 74
129 142 16 0.5306 0.5528 -142.353 -143.539 -0.31254 0.25317 9 74
129 166 17 0.5654 0.5658 -148.921 -148.72 -0.27654 0.27117 9 74
129 155 18 0.6148 0.5932 -149.363 -148.208 -0.29454 0.28317 9 74
129 189 19 0.5927 0.6145 -138.466 -142.036 -0.36054 0.27717 9 74
129 217 20 0.5731 0.5417 -135.903 -134.497 -0.37254 0.22317 9 74
129 200 21 0.6197 0.6313 -147.106 -145.758 -0.33654 0.29517 9 74
129 215 22 0.5773 0.6084 -142.055 -143.013 -0.34854 0.27717 9 74
129 252 23 0.6045 0.6208 -142.307 -143.137 -0.35454 0.28317 9 74
129 192 24 0.5742 0.6149 -143.623 -144.115 -0.34254 0.28317 9 74
129 184 25 0.6033 0.6176 -138.57 -141.555 -0.36654 0.27717 9 74
129 245 26 0.5392 0.5297 -135.844 -134.155 -0.36654 0.21717 9 74
129 244 27 0.6483 0.6369 -146.538 -144.791 -0.34854 0.29517 9 74
129 180 28 0.5961 0.5501 -137.849 -135.321 -0.37254 0.22917 9 74
129 214 29 0.5804 0.6114 -139.9 -142.522 -0.35454 0.27717 9 74
129 167 30 0.5963 0.5808 -148.959 -148.187 -0.28854 0.27717 9 74
129 203 31 0.628 0.6474 -136.232 -137.442 -0.42054 0.27717 9 74
129 199 32 0.6484 0.6332 -141.423 -143.257 -0.36054 0.28917 9 73
129 149 33 0.6237 0.6057 -149.157 -148.229 -0.30054 0.28917 9 74
129 162 34 0.5425 0.5459 -148.044 -147.54 -0.27654 0.25917 9 74
129 187 35 0.6231 0.6439 -137.587 -137.88 -0.41454 0.27717 9 74
129 240 36 0.6053 0.6238 -141.055 -142.656 -0.36054 0.28317 9 74
129 164 37 0.5385 0.536 -147.533 -146.918 -0.27654 0.25317 9 74
129 174 38 0.5624 0.5691 -144.612 -145.378 -0.30654 0.26517 9 74
129 159 39 0.6103 0.5932 -149.231 -148.208 -0.29454 0.28317 9 74
129 238 40 0.6461 0.6437 -146.872 -145.825 -0.34254 0.30117 9 74
129 170 41 0.5507 0.5663 -144.734 -145.92 -0.30054 0.26517 9 74
129 247 42 0.6419 0.6332 -142.853 -143.257 -0.36054 0.28917 9 73
129 223 43 0.5646 0.538 -137.738 -135.002 -0.36654 0.22317 9 74
129 264 44 0.6222 0.6302 -142.975 -143.734 -0.35454 0.28917 9 74
129 257 45 0.6304 0.6369 -145.273 -144.791 -0.34854 0.29517 9 74
129 163 46 0.6054 0.5932 -148.941 -148.208 -0.29454 0.28317 9 74
129 179 47 0.5714 0.5734 -146.62 -147.068 -0.29454 0.27117 9 74
129 207 48 0.643 0.6596 -135.889 -137.663 -0.42654 0.28317 9 73
129 179 49 0.5358 0.5411 -139.484 -138.682 -0.34254 0.23517 9 74
172 220 0 0.56 0.5636 -146.292 -146.468 -0.29454 0.26517 9 74
172 281 1 0.553 0.538 -136.253 -135.002 -0.36654 0.22317 9 74
172 246 2 0.6409 0.6509 -135.841 -137.009 -0.42654 0.27717 9 74
172 281 3 0.5366 0.5343 -136.07 -135.513 -0.36054 0.22317 9 74
172 264 4 0.5654 0.5455 -135.218 -134 -0.37854 0.22317 9 74
172 207 5 0.5511 0.5594 -144.162 -144.744 -0.30654 0.25917 9 74
172 220 6 0.6227 0.6439 -137.745 -137.88 -0.41454 0.27717 9 74
172 241 7 0.5724 0.555 -138.498 -136.619 -0.36654 0.23517 9 74
172 271 8 0.5901 0.6084 -142.058 -143.013 -0.34854 0.27717 9 74
172 254 9 0.6522 0.641 -147.755 -146.305 -0.33654 0.30117 9 74
172 259 10 0.649 0.6596 -136.768 -137.663 -0.42654 0.28317 9 74
172 218 11 0.5945 0.5885 -147.052 -146.584 -0.30654 0.27717 9 74
172 215 12 0.5578 0.5584 -147.594 -147.578 -0.28254 0.26517 9 74
172 250 13 0.6437 0.6596 -136.158 -137.663 -0.42654 0.28317 9 74
172 279 14 0.6175 0.6238 -141.26 -142.656 -0.36054 0.28317 9 74
172 220 15 0.6353 0.6384 -148.152 -146.79 -0.33054 0.30117 9 74
172 215 16 0.5804 0.5808 -148.483 -148.187 -0.28854 0.27717 9 74
172 290 17 0.6373 0.6341 -146.075 -145.272 -0.34254 0.29517 9 74
172 185 18 0.5971 0.5575 -135.708 -134.337 -0.38454 0.22917 9 74
172 234 19 0.5704 0.5657 -139.316 -139.144 -0.35454 0.24717 9 74
172 247 20 0.5724 0.5455 -134.983 -134 -0.37854 0.22317 9 74
172 218 21 0.5659 0.5691 -145.146 -145.378 -0.30654 0.26517 9 74
172 251 22 0.6482 0.641 -147.779 -146.305 -0.33654 0.30117 9 74
172 223 23 0.6327 0.6384 -147.995 -146.79 -0.33054 0.30117 9 74
172 281 24 0.548 0.538 -136.432 -135.002 -0.36654 0.22317 9 74
172 261 25 0.6527 0.6596 -136.884 -137.663 -0.42654 0.28317 9 74
172 275 26 0.5613 0.5417 -135.663 -134.497 -0.37254 0.22317 9 74
172 206 27 0.5526 0.5652 -143.237 -143.665 -0.31854 0.25917 9 74
172 246 28 0.5768 0.5501 -137.224 -135.321 -0.37254 0.22917 9 74
172 239 29 0.6216 0.6313 -146.979 -145.758 -0.33654 0.29517 9 74
172 222 30 0.6187 0.6387 -135.37 -136.773 -0.42054 0.27117 9 74
172 217 31 0.5699 0.5815 -145.002 -145.461 -0.31254 0.27117 9 74
172 209 32 0.5951 0.5808 -148.769 -148.187 -0.28854 0.27717 9 74
172 214 33 0.5956 0.5859 -147.97 -147.114 -0.30054 0.27717 9 74
172 229 34 0.6218 0.6474 -135.673 -137.442 -0.42054 0.27717 9 74
172 251 35 0.5646 0.5429 -138.176 -136.332 -0.36054 0.22917 9 74
172 253 36 0.5834 0.6054 -143.024 -143.509 -0.34254 0.27717 9 74
172 222 37 0.5944 0.6084 -138.565 -140.913 -0.36654 0.27117 9 74
172 214 38 0.623 0.6259 -147.864 -146.742 -0.32454 0.29517 9 74
172 213 39 0.5606 0.5747 -143.731 -144.31 -0.31854 0.26517 9 74
172 208 40 0.6105 0.6352 -135.418 -137.213 -0.41454 0.27117 9 74
172 179 41 0.6357 0.6281 -149.553 -148.769 -0.30654 0.30117 9 74
172 221 42 0.586 0.5815 -145.703 -145.461 -0.31254 0.27117 9 74
172 214 43 0.5552 0.5663 -145.013 -145.92 -0.30054 0.26517 9 74
172 291 44 0.609 0.6208 -141.86 -143.137 -0.35454 0.28317 9 74
172 235 45 0.6481 0.6596 -135.543 -137.663 -0.42654 0.28317 9 74
172 229 46 0.5413 0.5445 -139.245 -138.157 -0.34854 0.23517 9 74
172 217 47 0.5636 0.5776 -143.226 -143.784 -0.32454 0.26517 9 74
172 202 48 0.5379 0.5558 -140.577 -140.698 -0.33654 0.24717 9 74
172 305 49 0.635 0.6369 -145.03 -144.791 -0.34854 0.29517 9 74
215 272 0 0.5677 0.5742 -141.764 -142.087 -0.33654 0.25917 9 74
215 309 1 0.5443 0.5429 -137.155 -136.332 -0.36054 0.22917 9 74
215 281 2 0.6444 0.6527 -138.721 -138.53 -0.41454 0.28317 9 74
215 253 3 0.5758 0.5783 -148.769 -148.73 -0.28254 0.27717 9 74
215 326 4 0.6072 0.6208 -141.641 -143.137 -0.35454 0.28317 9 74
215 278 5 0.5748 0.5836 -142.592 -142.748 -0.33654 0.26517 9 74
215 254 6 0.5836 0.5575 -135.42 -134.337 -0.38454 0.22917 9 74
215 253 7 0.5826 0.5783 -148.892 -148.73 -0.28254 0.27717 9 74
215 298 8 0.5677 0.5501 -135.982 -135.321 -0.37254 0.22917 9 74
215 273 9 0.5554 0.5534 -139.808 -138.918 -0.34854 0.24117 9 74
215 217 10 0.6407 0.6382 -149.82 -149.273 -0.30654 0.30717 9 74
215 243 11 0.6075 0.6092 -138.258 -138.815 -0.38454 0.26517 9 74
215 340 12 0.652 0.6465 -145.538 -145.348 -0.34854 0.30117 9 74
215 273 13 0.5781 0.5538 -135.751 -134.825 -0.37854 0.22917 9 74
215 328 14 0.621 0.6244 -145.267 -144.702 -0.34254 0.28917 9 74
215 243 15 0.549 0.5588 -142.397 -142.46 -0.32454 0.25317 9 74
215 278 16 0.5659 0.5568 -139.223 -138.403 -0.35454 0.24117 9 74
215 279 17 0.5577 0.5534 -139.454 -138.918 -0.34854 0.24117 9 74
215 291 18 0.6544 0.6362 -142.764 -142.784 -0.36654 0.28917 9 74
215 291 19 0.6458 0.6509 -136.239 -137.009 -0.42654 0.27717 9 74
215 247 20 0.575 0.5758 -149.524 -149.279 -0.27654 0.27717 9 74
215 238 21 0.5453 0.5509 -149.36 -149.281 -0.26454 0.26517 9 74
215 314 22 0.6373 0.6341 -146.535 -145.272 -0.34254 0.29517 9 74
215 248 23 0.6242 0.6283 -138.358 -138.108 -0.40254 0.27117 9 74
215 261 24 0.5991 0.6037 -146.423 -146.125 -0.31854 0.28317 9 74
215 259 25 0.5782 0.5708 -148.079 -147.613 -0.28854 0.27117 9 74
215 331 26 0.6091 0.6208 -141.901 -143.137 -0.35454 0.28317 9 74
215 264 27 0.5714 0.5761 -146.023 -146.527 -0.30054 0.27117 9 74
215 262 28 0.5547 0.565 -140.794 -141.404 -0.33654 0.25317 9 74
215 338 29 0.6357 0.6369 -145.495 -144.791 -0.34854 0.29517 9 74
215 348 30 0.6265 0.6273 -144.373 -144.216 -0.34854 0.28917 8 74
215 271 31 0.5922 0.5967 -145.366 -145.025 -0.32454 0.27717 9 74
215 236 32 0.5417 0.5594 -143.516 -144.744 -0.30654 0.25917 9 74
215 260 33 0.568 0.5747 -143.954 -144.31 -0.31854 0.26517 9 74
215 264 34 0.6163 0.6161 -147.126 -146.187 -0.32454 0.28917 9 74
215 329 35 0.5457 0.538 -135.592 -135.002 -0.36654 0.22317 9 74
215 237 36 0.5384 0.5409 -148.971 -148.696 -0.26454 0.25917 9 74
215 249 37 0.5328 0.536 -146.97 -146.918 -0.27654 0.25317 9 74
215 269 38 0.5659 0.5742 -142.035 -142.087 -0.33654 0.25917 9 74
215 289 39 0.5809 0.6021 -140.66 -141.888 -0.35454 0.27117 9 74
215 328 40 0.6133 0.6238 -141.603 -142.656 -0.36054 0.28317 9 74
215 326 41 0.5479 0.538 -136.047 -135.002 -0.36654 0.22317 9 74
215 257 42 0.6007 0.601 -146.994 -146.639 -0.31254 0.28317 9 74
215 282 43 0.6491 0.6509 -135.849 -137.009 -0.42654 0.27717 9 74
215 270 44 0.585 0.5872 -144.655 -144.415 -0.32454 0.27117 9 74
215 312 45 0.605 0.6149 -144.519 -144.115 -0.34254 0.28317 9 74
215 249 46 0.6313 0.6239 -140.063 -140.608 -0.37854 0.27717 9 74
215 239 47 0.5418 0.5594 -143.818 -144.744 -0.30654 0.25917 9 74
215 338 48 0.6207 0.6208 -142.454 -143.137 -0.35454 0.28317 9 74
215 325 49 0.5537 0.5417 -135.479 -134.497 -0.37254 0.22317 9 74
258 263 0 0.6372 0.6406 -149.409 -148.778 -0.31254 0.30717 9 74
258 260 1 0.6007 0.6144 -135.507 -136.271 -0.40854 0.25917 9 74
258 366 2 0.602 0.6114 -142.12 -142.522 -0.35454 0.27717 8 74
258 318 3 0.6512 0.6482 -148.056 -147.316 -0.33054 0.30717 9 74
258 275 4 0.601 0.6038 -137.162 -137.652 -0.39054 0.25917 9 75
258 330 5 0.5475 0.548 -138.468 -137.637 -0.35454 0.23517 9 74
258 304 6 0.5681 0.5761 -146.332 -146.527 -0.30054 0.27117 9 74
258 329 7 0.5595 0.5515 -138.437 -137.125 -0.36054 0.23517 9 75
258 308 8 0.5723 0.5761 -146.331 -146.527 -0.30054 0.27117 9 74
258 267 9 0.6322 0.6306 -149.089 -148.269 -0.31254 0.30117 9 74
258 296 10 0.5813 0.5783 -148.736 -148.73 -0.28254 0.27717 9 74
258 316 11 0.5773 0.5779 -139.092 -139.361 -0.36054 0.25317 9 75
258 282 12 0.6014 0.5907 -149.579 -148.741 -0.28854 0.28317 9 74
258 316 13 0.5836 0.5869 -139.258 -140.061 -0.36054 0.25917 9 75
258 305 14 0.5655 0.5663 -145.753 -145.92 -0.30054 0.26517 9 74
258 280 15 0.539 0.5409 -148.972 -148.696 -0.26454 0.25917 9 74
258 281 16 0.5417 0.5409 -148.865 -148.696 -0.26454 0.25917 9 74
258 279 17 0.614 0.6283 -137.654 -138.108 -0.40254 0.27117 9 74
258 356 18 0.5958 0.6114 -141.917 -142.522 -0.35454 0.27717 9 74
258 370 19 0.6207 0.6238 -141.772 -142.656 -0.36054 0.28317 9 74
258 337 20 0.5507 0.548 -138.141 -137.637 -0.35454 0.23517 9 74
258 297 21 0.5506 0.561 -146.808 -147.02 -0.28854 0.26517 9 74
258 317 22 0.5766 0.5586 -137.614 -136.119 -0.37254 0.23517 9 75
258 359 23 0.5979 0.6114 -142.025 -142.522 -0.35454 0.27717 9 74
258 289 24 0.59 0.5883 -149.203 -149.277 -0.28254 0.28317 9 74
258 260 25 0.5976 0.6023 -135.607 -136.005 -0.40254 0.25317 9 74
258 339 26 0.5647 0.5465 -137.393 -135.823 -0.36654 0.22917 9 75
258 304 27 0.6031 0.6037 -146.556 -146.125 -0.31854 0.28317 9 74
258 291 28 0.6369 0.6371 -139.3 -138.77 -0.40254 0.27717 9 74
258 325 29 0.6054 0.6084 -139.826 -140.913 -0.36654 0.27117 9 75
258 328 30 0.5348 0.5358 -137.738 -137.37 -0.34854 0.22917 9 74
258 363 31 0.603 0.6178 -143.491 -143.624 -0.34854 0.28317 9 74
258 365 32 0.6022 0.6208 -142.41 -143.137 -0.35454 0.28317 9 74
258 275 33 0.5873 0.5696 -135.082 -134.659 -0.39054 0.23517 9 74
258 287 34 0.5908 0.5708 -137.155 -136.403 -0.37854 0.24117 9 75
258 307 35 0.551 0.5591 -140.347 -140.174 -0.34254 0.24717 9 74
258 381 36 0.6248 0.6302 -142.738 -143.734 -0.35454 0.28917 9 74
258 280 37 0.6277 0.6248 -139.075 -138.563 -0.39654 0.27117 9 74
258 302 38 0.6513 0.6545 -135.332 -136.581 -0.43254 0.27717 9 74
258 367 39 0.5528 0.5417 -134.99 -134.497 -0.37254 0.22317 9 74
258 334 40 0.6081 0.6176 -140.188 -141.555 -0.36654 0.27717 8 74
258 283 41 0.6194 0.6215 -138.677 -139.023 -0.39054 0.27117 9 74
258 308 42 0.5898 0.594 -145.612 -145.54 -0.31854 0.27717 9 74
258 341 43 0.5948 0.6052 -140.473 -141.398 -0.36054 0.27117 9 74
258 295 44 0.5485 0.5539 -145.195 -145.846 -0.29454 0.25917 9 74
258 314 45 0.5569 0.5591 -140.095 -140.174 -0.34254 0.24717 9 75
258 289 46 0.5916 0.5907 -149.119 -148.741 -0.28854 0.28317 9 74
258 314 47 0.5572 0.5591 -140.191 -140.174 -0.34254 0.24717 9 75
258 305 48 0.5682 0.5761 -146.275 -146.527 -0.30054 0.27117 9 74
258 306 49 0.5814 0.5815 -145.473 -145.461 -0.31254 0.27117 9 74
301 318 0 0.611 0.616 -137.375 -137.884 -0.39654 0.26517 8 75
301 427 1 0.6191 0.6208 -142.725 -143.137 -0.35454 0.28317 8 74
301 381 2 0.6044 0.612 -144.963 -144.61 -0.33654 0.28317 9 75
301 429 3 0.6199 0.6302 -143.381 -143.734 -0.35454 0.28917 8 74
301 370 4 0.6342 0.6474 -137.048 -137.442 -0.42054 0.27717 9 74
301 374 5 0.5813 0.5897 -141.433 -141.733 -0.34854 0.26517 8 75
301 384 6 0.5882 0.599 -141.56 -142.383 -0.34854 0.27117 8 75
301 340 7 0.5977 0.5885 -147.042 -146.584 -0.30654 0.27717 9 75
301 356 8 0.5559 0.5591 -140.124 -140.174 -0.34254 0.24717 9 75
301 363 9 0.6231 0.6207 -140.535 -141.079 -0.37254 0.27717 9 74
301 320 10 0.6167 0.6082 -148.557 -147.712 -0.30654 0.28917 9 75
301 420 11 0.6127 0.6208 -142.274 -143.137 -0.35454 0.28317 8 74
301 349 12 0.637 0.6509 -135.283 -137.009 -0.42654 0.27717 9 74
301 314 13 0.6065 0.6195 -136.776 -137.427 -0.40254 0.26517 8 75
301 347 14 0.5829 0.5843 -145.268 -144.935 -0.31854 0.27117 9 75
301 389 15 0.6285 0.6313 -146.351 -145.758 -0.33654 0.29517 9 74
301 344 16 0.6431 0.6494 -139.227 -138.97 -0.40854 0.28317 8 74
301 334 17 0.5475 0.5566 -144.893 -145.292 -0.30054 0.25917 9 75
301 355 18 0.5554 0.5591 -139.847 -140.174 -0.34254 0.24717 9 75
301 347 19 0.6211 0.6352 -136.356 -137.213 -0.41454 0.27117 8 74
301 366 20 0.5622 0.5568 -138.867 -138.403 -0.35454 0.24117 9 75
301 396 21 0.6005 0.6149 -143.697 -144.115 -0.34254 0.28317 9 75
301 346 22 0.5423 0.55 -139.684 -139.44 -0.34254 0.24117 9 75
301 345 23 0.5957 0.5912 -146.389 -146.06 -0.31254 0.27717 9 75
301 372 24 0.5896 0.596 -140.151 -140.739 -0.36054 0.26517 8 75
301 329 25 0.568 0.5734 -149.42 -149.831 -0.27054 0.27717 9 75
301 311 26 0.6002 0.5951 -136.797 -136.936 -0.39054 0.25317 9 75
301 318 27 0.6302 0.6306 -148.678 -148.269 -0.31254 0.30117 9 74
301 400 28 0.5564 0.5417 -135.766 -134.497 -0.37254 0.22317 9 75
301 387 29 0.6401 0.641 -146.958 -146.305 -0.33654 0.30117 8 74
301 352 30 0.5946 0.5967 -145.545 -145.025 -0.32454 0.27717 9 75
301 352 31 0.6268 0.6259 -147.334 -146.742 -0.32454 0.29517 9 74
301 425 32 0.6494 0.6397 -144.984 -144.313 -0.35454 0.29517 8 74
301 363 33 0.5877 0.5996 -144.219 -144.514 -0.33054 0.27717 9 75
301 425 34 0.6459 0.6369 -145.525 -144.791 -0.34854 0.29517 8 74
301 383 35 0.5659 0.5501 -136.364 -135.321 -0.37254 0.22917 9 75
301 356 36 0.6169 0.6161 -146.726 -146.187 -0.32454 0.28917 9 75
301 335 37 0.6 0.6058 -138.567 -139.288 -0.37854 0.26517 8 75
301 361 38 0.5815 0.59 -143.6 -143.899 -0.33054 0.27117 9 75
301 355 39 0.6464 0.6482 -147.985 -147.316 -0.33054 0.30717 9 74
301 376 40 0.6356 0.641 -146.988 -146.305 -0.33654 0.30117 9 74
301 375 41 0.5885 0.6021 -140.519 -141.888 -0.35454 0.27117 9 75
301 313 42 0.5336 0.547 -143.517 -144.642 -0.30054 0.25317 9 75
301 354 43 0.5448 0.55 -139.393 -139.44 -0.34254 0.24117 9 75
301 373 44 0.5382 0.5393 -137.782 -136.847 -0.35454 0.22917 9 75
301 367 45 0.545 0.5445 -138.74 -138.157 -0.34854 0.23517 9 75
301 409 46 0.6045 0.6178 -143.422 -143.624 -0.34854 0.28317 8 75
301 385 47 0.5649 0.5501 -136.351 -135.321 -0.37254 0.22917 9 75
301 339 48 0.5806 0.5783 -148.878 -148.73 -0.28254 0.27717 9 75
301 375 49 0.6018 0.612 -144.964 -144.61 -0.33654 0.28317 9 75
344 394 0 0.5812 0.5779 -139.055 -139.361 -0.36054 0.25317 8 75
344 406 1 0.5875 0.59 -144.052 -143.899 -0.33054 0.27117 9 75
344 364 2 0.6183 0.6215 -138.54 -139.023 -0.39054 0.27117 9 75
344 397 3 0.5755 0.569 -138.678 -138.638 -0.36054 0.24717 8 75
344 357 4 0.5365 0.5435 -140.794 -140.503 -0.33054 0.24117 9 75
344 346 5 0.6545 0.6423 -141.542 -141.852 -0.37854 0.28917 8 74
344 374 6 0.5566 0.5652 -143.006 -143.665 -0.31854 0.25917 9 75
344 393 7 0.564 0.565 -141.418 -141.404 -0.33654 0.25317 9 75
344 468 8 0.651 0.6397 -144.732 -144.313 -0.35454 0.29517 8 74
344 400 9 0.6291 0.6352 -137.113 -137.213 -0.41454 0.27117 8 74
344 417 10 0.5585 0.5515 -138.103 -137.125 -0.36054 0.23517 8 75
344 381 11 0.5495 0.5539 -145.368 -145.846 -0.29454 0.25917 9 75
344 398 12 0.5858 0.5902 -139.305 -139.568 -0.36654 0.25917 8 75
344 391 13 0.5803 0.5672 -137.726 -136.894 -0.37254 0.24117 8 75
344 440 14 0.5972 0.6084 -142.239 -143.013 -0.34854 0.27717 8 75
344 387 15 0.5605 0.5663 -145.486 -145.92 -0.30054 0.26517 9 75
344 445 16 0.6022 0.6178 -143.131 -143.624 -0.34854 0.28317 8 75
344 392 17 0.5718 0.5734 -146.789 -147.068 -0.29454 0.27117 9 75
344 400 18 0.5913 0.5993 -139.311 -140.25 -0.36654 0.26517 8 75
344 359 19 0.6085 0.6008 -149.679 -149.276 -0.28854 0.28917 9 75
344 405 20 0.5724 0.5637 -137.743 -137.391 -0.36654 0.24117 8 75
344 379 21 0.5445 0.5485 -146.472 -146.97 -0.28254 0.25917 9 75
344 353 22 0.6058 0.6073 -136.717 -137.186 -0.39654 0.25917 8 75
344 458 23 0.6278 0.6341 -145.306 -145.272 -0.34254 0.29517 8 75
344 365 24 0.6309 0.6337 -139.287 -139.222 -0.39654 0.27717 8 75
344 375 25 0.6356 0.6332 -148.341 -147.772 -0.31854 0.30117 9 75
344 477 26 0.6338 0.6302 -143.931 -143.734 -0.35454 0.28917 8 74
344 346 27 0.6449 0.6507 -149.638 -149.272 -0.31254 0.31317 9 75
344 395 28 0.5793 0.5872 -144.021 -144.415 -0.32454 0.27117 9 75
344 377 29 0.5991 0.5969 -138.374 -138.599 -0.37854 0.25917 8 75
344 424 30 0.5952 0.6025 -143.709 -144.009 -0.33654 0.27717 8 75
344 431 31 0.5497 0.5429 -137.344 -136.332 -0.36054 0.22917 9 75
344 407 32 0.5805 0.593 -142.876 -143.389 -0.33654 0.27117 9 75
344 379 33 0.5938 0.5932 -148.335 -148.208 -0.29454 0.28317 9 75
344 385 34 0.611 0.6134 -146.922 -146.691 -0.31854 0.28917 9 75
344 347 35 0.5909 0.5901 -135.412 -135.728 -0.39654 0.24717 8 75
344 389 36 0.5532 0.5558 -140.59 -140.698 -0.33654 0.24717 9 75
344 468 37 0.6142 0.6178 -143.618 -143.624 -0.34854 0.28317 8 75
344 412 38 0.6353 0.6474 -136.553 -137.442 -0.42054 0.27717 8 74
344 351 39 0.5311 0.5375 -143.331 -143.969 -0.30054 0.24717 9 75
344 353 40 0.6129 0.6032 -149.539 -148.751 -0.29454 0.28917 9 75
344 451 41 0.6377 0.6341 -146.092 -145.272 -0.34254 0.29517 8 74
344 402 42 0.5736 0.5746 -140.004 -139.863 -0.35454 0.25317 8 75
344 427 43 0.6503 0.6596 -137.029 -137.663 -0.42654 0.28317 8 74
344 381 44 0.5864 0.5794 -137.283 -137.157 -0.37854 0.24717 8 75
344 382 45 0.6313 0.6239 -140.572 -140.608 -0.37854 0.27717 8 75
344 383 46 0.5974 0.5885 -146.88 -146.584 -0.30654 0.27717 9 75
344 418 47 0.6307 0.6286 -146.759 -146.248 -0.33054 0.29517 8 75
344 378 48 0.5515 0.5526 -141.213 -141.228 -0.33054 0.24717 9 75
344 416 49 0.5905 0.6052 -140.527 -141.398 -0.36054 0.27117 8 75
387 461 0 0.6439 0.6474 -136.879 -137.442 -0.42054 0.27717 8 74
387 449 1 0.6114 0.6188 -145.989 -145.688 -0.33054 0.28917 8 75
387 459 2 0.6499 0.6508 -147.442 -146.837 -0.33654 0.30717 8 75
387 433 3 0.5678 0.5734 -146.789 -147.068 -0.29454 0.27117 9 75
387 486 4 0.5342 0.5343 -136.087 -135.513 -0.36054 0.22317 9 75
387 400 5 0.6494 0.6531 -149.19 -148.786 -0.31854 0.31317 9 75
387 429 6 0.5798 0.5833 -147.689 -147.648 -0.29454 0.27717 9 75
387 461 7 0.6494 0.6562 -138.304 -138.094 -0.42054 0.28317 8 74
387 447 8 0.6169 0.6207 -140.288 -141.079 -0.37254 0.27717 8 75
387 409 9 0.6252 0.6248 -138.779 -138.563 -0.39654 0.27117 8 75
387 510 10 0.6237 0.6208 -142.966 -143.137 -0.35454 0.28317 8 75
387 418 11 0.5571 0.5682 -142.621 -143.133 -0.32454 0.25917 9 75
387 514 12 0.6233 0.6302 -143.573 -143.734 -0.35454 0.28917 8 75
387 407 13 0.584 0.578 -135.437 -135.44 -0.39054 0.24117 8 75
387 457 14 0.6493 0.6527 -138.584 -138.53 -0.41454 0.28317 8 74
387 434 15 0.603 0.6037 -146.209 -146.125 -0.31854 0.28317 8 75
387 459 16 0.6525 0.6527 -138.626 -138.53 -0.41454 0.28317 8 74
387 430 17 0.5312 0.5323 -138.358 -137.899 -0.34254 0.22917 9 75
387 384 18 0.6022 0.6108 -135.814 -136.726 -0.40254 0.25917 8 75
387 494 19 0.5472 0.5417 -135.244 -134.497 -0.37254 0.22317 8 75
387 465 20 0.5897 0.6021 -141.083 -141.888 -0.35454 0.27117 8 75
387 420 21 0.5584 0.5682 -142.722 -143.133 -0.32454 0.25917 9 75
387 485 22 0.6281 0.6313 -145.853 -145.758 -0.33654 0.29517 8 75
387 424 23 0.6056 0.601 -146.794 -146.639 -0.31254 0.28317 9 75
387 435 24 0.5909 0.5902 -139.066 -139.568 -0.36654 0.25917 8 76
387 457 25 0.6443 0.6439 -138.096 -137.88 -0.41454 0.27717 8 74
387 443 26 0.5791 0.5836 -143.075 -142.748 -0.33654 0.26517 8 75
387 431 27 0.593 0.5912 -146.318 -146.06 -0.31254 0.27717 9 75
387 479 28 0.5582 0.5501 -136.059 -135.321 -0.37254 0.22917 8 75
387 430 29 0.5902 0.5936 -138.636 -139.081 -0.37254 0.25917 8 76
387 460 30 0.5674 0.5586 -136.461 -136.119 -0.37254 0.23517 8 75
387 479 31 0.6162 0.6176 -141.169 -141.555 -0.36654 0.27717 8 75
387 427 32 0.56 0.5584 -147.543 -147.578 -0.28254 0.26517 9 75
387 421 33 0.556 0.5594 -144.532 -144.744 -0.30654 0.25917 9 75
387 417 34 0.567 0.5658 -148.744 -148.72 -0.27654 0.27117 9 75
387 424 35 0.5918 0.5833 -147.855 -147.648 -0.29454 0.27717 9 75
387 451 36 0.6383 0.6384 -147.419 -146.79 -0.33054 0.30117 8 75
387 454 37 0.5573 0.548 -138.375 -137.637 -0.35454 0.23517 9 75
387 466 38 0.5907 0.596 -142.866 -142.883 -0.34254 0.27117 8 75
387 442 39 0.5435 0.5445 -138.825 -138.157 -0.34854 0.23517 9 75
387 427 40 0.5615 0.5712 -142.098 -142.607 -0.33054 0.25917 9 75
387 444 41 0.5712 0.5714 -140.582 -140.37 -0.34854 0.25317 8 76
387 441 42 0.5947 0.5993 -139.415 -140.25 -0.36654 0.26517 8 76
387 431 43 0.583 0.5859 -147.18 -147.114 -0.30054 0.27717 9 75
387 398 44 0.5383 0.5435 -140.933 -140.503 -0.33054 0.24117 9 75
387 401 45 0.6103 0.6195 -136.779 -137.427 -0.40254 0.26517 8 75
387 414 46 0.5301 0.5334 -147.611 -147.501 -0.27054 0.25317 9 75
387 414 47 0.5536 0.5594 -144.029 -144.744 -0.30654 0.25917 9 75
387 483 48 0.6154 0.6145 -141.395 -142.036 -0.36054 0.27717 8 75
387 415 49 0.5921 0.5883 -149.225 -149.277 -0.28254 0.28317 9 75
429 482 0 0.5674 0.5657 -139.688 -139.144 -0.35454 0.24717 8 76
429 552 1 0.6456 0.6369 -145.106 -144.791 -0.34854 0.29517 8 75
429 449 2 0.6233 0.6215 -139.254 -139.023 -0.39054 0.27117 8 76
429 485 3 0.5983 0.5967 -145.268 -145.025 -0.32454 0.27717 8 76
429 482 4 0.5877 0.5869 -139.572 -140.061 -0.36054 0.25917 8 76
429 467 5 0.554 0.561 -146.989 -147.02 -0.28854 0.26517 9 75
429 464 6 0.5744 0.5783 -148.746 -148.73 -0.28254 0.27717 9 76
429 458 7 0.5686 0.5658 -148.96 -148.72 -0.27654 0.27117 9 76
429 464 8 0.5968 0.5958 -147.728 -147.681 -0.30054 0.28317 9 76
429 494 9 0.5986 0.6084 -140.029 -140.913 -0.36654 0.27117 8 76
429 453 10 0.5998 0.5907 -149.238 -148.741 -0.28854 0.28317 9 75
429 445 11 0.6352 0.6306 -148.792 -148.269 -0.31254 0.30117 9 75
429 533 12 0.5516 0.5417 -135.055 -134.497 -0.37254 0.22317 8 75
429 486 13 0.5677 0.569 -138.795 -138.638 -0.36054 0.24717 8 76
429 444 14 0.6537 0.658 -135.163 -136.157 -0.43854 0.27717 8 74
429 452 15 0.6228 0.6248 -138.541 -138.563 -0.39654 0.27117 8 75
429 446 16 0.5311 0.5284 -148.964 -148.684 -0.25854 0.25317 9 75
429 459 17 0.5369 0.536 -146.716 -146.918 -0.27654 0.25317 9 75
429 474 18 0.5797 0.5843 -144.911 -144.935 -0.31854 0.27117 9 76
429 536 19 0.6158 0.6244 -144.598 -144.702 -0.34254 0.28917 8 75
429 422 20 0.6283 0.6257 -149.765 -149.274 -0.30054 0.30117 9 75
429 439 21 0.6083 0.6195 -136.833 -137.427 -0.40254 0.26517 8 76
429 447 22 0.6303 0.6304 -139.635 -139.679 -0.39054 0.27717 8 75
429 466 23 0.6416 0.6459 -135.213 -135.907 -0.43254 0.27117 8 74
429 452 24 0.556 0.5533 -149.087 -148.708 -0.27054 0.26517 9 76
429 430 25 0.6249 0.6157 -149.115 -148.76 -0.30054 0.29517 9 75
429 433 26 0.6303 0.6281 -149.173 -148.769 -0.30654 0.30117 9 75
429 513 27 0.5947 0.6054 -143.207 -143.509 -0.34254 0.27717 8 76
429 449 28 0.5377 0.536 -149.681 -149.874 -0.25254 0.25917 9 75
429 503 29 0.6323 0.6286 -146.679 -146.248 -0.33054 0.29517 8 75
429 464 30 0.6389 0.6371 -139.071 -138.77 -0.40254 0.27717 8 75
429 558 31 0.6398 0.6369 -145.11 -144.791 -0.34854 0.29517 8 75
429 562 32 0.6292 0.6302 -143.631 -143.734 -0.35454 0.28917 8 75
429 466 33 0.5539 0.5566 -145.041 -145.292 -0.30054 0.25917 9 75
429 446 34 0.6132 0.616 -137.717 -137.884 -0.39654 0.26517 8 76
429 518 35 0.6422 0.641 -146.844 -146.305 -0.33654 0.30117 8 75
429 476 36 0.6531 0.6494 -139.463 -138.97 -0.40854 0.28317 8 75
429 473 37 0.5865 0.5843 -145.397 -144.935 -0.31854 0.27117 9 76
429 530 38 0.6247 0.6268 -141.882 -142.179 -0.36654 0.28317 8 75
429 498 39 0.5837 0.5866 -142.299 -142.238 -0.34254 0.26517 8 76
429 496 40 0.5834 0.596 -142.545 -142.883 -0.34254 0.27117 8 76
429 448 41 0.5435 0.5499 -143.803 -144.088 -0.30654 0.25317 9 75
429 459 42 0.6474 0.6494 -139.653 -138.97 -0.40854 0.28317 8 75
429 492 43 0.582 0.5897 -140.889 -141.733 -0.34854 0.26517 8 76
429 449 44 0.5323 0.5317 -144.667 -145.108 -0.28854 0.24717 9 75
429 444 45 0.6109 0.616 -137.476 -137.884 -0.39654 0.26517 8 76
429 422 46 0.6538 0.6427 -140.883 -139.864 -0.39654 0.28317 8 75
429 498 47 0.6498 0.6508 -147.472 -146.837 -0.33654 0.30717 8 75
429 512 48 0.5621 0.5501 -136.206 -135.321 -0.37254 0.22917 8 76
429 497 49 0.5661 0.5586 -136.945 -136.119 -0.37254 0.23517 8 76
472 481 0 0.6424 0.6406 -149.286 -148.778 -0.31254 0.30717 8 76
472 563 1 0.5559 0.5465 -136.525 -135.823 -0.36654 0.22917 8 76
472 535 2 0.5829 0.5929 -140.588 -141.234 -0.35454 0.26517 8 76
472 521 3 0.6483 0.6482 -147.989 -147.316 -0.33054 0.30717 8 75
472 483 4 0.6124 0.618 -135.229 -135.822 -0.41454 0.25917 8 75
472 556 5 0.5362 0.5393 -136.763 -136.847 -0.35454 0.22917 9 75
472 559 6 0.5505 0.5429 -137.136 -136.332 -0.36054 0.22917 8 76
472 534 7 0.5499 0.5445 -138.738 -138.157 -0.34854 0.23517 8 76
472 507 8 0.5952 0.5958 -147.634 -147.681 -0.30054 0.28317 8 76
472 542 9 0.6195 0.6188 -146.16 -145.688 -0.33054 0.28917 8 76
472 535 10 0.6317 0.6286 -146.958 -146.248 -0.33054 0.29517 8 76
472 501 11 0.5426 0.5442 -145.036 -145.203 -0.29454 0.25317 9 76
472 528 12 0.6457 0.6509 -135.963 -137.009 -0.42654 0.27717 8 75
472 503 13 0.6208 0.6352 -136.753 -137.213 -0.41454 0.27117 8 76
472 596 14 0.6424 0.6397 -144.023 -144.313 -0.35454 0.29517 8 75
472 501 15 0.6063 0.601 -147.3 -146.639 -0.31254 0.28317 9 76
472 495 16 0.5505 0.5558 -142.61 -142.997 -0.31854 0.25317 9 76
472 506 17 0.5836 0.5783 -148.982 -148.73 -0.28254 0.27717 9 76
472 499 18 0.5378 0.5414 -145.836 -145.768 -0.28854 0.25317 9 76
472 590 19 0.6362 0.6341 -145.458 -145.272 -0.34254 0.29517 8 75
472 524 20 0.5771 0.5779 -139.011 -139.361 -0.36054 0.25317 8 76
472 520 21 0.5676 0.5742 -142.047 -142.087 -0.33654 0.25917 8 76
472 542 22 0.5998 0.6052 -140.444 -141.398 -0.36054 0.27117 8 76
472 602 23 0.6355 0.6369 -144.869 -144.791 -0.34854 0.29517 8 75
472 524 24 0.5756 0.5746 -139.567 -139.863 -0.35454 0.25317 8 76
472 561 25 0.5469 0.5429 -137.047 -136.332 -0.36054 0.22917 8 76
472 517 26 0.5741 0.5659 -135.332 -135.139 -0.38454 0.23517 8 76
472 462 27 0.5298 0.5371 -140.978 -141.591 -0.31854 0.24117 9 76
472 560 28 0.5971 0.6054 -143.143 -143.509 -0.34254 0.27717 8 76
472 513 29 0.5559 0.561 -146.713 -147.02 -0.28854 0.26517 9 76
472 499 30 0.532 0.5387 -146.012 -146.34 -0.28254 0.25317 9 75
472 521 31 0.5819 0.5779 -139.246 -139.361 -0.36054 0.25317 8 76
472 544 32 0.6419 0.6384 -147.164 -146.79 -0.33054 0.30117 8 75
472 507 33 0.6126 0.6148 -139.375 -139.958 -0.37854 0.27117 8 76
472 483 34 0.6085 0.6126 -137.706 -138.347 -0.39054 0.26517 8 76
472 519 35 0.5706 0.5742 -142.318 -142.087 -0.33654 0.25917 8 76
472 491 36 0.535 0.5442 -144.51 -145.203 -0.29454 0.25317 9 76
472 561 37 0.6471 0.641 -146.927 -146.305 -0.33654 0.30117 8 75
472 511 38 0.5683 0.5683 -148.323 -148.164 -0.28254 0.27117 9 76
472 587 39 0.6115 0.6208 -142.58 -143.137 -0.35454 0.28317 8 76
472 510 40 0.5714 0.5747 -144.488 -144.31 -0.31854 0.26517 9 76
472 541 41 0.6476 0.6508 -147.316 -146.837 -0.33654 0.30717 8 75
472 500 42 0.5876 0.5883 -149.427 -149.277 -0.28254 0.28317 9 76
472 493 43 0.6079 0.6057 -148.175 -148.229 -0.30054 0.28917 9 76
472 529 44 0.5788 0.5837 -140.002 -140.559 -0.35454 0.25917 8 76
472 589 45 0.6344 0.6341 -145.589 -145.272 -0.34254 0.29517 8 75
472 499 46 0.5693 0.5658 -149.104 -148.72 -0.27654 0.27117 9 76
472 496 47 0.5471 0.5433 -148.497 -148.116 -0.27054 0.25917 9 76
472 504 48 0.5491 0.5526 -141.224 -141.228 -0.33054 0.24717 9 76
472 503 49 0.5432 0.5459 -147.709 -147.54 -0.27654 0.25917 9 76
515 546 0 0.546 0.5539 -145.252 -145.846 -0.29454 0.25917 9 76
515 527 1 0.6226 0.6182 -148.451 -148.249 -0.30654 0.29517 8 76
515 517 2 0.6092 0.618 -135.319 -135.822 -0.41454 0.25917 8 76
515 550 3 0.6261 0.6301 -135.559 -136.084 -0.42054 0.26517 8 75
515 536 4 0.6131 0.6082 -148.054 -147.712 -0.30654 0.28917 8 76
515 549 5 0.5963 0.5958 -147.71 -147.681 -0.30054 0.28317 8 76
515 516 6 0.6275 0.6281 -149.074 -148.769 -0.30654 0.30117 9 76
515 528 7 0.5298 0.5346 -144.332 -144.536 -0.29454 0.24717 9 76
515 580 8 0.5948 0.596 -140.235 -140.739 -0.36054 0.26517 8 77
515 576 9 0.5638 0.5637 -137.742 -137.391 -0.36654 0.24117 8 77
515 552 10 0.5509 0.5512 -146.64 -146.405 -0.28854 0.25917 9 76
515 643 11 0.6409 0.6397 -144.177 -144.313 -0.35454 0.29517 8 75
515 582 12 0.6408 0.6384 -147.32 -146.79 -0.33054 0.30117 8 76
515 606 13 0.555 0.5465 -136.205 -135.823 -0.36654 0.22917 8 76
515 543 14 0.6384 0.6332 -148.292 -147.772 -0.31854 0.30117 8 76
515 575 15 0.6309 0.6299 -141.183 -141.706 -0.37254 0.28317 8 76
515 534 16 0.5376 0.536 -149.689 -149.874 -0.25254 0.25917 9 76
515 525 17 0.6217 0.6182 -148.643 -148.249 -0.30654 0.29517 8 76
515 576 18 0.6492 0.6362 -142.661 -142.784 -0.36654 0.28917 8 75
515 578 19 0.5811 0.5866 -142.267 -142.238 -0.34254 0.26517 8 77
515 534 20 0.5392 0.536 -149.785 -149.874 -0.25254 0.25917 9 76
515 554 21 0.5693 0.5776 -143.474 -143.784 -0.32454 0.26517 8 76
515 572 22 0.5803 0.5837 -140.046 -140.559 -0.35454 0.25917 8 77
515 617 23 0.6123 0.6149 -144.37 -144.115 -0.34254 0.28317 8 76
515 594 24 0.5927 0.596 -142.82 -142.883 -0.34254 0.27117 8 76
515 533 25 0.6269 0.6207 -148.235 -147.743 -0.31254 0.29517 8 76
515 514 26 0.6169 0.6132 -149.688 -149.275 -0.29454 0.29517 9 76
515 596 27 0.6399 0.641 -146.847 -146.305 -0.33654 0.30117 8 76
515 586 28 0.6419 0.6439 -137.853 -137.88 -0.41454 0.27717 8 75
515 568 29 0.644 0.6392 -141.984 -142.316 -0.37254 0.28917 8 76
515 535 30 0.6136 0.6082 -148.075 -147.712 -0.30654 0.28917 9 76
515 585 31 0.6011 0.6084 -140.526 -140.913 -0.36654 0.27117 8 77
515 554 32 0.621 0.6259 -147.102 -146.742 -0.32454 0.29517 8 76
515 543 33 0.6305 0.6371 -138.61 -138.77 -0.40254 0.27717 8 76
515 542 34 0.6243 0.6233 -147.773 -147.24 -0.31854 0.29517 8 76
515 632 35 0.6327 0.6341 -145.486 -145.272 -0.34254 0.29517 8 76
515 574 36 0.5756 0.5805 -140.827 -141.063 -0.34854 0.25917 8 77
515 544 37 0.5627 0.5658 -148.634 -148.72 -0.27654 0.27117 9 76
515 542 38 0.6035 0.5958 -147.869 -147.681 -0.30054 0.28317 8 76
515 637 39 0.649 0.6465 -145.573 -145.348 -0.34854 0.30117 8 75
515 592 40 0.6529 0.6596 -136.927 -137.663 -0.42654 0.28317 8 75
515 550 41 0.5295 0.5323 -138.378 -137.899 -0.34254 0.22917 9 76
515 542 42 0.5465 0.5459 -147.945 -147.54 -0.27654 0.25917 9 76
515 574 43 0.579 0.5836 -142.65 -142.748 -0.33654 0.26517 8 76
515 551 44 0.6031 0.6058 -139.053 -139.288 -0.37854 0.26517 8 77
515 548 45 0.5746 0.5696 -134.988 -134.659 -0.39054 0.23517 8 76
515 582 46 0.5936 0.6025 -144.002 -144.009 -0.33654 0.27717 8 76
515 529 47 0.5458 0.5558 -142.607 -142.997 -0.31854 0.25317 9 76
515 604 48 0.618 0.6216 -145.374 -145.193 -0.33654 0.28917 8 76
515 531 49 0.5969 0.5916 -137.371 -137.409 -0.38454 0.25317 8 77
558 574 0 0.6479 0.646 -139.978 -139.414 -0.40254 0.28317 8 76
558 575 1 0.5546 0.5652 -143.405 -143.665 -0.31854 0.25917 9 77
558 600 2 0.5675 0.5734 -146.883 -147.068 -0.29454 0.27117 9 77
558 593 3 0.544 0.5467 -140.223 -139.968 -0.33654 0.24117 9 77
558 642 4 0.5961 0.6084 -142.545 -143.013 -0.34854 0.27717 8 77
558 585 5 0.5745 0.5758 -149.409 -149.279 -0.27654 0.27717 9 77
558 676 6 0.6473 0.6465 -145.19 -145.348 -0.34854 0.30117 8 76
558 599 7 0.571 0.5776 -143.604 -143.784 -0.32454 0.26517 9 77
558 600 8 0.5821 0.5843 -144.602 -144.935 -0.31854 0.27117 8 77
558 610 9 0.5712 0.5742 -141.895 -142.087 -0.33654 0.25917 8 77
558 664 10 0.6068 0.6084 -143.026 -143.013 -0.34854 0.27717 8 77
558 579 11 0.5472 0.5509 -149.14 -149.281 -0.26454 0.26517 9 77
558 557 12 0.589 0.5901 -135.418 -135.728 -0.39654 0.24717 8 77
558 565 13 0.5427 0.5528 -143.21 -143.539 -0.31254 0.25317 9 77
558 581 14 0.6102 0.6092 -138.721 -138.815 -0.38454 0.26517 8 77
558 598 15 0.6213 0.6239 -140.173 -140.608 -0.37854 0.27717 8 77
558 588 16 0.5486 0.5459 -147.474 -147.54 -0.27654 0.25917 9 77
558 609 17 0.6302 0.6352 -137.193 -137.213 -0.41454 0.27117 8 76
558 588 18 0.5561 0.5588 -142.494 -142.46 -0.32454 0.25317 9 77
558 632 19 0.6534 0.6456 -143.264 -143.372 -0.36654 0.29517 8 76
558 579 20 0.648 0.6431 -148.837 -148.287 -0.31854 0.30717 8 76
558 576 21 0.5503 0.5528 -143.619 -143.539 -0.31254 0.25317 9 77
558 602 22 0.5807 0.5761 -146.724 -146.527 -0.30054 0.27117 9 77
558 597 23 0.5749 0.5815 -145.146 -145.461 -0.31254 0.27117 9 77
558 584 24 0.6199 0.6266 -136.469 -136.527 -0.41454 0.26517 8 76
558 592 25 0.5948 0.5958 -147.629 -147.681 -0.30054 0.28317 8 77
558 600 26 0.5421 0.55 -139.274 -139.44 -0.34254 0.24117 8 77
558 596 27 0.5688 0.5682 -143.306 -143.133 -0.32454 0.25917 9 77
558 560 28 0.6094 0.6108 -136.354 -136.726 -0.40254 0.25917 8 76
558 563 29 0.6139 0.6217 -135.072 -135.377 -0.42054 0.25917 8 76
558 607 30 0.6545 0.6545 -136.081 -136.581 -0.43254 0.27717 8 75
558 611 31 0.5761 0.5746 -139.877 -139.863 -0.35454 0.25317 8 77
558 646 32 0.5984 0.6054 -143.128 -143.509 -0.34254 0.27717 8 77
558 573 33 0.5335 0.5317 -144.732 -145.108 -0.28854 0.24717 9 76
558 579 34 0.5351 0.5378 -139.66 -139.214 -0.33654 0.23517 9 76
558 674 35 0.6302 0.6341 -145.17 -145.272 -0.34254 0.29517 8 76
558 597 36 0.6492 0.6494 -139.442 -138.97 -0.40854 0.28317 8 76
558 588 37 0.5621 0.5652 -143.768 -143.665 -0.31854 0.25917 9 77
558 672 38 0.639 0.6341 -145.599 -145.272 -0.34254 0.29517 8 76
558 579 39 0.5389 0.5442 -144.601 -145.203 -0.29454 0.25317 9 76
558 678 40 0.6482 0.6465 -145.623 -145.348 -0.34854 0.30117 8 76
558 548 41 0.5302 0.5375 -143.051 -143.969 -0.30054 0.24717 9 76
558 594 42 0.6117 0.6134 -146.934 -146.691 -0.31854 0.28917 8 77
558 588 43 0.5841 0.5794 -137.665 -137.157 -0.37854 0.24717 8 77
558 623 44 0.5859 0.593 -143.107 -143.389 -0.33654 0.27117 8 77
558 648 45 0.5523 0.5465 -136.515 -135.823 -0.36654 0.22917 8 77
558 586 46 0.5512 0.5526 -141.538 -141.228 -0.33054 0.24717 9 77
558 576 47 0.6216 0.6207 -148.149 -147.743 -0.31254 0.29517 8 77
558 674 48 0.6558 0.6493 -145.23 -144.876 -0.35454 0.30117 8 75
558 596 49 0.5908 0.5859 -147.121 -147.114 -0.30054 0.27717 8 77
601 654 0 0.5493 0.55 -139.391 -139.44 -0.34254 0.24117 9 77
601 635 1 0.5896 0.5833 -148.096 -147.648 -0.29454 0.27717 8 77
601 657 2 0.5673 0.5575 -134.945 -134.337 -0.38454 0.22917 8 77
601 672 3 0.5972 0.6052 -140.635 -141.398 -0.36054 0.27117 8 78
601 624 4 0.6072 0.6082 -147.66 -147.712 -0.30654 0.28917 8 77
601 644 5 0.5683 0.5663 -145.946 -145.92 -0.30054 0.26517 9 77
601 621 6 0.5472 0.5495 -141.578 -141.764 -0.32454 0.24717 9 77
601 606 7 0.5877 0.578 -135.753 -135.44 -0.39054 0.24117 8 77
601 662 8 0.5439 0.5445 -138.374 -138.157 -0.34854 0.23517 8 77
601 715 9 0.6389 0.6341 -145.617 -145.272 -0.34254 0.29517 8 76
601 621 10 0.6526 0.6392 -142.225 -142.316 -0.37254 0.28917 8 76
601 644 11 0.5715 0.5734 -146.765 -147.068 -0.29454 0.27117 8 77
601 598 12 0.5353 0.5403 -141.213 -141.044 -0.32454 0.24117 9 77
601 691 13 0.6461 0.641 -146.705 -146.305 -0.33654 0.30117 8 76
601 714 14 0.6138 0.6208 -143.021 -143.137 -0.35454 0.28317 8 77
601 668 15 0.5538 0.548 -138.343 -137.637 -0.35454 0.23517 8 77
601 706 16 0.6503 0.6437 -146.083 -145.825 -0.34254 0.30117 8 76
601 595 17 0.6048 0.6144 -135.537 -136.271 -0.40854 0.25917 8 77
601 654 18 0.5698 0.5637 -137.498 -137.391 -0.36654 0.24117 8 78
601 640 19 0.5877 0.5885 -146.766 -146.584 -0.30654 0.27717 8 77
601 633 20 0.5931 0.5885 -147.064 -146.584 -0.30654 0.27717 8 77
601 624 21 0.5508 0.5588 -142.101 -142.46 -0.32454 0.25317 9 77
601 617 22 0.6005 0.6003 -137.804 -138.123 -0.38454 0.25917 8 77
601 719 23 0.6469 0.6465 -145.603 -145.348 -0.34854 0.30117 8 76
601 688 24 0.5513 0.5465 -136.622 -135.823 -0.36654 0.22917 8 77
601 623 25 0.5346 0.5334 -147.316 -147.501 -0.27054 0.25317 9 77
601 598 26 0.534 0.5403 -141.07 -141.044 -0.32454 0.24117 9 77
601 712 27 0.6097 0.6114 -142.332 -142.522 -0.35454 0.27717 8 77
601 689 28 0.6542 0.6535 -146.807 -146.361 -0.34254 0.30717 8 76
601 685 29 0.5528 0.5465 -136.71 -135.823 -0.36654 0.22917 8 77
601 640 30 0.6428 0.6459 -135.53 -135.907 -0.43254 0.27117 8 76
601 708 31 0.6153 0.6238 -142.281 -142.656 -0.36054 0.28317 8 77
601 644 32 0.5864 0.5843 -145.175 -144.935 -0.31854 0.27117 8 77
601 612 33 0.6115 0.6126 -137.917 -138.347 -0.39054 0.26517 8 77
601 639 34 0.5763 0.5776 -144.143 -143.784 -0.32454 0.26517 8 77
601 657 35 0.6551 0.6545 -136.269 -136.581 -0.43254 0.27717 8 75
601 706 36 0.6108 0.6208 -142.901 -143.137 -0.35454 0.28317 8 77
601 656 37 0.5895 0.596 -139.938 -140.739 -0.36054 0.26517 8 78
601 718 38 0.6139 0.6208 -142.612 -143.137 -0.35454 0.28317 8 77
601 627 39 0.5592 0.5623 -143.757 -144.202 -0.31254 0.25917 9 77
601 681 40 0.5602 0.5538 -135.146 -134.825 -0.37854 0.22917 8 77
601 608 41 0.6117 0.6032 -149.124 -148.751 -0.29454 0.28917 8 77
601 614 42 0.5401 0.547 -143.996 -144.642 -0.30054 0.25317 9 77
601 701 43 0.6046 0.6084 -143.054 -143.013 -0.34854 0.27717 8 77
601 687 44 0.5498 0.5429 -136.927 -136.332 -0.36054 0.22917 8 77
601 625 45 0.6078 0.6092 -138.659 -138.815 -0.38454 0.26517 8 77
601 624 46 0.5636 0.5634 -149.302 -149.28 -0.27054 0.27117 9 77
601 617 47 0.6513 0.6531 -149.031 -148.786 -0.31854 0.31317 8 77
601 671 48 0.5571 0.5515 -137.871 -137.125 -0.36054 0.23517 8 77
601 687 49 0.5458 0.5429 -136.957 -136.332 -0.36054 0.22917 8 77
43 139 0 0.5378 0.6302 -143.299 -143.734 -0.35454 0.28917 9 73
43 155 1 0.5948 0.6273 -145.677 -144.216 -0.34854 0.28917 9 73
43 147 2 0.5942 0.6273 -146.615 -144.216 -0.34854 0.28917 9 73
43 138 3 0.546 0.6302 -149.696 -143.734 -0.35454 0.28917 9 73
43 153 4 0.6056 0.6273 -146.583 -144.216 -0.34854 0.28917 9 73
43 169 5 0.5462 0.5335 -135.012 -133.648 -0.37254 0.21717 9 73
43 164 6 0.5881 0.6273 -143.996 -144.216 -0.34854 0.28917 9 73
43 174 7 0.6408 0.6369 -146.376 -144.791 -0.34854 0.29517 9 73
43 140 8 0.549 0.6273 -143.638 -144.216 -0.34854 0.28917 9 73
43 156 9 0.5744 0.5335 -135.475 -133.648 -0.37254 0.21717 9 74
43 174 10 0.6298 0.6369 -145.812 -144.791 -0.34854 0.29517 9 73
43 176 11 0.607 0.6273 -143.393 -144.216 -0.34854 0.28917 9 73
43 138 12 0.655 0.6302 -138.001 -143.734 -0.35454 0.28917 9 73
43 153 13 0.5697 0.6302 -138.841 -143.734 -0.35454 0.28917 9 74
43 168 14 0.5887 0.6302 -142.075 -143.734 -0.35454 0.28917 9 73
43 146 15 0.5475 0.6302 -139.584 -143.734 -0.35454 0.28917 9 73
43 142 16 0.5353 0.5297 -139.113 -134.155 -0.36654 0.21717 9 73
43 172 17 0.6144 0.6273 -145.128 -144.216 -0.34854 0.28917 9 73
43 157 18 0.5912 0.6302 -139.143 -143.734 -0.35454 0.28917 9 74
43 138 19 0.5303 0.6302 -142.857 -143.734 -0.35454 0.28917 9 73
43 152 20 0.5707 0.6273 -143.936 -144.216 -0.34854 0.28917 9 73
43 145 21 0.5767 0.6273 -145.379 -144.216 -0.34854 0.28917 9 73
43 146 22 0.6113 0.6302 -138.229 -143.734 -0.35454 0.28917 9 73
43 138 23 0.5798 0.6302 -148.995 -143.734 -0.35454 0.28917 9 73
43 156 24 0.5726 0.6273 -143.067 -144.216 -0.34854 0.28917 9 73
43 156 25 0.5783 0.6273 -144.112 -144.216 -0.34854 0.28917 9 73
43 138 26 0.5585 0.6302 -148.191 -143.734 -0.35454 0.28917 9 73
43 162 27 0.5636 0.5335 -135.906 -133.648 -0.37254 0.21717 9 74
43 181 28 0.6218 0.6302 -143.633 -143.734 -0.35454 0.28917 9 73
43 179 29 0.6203 0.6273 -144.299 -144.216 -0.34854 0.28917 9 73
43 151 30 0.6331 0.6369 -148.242 -144.791 -0.34854 0.29517 9 73
43 138 31 0.6442 0.6302 -136.35 -143.734 -0.35454 0.28917 9 73
43 139 32 0.5318 0.6302 -148.507 -143.734 -0.35454 0.28917 9 73
43 140 33 0.6527 0.6302 -135.591 -143.734 -0.35454 0.28917 9 73
43 160 34 0.5762 0.6273 -142.209 -144.216 -0.34854 0.28917 9 73
43 137 35 0.5611 0.6302 -148.439 -143.734 -0.35454 0.28917 9 73
43 151 36 0.561 0.6302 -141.064 -143.734 -0.35454 0.28917 9 73
43 140 37 0.6133 0.6302 -135.518 -143.734 -0.35454 0.28917 9 73
43 173 38 0.5989 0.6302 -142.323 -143.734 -0.35454 0.28917 9 73
43 139 39 0.6543 0.6302 -135.87 -143.734 -0.35454 0.28917 9 73
43 173 40 0.5996 0.6302 -142.698 -143.734 -0.35454 0.28917 9 73
43 169 41 0.5957 0.6302 -140.906 -143.734 -0.35454 0.28917 9 74
43 141 42 0.6477 0.6302 -139.424 -143.734 -0.35454 0.28917 9 73
43 166 43 0.5461 0.5297 -136.53 -134.155 -0.36654 0.21717 9 73
43 138 44 0.578 0.6302 -148.251 -143.734 -0.35454 0.28917 9 73
43 181 45 0.6406 0.6302 -144.345 -143.734 -0.35454 0.28917 9 73
43 144 46 0.6445 0.6302 -139.618 -143.734 -0.35454 0.28917 9 73
43 171 47 0.6253 0.6302 -141.647 -143.734 -0.35454 0.28917 9 73
43 181 48 0.6424 0.6302 -144.002 -143.734 -0.35454 0.28917 9 73
43 175 49 0.6095 0.6302 -141.65 -143.734 -0.35454 0.28917 9 73
86 196 0 0.5873 0.6178 -141.862 -143.624 -0.34854 0.28317 9 74
86 143 1 0.6122 0.6369 -148.749 -144.791 -0.34854 0.29517 9 74
86 219 2 0.6481 0.6397 -144.123 -144.313 -0.35454 0.29517 9 73
86 173 3 0.5657 0.6208 -140.325 -143.137 -0.35454 0.28317 9 74
86 142 4 0.5483 0.6273 -144.534 -144.216 -0.34854 0.28917 9 74
86 203 5 0.5544 0.5335 -135.557 -133.648 -0.37254 0.21717 9 74
86 198 6 0.6156 0.6244 -145.704 -144.702 -0.34254 0.28917 9 74
86 148 7 0.5479 0.6273 -142.474 -144.216 -0.34854 0.28917 9 74
86 158 8 0.6282 0.6332 -139.366 -143.257 -0.36054 0.28917 9 74
86 212 9 0.6098 0.6273 -144.43 -144.216 -0.34854 0.28917 9 74
86 155 10 0.5931 0.6273 -146.652 -144.216 -0.34854 0.28917 9 74
86 141 11 0.6268 0.6369 -149.626 -144.791 -0.34854 0.29517 9 74
86 138 12 0.5463 0.6302 -146.196 -143.734 -0.35454 0.28917 9 74
86 159 13 0.6233 0.6562 -136.843 -138.094 -0.42054 0.28317 9 74
86 170 14 0.5384 0.5343 -138.547 -135.513 -0.36054 0.22317 9 74
86 220 15 0.6475 0.6397 -144.973 -144.313 -0.35454 0.29517 9 73
86 179 16 0.577 0.538 -138.036 -135.002 -0.36654 0.22317 9 74
86 179 17 0.574 0.538 -138.294 -135.002 -0.36654 0.22317 9 74
86 175 18 0.5697 0.538 -138.894 -135.002 -0.36654 0.22317 9 74
86 171 19 0.6544 0.6562 -139.017 -138.094 -0.42054 0.28317 9 73
86 158 20 0.5452 0.5343 -139.528 -135.513 -0.36054 0.22317 9 74
86 179 21 0.5718 0.6208 -140.381 -143.137 -0.35454 0.28317 9 74
86 137 22 0.5502 0.6302 -149.521 -143.734 -0.35454 0.28917 9 74
86 138 23 0.5633 0.6302 -148.465 -143.734 -0.35454 0.28917 9 74
86 162 24 0.5319 0.5259 -138.568 -134.668 -0.36054 0.21717 9 74
86 190 25 0.5706 0.5417 -136.614 -134.497 -0.37254 0.22317 9 74
86 149 26 0.6527 0.6562 -140.217 -138.094 -0.42054 0.28317 9 74
86 221 27 0.626 0.6273 -144.488 -144.216 -0.34854 0.28917 9 73
86 198 28 0.5994 0.6208 -140.595 -143.137 -0.35454 0.28317 9 74
86 200 29 0.5441 0.5297 -136.648 -134.155 -0.36654 0.21717 9 74
86 180 30 0.5733 0.6178 -142.076 -143.624 -0.34854 0.28317 9 74
86 160 31 0.6215 0.6341 -147.889 -145.272 -0.34254 0.29517 9 74
86 212 32 0.6199 0.6273 -145.201 -144.216 -0.34854 0.28917 9 73
86 150 33 0.5439 0.6273 -140.376 -144.216 -0.34854 0.28917 9 74
86 205 34 0.6209 0.6302 -141.584 -143.734 -0.35454 0.28917 9 73
86 146 35 0.5829 0.6273 -146.888 -144.216 -0.34854 0.28917 9 74
86 137 36 0.5646 0.6302 -149.656 -143.734 -0.35454 0.28917 9 74
86 224 37 0.6265 0.6302 -143.533 -143.734 -0.35454 0.28917 9 73
86 171 38 0.5845 0.6208 -138.691 -143.137 -0.35454 0.28317 9 74
86 184 39 0.5792 0.6208 -139.818 -143.137 -0.35454 0.28317 9 74
86 148 40 0.6012 0.5335 -135.908 -133.648 -0.37254 0.21717 9 74
86 169 41 0.6339 0.6562 -137.42 -138.094 -0.42054 0.28317 9 74
86 189 42 0.5347 0.5343 -137.077 -135.513 -0.36054 0.22317 9 74
86 156 43 0.594 0.6273 -146.648 -144.216 -0.34854 0.28917 9 74
86 179 44 0.5735 0.6178 -142.412 -143.624 -0.34854 0.28317 9 74
86 219 45 0.6495 0.6397 -144.251 -144.313 -0.35454 0.29517 9 73
86 158 46 0.6496 0.6562 -139.57 -138.094 -0.42054 0.28317 9 74
86 138 47 0.6094 0.6302 -149.536 -143.734 -0.35454 0.28917 9 74
86 138 48 0.604 0.6302 -149.812 -143.734 -0.35454 0.28917 9 74
86 177 49 0.6473 0.6596 -136.884 -137.663 -0.42654 0.28317 9 74
129 261 0 0.6167 0.6302 -142.896 -143.734 -0.35454 0.28917 9 74
129 178 1 0.5637 0.5663 -145.577 -145.92 -0.30054 0.26517 9 74
129 211 2 0.6404 0.641 -147.663 -146.305 -0.33654 0.30117 9 74
129 180 3 0.6178 0.6268 -139.084 -142.179 -0.36654 0.28317 9 74
129 164 4 0.6392 0.6384 -148.996 -146.79 -0.33054 0.30117 9 74
129 253 5 0.6435 0.6302 -143.433 -143.734 -0.35454 0.28917 9 73
129 171 6 0.5506 0.5584 -147.412 -147.578 -0.28254 0.26517 9 74
129 204 7 0.628 0.6268 -140.376 -142.179 -0.36654 0.28317 9 74
129 220 8 0.6531 0.6332 -142.472 -143.257 -0.36054 0.28917 9 73
129 187 9 0.6428 0.6332 -140.714 -143.257 -0.36054 0.28917 9 74
129 209 10 0.5818 0.6114 -139.585 -142.522 -0.35454 0.27717 9 74
129 207 11 0.5848 0.6145 -139.314 -142.036 -0.36054 0.27717 9 74
129 256 12 0.6539 0.6369 -145.901 -144.791 -0.34854 0.29517 9 73
129 265 13 0.638 0.6369 -144.852 -144.791 -0.34854 0.29517 9 74
129 263 14 0.6318 0.6369 -144.472 -144.791 -0.34854 0.29517 9 74
129 197 15 0.6299 0.6268 -140.232 -142.179 -0.36654 0.28317 9 74
129 212 16 0.6035 0.6244 -145.639 -144.702 -0.34254 0.28917 9 74
129 216 17 0.6455 0.6596 -137.145 -137.663 -0.42654 0.28317 9 74
129 180 18 0.6202 0.6268 -139.173 -142.179 -0.36654 0.28317 9 74
129 175 19 0.5936 0.5833 -148.015 -147.648 -0.29454 0.27717 9 74
129 218 20 0.548 0.5343 -138.101 -135.513 -0.36054 0.22317 9 74
129 200 21 0.6364 0.6562 -138.213 -138.094 -0.42054 0.28317 9 74
129 179 22 0.6401 0.6268 -140.278 -142.179 -0.36654 0.28317 9 74
129 158 23 0.5341 0.521 -148.449 -147.46 -0.26454 0.24717 9 74
129 173 24 0.6028 0.601 -147.206 -146.639 -0.31254 0.28317 9 74
129 172 25 0.6341 0.6313 -148.569 -145.758 -0.33654 0.29517 9 74
129 207 26 0.5734 0.6114 -140.561 -142.522 -0.35454 0.27717 9 74
129 167 27 0.5377 0.5387 -146.118 -146.34 -0.28254 0.25317 9 74
129 158 28 0.5381 0.5417 -149.803 -151.623 -0.24054 0.26517 9 74
129 186 29 0.6363 0.6527 -138.984 -138.53 -0.41454 0.28317 9 74
129 161 30 0.6073 0.5417 -137.683 -134.497 -0.37254 0.22317 9 74
129 254 31 0.6222 0.6302 -142.297 -143.734 -0.35454 0.28917 9 74
129 168 32 0.5477 0.5663 -144.876 -145.92 -0.30054 0.26517 9 74
129 205 33 0.5786 0.6149 -143.337 -144.115 -0.34254 0.28317 9 74
129 190 34 0.6421 0.6527 -139.239 -138.53 -0.41454 0.28317 9 74
129 220 35 0.6108 0.6244 -145.845 -144.702 -0.34254 0.28917 9 74
129 266 36 0.626 0.6302 -143.513 -143.734 -0.35454 0.28917 9 74
129 181 37 0.5414 0.5445 -139.748 -138.157 -0.34854 0.23517 9 74
129 179 38 0.5692 0.5761 -146.35 -146.527 -0.30054 0.27117 9 74
129 171 39 0.5453 0.5512 -145.827 -146.405 -0.28854 0.25917 9 74
129 197 40 0.6321 0.6509 -135.317 -137.009 -0.42654 0.27717 9 74
129 229 41 0.5486 0.5343 -137.389 -135.513 -0.36054 0.22317 9 74
129 194 42 0.5877 0.5501 -137.588 -135.321 -0.37254 0.22917 9 74
129 160 43 0.5377 0.5334 -148.116 -147.501 -0.27054 0.25317 9 74
129 206 44 0.5869 0.6145 -139.15 -142.036 -0.36054 0.27717 9 74
129 241 45 0.6236 0.6341 -145.83 -145.272 -0.34254 0.29517 9 74
129 177 46 0.611 0.6474 -135.085 -137.442 -0.42054 0.27717 9 74
129 171 47 0.5898 0.5808 -148.76 -148.187 -0.28854 0.27717 9 74
129 197 48 0.6229 0.6474 -136.187 -137.442 -0.42054 0.27717 9 74
129 165 49 0.5348 0.5512 -145.326 -146.405 -0.28854 0.25917 9 74
172 273 0 0.5361 0.5343 -136.652 -135.513 -0.36054 0.22317 9 74
172 241 1 0.6276 0.6474 -136.65 -137.442 -0.42054 0.27717 9 74
172 221 2 0.5703 0.5761 -145.959 -146.527 -0.30054 0.27117 9 74
172 217 3 0.5672 0.5719 -144.646 -144.842 -0.31254 0.26517 9 74
172 259 4 0.6551 0.6332 -142.905 -143.257 -0.36054 0.28917 9 73
172 222 5 0.5388 0.5411 -139.459 -138.682 -0.34254 0.23517 9 74
172 259 6 0.6537 0.6596 -136.741 -137.663 -0.42654 0.28317 9 74
172 207 7 0.5311 0.5387 -145.988 -146.34 -0.28254 0.25317 9 74
172 233 8 0.6407 0.6268 -141.047 -142.179 -0.36654 0.28317 9 74
172 210 9 0.6207 0.6405 -137.999 -138.323 -0.40854 0.27717 9 74
172 255 10 0.5712 0.5417 -136.018 -134.497 -0.37254 0.22317 9 74
172 221 11 0.5674 0.5734 -146.918 -147.068 -0.29454 0.27117 9 74
172 262 12 0.6519 0.6596 -137.111 -137.663 -0.42654 0.28317 9 74
172 220 13 0.5635 0.5806 -142.857 -143.264 -0.33054 0.26517 9 74
172 227 14 0.5836 0.5538 -135.937 -134.825 -0.37854 0.22917 9 74
172 244 15 0.6311 0.6268 -140.747 -142.179 -0.36654 0.28317 9 74
172 209 16 0.5509 0.5566 -144.612 -145.292 -0.30054 0.25917 9 74
172 221 17 0.5594 0.5742 -141.889 -142.087 -0.33654 0.25917 9 74
172 237 18 0.574 0.5515 -138.777 -137.125 -0.36054 0.23517 9 74
172 260 19 0.625 0.6268 -140.848 -142.179 -0.36654 0.28317 9 74
172 224 20 0.5427 0.55 -139.708 -139.44 -0.34254 0.24117 9 74
172 279 21 0.6311 0.6332 -141.955 -143.257 -0.36054 0.28917 9 74
172 211 22 0.5792 0.5783 -148.938 -148.73 -0.28254 0.27717 9 74
172 290 23 0.6431 0.6369 -146.093 -144.791 -0.34854 0.29517 9 74
172 260 24 0.6182 0.6216 -146.091 -145.193 -0.33654 0.28917 9 74
172 254 25 0.6341 0.6268 -141.198 -142.179 -0.36654 0.28317 9 74
172 301 26 0.617 0.6208 -142.783 -143.137 -0.35454 0.28317 9 74
172 232 27 0.619 0.6286 -147.066 -146.248 -0.33054 0.29517 9 74
172 208 28 0.6382 0.6268 -140.262 -142.179 -0.36654 0.28317 9 74
172 309 29 0.6268 0.6302 -143.541 -143.734 -0.35454 0.28917 9 74
172 256 30 0.5664 0.5465 -137.749 -135.823 -0.36654 0.22917 9 74
172 259 31 0.6436 0.6332 -142.025 -143.257 -0.36054 0.28917 9 74
172 301 32 0.6528 0.6397 -144.859 -144.313 -0.35454 0.29517 9 74
172 209 33 0.6415 0.6357 -148.663 -147.279 -0.32454 0.30117 9 74
172 205 34 0.6521 0.6527 -140.443 -138.53 -0.41454 0.28317 9 74
172 219 35 0.6037 0.6037 -146.705 -146.125 -0.31854 0.28317 9 74
172 205 36 0.5895 0.5859 -149.839 -149.818 -0.27654 0.28317 9 74
172 191 37 0.5331 0.547 -143.426 -144.642 -0.30054 0.25317 9 74
172 206 38 0.6184 0.6108 -147.975 -147.2 -0.31254 0.28917 9 74
172 256 39 0.5838 0.6054 -142.636 -143.509 -0.34254 0.27717 9 74
172 290 40 0.6389 0.6332 -142.793 -143.257 -0.36054 0.28917 9 74
172 305 41 0.6358 0.6302 -143.646 -143.734 -0.35454 0.28917 9 74
172 234 42 0.5699 0.5746 -139.791 -139.863 -0.35454 0.25317 9 74
172 282 43 0.5522 0.538 -136.03 -135.002 -0.36654 0.22317 9 74
172 280 44 0.5567 0.5417 -135.787 -134.497 -0.37254 0.22317 9 74
172 196 45 0.543 0.5588 -142.17 -142.46 -0.32454 0.25317 9 74
172 299 46 0.6521 0.6397 -145.218 -144.313 -0.35454 0.29517 9 74
172 294 47 0.6331 0.6332 -142.637 -143.257 -0.36054 0.28917 9 74
172 208 48 0.5366 0.5387 -146.578 -146.34 -0.28254 0.25317 9 74
172 301 49 0.6497 0.6369 -145.289 -144.791 -0.34854 0.29517 9 74
215 226 0 0.5357 0.5528 -142.388 -143.539 -0.31254 0.25317 9 74
215 292 1 0.5834 0.6021 -140.514 -141.888 -0.35454 0.27117 9 74
215 306 2 0.5533 0.5429 -137.591 -136.332 -0.36054 0.22917 9 74
215 242 3 0.5339 0.5334 -148.114 -147.501 -0.27054 0.25317 9 74
215 262 4 0.5631 0.5636 -146.093 -146.468 -0.29454 0.26517 9 74
215 238 5 0.6067 0.6092 -137.934 -138.815 -0.38454 0.26517 9 74
215 336 6 0.6517 0.6465 -146.041 -145.348 -0.34854 0.30117 9 74
215 304 7 0.5347 0.5307 -136.973 -136.031 -0.35454 0.22317 9 74
215 282 8 0.579 0.5929 -139.934 -141.234 -0.35454 0.26517 9 74
215 270 9 0.5506 0.55 -139.774 -139.44 -0.34254 0.24117 9 74
215 255 10 0.5821 0.5808 -148.641 -148.187 -0.28854 0.27717 9 74
215 260 11 0.5514 0.5558 -140.762 -140.698 -0.33654 0.24717 9 74
215 255 12 0.5468 0.5485 -146.822 -146.97 -0.28254 0.25917 9 74
215 250 13 0.5584 0.5623 -143.749 -144.202 -0.31254 0.25917 9 74
215 227 14 0.5307 0.547 -143.284 -144.642 -0.30054 0.25317 9 74
215 260 15 0.5942 0.5885 -147.076 -146.584 -0.30654 0.27717 9 74
215 250 16 0.5738 0.5758 -149.119 -149.279 -0.27654 0.27717 9 74
215 328 17 0.5363 0.5297 -135.478 -134.155 -0.36654 0.21717 9 74
215 243 18 0.619 0.6283 -138.195 -138.108 -0.40254 0.27117 9 74
215 260 19 0.563 0.561 -147.433 -147.02 -0.28854 0.26517 9 74
215 258 20 0.5914 0.5833 -148.233 -147.648 -0.29454 0.27717 9 74
215 227 21 0.5369 0.5558 -142.275 -142.997 -0.31854 0.25317 9 74
215 317 22 0.6068 0.6149 -144.491 -144.115 -0.34254 0.28317 9 74
215 321 23 0.6049 0.6149 -143.951 -144.115 -0.34254 0.28317 9 74
215 244 24 0.6522 0.6494 -140.319 -138.97 -0.40854 0.28317 9 74
215 257 25 0.6041 0.601 -147.174 -146.639 -0.31254 0.28317 9 74
215 243 26 0.6109 0.6317 -136.71 -137.658 -0.40854 0.27117 9 74
215 240 27 0.543 0.5594 -143.907 -144.744 -0.30654 0.25917 9 74
215 261 28 0.5882 0.5859 -147.01 -147.114 -0.30054 0.27717 9 74
215 308 29 0.6008 0.6149 -144.268 -144.115 -0.34254 0.28317 9 74
215 255 30 0.5441 0.5512 -145.911 -146.405 -0.28854 0.25917 9 74
215 323 31 0.5471 0.538 -136.333 -135.002 -0.36654 0.22317 9 74
215 245 32 0.6196 0.6108 -148.074 -147.2 -0.31254 0.28917 9 74
215 267 33 0.6042 0.6064 -146.317 -145.615 -0.32454 0.28317 9 74
215 299 34 0.5595 0.5429 -137.665 -136.332 -0.36054 0.22917 9 74
215 276 35 0.5673 0.5714 -140.405 -140.37 -0.34854 0.25317 9 74
215 243 36 0.5403 0.5442 -144.494 -145.203 -0.29454 0.25317 9 74
215 320 37 0.5496 0.538 -136.498 -135.002 -0.36654 0.22317 9 74
215 266 38 0.561 0.565 -141.258 -141.404 -0.33654 0.25317 9 74
215 306 39 0.6403 0.6362 -142.144 -142.784 -0.36654 0.28917 9 74
215 255 40 0.5591 0.5584 -147.912 -147.578 -0.28254 0.26517 9 74
215 280 41 0.5778 0.5586 -137.176 -136.119 -0.37254 0.23517 9 74
215 242 42 0.5515 0.5533 -148.911 -148.708 -0.27054 0.26517 9 74
215 241 43 0.6058 0.5932 -149.178 -148.208 -0.29454 0.28317 9 74
215 323 44 0.6388 0.6341 -146.337 -145.272 -0.34254 0.29517 9 74
215 280 45 0.6449 0.6509 -135.657 -137.009 -0.42654 0.27717 9 74
215 331 46 0.6481 0.6426 -143.628 -143.841 -0.36054 0.29517 9 74
215 221 47 0.6419 0.6406 -149.674 -148.778 -0.31254 0.30717 9 74
215 344 48 0.6404 0.6369 -145.508 -144.791 -0.34854 0.29517 9 74
215 318 49 0.5978 0.6114 -141.443 -142.522 -0.35454 0.27717 9 74
258 260 0 0.6412 0.6382 -149.791 -149.273 -0.30654 0.30717 9 74
258 298 1 0.5598 0.5691 -144.755 -145.378 -0.30654 0.26517 9 74
258 285 2 0.6182 0.6108 -148.104 -147.2 -0.31254 0.28917 9 74
258 342 3 0.59 0.6021 -140.751 -141.888 -0.35454 0.27117 9 75
258 326 4 0.571 0.555 -137.787 -136.619 -0.36654 0.23517 9 75
258 290 5 0.6197 0.6283 -137.817 -138.108 -0.40254 0.27117 9 74
258 349 6 0.6336 0.6268 -141.777 -142.179 -0.36654 0.28317 9 74
258 342 7 0.6075 0.6176 -140.531 -141.555 -0.36654 0.27717 9 74
258 280 8 0.5295 0.5284 -148.913 -148.684 -0.25854 0.25317 9 74
258 278 9 0.5447 0.5499 -143.484 -144.088 -0.30654 0.25317 9 74
258 331 10 0.6499 0.6562 -138.628 -138.094 -0.42054 0.28317 9 74
258 305 11 0.5522 0.5591 -140.466 -140.174 -0.34254 0.24717 9 74
258 303 12 0.5669 0.5691 -145.399 -145.378 -0.30654 0.26517 9 74
258 288 13 0.629 0.6233 -148.191 -147.24 -0.31854 0.29517 9 74
258 315 14 0.5655 0.5682 -140.938 -140.884 -0.34254 0.25317 9 75
258 307 15 0.5806 0.5761 -146.58 -146.527 -0.30054 0.27117 9 74
258 293 16 0.566 0.5658 -148.631 -148.72 -0.27654 0.27117 9 74
258 309 17 0.5776 0.5659 -135.604 -135.139 -0.38454 0.23517 9 74
258 292 18 0.5567 0.5652 -143.379 -143.665 -0.31854 0.25917 9 74
258 291 19 0.5557 0.5623 -143.745 -144.202 -0.31254 0.25917 9 74
258 373 20 0.6433 0.6437 -146.066 -145.825 -0.34254 0.30117 9 74
258 346 21 0.6158 0.6176 -140.839 -141.555 -0.36654 0.27717 9 74
258 291 22 0.6092 0.6058 -138.848 -139.288 -0.37854 0.26517 9 75
258 318 23 0.6287 0.6439 -137.062 -137.88 -0.41454 0.27717 9 74
258 268 24 0.5365 0.5495 -141.674 -141.764 -0.32454 0.24717 9 74
258 302 25 0.556 0.565 -141.38 -141.404 -0.33654 0.25317 9 74
258 362 26 0.6519 0.6426 -143.537 -143.841 -0.36054 0.29517 9 74
258 292 27 0.5374 0.536 -146.8 -146.918 -0.27654 0.25317 9 74
258 335 28 0.6424 0.6474 -136.77 -137.442 -0.42054 0.27717 9 74
258 350 29 0.6392 0.6362 -142.17 -142.784 -0.36654 0.28917 9 74
258 269 30 0.6431 0.6362 -140.453 -140.776 -0.38454 0.28317 9 74
258 319 31 0.5657 0.5657 -139.388 -139.144 -0.35454 0.24717 9 75
258 317 32 0.5657 0.5657 -139.489 -139.144 -0.35454 0.24717 9 75
258 298 33 0.5882 0.5808 -148.453 -148.187 -0.28854 0.27717 9 74
258 303 34 0.5689 0.5691 -145.276 -145.378 -0.30654 0.26517 9 74
258 305 35 0.5686 0.5708 -147.462 -147.613 -0.28854 0.27117 9 74
258 302 36 0.5687 0.5747 -144.131 -144.31 -0.31854 0.26517 9 74
258 323 37 0.5555 0.5534 -139.231 -138.918 -0.34854 0.24117 9 75
258 366 38 0.6292 0.6238 -142.171 -142.656 -0.36054 0.28317 9 74
258 390 39 0.6223 0.6273 -144.01 -144.216 -0.34854 0.28917 8 74
258 324 40 0.541 0.5445 -138.445 -138.157 -0.34854 0.23517 9 74
258 309 41 0.6237 0.6352 -136.892 -137.213 -0.41454 0.27117 9 74
258 300 42 0.6312 0.6405 -138.58 -138.323 -0.40854 0.27717 9 74
258 285 43 0.5321 0.5337 -149.799 -150.471 -0.24654 0.25917 9 74
258 301 44 0.568 0.5719 -144.587 -144.842 -0.31254 0.26517 9 74
258 297 45 0.5461 0.5512 -146.37 -146.405 -0.28854 0.25917 9 74
258 313 46 0.5777 0.5622 -136.087 -135.626 -0.37854 0.23517 9 74
258 289 47 0.5875 0.5883 -149.494 -149.277 -0.28254 0.28317 9 74
258 290 48 0.6157 0.6148 -139.064 -139.958 -0.37854 0.27117 9 74
258 314 49 0.6128 0.6161 -146.56 -146.187 -0.32454 0.28917 9 74
301 329 0 0.5991 0.5932 -148.86 -148.208 -0.29454 0.28317 9 75
301 419 1 0.6149 0.6273 -144.036 -144.216 -0.34854 0.28917 8 75
301 351 2 0.5861 0.5872 -144.897 -144.415 -0.32454 0.27117 9 75
301 352 3 0.6286 0.6259 -147.421 -146.742 -0.32454 0.29517 9 74
301 418 4 0.6442 0.6426 -143.676 -143.841 -0.36054 0.29517 8 74
301 330 5 0.5438 0.5433 -148.126 -148.116 -0.27054 0.25917 9 75
301 318 6 0.6006 0.6003 -137.461 -138.123 -0.38454 0.25917 8 75
301 406 7 0.6083 0.6145 -141.641 -142.036 -0.36054 0.27717 8 75
301 378 8 0.5317 0.5307 -137.131 -136.031 -0.35454 0.22317 9 74
301 310 9 0.5378 0.5528 -142.867 -143.539 -0.31254 0.25317 9 75
301 372 10 0.5567 0.548 -138.384 -137.637 -0.35454 0.23517 9 75
301 375 11 0.6295 0.6286 -146.755 -146.248 -0.33054 0.29517 9 74
301 435 12 0.6261 0.6302 -143.404 -143.734 -0.35454 0.28917 8 74
301 422 13 0.6299 0.6369 -145.029 -144.791 -0.34854 0.29517 8 74
301 389 14 0.6558 0.6562 -138.308 -138.094 -0.42054 0.28317 8 74
301 382 15 0.6485 0.6596 -136.772 -137.663 -0.42654 0.28317 9 74
301 378 16 0.6487 0.6509 -136.509 -137.009 -0.42654 0.27717 9 74
301 322 17 0.6105 0.6126 -138.068 -138.347 -0.39054 0.26517 9 75
301 327 18 0.615 0.6301 -134.904 -136.084 -0.42054 0.26517 8 74
301 407 19 0.5498 0.538 -135.839 -135.002 -0.36654 0.22317 9 74
301 324 20 0.6119 0.623 -136.03 -136.974 -0.40854 0.26517 8 74
301 331 21 0.6297 0.6332 -148.123 -147.772 -0.31854 0.30117 9 74
301 323 22 0.6245 0.6248 -138.898 -138.563 -0.39654 0.27117 9 75
301 350 23 0.5627 0.565 -141.516 -141.404 -0.33654 0.25317 9 75
301 365 24 0.5726 0.5622 -136.101 -135.626 -0.37854 0.23517 8 75
301 367 25 0.6321 0.6474 -136.789 -137.442 -0.42054 0.27717 9 74
301 425 26 0.6485 0.6465 -145.452 -145.348 -0.34854 0.30117 8 74
301 434 27 0.6341 0.6302 -144.07 -143.734 -0.35454 0.28917 8 74
301 346 28 0.5635 0.5663 -145.589 -145.92 -0.30054 0.26517 9 75
301 354 29 0.5906 0.5993 -139.128 -140.25 -0.36654 0.26517 9 75
301 334 30 0.5339 0.536 -146.68 -146.918 -0.27654 0.25317 9 74
301 348 31 0.5743 0.5776 -143.966 -143.784 -0.32454 0.26517 9 75
301 404 32 0.6132 0.6145 -141.427 -142.036 -0.36054 0.27717 8 74
301 307 33 0.6456 0.6395 -140.609 -140.317 -0.39054 0.28317 9 74
301 416 34 0.6173 0.6244 -144.433 -144.702 -0.34254 0.28917 8 74
301 323 35 0.5413 0.5409 -149.031 -148.696 -0.26454 0.25917 9 75
301 380 36 0.5885 0.6021 -140.805 -141.888 -0.35454 0.27117 8 75
301 397 37 0.549 0.5429 -136.727 -136.332 -0.36054 0.22917 9 75
301 331 38 0.6426 0.6431 -148.589 -148.287 -0.31854 0.30717 9 74
301 311 39 0.6214 0.6157 -149.15 -148.76 -0.30054 0.29517 9 75
301 315 40 0.607 0.6038 -137.533 -137.652 -0.39054 0.25917 9 75
301 416 41 0.6301 0.6341 -145.583 -145.272 -0.34254 0.29517 8 74
301 344 42 0.5939 0.5936 -138.609 -139.081 -0.37254 0.25917 8 75
301 375 43 0.6187 0.6176 -140.6 -141.555 -0.36654 0.27717 8 75
301 358 44 0.597 0.5967 -145.355 -145.025 -0.32454 0.27717 9 75
301 376 45 0.5472 0.548 -138.201 -137.637 -0.35454 0.23517 9 75
301 336 46 0.5434 0.5512 -145.702 -146.405 -0.28854 0.25917 9 75
301 360 47 0.5355 0.5358 -138.213 -137.37 -0.34854 0.22917 9 74
301 378 48 0.5662 0.5538 -135.157 -134.825 -0.37854 0.22917 9 75
301 414 49 0.6119 0.6178 -143.946 -143.624 -0.34854 0.28317 8 74
344 461 0 0.6375 0.6341 -145.774 -145.272 -0.34254 0.29517 8 74
344 373 1 0.5857 0.5859 -149.54 -149.818 -0.27654 0.28317 9 75
344 443 2 0.5389 0.5343 -136.351 -135.513 -0.36054 0.22317 9 75
344 382 3 0.5544 0.561 -147.084 -147.02 -0.28854 0.26517 9 75
344 405 4 0.6101 0.6116 -140.009 -140.433 -0.37254 0.27117 8 75
344 392 5 0.5606 0.565 -141.133 -141.404 -0.33654 0.25317 9 75
344 398 6 0.5741 0.5779 -139.293 -139.361 -0.36054 0.25317 8 75
344 384 7 0.6 0.6025 -138.872 -139.767 -0.37254 0.26517 8 75
344 374 8 0.5573 0.5652 -143.021 -143.665 -0.31854 0.25917 9 75
344 417 9 0.5858 0.5929 -140.823 -141.234 -0.35454 0.26517 8 75
344 377 10 0.5932 0.5932 -148.493 -148.208 -0.29454 0.28317 9 75
344 366 11 0.5403 0.5526 -140.833 -141.228 -0.33054 0.24717 9 75
344 426 12 0.5606 0.555 -137.147 -136.619 -0.36654 0.23517 8 75
344 470 13 0.6461 0.6369 -145.284 -144.791 -0.34854 0.29517 8 74
344 419 14 0.5519 0.548 -138.255 -137.637 -0.35454 0.23517 9 75
344 435 15 0.6233 0.6313 -145.857 -145.758 -0.33654 0.29517 8 75
344 360 16 0.6183 0.6082 -148.542 -147.712 -0.30654 0.28917 9 75
344 462 17 0.6235 0.6238 -142.289 -142.656 -0.36054 0.28317 8 75
344 374 18 0.5715 0.5734 -149.758 -149.831 -0.27054 0.27717 9 75
344 389 19 0.5634 0.5712 -142.221 -142.607 -0.33054 0.25917 9 75
344 390 20 0.6277 0.6317 -137.739 -137.658 -0.40854 0.27117 8 75
344 371 21 0.5366 0.5414 -145.055 -145.768 -0.28854 0.25317 9 75
344 401 22 0.5735 0.5746 -139.517 -139.863 -0.35454 0.25317 8 75
344 382 23 0.5365 0.5411 -139.285 -138.682 -0.34254 0.23517 9 75
344 368 24 0.6389 0.6331 -140.71 -141.239 -0.37854 0.28317 8 75
344 420 25 0.546 0.548 -137.962 -137.637 -0.35454 0.23517 9 75
344 390 26 0.5718 0.5761 -146.55 -146.527 -0.30054 0.27117 9 75
344 375 27 0.615 0.6108 -147.674 -147.2 -0.31254 0.28917 9 75
344 469 28 0.6185 0.6208 -142.705 -143.137 -0.35454 0.28317 8 75
344 436 29 0.5574 0.5455 -135 -134 -0.37854 0.22317 8 75
344 439 30 0.5511 0.5465 -136.692 -135.823 -0.36654 0.22917 9 75
344 362 31 0.5866 0.578 -135.589 -135.44 -0.39054 0.24117 8 75
344 389 32 0.6544 0.6392 -142.46 -142.316 -0.37254 0.28917 8 74
344 371 33 0.5546 0.5558 -148.634 -148.14 -0.27654 0.26517 9 75
344 462 34 0.6272 0.6244 -144.898 -144.702 -0.34254 0.28917 8 75
344 424 35 0.6478 0.6474 -137.345 -137.442 -0.42054 0.27717 8 74
344 380 36 0.555 0.5584 -147.811 -147.578 -0.28254 0.26517 9 75
344 424 37 0.6464 0.6474 -137.166 -137.442 -0.42054 0.27717 8 74
344 369 38 0.5408 0.5433 -148.323 -148.116 -0.27054 0.25917 9 75
344 438 39 0.559 0.5501 -135.843 -135.321 -0.37254 0.22917 8 75
344 381 40 0.5814 0.5783 -148.832 -148.73 -0.28254 0.27717 9 75
344 371 41 0.5462 0.5433 -148.388 -148.116 -0.27054 0.25917 9 75
344 414 42 0.6479 0.6509 -136.214 -137.009 -0.42654 0.27717 8 74
344 368 43 0.5484 0.5594 -143.904 -144.744 -0.30654 0.25917 9 75
344 389 44 0.5856 0.5815 -145.758 -145.461 -0.31254 0.27117 9 75
344 397 45 0.5546 0.5534 -139.703 -138.918 -0.34854 0.24117 9 75
344 370 46 0.5489 0.5588 -142.095 -142.46 -0.32454 0.25317 9 75
344 389 47 0.6252 0.6317 -137.498 -137.658 -0.40854 0.27117 8 75
344 387 48 0.5916 0.5885 -146.669 -146.584 -0.30654 0.27717 9 75
344 412 49 0.5856 0.5929 -140.349 -141.234 -0.35454 0.26517 8 75
387 440 0 0.5643 0.5682 -140.802 -140.884 -0.34254 0.25317 9 75
387 414 1 0.5484 0.5526 -141.468 -141.228 -0.33054 0.24717 9 75
387 393 2 0.539 0.5499 -143.037 -144.088 -0.30654 0.25317 9 75
387 432 3 0.5739 0.5708 -147.71 -147.613 -0.28854 0.27117 9 75
387 408 4 0.6168 0.6195 -137.575 -137.427 -0.40254 0.26517 8 75
387 434 5 0.579 0.5761 -146.791 -146.527 -0.30054 0.27117 9 75
387 438 6 0.5874 0.5902 -139.131 -139.568 -0.36654 0.25917 8 76
387 424 7 0.5988 0.5983 -147.103 -147.158 -0.30654 0.28317 9 75
387 466 8 0.5642 0.5538 -135.494 -134.825 -0.37854 0.22917 8 75
387 419 9 0.5681 0.5658 -148.873 -148.72 -0.27654 0.27117 9 75
387 418 10 0.633 0.6239 -140.548 -140.608 -0.37854 0.27717 8 75
387 386 11 0.5337 0.5464 -141.839 -142.306 -0.31854 0.24717 9 75
387 422 12 0.5876 0.5794 -137.526 -137.157 -0.37854 0.24717 8 76
387 472 13 0.5509 0.5429 -137.373 -136.332 -0.36054 0.22917 9 75
387 430 14 0.5773 0.5872 -144.316 -144.415 -0.32454 0.27117 9 75
387 436 15 0.6318 0.6423 -135.534 -136.337 -0.42654 0.27117 8 74
387 488 16 0.6515 0.6437 -146.636 -145.825 -0.34254 0.30117 8 75
387 424 17 0.5572 0.5619 -142.008 -141.929 -0.33054 0.25317 9 75
387 493 18 0.6078 0.6114 -141.922 -142.522 -0.35454 0.27717 8 75
387 402 19 0.533 0.5346 -144.144 -144.536 -0.29454 0.24717 9 75
387 465 20 0.5897 0.6021 -141.03 -141.888 -0.35454 0.27117 8 76
387 463 21 0.5997 0.6052 -140.472 -141.398 -0.36054 0.27117 8 75
387 428 22 0.5894 0.5833 -147.982 -147.648 -0.29454 0.27717 9 75
387 418 23 0.5396 0.536 -146.92 -146.918 -0.27654 0.25317 9 75
387 478 24 0.5567 0.5417 -135.268 -134.497 -0.37254 0.22317 8 75
387 410 25 0.6143 0.623 -136.235 -136.974 -0.40854 0.26517 8 75
387 437 26 0.652 0.6545 -135.783 -136.581 -0.43254 0.27717 8 74
387 388 27 0.5347 0.5464 -141.513 -142.306 -0.31854 0.24717 9 75
387 404 28 0.5458 0.5528 -143.455 -143.539 -0.31254 0.25317 9 75
387 445 29 0.5559 0.5534 -139.497 -138.918 -0.34854 0.24117 9 75
387 386 30 0.6291 0.6257 -149.457 -149.274 -0.30054 0.30117 9 75
387 387 31 0.6248 0.6157 -149.44 -148.76 -0.30054 0.29517 9 75
387 443 32 0.6314 0.6286 -147.195 -146.248 -0.33054 0.29517 8 75
387 426 33 0.5485 0.5512 -146.258 -146.405 -0.28854 0.25917 9 75
387 404 34 0.5327 0.5309 -148.64 -148.09 -0.26454 0.25317 9 75
387 402 35 0.6304 0.6306 -148.635 -148.269 -0.31254 0.30117 9 75
387 516 36 0.6453 0.6397 -144.534 -144.313 -0.35454 0.29517 8 75
387 397 37 0.6059 0.6073 -137.299 -137.186 -0.39654 0.25917 8 75
387 454 38 0.6249 0.6207 -140.988 -141.079 -0.37254 0.27717 8 75
387 429 39 0.6107 0.6134 -146.801 -146.691 -0.31854 0.28917 9 75
387 454 40 0.5549 0.548 -138.572 -137.637 -0.35454 0.23517 9 75
387 450 41 0.5816 0.593 -142.917 -143.389 -0.33654 0.27117 8 75
387 408 42 0.547 0.5499 -143.925 -144.088 -0.30654 0.25317 9 75
387 444 43 0.5411 0.5445 -138.583 -138.157 -0.34854 0.23517 9 75
387 398 44 0.6426 0.6337 -139.928 -139.222 -0.39654 0.27717 8 75
387 414 45 0.5345 0.5414 -145.337 -145.768 -0.28854 0.25317 9 75
387 414 46 0.6236 0.6338 -134.945 -135.647 -0.42654 0.26517 8 74
387 477 47 0.6211 0.6216 -145.691 -145.193 -0.33654 0.28917 8 75
387 391 48 0.6152 0.6109 -149.818 -149.794 -0.28854 0.29517 9 75
387 403 49 0.6366 0.6337 -139.712 -139.222 -0.39654 0.27717 8 75
429 504 0 0.6237 0.6286 -146.199 -146.248 -0.33054 0.29517 8 75
429 473 1 0.5594 0.5636 -146.043 -146.468 -0.29454 0.26517 9 75
429 453 2 0.5336 0.5414 -145.105 -145.768 -0.28854 0.25317 9 75
429 465 3 0.5783 0.5783 -148.929 -148.73 -0.28254 0.27717 9 75
429 434 4 0.5371 0.5434 -142.457 -142.854 -0.31254 0.24717 9 75
429 493 5 0.568 0.5637 -137.669 -137.391 -0.36654 0.24117 8 76
429 487 6 0.5637 0.5623 -139.64 -139.656 -0.34854 0.24717 8 76
429 459 7 0.5782 0.5758 -149.437 -149.279 -0.27654 0.27717 9 76
429 538 8 0.6134 0.6149 -144.12 -144.115 -0.34254 0.28317 8 75
429 502 9 0.5922 0.593 -143.458 -143.389 -0.33654 0.27117 8 76
429 468 10 0.5731 0.5719 -144.696 -144.842 -0.31254 0.26517 9 76
429 453 11 0.5395 0.5442 -144.595 -145.203 -0.29454 0.25317 9 75
429 463 12 0.6525 0.6392 -142.147 -142.316 -0.37254 0.28917 8 75
429 505 13 0.5959 0.6052 -140.556 -141.398 -0.36054 0.27117 8 76
429 472 14 0.6232 0.6352 -136.301 -137.213 -0.41454 0.27117 8 75
429 450 15 0.6213 0.6207 -148.179 -147.743 -0.31254 0.29517 9 75
429 456 16 0.5384 0.5442 -144.841 -145.203 -0.29454 0.25317 9 75
429 458 17 0.5687 0.5658 -148.98 -148.72 -0.27654 0.27117 9 76
429 525 18 0.5537 0.5465 -136.143 -135.823 -0.36654 0.22917 8 76
429 429 19 0.6059 0.6144 -135.404 -136.271 -0.40854 0.25917 8 75
429 480 20 0.5809 0.5872 -144.133 -144.415 -0.32454 0.27117 9 76
429 449 21 0.5316 0.5317 -144.684 -145.108 -0.28854 0.24717 9 75
429 446 22 0.5939 0.5916 -137.015 -137.409 -0.38454 0.25317 8 76
429 483 23 0.6444 0.6392 -141.929 -142.316 -0.37254 0.28917 8 75
429 446 24 0.612 0.623 -136.579 -136.974 -0.40854 0.26517 8 76
429 462 25 0.6212 0.6301 -135.507 -136.084 -0.42054 0.26517 8 75
429 475 26 0.5676 0.5742 -142.161 -142.087 -0.33654 0.25917 9 76
429 483 27 0.5681 0.5682 -141.077 -140.884 -0.34254 0.25317 9 76
429 462 28 0.6401 0.6459 -135.029 -135.907 -0.43254 0.27117 8 75
429 449 29 0.635 0.6337 -139.49 -139.222 -0.39654 0.27717 8 75
429 490 30 0.5402 0.5445 -138.321 -138.157 -0.34854 0.23517 9 75
429 446 31 0.5328 0.5284 -148.765 -148.684 -0.25854 0.25317 9 75
429 461 32 0.6405 0.6371 -139.221 -138.77 -0.40254 0.27717 8 75
429 528 33 0.6055 0.6149 -143.526 -144.115 -0.34254 0.28317 8 75
429 543 34 0.6359 0.6332 -142.864 -143.257 -0.36054 0.28917 8 75
429 510 35 0.6074 0.6176 -140.833 -141.555 -0.36654 0.27717 8 76
429 515 36 0.6046 0.612 -144.312 -144.61 -0.33654 0.28317 8 76
429 450 37 0.62 0.6215 -138.747 -139.023 -0.39054 0.27117 8 76
429 448 38 0.5434 0.5499 -143.833 -144.088 -0.30654 0.25317 9 75
429 539 39 0.5424 0.538 -135.16 -135.002 -0.36654 0.22317 8 75
429 449 40 0.653 0.658 -135.278 -136.157 -0.43854 0.27717 8 74
429 506 41 0.5583 0.5515 -137.395 -137.125 -0.36054 0.23517 8 76
429 521 42 0.6546 0.6535 -146.86 -146.361 -0.34254 0.30717 8 75
429 500 43 0.5852 0.5897 -141.253 -141.733 -0.34854 0.26517 8 76
429 519 44 0.6541 0.6426 -143.668 -143.841 -0.36054 0.29517 8 75
429 461 45 0.5973 0.5958 -148.054 -147.681 -0.30054 0.28317 9 76
429 472 46 0.5719 0.5708 -147.874 -147.613 -0.28854 0.27117 9 75
429 485 47 0.5798 0.5779 -139.407 -139.361 -0.36054 0.25317 8 76
429 447 48 0.5383 0.547 -144.312 -144.642 -0.30054 0.25317 9 75
429 561 49 0.6311 0.6302 -143.906 -143.734 -0.35454 0.28917 8 75
472 506 0 0.5526 0.5485 -146.95 -146.97 -0.28254 0.25917 9 76
472 562 1 0.55 0.5429 -136.766 -136.332 -0.36054 0.22917 8 76
472 544 2 0.6262 0.6286 -146.496 -146.248 -0.33054 0.29517 8 76
472 553 3 0.6488 0.6562 -137.791 -138.094 -0.42054 0.28317 8 75
472 539 4 0.6047 0.6084 -140.155 -140.913 -0.36654 0.27117 8 76
472 575 5 0.6179 0.6238 -141.762 -142.656 -0.36054 0.28317 8 76
472 496 6 0.5598 0.561 -149.829 -149.845 -0.26454 0.27117 9 76
472 513 7 0.5855 0.5885 -146.255 -146.584 -0.30654 0.27717 9 76
472 500 8 0.5917 0.5883 -149.307 -149.277 -0.28254 0.28317 9 76
472 469 9 0.5341 0.5371 -141.447 -141.591 -0.31854 0.24117 9 76
472 518 10 0.6035 0.6037 -146.132 -146.125 -0.31854 0.28317 8 76
472 508 11 0.61 0.6134 -146.96 -146.691 -0.31854 0.28917 8 76
472 580 12 0.5363 0.538 -135.337 -135.002 -0.36654 0.22317 8 75
472 556 13 0.5423 0.5393 -137.169 -136.847 -0.35454 0.22917 9 76
472 541 14 0.5559 0.5515 -137.998 -137.125 -0.36054 0.23517 8 76
472 521 15 0.5759 0.5672 -137.125 -136.894 -0.37254 0.24117 8 76
472 591 16 0.6337 0.6341 -145.237 -145.272 -0.34254 0.29517 8 75
472 600 17 0.6344 0.6302 -143.718 -143.734 -0.35454 0.28917 8 75
472 598 18 0.6362 0.6302 -143.742 -143.734 -0.35454 0.28917 8 75
472 517 19 0.6097 0.6161 -146.434 -146.187 -0.32454 0.28917 8 76
472 488 20 0.5892 0.5865 -136.305 -136.199 -0.39054 0.24717 8 76
472 503 21 0.5434 0.5485 -146.367 -146.97 -0.28254 0.25917 9 76
472 507 22 0.5581 0.5619 -142.128 -141.929 -0.33054 0.25317 9 76
472 533 23 0.5315 0.5358 -137.619 -137.37 -0.34854 0.22917 9 76
472 508 24 0.6483 0.6545 -135.435 -136.581 -0.43254 0.27717 8 75
472 515 25 0.5941 0.5936 -139.003 -139.081 -0.37254 0.25917 8 76
472 483 26 0.5417 0.5464 -142.16 -142.306 -0.31854 0.24717 9 76
472 501 27 0.6164 0.6108 -147.437 -147.2 -0.31254 0.28917 8 76
472 491 28 0.5854 0.578 -135.924 -135.44 -0.39054 0.24117 8 76
472 494 29 0.5525 0.5623 -143.503 -144.202 -0.31254 0.25917 9 76
472 487 30 0.6129 0.616 -137.449 -137.884 -0.39654 0.26517 8 76
472 578 31 0.6259 0.6238 -142.157 -142.656 -0.36054 0.28317 8 75
472 495 32 0.6238 0.6207 -147.903 -147.743 -0.31254 0.29517 8 76
472 525 33 0.57 0.5742 -141.944 -142.087 -0.33654 0.25917 8 76
472 518 34 0.643 0.6456 -147.933 -147.8 -0.32454 0.30717 8 76
472 506 35 0.6045 0.6058 -138.879 -139.288 -0.37854 0.26517 8 76
472 521 36 0.6181 0.6161 -146.745 -146.187 -0.32454 0.28917 8 76
472 485 37 0.606 0.6008 -149.653 -149.276 -0.28854 0.28917 9 76
472 482 38 0.6517 0.6423 -141.649 -141.852 -0.37854 0.28917 8 75
472 485 39 0.5448 0.5558 -142.606 -142.997 -0.31854 0.25317 9 76
472 503 40 0.5501 0.5526 -141.348 -141.228 -0.33054 0.24717 9 76
472 508 41 0.6077 0.6058 -139.221 -139.288 -0.37854 0.26517 8 76
472 573 42 0.552 0.5417 -135.045 -134.497 -0.37254 0.22317 8 76
472 503 43 0.5555 0.5588 -142.344 -142.46 -0.32454 0.25317 9 76
472 493 44 0.6137 0.623 -136.544 -136.974 -0.40854 0.26517 8 76
472 536 45 0.5848 0.593 -142.805 -143.389 -0.33654 0.27117 8 76
472 497 46 0.5518 0.5533 -148.859 -148.708 -0.27054 0.26517 9 76
472 521 47 0.6533 0.6482 -148.13 -147.316 -0.33054 0.30717 8 75
472 535 48 0.557 0.5568 -138.83 -138.403 -0.35454 0.24117 8 76
472 599 49 0.6414 0.6369 -144.836 -144.791 -0.34854 0.29517 8 75
515 555 0 0.5563 0.561 -146.988 -147.02 -0.28854 0.26517 9 76
515 620 1 0.5341 0.538 -135.186 -135.002 -0.36654 0.22317 8 76
515 560 2 0.5895 0.594 -145.271 -145.54 -0.31854 0.27717 8 76
515 634 3 0.6133 0.6178 -143.224 -143.624 -0.34854 0.28317 8 76
515 527 4 0.5448 0.5464 -142.272 -142.306 -0.31854 0.24717 9 76
515 558 5 0.5606 0.5636 -146.535 -146.468 -0.29454 0.26517 9 76
515 588 6 0.6363 0.6268 -141.969 -142.179 -0.36654 0.28317 8 76
515 548 7 0.622 0.6317 -137.007 -137.658 -0.40854 0.27117 8 76
515 592 8 0.6512 0.6509 -136.778 -137.009 -0.42654 0.27717 8 75
515 557 9 0.5896 0.5912 -145.995 -146.06 -0.31254 0.27717 8 76
515 615 10 0.6078 0.6149 -143.696 -144.115 -0.34254 0.28317 8 76
515 607 11 0.5979 0.6084 -142.377 -143.013 -0.34854 0.27717 8 76
515 555 12 0.5867 0.5859 -147.506 -147.114 -0.30054 0.27717 9 76
515 638 13 0.6208 0.6208 -142.972 -143.137 -0.35454 0.28317 8 76
515 612 14 0.5495 0.5465 -135.84 -135.823 -0.36654 0.22917 8 76
515 539 15 0.6123 0.6108 -147.678 -147.2 -0.31254 0.28917 8 76
515 546 16 0.5471 0.5485 -147.287 -146.97 -0.28254 0.25917 9 76
515 636 17 0.6494 0.6465 -145.396 -145.348 -0.34854 0.30117 8 75
515 617 18 0.6554 0.6522 -144.38 -144.407 -0.36054 0.30117 8 75
515 582 19 0.5824 0.5897 -141.338 -141.733 -0.34854 0.26517 8 77
515 582 20 0.5832 0.5897 -141.287 -141.733 -0.34854 0.26517 8 77
515 534 21 0.5389 0.5409 -148.781 -148.696 -0.26454 0.25917 9 76
515 558 22 0.5814 0.5815 -145.392 -145.461 -0.31254 0.27117 8 76
515 502 23 0.5303 0.5371 -141.607 -141.591 -0.31854 0.24117 9 76
515 544 24 0.5388 0.536 -147.155 -146.918 -0.27654 0.25317 9 76
515 539 25 0.5814 0.5859 -149.816 -149.818 -0.27654 0.28317 9 76
515 581 26 0.6538 0.6527 -138.921 -138.53 -0.41454 0.28317 8 75
515 558 27 0.5638 0.561 -147.137 -147.02 -0.28854 0.26517 9 76
515 603 28 0.5554 0.5538 -135.07 -134.825 -0.37854 0.22917 8 76
515 617 29 0.604 0.6084 -142.633 -143.013 -0.34854 0.27717 8 76
515 643 30 0.6244 0.6302 -143.324 -143.734 -0.35454 0.28917 8 76
515 567 31 0.6259 0.6259 -147.008 -146.742 -0.32454 0.29517 8 76
515 545 32 0.5629 0.5623 -144.124 -144.202 -0.31254 0.25917 9 76
515 533 33 0.5902 0.5829 -136.756 -136.675 -0.38454 0.24717 8 77
515 507 34 0.6235 0.6132 -149.717 -149.275 -0.29454 0.29517 9 76
515 538 35 0.5913 0.5859 -149.758 -149.818 -0.27654 0.28317 9 76
515 538 36 0.5428 0.547 -144.352 -144.642 -0.30054 0.25317 9 76
515 550 37 0.5329 0.5411 -138.722 -138.682 -0.34254 0.23517 9 76
515 637 38 0.6221 0.6302 -143.587 -143.734 -0.35454 0.28917 8 76
515 568 39 0.5499 0.55 -139.505 -139.44 -0.34254 0.24117 8 76
515 539 40 0.5479 0.5566 -144.557 -145.292 -0.30054 0.25917 9 76
515 551 41 0.6181 0.6134 -147.116 -146.691 -0.31854 0.28917 8 76
515 533 42 0.5319 0.536 -149.448 -149.874 -0.25254 0.25917 9 76
515 534 43 0.5514 0.5528 -143.321 -143.539 -0.31254 0.25317 9 76
515 535 44 0.6554 0.6531 -149.102 -148.786 -0.31854 0.31317 8 76
515 565 45 0.575 0.5806 -142.911 -143.264 -0.33054 0.26517 8 76
515 559 46 0.5708 0.5761 -146.341 -146.527 -0.30054 0.27117 9 76
515 584 47 0.6557 0.6508 -147.576 -146.837 -0.33654 0.30717 8 75
515 643 48 0.6408 0.6369 -144.834 -144.791 -0.34854 0.29517 8 76
515 535 49 0.534 0.536 -149.759 -149.874 -0.25254 0.25917 9 76
558 592 0 0.5516 0.5485 -146.957 -146.97 -0.28254 0.25917 9 76
558 681 1 0.6245 0.6273 -143.816 -144.216 -0.34854 0.28917 8 76
558 602 2 0.6061 0.6116 -139.617 -140.433 -0.37254 0.27117 8 77
558 585 3 0.605 0.5983 -147.594 -147.158 -0.30654 0.28317 8 77
558 609 4 0.5684 0.5714 -140.022 -140.37 -0.34854 0.25317 8 77
558 579 5 0.5346 0.5387 -145.744 -146.34 -0.28254 0.25317 9 76
558 655 6 0.6222 0.6244 -145.218 -144.702 -0.34254 0.28917 8 77
558 606 7 0.5739 0.5806 -142.994 -143.264 -0.33054 0.26517 8 77
558 617 8 0.6109 0.6116 -140.295 -140.433 -0.37254 0.27117 8 77
558 648 9 0.5543 0.5465 -136.096 -135.823 -0.36654 0.22917 8 77
558 654 10 0.6105 0.6145 -141.404 -142.036 -0.36054 0.27717 8 77
558 610 11 0.5729 0.5746 -139.509 -139.863 -0.35454 0.25317 8 77
558 609 12 0.6484 0.6545 -135.916 -136.581 -0.43254 0.27717 8 75
558 602 13 0.5712 0.5761 -146.411 -146.527 -0.30054 0.27117 9 77
558 562 14 0.608 0.6144 -135.916 -136.271 -0.40854 0.25917 8 76
558 642 15 0.6544 0.6562 -137.862 -138.094 -0.42054 0.28317 8 75
558 614 16 0.5854 0.5869 -139.751 -140.061 -0.36054 0.25917 8 77
558 635 17 0.6346 0.6268 -141.944 -142.179 -0.36654 0.28317 8 76
558 679 18 0.6477 0.6465 -145.328 -145.348 -0.34854 0.30117 8 76
558 625 19 0.5986 0.6052 -140.451 -141.398 -0.36054 0.27117 8 77
558 580 20 0.6228 0.6181 -139.799 -139.488 -0.38454 0.27117 8 77
558 578 21 0.561 0.5634 -149.365 -149.28 -0.27054 0.27117 9 77
558 611 22 0.5633 0.5623 -139.501 -139.656 -0.34854 0.24717 8 77
558 685 23 0.6275 0.6302 -143.386 -143.734 -0.35454 0.28917 8 76
558 610 24 0.5806 0.5806 -143.294 -143.264 -0.33054 0.26517 8 77
558 603 25 0.575 0.5672 -137 -136.894 -0.37254 0.24117 8 77
558 597 26 0.5685 0.5663 -146.334 -145.92 -0.30054 0.26517 9 77
558 595 27 0.5682 0.5747 -144.089 -144.31 -0.31854 0.26517 9 77
558 628 28 0.5859 0.5897 -141.583 -141.733 -0.34854 0.26517 8 77
558 613 29 0.5837 0.59 -143.719 -143.899 -0.33054 0.27117 8 77
558 611 30 0.5496 0.55 -139.486 -139.44 -0.34254 0.24117 8 77
558 585 31 0.5529 0.5619 -141.853 -141.929 -0.33054 0.25317 9 77
558 594 32 0.6412 0.6456 -148.071 -147.8 -0.32454 0.30717 8 76
558 653 33 0.6391 0.641 -146.205 -146.305 -0.33654 0.30117 8 76
558 631 34 0.6462 0.6509 -136.808 -137.009 -0.42654 0.27717 8 75
558 583 35 0.5742 0.5734 -149.617 -149.831 -0.27054 0.27717 9 77
558 647 36 0.6187 0.6176 -141.281 -141.555 -0.36654 0.27717 8 77
558 554 37 0.6495 0.6362 -141.236 -140.776 -0.38454 0.28317 8 76
558 627 38 0.6501 0.6527 -138.355 -138.53 -0.41454 0.28317 8 75
558 620 39 0.5394 0.5445 -138.05 -138.157 -0.34854 0.23517 8 76
558 581 40 0.5538 0.5558 -142.937 -142.997 -0.31854 0.25317 9 77
558 624 41 0.6314 0.6299 -141.376 -141.706 -0.37254 0.28317 8 76
558 612 42 0.5721 0.5774 -141.431 -141.572 -0.34254 0.25917 8 77
558 598 43 0.5925 0.5912 -146.263 -146.06 -0.31254 0.27717 8 77
558 612 44 0.6343 0.6299 -141.292 -141.706 -0.37254 0.28317 8 76
558 573 45 0.6288 0.6304 -139.484 -139.679 -0.39054 0.27717 8 77
558 612 46 0.5745 0.5774 -141.2 -141.572 -0.34254 0.25917 8 77
558 682 47 0.6209 0.6273 -144.013 -144.216 -0.34854 0.28917 8 76
558 579 48 0.6061 0.6082 -147.874 -147.712 -0.30654 0.28917 8 77
558 675 49 0.6202 0.6208 -143.451 -143.137 -0.35454 0.28317 8 76
601 657 0 0.5787 0.5774 -141.557 -141.572 -0.34254 0.25917 8 78
601 611 1 0.6506 0.6507 -149.372 -149.272 -0.31254 0.31317 8 76
601 619 2 0.5296 0.529 -145.978 -145.687 -0.28254 0.24717 9 76
601 629 3 0.6118 0.6108 -147.449 -147.2 -0.31254 0.28917 8 77
601 651 4 0.5757 0.5742 -141.982 -142.087 -0.33654 0.25917 8 78
601 595 5 0.6191 0.6132 -149.752 -149.275 -0.29454 0.29517 8 77
601 656 6 0.5699 0.5622 -136.056 -135.626 -0.37854 0.23517 8 77
601 629 7 0.5603 0.5588 -142.384 -142.46 -0.32454 0.25317 9 78
601 628 8 0.5804 0.5744 -135.913 -135.919 -0.38454 0.24117 8 77
601 667 9 0.5885 0.593 -143.074 -143.389 -0.33654 0.27117 8 77
601 669 10 0.5853 0.5897 -141.458 -141.733 -0.34854 0.26517 8 78
601 620 11 0.6519 0.658 -135.457 -136.157 -0.43854 0.27717 8 75
601 616 12 0.6119 0.6092 -138.606 -138.815 -0.38454 0.26517 8 77
601 620 13 0.5941 0.5881 -137.841 -137.889 -0.37854 0.25317 8 78
601 608 14 0.6544 0.6507 -149.499 -149.272 -0.31254 0.31317 8 76
601 684 15 0.602 0.6021 -141.492 -141.888 -0.35454 0.27117 8 77
601 631 16 0.5519 0.5558 -147.887 -148.14 -0.27654 0.26517 9 77
601 627 17 0.5454 0.5539 -145.6 -145.846 -0.29454 0.25917 9 77
601 651 18 0.6297 0.6387 -136.367 -136.773 -0.42054 0.27117 8 76
601 622 19 0.5428 0.5433 -148.411 -148.116 -0.27054 0.25917 9 77
601 637 20 0.5686 0.5683 -147.934 -148.164 -0.28254 0.27117 9 77
601 670 21 0.5948 0.6052 -140.772 -141.398 -0.36054 0.27117 8 78
601 713 22 0.6477 0.6426 -143.938 -143.841 -0.36054 0.29517 8 76
601 649 23 0.6359 0.6423 -135.667 -136.337 -0.42654 0.27117 8 76
601 643 24 0.5766 0.5776 -144.015 -143.784 -0.32454 0.26517 8 77
601 641 25 0.6505 0.6494 -139.476 -138.97 -0.40854 0.28317 8 76
601 627 26 0.5328 0.536 -146.879 -146.918 -0.27654 0.25317 9 77
601 701 27 0.6528 0.6437 -146.156 -145.825 -0.34254 0.30117 8 76
601 617 28 0.6356 0.6337 -139.611 -139.222 -0.39654 0.27717 8 77
601 633 29 0.5928 0.5932 -148.089 -148.208 -0.29454 0.28317 8 77
601 637 30 0.5727 0.5683 -148.345 -148.164 -0.28254 0.27117 9 77
601 707 31 0.6122 0.6149 -144.004 -144.115 -0.34254 0.28317 8 77
601 660 32 0.6443 0.6439 -138.358 -137.88 -0.41454 0.27717 8 76
601 622 33 0.5395 0.5442 -144.645 -145.203 -0.29454 0.25317 9 77
601 618 34 0.5309 0.5317 -145.112 -145.108 -0.28854 0.24717 9 76
601 673 35 0.6496 0.6474 -137.243 -137.442 -0.42054 0.27717 8 75
601 644 36 0.5811 0.5813 -138.583 -138.864 -0.36654 0.25317 8 78
601 604 37 0.6354 0.6406 -148.95 -148.778 -0.31254 0.30717 8 77
601 616 38 0.6512 0.658 -135.354 -136.157 -0.43854 0.27717 8 75
601 610 39 0.6538 0.646 -140.244 -139.414 -0.40254 0.28317 8 76
601 615 40 0.5439 0.5509 -149.181 -149.281 -0.26454 0.26517 9 77
601 630 41 0.5449 0.5512 -146.384 -146.405 -0.28854 0.25917 9 77
601 726 42 0.6325 0.6369 -144.467 -144.791 -0.34854 0.29517 8 77
601 622 43 0.6082 0.6082 -147.911 -147.712 -0.30654 0.28917 8 77
601 617 44 0.5314 0.536 -149.605 -149.874 -0.25254 0.25917 9 77
601 683 45 0.5322 0.5307 -136.367 -136.031 -0.35454 0.22317 8 76
601 660 46 0.5663 0.555 -137.265 -136.619 -0.36654 0.23517 8 78
601 641 47 0.5775 0.5815 -145.268 -145.461 -0.31254 0.27117 8 77
601 616 48 0.5476 0.5558 -142.389 -142.997 -0.31854 0.25317 9 77
601 643 49 0.5836 0.5902 -139.254 -139.568 -0.36654 0.25917 8 78
43 147 0 0.5546 0.6273 -142.872 -144.216 -0.34854 0.28917 9 73
43 159 1 0.57 0.5335 -135.394 -133.648 -0.37254 0.21717 9 73
43 144 2 0.5738 0.6273 -145.708 -144.216 -0.34854 0.28917 9 73
43 143 3 0.6152 0.6302 -137.522 -143.734 -0.35454 0.28917 9 73
43 149 4 0.557 0.6273 -142.016 -144.216 -0.34854 0.28917 9 73
43 153 5 0.6229 0.6302 -139.559 -143.734 -0.35454 0.28917 9 73
43 149 6 0.5592 0.6273 -142.57 -144.216 -0.34854 0.28917 9 73
43 144 7 0.5441 0.6302 -139.888 -143.734 -0.35454 0.28917 9 73
43 167 8 0.5513 0.5297 -135.998 -134.155 -0.36654 0.21717 9 74
43 177 9 0.6525 0.6397 -144.007 -144.313 -0.35454 0.29517 9 73
43 151 10 0.5472 0.5297 -138.627 -134.155 -0.36654 0.21717 9 73
43 140 11 0.5506 0.6302 -146.357 -143.734 -0.35454 0.28917 9 73
43 157 12 0.643 0.6369 -147.907 -144.791 -0.34854 0.29517 9 73
43 168 13 0.647 0.6369 -147.085 -144.791 -0.34854 0.29517 9 73
43 143 14 0.5408 0.6302 -141.56 -143.734 -0.35454 0.28917 9 73
43 155 15 0.6364 0.6302 -140.519 -143.734 -0.35454 0.28917 9 73
43 182 16 0.6334 0.6302 -143.527 -143.734 -0.35454 0.28917 9 73
43 157 17 0.5734 0.6273 -143.217 -144.216 -0.34854 0.28917 9 73
43 138 18 0.6379 0.6302 -135.241 -143.734 -0.35454 0.28917 9 73
43 174 19 0.6099 0.6273 -144.544 -144.216 -0.34854 0.28917 9 73
43 146 20 0.5487 0.6302 -140.438 -143.734 -0.35454 0.28917 9 73
43 174 21 0.6 0.6302 -142.638 -143.734 -0.35454 0.28917 9 73
43 169 22 0.6189 0.6369 -145.739 -144.791 -0.34854 0.29517 9 73
43 162 23 0.6417 0.6369 -147.424 -144.791 -0.34854 0.29517 9 73
43 141 24 0.6062 0.6302 -136.307 -143.734 -0.35454 0.28917 9 73
43 140 25 0.6231 0.6302 -136.512 -143.734 -0.35454 0.28917 9 73
43 166 26 0.6438 0.6369 -147.241 -144.791 -0.34854 0.29517 9 73
43 137 27 0.5333 0.6302 -145.967 -143.734 -0.35454 0.28917 9 73
43 138 28 0.5493 0.6302 -147.631 -143.734 -0.35454 0.28917 9 73
43 171 29 0.6459 0.6369 -146.816 -144.791 -0.34854 0.29517 9 73
43 159 30 0.5789 0.6273 -143.531 -144.216 -0.34854 0.28917 9 73
43 144 31 0.5448 0.6302 -141.005 -143.734 -0.35454 0.28917 9 73
43 137 32 0.5618 0.6302 -148.582 -143.734 -0.35454 0.28917 9 73
43 151 33 0.5658 0.6273 -143.385 -144.216 -0.34854 0.28917 9 73
43 146 34 0.5966 0.6273 -147.051 -144.216 -0.34854 0.28917 9 73
43 140 35 0.6234 0.6302 -136.21 -143.734 -0.35454 0.28917 9 73
43 149 36 0.5854 0.5335 -137.886 -133.648 -0.37254 0.21717 9 74
43 150 37 0.5952 0.6273 -146.226 -144.216 -0.34854 0.28917 9 73
43 139 38 0.5487 0.6302 -148.984 -143.734 -0.35454 0.28917 9 73
43 175 39 0.6024 0.6302 -142.749 -143.734 -0.35454 0.28917 9 73
43 149 40 0.5611 0.6273 -143.396 -144.216 -0.34854 0.28917 9 73
43 138 41 0.597 0.6302 -148.904 -143.734 -0.35454 0.28917 9 73
43 167 42 0.6237 0.6302 -141.152 -143.734 -0.35454 0.28917 9 73
43 140 43 0.5565 0.6302 -145.302 -143.734 -0.35454 0.28917 9 73
43 160 44 0.5765 0.6273 -141.956 -144.216 -0.34854 0.28917 9 73
43 165 45 0.6248 0.6369 -146.637 -144.791 -0.34854 0.29517 9 73
43 147 46 0.6425 0.6369 -148.78 -144.791 -0.34854 0.29517 9 73
43 160 47 0.5801 0.6273 -143.492 -144.216 -0.34854 0.28917 9 73
43 180 48 0.6272 0.6273 -144.383 -144.216 -0.34854 0.28917 9 73
43 138 49 0.6343 0.6302 -135.069 -143.734 -0.35454 0.28917 9 73
86 170 0 0.5926 0.6238 -138.727 -142.656 -0.36054 0.28317 9 74
86 164 1 0.6354 0.6596 -135.376 -137.663 -0.42654 0.28317 9 73
86 191 2 0.6551 0.6437 -147.559 -145.825 -0.34254 0.30117 9 73
86 177 3 0.5322 0.5343 -137.725 -135.513 -0.36054 0.22317 9 74
86 162 4 0.5589 0.6178 -141.743 -143.624 -0.34854 0.28317 9 74
86 165 5 0.5553 0.5343 -139.493 -135.513 -0.36054 0.22317 9 74
86 143 6 0.5442 0.6273 -143.425 -144.216 -0.34854 0.28917 9 74
86 147 7 0.5364 0.5259 -139.736 -134.668 -0.36054 0.21717 9 74
86 195 8 0.586 0.6208 -141.649 -143.137 -0.35454 0.28317 9 74
86 179 9 0.627 0.6238 -140.305 -142.656 -0.36054 0.28317 9 73
86 194 10 0.6539 0.6332 -142.808 -143.257 -0.36054 0.28917 9 73
86 209 11 0.5464 0.5335 -134.96 -133.648 -0.37254 0.21717 9 74
86 190 12 0.563 0.538 -137.684 -135.002 -0.36654 0.22317 9 74
86 168 13 0.6344 0.6596 -135.956 -137.663 -0.42654 0.28317 9 74
86 186 14 0.5697 0.538 -137.622 -135.002 -0.36654 0.22317 9 74
86 156 15 0.6496 0.6369 -149.041 -144.791 -0.34854 0.29517 9 74
86 147 16 0.5981 0.5335 -135.248 -133.648 -0.37254 0.21717 9 74
86 221 17 0.632 0.6369 -144.982 -144.791 -0.34854 0.29517 9 74
86 160 18 0.6077 0.6341 -147.125 -145.272 -0.34254 0.29517 9 74
86 178 19 0.5304 0.5259 -137.603 -134.668 -0.36054 0.21717 9 74
86 173 20 0.5777 0.538 -138.893 -135.002 -0.36654 0.22317 9 74
86 163 21 0.5413 0.5343 -139.058 -135.513 -0.36054 0.22317 9 74
86 217 22 0.6468 0.6397 -143.766 -144.313 -0.35454 0.29517 9 73
86 183 23 0.5773 0.5417 -136.555 -134.497 -0.37254 0.22317 9 74
86 173 24 0.6138 0.6238 -139.355 -142.656 -0.36054 0.28317 9 74
86 173 25 0.6146 0.6341 -146.942 -145.272 -0.34254 0.29517 9 74
86 160 26 0.5341 0.5343 -138.863 -135.513 -0.36054 0.22317 9 74
86 187 27 0.6505 0.6437 -147.665 -145.825 -0.34254 0.30117 9 74
86 142 28 0.5344 0.6273 -140.95 -144.216 -0.34854 0.28917 9 74
86 215 29 0.6399 0.6369 -145.931 -144.791 -0.34854 0.29517 9 74
86 139 30 0.5504 0.6369 -145.914 -144.791 -0.34854 0.29517 9 74
86 142 31 0.6185 0.6369 -149.049 -144.791 -0.34854 0.29517 9 74
86 190 32 0.592 0.6273 -144.107 -144.216 -0.34854 0.28917 9 74
86 138 33 0.5419 0.6302 -146.484 -143.734 -0.35454 0.28917 9 74
86 153 34 0.6173 0.6474 -135.23 -137.442 -0.42054 0.27717 9 74
86 137 35 0.6066 0.6302 -149.459 -143.734 -0.35454 0.28917 9 74
86 147 36 0.6092 0.6302 -137.298 -143.734 -0.35454 0.28917 9 74
86 196 37 0.6438 0.6332 -142.188 -143.257 -0.36054 0.28917 9 73
86 154 38 0.5496 0.6273 -140.987 -144.216 -0.34854 0.28917 9 74
86 138 39 0.5645 0.6302 -147.846 -143.734 -0.35454 0.28917 9 74
86 156 40 0.6069 0.6238 -138.13 -142.656 -0.36054 0.28317 9 74
86 161 41 0.6155 0.6238 -138.867 -142.656 -0.36054 0.28317 9 74
86 205 42 0.6452 0.6302 -142.891 -143.734 -0.35454 0.28917 9 73
86 199 43 0.5556 0.538 -136.359 -135.002 -0.36654 0.22317 9 74
86 139 44 0.5441 0.6302 -146.614 -143.734 -0.35454 0.28917 9 74
86 137 45 0.5883 0.6302 -148.992 -143.734 -0.35454 0.28917 9 74
86 149 46 0.5978 0.6273 -147.206 -144.216 -0.34854 0.28917 9 74
86 205 47 0.6183 0.6302 -141.477 -143.734 -0.35454 0.28917 9 73
86 171 48 0.5799 0.5335 -135.193 -133.648 -0.37254 0.21717 9 74
86 177 49 0.5791 0.5417 -137.767 -134.497 -0.37254 0.22317 9 74
129 245 0 0.5976 0.6178 -142.957 -143.624 -0.34854 0.28317 9 74
129 181 1 0.5864 0.594 -145.6 -145.54 -0.31854 0.27717 9 74
129 153 2 0.643 0.6341 -149.442 -145.272 -0.34254 0.29517 9 74
129 233 3 0.6508 0.6332 -142.844 -143.257 -0.36054 0.28917 9 73
129 200 4 0.579 0.5465 -138.812 -135.823 -0.36654 0.22917 9 74
129 170 5 0.5485 0.565 -141.503 -141.404 -0.33654 0.25317 9 74
129 240 6 0.6182 0.6244 -145.483 -144.702 -0.34254 0.28917 9 74
129 220 7 0.6534 0.6562 -137.853 -138.094 -0.42054 0.28317 9 74
129 204 8 0.6372 0.6268 -140.866 -142.179 -0.36654 0.28317 9 74
129 145 9 0.6345 0.6369 -149.646 -144.791 -0.34854 0.29517 9 74
129 175 10 0.5635 0.5776 -143.684 -143.784 -0.32454 0.26517 9 74
129 189 11 0.5601 0.5682 -140.503 -140.884 -0.34254 0.25317 9 74
129 199 12 0.5906 0.6145 -138.84 -142.036 -0.36054 0.27717 9 74
129 223 13 0.5901 0.6149 -143.776 -144.115 -0.34254 0.28317 9 74
129 189 14 0.57 0.6054 -143.214 -143.509 -0.34254 0.27717 9 74
129 230 15 0.5349 0.5343 -136.863 -135.513 -0.36054 0.22317 9 74
129 220 16 0.6508 0.6562 -137.76 -138.094 -0.42054 0.28317 9 74
129 226 17 0.5652 0.5417 -135.122 -134.497 -0.37254 0.22317 9 74
129 235 18 0.5582 0.538 -136.659 -135.002 -0.36654 0.22317 9 74
129 167 19 0.5382 0.5387 -146.316 -146.34 -0.28254 0.25317 9 74
129 205 20 0.5668 0.5429 -138.91 -136.332 -0.36054 0.22917 9 74
129 231 21 0.5376 0.5343 -136.982 -135.513 -0.36054 0.22317 9 74
129 186 22 0.617 0.6268 -139.229 -142.179 -0.36654 0.28317 9 74
129 179 23 0.5684 0.5734 -147.064 -147.068 -0.29454 0.27117 9 74
129 231 24 0.5893 0.6178 -142.739 -143.624 -0.34854 0.28317 9 74
129 235 25 0.6311 0.6332 -141.609 -143.257 -0.36054 0.28917 9 74
129 148 26 0.6391 0.6369 -149.566 -144.791 -0.34854 0.29517 9 74
129 192 27 0.6202 0.6474 -135.769 -137.442 -0.42054 0.27717 9 74
129 180 28 0.5748 0.5872 -144.51 -144.415 -0.32454 0.27117 9 74
129 238 29 0.5528 0.538 -136.653 -135.002 -0.36654 0.22317 9 74
129 172 30 0.6392 0.6268 -140.013 -142.179 -0.36654 0.28317 9 74
129 180 31 0.5942 0.6216 -146.194 -145.193 -0.33654 0.28917 9 74
129 201 32 0.5972 0.6244 -145.584 -144.702 -0.34254 0.28917 9 74
129 221 33 0.5711 0.5417 -135.761 -134.497 -0.37254 0.22317 9 74
129 254 34 0.6549 0.6369 -145.955 -144.791 -0.34854 0.29517 9 73
129 265 35 0.6284 0.6302 -143.571 -143.734 -0.35454 0.28917 9 74
129 208 36 0.5444 0.5393 -138.562 -136.847 -0.35454 0.22917 9 74
129 163 37 0.5937 0.5883 -149.678 -149.277 -0.28254 0.28317 9 74
129 168 38 0.596 0.5455 -135.681 -134 -0.37854 0.22317 9 74
129 172 39 0.5532 0.5712 -142.165 -142.607 -0.33054 0.25917 9 74
129 263 40 0.646 0.6397 -144.67 -144.313 -0.35454 0.29517 9 74
129 220 41 0.6532 0.6562 -138.048 -138.094 -0.42054 0.28317 9 74
129 173 42 0.6006 0.5885 -147.208 -146.584 -0.30654 0.27717 9 74
129 259 43 0.6517 0.6369 -145.539 -144.791 -0.34854 0.29517 9 74
129 183 44 0.5636 0.593 -142.698 -143.389 -0.33654 0.27117 9 74
129 216 45 0.6463 0.6596 -136.524 -137.663 -0.42654 0.28317 9 74
129 176 46 0.5762 0.5708 -148.012 -147.613 -0.28854 0.27117 9 74
129 245 47 0.6202 0.6238 -141.563 -142.656 -0.36054 0.28317 9 74
129 152 48 0.5324 0.5566 -143.564 -145.292 -0.30054 0.25917 9 74
129 166 49 0.5353 0.536 -146.777 -146.918 -0.27654 0.25317 9 74
172 229 0 0.6108 0.6176 -139.367 -141.555 -0.36654 0.27717 9 74
172 214 1 0.5654 0.5683 -148.173 -148.164 -0.28254 0.27117 9 74
172 217 2 0.597 0.6025 -138.418 -139.767 -0.37254 0.26517 9 74
172 207 3 0.5902 0.5538 -136.005 -134.825 -0.37854 0.22917 9 74
172 218 4 0.5583 0.5636 -146.553 -146.468 -0.29454 0.26517 9 74
172 228 5 0.6252 0.6286 -147.541 -146.248 -0.33054 0.29517 9 74
172 205 6 0.5376 0.5414 -145.047 -145.768 -0.28854 0.25317 9 74
172 224 7 0.6154 0.6176 -139.43 -141.555 -0.36654 0.27717 9 74
172 198 8 0.5376 0.5337 -149.815 -150.471 -0.24654 0.25917 9 74
172 207 9 0.5588 0.5558 -148.368 -148.14 -0.27654 0.26517 9 74
172 244 10 0.6106 0.6216 -146.191 -145.193 -0.33654 0.28917 9 74
172 185 11 0.53 0.5526 -140.785 -141.228 -0.33054 0.24717 9 74
172 231 12 0.6377 0.6527 -138.702 -138.53 -0.41454 0.28317 9 74
172 227 13 0.578 0.5872 -144.199 -144.415 -0.32454 0.27117 9 74
172 178 14 0.5299 0.5464 -141.632 -142.306 -0.31854 0.24717 9 74
172 230 15 0.5604 0.5682 -140.609 -140.884 -0.34254 0.25317 9 74
172 287 16 0.5454 0.538 -135.631 -135.002 -0.36654 0.22317 9 74
172 202 17 0.6066 0.6352 -135.941 -137.213 -0.41454 0.27117 9 74
172 243 18 0.5487 0.5393 -138.844 -136.847 -0.35454 0.22917 9 74
172 231 19 0.6441 0.6362 -141.249 -142.784 -0.36654 0.28917 9 74
172 214 20 0.5494 0.565 -141.005 -141.404 -0.33654 0.25317 9 74
172 208 21 0.5327 0.5387 -145.924 -146.34 -0.28254 0.25317 9 74
172 260 22 0.59 0.6114 -140.474 -142.522 -0.35454 0.27717 9 74
172 248 23 0.6397 0.6509 -136.129 -137.009 -0.42654 0.27717 9 74
172 220 24 0.5922 0.5885 -146.899 -146.584 -0.30654 0.27717 9 74
172 247 25 0.5743 0.5538 -135.692 -134.825 -0.37854 0.22917 9 74
172 218 26 0.5918 0.5859 -147.66 -147.114 -0.30054 0.27717 9 74
172 282 27 0.6083 0.6244 -144.33 -144.702 -0.34254 0.28917 9 74
172 253 28 0.6165 0.6216 -146.241 -145.193 -0.33654 0.28917 9 74
172 201 29 0.6196 0.6181 -138.88 -139.488 -0.38454 0.27117 9 74
172 241 30 0.5992 0.6084 -139.401 -140.913 -0.36654 0.27117 9 74
172 199 31 0.6069 0.5932 -149.304 -148.208 -0.29454 0.28317 9 74
172 244 32 0.6419 0.6562 -138.385 -138.094 -0.42054 0.28317 9 74
172 192 33 0.6177 0.6057 -149.159 -148.229 -0.30054 0.28917 9 74
172 207 34 0.5532 0.5682 -142.839 -143.133 -0.32454 0.25917 9 74
172 221 35 0.5841 0.5843 -145.361 -144.935 -0.31854 0.27117 9 74
172 305 36 0.6407 0.6397 -144.051 -144.313 -0.35454 0.29517 9 74
172 274 37 0.6344 0.6341 -146.51 -145.272 -0.34254 0.29517 9 74
172 233 38 0.6343 0.6268 -140.656 -142.179 -0.36654 0.28317 9 74
172 205 39 0.5306 0.529 -145.312 -145.687 -0.28254 0.24717 9 74
172 201 40 0.6082 0.6317 -136.476 -137.658 -0.40854 0.27117 9 74
172 218 41 0.5536 0.565 -141.32 -141.404 -0.33654 0.25317 9 74
172 274 42 0.6325 0.6332 -141.873 -143.257 -0.36054 0.28917 9 74
172 256 43 0.5837 0.6084 -142.521 -143.013 -0.34854 0.27717 9 74
172 277 44 0.5316 0.5343 -136.087 -135.513 -0.36054 0.22317 9 74
172 241 45 0.6268 0.6268 -140.422 -142.179 -0.36654 0.28317 9 74
172 258 46 0.5918 0.6149 -143.933 -144.115 -0.34254 0.28317 9 74
172 211 47 0.5556 0.5682 -142.602 -143.133 -0.32454 0.25917 9 74
172 289 48 0.6213 0.6244 -145.035 -144.702 -0.34254 0.28917 9 74
172 192 49 0.6214 0.6057 -148.961 -148.229 -0.30054 0.28917 9 74
215 250 0 0.5727 0.5758 -149.11 -149.279 -0.27654 0.27717 9 74
215 231 1 0.537 0.5499 -143.198 -144.088 -0.30654 0.25317 9 74
215 236 2 0.6077 0.6266 -135.061 -136.527 -0.41454 0.26517 9 74
215 264 3 0.5719 0.5761 -146.619 -146.527 -0.30054 0.27117 9 74
215 222 4 0.6356 0.6281 -149.472 -148.769 -0.30654 0.30117 9 74
215 227 5 0.6494 0.6507 -149.614 -149.272 -0.31254 0.31317 9 74
215 291 6 0.5562 0.548 -138.301 -137.637 -0.35454 0.23517 9 74
215 262 7 0.5691 0.5776 -143.69 -143.784 -0.32454 0.26517 9 74
215 253 8 0.5604 0.5719 -144.033 -144.842 -0.31254 0.26517 9 74
215 278 9 0.5755 0.555 -138.341 -136.619 -0.36654 0.23517 9 74
215 238 10 0.6259 0.6215 -139.179 -139.023 -0.39054 0.27117 9 74
215 242 11 0.621 0.6108 -148.22 -147.2 -0.31254 0.28917 9 74
215 238 12 0.5382 0.536 -149.763 -149.874 -0.25254 0.25917 9 74
215 281 13 0.6066 0.6188 -145.894 -145.688 -0.33054 0.28917 9 74
215 264 14 0.6018 0.6116 -139.007 -140.433 -0.37254 0.27117 9 74
215 233 15 0.5306 0.5442 -143.849 -145.203 -0.29454 0.25317 9 74
215 242 16 0.5903 0.5659 -135.99 -135.139 -0.38454 0.23517 9 74
215 237 17 0.5357 0.5384 -149.081 -149.283 -0.25854 0.25917 9 74
215 295 18 0.6412 0.6474 -136.911 -137.442 -0.42054 0.27717 9 74
215 243 19 0.5515 0.5533 -148.802 -148.708 -0.27054 0.26517 9 74
215 330 20 0.5471 0.5417 -134.926 -134.497 -0.37254 0.22317 9 74
215 333 21 0.628 0.6341 -145.465 -145.272 -0.34254 0.29517 9 74
215 233 22 0.6117 0.6008 -149.69 -149.276 -0.28854 0.28917 9 74
215 255 23 0.5626 0.5747 -143.594 -144.31 -0.31854 0.26517 9 74
215 252 24 0.5446 0.5485 -147.154 -146.97 -0.28254 0.25917 9 74
215 228 25 0.5371 0.5558 -142.209 -142.997 -0.31854 0.25317 9 74
215 246 26 0.6112 0.6352 -135.569 -137.213 -0.41454 0.27117 9 74
215 323 27 0.6032 0.6114 -141.634 -142.522 -0.35454 0.27717 9 74
215 261 28 0.5919 0.5885 -146.708 -146.584 -0.30654 0.27717 9 74
215 326 29 0.6016 0.6208 -142.222 -143.137 -0.35454 0.28317 9 74
215 239 30 0.6552 0.6545 -134.916 -136.581 -0.43254 0.27717 9 74
215 337 31 0.6557 0.6465 -145.804 -145.348 -0.34854 0.30117 9 74
215 270 32 0.5357 0.5358 -138.678 -137.37 -0.34854 0.22917 9 74
215 260 33 0.5866 0.5833 -148.057 -147.648 -0.29454 0.27717 9 74
215 327 34 0.6557 0.6465 -146.502 -145.348 -0.34854 0.30117 9 74
215 262 35 0.5619 0.5636 -146.081 -146.468 -0.29454 0.26517 9 74
215 295 36 0.584 0.6021 -140.638 -141.888 -0.35454 0.27117 9 74
215 286 37 0.5729 0.5501 -137.386 -135.321 -0.37254 0.22917 9 74
215 258 38 0.5571 0.5584 -147.422 -147.578 -0.28254 0.26517 9 74
215 347 39 0.6381 0.6369 -144.574 -144.791 -0.34854 0.29517 9 74
215 247 40 0.5328 0.5236 -147.387 -146.863 -0.27054 0.24717 9 74
215 251 41 0.5546 0.5682 -142.333 -143.133 -0.32454 0.25917 9 74
215 289 42 0.6498 0.6562 -138.689 -138.094 -0.42054 0.28317 9 74
215 259 43 0.6363 0.6405 -139.056 -138.323 -0.40854 0.27717 9 74
215 344 44 0.6444 0.6369 -145.523 -144.791 -0.34854 0.29517 9 74
215 278 45 0.557 0.5534 -139.594 -138.918 -0.34854 0.24117 9 74
215 306 46 0.6151 0.6216 -145.686 -145.193 -0.33654 0.28917 9 74
215 263 47 0.564 0.5636 -146.638 -146.468 -0.29454 0.26517 9 74
215 315 48 0.5485 0.538 -136.739 -135.002 -0.36654 0.22317 9 74
215 262 49 0.5745 0.5815 -145.176 -145.461 -0.31254 0.27117 9 74
258 305 0 0.5773 0.5734 -147.54 -147.068 -0.29454 0.27117 9 74
258 302 1 0.5492 0.5558 -140.439 -140.698 -0.33654 0.24717 9 75
258 276 2 0.6462 0.6431 -149.219 -148.287 -0.31854 0.30717 9 74
258 301 3 0.5524 0.5558 -140.965 -140.698 -0.33654 0.24717 9 74
258 365 4 0.6367 0.6341 -146.21 -145.272 -0.34254 0.29517 8 74
258 289 5 0.5432 0.5539 -144.831 -145.846 -0.29454 0.25917 9 74
258 324 6 0.6321 0.6474 -136.189 -137.442 -0.42054 0.27717 9 74
258 314 7 0.5488 0.55 -139.438 -139.44 -0.34254 0.24117 9 74
258 310 8 0.6077 0.6116 -139.4 -140.433 -0.37254 0.27117 9 75
258 378 9 0.6265 0.6273 -144.952 -144.216 -0.34854 0.28917 8 74
258 291 10 0.5573 0.5623 -144.237 -144.202 -0.31254 0.25917 9 74
258 325 11 0.5797 0.593 -142.708 -143.389 -0.33654 0.27117 9 74
258 307 12 0.5873 0.594 -145.378 -145.54 -0.31854 0.27717 9 74
258 292 13 0.6096 0.5983 -147.631 -147.158 -0.30654 0.28317 9 74
258 339 14 0.6505 0.6362 -142.717 -142.784 -0.36654 0.28917 9 74
258 340 15 0.5656 0.5501 -136.867 -135.321 -0.37254 0.22917 9 75
258 298 16 0.5666 0.5683 -148.366 -148.164 -0.28254 0.27117 9 74
258 273 17 0.6263 0.6182 -148.902 -148.249 -0.30654 0.29517 9 74
258 296 18 0.619 0.6387 -135.142 -136.773 -0.42054 0.27117 9 74
258 267 19 0.6031 0.623 -135.668 -136.974 -0.40854 0.26517 9 74
258 352 20 0.5592 0.5501 -136.33 -135.321 -0.37254 0.22917 9 74
258 300 21 0.5764 0.5708 -148.215 -147.613 -0.28854 0.27117 9 74
258 272 22 0.5359 0.5499 -143.323 -144.088 -0.30654 0.25317 9 74
258 352 23 0.6275 0.6268 -141.416 -142.179 -0.36654 0.28317 9 74
258 327 24 0.6512 0.6527 -138.924 -138.53 -0.41454 0.28317 9 74
258 299 25 0.5317 0.5411 -139.01 -138.682 -0.34254 0.23517 9 74
258 299 26 0.6405 0.6299 -140.983 -141.706 -0.37254 0.28317 9 74
258 280 27 0.6346 0.6337 -139.615 -139.222 -0.39654 0.27717 9 74
258 365 28 0.6023 0.6114 -142.265 -142.522 -0.35454 0.27717 9 74
258 284 29 0.5574 0.561 -149.665 -149.845 -0.26454 0.27117 9 74
258 279 30 0.5429 0.5499 -143.616 -144.088 -0.30654 0.25317 9 74
258 307 31 0.5587 0.565 -141.099 -141.404 -0.33654 0.25317 9 75
258 306 32 0.5709 0.5776 -143.562 -143.784 -0.32454 0.26517 9 74
258 293 33 0.5894 0.5808 -148.898 -148.187 -0.28854 0.27717 9 74
258 293 34 0.5563 0.5558 -148.32 -148.14 -0.27654 0.26517 9 74
258 323 35 0.5746 0.5586 -137.413 -136.119 -0.37254 0.23517 9 75
258 389 36 0.6423 0.6397 -144.168 -144.313 -0.35454 0.29517 9 74
258 339 37 0.5409 0.5393 -137.759 -136.847 -0.35454 0.22917 9 74
258 305 38 0.58 0.5788 -145.786 -145.991 -0.30654 0.27117 9 74
258 265 39 0.5929 0.5901 -135.552 -135.728 -0.39654 0.24717 9 74
258 292 40 0.549 0.5584 -147.55 -147.578 -0.28254 0.26517 9 74
258 284 41 0.5997 0.6003 -137.826 -138.123 -0.38454 0.25917 9 75
258 297 42 0.5481 0.5485 -147.068 -146.97 -0.28254 0.25917 9 74
258 302 43 0.6288 0.6259 -147.741 -146.742 -0.32454 0.29517 9 74
258 336 44 0.6526 0.6562 -138.643 -138.094 -0.42054 0.28317 9 74
258 319 45 0.5724 0.5866 -141.927 -142.238 -0.34254 0.26517 9 74
258 303 46 0.5515 0.5558 -140.731 -140.698 -0.33654 0.24717 9 74
258 289 47 0.6382 0.6332 -148.469 -147.772 -0.31854 0.30117 9 74
258 332 48 0.6402 0.6474 -136.596 -137.442 -0.42054 0.27717 9 74
258 392 49 0.6309 0.6302 -143.874 -143.734 -0.35454 0.28917 8 74
301 415 0 0.6448 0.6426 -143.522 -143.841 -0.36054 0.29517 8 74
301 345 1 0.5862 0.5847 -138.466 -138.374 -0.37254 0.25317 9 75
301 339 2 0.5629 0.5719 -144.593 -144.842 -0.31254 0.26517 9 75
301 344 3 0.5924 0.5885 -147.042 -146.584 -0.30654 0.27717 9 75
301 354 4 0.5534 0.5591 -140.208 -140.174 -0.34254 0.24717 9 75
301 340 5 0.6194 0.6148 -139.686 -139.958 -0.37854 0.27117 9 75
301 359 6 0.6257 0.6207 -140.571 -141.079 -0.37254 0.27717 8 74
301 346 7 0.5748 0.5747 -144.222 -144.31 -0.31854 0.26517 9 75
301 361 8 0.5399 0.5445 -138.496 -138.157 -0.34854 0.23517 9 75
301 360 9 0.5596 0.5534 -139.401 -138.918 -0.34854 0.24117 9 75
301 324 10 0.5346 0.5309 -148.492 -148.09 -0.26454 0.25317 9 75
301 353 11 0.5786 0.5672 -137.846 -136.894 -0.37254 0.24117 9 75
301 341 12 0.6188 0.6352 -136.572 -137.213 -0.41454 0.27117 9 74
301 362 13 0.5732 0.5774 -141.109 -141.572 -0.34254 0.25917 9 75
301 320 14 0.5406 0.536 -149.674 -149.874 -0.25254 0.25917 9 75
301 302 15 0.6286 0.6157 -149.492 -148.76 -0.30054 0.29517 9 75
301 348 16 0.6282 0.6259 -147.54 -146.742 -0.32454 0.29517 9 74
301 327 17 0.5296 0.521 -147.863 -147.46 -0.26454 0.24717 9 75
301 382 18 0.6174 0.6176 -140.773 -141.555 -0.36654 0.27717 8 75
301 401 19 0.6001 0.6084 -142.982 -143.013 -0.34854 0.27717 8 75
301 347 20 0.6032 0.6037 -146.455 -146.125 -0.31854 0.28317 9 75
301 364 21 0.5744 0.5586 -137.066 -136.119 -0.37254 0.23517 9 75
301 337 22 0.563 0.5683 -148.254 -148.164 -0.28254 0.27117 9 75
301 310 23 0.5372 0.5528 -142.653 -143.539 -0.31254 0.25317 9 75
301 359 24 0.6501 0.6527 -139.223 -138.53 -0.41454 0.28317 8 74
301 317 25 0.609 0.616 -137.355 -137.884 -0.39654 0.26517 9 75
301 340 26 0.5991 0.5983 -147.23 -147.158 -0.30654 0.28317 9 75
301 353 27 0.6249 0.6352 -136.855 -137.213 -0.41454 0.27117 9 74
301 339 28 0.619 0.6352 -136.736 -137.213 -0.41454 0.27117 9 75
301 324 29 0.5509 0.5509 -149.573 -149.281 -0.26454 0.26517 9 75
301 333 30 0.6084 0.5983 -147.554 -147.158 -0.30654 0.28317 9 75
301 372 31 0.6558 0.6527 -138.948 -138.53 -0.41454 0.28317 8 74
301 431 32 0.6313 0.6273 -144.496 -144.216 -0.34854 0.28917 8 74
301 328 33 0.5522 0.5588 -142.534 -142.46 -0.32454 0.25317 9 75
301 330 34 0.5695 0.5734 -149.822 -149.831 -0.27054 0.27717 9 75
301 421 35 0.6162 0.6273 -144.135 -144.216 -0.34854 0.28917 8 74
301 342 36 0.5893 0.5833 -148.146 -147.648 -0.29454 0.27717 9 75
301 371 37 0.6034 0.6084 -139.965 -140.913 -0.36654 0.27117 8 75
301 336 38 0.5378 0.5387 -146.397 -146.34 -0.28254 0.25317 9 74
301 385 39 0.6385 0.6362 -142.002 -142.784 -0.36654 0.28917 8 74
301 400 40 0.5567 0.5417 -135.657 -134.497 -0.37254 0.22317 9 75
301 333 41 0.5424 0.5539 -145.229 -145.846 -0.29454 0.25917 9 75
301 344 42 0.5929 0.5885 -146.575 -146.584 -0.30654 0.27717 9 75
301 353 43 0.6158 0.6161 -146.785 -146.187 -0.32454 0.28917 9 74
301 420 44 0.6099 0.6208 -142.901 -143.137 -0.35454 0.28317 8 75
301 330 45 0.5539 0.5652 -143 -143.665 -0.31854 0.25917 9 75
301 411 46 0.5506 0.5417 -134.924 -134.497 -0.37254 0.22317 9 74
301 324 47 0.5403 0.5409 -148.579 -148.696 -0.26454 0.25917 9 75
301 348 48 0.6048 0.6037 -146.387 -146.125 -0.31854 0.28317 9 74
301 420 49 0.6403 0.6332 -143.34 -143.257 -0.36054 0.28917 8 74
344 448 0 0.5333 0.5343 -135.83 -135.513 -0.36054 0.22317 9 74
344 376 1 0.6287 0.6233 -147.979 -147.24 -0.31854 0.29517 9 75
344 427 2 0.5611 0.5501 -136.563 -135.321 -0.37254 0.22917 8 75
344 390 3 0.6267 0.6317 -137.59 -137.658 -0.40854 0.27117 8 75
344 368 4 0.531 0.5317 -144.809 -145.108 -0.28854 0.24717 9 75
344 438 5 0.6379 0.641 -146.437 -146.305 -0.33654 0.30117 8 74
344 373 6 0.5701 0.5734 -149.608 -149.831 -0.27054 0.27717 9 75
344 432 7 0.561 0.5501 -136.309 -135.321 -0.37254 0.22917 8 75
344 364 8 0.544 0.5499 -143.798 -144.088 -0.30654 0.25317 9 75
344 391 9 0.5827 0.5813 -138.497 -138.864 -0.36654 0.25317 8 75
344 402 10 0.6235 0.6207 -140.476 -141.079 -0.37254 0.27717 8 75
344 386 11 0.6363 0.6423 -135.183 -136.337 -0.42654 0.27117 9 74
344 350 12 0.6038 0.6108 -136.076 -136.726 -0.40254 0.25917 8 75
344 339 13 0.628 0.6257 -149.764 -149.274 -0.30054 0.30117 9 75
344 379 14 0.5737 0.5683 -148.674 -148.164 -0.28254 0.27117 9 75
344 446 15 0.6028 0.6114 -141.644 -142.522 -0.35454 0.27717 8 75
344 366 16 0.5456 0.5495 -141.562 -141.764 -0.32454 0.24717 9 75
344 393 17 0.5757 0.5761 -146.583 -146.527 -0.30054 0.27117 9 75
344 398 18 0.5772 0.5779 -139.602 -139.361 -0.36054 0.25317 8 75
344 374 19 0.6474 0.6392 -141.581 -142.316 -0.37254 0.28917 8 74
344 463 20 0.6175 0.6208 -142.385 -143.137 -0.35454 0.28317 8 75
344 387 21 0.5484 0.5558 -140.186 -140.698 -0.33654 0.24717 9 75
344 372 22 0.5902 0.5859 -149.772 -149.818 -0.27654 0.28317 9 75
344 364 23 0.5367 0.536 -149.566 -149.874 -0.25254 0.25917 9 75
344 433 24 0.5948 0.6021 -141.624 -141.888 -0.35454 0.27117 8 75
344 469 25 0.6193 0.6208 -142.725 -143.137 -0.35454 0.28317 8 75
344 387 26 0.592 0.5859 -147.47 -147.114 -0.30054 0.27717 9 75
344 450 27 0.61 0.6149 -144.084 -144.115 -0.34254 0.28317 8 75
344 342 28 0.6348 0.6382 -149.596 -149.273 -0.30654 0.30717 9 75
344 374 29 0.5503 0.5558 -148.212 -148.14 -0.27654 0.26517 9 75
344 450 30 0.544 0.538 -135.977 -135.002 -0.36654 0.22317 9 75
344 363 31 0.5335 0.5284 -148.807 -148.684 -0.25854 0.25317 9 75
344 460 32 0.6451 0.6426 -143.67 -143.841 -0.36054 0.29517 8 74
344 375 33 0.5381 0.5414 -145.378 -145.768 -0.28854 0.25317 9 75
344 369 34 0.615 0.6082 -148.104 -147.712 -0.30654 0.28917 9 75
344 458 35 0.6185 0.6244 -144.658 -144.702 -0.34254 0.28917 8 75
344 371 36 0.5474 0.5433 -148.236 -148.116 -0.27054 0.25917 9 75
344 459 37 0.6469 0.6437 -146.076 -145.825 -0.34254 0.30117 8 74
344 382 38 0.5524 0.5539 -146.024 -145.846 -0.29454 0.25917 9 75
344 432 39 0.6148 0.6176 -140.893 -141.555 -0.36654 0.27717 8 75
344 355 40 0.5366 0.5495 -141.2 -141.764 -0.32454 0.24717 9 75
344 399 41 0.5725 0.569 -138.547 -138.638 -0.36054 0.24717 8 75
344 412 42 0.6364 0.6474 -137.283 -137.442 -0.42054 0.27717 8 74
344 379 43 0.618 0.6352 -136.376 -137.213 -0.41454 0.27117 8 75
344 382 44 0.6137 0.6148 -139.305 -139.958 -0.37854 0.27117 8 75
344 382 45 0.6464 0.6456 -148.446 -147.8 -0.32454 0.30717 9 75
344 390 46 0.5747 0.5734 -147.421 -147.068 -0.29454 0.27117 9 75
344 454 47 0.6464 0.6437 -146.318 -145.825 -0.34254 0.30117 8 74
344 404 48 0.576 0.5774 -141.317 -141.572 -0.34254 0.25917 8 75
344 445 49 0.5402 0.5343 -136.244 -135.513 -0.36054 0.22317 9 75
387 452 0 0.5883 0.596 -140.009 -140.739 -0.36054 0.26517 8 76
387 429 1 0.5959 0.5912 -146.45 -146.06 -0.31254 0.27717 9 75
387 412 2 0.5929 0.5881 -137.597 -137.889 -0.37854 0.25317 8 76
387 470 3 0.6524 0.6596 -137.055 -137.663 -0.42654 0.28317 8 74
387 427 4 0.6325 0.6405 -138.453 -138.323 -0.40854 0.27717 8 75
387 404 5 0.5371 0.547 -144.025 -144.642 -0.30054 0.25317 9 75
387 390 6 0.5919 0.5901 -135.555 -135.728 -0.39654 0.24717 8 75
387 419 7 0.5376 0.5387 -146.1 -146.34 -0.28254 0.25317 9 75
387 499 8 0.5393 0.538 -134.969 -135.002 -0.36654 0.22317 8 75
387 447 9 0.5893 0.5996 -144.296 -144.514 -0.33054 0.27717 8 75
387 412 10 0.5407 0.5442 -144.611 -145.203 -0.29454 0.25317 9 75
387 456 11 0.6192 0.6188 -146.235 -145.688 -0.33054 0.28917 8 75
387 425 12 0.6152 0.6148 -139.48 -139.958 -0.37854 0.27117 8 75
387 442 13 0.5796 0.5806 -143.421 -143.264 -0.33054 0.26517 9 75
387 405 14 0.6267 0.6215 -139.399 -139.023 -0.39054 0.27117 8 75
387 423 15 0.6447 0.6494 -139.407 -138.97 -0.40854 0.28317 8 75
387 433 16 0.5771 0.5622 -136.2 -135.626 -0.37854 0.23517 8 75
387 439 17 0.5604 0.5591 -140.425 -140.174 -0.34254 0.24717 9 75
387 406 18 0.6517 0.6545 -135.166 -136.581 -0.43254 0.27717 8 74
387 438 19 0.6547 0.6527 -139.461 -138.53 -0.41454 0.28317 8 74
387 442 20 0.6532 0.6545 -136.024 -136.581 -0.43254 0.27717 8 74
387 432 21 0.5783 0.5843 -144.743 -144.935 -0.31854 0.27117 9 75
387 438 22 0.6259 0.6352 -136.759 -137.213 -0.41454 0.27117 8 75
387 474 23 0.6052 0.612 -144.573 -144.61 -0.33654 0.28317 8 75
387 405 24 0.6009 0.5907 -149.51 -148.741 -0.28854 0.28317 9 75
387 407 25 0.5312 0.536 -149.527 -149.874 -0.25254 0.25917 9 75
387 416 26 0.58 0.5659 -135.375 -135.139 -0.38454 0.23517 8 75
387 421 27 0.559 0.5691 -144.759 -145.378 -0.30654 0.26517 9 75
387 452 28 0.5783 0.5866 -141.905 -142.238 -0.34254 0.26517 8 75
387 436 29 0.6256 0.6387 -136.059 -136.773 -0.42054 0.27117 8 75
387 457 30 0.5996 0.612 -144.641 -144.61 -0.33654 0.28317 8 75
387 442 31 0.646 0.6509 -135.846 -137.009 -0.42654 0.27717 8 74
387 433 32 0.5608 0.5636 -146.193 -146.468 -0.29454 0.26517 9 75
387 393 33 0.6553 0.6423 -141.789 -141.852 -0.37854 0.28917 8 75
387 431 34 0.6514 0.6456 -148.276 -147.8 -0.32454 0.30717 8 75
387 421 35 0.5597 0.5682 -142.88 -143.133 -0.32454 0.25917 9 75
387 407 36 0.6347 0.6337 -139.48 -139.222 -0.39654 0.27717 8 75
387 487 37 0.6178 0.6244 -145.083 -144.702 -0.34254 0.28917 8 75
387 471 38 0.5939 0.6054 -142.826 -143.509 -0.34254 0.27717 8 75
387 445 39 0.6449 0.6509 -135.864 -137.009 -0.42654 0.27717 8 74
387 502 40 0.6238 0.6244 -144.979 -144.702 -0.34254 0.28917 8 75
387 516 41 0.6252 0.6302 -143.674 -143.734 -0.35454 0.28917 8 75
387 414 42 0.5452 0.5459 -147.97 -147.54 -0.27654 0.25917 9 75
387 416 43 0.5776 0.5758 -149.549 -149.279 -0.27654 0.27717 9 75
387 480 44 0.6164 0.6176 -141.293 -141.555 -0.36654 0.27717 8 75
387 392 45 0.6153 0.6032 -149.492 -148.751 -0.29454 0.28917 9 75
387 435 46 0.6355 0.6299 -141.104 -141.706 -0.37254 0.28317 8 75
387 405 47 0.5447 0.5509 -149.265 -149.281 -0.26454 0.26517 9 75
387 422 48 0.6115 0.6148 -139.229 -139.958 -0.37854 0.27117 8 75
387 412 49 0.6187 0.6181 -139.084 -139.488 -0.38454 0.27117 8 75
429 472 0 0.6449 0.6456 -148.193 -147.8 -0.32454 0.30717 8 75
429 525 1 0.624 0.6268 -141.579 -142.179 -0.36654 0.28317 8 75
429 457 2 0.5875 0.5829 -136.816 -136.675 -0.38454 0.24717 8 76
429 496 3 0.5624 0.5602 -138.27 -137.894 -0.36054 0.24117 8 76
429 452 4 0.5361 0.5334 -148.069 -147.501 -0.27054 0.25317 9 76
429 512 5 0.6037 0.612 -144.461 -144.61 -0.33654 0.28317 8 75
429 465 6 0.5823 0.5783 -148.798 -148.73 -0.28254 0.27717 9 75
429 440 7 0.6475 0.6507 -149.25 -149.272 -0.31254 0.31317 9 75
429 468 8 0.5798 0.5808 -148.429 -148.187 -0.28854 0.27717 9 75
429 477 9 0.5793 0.5776 -143.898 -143.784 -0.32454 0.26517 9 76
429 560 10 0.6293 0.6273 -144.4 -144.216 -0.34854 0.28917 8 75
429 499 11 0.6372 0.6474 -137.119 -137.442 -0.42054 0.27717 8 75
429 470 12 0.5838 0.5808 -148.365 -148.187 -0.28854 0.27717 9 75
429 493 13 0.59 0.6025 -143.847 -144.009 -0.33654 0.27717 8 76
429 496 14 0.548 0.5445 -138.408 -138.157 -0.34854 0.23517 9 76
429 446 15 0.533 0.5346 -144.288 -144.536 -0.29454 0.24717 9 75
429 543 16 0.6105 0.6178 -143.076 -143.624 -0.34854 0.28317 8 75
429 450 17 0.6343 0.6271 -140.364 -140.141 -0.38454 0.27717 8 75
429 456 18 0.5552 0.5652 -143.037 -143.665 -0.31854 0.25917 9 76
429 491 19 0.6482 0.6509 -136.113 -137.009 -0.42654 0.27717 8 74
429 495 20 0.5794 0.5866 -141.861 -142.238 -0.34254 0.26517 8 76
429 545 21 0.6108 0.6208 -142.678 -143.137 -0.35454 0.28317 8 75
429 442 22 0.5928 0.5865 -136.486 -136.199 -0.39054 0.24717 8 76
429 498 23 0.6495 0.6509 -136.297 -137.009 -0.42654 0.27717 8 74
429 453 24 0.6078 0.6082 -148.038 -147.712 -0.30654 0.28917 9 76
429 455 25 0.5692 0.5658 -149.209 -148.72 -0.27654 0.27117 9 76
429 487 26 0.648 0.6392 -142.343 -142.316 -0.37254 0.28917 8 75
429 446 27 0.6283 0.6304 -139.436 -139.679 -0.39054 0.27717 8 75
429 558 28 0.6252 0.6302 -143.679 -143.734 -0.35454 0.28917 8 75
429 516 29 0.6507 0.6426 -143.35 -143.841 -0.36054 0.29517 8 75
429 540 30 0.5405 0.538 -134.937 -135.002 -0.36654 0.22317 8 75
429 441 31 0.5354 0.5435 -140.542 -140.503 -0.33054 0.24117 9 75
429 446 32 0.5816 0.5696 -135.019 -134.659 -0.39054 0.23517 8 75
429 545 33 0.6169 0.6273 -144.096 -144.216 -0.34854 0.28917 8 75
429 471 34 0.5644 0.5691 -145.171 -145.378 -0.30654 0.26517 9 76
429 514 35 0.6028 0.6149 -144.099 -144.115 -0.34254 0.28317 8 76
429 460 36 0.5356 0.5378 -139.498 -139.214 -0.33654 0.23517 9 75
429 425 37 0.6301 0.6257 -149.69 -149.274 -0.30054 0.30117 9 75
429 485 38 0.6123 0.6116 -140.017 -140.433 -0.37254 0.27117 8 76
429 486 39 0.5817 0.5869 -139.543 -140.061 -0.36054 0.25917 8 76
429 477 40 0.5794 0.5872 -143.909 -144.415 -0.32454 0.27117 9 76
429 480 41 0.6528 0.6527 -139.354 -138.53 -0.41454 0.28317 8 75
429 546 42 0.6302 0.6332 -142.706 -143.257 -0.36054 0.28917 8 75
429 448 43 0.552 0.5558 -143.198 -142.997 -0.31854 0.25317 9 76
429 457 44 0.6216 0.6283 -137.94 -138.108 -0.40254 0.27117 8 75
429 551 45 0.6505 0.6493 -144.907 -144.876 -0.35454 0.30117 8 75
429 492 46 0.6452 0.6384 -147.537 -146.79 -0.33054 0.30117 8 75
429 457 47 0.545 0.5526 -141.052 -141.228 -0.33054 0.24717 9 75
429 497 48 0.6356 0.6474 -136.779 -137.442 -0.42054 0.27717 8 75
429 557 49 0.6301 0.6273 -144.58 -144.216 -0.34854 0.28917 8 75
472 546 0 0.6437 0.6474 -136.902 -137.442 -0.42054 0.27717 8 75
472 524 1 0.5706 0.5742 -142.113 -142.087 -0.33654 0.25917 8 76
472 595 2 0.6247 0.6302 -143.127 -143.734 -0.35454 0.28917 8 75
472 564 3 0.6032 0.6149 -143.773 -144.115 -0.34254 0.28317 8 76
472 500 4 0.5863 0.5794 -137.113 -137.157 -0.37854 0.24717 8 76
472 492 5 0.5398 0.547 -144.201 -144.642 -0.30054 0.25317 9 76
472 547 6 0.5936 0.6054 -143.355 -143.509 -0.34254 0.27717 8 76
472 592 7 0.6498 0.6465 -145.727 -145.348 -0.34854 0.30117 8 75
472 515 8 0.585 0.5815 -145.566 -145.461 -0.31254 0.27117 9 76
472 492 9 0.5388 0.5433 -148.313 -148.116 -0.27054 0.25917 9 76
472 589 10 0.6249 0.6208 -142.935 -143.137 -0.35454 0.28317 8 75
472 491 11 0.6527 0.6423 -142.015 -141.852 -0.37854 0.28917 8 75
472 495 12 0.632 0.6271 -140.214 -140.141 -0.38454 0.27717 8 76
472 528 13 0.6082 0.6064 -145.947 -145.615 -0.32454 0.28317 8 76
472 527 14 0.5601 0.5534 -139.276 -138.918 -0.34854 0.24117 8 76
472 520 15 0.594 0.594 -145.541 -145.54 -0.31854 0.27717 8 76
472 575 16 0.5301 0.5259 -135.014 -134.668 -0.36054 0.21717 8 75
472 531 17 0.5774 0.5836 -142.605 -142.748 -0.33654 0.26517 8 76
472 514 18 0.5685 0.5663 -146.266 -145.92 -0.30054 0.26517 9 76
472 542 19 0.5518 0.548 -138.345 -137.637 -0.35454 0.23517 8 76
472 546 20 0.5881 0.599 -142.101 -142.383 -0.34854 0.27117 8 76
472 529 21 0.5759 0.5746 -139.998 -139.863 -0.35454 0.25317 8 76
472 468 22 0.6506 0.6362 -141.217 -140.776 -0.38454 0.28317 8 75
472 490 23 0.5382 0.5384 -149.356 -149.283 -0.25854 0.25917 9 76
472 475 24 0.6488 0.6362 -141.181 -140.776 -0.38454 0.28317 8 75
472 513 25 0.5726 0.5708 -147.977 -147.613 -0.28854 0.27117 9 76
472 596 26 0.6222 0.6208 -143.08 -143.137 -0.35454 0.28317 8 75
472 509 27 0.551 0.5539 -145.48 -145.846 -0.29454 0.25917 9 76
472 516 28 0.57 0.5761 -146.099 -146.527 -0.30054 0.27117 9 76
472 482 29 0.5351 0.5346 -144.078 -144.536 -0.29454 0.24717 9 76
472 505 30 0.6362 0.6332 -148.08 -147.772 -0.31854 0.30117 8 76
472 592 31 0.651 0.6493 -144.83 -144.876 -0.35454 0.30117 8 75
472 534 32 0.5913 0.5996 -144.191 -144.514 -0.33054 0.27717 8 76
472 526 33 0.5487 0.55 -139.461 -139.44 -0.34254 0.24117 9 76
472 473 34 0.534 0.5404 -143.066 -143.409 -0.30654 0.24717 9 76
472 528 35 0.6542 0.6527 -139.272 -138.53 -0.41454 0.28317 8 75
472 501 36 0.6174 0.6266 -135.907 -136.527 -0.41454 0.26517 8 75
472 518 37 0.5784 0.5724 -138.183 -138.139 -0.36654 0.24717 8 76
472 583 38 0.6321 0.6332 -142.658 -143.257 -0.36054 0.28917 8 75
472 508 39 0.5556 0.5566 -145.432 -145.292 -0.30054 0.25917 9 76
472 538 40 0.6005 0.6084 -140.11 -140.913 -0.36654 0.27117 8 76
472 492 41 0.5593 0.561 -149.474 -149.845 -0.26454 0.27117 9 76
472 498 42 0.5409 0.5459 -147.695 -147.54 -0.27654 0.25917 9 76
472 601 43 0.6427 0.6397 -144.562 -144.313 -0.35454 0.29517 8 75
472 525 44 0.5512 0.55 -139.443 -139.44 -0.34254 0.24117 9 76
472 490 45 0.6462 0.6331 -141.422 -141.239 -0.37854 0.28317 8 75
472 591 46 0.6459 0.6369 -144.958 -144.791 -0.34854 0.29517 8 75
472 515 47 0.5861 0.5813 -138.798 -138.864 -0.36654 0.25317 8 76
472 499 48 0.549 0.5526 -141.497 -141.228 -0.33054 0.24717 9 76
472 502 49 0.6341 0.6423 -135.049 -136.337 -0.42654 0.27117 8 75
515 626 0 0.645 0.6426 -143.568 -143.841 -0.36054 0.29517 8 75
515 546 1 0.5603 0.5652 -143.332 -143.665 -0.31854 0.25917 9 76
515 567 2 0.5729 0.569 -138.624 -138.638 -0.36054 0.24717 8 77
515 540 3 0.643 0.6331 -141.352 -141.239 -0.37854 0.28317 8 76
515 556 4 0.5922 0.594 -145.838 -145.54 -0.31854 0.27717 8 76
515 540 5 0.5405 0.5433 -148.199 -148.116 -0.27054 0.25917 9 76
515 542 6 0.6175 0.6266 -136.09 -136.527 -0.41454 0.26517 8 76
515 538 7 0.55 0.5594 -144.061 -144.744 -0.30654 0.25917 9 76
515 600 8 0.6528 0.6508 -147.064 -146.837 -0.33654 0.30717 8 76
515 589 9 0.5881 0.596 -142.426 -142.883 -0.34254 0.27117 8 76
515 597 10 0.5608 0.5501 -135.847 -135.321 -0.37254 0.22917 8 76
515 552 11 0.5642 0.5683 -147.787 -148.164 -0.28254 0.27117 9 76
515 570 12 0.5703 0.5714 -140.21 -140.37 -0.34854 0.25317 8 77
515 550 13 0.5542 0.5566 -145.333 -145.292 -0.30054 0.25917 9 76
515 560 14 0.5756 0.5788 -145.778 -145.991 -0.30654 0.27117 9 76
515 527 15 0.6102 0.6057 -148.827 -148.229 -0.30054 0.28917 9 76
515 569 16 0.5721 0.5672 -137.373 -136.894 -0.37254 0.24117 8 77
515 556 17 0.5824 0.5761 -146.661 -146.527 -0.30054 0.27117 8 76
515 504 18 0.5312 0.5371 -141.641 -141.591 -0.31854 0.24117 9 76
515 537 19 0.581 0.578 -135.421 -135.44 -0.39054 0.24117 8 76
515 612 20 0.5487 0.5465 -135.769 -135.823 -0.36654 0.22917 8 76
515 637 21 0.6274 0.6302 -143.174 -143.734 -0.35454 0.28917 8 76
515 558 22 0.5403 0.5411 -139.189 -138.682 -0.34254 0.23517 9 76
515 547 23 0.5654 0.5747 -144.072 -144.31 -0.31854 0.26517 9 76
515 548 24 0.5493 0.5558 -140.83 -140.698 -0.33654 0.24717 9 76
515 568 25 0.5762 0.5779 -139.437 -139.361 -0.36054 0.25317 8 77
515 513 26 0.6023 0.5987 -136.367 -136.468 -0.39654 0.25317 8 76
515 520 27 0.5996 0.5951 -136.787 -136.936 -0.39054 0.25317 8 77
515 597 28 0.5599 0.5538 -135.494 -134.825 -0.37854 0.22917 8 76
515 634 29 0.6294 0.6369 -144.777 -144.791 -0.34854 0.29517 8 76
515 539 30 0.5791 0.5696 -135.252 -134.659 -0.39054 0.23517 8 76
515 585 31 0.6484 0.6362 -142.785 -142.784 -0.36654 0.28917 8 75
515 566 32 0.6539 0.6456 -142.854 -143.372 -0.36654 0.29517 8 75
515 571 33 0.5783 0.5837 -139.972 -140.559 -0.35454 0.25917 8 77
515 628 34 0.6466 0.6437 -145.992 -145.825 -0.34254 0.30117 8 76
515 619 35 0.6052 0.6084 -142.969 -143.013 -0.34854 0.27717 8 76
515 567 36 0.6332 0.6299 -141.155 -141.706 -0.37254 0.28317 8 76
515 530 37 0.6046 0.6038 -137.62 -137.652 -0.39054 0.25917 8 77
515 593 38 0.6425 0.6474 -137.256 -137.442 -0.42054 0.27717 8 75
515 582 39 0.6555 0.6508 -147.601 -146.837 -0.33654 0.30717 8 75
515 538 40 0.5519 0.5533 -148.925 -148.708 -0.27054 0.26517 9 76
515 567 41 0.5708 0.5714 -140.052 -140.37 -0.34854 0.25317 8 77
515 532 42 0.6152 0.616 -138.014 -137.884 -0.39654 0.26517 8 76
515 541 43 0.5973 0.5907 -149.13 -148.741 -0.28854 0.28317 9 76
515 574 44 0.6467 0.6527 -138.69 -138.53 -0.41454 0.28317 8 75
515 501 45 0.5296 0.534 -141.605 -142.145 -0.31254 0.24117 9 76
515 544 46 0.6165 0.6134 -147.347 -146.691 -0.31854 0.28917 8 76
515 545 47 0.6103 0.6108 -147.098 -147.2 -0.31254 0.28917 8 76
515 553 48 0.5751 0.5719 -144.834 -144.842 -0.31254 0.26517 8 77
515 636 49 0.6443 0.6397 -144.132 -144.313 -0.35454 0.29517 8 75
558 582 0 0.5485 0.5526 -141.482 -141.228 -0.33054 0.24717 9 77
558 613 1 0.566 0.5602 -138.601 -137.894 -0.36054 0.24117 8 77
558 580 2 0.6116 0.6082 -147.906 -147.712 -0.30654 0.28917 8 77
558 574 3 0.6155 0.6266 -136.143 -136.527 -0.41454 0.26517 8 76
558 655 4 0.6076 0.6145 -141.448 -142.036 -0.36054 0.27717 8 77
558 600 5 0.6008 0.6037 -146.157 -146.125 -0.31854 0.28317 8 77
558 576 6 0.5443 0.5495 -141.626 -141.764 -0.32454 0.24717 9 77
558 589 7 0.5542 0.5566 -144.858 -145.292 -0.30054 0.25917 9 77
558 596 8 0.5428 0.5467 -139.738 -139.968 -0.33654 0.24117 9 77
558 623 9 0.6015 0.6092 -144.889 -145.11 -0.33054 0.28317 8 77
558 640 10 0.6429 0.641 -146.919 -146.305 -0.33654 0.30117 8 76
558 600 11 0.5808 0.5759 -137.839 -137.645 -0.37254 0.24717 8 77
558 613 12 0.5642 0.5657 -139.2 -139.144 -0.35454 0.24717 8 77
558 580 13 0.5555 0.5623 -143.574 -144.202 -0.31254 0.25917 9 77
558 653 14 0.5529 0.5501 -135.648 -135.321 -0.37254 0.22917 8 77
558 610 15 0.5616 0.5623 -139.327 -139.656 -0.34854 0.24717 8 77
558 572 16 0.6148 0.6266 -135.557 -136.527 -0.41454 0.26517 8 76
558 585 17 0.6468 0.6392 -141.818 -142.316 -0.37254 0.28917 8 76
558 600 18 0.579 0.5759 -137.558 -137.645 -0.37254 0.24717 8 77
558 599 19 0.5767 0.5815 -145.251 -145.461 -0.31254 0.27117 9 77
558 576 20 0.6232 0.6338 -134.963 -135.647 -0.42654 0.26517 8 76
558 559 21 0.5345 0.5375 -143.441 -143.969 -0.30054 0.24717 9 76
558 664 22 0.6501 0.6426 -143.851 -143.841 -0.36054 0.29517 8 76
558 598 23 0.5707 0.5663 -145.981 -145.92 -0.30054 0.26517 9 77
558 605 24 0.6307 0.6299 -141.008 -141.706 -0.37254 0.28317 8 76
558 558 25 0.586 0.5817 -134.984 -134.968 -0.39654 0.24117 8 77
558 649 26 0.6387 0.6362 -142.481 -142.784 -0.36654 0.28917 8 76
558 641 27 0.6007 0.6052 -141.156 -141.398 -0.36054 0.27117 8 77
558 552 28 0.5947 0.5901 -135.67 -135.728 -0.39654 0.24717 8 77
558 670 29 0.6417 0.6437 -145.845 -145.825 -0.34254 0.30117 8 76
558 599 30 0.6021 0.6025 -139.241 -139.767 -0.37254 0.26517 8 77
558 587 31 0.5427 0.5414 -145.855 -145.768 -0.28854 0.25317 9 76
558 611 32 0.593 0.5993 -139.588 -140.25 -0.36654 0.26517 8 77
558 605 33 0.5861 0.5902 -139.252 -139.568 -0.36654 0.25917 8 77
558 585 34 0.5583 0.5623 -143.824 -144.202 -0.31254 0.25917 9 77
558 542 35 0.5996 0.6059 -135 -135.548 -0.40854 0.25317 8 76
558 596 36 0.5605 0.5619 -141.711 -141.929 -0.33054 0.25317 8 77
558 614 37 0.648 0.6392 -142.502 -142.316 -0.37254 0.28917 8 76
558 571 38 0.5317 0.5346 -144.586 -144.536 -0.29454 0.24717 9 76
558 581 39 0.6215 0.6181 -139.562 -139.488 -0.38454 0.27117 8 77
558 618 40 0.5798 0.5866 -142.215 -142.238 -0.34254 0.26517 8 77
558 551 41 0.6418 0.6382 -149.824 -149.273 -0.30654 0.30717 8 76
558 592 42 0.5659 0.5719 -144.704 -144.842 -0.31254 0.26517 9 77
558 606 43 0.5364 0.5358 -138.195 -137.37 -0.34854 0.22917 9 76
558 598 44 0.5655 0.5742 -141.981 -142.087 -0.33654 0.25917 8 77
558 613 45 0.5744 0.5746 -139.994 -139.863 -0.35454 0.25317 8 77
558 569 46 0.6106 0.6032 -149.002 -148.751 -0.29454 0.28917 8 77
558 602 47 0.5661 0.565 -141.306 -141.404 -0.33654 0.25317 8 77
558 601 48 0.6536 0.6486 -142.761 -142.908 -0.37254 0.29517 8 76
558 606 49 0.5753 0.5806 -143.264 -143.264 -0.33054 0.26517 8 77
601 632 0 0.5436 0.5459 -147.43 -147.54 -0.27654 0.25917 9 77
601 640 1 0.5924 0.5936 -138.831 -139.081 -0.37254 0.25917 8 78
601 682 2 0.6003 0.6052 -140.974 -141.398 -0.36054 0.27117 8 77
601 633 3 0.5645 0.5652 -143.718 -143.665 -0.31854 0.25917 9 77
601 626 4 0.5338 0.5378 -139.411 -139.214 -0.33654 0.23517 9 77
601 676 5 0.6506 0.6508 -147.25 -146.837 -0.33654 0.30717 8 76
601 718 6 0.6514 0.6493 -145.041 -144.876 -0.35454 0.30117 8 76
601 622 7 0.6209 0.6283 -137.564 -138.108 -0.40254 0.27117 8 77
601 654 8 0.5702 0.569 -138.73 -138.638 -0.36054 0.24717 8 78
601 585 9 0.6018 0.6059 -135.028 -135.548 -0.40854 0.25317 8 77
601 652 10 0.6079 0.6064 -146.001 -145.615 -0.32454 0.28317 8 77
601 615 11 0.6176 0.616 -137.977 -137.884 -0.39654 0.26517 8 77
601 602 12 0.6476 0.6362 -141.344 -140.776 -0.38454 0.28317 8 76
601 645 13 0.5782 0.5788 -145.852 -145.991 -0.30654 0.27117 8 77
601 641 14 0.5712 0.5708 -147.386 -147.613 -0.28854 0.27117 9 77
601 646 15 0.6276 0.6259 -147.206 -146.742 -0.32454 0.29517 8 77
601 639 16 0.5951 0.5912 -146.325 -146.06 -0.31254 0.27717 8 77
601 664 17 0.5853 0.5929 -140.841 -141.234 -0.35454 0.26517 8 78
601 626 18 0.5485 0.5566 -144.682 -145.292 -0.30054 0.25917 9 77
601 619 19 0.5314 0.5317 -144.963 -145.108 -0.28854 0.24717 9 76
601 643 20 0.5807 0.5815 -145.403 -145.461 -0.31254 0.27117 8 77
601 620 21 0.5351 0.5378 -139.672 -139.214 -0.33654 0.23517 9 77
601 608 22 0.6111 0.6144 -136.188 -136.271 -0.40854 0.25917 8 77
601 624 23 0.6455 0.6431 -148.738 -148.287 -0.31854 0.30717 8 77
601 656 24 0.5852 0.59 -143.513 -143.899 -0.33054 0.27117 8 77
601 722 25 0.6319 0.6369 -144.871 -144.791 -0.34854 0.29517 8 77
601 655 26 0.5997 0.6092 -145.095 -145.11 -0.33054 0.28317 8 77
601 626 27 0.6188 0.6266 -136.301 -136.527 -0.41454 0.26517 8 76
601 689 28 0.5995 0.6054 -143.12 -143.509 -0.34254 0.27717 8 77
601 641 29 0.5652 0.5691 -145.237 -145.378 -0.30654 0.26517 9 77
601 632 30 0.5629 0.5691 -144.791 -145.378 -0.30654 0.26517 9 77
601 616 31 0.627 0.6207 -148.279 -147.743 -0.31254 0.29517 8 77
601 649 32 0.5993 0.6064 -145.511 -145.615 -0.32454 0.28317 8 77
601 617 33 0.5442 0.5495 -141.344 -141.764 -0.32454 0.24717 9 77
601 608 34 0.5916 0.5865 -136.26 -136.199 -0.39054 0.24717 8 77
601 610 35 0.5861 0.578 -135.659 -135.44 -0.39054 0.24117 8 77
601 641 36 0.5873 0.5859 -147.438 -147.114 -0.30054 0.27717 8 77
601 644 37 0.5612 0.561 -147.09 -147.02 -0.28854 0.26517 9 77
601 642 38 0.5873 0.5843 -145.303 -144.935 -0.31854 0.27117 8 77
601 672 39 0.616 0.6188 -145.82 -145.688 -0.33054 0.28917 8 77
601 653 40 0.5839 0.5869 -139.641 -140.061 -0.36054 0.25917 8 78
601 587 41 0.6327 0.6358 -149.853 -149.771 -0.30054 0.30717 8 77
601 632 42 0.5526 0.5526 -141.131 -141.228 -0.33054 0.24717 8 77
601 713 43 0.6314 0.6332 -142.755 -143.257 -0.36054 0.28917 8 77
601 600 44 0.5881 0.578 -135.642 -135.44 -0.39054 0.24117 8 77
601 606 45 0.594 0.5951 -136.502 -136.936 -0.39054 0.25317 8 77
601 636 46 0.5576 0.5584 -147.283 -147.578 -0.28254 0.26517 9 77
601 620 47 0.641 0.6331 -141.087 -141.239 -0.37854 0.28317 8 77
601 672 48 0.588 0.5897 -141.652 -141.733 -0.34854 0.26517 8 77
601 623 49 0.5616 0.5634 -149.017 -149.28 -0.27054 0.27117 9 77
43 156 0 0.5703 0.6273 -142.772 -144.216 -0.34854 0.28917 9 73
43 150 1 0.6294 0.6369 -148.16 -144.791 -0.34854 0.29517 9 73
43 138 2 0.5314 0.6302 -146.79 -143.734 -0.35454 0.28917 9 74
43 165 3 0.584 0.6273 -142.532 -144.216 -0.34854 0.28917 9 73
43 152 4 0.5368 0.5297 -137.964 -134.155 -0.36654 0.21717 9 73
43 138 5 0.607 0.6369 -148.865 -144.791 -0.34854 0.29517 9 74
43 141 6 0.5345 0.6302 -139.639 -143.734 -0.35454 0.28917 9 73
43 179 7 0.6294 0.6369 -145.082 -144.791 -0.34854 0.29517 9 73
43 168 8 0.5457 0.5297 -135.665 -134.155 -0.36654 0.21717 9 73
43 139 9 0.5317 0.6302 -147.645 -143.734 -0.35454 0.28917 9 74
43 139 10 0.5417 0.6302 -148.121 -143.734 -0.35454 0.28917 9 74
43 162 11 0.555 0.5297 -137.183 -134.155 -0.36654 0.21717 9 73
43 143 12 0.5765 0.6273 -146.138 -144.216 -0.34854 0.28917 9 73
43 139 13 0.5366 0.6302 -149.045 -143.734 -0.35454 0.28917 9 73
43 174 14 0.6137 0.6302 -141.571 -143.734 -0.35454 0.28917 9 73
43 140 15 0.621 0.6369 -149.164 -144.791 -0.34854 0.29517 9 73
43 139 16 0.6351 0.6302 -137.29 -143.734 -0.35454 0.28917 9 74
43 175 17 0.6123 0.6302 -141.627 -143.734 -0.35454 0.28917 9 73
43 155 18 0.5756 0.6302 -139.107 -143.734 -0.35454 0.28917 9 74
43 141 19 0.5812 0.6369 -146.937 -144.791 -0.34854 0.29517 9 73
43 138 20 0.5613 0.6302 -146.421 -143.734 -0.35454 0.28917 9 73
43 158 21 0.5675 0.5297 -137.346 -134.155 -0.36654 0.21717 9 73
43 148 22 0.652 0.6302 -140.733 -143.734 -0.35454 0.28917 9 73
43 165 23 0.5879 0.6273 -143.447 -144.216 -0.34854 0.28917 9 73
43 138 24 0.6418 0.6302 -136.984 -143.734 -0.35454 0.28917 9 73
43 156 25 0.6553 0.6369 -148.34 -144.791 -0.34854 0.29517 9 73
43 165 26 0.6121 0.6302 -140.474 -143.734 -0.35454 0.28917 9 74
43 166 27 0.6302 0.6369 -146.714 -144.791 -0.34854 0.29517 9 73
43 146 28 0.5981 0.6273 -147.074 -144.216 -0.34854 0.28917 9 73
43 148 29 0.586 0.6273 -145.7 -144.216 -0.34854 0.28917 9 73
43 138 30 0.5996 0.6302 -149.529 -143.734 -0.35454 0.28917 9 73
43 138 31 0.5417 0.6302 -147.427 -143.734 -0.35454 0.28917 9 73
43 151 32 0.6056 0.6302 -138.635 -143.734 -0.35454 0.28917 9 74
43 139 33 0.5827 0.6369 -147.513 -144.791 -0.34854 0.29517 9 73
43 156 34 0.5704 0.6273 -142.122 -144.216 -0.34854 0.28917 9 73
43 177 35 0.6543 0.6369 -145.806 -144.791 -0.34854 0.29517 9 73
43 166 36 0.5536 0.5297 -135.844 -134.155 -0.36654 0.21717 9 73
43 181 37 0.6208 0.6302 -143.137 -143.734 -0.35454 0.28917 9 73
43 138 38 0.6308 0.6302 -136.502 -143.734 -0.35454 0.28917 9 73
43 145 39 0.6259 0.6369 -148.656 -144.791 -0.34854 0.29517 9 73
43 138 40 0.6413 0.6302 -138.001 -143.734 -0.35454 0.28917 9 74
43 174 41 0.6104 0.6273 -144.503 -144.216 -0.34854 0.28917 9 73
43 138 42 0.6006 0.6302 -149.031 -143.734 -0.35454 0.28917 9 73
43 181 43 0.6324 0.6302 -144.253 -143.734 -0.35454 0.28917 9 73
43 178 44 0.6509 0.6369 -145.796 -144.791 -0.34854 0.29517 9 73
43 167 45 0.555 0.5335 -135.24 -133.648 -0.37254 0.21717 9 73
43 169 46 0.5915 0.6273 -142.696 -144.216 -0.34854 0.28917 9 73
43 147 47 0.6311 0.6302 -139.234 -143.734 -0.35454 0.28917 9 73
43 139 48 0.5394 0.6302 -146.923 -143.734 -0.35454 0.28917 9 73
43 138 49 0.5669 0.6302 -148.069 -143.734 -0.35454 0.28917 9 73
86 138 0 0.5886 0.6302 -149.743 -143.734 -0.35454 0.28917 9 74
86 167 1 0.5608 0.6208 -140.244 -143.137 -0.35454 0.28317 9 74
86 144 2 0.535 0.6273 -140.6 -144.216 -0.34854 0.28917 9 74
86 138 3 0.5457 0.6302 -145.908 -143.734 -0.35454 0.28917 9 74
86 159 4 0.5531 0.6208 -139.779 -143.137 -0.35454 0.28317 9 74
86 139 5 0.5379 0.6302 -146.825 -143.734 -0.35454 0.28917 9 74
86 139 6 0.5351 0.6302 -148.251 -143.734 -0.35454 0.28917 9 74
86 171 7 0.6482 0.6341 -148.328 -145.272 -0.34254 0.29517 9 74
86 137 8 0.5963 0.6369 -148.706 -144.791 -0.34854 0.29517 9 74
86 143 9 0.5348 0.6273 -141.399 -144.216 -0.34854 0.28917 9 74
86 170 10 0.5737 0.6273 -143.372 -144.216 -0.34854 0.28917 9 74
86 168 11 0.5616 0.6208 -139.456 -143.137 -0.35454 0.28317 9 74
86 196 12 0.6016 0.6273 -144.73 -144.216 -0.34854 0.28917 9 74
86 145 13 0.5568 0.6273 -144.861 -144.216 -0.34854 0.28917 9 74
86 187 14 0.6139 0.6238 -140.119 -142.656 -0.36054 0.28317 9 74
86 172 15 0.6504 0.6562 -138.809 -138.094 -0.42054 0.28317 9 74
86 137 16 0.5949 0.6302 -148.768 -143.734 -0.35454 0.28917 9 74
86 138 17 0.6178 0.6369 -149.712 -144.791 -0.34854 0.29517 9 74
86 138 18 0.5318 0.6302 -143.278 -143.734 -0.35454 0.28917 9 74
86 164 19 0.6472 0.6596 -135.491 -137.663 -0.42654 0.28317 9 74
86 193 20 0.5834 0.6208 -140.779 -143.137 -0.35454 0.28317 9 74
86 142 21 0.5372 0.6273 -142.097 -144.216 -0.34854 0.28917 9 74
86 194 22 0.5643 0.5335 -135.032 -133.648 -0.37254 0.21717 9 74
86 146 23 0.6002 0.6369 -147.963 -144.791 -0.34854 0.29517 9 74
86 176 24 0.65 0.6332 -141.562 -143.257 -0.36054 0.28917 9 73
86 208 25 0.6239 0.6302 -141.844 -143.734 -0.35454 0.28917 9 74
86 171 26 0.6086 0.6341 -146.57 -145.272 -0.34254 0.29517 9 74
86 206 27 0.6302 0.6369 -146.072 -144.791 -0.34854 0.29517 9 74
86 140 28 0.6227 0.6369 -149.636 -144.791 -0.34854 0.29517 9 74
86 138 29 0.5348 0.6302 -145.833 -143.734 -0.35454 0.28917 9 74
86 163 30 0.5575 0.6178 -140.491 -143.624 -0.34854 0.28317 9 74
86 196 31 0.5639 0.5335 -135.504 -133.648 -0.37254 0.21717 9 74
86 144 32 0.5522 0.6273 -144.571 -144.216 -0.34854 0.28917 9 74
86 192 33 0.5947 0.6208 -140.124 -143.137 -0.35454 0.28317 9 74
86 155 34 0.5834 0.6273 -145.998 -144.216 -0.34854 0.28917 9 74
86 194 35 0.625 0.6238 -141.061 -142.656 -0.36054 0.28317 9 73
86 141 36 0.6343 0.6369 -149.831 -144.791 -0.34854 0.29517 9 74
86 144 37 0.5442 0.6273 -142.766 -144.216 -0.34854 0.28917 9 74
86 167 38 0.585 0.5335 -135.504 -133.648 -0.37254 0.21717 9 74
86 186 39 0.5737 0.5417 -135.989 -134.497 -0.37254 0.22317 9 74
86 138 40 0.5482 0.6302 -146.273 -143.734 -0.35454 0.28917 9 74
86 167 41 0.6301 0.6562 -136.671 -138.094 -0.42054 0.28317 9 74
86 157 42 0.5693 0.6273 -144.381 -144.216 -0.34854 0.28917 9 74
86 167 43 0.5643 0.6178 -142.167 -143.624 -0.34854 0.28317 9 74
86 142 44 0.5921 0.6369 -147.83 -144.791 -0.34854 0.29517 9 74
86 138 45 0.5861 0.6302 -148.845 -143.734 -0.35454 0.28917 9 74
86 195 46 0.5554 0.538 -137.308 -135.002 -0.36654 0.22317 9 74
86 141 47 0.5389 0.6273 -143.206 -144.216 -0.34854 0.28917 9 74
86 138 48 0.5317 0.6302 -146.282 -143.734 -0.35454 0.28917 9 74
86 141 49 0.5379 0.6273 -143.625 -144.216 -0.34854 0.28917 9 74
129 177 0 0.5571 0.5636 -146.308 -146.468 -0.29454 0.26517 9 74
129 214 1 0.6262 0.6268 -140.589 -142.179 -0.36654 0.28317 9 74
129 248 2 0.5997 0.6178 -142.765 -143.624 -0.34854 0.28317 9 74
129 262 3 0.6239 0.6302 -142.794 -143.734 -0.35454 0.28917 9 74
129 168 4 0.5792 0.5783 -149.082 -148.73 -0.28254 0.27717 9 74
129 186 5 0.623 0.6509 -134.917 -137.009 -0.42654 0.27717 9 74
129 175 6 0.5997 0.5417 -137.771 -134.497 -0.37254 0.22317 9 74
129 167 7 0.5636 0.5791 -149.805 -151.468 -0.25854 0.28317 9 74
129 220 8 0.652 0.6562 -137.912 -138.094 -0.42054 0.28317 9 74
129 140 9 0.6276 0.6057 -149.843 -148.229 -0.30054 0.28917 9 74
129 193 10 0.5631 0.599 -140.327 -142.383 -0.34854 0.27117 9 74
129 169 11 0.6074 0.5983 -147.859 -147.158 -0.30654 0.28317 9 74
129 155 12 0.654 0.641 -149.687 -146.305 -0.33654 0.30117 9 74
129 255 13 0.614 0.6273 -144.172 -144.216 -0.34854 0.28917 9 74
129 178 14 0.5709 0.5788 -145.68 -145.991 -0.30654 0.27117 9 74
129 205 15 0.6313 0.6474 -137.014 -137.442 -0.42054 0.27717 9 74
129 222 16 0.5992 0.6145 -140.03 -142.036 -0.36054 0.27717 9 74
129 183 17 0.6138 0.6474 -135.756 -137.442 -0.42054 0.27717 9 74
129 185 18 0.5574 0.5774 -140.948 -141.572 -0.34254 0.25917 9 74
129 199 19 0.5914 0.6145 -138.828 -142.036 -0.36054 0.27717 9 74
129 167 20 0.6323 0.6313 -148.675 -145.758 -0.33654 0.29517 9 74
129 203 21 0.6308 0.6474 -137.193 -137.442 -0.42054 0.27717 9 74
129 200 22 0.5553 0.548 -139.356 -137.637 -0.35454 0.23517 9 74
129 176 23 0.594 0.5455 -135.951 -134 -0.37854 0.22317 9 74
129 262 24 0.6474 0.6369 -145.249 -144.791 -0.34854 0.29517 9 74
129 192 25 0.624 0.6474 -135.345 -137.442 -0.42054 0.27717 9 74
129 210 26 0.536 0.5307 -137.961 -136.031 -0.35454 0.22317 9 74
129 173 27 0.5576 0.561 -147.462 -147.02 -0.28854 0.26517 9 74
129 171 28 0.5468 0.5636 -145.635 -146.468 -0.29454 0.26517 9 74
129 174 29 0.6187 0.6313 -147.884 -145.758 -0.33654 0.29517 9 74
129 241 30 0.5505 0.538 -136.473 -135.002 -0.36654 0.22317 9 74
129 148 31 0.5296 0.547 -143.235 -144.642 -0.30054 0.25317 9 74
129 147 32 0.6317 0.6369 -149.426 -144.791 -0.34854 0.29517 9 74
129 173 33 0.6014 0.5885 -147.136 -146.584 -0.30654 0.27717 9 74
129 259 34 0.6209 0.6273 -144.477 -144.216 -0.34854 0.28917 9 74
129 178 35 0.5487 0.5591 -140.511 -140.174 -0.34254 0.24717 9 74
129 200 36 0.6506 0.641 -148.309 -146.305 -0.33654 0.30117 9 74
129 183 37 0.5782 0.612 -144.605 -144.61 -0.33654 0.28317 9 74
129 210 38 0.5732 0.6084 -141.6 -143.013 -0.34854 0.27717 9 74
129 253 39 0.615 0.6273 -144.446 -144.216 -0.34854 0.28917 9 74
129 224 40 0.5672 0.5417 -136.942 -134.497 -0.37254 0.22317 9 74
129 196 41 0.6323 0.6509 -135.294 -137.009 -0.42654 0.27717 9 73
129 142 42 0.531 0.5558 -141.893 -142.997 -0.31854 0.25317 9 74
129 246 43 0.5996 0.6178 -143.177 -143.624 -0.34854 0.28317 9 74
129 203 44 0.5703 0.6114 -140.267 -142.522 -0.35454 0.27717 9 74
129 194 45 0.6076 0.6216 -146.561 -145.193 -0.33654 0.28917 9 74
129 225 46 0.6429 0.6332 -141.914 -143.257 -0.36054 0.28917 9 73
129 245 47 0.6453 0.6332 -143.051 -143.257 -0.36054 0.28917 9 73
129 227 48 0.5673 0.5417 -135.589 -134.497 -0.37254 0.22317 9 74
129 264 49 0.643 0.6369 -144.945 -144.791 -0.34854 0.29517 9 74
172 227 0 0.5919 0.6084 -138.666 -140.913 -0.36654 0.27117 9 74
172 223 1 0.5939 0.594 -145.967 -145.54 -0.31854 0.27717 9 74
172 263 2 0.6328 0.6313 -146.749 -145.758 -0.33654 0.29517 9 74
172 257 3 0.6439 0.6562 -137.601 -138.094 -0.42054 0.28317 9 74
172 236 4 0.59 0.5996 -144.867 -144.514 -0.33054 0.27717 9 74
172 224 5 0.5853 0.5967 -145.133 -145.025 -0.32454 0.27717 9 74
172 225 6 0.5372 0.5411 -139.121 -138.682 -0.34254 0.23517 9 74
172 225 7 0.5544 0.5591 -140.548 -140.174 -0.34254 0.24717 9 74
172 237 8 0.6429 0.6527 -138.867 -138.53 -0.41454 0.28317 9 74
172 263 9 0.5878 0.6084 -142.74 -143.013 -0.34854 0.27717 9 74
172 245 10 0.5609 0.5429 -138.731 -136.332 -0.36054 0.22917 9 74
172 207 11 0.5468 0.5459 -147.835 -147.54 -0.27654 0.25917 9 74
172 285 12 0.6493 0.6437 -146.567 -145.825 -0.34254 0.30117 9 74
172 305 13 0.6335 0.6302 -143.444 -143.734 -0.35454 0.28917 9 74
172 232 14 0.5785 0.555 -138.799 -136.619 -0.36654 0.23517 9 74
172 249 15 0.574 0.5501 -136.273 -135.321 -0.37254 0.22917 9 74
172 195 16 0.5414 0.5409 -148.949 -148.696 -0.26454 0.25917 9 74
172 296 17 0.6086 0.6208 -142.902 -143.137 -0.35454 0.28317 9 74
172 282 18 0.5968 0.6178 -142.786 -143.624 -0.34854 0.28317 9 74
172 253 19 0.5907 0.6149 -144.069 -144.115 -0.34254 0.28317 9 74
172 235 20 0.5714 0.5746 -139.48 -139.863 -0.35454 0.25317 9 74
172 190 21 0.5383 0.5588 -141.881 -142.46 -0.32454 0.25317 9 74
172 299 22 0.6199 0.6273 -144.517 -144.216 -0.34854 0.28917 9 74
172 244 23 0.6346 0.6268 -140.943 -142.179 -0.36654 0.28317 9 74
172 219 24 0.5582 0.561 -146.884 -147.02 -0.28854 0.26517 9 74
172 220 25 0.58 0.5734 -147.656 -147.068 -0.29454 0.27117 9 74
172 249 26 0.5536 0.548 -138.649 -137.637 -0.35454 0.23517 9 74
172 230 27 0.6448 0.6527 -139.269 -138.53 -0.41454 0.28317 9 74
172 290 28 0.5317 0.5297 -135.115 -134.155 -0.36654 0.21717 9 74
172 211 29 0.5908 0.5808 -148.939 -148.187 -0.28854 0.27717 9 74
172 248 30 0.5722 0.5455 -135.011 -134 -0.37854 0.22317 9 74
172 272 31 0.6023 0.6149 -144.291 -144.115 -0.34254 0.28317 9 74
172 305 32 0.6279 0.6273 -144.108 -144.216 -0.34854 0.28917 9 74
172 208 33 0.5756 0.5758 -149.482 -149.279 -0.27654 0.27717 9 74
172 270 34 0.5622 0.5417 -136.394 -134.497 -0.37254 0.22317 9 74
172 236 35 0.5735 0.593 -142.638 -143.389 -0.33654 0.27117 9 74
172 186 36 0.5356 0.5558 -142.252 -142.997 -0.31854 0.25317 9 74
172 207 37 0.6322 0.6268 -139.892 -142.179 -0.36654 0.28317 9 74
172 181 38 0.5972 0.623 -135.372 -136.974 -0.40854 0.26517 9 74
172 249 39 0.5759 0.599 -141.037 -142.383 -0.34854 0.27117 9 74
172 220 40 0.5581 0.5636 -146.158 -146.468 -0.29454 0.26517 9 74
172 207 41 0.6473 0.6362 -140.859 -142.784 -0.36654 0.28917 9 74
172 306 42 0.6255 0.6302 -143.084 -143.734 -0.35454 0.28917 9 74
172 266 43 0.5877 0.6084 -142.485 -143.013 -0.34854 0.27717 9 74
172 272 44 0.5957 0.6178 -143.311 -143.624 -0.34854 0.28317 9 74
172 208 45 0.5515 0.5558 -148.079 -148.14 -0.27654 0.26517 9 74
172 227 46 0.5859 0.5586 -137.624 -136.119 -0.37254 0.23517 9 74
172 234 47 0.604 0.6188 -146.077 -145.688 -0.33054 0.28917 9 74
172 286 48 0.5317 0.5297 -135.41 -134.155 -0.36654 0.21717 9 74
172 236 49 0.6015 0.6092 -145.835 -145.11 -0.33054 0.28317 9 74
215 262 0 0.5719 0.5788 -145.565 -145.991 -0.30654 0.27117 9 74
215 236 1 0.6012 0.6003 -137.467 -138.123 -0.38454 0.25917 9 74
215 348 2 0.6429 0.6369 -145.126 -144.791 -0.34854 0.29517 9 74
215 263 3 0.5852 0.5672 -138.167 -136.894 -0.37254 0.24117 9 74
215 284 4 0.6412 0.6509 -135.697 -137.009 -0.42654 0.27717 9 74
215 264 5 0.5695 0.5734 -146.701 -147.068 -0.29454 0.27117 9 74
215 288 6 0.566 0.5515 -138.217 -137.125 -0.36054 0.23517 9 74
215 253 7 0.5483 0.5485 -147.395 -146.97 -0.28254 0.25917 9 74
215 233 8 0.6008 0.6038 -137.047 -137.652 -0.39054 0.25917 9 74
215 251 9 0.5659 0.5683 -148.616 -148.164 -0.28254 0.27117 9 74
215 266 10 0.6099 0.6116 -139.32 -140.433 -0.37254 0.27117 9 74
215 301 11 0.6131 0.6176 -140.558 -141.555 -0.36654 0.27717 9 74
215 304 12 0.5542 0.5429 -137.709 -136.332 -0.36054 0.22917 9 74
215 278 13 0.5638 0.5568 -139.316 -138.403 -0.35454 0.24117 9 74
215 218 14 0.5294 0.5464 -141.519 -142.306 -0.31854 0.24717 9 74
215 309 15 0.6123 0.6216 -145.309 -145.193 -0.33654 0.28917 9 74
215 309 16 0.6347 0.6313 -146.632 -145.758 -0.33654 0.29517 9 74
215 262 17 0.5678 0.5806 -143.229 -143.264 -0.33054 0.26517 9 74
215 236 18 0.5336 0.5435 -140.435 -140.503 -0.33054 0.24117 9 74
215 285 19 0.5767 0.596 -141.939 -142.883 -0.34254 0.27117 9 74
215 222 20 0.6218 0.6032 -149.772 -148.751 -0.29454 0.28917 9 74
215 267 21 0.5987 0.6064 -146.036 -145.615 -0.32454 0.28317 9 74
215 272 22 0.5913 0.5967 -145.208 -145.025 -0.32454 0.27717 9 74
215 245 23 0.545 0.5526 -141.275 -141.228 -0.33054 0.24717 9 74
215 229 24 0.5382 0.5558 -142.268 -142.997 -0.31854 0.25317 9 74
215 277 25 0.6311 0.6474 -135.819 -137.442 -0.42054 0.27717 9 74
215 324 26 0.5323 0.5343 -135.727 -135.513 -0.36054 0.22317 9 74
215 348 27 0.6304 0.6273 -144.292 -144.216 -0.34854 0.28917 9 74
215 288 28 0.652 0.6596 -136.197 -137.663 -0.42654 0.28317 9 74
215 266 29 0.6186 0.6207 -139.733 -141.079 -0.37254 0.27717 9 74
215 223 30 0.6294 0.6182 -149.369 -148.249 -0.30654 0.29517 9 74
215 277 31 0.6101 0.6176 -139.736 -141.555 -0.36654 0.27717 9 74
215 270 32 0.6468 0.6545 -135.408 -136.581 -0.43254 0.27717 9 74
215 262 33 0.5748 0.5815 -145.187 -145.461 -0.31254 0.27117 9 74
215 279 34 0.6341 0.6509 -135.528 -137.009 -0.42654 0.27717 9 74
215 245 35 0.585 0.5575 -135.086 -134.337 -0.38454 0.22917 9 74
215 219 36 0.6302 0.6157 -149.593 -148.76 -0.30054 0.29517 9 74
215 337 37 0.6227 0.6273 -144.796 -144.216 -0.34854 0.28917 9 74
215 263 38 0.5841 0.5815 -145.722 -145.461 -0.31254 0.27117 9 74
215 242 39 0.5351 0.5337 -149.789 -150.471 -0.24654 0.25917 9 74
215 246 40 0.6277 0.6405 -138.782 -138.323 -0.40854 0.27717 9 74
215 272 41 0.5633 0.5774 -141.064 -141.572 -0.34254 0.25917 9 74
215 248 42 0.5303 0.5262 -146.052 -146.272 -0.27654 0.24717 9 74
215 277 43 0.6295 0.6474 -135.83 -137.442 -0.42054 0.27717 9 74
215 297 44 0.5498 0.5393 -138.035 -136.847 -0.35454 0.22917 9 74
215 315 45 0.6012 0.6145 -141.159 -142.036 -0.36054 0.27717 9 74
215 282 46 0.562 0.5568 -139.064 -138.403 -0.35454 0.24117 9 74
215 276 47 0.5709 0.5746 -139.651 -139.863 -0.35454 0.25317 9 74
215 268 48 0.5916 0.5967 -145.491 -145.025 -0.32454 0.27717 9 74
215 261 49 0.6196 0.6352 -136.842 -137.213 -0.41454 0.27117 9 74
258 321 0 0.6219 0.6207 -140.382 -141.079 -0.37254 0.27717 9 74
258 309 1 0.5706 0.5806 -143.109 -143.264 -0.33054 0.26517 9 74
258 384 2 0.6153 0.6273 -143.679 -144.216 -0.34854 0.28917 9 74
258 355 3 0.6134 0.6145 -141.107 -142.036 -0.36054 0.27717 9 74
258 318 4 0.5723 0.5805 -140.274 -141.063 -0.34854 0.25917 9 75
258 314 5 0.5557 0.5591 -140.089 -140.174 -0.34254 0.24717 9 74
258 306 6 0.5418 0.55 -139.582 -139.44 -0.34254 0.24117 9 74
258 289 7 0.6418 0.6494 -139.581 -138.97 -0.40854 0.28317 9 74
258 298 8 0.5436 0.5467 -140.253 -139.968 -0.33654 0.24117 9 74
258 390 9 0.6309 0.6273 -144.399 -144.216 -0.34854 0.28917 8 74
258 309 10 0.5953 0.5993 -139.025 -140.25 -0.36654 0.26517 9 75
258 275 11 0.6082 0.6266 -135.015 -136.527 -0.41454 0.26517 9 74
258 264 12 0.603 0.6144 -135.371 -136.271 -0.40854 0.25917 9 74
258 374 13 0.6072 0.6208 -142.5 -143.137 -0.35454 0.28317 9 74
258 288 14 0.6078 0.5958 -148.187 -147.681 -0.30054 0.28317 9 74
258 292 15 0.5391 0.5414 -145.568 -145.768 -0.28854 0.25317 9 74
258 287 16 0.6067 0.5958 -148.514 -147.681 -0.30054 0.28317 9 74
258 340 17 0.5877 0.6021 -141.165 -141.888 -0.35454 0.27117 9 74
258 280 18 0.5466 0.5509 -149.212 -149.281 -0.26454 0.26517 9 74
258 306 19 0.5318 0.5411 -138.5 -138.682 -0.34254 0.23517 9 74
258 301 20 0.5571 0.5636 -146.489 -146.468 -0.29454 0.26517 9 74
258 350 21 0.6446 0.641 -147.009 -146.305 -0.33654 0.30117 9 74
258 333 22 0.5682 0.555 -137.499 -136.619 -0.36654 0.23517 9 75
258 302 23 0.5874 0.5833 -148.084 -147.648 -0.29454 0.27717 9 74
258 320 24 0.6299 0.6474 -136.907 -137.442 -0.42054 0.27717 9 74
258 303 25 0.5661 0.5708 -147.202 -147.613 -0.28854 0.27117 9 74
258 377 26 0.6547 0.6493 -145.295 -144.876 -0.35454 0.30117 9 74
258 304 27 0.5753 0.5815 -144.923 -145.461 -0.31254 0.27117 9 75
258 319 28 0.5757 0.5586 -137.552 -136.119 -0.37254 0.23517 9 75
258 298 29 0.6211 0.6207 -139.757 -141.079 -0.37254 0.27717 9 74
258 306 30 0.5675 0.5806 -142.91 -143.264 -0.33054 0.26517 9 74
258 300 31 0.6455 0.6494 -139.508 -138.97 -0.40854 0.28317 9 74
258 322 32 0.573 0.5538 -135.407 -134.825 -0.37854 0.22917 9 74
258 389 33 0.6286 0.6273 -144.05 -144.216 -0.34854 0.28917 8 74
258 286 34 0.6133 0.6387 -134.999 -136.773 -0.42054 0.27117 9 74
258 390 35 0.6236 0.6273 -144.147 -144.216 -0.34854 0.28917 8 74
258 379 36 0.6101 0.6208 -142.858 -143.137 -0.35454 0.28317 8 74
258 384 37 0.614 0.6208 -142.911 -143.137 -0.35454 0.28317 9 74
258 353 38 0.5602 0.5501 -135.998 -135.321 -0.37254 0.22917 9 74
258 316 39 0.5787 0.59 -143.647 -143.899 -0.33054 0.27117 9 74
258 355 40 0.6211 0.6238 -141.386 -142.656 -0.36054 0.28317 9 74
258 304 41 0.5815 0.5833 -147.494 -147.648 -0.29454 0.27717 9 74
258 331 42 0.6498 0.641 -147.645 -146.305 -0.33654 0.30117 9 74
258 298 43 0.598 0.6025 -138.582 -139.767 -0.37254 0.26517 9 75
258 337 44 0.6082 0.6176 -140.322 -141.555 -0.36654 0.27717 9 75
258 287 45 0.553 0.5652 -143.292 -143.665 -0.31854 0.25917 9 74
258 282 46 0.5463 0.5594 -143.661 -144.744 -0.30654 0.25917 9 74
258 316 47 0.5671 0.5714 -139.872 -140.37 -0.34854 0.25317 9 75
258 351 48 0.5997 0.6149 -143.936 -144.115 -0.34254 0.28317 9 74
258 296 49 0.5581 0.5691 -144.806 -145.378 -0.30654 0.26517 9 74
301 391 0 0.6136 0.6216 -145.369 -145.193 -0.33654 0.28917 9 75
301 358 1 0.5943 0.5993 -139.352 -140.25 -0.36654 0.26517 9 75
301 370 2 0.5851 0.5929 -140.295 -141.234 -0.35454 0.26517 9 75
301 346 3 0.5573 0.5636 -146.02 -146.468 -0.29454 0.26517 9 75
301 341 4 0.5592 0.5712 -142.1 -142.607 -0.33054 0.25917 9 75
301 384 5 0.6548 0.6508 -147.392 -146.837 -0.33654 0.30717 9 74
301 388 6 0.6558 0.6596 -137.812 -137.663 -0.42654 0.28317 9 74
301 342 7 0.5508 0.5558 -140.882 -140.698 -0.33654 0.24717 9 75
301 343 8 0.5679 0.5747 -143.845 -144.31 -0.31854 0.26517 9 75
301 343 9 0.6209 0.6352 -136.044 -137.213 -0.41454 0.27117 9 74
301 395 10 0.6193 0.6216 -145.589 -145.193 -0.33654 0.28917 8 74
301 313 11 0.6406 0.6304 -140.186 -139.679 -0.39054 0.27717 9 74
301 426 12 0.6177 0.6208 -142.608 -143.137 -0.35454 0.28317 8 74
301 324 13 0.6233 0.6207 -148.276 -147.743 -0.31254 0.29517 9 75
301 358 14 0.5629 0.5623 -140.134 -139.656 -0.34854 0.24717 9 75
301 323 15 0.5465 0.5558 -142.492 -142.997 -0.31854 0.25317 9 75
301 347 16 0.5886 0.594 -145.665 -145.54 -0.31854 0.27717 9 75
301 360 17 0.6192 0.6286 -146.68 -146.248 -0.33054 0.29517 9 75
301 328 18 0.5954 0.5883 -149.533 -149.277 -0.28254 0.28317 9 74
301 369 19 0.5697 0.555 -137.308 -136.619 -0.36654 0.23517 9 75
301 417 20 0.622 0.6238 -142.06 -142.656 -0.36054 0.28317 8 74
301 321 21 0.5421 0.5462 -149.771 -150.442 -0.25254 0.26517 9 75
301 395 22 0.5308 0.5343 -136.144 -135.513 -0.36054 0.22317 9 74
301 321 23 0.5363 0.5409 -148.725 -148.696 -0.26454 0.25917 9 75
301 309 24 0.6062 0.6266 -135.468 -136.527 -0.41454 0.26517 9 75
301 385 25 0.6242 0.6268 -141.145 -142.179 -0.36654 0.28317 9 74
301 324 26 0.5486 0.5623 -143.305 -144.202 -0.31254 0.25917 9 75
301 311 27 0.6267 0.6182 -149.059 -148.249 -0.30654 0.29517 9 75
301 332 28 0.616 0.6108 -147.811 -147.2 -0.31254 0.28917 9 75
301 365 29 0.5867 0.596 -139.669 -140.739 -0.36054 0.26517 8 75
301 364 30 0.6352 0.6439 -137.938 -137.88 -0.41454 0.27717 8 74
301 355 31 0.6517 0.6362 -142.285 -142.784 -0.36654 0.28917 9 74
301 396 32 0.6187 0.6238 -141.357 -142.656 -0.36054 0.28317 8 74
301 324 33 0.6132 0.6301 -134.938 -136.084 -0.42054 0.26517 8 74
301 336 34 0.5449 0.5512 -145.67 -146.405 -0.28854 0.25917 9 75
301 357 35 0.5761 0.5806 -143.228 -143.264 -0.33054 0.26517 9 75
301 321 36 0.533 0.536 -149.337 -149.874 -0.25254 0.25917 9 75
301 331 37 0.6188 0.6108 -147.759 -147.2 -0.31254 0.28917 9 75
301 360 38 0.5643 0.5657 -139.375 -139.144 -0.35454 0.24717 9 75
301 387 39 0.6521 0.6596 -136.998 -137.663 -0.42654 0.28317 9 74
301 346 40 0.5923 0.5936 -138.702 -139.081 -0.37254 0.25917 8 75
301 336 41 0.5534 0.5558 -148.027 -148.14 -0.27654 0.26517 9 75
301 421 42 0.6261 0.6238 -142.567 -142.656 -0.36054 0.28317 8 74
301 331 43 0.6543 0.6545 -135.286 -136.581 -0.43254 0.27717 9 74
301 355 44 0.5777 0.5622 -136.387 -135.626 -0.37854 0.23517 9 75
301 369 45 0.6329 0.6474 -136.67 -137.442 -0.42054 0.27717 9 74
301 363 46 0.5757 0.5836 -142.274 -142.748 -0.33654 0.26517 9 75
301 323 47 0.5449 0.5594 -143.929 -144.744 -0.30654 0.25917 9 75
301 386 48 0.5979 0.6052 -140.754 -141.398 -0.36054 0.27117 8 75
301 368 49 0.6119 0.6188 -146.049 -145.688 -0.33054 0.28917 9 74
344 412 0 0.6244 0.6286 -146.665 -146.248 -0.33054 0.29517 9 75
344 355 1 0.5403 0.5528 -142.698 -143.539 -0.31254 0.25317 9 75
344 352 2 0.5355 0.5495 -141.123 -141.764 -0.32454 0.24717 9 75
344 454 3 0.5499 0.5417 -135.048 -134.497 -0.37254 0.22317 8 75
344 469 4 0.6196 0.6302 -143.336 -143.734 -0.35454 0.28917 8 75
344 434 5 0.6515 0.6437 -146.945 -145.825 -0.34254 0.30117 8 74
344 461 6 0.6176 0.6273 -144.285 -144.216 -0.34854 0.28917 8 75
344 400 7 0.5862 0.5869 -139.475 -140.061 -0.36054 0.25917 8 75
344 448 8 0.5486 0.538 -135.561 -135.002 -0.36654 0.22317 8 75
344 401 9 0.5751 0.5746 -139.708 -139.863 -0.35454 0.25317 8 75
344 384 10 0.5608 0.5663 -145.295 -145.92 -0.30054 0.26517 9 75
344 461 11 0.6273 0.6244 -144.955 -144.702 -0.34254 0.28917 8 75
344 359 12 0.5392 0.5499 -143.477 -144.088 -0.30654 0.25317 9 75
344 379 13 0.6142 0.6148 -139.257 -139.958 -0.37854 0.27117 8 75
344 421 14 0.6423 0.6474 -136.904 -137.442 -0.42054 0.27717 8 74
344 395 15 0.6368 0.6423 -135.468 -136.337 -0.42654 0.27117 8 74
344 387 16 0.5618 0.5663 -145.46 -145.92 -0.30054 0.26517 9 75
344 410 17 0.6251 0.6286 -146.738 -146.248 -0.33054 0.29517 8 75
344 387 18 0.5675 0.5734 -147.126 -147.068 -0.29454 0.27117 9 75
344 391 19 0.5783 0.5734 -147.257 -147.068 -0.29454 0.27117 9 75
344 404 20 0.6101 0.6188 -146.044 -145.688 -0.33054 0.28917 9 75
344 404 21 0.6263 0.6286 -146.993 -146.248 -0.33054 0.29517 9 75
344 355 22 0.5338 0.547 -143.671 -144.642 -0.30054 0.25317 9 75
344 388 23 0.5734 0.5788 -145.536 -145.991 -0.30654 0.27117 9 75
344 366 24 0.6121 0.623 -136.143 -136.974 -0.40854 0.26517 8 75
344 411 25 0.5795 0.5866 -142.148 -142.238 -0.34254 0.26517 9 75
344 423 26 0.6467 0.641 -147.284 -146.305 -0.33654 0.30117 8 74
344 395 27 0.5522 0.5591 -140.109 -140.174 -0.34254 0.24717 9 75
344 469 28 0.622 0.6273 -144.435 -144.216 -0.34854 0.28917 8 75
344 384 29 0.5582 0.5619 -141.839 -141.929 -0.33054 0.25317 9 75
344 456 30 0.6065 0.6178 -143.322 -143.624 -0.34854 0.28317 8 75
344 360 31 0.6077 0.6008 -149.611 -149.276 -0.28854 0.28917 9 75
344 384 32 0.5707 0.5683 -148.224 -148.164 -0.28254 0.27117 9 75
344 384 33 0.5674 0.5719 -144.391 -144.842 -0.31254 0.26517 9 75
344 382 34 0.5494 0.5539 -145.392 -145.846 -0.29454 0.25917 9 75
344 399 35 0.5759 0.5779 -139.046 -139.361 -0.36054 0.25317 8 75
344 415 36 0.545 0.548 -138.116 -137.637 -0.35454 0.23517 9 75
344 377 37 0.544 0.5539 -145.379 -145.846 -0.29454 0.25917 9 75
344 411 38 0.5928 0.5996 -144.283 -144.514 -0.33054 0.27717 9 75
344 424 39 0.625 0.6313 -146.28 -145.758 -0.33654 0.29517 9 75
344 407 40 0.5964 0.5993 -139.725 -140.25 -0.36654 0.26517 8 75
344 400 41 0.5689 0.5774 -141.015 -141.572 -0.34254 0.25917 9 75
344 373 42 0.6479 0.6545 -135.063 -136.581 -0.43254 0.27717 9 74
344 416 43 0.6373 0.6474 -136.634 -137.442 -0.42054 0.27717 8 74
344 378 44 0.5995 0.5969 -138.57 -138.599 -0.37854 0.25917 8 75
344 383 45 0.5548 0.561 -147.084 -147.02 -0.28854 0.26517 9 75
344 382 46 0.6416 0.6405 -139.201 -138.323 -0.40854 0.27717 8 75
344 368 47 0.6194 0.6283 -138.043 -138.108 -0.40254 0.27117 8 75
344 386 48 0.5561 0.5636 -146.064 -146.468 -0.29454 0.26517 9 75
344 412 49 0.5824 0.596 -142.543 -142.883 -0.34254 0.27117 9 75
387 455 0 0.5561 0.548 -138.514 -137.637 -0.35454 0.23517 8 75
387 482 1 0.6126 0.6145 -141.24 -142.036 -0.36054 0.27717 8 75
387 436 2 0.5395 0.5411 -138.925 -138.682 -0.34254 0.23517 9 75
387 514 3 0.6212 0.6273 -143.866 -144.216 -0.34854 0.28917 8 75
387 409 4 0.6098 0.6082 -148.209 -147.712 -0.30654 0.28917 9 75
387 495 5 0.6529 0.6426 -144.328 -143.841 -0.36054 0.29517 8 74
387 449 6 0.5328 0.5358 -137.774 -137.37 -0.34854 0.22917 9 75
387 425 7 0.5613 0.5712 -142.204 -142.607 -0.33054 0.25917 9 75
387 417 8 0.5917 0.5883 -149.366 -149.277 -0.28254 0.28317 9 75
387 448 9 0.5713 0.5637 -137.774 -137.391 -0.36654 0.24117 9 76
387 399 10 0.6384 0.6304 -140.028 -139.679 -0.39054 0.27717 8 75
387 417 11 0.5361 0.536 -146.698 -146.918 -0.27654 0.25317 9 75
387 513 12 0.6366 0.6369 -145.162 -144.791 -0.34854 0.29517 8 75
387 422 13 0.5518 0.5566 -144.936 -145.292 -0.30054 0.25917 9 75
387 428 14 0.5702 0.5747 -144.011 -144.31 -0.31854 0.26517 9 75
387 415 15 0.5357 0.5414 -145.488 -145.768 -0.28854 0.25317 9 75
387 411 16 0.5833 0.578 -135.631 -135.44 -0.39054 0.24117 8 75
387 408 17 0.5436 0.5409 -148.974 -148.696 -0.26454 0.25917 9 75
387 400 18 0.6236 0.6182 -148.681 -148.249 -0.30654 0.29517 9 75
387 407 19 0.6148 0.6301 -135.037 -136.084 -0.42054 0.26517 8 75
387 434 20 0.6045 0.6025 -139.411 -139.767 -0.37254 0.26517 8 75
387 428 21 0.5906 0.5885 -147.024 -146.584 -0.30654 0.27717 9 75
387 391 22 0.6538 0.6507 -149.819 -149.272 -0.31254 0.31317 9 75
387 407 23 0.6132 0.6266 -136.008 -136.527 -0.41454 0.26517 8 75
387 399 24 0.5429 0.5464 -142.103 -142.306 -0.31854 0.24717 9 75
387 427 25 0.5587 0.5619 -141.904 -141.929 -0.33054 0.25317 9 75
387 443 26 0.6252 0.6207 -140.628 -141.079 -0.37254 0.27717 8 75
387 505 27 0.6239 0.6273 -144.637 -144.216 -0.34854 0.28917 8 75
387 445 28 0.5737 0.5774 -141.701 -141.572 -0.34254 0.25917 8 75
387 421 29 0.6442 0.6494 -139.43 -138.97 -0.40854 0.28317 8 75
387 501 30 0.6543 0.6465 -146.034 -145.348 -0.34854 0.30117 8 74
387 509 31 0.633 0.6332 -143.155 -143.257 -0.36054 0.28917 8 75
387 436 32 0.6406 0.6405 -138.786 -138.323 -0.40854 0.27717 8 75
387 417 33 0.6284 0.6233 -147.948 -147.24 -0.31854 0.29517 9 75
387 445 34 0.5758 0.5837 -140.207 -140.559 -0.35454 0.25917 8 76
387 495 35 0.6309 0.6341 -145.713 -145.272 -0.34254 0.29517 8 75
387 445 36 0.5733 0.5672 -137.214 -136.894 -0.37254 0.24117 8 75
387 405 37 0.542 0.5384 -149.506 -149.283 -0.25854 0.25917 9 75
387 445 38 0.5716 0.5774 -141.513 -141.572 -0.34254 0.25917 9 75
387 415 39 0.556 0.5558 -148.54 -148.14 -0.27654 0.26517 9 75
387 399 40 0.6376 0.6304 -140.173 -139.679 -0.39054 0.27717 8 75
387 470 41 0.5595 0.5465 -136.53 -135.823 -0.36654 0.22917 9 75
387 423 42 0.5645 0.5719 -144.234 -144.842 -0.31254 0.26517 9 75
387 513 43 0.6166 0.6208 -142.832 -143.137 -0.35454 0.28317 8 75
387 424 44 0.5333 0.5411 -138.903 -138.682 -0.34254 0.23517 9 75
387 469 45 0.5952 0.6054 -143.496 -143.509 -0.34254 0.27717 8 75
387 481 46 0.5575 0.5501 -135.745 -135.321 -0.37254 0.22917 8 75
387 443 47 0.5725 0.5622 -135.833 -135.626 -0.37854 0.23517 8 75
387 500 48 0.6253 0.6238 -142.22 -142.656 -0.36054 0.28317 8 75
387 403 49 0.5394 0.5526 -140.896 -141.228 -0.33054 0.24717 9 75
429 477 0 0.6327 0.6405 -138.203 -138.323 -0.40854 0.27717 8 75
429 486 1 0.6243 0.6207 -140.616 -141.079 -0.37254 0.27717 8 75
429 487 2 0.5642 0.5623 -139.74 -139.656 -0.34854 0.24717 8 76
429 476 3 0.5576 0.5591 -140.609 -140.174 -0.34254 0.24717 9 76
429 475 4 0.5756 0.5659 -135.879 -135.139 -0.38454 0.23517 8 76
429 518 5 0.5955 0.599 -142.16 -142.383 -0.34854 0.27117 8 76
429 467 6 0.6276 0.6387 -135.482 -136.773 -0.42054 0.27117 8 75
429 434 7 0.5333 0.5403 -140.63 -141.044 -0.32454 0.24117 9 75
429 462 8 0.5523 0.5526 -141.288 -141.228 -0.33054 0.24717 9 76
429 525 9 0.6221 0.6268 -141.568 -142.179 -0.36654 0.28317 8 75
429 506 10 0.5444 0.5393 -137.762 -136.847 -0.35454 0.22917 9 76
429 462 11 0.6159 0.6134 -147.33 -146.691 -0.31854 0.28917 8 75
429 466 12 0.643 0.6459 -135.227 -135.907 -0.43254 0.27117 8 74
429 463 13 0.5583 0.5594 -144.514 -144.744 -0.30654 0.25917 9 76
429 541 14 0.645 0.6426 -143.519 -143.841 -0.36054 0.29517 8 75
429 461 15 0.5928 0.5907 -148.661 -148.741 -0.28854 0.28317 9 75
429 539 16 0.5417 0.538 -135.075 -135.002 -0.36654 0.22317 8 75
429 454 17 0.5321 0.529 -145.646 -145.687 -0.28254 0.24717 9 75
429 536 18 0.6439 0.6437 -146.299 -145.825 -0.34254 0.30117 8 75
429 452 19 0.5981 0.6003 -137.84 -138.123 -0.38454 0.25917 8 76
429 514 20 0.6324 0.6268 -141.786 -142.179 -0.36654 0.28317 8 75
429 516 21 0.5959 0.6054 -143.259 -143.509 -0.34254 0.27717 8 76
429 525 22 0.5564 0.5501 -135.683 -135.321 -0.37254 0.22917 8 75
429 488 23 0.5833 0.593 -143.398 -143.389 -0.33654 0.27117 8 76
429 475 24 0.5721 0.5776 -143.524 -143.784 -0.32454 0.26517 9 76
429 556 25 0.6398 0.6397 -144.59 -144.313 -0.35454 0.29517 8 75
429 460 26 0.6264 0.6239 -140.034 -140.608 -0.37854 0.27717 8 75
429 436 27 0.6088 0.623 -136.251 -136.974 -0.40854 0.26517 8 76
429 452 28 0.6229 0.6248 -138.382 -138.563 -0.39654 0.27117 8 75
429 498 29 0.6471 0.6509 -136.237 -137.009 -0.42654 0.27717 8 74
429 512 30 0.632 0.6268 -141.698 -142.179 -0.36654 0.28317 8 75
429 471 31 0.5651 0.561 -147.027 -147.02 -0.28854 0.26517 9 76
429 484 32 0.574 0.5637 -137.953 -137.391 -0.36654 0.24117 8 76
429 509 33 0.5609 0.5501 -136.543 -135.321 -0.37254 0.22917 8 76
429 449 34 0.6129 0.6195 -136.993 -137.427 -0.40254 0.26517 8 75
429 452 35 0.5843 0.578 -135.748 -135.44 -0.39054 0.24117 8 76
429 474 36 0.5967 0.6025 -139.082 -139.767 -0.37254 0.26517 8 76
429 450 37 0.6543 0.658 -135.348 -136.157 -0.43854 0.27717 8 74
429 461 38 0.6197 0.6148 -139.671 -139.958 -0.37854 0.27117 8 76
429 427 39 0.6186 0.6132 -149.832 -149.275 -0.29454 0.29517 9 75
429 444 40 0.5447 0.5495 -141.997 -141.764 -0.32454 0.24717 9 76
429 471 41 0.6124 0.6148 -139.611 -139.958 -0.37854 0.27117 8 76
429 482 42 0.5691 0.5742 -141.94 -142.087 -0.33654 0.25917 9 76
429 454 43 0.5994 0.5907 -148.992 -148.741 -0.28854 0.28317 9 75
429 513 44 0.591 0.599 -141.968 -142.383 -0.34854 0.27117 8 76
429 483 45 0.5884 0.5902 -139.505 -139.568 -0.36654 0.25917 8 76
429 538 46 0.6203 0.6238 -141.93 -142.656 -0.36054 0.28317 8 75
429 513 47 0.6055 0.612 -144.667 -144.61 -0.33654 0.28317 8 75
429 507 48 0.6501 0.6509 -136.811 -137.009 -0.42654 0.27717 8 74
429 483 49 0.5761 0.5779 -139.285 -139.361 -0.36054 0.25317 8 76
472 507 0 0.6407 0.6331 -141.345 -141.239 -0.37854 0.28317 8 75
472 519 1 0.6469 0.6392 -142.032 -142.316 -0.37254 0.28917 8 75
472 481 2 0.6208 0.6182 -148.722 -148.249 -0.30654 0.29517 9 76
472 513 3 0.5856 0.5847 -138.577 -138.374 -0.37254 0.25317 8 76
472 517 4 0.5958 0.6025 -139.204 -139.767 -0.37254 0.26517 8 76
472 523 5 0.5606 0.5591 -140.128 -140.174 -0.34254 0.24717 8 76
472 496 6 0.6343 0.6331 -140.571 -141.239 -0.37854 0.28317 8 76
472 500 7 0.5455 0.5459 -147.897 -147.54 -0.27654 0.25917 9 76
472 541 8 0.6436 0.6439 -138.093 -137.88 -0.41454 0.27717 8 75
472 530 9 0.5859 0.5869 -140.02 -140.061 -0.36054 0.25917 8 76
472 513 10 0.5444 0.5467 -139.776 -139.968 -0.33654 0.24117 9 76
472 508 11 0.5811 0.5783 -148.768 -148.73 -0.28254 0.27717 9 76
472 497 12 0.6075 0.6082 -147.746 -147.712 -0.30654 0.28917 9 76
472 595 13 0.6223 0.6273 -144.339 -144.216 -0.34854 0.28917 8 76
472 533 14 0.5928 0.596 -140.03 -140.739 -0.36054 0.26517 8 76
472 475 15 0.5317 0.5375 -143.374 -143.969 -0.30054 0.24717 9 76
472 518 16 0.5822 0.5843 -144.967 -144.935 -0.31854 0.27117 9 76
472 521 17 0.5761 0.569 -138.852 -138.638 -0.36054 0.24717 8 76
472 505 18 0.543 0.5459 -147.487 -147.54 -0.27654 0.25917 9 76
472 505 19 0.5626 0.5719 -144.373 -144.842 -0.31254 0.26517 9 76
472 488 20 0.6176 0.6283 -137.796 -138.108 -0.40254 0.27117 8 76
472 519 21 0.5999 0.6064 -145.805 -145.615 -0.32454 0.28317 8 76
472 522 22 0.5752 0.5806 -143.306 -143.264 -0.33054 0.26517 8 76
472 472 23 0.5363 0.5434 -142.737 -142.854 -0.31254 0.24717 9 76
472 502 24 0.5567 0.5623 -143.869 -144.202 -0.31254 0.25917 9 76
472 544 25 0.6516 0.6527 -138.58 -138.53 -0.41454 0.28317 8 75
472 559 26 0.6064 0.612 -144.503 -144.61 -0.33654 0.28317 8 76
472 518 27 0.5672 0.5742 -142.063 -142.087 -0.33654 0.25917 9 76
472 548 28 0.6049 0.6084 -140.67 -140.913 -0.36654 0.27117 8 76
472 475 29 0.6534 0.6507 -149.807 -149.272 -0.31254 0.31317 8 75
472 513 30 0.5731 0.5719 -145.033 -144.842 -0.31254 0.26517 9 76
472 554 31 0.6283 0.6313 -146.274 -145.758 -0.33654 0.29517 8 76
472 492 32 0.6223 0.6215 -139.107 -139.023 -0.39054 0.27117 8 76
472 521 33 0.5795 0.5813 -138.732 -138.864 -0.36654 0.25317 8 76
472 555 34 0.6096 0.612 -144.942 -144.61 -0.33654 0.28317 8 76
472 501 35 0.6013 0.5969 -138.589 -138.599 -0.37854 0.25917 8 76
472 529 36 0.565 0.5602 -138.675 -137.894 -0.36054 0.24117 8 76
472 501 37 0.6267 0.6338 -135.124 -135.647 -0.42654 0.26517 8 75
472 533 38 0.5403 0.5445 -138.341 -138.157 -0.34854 0.23517 9 76
472 544 39 0.5907 0.593 -143.339 -143.389 -0.33654 0.27117 8 76
472 491 40 0.5388 0.5433 -148.349 -148.116 -0.27054 0.25917 9 76
472 535 41 0.6191 0.6188 -146.312 -145.688 -0.33054 0.28917 8 76
472 515 42 0.6274 0.6317 -137.711 -137.658 -0.40854 0.27117 8 75
472 581 43 0.6118 0.6114 -142.22 -142.522 -0.35454 0.27717 8 76
472 594 44 0.6284 0.6273 -144.69 -144.216 -0.34854 0.28917 8 76
472 490 45 0.5367 0.5384 -149.082 -149.283 -0.25854 0.25917 9 76
472 479 46 0.5993 0.5951 -136.787 -136.936 -0.39054 0.25317 8 76
472 467 47 0.5326 0.5371 -141.403 -141.591 -0.31854 0.24117 9 76
472 513 48 0.5917 0.5859 -147.456 -147.114 -0.30054 0.27717 9 76
472 546 49 0.6401 0.6384 -147.073 -146.79 -0.33054 0.30117 8 75
515 550 0 0.6417 0.6459 -135.22 -135.907 -0.43254 0.27117 8 75
515 554 1 0.5554 0.5584 -147.365 -147.578 -0.28254 0.26517 9 76
515 545 2 0.6078 0.6058 -138.985 -139.288 -0.37854 0.26517 8 77
515 525 3 0.625 0.6207 -148.452 -147.743 -0.31254 0.29517 8 76
515 569 4 0.5738 0.5805 -140.939 -141.063 -0.34854 0.25917 8 77
515 545 5 0.5384 0.536 -147.014 -146.918 -0.27654 0.25317 9 76
515 552 6 0.568 0.5747 -143.945 -144.31 -0.31854 0.26517 9 76
515 556 7 0.6509 0.6456 -148.28 -147.8 -0.32454 0.30717 8 76
515 561 8 0.5627 0.565 -141.23 -141.404 -0.33654 0.25317 8 77
515 557 9 0.6267 0.6317 -137.311 -137.658 -0.40854 0.27117 8 76
515 606 10 0.6443 0.6362 -143.047 -142.784 -0.36654 0.28917 8 76
515 538 11 0.5498 0.5526 -141.629 -141.228 -0.33054 0.24717 9 76
515 538 12 0.6435 0.646 -139.549 -139.414 -0.40254 0.28317 8 76
515 601 13 0.6257 0.6313 -146.013 -145.758 -0.33654 0.29517 8 76
515 535 14 0.5505 0.5594 -143.937 -144.744 -0.30654 0.25917 9 76
515 542 15 0.5831 0.5859 -149.714 -149.818 -0.27654 0.28317 9 76
515 502 16 0.5915 0.5938 -134.917 -135.264 -0.40254 0.24717 8 76
515 556 17 0.6439 0.6545 -135.555 -136.581 -0.43254 0.27717 8 75
515 538 18 0.6498 0.6423 -141.88 -141.852 -0.37854 0.28917 8 76
515 543 19 0.5398 0.5414 -145.862 -145.768 -0.28854 0.25317 9 76
515 534 20 0.6158 0.6108 -147.889 -147.2 -0.31254 0.28917 8 76
515 542 21 0.5415 0.5433 -148.049 -148.116 -0.27054 0.25917 9 76
515 539 22 0.628 0.6271 -139.96 -140.141 -0.38454 0.27717 8 76
515 553 23 0.5817 0.5833 -147.94 -147.648 -0.29454 0.27717 9 76
515 525 24 0.612 0.6032 -149.062 -148.751 -0.29454 0.28917 9 76
515 611 25 0.6426 0.6332 -143.053 -143.257 -0.36054 0.28917 8 75
515 569 26 0.5686 0.5714 -140.175 -140.37 -0.34854 0.25317 8 77
515 541 27 0.5351 0.5334 -147.796 -147.501 -0.27054 0.25317 9 76
515 564 28 0.6025 0.6025 -139.583 -139.767 -0.37254 0.26517 8 76
515 551 29 0.5555 0.5566 -145.322 -145.292 -0.30054 0.25917 9 76
515 536 30 0.6495 0.6431 -148.872 -148.287 -0.31854 0.30717 8 76
515 556 31 0.5682 0.5663 -146.282 -145.92 -0.30054 0.26517 9 76
515 546 32 0.5874 0.5881 -137.694 -137.889 -0.37854 0.25317 8 77
515 632 33 0.6483 0.6465 -145.104 -145.348 -0.34854 0.30117 8 75
515 564 34 0.5558 0.5534 -139.686 -138.918 -0.34854 0.24117 8 77
515 521 35 0.5422 0.5434 -142.657 -142.854 -0.31254 0.24717 9 76
515 540 36 0.5353 0.5334 -147.34 -147.501 -0.27054 0.25317 9 76
515 528 37 0.6222 0.6182 -148.539 -148.249 -0.30654 0.29517 8 76
515 603 38 0.6088 0.612 -144.584 -144.61 -0.33654 0.28317 8 76
515 559 39 0.573 0.5708 -147.659 -147.613 -0.28854 0.27117 9 76
515 579 40 0.5541 0.5568 -138.55 -138.403 -0.35454 0.24117 8 76
515 521 41 0.5323 0.5435 -140.066 -140.503 -0.33054 0.24117 9 76
515 573 42 0.5603 0.5623 -139.639 -139.656 -0.34854 0.24717 8 77
515 527 43 0.5922 0.5865 -136.567 -136.199 -0.39054 0.24717 8 77
515 541 44 0.5605 0.5658 -148.702 -148.72 -0.27654 0.27117 9 76
515 562 45 0.5727 0.5806 -143.014 -143.264 -0.33054 0.26517 8 76
515 551 46 0.5552 0.5619 -141.637 -141.929 -0.33054 0.25317 9 76
515 559 47 0.6449 0.6494 -139.054 -138.97 -0.40854 0.28317 8 75
515 556 48 0.5882 0.5885 -146.358 -146.584 -0.30654 0.27717 9 76
515 617 49 0.6409 0.6437 -146.189 -145.825 -0.34254 0.30117 8 76
558 592 0 0.5642 0.5683 -147.724 -148.164 -0.28254 0.27117 9 77
558 595 1 0.5645 0.5708 -147.541 -147.613 -0.28854 0.27117 9 77
558 593 2 0.6227 0.6266 -136.366 -136.527 -0.41454 0.26517 8 76
558 673 3 0.6413 0.6426 -143.691 -143.841 -0.36054 0.29517 8 76
558 607 4 0.5727 0.5622 -136.449 -135.626 -0.37854 0.23517 8 77
558 640 5 0.6111 0.6176 -140.946 -141.555 -0.36654 0.27717 8 77
558 575 6 0.5496 0.5485 -149.751 -149.859 -0.25854 0.26517 9 77
558 628 7 0.6528 0.6456 -143.151 -143.372 -0.36654 0.29517 8 76
558 598 8 0.6347 0.6423 -135.405 -136.337 -0.42654 0.27117 8 75
558 598 9 0.568 0.5712 -142.828 -142.607 -0.33054 0.25917 8 77
558 682 10 0.6348 0.6397 -144.271 -144.313 -0.35454 0.29517 8 76
558 552 11 0.5334 0.5434 -142.144 -142.854 -0.31254 0.24717 9 76
558 594 12 0.5785 0.5744 -136.224 -135.919 -0.38454 0.24117 8 77
558 607 13 0.5548 0.5591 -140.287 -140.174 -0.34254 0.24717 8 77
558 623 14 0.5909 0.596 -140.624 -140.739 -0.36054 0.26517 8 77
558 629 15 0.6345 0.6384 -146.723 -146.79 -0.33054 0.30117 8 76
558 640 16 0.6485 0.6456 -143.116 -143.372 -0.36654 0.29517 8 76
558 596 17 0.5891 0.5859 -146.975 -147.114 -0.30054 0.27717 8 77
558 638 18 0.5576 0.555 -136.818 -136.619 -0.36654 0.23517 8 77
558 583 19 0.6159 0.6108 -147.656 -147.2 -0.31254 0.28917 8 77
558 638 20 0.6433 0.6362 -142.542 -142.784 -0.36654 0.28917 8 76
558 604 21 0.5778 0.5724 -138.474 -138.139 -0.36654 0.24717 8 77
558 644 22 0.6012 0.6054 -143.663 -143.509 -0.34254 0.27717 8 77
558 574 23 0.6151 0.616 -137.77 -137.884 -0.39654 0.26517 8 77
558 574 24 0.6222 0.6215 -139.261 -139.023 -0.39054 0.27117 8 77
558 632 25 0.5503 0.548 -138.098 -137.637 -0.35454 0.23517 8 77
558 572 26 0.6114 0.6126 -138.46 -138.347 -0.39054 0.26517 8 77
558 640 27 0.5435 0.5393 -137.146 -136.847 -0.35454 0.22917 8 77
558 600 28 0.57 0.5761 -146.258 -146.527 -0.30054 0.27117 9 77
558 579 29 0.6184 0.623 -137.108 -136.974 -0.40854 0.26517 8 76
558 575 30 0.5412 0.5384 -149.521 -149.283 -0.25854 0.25917 9 77
558 579 31 0.6174 0.623 -136.956 -136.974 -0.40854 0.26517 8 76
558 610 32 0.651 0.6527 -139.092 -138.53 -0.41454 0.28317 8 75
558 599 33 0.6348 0.6423 -135.433 -136.337 -0.42654 0.27117 8 75
558 676 34 0.6152 0.6178 -143.341 -143.624 -0.34854 0.28317 8 76
558 647 35 0.5537 0.5465 -136.555 -135.823 -0.36654 0.22917 8 77
558 556 36 0.602 0.5987 -136.383 -136.468 -0.39654 0.25317 8 77
558 579 37 0.6186 0.6301 -135.275 -136.084 -0.42054 0.26517 8 76
558 587 38 0.63 0.6338 -135.146 -135.647 -0.42654 0.26517 8 75
558 597 39 0.5905 0.5885 -146.411 -146.584 -0.30654 0.27717 8 77
558 626 40 0.5835 0.5866 -142.12 -142.238 -0.34254 0.26517 8 77
558 587 41 0.5952 0.5907 -148.942 -148.741 -0.28854 0.28317 9 77
558 600 42 0.6422 0.6456 -147.956 -147.8 -0.32454 0.30717 8 76
558 596 43 0.554 0.5539 -145.768 -145.846 -0.29454 0.25917 9 76
558 668 44 0.6406 0.6437 -145.945 -145.825 -0.34254 0.30117 8 76
558 592 45 0.5533 0.5566 -145.019 -145.292 -0.30054 0.25917 9 76
558 574 46 0.5482 0.5528 -143.027 -143.539 -0.31254 0.25317 9 77
558 646 47 0.5582 0.5501 -135.795 -135.321 -0.37254 0.22917 8 77
558 582 48 0.618 0.6233 -147.466 -147.24 -0.31854 0.29517 8 77
558 553 49 0.6069 0.618 -135.234 -135.822 -0.41454 0.25917 8 76
601 654 0 0.574 0.5805 -140.538 -141.063 -0.34854 0.25917 8 78
601 604 1 0.5383 0.5403 -141.244 -141.044 -0.32454 0.24117 9 77
601 634 2 0.6139 0.6134 -147.075 -146.691 -0.31854 0.28917 8 77
601 708 3 0.5343 0.538 -134.938 -135.002 -0.36654 0.22317 8 76
601 644 4 0.5637 0.5663 -145.845 -145.92 -0.30054 0.26517 9 77
601 640 5 0.617 0.6148 -140.029 -139.958 -0.37854 0.27117 8 77
601 664 6 0.6393 0.6392 -142.02 -142.316 -0.37254 0.28917 8 76
601 636 7 0.5564 0.5636 -146.343 -146.468 -0.29454 0.26517 9 77
601 642 8 0.5738 0.5659 -135.4 -135.139 -0.38454 0.23517 8 77
601 622 9 0.5527 0.5558 -142.715 -142.997 -0.31854 0.25317 9 77
601 652 10 0.5757 0.5836 -142.47 -142.748 -0.33654 0.26517 8 77
601 647 11 0.5788 0.5761 -146.723 -146.527 -0.30054 0.27117 9 77
601 686 12 0.6142 0.6176 -141.048 -141.555 -0.36654 0.27717 8 77
601 728 13 0.6255 0.6302 -143.449 -143.734 -0.35454 0.28917 8 77
601 669 14 0.5909 0.596 -143.057 -142.883 -0.34254 0.27117 8 77
601 661 15 0.6366 0.6299 -141.645 -141.706 -0.37254 0.28317 8 76
601 629 16 0.5807 0.5783 -149.075 -148.73 -0.28254 0.27717 9 77
601 687 17 0.6004 0.6054 -143.562 -143.509 -0.34254 0.27717 8 77
601 635 18 0.5533 0.5566 -145.127 -145.292 -0.30054 0.25917 9 77
601 616 19 0.5537 0.5528 -143.324 -143.539 -0.31254 0.25317 9 77
601 681 20 0.536 0.5393 -136.729 -136.847 -0.35454 0.22917 8 77
601 612 21 0.5946 0.5951 -136.969 -136.936 -0.39054 0.25317 8 78
601 621 22 0.6059 0.6057 -148.223 -148.229 -0.30054 0.28917 8 77
601 642 23 0.575 0.5788 -146.028 -145.991 -0.30654 0.27117 8 77
601 634 24 0.5671 0.5682 -143.437 -143.133 -0.32454 0.25917 9 77
601 643 25 0.5715 0.5761 -146.158 -146.527 -0.30054 0.27117 9 77
601 697 26 0.6399 0.6362 -142.91 -142.784 -0.36654 0.28917 8 76
601 617 27 0.613 0.6092 -138.68 -138.815 -0.38454 0.26517 8 77
601 647 28 0.6469 0.6545 -135.812 -136.581 -0.43254 0.27717 8 76
601 708 29 0.6103 0.6208 -142.646 -143.137 -0.35454 0.28317 8 77
601 650 30 0.6313 0.6387 -136.019 -136.773 -0.42054 0.27117 8 76
601 624 31 0.5977 0.5907 -149.104 -148.741 -0.28854 0.28317 8 77
601 674 32 0.5441 0.548 -137.699 -137.637 -0.35454 0.23517 8 77
601 642 33 0.6338 0.6331 -141.098 -141.239 -0.37854 0.28317 8 77
601 712 34 0.6387 0.6332 -143.147 -143.257 -0.36054 0.28917 8 76
601 606 35 0.5408 0.5495 -141.714 -141.764 -0.32454 0.24717 9 77
601 677 36 0.5911 0.596 -142.608 -142.883 -0.34254 0.27117 8 77
601 628 37 0.6108 0.6058 -139.224 -139.288 -0.37854 0.26517 8 77
601 645 38 0.5742 0.5708 -136.333 -136.403 -0.37854 0.24117 8 77
601 722 39 0.6466 0.6465 -145.31 -145.348 -0.34854 0.30117 8 76
601 633 40 0.6016 0.6058 -138.915 -139.288 -0.37854 0.26517 8 78
601 647 41 0.5735 0.5724 -137.921 -138.139 -0.36654 0.24717 8 78
601 685 42 0.6338 0.6268 -142.08 -142.179 -0.36654 0.28317 8 76
601 639 43 0.5776 0.5808 -148.061 -148.187 -0.28854 0.27717 8 77
601 617 44 0.6558 0.658 -135.437 -136.157 -0.43854 0.27717 8 75
601 633 45 0.5844 0.5794 -137.371 -137.157 -0.37854 0.24717 8 78
601 689 46 0.648 0.641 -146.776 -146.305 -0.33654 0.30117 8 76
601 658 47 0.5789 0.5836 -142.573 -142.748 -0.33654 0.26517 8 77
601 603 48 0.5377 0.5404 -143.095 -143.409 -0.30654 0.24717 9 77
601 668 49 0.6425 0.6474 -137.609 -137.442 -0.42054 0.27717 8 76
43 138 0 0.5894 0.6302 -148.365 -143.734 -0.35454 0.28917 9 73
43 166 1 0.5493 0.5297 -136.236 -134.155 -0.36654 0.21717 9 73
43 145 2 0.6543 0.6302 -140.39 -143.734 -0.35454 0.28917 9 73
43 156 3 0.5622 0.5297 -138.174 -134.155 -0.36654 0.21717 9 74
43 140 4 0.6128 0.6302 -135.974 -143.734 -0.35454 0.28917 9 73
43 163 5 0.6347 0.6302 -141.332 -143.734 -0.35454 0.28917 9 73
43 139 6 0.5401 0.6302 -148.286 -143.734 -0.35454 0.28917 9 74
43 141 7 0.6143 0.6302 -136.467 -143.734 -0.35454 0.28917 9 73
43 180 8 0.6491 0.6397 -144.836 -144.313 -0.35454 0.29517 9 73
43 159 9 0.5752 0.6273 -141.777 -144.216 -0.34854 0.28917 9 73
43 158 10 0.6537 0.6302 -142.168 -143.734 -0.35454 0.28917 9 73
43 144 11 0.5465 0.6273 -141.89 -144.216 -0.34854 0.28917 9 73
43 140 12 0.531 0.6302 -148.074 -143.734 -0.35454 0.28917 9 74
43 148 13 0.6015 0.6273 -146.861 -144.216 -0.34854 0.28917 9 73
43 150 14 0.6415 0.6369 -148.462 -144.791 -0.34854 0.29517 9 73
43 138 15 0.545 0.6302 -144.748 -143.734 -0.35454 0.28917 9 73
43 180 16 0.6415 0.6302 -144.585 -143.734 -0.35454 0.28917 9 73
43 147 17 0.6385 0.6302 -139.693 -143.734 -0.35454 0.28917 9 73
43 152 18 0.6389 0.6369 -148.178 -144.791 -0.34854 0.29517 9 73
43 157 19 0.5693 0.5297 -137.492 -134.155 -0.36654 0.21717 9 73
43 154 20 0.6382 0.6302 -140.529 -143.734 -0.35454 0.28917 9 73
43 140 21 0.6476 0.6302 -138.302 -143.734 -0.35454 0.28917 9 73
43 145 22 0.6378 0.6369 -148.984 -144.791 -0.34854 0.29517 9 73
43 159 23 0.5693 0.5335 -135.197 -133.648 -0.37254 0.21717 9 73
43 165 24 0.6282 0.6302 -141.163 -143.734 -0.35454 0.28917 9 73
43 156 25 0.5772 0.5335 -136.001 -133.648 -0.37254 0.21717 9 74
43 144 26 0.5514 0.6273 -142.875 -144.216 -0.34854 0.28917 9 73
43 149 27 0.5857 0.5335 -137.854 -133.648 -0.37254 0.21717 9 74
43 152 28 0.5838 0.5335 -136.232 -133.648 -0.37254 0.21717 9 73
43 171 29 0.6098 0.6302 -141.129 -143.734 -0.35454 0.28917 9 74
43 153 30 0.5699 0.6273 -143.42 -144.216 -0.34854 0.28917 9 73
43 172 31 0.6154 0.6273 -145.191 -144.216 -0.34854 0.28917 9 73
43 165 32 0.6074 0.6302 -140.358 -143.734 -0.35454 0.28917 9 74
43 168 33 0.532 0.5297 -135.784 -134.155 -0.36654 0.21717 9 73
43 145 34 0.5474 0.6302 -140.33 -143.734 -0.35454 0.28917 9 73
43 148 35 0.5844 0.6273 -145.749 -144.216 -0.34854 0.28917 9 73
43 137 36 0.5428 0.6302 -149.528 -143.734 -0.35454 0.28917 9 73
43 145 37 0.6113 0.6302 -137.939 -143.734 -0.35454 0.28917 9 73
43 140 38 0.5561 0.6302 -149.729 -143.734 -0.35454 0.28917 9 73
43 138 39 0.652 0.6302 -138.221 -143.734 -0.35454 0.28917 9 73
43 161 40 0.5556 0.5297 -137.366 -134.155 -0.36654 0.21717 9 73
43 142 41 0.6042 0.6369 -147.957 -144.791 -0.34854 0.29517 9 74
43 172 42 0.6244 0.6302 -141.685 -143.734 -0.35454 0.28917 9 73
43 177 43 0.62 0.6302 -142.124 -143.734 -0.35454 0.28917 9 73
43 154 44 0.5911 0.6302 -138.744 -143.734 -0.35454 0.28917 9 74
43 138 45 0.6391 0.6302 -136.405 -143.734 -0.35454 0.28917 9 73
43 140 46 0.5436 0.6302 -149.326 -143.734 -0.35454 0.28917 9 74
43 139 47 0.5679 0.6302 -147.475 -143.734 -0.35454 0.28917 9 73
43 151 48 0.5835 0.6302 -138.167 -143.734 -0.35454 0.28917 9 74
43 148 49 0.5928 0.6302 -137.841 -143.734 -0.35454 0.28917 9 74
86 204 0 0.6231 0.6302 -141.602 -143.734 -0.35454 0.28917 9 74
86 223 1 0.6258 0.6302 -143.282 -143.734 -0.35454 0.28917 9 74
86 165 2 0.6295 0.6562 -137.221 -138.094 -0.42054 0.28317 9 74
86 138 3 0.585 0.6302 -148.677 -143.734 -0.35454 0.28917 9 74
86 156 4 0.6367 0.6562 -138.856 -138.094 -0.42054 0.28317 9 74
86 192 5 0.5548 0.538 -137.559 -135.002 -0.36654 0.22317 9 74
86 146 6 0.583 0.6273 -146.834 -144.216 -0.34854 0.28917 9 74
86 188 7 0.6013 0.6244 -145.117 -144.702 -0.34254 0.28917 9 74
86 220 8 0.6492 0.6397 -144.261 -144.313 -0.35454 0.29517 9 73
86 220 9 0.6176 0.6273 -144.077 -144.216 -0.34854 0.28917 9 74
86 170 10 0.6417 0.6596 -135.828 -137.663 -0.42654 0.28317 9 74
86 163 11 0.6042 0.6238 -138.507 -142.656 -0.36054 0.28317 9 74
86 138 12 0.5745 0.6302 -148.054 -143.734 -0.35454 0.28917 9 74
86 194 13 0.6087 0.6238 -140.397 -142.656 -0.36054 0.28317 9 74
86 150 14 0.6535 0.6332 -140.443 -143.257 -0.36054 0.28917 9 73
86 217 15 0.6516 0.6369 -145.813 -144.791 -0.34854 0.29517 9 73
86 172 16 0.6368 0.6562 -137.449 -138.094 -0.42054 0.28317 9 74
86 177 17 0.5921 0.6238 -139.172 -142.656 -0.36054 0.28317 9 74
86 187 18 0.5638 0.538 -137.895 -135.002 -0.36654 0.22317 9 74
86 193 19 0.5944 0.6208 -140.243 -143.137 -0.35454 0.28317 9 74
86 147 20 0.6036 0.6369 -148.033 -144.791 -0.34854 0.29517 9 74
86 195 21 0.6332 0.6341 -146.9 -145.272 -0.34254 0.29517 9 74
86 183 22 0.6558 0.6332 -142.35 -143.257 -0.36054 0.28917 9 73
86 178 23 0.6446 0.6341 -147.931 -145.272 -0.34254 0.29517 9 74
86 137 24 0.5598 0.6302 -149.553 -143.734 -0.35454 0.28917 9 74
86 152 25 0.605 0.5335 -137.414 -133.648 -0.37254 0.21717 9 74
86 218 26 0.6316 0.6369 -145.376 -144.791 -0.34854 0.29517 9 74
86 212 27 0.6474 0.6369 -146.347 -144.791 -0.34854 0.29517 9 73
86 138 28 0.538 0.6302 -145.684 -143.734 -0.35454 0.28917 9 74
86 170 29 0.5466 0.5343 -138.916 -135.513 -0.36054 0.22317 9 74
86 218 30 0.6432 0.6369 -145.759 -144.791 -0.34854 0.29517 9 73
86 137 31 0.5298 0.6302 -146.07 -143.734 -0.35454 0.28917 9 74
86 167 32 0.6157 0.6238 -139.172 -142.656 -0.36054 0.28317 9 74
86 146 33 0.5847 0.6273 -146.998 -144.216 -0.34854 0.28917 9 74
86 142 34 0.5704 0.6273 -146.552 -144.216 -0.34854 0.28917 9 74
86 195 35 0.651 0.6332 -142.659 -143.257 -0.36054 0.28917 9 73
86 207 36 0.5981 0.6208 -142.466 -143.137 -0.35454 0.28317 9 74
86 188 37 0.5696 0.5417 -137.081 -134.497 -0.37254 0.22317 9 74
86 139 38 0.5661 0.6302 -147.323 -143.734 -0.35454 0.28917 9 74
86 180 39 0.5427 0.5343 -138.162 -135.513 -0.36054 0.22317 9 74
86 153 40 0.6109 0.6369 -147.737 -144.791 -0.34854 0.29517 9 74
86 148 41 0.6122 0.6474 -136.074 -137.442 -0.42054 0.27717 9 74
86 194 42 0.6143 0.6244 -145.757 -144.702 -0.34254 0.28917 9 74
86 165 43 0.5909 0.5417 -138.172 -134.497 -0.37254 0.22317 9 74
86 153 44 0.6188 0.6302 -138.552 -143.734 -0.35454 0.28917 9 74
86 138 45 0.5343 0.6302 -147.296 -143.734 -0.35454 0.28917 9 74
86 203 46 0.6022 0.6273 -144.219 -144.216 -0.34854 0.28917 9 74
86 205 47 0.5392 0.5297 -136.041 -134.155 -0.36654 0.21717 9 74
86 209 48 0.6263 0.6302 -142.001 -143.734 -0.35454 0.28917 9 74
86 189 49 0.5832 0.6208 -140.322 -143.137 -0.35454 0.28317 9 74
129 167 0 0.579 0.5783 -149.215 -148.73 -0.28254 0.27717 9 74
129 201 1 0.5722 0.5429 -139.125 -136.332 -0.36054 0.22917 9 74
129 212 2 0.5714 0.5465 -138.303 -135.823 -0.36654 0.22917 9 74
129 264 3 0.6334 0.6369 -144.995 -144.791 -0.34854 0.29517 9 74
129 142 4 0.6251 0.6032 -149.838 -148.751 -0.29454 0.28917 9 74
129 265 5 0.6293 0.6302 -143.251 -143.734 -0.35454 0.28917 9 74
129 211 6 0.6551 0.6332 -142.319 -143.257 -0.36054 0.28917 9 73
129 180 7 0.6139 0.6474 -135 -137.442 -0.42054 0.27717 9 74
129 199 8 0.6244 0.6474 -136.068 -137.442 -0.42054 0.27717 9 74
129 200 9 0.5961 0.6145 -138.967 -142.036 -0.36054 0.27717 9 74
129 235 10 0.5607 0.5417 -135.128 -134.497 -0.37254 0.22317 9 74
129 234 11 0.5569 0.538 -136.947 -135.002 -0.36654 0.22317 9 74
129 199 12 0.5727 0.6054 -142.889 -143.509 -0.34254 0.27717 9 74
129 211 13 0.6406 0.6562 -137.974 -138.094 -0.42054 0.28317 9 74
129 223 14 0.582 0.6178 -142.264 -143.624 -0.34854 0.28317 9 74
129 171 15 0.613 0.6439 -137.27 -137.88 -0.41454 0.27717 9 74
129 196 16 0.5398 0.5393 -138.879 -136.847 -0.35454 0.22917 9 74
129 249 17 0.601 0.6178 -142.567 -143.624 -0.34854 0.28317 9 74
129 201 18 0.5795 0.5455 -135.201 -134 -0.37854 0.22317 9 74
129 167 19 0.5986 0.5833 -148.807 -147.648 -0.29454 0.27717 9 74
129 213 20 0.6326 0.6341 -147.289 -145.272 -0.34254 0.29517 9 74
129 169 21 0.5493 0.5712 -141.873 -142.607 -0.33054 0.25917 9 74
129 259 22 0.6138 0.6273 -143.44 -144.216 -0.34854 0.28917 9 74
129 169 23 0.5437 0.5539 -145.266 -145.846 -0.29454 0.25917 9 74
129 240 24 0.5573 0.5417 -135.718 -134.497 -0.37254 0.22317 9 74
129 222 25 0.5844 0.6114 -140.8 -142.522 -0.35454 0.27717 9 74
129 165 26 0.5511 0.5719 -143.838 -144.842 -0.31254 0.26517 9 74
129 232 27 0.6418 0.6332 -142.144 -143.257 -0.36054 0.28917 9 73
129 149 28 0.5342 0.5594 -142.978 -144.744 -0.30654 0.25917 9 74
129 266 29 0.6303 0.6302 -143.935 -143.734 -0.35454 0.28917 9 74
129 184 30 0.6223 0.6268 -139.432 -142.179 -0.36654 0.28317 9 74
129 150 31 0.6164 0.5932 -149.719 -148.208 -0.29454 0.28317 9 74
129 259 32 0.6406 0.6369 -145.69 -144.791 -0.34854 0.29517 9 74
129 168 33 0.5381 0.5512 -145.518 -146.405 -0.28854 0.25917 9 74
129 232 34 0.5427 0.5343 -137.113 -135.513 -0.36054 0.22317 9 74
129 200 35 0.6081 0.6176 -139.32 -141.555 -0.36654 0.27717 9 74
129 202 36 0.6541 0.6596 -135.833 -137.663 -0.42654 0.28317 9 73
129 229 37 0.6256 0.6341 -146.438 -145.272 -0.34254 0.29517 9 74
129 187 38 0.6164 0.6474 -135.789 -137.442 -0.42054 0.27717 9 74
129 165 39 0.5686 0.5813 -149.641 -150.914 -0.26454 0.28317 9 74
129 201 40 0.6309 0.6562 -137.391 -138.094 -0.42054 0.28317 9 74
129 257 41 0.6382 0.6369 -145.722 -144.791 -0.34854 0.29517 9 74
129 164 42 0.5553 0.5558 -148.607 -148.14 -0.27654 0.26517 9 74
129 158 43 0.5545 0.5634 -149.179 -149.28 -0.27054 0.27117 9 74
129 154 44 0.541 0.5652 -142.55 -143.665 -0.31854 0.25917 9 74
129 238 45 0.592 0.6178 -142.161 -143.624 -0.34854 0.28317 9 74
129 157 46 0.5426 0.5623 -143.1 -144.202 -0.31254 0.25917 9 74
129 217 47 0.545 0.5343 -138.033 -135.513 -0.36054 0.22317 9 74
129 231 48 0.5657 0.5417 -136.197 -134.497 -0.37254 0.22317 9 74
129 155 49 0.5443 0.5769 -149.557 -152.026 -0.25254 0.28317 9 74
172 263 0 0.5874 0.6114 -141.079 -142.522 -0.35454 0.27717 9 74
172 266 1 0.5626 0.5465 -137.049 -135.823 -0.36654 0.22917 9 74
172 212 2 0.5467 0.5485 -146.682 -146.97 -0.28254 0.25917 9 74
172 282 3 0.6488 0.6437 -146.72 -145.825 -0.34254 0.30117 9 74
172 243 4 0.5741 0.596 -142.058 -142.883 -0.34254 0.27117 9 74
172 236 5 0.5791 0.6052 -139.277 -141.398 -0.36054 0.27117 9 74
172 209 6 0.6205 0.6207 -139.214 -141.079 -0.37254 0.27717 9 74
172 213 7 0.5589 0.5691 -144.464 -145.378 -0.30654 0.26517 9 74
172 198 8 0.5355 0.5442 -144.143 -145.203 -0.29454 0.25317 9 74
172 234 9 0.5693 0.5657 -139.483 -139.144 -0.35454 0.24717 9 74
172 233 10 0.578 0.555 -138.793 -136.619 -0.36654 0.23517 9 74
172 269 11 0.5435 0.5343 -137.235 -135.513 -0.36054 0.22317 9 74
172 210 12 0.5805 0.5783 -149.093 -148.73 -0.28254 0.27717 9 74
172 230 13 0.5637 0.5774 -141.33 -141.572 -0.34254 0.25917 9 74
172 229 14 0.5655 0.5836 -142.22 -142.748 -0.33654 0.26517 9 74
172 230 15 0.6264 0.6268 -140.166 -142.179 -0.36654 0.28317 9 74
172 219 16 0.5726 0.5815 -144.834 -145.461 -0.31254 0.27117 9 74
172 225 17 0.5807 0.5872 -144.704 -144.415 -0.32454 0.27117 9 74
172 198 18 0.5364 0.5337 -149.728 -150.471 -0.24654 0.25917 9 74
172 224 19 0.6026 0.6084 -138.916 -140.913 -0.36654 0.27117 9 74
172 235 20 0.645 0.6362 -141.406 -142.784 -0.36654 0.28917 9 74
172 222 21 0.5827 0.5788 -146.059 -145.991 -0.30654 0.27117 9 74
172 303 22 0.6304 0.6302 -143.132 -143.734 -0.35454 0.28917 9 74
172 296 23 0.6313 0.6332 -142.689 -143.257 -0.36054 0.28917 9 74
172 207 24 0.5715 0.5734 -149.661 -149.831 -0.27054 0.27717 9 74
172 238 25 0.5701 0.5866 -141.697 -142.238 -0.34254 0.26517 9 74
172 224 26 0.5718 0.59 -143.661 -143.899 -0.33054 0.27117 9 74
172 201 27 0.5295 0.521 -148.259 -147.46 -0.26454 0.24717 9 74
172 220 28 0.5602 0.5636 -146.494 -146.468 -0.29454 0.26517 9 74
172 245 29 0.5806 0.6054 -143.169 -143.509 -0.34254 0.27717 9 74
172 220 30 0.59 0.5912 -146.314 -146.06 -0.31254 0.27717 9 74
172 207 31 0.5451 0.5566 -144.503 -145.292 -0.30054 0.25917 9 74
172 295 32 0.6073 0.6208 -142.386 -143.137 -0.35454 0.28317 9 74
172 208 33 0.539 0.5485 -146.796 -146.97 -0.28254 0.25917 9 74
172 189 34 0.6008 0.6352 -135.564 -137.213 -0.41454 0.27117 9 74
172 251 35 0.5722 0.5455 -135.516 -134 -0.37854 0.22317 9 74
172 234 36 0.5361 0.5358 -138.654 -137.37 -0.34854 0.22917 9 74
172 268 37 0.6291 0.6341 -146.481 -145.272 -0.34254 0.29517 9 74
172 213 38 0.5486 0.5636 -145.836 -146.468 -0.29454 0.26517 9 74
172 223 39 0.5587 0.5742 -141.441 -142.087 -0.33654 0.25917 9 74
172 304 40 0.645 0.6397 -144.881 -144.313 -0.35454 0.29517 9 74
172 214 41 0.5928 0.5936 -138.181 -139.081 -0.37254 0.25917 9 74
172 272 42 0.5365 0.5343 -136.728 -135.513 -0.36054 0.22317 9 74
172 206 43 0.6173 0.6317 -137.742 -137.658 -0.40854 0.27117 9 74
172 221 44 0.6366 0.6384 -148.19 -146.79 -0.33054 0.30117 9 74
172 235 45 0.631 0.6509 -135.408 -137.009 -0.42654 0.27717 9 74
172 213 46 0.605 0.5983 -147.497 -147.158 -0.30654 0.28317 9 74
172 212 47 0.5419 0.5485 -146.654 -146.97 -0.28254 0.25917 9 74
172 255 48 0.5349 0.5307 -137.524 -136.031 -0.35454 0.22317 9 74
172 229 49 0.6404 0.6268 -140.936 -142.179 -0.36654 0.28317 9 74
215 339 0 0.6255 0.6302 -142.666 -143.734 -0.35454 0.28917 9 74
215 340 1 0.6268 0.6273 -144.872 -144.216 -0.34854 0.28917 9 74
215 309 2 0.5939 0.6114 -140.996 -142.522 -0.35454 0.27717 9 74
215 247 3 0.5878 0.5659 -135.851 -135.139 -0.38454 0.23517 9 74
215 305 4 0.5613 0.5465 -137.316 -135.823 -0.36654 0.22917 9 74
215 263 5 0.5764 0.5788 -145.719 -145.991 -0.30654 0.27117 9 74
215 235 6 0.596 0.5829 -136.828 -136.675 -0.38454 0.24717 9 74
215 264 7 0.5802 0.5575 -135.541 -134.337 -0.38454 0.22917 9 74
215 270 8 0.5816 0.5586 -137.048 -136.119 -0.37254 0.23517 9 74
215 248 9 0.5849 0.5575 -135.197 -134.337 -0.38454 0.22917 9 74
215 348 10 0.6312 0.6273 -144.454 -144.216 -0.34854 0.28917 9 74
215 251 11 0.5569 0.5652 -143.159 -143.665 -0.31854 0.25917 9 74
215 288 12 0.6366 0.6474 -136.277 -137.442 -0.42054 0.27717 9 74
215 343 13 0.6347 0.6302 -143.3 -143.734 -0.35454 0.28917 9 74
215 259 14 0.6176 0.6352 -136.681 -137.213 -0.41454 0.27117 9 74
215 315 15 0.6012 0.6145 -141.098 -142.036 -0.36054 0.27717 9 74
215 322 16 0.6063 0.6145 -141.396 -142.036 -0.36054 0.27717 9 74
215 254 17 0.5615 0.5719 -144.106 -144.842 -0.31254 0.26517 9 74
215 225 18 0.618 0.6032 -149.821 -148.751 -0.29454 0.28917 9 74
215 279 19 0.575 0.5929 -140.313 -141.234 -0.35454 0.26517 9 74
215 276 20 0.5628 0.5568 -139.516 -138.403 -0.35454 0.24117 9 74
215 295 21 0.5965 0.612 -144.533 -144.61 -0.33654 0.28317 9 74
215 343 22 0.6484 0.6369 -145.151 -144.791 -0.34854 0.29517 9 74
215 314 23 0.6435 0.6332 -142.564 -143.257 -0.36054 0.28917 9 74
215 235 24 0.5424 0.5528 -142.956 -143.539 -0.31254 0.25317 9 74
215 297 25 0.5454 0.5393 -138.01 -136.847 -0.35454 0.22917 9 74
215 318 26 0.6013 0.6114 -141.346 -142.522 -0.35454 0.27717 9 74
215 264 27 0.574 0.5734 -146.786 -147.068 -0.29454 0.27117 9 74
215 251 28 0.6332 0.6405 -139.076 -138.323 -0.40854 0.27717 9 74
215 264 29 0.5795 0.5843 -145.007 -144.935 -0.31854 0.27117 9 74
215 239 30 0.6344 0.6271 -139.973 -140.141 -0.38454 0.27717 9 74
215 262 31 0.5726 0.5788 -145.658 -145.991 -0.30654 0.27117 9 74
215 264 32 0.6333 0.6384 -147.881 -146.79 -0.33054 0.30117 9 74
215 320 33 0.6261 0.6341 -145.892 -145.272 -0.34254 0.29517 9 74
215 311 34 0.56 0.5455 -135.004 -134 -0.37854 0.22317 9 74
215 243 35 0.538 0.5334 -148.16 -147.501 -0.27054 0.25317 9 74
215 284 36 0.5752 0.5538 -136.084 -134.825 -0.37854 0.22917 9 74
215 268 37 0.6515 0.6631 -135.491 -137.237 -0.43254 0.28317 9 74
215 314 38 0.5591 0.5417 -136.176 -134.497 -0.37254 0.22317 9 74
215 282 39 0.5864 0.596 -139.522 -140.739 -0.36054 0.26517 9 74
215 245 40 0.536 0.5414 -144.912 -145.768 -0.28854 0.25317 9 74
215 288 41 0.586 0.6025 -143.712 -144.009 -0.33654 0.27717 9 74
215 244 42 0.5421 0.5433 -148.189 -148.116 -0.27054 0.25917 9 74
215 291 43 0.6349 0.6474 -136.622 -137.442 -0.42054 0.27717 9 74
215 322 44 0.6346 0.6332 -142.282 -143.257 -0.36054 0.28917 9 74
215 283 45 0.574 0.5866 -141.522 -142.238 -0.34254 0.26517 9 74
215 242 46 0.5403 0.5433 -148.347 -148.116 -0.27054 0.25917 9 74
215 258 47 0.6104 0.6116 -139.094 -140.433 -0.37254 0.27117 9 74
215 335 48 0.6081 0.6208 -142.259 -143.137 -0.35454 0.28317 9 74
215 266 49 0.5937 0.594 -145.932 -145.54 -0.31854 0.27717 9 74
258 306 0 0.5751 0.5788 -146.002 -145.991 -0.30654 0.27117 9 74
258 282 1 0.6121 0.6301 -134.952 -136.084 -0.42054 0.26517 9 74
258 277 2 0.6109 0.6032 -149.222 -148.751 -0.29454 0.28917 9 74
258 381 3 0.6157 0.6273 -143.966 -144.216 -0.34854 0.28917 8 74
258 306 4 0.5779 0.5734 -147.419 -147.068 -0.29454 0.27117 9 74
258 292 5 0.5467 0.5459 -147.852 -147.54 -0.27654 0.25917 9 74
258 337 6 0.5682 0.5538 -135.951 -134.825 -0.37854 0.22917 9 74
258 294 7 0.5841 0.5783 -149.117 -148.73 -0.28254 0.27717 9 74
258 293 8 0.5299 0.5411 -138.98 -138.682 -0.34254 0.23517 9 74
258 335 9 0.546 0.5393 -138.154 -136.847 -0.35454 0.22917 9 74
258 271 10 0.6062 0.6266 -135.1 -136.527 -0.41454 0.26517 9 74
258 292 11 0.5785 0.5758 -149.372 -149.279 -0.27654 0.27717 9 74
258 304 12 0.5823 0.5859 -147.185 -147.114 -0.30054 0.27717 9 74
258 323 13 0.5889 0.5996 -144.3 -144.514 -0.33054 0.27717 9 74
258 342 14 0.6411 0.641 -147.146 -146.305 -0.33654 0.30117 9 74
258 264 15 0.5931 0.5901 -135.493 -135.728 -0.39654 0.24717 9 74
258 263 16 0.6487 0.6395 -140.738 -140.317 -0.39054 0.28317 9 74
258 344 17 0.5662 0.5501 -136.223 -135.321 -0.37254 0.22917 9 74
258 347 18 0.5946 0.6114 -141.031 -142.522 -0.35454 0.27717 8 75
258 277 19 0.6333 0.6306 -148.744 -148.269 -0.31254 0.30117 9 74
258 279 20 0.5449 0.5509 -149.257 -149.281 -0.26454 0.26517 9 74
258 385 21 0.649 0.6397 -144.389 -144.313 -0.35454 0.29517 8 74
258 289 22 0.53 0.5236 -146.936 -146.863 -0.27054 0.24717 9 74
258 299 23 0.5507 0.5512 -146.234 -146.405 -0.28854 0.25917 9 74
258 365 24 0.6446 0.6437 -146.493 -145.825 -0.34254 0.30117 8 74
258 298 25 0.6486 0.6545 -135.092 -136.581 -0.43254 0.27717 9 74
258 347 26 0.6252 0.6313 -146.226 -145.758 -0.33654 0.29517 9 74
258 286 27 0.6307 0.6271 -139.918 -140.141 -0.38454 0.27717 9 74
258 285 28 0.5314 0.5378 -139.655 -139.214 -0.33654 0.23517 9 74
258 371 29 0.5452 0.538 -135.606 -135.002 -0.36654 0.22317 9 74
258 290 30 0.5322 0.5387 -145.869 -146.34 -0.28254 0.25317 9 74
258 303 31 0.5564 0.561 -146.979 -147.02 -0.28854 0.26517 9 74
258 340 32 0.6266 0.6268 -141.093 -142.179 -0.36654 0.28317 9 74
258 303 33 0.6252 0.6387 -135.249 -136.773 -0.42054 0.27117 9 74
258 278 34 0.649 0.6431 -149.236 -148.287 -0.31854 0.30717 9 74
258 298 35 0.5636 0.5747 -143.851 -144.31 -0.31854 0.26517 9 74
258 366 36 0.5501 0.538 -135.859 -135.002 -0.36654 0.22317 9 74
258 340 37 0.649 0.6562 -138.154 -138.094 -0.42054 0.28317 9 74
258 329 38 0.5798 0.5866 -141.883 -142.238 -0.34254 0.26517 9 74
258 310 39 0.6278 0.6259 -147.453 -146.742 -0.32454 0.29517 9 74
258 298 40 0.5556 0.5663 -145.319 -145.92 -0.30054 0.26517 9 74
258 321 41 0.6369 0.6299 -141.279 -141.706 -0.37254 0.28317 8 74
258 260 42 0.5314 0.5434 -142.269 -142.854 -0.31254 0.24717 9 74
258 303 43 0.5859 0.5859 -147.424 -147.114 -0.30054 0.27717 9 74
258 392 44 0.6289 0.6302 -143.581 -143.734 -0.35454 0.28917 8 74
258 287 45 0.6159 0.6317 -137.267 -137.658 -0.40854 0.27117 9 75
258 295 46 0.6485 0.6456 -148.665 -147.8 -0.32454 0.30717 9 74
258 280 47 0.6098 0.6352 -135.843 -137.213 -0.41454 0.27117 9 74
258 333 48 0.6402 0.6474 -137.607 -137.442 -0.42054 0.27717 9 74
258 356 49 0.6058 0.6149 -144.38 -144.115 -0.34254 0.28317 9 74
301 325 0 0.6121 0.6266 -135.506 -136.527 -0.41454 0.26517 8 74
301 355 1 0.6238 0.6207 -140.367 -141.079 -0.37254 0.27717 8 75
301 350 2 0.6352 0.6357 -147.803 -147.279 -0.32454 0.30117 9 74
301 324 3 0.5481 0.5558 -142.646 -142.997 -0.31854 0.25317 9 75
301 359 4 0.6454 0.6527 -138.901 -138.53 -0.41454 0.28317 8 74
301 347 5 0.5777 0.5843 -144.83 -144.935 -0.31854 0.27117 9 75
301 407 6 0.6076 0.6149 -143.903 -144.115 -0.34254 0.28317 8 74
301 383 7 0.5648 0.5501 -135.823 -135.321 -0.37254 0.22917 9 75
301 413 8 0.5465 0.5417 -135.138 -134.497 -0.37254 0.22317 9 74
301 331 9 0.6064 0.5958 -148.013 -147.681 -0.30054 0.28317 9 75
301 395 10 0.5954 0.6084 -142.012 -143.013 -0.34854 0.27717 8 75
301 325 11 0.6089 0.6057 -148.611 -148.229 -0.30054 0.28917 9 75
301 366 12 0.6276 0.6286 -146.973 -146.248 -0.33054 0.29517 9 74
301 344 13 0.577 0.5708 -148.011 -147.613 -0.28854 0.27117 9 75
301 340 14 0.5548 0.5539 -145.599 -145.846 -0.29454 0.25917 9 75
301 345 15 0.5712 0.5747 -144.247 -144.31 -0.31854 0.26517 9 75
301 340 16 0.5993 0.5983 -147.226 -147.158 -0.30654 0.28317 9 75
301 327 17 0.6261 0.6271 -139.678 -140.141 -0.38454 0.27717 9 75
301 328 18 0.5914 0.5829 -137.267 -136.675 -0.38454 0.24717 8 75
301 379 19 0.6392 0.6474 -137.007 -137.442 -0.42054 0.27717 9 74
301 347 20 0.5969 0.594 -146.107 -145.54 -0.31854 0.27717 9 75
301 356 21 0.5869 0.5872 -144.592 -144.415 -0.32454 0.27117 9 75
301 330 22 0.544 0.5526 -141.035 -141.228 -0.33054 0.24717 9 75
301 357 23 0.6438 0.6384 -147.879 -146.79 -0.33054 0.30117 9 74
301 317 24 0.6092 0.616 -137.497 -137.884 -0.39654 0.26517 9 75
301 342 25 0.5659 0.5719 -144.704 -144.842 -0.31254 0.26517 9 75
301 432 26 0.637 0.6397 -144.358 -144.313 -0.35454 0.29517 8 74
301 432 27 0.6267 0.6273 -143.984 -144.216 -0.34854 0.28917 8 74
301 362 28 0.6384 0.6509 -135.653 -137.009 -0.42654 0.27717 9 74
301 379 29 0.6466 0.6596 -136.957 -137.663 -0.42654 0.28317 8 74
301 326 30 0.6004 0.6003 -138.036 -138.123 -0.38454 0.25917 8 75
301 395 31 0.643 0.641 -146.813 -146.305 -0.33654 0.30117 8 74
301 321 32 0.6117 0.6057 -148.817 -148.229 -0.30054 0.28917 9 75
301 364 33 0.5491 0.5445 -139.041 -138.157 -0.34854 0.23517 9 75
301 431 34 0.6215 0.6302 -143.346 -143.734 -0.35454 0.28917 8 74
301 348 35 0.5638 0.5636 -146.402 -146.468 -0.29454 0.26517 9 75
301 352 36 0.6263 0.6387 -135.682 -136.773 -0.42054 0.27117 8 74
301 346 37 0.575 0.5815 -145.253 -145.461 -0.31254 0.27117 9 75
301 330 38 0.5461 0.5459 -148.042 -147.54 -0.27654 0.25917 9 75
301 420 39 0.6236 0.6244 -144.884 -144.702 -0.34254 0.28917 8 74
301 349 40 0.6082 0.6161 -146.492 -146.187 -0.32454 0.28917 9 74
301 404 41 0.6094 0.6149 -144.337 -144.115 -0.34254 0.28317 8 75
301 308 42 0.6507 0.6507 -149.776 -149.272 -0.31254 0.31317 9 74
301 404 43 0.6048 0.6178 -143.612 -143.624 -0.34854 0.28317 8 75
301 430 44 0.6352 0.6369 -145.044 -144.791 -0.34854 0.29517 8 74
301 384 45 0.593 0.6021 -140.851 -141.888 -0.35454 0.27117 8 75
301 331 46 0.5343 0.5334 -147.599 -147.501 -0.27054 0.25317 9 75
301 359 47 0.5765 0.5622 -136.418 -135.626 -0.37854 0.23517 8 75
301 329 48 0.6397 0.6371 -139.521 -138.77 -0.40254 0.27717 8 74
301 354 49 0.6301 0.6439 -137.769 -137.88 -0.41454 0.27717 9 74
344 404 0 0.5918 0.5993 -139.758 -140.25 -0.36654 0.26517 8 75
344 377 1 0.5384 0.5387 -146.427 -146.34 -0.28254 0.25317 9 75
344 383 2 0.5715 0.5683 -148.144 -148.164 -0.28254 0.27117 9 75
344 358 3 0.6414 0.6337 -139.928 -139.222 -0.39654 0.27717 8 75
344 404 4 0.5822 0.5869 -139.732 -140.061 -0.36054 0.25917 8 75
344 370 5 0.5594 0.5658 -148.805 -148.72 -0.27654 0.27117 9 75
344 467 6 0.6224 0.6208 -142.785 -143.137 -0.35454 0.28317 8 75
344 450 7 0.6271 0.6238 -142.094 -142.656 -0.36054 0.28317 8 75
344 377 8 0.5604 0.5623 -143.938 -144.202 -0.31254 0.25917 9 75
344 453 9 0.6116 0.6145 -141.745 -142.036 -0.36054 0.27717 8 75
344 407 10 0.5666 0.5602 -138.578 -137.894 -0.36054 0.24117 8 75
344 376 11 0.5346 0.5387 -145.962 -146.34 -0.28254 0.25317 9 75
344 378 12 0.5721 0.5683 -148.741 -148.164 -0.28254 0.27117 9 75
344 381 13 0.5508 0.5539 -145.414 -145.846 -0.29454 0.25917 9 75
344 387 14 0.5326 0.5411 -138.594 -138.682 -0.34254 0.23517 9 75
344 406 15 0.579 0.5805 -140.686 -141.063 -0.34854 0.25917 8 75
344 358 16 0.6204 0.6182 -148.72 -148.249 -0.30654 0.29517 9 75
344 429 17 0.646 0.6362 -142.671 -142.784 -0.36654 0.28917 8 74
344 465 18 0.6301 0.6369 -145.015 -144.791 -0.34854 0.29517 8 75
344 380 19 0.5524 0.5566 -145.142 -145.292 -0.30054 0.25917 9 75
344 428 20 0.62 0.6176 -141.049 -141.555 -0.36654 0.27717 8 75
344 417 21 0.5434 0.5393 -137.968 -136.847 -0.35454 0.22917 9 75
344 391 22 0.579 0.5622 -136.528 -135.626 -0.37854 0.23517 8 75
344 387 23 0.5326 0.5411 -138.619 -138.682 -0.34254 0.23517 9 75
344 385 24 0.5648 0.5691 -144.97 -145.378 -0.30654 0.26517 9 75
344 352 25 0.6358 0.6306 -149.114 -148.269 -0.31254 0.30117 9 75
344 384 26 0.5589 0.5619 -141.749 -141.929 -0.33054 0.25317 9 75
344 467 27 0.6163 0.6178 -143.4 -143.624 -0.34854 0.28317 8 75
344 369 28 0.551 0.5588 -142.454 -142.46 -0.32454 0.25317 9 75
344 410 29 0.5782 0.5866 -141.979 -142.238 -0.34254 0.26517 8 75
344 366 30 0.6075 0.6057 -148.609 -148.229 -0.30054 0.28917 9 75
344 470 31 0.6385 0.6302 -143.803 -143.734 -0.35454 0.28917 8 74
344 369 32 0.6099 0.6082 -148.154 -147.712 -0.30654 0.28917 9 75
344 420 33 0.5902 0.6021 -140.702 -141.888 -0.35454 0.27117 8 75
344 385 34 0.6019 0.601 -146.673 -146.639 -0.31254 0.28317 9 75
344 401 35 0.635 0.6439 -138.029 -137.88 -0.41454 0.27717 8 75
344 400 36 0.5644 0.5623 -139.685 -139.656 -0.34854 0.24717 9 75
344 449 37 0.5497 0.5417 -135.488 -134.497 -0.37254 0.22317 8 75
344 397 38 0.5923 0.5967 -145.222 -145.025 -0.32454 0.27717 9 75
344 470 39 0.6443 0.6369 -144.904 -144.791 -0.34854 0.29517 8 74
344 378 40 0.5607 0.5682 -143.166 -143.133 -0.32454 0.25917 9 75
344 350 41 0.6471 0.6395 -140.591 -140.317 -0.39054 0.28317 8 75
344 395 42 0.575 0.5659 -135.543 -135.139 -0.38454 0.23517 8 75
344 429 43 0.538 0.5393 -137.136 -136.847 -0.35454 0.22917 9 75
344 417 44 0.5862 0.5929 -140.826 -141.234 -0.35454 0.26517 8 75
344 451 45 0.6125 0.6149 -144.302 -144.115 -0.34254 0.28317 8 75
344 467 46 0.6442 0.6397 -144.015 -144.313 -0.35454 0.29517 8 74
344 409 47 0.6307 0.6299 -141.123 -141.706 -0.37254 0.28317 8 75
344 437 48 0.6101 0.6145 -141.059 -142.036 -0.36054 0.27717 8 75
344 476 49 0.6383 0.6369 -144.929 -144.791 -0.34854 0.29517 8 74
387 435 0 0.6316 0.6405 -137.912 -138.323 -0.40854 0.27717 8 75
387 380 1 0.6535 0.6362 -141.315 -140.776 -0.38454 0.28317 8 75
387 461 2 0.5962 0.6025 -144.191 -144.009 -0.33654 0.27717 8 75
387 412 3 0.6069 0.5958 -148.029 -147.681 -0.30054 0.28317 9 75
387 432 4 0.5695 0.5761 -146.321 -146.527 -0.30054 0.27117 9 75
387 459 5 0.589 0.593 -143.181 -143.389 -0.33654 0.27117 8 75
387 425 6 0.5617 0.5712 -142.485 -142.607 -0.33054 0.25917 9 75
387 457 7 0.5856 0.5929 -140.61 -141.234 -0.35454 0.26517 8 75
387 495 8 0.6108 0.6178 -143.848 -143.624 -0.34854 0.28317 8 75
387 493 9 0.6352 0.6341 -145.971 -145.272 -0.34254 0.29517 8 75
387 441 10 0.5668 0.5682 -140.904 -140.884 -0.34254 0.25317 9 75
387 395 11 0.6249 0.6182 -148.919 -148.249 -0.30654 0.29517 9 75
387 400 12 0.5393 0.5499 -143.664 -144.088 -0.30654 0.25317 9 75
387 428 13 0.5753 0.5708 -148.016 -147.613 -0.28854 0.27117 9 75
387 455 14 0.5812 0.5897 -141.12 -141.733 -0.34854 0.26517 8 75
387 416 15 0.5794 0.5758 -149.483 -149.279 -0.27654 0.27717 9 75
387 487 16 0.613 0.6244 -144.646 -144.702 -0.34254 0.28917 8 75
387 418 17 0.6178 0.6266 -135.871 -136.527 -0.41454 0.26517 8 75
387 475 18 0.6055 0.6149 -144.356 -144.115 -0.34254 0.28317 8 75
387 404 19 0.61 0.6057 -148.76 -148.229 -0.30054 0.28917 9 75
387 501 20 0.6432 0.6437 -146.009 -145.825 -0.34254 0.30117 8 75
387 447 21 0.6327 0.6439 -137.281 -137.88 -0.41454 0.27717 8 75
387 420 22 0.5989 0.5958 -147.998 -147.681 -0.30054 0.28317 9 75
387 462 23 0.5868 0.599 -142.033 -142.383 -0.34854 0.27117 8 75
387 478 24 0.557 0.5455 -134.936 -134 -0.37854 0.22317 8 75
387 504 25 0.6185 0.6238 -142.289 -142.656 -0.36054 0.28317 8 75
387 482 26 0.5458 0.5429 -136.412 -136.332 -0.36054 0.22917 8 75
387 463 27 0.5635 0.5586 -136.595 -136.119 -0.37254 0.23517 8 75
387 471 28 0.6471 0.6362 -142.815 -142.784 -0.36654 0.28917 8 75
387 436 29 0.6331 0.6423 -135.452 -136.337 -0.42654 0.27117 8 74
387 514 30 0.6312 0.6302 -143.337 -143.734 -0.35454 0.28917 8 75
387 386 31 0.5339 0.5434 -142.101 -142.854 -0.31254 0.24717 9 75
387 439 32 0.6395 0.6405 -138.607 -138.323 -0.40854 0.27717 8 75
387 470 33 0.562 0.5501 -136.378 -135.321 -0.37254 0.22917 8 75
387 399 34 0.6513 0.6531 -149.302 -148.786 -0.31854 0.31317 8 75
387 377 35 0.5939 0.5938 -134.967 -135.264 -0.40254 0.24717 8 75
387 416 36 0.5793 0.5696 -135.202 -134.659 -0.39054 0.23517 8 75
387 390 37 0.5353 0.5464 -141.651 -142.306 -0.31854 0.24717 9 75
387 416 38 0.5346 0.5378 -139.586 -139.214 -0.33654 0.23517 9 75
387 435 39 0.5997 0.6025 -139.229 -139.767 -0.37254 0.26517 8 75
387 412 40 0.5444 0.547 -144.446 -144.642 -0.30054 0.25317 9 75
387 428 41 0.5642 0.5691 -145.092 -145.378 -0.30654 0.26517 9 75
387 402 42 0.6063 0.6038 -137.698 -137.652 -0.39054 0.25917 8 75
387 418 43 0.5847 0.5744 -136.409 -135.919 -0.38454 0.24117 8 75
387 400 44 0.6095 0.616 -137.38 -137.884 -0.39654 0.26517 8 75
387 394 45 0.5364 0.5495 -141.114 -141.764 -0.32454 0.24717 9 75
387 473 46 0.6349 0.6268 -141.984 -142.179 -0.36654 0.28317 8 75
387 413 47 0.6001 0.5969 -138.221 -138.599 -0.37854 0.25917 8 75
387 411 48 0.6069 0.5958 -148.26 -147.681 -0.30054 0.28317 9 75
387 491 49 0.5416 0.538 -135.887 -135.002 -0.36654 0.22317 9 75
429 433 0 0.5882 0.5817 -135.375 -134.968 -0.39654 0.24117 8 76
429 482 1 0.5646 0.5714 -140.283 -140.37 -0.34854 0.25317 8 76
429 533 2 0.6422 0.6437 -146.308 -145.825 -0.34254 0.30117 8 75
429 499 3 0.6293 0.6286 -146.735 -146.248 -0.33054 0.29517 8 75
429 507 4 0.6457 0.6474 -137.13 -137.442 -0.42054 0.27717 8 74
429 544 5 0.6411 0.6341 -145.722 -145.272 -0.34254 0.29517 8 75
429 498 6 0.5328 0.5358 -137.295 -137.37 -0.34854 0.22917 9 75
429 455 7 0.5527 0.5588 -142.53 -142.46 -0.32454 0.25317 9 76
429 459 8 0.6172 0.6266 -135.968 -136.527 -0.41454 0.26517 8 75
429 460 9 0.6011 0.5958 -147.786 -147.681 -0.30054 0.28317 9 75
429 530 10 0.5486 0.5465 -136.118 -135.823 -0.36654 0.22917 8 75
429 466 11 0.6219 0.6317 -137.052 -137.658 -0.40854 0.27117 8 75
429 464 12 0.6195 0.6148 -139.75 -139.958 -0.37854 0.27117 8 76
429 494 13 0.6049 0.6084 -140.072 -140.913 -0.36654 0.27117 8 76
429 468 14 0.5794 0.5808 -147.858 -148.187 -0.28854 0.27717 9 76
429 447 15 0.5329 0.5284 -148.9 -148.684 -0.25854 0.25317 9 75
429 475 16 0.5847 0.5843 -145.239 -144.935 -0.31854 0.27117 9 76
429 445 17 0.6408 0.6406 -148.869 -148.778 -0.31254 0.30717 9 75
429 465 18 0.5524 0.5584 -147.546 -147.578 -0.28254 0.26517 9 76
429 430 19 0.5332 0.5404 -143.046 -143.409 -0.30654 0.24717 9 75
429 477 20 0.6455 0.6545 -135.621 -136.581 -0.43254 0.27717 8 74
429 495 21 0.6163 0.6188 -146.177 -145.688 -0.33054 0.28917 8 75
429 478 22 0.5919 0.594 -145.508 -145.54 -0.31854 0.27717 8 76
429 457 23 0.5502 0.5594 -144.217 -144.744 -0.30654 0.25917 9 76
429 514 24 0.5991 0.6052 -141.111 -141.398 -0.36054 0.27117 8 76
429 496 25 0.61 0.6084 -140.34 -140.913 -0.36654 0.27117 8 76
429 506 26 0.5323 0.5307 -136.913 -136.031 -0.35454 0.22317 9 75
429 485 27 0.595 0.5967 -145.168 -145.025 -0.32454 0.27717 8 76
429 477 28 0.5735 0.5659 -135.303 -135.139 -0.38454 0.23517 8 75
429 483 29 0.5748 0.5672 -137.206 -136.894 -0.37254 0.24117 8 76
429 466 30 0.5584 0.5663 -145.233 -145.92 -0.30054 0.26517 9 76
429 448 31 0.6152 0.6126 -138.492 -138.347 -0.39054 0.26517 8 76
429 476 32 0.6244 0.6352 -136.572 -137.213 -0.41454 0.27117 8 75
429 499 33 0.5918 0.596 -140.493 -140.739 -0.36054 0.26517 8 76
429 519 34 0.6397 0.6362 -142.381 -142.784 -0.36654 0.28917 8 75
429 504 35 0.6495 0.6508 -147.341 -146.837 -0.33654 0.30717 8 75
429 539 36 0.6556 0.6465 -146.069 -145.348 -0.34854 0.30117 8 75
429 486 37 0.5708 0.5637 -138.091 -137.391 -0.36654 0.24117 8 76
429 428 38 0.5339 0.5464 -141.616 -142.306 -0.31854 0.24717 9 75
429 458 39 0.6205 0.6283 -137.675 -138.108 -0.40254 0.27117 8 75
429 525 40 0.5458 0.5429 -136.528 -136.332 -0.36054 0.22917 8 75
429 495 41 0.637 0.6299 -141.679 -141.706 -0.37254 0.28317 8 75
429 501 42 0.6078 0.6084 -140.372 -140.913 -0.36654 0.27117 8 76
429 483 43 0.5754 0.569 -138.966 -138.638 -0.36054 0.24717 8 76
429 514 44 0.5971 0.6021 -141.226 -141.888 -0.35454 0.27117 8 76
429 470 45 0.5439 0.5467 -139.956 -139.968 -0.33654 0.24117 9 76
429 509 46 0.6482 0.6562 -137.84 -138.094 -0.42054 0.28317 8 75
429 456 47 0.5519 0.5588 -142.341 -142.46 -0.32454 0.25317 9 76
429 486 48 0.6397 0.6509 -135.8 -137.009 -0.42654 0.27717 8 75
429 472 49 0.5499 0.5558 -140.643 -140.698 -0.33654 0.24717 9 76
472 502 0 0.5703 0.5658 -148.873 -148.72 -0.27654 0.27117 9 76
472 514 1 0.6495 0.6392 -142.136 -142.316 -0.37254 0.28917 8 75
472 563 2 0.612 0.612 -144.704 -144.61 -0.33654 0.28317 8 76
472 490 3 0.5456 0.5485 -149.452 -149.859 -0.25854 0.26517 9 76
472 497 4 0.5499 0.5526 -141.624 -141.228 -0.33054 0.24717 9 76
472 590 5 0.6383 0.6302 -143.7 -143.734 -0.35454 0.28917 8 75
472 510 6 0.5542 0.5539 -146.068 -145.846 -0.29454 0.25917 9 76
472 521 7 0.6473 0.6494 -139.11 -138.97 -0.40854 0.28317 8 75
472 528 8 0.57 0.5714 -140.329 -140.37 -0.34854 0.25317 8 76
472 493 9 0.6152 0.6266 -136.141 -136.527 -0.41454 0.26517 8 76
472 540 10 0.5441 0.5445 -138.195 -138.157 -0.34854 0.23517 9 76
472 561 11 0.6186 0.6176 -141.221 -141.555 -0.36654 0.27717 8 76
472 605 12 0.6302 0.6302 -143.733 -143.734 -0.35454 0.28917 8 75
472 515 13 0.5313 0.5323 -138.265 -137.899 -0.34254 0.22917 9 76
472 557 14 0.596 0.6021 -141.379 -141.888 -0.35454 0.27117 8 76
472 511 15 0.6521 0.6392 -142.3 -142.316 -0.37254 0.28917 8 75
472 517 16 0.5629 0.5636 -146.244 -146.468 -0.29454 0.26517 9 76
472 516 17 0.6136 0.6116 -139.846 -140.433 -0.37254 0.27117 8 76
472 504 18 0.6057 0.601 -147.183 -146.639 -0.31254 0.28317 8 76
472 506 19 0.5759 0.5808 -148.323 -148.187 -0.28854 0.27717 9 76
472 500 20 0.5583 0.5623 -143.753 -144.202 -0.31254 0.25917 9 76
472 517 21 0.5705 0.5734 -147.191 -147.068 -0.29454 0.27117 9 76
472 500 22 0.5881 0.5859 -149.645 -149.818 -0.27654 0.28317 9 76
472 532 23 0.5859 0.59 -143.667 -143.899 -0.33054 0.27117 8 76
472 529 24 0.5709 0.5622 -136.268 -135.626 -0.37854 0.23517 8 76
472 573 25 0.6353 0.6332 -142.608 -143.257 -0.36054 0.28917 8 75
472 580 26 0.6061 0.6114 -142.32 -142.522 -0.35454 0.27717 8 76
472 504 27 0.5614 0.5623 -144.248 -144.202 -0.31254 0.25917 9 76
472 492 28 0.5321 0.5414 -145.304 -145.768 -0.28854 0.25317 9 76
472 510 29 0.5495 0.5539 -145.551 -145.846 -0.29454 0.25917 9 76
472 507 30 0.5468 0.5558 -140.455 -140.698 -0.33654 0.24717 9 76
472 537 31 0.6361 0.6439 -137.489 -137.88 -0.41454 0.27717 8 75
472 497 32 0.5582 0.561 -149.712 -149.845 -0.26454 0.27117 9 76
472 546 33 0.6393 0.6474 -137.176 -137.442 -0.42054 0.27717 8 75
472 510 34 0.5544 0.5539 -146.068 -145.846 -0.29454 0.25917 9 76
472 518 35 0.577 0.5788 -146.055 -145.991 -0.30654 0.27117 9 76
472 499 36 0.5526 0.5533 -148.635 -148.708 -0.27054 0.26517 9 76
472 504 37 0.6492 0.6494 -139.669 -138.97 -0.40854 0.28317 8 75
472 516 38 0.5861 0.5833 -147.749 -147.648 -0.29454 0.27717 9 76
472 579 39 0.5376 0.538 -135.489 -135.002 -0.36654 0.22317 8 75
472 506 40 0.5837 0.5783 -148.916 -148.73 -0.28254 0.27717 9 76
472 510 41 0.6306 0.6405 -138.235 -138.323 -0.40854 0.27717 8 76
472 578 42 0.6151 0.6244 -144.487 -144.702 -0.34254 0.28917 8 76
472 515 43 0.5758 0.5776 -144.052 -143.784 -0.32454 0.26517 9 76
472 496 44 0.6163 0.6266 -136.156 -136.527 -0.41454 0.26517 8 76
472 500 45 0.5572 0.5623 -143.756 -144.202 -0.31254 0.25917 9 76
472 528 46 0.568 0.5657 -139.306 -139.144 -0.35454 0.24717 8 76
472 590 47 0.6527 0.6465 -145.77 -145.348 -0.34854 0.30117 8 75
472 495 48 0.6061 0.6092 -138.35 -138.815 -0.38454 0.26517 8 76
472 492 49 0.607 0.6057 -148.544 -148.229 -0.30054 0.28917 9 76
515 591 0 0.5578 0.5515 -137.709 -137.125 -0.36054 0.23517 8 77
515 531 1 0.5458 0.5528 -143.135 -143.539 -0.31254 0.25317 9 76
515 545 2 0.6536 0.6556 -148.612 -148.305 -0.32454 0.31317 8 76
515 595 3 0.6516 0.6596 -137.387 -137.663 -0.42654 0.28317 8 75
515 557 4 0.5569 0.561 -146.74 -147.02 -0.28854 0.26517 9 76
515 545 5 0.5628 0.5623 -144.281 -144.202 -0.31254 0.25917 9 76
515 587 6 0.5891 0.5929 -140.901 -141.234 -0.35454 0.26517 8 77
515 537 7 0.5481 0.5533 -148.639 -148.708 -0.27054 0.26517 9 76
515 593 8 0.6115 0.6176 -140.755 -141.555 -0.36654 0.27717 8 76
515 514 9 0.6509 0.6427 -140.585 -139.864 -0.39654 0.28317 8 76
515 533 10 0.5445 0.5485 -149.825 -149.859 -0.25854 0.26517 9 76
515 542 11 0.637 0.6459 -135.016 -135.907 -0.43254 0.27117 8 75
515 520 12 0.6281 0.6281 -148.766 -148.769 -0.30654 0.30117 8 76
515 534 13 0.6225 0.6181 -139.358 -139.488 -0.38454 0.27117 8 76
515 568 14 0.5757 0.5837 -140.338 -140.559 -0.35454 0.25917 8 77
515 553 15 0.5885 0.5847 -138.487 -138.374 -0.37254 0.25317 8 77
515 603 16 0.6056 0.6149 -144.168 -144.115 -0.34254 0.28317 8 76
515 547 17 0.5479 0.5485 -147.33 -146.97 -0.28254 0.25917 9 76
515 548 18 0.6283 0.6423 -135.462 -136.337 -0.42654 0.27117 8 75
515 542 19 0.5784 0.5696 -135.301 -134.659 -0.39054 0.23517 8 76
515 530 20 0.5918 0.5829 -136.882 -136.675 -0.38454 0.24717 8 77
515 642 21 0.6249 0.6302 -143.485 -143.734 -0.35454 0.28917 8 76
515 621 22 0.627 0.6341 -145.364 -145.272 -0.34254 0.29517 8 76
515 559 23 0.5716 0.5761 -146.158 -146.527 -0.30054 0.27117 9 76
515 542 24 0.584 0.5829 -136.548 -136.675 -0.38454 0.24717 8 77
515 544 25 0.5626 0.5658 -148.564 -148.72 -0.27654 0.27117 9 76
515 570 26 0.6071 0.6064 -145.872 -145.615 -0.32454 0.28317 8 76
515 539 27 0.6197 0.6207 -147.719 -147.743 -0.31254 0.29517 8 76
515 576 28 0.5613 0.5568 -138.457 -138.403 -0.35454 0.24117 8 77
515 517 29 0.6552 0.646 -140.47 -139.414 -0.40254 0.28317 8 75
515 530 30 0.5347 0.5346 -144.376 -144.536 -0.29454 0.24717 9 76
515 619 31 0.5456 0.5417 -135.18 -134.497 -0.37254 0.22317 8 76
515 557 32 0.5691 0.5663 -145.884 -145.92 -0.30054 0.26517 9 76
515 567 33 0.6529 0.6545 -136.03 -136.581 -0.43254 0.27717 8 75
515 623 34 0.544 0.5417 -134.991 -134.497 -0.37254 0.22317 8 76
515 546 35 0.5435 0.5512 -145.922 -146.405 -0.28854 0.25917 9 76
515 527 36 0.5958 0.5951 -136.852 -136.936 -0.39054 0.25317 8 77
515 573 37 0.6396 0.6509 -136.107 -137.009 -0.42654 0.27717 8 75
515 617 38 0.6056 0.6114 -141.846 -142.522 -0.35454 0.27717 8 76
515 571 39 0.5664 0.5637 -137.964 -137.391 -0.36654 0.24117 8 77
515 543 40 0.5367 0.536 -146.704 -146.918 -0.27654 0.25317 9 76
515 546 41 0.5817 0.5744 -136.542 -135.919 -0.38454 0.24117 8 77
515 593 42 0.6036 0.612 -144.546 -144.61 -0.33654 0.28317 8 76
515 567 43 0.5805 0.5806 -143.496 -143.264 -0.33054 0.26517 8 76
515 566 44 0.5796 0.5869 -139.774 -140.061 -0.36054 0.25917 8 77
515 557 45 0.5817 0.5815 -145.237 -145.461 -0.31254 0.27117 8 76
515 519 46 0.6454 0.6507 -149.473 -149.272 -0.31254 0.31317 8 76
515 503 47 0.5957 0.5938 -135.304 -135.264 -0.40254 0.24717 8 76
515 514 48 0.6203 0.6157 -149.345 -148.76 -0.30054 0.29517 9 76
515 535 49 0.5458 0.5499 -143.809 -144.088 -0.30654 0.25317 9 76
558 626 0 0.5303 0.5307 -136.828 -136.031 -0.35454 0.22317 8 76
558 638 1 0.6523 0.6562 -138.132 -138.094 -0.42054 0.28317 8 75
558 623 2 0.551 0.548 -138.412 -137.637 -0.35454 0.23517 8 77
558 548 3 0.5312 0.534 -142.15 -142.145 -0.31254 0.24117 9 76
558 635 4 0.6498 0.6562 -137.995 -138.094 -0.42054 0.28317 8 75
558 618 5 0.5504 0.5534 -139.026 -138.918 -0.34854 0.24117 8 77
558 624 6 0.6376 0.6384 -147.183 -146.79 -0.33054 0.30117 8 76
558 620 7 0.5915 0.6025 -143.809 -144.009 -0.33654 0.27717 8 77
558 563 8 0.6004 0.5951 -136.962 -136.936 -0.39054 0.25317 8 77
558 588 9 0.6059 0.601 -147.155 -146.639 -0.31254 0.28317 8 77
558 573 10 0.5398 0.536 -149.69 -149.874 -0.25254 0.25917 9 77
558 576 11 0.5804 0.5696 -135.177 -134.659 -0.39054 0.23517 8 77
558 584 12 0.5849 0.5829 -136.694 -136.675 -0.38454 0.24717 8 77
558 617 13 0.553 0.5534 -138.715 -138.918 -0.34854 0.24117 8 77
558 663 14 0.617 0.6244 -144.662 -144.702 -0.34254 0.28917 8 77
558 686 15 0.6291 0.6273 -144.445 -144.216 -0.34854 0.28917 8 76
558 591 16 0.6267 0.6233 -147.61 -147.24 -0.31854 0.29517 8 77
558 642 17 0.6437 0.6362 -142.675 -142.784 -0.36654 0.28917 8 76
558 629 18 0.5983 0.6025 -144.233 -144.009 -0.33654 0.27717 8 77
558 603 19 0.5646 0.5636 -146.479 -146.468 -0.29454 0.26517 9 77
558 602 20 0.5637 0.5663 -145.785 -145.92 -0.30054 0.26517 9 77
558 655 21 0.6192 0.6244 -145.029 -144.702 -0.34254 0.28917 8 77
558 602 22 0.5689 0.5712 -142.445 -142.607 -0.33054 0.25917 8 77
558 628 23 0.533 0.5393 -137.061 -136.847 -0.35454 0.22917 9 76
558 556 24 0.6031 0.6073 -136.496 -137.186 -0.39654 0.25917 8 77
558 578 25 0.6131 0.6082 -147.854 -147.712 -0.30654 0.28917 8 77
558 611 26 0.5601 0.5623 -139.283 -139.656 -0.34854 0.24717 8 77
558 635 27 0.6379 0.6362 -142.167 -142.784 -0.36654 0.28917 8 76
558 580 28 0.5478 0.5433 -148.42 -148.116 -0.27054 0.25917 9 77
558 589 29 0.5779 0.5659 -135.636 -135.139 -0.38454 0.23517 8 77
558 565 30 0.6487 0.6423 -141.49 -141.852 -0.37854 0.28917 8 76
558 621 31 0.5664 0.5622 -136.01 -135.626 -0.37854 0.23517 8 77
558 675 32 0.6432 0.6465 -145.494 -145.348 -0.34854 0.30117 8 76
558 622 33 0.6469 0.6482 -147.483 -147.316 -0.33054 0.30717 8 76
558 579 34 0.5549 0.561 -149.57 -149.845 -0.26454 0.27117 9 77
558 589 35 0.5526 0.5558 -147.875 -148.14 -0.27654 0.26517 9 77
558 659 36 0.6032 0.6084 -142.655 -143.013 -0.34854 0.27717 8 77
558 613 37 0.5705 0.5637 -137.744 -137.391 -0.36654 0.24117 8 77
558 577 38 0.5398 0.5442 -144.543 -145.203 -0.29454 0.25317 9 76
558 572 39 0.6388 0.6406 -148.795 -148.778 -0.31254 0.30717 8 77
558 615 40 0.6146 0.6116 -140.355 -140.433 -0.37254 0.27117 8 77
558 602 41 0.5658 0.5663 -145.831 -145.92 -0.30054 0.26517 9 77
558 603 42 0.5656 0.565 -141.561 -141.404 -0.33654 0.25317 8 77
558 634 43 0.5971 0.6052 -140.853 -141.398 -0.36054 0.27117 8 77
558 684 44 0.6341 0.6369 -144.93 -144.791 -0.34854 0.29517 8 76
558 614 45 0.5613 0.5623 -139.902 -139.656 -0.34854 0.24717 8 77
558 659 46 0.6054 0.6114 -141.88 -142.522 -0.35454 0.27717 8 77
558 580 47 0.5791 0.5696 -135.278 -134.659 -0.39054 0.23517 8 77
558 590 48 0.622 0.6317 -136.975 -137.658 -0.40854 0.27117 8 76
558 599 49 0.5655 0.5708 -147.319 -147.613 -0.28854 0.27117 9 77
601 639 0 0.6536 0.6456 -148.253 -147.8 -0.32454 0.30717 8 76
601 672 1 0.6297 0.6286 -146.574 -146.248 -0.33054 0.29517 8 77
601 593 2 0.6261 0.6257 -149.472 -149.274 -0.30054 0.30117 8 77
601 633 3 0.5954 0.5912 -146.646 -146.06 -0.31254 0.27717 8 77
601 641 4 0.5593 0.561 -146.728 -147.02 -0.28854 0.26517 9 77
601 637 5 0.5924 0.5859 -147.319 -147.114 -0.30054 0.27717 8 77
601 671 6 0.65 0.6562 -138.221 -138.094 -0.42054 0.28317 8 76
601 682 7 0.6499 0.6508 -147.065 -146.837 -0.33654 0.30717 8 76
601 634 8 0.5835 0.5794 -137.361 -137.157 -0.37854 0.24717 8 78
601 626 9 0.5445 0.5539 -145.429 -145.846 -0.29454 0.25917 9 77
601 652 10 0.5501 0.5534 -139.248 -138.918 -0.34854 0.24117 8 77
601 619 11 0.5936 0.5881 -137.763 -137.889 -0.37854 0.25317 8 78
601 668 12 0.5864 0.5897 -141.318 -141.733 -0.34854 0.26517 8 78
601 624 13 0.5995 0.5958 -148.218 -147.681 -0.30054 0.28317 8 77
601 690 14 0.5566 0.5501 -135.843 -135.321 -0.37254 0.22917 8 77
601 667 15 0.5647 0.5586 -136.788 -136.119 -0.37254 0.23517 8 77
601 623 16 0.5359 0.5414 -145.268 -145.768 -0.28854 0.25317 9 77
601 635 17 0.5799 0.5783 -148.905 -148.73 -0.28254 0.27717 8 77
601 725 18 0.6453 0.6397 -144.399 -144.313 -0.35454 0.29517 8 76
601 642 19 0.5815 0.5788 -145.997 -145.991 -0.30654 0.27117 8 77
601 653 20 0.5715 0.5746 -139.569 -139.863 -0.35454 0.25317 8 78
601 613 21 0.5312 0.5284 -149.059 -148.684 -0.25854 0.25317 9 77
601 630 22 0.5981 0.601 -146.891 -146.639 -0.31254 0.28317 8 77
601 647 23 0.6283 0.6352 -137.098 -137.213 -0.41454 0.27117 8 76
601 723 24 0.6467 0.6397 -144.492 -144.313 -0.35454 0.29517 8 76
601 633 25 0.624 0.6301 -135.573 -136.084 -0.42054 0.26517 8 76
601 633 26 0.6296 0.6283 -138.093 -138.108 -0.40254 0.27117 8 77
601 643 27 0.627 0.6387 -136.087 -136.773 -0.42054 0.27117 8 76
601 717 28 0.6312 0.6341 -145.224 -145.272 -0.34254 0.29517 8 77
601 649 29 0.5699 0.5714 -139.941 -140.37 -0.34854 0.25317 8 78
601 655 30 0.6064 0.6116 -140.111 -140.433 -0.37254 0.27117 8 77
601 619 31 0.6313 0.6271 -140.094 -140.141 -0.38454 0.27717 8 77
601 718 32 0.6351 0.6341 -145.255 -145.272 -0.34254 0.29517 8 76
601 599 33 0.6343 0.6281 -149.22 -148.769 -0.30654 0.30117 8 77
601 614 34 0.5897 0.5865 -136.368 -136.199 -0.39054 0.24717 8 77
601 620 35 0.531 0.5334 -147.774 -147.501 -0.27054 0.25317 9 77
601 625 36 0.6545 0.6494 -139.904 -138.97 -0.40854 0.28317 8 76
601 656 37 0.607 0.6116 -140.157 -140.433 -0.37254 0.27117 8 77
601 627 38 0.6186 0.623 -136.577 -136.974 -0.40854 0.26517 8 76
601 626 39 0.648 0.6494 -139.592 -138.97 -0.40854 0.28317 8 76
601 671 40 0.5933 0.6021 -140.995 -141.888 -0.35454 0.27117 8 78
601 643 41 0.5698 0.5712 -142.78 -142.607 -0.33054 0.25917 8 77
601 664 42 0.5666 0.5622 -135.745 -135.626 -0.37854 0.23517 8 77
601 587 43 0.5958 0.6023 -135.478 -136.005 -0.40254 0.25317 8 77
601 623 44 0.6259 0.6248 -138.472 -138.563 -0.39654 0.27117 8 77
601 657 45 0.6209 0.6286 -146.405 -146.248 -0.33054 0.29517 8 77
601 640 46 0.5791 0.5788 -145.697 -145.991 -0.30654 0.27117 9 77
601 597 47 0.5916 0.5901 -135.525 -135.728 -0.39654 0.24717 8 77
601 720 48 0.648 0.6397 -144.734 -144.313 -0.35454 0.29517 8 76
601 674 49 0.64 0.6384 -146.972 -146.79 -0.33054 0.30117 8 76
43 156 0 0.5748 0.5335 -135.427 -133.648 -0.37254 0.21717 9 73
43 152 1 0.6451 0.6302 -140.801 -143.734 -0.35454 0.28917 9 73
43 141 2 0.5328 0.6302 -139.85 -143.734 -0.35454 0.28917 9 73
43 147 3 0.5538 0.6273 -140.976 -144.216 -0.34854 0.28917 9 73
43 145 4 0.6271 0.6369 -148.624 -144.791 -0.34854 0.29517 9 73
43 152 5 0.5813 0.5335 -137.18 -133.648 -0.37254 0.21717 9 74
43 140 6 0.5368 0.6302 -141.988 -143.734 -0.35454 0.28917 9 73
43 161 7 0.5492 0.5297 -137.425 -134.155 -0.36654 0.21717 9 73
43 140 8 0.5367 0.6302 -142.05 -143.734 -0.35454 0.28917 9 73
43 139 9 0.5378 0.6302 -146.781 -143.734 -0.35454 0.28917 9 73
43 140 10 0.5358 0.6302 -141.038 -143.734 -0.35454 0.28917 9 73
43 139 11 0.559 0.6302 -147.433 -143.734 -0.35454 0.28917 9 73
43 159 12 0.5746 0.6273 -141.735 -144.216 -0.34854 0.28917 9 73
43 162 13 0.5866 0.6273 -143.977 -144.216 -0.34854 0.28917 9 73
43 159 14 0.6462 0.6302 -141.701 -143.734 -0.35454 0.28917 9 73
43 167 15 0.5881 0.6302 -141.688 -143.734 -0.35454 0.28917 9 73
43 145 16 0.628 0.6302 -138.831 -143.734 -0.35454 0.28917 9 73
43 138 17 0.5596 0.6302 -147.831 -143.734 -0.35454 0.28917 9 73
43 175 18 0.6072 0.6302 -141.745 -143.734 -0.35454 0.28917 9 74
43 138 19 0.545 0.6302 -144.069 -143.734 -0.35454 0.28917 9 73
43 155 20 0.6324 0.6302 -140.33 -143.734 -0.35454 0.28917 9 73
43 139 21 0.5455 0.6302 -145.227 -143.734 -0.35454 0.28917 9 73
43 176 22 0.646 0.6369 -146.171 -144.791 -0.34854 0.29517 9 73
43 155 23 0.6315 0.6369 -147.748 -144.791 -0.34854 0.29517 9 73
43 174 24 0.6464 0.6302 -143.166 -143.734 -0.35454 0.28917 9 73
43 172 25 0.6378 0.6302 -142.434 -143.734 -0.35454 0.28917 9 73
43 179 26 0.634 0.6369 -145.215 -144.791 -0.34854 0.29517 9 73
43 140 27 0.6341 0.6302 -137.424 -143.734 -0.35454 0.28917 9 74
43 151 28 0.6067 0.6302 -138.731 -143.734 -0.35454 0.28917 9 74
43 161 29 0.6262 0.6369 -147.042 -144.791 -0.34854 0.29517 9 73
43 153 30 0.5685 0.6302 -139.215 -143.734 -0.35454 0.28917 9 74
43 176 31 0.6378 0.6369 -146.001 -144.791 -0.34854 0.29517 9 73
43 140 32 0.5643 0.6302 -146.496 -143.734 -0.35454 0.28917 9 73
43 169 33 0.6265 0.6302 -141.445 -143.734 -0.35454 0.28917 9 73
43 139 34 0.6545 0.6302 -134.919 -143.734 -0.35454 0.28917 9 73
43 139 35 0.5416 0.6302 -149.325 -143.734 -0.35454 0.28917 9 74
43 146 36 0.6324 0.6302 -139.253 -143.734 -0.35454 0.28917 9 73
43 140 37 0.6133 0.6302 -135.774 -143.734 -0.35454 0.28917 9 73
43 152 38 0.5644 0.6302 -139.489 -143.734 -0.35454 0.28917 9 74
43 138 39 0.5839 0.6302 -149.86 -143.734 -0.35454 0.28917 9 73
43 142 40 0.637 0.6302 -138.724 -143.734 -0.35454 0.28917 9 73
43 150 41 0.6542 0.6302 -141.088 -143.734 -0.35454 0.28917 9 73
43 142 42 0.6218 0.6302 -137.838 -143.734 -0.35454 0.28917 9 73
43 155 43 0.6196 0.6302 -139.695 -143.734 -0.35454 0.28917 9 73
43 161 44 0.6239 0.6302 -140.566 -143.734 -0.35454 0.28917 9 73
43 170 45 0.6106 0.6273 -145.07 -144.216 -0.34854 0.28917 9 73
43 169 46 0.5312 0.5297 -135.506 -134.155 -0.36654 0.21717 9 73
43 172 47 0.6232 0.6369 -145.746 -144.791 -0.34854 0.29517 9 73
43 159 48 0.5415 0.5297 -137.462 -134.155 -0.36654 0.21717 9 73
43 138 49 0.63 0.6302 -135.351 -143.734 -0.35454 0.28917 9 73
86 140 0 0.6064 0.6369 -148.694 -144.791 -0.34854 0.29517 9 74
86 216 1 0.6095 0.6302 -142.841 -143.734 -0.35454 0.28917 9 74
86 221 2 0.6458 0.6397 -144.648 -144.313 -0.35454 0.29517 9 73
86 213 3 0.6553 0.6397 -144.196 -144.313 -0.35454 0.29517 9 73
86 176 4 0.5968 0.6244 -145.586 -144.702 -0.34254 0.28917 9 74
86 166 5 0.6307 0.6562 -136.516 -138.094 -0.42054 0.28317 9 74
86 196 6 0.6008 0.6273 -144.659 -144.216 -0.34854 0.28917 9 74
86 138 7 0.534 0.6302 -145.813 -143.734 -0.35454 0.28917 9 74
86 137 8 0.5746 0.6302 -148.848 -143.734 -0.35454 0.28917 9 74
86 145 9 0.5709 0.6273 -146.078 -144.216 -0.34854 0.28917 9 74
86 160 10 0.6337 0.6596 -135.039 -137.663 -0.42654 0.28317 9 74
86 206 11 0.5997 0.6208 -141.269 -143.137 -0.35454 0.28317 9 74
86 139 12 0.5605 0.6369 -146.392 -144.791 -0.34854 0.29517 9 74
86 178 13 0.5322 0.5259 -137.649 -134.668 -0.36054 0.21717 9 74
86 182 14 0.5838 0.6208 -139.491 -143.137 -0.35454 0.28317 9 74
86 216 15 0.6102 0.6273 -143.969 -144.216 -0.34854 0.28917 9 74
86 219 16 0.6487 0.6369 -145.681 -144.791 -0.34854 0.29517 9 73
86 181 17 0.6246 0.6238 -140.281 -142.656 -0.36054 0.28317 9 74
86 157 18 0.5639 0.6273 -143.75 -144.216 -0.34854 0.28917 9 74
86 179 19 0.6433 0.6341 -147.795 -145.272 -0.34254 0.29517 9 74
86 219 20 0.6151 0.6273 -143.96 -144.216 -0.34854 0.28917 9 74
86 138 21 0.5383 0.6302 -147.782 -143.734 -0.35454 0.28917 9 74
86 172 22 0.6361 0.6562 -137.223 -138.094 -0.42054 0.28317 9 74
86 188 23 0.6189 0.6341 -146.394 -145.272 -0.34254 0.29517 9 74
86 214 24 0.6208 0.6302 -142.124 -143.734 -0.35454 0.28917 9 74
86 197 25 0.5592 0.538 -136.491 -135.002 -0.36654 0.22317 9 74
86 163 26 0.6334 0.6562 -137.977 -138.094 -0.42054 0.28317 9 74
86 138 27 0.5705 0.6302 -147.704 -143.734 -0.35454 0.28917 9 74
86 182 28 0.6059 0.6238 -139.611 -142.656 -0.36054 0.28317 9 74
86 215 29 0.6242 0.6273 -145.111 -144.216 -0.34854 0.28917 9 74
86 200 30 0.6251 0.6332 -141.452 -143.257 -0.36054 0.28917 9 74
86 196 31 0.5636 0.5335 -135.232 -133.648 -0.37254 0.21717 9 74
86 158 32 0.6333 0.6332 -139.589 -143.257 -0.36054 0.28917 9 74
86 193 33 0.6539 0.6332 -142.753 -143.257 -0.36054 0.28917 9 73
86 144 34 0.5872 0.6273 -147.396 -144.216 -0.34854 0.28917 9 74
86 209 35 0.6501 0.6369 -146.583 -144.791 -0.34854 0.29517 9 73
86 184 36 0.5569 0.538 -138.196 -135.002 -0.36654 0.22317 9 74
86 166 37 0.6462 0.6596 -135.564 -137.663 -0.42654 0.28317 9 73
86 182 38 0.5987 0.6244 -145.332 -144.702 -0.34254 0.28917 9 74
86 167 39 0.6309 0.6562 -136.701 -138.094 -0.42054 0.28317 9 74
86 147 40 0.541 0.6273 -140.294 -144.216 -0.34854 0.28917 9 74
86 179 41 0.6329 0.6341 -147.563 -145.272 -0.34254 0.29517 9 74
86 185 42 0.5764 0.6178 -141.424 -143.624 -0.34854 0.28317 9 74
86 152 43 0.5734 0.6273 -145.339 -144.216 -0.34854 0.28917 9 74
86 220 44 0.6189 0.6273 -144.176 -144.216 -0.34854 0.28917 9 73
86 193 45 0.5634 0.538 -136.77 -135.002 -0.36654 0.22317 9 74
86 140 46 0.591 0.6369 -148.349 -144.791 -0.34854 0.29517 9 74
86 139 47 0.5343 0.6302 -148.242 -143.734 -0.35454 0.28917 9 74
86 140 48 0.5633 0.6273 -146.249 -144.216 -0.34854 0.28917 9 74
86 181 49 0.5981 0.6244 -145.277 -144.702 -0.34254 0.28917 9 74
129 204 0 0.579 0.6149 -143.472 -144.115 -0.34254 0.28317 9 74
129 177 1 0.5613 0.5663 -145.583 -145.92 -0.30054 0.26517 9 74
129 185 2 0.5382 0.5445 -139.343 -138.157 -0.34854 0.23517 9 74
129 234 3 0.6314 0.6332 -141.548 -143.257 -0.36054 0.28917 9 74
129 179 4 0.5807 0.5815 -145.517 -145.461 -0.31254 0.27117 9 74
129 157 5 0.6066 0.5907 -149.814 -148.741 -0.28854 0.28317 9 74
129 162 6 0.5491 0.5682 -142.753 -143.133 -0.32454 0.25917 9 74
129 166 7 0.5936 0.5808 -149.215 -148.187 -0.28854 0.27717 9 74
129 222 8 0.5719 0.5417 -136.631 -134.497 -0.37254 0.22317 9 74
129 248 9 0.6239 0.6369 -145.281 -144.791 -0.34854 0.29517 9 74
129 157 10 0.5412 0.5594 -143.37 -144.744 -0.30654 0.25917 9 74
129 204 11 0.5996 0.6244 -145.647 -144.702 -0.34254 0.28917 9 74
129 245 12 0.6526 0.6397 -143.683 -144.313 -0.35454 0.29517 9 73
129 158 13 0.6162 0.5958 -148.849 -147.681 -0.30054 0.28317 9 74
129 201 14 0.6462 0.6562 -138.969 -138.094 -0.42054 0.28317 9 74
129 187 15 0.5862 0.612 -145.225 -144.61 -0.33654 0.28317 9 74
129 163 16 0.5316 0.5414 -145.065 -145.768 -0.28854 0.25317 9 74
129 243 17 0.5973 0.6178 -142.407 -143.624 -0.34854 0.28317 9 74
129 185 18 0.6475 0.6332 -140.931 -143.257 -0.36054 0.28917 9 74
129 184 19 0.6188 0.6474 -135.011 -137.442 -0.42054 0.27717 9 74
129 203 20 0.5836 0.5417 -137.177 -134.497 -0.37254 0.22317 9 74
129 206 21 0.571 0.6084 -140.788 -143.013 -0.34854 0.27717 9 74
129 182 22 0.6473 0.6527 -139.935 -138.53 -0.41454 0.28317 9 74
129 166 23 0.5349 0.5262 -146.562 -146.272 -0.27654 0.24717 9 74
129 265 24 0.6305 0.6302 -144.096 -143.734 -0.35454 0.28917 9 74
129 251 25 0.6558 0.6397 -144.216 -144.313 -0.35454 0.29517 9 73
129 213 26 0.6264 0.6268 -140.514 -142.179 -0.36654 0.28317 9 74
129 168 27 0.5984 0.5455 -136.186 -134 -0.37854 0.22317 9 74
129 258 28 0.6147 0.6302 -142.631 -143.734 -0.35454 0.28917 9 74
129 187 29 0.6222 0.6439 -137.497 -137.88 -0.41454 0.27717 9 74
129 174 30 0.5504 0.5636 -145.997 -146.468 -0.29454 0.26517 9 74
129 185 31 0.559 0.5866 -141.23 -142.238 -0.34254 0.26517 9 74
129 167 32 0.6063 0.5958 -148.293 -147.681 -0.30054 0.28317 9 74
129 217 33 0.6514 0.6596 -136.545 -137.663 -0.42654 0.28317 9 73
129 169 34 0.5354 0.5411 -139.976 -138.682 -0.34254 0.23517 9 74
129 194 35 0.6247 0.6474 -137.047 -137.442 -0.42054 0.27717 9 74
129 152 36 0.6182 0.5958 -149.268 -147.681 -0.30054 0.28317 9 74
129 167 37 0.6045 0.5417 -137.968 -134.497 -0.37254 0.22317 9 74
129 222 38 0.542 0.5343 -137.662 -135.513 -0.36054 0.22317 9 74
129 212 39 0.649 0.6562 -138.588 -138.094 -0.42054 0.28317 9 73
129 211 40 0.655 0.6437 -148.058 -145.825 -0.34254 0.30117 9 74
129 196 41 0.5838 0.5455 -135.637 -134 -0.37854 0.22317 9 74
129 165 42 0.5488 0.5691 -144.153 -145.378 -0.30654 0.26517 9 74
129 242 43 0.6215 0.6341 -145.528 -145.272 -0.34254 0.29517 9 74
129 166 44 0.5414 0.5459 -147.325 -147.54 -0.27654 0.25917 9 74
129 177 45 0.5844 0.5734 -147.662 -147.068 -0.29454 0.27117 9 74
129 253 46 0.6312 0.6332 -142.538 -143.257 -0.36054 0.28917 9 74
129 261 47 0.6176 0.6273 -144.159 -144.216 -0.34854 0.28917 9 74
129 180 48 0.5788 0.5734 -147.091 -147.068 -0.29454 0.27117 9 74
129 156 49 0.5466 0.5769 -149.524 -152.026 -0.25254 0.28317 9 74
172 295 0 0.6083 0.6208 -142.206 -143.137 -0.35454 0.28317 9 74
172 207 1 0.5556 0.5558 -148.383 -148.14 -0.27654 0.26517 9 74
172 253 2 0.6506 0.6362 -142.349 -142.784 -0.36654 0.28917 9 74
172 221 3 0.651 0.6527 -139.96 -138.53 -0.41454 0.28317 9 74
172 186 4 0.6176 0.6008 -149.818 -149.276 -0.28854 0.28917 9 74
172 268 5 0.5648 0.5417 -136.209 -134.497 -0.37254 0.22317 9 74
172 260 6 0.6493 0.6596 -137.167 -137.663 -0.42654 0.28317 9 74
172 204 7 0.5946 0.5883 -149.418 -149.277 -0.28254 0.28317 9 74
172 281 8 0.5984 0.6178 -142.403 -143.624 -0.34854 0.28317 9 74
172 234 9 0.5695 0.596 -142.002 -142.883 -0.34254 0.27117 9 74
172 243 10 0.6389 0.641 -147.674 -146.305 -0.33654 0.30117 9 74
172 199 11 0.5447 0.5588 -142.079 -142.46 -0.32454 0.25317 9 74
172 197 12 0.6119 0.6126 -138.028 -138.347 -0.39054 0.26517 9 74
172 260 13 0.5408 0.5393 -137.594 -136.847 -0.35454 0.22917 9 74
172 238 14 0.5769 0.555 -138.442 -136.619 -0.36654 0.23517 9 74
172 278 15 0.6375 0.6332 -142.23 -143.257 -0.36054 0.28917 9 74
172 220 16 0.626 0.6286 -147.779 -146.248 -0.33054 0.29517 9 74
172 300 17 0.6145 0.6208 -142.469 -143.137 -0.35454 0.28317 9 74
172 226 18 0.5941 0.5967 -145.678 -145.025 -0.32454 0.27717 9 74
172 204 19 0.5324 0.5414 -144.914 -145.768 -0.28854 0.25317 9 74
172 295 20 0.6073 0.6208 -142.352 -143.137 -0.35454 0.28317 9 74
172 243 21 0.5881 0.6052 -139.386 -141.398 -0.36054 0.27117 9 74
172 264 22 0.6174 0.6216 -145.894 -145.193 -0.33654 0.28917 9 74
172 281 23 0.6032 0.6178 -143.784 -143.624 -0.34854 0.28317 9 74
172 248 24 0.5407 0.5393 -138.297 -136.847 -0.35454 0.22917 9 74
172 216 25 0.5519 0.561 -146.828 -147.02 -0.28854 0.26517 9 74
172 231 26 0.5663 0.5866 -141.675 -142.238 -0.34254 0.26517 9 74
172 304 27 0.6402 0.6397 -143.937 -144.313 -0.35454 0.29517 9 74
172 254 28 0.5805 0.599 -141.327 -142.383 -0.34854 0.27117 9 74
172 218 29 0.5712 0.5843 -144.467 -144.935 -0.31854 0.27117 9 74
172 251 30 0.6414 0.6596 -136.444 -137.663 -0.42654 0.28317 9 74
172 293 31 0.5386 0.5297 -135.075 -134.155 -0.36654 0.21717 9 74
172 267 32 0.5916 0.6114 -140.837 -142.522 -0.35454 0.27717 9 74
172 228 33 0.5886 0.5967 -145.221 -145.025 -0.32454 0.27717 9 74
172 244 34 0.5838 0.6052 -139.541 -141.398 -0.36054 0.27117 9 74
172 269 35 0.5495 0.5343 -137.208 -135.513 -0.36054 0.22317 9 74
172 208 36 0.5481 0.5566 -144.499 -145.292 -0.30054 0.25917 9 74
172 239 37 0.5773 0.6021 -139.662 -141.888 -0.35454 0.27117 9 74
172 249 38 0.5724 0.5465 -137.68 -135.823 -0.36654 0.22917 9 74
172 220 39 0.57 0.5708 -147.695 -147.613 -0.28854 0.27117 9 74
172 249 40 0.6365 0.6474 -137.367 -137.442 -0.42054 0.27717 9 74
172 206 41 0.6012 0.5932 -148.89 -148.208 -0.29454 0.28317 9 74
172 210 42 0.5889 0.5808 -149.019 -148.187 -0.28854 0.27717 9 74
172 282 43 0.6292 0.6238 -141.928 -142.656 -0.36054 0.28317 9 74
172 186 44 0.6001 0.623 -135.78 -136.974 -0.40854 0.26517 9 74
172 233 45 0.5458 0.5445 -139.321 -138.157 -0.34854 0.23517 9 74
172 230 46 0.6193 0.6176 -139.775 -141.555 -0.36654 0.27717 9 74
172 249 47 0.5909 0.612 -144.264 -144.61 -0.33654 0.28317 9 74
172 217 48 0.5637 0.5691 -145.084 -145.378 -0.30654 0.26517 9 74
172 203 49 0.6277 0.6233 -148.364 -147.24 -0.31854 0.29517 9 74
215 249 0 0.5326 0.536 -146.708 -146.918 -0.27654 0.25317 9 74
215 298 1 0.5589 0.5429 -137.915 -136.332 -0.36054 0.22917 9 74
215 312 2 0.5492 0.5429 -137.127 -136.332 -0.36054 0.22917 9 74
215 247 3 0.5469 0.5566 -144.324 -145.292 -0.30054 0.25917 9 74
215 292 4 0.6494 0.6362 -142.309 -142.784 -0.36654 0.28917 9 74
215 318 5 0.54 0.5343 -136.459 -135.513 -0.36054 0.22317 9 74
215 265 6 0.5324 0.5411 -138.695 -138.682 -0.34254 0.23517 9 74
215 264 7 0.576 0.5788 -145.99 -145.991 -0.30654 0.27117 9 74
215 297 8 0.5834 0.599 -141.66 -142.383 -0.34854 0.27117 9 74
215 346 9 0.6234 0.6302 -143.702 -143.734 -0.35454 0.28917 9 74
215 280 10 0.6547 0.6527 -139.376 -138.53 -0.41454 0.28317 9 74
215 285 11 0.6126 0.6176 -140.039 -141.555 -0.36654 0.27717 9 74
215 275 12 0.6319 0.6509 -135.468 -137.009 -0.42654 0.27717 9 74
215 315 13 0.6377 0.6341 -146.568 -145.272 -0.34254 0.29517 9 74
215 348 14 0.6222 0.6302 -143.475 -143.734 -0.35454 0.28917 9 74
215 309 15 0.5617 0.5417 -135.31 -134.497 -0.37254 0.22317 9 74
215 331 16 0.6263 0.6238 -142.161 -142.656 -0.36054 0.28317 9 74
215 263 17 0.5861 0.5672 -137.79 -136.894 -0.37254 0.24117 9 74
215 250 18 0.5557 0.5652 -143.22 -143.665 -0.31854 0.25917 9 74
215 296 19 0.5646 0.5465 -137.723 -135.823 -0.36654 0.22917 9 74
215 307 20 0.6401 0.641 -146.91 -146.305 -0.33654 0.30117 9 74
215 293 21 0.5825 0.596 -142.288 -142.883 -0.34254 0.27117 9 74
215 234 22 0.539 0.5499 -143.408 -144.088 -0.30654 0.25317 9 74
215 239 23 0.6328 0.6271 -139.804 -140.141 -0.38454 0.27717 9 74
215 341 24 0.6128 0.6208 -142.93 -143.137 -0.35454 0.28317 9 74
215 241 25 0.5874 0.5575 -135.398 -134.337 -0.38454 0.22917 9 74
215 302 26 0.588 0.6114 -141.178 -142.522 -0.35454 0.27717 9 74
215 251 27 0.5364 0.5387 -146.025 -146.34 -0.28254 0.25317 9 74
215 253 28 0.5683 0.5683 -148.619 -148.164 -0.28254 0.27117 9 74
215 304 29 0.5873 0.6084 -142.201 -143.013 -0.34854 0.27717 9 74
215 321 30 0.6415 0.6437 -146.517 -145.825 -0.34254 0.30117 9 74
215 316 31 0.6005 0.6149 -143.789 -144.115 -0.34254 0.28317 9 74
215 241 32 0.6107 0.5958 -148.698 -147.681 -0.30054 0.28317 9 74
215 287 33 0.5789 0.596 -142.563 -142.883 -0.34254 0.27117 9 74
215 275 34 0.5789 0.5538 -136.257 -134.825 -0.37854 0.22917 9 74
215 285 35 0.6043 0.6092 -145.571 -145.11 -0.33054 0.28317 9 74
215 255 36 0.582 0.5808 -148.624 -148.187 -0.28854 0.27717 9 74
215 273 37 0.6281 0.6286 -147.397 -146.248 -0.33054 0.29517 9 74
215 257 38 0.5601 0.5691 -144.75 -145.378 -0.30654 0.26517 9 74
215 262 39 0.5856 0.5912 -145.91 -146.06 -0.31254 0.27717 9 74
215 297 40 0.5833 0.599 -141.678 -142.383 -0.34854 0.27117 9 74
215 230 41 0.6017 0.6073 -136.65 -137.186 -0.39654 0.25917 9 74
215 312 42 0.6123 0.6238 -140.98 -142.656 -0.36054 0.28317 9 74
215 314 43 0.6091 0.6244 -144.797 -144.702 -0.34254 0.28917 9 74
215 314 44 0.5584 0.5417 -136.169 -134.497 -0.37254 0.22317 9 74
215 245 45 0.5447 0.5433 -148.193 -148.116 -0.27054 0.25917 9 74
215 349 46 0.6234 0.6302 -143.447 -143.734 -0.35454 0.28917 9 74
215 289 47 0.5455 0.5393 -138.36 -136.847 -0.35454 0.22917 9 74
215 250 48 0.5887 0.5659 -136.446 -135.139 -0.38454 0.23517 9 74
215 233 49 0.6534 0.6494 -140.655 -138.97 -0.40854 0.28317 9 74
258 296 0 0.608 0.6058 -138.987 -139.288 -0.37854 0.26517 9 75
258 348 1 0.5545 0.5429 -137.377 -136.332 -0.36054 0.22917 9 74
258 294 2 0.6116 0.6108 -147.481 -147.2 -0.31254 0.28917 9 74
258 331 3 0.619 0.6188 -146.283 -145.688 -0.33054 0.28917 9 74
258 312 4 0.5786 0.5724 -138.745 -138.139 -0.36654 0.24717 9 75
258 280 5 0.5518 0.5587 -149.726 -150.415 -0.25854 0.27117 9 74
258 327 6 0.6206 0.6286 -146.576 -146.248 -0.33054 0.29517 9 74
258 292 7 0.6321 0.6239 -140.23 -140.608 -0.37854 0.27717 9 74
258 308 8 0.5791 0.5872 -144.429 -144.415 -0.32454 0.27117 9 74
258 350 9 0.5481 0.5429 -137.276 -136.332 -0.36054 0.22917 9 74
258 377 10 0.6253 0.6238 -142.378 -142.656 -0.36054 0.28317 8 74
258 266 11 0.53 0.5375 -143.164 -143.969 -0.30054 0.24717 9 74
258 293 12 0.5485 0.5566 -144.787 -145.292 -0.30054 0.25917 9 74
258 278 13 0.5483 0.5509 -149.552 -149.281 -0.26454 0.26517 9 74
258 307 14 0.6192 0.6259 -147.153 -146.742 -0.32454 0.29517 9 74
258 289 15 0.6377 0.6332 -148.496 -147.772 -0.31854 0.30117 9 74
258 288 16 0.5386 0.5442 -144.907 -145.203 -0.29454 0.25317 9 74
258 313 17 0.5589 0.5591 -140.367 -140.174 -0.34254 0.24717 9 75
258 295 18 0.5822 0.5783 -148.959 -148.73 -0.28254 0.27717 9 74
258 312 19 0.5818 0.5869 -138.973 -140.061 -0.36054 0.25917 9 75
258 326 20 0.577 0.5866 -141.846 -142.238 -0.34254 0.26517 9 74
258 300 21 0.5418 0.5467 -139.901 -139.968 -0.33654 0.24117 9 74
258 353 22 0.6435 0.6437 -146.792 -145.825 -0.34254 0.30117 9 74
258 365 23 0.6112 0.6145 -141.414 -142.036 -0.36054 0.27717 8 74
258 286 24 0.5513 0.5623 -143.321 -144.202 -0.31254 0.25917 9 74
258 350 25 0.5624 0.5501 -136.199 -135.321 -0.37254 0.22917 9 74
258 326 26 0.5781 0.5866 -141.583 -142.238 -0.34254 0.26517 9 74
258 355 27 0.6048 0.6149 -144.326 -144.115 -0.34254 0.28317 9 74
258 291 28 0.5771 0.5758 -149.245 -149.279 -0.27654 0.27717 9 74
258 289 29 0.624 0.6239 -139.619 -140.608 -0.37854 0.27717 9 74
258 295 30 0.558 0.5682 -142.474 -143.133 -0.32454 0.25917 9 74
258 290 31 0.5391 0.5414 -145.234 -145.768 -0.28854 0.25317 9 74
258 334 32 0.5897 0.6052 -140.332 -141.398 -0.36054 0.27117 9 75
258 335 33 0.5691 0.5538 -136.025 -134.825 -0.37854 0.22917 9 74
258 308 34 0.5817 0.5622 -136.76 -135.626 -0.37854 0.23517 9 75
258 350 35 0.6479 0.641 -147.082 -146.305 -0.33654 0.30117 8 74
258 319 36 0.6223 0.6207 -140.325 -141.079 -0.37254 0.27717 9 74
258 327 37 0.5421 0.5445 -138.296 -138.157 -0.34854 0.23517 9 74
258 305 38 0.5595 0.565 -141.522 -141.404 -0.33654 0.25317 9 74
258 307 39 0.5713 0.5761 -146.237 -146.527 -0.30054 0.27117 9 74
258 378 40 0.6273 0.6369 -144.964 -144.791 -0.34854 0.29517 9 74
258 342 41 0.5577 0.5429 -137.68 -136.332 -0.36054 0.22917 9 75
258 385 42 0.6211 0.6273 -144.369 -144.216 -0.34854 0.28917 8 74
258 293 43 0.6076 0.5983 -147.705 -147.158 -0.30654 0.28317 9 74
258 296 44 0.5846 0.5659 -136.198 -135.139 -0.38454 0.23517 9 75
258 292 45 0.6358 0.6371 -139.187 -138.77 -0.40254 0.27717 9 74
258 302 46 0.5666 0.5691 -145.422 -145.378 -0.30654 0.26517 9 74
258 352 47 0.6143 0.6216 -145.278 -145.193 -0.33654 0.28917 9 74
258 362 48 0.6053 0.6145 -141.53 -142.036 -0.36054 0.27717 9 74
258 325 49 0.5949 0.6084 -139.757 -140.913 -0.36654 0.27117 9 75
301 380 0 0.646 0.6562 -137.929 -138.094 -0.42054 0.28317 8 74
301 362 1 0.5961 0.5993 -139.541 -140.25 -0.36654 0.26517 8 75
301 341 2 0.5625 0.5682 -142.839 -143.133 -0.32454 0.25917 9 75
301 340 3 0.5639 0.5691 -144.729 -145.378 -0.30654 0.26517 9 75
301 345 4 0.5742 0.5747 -144.168 -144.31 -0.31854 0.26517 9 75
301 335 5 0.5587 0.5652 -143.367 -143.665 -0.31854 0.25917 9 75
301 357 6 0.5837 0.59 -144.174 -143.899 -0.33054 0.27117 9 75
301 316 7 0.5387 0.5499 -143.371 -144.088 -0.30654 0.25317 9 75
301 378 8 0.5972 0.6025 -144.348 -144.009 -0.33654 0.27717 9 75
301 412 9 0.5454 0.538 -135.511 -135.002 -0.36654 0.22317 9 74
301 330 10 0.6317 0.6332 -148.259 -147.772 -0.31854 0.30117 9 74
301 413 11 0.5481 0.5417 -135.04 -134.497 -0.37254 0.22317 9 74
301 396 12 0.5473 0.5429 -137.001 -136.332 -0.36054 0.22917 9 75
301 352 13 0.6437 0.6545 -135.48 -136.581 -0.43254 0.27717 9 74
301 331 14 0.6069 0.5983 -147.887 -147.158 -0.30654 0.28317 9 75
301 360 15 0.5743 0.5746 -139.598 -139.863 -0.35454 0.25317 9 75
301 354 16 0.6293 0.6439 -137.609 -137.88 -0.41454 0.27717 8 74
301 329 17 0.5444 0.5566 -144.462 -145.292 -0.30054 0.25917 9 75
301 321 18 0.6302 0.6337 -139.373 -139.222 -0.39654 0.27717 9 75
301 363 19 0.6022 0.6084 -139.687 -140.913 -0.36654 0.27117 8 75
301 397 20 0.5968 0.6114 -141.507 -142.522 -0.35454 0.27717 8 75
301 337 21 0.6242 0.6283 -137.96 -138.108 -0.40254 0.27117 9 75
301 357 22 0.57 0.5742 -141.871 -142.087 -0.33654 0.25917 9 75
301 373 23 0.5807 0.5897 -141.282 -141.733 -0.34854 0.26517 9 75
301 341 24 0.5538 0.565 -141.234 -141.404 -0.33654 0.25317 9 75
301 349 25 0.5624 0.5742 -141.705 -142.087 -0.33654 0.25917 9 75
301 374 26 0.6384 0.6474 -136.589 -137.442 -0.42054 0.27717 8 74
301 432 27 0.6263 0.6273 -143.954 -144.216 -0.34854 0.28917 8 74
301 360 28 0.5718 0.5714 -140.322 -140.37 -0.34854 0.25317 9 75
301 342 29 0.5494 0.5512 -146.166 -146.405 -0.28854 0.25917 9 75
301 396 30 0.6108 0.6244 -144.753 -144.702 -0.34254 0.28917 8 75
301 319 31 0.6185 0.6082 -148.57 -147.712 -0.30654 0.28917 9 75
301 321 32 0.5361 0.5384 -148.981 -149.283 -0.25854 0.25917 9 75
301 300 33 0.5314 0.5464 -141.764 -142.306 -0.31854 0.24717 9 75
301 406 34 0.5477 0.538 -136.176 -135.002 -0.36654 0.22317 9 75
301 425 35 0.6288 0.6302 -143.019 -143.734 -0.35454 0.28917 8 74
301 374 36 0.5829 0.599 -141.913 -142.383 -0.34854 0.27117 9 75
301 329 37 0.6447 0.6431 -148.794 -148.287 -0.31854 0.30717 9 74
301 388 38 0.591 0.599 -142.082 -142.383 -0.34854 0.27117 8 75
301 325 39 0.6128 0.623 -136.686 -136.974 -0.40854 0.26517 9 75
301 358 40 0.629 0.6439 -137.06 -137.88 -0.41454 0.27717 9 74
301 337 41 0.5444 0.5512 -146.395 -146.405 -0.28854 0.25917 9 75
301 400 42 0.6237 0.6268 -141.607 -142.179 -0.36654 0.28317 8 74
301 388 43 0.5475 0.5429 -137.425 -136.332 -0.36054 0.22917 9 75
301 343 44 0.6379 0.6509 -135.131 -137.009 -0.42654 0.27717 9 74
301 343 45 0.6196 0.6352 -136.573 -137.213 -0.41454 0.27117 9 74
301 338 46 0.5841 0.5744 -136.478 -135.919 -0.38454 0.24117 9 75
301 335 47 0.5578 0.5682 -142.898 -143.133 -0.32454 0.25917 9 75
301 312 48 0.6063 0.623 -136.078 -136.974 -0.40854 0.26517 9 75
301 331 49 0.6368 0.6332 -148.446 -147.772 -0.31854 0.30117 9 74
344 355 0 0.606 0.6073 -137.279 -137.186 -0.39654 0.25917 8 75
344 390 1 0.5531 0.5558 -140.501 -140.698 -0.33654 0.24717 9 75
344 374 2 0.5453 0.5459 -147.91 -147.54 -0.27654 0.25917 9 75
344 389 3 0.5816 0.5815 -145.724 -145.461 -0.31254 0.27117 9 75
344 446 4 0.5451 0.538 -136.158 -135.002 -0.36654 0.22317 9 75
344 444 5 0.5402 0.5343 -136.305 -135.513 -0.36054 0.22317 9 75
344 391 6 0.5372 0.5411 -138.982 -138.682 -0.34254 0.23517 9 75
344 474 7 0.6345 0.6302 -143.68 -143.734 -0.35454 0.28917 8 74
344 351 8 0.6284 0.6281 -149.02 -148.769 -0.30654 0.30117 9 75
344 374 9 0.5766 0.5758 -149.522 -149.279 -0.27654 0.27717 9 75
344 383 10 0.5579 0.5584 -147.792 -147.578 -0.28254 0.26517 9 75
344 350 11 0.6516 0.6507 -149.783 -149.272 -0.31254 0.31317 9 75
344 390 12 0.6137 0.6116 -139.676 -140.433 -0.37254 0.27117 8 75
344 365 13 0.6356 0.6271 -140.331 -140.141 -0.38454 0.27717 8 75
344 424 14 0.6358 0.6268 -141.816 -142.179 -0.36654 0.28317 8 75
344 405 15 0.5747 0.5774 -141.37 -141.572 -0.34254 0.25917 9 75
344 415 16 0.6399 0.6439 -137.876 -137.88 -0.41454 0.27717 8 74
344 402 17 0.5726 0.5774 -141.657 -141.572 -0.34254 0.25917 9 75
344 414 18 0.5979 0.6052 -140.174 -141.398 -0.36054 0.27117 8 75
344 399 19 0.5704 0.5714 -140.02 -140.37 -0.34854 0.25317 9 75
344 422 20 0.5645 0.555 -137.071 -136.619 -0.36654 0.23517 8 75
344 396 21 0.653 0.6545 -135.853 -136.581 -0.43254 0.27717 8 74
344 388 22 0.647 0.6494 -139.367 -138.97 -0.40854 0.28317 8 74
344 368 23 0.5389 0.5442 -144.511 -145.203 -0.29454 0.25317 9 75
344 427 24 0.5991 0.6025 -143.971 -144.009 -0.33654 0.27717 8 75
344 443 25 0.6286 0.6268 -141.837 -142.179 -0.36654 0.28317 8 75
344 369 26 0.603 0.6003 -138.273 -138.123 -0.38454 0.25917 8 75
344 402 27 0.6502 0.6545 -135.969 -136.581 -0.43254 0.27717 8 74
344 367 28 0.5409 0.5409 -148.738 -148.696 -0.26454 0.25917 9 75
344 366 29 0.636 0.6371 -139.398 -138.77 -0.40254 0.27717 8 75
344 389 30 0.5947 0.5912 -146.158 -146.06 -0.31254 0.27717 9 75
344 392 31 0.58 0.5672 -137.693 -136.894 -0.37254 0.24117 8 75
344 375 32 0.5513 0.5594 -144.405 -144.744 -0.30654 0.25917 9 75
344 429 33 0.6351 0.6268 -141.878 -142.179 -0.36654 0.28317 8 74
344 389 34 0.5674 0.5708 -147.497 -147.613 -0.28854 0.27117 9 75
344 449 35 0.6335 0.6341 -145.991 -145.272 -0.34254 0.29517 8 75
344 366 36 0.615 0.6301 -134.995 -136.084 -0.42054 0.26517 8 74
344 412 37 0.571 0.5586 -136.732 -136.119 -0.37254 0.23517 8 75
344 453 38 0.653 0.6465 -146.247 -145.348 -0.34854 0.30117 8 74
344 401 39 0.5935 0.5967 -144.952 -145.025 -0.32454 0.27717 9 75
344 361 40 0.6065 0.6008 -149.334 -149.276 -0.28854 0.28917 9 75
344 374 41 0.5507 0.5619 -141.762 -141.929 -0.33054 0.25317 9 75
344 374 42 0.541 0.5459 -147.62 -147.54 -0.27654 0.25917 9 75
344 365 43 0.5377 0.5442 -144.322 -145.203 -0.29454 0.25317 9 75
344 364 44 0.5492 0.5485 -149.722 -149.859 -0.25854 0.26517 9 75
344 386 45 0.6136 0.6148 -139.478 -139.958 -0.37854 0.27117 8 75
344 415 46 0.6382 0.6474 -136.556 -137.442 -0.42054 0.27717 8 74
344 365 47 0.6343 0.6332 -148.533 -147.772 -0.31854 0.30117 9 75
344 374 48 0.6197 0.6148 -139.474 -139.958 -0.37854 0.27117 8 75
344 477 49 0.629 0.6302 -143.842 -143.734 -0.35454 0.28917 8 75
387 395 0 0.6468 0.6427 -140.385 -139.864 -0.39654 0.28317 8 75
387 430 1 0.5871 0.5885 -146.699 -146.584 -0.30654 0.27717 9 75
387 494 2 0.6251 0.6238 -142.057 -142.656 -0.36054 0.28317 8 75
387 495 3 0.629 0.6238 -142.36 -142.656 -0.36054 0.28317 8 75
387 400 4 0.6131 0.6032 -149.125 -148.751 -0.29454 0.28917 9 75
387 456 5 0.6357 0.6474 -136.735 -137.442 -0.42054 0.27717 8 75
387 423 6 0.5482 0.5512 -146.62 -146.405 -0.28854 0.25917 9 75
387 451 7 0.5973 0.6084 -139.994 -140.913 -0.36654 0.27117 8 76
387 433 8 0.5758 0.5659 -135.512 -135.139 -0.38454 0.23517 8 75
387 423 9 0.5314 0.5411 -138.708 -138.682 -0.34254 0.23517 9 75
387 462 10 0.6472 0.6509 -136.467 -137.009 -0.42654 0.27717 8 74
387 381 11 0.6531 0.6395 -140.919 -140.317 -0.39054 0.28317 8 75
387 425 12 0.5656 0.5719 -144.681 -144.842 -0.31254 0.26517 9 75
387 442 13 0.5745 0.5672 -137.102 -136.894 -0.37254 0.24117 8 75
387 406 14 0.5915 0.5829 -136.735 -136.675 -0.38454 0.24717 8 75
387 496 15 0.5325 0.5297 -135.037 -134.155 -0.36654 0.21717 9 75
387 382 16 0.6531 0.6427 -140.844 -139.864 -0.39654 0.28317 8 75
387 460 17 0.5661 0.5538 -135.879 -134.825 -0.37854 0.22917 8 75
387 404 18 0.6062 0.6092 -138.062 -138.815 -0.38454 0.26517 8 75
387 413 19 0.5368 0.5414 -145.079 -145.768 -0.28854 0.25317 9 75
387 427 20 0.5536 0.561 -146.646 -147.02 -0.28854 0.26517 9 75
387 403 21 0.642 0.6331 -140.849 -141.239 -0.37854 0.28317 8 75
387 465 22 0.5488 0.548 -137.927 -137.637 -0.35454 0.23517 9 75
387 420 23 0.6302 0.6405 -138.444 -138.323 -0.40854 0.27717 8 75
387 429 24 0.5815 0.5833 -147.838 -147.648 -0.29454 0.27717 9 75
387 409 25 0.5368 0.536 -149.783 -149.874 -0.25254 0.25917 9 75
387 387 26 0.6281 0.6281 -149.256 -148.769 -0.30654 0.30117 9 75
387 449 27 0.6386 0.6509 -135.937 -137.009 -0.42654 0.27717 8 74
387 411 28 0.5473 0.5533 -148.636 -148.708 -0.27054 0.26517 9 75
387 412 29 0.6242 0.6283 -138.397 -138.108 -0.40254 0.27117 8 75
387 417 30 0.5944 0.5881 -138.01 -137.889 -0.37854 0.25317 8 76
387 424 31 0.5796 0.5659 -135.754 -135.139 -0.38454 0.23517 8 75
387 415 32 0.543 0.5433 -147.978 -148.116 -0.27054 0.25917 9 75
387 400 33 0.6054 0.6038 -137.404 -137.652 -0.39054 0.25917 8 75
387 431 34 0.5511 0.5558 -140.67 -140.698 -0.33654 0.24717 9 75
387 466 35 0.6549 0.6562 -138.526 -138.094 -0.42054 0.28317 8 74
387 443 36 0.6019 0.6064 -145.684 -145.615 -0.32454 0.28317 8 75
387 404 37 0.6043 0.6003 -137.882 -138.123 -0.38454 0.25917 8 75
387 446 38 0.5718 0.5622 -136.422 -135.626 -0.37854 0.23517 8 75
387 487 39 0.6054 0.6149 -143.604 -144.115 -0.34254 0.28317 8 75
387 498 40 0.6251 0.6244 -145.242 -144.702 -0.34254 0.28917 8 75
387 422 41 0.6278 0.6239 -140.211 -140.608 -0.37854 0.27717 8 75
387 490 42 0.5312 0.5343 -135.636 -135.513 -0.36054 0.22317 9 75
387 409 43 0.6502 0.6431 -148.946 -148.287 -0.31854 0.30717 8 75
387 410 44 0.5477 0.5594 -143.982 -144.744 -0.30654 0.25917 9 75
387 447 45 0.6418 0.6509 -135.851 -137.009 -0.42654 0.27717 8 74
387 420 46 0.5632 0.5683 -148.319 -148.164 -0.28254 0.27117 9 75
387 384 47 0.5323 0.5464 -141.527 -142.306 -0.31854 0.24717 9 75
387 406 48 0.6126 0.6057 -148.675 -148.229 -0.30054 0.28917 9 75
387 412 49 0.6148 0.6266 -135.715 -136.527 -0.41454 0.26517 8 75
429 496 0 0.5807 0.5897 -141.281 -141.733 -0.34854 0.26517 8 76
429 498 1 0.587 0.593 -143.278 -143.389 -0.33654 0.27117 8 76
429 456 2 0.6158 0.6181 -139.046 -139.488 -0.38454 0.27117 8 76
429 492 3 0.5909 0.5996 -144.173 -144.514 -0.33054 0.27717 8 76
429 482 4 0.5911 0.5967 -145.031 -145.025 -0.32454 0.27717 9 76
429 472 5 0.5965 0.594 -146.049 -145.54 -0.31854 0.27717 8 76
429 448 6 0.6136 0.6126 -138.385 -138.347 -0.39054 0.26517 8 76
429 464 7 0.628 0.6233 -147.691 -147.24 -0.31854 0.29517 8 75
429 453 8 0.6235 0.6338 -134.953 -135.647 -0.42654 0.26517 8 75
429 469 9 0.5681 0.5682 -143 -143.133 -0.32454 0.25917 9 76
429 532 10 0.6456 0.6426 -143.328 -143.841 -0.36054 0.29517 8 75
429 434 11 0.6269 0.6281 -149.012 -148.769 -0.30654 0.30117 9 75
429 520 12 0.5498 0.5429 -136.999 -136.332 -0.36054 0.22917 8 76
429 471 13 0.5982 0.6037 -146.184 -146.125 -0.31854 0.28317 8 76
429 441 14 0.5392 0.5495 -141.041 -141.764 -0.32454 0.24717 9 76
429 471 15 0.581 0.5734 -147.176 -147.068 -0.29454 0.27117 9 75
429 462 16 0.5382 0.5387 -146.167 -146.34 -0.28254 0.25317 9 75
429 457 17 0.5316 0.5262 -146.374 -146.272 -0.27654 0.24717 9 75
429 525 18 0.5493 0.5465 -136.497 -135.823 -0.36654 0.22917 8 76
429 478 19 0.5403 0.5411 -138.98 -138.682 -0.34254 0.23517 9 75
429 475 20 0.5605 0.5636 -146.365 -146.468 -0.29454 0.26517 9 75
429 456 21 0.5463 0.5566 -144.707 -145.292 -0.30054 0.25917 9 75
429 458 22 0.5528 0.5588 -142.401 -142.46 -0.32454 0.25317 9 76
429 454 23 0.5373 0.5442 -144.646 -145.203 -0.29454 0.25317 9 75
429 434 24 0.5365 0.5464 -141.859 -142.306 -0.31854 0.24717 9 75
429 433 25 0.62 0.6157 -149.273 -148.76 -0.30054 0.29517 9 75
429 509 26 0.6501 0.6596 -137.16 -137.663 -0.42654 0.28317 8 74
429 538 27 0.6163 0.6244 -144.575 -144.702 -0.34254 0.28917 8 75
429 446 28 0.6336 0.6304 -139.773 -139.679 -0.39054 0.27717 8 75
429 452 29 0.5475 0.5533 -148.738 -148.708 -0.27054 0.26517 9 76
429 433 30 0.5968 0.5987 -136.138 -136.468 -0.39654 0.25317 8 76
429 419 31 0.6022 0.6059 -135.012 -135.548 -0.40854 0.25317 8 75
429 546 32 0.6166 0.6273 -144.007 -144.216 -0.34854 0.28917 8 75
429 510 33 0.6167 0.6176 -140.874 -141.555 -0.36654 0.27717 8 75
429 472 34 0.5843 0.5833 -147.429 -147.648 -0.29454 0.27717 9 76
429 457 35 0.5304 0.5378 -139.043 -139.214 -0.33654 0.23517 9 75
429 445 36 0.6132 0.6057 -148.404 -148.229 -0.30054 0.28917 9 76
429 484 37 0.572 0.5746 -140.042 -139.863 -0.35454 0.25317 8 76
429 456 38 0.5881 0.5829 -137.045 -136.675 -0.38454 0.24717 8 76
429 545 39 0.6502 0.6397 -144.366 -144.313 -0.35454 0.29517 8 75
429 445 40 0.6021 0.6038 -137.675 -137.652 -0.39054 0.25917 8 76
429 491 41 0.6396 0.6509 -136.051 -137.009 -0.42654 0.27717 8 75
429 453 42 0.6229 0.6338 -134.927 -135.647 -0.42654 0.26517 8 75
429 521 43 0.6 0.6054 -143.455 -143.509 -0.34254 0.27717 8 76
429 474 44 0.5923 0.5936 -138.869 -139.081 -0.37254 0.25917 8 76
429 515 45 0.6193 0.6176 -141.135 -141.555 -0.36654 0.27717 8 75
429 441 46 0.5305 0.5346 -143.952 -144.536 -0.29454 0.24717 9 75
429 504 47 0.5955 0.6052 -140.516 -141.398 -0.36054 0.27117 8 76
429 446 48 0.541 0.5485 -149.673 -149.859 -0.25854 0.26517 9 75
429 483 49 0.6286 0.6352 -136.699 -137.213 -0.41454 0.27117 8 75
472 542 0 0.5851 0.596 -142.354 -142.883 -0.34254 0.27117 8 76
472 495 1 0.5906 0.5916 -137.163 -137.409 -0.38454 0.25317 8 76
472 492 2 0.6279 0.6207 -148.123 -147.743 -0.31254 0.29517 8 76
472 533 3 0.5667 0.5637 -137.835 -137.391 -0.36654 0.24117 8 76
472 490 4 0.5359 0.5409 -148.598 -148.696 -0.26454 0.25917 9 76
472 513 5 0.6473 0.6494 -139.407 -138.97 -0.40854 0.28317 8 75
472 541 6 0.6303 0.6286 -146.764 -146.248 -0.33054 0.29517 8 76
472 516 7 0.6326 0.6405 -138.269 -138.323 -0.40854 0.27717 8 75
472 528 8 0.6473 0.6527 -138.842 -138.53 -0.41454 0.28317 8 75
472 520 9 0.579 0.5813 -138.923 -138.864 -0.36654 0.25317 8 76
472 464 10 0.6028 0.6059 -135.291 -135.548 -0.40854 0.25317 8 76
472 535 11 0.6429 0.6509 -136.033 -137.009 -0.42654 0.27717 8 75
472 523 12 0.5888 0.5902 -139.644 -139.568 -0.36654 0.25917 8 76
472 520 13 0.6131 0.6161 -146.556 -146.187 -0.32454 0.28917 8 76
472 517 14 0.6292 0.6387 -135.751 -136.773 -0.42054 0.27117 8 75
472 490 15 0.5367 0.5409 -148.565 -148.696 -0.26454 0.25917 9 76
472 479 16 0.6086 0.6108 -136.776 -136.726 -0.40254 0.25917 8 76
472 494 17 0.5522 0.5509 -149.342 -149.281 -0.26454 0.26517 9 76
472 485 18 0.5345 0.5435 -140.248 -140.503 -0.33054 0.24117 9 76
472 541 19 0.5891 0.593 -143.462 -143.389 -0.33654 0.27117 8 76
472 554 20 0.5531 0.5515 -137.358 -137.125 -0.36054 0.23517 8 76
472 569 21 0.5999 0.6084 -142.689 -143.013 -0.34854 0.27717 8 76
472 567 22 0.6418 0.6362 -142.819 -142.784 -0.36654 0.28917 8 75
472 553 23 0.6028 0.6052 -140.827 -141.398 -0.36054 0.27117 8 76
472 503 24 0.5373 0.5387 -146.279 -146.34 -0.28254 0.25317 9 76
472 509 25 0.5622 0.5584 -147.711 -147.578 -0.28254 0.26517 9 76
472 549 26 0.6491 0.6508 -147.226 -146.837 -0.33654 0.30717 8 75
472 531 27 0.6301 0.6299 -141.085 -141.706 -0.37254 0.28317 8 76
472 602 28 0.6435 0.6397 -144.474 -144.313 -0.35454 0.29517 8 75
472 513 29 0.5794 0.5815 -145.078 -145.461 -0.31254 0.27117 9 76
472 489 30 0.5476 0.5558 -142.911 -142.997 -0.31854 0.25317 9 76
472 490 31 0.5425 0.5409 -149.081 -148.696 -0.26454 0.25917 9 76
472 588 32 0.6199 0.6238 -142.566 -142.656 -0.36054 0.28317 8 76
472 512 33 0.5636 0.5712 -142.099 -142.607 -0.33054 0.25917 9 76
472 483 34 0.5397 0.5495 -141.019 -141.764 -0.32454 0.24717 9 76
472 496 35 0.5324 0.5334 -147.791 -147.501 -0.27054 0.25317 9 76
472 559 36 0.6503 0.641 -146.835 -146.305 -0.33654 0.30117 8 75
472 496 37 0.5518 0.5594 -144.024 -144.744 -0.30654 0.25917 9 76
472 500 38 0.6147 0.6148 -139.293 -139.958 -0.37854 0.27117 8 76
472 511 39 0.5602 0.561 -147.341 -147.02 -0.28854 0.26517 9 76
472 511 40 0.5696 0.5719 -144.987 -144.842 -0.31254 0.26517 9 76
472 497 41 0.5837 0.5744 -136.016 -135.919 -0.38454 0.24117 8 76
472 489 42 0.6118 0.6057 -148.488 -148.229 -0.30054 0.28917 9 76
472 576 43 0.6037 0.6084 -142.86 -143.013 -0.34854 0.27717 8 76
472 503 44 0.5601 0.5652 -143.577 -143.665 -0.31854 0.25917 9 76
472 487 45 0.6046 0.6008 -149.576 -149.276 -0.28854 0.28917 9 76
472 557 46 0.5952 0.6021 -141.599 -141.888 -0.35454 0.27117 8 76
472 498 47 0.591 0.5859 -149.821 -149.818 -0.27654 0.28317 9 76
472 502 48 0.5429 0.5485 -147.085 -146.97 -0.28254 0.25917 9 76
472 557 49 0.6515 0.6508 -147.056 -146.837 -0.33654 0.30717 8 75
515 578 0 0.6364 0.6439 -137.713 -137.88 -0.41454 0.27717 8 75
515 535 1 0.5578 0.561 -149.438 -149.845 -0.26454 0.27117 9 76
515 532 2 0.5354 0.5384 -149.136 -149.283 -0.25854 0.25917 9 76
515 550 3 0.6023 0.6058 -139.072 -139.288 -0.37854 0.26517 8 77
515 529 4 0.606 0.6126 -138.016 -138.347 -0.39054 0.26517 8 77
515 538 5 0.5511 0.5619 -141.782 -141.929 -0.33054 0.25317 9 76
515 507 6 0.6301 0.6257 -149.653 -149.274 -0.30054 0.30117 9 76
515 600 7 0.649 0.641 -146.935 -146.305 -0.33654 0.30117 8 76
515 620 8 0.5497 0.5417 -134.918 -134.497 -0.37254 0.22317 8 76
515 559 9 0.5608 0.561 -147.039 -147.02 -0.28854 0.26517 9 76
515 611 10 0.6341 0.6313 -146.131 -145.758 -0.33654 0.29517 8 76
515 560 11 0.5976 0.5967 -145.593 -145.025 -0.32454 0.27717 8 76
515 566 12 0.5657 0.5682 -140.965 -140.884 -0.34254 0.25317 8 77
515 544 13 0.5522 0.5619 -141.628 -141.929 -0.33054 0.25317 9 76
515 631 14 0.6417 0.6426 -143.714 -143.841 -0.36054 0.29517 8 76
515 614 15 0.5474 0.5465 -136.154 -135.823 -0.36654 0.22917 8 76
515 633 16 0.6373 0.6341 -145.634 -145.272 -0.34254 0.29517 8 76
515 530 17 0.6393 0.6337 -139.671 -139.222 -0.39654 0.27717 8 76
515 545 18 0.5937 0.5969 -138.435 -138.599 -0.37854 0.25917 8 77
515 598 19 0.5364 0.5393 -136.551 -136.847 -0.35454 0.22917 9 76
515 613 20 0.5518 0.5465 -136.236 -135.823 -0.36654 0.22917 8 76
515 577 21 0.6018 0.6092 -145.167 -145.11 -0.33054 0.28317 8 76
515 548 22 0.5908 0.5833 -148.285 -147.648 -0.29454 0.27717 9 76
515 516 23 0.596 0.5987 -136.099 -136.468 -0.39654 0.25317 8 76
515 530 24 0.6425 0.6362 -140.875 -140.776 -0.38454 0.28317 8 76
515 550 25 0.5494 0.5485 -147.236 -146.97 -0.28254 0.25917 9 76
515 578 26 0.6544 0.6456 -143.072 -143.372 -0.36654 0.29517 8 75
515 556 27 0.5915 0.5936 -138.87 -139.081 -0.37254 0.25917 8 77
515 647 28 0.6274 0.6273 -144.215 -144.216 -0.34854 0.28917 8 76
515 581 29 0.6098 0.6092 -145.57 -145.11 -0.33054 0.28317 8 76
515 512 30 0.5953 0.5901 -135.826 -135.728 -0.39654 0.24717 8 76
515 564 31 0.6263 0.6352 -136.702 -137.213 -0.41454 0.27117 8 76
515 552 32 0.553 0.5512 -146.723 -146.405 -0.28854 0.25917 9 76
515 643 33 0.6425 0.6369 -144.986 -144.791 -0.34854 0.29517 8 76
515 519 34 0.5885 0.578 -135.663 -135.44 -0.39054 0.24117 8 76
515 597 35 0.6527 0.6596 -137.234 -137.663 -0.42654 0.28317 8 75
515 549 36 0.5953 0.5932 -148.226 -148.208 -0.29454 0.28317 9 76
515 526 37 0.6108 0.6032 -148.955 -148.751 -0.29454 0.28917 9 76
515 542 38 0.6191 0.6266 -136.389 -136.527 -0.41454 0.26517 8 76
515 628 39 0.6436 0.6437 -145.749 -145.825 -0.34254 0.30117 8 76
515 631 40 0.6383 0.6332 -143.209 -143.257 -0.36054 0.28917 8 75
515 543 41 0.5778 0.5758 -149.515 -149.279 -0.27654 0.27717 9 76
515 577 42 0.6211 0.6207 -140.662 -141.079 -0.37254 0.27717 8 76
515 541 43 0.5505 0.5533 -148.506 -148.708 -0.27054 0.26517 9 76
515 548 44 0.554 0.5584 -147.73 -147.578 -0.28254 0.26517 9 76
515 525 45 0.6148 0.6301 -135.187 -136.084 -0.42054 0.26517 8 76
515 526 46 0.5868 0.578 -135.688 -135.44 -0.39054 0.24117 8 76
515 589 47 0.5992 0.6025 -144.257 -144.009 -0.33654 0.27717 8 76
515 570 48 0.571 0.5746 -139.776 -139.863 -0.35454 0.25317 8 77
515 598 49 0.5298 0.5307 -136.361 -136.031 -0.35454 0.22317 8 76
558 604 0 0.6472 0.6494 -139.136 -138.97 -0.40854 0.28317 8 76
558 653 1 0.5532 0.5501 -135.529 -135.321 -0.37254 0.22917 8 76
558 645 2 0.5561 0.5538 -135.004 -134.825 -0.37854 0.22917 8 77
558 637 3 0.6187 0.6176 -141.012 -141.555 -0.36654 0.27717 8 77
558 546 4 0.53 0.534 -141.851 -142.145 -0.31254 0.24117 9 76
558 643 5 0.5971 0.6021 -141.55 -141.888 -0.35454 0.27117 8 77
558 597 6 0.5681 0.5683 -148.108 -148.164 -0.28254 0.27117 9 77
558 572 7 0.5387 0.5409 -148.922 -148.696 -0.26454 0.25917 9 76
558 560 8 0.6132 0.6109 -149.832 -149.794 -0.28854 0.29517 8 76
558 607 9 0.5735 0.5672 -136.981 -136.894 -0.37254 0.24117 8 77
558 628 10 0.5884 0.5929 -140.927 -141.234 -0.35454 0.26517 8 77
558 611 11 0.5693 0.5622 -135.575 -135.626 -0.37854 0.23517 8 77
558 626 12 0.6498 0.6527 -138.296 -138.53 -0.41454 0.28317 8 75
558 571 13 0.5895 0.5865 -136.378 -136.199 -0.39054 0.24717 8 77
558 590 14 0.546 0.5459 -147.652 -147.54 -0.27654 0.25917 9 77
558 658 15 0.532 0.5343 -135.611 -135.513 -0.36054 0.22317 8 76
558 575 16 0.6345 0.6337 -139.534 -139.222 -0.39654 0.27717 8 76
558 577 17 0.5414 0.5409 -148.841 -148.696 -0.26454 0.25917 9 77
558 620 18 0.5513 0.5534 -138.865 -138.918 -0.34854 0.24117 8 77
558 664 19 0.6137 0.6145 -141.811 -142.036 -0.36054 0.27717 8 76
558 634 20 0.5624 0.5586 -136.173 -136.119 -0.37254 0.23517 8 77
558 567 21 0.6122 0.6195 -136.724 -137.427 -0.40254 0.26517 8 77
558 610 22 0.639 0.6405 -138.485 -138.323 -0.40854 0.27717 8 76
558 603 23 0.5756 0.5761 -146.309 -146.527 -0.30054 0.27117 8 77
558 597 24 0.5877 0.5912 -146.175 -146.06 -0.31254 0.27717 8 77
558 617 25 0.6481 0.6482 -147.71 -147.316 -0.33054 0.30717 8 76
558 676 26 0.6342 0.6332 -143.419 -143.257 -0.36054 0.28917 8 76
558 612 27 0.599 0.5993 -139.79 -140.25 -0.36654 0.26517 8 77
558 548 28 0.5966 0.6023 -135.597 -136.005 -0.40254 0.25317 8 77
558 613 29 0.5783 0.5836 -142.752 -142.748 -0.33654 0.26517 8 77
558 573 30 0.6145 0.6126 -138.239 -138.347 -0.39054 0.26517 8 77
558 593 31 0.624 0.6239 -140.159 -140.608 -0.37854 0.27717 8 77
558 549 32 0.6369 0.6358 -149.861 -149.771 -0.30054 0.30717 9 76
558 612 33 0.5818 0.5869 -139.909 -140.061 -0.36054 0.25917 8 77
558 548 34 0.5336 0.5434 -141.944 -142.854 -0.31254 0.24717 9 77
558 684 35 0.6438 0.6397 -144.245 -144.313 -0.35454 0.29517 8 76
558 609 36 0.5471 0.55 -139.111 -139.44 -0.34254 0.24117 9 77
558 583 37 0.5294 0.5262 -146.41 -146.272 -0.27654 0.24717 9 76
558 590 38 0.6434 0.6494 -139.211 -138.97 -0.40854 0.28317 8 76
558 553 39 0.535 0.5464 -141.945 -142.306 -0.31854 0.24717 9 77
558 560 40 0.6215 0.6157 -148.911 -148.76 -0.30054 0.29517 8 77
558 567 41 0.5345 0.5346 -144.132 -144.536 -0.29454 0.24717 9 76
558 576 42 0.6191 0.6215 -138.735 -139.023 -0.39054 0.27117 8 77
558 575 43 0.5461 0.5528 -143.182 -143.539 -0.31254 0.25317 9 77
558 629 44 0.6325 0.6299 -141.583 -141.706 -0.37254 0.28317 8 76
558 592 45 0.5638 0.5712 -142.641 -142.607 -0.33054 0.25917 9 77
558 566 46 0.6151 0.6157 -148.894 -148.76 -0.30054 0.29517 9 77
558 593 47 0.5626 0.5691 -144.939 -145.378 -0.30654 0.26517 9 77
558 606 48 0.5382 0.5411 -138.626 -138.682 -0.34254 0.23517 8 76
558 630 49 0.6456 0.6509 -136.483 -137.009 -0.42654 0.27717 8 75
601 697 0 0.6236 0.6268 -141.776 -142.179 -0.36654 0.28317 8 77
601 651 1 0.6487 0.6545 -135.943 -136.581 -0.43254 0.27717 8 75
601 646 2 0.572 0.5659 -135.299 -135.139 -0.38454 0.23517 8 77
601 640 3 0.5762 0.5747 -144.291 -144.31 -0.31854 0.26517 8 77
601 686 4 0.5556 0.5465 -136.424 -135.823 -0.36654 0.22917 8 77
601 628 5 0.6486 0.6545 -135.457 -136.581 -0.43254 0.27717 8 76
601 667 6 0.5463 0.548 -138.152 -137.637 -0.35454 0.23517 8 77
601 657 7 0.5948 0.5993 -140.084 -140.25 -0.36654 0.26517 8 78
601 617 8 0.5497 0.5499 -143.795 -144.088 -0.30654 0.25317 9 77
601 621 9 0.5432 0.5435 -140.773 -140.503 -0.33054 0.24117 9 77
601 713 10 0.6136 0.6208 -142.465 -143.137 -0.35454 0.28317 8 77
601 679 11 0.6541 0.6456 -143.548 -143.372 -0.36654 0.29517 8 76
601 626 12 0.6156 0.6108 -147.581 -147.2 -0.31254 0.28917 8 77
601 693 13 0.5435 0.5429 -136.232 -136.332 -0.36054 0.22917 8 77
601 621 14 0.5497 0.5588 -142.134 -142.46 -0.32454 0.25317 9 77
601 646 15 0.5741 0.5761 -146.304 -146.527 -0.30054 0.27117 9 77
601 636 16 0.5827 0.5788 -146.541 -145.991 -0.30654 0.27117 8 77
601 616 17 0.5406 0.5384 -149.271 -149.283 -0.25854 0.25917 9 77
601 624 18 0.5572 0.5623 -143.733 -144.202 -0.31254 0.25917 9 77
601 728 19 0.6333 0.6369 -144.554 -144.791 -0.34854 0.29517 8 77
601 730 20 0.6377 0.6369 -144.829 -144.791 -0.34854 0.29517 8 76
601 632 21 0.6375 0.6459 -135.301 -135.907 -0.43254 0.27117 8 76
601 625 22 0.6195 0.6266 -135.796 -136.527 -0.41454 0.26517 8 76
601 625 23 0.5686 0.5658 -149.108 -148.72 -0.27654 0.27117 9 77
601 671 24 0.5928 0.5929 -141.011 -141.234 -0.35454 0.26517 8 78
601 670 25 0.6354 0.6384 -146.867 -146.79 -0.33054 0.30117 8 77
601 726 26 0.636 0.6369 -144.557 -144.791 -0.34854 0.29517 8 76
601 632 27 0.553 0.5526 -141.437 -141.228 -0.33054 0.24717 9 77
601 691 28 0.621 0.6268 -141.55 -142.179 -0.36654 0.28317 8 77
601 627 29 0.6163 0.6181 -139.403 -139.488 -0.38454 0.27117 8 77
601 606 30 0.6173 0.6157 -148.914 -148.76 -0.30054 0.29517 8 77
601 612 31 0.5308 0.5284 -148.536 -148.684 -0.25854 0.25317 9 77
601 641 32 0.5589 0.565 -141.253 -141.404 -0.33654 0.25317 8 77
601 611 33 0.5452 0.5464 -142.069 -142.306 -0.31854 0.24717 9 77
601 613 34 0.6038 0.6038 -137.76 -137.652 -0.39054 0.25917 8 77
601 653 35 0.5485 0.55 -139.355 -139.44 -0.34254 0.24117 9 77
601 670 36 0.6028 0.6052 -140.686 -141.398 -0.36054 0.27117 8 78
601 696 37 0.6524 0.6426 -143.833 -143.841 -0.36054 0.29517 8 76
601 706 38 0.612 0.6145 -141.806 -142.036 -0.36054 0.27717 8 77
601 701 39 0.6497 0.6437 -146.44 -145.825 -0.34254 0.30117 8 76
601 611 40 0.6458 0.6427 -140.003 -139.864 -0.39654 0.28317 8 76
601 626 41 0.5555 0.5588 -142.628 -142.46 -0.32454 0.25317 9 77
601 706 42 0.6118 0.6114 -142.168 -142.522 -0.35454 0.27717 8 77
601 672 43 0.5584 0.555 -137.311 -136.619 -0.36654 0.23517 8 77
601 636 44 0.5575 0.561 -146.502 -147.02 -0.28854 0.26517 9 77
601 647 45 0.574 0.5806 -142.777 -143.264 -0.33054 0.26517 8 77
601 635 46 0.6529 0.6494 -139.662 -138.97 -0.40854 0.28317 8 76
601 700 47 0.6104 0.6145 -141.515 -142.036 -0.36054 0.27717 8 77
601 663 48 0.648 0.6527 -138.622 -138.53 -0.41454 0.28317 8 76
601 636 49 0.5794 0.5794 -137.244 -137.157 -0.37854 0.24717 8 78
43 153 0 0.5785 0.5335 -137.247 -133.648 -0.37254 0.21717 9 73
43 171 1 0.6432 0.6369 -146.719 -144.791 -0.34854 0.29517 9 73
43 140 2 0.6002 0.6302 -135.398 -143.734 -0.35454 0.28917 9 73
43 166 3 0.5448 0.5297 -136.404 -134.155 -0.36654 0.21717 9 73
43 162 4 0.5798 0.6302 -141.568 -143.734 -0.35454 0.28917 9 73
43 146 5 0.5677 0.6273 -144.423 -144.216 -0.34854 0.28917 9 73
43 164 6 0.5882 0.6273 -143.705 -144.216 -0.34854 0.28917 9 73
43 155 7 0.5347 0.5297 -137.536 -134.155 -0.36654 0.21717 9 73
43 154 8 0.5798 0.6302 -138.676 -143.734 -0.35454 0.28917 9 74
43 138 9 0.5576 0.6302 -147.042 -143.734 -0.35454 0.28917 9 73
43 156 10 0.5821 0.6302 -139.055 -143.734 -0.35454 0.28917 9 74
43 151 11 0.5842 0.5335 -137.368 -133.648 -0.37254 0.21717 9 74
43 169 12 0.6219 0.6302 -141.247 -143.734 -0.35454 0.28917 9 73
43 146 13 0.5477 0.6302 -141.166 -143.734 -0.35454 0.28917 9 73
43 149 14 0.555 0.6302 -139.769 -143.734 -0.35454 0.28917 9 74
43 140 15 0.6369 0.6302 -137.291 -143.734 -0.35454 0.28917 9 73
43 141 16 0.5413 0.6302 -141.371 -143.734 -0.35454 0.28917 9 73
43 162 17 0.5638 0.5335 -136.292 -133.648 -0.37254 0.21717 9 74
43 140 18 0.5534 0.6273 -144.35 -144.216 -0.34854 0.28917 9 73
43 154 19 0.5722 0.6302 -139.179 -143.734 -0.35454 0.28917 9 74
43 166 20 0.5954 0.6302 -140.483 -143.734 -0.35454 0.28917 9 74
43 175 21 0.6274 0.6369 -145.646 -144.791 -0.34854 0.29517 9 73
43 149 22 0.636 0.6369 -148.473 -144.791 -0.34854 0.29517 9 73
43 167 23 0.5549 0.5335 -134.982 -133.648 -0.37254 0.21717 9 73
43 166 24 0.5363 0.5297 -136.16 -134.155 -0.36654 0.21717 9 73
43 178 25 0.6481 0.6369 -145.896 -144.791 -0.34854 0.29517 9 73
43 141 26 0.6175 0.6302 -136.296 -143.734 -0.35454 0.28917 9 73
43 145 27 0.547 0.6302 -139.99 -143.734 -0.35454 0.28917 9 73
43 160 28 0.5674 0.5335 -136.198 -133.648 -0.37254 0.21717 9 74
43 148 29 0.6289 0.6302 -139.28 -143.734 -0.35454 0.28917 9 73
43 141 30 0.565 0.6273 -145.35 -144.216 -0.34854 0.28917 9 73
43 166 31 0.593 0.6273 -144.063 -144.216 -0.34854 0.28917 9 73
43 164 32 0.5834 0.6273 -142.365 -144.216 -0.34854 0.28917 9 73
43 153 33 0.6437 0.6302 -141.006 -143.734 -0.35454 0.28917 9 73
43 158 34 0.5978 0.6273 -145.559 -144.216 -0.34854 0.28917 9 73
43 140 35 0.6119 0.6369 -148.601 -144.791 -0.34854 0.29517 9 73
43 142 36 0.6179 0.6302 -137.316 -143.734 -0.35454 0.28917 9 73
43 138 37 0.6449 0.6302 -137.018 -143.734 -0.35454 0.28917 9 73
43 144 38 0.5442 0.6302 -140.38 -143.734 -0.35454 0.28917 9 73
43 138 39 0.532 0.6302 -143.44 -143.734 -0.35454 0.28917 9 73
43 153 40 0.5644 0.6273 -141.638 -144.216 -0.34854 0.28917 9 73
43 138 41 0.5951 0.6302 -149.463 -143.734 -0.35454 0.28917 9 73
43 144 42 0.5968 0.5335 -136.612 -133.648 -0.37254 0.21717 9 73
43 156 43 0.5913 0.6302 -138.954 -143.734 -0.35454 0.28917 9 74
43 152 44 0.5801 0.5335 -135.472 -133.648 -0.37254 0.21717 9 73
43 170 45 0.6186 0.6302 -141.257 -143.734 -0.35454 0.28917 9 73
43 151 46 0.6451 0.6302 -140.671 -143.734 -0.35454 0.28917 9 73
43 177 47 0.6088 0.6273 -143.566 -144.216 -0.34854 0.28917 9 73
43 140 48 0.536 0.6302 -145.663 -143.734 -0.35454 0.28917 9 73
43 152 49 0.5578 0.5297 -138.764 -134.155 -0.36654 0.21717 9 74
86 173 0 0.5968 0.6244 -145.709 -144.702 -0.34254 0.28917 9 74
86 195 1 0.5657 0.5335 -135.787 -133.648 -0.37254 0.21717 9 74
86 141 2 0.5742 0.6369 -147.001 -144.791 -0.34854 0.29517 9 74
86 155 3 0.6234 0.6369 -148.249 -144.791 -0.34854 0.29517 9 74
86 138 4 0.5356 0.6302 -144.925 -143.734 -0.35454 0.28917 9 74
86 159 5 0.5978 0.5417 -137.245 -134.497 -0.37254 0.22317 9 74
86 191 6 0.6413 0.6332 -141.662 -143.257 -0.36054 0.28917 9 73
86 204 7 0.5951 0.6208 -142.156 -143.137 -0.35454 0.28317 9 74
86 138 8 0.5775 0.6302 -147.925 -143.734 -0.35454 0.28917 9 74
86 150 9 0.5887 0.6273 -146.773 -144.216 -0.34854 0.28917 9 74
86 169 10 0.5944 0.6244 -145.788 -144.702 -0.34254 0.28917 9 74
86 155 11 0.6377 0.6562 -138.986 -138.094 -0.42054 0.28317 9 74
86 212 12 0.624 0.6369 -145.329 -144.791 -0.34854 0.29517 9 74
86 202 13 0.5327 0.5297 -136.045 -134.155 -0.36654 0.21717 9 74
86 222 14 0.6334 0.6369 -144.661 -144.791 -0.34854 0.29517 9 74
86 156 15 0.5674 0.6273 -144.3 -144.216 -0.34854 0.28917 9 74
86 140 16 0.591 0.6369 -148.341 -144.791 -0.34854 0.29517 9 74
86 204 17 0.5508 0.5297 -135.749 -134.155 -0.36654 0.21717 9 74
86 138 18 0.5469 0.6302 -149.651 -143.734 -0.35454 0.28917 9 74
86 180 19 0.549 0.5343 -138.402 -135.513 -0.36054 0.22317 9 74
86 160 20 0.5964 0.5417 -137.481 -134.497 -0.37254 0.22317 9 74
86 176 21 0.5849 0.6208 -139.055 -143.137 -0.35454 0.28317 9 74
86 173 22 0.584 0.5417 -136.281 -134.497 -0.37254 0.22317 9 74
86 178 23 0.5394 0.5343 -138.096 -135.513 -0.36054 0.22317 9 74
86 168 24 0.5621 0.6208 -139.56 -143.137 -0.35454 0.28317 9 74
86 201 25 0.6157 0.6273 -145.56 -144.216 -0.34854 0.28917 9 74
86 138 26 0.547 0.6302 -147.063 -143.734 -0.35454 0.28917 9 74
86 175 27 0.6413 0.6596 -136.665 -137.663 -0.42654 0.28317 9 74
86 182 28 0.5777 0.5417 -137.264 -134.497 -0.37254 0.22317 9 74
86 142 29 0.5383 0.6273 -142.154 -144.216 -0.34854 0.28917 9 74
86 171 30 0.6471 0.6332 -141.061 -143.257 -0.36054 0.28917 9 73
86 144 31 0.5684 0.6273 -146.001 -144.216 -0.34854 0.28917 9 74
86 222 32 0.6205 0.6273 -143.87 -144.216 -0.34854 0.28917 9 73
86 156 33 0.5531 0.6178 -141.336 -143.624 -0.34854 0.28317 9 74
86 162 34 0.624 0.6341 -147.937 -145.272 -0.34254 0.29517 9 74
86 210 35 0.645 0.6369 -146.433 -144.791 -0.34854 0.29517 9 73
86 138 36 0.6031 0.6302 -149.776 -143.734 -0.35454 0.28917 9 74
86 139 37 0.578 0.6302 -148.253 -143.734 -0.35454 0.28917 9 74
86 174 38 0.6112 0.6341 -146.574 -145.272 -0.34254 0.29517 9 74
86 190 39 0.5914 0.6208 -139.986 -143.137 -0.35454 0.28317 9 74
86 138 40 0.5299 0.6302 -146.315 -143.734 -0.35454 0.28917 9 74
86 192 41 0.5824 0.6208 -140.769 -143.137 -0.35454 0.28317 9 74
86 138 42 0.5565 0.6302 -147.309 -143.734 -0.35454 0.28917 9 74
86 173 43 0.6284 0.6341 -147.635 -145.272 -0.34254 0.29517 9 74
86 158 44 0.6217 0.6238 -139.003 -142.656 -0.36054 0.28317 9 74
86 138 45 0.5701 0.6302 -148.646 -143.734 -0.35454 0.28917 9 74
86 138 46 0.5543 0.6302 -147.338 -143.734 -0.35454 0.28917 9 74
86 158 47 0.5944 0.5335 -136.183 -133.648 -0.37254 0.21717 9 74
86 142 48 0.5387 0.6273 -142.476 -144.216 -0.34854 0.28917 9 74
86 195 49 0.5505 0.538 -137.195 -135.002 -0.36654 0.22317 9 74
129 205 0 0.585 0.6145 -139.119 -142.036 -0.36054 0.27717 9 74
129 157 1 0.5334 0.5539 -144.153 -145.846 -0.29454 0.25917 9 74
129 228 2 0.5556 0.538 -137.472 -135.002 -0.36654 0.22317 9 74
129 227 3 0.6057 0.6244 -145.187 -144.702 -0.34254 0.28917 9 74
129 240 4 0.5541 0.538 -136.193 -135.002 -0.36654 0.22317 9 74
129 207 5 0.5338 0.5307 -138.008 -136.031 -0.35454 0.22317 9 74
129 183 6 0.5441 0.55 -139.794 -139.44 -0.34254 0.24117 9 74
129 208 7 0.5763 0.5455 -135.311 -134 -0.37854 0.22317 9 74
129 247 8 0.6286 0.6341 -145.776 -145.272 -0.34254 0.29517 9 74
129 193 9 0.625 0.6439 -137.265 -137.88 -0.41454 0.27717 9 74
129 243 10 0.6282 0.6341 -146.037 -145.272 -0.34254 0.29517 9 74
129 197 11 0.6349 0.6509 -135.233 -137.009 -0.42654 0.27717 9 73
129 180 12 0.6352 0.6527 -139.189 -138.53 -0.41454 0.28317 9 74
129 217 13 0.6456 0.6562 -137.96 -138.094 -0.42054 0.28317 9 74
129 208 14 0.6347 0.6474 -136.724 -137.442 -0.42054 0.27717 9 74
129 263 15 0.6334 0.6369 -144.615 -144.791 -0.34854 0.29517 9 74
129 164 16 0.5487 0.5691 -143.995 -145.378 -0.30654 0.26517 9 74
129 217 17 0.6473 0.6596 -136.578 -137.663 -0.42654 0.28317 9 73
129 213 18 0.5822 0.6114 -139.785 -142.522 -0.35454 0.27717 9 74
129 214 19 0.576 0.5417 -136.134 -134.497 -0.37254 0.22317 9 74
129 185 20 0.5839 0.612 -145.098 -144.61 -0.33654 0.28317 9 74
129 207 21 0.6374 0.6596 -136.314 -137.663 -0.42654 0.28317 9 74
129 180 22 0.5607 0.5836 -142.487 -142.748 -0.33654 0.26517 9 74
129 199 23 0.6554 0.6596 -135.771 -137.663 -0.42654 0.28317 9 73
129 209 24 0.5822 0.6149 -143.642 -144.115 -0.34254 0.28317 9 74
129 220 25 0.5919 0.6145 -139.998 -142.036 -0.36054 0.27717 9 74
129 219 26 0.5857 0.6114 -140.055 -142.522 -0.35454 0.27717 9 74
129 189 27 0.6431 0.6527 -139.395 -138.53 -0.41454 0.28317 9 74
129 225 28 0.5929 0.6149 -143.857 -144.115 -0.34254 0.28317 9 74
129 201 29 0.5676 0.6084 -141.119 -143.013 -0.34854 0.27717 9 74
129 254 30 0.6521 0.6397 -144.121 -144.313 -0.35454 0.29517 9 73
129 189 31 0.5975 0.6145 -138.609 -142.036 -0.36054 0.27717 9 74
129 163 32 0.5377 0.5558 -140.655 -140.698 -0.33654 0.24717 9 74
129 174 33 0.653 0.6332 -140.894 -143.257 -0.36054 0.28917 9 74
129 217 34 0.633 0.6332 -141.134 -143.257 -0.36054 0.28917 9 74
129 241 35 0.5411 0.538 -136.275 -135.002 -0.36654 0.22317 9 74
129 167 36 0.6294 0.6268 -139.256 -142.179 -0.36654 0.28317 9 74
129 224 37 0.6344 0.6332 -141.378 -143.257 -0.36054 0.28917 9 74
129 179 38 0.5774 0.5734 -147.535 -147.068 -0.29454 0.27117 9 74
129 228 39 0.6016 0.6145 -140.414 -142.036 -0.36054 0.27717 9 74
129 168 40 0.6004 0.5833 -148.661 -147.648 -0.29454 0.27717 9 74
129 181 41 0.5743 0.5872 -144.416 -144.415 -0.32454 0.27117 9 74
129 166 42 0.5494 0.5663 -144.429 -145.92 -0.30054 0.26517 9 74
129 198 43 0.5665 0.599 -140.678 -142.383 -0.34854 0.27117 9 74
129 247 44 0.5483 0.5335 -135.122 -133.648 -0.37254 0.21717 9 74
129 174 45 0.5548 0.561 -147.177 -147.02 -0.28854 0.26517 9 74
129 177 46 0.5524 0.5742 -141.476 -142.087 -0.33654 0.25917 9 74
129 195 47 0.581 0.6149 -144.266 -144.115 -0.34254 0.28317 9 74
129 210 48 0.5466 0.5393 -138.534 -136.847 -0.35454 0.22917 9 74
129 216 49 0.5699 0.5465 -138.024 -135.823 -0.36654 0.22917 9 74
172 248 0 0.5384 0.5393 -138.164 -136.847 -0.35454 0.22917 9 74
172 196 1 0.5341 0.5284 -148.893 -148.684 -0.25854 0.25317 9 74
172 249 2 0.5759 0.5501 -136.904 -135.321 -0.37254 0.22917 9 74
172 203 3 0.5459 0.5619 -141.811 -141.929 -0.33054 0.25317 9 74
172 218 4 0.5582 0.5636 -146.568 -146.468 -0.29454 0.26517 9 74
172 246 5 0.5758 0.596 -142.057 -142.883 -0.34254 0.27117 9 74
172 286 6 0.5295 0.5297 -135.286 -134.155 -0.36654 0.21717 9 74
172 197 7 0.5441 0.5409 -148.944 -148.696 -0.26454 0.25917 9 74
172 235 8 0.5948 0.6092 -145.344 -145.11 -0.33054 0.28317 9 74
172 299 9 0.614 0.6273 -144.006 -144.216 -0.34854 0.28917 9 74
172 305 10 0.6333 0.6369 -144.816 -144.791 -0.34854 0.29517 9 74
172 212 11 0.5441 0.5485 -146.911 -146.97 -0.28254 0.25917 9 74
172 220 12 0.5366 0.5411 -139.441 -138.682 -0.34254 0.23517 9 74
172 213 13 0.601 0.5983 -147.564 -147.158 -0.30654 0.28317 9 74
172 201 14 0.5369 0.5334 -148.171 -147.501 -0.27054 0.25317 9 74
172 245 15 0.5825 0.6021 -139.847 -141.888 -0.35454 0.27117 9 74
172 227 16 0.6175 0.6176 -139.613 -141.555 -0.36654 0.27717 9 74
172 211 17 0.5929 0.5622 -137.575 -135.626 -0.37854 0.23517 9 74
172 221 18 0.6174 0.6387 -135.34 -136.773 -0.42054 0.27117 9 74
172 227 19 0.6202 0.6474 -136.382 -137.442 -0.42054 0.27717 9 74
172 219 20 0.5887 0.5833 -147.959 -147.648 -0.29454 0.27717 9 74
172 262 21 0.559 0.5429 -137.632 -136.332 -0.36054 0.22917 9 74
172 284 22 0.5493 0.538 -136.113 -135.002 -0.36654 0.22317 9 74
172 207 23 0.551 0.5594 -144.152 -144.744 -0.30654 0.25917 9 74
172 209 24 0.544 0.5558 -140.842 -140.698 -0.33654 0.24717 9 74
172 298 25 0.62 0.6208 -142.535 -143.137 -0.35454 0.28317 9 74
172 255 26 0.565 0.5465 -137.896 -135.823 -0.36654 0.22917 9 74
172 286 27 0.5474 0.5417 -135.314 -134.497 -0.37254 0.22317 9 74
172 284 28 0.6368 0.6341 -146.273 -145.272 -0.34254 0.29517 9 74
172 205 29 0.5397 0.5539 -144.663 -145.846 -0.29454 0.25917 9 74
172 221 30 0.6222 0.6207 -139.643 -141.079 -0.37254 0.27717 9 74
172 200 31 0.6075 0.6317 -136.414 -137.658 -0.40854 0.27117 9 74
172 221 32 0.5381 0.5411 -139.453 -138.682 -0.34254 0.23517 9 74
172 247 33 0.6308 0.6268 -140.801 -142.179 -0.36654 0.28317 9 74
172 236 34 0.6513 0.6362 -141.853 -142.784 -0.36654 0.28917 9 73
172 199 35 0.6113 0.5932 -148.908 -148.208 -0.29454 0.28317 9 74
172 200 36 0.6066 0.6387 -134.881 -136.773 -0.42054 0.27117 9 74
172 235 37 0.6512 0.6527 -139.435 -138.53 -0.41454 0.28317 9 74
172 227 38 0.5799 0.5455 -135.086 -134 -0.37854 0.22317 9 74
172 257 39 0.5825 0.6084 -142.135 -143.013 -0.34854 0.27717 9 74
172 279 40 0.6317 0.6332 -141.973 -143.257 -0.36054 0.28917 9 74
172 254 41 0.6403 0.6362 -141.67 -142.784 -0.36654 0.28917 9 74
172 203 42 0.615 0.6317 -137.637 -137.658 -0.40854 0.27117 9 74
172 204 43 0.6109 0.6317 -136.8 -137.658 -0.40854 0.27117 9 74
172 235 44 0.6161 0.6188 -146.808 -145.688 -0.33054 0.28917 9 74
172 214 45 0.6031 0.601 -147.238 -146.639 -0.31254 0.28317 9 74
172 251 46 0.6084 0.6176 -139.991 -141.555 -0.36654 0.27717 9 74
172 277 47 0.6049 0.6145 -141.076 -142.036 -0.36054 0.27717 9 74
172 227 48 0.6556 0.6482 -148.562 -147.316 -0.33054 0.30717 9 74
172 242 49 0.5788 0.5501 -136.822 -135.321 -0.37254 0.22917 9 74
215 306 0 0.6546 0.6596 -137.533 -137.663 -0.42654 0.28317 9 74
215 323 1 0.6316 0.6341 -146.075 -145.272 -0.34254 0.29517 9 74
215 321 2 0.5313 0.5343 -135.872 -135.513 -0.36054 0.22317 9 74
215 288 3 0.581 0.6021 -140.437 -141.888 -0.35454 0.27117 9 74
215 248 4 0.6067 0.5958 -148.216 -147.681 -0.30054 0.28317 9 74
215 222 5 0.6311 0.6281 -149.423 -148.769 -0.30654 0.30117 9 74
215 242 6 0.5496 0.5652 -142.769 -143.665 -0.31854 0.25917 9 74
215 300 7 0.6547 0.6562 -138.578 -138.094 -0.42054 0.28317 9 74
215 269 8 0.546 0.55 -139.587 -139.44 -0.34254 0.24117 9 74
215 309 9 0.6294 0.6313 -146.435 -145.758 -0.33654 0.29517 9 74
215 225 10 0.654 0.6494 -140.864 -138.97 -0.40854 0.28317 9 74
215 269 11 0.5858 0.5902 -138.779 -139.568 -0.36654 0.25917 9 74
215 281 12 0.628 0.6474 -136.308 -137.442 -0.42054 0.27717 9 74
215 262 13 0.5846 0.5788 -146.37 -145.991 -0.30654 0.27117 9 74
215 240 14 0.6167 0.6215 -138.564 -139.023 -0.39054 0.27117 9 74
215 315 15 0.5948 0.6084 -142.598 -143.013 -0.34854 0.27717 9 74
215 337 16 0.6547 0.6465 -145.373 -145.348 -0.34854 0.30117 9 74
215 273 17 0.5797 0.5538 -136.234 -134.825 -0.37854 0.22917 9 74
215 255 18 0.5901 0.5833 -148.437 -147.648 -0.29454 0.27717 9 74
215 249 19 0.5972 0.5932 -148.678 -148.208 -0.29454 0.28317 9 74
215 234 20 0.6014 0.6003 -137.398 -138.123 -0.38454 0.25917 9 74
215 266 21 0.5571 0.5682 -140.826 -140.884 -0.34254 0.25317 9 74
215 306 22 0.5984 0.6149 -144.128 -144.115 -0.34254 0.28317 9 74
215 246 23 0.5455 0.5566 -144.263 -145.292 -0.30054 0.25917 9 74
215 256 24 0.581 0.5575 -134.936 -134.337 -0.38454 0.22917 9 74
215 265 25 0.6278 0.6259 -147.617 -146.742 -0.32454 0.29517 9 74
215 250 26 0.5477 0.5459 -147.631 -147.54 -0.27654 0.25917 9 74
215 250 27 0.5421 0.5512 -145.446 -146.405 -0.28854 0.25917 9 74
215 264 28 0.5818 0.5761 -146.643 -146.527 -0.30054 0.27117 9 74
215 241 29 0.6236 0.6181 -139.178 -139.488 -0.38454 0.27117 9 74
215 299 30 0.5526 0.5429 -137.961 -136.332 -0.36054 0.22917 9 74
215 244 31 0.531 0.521 -147.972 -147.46 -0.26454 0.24717 9 74
215 278 32 0.5706 0.5805 -140.381 -141.063 -0.34854 0.25917 9 74
215 250 33 0.5553 0.5682 -142.858 -143.133 -0.32454 0.25917 9 74
215 227 34 0.5317 0.547 -143.221 -144.642 -0.30054 0.25317 9 74
215 271 35 0.5551 0.5591 -139.946 -140.174 -0.34254 0.24717 9 74
215 272 36 0.5616 0.5682 -140.842 -140.884 -0.34254 0.25317 9 74
215 284 37 0.5649 0.5515 -138.664 -137.125 -0.36054 0.23517 9 74
215 340 38 0.6514 0.6465 -145.714 -145.348 -0.34854 0.30117 9 74
215 271 39 0.5566 0.5591 -140.119 -140.174 -0.34254 0.24717 9 74
215 325 40 0.6326 0.6332 -142.239 -143.257 -0.36054 0.28917 9 74
215 308 41 0.5606 0.5465 -137.054 -135.823 -0.36654 0.22917 9 74
215 347 42 0.6423 0.6369 -145.144 -144.791 -0.34854 0.29517 9 74
215 254 43 0.5989 0.5859 -147.528 -147.114 -0.30054 0.27717 9 74
215 266 44 0.5819 0.5538 -136.148 -134.825 -0.37854 0.22917 9 74
215 311 45 0.5959 0.6114 -141.071 -142.522 -0.35454 0.27717 9 74
215 256 46 0.5467 0.5512 -146.057 -146.405 -0.28854 0.25917 9 74
215 224 47 0.6219 0.6032 -149.63 -148.751 -0.29454 0.28917 9 74
215 224 48 0.6251 0.6157 -149.453 -148.76 -0.30054 0.29517 9 74
215 268 49 0.5666 0.5836 -142.239 -142.748 -0.33654 0.26517 9 74
258 349 0 0.5611 0.5455 -135.142 -134 -0.37854 0.22317 9 74
258 307 1 0.6425 0.6509 -135.283 -137.009 -0.42654 0.27717 9 74
258 321 2 0.6302 0.6474 -136.094 -137.442 -0.42054 0.27717 9 74
258 331 3 0.5824 0.6021 -140.859 -141.888 -0.35454 0.27117 9 75
258 336 4 0.554 0.548 -138.197 -137.637 -0.35454 0.23517 9 74
258 315 5 0.5767 0.5806 -143.301 -143.264 -0.33054 0.26517 9 74
258 303 6 0.5709 0.5747 -144.002 -144.31 -0.31854 0.26517 9 74
258 333 7 0.5675 0.555 -137.651 -136.619 -0.36654 0.23517 9 74
258 288 8 0.5356 0.5414 -145.034 -145.768 -0.28854 0.25317 9 74
258 296 9 0.5615 0.5683 -148.136 -148.164 -0.28254 0.27117 9 74
258 288 10 0.553 0.5558 -148.533 -148.14 -0.27654 0.26517 9 74
258 303 11 0.5895 0.5859 -147.151 -147.114 -0.30054 0.27717 9 74
258 300 12 0.5507 0.5512 -146.427 -146.405 -0.28854 0.25917 9 74
258 345 13 0.6152 0.6176 -140.728 -141.555 -0.36654 0.27717 8 74
258 288 14 0.5672 0.5658 -149.165 -148.72 -0.27654 0.27117 9 74
258 304 15 0.6525 0.6482 -148.488 -147.316 -0.33054 0.30717 9 74
258 353 16 0.6013 0.6145 -140.855 -142.036 -0.36054 0.27717 9 74
258 334 17 0.6071 0.6216 -145.41 -145.193 -0.33654 0.28917 9 74
258 327 18 0.5891 0.6025 -144.095 -144.009 -0.33654 0.27717 9 74
258 287 19 0.5899 0.5744 -136.702 -135.919 -0.38454 0.24117 9 75
258 289 20 0.5459 0.5526 -141.163 -141.228 -0.33054 0.24717 9 74
258 384 21 0.6279 0.6273 -144.754 -144.216 -0.34854 0.28917 8 74
258 367 22 0.5492 0.5417 -135.524 -134.497 -0.37254 0.22317 9 74
258 257 23 0.5951 0.5901 -135.275 -135.728 -0.39654 0.24717 9 74
258 374 24 0.6062 0.6178 -143.248 -143.624 -0.34854 0.28317 8 74
258 318 25 0.572 0.5836 -142.357 -142.748 -0.33654 0.26517 9 74
258 305 26 0.5632 0.5742 -142.056 -142.087 -0.33654 0.25917 9 74
258 362 27 0.622 0.6244 -145.468 -144.702 -0.34254 0.28917 9 74
258 296 28 0.5872 0.5808 -148.794 -148.187 -0.28854 0.27717 9 74
258 311 29 0.5499 0.55 -139.919 -139.44 -0.34254 0.24117 9 75
258 352 30 0.6097 0.6244 -144.915 -144.702 -0.34254 0.28917 9 74
258 320 31 0.6539 0.6482 -148.024 -147.316 -0.33054 0.30717 9 74
258 280 32 0.6396 0.6431 -148.874 -148.287 -0.31854 0.30717 9 74
258 337 33 0.5832 0.599 -141.382 -142.383 -0.34854 0.27117 9 75
258 287 34 0.6176 0.6283 -137.588 -138.108 -0.40254 0.27117 9 74
258 287 35 0.5428 0.5539 -144.728 -145.846 -0.29454 0.25917 9 74
258 288 36 0.6364 0.6371 -139.345 -138.77 -0.40254 0.27717 9 74
258 265 37 0.6279 0.6182 -149.215 -148.249 -0.30654 0.29517 9 74
258 308 38 0.6516 0.6362 -142.032 -142.784 -0.36654 0.28917 9 74
258 284 39 0.6112 0.623 -136.233 -136.974 -0.40854 0.26517 9 74
258 345 40 0.5906 0.6114 -141.538 -142.522 -0.35454 0.27717 9 75
258 320 41 0.6486 0.6527 -139.106 -138.53 -0.41454 0.28317 9 74
258 297 42 0.5473 0.5485 -146.695 -146.97 -0.28254 0.25917 9 74
258 267 43 0.5366 0.5464 -141.958 -142.306 -0.31854 0.24717 9 74
258 323 44 0.5469 0.5445 -138.918 -138.157 -0.34854 0.23517 9 74
258 273 45 0.541 0.5528 -142.642 -143.539 -0.31254 0.25317 9 74
258 326 46 0.653 0.6527 -139.085 -138.53 -0.41454 0.28317 9 74
258 325 47 0.5549 0.548 -138.847 -137.637 -0.35454 0.23517 9 75
258 252 48 0.5937 0.5938 -134.882 -135.264 -0.40254 0.24717 9 74
258 371 49 0.619 0.6238 -141.755 -142.656 -0.36054 0.28317 8 74
301 323 0 0.6109 0.623 -136.31 -136.974 -0.40854 0.26517 9 75
301 335 1 0.5552 0.5558 -148.208 -148.14 -0.27654 0.26517 9 75
301 348 2 0.5777 0.5734 -147.484 -147.068 -0.29454 0.27117 9 75
301 331 3 0.5319 0.5378 -139.499 -139.214 -0.33654 0.23517 9 74
301 417 4 0.6504 0.6465 -146.046 -145.348 -0.34854 0.30117 8 74
301 407 5 0.5429 0.538 -136.061 -135.002 -0.36654 0.22317 9 75
301 320 6 0.5394 0.5384 -149.577 -149.283 -0.25854 0.25917 9 75
301 343 7 0.5542 0.561 -146.448 -147.02 -0.28854 0.26517 9 75
301 362 8 0.5726 0.5805 -140.716 -141.063 -0.34854 0.25917 9 75
301 344 9 0.5648 0.5691 -145.132 -145.378 -0.30654 0.26517 9 75
301 385 10 0.6509 0.6596 -137.429 -137.663 -0.42654 0.28317 8 74
301 364 11 0.5673 0.5602 -138.639 -137.894 -0.36054 0.24117 9 75
301 341 12 0.5625 0.5584 -147.772 -147.578 -0.28254 0.26517 9 75
301 332 13 0.63 0.6371 -138.8 -138.77 -0.40254 0.27717 9 75
301 326 14 0.5528 0.5682 -142.72 -143.133 -0.32454 0.25917 9 75
301 430 15 0.6345 0.6369 -144.409 -144.791 -0.34854 0.29517 8 74
301 327 16 0.5817 0.5696 -134.921 -134.659 -0.39054 0.23517 8 75
301 396 17 0.5441 0.5429 -136.856 -136.332 -0.36054 0.22917 9 75
301 432 18 0.6241 0.6273 -143.842 -144.216 -0.34854 0.28917 8 74
301 418 19 0.636 0.6341 -145.739 -145.272 -0.34254 0.29517 8 74
301 329 20 0.5478 0.5594 -144.257 -144.744 -0.30654 0.25917 9 75
301 325 21 0.5557 0.561 -149.856 -149.845 -0.26454 0.27117 9 75
301 358 22 0.5707 0.5657 -139.27 -139.144 -0.35454 0.24717 9 75
301 335 23 0.5603 0.5652 -143.222 -143.665 -0.31854 0.25917 9 75
301 337 24 0.5455 0.5539 -145.473 -145.846 -0.29454 0.25917 9 75
301 341 25 0.6249 0.6239 -139.999 -140.608 -0.37854 0.27717 9 75
301 302 26 0.5304 0.5404 -142.711 -143.409 -0.30654 0.24717 9 75
301 347 27 0.6348 0.6405 -138.622 -138.323 -0.40854 0.27717 8 74
301 354 28 0.5808 0.5813 -138.841 -138.864 -0.36654 0.25317 9 75
301 347 29 0.5672 0.5636 -146.517 -146.468 -0.29454 0.26517 9 75
301 400 30 0.6436 0.6332 -142.868 -143.257 -0.36054 0.28917 8 74
301 330 31 0.5399 0.5442 -145.03 -145.203 -0.29454 0.25317 9 75
301 396 32 0.6201 0.6216 -145.633 -145.193 -0.33654 0.28917 8 74
301 350 33 0.5363 0.5411 -138.85 -138.682 -0.34254 0.23517 9 74
301 393 34 0.5608 0.5501 -135.82 -135.321 -0.37254 0.22917 9 75
301 344 35 0.6211 0.6387 -135.929 -136.773 -0.42054 0.27117 9 74
301 345 36 0.5497 0.5558 -140.376 -140.698 -0.33654 0.24717 9 75
301 432 37 0.6413 0.6369 -144.957 -144.791 -0.34854 0.29517 8 74
301 359 38 0.5714 0.569 -139.008 -138.638 -0.36054 0.24717 9 75
301 356 39 0.5928 0.5967 -145.253 -145.025 -0.32454 0.27717 9 75
301 365 40 0.5738 0.5586 -137.138 -136.119 -0.37254 0.23517 9 75
301 300 41 0.63 0.6257 -149.695 -149.274 -0.30054 0.30117 9 75
301 325 42 0.5588 0.561 -149.806 -149.845 -0.26454 0.27117 9 75
301 392 43 0.5415 0.5429 -136.947 -136.332 -0.36054 0.22917 9 74
301 350 44 0.6328 0.6299 -140.804 -141.706 -0.37254 0.28317 8 74
301 416 45 0.5393 0.538 -135.282 -135.002 -0.36654 0.22317 9 74
301 356 46 0.5578 0.5591 -140.074 -140.174 -0.34254 0.24717 9 75
301 331 47 0.6491 0.6494 -139.954 -138.97 -0.40854 0.28317 9 74
301 333 48 0.6032 0.5958 -147.892 -147.681 -0.30054 0.28317 9 75
301 344 49 0.5894 0.5936 -138.499 -139.081 -0.37254 0.25917 8 75
344 364 0 0.6023 0.5907 -149.511 -148.741 -0.28854 0.28317 9 75
344 405 1 0.555 0.5534 -139.354 -138.918 -0.34854 0.24117 9 75
344 389 2 0.6251 0.6352 -137.162 -137.213 -0.41454 0.27117 8 75
344 368 3 0.5605 0.5634 -149.432 -149.28 -0.27054 0.27117 9 75
344 409 4 0.572 0.5586 -136.983 -136.119 -0.37254 0.23517 8 75
344 389 5 0.574 0.5776 -143.972 -143.784 -0.32454 0.26517 9 75
344 474 6 0.6311 0.6302 -144.05 -143.734 -0.35454 0.28917 8 75
344 352 7 0.6445 0.6395 -140.621 -140.317 -0.39054 0.28317 8 75
344 392 8 0.5797 0.5708 -136.956 -136.403 -0.37854 0.24117 8 75
344 364 9 0.5877 0.578 -136.066 -135.44 -0.39054 0.24117 8 75
344 454 10 0.6057 0.6114 -142.047 -142.522 -0.35454 0.27717 8 75
344 395 11 0.5829 0.5902 -139.101 -139.568 -0.36654 0.25917 8 75
344 392 12 0.5758 0.5734 -147.141 -147.068 -0.29454 0.27117 9 75
344 382 13 0.5529 0.5584 -147.456 -147.578 -0.28254 0.26517 9 75
344 380 14 0.641 0.6299 -141.176 -141.706 -0.37254 0.28317 8 75
344 468 15 0.618 0.6208 -142.598 -143.137 -0.35454 0.28317 8 75
344 470 16 0.6329 0.6369 -145.011 -144.791 -0.34854 0.29517 8 75
344 447 17 0.6242 0.6341 -145.443 -145.272 -0.34254 0.29517 8 75
344 354 18 0.5401 0.5464 -141.973 -142.306 -0.31854 0.24717 9 75
344 397 19 0.573 0.5659 -135.54 -135.139 -0.38454 0.23517 8 75
344 429 20 0.5931 0.6021 -141.023 -141.888 -0.35454 0.27117 8 75
344 438 21 0.6556 0.6426 -143.737 -143.841 -0.36054 0.29517 8 74
344 385 22 0.6477 0.6545 -135.333 -136.581 -0.43254 0.27717 8 74
344 429 23 0.5911 0.599 -141.771 -142.383 -0.34854 0.27117 8 75
344 461 24 0.6117 0.6178 -143.684 -143.624 -0.34854 0.28317 8 75
344 429 25 0.6221 0.6268 -141.162 -142.179 -0.36654 0.28317 8 75
344 373 26 0.5362 0.5334 -147.806 -147.501 -0.27054 0.25317 9 75
344 404 27 0.5563 0.5534 -139.459 -138.918 -0.34854 0.24117 9 75
344 371 28 0.6163 0.6301 -135.297 -136.084 -0.42054 0.26517 8 75
344 407 29 0.5754 0.5805 -140.993 -141.063 -0.34854 0.25917 9 75
344 425 30 0.6078 0.612 -145.031 -144.61 -0.33654 0.28317 8 75
344 400 31 0.576 0.5779 -139.076 -139.361 -0.36054 0.25317 8 75
344 353 32 0.6466 0.6507 -149.48 -149.272 -0.31254 0.31317 9 75
344 378 33 0.5488 0.5459 -147.801 -147.54 -0.27654 0.25917 9 75
344 345 34 0.5334 0.5464 -141.403 -142.306 -0.31854 0.24717 9 75
344 419 35 0.6378 0.6474 -136.807 -137.442 -0.42054 0.27717 8 74
344 402 36 0.6466 0.6362 -142.107 -142.784 -0.36654 0.28917 8 74
344 378 37 0.5562 0.5594 -144.661 -144.744 -0.30654 0.25917 9 75
344 395 38 0.5806 0.5813 -138.949 -138.864 -0.36654 0.25317 8 75
344 344 39 0.6009 0.6023 -135.73 -136.005 -0.40254 0.25317 8 75
344 457 40 0.5407 0.538 -135.134 -135.002 -0.36654 0.22317 9 75
344 406 41 0.5799 0.5836 -142.868 -142.748 -0.33654 0.26517 9 75
344 440 42 0.5473 0.5429 -136.719 -136.332 -0.36054 0.22917 9 75
344 340 43 0.5304 0.5434 -142.272 -142.854 -0.31254 0.24717 9 75
344 357 44 0.6091 0.6008 -149.858 -149.276 -0.28854 0.28917 9 75
344 365 45 0.6067 0.5932 -148.766 -148.208 -0.29454 0.28317 9 75
344 459 46 0.6187 0.6244 -144.575 -144.702 -0.34254 0.28917 8 75
344 381 47 0.5498 0.5485 -146.827 -146.97 -0.28254 0.25917 9 75
344 390 48 0.6364 0.6405 -138.721 -138.323 -0.40854 0.27717 8 75
344 380 49 0.5598 0.5682 -142.673 -143.133 -0.32454 0.25917 9 75
387 400 0 0.5331 0.5435 -140.164 -140.503 -0.33054 0.24117 9 75
387 415 1 0.5834 0.5744 -135.941 -135.919 -0.38454 0.24117 8 75
387 396 2 0.6448 0.6427 -140.24 -139.864 -0.39654 0.28317 8 75
387 438 3 0.5624 0.5682 -140.468 -140.884 -0.34254 0.25317 9 75
387 478 4 0.619 0.6216 -145.57 -145.193 -0.33654 0.28917 8 75
387 435 5 0.6213 0.6259 -147.007 -146.742 -0.32454 0.29517 9 75
387 462 6 0.5656 0.5538 -135.375 -134.825 -0.37854 0.22917 8 75
387 450 7 0.6557 0.6527 -139.158 -138.53 -0.41454 0.28317 8 74
387 431 8 0.568 0.5663 -145.833 -145.92 -0.30054 0.26517 9 75
387 420 9 0.6427 0.6456 -148.37 -147.8 -0.32454 0.30717 9 75
387 433 10 0.5656 0.5663 -145.821 -145.92 -0.30054 0.26517 9 75
387 436 11 0.5769 0.5708 -136.812 -136.403 -0.37854 0.24117 8 76
387 456 12 0.5813 0.5866 -141.883 -142.238 -0.34254 0.26517 8 75
387 444 13 0.5381 0.5445 -138.3 -138.157 -0.34854 0.23517 9 75
387 424 14 0.5876 0.5808 -148.303 -148.187 -0.28854 0.27717 9 75
387 425 15 0.6155 0.6134 -147.217 -146.691 -0.31854 0.28917 8 75
387 412 16 0.5493 0.5533 -148.352 -148.708 -0.27054 0.26517 9 75
387 448 17 0.6246 0.6207 -140.735 -141.079 -0.37254 0.27717 8 75
387 507 18 0.6478 0.6465 -145.694 -145.348 -0.34854 0.30117 8 75
387 417 19 0.5562 0.5623 -143.942 -144.202 -0.31254 0.25917 9 75
387 503 20 0.6464 0.6426 -143.943 -143.841 -0.36054 0.29517 8 75
387 475 21 0.5944 0.6084 -142.278 -143.013 -0.34854 0.27717 8 75
387 424 22 0.5664 0.5776 -143.435 -143.784 -0.32454 0.26517 9 75
387 421 23 0.6114 0.6108 -147.272 -147.2 -0.31254 0.28917 8 75
387 429 24 0.6386 0.6423 -135.343 -136.337 -0.42654 0.27117 8 74
387 430 25 0.6174 0.6207 -139.948 -141.079 -0.37254 0.27717 8 75
387 481 26 0.5996 0.6054 -143.324 -143.509 -0.34254 0.27717 8 75
387 444 27 0.5703 0.569 -138.661 -138.638 -0.36054 0.24717 8 76
387 504 28 0.6188 0.6238 -142.17 -142.656 -0.36054 0.28317 8 75
387 426 29 0.6442 0.6456 -148.27 -147.8 -0.32454 0.30717 9 75
387 500 30 0.6267 0.6238 -142.343 -142.656 -0.36054 0.28317 8 75
387 456 31 0.5835 0.596 -142.475 -142.883 -0.34254 0.27117 8 75
387 391 32 0.6144 0.6008 -149.719 -149.276 -0.28854 0.28917 9 75
387 432 33 0.578 0.5815 -145.319 -145.461 -0.31254 0.27117 9 75
387 449 34 0.5948 0.5993 -139.874 -140.25 -0.36654 0.26517 8 76
387 443 35 0.6004 0.6092 -145.393 -145.11 -0.33054 0.28317 8 75
387 416 36 0.6076 0.5983 -147.683 -147.158 -0.30654 0.28317 9 75
387 421 37 0.5989 0.5983 -147.513 -147.158 -0.30654 0.28317 9 75
387 422 38 0.5827 0.5708 -136.667 -136.403 -0.37854 0.24117 8 75
387 459 39 0.5971 0.6025 -144.375 -144.009 -0.33654 0.27717 8 75
387 456 40 0.6005 0.6084 -140.085 -140.913 -0.36654 0.27117 8 76
387 436 41 0.6258 0.6259 -147.264 -146.742 -0.32454 0.29517 8 75
387 441 42 0.6014 0.6064 -145.754 -145.615 -0.32454 0.28317 8 75
387 425 43 0.5522 0.561 -146.696 -147.02 -0.28854 0.26517 9 75
387 497 44 0.6489 0.6426 -143.721 -143.841 -0.36054 0.29517 8 74
387 433 45 0.5684 0.5712 -142.665 -142.607 -0.33054 0.25917 9 75
387 420 46 0.542 0.5485 -146.831 -146.97 -0.28254 0.25917 9 75
387 425 47 0.5624 0.5682 -142.94 -143.133 -0.32454 0.25917 9 75
387 439 48 0.6024 0.6025 -139.602 -139.767 -0.37254 0.26517 8 75
387 450 49 0.5424 0.5445 -138.388 -138.157 -0.34854 0.23517 9 75
429 474 0 0.5772 0.5622 -136.392 -135.626 -0.37854 0.23517 8 76
429 477 1 0.625 0.6352 -136.837 -137.213 -0.41454 0.27117 8 75
429 485 2 0.5717 0.5774 -141.524 -141.572 -0.34254 0.25917 8 76
429 433 3 0.5361 0.5464 -141.738 -142.306 -0.31854 0.24717 9 75
429 503 4 0.6437 0.6474 -136.862 -137.442 -0.42054 0.27717 8 74
429 523 5 0.5411 0.5429 -136.457 -136.332 -0.36054 0.22917 9 75
429 554 6 0.6432 0.6397 -144.787 -144.313 -0.35454 0.29517 8 75
429 495 7 0.6368 0.6299 -141.634 -141.706 -0.37254 0.28317 8 75
429 462 8 0.5535 0.5558 -148.189 -148.14 -0.27654 0.26517 9 75
429 466 9 0.6044 0.6058 -139.001 -139.288 -0.37854 0.26517 8 76
429 455 10 0.5313 0.5387 -146.087 -146.34 -0.28254 0.25317 9 75
429 468 11 0.5532 0.5539 -145.994 -145.846 -0.29454 0.25917 9 75
429 530 12 0.5484 0.5465 -136.17 -135.823 -0.36654 0.22917 8 75
429 460 13 0.5382 0.5387 -146.607 -146.34 -0.28254 0.25317 9 75
429 488 14 0.5767 0.5837 -140.106 -140.559 -0.35454 0.25917 8 76
429 473 15 0.5682 0.5663 -146.234 -145.92 -0.30054 0.26517 9 76
429 453 16 0.593 0.5881 -137.638 -137.889 -0.37854 0.25317 8 76
429 507 17 0.5505 0.548 -137.66 -137.637 -0.35454 0.23517 8 76
429 463 18 0.5911 0.5907 -148.721 -148.741 -0.28854 0.28317 9 75
429 473 19 0.5788 0.5843 -144.443 -144.935 -0.31854 0.27117 9 76
429 474 20 0.5889 0.5912 -145.975 -146.06 -0.31254 0.27717 9 76
429 496 21 0.643 0.6384 -147.459 -146.79 -0.33054 0.30117 8 75
429 442 22 0.5316 0.5346 -143.973 -144.536 -0.29454 0.24717 9 75
429 470 23 0.5693 0.5776 -143.173 -143.784 -0.32454 0.26517 9 76
429 476 24 0.5617 0.565 -141.277 -141.404 -0.33654 0.25317 9 76
429 466 25 0.6049 0.601 -147.029 -146.639 -0.31254 0.28317 9 76
429 542 26 0.6155 0.6238 -142.09 -142.656 -0.36054 0.28317 8 75
429 476 27 0.6552 0.6482 -148.232 -147.316 -0.33054 0.30717 8 75
429 523 28 0.5988 0.6114 -141.955 -142.522 -0.35454 0.27717 8 76
429 499 29 0.5667 0.5538 -135.402 -134.825 -0.37854 0.22917 8 76
429 434 30 0.6516 0.658 -134.885 -136.157 -0.43854 0.27717 8 74
429 474 31 0.5828 0.5833 -147.626 -147.648 -0.29454 0.27717 9 75
429 438 32 0.5324 0.5435 -140.248 -140.503 -0.33054 0.24117 9 75
429 485 33 0.5922 0.5993 -139.501 -140.25 -0.36654 0.26517 8 76
429 463 34 0.5626 0.5682 -143.243 -143.133 -0.32454 0.25917 9 76
429 487 35 0.5706 0.569 -138.681 -138.638 -0.36054 0.24717 8 76
429 506 36 0.559 0.555 -137.318 -136.619 -0.36654 0.23517 8 76
429 454 37 0.5502 0.5588 -142.309 -142.46 -0.32454 0.25317 9 76
429 507 38 0.6493 0.6562 -138.1 -138.094 -0.42054 0.28317 8 75
429 475 39 0.5501 0.55 -140.064 -139.44 -0.34254 0.24117 9 76
429 440 40 0.6107 0.6032 -149.39 -148.751 -0.29454 0.28917 9 75
429 479 41 0.5795 0.5779 -138.992 -139.361 -0.36054 0.25317 8 76
429 558 42 0.6244 0.6302 -143.554 -143.734 -0.35454 0.28917 8 75
429 495 43 0.5594 0.5568 -138.744 -138.403 -0.35454 0.24117 8 76
429 542 44 0.6182 0.6244 -144.623 -144.702 -0.34254 0.28917 8 75
429 446 45 0.6533 0.6423 -141.948 -141.852 -0.37854 0.28917 8 75
429 484 46 0.6107 0.6161 -146.175 -146.187 -0.32454 0.28917 8 76
429 456 47 0.5566 0.5558 -148.584 -148.14 -0.27654 0.26517 9 76
429 527 48 0.6009 0.6084 -142.984 -143.013 -0.34854 0.27717 8 76
429 485 49 0.57 0.5575 -135.151 -134.337 -0.38454 0.22917 8 76
472 509 0 0.5726 0.5683 -148.339 -148.164 -0.28254 0.27117 9 76
472 519 1 0.5765 0.5708 -136.511 -136.403 -0.37854 0.24117 8 76
472 570 2 0.6381 0.6362 -142.625 -142.784 -0.36654 0.28917 8 75
472 473 3 0.6272 0.6281 -149.137 -148.769 -0.30654 0.30117 9 76
472 576 4 0.6135 0.6149 -144.376 -144.115 -0.34254 0.28317 8 76
472 505 5 0.5929 0.5932 -148.374 -148.208 -0.29454 0.28317 9 76
472 534 6 0.5698 0.5586 -136.874 -136.119 -0.37254 0.23517 8 76
472 495 7 0.5936 0.5916 -137.466 -137.409 -0.38454 0.25317 8 76
472 541 8 0.5378 0.5358 -137.615 -137.37 -0.34854 0.22917 9 76
472 520 9 0.5727 0.5659 -135.262 -135.139 -0.38454 0.23517 8 76
472 494 10 0.6327 0.6337 -139.278 -139.222 -0.39654 0.27717 8 76
472 509 11 0.556 0.5619 -141.819 -141.929 -0.33054 0.25317 9 76
472 496 12 0.5953 0.5969 -137.982 -138.599 -0.37854 0.25917 8 76
472 474 13 0.6061 0.6144 -135.636 -136.271 -0.40854 0.25917 8 76
472 529 14 0.6539 0.6456 -142.885 -143.372 -0.36654 0.29517 8 75
472 501 15 0.6262 0.6233 -147.845 -147.24 -0.31854 0.29517 8 76
472 552 16 0.5611 0.555 -136.853 -136.619 -0.36654 0.23517 8 76
472 493 17 0.6234 0.6181 -139.448 -139.488 -0.38454 0.27117 8 76
472 566 18 0.6413 0.6362 -142.669 -142.784 -0.36654 0.28917 8 75
472 595 19 0.6158 0.6178 -143.478 -143.624 -0.34854 0.28317 8 76
472 539 20 0.634 0.6299 -141.476 -141.706 -0.37254 0.28317 8 75
472 525 21 0.5498 0.55 -139.431 -139.44 -0.34254 0.24117 9 76
472 514 22 0.5608 0.5636 -146.027 -146.468 -0.29454 0.26517 9 76
472 553 23 0.5973 0.6052 -141.006 -141.398 -0.36054 0.27117 8 76
472 509 24 0.5543 0.5584 -147.198 -147.578 -0.28254 0.26517 9 76
472 506 25 0.549 0.5539 -145.313 -145.846 -0.29454 0.25917 9 76
472 487 26 0.6454 0.6406 -149.091 -148.778 -0.31254 0.30717 8 76
472 548 27 0.6494 0.6474 -137.27 -137.442 -0.42054 0.27717 8 75
472 478 28 0.5841 0.5817 -134.924 -134.968 -0.39654 0.24117 8 76
472 519 29 0.5779 0.5776 -143.659 -143.784 -0.32454 0.26517 9 76
472 539 30 0.5902 0.596 -140.451 -140.739 -0.36054 0.26517 8 76
472 493 31 0.6147 0.6082 -148.178 -147.712 -0.30654 0.28917 9 76
472 542 32 0.6026 0.612 -144.764 -144.61 -0.33654 0.28317 8 76
472 597 33 0.6403 0.6397 -143.993 -144.313 -0.35454 0.29517 8 75
472 521 34 0.5891 0.5902 -139.132 -139.568 -0.36654 0.25917 8 76
472 488 35 0.6288 0.6337 -139.172 -139.222 -0.39654 0.27717 8 76
472 509 36 0.5624 0.5691 -144.915 -145.378 -0.30654 0.26517 9 76
472 528 37 0.6515 0.6456 -142.728 -143.372 -0.36654 0.29517 8 75
472 509 38 0.6233 0.6352 -136.151 -137.213 -0.41454 0.27117 8 75
472 553 39 0.5589 0.555 -136.933 -136.619 -0.36654 0.23517 8 76
472 476 40 0.6472 0.6395 -140.645 -140.317 -0.39054 0.28317 8 75
472 521 41 0.5962 0.5967 -145.468 -145.025 -0.32454 0.27717 8 76
472 529 42 0.6157 0.6161 -146.293 -146.187 -0.32454 0.28917 8 76
472 524 43 0.5809 0.5779 -139.326 -139.361 -0.36054 0.25317 8 76
472 485 44 0.6413 0.6337 -139.774 -139.222 -0.39654 0.27717 8 75
472 495 45 0.5296 0.529 -146.019 -145.687 -0.28254 0.24717 9 75
472 481 46 0.6133 0.6032 -149.043 -148.751 -0.29454 0.28917 9 76
472 596 47 0.6198 0.6273 -143.945 -144.216 -0.34854 0.28917 8 76
472 511 48 0.572 0.5719 -145.143 -144.842 -0.31254 0.26517 9 76
472 487 49 0.5437 0.5495 -141.835 -141.764 -0.32454 0.24717 9 76
515 545 0 0.5435 0.5459 -147.697 -147.54 -0.27654 0.25917 9 76
515 570 1 0.5937 0.5993 -139.644 -140.25 -0.36654 0.26517 8 77
515 537 2 0.6323 0.6271 -140.365 -140.141 -0.38454 0.27717 8 76
515 520 3 0.6274 0.6281 -148.777 -148.769 -0.30654 0.30117 9 76
515 531 4 0.6144 0.6195 -136.875 -137.427 -0.40254 0.26517 8 76
515 562 5 0.5802 0.5813 -138.613 -138.864 -0.36654 0.25317 8 77
515 535 6 0.5955 0.5916 -137.436 -137.409 -0.38454 0.25317 8 77
515 543 7 0.5416 0.5485 -146.937 -146.97 -0.28254 0.25917 9 76
515 549 8 0.5834 0.5794 -137.165 -137.157 -0.37854 0.24717 8 77
515 532 9 0.6412 0.6331 -140.952 -141.239 -0.37854 0.28317 8 76
515 539 10 0.6165 0.6266 -135.859 -136.527 -0.41454 0.26517 8 76
515 557 11 0.5803 0.5833 -147.693 -147.648 -0.29454 0.27717 9 76
515 551 12 0.5403 0.5467 -139.799 -139.968 -0.33654 0.24117 9 76
515 559 13 0.6525 0.6494 -139.497 -138.97 -0.40854 0.28317 8 75
515 572 14 0.6545 0.6527 -139.208 -138.53 -0.41454 0.28317 8 75
515 569 15 0.6369 0.6423 -136.066 -136.337 -0.42654 0.27117 8 75
515 536 16 0.5575 0.5634 -149.082 -149.28 -0.27054 0.27117 9 76
515 565 17 0.5646 0.5714 -140.305 -140.37 -0.34854 0.25317 8 77
515 550 18 0.6229 0.6352 -136.872 -137.213 -0.41454 0.27117 8 76
515 558 19 0.5665 0.5708 -147.458 -147.613 -0.28854 0.27117 9 76
515 559 20 0.5756 0.5788 -145.754 -145.991 -0.30654 0.27117 9 76
515 569 21 0.6413 0.6392 -141.825 -142.316 -0.37254 0.28917 8 76
515 554 22 0.5739 0.5659 -135.163 -135.139 -0.38454 0.23517 8 76
515 585 23 0.6421 0.6362 -142.244 -142.784 -0.36654 0.28917 8 76
515 540 24 0.627 0.6271 -140.026 -140.141 -0.38454 0.27717 8 76
515 572 25 0.562 0.5623 -139.714 -139.656 -0.34854 0.24717 8 77
515 638 26 0.6157 0.6208 -142.979 -143.137 -0.35454 0.28317 8 76
515 537 27 0.5558 0.5533 -148.933 -148.708 -0.27054 0.26517 9 76
515 589 28 0.6452 0.6509 -136.656 -137.009 -0.42654 0.27717 8 75
515 536 29 0.5672 0.5734 -149.816 -149.831 -0.27054 0.27717 9 76
515 543 30 0.5596 0.5623 -144.347 -144.202 -0.31254 0.25917 9 76
515 550 31 0.5921 0.5859 -147.661 -147.114 -0.30054 0.27717 9 76
515 605 32 0.5554 0.5465 -136.234 -135.823 -0.36654 0.22917 8 76
515 554 33 0.5582 0.5584 -147.644 -147.578 -0.28254 0.26517 9 76
515 539 34 0.5791 0.578 -135.406 -135.44 -0.39054 0.24117 8 76
515 569 35 0.6347 0.6299 -141.295 -141.706 -0.37254 0.28317 8 76
515 506 36 0.5319 0.5371 -141.652 -141.591 -0.31854 0.24117 9 76
515 534 37 0.6049 0.6032 -148.739 -148.751 -0.29454 0.28917 8 76
515 556 38 0.5772 0.5788 -145.595 -145.991 -0.30654 0.27117 9 76
515 535 39 0.5436 0.5409 -148.664 -148.696 -0.26454 0.25917 9 76
515 595 40 0.6542 0.6456 -143.496 -143.372 -0.36654 0.29517 8 75
515 553 41 0.5675 0.5719 -144.688 -144.842 -0.31254 0.26517 9 76
515 513 42 0.6008 0.5987 -136.192 -136.468 -0.39654 0.25317 8 76
515 587 43 0.6366 0.6384 -146.88 -146.79 -0.33054 0.30117 8 76
515 561 44 0.5795 0.5788 -146.052 -145.991 -0.30654 0.27117 9 76
515 538 45 0.6298 0.6271 -140.048 -140.141 -0.38454 0.27717 8 76
515 535 46 0.537 0.5442 -145.051 -145.203 -0.29454 0.25317 9 76
515 612 47 0.6059 0.6149 -143.803 -144.115 -0.34254 0.28317 8 76
515 533 48 0.5528 0.5509 -149.543 -149.281 -0.26454 0.26517 9 76
515 582 49 0.6371 0.6299 -141.836 -141.706 -0.37254 0.28317 8 76
558 584 0 0.5844 0.5829 -136.785 -136.675 -0.38454 0.24717 8 77
558 647 1 0.6507 0.6426 -143.546 -143.841 -0.36054 0.29517 8 76
558 597 2 0.5753 0.5815 -145.298 -145.461 -0.31254 0.27117 9 77
558 602 3 0.6372 0.6405 -138.567 -138.323 -0.40854 0.27717 8 76
558 601 4 0.5599 0.5636 -146.293 -146.468 -0.29454 0.26517 9 77
558 583 5 0.5334 0.536 -146.501 -146.918 -0.27654 0.25317 9 76
558 596 6 0.5936 0.5885 -146.762 -146.584 -0.30654 0.27717 8 77
558 656 7 0.538 0.5343 -135.973 -135.513 -0.36054 0.22317 8 76
558 590 8 0.5447 0.5512 -145.923 -146.405 -0.28854 0.25917 9 76
558 591 9 0.5394 0.5467 -139.472 -139.968 -0.33654 0.24117 9 77
558 571 10 0.5316 0.5346 -144.475 -144.536 -0.29454 0.24717 9 76
558 662 11 0.6129 0.6114 -142.158 -142.522 -0.35454 0.27717 8 76
558 582 12 0.6282 0.6332 -147.951 -147.772 -0.31854 0.30117 8 77
558 677 13 0.6488 0.6397 -144.537 -144.313 -0.35454 0.29517 8 76
558 579 14 0.6497 0.646 -139.912 -139.414 -0.40254 0.28317 8 76
558 547 15 0.6024 0.6059 -135.177 -135.548 -0.40854 0.25317 8 76
558 602 16 0.5829 0.5843 -145.004 -144.935 -0.31854 0.27117 8 77
558 576 17 0.6201 0.6248 -138.23 -138.563 -0.39654 0.27117 8 77
558 586 18 0.6273 0.6239 -140.214 -140.608 -0.37854 0.27717 8 77
558 606 19 0.6285 0.6352 -136.569 -137.213 -0.41454 0.27117 8 76
558 638 20 0.5958 0.6054 -143.309 -143.509 -0.34254 0.27717 8 77
558 680 21 0.6159 0.6178 -143.631 -143.624 -0.34854 0.28317 8 76
558 599 22 0.6169 0.6148 -139.991 -139.958 -0.37854 0.27117 8 77
558 558 23 0.5352 0.5403 -141.111 -141.044 -0.32454 0.24117 9 76
558 582 24 0.6082 0.6082 -147.853 -147.712 -0.30654 0.28917 8 77
558 581 25 0.6503 0.6392 -142.006 -142.316 -0.37254 0.28917 8 76
558 582 26 0.5367 0.5387 -145.854 -146.34 -0.28254 0.25317 9 76
558 648 27 0.6307 0.6313 -146.175 -145.758 -0.33654 0.29517 8 76
558 624 28 0.5915 0.596 -140.644 -140.739 -0.36054 0.26517 8 77
558 616 29 0.6395 0.6439 -138.148 -137.88 -0.41454 0.27717 8 76
558 598 30 0.5796 0.5843 -145.018 -144.935 -0.31854 0.27117 8 77
558 605 31 0.5765 0.5724 -138.511 -138.139 -0.36654 0.24717 8 77
558 549 32 0.6321 0.6257 -149.653 -149.274 -0.30054 0.30117 8 76
558 662 33 0.6056 0.6084 -142.735 -143.013 -0.34854 0.27717 8 77
558 640 34 0.5399 0.5393 -137.151 -136.847 -0.35454 0.22917 9 76
558 568 35 0.543 0.5528 -143.017 -143.539 -0.31254 0.25317 9 77
558 658 36 0.6538 0.6437 -146.259 -145.825 -0.34254 0.30117 8 76
558 604 37 0.635 0.6357 -147.636 -147.279 -0.32454 0.30117 8 76
558 581 38 0.5352 0.5378 -139.62 -139.214 -0.33654 0.23517 9 76
558 569 39 0.5407 0.5495 -141.523 -141.764 -0.32454 0.24717 9 77
558 673 40 0.6279 0.6332 -142.791 -143.257 -0.36054 0.28917 8 76
558 620 41 0.5913 0.6025 -143.764 -144.009 -0.33654 0.27717 8 77
558 670 42 0.6401 0.6341 -145.709 -145.272 -0.34254 0.29517 8 76
558 602 43 0.5798 0.5813 -138.475 -138.864 -0.36654 0.25317 8 77
558 619 44 0.6463 0.6527 -138.542 -138.53 -0.41454 0.28317 8 76
558 578 45 0.6131 0.6092 -138.805 -138.815 -0.38454 0.26517 8 77
558 576 46 0.6259 0.6207 -148.175 -147.743 -0.31254 0.29517 8 77
558 592 47 0.6066 0.6058 -139.158 -139.288 -0.37854 0.26517 8 77
558 597 48 0.5643 0.561 -146.937 -147.02 -0.28854 0.26517 9 77
558 563 49 0.6448 0.6362 -140.836 -140.776 -0.38454 0.28317 8 76
601 598 0 0.6248 0.6281 -148.948 -148.769 -0.30654 0.30117 8 77
601 637 1 0.6397 0.6331 -141.431 -141.239 -0.37854 0.28317 8 77
601 615 2 0.615 0.6082 -148.224 -147.712 -0.30654 0.28917 8 77
601 637 3 0.5734 0.5747 -144.591 -144.31 -0.31854 0.26517 8 77
601 643 4 0.5606 0.565 -140.924 -141.404 -0.33654 0.25317 8 78
601 661 5 0.5613 0.5568 -138.807 -138.403 -0.35454 0.24117 8 78
601 641 6 0.5694 0.5691 -145.314 -145.378 -0.30654 0.26517 8 77
601 692 7 0.5511 0.5501 -135.761 -135.321 -0.37254 0.22917 8 77
601 609 8 0.6371 0.6304 -140.006 -139.679 -0.39054 0.27717 8 77
601 661 9 0.6543 0.6482 -147.667 -147.316 -0.33054 0.30717 8 76
601 636 10 0.556 0.5619 -141.53 -141.929 -0.33054 0.25317 8 77
601 640 11 0.5941 0.5936 -138.881 -139.081 -0.37254 0.25917 8 78
601 624 12 0.5538 0.5558 -148.419 -148.14 -0.27654 0.26517 9 77
601 687 13 0.6424 0.641 -146.774 -146.305 -0.33654 0.30117 8 76
601 626 14 0.5723 0.5734 -149.746 -149.831 -0.27054 0.27717 9 77
601 670 15 0.5875 0.599 -141.88 -142.383 -0.34854 0.27117 8 78
601 711 16 0.6196 0.6244 -144.707 -144.702 -0.34254 0.28917 8 77
601 588 17 0.6332 0.6257 -149.71 -149.274 -0.30054 0.30117 8 77
601 666 18 0.5609 0.5515 -137.681 -137.125 -0.36054 0.23517 8 78
601 635 19 0.623 0.6233 -147.387 -147.24 -0.31854 0.29517 8 77
601 621 20 0.5513 0.5594 -144.043 -144.744 -0.30654 0.25917 9 77
601 667 21 0.643 0.6509 -136.393 -137.009 -0.42654 0.27717 8 75
601 621 22 0.6122 0.6082 -148.004 -147.712 -0.30654 0.28917 8 77
601 587 23 0.5311 0.5434 -142.313 -142.854 -0.31254 0.24717 9 77
601 648 24 0.6009 0.6025 -139.46 -139.767 -0.37254 0.26517 8 77
601 639 25 0.5801 0.5734 -147.141 -147.068 -0.29454 0.27117 8 77
601 684 26 0.6544 0.6426 -143.805 -143.841 -0.36054 0.29517 8 76
601 618 27 0.5463 0.5485 -149.607 -149.859 -0.25854 0.26517 9 77
601 642 28 0.627 0.6239 -140.593 -140.608 -0.37854 0.27717 8 77
601 727 29 0.6255 0.6273 -144.342 -144.216 -0.34854 0.28917 8 77
601 628 30 0.6282 0.6338 -135.188 -135.647 -0.42654 0.26517 8 76
601 643 31 0.5522 0.5558 -140.4 -140.698 -0.33654 0.24717 8 77
601 644 32 0.5656 0.5663 -145.748 -145.92 -0.30054 0.26517 9 77
601 628 33 0.592 0.5883 -149.347 -149.277 -0.28254 0.28317 8 77
601 632 34 0.6225 0.6317 -137.022 -137.658 -0.40854 0.27117 8 77
601 639 35 0.5639 0.561 -147.407 -147.02 -0.28854 0.26517 9 77
601 603 36 0.6018 0.6073 -136.796 -137.186 -0.39654 0.25917 8 77
601 589 37 0.5304 0.534 -141.961 -142.145 -0.31254 0.24117 9 77
601 638 38 0.5776 0.5708 -137.14 -136.403 -0.37854 0.24117 8 78
601 658 39 0.5754 0.5774 -141.606 -141.572 -0.34254 0.25917 8 77
601 616 40 0.6014 0.5984 -149.72 -149.806 -0.28254 0.28917 8 77
601 632 41 0.5473 0.5459 -147.468 -147.54 -0.27654 0.25917 9 77
601 619 42 0.54 0.5435 -140.568 -140.503 -0.33054 0.24117 9 77
601 677 43 0.5976 0.6052 -141.043 -141.398 -0.36054 0.27117 8 78
601 630 44 0.5852 0.5783 -148.895 -148.73 -0.28254 0.27717 9 77
601 673 45 0.5439 0.548 -137.704 -137.637 -0.35454 0.23517 8 77
601 627 46 0.5551 0.5588 -142.531 -142.46 -0.32454 0.25317 9 77
601 659 47 0.6553 0.6482 -147.78 -147.316 -0.33054 0.30717 8 76
601 641 48 0.6136 0.6148 -139.814 -139.958 -0.37854 0.27117 8 77
601 708 49 0.6092 0.6178 -143.356 -143.624 -0.34854 0.28317 8 77
43 140 0 0.5411 0.6302 -142.623 -143.734 -0.35454 0.28917 9 73
43 160 1 0.5819 0.6273 -143.892 -144.216 -0.34854 0.28917 9 73
43 165 2 0.5408 0.5297 -136.6 -134.155 -0.36654 0.21717 9 73
43 178 3 0.6304 0.6369 -145.346 -144.791 -0.34854 0.29517 9 73
43 139 4 0.5381 0.6302 -149.792 -143.734 -0.35454 0.28917 9 73
43 154 5 0.6483 0.6302 -141.216 -143.734 -0.35454 0.28917 9 73
43 140 6 0.577 0.6302 -147.161 -143.734 -0.35454 0.28917 9 73
43 165 7 0.5927 0.6273 -144.303 -144.216 -0.34854 0.28917 9 73
43 176 8 0.6466 0.6302 -143.474 -143.734 -0.35454 0.28917 9 73
43 140 9 0.6122 0.6369 -148.695 -144.791 -0.34854 0.29517 9 74
43 139 10 0.6478 0.6302 -135.891 -143.734 -0.35454 0.28917 9 73
43 144 11 0.64 0.6302 -139.369 -143.734 -0.35454 0.28917 9 73
43 162 12 0.6172 0.6302 -140.283 -143.734 -0.35454 0.28917 9 73
43 163 13 0.5806 0.6273 -142.039 -144.216 -0.34854 0.28917 9 73
43 140 14 0.6254 0.6302 -135.232 -143.734 -0.35454 0.28917 9 73
43 146 15 0.6001 0.6273 -147.053 -144.216 -0.34854 0.28917 9 73
43 140 16 0.5375 0.6302 -147.931 -143.734 -0.35454 0.28917 9 74
43 180 17 0.6316 0.6369 -145.104 -144.791 -0.34854 0.29517 9 73
43 182 18 0.6268 0.6302 -143.633 -143.734 -0.35454 0.28917 9 73
43 159 19 0.5816 0.6302 -139.563 -143.734 -0.35454 0.28917 9 74
43 148 20 0.5553 0.6273 -141.085 -144.216 -0.34854 0.28917 9 73
43 140 21 0.5631 0.6302 -149.804 -143.734 -0.35454 0.28917 9 74
43 143 22 0.6199 0.6302 -137.832 -143.734 -0.35454 0.28917 9 73
43 150 23 0.6029 0.6369 -146.71 -144.791 -0.34854 0.29517 9 73
43 159 24 0.5574 0.5297 -137.793 -134.155 -0.36654 0.21717 9 73
43 150 25 0.557 0.6273 -141.488 -144.216 -0.34854 0.28917 9 73
43 147 26 0.6392 0.6369 -148.845 -144.791 -0.34854 0.29517 9 73
43 175 27 0.6334 0.6302 -142.381 -143.734 -0.35454 0.28917 9 73
43 173 28 0.6324 0.6369 -146.141 -144.791 -0.34854 0.29517 9 73
43 146 29 0.595 0.6302 -137.433 -143.734 -0.35454 0.28917 9 74
43 140 30 0.6005 0.6302 -134.931 -143.734 -0.35454 0.28917 9 73
43 158 31 0.6097 0.6273 -146.373 -144.216 -0.34854 0.28917 9 73
43 181 32 0.6287 0.6302 -144.031 -143.734 -0.35454 0.28917 9 73
43 158 33 0.5729 0.6302 -140.049 -143.734 -0.35454 0.28917 9 74
43 150 34 0.5742 0.6273 -144.412 -144.216 -0.34854 0.28917 9 73
43 146 35 0.5928 0.5335 -136.317 -133.648 -0.37254 0.21717 9 73
43 146 36 0.5494 0.6302 -141.646 -143.734 -0.35454 0.28917 9 73
43 163 37 0.5335 0.5297 -136.565 -134.155 -0.36654 0.21717 9 73
43 143 38 0.5632 0.6273 -144.573 -144.216 -0.34854 0.28917 9 73
43 180 39 0.6462 0.6397 -144.641 -144.313 -0.35454 0.29517 9 73
43 146 40 0.5695 0.6273 -144.411 -144.216 -0.34854 0.28917 9 73
43 151 41 0.6136 0.6302 -138.843 -143.734 -0.35454 0.28917 9 73
43 177 42 0.6072 0.6302 -142.704 -143.734 -0.35454 0.28917 9 73
43 138 43 0.5558 0.6302 -148.193 -143.734 -0.35454 0.28917 9 73
43 137 44 0.655 0.6302 -137.229 -143.734 -0.35454 0.28917 9 73
43 165 45 0.5378 0.5297 -136.494 -134.155 -0.36654 0.21717 9 73
43 137 46 0.5357 0.6302 -146.025 -143.734 -0.35454 0.28917 9 73
43 145 47 0.5481 0.6302 -141.818 -143.734 -0.35454 0.28917 9 73
43 168 48 0.5901 0.6273 -143.155 -144.216 -0.34854 0.28917 9 73
43 140 49 0.5353 0.6302 -147.742 -143.734 -0.35454 0.28917 9 74
86 152 0 0.5855 0.6273 -146.378 -144.216 -0.34854 0.28917 9 74
86 142 1 0.5311 0.6273 -140.651 -144.216 -0.34854 0.28917 9 74
86 151 2 0.6158 0.6474 -135.162 -137.442 -0.42054 0.27717 9 74
86 138 3 0.6101 0.6302 -149.49 -143.734 -0.35454 0.28917 9 74
86 142 4 0.5351 0.6273 -141.483 -144.216 -0.34854 0.28917 9 74
86 184 5 0.6461 0.6341 -147.707 -145.272 -0.34254 0.29517 9 74
86 221 6 0.6222 0.6273 -143.914 -144.216 -0.34854 0.28917 9 73
86 182 7 0.6403 0.6332 -141.107 -143.257 -0.36054 0.28917 9 73
86 159 8 0.5978 0.5417 -137.39 -134.497 -0.37254 0.22317 9 74
86 223 9 0.6218 0.6302 -143.092 -143.734 -0.35454 0.28917 9 73
86 180 10 0.6024 0.6244 -145.726 -144.702 -0.34254 0.28917 9 74
86 173 11 0.5801 0.6273 -144.168 -144.216 -0.34854 0.28917 9 74
86 155 12 0.5929 0.6273 -146.688 -144.216 -0.34854 0.28917 9 74
86 155 13 0.6449 0.6332 -140.154 -143.257 -0.36054 0.28917 9 73
86 139 14 0.5372 0.6273 -144.185 -144.216 -0.34854 0.28917 9 74
86 159 15 0.6272 0.6596 -135.334 -137.663 -0.42654 0.28317 9 74
86 174 16 0.5873 0.6208 -138.906 -143.137 -0.35454 0.28317 9 74
86 204 17 0.6129 0.6273 -145.12 -144.216 -0.34854 0.28917 9 74
86 184 18 0.5786 0.6208 -140.151 -143.137 -0.35454 0.28317 9 74
86 222 19 0.636 0.6302 -144.303 -143.734 -0.35454 0.28917 9 73
86 185 20 0.5746 0.5417 -135.941 -134.497 -0.37254 0.22317 9 74
86 141 21 0.618 0.6369 -149.245 -144.791 -0.34854 0.29517 9 74
86 137 22 0.6069 0.6302 -149.407 -143.734 -0.35454 0.28917 9 74
86 207 23 0.6083 0.6273 -144.562 -144.216 -0.34854 0.28917 9 74
86 138 24 0.5367 0.6302 -145.128 -143.734 -0.35454 0.28917 9 74
86 188 25 0.5723 0.5417 -136.202 -134.497 -0.37254 0.22317 9 74
86 188 26 0.5799 0.6208 -141.275 -143.137 -0.35454 0.28317 9 74
86 192 27 0.5494 0.538 -137.435 -135.002 -0.36654 0.22317 9 74
86 138 28 0.61 0.6302 -149.53 -143.734 -0.35454 0.28917 9 74
86 147 29 0.551 0.6273 -143.601 -144.216 -0.34854 0.28917 9 74
86 222 30 0.6289 0.6302 -144.183 -143.734 -0.35454 0.28917 9 74
86 196 31 0.6136 0.6238 -140.731 -142.656 -0.36054 0.28317 9 74
86 138 32 0.5302 0.6302 -143.861 -143.734 -0.35454 0.28917 9 74
86 201 33 0.5575 0.5335 -135.565 -133.648 -0.37254 0.21717 9 74
86 218 34 0.6181 0.6302 -142.448 -143.734 -0.35454 0.28917 9 74
86 164 35 0.6478 0.6332 -140.851 -143.257 -0.36054 0.28917 9 73
86 168 36 0.6367 0.6596 -135.832 -137.663 -0.42654 0.28317 9 74
86 148 37 0.5444 0.6273 -141.742 -144.216 -0.34854 0.28917 9 74
86 216 38 0.6468 0.6397 -143.796 -144.313 -0.35454 0.29517 9 73
86 143 39 0.5725 0.6273 -146.635 -144.216 -0.34854 0.28917 9 74
86 207 40 0.5492 0.5335 -135.28 -133.648 -0.37254 0.21717 9 74
86 162 41 0.6254 0.6474 -136.155 -137.442 -0.42054 0.27717 9 74
86 186 42 0.6274 0.6332 -140.706 -143.257 -0.36054 0.28917 9 73
86 184 43 0.6318 0.6332 -140.78 -143.257 -0.36054 0.28917 9 73
86 198 44 0.6402 0.6332 -142.064 -143.257 -0.36054 0.28917 9 73
86 179 45 0.5734 0.538 -138.43 -135.002 -0.36654 0.22317 9 74
86 140 46 0.5373 0.6273 -143.05 -144.216 -0.34854 0.28917 9 74
86 222 47 0.6381 0.6369 -145.163 -144.791 -0.34854 0.29517 9 73
86 151 48 0.5463 0.6273 -140.547 -144.216 -0.34854 0.28917 9 74
86 213 49 0.6053 0.6273 -143.152 -144.216 -0.34854 0.28917 9 74
129 238 0 0.6337 0.6332 -141.851 -143.257 -0.36054 0.28917 9 74
129 166 1 0.5317 0.5387 -146.059 -146.34 -0.28254 0.25317 9 74
129 197 2 0.6424 0.6527 -138.891 -138.53 -0.41454 0.28317 9 74
129 202 3 0.5702 0.6114 -139.967 -142.522 -0.35454 0.27717 9 74
129 156 4 0.5341 0.521 -148.661 -147.46 -0.26454 0.24717 9 74
129 252 5 0.5398 0.5297 -135.204 -134.155 -0.36654 0.21717 9 74
129 200 6 0.6529 0.6332 -141.77 -143.257 -0.36054 0.28917 9 73
129 176 7 0.5584 0.5663 -145.368 -145.92 -0.30054 0.26517 9 74
129 199 8 0.5834 0.5465 -138.353 -135.823 -0.36654 0.22917 9 74
129 201 9 0.6439 0.6562 -138.774 -138.094 -0.42054 0.28317 9 74
129 156 10 0.5326 0.5236 -149.439 -149.89 -0.24654 0.25317 9 74
129 157 11 0.5522 0.5634 -149.191 -149.28 -0.27054 0.27117 9 74
129 196 12 0.5863 0.5417 -137.007 -134.497 -0.37254 0.22317 9 74
129 216 13 0.6402 0.6332 -141.476 -143.257 -0.36054 0.28917 9 74
129 159 14 0.5372 0.5566 -144.184 -145.292 -0.30054 0.25917 9 74
129 173 15 0.5581 0.5691 -144.658 -145.378 -0.30654 0.26517 9 74
129 218 16 0.6276 0.6238 -140.773 -142.656 -0.36054 0.28317 9 74
129 185 17 0.6135 0.6313 -147.235 -145.758 -0.33654 0.29517 9 74
129 227 18 0.6362 0.6332 -141.546 -143.257 -0.36054 0.28917 9 74
129 256 19 0.6402 0.6369 -145.836 -144.791 -0.34854 0.29517 9 74
129 179 20 0.6093 0.6313 -147.159 -145.758 -0.33654 0.29517 9 74
129 170 21 0.5625 0.5683 -148.201 -148.164 -0.28254 0.27117 9 74
129 222 22 0.6467 0.6332 -142.08 -143.257 -0.36054 0.28917 9 73
129 166 23 0.5389 0.5539 -145.19 -145.846 -0.29454 0.25917 9 74
129 210 24 0.6483 0.6332 -141.788 -143.257 -0.36054 0.28917 9 73
129 260 25 0.6455 0.6369 -145.648 -144.791 -0.34854 0.29517 9 74
129 168 26 0.6155 0.6313 -147.926 -145.758 -0.33654 0.29517 9 74
129 176 27 0.5485 0.565 -140.806 -141.404 -0.33654 0.25317 9 74
129 262 28 0.6456 0.6397 -144.088 -144.313 -0.35454 0.29517 9 74
129 250 29 0.6051 0.6273 -143.509 -144.216 -0.34854 0.28917 9 74
129 208 30 0.6379 0.6562 -137.866 -138.094 -0.42054 0.28317 9 74
129 192 31 0.5621 0.5623 -139.92 -139.656 -0.34854 0.24717 9 74
129 214 32 0.6402 0.6562 -137.255 -138.094 -0.42054 0.28317 9 74
129 201 33 0.5731 0.6054 -142.636 -143.509 -0.34254 0.27717 9 74
129 169 34 0.5524 0.5584 -147.828 -147.578 -0.28254 0.26517 9 74
129 221 35 0.6549 0.6562 -138.188 -138.094 -0.42054 0.28317 9 74
129 190 36 0.6436 0.6527 -139.378 -138.53 -0.41454 0.28317 9 74
129 218 37 0.5723 0.5417 -137.233 -134.497 -0.37254 0.22317 9 74
129 169 38 0.5544 0.5682 -142.652 -143.133 -0.32454 0.25917 9 74
129 207 39 0.5796 0.5465 -137.861 -135.823 -0.36654 0.22917 9 74
129 249 40 0.5304 0.5297 -135.184 -134.155 -0.36654 0.21717 9 74
129 257 41 0.616 0.6273 -144.174 -144.216 -0.34854 0.28917 9 74
129 230 42 0.6554 0.6437 -147.423 -145.825 -0.34254 0.30117 9 74
129 237 43 0.6396 0.6341 -146.74 -145.272 -0.34254 0.29517 9 74
129 162 44 0.617 0.6405 -138.24 -138.323 -0.40854 0.27717 9 74
129 172 45 0.5995 0.5859 -148.033 -147.114 -0.30054 0.27717 9 74
129 194 46 0.6036 0.6216 -146.353 -145.193 -0.33654 0.28917 9 74
129 182 47 0.6526 0.6631 -134.987 -137.237 -0.43254 0.28317 9 73
129 257 48 0.6124 0.6273 -143.905 -144.216 -0.34854 0.28917 9 74
129 265 49 0.6254 0.6302 -143.717 -143.734 -0.35454 0.28917 9 74
172 283 0 0.6322 0.6332 -142.144 -143.257 -0.36054 0.28917 9 74
172 223 1 0.6098 0.6161 -146.85 -146.187 -0.32454 0.28917 9 74
172 233 2 0.6298 0.6509 -135.266 -137.009 -0.42654 0.27717 9 74
172 240 3 0.6422 0.6527 -138.641 -138.53 -0.41454 0.28317 9 74
172 199 4 0.6094 0.5932 -149.17 -148.208 -0.29454 0.28317 9 74
172 250 5 0.5895 0.6149 -144.077 -144.115 -0.34254 0.28317 9 74
172 215 6 0.5616 0.5776 -143.133 -143.784 -0.32454 0.26517 9 74
172 274 7 0.6291 0.6341 -146.31 -145.272 -0.34254 0.29517 9 74
172 259 8 0.6459 0.6562 -137.621 -138.094 -0.42054 0.28317 9 74
172 248 9 0.6363 0.6474 -136.356 -137.442 -0.42054 0.27717 9 74
172 192 10 0.6492 0.6494 -140.602 -138.97 -0.40854 0.28317 9 74
172 207 11 0.5447 0.5566 -144.46 -145.292 -0.30054 0.25917 9 74
172 287 12 0.6484 0.6437 -146.334 -145.825 -0.34254 0.30117 9 74
172 270 13 0.5911 0.6084 -141.841 -143.013 -0.34854 0.27717 9 74
172 230 14 0.6554 0.6631 -135.566 -137.237 -0.43254 0.28317 9 73
172 244 15 0.5477 0.5393 -138.759 -136.847 -0.35454 0.22917 9 74
172 232 16 0.6484 0.6527 -139.4 -138.53 -0.41454 0.28317 9 74
172 211 17 0.5443 0.5512 -145.646 -146.405 -0.28854 0.25917 9 74
172 214 18 0.5468 0.5512 -146.358 -146.405 -0.28854 0.25917 9 74
172 250 19 0.6498 0.6362 -142.172 -142.784 -0.36654 0.28917 9 74
172 182 20 0.5325 0.5558 -141.9 -142.997 -0.31854 0.25317 9 74
172 208 21 0.5749 0.5758 -149.259 -149.279 -0.27654 0.27717 9 74
172 209 22 0.6364 0.6357 -148.53 -147.279 -0.32454 0.30117 9 74
172 193 23 0.5403 0.5594 -143.284 -144.744 -0.30654 0.25917 9 74
172 232 24 0.5945 0.6084 -138.932 -140.913 -0.36654 0.27117 9 74
172 246 25 0.5863 0.6052 -139.548 -141.398 -0.36054 0.27117 9 74
172 252 26 0.5885 0.6052 -139.923 -141.398 -0.36054 0.27117 9 74
172 219 27 0.6517 0.6362 -141.48 -142.784 -0.36654 0.28917 9 74
172 242 28 0.632 0.6313 -147.417 -145.758 -0.33654 0.29517 9 74
172 231 29 0.5981 0.6084 -138.959 -140.913 -0.36654 0.27117 9 74
172 261 30 0.5489 0.5429 -137.807 -136.332 -0.36054 0.22917 9 74
172 193 31 0.6032 0.6352 -135.906 -137.213 -0.41454 0.27117 9 74
172 235 32 0.6263 0.6286 -147.357 -146.248 -0.33054 0.29517 9 74
172 295 33 0.6077 0.6208 -142.225 -143.137 -0.35454 0.28317 9 74
172 206 34 0.6127 0.5983 -147.903 -147.158 -0.30654 0.28317 9 74
172 219 35 0.5731 0.5815 -144.777 -145.461 -0.31254 0.27117 9 74
172 215 36 0.5617 0.5691 -144.68 -145.378 -0.30654 0.26517 9 74
172 192 37 0.6068 0.616 -137.248 -137.884 -0.39654 0.26517 9 74
172 282 38 0.537 0.5343 -136.04 -135.513 -0.36054 0.22317 9 74
172 226 39 0.5731 0.59 -143.617 -143.899 -0.33054 0.27117 9 74
172 275 40 0.607 0.6145 -140.902 -142.036 -0.36054 0.27717 9 74
172 209 41 0.5363 0.5387 -146.3 -146.34 -0.28254 0.25317 9 74
172 227 42 0.589 0.5967 -145.327 -145.025 -0.32454 0.27717 9 74
172 260 43 0.6545 0.6332 -142.891 -143.257 -0.36054 0.28917 9 73
172 206 44 0.5696 0.5734 -149.674 -149.831 -0.27054 0.27717 9 74
172 300 45 0.6533 0.6397 -144.602 -144.313 -0.35454 0.29517 9 73
172 202 46 0.6028 0.5907 -149.26 -148.741 -0.28854 0.28317 9 74
172 239 47 0.582 0.6052 -139.232 -141.398 -0.36054 0.27117 9 74
172 269 48 0.5888 0.6084 -141.981 -143.013 -0.34854 0.27717 9 74
172 230 49 0.6443 0.6509 -135.224 -137.009 -0.42654 0.27717 9 74
215 294 0 0.5316 0.5307 -137.343 -136.031 -0.35454 0.22317 9 74
215 327 1 0.652 0.6437 -146.501 -145.825 -0.34254 0.30117 9 74
215 273 2 0.5692 0.5866 -141.886 -142.238 -0.34254 0.26517 9 74
215 251 3 0.543 0.5558 -140.553 -140.698 -0.33654 0.24717 9 74
215 260 4 0.6236 0.6259 -147.598 -146.742 -0.32454 0.29517 9 74
215 238 5 0.5303 0.5259 -149.128 -149.284 -0.25254 0.25317 9 74
215 252 6 0.6227 0.6233 -147.834 -147.24 -0.31854 0.29517 9 74
215 256 7 0.6074 0.601 -147.169 -146.639 -0.31254 0.28317 9 74
215 245 8 0.5609 0.5634 -149.194 -149.28 -0.27054 0.27117 9 74
215 313 9 0.5422 0.5343 -136.858 -135.513 -0.36054 0.22317 9 74
215 334 10 0.6214 0.6244 -144.945 -144.702 -0.34254 0.28917 9 74
215 274 11 0.5633 0.5714 -140.224 -140.37 -0.34854 0.25317 9 74
215 228 12 0.623 0.6057 -149.142 -148.229 -0.30054 0.28917 9 74
215 316 13 0.6396 0.6332 -142.378 -143.257 -0.36054 0.28917 9 74
215 238 14 0.55 0.5587 -149.629 -150.415 -0.25854 0.27117 9 74
215 299 15 0.6192 0.6216 -146.148 -145.193 -0.33654 0.28917 9 74
215 311 16 0.6303 0.6268 -141.637 -142.179 -0.36654 0.28317 9 74
215 289 17 0.638 0.6474 -136.409 -137.442 -0.42054 0.27717 9 74
215 264 18 0.5847 0.5586 -137.524 -136.119 -0.37254 0.23517 9 74
215 263 19 0.5617 0.5636 -146.524 -146.468 -0.29454 0.26517 9 74
215 290 20 0.642 0.6562 -138.007 -138.094 -0.42054 0.28317 9 74
215 253 21 0.5422 0.5467 -140.43 -139.968 -0.33654 0.24117 9 74
215 338 22 0.6265 0.6273 -144.934 -144.216 -0.34854 0.28917 9 74
215 247 23 0.611 0.6352 -135.963 -137.213 -0.41454 0.27117 9 74
215 253 24 0.6555 0.6527 -140.206 -138.53 -0.41454 0.28317 9 74
215 218 25 0.6405 0.6382 -149.784 -149.273 -0.30654 0.30717 9 74
215 281 26 0.6541 0.6631 -135.96 -137.237 -0.43254 0.28317 9 74
215 244 27 0.6117 0.5983 -148.163 -147.158 -0.30654 0.28317 9 74
215 234 28 0.5424 0.5623 -143.2 -144.202 -0.31254 0.25917 9 74
215 244 29 0.6017 0.5932 -149.011 -148.208 -0.29454 0.28317 9 74
215 247 30 0.574 0.5734 -149.825 -149.831 -0.27054 0.27717 9 74
215 330 31 0.6467 0.6437 -146.29 -145.825 -0.34254 0.30117 9 74
215 259 32 0.5643 0.5776 -143.125 -143.784 -0.32454 0.26517 9 74
215 239 33 0.5309 0.5309 -148.54 -148.09 -0.26454 0.25317 9 74
215 317 34 0.5452 0.5343 -136.593 -135.513 -0.36054 0.22317 9 74
215 263 35 0.5663 0.5636 -146.436 -146.468 -0.29454 0.26517 9 74
215 263 36 0.5857 0.5815 -145.587 -145.461 -0.31254 0.27117 9 74
215 237 37 0.6314 0.6304 -139.533 -139.679 -0.39054 0.27717 9 74
215 276 38 0.5843 0.5996 -144.254 -144.514 -0.33054 0.27717 9 74
215 239 39 0.5939 0.5744 -136.64 -135.919 -0.38454 0.24117 9 74
215 271 40 0.6245 0.6352 -136.715 -137.213 -0.41454 0.27117 9 74
215 259 41 0.5591 0.5712 -142.353 -142.607 -0.33054 0.25917 9 74
215 313 42 0.5419 0.5343 -136.876 -135.513 -0.36054 0.22317 9 74
215 255 43 0.5494 0.5485 -147.213 -146.97 -0.28254 0.25917 9 74
215 288 44 0.6392 0.6509 -136.049 -137.009 -0.42654 0.27717 9 74
215 326 45 0.6556 0.6465 -146.525 -145.348 -0.34854 0.30117 9 74
215 298 46 0.6298 0.6268 -141.181 -142.179 -0.36654 0.28317 9 74
215 243 47 0.5997 0.5969 -137.947 -138.599 -0.37854 0.25917 9 74
215 237 48 0.542 0.5594 -143.51 -144.744 -0.30654 0.25917 9 74
215 327 49 0.6062 0.6208 -141.82 -143.137 -0.35454 0.28317 9 74
258 275 0 0.6073 0.623 -135.725 -136.974 -0.40854 0.26517 9 74
258 276 1 0.6194 0.6082 -148.666 -147.712 -0.30654 0.28917 9 74
258 307 2 0.5674 0.5712 -142.43 -142.607 -0.33054 0.25917 9 74
258 301 3 0.5953 0.5885 -146.846 -146.584 -0.30654 0.27717 9 74
258 298 4 0.5473 0.5512 -146.459 -146.405 -0.28854 0.25917 9 74
258 378 5 0.6133 0.6208 -142.196 -143.137 -0.35454 0.28317 9 74
258 301 6 0.5497 0.5558 -140.724 -140.698 -0.33654 0.24717 9 74
258 281 7 0.6024 0.6003 -137.724 -138.123 -0.38454 0.25917 9 75
258 291 8 0.5823 0.5575 -135.301 -134.337 -0.38454 0.22917 9 74
258 280 9 0.5311 0.5284 -148.89 -148.684 -0.25854 0.25317 9 74
258 307 10 0.5808 0.5761 -146.88 -146.527 -0.30054 0.27117 9 74
258 318 11 0.6136 0.6207 -139.925 -141.079 -0.37254 0.27717 9 74
258 355 12 0.624 0.6341 -145.809 -145.272 -0.34254 0.29517 9 74
258 383 13 0.614 0.6208 -142.956 -143.137 -0.35454 0.28317 9 74
258 293 14 0.5458 0.5459 -147.512 -147.54 -0.27654 0.25917 9 74
258 302 15 0.5456 0.55 -140.069 -139.44 -0.34254 0.24117 9 74
258 376 16 0.6381 0.6332 -142.961 -143.257 -0.36054 0.28917 9 74
258 347 17 0.5927 0.6054 -143.218 -143.509 -0.34254 0.27717 9 74
258 307 18 0.5427 0.55 -139.625 -139.44 -0.34254 0.24117 9 74
258 331 19 0.5709 0.5538 -135.749 -134.825 -0.37854 0.22917 9 74
258 294 20 0.5554 0.5619 -142.127 -141.929 -0.33054 0.25317 9 74
258 377 21 0.6249 0.6238 -142.327 -142.656 -0.36054 0.28317 9 74
258 349 22 0.5361 0.5343 -136.765 -135.513 -0.36054 0.22317 9 74
258 289 23 0.5874 0.5883 -149.472 -149.277 -0.28254 0.28317 9 74
258 375 24 0.5366 0.5297 -134.984 -134.155 -0.36654 0.21717 9 74
258 294 25 0.6242 0.6317 -137.987 -137.658 -0.40854 0.27117 9 74
258 383 26 0.6157 0.6178 -143.354 -143.624 -0.34854 0.28317 8 74
258 372 27 0.6501 0.6465 -146.176 -145.348 -0.34854 0.30117 9 74
258 265 28 0.6517 0.646 -140.71 -139.414 -0.40254 0.28317 9 74
258 332 29 0.6504 0.6596 -136.35 -137.663 -0.42654 0.28317 9 74
258 305 30 0.567 0.5636 -146.636 -146.468 -0.29454 0.26517 9 74
258 338 31 0.6183 0.6216 -146.073 -145.193 -0.33654 0.28917 9 74
258 326 32 0.5341 0.5358 -137.889 -137.37 -0.34854 0.22917 9 74
258 331 33 0.6426 0.6362 -141.864 -142.784 -0.36654 0.28917 9 74
258 320 34 0.5686 0.5602 -138.899 -137.894 -0.36054 0.24117 9 75
258 299 35 0.5543 0.565 -141.332 -141.404 -0.33654 0.25317 9 74
258 390 36 0.6268 0.6273 -143.997 -144.216 -0.34854 0.28917 8 74
258 319 37 0.5757 0.5836 -142.786 -142.748 -0.33654 0.26517 9 74
258 291 38 0.5898 0.5708 -137.205 -136.403 -0.37854 0.24117 9 75
258 357 39 0.6046 0.6145 -140.945 -142.036 -0.36054 0.27717 9 74
258 328 40 0.597 0.6084 -139.805 -140.913 -0.36654 0.27117 9 75
258 270 41 0.6011 0.6073 -136.738 -137.186 -0.39654 0.25917 9 75
258 324 42 0.576 0.5897 -141.313 -141.733 -0.34854 0.26517 9 74
258 368 43 0.6427 0.6437 -146.322 -145.825 -0.34254 0.30117 9 74
258 369 44 0.5337 0.5297 -135.395 -134.155 -0.36654 0.21717 9 74
258 348 45 0.5992 0.6149 -143.995 -144.115 -0.34254 0.28317 9 74
258 280 46 0.6096 0.5932 -148.897 -148.208 -0.29454 0.28317 9 74
258 384 47 0.6467 0.6369 -145.551 -144.791 -0.34854 0.29517 9 74
258 306 48 0.5691 0.5761 -146.043 -146.527 -0.30054 0.27117 9 74
258 328 49 0.5813 0.593 -142.852 -143.389 -0.33654 0.27117 9 74
301 341 0 0.5559 0.5663 -145.37 -145.92 -0.30054 0.26517 9 75
301 353 1 0.5594 0.5682 -140.59 -140.884 -0.34254 0.25317 9 75
301 337 2 0.536 0.5378 -139.443 -139.214 -0.33654 0.23517 9 75
301 345 3 0.5584 0.5636 -145.934 -146.468 -0.29454 0.26517 9 75
301 322 4 0.6259 0.6207 -148.494 -147.743 -0.31254 0.29517 9 75
301 349 5 0.6288 0.6207 -140.522 -141.079 -0.37254 0.27717 9 74
301 352 6 0.5821 0.5813 -138.581 -138.864 -0.36654 0.25317 8 75
301 320 7 0.6056 0.6008 -149.336 -149.276 -0.28854 0.28917 9 75
301 341 8 0.6026 0.601 -147.014 -146.639 -0.31254 0.28317 9 75
301 355 9 0.5778 0.5672 -137.586 -136.894 -0.37254 0.24117 8 75
301 338 10 0.554 0.5566 -145.263 -145.292 -0.30054 0.25917 9 75
301 363 11 0.5999 0.6084 -139.631 -140.913 -0.36654 0.27117 9 75
301 353 12 0.5652 0.5742 -141.455 -142.087 -0.33654 0.25917 9 75
301 345 13 0.5654 0.5708 -147.582 -147.613 -0.28854 0.27117 9 75
301 310 14 0.6054 0.6108 -136.396 -136.726 -0.40254 0.25917 9 75
301 347 15 0.6218 0.6259 -147.284 -146.742 -0.32454 0.29517 9 75
301 347 16 0.577 0.5843 -144.475 -144.935 -0.31854 0.27117 9 75
301 328 17 0.5418 0.5526 -140.844 -141.228 -0.33054 0.24717 9 75
301 333 18 0.53 0.5411 -138.95 -138.682 -0.34254 0.23517 9 74
301 347 19 0.5599 0.561 -147.007 -147.02 -0.28854 0.26517 9 75
301 372 20 0.6256 0.6268 -140.938 -142.179 -0.36654 0.28317 8 75
301 362 21 0.5721 0.5805 -140.768 -141.063 -0.34854 0.25917 9 75
301 393 22 0.6307 0.6268 -141.68 -142.179 -0.36654 0.28317 9 74
301 293 23 0.5984 0.6059 -135 -135.548 -0.40854 0.25317 8 75
301 335 24 0.6163 0.6352 -136.327 -137.213 -0.41454 0.27117 9 74
301 361 25 0.5709 0.5714 -140.425 -140.37 -0.34854 0.25317 9 75
301 354 26 0.5624 0.5623 -140.268 -139.656 -0.34854 0.24717 9 75
301 324 27 0.6423 0.6331 -140.849 -141.239 -0.37854 0.28317 9 74
301 345 28 0.559 0.561 -146.676 -147.02 -0.28854 0.26517 9 75
301 357 29 0.5773 0.5672 -137.713 -136.894 -0.37254 0.24117 9 75
301 356 30 0.5863 0.5902 -139.074 -139.568 -0.36654 0.25917 9 75
301 327 31 0.5587 0.5634 -149.349 -149.28 -0.27054 0.27117 9 75
301 346 32 0.5892 0.5859 -147.407 -147.114 -0.30054 0.27717 9 75
301 336 33 0.559 0.5623 -144.045 -144.202 -0.31254 0.25917 9 75
301 348 34 0.5777 0.5815 -145.342 -145.461 -0.31254 0.27117 9 75
301 387 35 0.6522 0.6596 -137.511 -137.663 -0.42654 0.28317 9 74
301 434 36 0.6299 0.6302 -143.84 -143.734 -0.35454 0.28917 8 74
301 352 37 0.5801 0.5724 -138.322 -138.139 -0.36654 0.24717 9 75
301 381 38 0.5448 0.5393 -137.868 -136.847 -0.35454 0.22917 9 75
301 408 39 0.5322 0.5297 -135.283 -134.155 -0.36654 0.21717 9 74
301 303 40 0.6435 0.6382 -149.764 -149.273 -0.30654 0.30717 9 74
301 328 41 0.5444 0.5433 -148.333 -148.116 -0.27054 0.25917 9 75
301 412 42 0.606 0.6114 -142.016 -142.522 -0.35454 0.27717 8 75
301 425 43 0.6451 0.6369 -145.497 -144.791 -0.34854 0.29517 8 74
301 377 44 0.5362 0.5393 -137.523 -136.847 -0.35454 0.22917 9 74
301 350 45 0.5704 0.5734 -146.839 -147.068 -0.29454 0.27117 9 75
301 421 46 0.6379 0.6332 -143.143 -143.257 -0.36054 0.28917 8 74
301 343 47 0.5649 0.5691 -145.05 -145.378 -0.30654 0.26517 9 75
301 344 48 0.5732 0.5788 -145.358 -145.991 -0.30654 0.27117 9 75
301 317 49 0.5955 0.5951 -136.788 -136.936 -0.39054 0.25317 9 75
344 466 0 0.6493 0.6465 -145.739 -145.348 -0.34854 0.30117 8 74
344 367 1 0.6098 0.6057 -148.423 -148.229 -0.30054 0.28917 9 75
344 374 2 0.5307 0.536 -146.766 -146.918 -0.27654 0.25317 9 75
344 420 3 0.6428 0.6474 -137.63 -137.442 -0.42054 0.27717 8 74
344 415 4 0.5846 0.5929 -140.655 -141.234 -0.35454 0.26517 8 75
344 420 5 0.6504 0.6508 -147.411 -146.837 -0.33654 0.30717 8 74
344 416 6 0.583 0.596 -142.281 -142.883 -0.34254 0.27117 8 75
344 399 7 0.5711 0.5742 -141.767 -142.087 -0.33654 0.25917 9 75
344 414 8 0.5818 0.5897 -141.153 -141.733 -0.34854 0.26517 8 75
344 399 9 0.5976 0.5967 -145.426 -145.025 -0.32454 0.27717 9 75
344 373 10 0.5714 0.5758 -148.931 -149.279 -0.27654 0.27717 9 75
344 412 11 0.5837 0.593 -143.111 -143.389 -0.33654 0.27117 9 75
344 360 12 0.6103 0.6266 -135.787 -136.527 -0.41454 0.26517 8 75
344 388 13 0.6213 0.6352 -136.289 -137.213 -0.41454 0.27117 8 75
344 387 14 0.557 0.561 -147.032 -147.02 -0.28854 0.26517 9 75
344 413 15 0.6412 0.6362 -141.929 -142.784 -0.36654 0.28917 8 74
344 388 16 0.5851 0.5843 -145.398 -144.935 -0.31854 0.27117 9 75
344 388 17 0.5404 0.5411 -139.405 -138.682 -0.34254 0.23517 9 75
344 402 18 0.5938 0.5967 -144.933 -145.025 -0.32454 0.27717 9 75
344 437 19 0.5508 0.5429 -136.939 -136.332 -0.36054 0.22917 9 75
344 405 20 0.5524 0.5534 -139.267 -138.918 -0.34854 0.24117 9 75
344 375 21 0.551 0.5619 -141.699 -141.929 -0.33054 0.25317 9 75
344 388 22 0.6467 0.6545 -135.364 -136.581 -0.43254 0.27717 8 74
344 458 23 0.6451 0.6437 -146.133 -145.825 -0.34254 0.30117 8 74
344 477 24 0.6331 0.6302 -143.768 -143.734 -0.35454 0.28917 8 74
344 354 25 0.6217 0.6157 -149.077 -148.76 -0.30054 0.29517 9 75
344 452 26 0.6136 0.6149 -144.162 -144.115 -0.34254 0.28317 8 75
344 419 27 0.5513 0.548 -138.252 -137.637 -0.35454 0.23517 9 75
344 384 28 0.555 0.5584 -147.311 -147.578 -0.28254 0.26517 9 75
344 399 29 0.5757 0.5779 -139.133 -139.361 -0.36054 0.25317 8 75
344 383 30 0.6438 0.6494 -139.309 -138.97 -0.40854 0.28317 8 75
344 407 31 0.6448 0.6509 -135.903 -137.009 -0.42654 0.27717 8 74
344 388 32 0.5897 0.5859 -147.477 -147.114 -0.30054 0.27717 9 75
344 370 33 0.6295 0.6271 -139.934 -140.141 -0.38454 0.27717 8 75
344 474 34 0.646 0.6397 -144.445 -144.313 -0.35454 0.29517 8 74
344 434 35 0.6412 0.6362 -142.416 -142.784 -0.36654 0.28917 8 74
344 373 36 0.6401 0.6331 -140.916 -141.239 -0.37854 0.28317 9 75
344 402 37 0.5589 0.5623 -139.762 -139.656 -0.34854 0.24717 9 75
344 403 38 0.5594 0.5534 -139.28 -138.918 -0.34854 0.24117 9 75
344 378 39 0.5496 0.5566 -144.809 -145.292 -0.30054 0.25917 9 75
344 421 40 0.5871 0.596 -142.727 -142.883 -0.34254 0.27117 8 75
344 391 41 0.5818 0.5759 -137.952 -137.645 -0.37254 0.24717 8 75
344 369 42 0.5324 0.5309 -147.994 -148.09 -0.26454 0.25317 9 75
344 362 43 0.5343 0.5384 -149.144 -149.283 -0.25854 0.25917 9 75
344 337 44 0.6004 0.6144 -135.196 -136.271 -0.40854 0.25917 8 75
344 374 45 0.5306 0.5262 -146.457 -146.272 -0.27654 0.24717 9 75
344 374 46 0.542 0.5442 -144.931 -145.203 -0.29454 0.25317 9 75
344 404 47 0.5831 0.5869 -139.913 -140.061 -0.36054 0.25917 8 75
344 406 48 0.5308 0.5358 -137.674 -137.37 -0.34854 0.22917 9 75
344 391 49 0.6285 0.6259 -147.458 -146.742 -0.32454 0.29517 9 75
387 480 0 0.5477 0.5429 -136.85 -136.332 -0.36054 0.22917 8 75
387 452 1 0.6026 0.6092 -145.301 -145.11 -0.33054 0.28317 8 75
387 422 2 0.6344 0.6332 -148.084 -147.772 -0.31854 0.30117 9 75
387 405 3 0.5441 0.5495 -141.816 -141.764 -0.32454 0.24717 9 75
387 454 4 0.5801 0.5866 -142.059 -142.238 -0.34254 0.26517 8 75
387 465 5 0.6017 0.612 -144.577 -144.61 -0.33654 0.28317 8 75
387 485 6 0.6394 0.6437 -146.307 -145.825 -0.34254 0.30117 8 75
387 437 7 0.6262 0.6387 -136.164 -136.773 -0.42054 0.27117 8 75
387 397 8 0.6267 0.6182 -148.63 -148.249 -0.30654 0.29517 9 75
387 491 9 0.5382 0.5343 -135.738 -135.513 -0.36054 0.22317 9 75
387 412 10 0.5311 0.529 -145.444 -145.687 -0.28254 0.24717 9 75
387 472 11 0.5617 0.5501 -135.833 -135.321 -0.37254 0.22917 8 75
387 414 12 0.5315 0.5334 -147.578 -147.501 -0.27054 0.25317 9 75
387 412 13 0.6177 0.6301 -135.512 -136.084 -0.42054 0.26517 8 75
387 426 14 0.5751 0.5575 -135.028 -134.337 -0.38454 0.22917 8 75
387 443 15 0.5978 0.5967 -145.27 -145.025 -0.32454 0.27717 8 75
387 445 16 0.5718 0.569 -138.705 -138.638 -0.36054 0.24717 8 76
387 458 17 0.6428 0.6439 -137.82 -137.88 -0.41454 0.27717 8 74
387 428 18 0.6197 0.6259 -147.125 -146.742 -0.32454 0.29517 9 75
387 432 19 0.5824 0.5759 -138.082 -137.645 -0.37254 0.24717 8 76
387 445 20 0.5619 0.5623 -139.656 -139.656 -0.34854 0.24717 9 75
387 401 21 0.6375 0.6271 -140.312 -140.141 -0.38454 0.27717 8 75
387 443 22 0.5312 0.5358 -137.838 -137.37 -0.34854 0.22917 9 75
387 401 23 0.623 0.6182 -148.458 -148.249 -0.30654 0.29517 9 75
387 420 24 0.5563 0.5558 -148.014 -148.14 -0.27654 0.26517 9 75
387 454 25 0.6353 0.6474 -136.61 -137.442 -0.42054 0.27717 8 75
387 412 26 0.5548 0.5588 -142.72 -142.46 -0.32454 0.25317 9 75
387 455 27 0.5807 0.5866 -142.079 -142.238 -0.34254 0.26517 8 75
387 388 28 0.626 0.6157 -149.223 -148.76 -0.30054 0.29517 9 75
387 418 29 0.5889 0.5883 -149.342 -149.277 -0.28254 0.28317 9 75
387 416 30 0.5999 0.5958 -148.246 -147.681 -0.30054 0.28317 9 75
387 473 31 0.6555 0.6562 -137.887 -138.094 -0.42054 0.28317 8 74
387 447 32 0.5847 0.59 -143.771 -143.899 -0.33054 0.27117 9 75
387 416 33 0.5522 0.5588 -142.243 -142.46 -0.32454 0.25317 9 75
387 518 34 0.6248 0.6273 -144.154 -144.216 -0.34854 0.28917 8 75
387 466 35 0.5921 0.6054 -143.207 -143.509 -0.34254 0.27717 8 75
387 418 36 0.5395 0.536 -146.947 -146.918 -0.27654 0.25317 9 75
387 427 37 0.5683 0.5683 -148.019 -148.164 -0.28254 0.27117 9 75
387 399 38 0.6094 0.6195 -136.745 -137.427 -0.40254 0.26517 8 75
387 433 39 0.5763 0.5761 -146.85 -146.527 -0.30054 0.27117 9 75
387 417 40 0.5424 0.5459 -147.116 -147.54 -0.27654 0.25917 9 75
387 503 41 0.6153 0.6178 -143.933 -143.624 -0.34854 0.28317 8 75
387 395 42 0.5388 0.5464 -141.73 -142.306 -0.31854 0.24717 9 75
387 505 43 0.6275 0.6273 -144.81 -144.216 -0.34854 0.28917 8 75
387 424 44 0.5459 0.5512 -146.108 -146.405 -0.28854 0.25917 9 75
387 399 45 0.6101 0.6008 -149.601 -149.276 -0.28854 0.28917 9 75
387 394 46 0.5298 0.5346 -143.693 -144.536 -0.29454 0.24717 9 75
387 497 47 0.62 0.6238 -141.902 -142.656 -0.36054 0.28317 8 75
387 502 48 0.6193 0.6238 -142.084 -142.656 -0.36054 0.28317 8 75
387 458 49 0.5841 0.596 -142.163 -142.883 -0.34254 0.27117 8 75
429 496 0 0.5302 0.5358 -137.061 -137.37 -0.34854 0.22917 9 75
429 473 1 0.5505 0.5558 -140.547 -140.698 -0.33654 0.24717 9 76
429 500 2 0.6438 0.6439 -137.803 -137.88 -0.41454 0.27717 8 75
429 509 3 0.5605 0.555 -137.044 -136.619 -0.36654 0.23517 8 76
429 464 4 0.5649 0.5747 -143.951 -144.31 -0.31854 0.26517 9 76
429 461 5 0.6238 0.6283 -138.067 -138.108 -0.40254 0.27117 8 75
429 457 6 0.5614 0.5658 -148.794 -148.72 -0.27654 0.27117 9 76
429 547 7 0.6163 0.6273 -143.936 -144.216 -0.34854 0.28917 8 75
429 489 8 0.6227 0.6286 -146.654 -146.248 -0.33054 0.29517 8 76
429 538 9 0.535 0.538 -135.155 -135.002 -0.36654 0.22317 9 75
429 557 10 0.6343 0.6302 -144.168 -143.734 -0.35454 0.28917 8 75
429 450 11 0.5474 0.5495 -141.828 -141.764 -0.32454 0.24717 9 76
429 468 12 0.5566 0.5619 -141.611 -141.929 -0.33054 0.25317 9 76
429 446 13 0.6245 0.6207 -148.389 -147.743 -0.31254 0.29517 9 75
429 465 14 0.5449 0.5512 -146.191 -146.405 -0.28854 0.25917 9 75
429 450 15 0.6159 0.6082 -148.106 -147.712 -0.30654 0.28917 9 76
429 476 16 0.6436 0.6456 -147.845 -147.8 -0.32454 0.30717 8 75
429 542 17 0.6307 0.6332 -142.598 -143.257 -0.36054 0.28917 8 75
429 478 18 0.5754 0.5708 -136.869 -136.403 -0.37854 0.24117 8 76
429 524 19 0.6041 0.6149 -143.859 -144.115 -0.34254 0.28317 8 76
429 506 20 0.6447 0.6474 -137.61 -137.442 -0.42054 0.27717 8 75
429 437 21 0.6077 0.6108 -136.56 -136.726 -0.40254 0.25917 8 76
429 438 22 0.6475 0.6331 -141.233 -141.239 -0.37854 0.28317 8 75
429 446 23 0.6184 0.6082 -148.217 -147.712 -0.30654 0.28917 9 76
429 448 24 0.5388 0.5409 -148.868 -148.696 -0.26454 0.25917 9 75
429 459 25 0.5354 0.5334 -147.68 -147.501 -0.27054 0.25317 9 75
429 552 26 0.6322 0.6369 -145.004 -144.791 -0.34854 0.29517 8 75
429 520 27 0.6106 0.612 -144.613 -144.61 -0.33654 0.28317 8 75
429 502 28 0.5882 0.599 -141.406 -142.383 -0.34854 0.27117 8 76
429 462 29 0.5419 0.5414 -145.673 -145.768 -0.28854 0.25317 9 75
429 521 30 0.6421 0.641 -146.722 -146.305 -0.33654 0.30117 8 75
429 455 31 0.5952 0.5883 -149.697 -149.277 -0.28254 0.28317 9 75
429 493 32 0.648 0.6509 -136.159 -137.009 -0.42654 0.27717 8 74
429 485 33 0.5735 0.5622 -136.154 -135.626 -0.37854 0.23517 8 76
429 477 34 0.5906 0.594 -145.546 -145.54 -0.31854 0.27717 9 76
429 493 35 0.6511 0.6482 -147.742 -147.316 -0.33054 0.30717 8 75
429 477 36 0.5714 0.5712 -142.642 -142.607 -0.33054 0.25917 9 76
429 453 37 0.5637 0.5634 -149.544 -149.28 -0.27054 0.27117 9 76
429 559 38 0.6354 0.6369 -144.923 -144.791 -0.34854 0.29517 8 75
429 530 39 0.5393 0.5343 -136.079 -135.513 -0.36054 0.22317 8 75
429 453 40 0.5481 0.5594 -144.141 -144.744 -0.30654 0.25917 9 75
429 454 41 0.5531 0.5623 -143.592 -144.202 -0.31254 0.25917 9 76
429 483 42 0.5752 0.5672 -137.359 -136.894 -0.37254 0.24117 8 76
429 463 43 0.5465 0.5539 -145.287 -145.846 -0.29454 0.25917 9 75
429 449 44 0.6279 0.6207 -148.228 -147.743 -0.31254 0.29517 9 75
429 446 45 0.5373 0.547 -144.024 -144.642 -0.30054 0.25317 9 75
429 477 46 0.5769 0.5708 -136.484 -136.403 -0.37854 0.24117 8 76
429 423 47 0.6022 0.6144 -135.353 -136.271 -0.40854 0.25917 8 75
429 474 48 0.6282 0.6317 -137.718 -137.658 -0.40854 0.27117 8 75
429 473 49 0.5856 0.5833 -147.89 -147.648 -0.29454 0.27717 9 75
472 541 0 0.6417 0.6509 -136.605 -137.009 -0.42654 0.27717 8 75
472 527 1 0.5733 0.569 -138.865 -138.638 -0.36054 0.24717 8 76
472 518 2 0.5776 0.5672 -137.534 -136.894 -0.37254 0.24117 8 76
472 524 3 0.5902 0.5902 -139.51 -139.568 -0.36654 0.25917 8 76
472 521 4 0.5819 0.5872 -144.366 -144.415 -0.32454 0.27117 8 76
472 586 5 0.6479 0.6426 -143.869 -143.841 -0.36054 0.29517 8 75
472 508 6 0.641 0.6331 -141.395 -141.239 -0.37854 0.28317 8 75
472 551 7 0.6269 0.6268 -141.403 -142.179 -0.36654 0.28317 8 76
472 499 8 0.5877 0.5829 -137.02 -136.675 -0.38454 0.24717 8 76
472 500 9 0.5829 0.5744 -136.093 -135.919 -0.38454 0.24117 8 76
472 495 10 0.5656 0.5711 -149.793 -150.389 -0.26454 0.27717 9 76
472 579 11 0.6515 0.6437 -146.14 -145.825 -0.34254 0.30117 8 75
472 476 12 0.6004 0.5987 -136.585 -136.468 -0.39654 0.25317 8 76
472 481 13 0.6422 0.6362 -140.645 -140.776 -0.38454 0.28317 8 75
472 494 14 0.5959 0.5916 -137.566 -137.409 -0.38454 0.25317 8 76
472 586 15 0.6309 0.6341 -145.458 -145.272 -0.34254 0.29517 8 76
472 547 16 0.6404 0.6474 -137.318 -137.442 -0.42054 0.27717 8 75
472 514 17 0.557 0.565 -141.113 -141.404 -0.33654 0.25317 9 76
472 517 18 0.5787 0.5872 -144.219 -144.415 -0.32454 0.27117 8 76
472 515 19 0.5613 0.5636 -146.595 -146.468 -0.29454 0.26517 9 76
472 509 20 0.6216 0.6352 -136.595 -137.213 -0.41454 0.27117 8 75
472 501 21 0.537 0.5414 -145.491 -145.768 -0.28854 0.25317 9 76
472 522 22 0.5808 0.5872 -144.122 -144.415 -0.32454 0.27117 8 76
472 511 23 0.6501 0.6456 -148.388 -147.8 -0.32454 0.30717 8 75
472 510 24 0.5798 0.5794 -137.308 -137.157 -0.37854 0.24717 8 76
472 501 25 0.6329 0.6371 -138.922 -138.77 -0.40254 0.27717 8 76
472 595 26 0.6296 0.6273 -144.71 -144.216 -0.34854 0.28917 8 75
472 475 27 0.611 0.618 -134.921 -135.822 -0.41454 0.25917 8 75
472 577 28 0.5338 0.5343 -135.485 -135.513 -0.36054 0.22317 9 75
472 485 29 0.5454 0.5558 -142.182 -142.997 -0.31854 0.25317 9 76
472 531 30 0.578 0.5837 -140.32 -140.559 -0.35454 0.25917 8 76
472 506 31 0.5531 0.5539 -145.4 -145.846 -0.29454 0.25917 9 76
472 548 32 0.6323 0.6313 -146.562 -145.758 -0.33654 0.29517 8 76
472 479 33 0.6437 0.6395 -140.424 -140.317 -0.39054 0.28317 8 75
472 488 34 0.6177 0.6248 -138.444 -138.563 -0.39654 0.27117 8 76
472 573 35 0.6146 0.6244 -144.68 -144.702 -0.34254 0.28917 8 76
472 527 36 0.5951 0.5993 -139.538 -140.25 -0.36654 0.26517 8 76
472 562 37 0.5298 0.5343 -135.894 -135.513 -0.36054 0.22317 8 75
472 482 38 0.5884 0.578 -135.79 -135.44 -0.39054 0.24117 8 76
472 558 39 0.5602 0.5501 -135.803 -135.321 -0.37254 0.22917 8 76
472 495 40 0.5389 0.5433 -148.191 -148.116 -0.27054 0.25917 9 76
472 502 41 0.6181 0.6266 -136.12 -136.527 -0.41454 0.26517 8 75
472 507 42 0.6502 0.6545 -135.473 -136.581 -0.43254 0.27717 8 75
472 529 43 0.6359 0.6299 -141.396 -141.706 -0.37254 0.28317 8 75
472 575 44 0.6544 0.6426 -144.342 -143.841 -0.36054 0.29517 8 75
472 524 45 0.6539 0.6456 -142.81 -143.372 -0.36654 0.29517 8 75
472 515 46 0.5691 0.5734 -146.576 -147.068 -0.29454 0.27117 9 76
472 591 47 0.6242 0.6238 -142.498 -142.656 -0.36054 0.28317 8 75
472 590 48 0.6469 0.6465 -145.695 -145.348 -0.34854 0.30117 8 75
472 478 49 0.6285 0.6281 -148.946 -148.769 -0.30654 0.30117 9 76
515 545 0 0.6552 0.6556 -148.696 -148.305 -0.32454 0.31317 8 76
515 584 1 0.6031 0.6092 -144.975 -145.11 -0.33054 0.28317 8 76
515 502 2 0.5981 0.6023 -135.304 -136.005 -0.40254 0.25317 8 76
515 575 3 0.5817 0.5837 -140.301 -140.559 -0.35454 0.25917 8 77
515 547 4 0.6194 0.6266 -136.144 -136.527 -0.41454 0.26517 8 76
515 619 5 0.5457 0.538 -135.395 -135.002 -0.36654 0.22317 8 76
515 528 6 0.5908 0.5865 -136.531 -136.199 -0.39054 0.24717 8 77
515 528 7 0.6433 0.6362 -141.041 -140.776 -0.38454 0.28317 8 76
515 558 8 0.5828 0.5815 -145.499 -145.461 -0.31254 0.27117 8 76
515 552 9 0.5678 0.5719 -144.584 -144.842 -0.31254 0.26517 9 76
515 553 10 0.5838 0.5847 -138.038 -138.374 -0.37254 0.25317 8 77
515 545 11 0.5969 0.5932 -148.184 -148.208 -0.29454 0.28317 8 76
515 542 12 0.5618 0.5658 -148.702 -148.72 -0.27654 0.27117 9 76
515 548 13 0.622 0.6317 -136.908 -137.658 -0.40854 0.27117 8 76
515 529 14 0.6043 0.6008 -149.571 -149.276 -0.28854 0.28917 9 76
515 570 15 0.5753 0.5805 -140.479 -141.063 -0.34854 0.25917 8 77
515 620 16 0.6127 0.6145 -142.054 -142.036 -0.36054 0.27717 8 76
515 560 17 0.5638 0.5682 -141.085 -140.884 -0.34254 0.25317 8 77
515 587 18 0.6409 0.6474 -136.807 -137.442 -0.42054 0.27717 8 75
515 553 19 0.5883 0.5859 -147.593 -147.114 -0.30054 0.27717 9 76
515 529 20 0.6349 0.6337 -139.658 -139.222 -0.39654 0.27717 8 76
515 610 21 0.5423 0.5343 -136.075 -135.513 -0.36054 0.22317 8 76
515 580 22 0.5299 0.5307 -136.936 -136.031 -0.35454 0.22317 8 76
515 553 23 0.5688 0.5663 -145.687 -145.92 -0.30054 0.26517 9 76
515 564 24 0.5878 0.5872 -144.742 -144.415 -0.32454 0.27117 8 76
515 560 25 0.6013 0.6025 -139.27 -139.767 -0.37254 0.26517 8 77
515 541 26 0.6368 0.6331 -140.815 -141.239 -0.37854 0.28317 8 76
515 550 27 0.579 0.5808 -148.464 -148.187 -0.28854 0.27717 9 76
515 497 28 0.5955 0.5938 -134.895 -135.264 -0.40254 0.24717 8 76
515 534 29 0.5467 0.5499 -143.749 -144.088 -0.30654 0.25317 9 76
515 564 30 0.5786 0.5779 -139.037 -139.361 -0.36054 0.25317 8 77
515 578 31 0.6294 0.6299 -141.199 -141.706 -0.37254 0.28317 8 76
515 574 32 0.6347 0.6387 -136.42 -136.773 -0.42054 0.27117 8 75
515 591 33 0.6503 0.6509 -136.722 -137.009 -0.42654 0.27717 8 75
515 590 34 0.5406 0.5393 -137.58 -136.847 -0.35454 0.22917 9 76
515 542 35 0.5387 0.5414 -145.345 -145.768 -0.28854 0.25317 9 76
515 554 36 0.5817 0.5788 -146.483 -145.991 -0.30654 0.27117 8 76
515 555 37 0.5902 0.5885 -146.887 -146.584 -0.30654 0.27717 9 76
515 599 38 0.6128 0.6216 -145.031 -145.193 -0.33654 0.28917 8 76
515 535 39 0.6069 0.6092 -138.305 -138.815 -0.38454 0.26517 8 76
515 538 40 0.5437 0.5526 -140.952 -141.228 -0.33054 0.24717 9 76
515 545 41 0.5422 0.5387 -146.378 -146.34 -0.28254 0.25317 9 76
515 552 42 0.5489 0.5485 -147.07 -146.97 -0.28254 0.25917 9 76
515 543 43 0.6399 0.6371 -139.29 -138.77 -0.40254 0.27717 8 76
515 538 44 0.6191 0.6181 -139.173 -139.488 -0.38454 0.27117 8 76
515 512 45 0.6517 0.6427 -140.655 -139.864 -0.39654 0.28317 8 75
515 526 46 0.5351 0.5346 -144.166 -144.536 -0.29454 0.24717 9 76
515 624 47 0.6203 0.6244 -144.889 -144.702 -0.34254 0.28917 8 76
515 566 48 0.549 0.55 -139.712 -139.44 -0.34254 0.24117 9 76
515 544 49 0.5935 0.5907 -148.662 -148.741 -0.28854 0.28317 9 76
558 572 0 0.546 0.5558 -142.572 -142.997 -0.31854 0.25317 9 77
558 657 1 0.6164 0.6145 -141.669 -142.036 -0.36054 0.27717 8 76
558 562 2 0.6097 0.6144 -136.194 -136.271 -0.40854 0.25917 8 76
558 572 3 0.6041 0.6038 -137.587 -137.652 -0.39054 0.25917 8 77
558 616 4 0.5663 0.5575 -135.121 -134.337 -0.38454 0.22917 8 77
558 612 5 0.5684 0.5575 -135.049 -134.337 -0.38454 0.22917 8 77
558 666 6 0.6076 0.6114 -142.487 -142.522 -0.35454 0.27717 8 77
558 605 7 0.5921 0.5902 -139.329 -139.568 -0.36654 0.25917 8 77
558 578 8 0.6176 0.6181 -139.063 -139.488 -0.38454 0.27117 8 77
558 612 9 0.5722 0.5746 -139.704 -139.863 -0.35454 0.25317 8 77
558 627 10 0.587 0.5929 -140.908 -141.234 -0.35454 0.26517 8 77
558 546 11 0.6046 0.6059 -135.186 -135.548 -0.40854 0.25317 8 76
558 599 12 0.5653 0.5712 -142.209 -142.607 -0.33054 0.25917 8 77
558 581 13 0.5853 0.5829 -136.472 -136.675 -0.38454 0.24717 8 77
558 578 14 0.6134 0.6082 -147.958 -147.712 -0.30654 0.28917 8 77
558 581 15 0.6245 0.6271 -139.941 -140.141 -0.38454 0.27717 8 77
558 583 16 0.619 0.623 -136.46 -136.974 -0.40854 0.26517 8 76
558 595 17 0.5643 0.5682 -142.99 -143.133 -0.32454 0.25917 9 77
558 572 18 0.5472 0.5588 -142.073 -142.46 -0.32454 0.25317 9 77
558 660 19 0.537 0.538 -135.495 -135.002 -0.36654 0.22317 8 76
558 583 20 0.6331 0.6371 -138.971 -138.77 -0.40254 0.27717 8 76
558 656 21 0.6551 0.6535 -146.441 -146.361 -0.34254 0.30717 8 76
558 552 22 0.6545 0.646 -140.545 -139.414 -0.40254 0.28317 8 76
558 641 23 0.5936 0.599 -142.192 -142.383 -0.34854 0.27117 8 77
558 552 24 0.534 0.5434 -142.599 -142.854 -0.31254 0.24717 9 76
558 614 25 0.5699 0.5637 -137.847 -137.391 -0.36654 0.24117 8 77
558 665 26 0.6155 0.6238 -142.09 -142.656 -0.36054 0.28317 8 77
558 642 27 0.6263 0.6313 -146.052 -145.758 -0.33654 0.29517 8 76
558 608 28 0.5424 0.5411 -138.762 -138.682 -0.34254 0.23517 8 77
558 586 29 0.592 0.5881 -138.172 -137.889 -0.37854 0.25317 8 77
558 584 30 0.5875 0.5883 -148.992 -149.277 -0.28254 0.28317 9 77
558 602 31 0.6515 0.6494 -139.424 -138.97 -0.40854 0.28317 8 75
558 587 32 0.5883 0.5883 -149.258 -149.277 -0.28254 0.28317 8 77
558 608 33 0.6367 0.6299 -141.396 -141.706 -0.37254 0.28317 8 76
558 667 34 0.6099 0.6178 -143.104 -143.624 -0.34854 0.28317 8 77
558 675 35 0.6353 0.6341 -145.452 -145.272 -0.34254 0.29517 8 76
558 590 36 0.5998 0.5958 -147.891 -147.681 -0.30054 0.28317 8 77
558 588 37 0.6157 0.6134 -147.251 -146.691 -0.31854 0.28917 8 77
558 599 38 0.6392 0.6405 -138.776 -138.323 -0.40854 0.27717 8 76
558 556 39 0.6039 0.6108 -136.337 -136.726 -0.40254 0.25917 8 77
558 610 40 0.592 0.5993 -139.64 -140.25 -0.36654 0.26517 8 77
558 595 41 0.5795 0.5708 -136.692 -136.403 -0.37854 0.24117 8 77
558 575 42 0.5462 0.5509 -148.888 -149.281 -0.26454 0.26517 9 77
558 584 43 0.5352 0.536 -147.152 -146.918 -0.27654 0.25317 9 76
558 682 44 0.6337 0.6302 -143.592 -143.734 -0.35454 0.28917 8 76
558 649 45 0.6433 0.641 -146.743 -146.305 -0.33654 0.30117 8 76
558 603 46 0.5719 0.5734 -147.152 -147.068 -0.29454 0.27117 9 77
558 593 47 0.5682 0.5691 -144.969 -145.378 -0.30654 0.26517 9 77
558 579 48 0.5596 0.5634 -148.861 -149.28 -0.27054 0.27117 9 77
558 602 49 0.5654 0.5663 -145.884 -145.92 -0.30054 0.26517 9 77
601 617 0 0.6227 0.6181 -139.379 -139.488 -0.38454 0.27117 8 77
601 642 1 0.6525 0.6456 -148.153 -147.8 -0.32454 0.30717 8 76
601 640 2 0.5932 0.5936 -139.182 -139.081 -0.37254 0.25917 8 78
601 629 3 0.5422 0.5459 -147.151 -147.54 -0.27654 0.25917 9 77
601 669 4 0.6367 0.6384 -147.046 -146.79 -0.33054 0.30117 8 77
601 720 5 0.632 0.6332 -143.172 -143.257 -0.36054 0.28917 8 76
601 653 6 0.5773 0.5836 -142.205 -142.748 -0.33654 0.26517 8 77
601 711 7 0.6182 0.6273 -144.17 -144.216 -0.34854 0.28917 8 77
601 612 8 0.6066 0.6008 -149.385 -149.276 -0.28854 0.28917 8 77
601 709 9 0.6555 0.6465 -145.547 -145.348 -0.34854 0.30117 8 76
601 621 10 0.6235 0.6207 -147.973 -147.743 -0.31254 0.29517 8 77
601 692 11 0.6198 0.6176 -141.522 -141.555 -0.36654 0.27717 8 77
601 619 12 0.533 0.5309 -148.103 -148.09 -0.26454 0.25317 9 77
601 710 13 0.6178 0.6244 -144.48 -144.702 -0.34254 0.28917 8 77
601 608 14 0.6311 0.6306 -148.755 -148.269 -0.31254 0.30117 8 77
601 642 15 0.57 0.5691 -145.438 -145.378 -0.30654 0.26517 8 77
601 607 16 0.6094 0.6108 -136.598 -136.726 -0.40254 0.25917 8 77
601 636 17 0.5754 0.5659 -135.444 -135.139 -0.38454 0.23517 8 77
601 600 18 0.6176 0.6157 -149.213 -148.76 -0.30054 0.29517 8 77
601 656 19 0.5908 0.596 -139.987 -140.739 -0.36054 0.26517 8 78
601 621 20 0.6245 0.6283 -138.323 -138.108 -0.40254 0.27117 8 77
601 701 21 0.6531 0.6437 -146.336 -145.825 -0.34254 0.30117 8 76
601 605 22 0.5354 0.5375 -144.036 -143.969 -0.30054 0.24717 9 77
601 717 23 0.6511 0.6493 -145.102 -144.876 -0.35454 0.30117 8 76
601 619 24 0.6206 0.6301 -135.07 -136.084 -0.42054 0.26517 8 76
601 688 25 0.6156 0.6216 -145.153 -145.193 -0.33654 0.28917 8 77
601 609 26 0.5385 0.547 -143.868 -144.642 -0.30054 0.25317 9 77
601 635 27 0.562 0.5691 -145.2 -145.378 -0.30654 0.26517 9 77
601 663 28 0.6115 0.6084 -140.546 -140.913 -0.36654 0.27117 8 77
601 654 29 0.5789 0.5836 -142.85 -142.748 -0.33654 0.26517 8 77
601 657 30 0.5872 0.596 -140.356 -140.739 -0.36054 0.26517 8 78
601 658 31 0.5561 0.5534 -139.361 -138.918 -0.34854 0.24117 8 78
601 705 32 0.6099 0.6178 -143.596 -143.624 -0.34854 0.28317 8 77
601 652 33 0.5818 0.59 -143.492 -143.899 -0.33054 0.27117 8 77
601 653 34 0.5736 0.5746 -140.05 -139.863 -0.35454 0.25317 8 78
601 632 35 0.5592 0.5594 -144.861 -144.744 -0.30654 0.25917 9 77
601 602 36 0.6439 0.6406 -149.385 -148.778 -0.31254 0.30717 8 77
601 618 37 0.5454 0.5495 -141.349 -141.764 -0.32454 0.24717 9 77
601 676 38 0.6459 0.6474 -137.609 -137.442 -0.42054 0.27717 8 76
601 627 39 0.6486 0.6431 -148.6 -148.287 -0.31854 0.30717 8 77
601 640 40 0.5476 0.5467 -140.145 -139.968 -0.33654 0.24117 9 77
601 614 41 0.5448 0.5528 -143.084 -143.539 -0.31254 0.25317 9 77
601 713 42 0.6192 0.6244 -144.431 -144.702 -0.34254 0.28917 8 77
601 633 43 0.6227 0.6266 -136.055 -136.527 -0.41454 0.26517 8 76
601 661 44 0.6402 0.6474 -136.569 -137.442 -0.42054 0.27717 8 76
601 630 45 0.5982 0.5969 -138.57 -138.599 -0.37854 0.25917 8 78
601 650 46 0.5747 0.5836 -142.593 -142.748 -0.33654 0.26517 8 77
601 650 47 0.6355 0.6357 -147.548 -147.279 -0.32454 0.30117 8 77
601 696 48 0.6231 0.6268 -141.727 -142.179 -0.36654 0.28317 8 77
601 622 49 0.6155 0.623 -136.504 -136.974 -0.40854 0.26517 8 77
